indice,fold,p_c1,p_c234,p_c5,rotulo,previsto
0,1,0.0,0.0,1.0,c5,c5
1,5,0.0,1.0,0.0,c1,c234
2,3,0.0,0.0,1.0,c1,c5
3,5,0.0,1.0,0.0,c234,c234
4,1,0.0,0.0,1.0,c234,c5
5,4,0.0,0.0,1.0,c1,c5
6,2,0.0,0.0,1.0,c234,c5
7,4,0.0,0.0,1.0,c234,c5
8,3,0.0,0.0,1.0,c1,c5
9,3,0.0,0.0,1.0,c234,c5
10,4,0.0,0.0,1.0,c234,c5
11,2,0.0,0.0,1.0,c234,c5
12,3,0.0,0.0,1.0,c1,c5
13,4,0.0,0.0,1.0,c234,c5
14,3,0.0,0.0,1.0,c234,c5
15,1,0.0,0.0,1.0,c5,c5
16,4,0.0,0.0,1.0,c234,c5
17,4,0.0,0.0,1.0,c1,c5
18,2,0.0,0.0,1.0,c1,c5
19,2,0.0,0.0,1.0,c1,c5
20,1,0.0,0.0,1.0,c1,c5
21,3,0.0,0.0,1.0,c1,c5
22,3,0.0,0.0,1.0,c234,c5
23,5,0.0,1.0,0.0,c5,c234
24,1,0.0,0.0,1.0,c234,c5
25,2,0.0,0.0,1.0,c1,c5
26,4,0.0,0.0,1.0,c5,c5
27,4,0.0,0.0,1.0,c1,c5
28,5,0.0,1.0,0.0,c1,c234
29,2,0.0,0.0,1.0,c1,c5
30,3,0.0,0.0,1.0,c1,c5
31,4,0.0,0.0,1.0,c5,c5
32,1,0.0,0.0,1.0,c5,c5
33,1,0.0,0.0,1.0,c1,c5
34,5,0.0,1.0,0.0,c5,c234
35,2,0.0,0.0,1.0,c5,c5
36,5,0.0,1.0,0.0,c5,c234
37,3,0.0,0.0,1.0,c5,c5
38,2,0.0,0.0,1.0,c5,c5
39,5,0.0,1.0,0.0,c5,c234
40,5,0.0,1.0,0.0,c234,c234
41,2,0.0,0.0,1.0,c5,c5
42,3,0.0,0.0,1.0,c234,c5
43,2,0.0,0.0,1.0,c5,c5
44,2,0.0,0.0,1.0,c234,c5
45,4,0.0,0.0,1.0,c5,c5
46,3,0.0,0.0,1.0,c1,c5
47,4,0.0,0.0,1.0,c5,c5
48,4,0.0,0.0,1.0,c5,c5
49,4,0.0,0.0,1.0,c234,c5
50,3,0.0,0.0,1.0,c234,c5
51,4,0.0,0.0,1.0,c234,c5
52,1,0.0,0.0,1.0,c5,c5
53,4,0.0,0.0,1.0,c234,c5
54,2,0.0,0.0,1.0,c5,c5
55,5,0.0,1.0,0.0,c1,c234
56,3,0.0,0.0,1.0,c5,c5
57,1,0.0,0.0,1.0,c1,c5
58,5,0.0,1.0,0.0,c234,c234
59,1,0.0,0.0,1.0,c1,c5
60,3,0.0,0.0,1.0,c5,c5
61,5,0.0,1.0,0.0,c5,c234
62,3,0.0,0.0,1.0,c1,c5
63,3,0.0,0.0,1.0,c234,c5
64,2,0.0,0.0,1.0,c1,c5
65,2,0.0,0.0,1.0,c234,c5
66,1,0.0,0.0,1.0,c1,c5
67,3,0.0,0.0,1.0,c1,c5
68,3,0.0,0.0,1.0,c234,c5
69,3,0.0,0.0,1.0,c234,c5
70,5,0.0,1.0,0.0,c5,c234
71,2,0.0,0.0,1.0,c1,c5
72,4,0.0,0.0,1.0,c234,c5
73,3,0.0,0.0,1.0,c1,c5
74,4,0.0,0.0,1.0,c234,c5
75,2,0.0,0.0,1.0,c234,c5
76,4,0.0,0.0,1.0,c234,c5
77,1,0.0,0.0,1.0,c234,c5
78,1,0.0,0.0,1.0,c234,c5
79,3,0.0,0.0,1.0,c234,c5
80,5,0.0,1.0,0.0,c1,c234
81,2,0.0,0.0,1.0,c1,c5
82,3,0.0,0.0,1.0,c234,c5
83,4,0.0,0.0,1.0,c234,c5
84,5,0.0,1.0,0.0,c234,c234
85,4,0.0,0.0,1.0,c5,c5
86,2,0.0,0.0,1.0,c1,c5
87,4,0.0,0.0,1.0,c1,c5
88,4,0.0,0.0,1.0,c5,c5
89,2,0.0,0.0,1.0,c1,c5
90,5,0.0,1.0,0.0,c5,c234
91,2,0.0,0.0,1.0,c1,c5
92,5,0.0,1.0,0.0,c1,c234
93,2,0.0,0.0,1.0,c1,c5
94,4,0.0,0.0,1.0,c1,c5
95,2,0.0,0.0,1.0,c1,c5
96,2,0.0,0.0,1.0,c234,c5
97,3,0.0,0.0,1.0,c5,c5
98,3,0.0,0.0,1.0,c5,c5
99,2,0.0,0.0,1.0,c5,c5
100,4,0.0,0.0,1.0,c234,c5
101,3,0.0,0.0,1.0,c234,c5
102,5,0.0,1.0,0.0,c234,c234
103,5,0.0,1.0,0.0,c5,c234
104,5,0.0,1.0,0.0,c234,c234
105,5,0.0,1.0,0.0,c1,c234
106,3,0.0,0.0,1.0,c1,c5
107,3,0.0,0.0,1.0,c234,c5
108,1,0.0,0.0,1.0,c5,c5
109,5,0.0,1.0,0.0,c234,c234
110,4,0.0,0.0,1.0,c5,c5
111,5,0.0,1.0,0.0,c5,c234
112,5,0.0,1.0,0.0,c234,c234
113,2,0.0,0.0,1.0,c5,c5
114,4,0.0,0.0,1.0,c1,c5
115,2,0.0,0.0,1.0,c234,c5
116,1,0.0,0.0,1.0,c5,c5
117,3,0.0,0.0,1.0,c1,c5
118,5,0.0,1.0,0.0,c5,c234
119,2,0.0,0.0,1.0,c234,c5
120,1,0.0,0.0,1.0,c5,c5
121,4,0.0,0.0,1.0,c1,c5
122,5,0.0,1.0,0.0,c234,c234
123,5,0.0,1.0,0.0,c234,c234
124,5,0.0,1.0,0.0,c1,c234
125,4,0.0,0.0,1.0,c5,c5
126,4,0.0,0.0,1.0,c234,c5
127,3,0.0,0.0,1.0,c5,c5
128,2,0.0,0.0,1.0,c234,c5
129,1,0.0,0.0,1.0,c1,c5
130,1,0.0,0.0,1.0,c234,c5
131,5,0.0,1.0,0.0,c5,c234
132,3,0.0,0.0,1.0,c234,c5
133,1,0.0,0.0,1.0,c234,c5
134,2,0.0,0.0,1.0,c1,c5
135,4,0.0,0.0,1.0,c1,c5
136,5,0.0,1.0,0.0,c1,c234
137,3,0.0,0.0,1.0,c234,c5
138,4,0.0,0.0,1.0,c5,c5
139,1,0.0,0.0,1.0,c234,c5
140,3,0.0,0.0,1.0,c234,c5
141,3,0.0,0.0,1.0,c5,c5
142,5,0.0,1.0,0.0,c234,c234
143,1,0.0,0.0,1.0,c5,c5
144,5,0.0,1.0,0.0,c1,c234
145,4,0.0,0.0,1.0,c1,c5
146,1,0.0,0.0,1.0,c1,c5
147,2,0.0,0.0,1.0,c5,c5
148,3,0.0,0.0,1.0,c1,c5
149,2,0.0,0.0,1.0,c234,c5
150,5,0.0,1.0,0.0,c234,c234
151,4,0.0,0.0,1.0,c234,c5
152,2,0.0,0.0,1.0,c1,c5
153,1,0.0,0.0,1.0,c5,c5
154,3,0.0,0.0,1.0,c5,c5
155,5,0.0,1.0,0.0,c234,c234
156,4,0.0,0.0,1.0,c5,c5
157,5,0.0,1.0,0.0,c5,c234
158,5,0.0,1.0,0.0,c1,c234
159,3,0.0,0.0,1.0,c5,c5
160,1,0.0,0.0,1.0,c5,c5
161,4,0.0,0.0,1.0,c234,c5
162,4,0.0,0.0,1.0,c1,c5
163,4,0.0,0.0,1.0,c234,c5
164,4,0.0,0.0,1.0,c1,c5
165,1,0.0,0.0,1.0,c234,c5
166,1,0.0,0.0,1.0,c1,c5
167,2,0.0,0.0,1.0,c1,c5
168,3,0.0,0.0,1.0,c5,c5
169,4,0.0,0.0,1.0,c1,c5
170,2,0.0,0.0,1.0,c5,c5
171,2,0.0,0.0,1.0,c234,c5
172,5,0.0,1.0,0.0,c5,c234
173,5,0.0,1.0,0.0,c234,c234
174,1,0.0,0.0,1.0,c1,c5
175,5,0.0,1.0,0.0,c1,c234
176,5,0.0,1.0,0.0,c5,c234
177,4,0.0,0.0,1.0,c5,c5
178,1,0.0,0.0,1.0,c1,c5
179,4,0.0,0.0,1.0,c234,c5
180,3,0.0,0.0,1.0,c234,c5
181,5,0.0,1.0,0.0,c1,c234
182,5,0.0,1.0,0.0,c1,c234
183,3,0.0,0.0,1.0,c234,c5
184,5,0.0,1.0,0.0,c234,c234
185,4,0.0,0.0,1.0,c5,c5
186,1,0.0,0.0,1.0,c234,c5
187,5,0.0,1.0,0.0,c5,c234
188,1,0.0,0.0,1.0,c234,c5
189,3,0.0,0.0,1.0,c234,c5
190,1,0.0,0.0,1.0,c1,c5
191,4,0.0,0.0,1.0,c5,c5
192,5,0.0,1.0,0.0,c234,c234
193,4,0.0,0.0,1.0,c234,c5
194,1,0.0,0.0,1.0,c234,c5
195,2,0.0,0.0,1.0,c234,c5
196,4,0.0,0.0,1.0,c1,c5
197,2,0.0,0.0,1.0,c1,c5
198,4,0.0,0.0,1.0,c234,c5
199,1,0.0,0.0,1.0,c234,c5
200,5,0.0,1.0,0.0,c234,c234
201,4,0.0,0.0,1.0,c5,c5
202,2,0.0,0.0,1.0,c5,c5
203,1,0.0,0.0,1.0,c5,c5
204,4,0.0,0.0,1.0,c1,c5
205,5,0.0,1.0,0.0,c234,c234
206,4,0.0,0.0,1.0,c1,c5
207,4,0.0,0.0,1.0,c5,c5
208,5,0.0,1.0,0.0,c5,c234
209,4,0.0,0.0,1.0,c5,c5
210,4,0.0,0.0,1.0,c5,c5
211,5,0.0,1.0,0.0,c1,c234
212,4,0.0,0.0,1.0,c1,c5
213,4,0.0,0.0,1.0,c1,c5
214,1,0.0,0.0,1.0,c1,c5
215,4,0.0,0.0,1.0,c1,c5
216,3,0.0,0.0,1.0,c1,c5
217,1,0.0,0.0,1.0,c234,c5
218,5,0.0,1.0,0.0,c5,c234
219,3,0.0,0.0,1.0,c234,c5
220,2,0.0,0.0,1.0,c5,c5
221,4,0.0,0.0,1.0,c5,c5
222,4,0.0,0.0,1.0,c5,c5
223,2,0.0,0.0,1.0,c5,c5
224,5,0.0,1.0,0.0,c5,c234
225,1,0.0,0.0,1.0,c234,c5
226,5,0.0,1.0,0.0,c234,c234
227,2,0.0,0.0,1.0,c1,c5
228,3,0.0,0.0,1.0,c1,c5
229,4,0.0,0.0,1.0,c1,c5
230,5,0.0,1.0,0.0,c234,c234
231,4,0.0,0.0,1.0,c1,c5
232,5,0.0,1.0,0.0,c1,c234
233,5,0.0,1.0,0.0,c234,c234
234,3,0.0,0.0,1.0,c234,c5
235,1,0.0,0.0,1.0,c234,c5
236,2,0.0,0.0,1.0,c234,c5
237,4,0.0,0.0,1.0,c234,c5
238,3,0.0,0.0,1.0,c234,c5
239,5,0.0,1.0,0.0,c5,c234
240,2,0.0,0.0,1.0,c234,c5
241,3,0.0,0.0,1.0,c1,c5
242,1,0.0,0.0,1.0,c5,c5
243,3,0.0,0.0,1.0,c5,c5
244,4,0.0,0.0,1.0,c234,c5
245,2,0.0,0.0,1.0,c5,c5
246,3,0.0,0.0,1.0,c1,c5
247,3,0.0,0.0,1.0,c1,c5
248,4,0.0,0.0,1.0,c1,c5
249,5,0.0,1.0,0.0,c5,c234
250,1,0.0,0.0,1.0,c5,c5
251,3,0.0,0.0,1.0,c5,c5
252,4,0.0,0.0,1.0,c234,c5
253,3,0.0,0.0,1.0,c234,c5
254,5,0.0,1.0,0.0,c234,c234
255,3,0.0,0.0,1.0,c5,c5
256,1,0.0,0.0,1.0,c5,c5
257,4,0.0,0.0,1.0,c234,c5
258,5,0.0,1.0,0.0,c5,c234
259,2,0.0,0.0,1.0,c5,c5
260,3,0.0,0.0,1.0,c5,c5
261,2,0.0,0.0,1.0,c1,c5
262,2,0.0,0.0,1.0,c5,c5
263,4,0.0,0.0,1.0,c5,c5
264,3,0.0,0.0,1.0,c234,c5
265,1,0.0,0.0,1.0,c234,c5
266,5,0.0,1.0,0.0,c234,c234
267,1,0.0,0.0,1.0,c5,c5
268,2,0.0,0.0,1.0,c5,c5
269,2,0.0,0.0,1.0,c1,c5
270,1,0.0,0.0,1.0,c234,c5
271,1,0.0,0.0,1.0,c1,c5
272,1,0.0,0.0,1.0,c1,c5
273,2,0.0,0.0,1.0,c5,c5
274,3,0.0,0.0,1.0,c234,c5
275,2,0.0,0.0,1.0,c5,c5
276,3,0.0,0.0,1.0,c234,c5
277,4,0.0,0.0,1.0,c5,c5
278,3,0.0,0.0,1.0,c5,c5
279,5,0.0,1.0,0.0,c234,c234
280,2,0.0,0.0,1.0,c5,c5
281,4,0.0,0.0,1.0,c5,c5
282,5,0.0,1.0,0.0,c1,c234
283,3,0.0,0.0,1.0,c5,c5
284,3,0.0,0.0,1.0,c5,c5
285,4,0.0,0.0,1.0,c5,c5
286,5,0.0,1.0,0.0,c234,c234
287,1,0.0,0.0,1.0,c1,c5
288,1,0.0,0.0,1.0,c1,c5
289,4,0.0,0.0,1.0,c234,c5
290,3,0.0,0.0,1.0,c1,c5
291,5,0.0,1.0,0.0,c234,c234
292,2,0.0,0.0,1.0,c234,c5
293,3,0.0,0.0,1.0,c5,c5
294,4,0.0,0.0,1.0,c5,c5
295,2,0.0,0.0,1.0,c1,c5
296,4,0.0,0.0,1.0,c1,c5
297,4,0.0,0.0,1.0,c5,c5
298,5,0.0,1.0,0.0,c234,c234
299,4,0.0,0.0,1.0,c1,c5
300,1,0.0,0.0,1.0,c1,c5
301,4,0.0,0.0,1.0,c234,c5
302,5,0.0,1.0,0.0,c234,c234
303,2,0.0,0.0,1.0,c5,c5
304,2,0.0,0.0,1.0,c5,c5
305,1,0.0,0.0,1.0,c234,c5
306,5,0.0,1.0,0.0,c234,c234
307,3,0.0,0.0,1.0,c5,c5
308,2,0.0,0.0,1.0,c1,c5
309,5,0.0,1.0,0.0,c1,c234
310,5,0.0,1.0,0.0,c1,c234
311,3,0.0,0.0,1.0,c5,c5
312,1,0.0,0.0,1.0,c234,c5
313,2,0.0,0.0,1.0,c1,c5
314,5,0.0,1.0,0.0,c234,c234
315,4,0.0,0.0,1.0,c5,c5
316,2,0.0,0.0,1.0,c5,c5
317,3,0.0,0.0,1.0,c5,c5
318,5,0.0,1.0,0.0,c234,c234
319,1,0.0,0.0,1.0,c234,c5
320,4,0.0,0.0,1.0,c5,c5
321,3,0.0,0.0,1.0,c5,c5
322,2,0.0,0.0,1.0,c5,c5
323,1,0.0,0.0,1.0,c234,c5
324,1,0.0,0.0,1.0,c5,c5
325,4,0.0,0.0,1.0,c1,c5
326,4,0.0,0.0,1.0,c1,c5
327,2,0.0,0.0,1.0,c5,c5
328,5,0.0,1.0,0.0,c1,c234
329,5,0.0,1.0,0.0,c5,c234
330,5,0.0,1.0,0.0,c1,c234
331,3,0.0,0.0,1.0,c1,c5
332,4,0.0,0.0,1.0,c1,c5
333,1,0.0,0.0,1.0,c5,c5
334,4,0.0,0.0,1.0,c234,c5
335,4,0.0,0.0,1.0,c1,c5
336,1,0.0,0.0,1.0,c5,c5
337,4,0.0,0.0,1.0,c5,c5
338,5,0.0,1.0,0.0,c234,c234
339,4,0.0,0.0,1.0,c1,c5
340,2,0.0,0.0,1.0,c1,c5
341,3,0.0,0.0,1.0,c5,c5
342,4,0.0,0.0,1.0,c5,c5
343,1,0.0,0.0,1.0,c234,c5
344,4,0.0,0.0,1.0,c5,c5
345,3,0.0,0.0,1.0,c234,c5
346,4,0.0,0.0,1.0,c5,c5
347,4,0.0,0.0,1.0,c5,c5
348,1,0.0,0.0,1.0,c5,c5
349,2,0.0,0.0,1.0,c5,c5
350,1,0.0,0.0,1.0,c5,c5
351,3,0.0,0.0,1.0,c234,c5
352,5,0.0,1.0,0.0,c1,c234
353,5,0.0,1.0,0.0,c1,c234
354,3,0.0,0.0,1.0,c1,c5
355,1,0.0,0.0,1.0,c5,c5
356,3,0.0,0.0,1.0,c5,c5
357,2,0.0,0.0,1.0,c1,c5
358,5,0.0,1.0,0.0,c234,c234
359,4,0.0,0.0,1.0,c234,c5
360,1,0.0,0.0,1.0,c5,c5
361,1,0.0,0.0,1.0,c234,c5
362,3,0.0,0.0,1.0,c1,c5
363,1,0.0,0.0,1.0,c234,c5
364,3,0.0,0.0,1.0,c234,c5
365,2,0.0,0.0,1.0,c1,c5
366,5,0.0,1.0,0.0,c1,c234
367,2,0.0,0.0,1.0,c1,c5
368,4,0.0,0.0,1.0,c5,c5
369,1,0.0,0.0,1.0,c5,c5
370,4,0.0,0.0,1.0,c5,c5
371,4,0.0,0.0,1.0,c5,c5
372,1,0.0,0.0,1.0,c234,c5
373,2,0.0,0.0,1.0,c5,c5
374,2,0.0,0.0,1.0,c234,c5
375,5,0.0,1.0,0.0,c1,c234
376,2,0.0,0.0,1.0,c1,c5
377,5,0.0,1.0,0.0,c1,c234
378,4,0.0,0.0,1.0,c5,c5
379,3,0.0,0.0,1.0,c5,c5
380,2,0.0,0.0,1.0,c5,c5
381,3,0.0,0.0,1.0,c1,c5
382,1,0.0,0.0,1.0,c5,c5
383,2,0.0,0.0,1.0,c1,c5
384,3,0.0,0.0,1.0,c5,c5
385,2,0.0,0.0,1.0,c234,c5
386,4,0.0,0.0,1.0,c5,c5
387,3,0.0,0.0,1.0,c5,c5
388,5,0.0,1.0,0.0,c5,c234
389,5,0.0,1.0,0.0,c234,c234
390,2,0.0,0.0,1.0,c5,c5
391,1,0.0,0.0,1.0,c5,c5
392,1,0.0,0.0,1.0,c1,c5
393,4,0.0,0.0,1.0,c234,c5
394,3,0.0,0.0,1.0,c1,c5
395,4,0.0,0.0,1.0,c5,c5
396,2,0.0,0.0,1.0,c234,c5
397,1,0.0,0.0,1.0,c1,c5
398,3,0.0,0.0,1.0,c5,c5
399,5,0.0,1.0,0.0,c234,c234
400,4,0.0,0.0,1.0,c1,c5
401,4,0.0,0.0,1.0,c234,c5
402,2,0.0,0.0,1.0,c234,c5
403,4,0.0,0.0,1.0,c234,c5
404,5,0.0,1.0,0.0,c5,c234
405,3,0.0,0.0,1.0,c234,c5
406,3,0.0,0.0,1.0,c1,c5
407,1,0.0,0.0,1.0,c1,c5
408,5,0.0,1.0,0.0,c5,c234
409,2,0.0,0.0,1.0,c1,c5
410,3,0.0,0.0,1.0,c234,c5
411,1,0.0,0.0,1.0,c5,c5
412,3,0.0,0.0,1.0,c1,c5
413,5,0.0,1.0,0.0,c1,c234
414,2,0.0,0.0,1.0,c234,c5
415,1,0.0,0.0,1.0,c234,c5
416,1,0.0,0.0,1.0,c1,c5
417,3,0.0,0.0,1.0,c234,c5
418,5,0.0,1.0,0.0,c234,c234
419,1,0.0,0.0,1.0,c1,c5
420,1,0.0,0.0,1.0,c5,c5
421,2,0.0,0.0,1.0,c1,c5
422,1,0.0,0.0,1.0,c1,c5
423,1,0.0,0.0,1.0,c1,c5
424,3,0.0,0.0,1.0,c1,c5
425,3,0.0,0.0,1.0,c1,c5
426,3,0.0,0.0,1.0,c1,c5
427,1,0.0,0.0,1.0,c1,c5
428,2,0.0,0.0,1.0,c1,c5
429,4,0.0,0.0,1.0,c1,c5
430,5,0.0,1.0,0.0,c234,c234
431,1,0.0,0.0,1.0,c5,c5
432,1,0.0,0.0,1.0,c234,c5
433,5,0.0,1.0,0.0,c234,c234
434,1,0.0,0.0,1.0,c5,c5
435,3,0.0,0.0,1.0,c1,c5
436,2,0.0,0.0,1.0,c1,c5
437,5,0.0,1.0,0.0,c1,c234
438,4,0.0,0.0,1.0,c234,c5
439,1,0.0,0.0,1.0,c5,c5
440,2,0.0,0.0,1.0,c1,c5
441,3,0.0,0.0,1.0,c1,c5
442,5,0.0,1.0,0.0,c1,c234
443,3,0.0,0.0,1.0,c234,c5
444,3,0.0,0.0,1.0,c234,c5
445,3,0.0,0.0,1.0,c5,c5
446,4,0.0,0.0,1.0,c1,c5
447,2,0.0,0.0,1.0,c234,c5
448,2,0.0,0.0,1.0,c234,c5
449,4,0.0,0.0,1.0,c5,c5
450,4,0.0,0.0,1.0,c5,c5
451,5,0.0,1.0,0.0,c1,c234
452,2,0.0,0.0,1.0,c5,c5
453,1,0.0,0.0,1.0,c234,c5
454,2,0.0,0.0,1.0,c1,c5
455,1,0.0,0.0,1.0,c5,c5
456,4,0.0,0.0,1.0,c5,c5
457,2,0.0,0.0,1.0,c234,c5
458,4,0.0,0.0,1.0,c1,c5
459,2,0.0,0.0,1.0,c234,c5
460,5,0.0,1.0,0.0,c1,c234
461,4,0.0,0.0,1.0,c5,c5
462,5,0.0,1.0,0.0,c234,c234
463,2,0.0,0.0,1.0,c1,c5
464,3,0.0,0.0,1.0,c234,c5
465,3,0.0,0.0,1.0,c5,c5
466,5,0.0,1.0,0.0,c5,c234
467,3,0.0,0.0,1.0,c234,c5
468,3,0.0,0.0,1.0,c1,c5
469,1,0.0,0.0,1.0,c1,c5
470,1,0.0,0.0,1.0,c234,c5
471,4,0.0,0.0,1.0,c5,c5
472,3,0.0,0.0,1.0,c1,c5
473,5,0.0,1.0,0.0,c234,c234
474,1,0.0,0.0,1.0,c5,c5
475,3,0.0,0.0,1.0,c1,c5
476,5,0.0,1.0,0.0,c1,c234
477,1,0.0,0.0,1.0,c234,c5
478,2,0.0,0.0,1.0,c1,c5
479,5,0.0,1.0,0.0,c1,c234
480,1,0.0,0.0,1.0,c234,c5
481,5,0.0,1.0,0.0,c234,c234
482,5,0.0,1.0,0.0,c5,c234
483,4,0.0,0.0,1.0,c5,c5
484,5,0.0,1.0,0.0,c1,c234
485,3,0.0,0.0,1.0,c5,c5
486,5,0.0,1.0,0.0,c1,c234
487,1,0.0,0.0,1.0,c234,c5
488,3,0.0,0.0,1.0,c234,c5
489,5,0.0,1.0,0.0,c5,c234
490,5,0.0,1.0,0.0,c5,c234
491,1,0.0,0.0,1.0,c234,c5
492,2,0.0,0.0,1.0,c234,c5
493,1,0.0,0.0,1.0,c1,c5
494,1,0.0,0.0,1.0,c234,c5
495,1,0.0,0.0,1.0,c234,c5
496,3,0.0,0.0,1.0,c234,c5
497,3,0.0,0.0,1.0,c5,c5
498,3,0.0,0.0,1.0,c234,c5
499,5,0.0,1.0,0.0,c1,c234
500,4,0.0,0.0,1.0,c234,c5
501,4,0.0,0.0,1.0,c1,c5
502,1,0.0,0.0,1.0,c5,c5
503,5,0.0,1.0,0.0,c1,c234
504,3,0.0,0.0,1.0,c1,c5
505,4,0.0,0.0,1.0,c5,c5
506,2,0.0,0.0,1.0,c5,c5
507,4,0.0,0.0,1.0,c234,c5
508,4,0.0,0.0,1.0,c234,c5
509,3,0.0,0.0,1.0,c234,c5
510,3,0.0,0.0,1.0,c5,c5
511,5,0.0,1.0,0.0,c5,c234
512,5,0.0,1.0,0.0,c1,c234
513,3,0.0,0.0,1.0,c5,c5
514,3,0.0,0.0,1.0,c234,c5
515,3,0.0,0.0,1.0,c5,c5
516,2,0.0,0.0,1.0,c234,c5
517,2,0.0,0.0,1.0,c5,c5
518,3,0.0,0.0,1.0,c234,c5
519,2,0.0,0.0,1.0,c1,c5
520,2,0.0,0.0,1.0,c1,c5
521,4,0.0,0.0,1.0,c1,c5
522,2,0.0,0.0,1.0,c1,c5
523,2,0.0,0.0,1.0,c5,c5
524,3,0.0,0.0,1.0,c5,c5
525,5,0.0,1.0,0.0,c5,c234
526,4,0.0,0.0,1.0,c5,c5
527,2,0.0,0.0,1.0,c1,c5
528,5,0.0,1.0,0.0,c1,c234
529,3,0.0,0.0,1.0,c1,c5
530,1,0.0,0.0,1.0,c5,c5
531,5,0.0,1.0,0.0,c5,c234
532,5,0.0,1.0,0.0,c1,c234
533,4,0.0,0.0,1.0,c5,c5
534,2,0.0,0.0,1.0,c1,c5
535,3,0.0,0.0,1.0,c1,c5
536,4,0.0,0.0,1.0,c234,c5
537,4,0.0,0.0,1.0,c5,c5
538,3,0.0,0.0,1.0,c5,c5
539,3,0.0,0.0,1.0,c1,c5
540,4,0.0,0.0,1.0,c5,c5
541,4,0.0,0.0,1.0,c234,c5
542,5,0.0,1.0,0.0,c234,c234
543,5,0.0,1.0,0.0,c234,c234
544,4,0.0,0.0,1.0,c234,c5
545,5,0.0,1.0,0.0,c1,c234
546,1,0.0,0.0,1.0,c1,c5
547,5,0.0,1.0,0.0,c1,c234
548,4,0.0,0.0,1.0,c234,c5
549,5,0.0,1.0,0.0,c1,c234
550,3,0.0,0.0,1.0,c5,c5
551,1,0.0,0.0,1.0,c234,c5
552,5,0.0,1.0,0.0,c1,c234
553,5,0.0,1.0,0.0,c234,c234
554,3,0.0,0.0,1.0,c5,c5
555,3,0.0,0.0,1.0,c234,c5
556,5,0.0,1.0,0.0,c234,c234
557,1,0.0,0.0,1.0,c1,c5
558,3,0.0,0.0,1.0,c5,c5
559,2,0.0,0.0,1.0,c1,c5
560,5,0.0,1.0,0.0,c1,c234
561,1,0.0,0.0,1.0,c234,c5
562,4,0.0,0.0,1.0,c1,c5
563,1,0.0,0.0,1.0,c5,c5
564,5,0.0,1.0,0.0,c1,c234
565,5,0.0,1.0,0.0,c234,c234
566,1,0.0,0.0,1.0,c234,c5
567,1,0.0,0.0,1.0,c234,c5
568,1,0.0,0.0,1.0,c1,c5
569,2,0.0,0.0,1.0,c5,c5
570,2,0.0,0.0,1.0,c5,c5
571,3,0.0,0.0,1.0,c5,c5
572,1,0.0,0.0,1.0,c5,c5
573,4,0.0,0.0,1.0,c1,c5
574,2,0.0,0.0,1.0,c234,c5
575,3,0.0,0.0,1.0,c5,c5
576,5,0.0,1.0,0.0,c234,c234
577,1,0.0,0.0,1.0,c5,c5
578,5,0.0,1.0,0.0,c5,c234
579,3,0.0,0.0,1.0,c1,c5
580,3,0.0,0.0,1.0,c5,c5
581,5,0.0,1.0,0.0,c234,c234
582,3,0.0,0.0,1.0,c1,c5
583,5,0.0,1.0,0.0,c5,c234
584,4,0.0,0.0,1.0,c1,c5
585,2,0.0,0.0,1.0,c234,c5
586,2,0.0,0.0,1.0,c234,c5
587,2,0.0,0.0,1.0,c1,c5
588,3,0.0,0.0,1.0,c1,c5
589,5,0.0,1.0,0.0,c1,c234
590,1,0.0,0.0,1.0,c5,c5
591,3,0.0,0.0,1.0,c234,c5
592,5,0.0,1.0,0.0,c234,c234
593,2,0.0,0.0,1.0,c234,c5
594,4,0.0,0.0,1.0,c1,c5
595,1,0.0,0.0,1.0,c1,c5
596,1,0.0,0.0,1.0,c1,c5
597,4,0.0,0.0,1.0,c1,c5
598,3,0.0,0.0,1.0,c5,c5
599,3,0.0,0.0,1.0,c1,c5
600,3,0.0,0.0,1.0,c5,c5
601,3,0.0,0.0,1.0,c234,c5
602,1,0.0,0.0,1.0,c5,c5
603,5,0.0,1.0,0.0,c5,c234
604,5,0.0,1.0,0.0,c234,c234
605,1,0.0,0.0,1.0,c234,c5
606,5,0.0,1.0,0.0,c1,c234
607,2,0.0,0.0,1.0,c5,c5
608,1,0.0,0.0,1.0,c1,c5
609,3,0.0,0.0,1.0,c5,c5
610,2,0.0,0.0,1.0,c1,c5
611,4,0.0,0.0,1.0,c5,c5
612,1,0.0,0.0,1.0,c5,c5
613,3,0.0,0.0,1.0,c1,c5
614,4,0.0,0.0,1.0,c234,c5
615,1,0.0,0.0,1.0,c1,c5
616,1,0.0,0.0,1.0,c5,c5
617,5,0.0,1.0,0.0,c234,c234
618,5,0.0,1.0,0.0,c1,c234
619,3,0.0,0.0,1.0,c5,c5
620,2,0.0,0.0,1.0,c5,c5
621,4,0.0,0.0,1.0,c234,c5
622,2,0.0,0.0,1.0,c5,c5
623,4,0.0,0.0,1.0,c234,c5
624,4,0.0,0.0,1.0,c1,c5
625,1,0.0,0.0,1.0,c5,c5
626,2,0.0,0.0,1.0,c5,c5
627,5,0.0,1.0,0.0,c234,c234
628,1,0.0,0.0,1.0,c1,c5
629,4,0.0,0.0,1.0,c234,c5
630,3,0.0,0.0,1.0,c234,c5
631,4,0.0,0.0,1.0,c234,c5
632,1,0.0,0.0,1.0,c1,c5
633,2,0.0,0.0,1.0,c1,c5
634,5,0.0,1.0,0.0,c234,c234
635,3,0.0,0.0,1.0,c5,c5
636,1,0.0,0.0,1.0,c234,c5
637,1,0.0,0.0,1.0,c1,c5
638,5,0.0,1.0,0.0,c1,c234
639,1,0.0,0.0,1.0,c1,c5
640,1,0.0,0.0,1.0,c5,c5
641,4,0.0,0.0,1.0,c1,c5
642,5,0.0,1.0,0.0,c5,c234
643,3,0.0,0.0,1.0,c234,c5
644,2,0.0,0.0,1.0,c5,c5
645,4,0.0,0.0,1.0,c234,c5
646,2,0.0,0.0,1.0,c234,c5
647,5,0.0,1.0,0.0,c5,c234
648,2,0.0,0.0,1.0,c1,c5
649,5,0.0,1.0,0.0,c234,c234
650,2,0.0,0.0,1.0,c5,c5
651,2,0.0,0.0,1.0,c1,c5
652,4,0.0,0.0,1.0,c1,c5
653,1,0.0,0.0,1.0,c234,c5
654,1,0.0,0.0,1.0,c234,c5
655,3,0.0,0.0,1.0,c234,c5
656,2,0.0,0.0,1.0,c5,c5
657,2,0.0,0.0,1.0,c234,c5
658,2,0.0,0.0,1.0,c1,c5
659,4,0.0,0.0,1.0,c234,c5
660,5,0.0,1.0,0.0,c5,c234
661,1,0.0,0.0,1.0,c5,c5
662,3,0.0,0.0,1.0,c1,c5
663,3,0.0,0.0,1.0,c5,c5
664,3,0.0,0.0,1.0,c1,c5
665,2,0.0,0.0,1.0,c5,c5
666,4,0.0,0.0,1.0,c234,c5
667,4,0.0,0.0,1.0,c5,c5
668,5,0.0,1.0,0.0,c1,c234
669,5,0.0,1.0,0.0,c5,c234
670,5,0.0,1.0,0.0,c234,c234
671,1,0.0,0.0,1.0,c234,c5
672,1,0.0,0.0,1.0,c234,c5
673,1,0.0,0.0,1.0,c234,c5
674,1,0.0,0.0,1.0,c1,c5
675,5,0.0,1.0,0.0,c5,c234
676,5,0.0,1.0,0.0,c1,c234
677,4,0.0,0.0,1.0,c1,c5
678,1,0.0,0.0,1.0,c5,c5
679,2,0.0,0.0,1.0,c234,c5
680,5,0.0,1.0,0.0,c1,c234
681,2,0.0,0.0,1.0,c1,c5
682,4,0.0,0.0,1.0,c1,c5
683,4,0.0,0.0,1.0,c5,c5
684,2,0.0,0.0,1.0,c234,c5
685,5,0.0,1.0,0.0,c5,c234
686,4,0.0,0.0,1.0,c5,c5
687,2,0.0,0.0,1.0,c234,c5
688,3,0.0,0.0,1.0,c1,c5
689,1,0.0,0.0,1.0,c234,c5
690,3,0.0,0.0,1.0,c5,c5
691,3,0.0,0.0,1.0,c234,c5
692,1,0.0,0.0,1.0,c5,c5
693,5,0.0,1.0,0.0,c234,c234
694,2,0.0,0.0,1.0,c5,c5
695,5,0.0,1.0,0.0,c234,c234
696,4,0.0,0.0,1.0,c234,c5
697,2,0.0,0.0,1.0,c234,c5
698,3,0.0,0.0,1.0,c5,c5
699,2,0.0,0.0,1.0,c5,c5
700,4,0.0,0.0,1.0,c234,c5
701,1,0.0,0.0,1.0,c5,c5
702,2,0.0,0.0,1.0,c234,c5
703,5,0.0,1.0,0.0,c234,c234
704,5,0.0,1.0,0.0,c1,c234
705,5,0.0,1.0,0.0,c1,c234
706,1,0.0,0.0,1.0,c234,c5
707,1,0.0,0.0,1.0,c1,c5
708,2,0.0,0.0,1.0,c5,c5
709,2,0.0,0.0,1.0,c1,c5
710,4,0.0,0.0,1.0,c1,c5
711,2,0.0,0.0,1.0,c5,c5
712,2,0.0,0.0,1.0,c1,c5
713,4,0.0,0.0,1.0,c234,c5
714,5,0.0,1.0,0.0,c5,c234
715,2,0.0,0.0,1.0,c234,c5
716,2,0.0,0.0,1.0,c234,c5
717,2,0.0,0.0,1.0,c5,c5
718,5,0.0,1.0,0.0,c5,c234
719,3,0.0,0.0,1.0,c5,c5
720,1,0.0,0.0,1.0,c1,c5
721,5,0.0,1.0,0.0,c5,c234
722,3,0.0,0.0,1.0,c234,c5
723,4,0.0,0.0,1.0,c234,c5
724,3,0.0,0.0,1.0,c5,c5
725,3,0.0,0.0,1.0,c234,c5
726,3,0.0,0.0,1.0,c5,c5
727,4,0.0,0.0,1.0,c1,c5
728,1,0.0,0.0,1.0,c1,c5
729,5,0.0,1.0,0.0,c1,c234
730,2,0.0,0.0,1.0,c5,c5
731,3,0.0,0.0,1.0,c5,c5
732,2,0.0,0.0,1.0,c1,c5
733,2,0.0,0.0,1.0,c1,c5
734,3,0.0,0.0,1.0,c234,c5
735,1,0.0,0.0,1.0,c234,c5
736,1,0.0,0.0,1.0,c5,c5
737,5,0.0,1.0,0.0,c234,c234
738,3,0.0,0.0,1.0,c5,c5
739,3,0.0,0.0,1.0,c1,c5
740,5,0.0,1.0,0.0,c234,c234
741,2,0.0,0.0,1.0,c5,c5
742,5,0.0,1.0,0.0,c1,c234
743,1,0.0,0.0,1.0,c234,c5
744,5,0.0,1.0,0.0,c5,c234
745,4,0.0,0.0,1.0,c1,c5
746,1,0.0,0.0,1.0,c5,c5
747,5,0.0,1.0,0.0,c1,c234
748,2,0.0,0.0,1.0,c1,c5
749,3,0.0,0.0,1.0,c234,c5
750,1,0.0,0.0,1.0,c5,c5
751,5,0.0,1.0,0.0,c5,c234
752,1,0.0,0.0,1.0,c234,c5
753,1,0.0,0.0,1.0,c1,c5
754,2,0.0,0.0,1.0,c5,c5
755,2,0.0,0.0,1.0,c1,c5
756,2,0.0,0.0,1.0,c234,c5
757,4,0.0,0.0,1.0,c234,c5
758,1,0.0,0.0,1.0,c5,c5
759,3,0.0,0.0,1.0,c1,c5
760,5,0.0,1.0,0.0,c234,c234
761,4,0.0,0.0,1.0,c1,c5
762,2,0.0,0.0,1.0,c1,c5
763,4,0.0,0.0,1.0,c1,c5
764,1,0.0,0.0,1.0,c234,c5
765,3,0.0,0.0,1.0,c1,c5
766,4,0.0,0.0,1.0,c234,c5
767,1,0.0,0.0,1.0,c5,c5
768,1,0.0,0.0,1.0,c1,c5
769,3,0.0,0.0,1.0,c5,c5
770,1,0.0,0.0,1.0,c234,c5
771,3,0.0,0.0,1.0,c5,c5
772,4,0.0,0.0,1.0,c5,c5
773,4,0.0,0.0,1.0,c5,c5
774,4,0.0,0.0,1.0,c1,c5
775,2,0.0,0.0,1.0,c234,c5
776,1,0.0,0.0,1.0,c1,c5
777,2,0.0,0.0,1.0,c5,c5
778,1,0.0,0.0,1.0,c5,c5
779,3,0.0,0.0,1.0,c234,c5
780,4,0.0,0.0,1.0,c5,c5
781,2,0.0,0.0,1.0,c1,c5
782,4,0.0,0.0,1.0,c234,c5
783,3,0.0,0.0,1.0,c5,c5
784,2,0.0,0.0,1.0,c234,c5
785,5,0.0,1.0,0.0,c1,c234
786,2,0.0,0.0,1.0,c234,c5
787,5,0.0,1.0,0.0,c1,c234
788,4,0.0,0.0,1.0,c234,c5
789,4,0.0,0.0,1.0,c234,c5
790,3,0.0,0.0,1.0,c234,c5
791,4,0.0,0.0,1.0,c234,c5
792,5,0.0,1.0,0.0,c234,c234
793,2,0.0,0.0,1.0,c1,c5
794,4,0.0,0.0,1.0,c1,c5
795,2,0.0,0.0,1.0,c5,c5
796,5,0.0,1.0,0.0,c5,c234
797,4,0.0,0.0,1.0,c5,c5
798,5,0.0,1.0,0.0,c1,c234
799,1,0.0,0.0,1.0,c234,c5
800,3,0.0,0.0,1.0,c234,c5
801,1,0.0,0.0,1.0,c234,c5
802,5,0.0,1.0,0.0,c5,c234
803,3,0.0,0.0,1.0,c234,c5
804,2,0.0,0.0,1.0,c5,c5
805,2,0.0,0.0,1.0,c1,c5
806,1,0.0,0.0,1.0,c1,c5
807,2,0.0,0.0,1.0,c5,c5
808,4,0.0,0.0,1.0,c234,c5
809,4,0.0,0.0,1.0,c5,c5
810,4,0.0,0.0,1.0,c5,c5
811,1,0.0,0.0,1.0,c1,c5
812,2,0.0,0.0,1.0,c1,c5
813,4,0.0,0.0,1.0,c5,c5
814,4,0.0,0.0,1.0,c5,c5
815,1,0.0,0.0,1.0,c1,c5
816,3,0.0,0.0,1.0,c5,c5
817,3,0.0,0.0,1.0,c5,c5
818,3,0.0,0.0,1.0,c5,c5
819,2,0.0,0.0,1.0,c5,c5
820,1,0.0,0.0,1.0,c5,c5
821,4,0.0,0.0,1.0,c234,c5
822,4,0.0,0.0,1.0,c1,c5
823,2,0.0,0.0,1.0,c5,c5
824,5,0.0,1.0,0.0,c1,c234
825,5,0.0,1.0,0.0,c234,c234
826,1,0.0,0.0,1.0,c5,c5
827,1,0.0,0.0,1.0,c5,c5
828,5,0.0,1.0,0.0,c234,c234
829,5,0.0,1.0,0.0,c1,c234
830,2,0.0,0.0,1.0,c5,c5
831,4,0.0,0.0,1.0,c234,c5
832,2,0.0,0.0,1.0,c1,c5
833,1,0.0,0.0,1.0,c234,c5
834,2,0.0,0.0,1.0,c234,c5
835,1,0.0,0.0,1.0,c5,c5
836,3,0.0,0.0,1.0,c234,c5
837,2,0.0,0.0,1.0,c234,c5
838,3,0.0,0.0,1.0,c5,c5
839,4,0.0,0.0,1.0,c5,c5
840,5,0.0,1.0,0.0,c5,c234
841,1,0.0,0.0,1.0,c234,c5
842,4,0.0,0.0,1.0,c5,c5
843,1,0.0,0.0,1.0,c5,c5
844,4,0.0,0.0,1.0,c5,c5
845,4,0.0,0.0,1.0,c1,c5
846,4,0.0,0.0,1.0,c234,c5
847,1,0.0,0.0,1.0,c1,c5
848,2,0.0,0.0,1.0,c234,c5
849,5,0.0,1.0,0.0,c5,c234
850,1,0.0,0.0,1.0,c1,c5
851,1,0.0,0.0,1.0,c5,c5
852,1,0.0,0.0,1.0,c1,c5
853,5,0.0,1.0,0.0,c5,c234
854,1,0.0,0.0,1.0,c234,c5
855,2,0.0,0.0,1.0,c234,c5
856,2,0.0,0.0,1.0,c1,c5
857,2,0.0,0.0,1.0,c234,c5
858,3,0.0,0.0,1.0,c1,c5
859,5,0.0,1.0,0.0,c5,c234
860,1,0.0,0.0,1.0,c1,c5
861,5,0.0,1.0,0.0,c1,c234
862,1,0.0,0.0,1.0,c234,c5
863,1,0.0,0.0,1.0,c1,c5
864,3,0.0,0.0,1.0,c1,c5
865,1,0.0,0.0,1.0,c5,c5
866,1,0.0,0.0,1.0,c5,c5
867,1,0.0,0.0,1.0,c5,c5
868,3,0.0,0.0,1.0,c1,c5
869,5,0.0,1.0,0.0,c1,c234
870,1,0.0,0.0,1.0,c1,c5
871,1,0.0,0.0,1.0,c5,c5
872,1,0.0,0.0,1.0,c234,c5
873,2,0.0,0.0,1.0,c5,c5
874,2,0.0,0.0,1.0,c234,c5
875,3,0.0,0.0,1.0,c1,c5
876,5,0.0,1.0,0.0,c5,c234
877,2,0.0,0.0,1.0,c5,c5
878,5,0.0,1.0,0.0,c5,c234
879,5,0.0,1.0,0.0,c234,c234
880,3,0.0,0.0,1.0,c1,c5
881,2,0.0,0.0,1.0,c234,c5
882,4,0.0,0.0,1.0,c1,c5
883,3,0.0,0.0,1.0,c5,c5
884,2,0.0,0.0,1.0,c234,c5
885,4,0.0,0.0,1.0,c5,c5
886,5,0.0,1.0,0.0,c5,c234
887,3,0.0,0.0,1.0,c234,c5
888,5,0.0,1.0,0.0,c1,c234
889,4,0.0,0.0,1.0,c5,c5
890,5,0.0,1.0,0.0,c1,c234
891,5,0.0,1.0,0.0,c5,c234
892,5,0.0,1.0,0.0,c234,c234
893,2,0.0,0.0,1.0,c234,c5
894,3,0.0,0.0,1.0,c1,c5
895,1,0.0,0.0,1.0,c5,c5
896,3,0.0,0.0,1.0,c1,c5
897,4,0.0,0.0,1.0,c1,c5
898,3,0.0,0.0,1.0,c234,c5
899,1,0.0,0.0,1.0,c5,c5
900,5,0.0,1.0,0.0,c5,c234
901,5,0.0,1.0,0.0,c234,c234
902,3,0.0,0.0,1.0,c1,c5
903,2,0.0,0.0,1.0,c5,c5
904,4,0.0,0.0,1.0,c1,c5
905,2,0.0,0.0,1.0,c1,c5
906,3,0.0,0.0,1.0,c5,c5
907,3,0.0,0.0,1.0,c234,c5
908,5,0.0,1.0,0.0,c5,c234
909,2,0.0,0.0,1.0,c5,c5
910,4,0.0,0.0,1.0,c5,c5
911,4,0.0,0.0,1.0,c5,c5
912,1,0.0,0.0,1.0,c5,c5
913,2,0.0,0.0,1.0,c1,c5
914,4,0.0,0.0,1.0,c5,c5
915,5,0.0,1.0,0.0,c1,c234
916,5,0.0,1.0,0.0,c234,c234
917,3,0.0,0.0,1.0,c5,c5
918,5,0.0,1.0,0.0,c1,c234
919,4,0.0,0.0,1.0,c1,c5
920,5,0.0,1.0,0.0,c234,c234
921,4,0.0,0.0,1.0,c234,c5
922,2,0.0,0.0,1.0,c234,c5
923,5,0.0,1.0,0.0,c234,c234
924,1,0.0,0.0,1.0,c234,c5
925,5,0.0,1.0,0.0,c1,c234
926,4,0.0,0.0,1.0,c5,c5
927,2,0.0,0.0,1.0,c5,c5
928,4,0.0,0.0,1.0,c234,c5
929,4,0.0,0.0,1.0,c1,c5
930,5,0.0,1.0,0.0,c1,c234
931,4,0.0,0.0,1.0,c1,c5
932,3,0.0,0.0,1.0,c234,c5
933,2,0.0,0.0,1.0,c234,c5
934,4,0.0,0.0,1.0,c234,c5
935,1,0.0,0.0,1.0,c5,c5
936,4,0.0,0.0,1.0,c5,c5
937,2,0.0,0.0,1.0,c234,c5
938,1,0.0,0.0,1.0,c234,c5
939,5,0.0,1.0,0.0,c1,c234
940,3,0.0,0.0,1.0,c1,c5
941,4,0.0,0.0,1.0,c1,c5
942,5,0.0,1.0,0.0,c1,c234
943,2,0.0,0.0,1.0,c5,c5
944,1,0.0,0.0,1.0,c1,c5
945,5,0.0,1.0,0.0,c5,c234
946,3,0.0,0.0,1.0,c1,c5
947,3,0.0,0.0,1.0,c5,c5
948,2,0.0,0.0,1.0,c234,c5
949,4,0.0,0.0,1.0,c234,c5
950,2,0.0,0.0,1.0,c234,c5
951,3,0.0,0.0,1.0,c234,c5
952,3,0.0,0.0,1.0,c234,c5
953,4,0.0,0.0,1.0,c1,c5
954,2,0.0,0.0,1.0,c1,c5
955,1,0.0,0.0,1.0,c234,c5
956,3,0.0,0.0,1.0,c5,c5
957,1,0.0,0.0,1.0,c1,c5
958,3,0.0,0.0,1.0,c1,c5
959,3,0.0,0.0,1.0,c1,c5
960,2,0.0,0.0,1.0,c5,c5
961,1,0.0,0.0,1.0,c234,c5
962,5,0.0,1.0,0.0,c5,c234
963,4,0.0,0.0,1.0,c234,c5
964,4,0.0,0.0,1.0,c1,c5
965,4,0.0,0.0,1.0,c234,c5
966,3,0.0,0.0,1.0,c1,c5
967,4,0.0,0.0,1.0,c1,c5
968,1,0.0,0.0,1.0,c5,c5
969,5,0.0,1.0,0.0,c5,c234
970,3,0.0,0.0,1.0,c1,c5
971,5,0.0,1.0,0.0,c5,c234
972,2,0.0,0.0,1.0,c1,c5
973,4,0.0,0.0,1.0,c1,c5
974,3,0.0,0.0,1.0,c5,c5
975,5,0.0,1.0,0.0,c1,c234
976,3,0.0,0.0,1.0,c1,c5
977,1,0.0,0.0,1.0,c5,c5
978,5,0.0,1.0,0.0,c234,c234
979,5,0.0,1.0,0.0,c5,c234
980,2,0.0,0.0,1.0,c5,c5
981,2,0.0,0.0,1.0,c5,c5
982,4,0.0,0.0,1.0,c1,c5
983,1,0.0,0.0,1.0,c234,c5
984,5,0.0,1.0,0.0,c1,c234
985,5,0.0,1.0,0.0,c1,c234
986,5,0.0,1.0,0.0,c234,c234
987,3,0.0,0.0,1.0,c1,c5
988,5,0.0,1.0,0.0,c234,c234
989,2,0.0,0.0,1.0,c234,c5
990,5,0.0,1.0,0.0,c234,c234
991,2,0.0,0.0,1.0,c1,c5
992,2,0.0,0.0,1.0,c234,c5
993,1,0.0,0.0,1.0,c234,c5
994,1,0.0,0.0,1.0,c5,c5
995,2,0.0,0.0,1.0,c1,c5
996,4,0.0,0.0,1.0,c234,c5
997,2,0.0,0.0,1.0,c234,c5
998,5,0.0,1.0,0.0,c234,c234
999,1,0.0,0.0,1.0,c5,c5
1000,4,0.0,0.0,1.0,c234,c5
1001,5,0.0,1.0,0.0,c234,c234
1002,5,0.0,1.0,0.0,c1,c234
1003,2,0.0,0.0,1.0,c234,c5
1004,2,0.0,0.0,1.0,c1,c5
1005,1,0.0,0.0,1.0,c234,c5
1006,5,0.0,1.0,0.0,c1,c234
1007,5,0.0,1.0,0.0,c5,c234
1008,4,0.0,0.0,1.0,c1,c5
1009,2,0.0,0.0,1.0,c234,c5
1010,3,0.0,0.0,1.0,c5,c5
1011,1,0.0,0.0,1.0,c234,c5
1012,1,0.0,0.0,1.0,c234,c5
1013,4,0.0,0.0,1.0,c1,c5
1014,3,0.0,0.0,1.0,c5,c5
1015,3,0.0,0.0,1.0,c234,c5
1016,5,0.0,1.0,0.0,c1,c234
1017,5,0.0,1.0,0.0,c5,c234
1018,2,0.0,0.0,1.0,c234,c5
1019,3,0.0,0.0,1.0,c1,c5
1020,2,0.0,0.0,1.0,c1,c5
1021,4,0.0,0.0,1.0,c1,c5
1022,3,0.0,0.0,1.0,c234,c5
1023,3,0.0,0.0,1.0,c234,c5
1024,2,0.0,0.0,1.0,c234,c5
1025,4,0.0,0.0,1.0,c5,c5
1026,1,0.0,0.0,1.0,c5,c5
1027,2,0.0,0.0,1.0,c1,c5
1028,2,0.0,0.0,1.0,c1,c5
1029,5,0.0,1.0,0.0,c1,c234
1030,4,0.0,0.0,1.0,c5,c5
1031,2,0.0,0.0,1.0,c5,c5
1032,4,0.0,0.0,1.0,c1,c5
1033,5,0.0,1.0,0.0,c1,c234
1034,2,0.0,0.0,1.0,c1,c5
1035,2,0.0,0.0,1.0,c234,c5
1036,4,0.0,0.0,1.0,c5,c5
1037,5,0.0,1.0,0.0,c234,c234
1038,5,0.0,1.0,0.0,c1,c234
1039,1,0.0,0.0,1.0,c5,c5
1040,2,0.0,0.0,1.0,c5,c5
1041,3,0.0,0.0,1.0,c5,c5
1042,1,0.0,0.0,1.0,c1,c5
1043,5,0.0,1.0,0.0,c234,c234
1044,3,0.0,0.0,1.0,c1,c5
1045,3,0.0,0.0,1.0,c1,c5
1046,1,0.0,0.0,1.0,c234,c5
1047,2,0.0,0.0,1.0,c234,c5
1048,1,0.0,0.0,1.0,c5,c5
1049,2,0.0,0.0,1.0,c1,c5
1050,2,0.0,0.0,1.0,c1,c5
1051,2,0.0,0.0,1.0,c5,c5
1052,4,0.0,0.0,1.0,c234,c5
1053,1,0.0,0.0,1.0,c1,c5
1054,5,0.0,1.0,0.0,c5,c234
1055,4,0.0,0.0,1.0,c234,c5
1056,1,0.0,0.0,1.0,c1,c5
1057,1,0.0,0.0,1.0,c234,c5
1058,4,0.0,0.0,1.0,c234,c5
1059,4,0.0,0.0,1.0,c5,c5
1060,2,0.0,0.0,1.0,c234,c5
1061,3,0.0,0.0,1.0,c5,c5
1062,3,0.0,0.0,1.0,c5,c5
1063,1,0.0,0.0,1.0,c234,c5
1064,5,0.0,1.0,0.0,c1,c234
1065,2,0.0,0.0,1.0,c5,c5
1066,1,0.0,0.0,1.0,c234,c5
1067,3,0.0,0.0,1.0,c234,c5
1068,3,0.0,0.0,1.0,c5,c5
1069,1,0.0,0.0,1.0,c234,c5
1070,5,0.0,1.0,0.0,c1,c234
1071,3,0.0,0.0,1.0,c5,c5
1072,2,0.0,0.0,1.0,c1,c5
1073,4,0.0,0.0,1.0,c1,c5
1074,1,0.0,0.0,1.0,c1,c5
1075,1,0.0,0.0,1.0,c234,c5
1076,4,0.0,0.0,1.0,c1,c5
1077,1,0.0,0.0,1.0,c5,c5
1078,2,0.0,0.0,1.0,c1,c5
1079,3,0.0,0.0,1.0,c5,c5
1080,1,0.0,0.0,1.0,c5,c5
1081,2,0.0,0.0,1.0,c234,c5
1082,3,0.0,0.0,1.0,c1,c5
1083,5,0.0,1.0,0.0,c1,c234
1084,5,0.0,1.0,0.0,c1,c234
1085,2,0.0,0.0,1.0,c234,c5
1086,5,0.0,1.0,0.0,c1,c234
1087,5,0.0,1.0,0.0,c234,c234
1088,1,0.0,0.0,1.0,c234,c5
1089,5,0.0,1.0,0.0,c1,c234
1090,4,0.0,0.0,1.0,c1,c5
1091,1,0.0,0.0,1.0,c5,c5
1092,1,0.0,0.0,1.0,c234,c5
1093,1,0.0,0.0,1.0,c5,c5
1094,4,0.0,0.0,1.0,c1,c5
1095,4,0.0,0.0,1.0,c1,c5
1096,4,0.0,0.0,1.0,c5,c5
1097,1,0.0,0.0,1.0,c5,c5
1098,5,0.0,1.0,0.0,c234,c234
1099,1,0.0,0.0,1.0,c234,c5
1100,4,0.0,0.0,1.0,c234,c5
1101,2,0.0,0.0,1.0,c5,c5
1102,3,0.0,0.0,1.0,c234,c5
1103,4,0.0,0.0,1.0,c1,c5
1104,3,0.0,0.0,1.0,c5,c5
1105,3,0.0,0.0,1.0,c5,c5
1106,2,0.0,0.0,1.0,c234,c5
1107,4,0.0,0.0,1.0,c234,c5
1108,1,0.0,0.0,1.0,c234,c5
1109,1,0.0,0.0,1.0,c234,c5
1110,2,0.0,0.0,1.0,c1,c5
1111,1,0.0,0.0,1.0,c234,c5
1112,2,0.0,0.0,1.0,c5,c5
1113,4,0.0,0.0,1.0,c234,c5
1114,1,0.0,0.0,1.0,c1,c5
1115,4,0.0,0.0,1.0,c1,c5
1116,5,0.0,1.0,0.0,c234,c234
1117,3,0.0,0.0,1.0,c5,c5
1118,3,0.0,0.0,1.0,c1,c5
1119,1,0.0,0.0,1.0,c1,c5
1120,4,0.0,0.0,1.0,c234,c5
1121,1,0.0,0.0,1.0,c234,c5
1122,3,0.0,0.0,1.0,c234,c5
1123,4,0.0,0.0,1.0,c234,c5
1124,5,0.0,1.0,0.0,c234,c234
1125,4,0.0,0.0,1.0,c1,c5
1126,5,0.0,1.0,0.0,c5,c234
1127,4,0.0,0.0,1.0,c5,c5
1128,4,0.0,0.0,1.0,c234,c5
1129,1,0.0,0.0,1.0,c234,c5
1130,5,0.0,1.0,0.0,c1,c234
1131,2,0.0,0.0,1.0,c1,c5
1132,5,0.0,1.0,0.0,c1,c234
1133,2,0.0,0.0,1.0,c234,c5
1134,1,0.0,0.0,1.0,c5,c5
1135,1,0.0,0.0,1.0,c234,c5
1136,5,0.0,1.0,0.0,c1,c234
1137,4,0.0,0.0,1.0,c234,c5
1138,2,0.0,0.0,1.0,c234,c5
1139,5,0.0,1.0,0.0,c5,c234
1140,1,0.0,0.0,1.0,c5,c5
1141,5,0.0,1.0,0.0,c1,c234
1142,4,0.0,0.0,1.0,c5,c5
1143,4,0.0,0.0,1.0,c1,c5
1144,1,0.0,0.0,1.0,c5,c5
1145,5,0.0,1.0,0.0,c234,c234
1146,5,0.0,1.0,0.0,c1,c234
1147,4,0.0,0.0,1.0,c234,c5
1148,2,0.0,0.0,1.0,c1,c5
1149,4,0.0,0.0,1.0,c1,c5
1150,3,0.0,0.0,1.0,c1,c5
1151,3,0.0,0.0,1.0,c234,c5
1152,2,0.0,0.0,1.0,c5,c5
1153,5,0.0,1.0,0.0,c5,c234
1154,1,0.0,0.0,1.0,c1,c5
1155,5,0.0,1.0,0.0,c5,c234
1156,2,0.0,0.0,1.0,c234,c5
1157,2,0.0,0.0,1.0,c234,c5
1158,4,0.0,0.0,1.0,c234,c5
1159,5,0.0,1.0,0.0,c234,c234
1160,1,0.0,0.0,1.0,c5,c5
1161,2,0.0,0.0,1.0,c234,c5
1162,5,0.0,1.0,0.0,c5,c234
1163,3,0.0,0.0,1.0,c234,c5
1164,2,0.0,0.0,1.0,c5,c5
1165,2,0.0,0.0,1.0,c234,c5
1166,5,0.0,1.0,0.0,c5,c234
1167,5,0.0,1.0,0.0,c1,c234
1168,2,0.0,0.0,1.0,c234,c5
1169,3,0.0,0.0,1.0,c5,c5
1170,5,0.0,1.0,0.0,c5,c234
1171,3,0.0,0.0,1.0,c5,c5
1172,3,0.0,0.0,1.0,c5,c5
1173,1,0.0,0.0,1.0,c234,c5
1174,5,0.0,1.0,0.0,c1,c234
1175,5,0.0,1.0,0.0,c5,c234
1176,3,0.0,0.0,1.0,c234,c5
1177,2,0.0,0.0,1.0,c1,c5
1178,4,0.0,0.0,1.0,c5,c5
1179,5,0.0,1.0,0.0,c5,c234
1180,4,0.0,0.0,1.0,c5,c5
1181,1,0.0,0.0,1.0,c234,c5
1182,5,0.0,1.0,0.0,c234,c234
1183,3,0.0,0.0,1.0,c5,c5
1184,5,0.0,1.0,0.0,c234,c234
1185,2,0.0,0.0,1.0,c234,c5
1186,3,0.0,0.0,1.0,c5,c5
1187,3,0.0,0.0,1.0,c1,c5
1188,2,0.0,0.0,1.0,c234,c5
1189,4,0.0,0.0,1.0,c1,c5
1190,5,0.0,1.0,0.0,c234,c234
1191,1,0.0,0.0,1.0,c5,c5
1192,3,0.0,0.0,1.0,c1,c5
1193,4,0.0,0.0,1.0,c1,c5
1194,2,0.0,0.0,1.0,c234,c5
1195,2,0.0,0.0,1.0,c234,c5
1196,2,0.0,0.0,1.0,c5,c5
1197,5,0.0,1.0,0.0,c5,c234
1198,5,0.0,1.0,0.0,c1,c234
1199,4,0.0,0.0,1.0,c5,c5
1200,1,0.0,0.0,1.0,c5,c5
1201,4,0.0,0.0,1.0,c234,c5
1202,2,0.0,0.0,1.0,c234,c5
1203,3,0.0,0.0,1.0,c234,c5
1204,1,0.0,0.0,1.0,c234,c5
1205,1,0.0,0.0,1.0,c1,c5
1206,5,0.0,1.0,0.0,c234,c234
1207,1,0.0,0.0,1.0,c5,c5
1208,1,0.0,0.0,1.0,c5,c5
1209,5,0.0,1.0,0.0,c5,c234
1210,2,0.0,0.0,1.0,c5,c5
1211,1,0.0,0.0,1.0,c5,c5
1212,2,0.0,0.0,1.0,c1,c5
1213,1,0.0,0.0,1.0,c234,c5
1214,1,0.0,0.0,1.0,c5,c5
1215,2,0.0,0.0,1.0,c1,c5
1216,2,0.0,0.0,1.0,c234,c5
1217,1,0.0,0.0,1.0,c1,c5
1218,3,0.0,0.0,1.0,c5,c5
1219,1,0.0,0.0,1.0,c234,c5
1220,5,0.0,1.0,0.0,c5,c234
1221,3,0.0,0.0,1.0,c1,c5
1222,4,0.0,0.0,1.0,c1,c5
1223,2,0.0,0.0,1.0,c234,c5
1224,2,0.0,0.0,1.0,c234,c5
1225,1,0.0,0.0,1.0,c1,c5
1226,2,0.0,0.0,1.0,c5,c5
1227,5,0.0,1.0,0.0,c5,c234
1228,4,0.0,0.0,1.0,c234,c5
1229,3,0.0,0.0,1.0,c234,c5
1230,3,0.0,0.0,1.0,c5,c5
1231,1,0.0,0.0,1.0,c5,c5
1232,1,0.0,0.0,1.0,c5,c5
1233,3,0.0,0.0,1.0,c1,c5
1234,1,0.0,0.0,1.0,c5,c5
1235,2,0.0,0.0,1.0,c5,c5
1236,5,0.0,1.0,0.0,c5,c234
1237,5,0.0,1.0,0.0,c234,c234
1238,2,0.0,0.0,1.0,c1,c5
1239,3,0.0,0.0,1.0,c5,c5
1240,4,0.0,0.0,1.0,c1,c5
1241,2,0.0,0.0,1.0,c5,c5
1242,2,0.0,0.0,1.0,c5,c5
1243,5,0.0,1.0,0.0,c234,c234
1244,3,0.0,0.0,1.0,c5,c5
1245,3,0.0,0.0,1.0,c5,c5
1246,5,0.0,1.0,0.0,c5,c234
1247,1,0.0,0.0,1.0,c5,c5
1248,2,0.0,0.0,1.0,c1,c5
1249,3,0.0,0.0,1.0,c1,c5
1250,2,0.0,0.0,1.0,c234,c5
1251,5,0.0,1.0,0.0,c5,c234
1252,1,0.0,0.0,1.0,c234,c5
1253,1,0.0,0.0,1.0,c234,c5
1254,2,0.0,0.0,1.0,c5,c5
1255,5,0.0,1.0,0.0,c234,c234
1256,4,0.0,0.0,1.0,c234,c5
1257,5,0.0,1.0,0.0,c1,c234
1258,4,0.0,0.0,1.0,c234,c5
1259,5,0.0,1.0,0.0,c234,c234
1260,4,0.0,0.0,1.0,c234,c5
1261,5,0.0,1.0,0.0,c5,c234
1262,2,0.0,0.0,1.0,c5,c5
1263,3,0.0,0.0,1.0,c5,c5
1264,4,0.0,0.0,1.0,c1,c5
1265,4,0.0,0.0,1.0,c234,c5
1266,5,0.0,1.0,0.0,c234,c234
1267,5,0.0,1.0,0.0,c5,c234
1268,2,0.0,0.0,1.0,c5,c5
1269,3,0.0,0.0,1.0,c5,c5
1270,4,0.0,0.0,1.0,c234,c5
1271,3,0.0,0.0,1.0,c5,c5
1272,3,0.0,0.0,1.0,c5,c5
1273,3,0.0,0.0,1.0,c1,c5
1274,1,0.0,0.0,1.0,c5,c5
1275,4,0.0,0.0,1.0,c234,c5
1276,1,0.0,0.0,1.0,c1,c5
1277,5,0.0,1.0,0.0,c234,c234
1278,3,0.0,0.0,1.0,c5,c5
1279,4,0.0,0.0,1.0,c234,c5
1280,5,0.0,1.0,0.0,c1,c234
1281,1,0.0,0.0,1.0,c1,c5
1282,1,0.0,0.0,1.0,c5,c5
1283,2,0.0,0.0,1.0,c234,c5
1284,1,0.0,0.0,1.0,c1,c5
1285,4,0.0,0.0,1.0,c5,c5
1286,4,0.0,0.0,1.0,c234,c5
1287,1,0.0,0.0,1.0,c1,c5
1288,5,0.0,1.0,0.0,c1,c234
1289,4,0.0,0.0,1.0,c234,c5
1290,4,0.0,0.0,1.0,c234,c5
1291,2,0.0,0.0,1.0,c5,c5
1292,1,0.0,0.0,1.0,c1,c5
1293,3,0.0,0.0,1.0,c234,c5
1294,1,0.0,0.0,1.0,c234,c5
1295,4,0.0,0.0,1.0,c5,c5
1296,3,0.0,0.0,1.0,c1,c5
1297,2,0.0,0.0,1.0,c234,c5
1298,2,0.0,0.0,1.0,c5,c5
1299,5,0.0,1.0,0.0,c1,c234
1300,4,0.0,0.0,1.0,c234,c5
1301,5,0.0,1.0,0.0,c5,c234
1302,3,0.0,0.0,1.0,c5,c5
1303,2,0.0,0.0,1.0,c234,c5
1304,2,0.0,0.0,1.0,c1,c5
1305,1,0.0,0.0,1.0,c1,c5
1306,5,0.0,1.0,0.0,c234,c234
1307,2,0.0,0.0,1.0,c1,c5
1308,5,0.0,1.0,0.0,c234,c234
1309,1,0.0,0.0,1.0,c234,c5
1310,3,0.0,0.0,1.0,c1,c5
1311,2,0.0,0.0,1.0,c1,c5
1312,5,0.0,1.0,0.0,c5,c234
1313,4,0.0,0.0,1.0,c234,c5
1314,3,0.0,0.0,1.0,c5,c5
1315,1,0.0,0.0,1.0,c234,c5
1316,4,0.0,0.0,1.0,c1,c5
1317,2,0.0,0.0,1.0,c1,c5
1318,4,0.0,0.0,1.0,c1,c5
1319,2,0.0,0.0,1.0,c1,c5
1320,5,0.0,1.0,0.0,c234,c234
1321,3,0.0,0.0,1.0,c5,c5
1322,4,0.0,0.0,1.0,c5,c5
1323,1,0.0,0.0,1.0,c5,c5
1324,2,0.0,0.0,1.0,c234,c5
1325,1,0.0,0.0,1.0,c1,c5
1326,3,0.0,0.0,1.0,c234,c5
1327,5,0.0,1.0,0.0,c1,c234
1328,2,0.0,0.0,1.0,c5,c5
1329,4,0.0,0.0,1.0,c5,c5
1330,2,0.0,0.0,1.0,c5,c5
1331,1,0.0,0.0,1.0,c1,c5
1332,4,0.0,0.0,1.0,c234,c5
1333,4,0.0,0.0,1.0,c5,c5
1334,1,0.0,0.0,1.0,c5,c5
1335,3,0.0,0.0,1.0,c1,c5
1336,2,0.0,0.0,1.0,c1,c5
1337,5,0.0,1.0,0.0,c5,c234
1338,5,0.0,1.0,0.0,c234,c234
1339,3,0.0,0.0,1.0,c1,c5
1340,2,0.0,0.0,1.0,c5,c5
1341,2,0.0,0.0,1.0,c1,c5
1342,4,0.0,0.0,1.0,c234,c5
1343,4,0.0,0.0,1.0,c234,c5
1344,4,0.0,0.0,1.0,c234,c5
1345,5,0.0,1.0,0.0,c5,c234
1346,5,0.0,1.0,0.0,c5,c234
1347,2,0.0,0.0,1.0,c234,c5
1348,2,0.0,0.0,1.0,c5,c5
1349,5,0.0,1.0,0.0,c5,c234
1350,2,0.0,0.0,1.0,c5,c5
1351,5,0.0,1.0,0.0,c1,c234
1352,5,0.0,1.0,0.0,c5,c234
1353,3,0.0,0.0,1.0,c234,c5
1354,5,0.0,1.0,0.0,c5,c234
1355,4,0.0,0.0,1.0,c234,c5
1356,3,0.0,0.0,1.0,c234,c5
1357,5,0.0,1.0,0.0,c234,c234
1358,4,0.0,0.0,1.0,c1,c5
1359,1,0.0,0.0,1.0,c5,c5
1360,5,0.0,1.0,0.0,c5,c234
1361,1,0.0,0.0,1.0,c5,c5
1362,4,0.0,0.0,1.0,c1,c5
1363,4,0.0,0.0,1.0,c1,c5
1364,1,0.0,0.0,1.0,c1,c5
1365,4,0.0,0.0,1.0,c1,c5
1366,2,0.0,0.0,1.0,c5,c5
1367,2,0.0,0.0,1.0,c234,c5
1368,5,0.0,1.0,0.0,c1,c234
1369,2,0.0,0.0,1.0,c1,c5
1370,3,0.0,0.0,1.0,c1,c5
1371,4,0.0,0.0,1.0,c5,c5
1372,4,0.0,0.0,1.0,c5,c5
1373,5,0.0,1.0,0.0,c5,c234
1374,1,0.0,0.0,1.0,c234,c5
1375,4,0.0,0.0,1.0,c1,c5
1376,1,0.0,0.0,1.0,c1,c5
1377,1,0.0,0.0,1.0,c234,c5
1378,1,0.0,0.0,1.0,c5,c5
1379,4,0.0,0.0,1.0,c1,c5
1380,5,0.0,1.0,0.0,c1,c234
1381,4,0.0,0.0,1.0,c234,c5
1382,2,0.0,0.0,1.0,c1,c5
1383,4,0.0,0.0,1.0,c234,c5
1384,1,0.0,0.0,1.0,c1,c5
1385,2,0.0,0.0,1.0,c234,c5
1386,2,0.0,0.0,1.0,c5,c5
1387,2,0.0,0.0,1.0,c5,c5
1388,5,0.0,1.0,0.0,c234,c234
1389,3,0.0,0.0,1.0,c234,c5
1390,5,0.0,1.0,0.0,c1,c234
1391,2,0.0,0.0,1.0,c1,c5
1392,2,0.0,0.0,1.0,c234,c5
1393,2,0.0,0.0,1.0,c234,c5
1394,4,0.0,0.0,1.0,c234,c5
1395,3,0.0,0.0,1.0,c1,c5
1396,3,0.0,0.0,1.0,c1,c5
1397,4,0.0,0.0,1.0,c234,c5
1398,2,0.0,0.0,1.0,c234,c5
1399,2,0.0,0.0,1.0,c5,c5
1400,4,0.0,0.0,1.0,c5,c5
1401,1,0.0,0.0,1.0,c234,c5
1402,5,0.0,1.0,0.0,c5,c234
1403,3,0.0,0.0,1.0,c5,c5
1404,4,0.0,0.0,1.0,c5,c5
1405,1,0.0,0.0,1.0,c1,c5
1406,2,0.0,0.0,1.0,c1,c5
1407,3,0.0,0.0,1.0,c1,c5
1408,1,0.0,0.0,1.0,c5,c5
1409,2,0.0,0.0,1.0,c5,c5
1410,1,0.0,0.0,1.0,c234,c5
1411,3,0.0,0.0,1.0,c234,c5
1412,5,0.0,1.0,0.0,c5,c234
1413,4,0.0,0.0,1.0,c5,c5
1414,1,0.0,0.0,1.0,c5,c5
1415,4,0.0,0.0,1.0,c1,c5
1416,3,0.0,0.0,1.0,c5,c5
1417,5,0.0,1.0,0.0,c5,c234
1418,2,0.0,0.0,1.0,c234,c5
1419,1,0.0,0.0,1.0,c1,c5
1420,1,0.0,0.0,1.0,c5,c5
1421,5,0.0,1.0,0.0,c5,c234
1422,3,0.0,0.0,1.0,c1,c5
1423,4,0.0,0.0,1.0,c234,c5
1424,4,0.0,0.0,1.0,c5,c5
1425,5,0.0,1.0,0.0,c234,c234
1426,5,0.0,1.0,0.0,c5,c234
1427,3,0.0,0.0,1.0,c5,c5
1428,2,0.0,0.0,1.0,c1,c5
1429,4,0.0,0.0,1.0,c234,c5
1430,4,0.0,0.0,1.0,c5,c5
1431,3,0.0,0.0,1.0,c5,c5
1432,4,0.0,0.0,1.0,c234,c5
1433,3,0.0,0.0,1.0,c5,c5
1434,2,0.0,0.0,1.0,c1,c5
1435,1,0.0,0.0,1.0,c5,c5
1436,4,0.0,0.0,1.0,c234,c5
1437,5,0.0,1.0,0.0,c1,c234
1438,1,0.0,0.0,1.0,c1,c5
1439,5,0.0,1.0,0.0,c234,c234
1440,3,0.0,0.0,1.0,c5,c5
1441,5,0.0,1.0,0.0,c5,c234
1442,2,0.0,0.0,1.0,c5,c5
1443,1,0.0,0.0,1.0,c5,c5
1444,3,0.0,0.0,1.0,c234,c5
1445,5,0.0,1.0,0.0,c5,c234
1446,3,0.0,0.0,1.0,c5,c5
1447,4,0.0,0.0,1.0,c5,c5
1448,4,0.0,0.0,1.0,c5,c5
1449,1,0.0,0.0,1.0,c5,c5
1450,5,0.0,1.0,0.0,c1,c234
1451,2,0.0,0.0,1.0,c1,c5
1452,1,0.0,0.0,1.0,c5,c5
1453,2,0.0,0.0,1.0,c234,c5
1454,5,0.0,1.0,0.0,c1,c234
1455,3,0.0,0.0,1.0,c234,c5
1456,3,0.0,0.0,1.0,c1,c5
1457,1,0.0,0.0,1.0,c234,c5
1458,5,0.0,1.0,0.0,c234,c234
1459,3,0.0,0.0,1.0,c234,c5
1460,3,0.0,0.0,1.0,c234,c5
1461,2,0.0,0.0,1.0,c234,c5
1462,3,0.0,0.0,1.0,c5,c5
1463,5,0.0,1.0,0.0,c234,c234
1464,2,0.0,0.0,1.0,c1,c5
1465,5,0.0,1.0,0.0,c234,c234
1466,1,0.0,0.0,1.0,c1,c5
1467,2,0.0,0.0,1.0,c5,c5
1468,1,0.0,0.0,1.0,c1,c5
1469,2,0.0,0.0,1.0,c5,c5
1470,2,0.0,0.0,1.0,c1,c5
1471,4,0.0,0.0,1.0,c1,c5
1472,1,0.0,0.0,1.0,c5,c5
1473,1,0.0,0.0,1.0,c5,c5
1474,2,0.0,0.0,1.0,c234,c5
1475,4,0.0,0.0,1.0,c1,c5
1476,4,0.0,0.0,1.0,c1,c5
1477,5,0.0,1.0,0.0,c234,c234
1478,2,0.0,0.0,1.0,c234,c5
1479,1,0.0,0.0,1.0,c1,c5
1480,3,0.0,0.0,1.0,c1,c5
1481,4,0.0,0.0,1.0,c234,c5
1482,1,0.0,0.0,1.0,c1,c5
1483,4,0.0,0.0,1.0,c1,c5
1484,3,0.0,0.0,1.0,c1,c5
1485,2,0.0,0.0,1.0,c234,c5
1486,5,0.0,1.0,0.0,c5,c234
1487,3,0.0,0.0,1.0,c5,c5
1488,2,0.0,0.0,1.0,c234,c5
1489,3,0.0,0.0,1.0,c5,c5
1490,1,0.0,0.0,1.0,c1,c5
1491,3,0.0,0.0,1.0,c1,c5
1492,5,0.0,1.0,0.0,c234,c234
1493,2,0.0,0.0,1.0,c5,c5
1494,2,0.0,0.0,1.0,c5,c5
1495,2,0.0,0.0,1.0,c1,c5
1496,1,0.0,0.0,1.0,c234,c5
1497,2,0.0,0.0,1.0,c5,c5
1498,4,0.0,0.0,1.0,c5,c5
1499,4,0.0,0.0,1.0,c234,c5
1500,3,0.0,0.0,1.0,c234,c5
1501,4,0.0,0.0,1.0,c5,c5
1502,5,0.0,1.0,0.0,c234,c234
1503,2,0.0,0.0,1.0,c234,c5
1504,4,0.0,0.0,1.0,c234,c5
1505,5,0.0,1.0,0.0,c1,c234
1506,5,0.0,1.0,0.0,c5,c234
1507,5,0.0,1.0,0.0,c1,c234
1508,5,0.0,1.0,0.0,c5,c234
1509,1,0.0,0.0,1.0,c5,c5
1510,1,0.0,0.0,1.0,c5,c5
1511,4,0.0,0.0,1.0,c234,c5
1512,3,0.0,0.0,1.0,c1,c5
1513,1,0.0,0.0,1.0,c1,c5
1514,3,0.0,0.0,1.0,c5,c5
1515,4,0.0,0.0,1.0,c1,c5
1516,5,0.0,1.0,0.0,c5,c234
1517,4,0.0,0.0,1.0,c5,c5
1518,1,0.0,0.0,1.0,c1,c5
1519,4,0.0,0.0,1.0,c5,c5
1520,1,0.0,0.0,1.0,c5,c5
1521,4,0.0,0.0,1.0,c5,c5
1522,2,0.0,0.0,1.0,c234,c5
1523,5,0.0,1.0,0.0,c5,c234
1524,3,0.0,0.0,1.0,c5,c5
1525,5,0.0,1.0,0.0,c5,c234
1526,3,0.0,0.0,1.0,c234,c5
1527,2,0.0,0.0,1.0,c1,c5
1528,3,0.0,0.0,1.0,c1,c5
1529,1,0.0,0.0,1.0,c5,c5
1530,2,0.0,0.0,1.0,c5,c5
1531,1,0.0,0.0,1.0,c234,c5
1532,4,0.0,0.0,1.0,c234,c5
1533,1,0.0,0.0,1.0,c5,c5
1534,4,0.0,0.0,1.0,c1,c5
1535,3,0.0,0.0,1.0,c1,c5
1536,5,0.0,1.0,0.0,c5,c234
1537,2,0.0,0.0,1.0,c1,c5
1538,1,0.0,0.0,1.0,c1,c5
1539,5,0.0,1.0,0.0,c1,c234
1540,4,0.0,0.0,1.0,c1,c5
1541,3,0.0,0.0,1.0,c1,c5
1542,1,0.0,0.0,1.0,c5,c5
1543,5,0.0,1.0,0.0,c1,c234
1544,1,0.0,0.0,1.0,c5,c5
1545,2,0.0,0.0,1.0,c1,c5
1546,2,0.0,0.0,1.0,c5,c5
1547,2,0.0,0.0,1.0,c5,c5
1548,4,0.0,0.0,1.0,c1,c5
1549,2,0.0,0.0,1.0,c5,c5
1550,1,0.0,0.0,1.0,c234,c5
1551,3,0.0,0.0,1.0,c234,c5
1552,1,0.0,0.0,1.0,c1,c5
1553,4,0.0,0.0,1.0,c1,c5
1554,5,0.0,1.0,0.0,c234,c234
1555,1,0.0,0.0,1.0,c5,c5
1556,3,0.0,0.0,1.0,c1,c5
1557,1,0.0,0.0,1.0,c5,c5
1558,3,0.0,0.0,1.0,c234,c5
1559,1,0.0,0.0,1.0,c5,c5
1560,1,0.0,0.0,1.0,c234,c5
1561,1,0.0,0.0,1.0,c5,c5
1562,2,0.0,0.0,1.0,c5,c5
1563,2,0.0,0.0,1.0,c1,c5
1564,4,0.0,0.0,1.0,c5,c5
1565,4,0.0,0.0,1.0,c5,c5
1566,4,0.0,0.0,1.0,c5,c5
1567,4,0.0,0.0,1.0,c1,c5
1568,2,0.0,0.0,1.0,c234,c5
1569,1,0.0,0.0,1.0,c5,c5
1570,1,0.0,0.0,1.0,c5,c5
1571,3,0.0,0.0,1.0,c5,c5
1572,3,0.0,0.0,1.0,c5,c5
1573,5,0.0,1.0,0.0,c5,c234
1574,3,0.0,0.0,1.0,c5,c5
1575,4,0.0,0.0,1.0,c5,c5
1576,3,0.0,0.0,1.0,c234,c5
1577,3,0.0,0.0,1.0,c5,c5
1578,4,0.0,0.0,1.0,c1,c5
1579,4,0.0,0.0,1.0,c1,c5
1580,4,0.0,0.0,1.0,c5,c5
1581,3,0.0,0.0,1.0,c5,c5
1582,4,0.0,0.0,1.0,c5,c5
1583,2,0.0,0.0,1.0,c1,c5
1584,4,0.0,0.0,1.0,c234,c5
1585,3,0.0,0.0,1.0,c234,c5
1586,1,0.0,0.0,1.0,c5,c5
1587,4,0.0,0.0,1.0,c234,c5
1588,2,0.0,0.0,1.0,c5,c5
1589,3,0.0,0.0,1.0,c1,c5
1590,2,0.0,0.0,1.0,c234,c5
1591,2,0.0,0.0,1.0,c5,c5
1592,4,0.0,0.0,1.0,c234,c5
1593,1,0.0,0.0,1.0,c234,c5
1594,3,0.0,0.0,1.0,c234,c5
1595,3,0.0,0.0,1.0,c234,c5
1596,4,0.0,0.0,1.0,c234,c5
1597,1,0.0,0.0,1.0,c234,c5
1598,2,0.0,0.0,1.0,c5,c5
1599,5,0.0,1.0,0.0,c5,c234
1600,1,0.0,0.0,1.0,c5,c5
1601,5,0.0,1.0,0.0,c5,c234
1602,2,0.0,0.0,1.0,c234,c5
1603,4,0.0,0.0,1.0,c234,c5
1604,4,0.0,0.0,1.0,c1,c5
1605,2,0.0,0.0,1.0,c5,c5
1606,2,0.0,0.0,1.0,c1,c5
1607,1,0.0,0.0,1.0,c234,c5
1608,1,0.0,0.0,1.0,c1,c5
1609,5,0.0,1.0,0.0,c5,c234
1610,5,0.0,1.0,0.0,c1,c234
1611,5,0.0,1.0,0.0,c5,c234
1612,4,0.0,0.0,1.0,c1,c5
1613,5,0.0,1.0,0.0,c1,c234
1614,2,0.0,0.0,1.0,c234,c5
1615,1,0.0,0.0,1.0,c1,c5
1616,5,0.0,1.0,0.0,c234,c234
1617,1,0.0,0.0,1.0,c1,c5
1618,3,0.0,0.0,1.0,c234,c5
1619,3,0.0,0.0,1.0,c5,c5
1620,2,0.0,0.0,1.0,c234,c5
1621,4,0.0,0.0,1.0,c234,c5
1622,5,0.0,1.0,0.0,c5,c234
1623,3,0.0,0.0,1.0,c1,c5
1624,4,0.0,0.0,1.0,c1,c5
1625,2,0.0,0.0,1.0,c5,c5
1626,4,0.0,0.0,1.0,c5,c5
1627,1,0.0,0.0,1.0,c5,c5
1628,3,0.0,0.0,1.0,c5,c5
1629,3,0.0,0.0,1.0,c234,c5
1630,3,0.0,0.0,1.0,c5,c5
1631,2,0.0,0.0,1.0,c1,c5
1632,4,0.0,0.0,1.0,c234,c5
1633,3,0.0,0.0,1.0,c5,c5
1634,5,0.0,1.0,0.0,c5,c234
1635,2,0.0,0.0,1.0,c234,c5
1636,2,0.0,0.0,1.0,c5,c5
1637,3,0.0,0.0,1.0,c5,c5
1638,1,0.0,0.0,1.0,c5,c5
1639,1,0.0,0.0,1.0,c1,c5
1640,3,0.0,0.0,1.0,c234,c5
1641,3,0.0,0.0,1.0,c5,c5
1642,2,0.0,0.0,1.0,c234,c5
1643,2,0.0,0.0,1.0,c234,c5
1644,3,0.0,0.0,1.0,c1,c5
1645,5,0.0,1.0,0.0,c5,c234
1646,1,0.0,0.0,1.0,c5,c5
1647,1,0.0,0.0,1.0,c5,c5
1648,3,0.0,0.0,1.0,c1,c5
1649,5,0.0,1.0,0.0,c1,c234
1650,2,0.0,0.0,1.0,c5,c5
1651,5,0.0,1.0,0.0,c1,c234
1652,2,0.0,0.0,1.0,c234,c5
1653,2,0.0,0.0,1.0,c234,c5
1654,3,0.0,0.0,1.0,c5,c5
1655,5,0.0,1.0,0.0,c5,c234
1656,4,0.0,0.0,1.0,c5,c5
1657,4,0.0,0.0,1.0,c234,c5
1658,3,0.0,0.0,1.0,c234,c5
1659,3,0.0,0.0,1.0,c1,c5
1660,5,0.0,1.0,0.0,c1,c234
1661,5,0.0,1.0,0.0,c234,c234
1662,2,0.0,0.0,1.0,c5,c5
1663,5,0.0,1.0,0.0,c234,c234
1664,4,0.0,0.0,1.0,c5,c5
1665,1,0.0,0.0,1.0,c234,c5
1666,3,0.0,0.0,1.0,c5,c5
1667,5,0.0,1.0,0.0,c1,c234
1668,1,0.0,0.0,1.0,c234,c5
1669,4,0.0,0.0,1.0,c234,c5
1670,2,0.0,0.0,1.0,c1,c5
1671,4,0.0,0.0,1.0,c1,c5
1672,4,0.0,0.0,1.0,c5,c5
1673,1,0.0,0.0,1.0,c234,c5
1674,1,0.0,0.0,1.0,c1,c5
1675,1,0.0,0.0,1.0,c5,c5
1676,1,0.0,0.0,1.0,c1,c5
1677,2,0.0,0.0,1.0,c234,c5
1678,2,0.0,0.0,1.0,c234,c5
1679,4,0.0,0.0,1.0,c234,c5
1680,3,0.0,0.0,1.0,c5,c5
1681,5,0.0,1.0,0.0,c234,c234
1682,5,0.0,1.0,0.0,c5,c234
1683,1,0.0,0.0,1.0,c234,c5
1684,3,0.0,0.0,1.0,c1,c5
1685,3,0.0,0.0,1.0,c1,c5
1686,5,0.0,1.0,0.0,c1,c234
1687,1,0.0,0.0,1.0,c234,c5
1688,2,0.0,0.0,1.0,c1,c5
1689,4,0.0,0.0,1.0,c1,c5
1690,2,0.0,0.0,1.0,c5,c5
1691,1,0.0,0.0,1.0,c1,c5
1692,4,0.0,0.0,1.0,c5,c5
1693,3,0.0,0.0,1.0,c234,c5
1694,2,0.0,0.0,1.0,c1,c5
1695,3,0.0,0.0,1.0,c234,c5
1696,4,0.0,0.0,1.0,c5,c5
1697,2,0.0,0.0,1.0,c5,c5
1698,2,0.0,0.0,1.0,c234,c5
1699,5,0.0,1.0,0.0,c234,c234
1700,5,0.0,1.0,0.0,c1,c234
1701,1,0.0,0.0,1.0,c5,c5
1702,5,0.0,1.0,0.0,c234,c234
1703,4,0.0,0.0,1.0,c234,c5
1704,5,0.0,1.0,0.0,c5,c234
1705,5,0.0,1.0,0.0,c1,c234
1706,3,0.0,0.0,1.0,c234,c5
1707,2,0.0,0.0,1.0,c5,c5
1708,4,0.0,0.0,1.0,c1,c5
1709,5,0.0,1.0,0.0,c1,c234
1710,1,0.0,0.0,1.0,c234,c5
1711,2,0.0,0.0,1.0,c5,c5
1712,2,0.0,0.0,1.0,c234,c5
1713,4,0.0,0.0,1.0,c234,c5
1714,3,0.0,0.0,1.0,c5,c5
1715,3,0.0,0.0,1.0,c1,c5
1716,3,0.0,0.0,1.0,c5,c5
1717,4,0.0,0.0,1.0,c5,c5
1718,1,0.0,0.0,1.0,c234,c5
1719,2,0.0,0.0,1.0,c5,c5
1720,2,0.0,0.0,1.0,c1,c5
1721,1,0.0,0.0,1.0,c234,c5
1722,5,0.0,1.0,0.0,c1,c234
1723,3,0.0,0.0,1.0,c234,c5
1724,1,0.0,0.0,1.0,c5,c5
1725,4,0.0,0.0,1.0,c234,c5
1726,1,0.0,0.0,1.0,c234,c5
1727,4,0.0,0.0,1.0,c234,c5
1728,3,0.0,0.0,1.0,c234,c5
1729,2,0.0,0.0,1.0,c5,c5
1730,1,0.0,0.0,1.0,c234,c5
1731,1,0.0,0.0,1.0,c234,c5
1732,5,0.0,1.0,0.0,c5,c234
1733,3,0.0,0.0,1.0,c234,c5
1734,1,0.0,0.0,1.0,c1,c5
1735,5,0.0,1.0,0.0,c1,c234
1736,5,0.0,1.0,0.0,c1,c234
1737,4,0.0,0.0,1.0,c1,c5
1738,1,0.0,0.0,1.0,c234,c5
1739,5,0.0,1.0,0.0,c5,c234
1740,4,0.0,0.0,1.0,c1,c5
1741,4,0.0,0.0,1.0,c234,c5
1742,2,0.0,0.0,1.0,c5,c5
1743,5,0.0,1.0,0.0,c234,c234
1744,5,0.0,1.0,0.0,c234,c234
1745,2,0.0,0.0,1.0,c234,c5
1746,5,0.0,1.0,0.0,c234,c234
1747,4,0.0,0.0,1.0,c234,c5
1748,3,0.0,0.0,1.0,c234,c5
1749,3,0.0,0.0,1.0,c5,c5
1750,5,0.0,1.0,0.0,c5,c234
1751,5,0.0,1.0,0.0,c234,c234
1752,1,0.0,0.0,1.0,c5,c5
1753,5,0.0,1.0,0.0,c1,c234
1754,4,0.0,0.0,1.0,c5,c5
1755,1,0.0,0.0,1.0,c234,c5
1756,4,0.0,0.0,1.0,c234,c5
1757,2,0.0,0.0,1.0,c1,c5
1758,4,0.0,0.0,1.0,c1,c5
1759,5,0.0,1.0,0.0,c234,c234
1760,5,0.0,1.0,0.0,c234,c234
1761,2,0.0,0.0,1.0,c234,c5
1762,3,0.0,0.0,1.0,c1,c5
1763,5,0.0,1.0,0.0,c234,c234
1764,2,0.0,0.0,1.0,c5,c5
1765,4,0.0,0.0,1.0,c5,c5
1766,4,0.0,0.0,1.0,c5,c5
1767,3,0.0,0.0,1.0,c1,c5
1768,3,0.0,0.0,1.0,c1,c5
1769,5,0.0,1.0,0.0,c5,c234
1770,3,0.0,0.0,1.0,c234,c5
1771,1,0.0,0.0,1.0,c5,c5
1772,1,0.0,0.0,1.0,c5,c5
1773,2,0.0,0.0,1.0,c5,c5
1774,3,0.0,0.0,1.0,c234,c5
1775,1,0.0,0.0,1.0,c234,c5
1776,5,0.0,1.0,0.0,c5,c234
1777,3,0.0,0.0,1.0,c234,c5
1778,5,0.0,1.0,0.0,c5,c234
1779,2,0.0,0.0,1.0,c5,c5
1780,4,0.0,0.0,1.0,c1,c5
1781,1,0.0,0.0,1.0,c234,c5
1782,3,0.0,0.0,1.0,c5,c5
1783,4,0.0,0.0,1.0,c1,c5
1784,4,0.0,0.0,1.0,c5,c5
1785,5,0.0,1.0,0.0,c5,c234
1786,5,0.0,1.0,0.0,c1,c234
1787,2,0.0,0.0,1.0,c1,c5
1788,3,0.0,0.0,1.0,c5,c5
1789,1,0.0,0.0,1.0,c5,c5
1790,4,0.0,0.0,1.0,c234,c5
1791,3,0.0,0.0,1.0,c5,c5
1792,4,0.0,0.0,1.0,c234,c5
1793,1,0.0,0.0,1.0,c1,c5
1794,5,0.0,1.0,0.0,c1,c234
1795,1,0.0,0.0,1.0,c1,c5
1796,2,0.0,0.0,1.0,c5,c5
1797,4,0.0,0.0,1.0,c234,c5
1798,2,0.0,0.0,1.0,c1,c5
1799,1,0.0,0.0,1.0,c5,c5
1800,1,0.0,0.0,1.0,c5,c5
1801,5,0.0,1.0,0.0,c234,c234
1802,3,0.0,0.0,1.0,c5,c5
1803,5,0.0,1.0,0.0,c5,c234
1804,4,0.0,0.0,1.0,c234,c5
1805,1,0.0,0.0,1.0,c1,c5
1806,2,0.0,0.0,1.0,c5,c5
1807,1,0.0,0.0,1.0,c5,c5
1808,2,0.0,0.0,1.0,c5,c5
1809,5,0.0,1.0,0.0,c5,c234
1810,2,0.0,0.0,1.0,c5,c5
1811,1,0.0,0.0,1.0,c5,c5
1812,2,0.0,0.0,1.0,c1,c5
1813,3,0.0,0.0,1.0,c234,c5
1814,1,0.0,0.0,1.0,c5,c5
1815,1,0.0,0.0,1.0,c5,c5
1816,5,0.0,1.0,0.0,c234,c234
1817,3,0.0,0.0,1.0,c5,c5
1818,1,0.0,0.0,1.0,c234,c5
1819,1,0.0,0.0,1.0,c5,c5
1820,2,0.0,0.0,1.0,c5,c5
1821,1,0.0,0.0,1.0,c1,c5
1822,1,0.0,0.0,1.0,c5,c5
1823,2,0.0,0.0,1.0,c5,c5
1824,2,0.0,0.0,1.0,c1,c5
1825,4,0.0,0.0,1.0,c5,c5
1826,2,0.0,0.0,1.0,c234,c5
1827,1,0.0,0.0,1.0,c234,c5
1828,4,0.0,0.0,1.0,c1,c5
1829,1,0.0,0.0,1.0,c1,c5
1830,3,0.0,0.0,1.0,c234,c5
1831,3,0.0,0.0,1.0,c5,c5
1832,5,0.0,1.0,0.0,c1,c234
1833,4,0.0,0.0,1.0,c234,c5
1834,4,0.0,0.0,1.0,c234,c5
1835,5,0.0,1.0,0.0,c1,c234
1836,1,0.0,0.0,1.0,c234,c5
1837,3,0.0,0.0,1.0,c234,c5
1838,5,0.0,1.0,0.0,c234,c234
1839,3,0.0,0.0,1.0,c234,c5
1840,1,0.0,0.0,1.0,c1,c5
1841,2,0.0,0.0,1.0,c5,c5
1842,4,0.0,0.0,1.0,c234,c5
1843,2,0.0,0.0,1.0,c234,c5
1844,4,0.0,0.0,1.0,c1,c5
1845,3,0.0,0.0,1.0,c1,c5
1846,5,0.0,1.0,0.0,c5,c234
1847,4,0.0,0.0,1.0,c1,c5
1848,5,0.0,1.0,0.0,c234,c234
1849,2,0.0,0.0,1.0,c234,c5
1850,2,0.0,0.0,1.0,c1,c5
1851,1,0.0,0.0,1.0,c234,c5
1852,3,0.0,0.0,1.0,c1,c5
1853,5,0.0,1.0,0.0,c234,c234
1854,4,0.0,0.0,1.0,c1,c5
1855,1,0.0,0.0,1.0,c234,c5
1856,1,0.0,0.0,1.0,c234,c5
1857,4,0.0,0.0,1.0,c234,c5
1858,3,0.0,0.0,1.0,c1,c5
1859,1,0.0,0.0,1.0,c1,c5
1860,2,0.0,0.0,1.0,c234,c5
1861,3,0.0,0.0,1.0,c234,c5
1862,3,0.0,0.0,1.0,c1,c5
1863,5,0.0,1.0,0.0,c234,c234
1864,5,0.0,1.0,0.0,c5,c234
1865,3,0.0,0.0,1.0,c1,c5
1866,4,0.0,0.0,1.0,c234,c5
1867,3,0.0,0.0,1.0,c1,c5
1868,2,0.0,0.0,1.0,c234,c5
1869,4,0.0,0.0,1.0,c1,c5
1870,4,0.0,0.0,1.0,c1,c5
1871,2,0.0,0.0,1.0,c234,c5
1872,2,0.0,0.0,1.0,c234,c5
1873,1,0.0,0.0,1.0,c1,c5
1874,1,0.0,0.0,1.0,c234,c5
1875,2,0.0,0.0,1.0,c234,c5
1876,5,0.0,1.0,0.0,c5,c234
1877,5,0.0,1.0,0.0,c1,c234
1878,5,0.0,1.0,0.0,c5,c234
1879,5,0.0,1.0,0.0,c5,c234
1880,3,0.0,0.0,1.0,c234,c5
1881,2,0.0,0.0,1.0,c234,c5
1882,4,0.0,0.0,1.0,c5,c5
1883,3,0.0,0.0,1.0,c5,c5
1884,4,0.0,0.0,1.0,c1,c5
1885,1,0.0,0.0,1.0,c5,c5
1886,3,0.0,0.0,1.0,c1,c5
1887,5,0.0,1.0,0.0,c234,c234
1888,3,0.0,0.0,1.0,c234,c5
1889,5,0.0,1.0,0.0,c1,c234
1890,5,0.0,1.0,0.0,c234,c234
1891,1,0.0,0.0,1.0,c5,c5
1892,3,0.0,0.0,1.0,c1,c5
1893,2,0.0,0.0,1.0,c5,c5
1894,4,0.0,0.0,1.0,c1,c5
1895,4,0.0,0.0,1.0,c5,c5
1896,3,0.0,0.0,1.0,c5,c5
1897,2,0.0,0.0,1.0,c1,c5
1898,1,0.0,0.0,1.0,c1,c5
1899,1,0.0,0.0,1.0,c5,c5
1900,4,0.0,0.0,1.0,c234,c5
1901,2,0.0,0.0,1.0,c5,c5
1902,1,0.0,0.0,1.0,c234,c5
1903,1,0.0,0.0,1.0,c234,c5
1904,4,0.0,0.0,1.0,c1,c5
1905,5,0.0,1.0,0.0,c1,c234
1906,2,0.0,0.0,1.0,c234,c5
1907,5,0.0,1.0,0.0,c1,c234
1908,1,0.0,0.0,1.0,c234,c5
1909,1,0.0,0.0,1.0,c234,c5
1910,2,0.0,0.0,1.0,c234,c5
1911,1,0.0,0.0,1.0,c234,c5
1912,2,0.0,0.0,1.0,c234,c5
1913,2,0.0,0.0,1.0,c5,c5
1914,4,0.0,0.0,1.0,c5,c5
1915,5,0.0,1.0,0.0,c1,c234
1916,2,0.0,0.0,1.0,c234,c5
1917,3,0.0,0.0,1.0,c234,c5
1918,1,0.0,0.0,1.0,c234,c5
1919,2,0.0,0.0,1.0,c1,c5
1920,1,0.0,0.0,1.0,c1,c5
1921,2,0.0,0.0,1.0,c1,c5
1922,2,0.0,0.0,1.0,c5,c5
1923,3,0.0,0.0,1.0,c5,c5
1924,2,0.0,0.0,1.0,c1,c5
1925,1,0.0,0.0,1.0,c234,c5
1926,1,0.0,0.0,1.0,c234,c5
1927,5,0.0,1.0,0.0,c234,c234
1928,1,0.0,0.0,1.0,c234,c5
1929,1,0.0,0.0,1.0,c234,c5
1930,2,0.0,0.0,1.0,c234,c5
1931,2,0.0,0.0,1.0,c1,c5
1932,5,0.0,1.0,0.0,c234,c234
1933,4,0.0,0.0,1.0,c1,c5
1934,3,0.0,0.0,1.0,c234,c5
1935,5,0.0,1.0,0.0,c5,c234
1936,1,0.0,0.0,1.0,c1,c5
1937,1,0.0,0.0,1.0,c234,c5
1938,4,0.0,0.0,1.0,c1,c5
1939,4,0.0,0.0,1.0,c1,c5
1940,2,0.0,0.0,1.0,c1,c5
1941,1,0.0,0.0,1.0,c1,c5
1942,3,0.0,0.0,1.0,c5,c5
1943,3,0.0,0.0,1.0,c1,c5
1944,3,0.0,0.0,1.0,c1,c5
1945,4,0.0,0.0,1.0,c5,c5
1946,4,0.0,0.0,1.0,c234,c5
1947,5,0.0,1.0,0.0,c5,c234
1948,3,0.0,0.0,1.0,c5,c5
1949,4,0.0,0.0,1.0,c234,c5
1950,2,0.0,0.0,1.0,c5,c5
1951,2,0.0,0.0,1.0,c234,c5
1952,5,0.0,1.0,0.0,c5,c234
1953,1,0.0,0.0,1.0,c234,c5
1954,2,0.0,0.0,1.0,c1,c5
1955,5,0.0,1.0,0.0,c1,c234
1956,2,0.0,0.0,1.0,c5,c5
1957,5,0.0,1.0,0.0,c1,c234
1958,2,0.0,0.0,1.0,c234,c5
1959,2,0.0,0.0,1.0,c234,c5
1960,5,0.0,1.0,0.0,c234,c234
1961,3,0.0,0.0,1.0,c5,c5
1962,1,0.0,0.0,1.0,c234,c5
1963,3,0.0,0.0,1.0,c5,c5
1964,1,0.0,0.0,1.0,c5,c5
1965,5,0.0,1.0,0.0,c5,c234
1966,1,0.0,0.0,1.0,c5,c5
1967,5,0.0,1.0,0.0,c1,c234
1968,2,0.0,0.0,1.0,c5,c5
1969,2,0.0,0.0,1.0,c5,c5
1970,4,0.0,0.0,1.0,c234,c5
1971,1,0.0,0.0,1.0,c234,c5
1972,1,0.0,0.0,1.0,c1,c5
1973,2,0.0,0.0,1.0,c1,c5
1974,4,0.0,0.0,1.0,c1,c5
1975,2,0.0,0.0,1.0,c234,c5
1976,3,0.0,0.0,1.0,c234,c5
1977,4,0.0,0.0,1.0,c1,c5
1978,2,0.0,0.0,1.0,c5,c5
1979,4,0.0,0.0,1.0,c234,c5
1980,3,0.0,0.0,1.0,c234,c5
1981,1,0.0,0.0,1.0,c1,c5
1982,1,0.0,0.0,1.0,c5,c5
1983,1,0.0,0.0,1.0,c234,c5
1984,3,0.0,0.0,1.0,c234,c5
1985,1,0.0,0.0,1.0,c1,c5
1986,3,0.0,0.0,1.0,c234,c5
1987,5,0.0,1.0,0.0,c234,c234
1988,1,0.0,0.0,1.0,c1,c5
1989,2,0.0,0.0,1.0,c1,c5
1990,2,0.0,0.0,1.0,c234,c5
1991,1,0.0,0.0,1.0,c5,c5
1992,4,0.0,0.0,1.0,c1,c5
1993,3,0.0,0.0,1.0,c1,c5
1994,4,0.0,0.0,1.0,c5,c5
1995,4,0.0,0.0,1.0,c5,c5
1996,3,0.0,0.0,1.0,c5,c5
1997,4,0.0,0.0,1.0,c234,c5
1998,5,0.0,1.0,0.0,c5,c234
1999,2,0.0,0.0,1.0,c234,c5
2000,2,0.0,0.0,1.0,c1,c5
2001,2,0.0,0.0,1.0,c5,c5
2002,2,0.0,0.0,1.0,c1,c5
2003,3,0.0,0.0,1.0,c1,c5
2004,2,0.0,0.0,1.0,c5,c5
2005,4,0.0,0.0,1.0,c5,c5
2006,1,0.0,0.0,1.0,c5,c5
2007,2,0.0,0.0,1.0,c1,c5
2008,3,0.0,0.0,1.0,c234,c5
2009,2,0.0,0.0,1.0,c234,c5
2010,4,0.0,0.0,1.0,c234,c5
2011,1,0.0,0.0,1.0,c5,c5
2012,4,0.0,0.0,1.0,c1,c5
2013,2,0.0,0.0,1.0,c5,c5
2014,5,0.0,1.0,0.0,c1,c234
2015,5,0.0,1.0,0.0,c234,c234
2016,5,0.0,1.0,0.0,c1,c234
2017,2,0.0,0.0,1.0,c5,c5
2018,4,0.0,0.0,1.0,c234,c5
2019,2,0.0,0.0,1.0,c1,c5
2020,5,0.0,1.0,0.0,c5,c234
2021,2,0.0,0.0,1.0,c234,c5
2022,1,0.0,0.0,1.0,c5,c5
2023,5,0.0,1.0,0.0,c5,c234
2024,4,0.0,0.0,1.0,c234,c5
2025,4,0.0,0.0,1.0,c234,c5
2026,2,0.0,0.0,1.0,c5,c5
2027,4,0.0,0.0,1.0,c1,c5
2028,5,0.0,1.0,0.0,c234,c234
2029,3,0.0,0.0,1.0,c234,c5
2030,1,0.0,0.0,1.0,c5,c5
2031,4,0.0,0.0,1.0,c1,c5
2032,4,0.0,0.0,1.0,c1,c5
2033,3,0.0,0.0,1.0,c1,c5
2034,2,0.0,0.0,1.0,c1,c5
2035,3,0.0,0.0,1.0,c5,c5
2036,3,0.0,0.0,1.0,c1,c5
2037,1,0.0,0.0,1.0,c5,c5
2038,3,0.0,0.0,1.0,c5,c5
2039,3,0.0,0.0,1.0,c234,c5
2040,1,0.0,0.0,1.0,c5,c5
2041,3,0.0,0.0,1.0,c1,c5
2042,5,0.0,1.0,0.0,c1,c234
2043,2,0.0,0.0,1.0,c5,c5
2044,5,0.0,1.0,0.0,c5,c234
2045,3,0.0,0.0,1.0,c234,c5
2046,2,0.0,0.0,1.0,c234,c5
2047,4,0.0,0.0,1.0,c234,c5
2048,3,0.0,0.0,1.0,c5,c5
2049,2,0.0,0.0,1.0,c234,c5
2050,4,0.0,0.0,1.0,c234,c5
2051,5,0.0,1.0,0.0,c5,c234
2052,4,0.0,0.0,1.0,c1,c5
2053,4,0.0,0.0,1.0,c5,c5
2054,5,0.0,1.0,0.0,c234,c234
2055,1,0.0,0.0,1.0,c5,c5
2056,1,0.0,0.0,1.0,c1,c5
2057,2,0.0,0.0,1.0,c1,c5
2058,2,0.0,0.0,1.0,c234,c5
2059,3,0.0,0.0,1.0,c234,c5
2060,2,0.0,0.0,1.0,c5,c5
2061,4,0.0,0.0,1.0,c1,c5
2062,2,0.0,0.0,1.0,c5,c5
2063,5,0.0,1.0,0.0,c234,c234
2064,2,0.0,0.0,1.0,c5,c5
2065,5,0.0,1.0,0.0,c234,c234
2066,2,0.0,0.0,1.0,c5,c5
2067,4,0.0,0.0,1.0,c1,c5
2068,4,0.0,0.0,1.0,c1,c5
2069,5,0.0,1.0,0.0,c1,c234
2070,5,0.0,1.0,0.0,c5,c234
2071,5,0.0,1.0,0.0,c5,c234
2072,4,0.0,0.0,1.0,c1,c5
2073,4,0.0,0.0,1.0,c234,c5
2074,1,0.0,0.0,1.0,c234,c5
2075,5,0.0,1.0,0.0,c5,c234
2076,3,0.0,0.0,1.0,c1,c5
2077,1,0.0,0.0,1.0,c5,c5
2078,4,0.0,0.0,1.0,c1,c5
2079,4,0.0,0.0,1.0,c1,c5
2080,2,0.0,0.0,1.0,c5,c5
2081,5,0.0,1.0,0.0,c1,c234
2082,2,0.0,0.0,1.0,c5,c5
2083,2,0.0,0.0,1.0,c5,c5
2084,2,0.0,0.0,1.0,c234,c5
2085,4,0.0,0.0,1.0,c5,c5
2086,1,0.0,0.0,1.0,c5,c5
2087,3,0.0,0.0,1.0,c5,c5
2088,5,0.0,1.0,0.0,c5,c234
2089,2,0.0,0.0,1.0,c234,c5
2090,1,0.0,0.0,1.0,c234,c5
2091,2,0.0,0.0,1.0,c234,c5
2092,3,0.0,0.0,1.0,c5,c5
2093,4,0.0,0.0,1.0,c1,c5
2094,1,0.0,0.0,1.0,c1,c5
2095,5,0.0,1.0,0.0,c1,c234
2096,3,0.0,0.0,1.0,c1,c5
2097,5,0.0,1.0,0.0,c5,c234
2098,4,0.0,0.0,1.0,c234,c5
2099,2,0.0,0.0,1.0,c1,c5
2100,3,0.0,0.0,1.0,c1,c5
2101,3,0.0,0.0,1.0,c5,c5
2102,3,0.0,0.0,1.0,c1,c5
2103,5,0.0,1.0,0.0,c1,c234
2104,2,0.0,0.0,1.0,c5,c5
2105,5,0.0,1.0,0.0,c1,c234
2106,3,0.0,0.0,1.0,c5,c5
2107,4,0.0,0.0,1.0,c1,c5
2108,3,0.0,0.0,1.0,c234,c5
2109,4,0.0,0.0,1.0,c234,c5
2110,2,0.0,0.0,1.0,c1,c5
2111,1,0.0,0.0,1.0,c234,c5
2112,3,0.0,0.0,1.0,c1,c5
2113,1,0.0,0.0,1.0,c1,c5
2114,4,0.0,0.0,1.0,c1,c5
2115,3,0.0,0.0,1.0,c1,c5
2116,3,0.0,0.0,1.0,c1,c5
2117,5,0.0,1.0,0.0,c234,c234
2118,1,0.0,0.0,1.0,c5,c5
2119,2,0.0,0.0,1.0,c234,c5
2120,2,0.0,0.0,1.0,c5,c5
2121,4,0.0,0.0,1.0,c1,c5
2122,1,0.0,0.0,1.0,c5,c5
2123,2,0.0,0.0,1.0,c234,c5
2124,3,0.0,0.0,1.0,c234,c5
2125,1,0.0,0.0,1.0,c1,c5
2126,3,0.0,0.0,1.0,c1,c5
2127,1,0.0,0.0,1.0,c5,c5
2128,4,0.0,0.0,1.0,c5,c5
2129,2,0.0,0.0,1.0,c234,c5
2130,4,0.0,0.0,1.0,c1,c5
2131,1,0.0,0.0,1.0,c1,c5
2132,1,0.0,0.0,1.0,c234,c5
2133,4,0.0,0.0,1.0,c234,c5
2134,1,0.0,0.0,1.0,c1,c5
2135,2,0.0,0.0,1.0,c5,c5
2136,4,0.0,0.0,1.0,c1,c5
2137,4,0.0,0.0,1.0,c5,c5
2138,5,0.0,1.0,0.0,c5,c234
2139,1,0.0,0.0,1.0,c5,c5
2140,5,0.0,1.0,0.0,c234,c234
2141,1,0.0,0.0,1.0,c1,c5
2142,4,0.0,0.0,1.0,c5,c5
2143,5,0.0,1.0,0.0,c5,c234
2144,1,0.0,0.0,1.0,c1,c5
2145,3,0.0,0.0,1.0,c234,c5
2146,5,0.0,1.0,0.0,c234,c234
2147,3,0.0,0.0,1.0,c234,c5
2148,1,0.0,0.0,1.0,c5,c5
2149,1,0.0,0.0,1.0,c234,c5
2150,5,0.0,1.0,0.0,c234,c234
2151,4,0.0,0.0,1.0,c5,c5
2152,4,0.0,0.0,1.0,c1,c5
2153,1,0.0,0.0,1.0,c1,c5
2154,1,0.0,0.0,1.0,c5,c5
2155,4,0.0,0.0,1.0,c1,c5
2156,2,0.0,0.0,1.0,c234,c5
2157,4,0.0,0.0,1.0,c1,c5
2158,5,0.0,1.0,0.0,c234,c234
2159,5,0.0,1.0,0.0,c1,c234
2160,4,0.0,0.0,1.0,c234,c5
2161,3,0.0,0.0,1.0,c5,c5
2162,1,0.0,0.0,1.0,c1,c5
2163,3,0.0,0.0,1.0,c234,c5
2164,3,0.0,0.0,1.0,c1,c5
2165,1,0.0,0.0,1.0,c1,c5
2166,4,0.0,0.0,1.0,c1,c5
2167,3,0.0,0.0,1.0,c5,c5
2168,3,0.0,0.0,1.0,c234,c5
2169,3,0.0,0.0,1.0,c234,c5
2170,3,0.0,0.0,1.0,c5,c5
2171,2,0.0,0.0,1.0,c234,c5
2172,2,0.0,0.0,1.0,c234,c5
2173,5,0.0,1.0,0.0,c234,c234
2174,3,0.0,0.0,1.0,c1,c5
2175,1,0.0,0.0,1.0,c5,c5
2176,1,0.0,0.0,1.0,c234,c5
2177,1,0.0,0.0,1.0,c5,c5
2178,1,0.0,0.0,1.0,c1,c5
2179,3,0.0,0.0,1.0,c5,c5
2180,2,0.0,0.0,1.0,c234,c5
2181,2,0.0,0.0,1.0,c1,c5
2182,2,0.0,0.0,1.0,c234,c5
2183,3,0.0,0.0,1.0,c234,c5
2184,2,0.0,0.0,1.0,c234,c5
2185,3,0.0,0.0,1.0,c5,c5
2186,4,0.0,0.0,1.0,c5,c5
2187,1,0.0,0.0,1.0,c5,c5
2188,3,0.0,0.0,1.0,c234,c5
2189,1,0.0,0.0,1.0,c5,c5
2190,1,0.0,0.0,1.0,c5,c5
2191,1,0.0,0.0,1.0,c234,c5
2192,1,0.0,0.0,1.0,c5,c5
2193,2,0.0,0.0,1.0,c5,c5
2194,3,0.0,0.0,1.0,c5,c5
2195,3,0.0,0.0,1.0,c5,c5
2196,4,0.0,0.0,1.0,c1,c5
2197,3,0.0,0.0,1.0,c1,c5
2198,4,0.0,0.0,1.0,c5,c5
2199,1,0.0,0.0,1.0,c5,c5
2200,5,0.0,1.0,0.0,c5,c234
2201,1,0.0,0.0,1.0,c1,c5
2202,3,0.0,0.0,1.0,c1,c5
2203,1,0.0,0.0,1.0,c234,c5
2204,4,0.0,0.0,1.0,c1,c5
2205,5,0.0,1.0,0.0,c234,c234
2206,3,0.0,0.0,1.0,c234,c5
2207,3,0.0,0.0,1.0,c5,c5
2208,1,0.0,0.0,1.0,c5,c5
2209,4,0.0,0.0,1.0,c1,c5
2210,5,0.0,1.0,0.0,c234,c234
2211,3,0.0,0.0,1.0,c234,c5
2212,4,0.0,0.0,1.0,c1,c5
2213,5,0.0,1.0,0.0,c5,c234
2214,4,0.0,0.0,1.0,c234,c5
2215,3,0.0,0.0,1.0,c5,c5
2216,1,0.0,0.0,1.0,c234,c5
2217,3,0.0,0.0,1.0,c1,c5
2218,5,0.0,1.0,0.0,c1,c234
2219,3,0.0,0.0,1.0,c1,c5
2220,5,0.0,1.0,0.0,c5,c234
2221,5,0.0,1.0,0.0,c5,c234
2222,3,0.0,0.0,1.0,c5,c5
2223,1,0.0,0.0,1.0,c234,c5
2224,2,0.0,0.0,1.0,c5,c5
2225,2,0.0,0.0,1.0,c234,c5
2226,1,0.0,0.0,1.0,c1,c5
2227,1,0.0,0.0,1.0,c234,c5
2228,1,0.0,0.0,1.0,c1,c5
2229,5,0.0,1.0,0.0,c5,c234
2230,2,0.0,0.0,1.0,c5,c5
2231,4,0.0,0.0,1.0,c1,c5
2232,3,0.0,0.0,1.0,c234,c5
2233,5,0.0,1.0,0.0,c5,c234
2234,2,0.0,0.0,1.0,c5,c5
2235,3,0.0,0.0,1.0,c234,c5
2236,5,0.0,1.0,0.0,c234,c234
2237,5,0.0,1.0,0.0,c1,c234
2238,2,0.0,0.0,1.0,c5,c5
2239,1,0.0,0.0,1.0,c234,c5
2240,1,0.0,0.0,1.0,c234,c5
2241,3,0.0,0.0,1.0,c5,c5
2242,2,0.0,0.0,1.0,c5,c5
2243,1,0.0,0.0,1.0,c1,c5
2244,5,0.0,1.0,0.0,c1,c234
2245,2,0.0,0.0,1.0,c234,c5
2246,4,0.0,0.0,1.0,c1,c5
2247,4,0.0,0.0,1.0,c234,c5
2248,5,0.0,1.0,0.0,c1,c234
2249,5,0.0,1.0,0.0,c5,c234
2250,2,0.0,0.0,1.0,c1,c5
2251,1,0.0,0.0,1.0,c5,c5
2252,2,0.0,0.0,1.0,c234,c5
2253,5,0.0,1.0,0.0,c1,c234
2254,5,0.0,1.0,0.0,c234,c234
2255,4,0.0,0.0,1.0,c234,c5
2256,5,0.0,1.0,0.0,c5,c234
2257,1,0.0,0.0,1.0,c1,c5
2258,3,0.0,0.0,1.0,c5,c5
2259,5,0.0,1.0,0.0,c5,c234
2260,3,0.0,0.0,1.0,c1,c5
2261,3,0.0,0.0,1.0,c1,c5
2262,1,0.0,0.0,1.0,c234,c5
2263,1,0.0,0.0,1.0,c1,c5
2264,3,0.0,0.0,1.0,c1,c5
2265,3,0.0,0.0,1.0,c5,c5
2266,4,0.0,0.0,1.0,c234,c5
2267,5,0.0,1.0,0.0,c234,c234
2268,3,0.0,0.0,1.0,c1,c5
2269,4,0.0,0.0,1.0,c234,c5
2270,3,0.0,0.0,1.0,c1,c5
2271,2,0.0,0.0,1.0,c5,c5
2272,5,0.0,1.0,0.0,c234,c234
2273,5,0.0,1.0,0.0,c1,c234
2274,1,0.0,0.0,1.0,c5,c5
2275,5,0.0,1.0,0.0,c5,c234
2276,4,0.0,0.0,1.0,c234,c5
2277,4,0.0,0.0,1.0,c234,c5
2278,2,0.0,0.0,1.0,c5,c5
2279,4,0.0,0.0,1.0,c1,c5
2280,4,0.0,0.0,1.0,c234,c5
2281,3,0.0,0.0,1.0,c1,c5
2282,1,0.0,0.0,1.0,c234,c5
2283,3,0.0,0.0,1.0,c1,c5
2284,4,0.0,0.0,1.0,c1,c5
2285,5,0.0,1.0,0.0,c234,c234
2286,1,0.0,0.0,1.0,c1,c5
2287,5,0.0,1.0,0.0,c5,c234
2288,5,0.0,1.0,0.0,c1,c234
2289,3,0.0,0.0,1.0,c234,c5
2290,4,0.0,0.0,1.0,c234,c5
2291,4,0.0,0.0,1.0,c234,c5
2292,2,0.0,0.0,1.0,c5,c5
2293,3,0.0,0.0,1.0,c234,c5
2294,2,0.0,0.0,1.0,c234,c5
2295,2,0.0,0.0,1.0,c234,c5
2296,4,0.0,0.0,1.0,c1,c5
2297,3,0.0,0.0,1.0,c5,c5
2298,5,0.0,1.0,0.0,c234,c234
2299,2,0.0,0.0,1.0,c234,c5
2300,3,0.0,0.0,1.0,c5,c5
2301,4,0.0,0.0,1.0,c1,c5
2302,3,0.0,0.0,1.0,c1,c5
2303,5,0.0,1.0,0.0,c1,c234
2304,3,0.0,0.0,1.0,c1,c5
2305,3,0.0,0.0,1.0,c5,c5
2306,1,0.0,0.0,1.0,c1,c5
2307,2,0.0,0.0,1.0,c5,c5
2308,5,0.0,1.0,0.0,c234,c234
2309,2,0.0,0.0,1.0,c234,c5
2310,1,0.0,0.0,1.0,c1,c5
2311,4,0.0,0.0,1.0,c5,c5
2312,3,0.0,0.0,1.0,c234,c5
2313,5,0.0,1.0,0.0,c5,c234
2314,1,0.0,0.0,1.0,c5,c5
2315,2,0.0,0.0,1.0,c5,c5
2316,5,0.0,1.0,0.0,c5,c234
2317,3,0.0,0.0,1.0,c234,c5
2318,2,0.0,0.0,1.0,c1,c5
2319,1,0.0,0.0,1.0,c5,c5
2320,4,0.0,0.0,1.0,c234,c5
2321,1,0.0,0.0,1.0,c1,c5
2322,5,0.0,1.0,0.0,c234,c234
2323,4,0.0,0.0,1.0,c234,c5
2324,3,0.0,0.0,1.0,c5,c5
2325,2,0.0,0.0,1.0,c5,c5
2326,2,0.0,0.0,1.0,c234,c5
2327,1,0.0,0.0,1.0,c234,c5
2328,3,0.0,0.0,1.0,c234,c5
2329,2,0.0,0.0,1.0,c234,c5
2330,3,0.0,0.0,1.0,c1,c5
2331,5,0.0,1.0,0.0,c234,c234
2332,4,0.0,0.0,1.0,c5,c5
2333,5,0.0,1.0,0.0,c1,c234
2334,4,0.0,0.0,1.0,c5,c5
2335,5,0.0,1.0,0.0,c1,c234
2336,2,0.0,0.0,1.0,c234,c5
2337,1,0.0,0.0,1.0,c234,c5
2338,1,0.0,0.0,1.0,c5,c5
2339,3,0.0,0.0,1.0,c234,c5
2340,4,0.0,0.0,1.0,c5,c5
2341,2,0.0,0.0,1.0,c1,c5
2342,3,0.0,0.0,1.0,c234,c5
2343,4,0.0,0.0,1.0,c1,c5
2344,3,0.0,0.0,1.0,c1,c5
2345,4,0.0,0.0,1.0,c1,c5
2346,4,0.0,0.0,1.0,c234,c5
2347,3,0.0,0.0,1.0,c234,c5
2348,4,0.0,0.0,1.0,c1,c5
2349,4,0.0,0.0,1.0,c5,c5
2350,2,0.0,0.0,1.0,c5,c5
2351,1,0.0,0.0,1.0,c234,c5
2352,3,0.0,0.0,1.0,c5,c5
2353,2,0.0,0.0,1.0,c5,c5
2354,4,0.0,0.0,1.0,c5,c5
2355,1,0.0,0.0,1.0,c5,c5
2356,5,0.0,1.0,0.0,c5,c234
2357,2,0.0,0.0,1.0,c5,c5
2358,1,0.0,0.0,1.0,c1,c5
2359,4,0.0,0.0,1.0,c234,c5
2360,2,0.0,0.0,1.0,c1,c5
2361,3,0.0,0.0,1.0,c1,c5
2362,5,0.0,1.0,0.0,c1,c234
2363,3,0.0,0.0,1.0,c1,c5
2364,2,0.0,0.0,1.0,c1,c5
2365,1,0.0,0.0,1.0,c234,c5
2366,3,0.0,0.0,1.0,c1,c5
2367,1,0.0,0.0,1.0,c234,c5
2368,1,0.0,0.0,1.0,c5,c5
2369,1,0.0,0.0,1.0,c5,c5
2370,5,0.0,1.0,0.0,c5,c234
2371,4,0.0,0.0,1.0,c234,c5
2372,5,0.0,1.0,0.0,c1,c234
2373,5,0.0,1.0,0.0,c5,c234
2374,1,0.0,0.0,1.0,c1,c5
2375,1,0.0,0.0,1.0,c1,c5
2376,1,0.0,0.0,1.0,c1,c5
2377,4,0.0,0.0,1.0,c5,c5
2378,2,0.0,0.0,1.0,c1,c5
2379,4,0.0,0.0,1.0,c234,c5
2380,5,0.0,1.0,0.0,c234,c234
2381,1,0.0,0.0,1.0,c1,c5
2382,2,0.0,0.0,1.0,c234,c5
2383,5,0.0,1.0,0.0,c1,c234
2384,1,0.0,0.0,1.0,c1,c5
2385,5,0.0,1.0,0.0,c5,c234
2386,1,0.0,0.0,1.0,c234,c5
2387,5,0.0,1.0,0.0,c5,c234
2388,5,0.0,1.0,0.0,c5,c234
2389,4,0.0,0.0,1.0,c234,c5
2390,1,0.0,0.0,1.0,c234,c5
2391,4,0.0,0.0,1.0,c1,c5
2392,5,0.0,1.0,0.0,c234,c234
2393,3,0.0,0.0,1.0,c1,c5
2394,4,0.0,0.0,1.0,c234,c5
2395,2,0.0,0.0,1.0,c234,c5
2396,3,0.0,0.0,1.0,c1,c5
2397,3,0.0,0.0,1.0,c5,c5
2398,3,0.0,0.0,1.0,c5,c5
2399,2,0.0,0.0,1.0,c234,c5
2400,5,0.0,1.0,0.0,c5,c234
2401,5,0.0,1.0,0.0,c5,c234
2402,1,0.0,0.0,1.0,c5,c5
2403,3,0.0,0.0,1.0,c5,c5
2404,4,0.0,0.0,1.0,c1,c5
2405,3,0.0,0.0,1.0,c5,c5
2406,3,0.0,0.0,1.0,c1,c5
2407,3,0.0,0.0,1.0,c234,c5
2408,4,0.0,0.0,1.0,c5,c5
2409,1,0.0,0.0,1.0,c234,c5
2410,4,0.0,0.0,1.0,c1,c5
2411,1,0.0,0.0,1.0,c1,c5
2412,3,0.0,0.0,1.0,c234,c5
2413,3,0.0,0.0,1.0,c5,c5
2414,1,0.0,0.0,1.0,c5,c5
2415,4,0.0,0.0,1.0,c5,c5
2416,2,0.0,0.0,1.0,c1,c5
2417,3,0.0,0.0,1.0,c1,c5
2418,3,0.0,0.0,1.0,c1,c5
2419,1,0.0,0.0,1.0,c1,c5
2420,4,0.0,0.0,1.0,c5,c5
2421,5,0.0,1.0,0.0,c234,c234
2422,2,0.0,0.0,1.0,c5,c5
2423,2,0.0,0.0,1.0,c5,c5
2424,2,0.0,0.0,1.0,c5,c5
2425,4,0.0,0.0,1.0,c234,c5
2426,3,0.0,0.0,1.0,c5,c5
2427,2,0.0,0.0,1.0,c1,c5
2428,1,0.0,0.0,1.0,c5,c5
2429,4,0.0,0.0,1.0,c5,c5
2430,5,0.0,1.0,0.0,c1,c234
2431,1,0.0,0.0,1.0,c5,c5
2432,2,0.0,0.0,1.0,c1,c5
2433,5,0.0,1.0,0.0,c1,c234
2434,5,0.0,1.0,0.0,c5,c234
2435,3,0.0,0.0,1.0,c5,c5
2436,3,0.0,0.0,1.0,c234,c5
2437,1,0.0,0.0,1.0,c1,c5
2438,3,0.0,0.0,1.0,c5,c5
2439,2,0.0,0.0,1.0,c234,c5
2440,3,0.0,0.0,1.0,c234,c5
2441,2,0.0,0.0,1.0,c234,c5
2442,2,0.0,0.0,1.0,c234,c5
2443,5,0.0,1.0,0.0,c234,c234
2444,1,0.0,0.0,1.0,c1,c5
2445,2,0.0,0.0,1.0,c234,c5
2446,2,0.0,0.0,1.0,c1,c5
2447,5,0.0,1.0,0.0,c1,c234
2448,5,0.0,1.0,0.0,c234,c234
2449,2,0.0,0.0,1.0,c5,c5
2450,1,0.0,0.0,1.0,c5,c5
2451,3,0.0,0.0,1.0,c1,c5
2452,1,0.0,0.0,1.0,c234,c5
2453,4,0.0,0.0,1.0,c234,c5
2454,1,0.0,0.0,1.0,c234,c5
2455,1,0.0,0.0,1.0,c5,c5
2456,4,0.0,0.0,1.0,c5,c5
2457,2,0.0,0.0,1.0,c5,c5
2458,4,0.0,0.0,1.0,c5,c5
2459,2,0.0,0.0,1.0,c1,c5
2460,4,0.0,0.0,1.0,c234,c5
2461,2,0.0,0.0,1.0,c234,c5
2462,5,0.0,1.0,0.0,c234,c234
2463,1,0.0,0.0,1.0,c234,c5
2464,1,0.0,0.0,1.0,c5,c5
2465,1,0.0,0.0,1.0,c234,c5
2466,4,0.0,0.0,1.0,c5,c5
2467,2,0.0,0.0,1.0,c5,c5
2468,1,0.0,0.0,1.0,c1,c5
2469,5,0.0,1.0,0.0,c5,c234
2470,1,0.0,0.0,1.0,c1,c5
2471,5,0.0,1.0,0.0,c5,c234
2472,4,0.0,0.0,1.0,c5,c5
2473,5,0.0,1.0,0.0,c234,c234
2474,4,0.0,0.0,1.0,c234,c5
2475,4,0.0,0.0,1.0,c234,c5
2476,4,0.0,0.0,1.0,c1,c5
2477,5,0.0,1.0,0.0,c234,c234
2478,5,0.0,1.0,0.0,c5,c234
2479,5,0.0,1.0,0.0,c5,c234
2480,3,0.0,0.0,1.0,c5,c5
2481,3,0.0,0.0,1.0,c1,c5
2482,1,0.0,0.0,1.0,c5,c5
2483,1,0.0,0.0,1.0,c1,c5
2484,5,0.0,1.0,0.0,c1,c234
2485,4,0.0,0.0,1.0,c1,c5
2486,5,0.0,1.0,0.0,c1,c234
2487,5,0.0,1.0,0.0,c5,c234
2488,1,0.0,0.0,1.0,c1,c5
2489,2,0.0,0.0,1.0,c5,c5
2490,2,0.0,0.0,1.0,c1,c5
2491,4,0.0,0.0,1.0,c5,c5
2492,4,0.0,0.0,1.0,c1,c5
2493,5,0.0,1.0,0.0,c234,c234
2494,5,0.0,1.0,0.0,c5,c234
2495,4,0.0,0.0,1.0,c5,c5
2496,3,0.0,0.0,1.0,c5,c5
2497,3,0.0,0.0,1.0,c1,c5
2498,5,0.0,1.0,0.0,c234,c234
2499,2,0.0,0.0,1.0,c1,c5
2500,1,0.0,0.0,1.0,c5,c5
2501,3,0.0,0.0,1.0,c234,c5
2502,2,0.0,0.0,1.0,c234,c5
2503,2,0.0,0.0,1.0,c5,c5
2504,3,0.0,0.0,1.0,c234,c5
2505,2,0.0,0.0,1.0,c1,c5
2506,4,0.0,0.0,1.0,c1,c5
2507,4,0.0,0.0,1.0,c234,c5
2508,3,0.0,0.0,1.0,c5,c5
2509,4,0.0,0.0,1.0,c5,c5
2510,5,0.0,1.0,0.0,c234,c234
2511,1,0.0,0.0,1.0,c1,c5
2512,3,0.0,0.0,1.0,c234,c5
2513,1,0.0,0.0,1.0,c1,c5
2514,2,0.0,0.0,1.0,c234,c5
2515,4,0.0,0.0,1.0,c5,c5
2516,2,0.0,0.0,1.0,c1,c5
2517,5,0.0,1.0,0.0,c5,c234
2518,5,0.0,1.0,0.0,c5,c234
2519,3,0.0,0.0,1.0,c234,c5
2520,2,0.0,0.0,1.0,c1,c5
2521,4,0.0,0.0,1.0,c234,c5
2522,1,0.0,0.0,1.0,c5,c5
2523,3,0.0,0.0,1.0,c1,c5
2524,4,0.0,0.0,1.0,c5,c5
2525,1,0.0,0.0,1.0,c1,c5
2526,4,0.0,0.0,1.0,c5,c5
2527,1,0.0,0.0,1.0,c5,c5
2528,4,0.0,0.0,1.0,c5,c5
2529,4,0.0,0.0,1.0,c234,c5
2530,2,0.0,0.0,1.0,c1,c5
2531,2,0.0,0.0,1.0,c5,c5
2532,3,0.0,0.0,1.0,c1,c5
2533,3,0.0,0.0,1.0,c234,c5
2534,2,0.0,0.0,1.0,c5,c5
2535,5,0.0,1.0,0.0,c234,c234
2536,1,0.0,0.0,1.0,c1,c5
2537,3,0.0,0.0,1.0,c5,c5
2538,2,0.0,0.0,1.0,c234,c5
2539,5,0.0,1.0,0.0,c5,c234
2540,1,0.0,0.0,1.0,c1,c5
2541,5,0.0,1.0,0.0,c234,c234
2542,3,0.0,0.0,1.0,c1,c5
2543,4,0.0,0.0,1.0,c5,c5
2544,3,0.0,0.0,1.0,c5,c5
2545,4,0.0,0.0,1.0,c5,c5
2546,5,0.0,1.0,0.0,c234,c234
2547,2,0.0,0.0,1.0,c5,c5
2548,1,0.0,0.0,1.0,c5,c5
2549,1,0.0,0.0,1.0,c5,c5
2550,3,0.0,0.0,1.0,c1,c5
2551,5,0.0,1.0,0.0,c1,c234
2552,5,0.0,1.0,0.0,c5,c234
2553,4,0.0,0.0,1.0,c5,c5
2554,5,0.0,1.0,0.0,c234,c234
2555,1,0.0,0.0,1.0,c234,c5
2556,5,0.0,1.0,0.0,c5,c234
2557,3,0.0,0.0,1.0,c234,c5
2558,2,0.0,0.0,1.0,c5,c5
2559,4,0.0,0.0,1.0,c1,c5
2560,4,0.0,0.0,1.0,c5,c5
2561,1,0.0,0.0,1.0,c5,c5
2562,5,0.0,1.0,0.0,c5,c234
2563,4,0.0,0.0,1.0,c234,c5
2564,3,0.0,0.0,1.0,c234,c5
2565,3,0.0,0.0,1.0,c5,c5
2566,2,0.0,0.0,1.0,c5,c5
2567,1,0.0,0.0,1.0,c1,c5
2568,4,0.0,0.0,1.0,c234,c5
2569,1,0.0,0.0,1.0,c234,c5
2570,2,0.0,0.0,1.0,c5,c5
2571,3,0.0,0.0,1.0,c234,c5
2572,3,0.0,0.0,1.0,c5,c5
2573,2,0.0,0.0,1.0,c234,c5
2574,2,0.0,0.0,1.0,c5,c5
2575,1,0.0,0.0,1.0,c234,c5
2576,4,0.0,0.0,1.0,c234,c5
2577,4,0.0,0.0,1.0,c234,c5
2578,2,0.0,0.0,1.0,c234,c5
2579,1,0.0,0.0,1.0,c1,c5
2580,1,0.0,0.0,1.0,c5,c5
2581,2,0.0,0.0,1.0,c234,c5
2582,5,0.0,1.0,0.0,c5,c234
2583,4,0.0,0.0,1.0,c5,c5
2584,3,0.0,0.0,1.0,c234,c5
2585,1,0.0,0.0,1.0,c234,c5
2586,4,0.0,0.0,1.0,c1,c5
2587,2,0.0,0.0,1.0,c234,c5
2588,2,0.0,0.0,1.0,c234,c5
2589,4,0.0,0.0,1.0,c5,c5
2590,4,0.0,0.0,1.0,c5,c5
2591,4,0.0,0.0,1.0,c234,c5
2592,1,0.0,0.0,1.0,c5,c5
2593,5,0.0,1.0,0.0,c5,c234
2594,5,0.0,1.0,0.0,c5,c234
2595,1,0.0,0.0,1.0,c1,c5
2596,3,0.0,0.0,1.0,c5,c5
2597,2,0.0,0.0,1.0,c234,c5
2598,4,0.0,0.0,1.0,c5,c5
2599,2,0.0,0.0,1.0,c234,c5
2600,2,0.0,0.0,1.0,c234,c5
2601,2,0.0,0.0,1.0,c234,c5
2602,3,0.0,0.0,1.0,c234,c5
2603,4,0.0,0.0,1.0,c5,c5
2604,2,0.0,0.0,1.0,c234,c5
2605,3,0.0,0.0,1.0,c1,c5
2606,5,0.0,1.0,0.0,c5,c234
2607,3,0.0,0.0,1.0,c5,c5
2608,4,0.0,0.0,1.0,c5,c5
2609,3,0.0,0.0,1.0,c234,c5
2610,2,0.0,0.0,1.0,c1,c5
2611,3,0.0,0.0,1.0,c234,c5
2612,3,0.0,0.0,1.0,c234,c5
2613,4,0.0,0.0,1.0,c234,c5
2614,4,0.0,0.0,1.0,c5,c5
2615,4,0.0,0.0,1.0,c1,c5
2616,1,0.0,0.0,1.0,c5,c5
2617,3,0.0,0.0,1.0,c5,c5
2618,2,0.0,0.0,1.0,c1,c5
2619,3,0.0,0.0,1.0,c234,c5
2620,5,0.0,1.0,0.0,c1,c234
2621,1,0.0,0.0,1.0,c5,c5
2622,1,0.0,0.0,1.0,c1,c5
2623,3,0.0,0.0,1.0,c234,c5
2624,2,0.0,0.0,1.0,c5,c5
2625,3,0.0,0.0,1.0,c5,c5
2626,2,0.0,0.0,1.0,c1,c5
2627,5,0.0,1.0,0.0,c1,c234
2628,1,0.0,0.0,1.0,c234,c5
2629,2,0.0,0.0,1.0,c234,c5
2630,4,0.0,0.0,1.0,c5,c5
2631,2,0.0,0.0,1.0,c234,c5
2632,1,0.0,0.0,1.0,c234,c5
2633,1,0.0,0.0,1.0,c234,c5
2634,3,0.0,0.0,1.0,c5,c5
2635,2,0.0,0.0,1.0,c1,c5
2636,1,0.0,0.0,1.0,c5,c5
2637,1,0.0,0.0,1.0,c5,c5
2638,4,0.0,0.0,1.0,c234,c5
2639,1,0.0,0.0,1.0,c234,c5
2640,4,0.0,0.0,1.0,c234,c5
2641,3,0.0,0.0,1.0,c5,c5
2642,2,0.0,0.0,1.0,c1,c5
2643,4,0.0,0.0,1.0,c1,c5
2644,2,0.0,0.0,1.0,c1,c5
2645,4,0.0,0.0,1.0,c5,c5
2646,1,0.0,0.0,1.0,c1,c5
2647,5,0.0,1.0,0.0,c1,c234
2648,1,0.0,0.0,1.0,c1,c5
2649,1,0.0,0.0,1.0,c234,c5
2650,3,0.0,0.0,1.0,c234,c5
2651,1,0.0,0.0,1.0,c234,c5
2652,5,0.0,1.0,0.0,c234,c234
2653,4,0.0,0.0,1.0,c5,c5
2654,4,0.0,0.0,1.0,c5,c5
2655,1,0.0,0.0,1.0,c1,c5
2656,3,0.0,0.0,1.0,c5,c5
2657,1,0.0,0.0,1.0,c5,c5
2658,2,0.0,0.0,1.0,c234,c5
2659,1,0.0,0.0,1.0,c1,c5
2660,1,0.0,0.0,1.0,c1,c5
2661,5,0.0,1.0,0.0,c5,c234
2662,1,0.0,0.0,1.0,c1,c5
2663,5,0.0,1.0,0.0,c1,c234
2664,5,0.0,1.0,0.0,c5,c234
2665,4,0.0,0.0,1.0,c1,c5
2666,4,0.0,0.0,1.0,c5,c5
2667,2,0.0,0.0,1.0,c5,c5
2668,3,0.0,0.0,1.0,c234,c5
2669,3,0.0,0.0,1.0,c1,c5
2670,2,0.0,0.0,1.0,c1,c5
2671,2,0.0,0.0,1.0,c234,c5
2672,5,0.0,1.0,0.0,c5,c234
2673,5,0.0,1.0,0.0,c234,c234
2674,3,0.0,0.0,1.0,c1,c5
2675,1,0.0,0.0,1.0,c234,c5
2676,4,0.0,0.0,1.0,c1,c5
2677,4,0.0,0.0,1.0,c1,c5
2678,4,0.0,0.0,1.0,c5,c5
2679,2,0.0,0.0,1.0,c234,c5
2680,5,0.0,1.0,0.0,c5,c234
2681,2,0.0,0.0,1.0,c5,c5
2682,5,0.0,1.0,0.0,c5,c234
2683,2,0.0,0.0,1.0,c234,c5
2684,3,0.0,0.0,1.0,c5,c5
2685,4,0.0,0.0,1.0,c5,c5
2686,2,0.0,0.0,1.0,c1,c5
2687,5,0.0,1.0,0.0,c1,c234
2688,5,0.0,1.0,0.0,c1,c234
2689,2,0.0,0.0,1.0,c1,c5
2690,3,0.0,0.0,1.0,c234,c5
2691,3,0.0,0.0,1.0,c1,c5
2692,1,0.0,0.0,1.0,c5,c5
2693,1,0.0,0.0,1.0,c1,c5
2694,1,0.0,0.0,1.0,c1,c5
2695,1,0.0,0.0,1.0,c5,c5
2696,2,0.0,0.0,1.0,c5,c5
2697,5,0.0,1.0,0.0,c234,c234
2698,3,0.0,0.0,1.0,c5,c5
2699,1,0.0,0.0,1.0,c1,c5
2700,5,0.0,1.0,0.0,c5,c234
2701,3,0.0,0.0,1.0,c234,c5
2702,5,0.0,1.0,0.0,c234,c234
2703,1,0.0,0.0,1.0,c234,c5
2704,2,0.0,0.0,1.0,c1,c5
2705,4,0.0,0.0,1.0,c1,c5
2706,3,0.0,0.0,1.0,c234,c5
2707,2,0.0,0.0,1.0,c234,c5
2708,3,0.0,0.0,1.0,c1,c5
2709,3,0.0,0.0,1.0,c5,c5
2710,5,0.0,1.0,0.0,c234,c234
2711,4,0.0,0.0,1.0,c1,c5
2712,4,0.0,0.0,1.0,c234,c5
2713,2,0.0,0.0,1.0,c234,c5
2714,4,0.0,0.0,1.0,c1,c5
2715,1,0.0,0.0,1.0,c1,c5
2716,2,0.0,0.0,1.0,c1,c5
2717,3,0.0,0.0,1.0,c1,c5
2718,3,0.0,0.0,1.0,c1,c5
2719,3,0.0,0.0,1.0,c1,c5
2720,3,0.0,0.0,1.0,c5,c5
2721,2,0.0,0.0,1.0,c5,c5
2722,2,0.0,0.0,1.0,c234,c5
2723,5,0.0,1.0,0.0,c1,c234
2724,3,0.0,0.0,1.0,c1,c5
2725,1,0.0,0.0,1.0,c5,c5
2726,5,0.0,1.0,0.0,c234,c234
2727,5,0.0,1.0,0.0,c5,c234
2728,2,0.0,0.0,1.0,c1,c5
2729,1,0.0,0.0,1.0,c5,c5
2730,3,0.0,0.0,1.0,c1,c5
2731,3,0.0,0.0,1.0,c234,c5
2732,3,0.0,0.0,1.0,c234,c5
2733,3,0.0,0.0,1.0,c234,c5
2734,2,0.0,0.0,1.0,c5,c5
2735,3,0.0,0.0,1.0,c5,c5
2736,4,0.0,0.0,1.0,c5,c5
2737,3,0.0,0.0,1.0,c5,c5
2738,2,0.0,0.0,1.0,c5,c5
2739,5,0.0,1.0,0.0,c1,c234
2740,4,0.0,0.0,1.0,c5,c5
2741,4,0.0,0.0,1.0,c1,c5
2742,3,0.0,0.0,1.0,c1,c5
2743,2,0.0,0.0,1.0,c5,c5
2744,5,0.0,1.0,0.0,c5,c234
2745,5,0.0,1.0,0.0,c5,c234
2746,3,0.0,0.0,1.0,c1,c5
2747,3,0.0,0.0,1.0,c234,c5
2748,5,0.0,1.0,0.0,c234,c234
2749,4,0.0,0.0,1.0,c5,c5
2750,1,0.0,0.0,1.0,c1,c5
2751,2,0.0,0.0,1.0,c234,c5
2752,3,0.0,0.0,1.0,c1,c5
2753,2,0.0,0.0,1.0,c1,c5
2754,2,0.0,0.0,1.0,c5,c5
2755,4,0.0,0.0,1.0,c5,c5
2756,2,0.0,0.0,1.0,c1,c5
2757,3,0.0,0.0,1.0,c1,c5
2758,4,0.0,0.0,1.0,c1,c5
2759,1,0.0,0.0,1.0,c1,c5
2760,5,0.0,1.0,0.0,c5,c234
2761,4,0.0,0.0,1.0,c5,c5
2762,3,0.0,0.0,1.0,c234,c5
2763,1,0.0,0.0,1.0,c234,c5
2764,3,0.0,0.0,1.0,c5,c5
2765,3,0.0,0.0,1.0,c1,c5
2766,4,0.0,0.0,1.0,c5,c5
2767,2,0.0,0.0,1.0,c5,c5
2768,1,0.0,0.0,1.0,c1,c5
2769,5,0.0,1.0,0.0,c234,c234
2770,2,0.0,0.0,1.0,c5,c5
2771,2,0.0,0.0,1.0,c5,c5
2772,2,0.0,0.0,1.0,c234,c5
2773,3,0.0,0.0,1.0,c234,c5
2774,2,0.0,0.0,1.0,c234,c5
2775,2,0.0,0.0,1.0,c5,c5
2776,2,0.0,0.0,1.0,c1,c5
2777,4,0.0,0.0,1.0,c234,c5
2778,2,0.0,0.0,1.0,c234,c5
2779,5,0.0,1.0,0.0,c5,c234
2780,4,0.0,0.0,1.0,c234,c5
2781,5,0.0,1.0,0.0,c234,c234
2782,3,0.0,0.0,1.0,c5,c5
2783,4,0.0,0.0,1.0,c234,c5
2784,2,0.0,0.0,1.0,c234,c5
2785,5,0.0,1.0,0.0,c5,c234
2786,2,0.0,0.0,1.0,c5,c5
2787,3,0.0,0.0,1.0,c5,c5
2788,4,0.0,0.0,1.0,c1,c5
2789,4,0.0,0.0,1.0,c5,c5
2790,5,0.0,1.0,0.0,c5,c234
2791,1,0.0,0.0,1.0,c234,c5
2792,5,0.0,1.0,0.0,c234,c234
2793,3,0.0,0.0,1.0,c5,c5
2794,4,0.0,0.0,1.0,c234,c5
2795,2,0.0,0.0,1.0,c234,c5
2796,3,0.0,0.0,1.0,c5,c5
2797,2,0.0,0.0,1.0,c234,c5
2798,2,0.0,0.0,1.0,c234,c5
2799,2,0.0,0.0,1.0,c234,c5
2800,3,0.0,0.0,1.0,c5,c5
2801,5,0.0,1.0,0.0,c5,c234
2802,1,0.0,0.0,1.0,c5,c5
2803,1,0.0,0.0,1.0,c234,c5
2804,5,0.0,1.0,0.0,c5,c234
2805,1,0.0,0.0,1.0,c5,c5
2806,3,0.0,0.0,1.0,c1,c5
2807,2,0.0,0.0,1.0,c234,c5
2808,5,0.0,1.0,0.0,c5,c234
2809,1,0.0,0.0,1.0,c1,c5
2810,2,0.0,0.0,1.0,c5,c5
2811,2,0.0,0.0,1.0,c5,c5
2812,3,0.0,0.0,1.0,c1,c5
2813,2,0.0,0.0,1.0,c234,c5
2814,1,0.0,0.0,1.0,c234,c5
2815,1,0.0,0.0,1.0,c5,c5
2816,4,0.0,0.0,1.0,c1,c5
2817,5,0.0,1.0,0.0,c5,c234
2818,1,0.0,0.0,1.0,c234,c5
2819,1,0.0,0.0,1.0,c234,c5
2820,2,0.0,0.0,1.0,c1,c5
2821,4,0.0,0.0,1.0,c1,c5
2822,1,0.0,0.0,1.0,c234,c5
2823,1,0.0,0.0,1.0,c234,c5
2824,1,0.0,0.0,1.0,c234,c5
2825,1,0.0,0.0,1.0,c1,c5
2826,3,0.0,0.0,1.0,c234,c5
2827,4,0.0,0.0,1.0,c234,c5
2828,3,0.0,0.0,1.0,c5,c5
2829,3,0.0,0.0,1.0,c5,c5
2830,1,0.0,0.0,1.0,c5,c5
2831,2,0.0,0.0,1.0,c234,c5
2832,5,0.0,1.0,0.0,c5,c234
2833,1,0.0,0.0,1.0,c5,c5
2834,5,0.0,1.0,0.0,c5,c234
2835,3,0.0,0.0,1.0,c234,c5
2836,1,0.0,0.0,1.0,c5,c5
2837,3,0.0,0.0,1.0,c1,c5
2838,4,0.0,0.0,1.0,c234,c5
2839,4,0.0,0.0,1.0,c234,c5
2840,3,0.0,0.0,1.0,c234,c5
2841,3,0.0,0.0,1.0,c5,c5
2842,1,0.0,0.0,1.0,c1,c5
2843,1,0.0,0.0,1.0,c1,c5
2844,1,0.0,0.0,1.0,c1,c5
2845,1,0.0,0.0,1.0,c5,c5
2846,1,0.0,0.0,1.0,c5,c5
2847,4,0.0,0.0,1.0,c5,c5
2848,5,0.0,1.0,0.0,c1,c234
2849,2,0.0,0.0,1.0,c5,c5
2850,2,0.0,0.0,1.0,c5,c5
2851,4,0.0,0.0,1.0,c5,c5
2852,1,0.0,0.0,1.0,c234,c5
2853,2,0.0,0.0,1.0,c234,c5
2854,4,0.0,0.0,1.0,c5,c5
2855,4,0.0,0.0,1.0,c234,c5
2856,3,0.0,0.0,1.0,c234,c5
2857,3,0.0,0.0,1.0,c1,c5
2858,2,0.0,0.0,1.0,c234,c5
2859,1,0.0,0.0,1.0,c234,c5
2860,4,0.0,0.0,1.0,c234,c5
2861,5,0.0,1.0,0.0,c5,c234
2862,5,0.0,1.0,0.0,c1,c234
2863,1,0.0,0.0,1.0,c234,c5
2864,1,0.0,0.0,1.0,c234,c5
2865,5,0.0,1.0,0.0,c1,c234
2866,1,0.0,0.0,1.0,c234,c5
2867,3,0.0,0.0,1.0,c234,c5
2868,2,0.0,0.0,1.0,c234,c5
2869,3,0.0,0.0,1.0,c5,c5
2870,5,0.0,1.0,0.0,c1,c234
2871,4,0.0,0.0,1.0,c5,c5
2872,2,0.0,0.0,1.0,c1,c5
2873,3,0.0,0.0,1.0,c5,c5
2874,1,0.0,0.0,1.0,c234,c5
2875,4,0.0,0.0,1.0,c234,c5
2876,5,0.0,1.0,0.0,c5,c234
2877,1,0.0,0.0,1.0,c1,c5
2878,5,0.0,1.0,0.0,c5,c234
2879,5,0.0,1.0,0.0,c234,c234
2880,3,0.0,0.0,1.0,c5,c5
2881,2,0.0,0.0,1.0,c234,c5
2882,2,0.0,0.0,1.0,c234,c5
2883,3,0.0,0.0,1.0,c1,c5
2884,4,0.0,0.0,1.0,c1,c5
2885,1,0.0,0.0,1.0,c5,c5
2886,3,0.0,0.0,1.0,c234,c5
2887,4,0.0,0.0,1.0,c1,c5
2888,4,0.0,0.0,1.0,c1,c5
2889,1,0.0,0.0,1.0,c1,c5
2890,3,0.0,0.0,1.0,c5,c5
2891,2,0.0,0.0,1.0,c5,c5
2892,4,0.0,0.0,1.0,c1,c5
2893,1,0.0,0.0,1.0,c5,c5
2894,4,0.0,0.0,1.0,c5,c5
2895,4,0.0,0.0,1.0,c5,c5
2896,2,0.0,0.0,1.0,c5,c5
2897,2,0.0,0.0,1.0,c5,c5
2898,1,0.0,0.0,1.0,c5,c5
2899,5,0.0,1.0,0.0,c5,c234
2900,3,0.0,0.0,1.0,c1,c5
2901,2,0.0,0.0,1.0,c5,c5
2902,5,0.0,1.0,0.0,c1,c234
2903,4,0.0,0.0,1.0,c234,c5
2904,1,0.0,0.0,1.0,c5,c5
2905,2,0.0,0.0,1.0,c5,c5
2906,2,0.0,0.0,1.0,c1,c5
2907,4,0.0,0.0,1.0,c5,c5
2908,1,0.0,0.0,1.0,c1,c5
2909,5,0.0,1.0,0.0,c5,c234
2910,5,0.0,1.0,0.0,c5,c234
2911,5,0.0,1.0,0.0,c1,c234
2912,4,0.0,0.0,1.0,c1,c5
2913,5,0.0,1.0,0.0,c5,c234
2914,3,0.0,0.0,1.0,c1,c5
2915,1,0.0,0.0,1.0,c5,c5
2916,1,0.0,0.0,1.0,c234,c5
2917,1,0.0,0.0,1.0,c5,c5
2918,4,0.0,0.0,1.0,c1,c5
2919,5,0.0,1.0,0.0,c1,c234
2920,1,0.0,0.0,1.0,c5,c5
2921,4,0.0,0.0,1.0,c234,c5
2922,5,0.0,1.0,0.0,c234,c234
2923,3,0.0,0.0,1.0,c1,c5
2924,4,0.0,0.0,1.0,c5,c5
2925,5,0.0,1.0,0.0,c234,c234
2926,4,0.0,0.0,1.0,c5,c5
2927,5,0.0,1.0,0.0,c1,c234
2928,4,0.0,0.0,1.0,c5,c5
2929,1,0.0,0.0,1.0,c5,c5
2930,1,0.0,0.0,1.0,c234,c5
2931,3,0.0,0.0,1.0,c5,c5
2932,3,0.0,0.0,1.0,c1,c5
2933,4,0.0,0.0,1.0,c1,c5
2934,2,0.0,0.0,1.0,c1,c5
2935,2,0.0,0.0,1.0,c1,c5
2936,1,0.0,0.0,1.0,c234,c5
2937,5,0.0,1.0,0.0,c234,c234
2938,5,0.0,1.0,0.0,c234,c234
2939,5,0.0,1.0,0.0,c5,c234
2940,3,0.0,0.0,1.0,c5,c5
2941,3,0.0,0.0,1.0,c1,c5
2942,2,0.0,0.0,1.0,c234,c5
2943,4,0.0,0.0,1.0,c5,c5
2944,3,0.0,0.0,1.0,c234,c5
2945,1,0.0,0.0,1.0,c234,c5
2946,5,0.0,1.0,0.0,c5,c234
2947,1,0.0,0.0,1.0,c234,c5
2948,2,0.0,0.0,1.0,c1,c5
2949,1,0.0,0.0,1.0,c5,c5
2950,5,0.0,1.0,0.0,c1,c234
2951,2,0.0,0.0,1.0,c234,c5
2952,1,0.0,0.0,1.0,c234,c5
2953,2,0.0,0.0,1.0,c5,c5
2954,1,0.0,0.0,1.0,c5,c5
2955,2,0.0,0.0,1.0,c5,c5
2956,2,0.0,0.0,1.0,c5,c5
2957,5,0.0,1.0,0.0,c234,c234
2958,2,0.0,0.0,1.0,c1,c5
2959,5,0.0,1.0,0.0,c5,c234
2960,4,0.0,0.0,1.0,c5,c5
2961,4,0.0,0.0,1.0,c1,c5
2962,3,0.0,0.0,1.0,c5,c5
2963,1,0.0,0.0,1.0,c1,c5
2964,3,0.0,0.0,1.0,c1,c5
2965,5,0.0,1.0,0.0,c5,c234
2966,1,0.0,0.0,1.0,c5,c5
2967,4,0.0,0.0,1.0,c234,c5
2968,3,0.0,0.0,1.0,c234,c5
2969,2,0.0,0.0,1.0,c5,c5
2970,1,0.0,0.0,1.0,c5,c5
2971,5,0.0,1.0,0.0,c5,c234
2972,5,0.0,1.0,0.0,c234,c234
2973,4,0.0,0.0,1.0,c1,c5
2974,5,0.0,1.0,0.0,c1,c234
2975,3,0.0,0.0,1.0,c234,c5
2976,2,0.0,0.0,1.0,c1,c5
2977,3,0.0,0.0,1.0,c1,c5
2978,4,0.0,0.0,1.0,c234,c5
2979,4,0.0,0.0,1.0,c1,c5
2980,3,0.0,0.0,1.0,c234,c5
2981,3,0.0,0.0,1.0,c1,c5
2982,2,0.0,0.0,1.0,c1,c5
2983,5,0.0,1.0,0.0,c234,c234
2984,1,0.0,0.0,1.0,c1,c5
2985,2,0.0,0.0,1.0,c234,c5
2986,4,0.0,0.0,1.0,c5,c5
2987,2,0.0,0.0,1.0,c5,c5
2988,5,0.0,1.0,0.0,c1,c234
2989,4,0.0,0.0,1.0,c234,c5
2990,1,0.0,0.0,1.0,c234,c5
2991,1,0.0,0.0,1.0,c234,c5
2992,1,0.0,0.0,1.0,c5,c5
2993,4,0.0,0.0,1.0,c5,c5
2994,3,0.0,0.0,1.0,c234,c5
2995,3,0.0,0.0,1.0,c5,c5
2996,2,0.0,0.0,1.0,c234,c5
2997,3,0.0,0.0,1.0,c234,c5
2998,3,0.0,0.0,1.0,c234,c5
2999,4,0.0,0.0,1.0,c234,c5
3000,3,0.0,0.0,1.0,c1,c5
3001,3,0.0,0.0,1.0,c234,c5
3002,3,0.0,0.0,1.0,c1,c5
3003,5,0.0,1.0,0.0,c234,c234
3004,4,0.0,0.0,1.0,c234,c5
3005,4,0.0,0.0,1.0,c234,c5
3006,4,0.0,0.0,1.0,c234,c5
3007,5,0.0,1.0,0.0,c234,c234
3008,3,0.0,0.0,1.0,c5,c5
3009,1,0.0,0.0,1.0,c234,c5
3010,3,0.0,0.0,1.0,c5,c5
3011,4,0.0,0.0,1.0,c234,c5
3012,4,0.0,0.0,1.0,c234,c5
3013,4,0.0,0.0,1.0,c5,c5
3014,2,0.0,0.0,1.0,c234,c5
3015,5,0.0,1.0,0.0,c1,c234
3016,2,0.0,0.0,1.0,c5,c5
3017,5,0.0,1.0,0.0,c5,c234
3018,1,0.0,0.0,1.0,c234,c5
3019,5,0.0,1.0,0.0,c234,c234
3020,2,0.0,0.0,1.0,c5,c5
3021,2,0.0,0.0,1.0,c1,c5
3022,3,0.0,0.0,1.0,c234,c5
3023,5,0.0,1.0,0.0,c5,c234
3024,3,0.0,0.0,1.0,c1,c5
3025,3,0.0,0.0,1.0,c234,c5
3026,1,0.0,0.0,1.0,c5,c5
3027,2,0.0,0.0,1.0,c234,c5
3028,3,0.0,0.0,1.0,c5,c5
3029,3,0.0,0.0,1.0,c234,c5
3030,4,0.0,0.0,1.0,c234,c5
3031,4,0.0,0.0,1.0,c1,c5
3032,2,0.0,0.0,1.0,c234,c5
3033,2,0.0,0.0,1.0,c1,c5
3034,2,0.0,0.0,1.0,c234,c5
3035,2,0.0,0.0,1.0,c1,c5
3036,2,0.0,0.0,1.0,c1,c5
3037,2,0.0,0.0,1.0,c234,c5
3038,3,0.0,0.0,1.0,c5,c5
3039,1,0.0,0.0,1.0,c5,c5
3040,4,0.0,0.0,1.0,c5,c5
3041,5,0.0,1.0,0.0,c234,c234
3042,5,0.0,1.0,0.0,c1,c234
3043,4,0.0,0.0,1.0,c234,c5
3044,4,0.0,0.0,1.0,c1,c5
3045,2,0.0,0.0,1.0,c1,c5
3046,3,0.0,0.0,1.0,c1,c5
3047,2,0.0,0.0,1.0,c1,c5
3048,5,0.0,1.0,0.0,c234,c234
3049,4,0.0,0.0,1.0,c234,c5
3050,3,0.0,0.0,1.0,c234,c5
3051,1,0.0,0.0,1.0,c234,c5
3052,2,0.0,0.0,1.0,c1,c5
3053,4,0.0,0.0,1.0,c234,c5
3054,5,0.0,1.0,0.0,c234,c234
3055,4,0.0,0.0,1.0,c1,c5
3056,5,0.0,1.0,0.0,c234,c234
3057,2,0.0,0.0,1.0,c234,c5
3058,5,0.0,1.0,0.0,c1,c234
3059,5,0.0,1.0,0.0,c5,c234
3060,3,0.0,0.0,1.0,c5,c5
3061,3,0.0,0.0,1.0,c5,c5
3062,2,0.0,0.0,1.0,c1,c5
3063,4,0.0,0.0,1.0,c1,c5
3064,3,0.0,0.0,1.0,c5,c5
3065,2,0.0,0.0,1.0,c1,c5
3066,1,0.0,0.0,1.0,c234,c5
3067,4,0.0,0.0,1.0,c5,c5
3068,1,0.0,0.0,1.0,c1,c5
3069,3,0.0,0.0,1.0,c5,c5
3070,2,0.0,0.0,1.0,c234,c5
3071,4,0.0,0.0,1.0,c5,c5
3072,5,0.0,1.0,0.0,c5,c234
3073,3,0.0,0.0,1.0,c5,c5
3074,5,0.0,1.0,0.0,c1,c234
3075,3,0.0,0.0,1.0,c1,c5
3076,2,0.0,0.0,1.0,c1,c5
3077,4,0.0,0.0,1.0,c1,c5
3078,4,0.0,0.0,1.0,c234,c5
3079,1,0.0,0.0,1.0,c1,c5
3080,3,0.0,0.0,1.0,c5,c5
3081,5,0.0,1.0,0.0,c1,c234
3082,4,0.0,0.0,1.0,c5,c5
3083,3,0.0,0.0,1.0,c1,c5
3084,3,0.0,0.0,1.0,c234,c5
3085,4,0.0,0.0,1.0,c5,c5
3086,5,0.0,1.0,0.0,c1,c234
3087,3,0.0,0.0,1.0,c234,c5
3088,2,0.0,0.0,1.0,c5,c5
3089,4,0.0,0.0,1.0,c1,c5
3090,5,0.0,1.0,0.0,c1,c234
3091,2,0.0,0.0,1.0,c1,c5
3092,2,0.0,0.0,1.0,c5,c5
3093,3,0.0,0.0,1.0,c1,c5
3094,5,0.0,1.0,0.0,c1,c234
3095,4,0.0,0.0,1.0,c5,c5
3096,2,0.0,0.0,1.0,c1,c5
3097,1,0.0,0.0,1.0,c5,c5
3098,1,0.0,0.0,1.0,c234,c5
3099,1,0.0,0.0,1.0,c1,c5
3100,3,0.0,0.0,1.0,c1,c5
3101,5,0.0,1.0,0.0,c234,c234
3102,1,0.0,0.0,1.0,c234,c5
3103,4,0.0,0.0,1.0,c1,c5
3104,5,0.0,1.0,0.0,c234,c234
3105,3,0.0,0.0,1.0,c5,c5
3106,3,0.0,0.0,1.0,c5,c5
3107,5,0.0,1.0,0.0,c5,c234
3108,2,0.0,0.0,1.0,c5,c5
3109,4,0.0,0.0,1.0,c234,c5
3110,3,0.0,0.0,1.0,c234,c5
3111,3,0.0,0.0,1.0,c5,c5
3112,2,0.0,0.0,1.0,c1,c5
3113,2,0.0,0.0,1.0,c5,c5
3114,5,0.0,1.0,0.0,c1,c234
3115,4,0.0,0.0,1.0,c234,c5
3116,3,0.0,0.0,1.0,c1,c5
3117,3,0.0,0.0,1.0,c234,c5
3118,3,0.0,0.0,1.0,c1,c5
3119,4,0.0,0.0,1.0,c234,c5
3120,4,0.0,0.0,1.0,c5,c5
3121,1,0.0,0.0,1.0,c234,c5
3122,5,0.0,1.0,0.0,c1,c234
3123,1,0.0,0.0,1.0,c1,c5
3124,2,0.0,0.0,1.0,c234,c5
3125,1,0.0,0.0,1.0,c5,c5
3126,4,0.0,0.0,1.0,c234,c5
3127,1,0.0,0.0,1.0,c234,c5
3128,2,0.0,0.0,1.0,c5,c5
3129,1,0.0,0.0,1.0,c5,c5
3130,1,0.0,0.0,1.0,c234,c5
3131,1,0.0,0.0,1.0,c1,c5
3132,5,0.0,1.0,0.0,c5,c234
3133,2,0.0,0.0,1.0,c234,c5
3134,1,0.0,0.0,1.0,c1,c5
3135,3,0.0,0.0,1.0,c1,c5
3136,5,0.0,1.0,0.0,c234,c234
3137,5,0.0,1.0,0.0,c5,c234
3138,2,0.0,0.0,1.0,c5,c5
3139,5,0.0,1.0,0.0,c234,c234
3140,4,0.0,0.0,1.0,c5,c5
3141,5,0.0,1.0,0.0,c234,c234
3142,5,0.0,1.0,0.0,c1,c234
3143,4,0.0,0.0,1.0,c234,c5
3144,3,0.0,0.0,1.0,c5,c5
3145,3,0.0,0.0,1.0,c234,c5
3146,1,0.0,0.0,1.0,c234,c5
3147,5,0.0,1.0,0.0,c234,c234
3148,3,0.0,0.0,1.0,c1,c5
3149,5,0.0,1.0,0.0,c1,c234
3150,1,0.0,0.0,1.0,c234,c5
3151,2,0.0,0.0,1.0,c234,c5
3152,3,0.0,0.0,1.0,c1,c5
3153,1,0.0,0.0,1.0,c234,c5
3154,3,0.0,0.0,1.0,c1,c5
3155,1,0.0,0.0,1.0,c5,c5
3156,3,0.0,0.0,1.0,c1,c5
3157,5,0.0,1.0,0.0,c5,c234
3158,1,0.0,0.0,1.0,c5,c5
3159,3,0.0,0.0,1.0,c234,c5
3160,1,0.0,0.0,1.0,c234,c5
3161,3,0.0,0.0,1.0,c5,c5
3162,2,0.0,0.0,1.0,c5,c5
3163,4,0.0,0.0,1.0,c5,c5
3164,3,0.0,0.0,1.0,c234,c5
3165,3,0.0,0.0,1.0,c1,c5
3166,5,0.0,1.0,0.0,c1,c234
3167,4,0.0,0.0,1.0,c234,c5
3168,1,0.0,0.0,1.0,c234,c5
3169,4,0.0,0.0,1.0,c1,c5
3170,1,0.0,0.0,1.0,c5,c5
3171,2,0.0,0.0,1.0,c5,c5
3172,1,0.0,0.0,1.0,c234,c5
3173,1,0.0,0.0,1.0,c5,c5
3174,2,0.0,0.0,1.0,c1,c5
3175,1,0.0,0.0,1.0,c234,c5
3176,2,0.0,0.0,1.0,c5,c5
3177,2,0.0,0.0,1.0,c5,c5
3178,1,0.0,0.0,1.0,c1,c5
3179,4,0.0,0.0,1.0,c1,c5
3180,5,0.0,1.0,0.0,c1,c234
3181,2,0.0,0.0,1.0,c1,c5
3182,1,0.0,0.0,1.0,c234,c5
3183,1,0.0,0.0,1.0,c1,c5
3184,4,0.0,0.0,1.0,c234,c5
3185,3,0.0,0.0,1.0,c5,c5
3186,5,0.0,1.0,0.0,c1,c234
3187,2,0.0,0.0,1.0,c5,c5
3188,3,0.0,0.0,1.0,c5,c5
3189,4,0.0,0.0,1.0,c234,c5
3190,2,0.0,0.0,1.0,c5,c5
3191,2,0.0,0.0,1.0,c5,c5
3192,5,0.0,1.0,0.0,c234,c234
3193,4,0.0,0.0,1.0,c5,c5
3194,1,0.0,0.0,1.0,c5,c5
3195,2,0.0,0.0,1.0,c5,c5
3196,3,0.0,0.0,1.0,c5,c5
3197,3,0.0,0.0,1.0,c1,c5
3198,2,0.0,0.0,1.0,c1,c5
3199,4,0.0,0.0,1.0,c5,c5
3200,1,0.0,0.0,1.0,c1,c5
3201,2,0.0,0.0,1.0,c5,c5
3202,3,0.0,0.0,1.0,c1,c5
3203,3,0.0,0.0,1.0,c1,c5
3204,4,0.0,0.0,1.0,c1,c5
3205,2,0.0,0.0,1.0,c5,c5
3206,3,0.0,0.0,1.0,c5,c5
3207,4,0.0,0.0,1.0,c5,c5
3208,2,0.0,0.0,1.0,c234,c5
3209,1,0.0,0.0,1.0,c5,c5
3210,2,0.0,0.0,1.0,c5,c5
3211,4,0.0,0.0,1.0,c234,c5
3212,3,0.0,0.0,1.0,c1,c5
3213,1,0.0,0.0,1.0,c234,c5
3214,4,0.0,0.0,1.0,c234,c5
3215,4,0.0,0.0,1.0,c234,c5
3216,4,0.0,0.0,1.0,c1,c5
3217,4,0.0,0.0,1.0,c5,c5
3218,5,0.0,1.0,0.0,c5,c234
3219,4,0.0,0.0,1.0,c234,c5
3220,2,0.0,0.0,1.0,c5,c5
3221,1,0.0,0.0,1.0,c1,c5
3222,4,0.0,0.0,1.0,c5,c5
3223,1,0.0,0.0,1.0,c234,c5
3224,3,0.0,0.0,1.0,c1,c5
3225,2,0.0,0.0,1.0,c1,c5
3226,1,0.0,0.0,1.0,c1,c5
3227,4,0.0,0.0,1.0,c1,c5
3228,4,0.0,0.0,1.0,c5,c5
3229,3,0.0,0.0,1.0,c234,c5
3230,2,0.0,0.0,1.0,c234,c5
3231,3,0.0,0.0,1.0,c234,c5
3232,1,0.0,0.0,1.0,c234,c5
3233,2,0.0,0.0,1.0,c234,c5
3234,2,0.0,0.0,1.0,c234,c5
3235,3,0.0,0.0,1.0,c5,c5
3236,3,0.0,0.0,1.0,c1,c5
3237,4,0.0,0.0,1.0,c5,c5
3238,4,0.0,0.0,1.0,c5,c5
3239,3,0.0,0.0,1.0,c234,c5
3240,5,0.0,1.0,0.0,c5,c234
3241,2,0.0,0.0,1.0,c5,c5
3242,2,0.0,0.0,1.0,c5,c5
3243,4,0.0,0.0,1.0,c234,c5
3244,2,0.0,0.0,1.0,c234,c5
3245,4,0.0,0.0,1.0,c5,c5
3246,2,0.0,0.0,1.0,c1,c5
3247,2,0.0,0.0,1.0,c234,c5
3248,1,0.0,0.0,1.0,c234,c5
3249,3,0.0,0.0,1.0,c1,c5
3250,5,0.0,1.0,0.0,c234,c234
3251,2,0.0,0.0,1.0,c1,c5
3252,1,0.0,0.0,1.0,c1,c5
3253,2,0.0,0.0,1.0,c5,c5
3254,5,0.0,1.0,0.0,c5,c234
3255,5,0.0,1.0,0.0,c5,c234
3256,4,0.0,0.0,1.0,c1,c5
3257,1,0.0,0.0,1.0,c1,c5
3258,5,0.0,1.0,0.0,c234,c234
3259,2,0.0,0.0,1.0,c1,c5
3260,4,0.0,0.0,1.0,c1,c5
3261,1,0.0,0.0,1.0,c5,c5
3262,3,0.0,0.0,1.0,c5,c5
3263,1,0.0,0.0,1.0,c234,c5
3264,1,0.0,0.0,1.0,c1,c5
3265,2,0.0,0.0,1.0,c1,c5
3266,5,0.0,1.0,0.0,c234,c234
3267,3,0.0,0.0,1.0,c5,c5
3268,1,0.0,0.0,1.0,c5,c5
3269,5,0.0,1.0,0.0,c1,c234
3270,2,0.0,0.0,1.0,c5,c5
3271,4,0.0,0.0,1.0,c5,c5
3272,2,0.0,0.0,1.0,c5,c5
3273,2,0.0,0.0,1.0,c234,c5
3274,2,0.0,0.0,1.0,c1,c5
3275,3,0.0,0.0,1.0,c1,c5
3276,4,0.0,0.0,1.0,c1,c5
3277,3,0.0,0.0,1.0,c1,c5
3278,3,0.0,0.0,1.0,c5,c5
3279,5,0.0,1.0,0.0,c234,c234
3280,5,0.0,1.0,0.0,c234,c234
3281,3,0.0,0.0,1.0,c1,c5
3282,4,0.0,0.0,1.0,c234,c5
3283,4,0.0,0.0,1.0,c5,c5
3284,4,0.0,0.0,1.0,c234,c5
3285,5,0.0,1.0,0.0,c234,c234
3286,4,0.0,0.0,1.0,c5,c5
3287,4,0.0,0.0,1.0,c5,c5
3288,4,0.0,0.0,1.0,c1,c5
3289,1,0.0,0.0,1.0,c5,c5
3290,1,0.0,0.0,1.0,c5,c5
3291,1,0.0,0.0,1.0,c5,c5
3292,3,0.0,0.0,1.0,c234,c5
3293,4,0.0,0.0,1.0,c1,c5
3294,3,0.0,0.0,1.0,c234,c5
3295,1,0.0,0.0,1.0,c234,c5
3296,2,0.0,0.0,1.0,c5,c5
3297,5,0.0,1.0,0.0,c5,c234
3298,3,0.0,0.0,1.0,c1,c5
3299,2,0.0,0.0,1.0,c234,c5
3300,5,0.0,1.0,0.0,c1,c234
3301,4,0.0,0.0,1.0,c5,c5
3302,5,0.0,1.0,0.0,c1,c234
3303,4,0.0,0.0,1.0,c1,c5
3304,1,0.0,0.0,1.0,c1,c5
3305,3,0.0,0.0,1.0,c234,c5
3306,3,0.0,0.0,1.0,c5,c5
3307,1,0.0,0.0,1.0,c1,c5
3308,1,0.0,0.0,1.0,c5,c5
3309,5,0.0,1.0,0.0,c5,c234
3310,1,0.0,0.0,1.0,c5,c5
3311,4,0.0,0.0,1.0,c234,c5
3312,2,0.0,0.0,1.0,c234,c5
3313,1,0.0,0.0,1.0,c5,c5
3314,3,0.0,0.0,1.0,c234,c5
3315,5,0.0,1.0,0.0,c5,c234
3316,5,0.0,1.0,0.0,c5,c234
3317,5,0.0,1.0,0.0,c234,c234
3318,5,0.0,1.0,0.0,c5,c234
3319,2,0.0,0.0,1.0,c5,c5
3320,3,0.0,0.0,1.0,c1,c5
3321,4,0.0,0.0,1.0,c1,c5
3322,3,0.0,0.0,1.0,c234,c5
3323,1,0.0,0.0,1.0,c1,c5
3324,3,0.0,0.0,1.0,c5,c5
3325,4,0.0,0.0,1.0,c234,c5
3326,5,0.0,1.0,0.0,c5,c234
3327,5,0.0,1.0,0.0,c234,c234
3328,1,0.0,0.0,1.0,c5,c5
3329,2,0.0,0.0,1.0,c1,c5
3330,2,0.0,0.0,1.0,c1,c5
3331,2,0.0,0.0,1.0,c234,c5
3332,5,0.0,1.0,0.0,c5,c234
3333,4,0.0,0.0,1.0,c1,c5
3334,3,0.0,0.0,1.0,c234,c5
3335,1,0.0,0.0,1.0,c1,c5
3336,2,0.0,0.0,1.0,c234,c5
3337,3,0.0,0.0,1.0,c5,c5
3338,5,0.0,1.0,0.0,c234,c234
3339,1,0.0,0.0,1.0,c234,c5
3340,2,0.0,0.0,1.0,c234,c5
3341,1,0.0,0.0,1.0,c1,c5
3342,2,0.0,0.0,1.0,c1,c5
3343,3,0.0,0.0,1.0,c234,c5
3344,1,0.0,0.0,1.0,c5,c5
3345,3,0.0,0.0,1.0,c234,c5
3346,1,0.0,0.0,1.0,c234,c5
3347,1,0.0,0.0,1.0,c234,c5
3348,3,0.0,0.0,1.0,c234,c5
3349,5,0.0,1.0,0.0,c234,c234
3350,3,0.0,0.0,1.0,c5,c5
3351,4,0.0,0.0,1.0,c5,c5
3352,3,0.0,0.0,1.0,c234,c5
3353,5,0.0,1.0,0.0,c234,c234
3354,1,0.0,0.0,1.0,c234,c5
3355,4,0.0,0.0,1.0,c234,c5
3356,4,0.0,0.0,1.0,c234,c5
3357,4,0.0,0.0,1.0,c1,c5
3358,1,0.0,0.0,1.0,c5,c5
3359,2,0.0,0.0,1.0,c234,c5
3360,2,0.0,0.0,1.0,c5,c5
3361,2,0.0,0.0,1.0,c234,c5
3362,2,0.0,0.0,1.0,c1,c5
3363,2,0.0,0.0,1.0,c1,c5
3364,5,0.0,1.0,0.0,c234,c234
3365,4,0.0,0.0,1.0,c234,c5
3366,2,0.0,0.0,1.0,c1,c5
3367,2,0.0,0.0,1.0,c234,c5
3368,3,0.0,0.0,1.0,c1,c5
3369,2,0.0,0.0,1.0,c234,c5
3370,5,0.0,1.0,0.0,c234,c234
3371,3,0.0,0.0,1.0,c234,c5
3372,1,0.0,0.0,1.0,c234,c5
3373,3,0.0,0.0,1.0,c234,c5
3374,3,0.0,0.0,1.0,c234,c5
3375,2,0.0,0.0,1.0,c5,c5
3376,2,0.0,0.0,1.0,c5,c5
3377,3,0.0,0.0,1.0,c1,c5
3378,5,0.0,1.0,0.0,c5,c234
3379,5,0.0,1.0,0.0,c5,c234
3380,4,0.0,0.0,1.0,c1,c5
3381,4,0.0,0.0,1.0,c5,c5
3382,4,0.0,0.0,1.0,c1,c5
3383,1,0.0,0.0,1.0,c234,c5
3384,2,0.0,0.0,1.0,c234,c5
3385,5,0.0,1.0,0.0,c234,c234
3386,5,0.0,1.0,0.0,c5,c234
3387,2,0.0,0.0,1.0,c234,c5
3388,2,0.0,0.0,1.0,c234,c5
3389,1,0.0,0.0,1.0,c1,c5
3390,4,0.0,0.0,1.0,c1,c5
3391,1,0.0,0.0,1.0,c5,c5
3392,5,0.0,1.0,0.0,c1,c234
3393,4,0.0,0.0,1.0,c234,c5
3394,5,0.0,1.0,0.0,c1,c234
3395,1,0.0,0.0,1.0,c234,c5
3396,4,0.0,0.0,1.0,c234,c5
3397,2,0.0,0.0,1.0,c234,c5
3398,4,0.0,0.0,1.0,c1,c5
3399,4,0.0,0.0,1.0,c5,c5
3400,3,0.0,0.0,1.0,c234,c5
3401,5,0.0,1.0,0.0,c234,c234
3402,2,0.0,0.0,1.0,c5,c5
3403,2,0.0,0.0,1.0,c234,c5
3404,5,0.0,1.0,0.0,c234,c234
3405,2,0.0,0.0,1.0,c1,c5
3406,1,0.0,0.0,1.0,c5,c5
3407,4,0.0,0.0,1.0,c5,c5
3408,4,0.0,0.0,1.0,c234,c5
3409,5,0.0,1.0,0.0,c5,c234
3410,4,0.0,0.0,1.0,c5,c5
3411,5,0.0,1.0,0.0,c1,c234
3412,4,0.0,0.0,1.0,c1,c5
3413,3,0.0,0.0,1.0,c1,c5
3414,2,0.0,0.0,1.0,c1,c5
3415,5,0.0,1.0,0.0,c234,c234
3416,5,0.0,1.0,0.0,c5,c234
3417,1,0.0,0.0,1.0,c5,c5
3418,3,0.0,0.0,1.0,c234,c5
3419,1,0.0,0.0,1.0,c234,c5
3420,1,0.0,0.0,1.0,c5,c5
3421,4,0.0,0.0,1.0,c234,c5
3422,4,0.0,0.0,1.0,c5,c5
3423,2,0.0,0.0,1.0,c5,c5
3424,1,0.0,0.0,1.0,c5,c5
3425,4,0.0,0.0,1.0,c234,c5
3426,2,0.0,0.0,1.0,c1,c5
3427,5,0.0,1.0,0.0,c5,c234
3428,2,0.0,0.0,1.0,c234,c5
3429,4,0.0,0.0,1.0,c234,c5
3430,3,0.0,0.0,1.0,c234,c5
3431,3,0.0,0.0,1.0,c5,c5
3432,5,0.0,1.0,0.0,c234,c234
3433,5,0.0,1.0,0.0,c5,c234
3434,4,0.0,0.0,1.0,c234,c5
3435,2,0.0,0.0,1.0,c1,c5
3436,3,0.0,0.0,1.0,c5,c5
3437,4,0.0,0.0,1.0,c1,c5
3438,4,0.0,0.0,1.0,c1,c5
3439,2,0.0,0.0,1.0,c234,c5
3440,5,0.0,1.0,0.0,c1,c234
3441,4,0.0,0.0,1.0,c5,c5
3442,5,0.0,1.0,0.0,c234,c234
3443,2,0.0,0.0,1.0,c5,c5
3444,5,0.0,1.0,0.0,c1,c234
3445,4,0.0,0.0,1.0,c234,c5
3446,1,0.0,0.0,1.0,c5,c5
3447,4,0.0,0.0,1.0,c5,c5
3448,5,0.0,1.0,0.0,c234,c234
3449,1,0.0,0.0,1.0,c234,c5
3450,5,0.0,1.0,0.0,c1,c234
3451,4,0.0,0.0,1.0,c1,c5
3452,5,0.0,1.0,0.0,c1,c234
3453,4,0.0,0.0,1.0,c234,c5
3454,3,0.0,0.0,1.0,c5,c5
3455,2,0.0,0.0,1.0,c234,c5
3456,2,0.0,0.0,1.0,c234,c5
3457,1,0.0,0.0,1.0,c5,c5
3458,2,0.0,0.0,1.0,c234,c5
3459,3,0.0,0.0,1.0,c234,c5
3460,1,0.0,0.0,1.0,c1,c5
3461,1,0.0,0.0,1.0,c1,c5
3462,5,0.0,1.0,0.0,c234,c234
3463,4,0.0,0.0,1.0,c234,c5
3464,4,0.0,0.0,1.0,c234,c5
3465,3,0.0,0.0,1.0,c1,c5
3466,5,0.0,1.0,0.0,c234,c234
3467,5,0.0,1.0,0.0,c234,c234
3468,5,0.0,1.0,0.0,c234,c234
3469,3,0.0,0.0,1.0,c5,c5
3470,2,0.0,0.0,1.0,c234,c5
3471,5,0.0,1.0,0.0,c234,c234
3472,2,0.0,0.0,1.0,c5,c5
3473,4,0.0,0.0,1.0,c234,c5
3474,4,0.0,0.0,1.0,c5,c5
3475,2,0.0,0.0,1.0,c1,c5
3476,2,0.0,0.0,1.0,c5,c5
3477,4,0.0,0.0,1.0,c234,c5
3478,3,0.0,0.0,1.0,c5,c5
3479,2,0.0,0.0,1.0,c234,c5
3480,4,0.0,0.0,1.0,c234,c5
3481,4,0.0,0.0,1.0,c5,c5
3482,5,0.0,1.0,0.0,c234,c234
3483,3,0.0,0.0,1.0,c1,c5
3484,2,0.0,0.0,1.0,c234,c5
3485,1,0.0,0.0,1.0,c234,c5
3486,2,0.0,0.0,1.0,c234,c5
3487,2,0.0,0.0,1.0,c1,c5
3488,1,0.0,0.0,1.0,c5,c5
3489,4,0.0,0.0,1.0,c1,c5
3490,3,0.0,0.0,1.0,c234,c5
3491,5,0.0,1.0,0.0,c1,c234
3492,3,0.0,0.0,1.0,c1,c5
3493,2,0.0,0.0,1.0,c234,c5
3494,2,0.0,0.0,1.0,c5,c5
3495,3,0.0,0.0,1.0,c1,c5
3496,1,0.0,0.0,1.0,c234,c5
3497,1,0.0,0.0,1.0,c1,c5
3498,2,0.0,0.0,1.0,c234,c5
3499,2,0.0,0.0,1.0,c1,c5
3500,3,0.0,0.0,1.0,c234,c5
3501,5,0.0,1.0,0.0,c234,c234
3502,1,0.0,0.0,1.0,c5,c5
3503,3,0.0,0.0,1.0,c1,c5
3504,1,0.0,0.0,1.0,c234,c5
3505,5,0.0,1.0,0.0,c5,c234
3506,5,0.0,1.0,0.0,c1,c234
3507,1,0.0,0.0,1.0,c234,c5
3508,2,0.0,0.0,1.0,c5,c5
3509,4,0.0,0.0,1.0,c1,c5
3510,1,0.0,0.0,1.0,c234,c5
3511,3,0.0,0.0,1.0,c5,c5
3512,4,0.0,0.0,1.0,c5,c5
3513,4,0.0,0.0,1.0,c234,c5
3514,5,0.0,1.0,0.0,c5,c234
3515,5,0.0,1.0,0.0,c1,c234
3516,5,0.0,1.0,0.0,c234,c234
3517,1,0.0,0.0,1.0,c234,c5
3518,4,0.0,0.0,1.0,c234,c5
3519,1,0.0,0.0,1.0,c234,c5
3520,4,0.0,0.0,1.0,c5,c5
3521,4,0.0,0.0,1.0,c5,c5
3522,1,0.0,0.0,1.0,c5,c5
3523,4,0.0,0.0,1.0,c1,c5
3524,3,0.0,0.0,1.0,c234,c5
3525,5,0.0,1.0,0.0,c1,c234
3526,1,0.0,0.0,1.0,c1,c5
3527,3,0.0,0.0,1.0,c1,c5
3528,4,0.0,0.0,1.0,c1,c5
3529,5,0.0,1.0,0.0,c1,c234
3530,1,0.0,0.0,1.0,c234,c5
3531,4,0.0,0.0,1.0,c1,c5
3532,3,0.0,0.0,1.0,c234,c5
3533,1,0.0,0.0,1.0,c234,c5
3534,2,0.0,0.0,1.0,c1,c5
3535,5,0.0,1.0,0.0,c5,c234
3536,3,0.0,0.0,1.0,c1,c5
3537,3,0.0,0.0,1.0,c5,c5
3538,5,0.0,1.0,0.0,c5,c234
3539,3,0.0,0.0,1.0,c234,c5
3540,2,0.0,0.0,1.0,c234,c5
3541,1,0.0,0.0,1.0,c1,c5
3542,3,0.0,0.0,1.0,c1,c5
3543,2,0.0,0.0,1.0,c1,c5
3544,1,0.0,0.0,1.0,c1,c5
3545,1,0.0,0.0,1.0,c5,c5
3546,5,0.0,1.0,0.0,c234,c234
3547,5,0.0,1.0,0.0,c1,c234
3548,2,0.0,0.0,1.0,c234,c5
3549,2,0.0,0.0,1.0,c5,c5
3550,5,0.0,1.0,0.0,c234,c234
3551,2,0.0,0.0,1.0,c5,c5
3552,2,0.0,0.0,1.0,c234,c5
3553,4,0.0,0.0,1.0,c5,c5
3554,5,0.0,1.0,0.0,c234,c234
3555,1,0.0,0.0,1.0,c234,c5
3556,2,0.0,0.0,1.0,c234,c5
3557,5,0.0,1.0,0.0,c234,c234
3558,5,0.0,1.0,0.0,c5,c234
3559,2,0.0,0.0,1.0,c5,c5
3560,4,0.0,0.0,1.0,c1,c5
3561,2,0.0,0.0,1.0,c5,c5
3562,1,0.0,0.0,1.0,c234,c5
3563,1,0.0,0.0,1.0,c1,c5
3564,5,0.0,1.0,0.0,c5,c234
3565,3,0.0,0.0,1.0,c5,c5
3566,2,0.0,0.0,1.0,c5,c5
3567,2,0.0,0.0,1.0,c234,c5
3568,2,0.0,0.0,1.0,c234,c5
3569,4,0.0,0.0,1.0,c5,c5
3570,4,0.0,0.0,1.0,c1,c5
3571,1,0.0,0.0,1.0,c1,c5
3572,1,0.0,0.0,1.0,c5,c5
3573,5,0.0,1.0,0.0,c1,c234
3574,4,0.0,0.0,1.0,c234,c5
3575,5,0.0,1.0,0.0,c1,c234
3576,5,0.0,1.0,0.0,c5,c234
3577,5,0.0,1.0,0.0,c234,c234
3578,2,0.0,0.0,1.0,c234,c5
3579,1,0.0,0.0,1.0,c234,c5
3580,4,0.0,0.0,1.0,c234,c5
3581,4,0.0,0.0,1.0,c1,c5
3582,5,0.0,1.0,0.0,c5,c234
3583,5,0.0,1.0,0.0,c1,c234
3584,1,0.0,0.0,1.0,c1,c5
3585,1,0.0,0.0,1.0,c5,c5
3586,4,0.0,0.0,1.0,c234,c5
3587,1,0.0,0.0,1.0,c234,c5
3588,1,0.0,0.0,1.0,c5,c5
3589,2,0.0,0.0,1.0,c5,c5
3590,4,0.0,0.0,1.0,c234,c5
3591,3,0.0,0.0,1.0,c5,c5
3592,1,0.0,0.0,1.0,c234,c5
3593,4,0.0,0.0,1.0,c234,c5
3594,2,0.0,0.0,1.0,c234,c5
3595,5,0.0,1.0,0.0,c5,c234
3596,3,0.0,0.0,1.0,c1,c5
3597,4,0.0,0.0,1.0,c234,c5
3598,3,0.0,0.0,1.0,c1,c5
3599,5,0.0,1.0,0.0,c1,c234
3600,5,0.0,1.0,0.0,c1,c234
3601,4,0.0,0.0,1.0,c234,c5
3602,4,0.0,0.0,1.0,c234,c5
3603,2,0.0,0.0,1.0,c5,c5
3604,3,0.0,0.0,1.0,c5,c5
3605,3,0.0,0.0,1.0,c234,c5
3606,4,0.0,0.0,1.0,c5,c5
3607,4,0.0,0.0,1.0,c5,c5
3608,5,0.0,1.0,0.0,c1,c234
3609,5,0.0,1.0,0.0,c234,c234
3610,2,0.0,0.0,1.0,c5,c5
3611,1,0.0,0.0,1.0,c234,c5
3612,4,0.0,0.0,1.0,c5,c5
3613,1,0.0,0.0,1.0,c5,c5
3614,3,0.0,0.0,1.0,c1,c5
3615,5,0.0,1.0,0.0,c234,c234
3616,2,0.0,0.0,1.0,c1,c5
3617,5,0.0,1.0,0.0,c1,c234
3618,1,0.0,0.0,1.0,c5,c5
3619,5,0.0,1.0,0.0,c1,c234
3620,2,0.0,0.0,1.0,c234,c5
3621,4,0.0,0.0,1.0,c1,c5
3622,4,0.0,0.0,1.0,c5,c5
3623,1,0.0,0.0,1.0,c1,c5
3624,3,0.0,0.0,1.0,c234,c5
3625,2,0.0,0.0,1.0,c5,c5
3626,4,0.0,0.0,1.0,c5,c5
3627,4,0.0,0.0,1.0,c234,c5
3628,3,0.0,0.0,1.0,c5,c5
3629,2,0.0,0.0,1.0,c1,c5
3630,2,0.0,0.0,1.0,c1,c5
3631,4,0.0,0.0,1.0,c5,c5
3632,2,0.0,0.0,1.0,c1,c5
3633,4,0.0,0.0,1.0,c234,c5
3634,2,0.0,0.0,1.0,c234,c5
3635,4,0.0,0.0,1.0,c5,c5
3636,2,0.0,0.0,1.0,c234,c5
3637,5,0.0,1.0,0.0,c234,c234
3638,2,0.0,0.0,1.0,c234,c5
3639,4,0.0,0.0,1.0,c234,c5
3640,1,0.0,0.0,1.0,c234,c5
3641,4,0.0,0.0,1.0,c234,c5
3642,2,0.0,0.0,1.0,c5,c5
3643,1,0.0,0.0,1.0,c1,c5
3644,5,0.0,1.0,0.0,c1,c234
3645,3,0.0,0.0,1.0,c5,c5
3646,3,0.0,0.0,1.0,c1,c5
3647,2,0.0,0.0,1.0,c234,c5
3648,5,0.0,1.0,0.0,c5,c234
3649,2,0.0,0.0,1.0,c234,c5
3650,1,0.0,0.0,1.0,c1,c5
3651,2,0.0,0.0,1.0,c1,c5
3652,2,0.0,0.0,1.0,c234,c5
3653,3,0.0,0.0,1.0,c234,c5
3654,3,0.0,0.0,1.0,c1,c5
3655,4,0.0,0.0,1.0,c5,c5
3656,3,0.0,0.0,1.0,c5,c5
3657,1,0.0,0.0,1.0,c1,c5
3658,5,0.0,1.0,0.0,c234,c234
3659,4,0.0,0.0,1.0,c234,c5
3660,4,0.0,0.0,1.0,c1,c5
3661,2,0.0,0.0,1.0,c1,c5
3662,1,0.0,0.0,1.0,c5,c5
3663,5,0.0,1.0,0.0,c5,c234
3664,1,0.0,0.0,1.0,c234,c5
3665,4,0.0,0.0,1.0,c1,c5
3666,2,0.0,0.0,1.0,c234,c5
3667,5,0.0,1.0,0.0,c1,c234
3668,5,0.0,1.0,0.0,c5,c234
3669,3,0.0,0.0,1.0,c5,c5
3670,5,0.0,1.0,0.0,c5,c234
3671,4,0.0,0.0,1.0,c1,c5
3672,5,0.0,1.0,0.0,c1,c234
3673,4,0.0,0.0,1.0,c234,c5
3674,1,0.0,0.0,1.0,c1,c5
3675,3,0.0,0.0,1.0,c5,c5
3676,1,0.0,0.0,1.0,c5,c5
3677,2,0.0,0.0,1.0,c1,c5
3678,1,0.0,0.0,1.0,c234,c5
3679,2,0.0,0.0,1.0,c1,c5
3680,4,0.0,0.0,1.0,c5,c5
3681,3,0.0,0.0,1.0,c234,c5
3682,1,0.0,0.0,1.0,c5,c5
3683,4,0.0,0.0,1.0,c1,c5
3684,3,0.0,0.0,1.0,c234,c5
3685,3,0.0,0.0,1.0,c5,c5
3686,5,0.0,1.0,0.0,c5,c234
3687,3,0.0,0.0,1.0,c5,c5
3688,3,0.0,0.0,1.0,c5,c5
3689,1,0.0,0.0,1.0,c234,c5
3690,2,0.0,0.0,1.0,c1,c5
3691,5,0.0,1.0,0.0,c1,c234
3692,2,0.0,0.0,1.0,c234,c5
3693,4,0.0,0.0,1.0,c5,c5
3694,3,0.0,0.0,1.0,c234,c5
3695,1,0.0,0.0,1.0,c5,c5
3696,4,0.0,0.0,1.0,c234,c5
3697,4,0.0,0.0,1.0,c1,c5
3698,1,0.0,0.0,1.0,c1,c5
3699,2,0.0,0.0,1.0,c234,c5
3700,2,0.0,0.0,1.0,c5,c5
3701,4,0.0,0.0,1.0,c1,c5
3702,2,0.0,0.0,1.0,c1,c5
3703,2,0.0,0.0,1.0,c234,c5
3704,3,0.0,0.0,1.0,c234,c5
3705,5,0.0,1.0,0.0,c234,c234
3706,4,0.0,0.0,1.0,c5,c5
3707,4,0.0,0.0,1.0,c5,c5
3708,4,0.0,0.0,1.0,c234,c5
3709,5,0.0,1.0,0.0,c5,c234
3710,4,0.0,0.0,1.0,c1,c5
3711,3,0.0,0.0,1.0,c234,c5
3712,3,0.0,0.0,1.0,c234,c5
3713,1,0.0,0.0,1.0,c1,c5
3714,5,0.0,1.0,0.0,c5,c234
3715,5,0.0,1.0,0.0,c5,c234
3716,4,0.0,0.0,1.0,c5,c5
3717,3,0.0,0.0,1.0,c5,c5
3718,5,0.0,1.0,0.0,c5,c234
3719,3,0.0,0.0,1.0,c234,c5
3720,3,0.0,0.0,1.0,c1,c5
3721,4,0.0,0.0,1.0,c1,c5
3722,3,0.0,0.0,1.0,c234,c5
3723,2,0.0,0.0,1.0,c234,c5
3724,2,0.0,0.0,1.0,c1,c5
3725,1,0.0,0.0,1.0,c234,c5
3726,1,0.0,0.0,1.0,c234,c5
3727,1,0.0,0.0,1.0,c234,c5
3728,5,0.0,1.0,0.0,c5,c234
3729,5,0.0,1.0,0.0,c1,c234
3730,4,0.0,0.0,1.0,c234,c5
3731,2,0.0,0.0,1.0,c5,c5
3732,2,0.0,0.0,1.0,c1,c5
3733,4,0.0,0.0,1.0,c5,c5
3734,1,0.0,0.0,1.0,c234,c5
3735,3,0.0,0.0,1.0,c1,c5
3736,3,0.0,0.0,1.0,c1,c5
3737,3,0.0,0.0,1.0,c1,c5
3738,4,0.0,0.0,1.0,c234,c5
3739,3,0.0,0.0,1.0,c234,c5
3740,1,0.0,0.0,1.0,c1,c5
3741,5,0.0,1.0,0.0,c5,c234
3742,4,0.0,0.0,1.0,c5,c5
3743,4,0.0,0.0,1.0,c1,c5
3744,5,0.0,1.0,0.0,c5,c234
3745,1,0.0,0.0,1.0,c1,c5
3746,2,0.0,0.0,1.0,c1,c5
3747,5,0.0,1.0,0.0,c5,c234
3748,3,0.0,0.0,1.0,c1,c5
3749,1,0.0,0.0,1.0,c234,c5
3750,4,0.0,0.0,1.0,c5,c5
3751,4,0.0,0.0,1.0,c1,c5
3752,5,0.0,1.0,0.0,c1,c234
3753,2,0.0,0.0,1.0,c5,c5
3754,2,0.0,0.0,1.0,c234,c5
3755,3,0.0,0.0,1.0,c5,c5
3756,1,0.0,0.0,1.0,c234,c5
3757,2,0.0,0.0,1.0,c234,c5
3758,3,0.0,0.0,1.0,c1,c5
3759,2,0.0,0.0,1.0,c5,c5
3760,1,0.0,0.0,1.0,c1,c5
3761,4,0.0,0.0,1.0,c5,c5
3762,1,0.0,0.0,1.0,c1,c5
3763,3,0.0,0.0,1.0,c1,c5
3764,3,0.0,0.0,1.0,c1,c5
3765,5,0.0,1.0,0.0,c5,c234
3766,1,0.0,0.0,1.0,c234,c5
3767,5,0.0,1.0,0.0,c1,c234
3768,3,0.0,0.0,1.0,c5,c5
3769,5,0.0,1.0,0.0,c1,c234
3770,3,0.0,0.0,1.0,c5,c5
3771,4,0.0,0.0,1.0,c5,c5
3772,1,0.0,0.0,1.0,c234,c5
3773,5,0.0,1.0,0.0,c5,c234
3774,4,0.0,0.0,1.0,c1,c5
3775,1,0.0,0.0,1.0,c234,c5
3776,1,0.0,0.0,1.0,c5,c5
3777,2,0.0,0.0,1.0,c234,c5
3778,3,0.0,0.0,1.0,c5,c5
3779,5,0.0,1.0,0.0,c234,c234
3780,3,0.0,0.0,1.0,c5,c5
3781,3,0.0,0.0,1.0,c1,c5
3782,2,0.0,0.0,1.0,c5,c5
3783,5,0.0,1.0,0.0,c234,c234
3784,3,0.0,0.0,1.0,c1,c5
3785,3,0.0,0.0,1.0,c5,c5
3786,5,0.0,1.0,0.0,c1,c234
3787,4,0.0,0.0,1.0,c5,c5
3788,1,0.0,0.0,1.0,c234,c5
3789,4,0.0,0.0,1.0,c5,c5
3790,1,0.0,0.0,1.0,c1,c5
3791,3,0.0,0.0,1.0,c1,c5
3792,3,0.0,0.0,1.0,c5,c5
3793,4,0.0,0.0,1.0,c5,c5
3794,2,0.0,0.0,1.0,c5,c5
3795,5,0.0,1.0,0.0,c234,c234
3796,5,0.0,1.0,0.0,c234,c234
3797,2,0.0,0.0,1.0,c234,c5
3798,4,0.0,0.0,1.0,c5,c5
3799,2,0.0,0.0,1.0,c234,c5
3800,2,0.0,0.0,1.0,c234,c5
3801,5,0.0,1.0,0.0,c1,c234
3802,3,0.0,0.0,1.0,c5,c5
3803,1,0.0,0.0,1.0,c234,c5
3804,1,0.0,0.0,1.0,c5,c5
3805,2,0.0,0.0,1.0,c234,c5
3806,5,0.0,1.0,0.0,c1,c234
3807,2,0.0,0.0,1.0,c234,c5
3808,1,0.0,0.0,1.0,c1,c5
3809,2,0.0,0.0,1.0,c5,c5
3810,5,0.0,1.0,0.0,c1,c234
3811,4,0.0,0.0,1.0,c5,c5
3812,2,0.0,0.0,1.0,c234,c5
3813,2,0.0,0.0,1.0,c5,c5
3814,4,0.0,0.0,1.0,c1,c5
3815,2,0.0,0.0,1.0,c5,c5
3816,5,0.0,1.0,0.0,c234,c234
3817,3,0.0,0.0,1.0,c5,c5
3818,3,0.0,0.0,1.0,c234,c5
3819,3,0.0,0.0,1.0,c1,c5
3820,1,0.0,0.0,1.0,c1,c5
3821,3,0.0,0.0,1.0,c1,c5
3822,3,0.0,0.0,1.0,c234,c5
3823,4,0.0,0.0,1.0,c5,c5
3824,4,0.0,0.0,1.0,c234,c5
3825,4,0.0,0.0,1.0,c1,c5
3826,3,0.0,0.0,1.0,c234,c5
3827,3,0.0,0.0,1.0,c234,c5
3828,3,0.0,0.0,1.0,c234,c5
3829,4,0.0,0.0,1.0,c5,c5
3830,3,0.0,0.0,1.0,c234,c5
3831,1,0.0,0.0,1.0,c1,c5
3832,2,0.0,0.0,1.0,c234,c5
3833,4,0.0,0.0,1.0,c5,c5
3834,4,0.0,0.0,1.0,c1,c5
3835,5,0.0,1.0,0.0,c5,c234
3836,1,0.0,0.0,1.0,c234,c5
3837,1,0.0,0.0,1.0,c5,c5
3838,1,0.0,0.0,1.0,c1,c5
3839,1,0.0,0.0,1.0,c234,c5
3840,3,0.0,0.0,1.0,c234,c5
3841,5,0.0,1.0,0.0,c1,c234
3842,2,0.0,0.0,1.0,c1,c5
3843,2,0.0,0.0,1.0,c5,c5
3844,3,0.0,0.0,1.0,c234,c5
3845,1,0.0,0.0,1.0,c234,c5
3846,3,0.0,0.0,1.0,c5,c5
3847,1,0.0,0.0,1.0,c234,c5
3848,3,0.0,0.0,1.0,c234,c5
3849,4,0.0,0.0,1.0,c234,c5
3850,5,0.0,1.0,0.0,c5,c234
3851,5,0.0,1.0,0.0,c5,c234
3852,5,0.0,1.0,0.0,c1,c234
3853,4,0.0,0.0,1.0,c5,c5
3854,4,0.0,0.0,1.0,c234,c5
3855,4,0.0,0.0,1.0,c234,c5
3856,3,0.0,0.0,1.0,c5,c5
3857,4,0.0,0.0,1.0,c234,c5
3858,1,0.0,0.0,1.0,c234,c5
3859,3,0.0,0.0,1.0,c234,c5
3860,5,0.0,1.0,0.0,c5,c234
3861,5,0.0,1.0,0.0,c1,c234
3862,1,0.0,0.0,1.0,c234,c5
3863,1,0.0,0.0,1.0,c1,c5
3864,5,0.0,1.0,0.0,c234,c234
3865,5,0.0,1.0,0.0,c1,c234
3866,1,0.0,0.0,1.0,c5,c5
3867,3,0.0,0.0,1.0,c5,c5
3868,1,0.0,0.0,1.0,c1,c5
3869,4,0.0,0.0,1.0,c1,c5
3870,1,0.0,0.0,1.0,c1,c5
3871,4,0.0,0.0,1.0,c5,c5
3872,1,0.0,0.0,1.0,c234,c5
3873,4,0.0,0.0,1.0,c1,c5
3874,2,0.0,0.0,1.0,c1,c5
3875,3,0.0,0.0,1.0,c5,c5
3876,4,0.0,0.0,1.0,c1,c5
3877,5,0.0,1.0,0.0,c5,c234
3878,1,0.0,0.0,1.0,c234,c5
3879,5,0.0,1.0,0.0,c1,c234
3880,2,0.0,0.0,1.0,c1,c5
3881,1,0.0,0.0,1.0,c5,c5
3882,2,0.0,0.0,1.0,c234,c5
3883,4,0.0,0.0,1.0,c234,c5
3884,2,0.0,0.0,1.0,c1,c5
3885,2,0.0,0.0,1.0,c234,c5
3886,1,0.0,0.0,1.0,c1,c5
3887,5,0.0,1.0,0.0,c1,c234
3888,2,0.0,0.0,1.0,c5,c5
3889,4,0.0,0.0,1.0,c234,c5
3890,1,0.0,0.0,1.0,c1,c5
3891,4,0.0,0.0,1.0,c5,c5
3892,3,0.0,0.0,1.0,c1,c5
3893,1,0.0,0.0,1.0,c1,c5
3894,2,0.0,0.0,1.0,c1,c5
3895,4,0.0,0.0,1.0,c1,c5
3896,5,0.0,1.0,0.0,c1,c234
3897,2,0.0,0.0,1.0,c5,c5
3898,3,0.0,0.0,1.0,c5,c5
3899,3,0.0,0.0,1.0,c5,c5
3900,5,0.0,1.0,0.0,c234,c234
3901,4,0.0,0.0,1.0,c5,c5
3902,4,0.0,0.0,1.0,c234,c5
3903,5,0.0,1.0,0.0,c234,c234
3904,5,0.0,1.0,0.0,c1,c234
3905,5,0.0,1.0,0.0,c234,c234
3906,5,0.0,1.0,0.0,c234,c234
3907,1,0.0,0.0,1.0,c234,c5
3908,3,0.0,0.0,1.0,c234,c5
3909,3,0.0,0.0,1.0,c1,c5
3910,4,0.0,0.0,1.0,c234,c5
3911,2,0.0,0.0,1.0,c5,c5
3912,3,0.0,0.0,1.0,c1,c5
3913,2,0.0,0.0,1.0,c1,c5
3914,5,0.0,1.0,0.0,c5,c234
3915,4,0.0,0.0,1.0,c1,c5
3916,5,0.0,1.0,0.0,c234,c234
3917,3,0.0,0.0,1.0,c5,c5
3918,4,0.0,0.0,1.0,c5,c5
3919,5,0.0,1.0,0.0,c1,c234
3920,5,0.0,1.0,0.0,c5,c234
3921,4,0.0,0.0,1.0,c5,c5
3922,3,0.0,0.0,1.0,c1,c5
3923,1,0.0,0.0,1.0,c5,c5
3924,1,0.0,0.0,1.0,c234,c5
3925,4,0.0,0.0,1.0,c5,c5
3926,4,0.0,0.0,1.0,c1,c5
3927,3,0.0,0.0,1.0,c234,c5
3928,1,0.0,0.0,1.0,c5,c5
3929,2,0.0,0.0,1.0,c234,c5
3930,3,0.0,0.0,1.0,c1,c5
3931,4,0.0,0.0,1.0,c234,c5
3932,3,0.0,0.0,1.0,c5,c5
3933,3,0.0,0.0,1.0,c234,c5
3934,4,0.0,0.0,1.0,c1,c5
3935,4,0.0,0.0,1.0,c234,c5
3936,2,0.0,0.0,1.0,c1,c5
3937,5,0.0,1.0,0.0,c5,c234
3938,2,0.0,0.0,1.0,c5,c5
3939,1,0.0,0.0,1.0,c234,c5
3940,3,0.0,0.0,1.0,c1,c5
3941,3,0.0,0.0,1.0,c5,c5
3942,4,0.0,0.0,1.0,c5,c5
3943,2,0.0,0.0,1.0,c5,c5
3944,2,0.0,0.0,1.0,c5,c5
3945,2,0.0,0.0,1.0,c5,c5
3946,1,0.0,0.0,1.0,c1,c5
3947,2,0.0,0.0,1.0,c5,c5
3948,1,0.0,0.0,1.0,c5,c5
3949,1,0.0,0.0,1.0,c5,c5
3950,2,0.0,0.0,1.0,c234,c5
3951,5,0.0,1.0,0.0,c1,c234
3952,1,0.0,0.0,1.0,c5,c5
3953,4,0.0,0.0,1.0,c5,c5
3954,3,0.0,0.0,1.0,c5,c5
3955,5,0.0,1.0,0.0,c1,c234
3956,1,0.0,0.0,1.0,c234,c5
3957,1,0.0,0.0,1.0,c1,c5
3958,4,0.0,0.0,1.0,c5,c5
3959,2,0.0,0.0,1.0,c5,c5
3960,3,0.0,0.0,1.0,c234,c5
3961,3,0.0,0.0,1.0,c5,c5
3962,4,0.0,0.0,1.0,c1,c5
3963,2,0.0,0.0,1.0,c1,c5
3964,2,0.0,0.0,1.0,c234,c5
3965,3,0.0,0.0,1.0,c234,c5
3966,1,0.0,0.0,1.0,c234,c5
3967,3,0.0,0.0,1.0,c1,c5
3968,1,0.0,0.0,1.0,c5,c5
3969,2,0.0,0.0,1.0,c1,c5
3970,5,0.0,1.0,0.0,c234,c234
3971,3,0.0,0.0,1.0,c234,c5
3972,4,0.0,0.0,1.0,c234,c5
3973,1,0.0,0.0,1.0,c5,c5
3974,4,0.0,0.0,1.0,c234,c5
3975,1,0.0,0.0,1.0,c234,c5
3976,1,0.0,0.0,1.0,c5,c5
3977,3,0.0,0.0,1.0,c1,c5
3978,2,0.0,0.0,1.0,c234,c5
3979,5,0.0,1.0,0.0,c234,c234
3980,1,0.0,0.0,1.0,c1,c5
3981,1,0.0,0.0,1.0,c234,c5
3982,5,0.0,1.0,0.0,c234,c234
3983,2,0.0,0.0,1.0,c234,c5
3984,4,0.0,0.0,1.0,c1,c5
3985,2,0.0,0.0,1.0,c234,c5
3986,5,0.0,1.0,0.0,c234,c234
3987,4,0.0,0.0,1.0,c1,c5
3988,4,0.0,0.0,1.0,c5,c5
3989,4,0.0,0.0,1.0,c1,c5
3990,3,0.0,0.0,1.0,c1,c5
3991,2,0.0,0.0,1.0,c1,c5
3992,2,0.0,0.0,1.0,c5,c5
3993,1,0.0,0.0,1.0,c5,c5
3994,1,0.0,0.0,1.0,c5,c5
3995,3,0.0,0.0,1.0,c234,c5
3996,1,0.0,0.0,1.0,c1,c5
3997,2,0.0,0.0,1.0,c234,c5
3998,5,0.0,1.0,0.0,c1,c234
3999,2,0.0,0.0,1.0,c1,c5
4000,2,0.0,0.0,1.0,c234,c5
4001,3,0.0,0.0,1.0,c234,c5
4002,4,0.0,0.0,1.0,c1,c5
4003,4,0.0,0.0,1.0,c1,c5
4004,3,0.0,0.0,1.0,c234,c5
4005,3,0.0,0.0,1.0,c234,c5
4006,5,0.0,1.0,0.0,c5,c234
4007,1,0.0,0.0,1.0,c234,c5
4008,3,0.0,0.0,1.0,c1,c5
4009,5,0.0,1.0,0.0,c5,c234
4010,4,0.0,0.0,1.0,c5,c5
4011,4,0.0,0.0,1.0,c1,c5
4012,2,0.0,0.0,1.0,c1,c5
4013,2,0.0,0.0,1.0,c1,c5
4014,3,0.0,0.0,1.0,c234,c5
4015,1,0.0,0.0,1.0,c234,c5
4016,3,0.0,0.0,1.0,c1,c5
4017,5,0.0,1.0,0.0,c5,c234
4018,2,0.0,0.0,1.0,c5,c5
4019,1,0.0,0.0,1.0,c1,c5
4020,5,0.0,1.0,0.0,c234,c234
4021,3,0.0,0.0,1.0,c5,c5
4022,3,0.0,0.0,1.0,c234,c5
4023,2,0.0,0.0,1.0,c5,c5
4024,2,0.0,0.0,1.0,c1,c5
4025,2,0.0,0.0,1.0,c5,c5
4026,3,0.0,0.0,1.0,c5,c5
4027,5,0.0,1.0,0.0,c5,c234
4028,1,0.0,0.0,1.0,c5,c5
4029,3,0.0,0.0,1.0,c1,c5
4030,4,0.0,0.0,1.0,c5,c5
4031,5,0.0,1.0,0.0,c1,c234
4032,5,0.0,1.0,0.0,c234,c234
4033,4,0.0,0.0,1.0,c1,c5
4034,1,0.0,0.0,1.0,c234,c5
4035,3,0.0,0.0,1.0,c5,c5
4036,3,0.0,0.0,1.0,c234,c5
4037,4,0.0,0.0,1.0,c1,c5
4038,5,0.0,1.0,0.0,c234,c234
4039,3,0.0,0.0,1.0,c5,c5
4040,3,0.0,0.0,1.0,c234,c5
4041,5,0.0,1.0,0.0,c1,c234
4042,1,0.0,0.0,1.0,c1,c5
4043,3,0.0,0.0,1.0,c1,c5
4044,2,0.0,0.0,1.0,c5,c5
4045,3,0.0,0.0,1.0,c1,c5
4046,3,0.0,0.0,1.0,c5,c5
4047,5,0.0,1.0,0.0,c1,c234
4048,4,0.0,0.0,1.0,c5,c5
4049,1,0.0,0.0,1.0,c234,c5
4050,1,0.0,0.0,1.0,c5,c5
4051,4,0.0,0.0,1.0,c234,c5
4052,5,0.0,1.0,0.0,c5,c234
4053,4,0.0,0.0,1.0,c234,c5
4054,1,0.0,0.0,1.0,c1,c5
4055,4,0.0,0.0,1.0,c234,c5
4056,1,0.0,0.0,1.0,c234,c5
4057,3,0.0,0.0,1.0,c5,c5
4058,1,0.0,0.0,1.0,c234,c5
4059,2,0.0,0.0,1.0,c5,c5
4060,2,0.0,0.0,1.0,c1,c5
4061,5,0.0,1.0,0.0,c5,c234
4062,4,0.0,0.0,1.0,c234,c5
4063,2,0.0,0.0,1.0,c1,c5
4064,3,0.0,0.0,1.0,c5,c5
4065,4,0.0,0.0,1.0,c1,c5
4066,3,0.0,0.0,1.0,c1,c5
4067,4,0.0,0.0,1.0,c5,c5
4068,2,0.0,0.0,1.0,c1,c5
4069,3,0.0,0.0,1.0,c1,c5
4070,1,0.0,0.0,1.0,c5,c5
4071,4,0.0,0.0,1.0,c1,c5
4072,1,0.0,0.0,1.0,c5,c5
4073,3,0.0,0.0,1.0,c234,c5
4074,1,0.0,0.0,1.0,c234,c5
4075,5,0.0,1.0,0.0,c5,c234
4076,5,0.0,1.0,0.0,c234,c234
4077,5,0.0,1.0,0.0,c234,c234
4078,1,0.0,0.0,1.0,c5,c5
4079,4,0.0,0.0,1.0,c234,c5
4080,2,0.0,0.0,1.0,c234,c5
4081,1,0.0,0.0,1.0,c234,c5
4082,2,0.0,0.0,1.0,c1,c5
4083,3,0.0,0.0,1.0,c1,c5
4084,1,0.0,0.0,1.0,c5,c5
4085,4,0.0,0.0,1.0,c5,c5
4086,3,0.0,0.0,1.0,c5,c5
4087,2,0.0,0.0,1.0,c1,c5
4088,4,0.0,0.0,1.0,c1,c5
4089,3,0.0,0.0,1.0,c5,c5
4090,2,0.0,0.0,1.0,c5,c5
4091,2,0.0,0.0,1.0,c5,c5
4092,1,0.0,0.0,1.0,c234,c5
4093,2,0.0,0.0,1.0,c5,c5
4094,2,0.0,0.0,1.0,c1,c5
4095,3,0.0,0.0,1.0,c234,c5
4096,3,0.0,0.0,1.0,c1,c5
4097,4,0.0,0.0,1.0,c5,c5
4098,2,0.0,0.0,1.0,c5,c5
4099,5,0.0,1.0,0.0,c5,c234
4100,3,0.0,0.0,1.0,c234,c5
4101,1,0.0,0.0,1.0,c234,c5
4102,4,0.0,0.0,1.0,c5,c5
4103,5,0.0,1.0,0.0,c5,c234
4104,1,0.0,0.0,1.0,c234,c5
4105,1,0.0,0.0,1.0,c1,c5
4106,4,0.0,0.0,1.0,c1,c5
4107,5,0.0,1.0,0.0,c234,c234
4108,2,0.0,0.0,1.0,c234,c5
4109,5,0.0,1.0,0.0,c5,c234
4110,3,0.0,0.0,1.0,c234,c5
4111,4,0.0,0.0,1.0,c1,c5
4112,2,0.0,0.0,1.0,c5,c5
4113,5,0.0,1.0,0.0,c5,c234
4114,4,0.0,0.0,1.0,c234,c5
4115,1,0.0,0.0,1.0,c234,c5
4116,4,0.0,0.0,1.0,c5,c5
4117,5,0.0,1.0,0.0,c5,c234
4118,5,0.0,1.0,0.0,c1,c234
4119,2,0.0,0.0,1.0,c5,c5
4120,1,0.0,0.0,1.0,c5,c5
4121,4,0.0,0.0,1.0,c5,c5
4122,4,0.0,0.0,1.0,c234,c5
4123,2,0.0,0.0,1.0,c1,c5
4124,4,0.0,0.0,1.0,c234,c5
4125,5,0.0,1.0,0.0,c1,c234
4126,1,0.0,0.0,1.0,c234,c5
4127,3,0.0,0.0,1.0,c1,c5
4128,2,0.0,0.0,1.0,c1,c5
4129,5,0.0,1.0,0.0,c5,c234
4130,2,0.0,0.0,1.0,c234,c5
4131,4,0.0,0.0,1.0,c1,c5
4132,3,0.0,0.0,1.0,c1,c5
4133,5,0.0,1.0,0.0,c1,c234
4134,3,0.0,0.0,1.0,c1,c5
4135,4,0.0,0.0,1.0,c1,c5
4136,3,0.0,0.0,1.0,c5,c5
4137,2,0.0,0.0,1.0,c1,c5
4138,2,0.0,0.0,1.0,c1,c5
4139,5,0.0,1.0,0.0,c5,c234
4140,4,0.0,0.0,1.0,c234,c5
4141,2,0.0,0.0,1.0,c234,c5
4142,4,0.0,0.0,1.0,c1,c5
4143,5,0.0,1.0,0.0,c1,c234
4144,1,0.0,0.0,1.0,c5,c5
4145,2,0.0,0.0,1.0,c1,c5
4146,3,0.0,0.0,1.0,c5,c5
4147,1,0.0,0.0,1.0,c234,c5
4148,4,0.0,0.0,1.0,c1,c5
4149,4,0.0,0.0,1.0,c234,c5
4150,4,0.0,0.0,1.0,c5,c5
4151,3,0.0,0.0,1.0,c234,c5
4152,4,0.0,0.0,1.0,c234,c5
4153,2,0.0,0.0,1.0,c5,c5
4154,4,0.0,0.0,1.0,c1,c5
4155,5,0.0,1.0,0.0,c5,c234
4156,2,0.0,0.0,1.0,c1,c5
4157,2,0.0,0.0,1.0,c5,c5
4158,2,0.0,0.0,1.0,c1,c5
4159,2,0.0,0.0,1.0,c1,c5
4160,3,0.0,0.0,1.0,c1,c5
4161,1,0.0,0.0,1.0,c5,c5
4162,4,0.0,0.0,1.0,c1,c5
4163,5,0.0,1.0,0.0,c5,c234
4164,5,0.0,1.0,0.0,c5,c234
4165,4,0.0,0.0,1.0,c1,c5
4166,3,0.0,0.0,1.0,c234,c5
4167,4,0.0,0.0,1.0,c1,c5
4168,4,0.0,0.0,1.0,c234,c5
4169,2,0.0,0.0,1.0,c5,c5
4170,2,0.0,0.0,1.0,c5,c5
4171,5,0.0,1.0,0.0,c234,c234
4172,4,0.0,0.0,1.0,c5,c5
4173,3,0.0,0.0,1.0,c5,c5
4174,1,0.0,0.0,1.0,c234,c5
4175,4,0.0,0.0,1.0,c234,c5
4176,2,0.0,0.0,1.0,c234,c5
4177,2,0.0,0.0,1.0,c5,c5
4178,3,0.0,0.0,1.0,c234,c5
4179,1,0.0,0.0,1.0,c5,c5
4180,4,0.0,0.0,1.0,c1,c5
4181,1,0.0,0.0,1.0,c234,c5
4182,4,0.0,0.0,1.0,c234,c5
4183,1,0.0,0.0,1.0,c5,c5
4184,4,0.0,0.0,1.0,c5,c5
4185,4,0.0,0.0,1.0,c1,c5
4186,5,0.0,1.0,0.0,c234,c234
4187,3,0.0,0.0,1.0,c234,c5
4188,4,0.0,0.0,1.0,c1,c5
4189,1,0.0,0.0,1.0,c234,c5
4190,1,0.0,0.0,1.0,c5,c5
4191,4,0.0,0.0,1.0,c5,c5
4192,2,0.0,0.0,1.0,c5,c5
4193,1,0.0,0.0,1.0,c234,c5
4194,3,0.0,0.0,1.0,c1,c5
4195,3,0.0,0.0,1.0,c234,c5
4196,1,0.0,0.0,1.0,c1,c5
4197,3,0.0,0.0,1.0,c234,c5
4198,4,0.0,0.0,1.0,c234,c5
4199,5,0.0,1.0,0.0,c234,c234
4200,1,0.0,0.0,1.0,c1,c5
4201,5,0.0,1.0,0.0,c1,c234
4202,5,0.0,1.0,0.0,c234,c234
4203,2,0.0,0.0,1.0,c234,c5
4204,2,0.0,0.0,1.0,c234,c5
4205,5,0.0,1.0,0.0,c5,c234
4206,2,0.0,0.0,1.0,c234,c5
4207,1,0.0,0.0,1.0,c5,c5
4208,3,0.0,0.0,1.0,c1,c5
4209,3,0.0,0.0,1.0,c5,c5
4210,1,0.0,0.0,1.0,c5,c5
4211,3,0.0,0.0,1.0,c5,c5
4212,3,0.0,0.0,1.0,c1,c5
4213,2,0.0,0.0,1.0,c5,c5
4214,1,0.0,0.0,1.0,c5,c5
4215,3,0.0,0.0,1.0,c1,c5
4216,3,0.0,0.0,1.0,c1,c5
4217,4,0.0,0.0,1.0,c234,c5
4218,2,0.0,0.0,1.0,c234,c5
4219,4,0.0,0.0,1.0,c234,c5
4220,3,0.0,0.0,1.0,c5,c5
4221,4,0.0,0.0,1.0,c1,c5
4222,5,0.0,1.0,0.0,c5,c234
4223,2,0.0,0.0,1.0,c5,c5
4224,5,0.0,1.0,0.0,c1,c234
4225,2,0.0,0.0,1.0,c234,c5
4226,4,0.0,0.0,1.0,c5,c5
4227,5,0.0,1.0,0.0,c5,c234
4228,1,0.0,0.0,1.0,c234,c5
4229,4,0.0,0.0,1.0,c1,c5
4230,1,0.0,0.0,1.0,c5,c5
4231,4,0.0,0.0,1.0,c1,c5
4232,4,0.0,0.0,1.0,c5,c5
4233,5,0.0,1.0,0.0,c5,c234
4234,2,0.0,0.0,1.0,c5,c5
4235,2,0.0,0.0,1.0,c234,c5
4236,4,0.0,0.0,1.0,c5,c5
4237,5,0.0,1.0,0.0,c234,c234
4238,2,0.0,0.0,1.0,c234,c5
4239,2,0.0,0.0,1.0,c234,c5
4240,3,0.0,0.0,1.0,c5,c5
4241,3,0.0,0.0,1.0,c1,c5
4242,5,0.0,1.0,0.0,c234,c234
4243,4,0.0,0.0,1.0,c1,c5
4244,1,0.0,0.0,1.0,c1,c5
4245,4,0.0,0.0,1.0,c5,c5
4246,1,0.0,0.0,1.0,c5,c5
4247,5,0.0,1.0,0.0,c1,c234
4248,4,0.0,0.0,1.0,c234,c5
4249,4,0.0,0.0,1.0,c5,c5
4250,2,0.0,0.0,1.0,c234,c5
4251,4,0.0,0.0,1.0,c1,c5
4252,1,0.0,0.0,1.0,c5,c5
4253,5,0.0,1.0,0.0,c5,c234
4254,1,0.0,0.0,1.0,c5,c5
4255,2,0.0,0.0,1.0,c1,c5
4256,2,0.0,0.0,1.0,c234,c5
4257,1,0.0,0.0,1.0,c5,c5
4258,4,0.0,0.0,1.0,c5,c5
4259,4,0.0,0.0,1.0,c1,c5
4260,2,0.0,0.0,1.0,c5,c5
4261,1,0.0,0.0,1.0,c1,c5
4262,5,0.0,1.0,0.0,c234,c234
4263,1,0.0,0.0,1.0,c5,c5
4264,1,0.0,0.0,1.0,c234,c5
4265,2,0.0,0.0,1.0,c5,c5
4266,4,0.0,0.0,1.0,c234,c5
4267,2,0.0,0.0,1.0,c234,c5
4268,2,0.0,0.0,1.0,c234,c5
4269,5,0.0,1.0,0.0,c1,c234
4270,3,0.0,0.0,1.0,c234,c5
4271,4,0.0,0.0,1.0,c234,c5
4272,2,0.0,0.0,1.0,c1,c5
4273,2,0.0,0.0,1.0,c1,c5
4274,2,0.0,0.0,1.0,c234,c5
4275,2,0.0,0.0,1.0,c5,c5
4276,1,0.0,0.0,1.0,c1,c5
4277,1,0.0,0.0,1.0,c1,c5
4278,2,0.0,0.0,1.0,c5,c5
4279,4,0.0,0.0,1.0,c5,c5
4280,1,0.0,0.0,1.0,c1,c5
4281,2,0.0,0.0,1.0,c1,c5
4282,2,0.0,0.0,1.0,c234,c5
4283,2,0.0,0.0,1.0,c234,c5
4284,5,0.0,1.0,0.0,c5,c234
4285,2,0.0,0.0,1.0,c1,c5
4286,2,0.0,0.0,1.0,c234,c5
4287,3,0.0,0.0,1.0,c5,c5
4288,4,0.0,0.0,1.0,c5,c5
4289,5,0.0,1.0,0.0,c5,c234
4290,2,0.0,0.0,1.0,c1,c5
4291,4,0.0,0.0,1.0,c5,c5
4292,1,0.0,0.0,1.0,c234,c5
4293,1,0.0,0.0,1.0,c5,c5
4294,3,0.0,0.0,1.0,c5,c5
4295,1,0.0,0.0,1.0,c5,c5
4296,3,0.0,0.0,1.0,c234,c5
4297,3,0.0,0.0,1.0,c234,c5
4298,1,0.0,0.0,1.0,c5,c5
4299,1,0.0,0.0,1.0,c234,c5
4300,1,0.0,0.0,1.0,c5,c5
4301,4,0.0,0.0,1.0,c234,c5
4302,4,0.0,0.0,1.0,c5,c5
4303,5,0.0,1.0,0.0,c5,c234
4304,3,0.0,0.0,1.0,c5,c5
4305,5,0.0,1.0,0.0,c234,c234
4306,4,0.0,0.0,1.0,c5,c5
4307,1,0.0,0.0,1.0,c5,c5
4308,2,0.0,0.0,1.0,c234,c5
4309,1,0.0,0.0,1.0,c234,c5
4310,4,0.0,0.0,1.0,c234,c5
4311,1,0.0,0.0,1.0,c234,c5
4312,1,0.0,0.0,1.0,c234,c5
4313,3,0.0,0.0,1.0,c5,c5
4314,3,0.0,0.0,1.0,c1,c5
4315,4,0.0,0.0,1.0,c1,c5
4316,2,0.0,0.0,1.0,c1,c5
4317,2,0.0,0.0,1.0,c1,c5
4318,5,0.0,1.0,0.0,c5,c234
4319,4,0.0,0.0,1.0,c1,c5
4320,2,0.0,0.0,1.0,c1,c5
4321,1,0.0,0.0,1.0,c1,c5
4322,1,0.0,0.0,1.0,c5,c5
4323,5,0.0,1.0,0.0,c5,c234
4324,4,0.0,0.0,1.0,c1,c5
4325,2,0.0,0.0,1.0,c5,c5
4326,3,0.0,0.0,1.0,c1,c5
4327,4,0.0,0.0,1.0,c5,c5
4328,5,0.0,1.0,0.0,c1,c234
4329,5,0.0,1.0,0.0,c5,c234
4330,3,0.0,0.0,1.0,c234,c5
4331,3,0.0,0.0,1.0,c1,c5
4332,4,0.0,0.0,1.0,c1,c5
4333,2,0.0,0.0,1.0,c234,c5
4334,5,0.0,1.0,0.0,c1,c234
4335,5,0.0,1.0,0.0,c5,c234
4336,2,0.0,0.0,1.0,c234,c5
4337,1,0.0,0.0,1.0,c1,c5
4338,2,0.0,0.0,1.0,c5,c5
4339,1,0.0,0.0,1.0,c234,c5
4340,5,0.0,1.0,0.0,c1,c234
4341,5,0.0,1.0,0.0,c5,c234
4342,1,0.0,0.0,1.0,c234,c5
4343,5,0.0,1.0,0.0,c5,c234
4344,4,0.0,0.0,1.0,c234,c5
4345,2,0.0,0.0,1.0,c5,c5
4346,1,0.0,0.0,1.0,c234,c5
4347,3,0.0,0.0,1.0,c234,c5
4348,1,0.0,0.0,1.0,c1,c5
4349,2,0.0,0.0,1.0,c1,c5
4350,2,0.0,0.0,1.0,c234,c5
4351,2,0.0,0.0,1.0,c234,c5
4352,4,0.0,0.0,1.0,c5,c5
4353,3,0.0,0.0,1.0,c234,c5
4354,5,0.0,1.0,0.0,c5,c234
4355,1,0.0,0.0,1.0,c234,c5
4356,2,0.0,0.0,1.0,c1,c5
4357,3,0.0,0.0,1.0,c5,c5
4358,1,0.0,0.0,1.0,c234,c5
4359,3,0.0,0.0,1.0,c234,c5
4360,2,0.0,0.0,1.0,c5,c5
4361,5,0.0,1.0,0.0,c234,c234
4362,4,0.0,0.0,1.0,c234,c5
4363,3,0.0,0.0,1.0,c234,c5
4364,1,0.0,0.0,1.0,c234,c5
4365,2,0.0,0.0,1.0,c234,c5
4366,1,0.0,0.0,1.0,c5,c5
4367,3,0.0,0.0,1.0,c1,c5
4368,4,0.0,0.0,1.0,c5,c5
4369,3,0.0,0.0,1.0,c5,c5
4370,2,0.0,0.0,1.0,c5,c5
4371,2,0.0,0.0,1.0,c1,c5
4372,4,0.0,0.0,1.0,c234,c5
4373,4,0.0,0.0,1.0,c1,c5
4374,2,0.0,0.0,1.0,c5,c5
4375,4,0.0,0.0,1.0,c234,c5
4376,3,0.0,0.0,1.0,c234,c5
4377,5,0.0,1.0,0.0,c234,c234
4378,4,0.0,0.0,1.0,c5,c5
4379,3,0.0,0.0,1.0,c234,c5
4380,3,0.0,0.0,1.0,c234,c5
4381,2,0.0,0.0,1.0,c234,c5
4382,2,0.0,0.0,1.0,c234,c5
4383,1,0.0,0.0,1.0,c5,c5
4384,3,0.0,0.0,1.0,c1,c5
4385,5,0.0,1.0,0.0,c234,c234
4386,5,0.0,1.0,0.0,c234,c234
4387,5,0.0,1.0,0.0,c1,c234
4388,1,0.0,0.0,1.0,c5,c5
4389,3,0.0,0.0,1.0,c1,c5
4390,5,0.0,1.0,0.0,c1,c234
4391,2,0.0,0.0,1.0,c234,c5
4392,2,0.0,0.0,1.0,c234,c5
4393,3,0.0,0.0,1.0,c5,c5
4394,1,0.0,0.0,1.0,c5,c5
4395,4,0.0,0.0,1.0,c234,c5
4396,4,0.0,0.0,1.0,c5,c5
4397,4,0.0,0.0,1.0,c5,c5
4398,3,0.0,0.0,1.0,c234,c5
4399,4,0.0,0.0,1.0,c1,c5
4400,5,0.0,1.0,0.0,c5,c234
4401,4,0.0,0.0,1.0,c5,c5
4402,5,0.0,1.0,0.0,c1,c234
4403,2,0.0,0.0,1.0,c1,c5
4404,3,0.0,0.0,1.0,c1,c5
4405,5,0.0,1.0,0.0,c5,c234
4406,5,0.0,1.0,0.0,c1,c234
4407,5,0.0,1.0,0.0,c1,c234
4408,4,0.0,0.0,1.0,c234,c5
4409,3,0.0,0.0,1.0,c1,c5
4410,4,0.0,0.0,1.0,c1,c5
4411,3,0.0,0.0,1.0,c234,c5
4412,2,0.0,0.0,1.0,c234,c5
4413,5,0.0,1.0,0.0,c5,c234
4414,1,0.0,0.0,1.0,c5,c5
4415,4,0.0,0.0,1.0,c1,c5
4416,4,0.0,0.0,1.0,c234,c5
4417,5,0.0,1.0,0.0,c5,c234
4418,3,0.0,0.0,1.0,c234,c5
4419,4,0.0,0.0,1.0,c1,c5
4420,3,0.0,0.0,1.0,c1,c5
4421,2,0.0,0.0,1.0,c5,c5
4422,4,0.0,0.0,1.0,c1,c5
4423,1,0.0,0.0,1.0,c234,c5
4424,1,0.0,0.0,1.0,c5,c5
4425,2,0.0,0.0,1.0,c1,c5
4426,4,0.0,0.0,1.0,c234,c5
4427,2,0.0,0.0,1.0,c5,c5
4428,1,0.0,0.0,1.0,c1,c5
4429,5,0.0,1.0,0.0,c5,c234
4430,5,0.0,1.0,0.0,c1,c234
4431,2,0.0,0.0,1.0,c5,c5
4432,5,0.0,1.0,0.0,c1,c234
4433,5,0.0,1.0,0.0,c1,c234
4434,1,0.0,0.0,1.0,c5,c5
4435,4,0.0,0.0,1.0,c1,c5
4436,4,0.0,0.0,1.0,c1,c5
4437,3,0.0,0.0,1.0,c5,c5
4438,3,0.0,0.0,1.0,c234,c5
4439,1,0.0,0.0,1.0,c1,c5
4440,1,0.0,0.0,1.0,c5,c5
4441,3,0.0,0.0,1.0,c5,c5
4442,2,0.0,0.0,1.0,c234,c5
4443,5,0.0,1.0,0.0,c5,c234
4444,4,0.0,0.0,1.0,c234,c5
4445,4,0.0,0.0,1.0,c234,c5
4446,2,0.0,0.0,1.0,c234,c5
4447,2,0.0,0.0,1.0,c234,c5
4448,1,0.0,0.0,1.0,c5,c5
4449,4,0.0,0.0,1.0,c5,c5
4450,4,0.0,0.0,1.0,c234,c5
4451,5,0.0,1.0,0.0,c234,c234
4452,3,0.0,0.0,1.0,c1,c5
4453,1,0.0,0.0,1.0,c1,c5
4454,4,0.0,0.0,1.0,c1,c5
4455,5,0.0,1.0,0.0,c234,c234
4456,2,0.0,0.0,1.0,c1,c5
4457,4,0.0,0.0,1.0,c5,c5
4458,2,0.0,0.0,1.0,c1,c5
4459,4,0.0,0.0,1.0,c5,c5
4460,5,0.0,1.0,0.0,c1,c234
4461,5,0.0,1.0,0.0,c234,c234
4462,1,0.0,0.0,1.0,c5,c5
4463,4,0.0,0.0,1.0,c234,c5
4464,4,0.0,0.0,1.0,c234,c5
4465,2,0.0,0.0,1.0,c5,c5
4466,4,0.0,0.0,1.0,c234,c5
4467,2,0.0,0.0,1.0,c1,c5
4468,5,0.0,1.0,0.0,c234,c234
4469,2,0.0,0.0,1.0,c5,c5
4470,1,0.0,0.0,1.0,c234,c5
4471,1,0.0,0.0,1.0,c234,c5
4472,3,0.0,0.0,1.0,c234,c5
4473,1,0.0,0.0,1.0,c5,c5
4474,2,0.0,0.0,1.0,c1,c5
4475,4,0.0,0.0,1.0,c1,c5
4476,5,0.0,1.0,0.0,c234,c234
4477,3,0.0,0.0,1.0,c234,c5
4478,4,0.0,0.0,1.0,c5,c5
4479,3,0.0,0.0,1.0,c1,c5
4480,2,0.0,0.0,1.0,c234,c5
4481,1,0.0,0.0,1.0,c5,c5
4482,3,0.0,0.0,1.0,c1,c5
4483,3,0.0,0.0,1.0,c5,c5
4484,5,0.0,1.0,0.0,c1,c234
4485,1,0.0,0.0,1.0,c234,c5
4486,3,0.0,0.0,1.0,c1,c5
4487,4,0.0,0.0,1.0,c234,c5
4488,3,0.0,0.0,1.0,c234,c5
4489,2,0.0,0.0,1.0,c234,c5
4490,5,0.0,1.0,0.0,c1,c234
4491,2,0.0,0.0,1.0,c234,c5
4492,2,0.0,0.0,1.0,c5,c5
4493,2,0.0,0.0,1.0,c5,c5
4494,2,0.0,0.0,1.0,c234,c5
4495,4,0.0,0.0,1.0,c234,c5
4496,2,0.0,0.0,1.0,c5,c5
4497,1,0.0,0.0,1.0,c234,c5
4498,5,0.0,1.0,0.0,c5,c234
4499,3,0.0,0.0,1.0,c1,c5
4500,2,0.0,0.0,1.0,c5,c5
4501,2,0.0,0.0,1.0,c234,c5
4502,1,0.0,0.0,1.0,c1,c5
4503,4,0.0,0.0,1.0,c5,c5
4504,3,0.0,0.0,1.0,c1,c5
4505,4,0.0,0.0,1.0,c234,c5
4506,2,0.0,0.0,1.0,c5,c5
4507,1,0.0,0.0,1.0,c5,c5
4508,3,0.0,0.0,1.0,c1,c5
4509,2,0.0,0.0,1.0,c5,c5
4510,3,0.0,0.0,1.0,c1,c5
4511,5,0.0,1.0,0.0,c1,c234
4512,5,0.0,1.0,0.0,c5,c234
4513,4,0.0,0.0,1.0,c234,c5
4514,2,0.0,0.0,1.0,c234,c5
4515,5,0.0,1.0,0.0,c234,c234
4516,3,0.0,0.0,1.0,c5,c5
4517,4,0.0,0.0,1.0,c1,c5
4518,3,0.0,0.0,1.0,c5,c5
4519,3,0.0,0.0,1.0,c1,c5
4520,3,0.0,0.0,1.0,c234,c5
4521,3,0.0,0.0,1.0,c234,c5
4522,3,0.0,0.0,1.0,c5,c5
4523,4,0.0,0.0,1.0,c1,c5
4524,2,0.0,0.0,1.0,c234,c5
4525,1,0.0,0.0,1.0,c5,c5
4526,4,0.0,0.0,1.0,c5,c5
4527,2,0.0,0.0,1.0,c5,c5
4528,1,0.0,0.0,1.0,c1,c5
4529,2,0.0,0.0,1.0,c234,c5
4530,2,0.0,0.0,1.0,c234,c5
4531,1,0.0,0.0,1.0,c1,c5
4532,3,0.0,0.0,1.0,c234,c5
4533,5,0.0,1.0,0.0,c1,c234
4534,2,0.0,0.0,1.0,c1,c5
4535,5,0.0,1.0,0.0,c234,c234
4536,2,0.0,0.0,1.0,c234,c5
4537,5,0.0,1.0,0.0,c1,c234
4538,3,0.0,0.0,1.0,c5,c5
4539,2,0.0,0.0,1.0,c5,c5
4540,5,0.0,1.0,0.0,c234,c234
4541,1,0.0,0.0,1.0,c234,c5
4542,1,0.0,0.0,1.0,c234,c5
4543,5,0.0,1.0,0.0,c1,c234
4544,2,0.0,0.0,1.0,c1,c5
4545,1,0.0,0.0,1.0,c1,c5
4546,3,0.0,0.0,1.0,c1,c5
4547,2,0.0,0.0,1.0,c5,c5
4548,3,0.0,0.0,1.0,c5,c5
4549,2,0.0,0.0,1.0,c5,c5
4550,2,0.0,0.0,1.0,c234,c5
4551,3,0.0,0.0,1.0,c1,c5
4552,3,0.0,0.0,1.0,c5,c5
4553,4,0.0,0.0,1.0,c234,c5
4554,2,0.0,0.0,1.0,c234,c5
4555,3,0.0,0.0,1.0,c234,c5
4556,2,0.0,0.0,1.0,c234,c5
4557,3,0.0,0.0,1.0,c1,c5
4558,2,0.0,0.0,1.0,c5,c5
4559,4,0.0,0.0,1.0,c234,c5
4560,2,0.0,0.0,1.0,c5,c5
4561,4,0.0,0.0,1.0,c234,c5
4562,5,0.0,1.0,0.0,c234,c234
4563,5,0.0,1.0,0.0,c5,c234
4564,1,0.0,0.0,1.0,c1,c5
4565,5,0.0,1.0,0.0,c234,c234
4566,4,0.0,0.0,1.0,c5,c5
4567,4,0.0,0.0,1.0,c1,c5
4568,1,0.0,0.0,1.0,c5,c5
4569,2,0.0,0.0,1.0,c1,c5
4570,5,0.0,1.0,0.0,c5,c234
4571,2,0.0,0.0,1.0,c234,c5
4572,4,0.0,0.0,1.0,c1,c5
4573,2,0.0,0.0,1.0,c234,c5
4574,4,0.0,0.0,1.0,c1,c5
4575,5,0.0,1.0,0.0,c234,c234
4576,3,0.0,0.0,1.0,c5,c5
4577,5,0.0,1.0,0.0,c1,c234
4578,1,0.0,0.0,1.0,c1,c5
4579,1,0.0,0.0,1.0,c1,c5
4580,3,0.0,0.0,1.0,c5,c5
4581,5,0.0,1.0,0.0,c5,c234
4582,5,0.0,1.0,0.0,c234,c234
4583,5,0.0,1.0,0.0,c234,c234
4584,3,0.0,0.0,1.0,c5,c5
4585,5,0.0,1.0,0.0,c234,c234
4586,1,0.0,0.0,1.0,c5,c5
4587,4,0.0,0.0,1.0,c234,c5
4588,3,0.0,0.0,1.0,c234,c5
4589,1,0.0,0.0,1.0,c234,c5
4590,2,0.0,0.0,1.0,c1,c5
4591,5,0.0,1.0,0.0,c1,c234
4592,4,0.0,0.0,1.0,c1,c5
4593,3,0.0,0.0,1.0,c234,c5
4594,2,0.0,0.0,1.0,c5,c5
4595,2,0.0,0.0,1.0,c234,c5
4596,2,0.0,0.0,1.0,c1,c5
4597,1,0.0,0.0,1.0,c234,c5
4598,3,0.0,0.0,1.0,c1,c5
4599,4,0.0,0.0,1.0,c234,c5
4600,1,0.0,0.0,1.0,c234,c5
4601,2,0.0,0.0,1.0,c1,c5
4602,4,0.0,0.0,1.0,c234,c5
4603,4,0.0,0.0,1.0,c5,c5
4604,4,0.0,0.0,1.0,c1,c5
4605,5,0.0,1.0,0.0,c234,c234
4606,5,0.0,1.0,0.0,c1,c234
4607,1,0.0,0.0,1.0,c234,c5
4608,5,0.0,1.0,0.0,c234,c234
4609,1,0.0,0.0,1.0,c1,c5
4610,1,0.0,0.0,1.0,c1,c5
4611,3,0.0,0.0,1.0,c5,c5
4612,1,0.0,0.0,1.0,c1,c5
4613,4,0.0,0.0,1.0,c234,c5
4614,5,0.0,1.0,0.0,c234,c234
4615,1,0.0,0.0,1.0,c234,c5
4616,4,0.0,0.0,1.0,c5,c5
4617,1,0.0,0.0,1.0,c5,c5
4618,3,0.0,0.0,1.0,c1,c5
4619,5,0.0,1.0,0.0,c1,c234
4620,5,0.0,1.0,0.0,c234,c234
4621,2,0.0,0.0,1.0,c1,c5
4622,1,0.0,0.0,1.0,c1,c5
4623,2,0.0,0.0,1.0,c1,c5
4624,3,0.0,0.0,1.0,c234,c5
4625,5,0.0,1.0,0.0,c1,c234
4626,1,0.0,0.0,1.0,c234,c5
4627,5,0.0,1.0,0.0,c5,c234
4628,1,0.0,0.0,1.0,c5,c5
4629,2,0.0,0.0,1.0,c5,c5
4630,2,0.0,0.0,1.0,c5,c5
4631,4,0.0,0.0,1.0,c234,c5
4632,4,0.0,0.0,1.0,c5,c5
4633,4,0.0,0.0,1.0,c234,c5
4634,4,0.0,0.0,1.0,c5,c5
4635,3,0.0,0.0,1.0,c234,c5
4636,5,0.0,1.0,0.0,c1,c234
4637,1,0.0,0.0,1.0,c1,c5
4638,4,0.0,0.0,1.0,c5,c5
4639,1,0.0,0.0,1.0,c234,c5
4640,3,0.0,0.0,1.0,c1,c5
4641,5,0.0,1.0,0.0,c234,c234
4642,4,0.0,0.0,1.0,c1,c5
4643,3,0.0,0.0,1.0,c1,c5
4644,1,0.0,0.0,1.0,c1,c5
4645,1,0.0,0.0,1.0,c5,c5
4646,5,0.0,1.0,0.0,c234,c234
4647,3,0.0,0.0,1.0,c234,c5
4648,4,0.0,0.0,1.0,c1,c5
4649,5,0.0,1.0,0.0,c5,c234
4650,2,0.0,0.0,1.0,c1,c5
4651,5,0.0,1.0,0.0,c5,c234
4652,3,0.0,0.0,1.0,c5,c5
4653,3,0.0,0.0,1.0,c1,c5
4654,4,0.0,0.0,1.0,c234,c5
4655,2,0.0,0.0,1.0,c5,c5
4656,1,0.0,0.0,1.0,c234,c5
4657,5,0.0,1.0,0.0,c234,c234
4658,3,0.0,0.0,1.0,c1,c5
4659,1,0.0,0.0,1.0,c234,c5
4660,3,0.0,0.0,1.0,c5,c5
4661,4,0.0,0.0,1.0,c234,c5
4662,4,0.0,0.0,1.0,c234,c5
4663,3,0.0,0.0,1.0,c5,c5
4664,2,0.0,0.0,1.0,c234,c5
4665,3,0.0,0.0,1.0,c5,c5
4666,4,0.0,0.0,1.0,c234,c5
4667,5,0.0,1.0,0.0,c1,c234
4668,5,0.0,1.0,0.0,c5,c234
4669,4,0.0,0.0,1.0,c1,c5
4670,4,0.0,0.0,1.0,c234,c5
4671,2,0.0,0.0,1.0,c5,c5
4672,2,0.0,0.0,1.0,c5,c5
4673,2,0.0,0.0,1.0,c1,c5
4674,1,0.0,0.0,1.0,c234,c5
4675,1,0.0,0.0,1.0,c234,c5
4676,4,0.0,0.0,1.0,c234,c5
4677,4,0.0,0.0,1.0,c1,c5
4678,1,0.0,0.0,1.0,c1,c5
4679,3,0.0,0.0,1.0,c234,c5
4680,4,0.0,0.0,1.0,c5,c5
4681,1,0.0,0.0,1.0,c1,c5
4682,2,0.0,0.0,1.0,c5,c5
4683,4,0.0,0.0,1.0,c1,c5
4684,3,0.0,0.0,1.0,c5,c5
4685,1,0.0,0.0,1.0,c234,c5
4686,5,0.0,1.0,0.0,c234,c234
4687,4,0.0,0.0,1.0,c1,c5
4688,1,0.0,0.0,1.0,c5,c5
4689,1,0.0,0.0,1.0,c234,c5
4690,5,0.0,1.0,0.0,c5,c234
4691,3,0.0,0.0,1.0,c234,c5
4692,2,0.0,0.0,1.0,c1,c5
4693,4,0.0,0.0,1.0,c1,c5
4694,1,0.0,0.0,1.0,c5,c5
4695,2,0.0,0.0,1.0,c234,c5
4696,4,0.0,0.0,1.0,c1,c5
4697,1,0.0,0.0,1.0,c1,c5
4698,5,0.0,1.0,0.0,c234,c234
4699,2,0.0,0.0,1.0,c1,c5
4700,1,0.0,0.0,1.0,c5,c5
4701,2,0.0,0.0,1.0,c5,c5
4702,3,0.0,0.0,1.0,c1,c5
4703,4,0.0,0.0,1.0,c1,c5
4704,5,0.0,1.0,0.0,c1,c234
4705,3,0.0,0.0,1.0,c5,c5
4706,1,0.0,0.0,1.0,c5,c5
4707,3,0.0,0.0,1.0,c234,c5
4708,2,0.0,0.0,1.0,c5,c5
4709,4,0.0,0.0,1.0,c5,c5
4710,5,0.0,1.0,0.0,c234,c234
4711,5,0.0,1.0,0.0,c1,c234
4712,4,0.0,0.0,1.0,c234,c5
4713,3,0.0,0.0,1.0,c234,c5
4714,4,0.0,0.0,1.0,c234,c5
4715,4,0.0,0.0,1.0,c5,c5
4716,4,0.0,0.0,1.0,c1,c5
4717,1,0.0,0.0,1.0,c5,c5
4718,2,0.0,0.0,1.0,c1,c5
4719,3,0.0,0.0,1.0,c5,c5
4720,5,0.0,1.0,0.0,c1,c234
4721,1,0.0,0.0,1.0,c234,c5
4722,1,0.0,0.0,1.0,c1,c5
4723,5,0.0,1.0,0.0,c234,c234
4724,4,0.0,0.0,1.0,c234,c5
4725,5,0.0,1.0,0.0,c234,c234
4726,4,0.0,0.0,1.0,c1,c5
4727,3,0.0,0.0,1.0,c1,c5
4728,5,0.0,1.0,0.0,c1,c234
4729,5,0.0,1.0,0.0,c5,c234
4730,2,0.0,0.0,1.0,c1,c5
4731,2,0.0,0.0,1.0,c234,c5
4732,1,0.0,0.0,1.0,c234,c5
4733,5,0.0,1.0,0.0,c234,c234
4734,2,0.0,0.0,1.0,c5,c5
4735,4,0.0,0.0,1.0,c1,c5
4736,4,0.0,0.0,1.0,c234,c5
4737,5,0.0,1.0,0.0,c234,c234
4738,4,0.0,0.0,1.0,c1,c5
4739,4,0.0,0.0,1.0,c5,c5
4740,2,0.0,0.0,1.0,c1,c5
4741,1,0.0,0.0,1.0,c1,c5
4742,1,0.0,0.0,1.0,c234,c5
4743,4,0.0,0.0,1.0,c5,c5
4744,2,0.0,0.0,1.0,c5,c5
4745,5,0.0,1.0,0.0,c1,c234
4746,5,0.0,1.0,0.0,c5,c234
4747,4,0.0,0.0,1.0,c234,c5
4748,3,0.0,0.0,1.0,c5,c5
4749,3,0.0,0.0,1.0,c234,c5
4750,3,0.0,0.0,1.0,c1,c5
4751,5,0.0,1.0,0.0,c1,c234
4752,1,0.0,0.0,1.0,c5,c5
4753,3,0.0,0.0,1.0,c5,c5
4754,5,0.0,1.0,0.0,c234,c234
4755,5,0.0,1.0,0.0,c234,c234
4756,4,0.0,0.0,1.0,c1,c5
4757,4,0.0,0.0,1.0,c1,c5
4758,1,0.0,0.0,1.0,c5,c5
4759,2,0.0,0.0,1.0,c5,c5
4760,1,0.0,0.0,1.0,c234,c5
4761,3,0.0,0.0,1.0,c234,c5
4762,5,0.0,1.0,0.0,c1,c234
4763,5,0.0,1.0,0.0,c5,c234
4764,2,0.0,0.0,1.0,c234,c5
4765,1,0.0,0.0,1.0,c234,c5
4766,5,0.0,1.0,0.0,c1,c234
4767,2,0.0,0.0,1.0,c1,c5
4768,4,0.0,0.0,1.0,c1,c5
4769,3,0.0,0.0,1.0,c5,c5
4770,1,0.0,0.0,1.0,c5,c5
4771,1,0.0,0.0,1.0,c234,c5
4772,4,0.0,0.0,1.0,c1,c5
4773,5,0.0,1.0,0.0,c1,c234
4774,2,0.0,0.0,1.0,c5,c5
4775,1,0.0,0.0,1.0,c1,c5
4776,4,0.0,0.0,1.0,c234,c5
4777,5,0.0,1.0,0.0,c1,c234
4778,4,0.0,0.0,1.0,c1,c5
4779,2,0.0,0.0,1.0,c1,c5
4780,1,0.0,0.0,1.0,c5,c5
4781,3,0.0,0.0,1.0,c1,c5
4782,5,0.0,1.0,0.0,c234,c234
4783,5,0.0,1.0,0.0,c1,c234
4784,3,0.0,0.0,1.0,c234,c5
4785,2,0.0,0.0,1.0,c5,c5
4786,2,0.0,0.0,1.0,c5,c5
4787,2,0.0,0.0,1.0,c234,c5
4788,2,0.0,0.0,1.0,c234,c5
4789,5,0.0,1.0,0.0,c1,c234
4790,4,0.0,0.0,1.0,c1,c5
4791,3,0.0,0.0,1.0,c234,c5
4792,2,0.0,0.0,1.0,c234,c5
4793,3,0.0,0.0,1.0,c234,c5
4794,2,0.0,0.0,1.0,c5,c5
4795,4,0.0,0.0,1.0,c5,c5
4796,4,0.0,0.0,1.0,c234,c5
4797,2,0.0,0.0,1.0,c1,c5
4798,5,0.0,1.0,0.0,c234,c234
4799,5,0.0,1.0,0.0,c234,c234
4800,3,0.0,0.0,1.0,c5,c5
4801,4,0.0,0.0,1.0,c1,c5
4802,5,0.0,1.0,0.0,c5,c234
4803,1,0.0,0.0,1.0,c1,c5
4804,3,0.0,0.0,1.0,c5,c5
4805,1,0.0,0.0,1.0,c1,c5
4806,2,0.0,0.0,1.0,c1,c5
4807,2,0.0,0.0,1.0,c5,c5
4808,2,0.0,0.0,1.0,c1,c5
4809,1,0.0,0.0,1.0,c1,c5
4810,1,0.0,0.0,1.0,c5,c5
4811,2,0.0,0.0,1.0,c1,c5
4812,5,0.0,1.0,0.0,c1,c234
4813,3,0.0,0.0,1.0,c234,c5
4814,1,0.0,0.0,1.0,c1,c5
4815,5,0.0,1.0,0.0,c5,c234
4816,5,0.0,1.0,0.0,c5,c234
4817,3,0.0,0.0,1.0,c5,c5
4818,1,0.0,0.0,1.0,c1,c5
4819,2,0.0,0.0,1.0,c5,c5
4820,1,0.0,0.0,1.0,c234,c5
4821,3,0.0,0.0,1.0,c1,c5
4822,2,0.0,0.0,1.0,c234,c5
4823,1,0.0,0.0,1.0,c234,c5
4824,3,0.0,0.0,1.0,c1,c5
4825,3,0.0,0.0,1.0,c5,c5
4826,2,0.0,0.0,1.0,c1,c5
4827,2,0.0,0.0,1.0,c1,c5
4828,5,0.0,1.0,0.0,c234,c234
4829,1,0.0,0.0,1.0,c1,c5
4830,3,0.0,0.0,1.0,c1,c5
4831,1,0.0,0.0,1.0,c1,c5
4832,4,0.0,0.0,1.0,c1,c5
4833,1,0.0,0.0,1.0,c234,c5
4834,5,0.0,1.0,0.0,c234,c234
4835,3,0.0,0.0,1.0,c5,c5
4836,3,0.0,0.0,1.0,c234,c5
4837,3,0.0,0.0,1.0,c5,c5
4838,1,0.0,0.0,1.0,c1,c5
4839,5,0.0,1.0,0.0,c5,c234
4840,1,0.0,0.0,1.0,c234,c5
4841,5,0.0,1.0,0.0,c234,c234
4842,5,0.0,1.0,0.0,c5,c234
4843,2,0.0,0.0,1.0,c1,c5
4844,1,0.0,0.0,1.0,c5,c5
4845,3,0.0,0.0,1.0,c5,c5
4846,4,0.0,0.0,1.0,c234,c5
4847,2,0.0,0.0,1.0,c5,c5
4848,1,0.0,0.0,1.0,c1,c5
4849,2,0.0,0.0,1.0,c234,c5
4850,3,0.0,0.0,1.0,c234,c5
4851,1,0.0,0.0,1.0,c5,c5
4852,2,0.0,0.0,1.0,c5,c5
4853,5,0.0,1.0,0.0,c1,c234
4854,2,0.0,0.0,1.0,c234,c5
4855,1,0.0,0.0,1.0,c5,c5
4856,1,0.0,0.0,1.0,c5,c5
4857,5,0.0,1.0,0.0,c234,c234
4858,4,0.0,0.0,1.0,c5,c5
4859,3,0.0,0.0,1.0,c1,c5
4860,1,0.0,0.0,1.0,c1,c5
4861,3,0.0,0.0,1.0,c234,c5
4862,4,0.0,0.0,1.0,c234,c5
4863,2,0.0,0.0,1.0,c234,c5
4864,5,0.0,1.0,0.0,c234,c234
4865,5,0.0,1.0,0.0,c1,c234
4866,4,0.0,0.0,1.0,c5,c5
4867,4,0.0,0.0,1.0,c5,c5
4868,5,0.0,1.0,0.0,c5,c234
4869,3,0.0,0.0,1.0,c5,c5
4870,1,0.0,0.0,1.0,c1,c5
4871,3,0.0,0.0,1.0,c1,c5
4872,3,0.0,0.0,1.0,c234,c5
4873,1,0.0,0.0,1.0,c234,c5
4874,5,0.0,1.0,0.0,c1,c234
4875,1,0.0,0.0,1.0,c1,c5
4876,2,0.0,0.0,1.0,c5,c5
4877,5,0.0,1.0,0.0,c1,c234
4878,3,0.0,0.0,1.0,c1,c5
4879,4,0.0,0.0,1.0,c234,c5
4880,4,0.0,0.0,1.0,c5,c5
4881,1,0.0,0.0,1.0,c234,c5
4882,2,0.0,0.0,1.0,c1,c5
4883,3,0.0,0.0,1.0,c1,c5
4884,5,0.0,1.0,0.0,c1,c234
4885,1,0.0,0.0,1.0,c234,c5
4886,1,0.0,0.0,1.0,c234,c5
4887,1,0.0,0.0,1.0,c5,c5
4888,2,0.0,0.0,1.0,c234,c5
4889,4,0.0,0.0,1.0,c234,c5
4890,1,0.0,0.0,1.0,c5,c5
4891,2,0.0,0.0,1.0,c234,c5
4892,1,0.0,0.0,1.0,c1,c5
4893,1,0.0,0.0,1.0,c234,c5
4894,4,0.0,0.0,1.0,c234,c5
4895,2,0.0,0.0,1.0,c1,c5
4896,3,0.0,0.0,1.0,c5,c5
4897,4,0.0,0.0,1.0,c234,c5
4898,5,0.0,1.0,0.0,c5,c234
4899,5,0.0,1.0,0.0,c1,c234
4900,2,0.0,0.0,1.0,c1,c5
4901,3,0.0,0.0,1.0,c234,c5
4902,4,0.0,0.0,1.0,c5,c5
4903,4,0.0,0.0,1.0,c1,c5
4904,2,0.0,0.0,1.0,c1,c5
4905,5,0.0,1.0,0.0,c234,c234
4906,2,0.0,0.0,1.0,c234,c5
4907,2,0.0,0.0,1.0,c1,c5
4908,4,0.0,0.0,1.0,c5,c5
4909,3,0.0,0.0,1.0,c5,c5
4910,3,0.0,0.0,1.0,c1,c5
4911,1,0.0,0.0,1.0,c5,c5
4912,2,0.0,0.0,1.0,c234,c5
4913,1,0.0,0.0,1.0,c5,c5
4914,3,0.0,0.0,1.0,c5,c5
4915,4,0.0,0.0,1.0,c5,c5
4916,2,0.0,0.0,1.0,c234,c5
4917,3,0.0,0.0,1.0,c5,c5
4918,1,0.0,0.0,1.0,c234,c5
4919,2,0.0,0.0,1.0,c234,c5
4920,4,0.0,0.0,1.0,c1,c5
4921,4,0.0,0.0,1.0,c1,c5
4922,5,0.0,1.0,0.0,c1,c234
4923,4,0.0,0.0,1.0,c1,c5
4924,5,0.0,1.0,0.0,c1,c234
4925,3,0.0,0.0,1.0,c5,c5
4926,4,0.0,0.0,1.0,c1,c5
4927,5,0.0,1.0,0.0,c234,c234
4928,3,0.0,0.0,1.0,c234,c5
4929,2,0.0,0.0,1.0,c234,c5
4930,2,0.0,0.0,1.0,c1,c5
4931,2,0.0,0.0,1.0,c5,c5
4932,2,0.0,0.0,1.0,c5,c5
4933,4,0.0,0.0,1.0,c1,c5
4934,1,0.0,0.0,1.0,c5,c5
4935,3,0.0,0.0,1.0,c5,c5
4936,4,0.0,0.0,1.0,c234,c5
4937,3,0.0,0.0,1.0,c1,c5
4938,1,0.0,0.0,1.0,c234,c5
4939,2,0.0,0.0,1.0,c5,c5
4940,4,0.0,0.0,1.0,c1,c5
4941,5,0.0,1.0,0.0,c234,c234
4942,1,0.0,0.0,1.0,c5,c5
4943,4,0.0,0.0,1.0,c234,c5
4944,4,0.0,0.0,1.0,c1,c5
4945,5,0.0,1.0,0.0,c5,c234
4946,1,0.0,0.0,1.0,c1,c5
4947,5,0.0,1.0,0.0,c5,c234
4948,3,0.0,0.0,1.0,c5,c5
4949,4,0.0,0.0,1.0,c5,c5
4950,3,0.0,0.0,1.0,c234,c5
4951,3,0.0,0.0,1.0,c234,c5
4952,3,0.0,0.0,1.0,c1,c5
4953,1,0.0,0.0,1.0,c234,c5
4954,3,0.0,0.0,1.0,c234,c5
4955,3,0.0,0.0,1.0,c1,c5
4956,1,0.0,0.0,1.0,c5,c5
4957,2,0.0,0.0,1.0,c234,c5
4958,4,0.0,0.0,1.0,c234,c5
4959,2,0.0,0.0,1.0,c1,c5
4960,2,0.0,0.0,1.0,c234,c5
4961,2,0.0,0.0,1.0,c1,c5
4962,3,0.0,0.0,1.0,c234,c5
4963,5,0.0,1.0,0.0,c234,c234
4964,5,0.0,1.0,0.0,c5,c234
4965,1,0.0,0.0,1.0,c234,c5
4966,2,0.0,0.0,1.0,c5,c5
4967,4,0.0,0.0,1.0,c5,c5
4968,2,0.0,0.0,1.0,c1,c5
4969,3,0.0,0.0,1.0,c234,c5
4970,4,0.0,0.0,1.0,c1,c5
4971,3,0.0,0.0,1.0,c234,c5
4972,4,0.0,0.0,1.0,c1,c5
4973,1,0.0,0.0,1.0,c5,c5
4974,5,0.0,1.0,0.0,c1,c234
4975,3,0.0,0.0,1.0,c5,c5
4976,1,0.0,0.0,1.0,c5,c5
4977,5,0.0,1.0,0.0,c5,c234
4978,1,0.0,0.0,1.0,c1,c5
4979,5,0.0,1.0,0.0,c1,c234
4980,4,0.0,0.0,1.0,c234,c5
4981,2,0.0,0.0,1.0,c234,c5
4982,4,0.0,0.0,1.0,c234,c5
4983,3,0.0,0.0,1.0,c234,c5
4984,5,0.0,1.0,0.0,c234,c234
4985,5,0.0,1.0,0.0,c5,c234
4986,3,0.0,0.0,1.0,c5,c5
4987,4,0.0,0.0,1.0,c5,c5
4988,2,0.0,0.0,1.0,c1,c5
4989,3,0.0,0.0,1.0,c5,c5
4990,3,0.0,0.0,1.0,c1,c5
4991,4,0.0,0.0,1.0,c234,c5
4992,5,0.0,1.0,0.0,c234,c234
4993,5,0.0,1.0,0.0,c5,c234
4994,5,0.0,1.0,0.0,c234,c234
4995,3,0.0,0.0,1.0,c1,c5
4996,5,0.0,1.0,0.0,c234,c234
4997,5,0.0,1.0,0.0,c234,c234
4998,5,0.0,1.0,0.0,c5,c234
4999,1,0.0,0.0,1.0,c5,c5
5000,3,0.0,0.0,1.0,c1,c5
5001,1,0.0,0.0,1.0,c1,c5
5002,4,0.0,0.0,1.0,c5,c5
5003,4,0.0,0.0,1.0,c1,c5
5004,2,0.0,0.0,1.0,c1,c5
5005,2,0.0,0.0,1.0,c1,c5
5006,1,0.0,0.0,1.0,c1,c5
5007,2,0.0,0.0,1.0,c5,c5
5008,3,0.0,0.0,1.0,c234,c5
5009,3,0.0,0.0,1.0,c1,c5
5010,4,0.0,0.0,1.0,c234,c5
5011,1,0.0,0.0,1.0,c5,c5
5012,5,0.0,1.0,0.0,c5,c234
5013,1,0.0,0.0,1.0,c234,c5
5014,5,0.0,1.0,0.0,c234,c234
5015,5,0.0,1.0,0.0,c1,c234
5016,2,0.0,0.0,1.0,c234,c5
5017,3,0.0,0.0,1.0,c1,c5
5018,5,0.0,1.0,0.0,c1,c234
5019,1,0.0,0.0,1.0,c5,c5
5020,2,0.0,0.0,1.0,c5,c5
5021,1,0.0,0.0,1.0,c5,c5
5022,1,0.0,0.0,1.0,c234,c5
5023,3,0.0,0.0,1.0,c5,c5
5024,2,0.0,0.0,1.0,c5,c5
5025,3,0.0,0.0,1.0,c5,c5
5026,3,0.0,0.0,1.0,c1,c5
5027,1,0.0,0.0,1.0,c1,c5
5028,5,0.0,1.0,0.0,c1,c234
5029,2,0.0,0.0,1.0,c1,c5
5030,3,0.0,0.0,1.0,c234,c5
5031,5,0.0,1.0,0.0,c5,c234
5032,5,0.0,1.0,0.0,c1,c234
5033,4,0.0,0.0,1.0,c1,c5
5034,2,0.0,0.0,1.0,c234,c5
5035,3,0.0,0.0,1.0,c5,c5
5036,2,0.0,0.0,1.0,c1,c5
5037,2,0.0,0.0,1.0,c1,c5
5038,4,0.0,0.0,1.0,c5,c5
5039,4,0.0,0.0,1.0,c5,c5
5040,3,0.0,0.0,1.0,c1,c5
5041,1,0.0,0.0,1.0,c1,c5
5042,5,0.0,1.0,0.0,c234,c234
5043,3,0.0,0.0,1.0,c234,c5
5044,5,0.0,1.0,0.0,c1,c234
5045,2,0.0,0.0,1.0,c234,c5
5046,1,0.0,0.0,1.0,c5,c5
5047,3,0.0,0.0,1.0,c1,c5
5048,5,0.0,1.0,0.0,c1,c234
5049,4,0.0,0.0,1.0,c5,c5
5050,1,0.0,0.0,1.0,c5,c5
5051,2,0.0,0.0,1.0,c1,c5
5052,2,0.0,0.0,1.0,c5,c5
5053,1,0.0,0.0,1.0,c5,c5
5054,3,0.0,0.0,1.0,c234,c5
5055,2,0.0,0.0,1.0,c234,c5
5056,3,0.0,0.0,1.0,c1,c5
5057,5,0.0,1.0,0.0,c234,c234
5058,3,0.0,0.0,1.0,c1,c5
5059,4,0.0,0.0,1.0,c234,c5
5060,4,0.0,0.0,1.0,c1,c5
5061,5,0.0,1.0,0.0,c1,c234
5062,2,0.0,0.0,1.0,c234,c5
5063,2,0.0,0.0,1.0,c5,c5
5064,1,0.0,0.0,1.0,c234,c5
5065,2,0.0,0.0,1.0,c1,c5
5066,5,0.0,1.0,0.0,c234,c234
5067,2,0.0,0.0,1.0,c1,c5
5068,4,0.0,0.0,1.0,c1,c5
5069,1,0.0,0.0,1.0,c234,c5
5070,5,0.0,1.0,0.0,c234,c234
5071,2,0.0,0.0,1.0,c1,c5
5072,1,0.0,0.0,1.0,c234,c5
5073,5,0.0,1.0,0.0,c5,c234
5074,2,0.0,0.0,1.0,c1,c5
5075,5,0.0,1.0,0.0,c234,c234
5076,3,0.0,0.0,1.0,c5,c5
5077,1,0.0,0.0,1.0,c234,c5
5078,2,0.0,0.0,1.0,c234,c5
5079,2,0.0,0.0,1.0,c234,c5
5080,4,0.0,0.0,1.0,c5,c5
5081,3,0.0,0.0,1.0,c234,c5
5082,3,0.0,0.0,1.0,c5,c5
5083,3,0.0,0.0,1.0,c1,c5
5084,4,0.0,0.0,1.0,c1,c5
5085,5,0.0,1.0,0.0,c1,c234
5086,3,0.0,0.0,1.0,c5,c5
5087,5,0.0,1.0,0.0,c1,c234
5088,4,0.0,0.0,1.0,c1,c5
5089,1,0.0,0.0,1.0,c234,c5
5090,4,0.0,0.0,1.0,c234,c5
5091,2,0.0,0.0,1.0,c5,c5
5092,2,0.0,0.0,1.0,c1,c5
5093,2,0.0,0.0,1.0,c234,c5
5094,5,0.0,1.0,0.0,c5,c234
5095,4,0.0,0.0,1.0,c1,c5
5096,2,0.0,0.0,1.0,c234,c5
5097,3,0.0,0.0,1.0,c5,c5
5098,4,0.0,0.0,1.0,c1,c5
5099,5,0.0,1.0,0.0,c234,c234
5100,2,0.0,0.0,1.0,c1,c5
5101,4,0.0,0.0,1.0,c1,c5
5102,1,0.0,0.0,1.0,c234,c5
5103,1,0.0,0.0,1.0,c5,c5
5104,4,0.0,0.0,1.0,c1,c5
5105,3,0.0,0.0,1.0,c234,c5
5106,2,0.0,0.0,1.0,c234,c5
5107,1,0.0,0.0,1.0,c5,c5
5108,4,0.0,0.0,1.0,c234,c5
5109,2,0.0,0.0,1.0,c1,c5
5110,4,0.0,0.0,1.0,c1,c5
5111,3,0.0,0.0,1.0,c1,c5
5112,3,0.0,0.0,1.0,c234,c5
5113,5,0.0,1.0,0.0,c5,c234
5114,5,0.0,1.0,0.0,c5,c234
5115,3,0.0,0.0,1.0,c1,c5
5116,5,0.0,1.0,0.0,c1,c234
5117,4,0.0,0.0,1.0,c5,c5
5118,4,0.0,0.0,1.0,c5,c5
5119,2,0.0,0.0,1.0,c234,c5
5120,4,0.0,0.0,1.0,c5,c5
5121,4,0.0,0.0,1.0,c5,c5
5122,5,0.0,1.0,0.0,c234,c234
5123,2,0.0,0.0,1.0,c5,c5
5124,2,0.0,0.0,1.0,c1,c5
5125,2,0.0,0.0,1.0,c234,c5
5126,5,0.0,1.0,0.0,c5,c234
5127,5,0.0,1.0,0.0,c234,c234
5128,4,0.0,0.0,1.0,c234,c5
5129,5,0.0,1.0,0.0,c5,c234
5130,3,0.0,0.0,1.0,c234,c5
5131,1,0.0,0.0,1.0,c234,c5
5132,2,0.0,0.0,1.0,c5,c5
5133,1,0.0,0.0,1.0,c234,c5
5134,4,0.0,0.0,1.0,c5,c5
5135,5,0.0,1.0,0.0,c1,c234
5136,4,0.0,0.0,1.0,c5,c5
5137,4,0.0,0.0,1.0,c1,c5
5138,5,0.0,1.0,0.0,c1,c234
5139,4,0.0,0.0,1.0,c234,c5
5140,5,0.0,1.0,0.0,c5,c234
5141,2,0.0,0.0,1.0,c1,c5
5142,5,0.0,1.0,0.0,c5,c234
5143,3,0.0,0.0,1.0,c5,c5
5144,4,0.0,0.0,1.0,c1,c5
5145,4,0.0,0.0,1.0,c5,c5
5146,2,0.0,0.0,1.0,c1,c5
5147,2,0.0,0.0,1.0,c234,c5
5148,1,0.0,0.0,1.0,c234,c5
5149,2,0.0,0.0,1.0,c5,c5
5150,5,0.0,1.0,0.0,c234,c234
5151,1,0.0,0.0,1.0,c1,c5
5152,3,0.0,0.0,1.0,c234,c5
5153,2,0.0,0.0,1.0,c234,c5
5154,5,0.0,1.0,0.0,c234,c234
5155,1,0.0,0.0,1.0,c234,c5
5156,2,0.0,0.0,1.0,c5,c5
5157,1,0.0,0.0,1.0,c1,c5
5158,3,0.0,0.0,1.0,c5,c5
5159,3,0.0,0.0,1.0,c234,c5
5160,3,0.0,0.0,1.0,c234,c5
5161,3,0.0,0.0,1.0,c5,c5
5162,5,0.0,1.0,0.0,c234,c234
5163,2,0.0,0.0,1.0,c234,c5
5164,2,0.0,0.0,1.0,c234,c5
5165,5,0.0,1.0,0.0,c5,c234
5166,2,0.0,0.0,1.0,c1,c5
5167,4,0.0,0.0,1.0,c5,c5
5168,2,0.0,0.0,1.0,c234,c5
5169,1,0.0,0.0,1.0,c234,c5
5170,1,0.0,0.0,1.0,c1,c5
5171,3,0.0,0.0,1.0,c234,c5
5172,4,0.0,0.0,1.0,c5,c5
5173,4,0.0,0.0,1.0,c1,c5
5174,3,0.0,0.0,1.0,c5,c5
5175,2,0.0,0.0,1.0,c5,c5
5176,4,0.0,0.0,1.0,c234,c5
5177,1,0.0,0.0,1.0,c1,c5
5178,4,0.0,0.0,1.0,c1,c5
5179,4,0.0,0.0,1.0,c1,c5
5180,2,0.0,0.0,1.0,c234,c5
5181,3,0.0,0.0,1.0,c234,c5
5182,4,0.0,0.0,1.0,c234,c5
5183,3,0.0,0.0,1.0,c1,c5
5184,4,0.0,0.0,1.0,c1,c5
5185,2,0.0,0.0,1.0,c1,c5
5186,1,0.0,0.0,1.0,c234,c5
5187,1,0.0,0.0,1.0,c234,c5
5188,3,0.0,0.0,1.0,c234,c5
5189,4,0.0,0.0,1.0,c5,c5
5190,5,0.0,1.0,0.0,c234,c234
5191,3,0.0,0.0,1.0,c5,c5
5192,1,0.0,0.0,1.0,c1,c5
5193,5,0.0,1.0,0.0,c234,c234
5194,1,0.0,0.0,1.0,c1,c5
5195,1,0.0,0.0,1.0,c5,c5
5196,4,0.0,0.0,1.0,c5,c5
5197,1,0.0,0.0,1.0,c1,c5
5198,5,0.0,1.0,0.0,c234,c234
5199,1,0.0,0.0,1.0,c1,c5
5200,2,0.0,0.0,1.0,c234,c5
5201,2,0.0,0.0,1.0,c1,c5
5202,2,0.0,0.0,1.0,c5,c5
5203,2,0.0,0.0,1.0,c5,c5
5204,1,0.0,0.0,1.0,c1,c5
5205,2,0.0,0.0,1.0,c1,c5
5206,3,0.0,0.0,1.0,c234,c5
5207,1,0.0,0.0,1.0,c5,c5
5208,5,0.0,1.0,0.0,c5,c234
5209,4,0.0,0.0,1.0,c234,c5
5210,5,0.0,1.0,0.0,c1,c234
5211,4,0.0,0.0,1.0,c1,c5
5212,3,0.0,0.0,1.0,c234,c5
5213,1,0.0,0.0,1.0,c234,c5
5214,5,0.0,1.0,0.0,c1,c234
5215,1,0.0,0.0,1.0,c234,c5
5216,4,0.0,0.0,1.0,c5,c5
5217,1,0.0,0.0,1.0,c5,c5
5218,3,0.0,0.0,1.0,c5,c5
5219,1,0.0,0.0,1.0,c234,c5
5220,2,0.0,0.0,1.0,c5,c5
5221,2,0.0,0.0,1.0,c5,c5
5222,2,0.0,0.0,1.0,c5,c5
5223,2,0.0,0.0,1.0,c5,c5
5224,3,0.0,0.0,1.0,c1,c5
5225,3,0.0,0.0,1.0,c5,c5
5226,3,0.0,0.0,1.0,c5,c5
5227,3,0.0,0.0,1.0,c1,c5
5228,1,0.0,0.0,1.0,c1,c5
5229,3,0.0,0.0,1.0,c5,c5
5230,3,0.0,0.0,1.0,c5,c5
5231,4,0.0,0.0,1.0,c1,c5
5232,3,0.0,0.0,1.0,c234,c5
5233,4,0.0,0.0,1.0,c5,c5
5234,5,0.0,1.0,0.0,c5,c234
5235,5,0.0,1.0,0.0,c1,c234
5236,2,0.0,0.0,1.0,c1,c5
5237,4,0.0,0.0,1.0,c1,c5
5238,5,0.0,1.0,0.0,c234,c234
5239,5,0.0,1.0,0.0,c1,c234
5240,2,0.0,0.0,1.0,c234,c5
5241,4,0.0,0.0,1.0,c1,c5
5242,2,0.0,0.0,1.0,c1,c5
5243,1,0.0,0.0,1.0,c5,c5
5244,2,0.0,0.0,1.0,c1,c5
5245,5,0.0,1.0,0.0,c1,c234
5246,5,0.0,1.0,0.0,c1,c234
5247,4,0.0,0.0,1.0,c5,c5
5248,4,0.0,0.0,1.0,c1,c5
5249,5,0.0,1.0,0.0,c5,c234
5250,1,0.0,0.0,1.0,c1,c5
5251,4,0.0,0.0,1.0,c234,c5
5252,3,0.0,0.0,1.0,c5,c5
5253,4,0.0,0.0,1.0,c234,c5
5254,3,0.0,0.0,1.0,c1,c5
5255,3,0.0,0.0,1.0,c1,c5
5256,2,0.0,0.0,1.0,c1,c5
5257,4,0.0,0.0,1.0,c234,c5
5258,5,0.0,1.0,0.0,c1,c234
5259,1,0.0,0.0,1.0,c5,c5
5260,3,0.0,0.0,1.0,c1,c5
5261,5,0.0,1.0,0.0,c5,c234
5262,5,0.0,1.0,0.0,c1,c234
5263,1,0.0,0.0,1.0,c1,c5
5264,1,0.0,0.0,1.0,c5,c5
5265,3,0.0,0.0,1.0,c5,c5
5266,4,0.0,0.0,1.0,c1,c5
5267,1,0.0,0.0,1.0,c234,c5
5268,3,0.0,0.0,1.0,c5,c5
5269,2,0.0,0.0,1.0,c5,c5
5270,4,0.0,0.0,1.0,c5,c5
5271,2,0.0,0.0,1.0,c5,c5
5272,2,0.0,0.0,1.0,c1,c5
5273,3,0.0,0.0,1.0,c5,c5
5274,5,0.0,1.0,0.0,c5,c234
5275,5,0.0,1.0,0.0,c5,c234
5276,3,0.0,0.0,1.0,c5,c5
5277,3,0.0,0.0,1.0,c1,c5
5278,1,0.0,0.0,1.0,c5,c5
5279,1,0.0,0.0,1.0,c234,c5
5280,4,0.0,0.0,1.0,c5,c5
5281,5,0.0,1.0,0.0,c234,c234
5282,5,0.0,1.0,0.0,c5,c234
5283,4,0.0,0.0,1.0,c5,c5
5284,2,0.0,0.0,1.0,c234,c5
5285,3,0.0,0.0,1.0,c234,c5
5286,5,0.0,1.0,0.0,c1,c234
5287,5,0.0,1.0,0.0,c1,c234
5288,1,0.0,0.0,1.0,c1,c5
5289,2,0.0,0.0,1.0,c1,c5
5290,3,0.0,0.0,1.0,c234,c5
5291,2,0.0,0.0,1.0,c5,c5
5292,5,0.0,1.0,0.0,c234,c234
5293,5,0.0,1.0,0.0,c234,c234
5294,5,0.0,1.0,0.0,c5,c234
5295,5,0.0,1.0,0.0,c234,c234
5296,5,0.0,1.0,0.0,c5,c234
5297,4,0.0,0.0,1.0,c5,c5
5298,2,0.0,0.0,1.0,c1,c5
5299,2,0.0,0.0,1.0,c5,c5
5300,4,0.0,0.0,1.0,c5,c5
5301,1,0.0,0.0,1.0,c1,c5
5302,1,0.0,0.0,1.0,c5,c5
5303,3,0.0,0.0,1.0,c234,c5
5304,5,0.0,1.0,0.0,c1,c234
5305,4,0.0,0.0,1.0,c1,c5
5306,5,0.0,1.0,0.0,c5,c234
5307,1,0.0,0.0,1.0,c234,c5
5308,1,0.0,0.0,1.0,c1,c5
5309,2,0.0,0.0,1.0,c1,c5
5310,4,0.0,0.0,1.0,c1,c5
5311,5,0.0,1.0,0.0,c1,c234
5312,3,0.0,0.0,1.0,c234,c5
5313,4,0.0,0.0,1.0,c1,c5
5314,5,0.0,1.0,0.0,c5,c234
5315,3,0.0,0.0,1.0,c1,c5
5316,4,0.0,0.0,1.0,c5,c5
5317,4,0.0,0.0,1.0,c1,c5
5318,1,0.0,0.0,1.0,c234,c5
5319,2,0.0,0.0,1.0,c1,c5
5320,3,0.0,0.0,1.0,c5,c5
5321,4,0.0,0.0,1.0,c234,c5
5322,5,0.0,1.0,0.0,c1,c234
5323,4,0.0,0.0,1.0,c234,c5
5324,4,0.0,0.0,1.0,c234,c5
5325,2,0.0,0.0,1.0,c234,c5
5326,5,0.0,1.0,0.0,c5,c234
5327,1,0.0,0.0,1.0,c1,c5
5328,4,0.0,0.0,1.0,c1,c5
5329,5,0.0,1.0,0.0,c234,c234
5330,3,0.0,0.0,1.0,c234,c5
5331,2,0.0,0.0,1.0,c5,c5
5332,2,0.0,0.0,1.0,c234,c5
5333,5,0.0,1.0,0.0,c234,c234
5334,1,0.0,0.0,1.0,c1,c5
5335,2,0.0,0.0,1.0,c234,c5
5336,3,0.0,0.0,1.0,c5,c5
5337,4,0.0,0.0,1.0,c1,c5
5338,4,0.0,0.0,1.0,c5,c5
5339,3,0.0,0.0,1.0,c5,c5
5340,1,0.0,0.0,1.0,c1,c5
5341,1,0.0,0.0,1.0,c234,c5
5342,3,0.0,0.0,1.0,c234,c5
5343,2,0.0,0.0,1.0,c5,c5
5344,3,0.0,0.0,1.0,c234,c5
5345,3,0.0,0.0,1.0,c1,c5
5346,4,0.0,0.0,1.0,c1,c5
5347,3,0.0,0.0,1.0,c234,c5
5348,1,0.0,0.0,1.0,c5,c5
5349,4,0.0,0.0,1.0,c234,c5
5350,5,0.0,1.0,0.0,c5,c234
5351,4,0.0,0.0,1.0,c1,c5
5352,3,0.0,0.0,1.0,c1,c5
5353,5,0.0,1.0,0.0,c234,c234
5354,1,0.0,0.0,1.0,c5,c5
5355,2,0.0,0.0,1.0,c1,c5
5356,2,0.0,0.0,1.0,c234,c5
5357,5,0.0,1.0,0.0,c234,c234
5358,4,0.0,0.0,1.0,c234,c5
5359,1,0.0,0.0,1.0,c1,c5
5360,2,0.0,0.0,1.0,c234,c5
5361,4,0.0,0.0,1.0,c234,c5
5362,1,0.0,0.0,1.0,c5,c5
5363,3,0.0,0.0,1.0,c1,c5
5364,3,0.0,0.0,1.0,c5,c5
5365,5,0.0,1.0,0.0,c234,c234
5366,4,0.0,0.0,1.0,c1,c5
5367,3,0.0,0.0,1.0,c1,c5
5368,1,0.0,0.0,1.0,c1,c5
5369,5,0.0,1.0,0.0,c5,c234
5370,4,0.0,0.0,1.0,c234,c5
5371,4,0.0,0.0,1.0,c1,c5
5372,3,0.0,0.0,1.0,c1,c5
5373,1,0.0,0.0,1.0,c5,c5
5374,5,0.0,1.0,0.0,c1,c234
5375,2,0.0,0.0,1.0,c1,c5
5376,5,0.0,1.0,0.0,c5,c234
5377,2,0.0,0.0,1.0,c5,c5
5378,4,0.0,0.0,1.0,c234,c5
5379,4,0.0,0.0,1.0,c234,c5
5380,5,0.0,1.0,0.0,c234,c234
5381,1,0.0,0.0,1.0,c1,c5
5382,1,0.0,0.0,1.0,c234,c5
5383,4,0.0,0.0,1.0,c1,c5
5384,5,0.0,1.0,0.0,c234,c234
5385,4,0.0,0.0,1.0,c1,c5
5386,5,0.0,1.0,0.0,c234,c234
5387,5,0.0,1.0,0.0,c234,c234
5388,5,0.0,1.0,0.0,c234,c234
5389,1,0.0,0.0,1.0,c5,c5
5390,2,0.0,0.0,1.0,c5,c5
5391,2,0.0,0.0,1.0,c234,c5
5392,3,0.0,0.0,1.0,c1,c5
5393,4,0.0,0.0,1.0,c1,c5
5394,2,0.0,0.0,1.0,c234,c5
5395,3,0.0,0.0,1.0,c5,c5
5396,2,0.0,0.0,1.0,c1,c5
5397,4,0.0,0.0,1.0,c5,c5
5398,1,0.0,0.0,1.0,c5,c5
5399,4,0.0,0.0,1.0,c5,c5
5400,2,0.0,0.0,1.0,c234,c5
5401,4,0.0,0.0,1.0,c234,c5
5402,2,0.0,0.0,1.0,c234,c5
5403,4,0.0,0.0,1.0,c1,c5
5404,1,0.0,0.0,1.0,c1,c5
5405,4,0.0,0.0,1.0,c1,c5
5406,5,0.0,1.0,0.0,c1,c234
5407,5,0.0,1.0,0.0,c234,c234
5408,5,0.0,1.0,0.0,c1,c234
5409,4,0.0,0.0,1.0,c234,c5
5410,4,0.0,0.0,1.0,c1,c5
5411,3,0.0,0.0,1.0,c5,c5
5412,4,0.0,0.0,1.0,c1,c5
5413,4,0.0,0.0,1.0,c1,c5
5414,3,0.0,0.0,1.0,c5,c5
5415,3,0.0,0.0,1.0,c234,c5
5416,3,0.0,0.0,1.0,c1,c5
5417,5,0.0,1.0,0.0,c5,c234
5418,5,0.0,1.0,0.0,c1,c234
5419,1,0.0,0.0,1.0,c234,c5
5420,3,0.0,0.0,1.0,c234,c5
5421,2,0.0,0.0,1.0,c1,c5
5422,2,0.0,0.0,1.0,c234,c5
5423,1,0.0,0.0,1.0,c234,c5
5424,4,0.0,0.0,1.0,c1,c5
5425,5,0.0,1.0,0.0,c1,c234
5426,5,0.0,1.0,0.0,c5,c234
5427,1,0.0,0.0,1.0,c5,c5
5428,5,0.0,1.0,0.0,c1,c234
5429,5,0.0,1.0,0.0,c5,c234
5430,1,0.0,0.0,1.0,c234,c5
5431,2,0.0,0.0,1.0,c5,c5
5432,3,0.0,0.0,1.0,c5,c5
5433,1,0.0,0.0,1.0,c5,c5
5434,1,0.0,0.0,1.0,c1,c5
5435,4,0.0,0.0,1.0,c234,c5
5436,3,0.0,0.0,1.0,c234,c5
5437,5,0.0,1.0,0.0,c1,c234
5438,3,0.0,0.0,1.0,c1,c5
5439,5,0.0,1.0,0.0,c5,c234
5440,2,0.0,0.0,1.0,c1,c5
5441,1,0.0,0.0,1.0,c234,c5
5442,1,0.0,0.0,1.0,c234,c5
5443,5,0.0,1.0,0.0,c234,c234
5444,2,0.0,0.0,1.0,c5,c5
5445,3,0.0,0.0,1.0,c1,c5
5446,4,0.0,0.0,1.0,c5,c5
5447,4,0.0,0.0,1.0,c1,c5
5448,4,0.0,0.0,1.0,c5,c5
5449,4,0.0,0.0,1.0,c1,c5
5450,5,0.0,1.0,0.0,c5,c234
5451,2,0.0,0.0,1.0,c5,c5
5452,4,0.0,0.0,1.0,c1,c5
5453,1,0.0,0.0,1.0,c5,c5
5454,4,0.0,0.0,1.0,c234,c5
5455,5,0.0,1.0,0.0,c5,c234
5456,4,0.0,0.0,1.0,c234,c5
5457,3,0.0,0.0,1.0,c234,c5
5458,1,0.0,0.0,1.0,c1,c5
5459,1,0.0,0.0,1.0,c1,c5
5460,4,0.0,0.0,1.0,c1,c5
5461,3,0.0,0.0,1.0,c5,c5
5462,5,0.0,1.0,0.0,c1,c234
5463,3,0.0,0.0,1.0,c1,c5
5464,3,0.0,0.0,1.0,c1,c5
5465,3,0.0,0.0,1.0,c1,c5
5466,2,0.0,0.0,1.0,c5,c5
5467,5,0.0,1.0,0.0,c234,c234
5468,4,0.0,0.0,1.0,c1,c5
5469,2,0.0,0.0,1.0,c1,c5
5470,4,0.0,0.0,1.0,c1,c5
5471,1,0.0,0.0,1.0,c234,c5
5472,5,0.0,1.0,0.0,c234,c234
5473,2,0.0,0.0,1.0,c1,c5
5474,1,0.0,0.0,1.0,c234,c5
5475,5,0.0,1.0,0.0,c1,c234
5476,1,0.0,0.0,1.0,c234,c5
5477,1,0.0,0.0,1.0,c234,c5
5478,2,0.0,0.0,1.0,c1,c5
5479,4,0.0,0.0,1.0,c234,c5
5480,4,0.0,0.0,1.0,c5,c5
5481,5,0.0,1.0,0.0,c5,c234
5482,1,0.0,0.0,1.0,c5,c5
5483,2,0.0,0.0,1.0,c234,c5
5484,5,0.0,1.0,0.0,c234,c234
5485,1,0.0,0.0,1.0,c234,c5
5486,3,0.0,0.0,1.0,c1,c5
5487,5,0.0,1.0,0.0,c5,c234
5488,3,0.0,0.0,1.0,c5,c5
5489,4,0.0,0.0,1.0,c1,c5
5490,4,0.0,0.0,1.0,c1,c5
5491,5,0.0,1.0,0.0,c1,c234
5492,2,0.0,0.0,1.0,c234,c5
5493,4,0.0,0.0,1.0,c1,c5
5494,1,0.0,0.0,1.0,c5,c5
5495,2,0.0,0.0,1.0,c1,c5
5496,2,0.0,0.0,1.0,c234,c5
5497,5,0.0,1.0,0.0,c5,c234
5498,3,0.0,0.0,1.0,c5,c5
5499,5,0.0,1.0,0.0,c1,c234
5500,1,0.0,0.0,1.0,c5,c5
5501,4,0.0,0.0,1.0,c234,c5
5502,2,0.0,0.0,1.0,c234,c5
5503,1,0.0,0.0,1.0,c234,c5
5504,2,0.0,0.0,1.0,c5,c5
5505,5,0.0,1.0,0.0,c5,c234
5506,5,0.0,1.0,0.0,c5,c234
5507,3,0.0,0.0,1.0,c5,c5
5508,2,0.0,0.0,1.0,c5,c5
5509,4,0.0,0.0,1.0,c234,c5
5510,2,0.0,0.0,1.0,c234,c5
5511,5,0.0,1.0,0.0,c1,c234
5512,5,0.0,1.0,0.0,c234,c234
5513,2,0.0,0.0,1.0,c234,c5
5514,5,0.0,1.0,0.0,c5,c234
5515,5,0.0,1.0,0.0,c5,c234
5516,3,0.0,0.0,1.0,c234,c5
5517,4,0.0,0.0,1.0,c234,c5
5518,3,0.0,0.0,1.0,c5,c5
5519,4,0.0,0.0,1.0,c1,c5
5520,2,0.0,0.0,1.0,c234,c5
5521,4,0.0,0.0,1.0,c234,c5
5522,3,0.0,0.0,1.0,c234,c5
5523,4,0.0,0.0,1.0,c1,c5
5524,3,0.0,0.0,1.0,c5,c5
5525,4,0.0,0.0,1.0,c1,c5
5526,4,0.0,0.0,1.0,c1,c5
5527,1,0.0,0.0,1.0,c1,c5
5528,5,0.0,1.0,0.0,c5,c234
5529,4,0.0,0.0,1.0,c5,c5
5530,3,0.0,0.0,1.0,c234,c5
5531,4,0.0,0.0,1.0,c234,c5
5532,5,0.0,1.0,0.0,c5,c234
5533,1,0.0,0.0,1.0,c1,c5
5534,3,0.0,0.0,1.0,c5,c5
5535,3,0.0,0.0,1.0,c5,c5
5536,2,0.0,0.0,1.0,c234,c5
5537,2,0.0,0.0,1.0,c1,c5
5538,3,0.0,0.0,1.0,c5,c5
5539,5,0.0,1.0,0.0,c234,c234
5540,4,0.0,0.0,1.0,c234,c5
5541,4,0.0,0.0,1.0,c234,c5
5542,1,0.0,0.0,1.0,c234,c5
5543,2,0.0,0.0,1.0,c234,c5
5544,1,0.0,0.0,1.0,c234,c5
5545,1,0.0,0.0,1.0,c234,c5
5546,1,0.0,0.0,1.0,c5,c5
5547,1,0.0,0.0,1.0,c234,c5
5548,1,0.0,0.0,1.0,c1,c5
5549,4,0.0,0.0,1.0,c5,c5
5550,5,0.0,1.0,0.0,c1,c234
5551,4,0.0,0.0,1.0,c5,c5
5552,4,0.0,0.0,1.0,c234,c5
5553,1,0.0,0.0,1.0,c234,c5
5554,2,0.0,0.0,1.0,c1,c5
5555,1,0.0,0.0,1.0,c1,c5
5556,5,0.0,1.0,0.0,c1,c234
5557,4,0.0,0.0,1.0,c5,c5
5558,1,0.0,0.0,1.0,c1,c5
5559,2,0.0,0.0,1.0,c234,c5
5560,5,0.0,1.0,0.0,c1,c234
5561,2,0.0,0.0,1.0,c5,c5
5562,2,0.0,0.0,1.0,c1,c5
5563,4,0.0,0.0,1.0,c234,c5
5564,1,0.0,0.0,1.0,c234,c5
5565,4,0.0,0.0,1.0,c234,c5
5566,2,0.0,0.0,1.0,c1,c5
5567,3,0.0,0.0,1.0,c1,c5
5568,2,0.0,0.0,1.0,c1,c5
5569,4,0.0,0.0,1.0,c1,c5
5570,3,0.0,0.0,1.0,c1,c5
5571,2,0.0,0.0,1.0,c5,c5
5572,3,0.0,0.0,1.0,c5,c5
5573,4,0.0,0.0,1.0,c5,c5
5574,4,0.0,0.0,1.0,c5,c5
5575,2,0.0,0.0,1.0,c5,c5
5576,4,0.0,0.0,1.0,c5,c5
5577,3,0.0,0.0,1.0,c234,c5
5578,5,0.0,1.0,0.0,c234,c234
5579,4,0.0,0.0,1.0,c234,c5
5580,3,0.0,0.0,1.0,c234,c5
5581,1,0.0,0.0,1.0,c5,c5
5582,5,0.0,1.0,0.0,c234,c234
5583,2,0.0,0.0,1.0,c234,c5
5584,2,0.0,0.0,1.0,c1,c5
5585,4,0.0,0.0,1.0,c1,c5
5586,2,0.0,0.0,1.0,c5,c5
5587,2,0.0,0.0,1.0,c5,c5
5588,5,0.0,1.0,0.0,c1,c234
5589,1,0.0,0.0,1.0,c234,c5
5590,3,0.0,0.0,1.0,c234,c5
5591,4,0.0,0.0,1.0,c5,c5
5592,2,0.0,0.0,1.0,c234,c5
5593,1,0.0,0.0,1.0,c5,c5
5594,3,0.0,0.0,1.0,c234,c5
5595,4,0.0,0.0,1.0,c5,c5
5596,5,0.0,1.0,0.0,c1,c234
5597,3,0.0,0.0,1.0,c234,c5
5598,5,0.0,1.0,0.0,c1,c234
5599,3,0.0,0.0,1.0,c234,c5
5600,2,0.0,0.0,1.0,c234,c5
5601,4,0.0,0.0,1.0,c5,c5
5602,4,0.0,0.0,1.0,c234,c5
5603,4,0.0,0.0,1.0,c5,c5
5604,3,0.0,0.0,1.0,c5,c5
5605,2,0.0,0.0,1.0,c1,c5
5606,3,0.0,0.0,1.0,c5,c5
5607,2,0.0,0.0,1.0,c5,c5
5608,4,0.0,0.0,1.0,c5,c5
5609,1,0.0,0.0,1.0,c234,c5
5610,4,0.0,0.0,1.0,c234,c5
5611,3,0.0,0.0,1.0,c234,c5
5612,1,0.0,0.0,1.0,c1,c5
5613,4,0.0,0.0,1.0,c1,c5
5614,3,0.0,0.0,1.0,c1,c5
5615,5,0.0,1.0,0.0,c234,c234
5616,1,0.0,0.0,1.0,c1,c5
5617,5,0.0,1.0,0.0,c234,c234
5618,3,0.0,0.0,1.0,c234,c5
5619,4,0.0,0.0,1.0,c5,c5
5620,5,0.0,1.0,0.0,c1,c234
5621,5,0.0,1.0,0.0,c5,c234
5622,1,0.0,0.0,1.0,c5,c5
5623,4,0.0,0.0,1.0,c234,c5
5624,2,0.0,0.0,1.0,c234,c5
5625,5,0.0,1.0,0.0,c234,c234
5626,2,0.0,0.0,1.0,c234,c5
5627,5,0.0,1.0,0.0,c5,c234
5628,3,0.0,0.0,1.0,c5,c5
5629,1,0.0,0.0,1.0,c234,c5
5630,2,0.0,0.0,1.0,c5,c5
5631,3,0.0,0.0,1.0,c234,c5
5632,2,0.0,0.0,1.0,c234,c5
5633,3,0.0,0.0,1.0,c5,c5
5634,3,0.0,0.0,1.0,c5,c5
5635,1,0.0,0.0,1.0,c1,c5
5636,1,0.0,0.0,1.0,c5,c5
5637,1,0.0,0.0,1.0,c1,c5
5638,1,0.0,0.0,1.0,c1,c5
5639,4,0.0,0.0,1.0,c5,c5
5640,1,0.0,0.0,1.0,c234,c5
5641,4,0.0,0.0,1.0,c234,c5
5642,1,0.0,0.0,1.0,c1,c5
5643,5,0.0,1.0,0.0,c1,c234
5644,1,0.0,0.0,1.0,c1,c5
5645,4,0.0,0.0,1.0,c5,c5
5646,1,0.0,0.0,1.0,c234,c5
5647,5,0.0,1.0,0.0,c234,c234
5648,4,0.0,0.0,1.0,c5,c5
5649,4,0.0,0.0,1.0,c5,c5
5650,1,0.0,0.0,1.0,c1,c5
5651,5,0.0,1.0,0.0,c1,c234
5652,4,0.0,0.0,1.0,c1,c5
5653,5,0.0,1.0,0.0,c234,c234
5654,4,0.0,0.0,1.0,c1,c5
5655,3,0.0,0.0,1.0,c234,c5
5656,4,0.0,0.0,1.0,c234,c5
5657,2,0.0,0.0,1.0,c234,c5
5658,4,0.0,0.0,1.0,c234,c5
5659,5,0.0,1.0,0.0,c1,c234
5660,1,0.0,0.0,1.0,c234,c5
5661,2,0.0,0.0,1.0,c234,c5
5662,5,0.0,1.0,0.0,c234,c234
5663,5,0.0,1.0,0.0,c1,c234
5664,2,0.0,0.0,1.0,c5,c5
5665,5,0.0,1.0,0.0,c234,c234
5666,1,0.0,0.0,1.0,c5,c5
5667,3,0.0,0.0,1.0,c1,c5
5668,4,0.0,0.0,1.0,c234,c5
5669,5,0.0,1.0,0.0,c1,c234
5670,2,0.0,0.0,1.0,c5,c5
5671,1,0.0,0.0,1.0,c1,c5
5672,3,0.0,0.0,1.0,c234,c5
5673,2,0.0,0.0,1.0,c234,c5
5674,1,0.0,0.0,1.0,c1,c5
5675,4,0.0,0.0,1.0,c1,c5
5676,3,0.0,0.0,1.0,c5,c5
5677,3,0.0,0.0,1.0,c234,c5
5678,1,0.0,0.0,1.0,c5,c5
5679,2,0.0,0.0,1.0,c5,c5
5680,5,0.0,1.0,0.0,c5,c234
5681,4,0.0,0.0,1.0,c234,c5
5682,3,0.0,0.0,1.0,c1,c5
5683,3,0.0,0.0,1.0,c5,c5
5684,2,0.0,0.0,1.0,c1,c5
5685,3,0.0,0.0,1.0,c1,c5
5686,5,0.0,1.0,0.0,c5,c234
5687,4,0.0,0.0,1.0,c234,c5
5688,2,0.0,0.0,1.0,c5,c5
5689,2,0.0,0.0,1.0,c5,c5
5690,4,0.0,0.0,1.0,c5,c5
5691,5,0.0,1.0,0.0,c234,c234
5692,4,0.0,0.0,1.0,c5,c5
5693,2,0.0,0.0,1.0,c234,c5
5694,1,0.0,0.0,1.0,c234,c5
5695,2,0.0,0.0,1.0,c5,c5
5696,5,0.0,1.0,0.0,c1,c234
5697,4,0.0,0.0,1.0,c234,c5
5698,1,0.0,0.0,1.0,c5,c5
5699,2,0.0,0.0,1.0,c234,c5
5700,3,0.0,0.0,1.0,c5,c5
5701,1,0.0,0.0,1.0,c5,c5
5702,4,0.0,0.0,1.0,c1,c5
5703,5,0.0,1.0,0.0,c234,c234
5704,2,0.0,0.0,1.0,c5,c5
5705,4,0.0,0.0,1.0,c234,c5
5706,2,0.0,0.0,1.0,c1,c5
5707,3,0.0,0.0,1.0,c5,c5
5708,3,0.0,0.0,1.0,c234,c5
5709,4,0.0,0.0,1.0,c5,c5
5710,1,0.0,0.0,1.0,c234,c5
5711,1,0.0,0.0,1.0,c234,c5
5712,4,0.0,0.0,1.0,c5,c5
5713,3,0.0,0.0,1.0,c5,c5
5714,2,0.0,0.0,1.0,c234,c5
5715,1,0.0,0.0,1.0,c1,c5
5716,4,0.0,0.0,1.0,c1,c5
5717,2,0.0,0.0,1.0,c1,c5
5718,4,0.0,0.0,1.0,c1,c5
5719,4,0.0,0.0,1.0,c234,c5
5720,3,0.0,0.0,1.0,c234,c5
5721,4,0.0,0.0,1.0,c5,c5
5722,4,0.0,0.0,1.0,c5,c5
5723,4,0.0,0.0,1.0,c1,c5
5724,2,0.0,0.0,1.0,c1,c5
5725,1,0.0,0.0,1.0,c234,c5
5726,3,0.0,0.0,1.0,c234,c5
5727,5,0.0,1.0,0.0,c234,c234
5728,2,0.0,0.0,1.0,c1,c5
5729,4,0.0,0.0,1.0,c5,c5
5730,5,0.0,1.0,0.0,c1,c234
5731,4,0.0,0.0,1.0,c234,c5
5732,4,0.0,0.0,1.0,c5,c5
5733,4,0.0,0.0,1.0,c234,c5
5734,1,0.0,0.0,1.0,c1,c5
5735,2,0.0,0.0,1.0,c1,c5
5736,2,0.0,0.0,1.0,c1,c5
5737,1,0.0,0.0,1.0,c1,c5
5738,5,0.0,1.0,0.0,c1,c234
5739,5,0.0,1.0,0.0,c234,c234
5740,3,0.0,0.0,1.0,c1,c5
5741,1,0.0,0.0,1.0,c5,c5
5742,4,0.0,0.0,1.0,c5,c5
5743,4,0.0,0.0,1.0,c5,c5
5744,3,0.0,0.0,1.0,c234,c5
5745,3,0.0,0.0,1.0,c234,c5
5746,1,0.0,0.0,1.0,c1,c5
5747,2,0.0,0.0,1.0,c1,c5
5748,5,0.0,1.0,0.0,c234,c234
5749,5,0.0,1.0,0.0,c5,c234
5750,2,0.0,0.0,1.0,c5,c5
5751,3,0.0,0.0,1.0,c234,c5
5752,2,0.0,0.0,1.0,c1,c5
5753,2,0.0,0.0,1.0,c5,c5
5754,2,0.0,0.0,1.0,c1,c5
5755,3,0.0,0.0,1.0,c234,c5
5756,2,0.0,0.0,1.0,c5,c5
5757,3,0.0,0.0,1.0,c234,c5
5758,5,0.0,1.0,0.0,c234,c234
5759,4,0.0,0.0,1.0,c234,c5
5760,1,0.0,0.0,1.0,c5,c5
5761,3,0.0,0.0,1.0,c234,c5
5762,4,0.0,0.0,1.0,c5,c5
5763,4,0.0,0.0,1.0,c5,c5
5764,5,0.0,1.0,0.0,c5,c234
5765,5,0.0,1.0,0.0,c5,c234
5766,3,0.0,0.0,1.0,c5,c5
5767,5,0.0,1.0,0.0,c234,c234
5768,3,0.0,0.0,1.0,c234,c5
5769,2,0.0,0.0,1.0,c5,c5
5770,5,0.0,1.0,0.0,c234,c234
5771,3,0.0,0.0,1.0,c1,c5
5772,5,0.0,1.0,0.0,c1,c234
5773,3,0.0,0.0,1.0,c1,c5
5774,1,0.0,0.0,1.0,c5,c5
5775,2,0.0,0.0,1.0,c5,c5
5776,2,0.0,0.0,1.0,c234,c5
5777,5,0.0,1.0,0.0,c5,c234
5778,5,0.0,1.0,0.0,c234,c234
5779,5,0.0,1.0,0.0,c1,c234
5780,4,0.0,0.0,1.0,c5,c5
5781,5,0.0,1.0,0.0,c1,c234
5782,3,0.0,0.0,1.0,c234,c5
5783,5,0.0,1.0,0.0,c5,c234
5784,4,0.0,0.0,1.0,c234,c5
5785,3,0.0,0.0,1.0,c5,c5
5786,2,0.0,0.0,1.0,c5,c5
5787,1,0.0,0.0,1.0,c234,c5
5788,4,0.0,0.0,1.0,c1,c5
5789,2,0.0,0.0,1.0,c5,c5
5790,5,0.0,1.0,0.0,c234,c234
5791,2,0.0,0.0,1.0,c1,c5
5792,3,0.0,0.0,1.0,c234,c5
5793,5,0.0,1.0,0.0,c1,c234
5794,5,0.0,1.0,0.0,c5,c234
5795,3,0.0,0.0,1.0,c1,c5
5796,2,0.0,0.0,1.0,c234,c5
5797,4,0.0,0.0,1.0,c1,c5
5798,4,0.0,0.0,1.0,c5,c5
5799,1,0.0,0.0,1.0,c5,c5
5800,3,0.0,0.0,1.0,c234,c5
5801,3,0.0,0.0,1.0,c1,c5
5802,1,0.0,0.0,1.0,c5,c5
5803,2,0.0,0.0,1.0,c234,c5
5804,5,0.0,1.0,0.0,c5,c234
5805,3,0.0,0.0,1.0,c234,c5
5806,4,0.0,0.0,1.0,c5,c5
5807,2,0.0,0.0,1.0,c1,c5
5808,1,0.0,0.0,1.0,c1,c5
5809,1,0.0,0.0,1.0,c1,c5
5810,3,0.0,0.0,1.0,c1,c5
5811,5,0.0,1.0,0.0,c5,c234
5812,1,0.0,0.0,1.0,c5,c5
5813,1,0.0,0.0,1.0,c1,c5
5814,1,0.0,0.0,1.0,c234,c5
5815,4,0.0,0.0,1.0,c234,c5
5816,2,0.0,0.0,1.0,c234,c5
5817,4,0.0,0.0,1.0,c1,c5
5818,2,0.0,0.0,1.0,c5,c5
5819,1,0.0,0.0,1.0,c1,c5
5820,4,0.0,0.0,1.0,c1,c5
5821,2,0.0,0.0,1.0,c234,c5
5822,3,0.0,0.0,1.0,c1,c5
5823,5,0.0,1.0,0.0,c5,c234
5824,2,0.0,0.0,1.0,c234,c5
5825,1,0.0,0.0,1.0,c1,c5
5826,4,0.0,0.0,1.0,c234,c5
5827,2,0.0,0.0,1.0,c5,c5
5828,5,0.0,1.0,0.0,c1,c234
5829,4,0.0,0.0,1.0,c5,c5
5830,2,0.0,0.0,1.0,c1,c5
5831,2,0.0,0.0,1.0,c1,c5
5832,2,0.0,0.0,1.0,c1,c5
5833,4,0.0,0.0,1.0,c234,c5
5834,4,0.0,0.0,1.0,c234,c5
5835,1,0.0,0.0,1.0,c5,c5
5836,3,0.0,0.0,1.0,c1,c5
5837,1,0.0,0.0,1.0,c234,c5
5838,2,0.0,0.0,1.0,c234,c5
5839,1,0.0,0.0,1.0,c234,c5
5840,3,0.0,0.0,1.0,c1,c5
5841,3,0.0,0.0,1.0,c1,c5
5842,2,0.0,0.0,1.0,c234,c5
5843,5,0.0,1.0,0.0,c234,c234
5844,4,0.0,0.0,1.0,c234,c5
5845,3,0.0,0.0,1.0,c1,c5
5846,4,0.0,0.0,1.0,c234,c5
5847,1,0.0,0.0,1.0,c5,c5
5848,1,0.0,0.0,1.0,c234,c5
5849,5,0.0,1.0,0.0,c1,c234
5850,5,0.0,1.0,0.0,c234,c234
5851,4,0.0,0.0,1.0,c5,c5
5852,2,0.0,0.0,1.0,c234,c5
5853,3,0.0,0.0,1.0,c5,c5
5854,5,0.0,1.0,0.0,c234,c234
5855,1,0.0,0.0,1.0,c1,c5
5856,2,0.0,0.0,1.0,c5,c5
5857,1,0.0,0.0,1.0,c5,c5
5858,4,0.0,0.0,1.0,c5,c5
5859,1,0.0,0.0,1.0,c1,c5
5860,5,0.0,1.0,0.0,c234,c234
5861,2,0.0,0.0,1.0,c1,c5
5862,5,0.0,1.0,0.0,c5,c234
5863,1,0.0,0.0,1.0,c234,c5
5864,5,0.0,1.0,0.0,c1,c234
5865,3,0.0,0.0,1.0,c1,c5
5866,4,0.0,0.0,1.0,c1,c5
5867,2,0.0,0.0,1.0,c5,c5
5868,2,0.0,0.0,1.0,c5,c5
5869,3,0.0,0.0,1.0,c5,c5
5870,1,0.0,0.0,1.0,c5,c5
5871,2,0.0,0.0,1.0,c1,c5
5872,3,0.0,0.0,1.0,c1,c5
5873,4,0.0,0.0,1.0,c5,c5
5874,2,0.0,0.0,1.0,c5,c5
5875,5,0.0,1.0,0.0,c234,c234
5876,4,0.0,0.0,1.0,c1,c5
5877,4,0.0,0.0,1.0,c234,c5
5878,4,0.0,0.0,1.0,c1,c5
5879,4,0.0,0.0,1.0,c5,c5
5880,4,0.0,0.0,1.0,c5,c5
5881,5,0.0,1.0,0.0,c234,c234
5882,4,0.0,0.0,1.0,c234,c5
5883,2,0.0,0.0,1.0,c5,c5
5884,3,0.0,0.0,1.0,c5,c5
5885,3,0.0,0.0,1.0,c5,c5
5886,3,0.0,0.0,1.0,c5,c5
5887,2,0.0,0.0,1.0,c1,c5
5888,5,0.0,1.0,0.0,c1,c234
5889,1,0.0,0.0,1.0,c5,c5
5890,1,0.0,0.0,1.0,c234,c5
5891,1,0.0,0.0,1.0,c1,c5
5892,2,0.0,0.0,1.0,c5,c5
5893,1,0.0,0.0,1.0,c1,c5
5894,5,0.0,1.0,0.0,c234,c234
5895,5,0.0,1.0,0.0,c234,c234
5896,5,0.0,1.0,0.0,c234,c234
5897,3,0.0,0.0,1.0,c234,c5
5898,3,0.0,0.0,1.0,c1,c5
5899,2,0.0,0.0,1.0,c5,c5
5900,5,0.0,1.0,0.0,c234,c234
5901,5,0.0,1.0,0.0,c1,c234
5902,4,0.0,0.0,1.0,c234,c5
5903,1,0.0,0.0,1.0,c5,c5
5904,3,0.0,0.0,1.0,c234,c5
5905,2,0.0,0.0,1.0,c5,c5
5906,5,0.0,1.0,0.0,c5,c234
5907,3,0.0,0.0,1.0,c1,c5
5908,1,0.0,0.0,1.0,c1,c5
5909,2,0.0,0.0,1.0,c1,c5
5910,2,0.0,0.0,1.0,c1,c5
5911,2,0.0,0.0,1.0,c5,c5
5912,5,0.0,1.0,0.0,c1,c234
5913,4,0.0,0.0,1.0,c234,c5
5914,5,0.0,1.0,0.0,c1,c234
5915,4,0.0,0.0,1.0,c5,c5
5916,2,0.0,0.0,1.0,c5,c5
5917,2,0.0,0.0,1.0,c234,c5
5918,1,0.0,0.0,1.0,c234,c5
5919,1,0.0,0.0,1.0,c1,c5
5920,1,0.0,0.0,1.0,c5,c5
5921,2,0.0,0.0,1.0,c5,c5
5922,5,0.0,1.0,0.0,c5,c234
5923,2,0.0,0.0,1.0,c1,c5
5924,1,0.0,0.0,1.0,c234,c5
5925,2,0.0,0.0,1.0,c5,c5
5926,3,0.0,0.0,1.0,c5,c5
5927,1,0.0,0.0,1.0,c234,c5
5928,2,0.0,0.0,1.0,c1,c5
5929,3,0.0,0.0,1.0,c1,c5
5930,5,0.0,1.0,0.0,c5,c234
5931,3,0.0,0.0,1.0,c234,c5
5932,4,0.0,0.0,1.0,c5,c5
5933,2,0.0,0.0,1.0,c1,c5
5934,5,0.0,1.0,0.0,c1,c234
5935,2,0.0,0.0,1.0,c234,c5
5936,1,0.0,0.0,1.0,c5,c5
5937,5,0.0,1.0,0.0,c5,c234
5938,4,0.0,0.0,1.0,c1,c5
5939,2,0.0,0.0,1.0,c234,c5
5940,4,0.0,0.0,1.0,c1,c5
5941,1,0.0,0.0,1.0,c1,c5
5942,2,0.0,0.0,1.0,c234,c5
5943,3,0.0,0.0,1.0,c234,c5
5944,5,0.0,1.0,0.0,c234,c234
5945,1,0.0,0.0,1.0,c234,c5
5946,5,0.0,1.0,0.0,c234,c234
5947,5,0.0,1.0,0.0,c1,c234
5948,2,0.0,0.0,1.0,c234,c5
5949,1,0.0,0.0,1.0,c1,c5
5950,2,0.0,0.0,1.0,c5,c5
5951,2,0.0,0.0,1.0,c234,c5
5952,4,0.0,0.0,1.0,c5,c5
5953,3,0.0,0.0,1.0,c234,c5
5954,4,0.0,0.0,1.0,c5,c5
5955,1,0.0,0.0,1.0,c234,c5
5956,1,0.0,0.0,1.0,c234,c5
5957,3,0.0,0.0,1.0,c234,c5
5958,4,0.0,0.0,1.0,c5,c5
5959,3,0.0,0.0,1.0,c1,c5
5960,1,0.0,0.0,1.0,c234,c5
5961,5,0.0,1.0,0.0,c5,c234
5962,5,0.0,1.0,0.0,c1,c234
5963,3,0.0,0.0,1.0,c1,c5
5964,4,0.0,0.0,1.0,c5,c5
5965,2,0.0,0.0,1.0,c1,c5
5966,1,0.0,0.0,1.0,c5,c5
5967,2,0.0,0.0,1.0,c234,c5
5968,5,0.0,1.0,0.0,c5,c234
5969,4,0.0,0.0,1.0,c5,c5
5970,1,0.0,0.0,1.0,c1,c5
5971,5,0.0,1.0,0.0,c1,c234
5972,2,0.0,0.0,1.0,c234,c5
5973,5,0.0,1.0,0.0,c234,c234
5974,5,0.0,1.0,0.0,c5,c234
5975,1,0.0,0.0,1.0,c234,c5
5976,5,0.0,1.0,0.0,c234,c234
5977,2,0.0,0.0,1.0,c1,c5
5978,2,0.0,0.0,1.0,c1,c5
5979,1,0.0,0.0,1.0,c234,c5
5980,5,0.0,1.0,0.0,c234,c234
5981,3,0.0,0.0,1.0,c234,c5
5982,5,0.0,1.0,0.0,c234,c234
5983,1,0.0,0.0,1.0,c5,c5
5984,1,0.0,0.0,1.0,c1,c5
5985,5,0.0,1.0,0.0,c5,c234
5986,4,0.0,0.0,1.0,c5,c5
5987,3,0.0,0.0,1.0,c5,c5
5988,5,0.0,1.0,0.0,c234,c234
5989,2,0.0,0.0,1.0,c1,c5
5990,2,0.0,0.0,1.0,c5,c5
5991,2,0.0,0.0,1.0,c234,c5
5992,5,0.0,1.0,0.0,c5,c234
5993,5,0.0,1.0,0.0,c5,c234
5994,2,0.0,0.0,1.0,c234,c5
5995,5,0.0,1.0,0.0,c234,c234
5996,5,0.0,1.0,0.0,c1,c234
5997,4,0.0,0.0,1.0,c5,c5
5998,3,0.0,0.0,1.0,c5,c5
5999,1,0.0,0.0,1.0,c234,c5
6000,4,0.0,0.0,1.0,c1,c5
6001,1,0.0,0.0,1.0,c1,c5
6002,2,0.0,0.0,1.0,c5,c5
6003,1,0.0,0.0,1.0,c5,c5
6004,1,0.0,0.0,1.0,c5,c5
6005,4,0.0,0.0,1.0,c234,c5
6006,5,0.0,1.0,0.0,c234,c234
6007,5,0.0,1.0,0.0,c1,c234
6008,4,0.0,0.0,1.0,c234,c5
6009,3,0.0,0.0,1.0,c5,c5
6010,4,0.0,0.0,1.0,c234,c5
6011,2,0.0,0.0,1.0,c1,c5
6012,1,0.0,0.0,1.0,c234,c5
6013,2,0.0,0.0,1.0,c5,c5
6014,5,0.0,1.0,0.0,c5,c234
6015,1,0.0,0.0,1.0,c234,c5
6016,2,0.0,0.0,1.0,c234,c5
6017,4,0.0,0.0,1.0,c5,c5
6018,5,0.0,1.0,0.0,c5,c234
6019,3,0.0,0.0,1.0,c234,c5
6020,2,0.0,0.0,1.0,c5,c5
6021,1,0.0,0.0,1.0,c5,c5
6022,5,0.0,1.0,0.0,c5,c234
6023,4,0.0,0.0,1.0,c5,c5
6024,5,0.0,1.0,0.0,c234,c234
6025,2,0.0,0.0,1.0,c234,c5
6026,4,0.0,0.0,1.0,c234,c5
6027,4,0.0,0.0,1.0,c5,c5
6028,2,0.0,0.0,1.0,c1,c5
6029,3,0.0,0.0,1.0,c1,c5
6030,3,0.0,0.0,1.0,c234,c5
6031,3,0.0,0.0,1.0,c234,c5
6032,1,0.0,0.0,1.0,c1,c5
6033,1,0.0,0.0,1.0,c5,c5
6034,3,0.0,0.0,1.0,c1,c5
6035,4,0.0,0.0,1.0,c1,c5
6036,3,0.0,0.0,1.0,c1,c5
6037,4,0.0,0.0,1.0,c5,c5
6038,5,0.0,1.0,0.0,c234,c234
6039,1,0.0,0.0,1.0,c234,c5
6040,3,0.0,0.0,1.0,c5,c5
6041,2,0.0,0.0,1.0,c5,c5
6042,2,0.0,0.0,1.0,c5,c5
6043,2,0.0,0.0,1.0,c5,c5
6044,4,0.0,0.0,1.0,c5,c5
6045,1,0.0,0.0,1.0,c234,c5
6046,1,0.0,0.0,1.0,c1,c5
6047,2,0.0,0.0,1.0,c234,c5
6048,1,0.0,0.0,1.0,c234,c5
6049,3,0.0,0.0,1.0,c234,c5
6050,2,0.0,0.0,1.0,c5,c5
6051,3,0.0,0.0,1.0,c234,c5
6052,2,0.0,0.0,1.0,c234,c5
6053,4,0.0,0.0,1.0,c234,c5
6054,3,0.0,0.0,1.0,c5,c5
6055,1,0.0,0.0,1.0,c5,c5
6056,2,0.0,0.0,1.0,c1,c5
6057,2,0.0,0.0,1.0,c234,c5
6058,3,0.0,0.0,1.0,c234,c5
6059,2,0.0,0.0,1.0,c5,c5
6060,4,0.0,0.0,1.0,c1,c5
6061,1,0.0,0.0,1.0,c5,c5
6062,5,0.0,1.0,0.0,c1,c234
6063,2,0.0,0.0,1.0,c234,c5
6064,5,0.0,1.0,0.0,c5,c234
6065,1,0.0,0.0,1.0,c5,c5
6066,5,0.0,1.0,0.0,c234,c234
6067,5,0.0,1.0,0.0,c1,c234
6068,3,0.0,0.0,1.0,c1,c5
6069,3,0.0,0.0,1.0,c234,c5
6070,5,0.0,1.0,0.0,c5,c234
6071,5,0.0,1.0,0.0,c1,c234
6072,4,0.0,0.0,1.0,c234,c5
6073,2,0.0,0.0,1.0,c234,c5
6074,5,0.0,1.0,0.0,c5,c234
6075,1,0.0,0.0,1.0,c1,c5
6076,4,0.0,0.0,1.0,c234,c5
6077,5,0.0,1.0,0.0,c234,c234
6078,5,0.0,1.0,0.0,c5,c234
6079,4,0.0,0.0,1.0,c1,c5
6080,4,0.0,0.0,1.0,c234,c5
6081,1,0.0,0.0,1.0,c234,c5
6082,2,0.0,0.0,1.0,c234,c5
6083,2,0.0,0.0,1.0,c5,c5
6084,5,0.0,1.0,0.0,c5,c234
6085,2,0.0,0.0,1.0,c1,c5
6086,2,0.0,0.0,1.0,c5,c5
6087,3,0.0,0.0,1.0,c5,c5
6088,1,0.0,0.0,1.0,c234,c5
6089,3,0.0,0.0,1.0,c234,c5
6090,5,0.0,1.0,0.0,c5,c234
6091,1,0.0,0.0,1.0,c234,c5
6092,1,0.0,0.0,1.0,c5,c5
6093,3,0.0,0.0,1.0,c5,c5
6094,3,0.0,0.0,1.0,c5,c5
6095,1,0.0,0.0,1.0,c234,c5
6096,1,0.0,0.0,1.0,c234,c5
6097,3,0.0,0.0,1.0,c234,c5
6098,2,0.0,0.0,1.0,c5,c5
6099,1,0.0,0.0,1.0,c5,c5
6100,4,0.0,0.0,1.0,c5,c5
6101,2,0.0,0.0,1.0,c234,c5
6102,3,0.0,0.0,1.0,c234,c5
6103,4,0.0,0.0,1.0,c5,c5
6104,3,0.0,0.0,1.0,c5,c5
6105,5,0.0,1.0,0.0,c5,c234
6106,5,0.0,1.0,0.0,c5,c234
6107,3,0.0,0.0,1.0,c1,c5
6108,1,0.0,0.0,1.0,c5,c5
6109,1,0.0,0.0,1.0,c1,c5
6110,3,0.0,0.0,1.0,c5,c5
6111,3,0.0,0.0,1.0,c234,c5
6112,3,0.0,0.0,1.0,c1,c5
6113,3,0.0,0.0,1.0,c5,c5
6114,4,0.0,0.0,1.0,c234,c5
6115,5,0.0,1.0,0.0,c1,c234
6116,4,0.0,0.0,1.0,c234,c5
6117,5,0.0,1.0,0.0,c1,c234
6118,3,0.0,0.0,1.0,c234,c5
6119,2,0.0,0.0,1.0,c1,c5
6120,4,0.0,0.0,1.0,c234,c5
6121,1,0.0,0.0,1.0,c5,c5
6122,1,0.0,0.0,1.0,c234,c5
6123,4,0.0,0.0,1.0,c234,c5
6124,5,0.0,1.0,0.0,c1,c234
6125,1,0.0,0.0,1.0,c5,c5
6126,3,0.0,0.0,1.0,c234,c5
6127,4,0.0,0.0,1.0,c234,c5
6128,4,0.0,0.0,1.0,c5,c5
6129,3,0.0,0.0,1.0,c1,c5
6130,2,0.0,0.0,1.0,c1,c5
6131,2,0.0,0.0,1.0,c234,c5
6132,1,0.0,0.0,1.0,c1,c5
6133,4,0.0,0.0,1.0,c5,c5
6134,1,0.0,0.0,1.0,c5,c5
6135,3,0.0,0.0,1.0,c234,c5
6136,1,0.0,0.0,1.0,c5,c5
6137,4,0.0,0.0,1.0,c5,c5
6138,4,0.0,0.0,1.0,c234,c5
6139,3,0.0,0.0,1.0,c1,c5
6140,1,0.0,0.0,1.0,c5,c5
6141,4,0.0,0.0,1.0,c234,c5
6142,3,0.0,0.0,1.0,c5,c5
6143,5,0.0,1.0,0.0,c234,c234
6144,4,0.0,0.0,1.0,c5,c5
6145,1,0.0,0.0,1.0,c1,c5
6146,4,0.0,0.0,1.0,c5,c5
6147,4,0.0,0.0,1.0,c234,c5
6148,3,0.0,0.0,1.0,c234,c5
6149,5,0.0,1.0,0.0,c1,c234
6150,2,0.0,0.0,1.0,c5,c5
6151,1,0.0,0.0,1.0,c1,c5
6152,1,0.0,0.0,1.0,c234,c5
6153,4,0.0,0.0,1.0,c1,c5
6154,2,0.0,0.0,1.0,c1,c5
6155,1,0.0,0.0,1.0,c5,c5
6156,3,0.0,0.0,1.0,c234,c5
6157,4,0.0,0.0,1.0,c1,c5
6158,1,0.0,0.0,1.0,c5,c5
6159,3,0.0,0.0,1.0,c234,c5
6160,1,0.0,0.0,1.0,c1,c5
6161,1,0.0,0.0,1.0,c5,c5
6162,4,0.0,0.0,1.0,c5,c5
6163,4,0.0,0.0,1.0,c1,c5
6164,5,0.0,1.0,0.0,c5,c234
6165,2,0.0,0.0,1.0,c234,c5
6166,2,0.0,0.0,1.0,c5,c5
6167,5,0.0,1.0,0.0,c5,c234
6168,5,0.0,1.0,0.0,c1,c234
6169,3,0.0,0.0,1.0,c234,c5
6170,3,0.0,0.0,1.0,c5,c5
6171,5,0.0,1.0,0.0,c1,c234
6172,2,0.0,0.0,1.0,c5,c5
6173,3,0.0,0.0,1.0,c234,c5
6174,3,0.0,0.0,1.0,c5,c5
6175,3,0.0,0.0,1.0,c1,c5
6176,5,0.0,1.0,0.0,c1,c234
6177,5,0.0,1.0,0.0,c5,c234
6178,1,0.0,0.0,1.0,c5,c5
6179,5,0.0,1.0,0.0,c5,c234
6180,4,0.0,0.0,1.0,c1,c5
6181,4,0.0,0.0,1.0,c1,c5
6182,2,0.0,0.0,1.0,c234,c5
6183,3,0.0,0.0,1.0,c5,c5
6184,1,0.0,0.0,1.0,c234,c5
6185,5,0.0,1.0,0.0,c1,c234
6186,3,0.0,0.0,1.0,c5,c5
6187,4,0.0,0.0,1.0,c5,c5
6188,5,0.0,1.0,0.0,c234,c234
6189,1,0.0,0.0,1.0,c1,c5
6190,4,0.0,0.0,1.0,c5,c5
6191,2,0.0,0.0,1.0,c1,c5
6192,2,0.0,0.0,1.0,c234,c5
6193,3,0.0,0.0,1.0,c1,c5
6194,2,0.0,0.0,1.0,c234,c5
6195,1,0.0,0.0,1.0,c1,c5
6196,2,0.0,0.0,1.0,c1,c5
6197,2,0.0,0.0,1.0,c1,c5
6198,4,0.0,0.0,1.0,c234,c5
6199,4,0.0,0.0,1.0,c5,c5
6200,4,0.0,0.0,1.0,c5,c5
6201,1,0.0,0.0,1.0,c1,c5
6202,1,0.0,0.0,1.0,c5,c5
6203,4,0.0,0.0,1.0,c1,c5
6204,1,0.0,0.0,1.0,c5,c5
6205,2,0.0,0.0,1.0,c5,c5
6206,5,0.0,1.0,0.0,c234,c234
6207,5,0.0,1.0,0.0,c1,c234
6208,2,0.0,0.0,1.0,c234,c5
6209,5,0.0,1.0,0.0,c1,c234
6210,4,0.0,0.0,1.0,c234,c5
6211,5,0.0,1.0,0.0,c1,c234
6212,5,0.0,1.0,0.0,c1,c234
6213,5,0.0,1.0,0.0,c5,c234
6214,3,0.0,0.0,1.0,c234,c5
6215,5,0.0,1.0,0.0,c234,c234
6216,4,0.0,0.0,1.0,c1,c5
6217,2,0.0,0.0,1.0,c234,c5
6218,2,0.0,0.0,1.0,c234,c5
6219,1,0.0,0.0,1.0,c234,c5
6220,4,0.0,0.0,1.0,c1,c5
6221,2,0.0,0.0,1.0,c5,c5
6222,5,0.0,1.0,0.0,c234,c234
6223,5,0.0,1.0,0.0,c234,c234
6224,4,0.0,0.0,1.0,c1,c5
6225,2,0.0,0.0,1.0,c1,c5
6226,2,0.0,0.0,1.0,c1,c5
6227,3,0.0,0.0,1.0,c5,c5
6228,1,0.0,0.0,1.0,c1,c5
6229,2,0.0,0.0,1.0,c5,c5
6230,3,0.0,0.0,1.0,c5,c5
6231,4,0.0,0.0,1.0,c5,c5
6232,1,0.0,0.0,1.0,c5,c5
6233,3,0.0,0.0,1.0,c5,c5
6234,1,0.0,0.0,1.0,c1,c5
6235,5,0.0,1.0,0.0,c234,c234
6236,1,0.0,0.0,1.0,c234,c5
6237,1,0.0,0.0,1.0,c5,c5
6238,2,0.0,0.0,1.0,c5,c5
6239,4,0.0,0.0,1.0,c1,c5
6240,2,0.0,0.0,1.0,c1,c5
6241,4,0.0,0.0,1.0,c234,c5
6242,1,0.0,0.0,1.0,c1,c5
6243,4,0.0,0.0,1.0,c1,c5
6244,2,0.0,0.0,1.0,c234,c5
6245,5,0.0,1.0,0.0,c234,c234
6246,1,0.0,0.0,1.0,c234,c5
6247,1,0.0,0.0,1.0,c5,c5
6248,4,0.0,0.0,1.0,c234,c5
6249,2,0.0,0.0,1.0,c1,c5
6250,4,0.0,0.0,1.0,c234,c5
6251,3,0.0,0.0,1.0,c5,c5
6252,4,0.0,0.0,1.0,c5,c5
6253,3,0.0,0.0,1.0,c5,c5
6254,2,0.0,0.0,1.0,c1,c5
6255,2,0.0,0.0,1.0,c1,c5
6256,2,0.0,0.0,1.0,c234,c5
6257,5,0.0,1.0,0.0,c234,c234
6258,1,0.0,0.0,1.0,c234,c5
6259,2,0.0,0.0,1.0,c234,c5
6260,5,0.0,1.0,0.0,c234,c234
6261,4,0.0,0.0,1.0,c234,c5
6262,4,0.0,0.0,1.0,c5,c5
6263,1,0.0,0.0,1.0,c234,c5
6264,1,0.0,0.0,1.0,c1,c5
6265,4,0.0,0.0,1.0,c1,c5
6266,1,0.0,0.0,1.0,c5,c5
6267,4,0.0,0.0,1.0,c1,c5
6268,5,0.0,1.0,0.0,c1,c234
6269,1,0.0,0.0,1.0,c1,c5
6270,3,0.0,0.0,1.0,c234,c5
6271,3,0.0,0.0,1.0,c234,c5
6272,5,0.0,1.0,0.0,c234,c234
6273,4,0.0,0.0,1.0,c5,c5
6274,5,0.0,1.0,0.0,c1,c234
6275,4,0.0,0.0,1.0,c1,c5
6276,3,0.0,0.0,1.0,c1,c5
6277,3,0.0,0.0,1.0,c234,c5
6278,5,0.0,1.0,0.0,c1,c234
6279,1,0.0,0.0,1.0,c5,c5
6280,1,0.0,0.0,1.0,c1,c5
6281,3,0.0,0.0,1.0,c234,c5
6282,2,0.0,0.0,1.0,c234,c5
6283,1,0.0,0.0,1.0,c1,c5
6284,2,0.0,0.0,1.0,c234,c5
6285,3,0.0,0.0,1.0,c5,c5
6286,5,0.0,1.0,0.0,c5,c234
6287,4,0.0,0.0,1.0,c5,c5
6288,1,0.0,0.0,1.0,c234,c5
6289,4,0.0,0.0,1.0,c5,c5
6290,1,0.0,0.0,1.0,c5,c5
6291,4,0.0,0.0,1.0,c1,c5
6292,3,0.0,0.0,1.0,c234,c5
6293,1,0.0,0.0,1.0,c234,c5
6294,2,0.0,0.0,1.0,c5,c5
6295,1,0.0,0.0,1.0,c5,c5
6296,5,0.0,1.0,0.0,c5,c234
6297,5,0.0,1.0,0.0,c5,c234
6298,3,0.0,0.0,1.0,c5,c5
6299,4,0.0,0.0,1.0,c234,c5
6300,3,0.0,0.0,1.0,c234,c5
6301,4,0.0,0.0,1.0,c5,c5
6302,3,0.0,0.0,1.0,c1,c5
6303,5,0.0,1.0,0.0,c5,c234
6304,2,0.0,0.0,1.0,c5,c5
6305,3,0.0,0.0,1.0,c234,c5
6306,4,0.0,0.0,1.0,c1,c5
6307,3,0.0,0.0,1.0,c1,c5
6308,1,0.0,0.0,1.0,c5,c5
6309,4,0.0,0.0,1.0,c5,c5
6310,5,0.0,1.0,0.0,c5,c234
6311,2,0.0,0.0,1.0,c1,c5
6312,2,0.0,0.0,1.0,c234,c5
6313,1,0.0,0.0,1.0,c234,c5
6314,2,0.0,0.0,1.0,c5,c5
6315,1,0.0,0.0,1.0,c234,c5
6316,5,0.0,1.0,0.0,c234,c234
6317,4,0.0,0.0,1.0,c1,c5
6318,1,0.0,0.0,1.0,c234,c5
6319,3,0.0,0.0,1.0,c1,c5
6320,4,0.0,0.0,1.0,c1,c5
6321,5,0.0,1.0,0.0,c5,c234
6322,5,0.0,1.0,0.0,c234,c234
6323,1,0.0,0.0,1.0,c1,c5
6324,2,0.0,0.0,1.0,c234,c5
6325,1,0.0,0.0,1.0,c234,c5
6326,4,0.0,0.0,1.0,c234,c5
6327,5,0.0,1.0,0.0,c5,c234
6328,3,0.0,0.0,1.0,c1,c5
6329,2,0.0,0.0,1.0,c234,c5
6330,2,0.0,0.0,1.0,c234,c5
6331,2,0.0,0.0,1.0,c1,c5
6332,5,0.0,1.0,0.0,c234,c234
6333,2,0.0,0.0,1.0,c234,c5
6334,4,0.0,0.0,1.0,c5,c5
6335,5,0.0,1.0,0.0,c1,c234
6336,4,0.0,0.0,1.0,c5,c5
6337,1,0.0,0.0,1.0,c5,c5
6338,4,0.0,0.0,1.0,c234,c5
6339,1,0.0,0.0,1.0,c5,c5
6340,2,0.0,0.0,1.0,c5,c5
6341,2,0.0,0.0,1.0,c5,c5
6342,1,0.0,0.0,1.0,c5,c5
6343,1,0.0,0.0,1.0,c5,c5
6344,2,0.0,0.0,1.0,c234,c5
6345,3,0.0,0.0,1.0,c5,c5
6346,3,0.0,0.0,1.0,c1,c5
6347,3,0.0,0.0,1.0,c234,c5
6348,4,0.0,0.0,1.0,c234,c5
6349,3,0.0,0.0,1.0,c5,c5
6350,4,0.0,0.0,1.0,c5,c5
6351,1,0.0,0.0,1.0,c234,c5
6352,3,0.0,0.0,1.0,c5,c5
6353,1,0.0,0.0,1.0,c1,c5
6354,4,0.0,0.0,1.0,c5,c5
6355,3,0.0,0.0,1.0,c5,c5
6356,5,0.0,1.0,0.0,c5,c234
6357,4,0.0,0.0,1.0,c234,c5
6358,1,0.0,0.0,1.0,c234,c5
6359,5,0.0,1.0,0.0,c1,c234
6360,3,0.0,0.0,1.0,c1,c5
6361,4,0.0,0.0,1.0,c234,c5
6362,1,0.0,0.0,1.0,c5,c5
6363,1,0.0,0.0,1.0,c5,c5
6364,4,0.0,0.0,1.0,c5,c5
6365,4,0.0,0.0,1.0,c1,c5
6366,4,0.0,0.0,1.0,c234,c5
6367,2,0.0,0.0,1.0,c1,c5
6368,5,0.0,1.0,0.0,c5,c234
6369,3,0.0,0.0,1.0,c1,c5
6370,3,0.0,0.0,1.0,c1,c5
6371,5,0.0,1.0,0.0,c1,c234
6372,4,0.0,0.0,1.0,c234,c5
6373,1,0.0,0.0,1.0,c1,c5
6374,2,0.0,0.0,1.0,c1,c5
6375,2,0.0,0.0,1.0,c5,c5
6376,5,0.0,1.0,0.0,c1,c234
6377,3,0.0,0.0,1.0,c234,c5
6378,1,0.0,0.0,1.0,c5,c5
6379,3,0.0,0.0,1.0,c234,c5
6380,1,0.0,0.0,1.0,c234,c5
6381,1,0.0,0.0,1.0,c234,c5
6382,4,0.0,0.0,1.0,c5,c5
6383,1,0.0,0.0,1.0,c1,c5
6384,5,0.0,1.0,0.0,c5,c234
6385,3,0.0,0.0,1.0,c1,c5
6386,2,0.0,0.0,1.0,c234,c5
6387,4,0.0,0.0,1.0,c5,c5
6388,3,0.0,0.0,1.0,c234,c5
6389,4,0.0,0.0,1.0,c1,c5
6390,4,0.0,0.0,1.0,c5,c5
6391,4,0.0,0.0,1.0,c234,c5
6392,1,0.0,0.0,1.0,c5,c5
6393,1,0.0,0.0,1.0,c5,c5
6394,5,0.0,1.0,0.0,c234,c234
6395,3,0.0,0.0,1.0,c5,c5
6396,2,0.0,0.0,1.0,c1,c5
6397,1,0.0,0.0,1.0,c234,c5
6398,1,0.0,0.0,1.0,c5,c5
6399,4,0.0,0.0,1.0,c234,c5
6400,4,0.0,0.0,1.0,c5,c5
6401,3,0.0,0.0,1.0,c5,c5
6402,1,0.0,0.0,1.0,c5,c5
6403,1,0.0,0.0,1.0,c5,c5
6404,4,0.0,0.0,1.0,c1,c5
6405,2,0.0,0.0,1.0,c1,c5
6406,1,0.0,0.0,1.0,c234,c5
6407,5,0.0,1.0,0.0,c5,c234
6408,4,0.0,0.0,1.0,c234,c5
6409,3,0.0,0.0,1.0,c5,c5
6410,3,0.0,0.0,1.0,c5,c5
6411,4,0.0,0.0,1.0,c234,c5
6412,3,0.0,0.0,1.0,c5,c5
6413,4,0.0,0.0,1.0,c5,c5
6414,1,0.0,0.0,1.0,c5,c5
6415,4,0.0,0.0,1.0,c1,c5
6416,3,0.0,0.0,1.0,c234,c5
6417,5,0.0,1.0,0.0,c234,c234
6418,1,0.0,0.0,1.0,c234,c5
6419,2,0.0,0.0,1.0,c234,c5
6420,4,0.0,0.0,1.0,c234,c5
6421,5,0.0,1.0,0.0,c234,c234
6422,5,0.0,1.0,0.0,c1,c234
6423,3,0.0,0.0,1.0,c1,c5
6424,2,0.0,0.0,1.0,c1,c5
6425,3,0.0,0.0,1.0,c234,c5
6426,5,0.0,1.0,0.0,c5,c234
6427,3,0.0,0.0,1.0,c5,c5
6428,1,0.0,0.0,1.0,c1,c5
6429,5,0.0,1.0,0.0,c5,c234
6430,3,0.0,0.0,1.0,c5,c5
6431,4,0.0,0.0,1.0,c234,c5
6432,1,0.0,0.0,1.0,c1,c5
6433,3,0.0,0.0,1.0,c5,c5
6434,1,0.0,0.0,1.0,c234,c5
6435,5,0.0,1.0,0.0,c234,c234
6436,3,0.0,0.0,1.0,c5,c5
6437,4,0.0,0.0,1.0,c5,c5
6438,1,0.0,0.0,1.0,c5,c5
6439,1,0.0,0.0,1.0,c234,c5
6440,5,0.0,1.0,0.0,c5,c234
6441,3,0.0,0.0,1.0,c234,c5
6442,3,0.0,0.0,1.0,c5,c5
6443,5,0.0,1.0,0.0,c5,c234
6444,3,0.0,0.0,1.0,c1,c5
6445,1,0.0,0.0,1.0,c1,c5
6446,3,0.0,0.0,1.0,c5,c5
6447,3,0.0,0.0,1.0,c5,c5
6448,4,0.0,0.0,1.0,c234,c5
6449,5,0.0,1.0,0.0,c234,c234
6450,5,0.0,1.0,0.0,c1,c234
6451,3,0.0,0.0,1.0,c234,c5
6452,4,0.0,0.0,1.0,c234,c5
6453,2,0.0,0.0,1.0,c234,c5
6454,3,0.0,0.0,1.0,c5,c5
6455,1,0.0,0.0,1.0,c5,c5
6456,3,0.0,0.0,1.0,c234,c5
6457,4,0.0,0.0,1.0,c5,c5
6458,1,0.0,0.0,1.0,c234,c5
6459,1,0.0,0.0,1.0,c1,c5
6460,3,0.0,0.0,1.0,c5,c5
6461,2,0.0,0.0,1.0,c234,c5
6462,3,0.0,0.0,1.0,c234,c5
6463,2,0.0,0.0,1.0,c5,c5
6464,1,0.0,0.0,1.0,c5,c5
6465,2,0.0,0.0,1.0,c234,c5
6466,4,0.0,0.0,1.0,c5,c5
6467,5,0.0,1.0,0.0,c5,c234
6468,1,0.0,0.0,1.0,c5,c5
6469,5,0.0,1.0,0.0,c1,c234
6470,4,0.0,0.0,1.0,c5,c5
6471,3,0.0,0.0,1.0,c5,c5
6472,3,0.0,0.0,1.0,c1,c5
6473,5,0.0,1.0,0.0,c1,c234
6474,5,0.0,1.0,0.0,c1,c234
6475,1,0.0,0.0,1.0,c1,c5
6476,3,0.0,0.0,1.0,c5,c5
6477,1,0.0,0.0,1.0,c5,c5
6478,5,0.0,1.0,0.0,c1,c234
6479,1,0.0,0.0,1.0,c1,c5
6480,1,0.0,0.0,1.0,c5,c5
6481,5,0.0,1.0,0.0,c234,c234
6482,5,0.0,1.0,0.0,c5,c234
6483,4,0.0,0.0,1.0,c5,c5
6484,5,0.0,1.0,0.0,c5,c234
6485,4,0.0,0.0,1.0,c5,c5
6486,4,0.0,0.0,1.0,c1,c5
6487,2,0.0,0.0,1.0,c1,c5
6488,1,0.0,0.0,1.0,c5,c5
6489,3,0.0,0.0,1.0,c234,c5
6490,5,0.0,1.0,0.0,c5,c234
6491,3,0.0,0.0,1.0,c234,c5
6492,3,0.0,0.0,1.0,c234,c5
6493,5,0.0,1.0,0.0,c1,c234
6494,3,0.0,0.0,1.0,c5,c5
6495,1,0.0,0.0,1.0,c1,c5
6496,2,0.0,0.0,1.0,c1,c5
6497,5,0.0,1.0,0.0,c5,c234
6498,4,0.0,0.0,1.0,c1,c5
6499,1,0.0,0.0,1.0,c1,c5
6500,4,0.0,0.0,1.0,c1,c5
6501,5,0.0,1.0,0.0,c1,c234
6502,5,0.0,1.0,0.0,c1,c234
6503,1,0.0,0.0,1.0,c5,c5
6504,2,0.0,0.0,1.0,c5,c5
6505,5,0.0,1.0,0.0,c234,c234
6506,1,0.0,0.0,1.0,c234,c5
6507,3,0.0,0.0,1.0,c5,c5
6508,4,0.0,0.0,1.0,c1,c5
6509,2,0.0,0.0,1.0,c5,c5
6510,4,0.0,0.0,1.0,c234,c5
6511,1,0.0,0.0,1.0,c234,c5
6512,4,0.0,0.0,1.0,c5,c5
6513,4,0.0,0.0,1.0,c5,c5
6514,4,0.0,0.0,1.0,c1,c5
6515,1,0.0,0.0,1.0,c5,c5
6516,2,0.0,0.0,1.0,c5,c5
6517,1,0.0,0.0,1.0,c1,c5
6518,3,0.0,0.0,1.0,c5,c5
6519,1,0.0,0.0,1.0,c1,c5
6520,3,0.0,0.0,1.0,c1,c5
6521,4,0.0,0.0,1.0,c234,c5
6522,3,0.0,0.0,1.0,c1,c5
6523,4,0.0,0.0,1.0,c5,c5
6524,4,0.0,0.0,1.0,c1,c5
6525,2,0.0,0.0,1.0,c234,c5
6526,2,0.0,0.0,1.0,c5,c5
6527,4,0.0,0.0,1.0,c1,c5
6528,1,0.0,0.0,1.0,c1,c5
6529,2,0.0,0.0,1.0,c1,c5
6530,4,0.0,0.0,1.0,c1,c5
6531,1,0.0,0.0,1.0,c234,c5
6532,4,0.0,0.0,1.0,c234,c5
6533,1,0.0,0.0,1.0,c1,c5
6534,1,0.0,0.0,1.0,c234,c5
6535,1,0.0,0.0,1.0,c5,c5
6536,5,0.0,1.0,0.0,c1,c234
6537,3,0.0,0.0,1.0,c234,c5
6538,3,0.0,0.0,1.0,c5,c5
6539,3,0.0,0.0,1.0,c5,c5
6540,1,0.0,0.0,1.0,c234,c5
6541,5,0.0,1.0,0.0,c5,c234
6542,3,0.0,0.0,1.0,c1,c5
6543,1,0.0,0.0,1.0,c5,c5
6544,1,0.0,0.0,1.0,c1,c5
6545,4,0.0,0.0,1.0,c234,c5
6546,2,0.0,0.0,1.0,c234,c5
6547,3,0.0,0.0,1.0,c234,c5
6548,2,0.0,0.0,1.0,c1,c5
6549,1,0.0,0.0,1.0,c1,c5
6550,5,0.0,1.0,0.0,c234,c234
6551,4,0.0,0.0,1.0,c5,c5
6552,4,0.0,0.0,1.0,c1,c5
6553,2,0.0,0.0,1.0,c234,c5
6554,4,0.0,0.0,1.0,c1,c5
6555,5,0.0,1.0,0.0,c1,c234
6556,5,0.0,1.0,0.0,c1,c234
6557,5,0.0,1.0,0.0,c5,c234
6558,2,0.0,0.0,1.0,c234,c5
6559,2,0.0,0.0,1.0,c234,c5
6560,3,0.0,0.0,1.0,c1,c5
6561,1,0.0,0.0,1.0,c1,c5
6562,1,0.0,0.0,1.0,c5,c5
6563,5,0.0,1.0,0.0,c1,c234
6564,2,0.0,0.0,1.0,c5,c5
6565,3,0.0,0.0,1.0,c1,c5
6566,1,0.0,0.0,1.0,c5,c5
6567,1,0.0,0.0,1.0,c1,c5
6568,1,0.0,0.0,1.0,c5,c5
6569,1,0.0,0.0,1.0,c5,c5
6570,3,0.0,0.0,1.0,c1,c5
6571,4,0.0,0.0,1.0,c5,c5
6572,4,0.0,0.0,1.0,c1,c5
6573,4,0.0,0.0,1.0,c5,c5
6574,1,0.0,0.0,1.0,c1,c5
6575,3,0.0,0.0,1.0,c5,c5
6576,4,0.0,0.0,1.0,c1,c5
6577,1,0.0,0.0,1.0,c1,c5
6578,1,0.0,0.0,1.0,c234,c5
6579,1,0.0,0.0,1.0,c5,c5
6580,4,0.0,0.0,1.0,c234,c5
6581,1,0.0,0.0,1.0,c1,c5
6582,1,0.0,0.0,1.0,c5,c5
6583,4,0.0,0.0,1.0,c5,c5
6584,2,0.0,0.0,1.0,c1,c5
6585,5,0.0,1.0,0.0,c1,c234
6586,4,0.0,0.0,1.0,c234,c5
6587,1,0.0,0.0,1.0,c1,c5
6588,3,0.0,0.0,1.0,c1,c5
6589,3,0.0,0.0,1.0,c234,c5
6590,4,0.0,0.0,1.0,c1,c5
6591,5,0.0,1.0,0.0,c1,c234
6592,2,0.0,0.0,1.0,c234,c5
6593,1,0.0,0.0,1.0,c1,c5
6594,2,0.0,0.0,1.0,c5,c5
6595,1,0.0,0.0,1.0,c234,c5
6596,5,0.0,1.0,0.0,c1,c234
6597,4,0.0,0.0,1.0,c1,c5
6598,3,0.0,0.0,1.0,c5,c5
6599,4,0.0,0.0,1.0,c1,c5
6600,3,0.0,0.0,1.0,c5,c5
6601,1,0.0,0.0,1.0,c234,c5
6602,4,0.0,0.0,1.0,c1,c5
6603,3,0.0,0.0,1.0,c1,c5
6604,1,0.0,0.0,1.0,c5,c5
6605,5,0.0,1.0,0.0,c1,c234
6606,4,0.0,0.0,1.0,c234,c5
6607,3,0.0,0.0,1.0,c234,c5
6608,2,0.0,0.0,1.0,c1,c5
6609,3,0.0,0.0,1.0,c234,c5
6610,1,0.0,0.0,1.0,c1,c5
6611,1,0.0,0.0,1.0,c234,c5
6612,4,0.0,0.0,1.0,c234,c5
6613,3,0.0,0.0,1.0,c5,c5
6614,3,0.0,0.0,1.0,c234,c5
6615,1,0.0,0.0,1.0,c1,c5
6616,4,0.0,0.0,1.0,c5,c5
6617,2,0.0,0.0,1.0,c1,c5
6618,2,0.0,0.0,1.0,c234,c5
6619,4,0.0,0.0,1.0,c1,c5
6620,4,0.0,0.0,1.0,c5,c5
6621,4,0.0,0.0,1.0,c5,c5
6622,3,0.0,0.0,1.0,c5,c5
6623,4,0.0,0.0,1.0,c5,c5
6624,4,0.0,0.0,1.0,c5,c5
6625,3,0.0,0.0,1.0,c5,c5
6626,5,0.0,1.0,0.0,c1,c234
6627,2,0.0,0.0,1.0,c5,c5
6628,5,0.0,1.0,0.0,c1,c234
6629,1,0.0,0.0,1.0,c5,c5
6630,3,0.0,0.0,1.0,c5,c5
6631,5,0.0,1.0,0.0,c1,c234
6632,5,0.0,1.0,0.0,c234,c234
6633,1,0.0,0.0,1.0,c5,c5
6634,4,0.0,0.0,1.0,c234,c5
6635,1,0.0,0.0,1.0,c5,c5
6636,2,0.0,0.0,1.0,c5,c5
6637,3,0.0,0.0,1.0,c234,c5
6638,5,0.0,1.0,0.0,c5,c234
6639,3,0.0,0.0,1.0,c234,c5
6640,4,0.0,0.0,1.0,c234,c5
6641,5,0.0,1.0,0.0,c1,c234
6642,1,0.0,0.0,1.0,c234,c5
6643,4,0.0,0.0,1.0,c234,c5
6644,4,0.0,0.0,1.0,c1,c5
6645,4,0.0,0.0,1.0,c1,c5
6646,2,0.0,0.0,1.0,c234,c5
6647,4,0.0,0.0,1.0,c5,c5
6648,2,0.0,0.0,1.0,c1,c5
6649,2,0.0,0.0,1.0,c1,c5
6650,2,0.0,0.0,1.0,c5,c5
6651,2,0.0,0.0,1.0,c1,c5
6652,4,0.0,0.0,1.0,c5,c5
6653,3,0.0,0.0,1.0,c5,c5
6654,3,0.0,0.0,1.0,c5,c5
6655,5,0.0,1.0,0.0,c1,c234
6656,3,0.0,0.0,1.0,c234,c5
6657,5,0.0,1.0,0.0,c5,c234
6658,4,0.0,0.0,1.0,c234,c5
6659,4,0.0,0.0,1.0,c5,c5
6660,4,0.0,0.0,1.0,c5,c5
6661,3,0.0,0.0,1.0,c234,c5
6662,5,0.0,1.0,0.0,c234,c234
6663,5,0.0,1.0,0.0,c234,c234
6664,1,0.0,0.0,1.0,c234,c5
6665,1,0.0,0.0,1.0,c1,c5
6666,3,0.0,0.0,1.0,c1,c5
6667,4,0.0,0.0,1.0,c1,c5
6668,1,0.0,0.0,1.0,c234,c5
6669,1,0.0,0.0,1.0,c234,c5
6670,4,0.0,0.0,1.0,c1,c5
6671,3,0.0,0.0,1.0,c234,c5
6672,5,0.0,1.0,0.0,c234,c234
6673,4,0.0,0.0,1.0,c234,c5
6674,3,0.0,0.0,1.0,c5,c5
6675,3,0.0,0.0,1.0,c234,c5
6676,1,0.0,0.0,1.0,c5,c5
6677,1,0.0,0.0,1.0,c1,c5
6678,2,0.0,0.0,1.0,c1,c5
6679,4,0.0,0.0,1.0,c234,c5
6680,5,0.0,1.0,0.0,c1,c234
6681,3,0.0,0.0,1.0,c1,c5
6682,4,0.0,0.0,1.0,c5,c5
6683,3,0.0,0.0,1.0,c234,c5
6684,2,0.0,0.0,1.0,c1,c5
6685,4,0.0,0.0,1.0,c234,c5
6686,4,0.0,0.0,1.0,c1,c5
6687,3,0.0,0.0,1.0,c234,c5
6688,5,0.0,1.0,0.0,c5,c234
6689,3,0.0,0.0,1.0,c5,c5
6690,3,0.0,0.0,1.0,c234,c5
6691,4,0.0,0.0,1.0,c234,c5
6692,5,0.0,1.0,0.0,c234,c234
6693,2,0.0,0.0,1.0,c1,c5
6694,4,0.0,0.0,1.0,c5,c5
6695,1,0.0,0.0,1.0,c5,c5
6696,5,0.0,1.0,0.0,c1,c234
6697,1,0.0,0.0,1.0,c234,c5
6698,3,0.0,0.0,1.0,c5,c5
6699,2,0.0,0.0,1.0,c1,c5
6700,4,0.0,0.0,1.0,c234,c5
6701,3,0.0,0.0,1.0,c234,c5
6702,5,0.0,1.0,0.0,c1,c234
6703,2,0.0,0.0,1.0,c5,c5
6704,1,0.0,0.0,1.0,c5,c5
6705,3,0.0,0.0,1.0,c1,c5
6706,1,0.0,0.0,1.0,c5,c5
6707,1,0.0,0.0,1.0,c5,c5
6708,5,0.0,1.0,0.0,c1,c234
6709,4,0.0,0.0,1.0,c1,c5
6710,1,0.0,0.0,1.0,c234,c5
6711,2,0.0,0.0,1.0,c234,c5
6712,4,0.0,0.0,1.0,c234,c5
6713,2,0.0,0.0,1.0,c234,c5
6714,2,0.0,0.0,1.0,c1,c5
6715,4,0.0,0.0,1.0,c234,c5
6716,3,0.0,0.0,1.0,c234,c5
6717,3,0.0,0.0,1.0,c234,c5
6718,1,0.0,0.0,1.0,c5,c5
6719,2,0.0,0.0,1.0,c5,c5
6720,2,0.0,0.0,1.0,c5,c5
6721,5,0.0,1.0,0.0,c5,c234
6722,2,0.0,0.0,1.0,c1,c5
6723,4,0.0,0.0,1.0,c1,c5
6724,1,0.0,0.0,1.0,c234,c5
6725,2,0.0,0.0,1.0,c5,c5
6726,5,0.0,1.0,0.0,c1,c234
6727,2,0.0,0.0,1.0,c5,c5
6728,2,0.0,0.0,1.0,c234,c5
6729,3,0.0,0.0,1.0,c1,c5
6730,4,0.0,0.0,1.0,c5,c5
6731,5,0.0,1.0,0.0,c234,c234
6732,4,0.0,0.0,1.0,c5,c5
6733,2,0.0,0.0,1.0,c1,c5
6734,5,0.0,1.0,0.0,c5,c234
6735,5,0.0,1.0,0.0,c234,c234
6736,5,0.0,1.0,0.0,c1,c234
6737,5,0.0,1.0,0.0,c1,c234
6738,1,0.0,0.0,1.0,c5,c5
6739,3,0.0,0.0,1.0,c1,c5
6740,5,0.0,1.0,0.0,c1,c234
6741,2,0.0,0.0,1.0,c234,c5
6742,1,0.0,0.0,1.0,c1,c5
6743,5,0.0,1.0,0.0,c234,c234
6744,5,0.0,1.0,0.0,c234,c234
6745,5,0.0,1.0,0.0,c5,c234
6746,3,0.0,0.0,1.0,c1,c5
6747,4,0.0,0.0,1.0,c1,c5
6748,2,0.0,0.0,1.0,c1,c5
6749,1,0.0,0.0,1.0,c1,c5
6750,1,0.0,0.0,1.0,c5,c5
6751,5,0.0,1.0,0.0,c1,c234
6752,4,0.0,0.0,1.0,c5,c5
6753,3,0.0,0.0,1.0,c1,c5
6754,5,0.0,1.0,0.0,c234,c234
6755,3,0.0,0.0,1.0,c5,c5
6756,2,0.0,0.0,1.0,c1,c5
6757,2,0.0,0.0,1.0,c1,c5
6758,1,0.0,0.0,1.0,c234,c5
6759,4,0.0,0.0,1.0,c234,c5
6760,1,0.0,0.0,1.0,c1,c5
6761,3,0.0,0.0,1.0,c234,c5
6762,3,0.0,0.0,1.0,c5,c5
6763,3,0.0,0.0,1.0,c234,c5
6764,4,0.0,0.0,1.0,c5,c5
6765,5,0.0,1.0,0.0,c234,c234
6766,3,0.0,0.0,1.0,c1,c5
6767,5,0.0,1.0,0.0,c234,c234
6768,2,0.0,0.0,1.0,c1,c5
6769,2,0.0,0.0,1.0,c5,c5
6770,1,0.0,0.0,1.0,c234,c5
6771,4,0.0,0.0,1.0,c5,c5
6772,4,0.0,0.0,1.0,c5,c5
6773,2,0.0,0.0,1.0,c234,c5
6774,4,0.0,0.0,1.0,c5,c5
6775,5,0.0,1.0,0.0,c234,c234
6776,4,0.0,0.0,1.0,c234,c5
6777,3,0.0,0.0,1.0,c1,c5
6778,5,0.0,1.0,0.0,c1,c234
6779,3,0.0,0.0,1.0,c234,c5
6780,5,0.0,1.0,0.0,c5,c234
6781,2,0.0,0.0,1.0,c5,c5
6782,1,0.0,0.0,1.0,c5,c5
6783,3,0.0,0.0,1.0,c234,c5
6784,1,0.0,0.0,1.0,c5,c5
6785,1,0.0,0.0,1.0,c1,c5
6786,1,0.0,0.0,1.0,c234,c5
6787,1,0.0,0.0,1.0,c234,c5
6788,4,0.0,0.0,1.0,c234,c5
6789,1,0.0,0.0,1.0,c5,c5
6790,1,0.0,0.0,1.0,c1,c5
6791,1,0.0,0.0,1.0,c1,c5
6792,3,0.0,0.0,1.0,c234,c5
6793,2,0.0,0.0,1.0,c1,c5
6794,2,0.0,0.0,1.0,c1,c5
6795,3,0.0,0.0,1.0,c234,c5
6796,2,0.0,0.0,1.0,c234,c5
6797,1,0.0,0.0,1.0,c234,c5
6798,1,0.0,0.0,1.0,c234,c5
6799,3,0.0,0.0,1.0,c1,c5
6800,5,0.0,1.0,0.0,c5,c234
6801,3,0.0,0.0,1.0,c1,c5
6802,4,0.0,0.0,1.0,c1,c5
6803,1,0.0,0.0,1.0,c1,c5
6804,3,0.0,0.0,1.0,c5,c5
6805,1,0.0,0.0,1.0,c1,c5
6806,4,0.0,0.0,1.0,c234,c5
6807,4,0.0,0.0,1.0,c5,c5
6808,3,0.0,0.0,1.0,c5,c5
6809,3,0.0,0.0,1.0,c5,c5
6810,5,0.0,1.0,0.0,c5,c234
6811,5,0.0,1.0,0.0,c1,c234
6812,5,0.0,1.0,0.0,c234,c234
6813,4,0.0,0.0,1.0,c1,c5
6814,5,0.0,1.0,0.0,c5,c234
6815,2,0.0,0.0,1.0,c5,c5
6816,4,0.0,0.0,1.0,c234,c5
6817,5,0.0,1.0,0.0,c234,c234
6818,1,0.0,0.0,1.0,c234,c5
6819,1,0.0,0.0,1.0,c234,c5
6820,5,0.0,1.0,0.0,c5,c234
6821,4,0.0,0.0,1.0,c1,c5
6822,5,0.0,1.0,0.0,c234,c234
6823,2,0.0,0.0,1.0,c1,c5
6824,1,0.0,0.0,1.0,c1,c5
6825,5,0.0,1.0,0.0,c234,c234
6826,5,0.0,1.0,0.0,c1,c234
6827,5,0.0,1.0,0.0,c234,c234
6828,4,0.0,0.0,1.0,c1,c5
6829,3,0.0,0.0,1.0,c234,c5
6830,5,0.0,1.0,0.0,c1,c234
6831,3,0.0,0.0,1.0,c1,c5
6832,5,0.0,1.0,0.0,c5,c234
6833,5,0.0,1.0,0.0,c1,c234
6834,1,0.0,0.0,1.0,c1,c5
6835,5,0.0,1.0,0.0,c234,c234
6836,5,0.0,1.0,0.0,c234,c234
6837,5,0.0,1.0,0.0,c234,c234
6838,3,0.0,0.0,1.0,c5,c5
6839,1,0.0,0.0,1.0,c1,c5
6840,2,0.0,0.0,1.0,c1,c5
6841,2,0.0,0.0,1.0,c234,c5
6842,1,0.0,0.0,1.0,c234,c5
6843,4,0.0,0.0,1.0,c1,c5
6844,4,0.0,0.0,1.0,c234,c5
6845,1,0.0,0.0,1.0,c5,c5
6846,5,0.0,1.0,0.0,c234,c234
6847,1,0.0,0.0,1.0,c234,c5
6848,1,0.0,0.0,1.0,c234,c5
6849,1,0.0,0.0,1.0,c1,c5
6850,2,0.0,0.0,1.0,c1,c5
6851,2,0.0,0.0,1.0,c5,c5
6852,1,0.0,0.0,1.0,c1,c5
6853,2,0.0,0.0,1.0,c5,c5
6854,3,0.0,0.0,1.0,c1,c5
6855,1,0.0,0.0,1.0,c5,c5
6856,5,0.0,1.0,0.0,c5,c234
6857,2,0.0,0.0,1.0,c5,c5
6858,2,0.0,0.0,1.0,c1,c5
6859,1,0.0,0.0,1.0,c234,c5
6860,2,0.0,0.0,1.0,c1,c5
6861,4,0.0,0.0,1.0,c1,c5
6862,1,0.0,0.0,1.0,c234,c5
6863,2,0.0,0.0,1.0,c234,c5
6864,5,0.0,1.0,0.0,c5,c234
6865,4,0.0,0.0,1.0,c5,c5
6866,3,0.0,0.0,1.0,c5,c5
6867,3,0.0,0.0,1.0,c5,c5
6868,5,0.0,1.0,0.0,c234,c234
6869,3,0.0,0.0,1.0,c5,c5
6870,3,0.0,0.0,1.0,c1,c5
6871,4,0.0,0.0,1.0,c5,c5
6872,1,0.0,0.0,1.0,c234,c5
6873,1,0.0,0.0,1.0,c5,c5
6874,2,0.0,0.0,1.0,c5,c5
6875,1,0.0,0.0,1.0,c5,c5
6876,3,0.0,0.0,1.0,c5,c5
6877,4,0.0,0.0,1.0,c234,c5
6878,5,0.0,1.0,0.0,c1,c234
6879,3,0.0,0.0,1.0,c1,c5
6880,5,0.0,1.0,0.0,c5,c234
6881,5,0.0,1.0,0.0,c5,c234
6882,1,0.0,0.0,1.0,c5,c5
6883,3,0.0,0.0,1.0,c234,c5
6884,4,0.0,0.0,1.0,c5,c5
6885,1,0.0,0.0,1.0,c1,c5
6886,3,0.0,0.0,1.0,c234,c5
6887,2,0.0,0.0,1.0,c1,c5
6888,1,0.0,0.0,1.0,c5,c5
6889,1,0.0,0.0,1.0,c1,c5
6890,5,0.0,1.0,0.0,c5,c234
6891,2,0.0,0.0,1.0,c5,c5
6892,4,0.0,0.0,1.0,c1,c5
6893,3,0.0,0.0,1.0,c1,c5
6894,4,0.0,0.0,1.0,c1,c5
6895,4,0.0,0.0,1.0,c1,c5
6896,4,0.0,0.0,1.0,c234,c5
6897,5,0.0,1.0,0.0,c234,c234
6898,5,0.0,1.0,0.0,c5,c234
6899,4,0.0,0.0,1.0,c1,c5
6900,1,0.0,0.0,1.0,c234,c5
6901,4,0.0,0.0,1.0,c1,c5
6902,1,0.0,0.0,1.0,c5,c5
6903,3,0.0,0.0,1.0,c5,c5
6904,3,0.0,0.0,1.0,c234,c5
6905,1,0.0,0.0,1.0,c1,c5
6906,4,0.0,0.0,1.0,c234,c5
6907,5,0.0,1.0,0.0,c5,c234
6908,1,0.0,0.0,1.0,c5,c5
6909,3,0.0,0.0,1.0,c234,c5
6910,2,0.0,0.0,1.0,c1,c5
6911,2,0.0,0.0,1.0,c5,c5
6912,3,0.0,0.0,1.0,c1,c5
6913,5,0.0,1.0,0.0,c234,c234
6914,3,0.0,0.0,1.0,c5,c5
6915,3,0.0,0.0,1.0,c234,c5
6916,2,0.0,0.0,1.0,c1,c5
6917,2,0.0,0.0,1.0,c1,c5
6918,4,0.0,0.0,1.0,c1,c5
6919,3,0.0,0.0,1.0,c5,c5
6920,5,0.0,1.0,0.0,c234,c234
6921,4,0.0,0.0,1.0,c234,c5
6922,2,0.0,0.0,1.0,c1,c5
6923,4,0.0,0.0,1.0,c1,c5
6924,4,0.0,0.0,1.0,c5,c5
6925,5,0.0,1.0,0.0,c1,c234
6926,3,0.0,0.0,1.0,c5,c5
6927,5,0.0,1.0,0.0,c1,c234
6928,5,0.0,1.0,0.0,c1,c234
6929,3,0.0,0.0,1.0,c234,c5
6930,2,0.0,0.0,1.0,c234,c5
6931,5,0.0,1.0,0.0,c1,c234
6932,4,0.0,0.0,1.0,c5,c5
6933,1,0.0,0.0,1.0,c5,c5
6934,5,0.0,1.0,0.0,c234,c234
6935,2,0.0,0.0,1.0,c5,c5
6936,1,0.0,0.0,1.0,c234,c5
6937,4,0.0,0.0,1.0,c234,c5
6938,5,0.0,1.0,0.0,c5,c234
6939,4,0.0,0.0,1.0,c234,c5
6940,2,0.0,0.0,1.0,c5,c5
6941,4,0.0,0.0,1.0,c1,c5
6942,1,0.0,0.0,1.0,c234,c5
6943,1,0.0,0.0,1.0,c234,c5
6944,3,0.0,0.0,1.0,c1,c5
6945,5,0.0,1.0,0.0,c1,c234
6946,5,0.0,1.0,0.0,c1,c234
6947,3,0.0,0.0,1.0,c5,c5
6948,4,0.0,0.0,1.0,c5,c5
6949,5,0.0,1.0,0.0,c234,c234
6950,5,0.0,1.0,0.0,c5,c234
6951,2,0.0,0.0,1.0,c5,c5
6952,2,0.0,0.0,1.0,c5,c5
6953,2,0.0,0.0,1.0,c1,c5
6954,3,0.0,0.0,1.0,c234,c5
6955,4,0.0,0.0,1.0,c1,c5
6956,1,0.0,0.0,1.0,c234,c5
6957,4,0.0,0.0,1.0,c5,c5
6958,2,0.0,0.0,1.0,c234,c5
6959,3,0.0,0.0,1.0,c1,c5
6960,2,0.0,0.0,1.0,c5,c5
6961,2,0.0,0.0,1.0,c1,c5
6962,3,0.0,0.0,1.0,c5,c5
6963,2,0.0,0.0,1.0,c5,c5
6964,4,0.0,0.0,1.0,c1,c5
6965,3,0.0,0.0,1.0,c1,c5
6966,1,0.0,0.0,1.0,c234,c5
6967,4,0.0,0.0,1.0,c234,c5
6968,1,0.0,0.0,1.0,c5,c5
6969,3,0.0,0.0,1.0,c1,c5
6970,2,0.0,0.0,1.0,c234,c5
6971,1,0.0,0.0,1.0,c1,c5
6972,5,0.0,1.0,0.0,c5,c234
6973,3,0.0,0.0,1.0,c1,c5
6974,2,0.0,0.0,1.0,c234,c5
6975,2,0.0,0.0,1.0,c1,c5
6976,4,0.0,0.0,1.0,c1,c5
6977,4,0.0,0.0,1.0,c234,c5
6978,2,0.0,0.0,1.0,c1,c5
6979,4,0.0,0.0,1.0,c5,c5
6980,5,0.0,1.0,0.0,c5,c234
6981,3,0.0,0.0,1.0,c1,c5
6982,3,0.0,0.0,1.0,c5,c5
6983,4,0.0,0.0,1.0,c1,c5
6984,3,0.0,0.0,1.0,c234,c5
6985,1,0.0,0.0,1.0,c234,c5
6986,4,0.0,0.0,1.0,c5,c5
6987,3,0.0,0.0,1.0,c5,c5
6988,4,0.0,0.0,1.0,c1,c5
6989,3,0.0,0.0,1.0,c234,c5
6990,3,0.0,0.0,1.0,c5,c5
6991,5,0.0,1.0,0.0,c1,c234
6992,1,0.0,0.0,1.0,c1,c5
6993,4,0.0,0.0,1.0,c1,c5
6994,3,0.0,0.0,1.0,c234,c5
6995,2,0.0,0.0,1.0,c5,c5
6996,4,0.0,0.0,1.0,c234,c5
6997,3,0.0,0.0,1.0,c5,c5
6998,3,0.0,0.0,1.0,c5,c5
6999,3,0.0,0.0,1.0,c1,c5
7000,3,0.0,0.0,1.0,c5,c5
7001,3,0.0,0.0,1.0,c5,c5
7002,2,0.0,0.0,1.0,c5,c5
7003,2,0.0,0.0,1.0,c5,c5
7004,4,0.0,0.0,1.0,c1,c5
7005,4,0.0,0.0,1.0,c5,c5
7006,1,0.0,0.0,1.0,c1,c5
7007,3,0.0,0.0,1.0,c5,c5
7008,2,0.0,0.0,1.0,c234,c5
7009,3,0.0,0.0,1.0,c234,c5
7010,3,0.0,0.0,1.0,c1,c5
7011,4,0.0,0.0,1.0,c5,c5
7012,5,0.0,1.0,0.0,c5,c234
7013,5,0.0,1.0,0.0,c234,c234
7014,5,0.0,1.0,0.0,c5,c234
7015,2,0.0,0.0,1.0,c1,c5
7016,3,0.0,0.0,1.0,c234,c5
7017,1,0.0,0.0,1.0,c5,c5
7018,4,0.0,0.0,1.0,c1,c5
7019,3,0.0,0.0,1.0,c5,c5
7020,2,0.0,0.0,1.0,c5,c5
7021,1,0.0,0.0,1.0,c234,c5
7022,2,0.0,0.0,1.0,c5,c5
7023,1,0.0,0.0,1.0,c5,c5
7024,2,0.0,0.0,1.0,c5,c5
7025,2,0.0,0.0,1.0,c234,c5
7026,3,0.0,0.0,1.0,c1,c5
7027,4,0.0,0.0,1.0,c234,c5
7028,4,0.0,0.0,1.0,c1,c5
7029,3,0.0,0.0,1.0,c5,c5
7030,1,0.0,0.0,1.0,c1,c5
7031,4,0.0,0.0,1.0,c1,c5
7032,2,0.0,0.0,1.0,c234,c5
7033,3,0.0,0.0,1.0,c1,c5
7034,5,0.0,1.0,0.0,c1,c234
7035,5,0.0,1.0,0.0,c5,c234
7036,4,0.0,0.0,1.0,c1,c5
7037,1,0.0,0.0,1.0,c5,c5
7038,4,0.0,0.0,1.0,c234,c5
7039,4,0.0,0.0,1.0,c5,c5
7040,4,0.0,0.0,1.0,c1,c5
7041,4,0.0,0.0,1.0,c5,c5
7042,5,0.0,1.0,0.0,c1,c234
7043,4,0.0,0.0,1.0,c1,c5
7044,3,0.0,0.0,1.0,c5,c5
7045,4,0.0,0.0,1.0,c1,c5
7046,5,0.0,1.0,0.0,c234,c234
7047,5,0.0,1.0,0.0,c1,c234
7048,3,0.0,0.0,1.0,c1,c5
7049,3,0.0,0.0,1.0,c234,c5
7050,2,0.0,0.0,1.0,c234,c5
7051,1,0.0,0.0,1.0,c5,c5
7052,1,0.0,0.0,1.0,c5,c5
7053,2,0.0,0.0,1.0,c234,c5
7054,5,0.0,1.0,0.0,c234,c234
7055,3,0.0,0.0,1.0,c5,c5
7056,5,0.0,1.0,0.0,c234,c234
7057,3,0.0,0.0,1.0,c234,c5
7058,5,0.0,1.0,0.0,c1,c234
7059,3,0.0,0.0,1.0,c234,c5
7060,2,0.0,0.0,1.0,c234,c5
7061,3,0.0,0.0,1.0,c5,c5
7062,5,0.0,1.0,0.0,c5,c234
7063,5,0.0,1.0,0.0,c1,c234
7064,1,0.0,0.0,1.0,c234,c5
7065,2,0.0,0.0,1.0,c5,c5
7066,5,0.0,1.0,0.0,c5,c234
7067,5,0.0,1.0,0.0,c5,c234
7068,2,0.0,0.0,1.0,c234,c5
7069,2,0.0,0.0,1.0,c1,c5
7070,4,0.0,0.0,1.0,c5,c5
7071,4,0.0,0.0,1.0,c234,c5
7072,5,0.0,1.0,0.0,c234,c234
7073,3,0.0,0.0,1.0,c234,c5
7074,2,0.0,0.0,1.0,c1,c5
7075,3,0.0,0.0,1.0,c1,c5
7076,4,0.0,0.0,1.0,c1,c5
7077,3,0.0,0.0,1.0,c234,c5
7078,2,0.0,0.0,1.0,c234,c5
7079,4,0.0,0.0,1.0,c5,c5
7080,2,0.0,0.0,1.0,c234,c5
7081,1,0.0,0.0,1.0,c234,c5
7082,1,0.0,0.0,1.0,c5,c5
7083,2,0.0,0.0,1.0,c5,c5
7084,3,0.0,0.0,1.0,c1,c5
7085,5,0.0,1.0,0.0,c234,c234
7086,2,0.0,0.0,1.0,c5,c5
7087,4,0.0,0.0,1.0,c234,c5
7088,5,0.0,1.0,0.0,c1,c234
7089,1,0.0,0.0,1.0,c1,c5
7090,2,0.0,0.0,1.0,c5,c5
7091,2,0.0,0.0,1.0,c5,c5
7092,4,0.0,0.0,1.0,c234,c5
7093,5,0.0,1.0,0.0,c234,c234
7094,4,0.0,0.0,1.0,c234,c5
7095,5,0.0,1.0,0.0,c234,c234
7096,5,0.0,1.0,0.0,c1,c234
7097,3,0.0,0.0,1.0,c1,c5
7098,3,0.0,0.0,1.0,c234,c5
7099,5,0.0,1.0,0.0,c5,c234
7100,2,0.0,0.0,1.0,c1,c5
7101,2,0.0,0.0,1.0,c234,c5
7102,3,0.0,0.0,1.0,c1,c5
7103,2,0.0,0.0,1.0,c234,c5
7104,4,0.0,0.0,1.0,c5,c5
7105,2,0.0,0.0,1.0,c5,c5
7106,5,0.0,1.0,0.0,c234,c234
7107,1,0.0,0.0,1.0,c234,c5
7108,4,0.0,0.0,1.0,c5,c5
7109,4,0.0,0.0,1.0,c5,c5
7110,5,0.0,1.0,0.0,c234,c234
7111,2,0.0,0.0,1.0,c234,c5
7112,1,0.0,0.0,1.0,c234,c5
7113,4,0.0,0.0,1.0,c1,c5
7114,2,0.0,0.0,1.0,c5,c5
7115,3,0.0,0.0,1.0,c234,c5
7116,1,0.0,0.0,1.0,c5,c5
7117,2,0.0,0.0,1.0,c234,c5
7118,5,0.0,1.0,0.0,c234,c234
7119,1,0.0,0.0,1.0,c5,c5
7120,2,0.0,0.0,1.0,c1,c5
7121,2,0.0,0.0,1.0,c234,c5
7122,4,0.0,0.0,1.0,c5,c5
7123,2,0.0,0.0,1.0,c1,c5
7124,5,0.0,1.0,0.0,c5,c234
7125,4,0.0,0.0,1.0,c5,c5
7126,5,0.0,1.0,0.0,c5,c234
7127,5,0.0,1.0,0.0,c5,c234
7128,2,0.0,0.0,1.0,c234,c5
7129,3,0.0,0.0,1.0,c1,c5
7130,3,0.0,0.0,1.0,c234,c5
7131,4,0.0,0.0,1.0,c5,c5
7132,1,0.0,0.0,1.0,c5,c5
7133,1,0.0,0.0,1.0,c1,c5
7134,1,0.0,0.0,1.0,c1,c5
7135,2,0.0,0.0,1.0,c234,c5
7136,1,0.0,0.0,1.0,c234,c5
7137,5,0.0,1.0,0.0,c1,c234
7138,5,0.0,1.0,0.0,c1,c234
7139,4,0.0,0.0,1.0,c234,c5
7140,2,0.0,0.0,1.0,c5,c5
7141,3,0.0,0.0,1.0,c5,c5
7142,1,0.0,0.0,1.0,c1,c5
7143,5,0.0,1.0,0.0,c1,c234
7144,2,0.0,0.0,1.0,c234,c5
7145,5,0.0,1.0,0.0,c5,c234
7146,4,0.0,0.0,1.0,c5,c5
7147,2,0.0,0.0,1.0,c1,c5
7148,4,0.0,0.0,1.0,c1,c5
7149,2,0.0,0.0,1.0,c234,c5
7150,3,0.0,0.0,1.0,c5,c5
7151,1,0.0,0.0,1.0,c1,c5
7152,5,0.0,1.0,0.0,c1,c234
7153,1,0.0,0.0,1.0,c1,c5
7154,3,0.0,0.0,1.0,c1,c5
7155,1,0.0,0.0,1.0,c234,c5
7156,5,0.0,1.0,0.0,c1,c234
7157,3,0.0,0.0,1.0,c5,c5
7158,4,0.0,0.0,1.0,c1,c5
7159,2,0.0,0.0,1.0,c1,c5
7160,2,0.0,0.0,1.0,c1,c5
7161,2,0.0,0.0,1.0,c5,c5
7162,1,0.0,0.0,1.0,c234,c5
7163,4,0.0,0.0,1.0,c5,c5
7164,2,0.0,0.0,1.0,c234,c5
7165,3,0.0,0.0,1.0,c5,c5
7166,1,0.0,0.0,1.0,c234,c5
7167,2,0.0,0.0,1.0,c1,c5
7168,2,0.0,0.0,1.0,c234,c5
7169,5,0.0,1.0,0.0,c1,c234
7170,2,0.0,0.0,1.0,c5,c5
7171,3,0.0,0.0,1.0,c234,c5
7172,1,0.0,0.0,1.0,c234,c5
7173,3,0.0,0.0,1.0,c5,c5
7174,5,0.0,1.0,0.0,c234,c234
7175,3,0.0,0.0,1.0,c234,c5
7176,1,0.0,0.0,1.0,c234,c5
7177,2,0.0,0.0,1.0,c234,c5
7178,1,0.0,0.0,1.0,c234,c5
7179,1,0.0,0.0,1.0,c5,c5
7180,4,0.0,0.0,1.0,c234,c5
7181,5,0.0,1.0,0.0,c234,c234
7182,2,0.0,0.0,1.0,c234,c5
7183,3,0.0,0.0,1.0,c5,c5
7184,5,0.0,1.0,0.0,c234,c234
7185,4,0.0,0.0,1.0,c234,c5
7186,5,0.0,1.0,0.0,c5,c234
7187,4,0.0,0.0,1.0,c1,c5
7188,2,0.0,0.0,1.0,c1,c5
7189,4,0.0,0.0,1.0,c1,c5
7190,5,0.0,1.0,0.0,c1,c234
7191,4,0.0,0.0,1.0,c1,c5
7192,4,0.0,0.0,1.0,c234,c5
7193,4,0.0,0.0,1.0,c1,c5
7194,5,0.0,1.0,0.0,c5,c234
7195,3,0.0,0.0,1.0,c234,c5
7196,5,0.0,1.0,0.0,c5,c234
7197,5,0.0,1.0,0.0,c5,c234
7198,5,0.0,1.0,0.0,c1,c234
7199,2,0.0,0.0,1.0,c234,c5
7200,2,0.0,0.0,1.0,c5,c5
7201,5,0.0,1.0,0.0,c234,c234
7202,1,0.0,0.0,1.0,c234,c5
7203,3,0.0,0.0,1.0,c5,c5
7204,4,0.0,0.0,1.0,c5,c5
7205,1,0.0,0.0,1.0,c234,c5
7206,5,0.0,1.0,0.0,c5,c234
7207,2,0.0,0.0,1.0,c1,c5
7208,3,0.0,0.0,1.0,c1,c5
7209,5,0.0,1.0,0.0,c1,c234
7210,4,0.0,0.0,1.0,c5,c5
7211,2,0.0,0.0,1.0,c5,c5
7212,1,0.0,0.0,1.0,c5,c5
7213,4,0.0,0.0,1.0,c1,c5
7214,3,0.0,0.0,1.0,c234,c5
7215,2,0.0,0.0,1.0,c1,c5
7216,2,0.0,0.0,1.0,c5,c5
7217,1,0.0,0.0,1.0,c234,c5
7218,2,0.0,0.0,1.0,c1,c5
7219,1,0.0,0.0,1.0,c1,c5
7220,5,0.0,1.0,0.0,c234,c234
7221,5,0.0,1.0,0.0,c234,c234
7222,1,0.0,0.0,1.0,c1,c5
7223,3,0.0,0.0,1.0,c5,c5
7224,4,0.0,0.0,1.0,c234,c5
7225,3,0.0,0.0,1.0,c234,c5
7226,3,0.0,0.0,1.0,c234,c5
7227,3,0.0,0.0,1.0,c234,c5
7228,3,0.0,0.0,1.0,c5,c5
7229,4,0.0,0.0,1.0,c234,c5
7230,4,0.0,0.0,1.0,c5,c5
7231,2,0.0,0.0,1.0,c234,c5
7232,4,0.0,0.0,1.0,c234,c5
7233,4,0.0,0.0,1.0,c1,c5
7234,4,0.0,0.0,1.0,c234,c5
7235,4,0.0,0.0,1.0,c234,c5
7236,1,0.0,0.0,1.0,c234,c5
7237,2,0.0,0.0,1.0,c5,c5
7238,5,0.0,1.0,0.0,c1,c234
7239,3,0.0,0.0,1.0,c5,c5
7240,2,0.0,0.0,1.0,c1,c5
7241,4,0.0,0.0,1.0,c5,c5
7242,5,0.0,1.0,0.0,c5,c234
7243,3,0.0,0.0,1.0,c1,c5
7244,4,0.0,0.0,1.0,c5,c5
7245,1,0.0,0.0,1.0,c5,c5
7246,3,0.0,0.0,1.0,c1,c5
7247,4,0.0,0.0,1.0,c234,c5
7248,4,0.0,0.0,1.0,c1,c5
7249,4,0.0,0.0,1.0,c5,c5
7250,5,0.0,1.0,0.0,c234,c234
7251,1,0.0,0.0,1.0,c5,c5
7252,5,0.0,1.0,0.0,c234,c234
7253,2,0.0,0.0,1.0,c1,c5
7254,4,0.0,0.0,1.0,c1,c5
7255,1,0.0,0.0,1.0,c5,c5
7256,5,0.0,1.0,0.0,c1,c234
7257,3,0.0,0.0,1.0,c5,c5
7258,3,0.0,0.0,1.0,c234,c5
7259,4,0.0,0.0,1.0,c5,c5
7260,2,0.0,0.0,1.0,c234,c5
7261,2,0.0,0.0,1.0,c234,c5
7262,2,0.0,0.0,1.0,c234,c5
7263,4,0.0,0.0,1.0,c234,c5
7264,2,0.0,0.0,1.0,c234,c5
7265,5,0.0,1.0,0.0,c234,c234
7266,5,0.0,1.0,0.0,c1,c234
7267,5,0.0,1.0,0.0,c5,c234
7268,2,0.0,0.0,1.0,c234,c5
7269,1,0.0,0.0,1.0,c1,c5
7270,5,0.0,1.0,0.0,c5,c234
7271,2,0.0,0.0,1.0,c5,c5
7272,4,0.0,0.0,1.0,c234,c5
7273,3,0.0,0.0,1.0,c1,c5
7274,2,0.0,0.0,1.0,c5,c5
7275,3,0.0,0.0,1.0,c234,c5
7276,1,0.0,0.0,1.0,c1,c5
7277,1,0.0,0.0,1.0,c5,c5
7278,2,0.0,0.0,1.0,c5,c5
7279,2,0.0,0.0,1.0,c5,c5
7280,5,0.0,1.0,0.0,c5,c234
7281,2,0.0,0.0,1.0,c234,c5
7282,3,0.0,0.0,1.0,c234,c5
7283,1,0.0,0.0,1.0,c234,c5
7284,3,0.0,0.0,1.0,c234,c5
7285,4,0.0,0.0,1.0,c5,c5
7286,5,0.0,1.0,0.0,c5,c234
7287,2,0.0,0.0,1.0,c234,c5
7288,3,0.0,0.0,1.0,c234,c5
7289,1,0.0,0.0,1.0,c234,c5
7290,3,0.0,0.0,1.0,c5,c5
7291,1,0.0,0.0,1.0,c234,c5
7292,2,0.0,0.0,1.0,c1,c5
7293,4,0.0,0.0,1.0,c5,c5
7294,3,0.0,0.0,1.0,c234,c5
7295,1,0.0,0.0,1.0,c5,c5
7296,3,0.0,0.0,1.0,c5,c5
7297,2,0.0,0.0,1.0,c1,c5
7298,3,0.0,0.0,1.0,c5,c5
7299,3,0.0,0.0,1.0,c1,c5
7300,1,0.0,0.0,1.0,c234,c5
7301,3,0.0,0.0,1.0,c1,c5
7302,2,0.0,0.0,1.0,c5,c5
7303,4,0.0,0.0,1.0,c1,c5
7304,1,0.0,0.0,1.0,c234,c5
7305,1,0.0,0.0,1.0,c234,c5
7306,4,0.0,0.0,1.0,c5,c5
7307,5,0.0,1.0,0.0,c1,c234
7308,2,0.0,0.0,1.0,c5,c5
7309,4,0.0,0.0,1.0,c5,c5
7310,2,0.0,0.0,1.0,c5,c5
7311,1,0.0,0.0,1.0,c1,c5
7312,1,0.0,0.0,1.0,c5,c5
7313,5,0.0,1.0,0.0,c1,c234
7314,4,0.0,0.0,1.0,c234,c5
7315,4,0.0,0.0,1.0,c1,c5
7316,5,0.0,1.0,0.0,c234,c234
7317,4,0.0,0.0,1.0,c1,c5
7318,3,0.0,0.0,1.0,c234,c5
7319,3,0.0,0.0,1.0,c5,c5
7320,4,0.0,0.0,1.0,c1,c5
7321,3,0.0,0.0,1.0,c1,c5
7322,4,0.0,0.0,1.0,c1,c5
7323,3,0.0,0.0,1.0,c5,c5
7324,2,0.0,0.0,1.0,c234,c5
7325,2,0.0,0.0,1.0,c234,c5
7326,3,0.0,0.0,1.0,c234,c5
7327,2,0.0,0.0,1.0,c234,c5
7328,5,0.0,1.0,0.0,c234,c234
7329,4,0.0,0.0,1.0,c1,c5
7330,4,0.0,0.0,1.0,c5,c5
7331,5,0.0,1.0,0.0,c1,c234
7332,2,0.0,0.0,1.0,c234,c5
7333,4,0.0,0.0,1.0,c234,c5
7334,3,0.0,0.0,1.0,c5,c5
7335,1,0.0,0.0,1.0,c1,c5
7336,4,0.0,0.0,1.0,c234,c5
7337,4,0.0,0.0,1.0,c234,c5
7338,1,0.0,0.0,1.0,c5,c5
7339,3,0.0,0.0,1.0,c234,c5
7340,3,0.0,0.0,1.0,c5,c5
7341,5,0.0,1.0,0.0,c5,c234
7342,2,0.0,0.0,1.0,c1,c5
7343,1,0.0,0.0,1.0,c5,c5
7344,2,0.0,0.0,1.0,c234,c5
7345,2,0.0,0.0,1.0,c234,c5
7346,3,0.0,0.0,1.0,c234,c5
7347,4,0.0,0.0,1.0,c5,c5
7348,4,0.0,0.0,1.0,c5,c5
7349,2,0.0,0.0,1.0,c1,c5
7350,5,0.0,1.0,0.0,c5,c234
7351,5,0.0,1.0,0.0,c1,c234
7352,1,0.0,0.0,1.0,c234,c5
7353,3,0.0,0.0,1.0,c234,c5
7354,3,0.0,0.0,1.0,c5,c5
7355,5,0.0,1.0,0.0,c234,c234
7356,1,0.0,0.0,1.0,c5,c5
7357,3,0.0,0.0,1.0,c5,c5
7358,5,0.0,1.0,0.0,c5,c234
7359,1,0.0,0.0,1.0,c1,c5
7360,2,0.0,0.0,1.0,c1,c5
7361,5,0.0,1.0,0.0,c1,c234
7362,4,0.0,0.0,1.0,c5,c5
7363,3,0.0,0.0,1.0,c1,c5
7364,2,0.0,0.0,1.0,c5,c5
7365,2,0.0,0.0,1.0,c234,c5
7366,2,0.0,0.0,1.0,c5,c5
7367,3,0.0,0.0,1.0,c1,c5
7368,4,0.0,0.0,1.0,c5,c5
7369,1,0.0,0.0,1.0,c5,c5
7370,5,0.0,1.0,0.0,c5,c234
7371,3,0.0,0.0,1.0,c234,c5
7372,1,0.0,0.0,1.0,c5,c5
7373,1,0.0,0.0,1.0,c234,c5
7374,5,0.0,1.0,0.0,c5,c234
7375,4,0.0,0.0,1.0,c234,c5
7376,3,0.0,0.0,1.0,c1,c5
7377,2,0.0,0.0,1.0,c234,c5
7378,3,0.0,0.0,1.0,c1,c5
7379,1,0.0,0.0,1.0,c1,c5
7380,3,0.0,0.0,1.0,c1,c5
7381,5,0.0,1.0,0.0,c1,c234
7382,5,0.0,1.0,0.0,c234,c234
7383,5,0.0,1.0,0.0,c5,c234
7384,2,0.0,0.0,1.0,c234,c5
7385,4,0.0,0.0,1.0,c5,c5
7386,5,0.0,1.0,0.0,c5,c234
7387,4,0.0,0.0,1.0,c1,c5
7388,1,0.0,0.0,1.0,c234,c5
7389,1,0.0,0.0,1.0,c234,c5
7390,1,0.0,0.0,1.0,c1,c5
7391,1,0.0,0.0,1.0,c1,c5
7392,2,0.0,0.0,1.0,c1,c5
7393,3,0.0,0.0,1.0,c234,c5
7394,3,0.0,0.0,1.0,c5,c5
7395,1,0.0,0.0,1.0,c1,c5
7396,3,0.0,0.0,1.0,c234,c5
7397,5,0.0,1.0,0.0,c234,c234
7398,5,0.0,1.0,0.0,c1,c234
7399,3,0.0,0.0,1.0,c234,c5
7400,4,0.0,0.0,1.0,c1,c5
7401,3,0.0,0.0,1.0,c5,c5
7402,2,0.0,0.0,1.0,c5,c5
7403,2,0.0,0.0,1.0,c234,c5
7404,4,0.0,0.0,1.0,c1,c5
7405,3,0.0,0.0,1.0,c234,c5
7406,4,0.0,0.0,1.0,c5,c5
7407,1,0.0,0.0,1.0,c5,c5
7408,5,0.0,1.0,0.0,c1,c234
7409,2,0.0,0.0,1.0,c1,c5
7410,4,0.0,0.0,1.0,c1,c5
7411,2,0.0,0.0,1.0,c1,c5
7412,1,0.0,0.0,1.0,c1,c5
7413,5,0.0,1.0,0.0,c5,c234
7414,5,0.0,1.0,0.0,c5,c234
7415,3,0.0,0.0,1.0,c1,c5
7416,3,0.0,0.0,1.0,c234,c5
7417,1,0.0,0.0,1.0,c1,c5
7418,3,0.0,0.0,1.0,c5,c5
7419,2,0.0,0.0,1.0,c5,c5
7420,2,0.0,0.0,1.0,c1,c5
7421,1,0.0,0.0,1.0,c5,c5
7422,2,0.0,0.0,1.0,c234,c5
7423,4,0.0,0.0,1.0,c1,c5
7424,4,0.0,0.0,1.0,c1,c5
7425,2,0.0,0.0,1.0,c234,c5
7426,4,0.0,0.0,1.0,c1,c5
7427,1,0.0,0.0,1.0,c234,c5
7428,2,0.0,0.0,1.0,c5,c5
7429,3,0.0,0.0,1.0,c5,c5
7430,5,0.0,1.0,0.0,c5,c234
7431,3,0.0,0.0,1.0,c234,c5
7432,3,0.0,0.0,1.0,c5,c5
7433,3,0.0,0.0,1.0,c1,c5
7434,3,0.0,0.0,1.0,c1,c5
7435,5,0.0,1.0,0.0,c234,c234
7436,2,0.0,0.0,1.0,c1,c5
7437,1,0.0,0.0,1.0,c5,c5
7438,5,0.0,1.0,0.0,c5,c234
7439,5,0.0,1.0,0.0,c234,c234
7440,4,0.0,0.0,1.0,c1,c5
7441,4,0.0,0.0,1.0,c5,c5
7442,5,0.0,1.0,0.0,c5,c234
7443,3,0.0,0.0,1.0,c1,c5
7444,5,0.0,1.0,0.0,c234,c234
7445,1,0.0,0.0,1.0,c234,c5
7446,3,0.0,0.0,1.0,c234,c5
7447,2,0.0,0.0,1.0,c1,c5
7448,2,0.0,0.0,1.0,c5,c5
7449,2,0.0,0.0,1.0,c5,c5
7450,3,0.0,0.0,1.0,c1,c5
7451,2,0.0,0.0,1.0,c5,c5
7452,4,0.0,0.0,1.0,c1,c5
7453,3,0.0,0.0,1.0,c234,c5
7454,2,0.0,0.0,1.0,c1,c5
7455,5,0.0,1.0,0.0,c1,c234
7456,5,0.0,1.0,0.0,c5,c234
7457,3,0.0,0.0,1.0,c5,c5
7458,1,0.0,0.0,1.0,c5,c5
7459,4,0.0,0.0,1.0,c5,c5
7460,4,0.0,0.0,1.0,c1,c5
7461,2,0.0,0.0,1.0,c234,c5
7462,3,0.0,0.0,1.0,c5,c5
7463,2,0.0,0.0,1.0,c5,c5
7464,4,0.0,0.0,1.0,c234,c5
7465,5,0.0,1.0,0.0,c1,c234
7466,4,0.0,0.0,1.0,c1,c5
7467,1,0.0,0.0,1.0,c5,c5
7468,2,0.0,0.0,1.0,c1,c5
7469,3,0.0,0.0,1.0,c234,c5
7470,4,0.0,0.0,1.0,c5,c5
7471,2,0.0,0.0,1.0,c234,c5
7472,4,0.0,0.0,1.0,c1,c5
7473,1,0.0,0.0,1.0,c1,c5
7474,4,0.0,0.0,1.0,c1,c5
7475,1,0.0,0.0,1.0,c234,c5
7476,5,0.0,1.0,0.0,c1,c234
7477,3,0.0,0.0,1.0,c1,c5
7478,3,0.0,0.0,1.0,c5,c5
7479,4,0.0,0.0,1.0,c5,c5
7480,2,0.0,0.0,1.0,c234,c5
7481,1,0.0,0.0,1.0,c234,c5
7482,4,0.0,0.0,1.0,c234,c5
7483,5,0.0,1.0,0.0,c5,c234
7484,4,0.0,0.0,1.0,c1,c5
7485,2,0.0,0.0,1.0,c5,c5
7486,5,0.0,1.0,0.0,c1,c234
7487,5,0.0,1.0,0.0,c234,c234
7488,4,0.0,0.0,1.0,c1,c5
7489,1,0.0,0.0,1.0,c234,c5
7490,1,0.0,0.0,1.0,c234,c5
7491,3,0.0,0.0,1.0,c234,c5
7492,5,0.0,1.0,0.0,c234,c234
7493,4,0.0,0.0,1.0,c1,c5
7494,1,0.0,0.0,1.0,c5,c5
7495,5,0.0,1.0,0.0,c1,c234
7496,4,0.0,0.0,1.0,c1,c5
7497,5,0.0,1.0,0.0,c1,c234
7498,2,0.0,0.0,1.0,c1,c5
7499,1,0.0,0.0,1.0,c234,c5
7500,3,0.0,0.0,1.0,c1,c5
7501,5,0.0,1.0,0.0,c234,c234
7502,1,0.0,0.0,1.0,c234,c5
7503,2,0.0,0.0,1.0,c5,c5
7504,4,0.0,0.0,1.0,c1,c5
7505,1,0.0,0.0,1.0,c234,c5
7506,1,0.0,0.0,1.0,c1,c5
7507,3,0.0,0.0,1.0,c5,c5
7508,3,0.0,0.0,1.0,c5,c5
7509,4,0.0,0.0,1.0,c234,c5
7510,4,0.0,0.0,1.0,c234,c5
7511,3,0.0,0.0,1.0,c1,c5
7512,2,0.0,0.0,1.0,c5,c5
7513,4,0.0,0.0,1.0,c5,c5
7514,5,0.0,1.0,0.0,c234,c234
7515,5,0.0,1.0,0.0,c1,c234
7516,1,0.0,0.0,1.0,c1,c5
7517,2,0.0,0.0,1.0,c5,c5
7518,5,0.0,1.0,0.0,c5,c234
7519,1,0.0,0.0,1.0,c1,c5
7520,2,0.0,0.0,1.0,c1,c5
7521,1,0.0,0.0,1.0,c1,c5
7522,4,0.0,0.0,1.0,c234,c5
7523,4,0.0,0.0,1.0,c1,c5
7524,1,0.0,0.0,1.0,c5,c5
7525,4,0.0,0.0,1.0,c1,c5
7526,2,0.0,0.0,1.0,c1,c5
7527,1,0.0,0.0,1.0,c234,c5
7528,5,0.0,1.0,0.0,c5,c234
7529,1,0.0,0.0,1.0,c5,c5
7530,4,0.0,0.0,1.0,c234,c5
7531,4,0.0,0.0,1.0,c1,c5
7532,5,0.0,1.0,0.0,c5,c234
7533,3,0.0,0.0,1.0,c234,c5
7534,4,0.0,0.0,1.0,c5,c5
7535,5,0.0,1.0,0.0,c234,c234
7536,2,0.0,0.0,1.0,c1,c5
7537,4,0.0,0.0,1.0,c5,c5
7538,4,0.0,0.0,1.0,c5,c5
7539,4,0.0,0.0,1.0,c1,c5
7540,3,0.0,0.0,1.0,c234,c5
7541,1,0.0,0.0,1.0,c5,c5
7542,2,0.0,0.0,1.0,c1,c5
7543,4,0.0,0.0,1.0,c234,c5
7544,1,0.0,0.0,1.0,c5,c5
7545,5,0.0,1.0,0.0,c234,c234
7546,4,0.0,0.0,1.0,c234,c5
7547,1,0.0,0.0,1.0,c5,c5
7548,5,0.0,1.0,0.0,c1,c234
7549,5,0.0,1.0,0.0,c5,c234
7550,5,0.0,1.0,0.0,c5,c234
7551,2,0.0,0.0,1.0,c5,c5
7552,3,0.0,0.0,1.0,c1,c5
7553,3,0.0,0.0,1.0,c234,c5
7554,4,0.0,0.0,1.0,c234,c5
7555,4,0.0,0.0,1.0,c234,c5
7556,5,0.0,1.0,0.0,c5,c234
7557,3,0.0,0.0,1.0,c5,c5
7558,4,0.0,0.0,1.0,c234,c5
7559,2,0.0,0.0,1.0,c234,c5
7560,4,0.0,0.0,1.0,c234,c5
7561,4,0.0,0.0,1.0,c1,c5
7562,5,0.0,1.0,0.0,c5,c234
7563,5,0.0,1.0,0.0,c5,c234
7564,2,0.0,0.0,1.0,c5,c5
7565,1,0.0,0.0,1.0,c234,c5
7566,3,0.0,0.0,1.0,c5,c5
7567,4,0.0,0.0,1.0,c1,c5
7568,3,0.0,0.0,1.0,c234,c5
7569,3,0.0,0.0,1.0,c1,c5
7570,4,0.0,0.0,1.0,c1,c5
7571,3,0.0,0.0,1.0,c5,c5
7572,4,0.0,0.0,1.0,c234,c5
7573,5,0.0,1.0,0.0,c1,c234
7574,2,0.0,0.0,1.0,c5,c5
7575,3,0.0,0.0,1.0,c234,c5
7576,3,0.0,0.0,1.0,c1,c5
7577,5,0.0,1.0,0.0,c234,c234
7578,1,0.0,0.0,1.0,c1,c5
7579,4,0.0,0.0,1.0,c234,c5
7580,2,0.0,0.0,1.0,c234,c5
7581,3,0.0,0.0,1.0,c234,c5
7582,1,0.0,0.0,1.0,c234,c5
7583,4,0.0,0.0,1.0,c234,c5
7584,5,0.0,1.0,0.0,c234,c234
7585,1,0.0,0.0,1.0,c5,c5
7586,1,0.0,0.0,1.0,c5,c5
7587,5,0.0,1.0,0.0,c1,c234
7588,1,0.0,0.0,1.0,c5,c5
7589,5,0.0,1.0,0.0,c234,c234
7590,5,0.0,1.0,0.0,c234,c234
7591,3,0.0,0.0,1.0,c5,c5
7592,4,0.0,0.0,1.0,c5,c5
7593,1,0.0,0.0,1.0,c5,c5
7594,2,0.0,0.0,1.0,c234,c5
7595,5,0.0,1.0,0.0,c5,c234
7596,1,0.0,0.0,1.0,c5,c5
7597,2,0.0,0.0,1.0,c1,c5
7598,5,0.0,1.0,0.0,c5,c234
7599,4,0.0,0.0,1.0,c5,c5
7600,4,0.0,0.0,1.0,c5,c5
7601,2,0.0,0.0,1.0,c5,c5
7602,5,0.0,1.0,0.0,c234,c234
7603,5,0.0,1.0,0.0,c5,c234
7604,3,0.0,0.0,1.0,c1,c5
7605,3,0.0,0.0,1.0,c5,c5
7606,4,0.0,0.0,1.0,c1,c5
7607,4,0.0,0.0,1.0,c1,c5
7608,5,0.0,1.0,0.0,c1,c234
7609,5,0.0,1.0,0.0,c5,c234
7610,2,0.0,0.0,1.0,c1,c5
7611,1,0.0,0.0,1.0,c5,c5
7612,1,0.0,0.0,1.0,c1,c5
7613,5,0.0,1.0,0.0,c1,c234
7614,4,0.0,0.0,1.0,c5,c5
7615,4,0.0,0.0,1.0,c234,c5
7616,4,0.0,0.0,1.0,c234,c5
7617,4,0.0,0.0,1.0,c1,c5
7618,3,0.0,0.0,1.0,c5,c5
7619,4,0.0,0.0,1.0,c5,c5
7620,1,0.0,0.0,1.0,c5,c5
7621,4,0.0,0.0,1.0,c5,c5
7622,2,0.0,0.0,1.0,c1,c5
7623,4,0.0,0.0,1.0,c234,c5
7624,4,0.0,0.0,1.0,c5,c5
7625,5,0.0,1.0,0.0,c234,c234
7626,2,0.0,0.0,1.0,c234,c5
7627,3,0.0,0.0,1.0,c234,c5
7628,3,0.0,0.0,1.0,c5,c5
7629,3,0.0,0.0,1.0,c234,c5
7630,1,0.0,0.0,1.0,c5,c5
7631,5,0.0,1.0,0.0,c5,c234
7632,3,0.0,0.0,1.0,c234,c5
7633,4,0.0,0.0,1.0,c5,c5
7634,4,0.0,0.0,1.0,c5,c5
7635,2,0.0,0.0,1.0,c1,c5
7636,5,0.0,1.0,0.0,c1,c234
7637,4,0.0,0.0,1.0,c234,c5
7638,5,0.0,1.0,0.0,c1,c234
7639,5,0.0,1.0,0.0,c1,c234
7640,5,0.0,1.0,0.0,c5,c234
7641,4,0.0,0.0,1.0,c234,c5
7642,1,0.0,0.0,1.0,c5,c5
7643,2,0.0,0.0,1.0,c234,c5
7644,1,0.0,0.0,1.0,c1,c5
7645,1,0.0,0.0,1.0,c5,c5
7646,2,0.0,0.0,1.0,c5,c5
7647,5,0.0,1.0,0.0,c234,c234
7648,3,0.0,0.0,1.0,c234,c5
7649,1,0.0,0.0,1.0,c5,c5
7650,4,0.0,0.0,1.0,c234,c5
7651,3,0.0,0.0,1.0,c1,c5
7652,1,0.0,0.0,1.0,c234,c5
7653,1,0.0,0.0,1.0,c234,c5
7654,4,0.0,0.0,1.0,c234,c5
7655,5,0.0,1.0,0.0,c5,c234
7656,5,0.0,1.0,0.0,c1,c234
7657,4,0.0,0.0,1.0,c1,c5
7658,1,0.0,0.0,1.0,c1,c5
7659,1,0.0,0.0,1.0,c5,c5
7660,5,0.0,1.0,0.0,c1,c234
7661,3,0.0,0.0,1.0,c5,c5
7662,5,0.0,1.0,0.0,c5,c234
7663,5,0.0,1.0,0.0,c234,c234
7664,2,0.0,0.0,1.0,c234,c5
7665,1,0.0,0.0,1.0,c1,c5
7666,3,0.0,0.0,1.0,c234,c5
7667,2,0.0,0.0,1.0,c1,c5
7668,1,0.0,0.0,1.0,c5,c5
7669,5,0.0,1.0,0.0,c1,c234
7670,3,0.0,0.0,1.0,c1,c5
7671,1,0.0,0.0,1.0,c234,c5
7672,3,0.0,0.0,1.0,c1,c5
7673,1,0.0,0.0,1.0,c5,c5
7674,3,0.0,0.0,1.0,c1,c5
7675,2,0.0,0.0,1.0,c5,c5
7676,1,0.0,0.0,1.0,c234,c5
7677,5,0.0,1.0,0.0,c1,c234
7678,4,0.0,0.0,1.0,c234,c5
7679,2,0.0,0.0,1.0,c1,c5
7680,1,0.0,0.0,1.0,c5,c5
7681,5,0.0,1.0,0.0,c1,c234
7682,4,0.0,0.0,1.0,c234,c5
7683,3,0.0,0.0,1.0,c5,c5
7684,2,0.0,0.0,1.0,c234,c5
7685,5,0.0,1.0,0.0,c1,c234
7686,3,0.0,0.0,1.0,c5,c5
7687,2,0.0,0.0,1.0,c1,c5
7688,2,0.0,0.0,1.0,c5,c5
7689,2,0.0,0.0,1.0,c234,c5
7690,5,0.0,1.0,0.0,c5,c234
7691,1,0.0,0.0,1.0,c5,c5
7692,1,0.0,0.0,1.0,c234,c5
7693,5,0.0,1.0,0.0,c234,c234
7694,2,0.0,0.0,1.0,c1,c5
7695,4,0.0,0.0,1.0,c5,c5
7696,2,0.0,0.0,1.0,c5,c5
7697,5,0.0,1.0,0.0,c234,c234
7698,2,0.0,0.0,1.0,c1,c5
7699,1,0.0,0.0,1.0,c234,c5
7700,5,0.0,1.0,0.0,c1,c234
7701,5,0.0,1.0,0.0,c1,c234
7702,1,0.0,0.0,1.0,c234,c5
7703,1,0.0,0.0,1.0,c5,c5
7704,2,0.0,0.0,1.0,c234,c5
7705,4,0.0,0.0,1.0,c5,c5
7706,4,0.0,0.0,1.0,c1,c5
7707,3,0.0,0.0,1.0,c1,c5
7708,2,0.0,0.0,1.0,c234,c5
7709,5,0.0,1.0,0.0,c1,c234
7710,4,0.0,0.0,1.0,c234,c5
7711,3,0.0,0.0,1.0,c5,c5
7712,3,0.0,0.0,1.0,c1,c5
7713,3,0.0,0.0,1.0,c234,c5
7714,3,0.0,0.0,1.0,c5,c5
7715,3,0.0,0.0,1.0,c5,c5
7716,3,0.0,0.0,1.0,c5,c5
7717,5,0.0,1.0,0.0,c1,c234
7718,3,0.0,0.0,1.0,c1,c5
7719,3,0.0,0.0,1.0,c1,c5
7720,4,0.0,0.0,1.0,c5,c5
7721,5,0.0,1.0,0.0,c5,c234
7722,2,0.0,0.0,1.0,c234,c5
7723,2,0.0,0.0,1.0,c5,c5
7724,5,0.0,1.0,0.0,c1,c234
7725,4,0.0,0.0,1.0,c5,c5
7726,4,0.0,0.0,1.0,c234,c5
7727,4,0.0,0.0,1.0,c5,c5
7728,2,0.0,0.0,1.0,c5,c5
7729,4,0.0,0.0,1.0,c1,c5
7730,5,0.0,1.0,0.0,c1,c234
7731,2,0.0,0.0,1.0,c1,c5
7732,1,0.0,0.0,1.0,c1,c5
7733,2,0.0,0.0,1.0,c234,c5
7734,5,0.0,1.0,0.0,c1,c234
7735,5,0.0,1.0,0.0,c234,c234
7736,4,0.0,0.0,1.0,c1,c5
7737,4,0.0,0.0,1.0,c234,c5
7738,2,0.0,0.0,1.0,c1,c5
7739,2,0.0,0.0,1.0,c1,c5
7740,5,0.0,1.0,0.0,c234,c234
7741,5,0.0,1.0,0.0,c5,c234
7742,1,0.0,0.0,1.0,c1,c5
7743,5,0.0,1.0,0.0,c5,c234
7744,2,0.0,0.0,1.0,c234,c5
7745,2,0.0,0.0,1.0,c234,c5
7746,2,0.0,0.0,1.0,c5,c5
7747,3,0.0,0.0,1.0,c1,c5
7748,1,0.0,0.0,1.0,c5,c5
7749,1,0.0,0.0,1.0,c5,c5
7750,2,0.0,0.0,1.0,c1,c5
7751,2,0.0,0.0,1.0,c1,c5
7752,3,0.0,0.0,1.0,c234,c5
7753,4,0.0,0.0,1.0,c234,c5
7754,3,0.0,0.0,1.0,c1,c5
7755,1,0.0,0.0,1.0,c5,c5
7756,2,0.0,0.0,1.0,c234,c5
7757,4,0.0,0.0,1.0,c1,c5
7758,5,0.0,1.0,0.0,c5,c234
7759,5,0.0,1.0,0.0,c5,c234
7760,5,0.0,1.0,0.0,c5,c234
7761,5,0.0,1.0,0.0,c1,c234
7762,5,0.0,1.0,0.0,c234,c234
7763,1,0.0,0.0,1.0,c234,c5
7764,3,0.0,0.0,1.0,c234,c5
7765,5,0.0,1.0,0.0,c5,c234
7766,3,0.0,0.0,1.0,c1,c5
7767,1,0.0,0.0,1.0,c5,c5
7768,4,0.0,0.0,1.0,c1,c5
7769,1,0.0,0.0,1.0,c5,c5
7770,2,0.0,0.0,1.0,c234,c5
7771,4,0.0,0.0,1.0,c1,c5
7772,4,0.0,0.0,1.0,c234,c5
7773,1,0.0,0.0,1.0,c1,c5
7774,4,0.0,0.0,1.0,c234,c5
7775,3,0.0,0.0,1.0,c234,c5
7776,1,0.0,0.0,1.0,c5,c5
7777,5,0.0,1.0,0.0,c1,c234
7778,3,0.0,0.0,1.0,c234,c5
7779,1,0.0,0.0,1.0,c5,c5
7780,4,0.0,0.0,1.0,c234,c5
7781,4,0.0,0.0,1.0,c1,c5
7782,1,0.0,0.0,1.0,c5,c5
7783,3,0.0,0.0,1.0,c5,c5
7784,3,0.0,0.0,1.0,c1,c5
7785,5,0.0,1.0,0.0,c1,c234
7786,5,0.0,1.0,0.0,c234,c234
7787,3,0.0,0.0,1.0,c5,c5
7788,5,0.0,1.0,0.0,c234,c234
7789,5,0.0,1.0,0.0,c1,c234
7790,1,0.0,0.0,1.0,c5,c5
7791,3,0.0,0.0,1.0,c5,c5
7792,1,0.0,0.0,1.0,c5,c5
7793,4,0.0,0.0,1.0,c5,c5
7794,1,0.0,0.0,1.0,c1,c5
7795,4,0.0,0.0,1.0,c5,c5
7796,4,0.0,0.0,1.0,c234,c5
7797,4,0.0,0.0,1.0,c234,c5
7798,4,0.0,0.0,1.0,c5,c5
7799,5,0.0,1.0,0.0,c234,c234
7800,2,0.0,0.0,1.0,c234,c5
7801,4,0.0,0.0,1.0,c1,c5
7802,1,0.0,0.0,1.0,c1,c5
7803,4,0.0,0.0,1.0,c1,c5
7804,1,0.0,0.0,1.0,c5,c5
7805,1,0.0,0.0,1.0,c234,c5
7806,3,0.0,0.0,1.0,c1,c5
7807,4,0.0,0.0,1.0,c234,c5
7808,3,0.0,0.0,1.0,c1,c5
7809,2,0.0,0.0,1.0,c5,c5
7810,1,0.0,0.0,1.0,c1,c5
7811,2,0.0,0.0,1.0,c5,c5
7812,3,0.0,0.0,1.0,c234,c5
7813,1,0.0,0.0,1.0,c1,c5
7814,3,0.0,0.0,1.0,c5,c5
7815,2,0.0,0.0,1.0,c5,c5
7816,1,0.0,0.0,1.0,c5,c5
7817,3,0.0,0.0,1.0,c5,c5
7818,2,0.0,0.0,1.0,c1,c5
7819,4,0.0,0.0,1.0,c234,c5
7820,4,0.0,0.0,1.0,c1,c5
7821,2,0.0,0.0,1.0,c5,c5
7822,3,0.0,0.0,1.0,c234,c5
7823,2,0.0,0.0,1.0,c5,c5
7824,5,0.0,1.0,0.0,c234,c234
7825,2,0.0,0.0,1.0,c1,c5
7826,3,0.0,0.0,1.0,c1,c5
7827,1,0.0,0.0,1.0,c234,c5
7828,5,0.0,1.0,0.0,c234,c234
7829,5,0.0,1.0,0.0,c234,c234
7830,2,0.0,0.0,1.0,c5,c5
7831,3,0.0,0.0,1.0,c5,c5
7832,3,0.0,0.0,1.0,c1,c5
7833,1,0.0,0.0,1.0,c5,c5
7834,1,0.0,0.0,1.0,c234,c5
7835,1,0.0,0.0,1.0,c234,c5
7836,2,0.0,0.0,1.0,c234,c5
7837,2,0.0,0.0,1.0,c5,c5
7838,4,0.0,0.0,1.0,c5,c5
7839,3,0.0,0.0,1.0,c234,c5
7840,2,0.0,0.0,1.0,c5,c5
7841,5,0.0,1.0,0.0,c1,c234
7842,4,0.0,0.0,1.0,c234,c5
7843,5,0.0,1.0,0.0,c234,c234
7844,1,0.0,0.0,1.0,c1,c5
7845,3,0.0,0.0,1.0,c5,c5
7846,3,0.0,0.0,1.0,c234,c5
7847,3,0.0,0.0,1.0,c234,c5
7848,2,0.0,0.0,1.0,c234,c5
7849,4,0.0,0.0,1.0,c5,c5
7850,1,0.0,0.0,1.0,c234,c5
7851,5,0.0,1.0,0.0,c5,c234
7852,3,0.0,0.0,1.0,c1,c5
7853,4,0.0,0.0,1.0,c5,c5
7854,4,0.0,0.0,1.0,c1,c5
7855,3,0.0,0.0,1.0,c234,c5
7856,1,0.0,0.0,1.0,c1,c5
7857,4,0.0,0.0,1.0,c5,c5
7858,4,0.0,0.0,1.0,c234,c5
7859,4,0.0,0.0,1.0,c1,c5
7860,5,0.0,1.0,0.0,c5,c234
7861,1,0.0,0.0,1.0,c1,c5
7862,5,0.0,1.0,0.0,c5,c234
7863,4,0.0,0.0,1.0,c234,c5
7864,3,0.0,0.0,1.0,c5,c5
7865,3,0.0,0.0,1.0,c5,c5
7866,2,0.0,0.0,1.0,c1,c5
7867,2,0.0,0.0,1.0,c234,c5
7868,2,0.0,0.0,1.0,c1,c5
7869,5,0.0,1.0,0.0,c5,c234
7870,4,0.0,0.0,1.0,c5,c5
7871,5,0.0,1.0,0.0,c234,c234
7872,4,0.0,0.0,1.0,c1,c5
7873,3,0.0,0.0,1.0,c234,c5
7874,5,0.0,1.0,0.0,c1,c234
7875,4,0.0,0.0,1.0,c1,c5
7876,1,0.0,0.0,1.0,c234,c5
7877,4,0.0,0.0,1.0,c234,c5
7878,4,0.0,0.0,1.0,c5,c5
7879,3,0.0,0.0,1.0,c234,c5
7880,1,0.0,0.0,1.0,c5,c5
7881,5,0.0,1.0,0.0,c1,c234
7882,2,0.0,0.0,1.0,c234,c5
7883,4,0.0,0.0,1.0,c234,c5
7884,4,0.0,0.0,1.0,c5,c5
7885,3,0.0,0.0,1.0,c5,c5
7886,1,0.0,0.0,1.0,c1,c5
7887,1,0.0,0.0,1.0,c1,c5
7888,5,0.0,1.0,0.0,c5,c234
7889,4,0.0,0.0,1.0,c234,c5
7890,1,0.0,0.0,1.0,c5,c5
7891,2,0.0,0.0,1.0,c5,c5
7892,1,0.0,0.0,1.0,c5,c5
7893,1,0.0,0.0,1.0,c1,c5
7894,4,0.0,0.0,1.0,c1,c5
7895,2,0.0,0.0,1.0,c1,c5
7896,3,0.0,0.0,1.0,c234,c5
7897,3,0.0,0.0,1.0,c234,c5
7898,4,0.0,0.0,1.0,c1,c5
7899,5,0.0,1.0,0.0,c234,c234
7900,2,0.0,0.0,1.0,c1,c5
7901,2,0.0,0.0,1.0,c234,c5
7902,2,0.0,0.0,1.0,c5,c5
7903,1,0.0,0.0,1.0,c1,c5
7904,1,0.0,0.0,1.0,c5,c5
7905,3,0.0,0.0,1.0,c1,c5
7906,1,0.0,0.0,1.0,c5,c5
7907,2,0.0,0.0,1.0,c5,c5
7908,1,0.0,0.0,1.0,c1,c5
7909,4,0.0,0.0,1.0,c234,c5
7910,5,0.0,1.0,0.0,c5,c234
7911,1,0.0,0.0,1.0,c1,c5
7912,2,0.0,0.0,1.0,c5,c5
7913,1,0.0,0.0,1.0,c234,c5
7914,3,0.0,0.0,1.0,c1,c5
7915,2,0.0,0.0,1.0,c5,c5
7916,2,0.0,0.0,1.0,c5,c5
7917,5,0.0,1.0,0.0,c5,c234
7918,5,0.0,1.0,0.0,c5,c234
7919,2,0.0,0.0,1.0,c234,c5
7920,4,0.0,0.0,1.0,c1,c5
7921,3,0.0,0.0,1.0,c5,c5
7922,1,0.0,0.0,1.0,c5,c5
7923,5,0.0,1.0,0.0,c234,c234
7924,1,0.0,0.0,1.0,c1,c5
7925,4,0.0,0.0,1.0,c5,c5
7926,2,0.0,0.0,1.0,c1,c5
7927,1,0.0,0.0,1.0,c1,c5
7928,2,0.0,0.0,1.0,c5,c5
7929,2,0.0,0.0,1.0,c1,c5
7930,1,0.0,0.0,1.0,c5,c5
7931,3,0.0,0.0,1.0,c1,c5
7932,5,0.0,1.0,0.0,c5,c234
7933,2,0.0,0.0,1.0,c234,c5
7934,1,0.0,0.0,1.0,c234,c5
7935,2,0.0,0.0,1.0,c5,c5
7936,1,0.0,0.0,1.0,c234,c5
7937,1,0.0,0.0,1.0,c5,c5
7938,3,0.0,0.0,1.0,c1,c5
7939,3,0.0,0.0,1.0,c1,c5
7940,2,0.0,0.0,1.0,c1,c5
7941,2,0.0,0.0,1.0,c234,c5
7942,1,0.0,0.0,1.0,c5,c5
7943,4,0.0,0.0,1.0,c1,c5
7944,5,0.0,1.0,0.0,c234,c234
7945,2,0.0,0.0,1.0,c5,c5
7946,4,0.0,0.0,1.0,c234,c5
7947,4,0.0,0.0,1.0,c234,c5
7948,5,0.0,1.0,0.0,c5,c234
7949,5,0.0,1.0,0.0,c234,c234
7950,4,0.0,0.0,1.0,c1,c5
7951,1,0.0,0.0,1.0,c1,c5
7952,5,0.0,1.0,0.0,c234,c234
7953,2,0.0,0.0,1.0,c5,c5
7954,3,0.0,0.0,1.0,c1,c5
7955,5,0.0,1.0,0.0,c234,c234
7956,3,0.0,0.0,1.0,c234,c5
7957,3,0.0,0.0,1.0,c234,c5
7958,4,0.0,0.0,1.0,c5,c5
7959,1,0.0,0.0,1.0,c234,c5
7960,5,0.0,1.0,0.0,c234,c234
7961,1,0.0,0.0,1.0,c5,c5
7962,5,0.0,1.0,0.0,c5,c234
7963,1,0.0,0.0,1.0,c5,c5
7964,5,0.0,1.0,0.0,c234,c234
7965,1,0.0,0.0,1.0,c5,c5
7966,2,0.0,0.0,1.0,c5,c5
7967,2,0.0,0.0,1.0,c1,c5
7968,5,0.0,1.0,0.0,c5,c234
7969,2,0.0,0.0,1.0,c5,c5
7970,1,0.0,0.0,1.0,c5,c5
7971,3,0.0,0.0,1.0,c234,c5
7972,3,0.0,0.0,1.0,c5,c5
7973,2,0.0,0.0,1.0,c5,c5
7974,5,0.0,1.0,0.0,c1,c234
7975,3,0.0,0.0,1.0,c5,c5
7976,1,0.0,0.0,1.0,c234,c5
7977,5,0.0,1.0,0.0,c234,c234
7978,2,0.0,0.0,1.0,c5,c5
7979,5,0.0,1.0,0.0,c234,c234
7980,3,0.0,0.0,1.0,c1,c5
7981,3,0.0,0.0,1.0,c234,c5
7982,5,0.0,1.0,0.0,c234,c234
7983,2,0.0,0.0,1.0,c234,c5
7984,1,0.0,0.0,1.0,c234,c5
7985,4,0.0,0.0,1.0,c5,c5
7986,5,0.0,1.0,0.0,c234,c234
7987,4,0.0,0.0,1.0,c1,c5
7988,3,0.0,0.0,1.0,c5,c5
7989,2,0.0,0.0,1.0,c234,c5
7990,2,0.0,0.0,1.0,c1,c5
7991,1,0.0,0.0,1.0,c234,c5
7992,5,0.0,1.0,0.0,c1,c234
7993,1,0.0,0.0,1.0,c1,c5
7994,2,0.0,0.0,1.0,c234,c5
7995,4,0.0,0.0,1.0,c234,c5
7996,1,0.0,0.0,1.0,c234,c5
7997,4,0.0,0.0,1.0,c5,c5
7998,2,0.0,0.0,1.0,c1,c5
7999,1,0.0,0.0,1.0,c5,c5
8000,1,0.0,0.0,1.0,c1,c5
8001,2,0.0,0.0,1.0,c1,c5
8002,1,0.0,0.0,1.0,c5,c5
8003,2,0.0,0.0,1.0,c234,c5
8004,5,0.0,1.0,0.0,c1,c234
8005,4,0.0,0.0,1.0,c5,c5
8006,5,0.0,1.0,0.0,c234,c234
8007,4,0.0,0.0,1.0,c1,c5
8008,4,0.0,0.0,1.0,c234,c5
8009,5,0.0,1.0,0.0,c234,c234
8010,5,0.0,1.0,0.0,c5,c234
8011,5,0.0,1.0,0.0,c1,c234
8012,5,0.0,1.0,0.0,c5,c234
8013,2,0.0,0.0,1.0,c1,c5
8014,2,0.0,0.0,1.0,c234,c5
8015,1,0.0,0.0,1.0,c234,c5
8016,1,0.0,0.0,1.0,c5,c5
8017,1,0.0,0.0,1.0,c234,c5
8018,3,0.0,0.0,1.0,c234,c5
8019,3,0.0,0.0,1.0,c234,c5
8020,3,0.0,0.0,1.0,c1,c5
8021,5,0.0,1.0,0.0,c234,c234
8022,3,0.0,0.0,1.0,c5,c5
8023,5,0.0,1.0,0.0,c1,c234
8024,5,0.0,1.0,0.0,c1,c234
8025,3,0.0,0.0,1.0,c5,c5
8026,2,0.0,0.0,1.0,c1,c5
8027,3,0.0,0.0,1.0,c234,c5
8028,3,0.0,0.0,1.0,c1,c5
8029,1,0.0,0.0,1.0,c234,c5
8030,2,0.0,0.0,1.0,c5,c5
8031,2,0.0,0.0,1.0,c1,c5
8032,3,0.0,0.0,1.0,c1,c5
8033,2,0.0,0.0,1.0,c1,c5
8034,2,0.0,0.0,1.0,c234,c5
8035,5,0.0,1.0,0.0,c5,c234
8036,5,0.0,1.0,0.0,c5,c234
8037,1,0.0,0.0,1.0,c234,c5
8038,5,0.0,1.0,0.0,c1,c234
8039,5,0.0,1.0,0.0,c5,c234
8040,1,0.0,0.0,1.0,c5,c5
8041,5,0.0,1.0,0.0,c234,c234
8042,3,0.0,0.0,1.0,c234,c5
8043,4,0.0,0.0,1.0,c5,c5
8044,4,0.0,0.0,1.0,c234,c5
8045,4,0.0,0.0,1.0,c1,c5
8046,4,0.0,0.0,1.0,c5,c5
8047,4,0.0,0.0,1.0,c5,c5
8048,5,0.0,1.0,0.0,c1,c234
8049,5,0.0,1.0,0.0,c5,c234
8050,2,0.0,0.0,1.0,c1,c5
8051,3,0.0,0.0,1.0,c1,c5
8052,4,0.0,0.0,1.0,c1,c5
8053,4,0.0,0.0,1.0,c5,c5
8054,1,0.0,0.0,1.0,c234,c5
8055,2,0.0,0.0,1.0,c1,c5
8056,1,0.0,0.0,1.0,c5,c5
8057,1,0.0,0.0,1.0,c234,c5
8058,5,0.0,1.0,0.0,c1,c234
8059,5,0.0,1.0,0.0,c234,c234
8060,3,0.0,0.0,1.0,c5,c5
8061,2,0.0,0.0,1.0,c5,c5
8062,1,0.0,0.0,1.0,c234,c5
8063,5,0.0,1.0,0.0,c5,c234
8064,5,0.0,1.0,0.0,c5,c234
8065,3,0.0,0.0,1.0,c5,c5
8066,4,0.0,0.0,1.0,c234,c5
8067,1,0.0,0.0,1.0,c1,c5
8068,5,0.0,1.0,0.0,c5,c234
8069,4,0.0,0.0,1.0,c234,c5
8070,5,0.0,1.0,0.0,c234,c234
8071,3,0.0,0.0,1.0,c234,c5
8072,1,0.0,0.0,1.0,c234,c5
8073,2,0.0,0.0,1.0,c1,c5
8074,2,0.0,0.0,1.0,c234,c5
8075,4,0.0,0.0,1.0,c5,c5
8076,2,0.0,0.0,1.0,c234,c5
8077,4,0.0,0.0,1.0,c1,c5
8078,2,0.0,0.0,1.0,c1,c5
8079,5,0.0,1.0,0.0,c1,c234
8080,2,0.0,0.0,1.0,c5,c5
8081,3,0.0,0.0,1.0,c234,c5
8082,3,0.0,0.0,1.0,c5,c5
8083,5,0.0,1.0,0.0,c1,c234
8084,1,0.0,0.0,1.0,c5,c5
8085,1,0.0,0.0,1.0,c234,c5
8086,3,0.0,0.0,1.0,c1,c5
8087,1,0.0,0.0,1.0,c1,c5
8088,3,0.0,0.0,1.0,c5,c5
8089,3,0.0,0.0,1.0,c5,c5
8090,3,0.0,0.0,1.0,c1,c5
8091,1,0.0,0.0,1.0,c234,c5
8092,3,0.0,0.0,1.0,c1,c5
8093,3,0.0,0.0,1.0,c5,c5
8094,4,0.0,0.0,1.0,c234,c5
8095,2,0.0,0.0,1.0,c234,c5
8096,5,0.0,1.0,0.0,c5,c234
8097,1,0.0,0.0,1.0,c5,c5
8098,5,0.0,1.0,0.0,c234,c234
8099,4,0.0,0.0,1.0,c5,c5
8100,5,0.0,1.0,0.0,c1,c234
8101,3,0.0,0.0,1.0,c5,c5
8102,3,0.0,0.0,1.0,c5,c5
8103,2,0.0,0.0,1.0,c1,c5
8104,3,0.0,0.0,1.0,c1,c5
8105,1,0.0,0.0,1.0,c5,c5
8106,1,0.0,0.0,1.0,c1,c5
8107,5,0.0,1.0,0.0,c234,c234
8108,5,0.0,1.0,0.0,c1,c234
8109,4,0.0,0.0,1.0,c5,c5
8110,2,0.0,0.0,1.0,c234,c5
8111,1,0.0,0.0,1.0,c234,c5
8112,4,0.0,0.0,1.0,c1,c5
8113,5,0.0,1.0,0.0,c5,c234
8114,5,0.0,1.0,0.0,c234,c234
8115,3,0.0,0.0,1.0,c234,c5
8116,1,0.0,0.0,1.0,c5,c5
8117,4,0.0,0.0,1.0,c5,c5
8118,5,0.0,1.0,0.0,c5,c234
8119,3,0.0,0.0,1.0,c5,c5
8120,1,0.0,0.0,1.0,c1,c5
8121,1,0.0,0.0,1.0,c234,c5
8122,3,0.0,0.0,1.0,c234,c5
8123,3,0.0,0.0,1.0,c5,c5
8124,1,0.0,0.0,1.0,c234,c5
8125,1,0.0,0.0,1.0,c5,c5
8126,3,0.0,0.0,1.0,c234,c5
8127,5,0.0,1.0,0.0,c234,c234
8128,1,0.0,0.0,1.0,c234,c5
8129,3,0.0,0.0,1.0,c234,c5
8130,4,0.0,0.0,1.0,c5,c5
8131,5,0.0,1.0,0.0,c5,c234
8132,5,0.0,1.0,0.0,c234,c234
8133,5,0.0,1.0,0.0,c234,c234
8134,2,0.0,0.0,1.0,c234,c5
8135,2,0.0,0.0,1.0,c1,c5
8136,3,0.0,0.0,1.0,c1,c5
8137,5,0.0,1.0,0.0,c234,c234
8138,3,0.0,0.0,1.0,c5,c5
8139,4,0.0,0.0,1.0,c5,c5
8140,5,0.0,1.0,0.0,c5,c234
8141,5,0.0,1.0,0.0,c1,c234
8142,3,0.0,0.0,1.0,c1,c5
8143,4,0.0,0.0,1.0,c234,c5
8144,1,0.0,0.0,1.0,c5,c5
8145,5,0.0,1.0,0.0,c1,c234
8146,1,0.0,0.0,1.0,c5,c5
8147,4,0.0,0.0,1.0,c1,c5
8148,4,0.0,0.0,1.0,c5,c5
8149,3,0.0,0.0,1.0,c234,c5
8150,1,0.0,0.0,1.0,c234,c5
8151,4,0.0,0.0,1.0,c1,c5
8152,4,0.0,0.0,1.0,c1,c5
8153,2,0.0,0.0,1.0,c234,c5
8154,2,0.0,0.0,1.0,c5,c5
8155,4,0.0,0.0,1.0,c234,c5
8156,3,0.0,0.0,1.0,c5,c5
8157,5,0.0,1.0,0.0,c234,c234
8158,1,0.0,0.0,1.0,c1,c5
8159,3,0.0,0.0,1.0,c5,c5
8160,5,0.0,1.0,0.0,c5,c234
8161,1,0.0,0.0,1.0,c5,c5
8162,1,0.0,0.0,1.0,c1,c5
8163,4,0.0,0.0,1.0,c5,c5
8164,2,0.0,0.0,1.0,c5,c5
8165,5,0.0,1.0,0.0,c5,c234
8166,1,0.0,0.0,1.0,c234,c5
8167,2,0.0,0.0,1.0,c1,c5
8168,4,0.0,0.0,1.0,c234,c5
8169,5,0.0,1.0,0.0,c1,c234
8170,5,0.0,1.0,0.0,c5,c234
8171,4,0.0,0.0,1.0,c1,c5
8172,1,0.0,0.0,1.0,c5,c5
8173,5,0.0,1.0,0.0,c234,c234
8174,5,0.0,1.0,0.0,c1,c234
8175,2,0.0,0.0,1.0,c1,c5
8176,4,0.0,0.0,1.0,c1,c5
8177,3,0.0,0.0,1.0,c1,c5
8178,3,0.0,0.0,1.0,c1,c5
8179,3,0.0,0.0,1.0,c234,c5
8180,5,0.0,1.0,0.0,c5,c234
8181,2,0.0,0.0,1.0,c1,c5
8182,3,0.0,0.0,1.0,c1,c5
8183,3,0.0,0.0,1.0,c5,c5
8184,4,0.0,0.0,1.0,c1,c5
8185,4,0.0,0.0,1.0,c5,c5
8186,1,0.0,0.0,1.0,c1,c5
8187,2,0.0,0.0,1.0,c5,c5
8188,4,0.0,0.0,1.0,c1,c5
8189,4,0.0,0.0,1.0,c234,c5
8190,2,0.0,0.0,1.0,c234,c5
8191,1,0.0,0.0,1.0,c234,c5
8192,4,0.0,0.0,1.0,c234,c5
8193,2,0.0,0.0,1.0,c1,c5
8194,1,0.0,0.0,1.0,c5,c5
8195,1,0.0,0.0,1.0,c5,c5
8196,2,0.0,0.0,1.0,c234,c5
8197,1,0.0,0.0,1.0,c234,c5
8198,3,0.0,0.0,1.0,c1,c5
8199,3,0.0,0.0,1.0,c1,c5
8200,1,0.0,0.0,1.0,c5,c5
8201,3,0.0,0.0,1.0,c5,c5
8202,3,0.0,0.0,1.0,c1,c5
8203,1,0.0,0.0,1.0,c234,c5
8204,5,0.0,1.0,0.0,c5,c234
8205,3,0.0,0.0,1.0,c1,c5
8206,5,0.0,1.0,0.0,c1,c234
8207,2,0.0,0.0,1.0,c1,c5
8208,3,0.0,0.0,1.0,c1,c5
8209,2,0.0,0.0,1.0,c234,c5
8210,1,0.0,0.0,1.0,c234,c5
8211,4,0.0,0.0,1.0,c234,c5
8212,4,0.0,0.0,1.0,c1,c5
8213,4,0.0,0.0,1.0,c234,c5
8214,4,0.0,0.0,1.0,c234,c5
8215,2,0.0,0.0,1.0,c234,c5
8216,2,0.0,0.0,1.0,c1,c5
8217,5,0.0,1.0,0.0,c5,c234
8218,1,0.0,0.0,1.0,c5,c5
8219,1,0.0,0.0,1.0,c1,c5
8220,3,0.0,0.0,1.0,c5,c5
8221,5,0.0,1.0,0.0,c5,c234
8222,5,0.0,1.0,0.0,c234,c234
8223,3,0.0,0.0,1.0,c234,c5
8224,5,0.0,1.0,0.0,c234,c234
8225,5,0.0,1.0,0.0,c1,c234
8226,3,0.0,0.0,1.0,c234,c5
8227,4,0.0,0.0,1.0,c234,c5
8228,2,0.0,0.0,1.0,c1,c5
8229,5,0.0,1.0,0.0,c5,c234
8230,5,0.0,1.0,0.0,c5,c234
8231,1,0.0,0.0,1.0,c5,c5
8232,2,0.0,0.0,1.0,c5,c5
8233,3,0.0,0.0,1.0,c234,c5
8234,5,0.0,1.0,0.0,c234,c234
8235,1,0.0,0.0,1.0,c234,c5
8236,2,0.0,0.0,1.0,c1,c5
8237,2,0.0,0.0,1.0,c5,c5
8238,4,0.0,0.0,1.0,c1,c5
8239,2,0.0,0.0,1.0,c5,c5
8240,2,0.0,0.0,1.0,c1,c5
8241,2,0.0,0.0,1.0,c5,c5
8242,5,0.0,1.0,0.0,c234,c234
8243,2,0.0,0.0,1.0,c1,c5
8244,3,0.0,0.0,1.0,c234,c5
8245,2,0.0,0.0,1.0,c5,c5
8246,1,0.0,0.0,1.0,c5,c5
8247,2,0.0,0.0,1.0,c234,c5
8248,4,0.0,0.0,1.0,c234,c5
8249,3,0.0,0.0,1.0,c234,c5
8250,3,0.0,0.0,1.0,c234,c5
8251,3,0.0,0.0,1.0,c1,c5
8252,2,0.0,0.0,1.0,c234,c5
8253,1,0.0,0.0,1.0,c5,c5
8254,5,0.0,1.0,0.0,c234,c234
8255,3,0.0,0.0,1.0,c1,c5
8256,1,0.0,0.0,1.0,c234,c5
8257,2,0.0,0.0,1.0,c234,c5
8258,3,0.0,0.0,1.0,c234,c5
8259,2,0.0,0.0,1.0,c1,c5
8260,3,0.0,0.0,1.0,c1,c5
8261,1,0.0,0.0,1.0,c5,c5
8262,1,0.0,0.0,1.0,c1,c5
8263,2,0.0,0.0,1.0,c234,c5
8264,2,0.0,0.0,1.0,c234,c5
8265,4,0.0,0.0,1.0,c234,c5
8266,2,0.0,0.0,1.0,c5,c5
8267,5,0.0,1.0,0.0,c1,c234
8268,1,0.0,0.0,1.0,c1,c5
8269,4,0.0,0.0,1.0,c5,c5
8270,1,0.0,0.0,1.0,c5,c5
8271,5,0.0,1.0,0.0,c1,c234
8272,2,0.0,0.0,1.0,c1,c5
8273,4,0.0,0.0,1.0,c234,c5
8274,1,0.0,0.0,1.0,c234,c5
8275,3,0.0,0.0,1.0,c1,c5
8276,4,0.0,0.0,1.0,c1,c5
8277,3,0.0,0.0,1.0,c1,c5
8278,1,0.0,0.0,1.0,c1,c5
8279,4,0.0,0.0,1.0,c1,c5
8280,2,0.0,0.0,1.0,c234,c5
8281,5,0.0,1.0,0.0,c5,c234
8282,1,0.0,0.0,1.0,c1,c5
8283,1,0.0,0.0,1.0,c5,c5
8284,1,0.0,0.0,1.0,c5,c5
8285,5,0.0,1.0,0.0,c234,c234
8286,2,0.0,0.0,1.0,c5,c5
8287,2,0.0,0.0,1.0,c234,c5
8288,5,0.0,1.0,0.0,c234,c234
8289,3,0.0,0.0,1.0,c5,c5
8290,2,0.0,0.0,1.0,c5,c5
8291,5,0.0,1.0,0.0,c234,c234
8292,3,0.0,0.0,1.0,c234,c5
8293,4,0.0,0.0,1.0,c234,c5
8294,2,0.0,0.0,1.0,c234,c5
8295,2,0.0,0.0,1.0,c1,c5
8296,4,0.0,0.0,1.0,c5,c5
8297,2,0.0,0.0,1.0,c1,c5
8298,4,0.0,0.0,1.0,c1,c5
8299,3,0.0,0.0,1.0,c1,c5
8300,5,0.0,1.0,0.0,c234,c234
8301,2,0.0,0.0,1.0,c234,c5
8302,5,0.0,1.0,0.0,c234,c234
8303,1,0.0,0.0,1.0,c234,c5
8304,5,0.0,1.0,0.0,c234,c234
8305,2,0.0,0.0,1.0,c234,c5
8306,3,0.0,0.0,1.0,c1,c5
8307,4,0.0,0.0,1.0,c234,c5
8308,1,0.0,0.0,1.0,c5,c5
8309,2,0.0,0.0,1.0,c5,c5
8310,5,0.0,1.0,0.0,c5,c234
8311,3,0.0,0.0,1.0,c1,c5
8312,5,0.0,1.0,0.0,c5,c234
8313,2,0.0,0.0,1.0,c234,c5
8314,3,0.0,0.0,1.0,c1,c5
8315,3,0.0,0.0,1.0,c1,c5
8316,3,0.0,0.0,1.0,c234,c5
8317,5,0.0,1.0,0.0,c234,c234
8318,2,0.0,0.0,1.0,c1,c5
8319,2,0.0,0.0,1.0,c234,c5
8320,2,0.0,0.0,1.0,c5,c5
8321,1,0.0,0.0,1.0,c5,c5
8322,5,0.0,1.0,0.0,c1,c234
8323,2,0.0,0.0,1.0,c5,c5
8324,4,0.0,0.0,1.0,c5,c5
8325,2,0.0,0.0,1.0,c1,c5
8326,4,0.0,0.0,1.0,c1,c5
8327,3,0.0,0.0,1.0,c1,c5
8328,4,0.0,0.0,1.0,c234,c5
8329,3,0.0,0.0,1.0,c1,c5
8330,2,0.0,0.0,1.0,c5,c5
8331,3,0.0,0.0,1.0,c5,c5
8332,3,0.0,0.0,1.0,c1,c5
8333,1,0.0,0.0,1.0,c5,c5
8334,2,0.0,0.0,1.0,c5,c5
8335,3,0.0,0.0,1.0,c5,c5
8336,4,0.0,0.0,1.0,c234,c5
8337,5,0.0,1.0,0.0,c1,c234
8338,2,0.0,0.0,1.0,c5,c5
8339,5,0.0,1.0,0.0,c234,c234
8340,4,0.0,0.0,1.0,c1,c5
8341,4,0.0,0.0,1.0,c5,c5
8342,2,0.0,0.0,1.0,c234,c5
8343,5,0.0,1.0,0.0,c5,c234
8344,3,0.0,0.0,1.0,c1,c5
8345,2,0.0,0.0,1.0,c5,c5
8346,2,0.0,0.0,1.0,c1,c5
8347,4,0.0,0.0,1.0,c1,c5
8348,3,0.0,0.0,1.0,c234,c5
8349,2,0.0,0.0,1.0,c1,c5
8350,4,0.0,0.0,1.0,c1,c5
8351,3,0.0,0.0,1.0,c1,c5
8352,4,0.0,0.0,1.0,c1,c5
8353,4,0.0,0.0,1.0,c5,c5
8354,3,0.0,0.0,1.0,c234,c5
8355,1,0.0,0.0,1.0,c5,c5
8356,1,0.0,0.0,1.0,c5,c5
8357,5,0.0,1.0,0.0,c5,c234
8358,4,0.0,0.0,1.0,c234,c5
8359,4,0.0,0.0,1.0,c5,c5
8360,1,0.0,0.0,1.0,c1,c5
8361,5,0.0,1.0,0.0,c234,c234
8362,3,0.0,0.0,1.0,c234,c5
8363,2,0.0,0.0,1.0,c234,c5
8364,4,0.0,0.0,1.0,c5,c5
8365,4,0.0,0.0,1.0,c1,c5
8366,5,0.0,1.0,0.0,c1,c234
8367,4,0.0,0.0,1.0,c5,c5
8368,1,0.0,0.0,1.0,c5,c5
8369,3,0.0,0.0,1.0,c5,c5
8370,5,0.0,1.0,0.0,c5,c234
8371,5,0.0,1.0,0.0,c234,c234
8372,1,0.0,0.0,1.0,c1,c5
8373,4,0.0,0.0,1.0,c234,c5
8374,4,0.0,0.0,1.0,c5,c5
8375,3,0.0,0.0,1.0,c234,c5
8376,5,0.0,1.0,0.0,c5,c234
8377,4,0.0,0.0,1.0,c5,c5
8378,5,0.0,1.0,0.0,c234,c234
8379,3,0.0,0.0,1.0,c5,c5
8380,4,0.0,0.0,1.0,c234,c5
8381,3,0.0,0.0,1.0,c5,c5
8382,3,0.0,0.0,1.0,c1,c5
8383,2,0.0,0.0,1.0,c5,c5
8384,4,0.0,0.0,1.0,c1,c5
8385,4,0.0,0.0,1.0,c234,c5
8386,3,0.0,0.0,1.0,c234,c5
8387,1,0.0,0.0,1.0,c234,c5
8388,1,0.0,0.0,1.0,c1,c5
8389,3,0.0,0.0,1.0,c234,c5
8390,2,0.0,0.0,1.0,c1,c5
8391,2,0.0,0.0,1.0,c1,c5
8392,1,0.0,0.0,1.0,c5,c5
8393,3,0.0,0.0,1.0,c234,c5
8394,2,0.0,0.0,1.0,c1,c5
8395,2,0.0,0.0,1.0,c234,c5
8396,2,0.0,0.0,1.0,c5,c5
8397,5,0.0,1.0,0.0,c234,c234
8398,4,0.0,0.0,1.0,c234,c5
8399,4,0.0,0.0,1.0,c234,c5
8400,5,0.0,1.0,0.0,c1,c234
8401,2,0.0,0.0,1.0,c234,c5
8402,1,0.0,0.0,1.0,c5,c5
8403,5,0.0,1.0,0.0,c1,c234
8404,4,0.0,0.0,1.0,c234,c5
8405,2,0.0,0.0,1.0,c1,c5
8406,4,0.0,0.0,1.0,c234,c5
8407,3,0.0,0.0,1.0,c1,c5
8408,4,0.0,0.0,1.0,c5,c5
8409,2,0.0,0.0,1.0,c1,c5
8410,5,0.0,1.0,0.0,c1,c234
8411,4,0.0,0.0,1.0,c1,c5
8412,1,0.0,0.0,1.0,c5,c5
8413,2,0.0,0.0,1.0,c234,c5
8414,1,0.0,0.0,1.0,c5,c5
8415,5,0.0,1.0,0.0,c1,c234
8416,1,0.0,0.0,1.0,c1,c5
8417,4,0.0,0.0,1.0,c5,c5
8418,5,0.0,1.0,0.0,c5,c234
8419,3,0.0,0.0,1.0,c1,c5
8420,1,0.0,0.0,1.0,c234,c5
8421,4,0.0,0.0,1.0,c1,c5
8422,3,0.0,0.0,1.0,c1,c5
8423,2,0.0,0.0,1.0,c1,c5
8424,5,0.0,1.0,0.0,c234,c234
8425,2,0.0,0.0,1.0,c1,c5
8426,5,0.0,1.0,0.0,c1,c234
8427,2,0.0,0.0,1.0,c1,c5
8428,4,0.0,0.0,1.0,c234,c5
8429,3,0.0,0.0,1.0,c5,c5
8430,4,0.0,0.0,1.0,c234,c5
8431,1,0.0,0.0,1.0,c1,c5
8432,4,0.0,0.0,1.0,c5,c5
8433,2,0.0,0.0,1.0,c234,c5
8434,3,0.0,0.0,1.0,c1,c5
8435,3,0.0,0.0,1.0,c234,c5
8436,1,0.0,0.0,1.0,c234,c5
8437,5,0.0,1.0,0.0,c234,c234
8438,5,0.0,1.0,0.0,c1,c234
8439,2,0.0,0.0,1.0,c234,c5
8440,4,0.0,0.0,1.0,c5,c5
8441,4,0.0,0.0,1.0,c234,c5
8442,4,0.0,0.0,1.0,c234,c5
8443,5,0.0,1.0,0.0,c1,c234
8444,3,0.0,0.0,1.0,c5,c5
8445,1,0.0,0.0,1.0,c1,c5
8446,1,0.0,0.0,1.0,c1,c5
8447,1,0.0,0.0,1.0,c234,c5
8448,2,0.0,0.0,1.0,c5,c5
8449,3,0.0,0.0,1.0,c5,c5
8450,3,0.0,0.0,1.0,c1,c5
8451,4,0.0,0.0,1.0,c234,c5
8452,1,0.0,0.0,1.0,c5,c5
8453,2,0.0,0.0,1.0,c234,c5
8454,5,0.0,1.0,0.0,c5,c234
8455,2,0.0,0.0,1.0,c1,c5
8456,2,0.0,0.0,1.0,c5,c5
8457,3,0.0,0.0,1.0,c234,c5
8458,4,0.0,0.0,1.0,c5,c5
8459,2,0.0,0.0,1.0,c5,c5
8460,2,0.0,0.0,1.0,c234,c5
8461,1,0.0,0.0,1.0,c5,c5
8462,2,0.0,0.0,1.0,c234,c5
8463,2,0.0,0.0,1.0,c5,c5
8464,4,0.0,0.0,1.0,c234,c5
8465,4,0.0,0.0,1.0,c234,c5
8466,1,0.0,0.0,1.0,c5,c5
8467,4,0.0,0.0,1.0,c1,c5
8468,4,0.0,0.0,1.0,c234,c5
8469,5,0.0,1.0,0.0,c234,c234
8470,2,0.0,0.0,1.0,c1,c5
8471,1,0.0,0.0,1.0,c5,c5
8472,3,0.0,0.0,1.0,c5,c5
8473,2,0.0,0.0,1.0,c1,c5
8474,4,0.0,0.0,1.0,c5,c5
8475,5,0.0,1.0,0.0,c1,c234
8476,3,0.0,0.0,1.0,c234,c5
8477,4,0.0,0.0,1.0,c5,c5
8478,3,0.0,0.0,1.0,c5,c5
8479,5,0.0,1.0,0.0,c234,c234
8480,2,0.0,0.0,1.0,c234,c5
8481,5,0.0,1.0,0.0,c5,c234
8482,4,0.0,0.0,1.0,c1,c5
8483,4,0.0,0.0,1.0,c5,c5
8484,5,0.0,1.0,0.0,c234,c234
8485,3,0.0,0.0,1.0,c234,c5
8486,1,0.0,0.0,1.0,c1,c5
8487,2,0.0,0.0,1.0,c5,c5
8488,3,0.0,0.0,1.0,c5,c5
8489,5,0.0,1.0,0.0,c1,c234
8490,4,0.0,0.0,1.0,c234,c5
8491,5,0.0,1.0,0.0,c1,c234
8492,4,0.0,0.0,1.0,c5,c5
8493,5,0.0,1.0,0.0,c5,c234
8494,1,0.0,0.0,1.0,c234,c5
8495,2,0.0,0.0,1.0,c5,c5
8496,3,0.0,0.0,1.0,c234,c5
8497,1,0.0,0.0,1.0,c5,c5
8498,1,0.0,0.0,1.0,c1,c5
8499,5,0.0,1.0,0.0,c5,c234
8500,1,0.0,0.0,1.0,c234,c5
8501,2,0.0,0.0,1.0,c1,c5
8502,1,0.0,0.0,1.0,c1,c5
8503,1,0.0,0.0,1.0,c234,c5
8504,2,0.0,0.0,1.0,c1,c5
8505,1,0.0,0.0,1.0,c234,c5
8506,2,0.0,0.0,1.0,c234,c5
8507,4,0.0,0.0,1.0,c5,c5
8508,5,0.0,1.0,0.0,c5,c234
8509,5,0.0,1.0,0.0,c5,c234
8510,5,0.0,1.0,0.0,c1,c234
8511,3,0.0,0.0,1.0,c1,c5
8512,2,0.0,0.0,1.0,c5,c5
8513,1,0.0,0.0,1.0,c234,c5
8514,3,0.0,0.0,1.0,c1,c5
8515,2,0.0,0.0,1.0,c5,c5
8516,1,0.0,0.0,1.0,c1,c5
8517,2,0.0,0.0,1.0,c5,c5
8518,2,0.0,0.0,1.0,c1,c5
8519,1,0.0,0.0,1.0,c5,c5
8520,2,0.0,0.0,1.0,c234,c5
8521,1,0.0,0.0,1.0,c234,c5
8522,5,0.0,1.0,0.0,c1,c234
8523,1,0.0,0.0,1.0,c234,c5
8524,1,0.0,0.0,1.0,c1,c5
8525,1,0.0,0.0,1.0,c1,c5
8526,5,0.0,1.0,0.0,c5,c234
8527,3,0.0,0.0,1.0,c5,c5
8528,5,0.0,1.0,0.0,c234,c234
8529,1,0.0,0.0,1.0,c1,c5
8530,1,0.0,0.0,1.0,c1,c5
8531,1,0.0,0.0,1.0,c234,c5
8532,5,0.0,1.0,0.0,c1,c234
8533,3,0.0,0.0,1.0,c234,c5
8534,1,0.0,0.0,1.0,c5,c5
8535,5,0.0,1.0,0.0,c1,c234
8536,4,0.0,0.0,1.0,c5,c5
8537,1,0.0,0.0,1.0,c5,c5
8538,4,0.0,0.0,1.0,c234,c5
8539,4,0.0,0.0,1.0,c234,c5
8540,5,0.0,1.0,0.0,c5,c234
8541,4,0.0,0.0,1.0,c1,c5
8542,1,0.0,0.0,1.0,c1,c5
8543,1,0.0,0.0,1.0,c1,c5
8544,4,0.0,0.0,1.0,c1,c5
8545,4,0.0,0.0,1.0,c1,c5
8546,3,0.0,0.0,1.0,c234,c5
8547,4,0.0,0.0,1.0,c5,c5
8548,2,0.0,0.0,1.0,c5,c5
8549,1,0.0,0.0,1.0,c5,c5
8550,4,0.0,0.0,1.0,c5,c5
8551,3,0.0,0.0,1.0,c5,c5
8552,1,0.0,0.0,1.0,c5,c5
8553,1,0.0,0.0,1.0,c5,c5
8554,2,0.0,0.0,1.0,c234,c5
8555,4,0.0,0.0,1.0,c234,c5
8556,5,0.0,1.0,0.0,c5,c234
8557,1,0.0,0.0,1.0,c234,c5
8558,5,0.0,1.0,0.0,c1,c234
8559,2,0.0,0.0,1.0,c5,c5
8560,2,0.0,0.0,1.0,c234,c5
8561,3,0.0,0.0,1.0,c234,c5
8562,4,0.0,0.0,1.0,c1,c5
8563,2,0.0,0.0,1.0,c5,c5
8564,2,0.0,0.0,1.0,c5,c5
8565,1,0.0,0.0,1.0,c234,c5
8566,3,0.0,0.0,1.0,c1,c5
8567,1,0.0,0.0,1.0,c234,c5
8568,2,0.0,0.0,1.0,c5,c5
8569,1,0.0,0.0,1.0,c1,c5
8570,1,0.0,0.0,1.0,c1,c5
8571,1,0.0,0.0,1.0,c234,c5
8572,2,0.0,0.0,1.0,c1,c5
8573,3,0.0,0.0,1.0,c234,c5
8574,4,0.0,0.0,1.0,c1,c5
8575,5,0.0,1.0,0.0,c234,c234
8576,4,0.0,0.0,1.0,c234,c5
8577,2,0.0,0.0,1.0,c5,c5
8578,2,0.0,0.0,1.0,c1,c5
8579,1,0.0,0.0,1.0,c234,c5
8580,2,0.0,0.0,1.0,c1,c5
8581,2,0.0,0.0,1.0,c5,c5
8582,1,0.0,0.0,1.0,c5,c5
8583,5,0.0,1.0,0.0,c234,c234
8584,1,0.0,0.0,1.0,c5,c5
8585,5,0.0,1.0,0.0,c5,c234
8586,4,0.0,0.0,1.0,c234,c5
8587,1,0.0,0.0,1.0,c234,c5
8588,2,0.0,0.0,1.0,c234,c5
8589,4,0.0,0.0,1.0,c234,c5
8590,5,0.0,1.0,0.0,c5,c234
8591,3,0.0,0.0,1.0,c5,c5
8592,1,0.0,0.0,1.0,c1,c5
8593,5,0.0,1.0,0.0,c1,c234
8594,5,0.0,1.0,0.0,c234,c234
8595,5,0.0,1.0,0.0,c5,c234
8596,5,0.0,1.0,0.0,c5,c234
8597,3,0.0,0.0,1.0,c5,c5
8598,2,0.0,0.0,1.0,c5,c5
8599,3,0.0,0.0,1.0,c5,c5
8600,2,0.0,0.0,1.0,c1,c5
8601,1,0.0,0.0,1.0,c234,c5
8602,3,0.0,0.0,1.0,c1,c5
8603,3,0.0,0.0,1.0,c5,c5
8604,2,0.0,0.0,1.0,c234,c5
8605,4,0.0,0.0,1.0,c234,c5
8606,4,0.0,0.0,1.0,c1,c5
8607,3,0.0,0.0,1.0,c234,c5
8608,5,0.0,1.0,0.0,c5,c234
8609,5,0.0,1.0,0.0,c234,c234
8610,2,0.0,0.0,1.0,c1,c5
8611,5,0.0,1.0,0.0,c5,c234
8612,4,0.0,0.0,1.0,c5,c5
8613,4,0.0,0.0,1.0,c234,c5
8614,5,0.0,1.0,0.0,c5,c234
8615,4,0.0,0.0,1.0,c234,c5
8616,2,0.0,0.0,1.0,c1,c5
8617,2,0.0,0.0,1.0,c5,c5
8618,4,0.0,0.0,1.0,c234,c5
8619,1,0.0,0.0,1.0,c234,c5
8620,2,0.0,0.0,1.0,c1,c5
8621,3,0.0,0.0,1.0,c5,c5
8622,5,0.0,1.0,0.0,c234,c234
8623,1,0.0,0.0,1.0,c5,c5
8624,1,0.0,0.0,1.0,c234,c5
8625,1,0.0,0.0,1.0,c5,c5
8626,4,0.0,0.0,1.0,c234,c5
8627,5,0.0,1.0,0.0,c5,c234
8628,2,0.0,0.0,1.0,c5,c5
8629,4,0.0,0.0,1.0,c234,c5
8630,3,0.0,0.0,1.0,c5,c5
8631,2,0.0,0.0,1.0,c5,c5
8632,2,0.0,0.0,1.0,c5,c5
8633,2,0.0,0.0,1.0,c234,c5
8634,1,0.0,0.0,1.0,c1,c5
8635,5,0.0,1.0,0.0,c1,c234
8636,3,0.0,0.0,1.0,c1,c5
8637,3,0.0,0.0,1.0,c1,c5
8638,3,0.0,0.0,1.0,c1,c5
8639,1,0.0,0.0,1.0,c5,c5
8640,4,0.0,0.0,1.0,c1,c5
8641,5,0.0,1.0,0.0,c234,c234
8642,4,0.0,0.0,1.0,c5,c5
8643,3,0.0,0.0,1.0,c234,c5
8644,5,0.0,1.0,0.0,c1,c234
8645,4,0.0,0.0,1.0,c5,c5
8646,2,0.0,0.0,1.0,c234,c5
8647,4,0.0,0.0,1.0,c1,c5
8648,5,0.0,1.0,0.0,c5,c234
8649,2,0.0,0.0,1.0,c5,c5
8650,5,0.0,1.0,0.0,c5,c234
8651,3,0.0,0.0,1.0,c1,c5
8652,5,0.0,1.0,0.0,c1,c234
8653,5,0.0,1.0,0.0,c234,c234
8654,3,0.0,0.0,1.0,c234,c5
8655,5,0.0,1.0,0.0,c5,c234
8656,5,0.0,1.0,0.0,c234,c234
8657,5,0.0,1.0,0.0,c234,c234
8658,3,0.0,0.0,1.0,c5,c5
8659,4,0.0,0.0,1.0,c1,c5
8660,1,0.0,0.0,1.0,c234,c5
8661,4,0.0,0.0,1.0,c1,c5
8662,4,0.0,0.0,1.0,c234,c5
8663,2,0.0,0.0,1.0,c5,c5
8664,1,0.0,0.0,1.0,c5,c5
8665,2,0.0,0.0,1.0,c234,c5
8666,1,0.0,0.0,1.0,c1,c5
8667,4,0.0,0.0,1.0,c5,c5
8668,5,0.0,1.0,0.0,c5,c234
8669,2,0.0,0.0,1.0,c5,c5
8670,4,0.0,0.0,1.0,c5,c5
8671,4,0.0,0.0,1.0,c234,c5
8672,1,0.0,0.0,1.0,c1,c5
8673,2,0.0,0.0,1.0,c1,c5
8674,5,0.0,1.0,0.0,c234,c234
8675,1,0.0,0.0,1.0,c1,c5
8676,2,0.0,0.0,1.0,c234,c5
8677,5,0.0,1.0,0.0,c1,c234
8678,4,0.0,0.0,1.0,c234,c5
8679,5,0.0,1.0,0.0,c234,c234
8680,4,0.0,0.0,1.0,c234,c5
8681,2,0.0,0.0,1.0,c234,c5
8682,5,0.0,1.0,0.0,c234,c234
8683,5,0.0,1.0,0.0,c234,c234
8684,5,0.0,1.0,0.0,c234,c234
8685,3,0.0,0.0,1.0,c1,c5
8686,2,0.0,0.0,1.0,c1,c5
8687,5,0.0,1.0,0.0,c234,c234
8688,3,0.0,0.0,1.0,c234,c5
8689,3,0.0,0.0,1.0,c234,c5
8690,2,0.0,0.0,1.0,c1,c5
8691,5,0.0,1.0,0.0,c5,c234
8692,2,0.0,0.0,1.0,c1,c5
8693,4,0.0,0.0,1.0,c5,c5
8694,1,0.0,0.0,1.0,c5,c5
8695,5,0.0,1.0,0.0,c1,c234
8696,2,0.0,0.0,1.0,c1,c5
8697,1,0.0,0.0,1.0,c1,c5
8698,1,0.0,0.0,1.0,c5,c5
8699,4,0.0,0.0,1.0,c1,c5
8700,1,0.0,0.0,1.0,c5,c5
8701,5,0.0,1.0,0.0,c234,c234
8702,2,0.0,0.0,1.0,c234,c5
8703,4,0.0,0.0,1.0,c1,c5
8704,2,0.0,0.0,1.0,c234,c5
8705,4,0.0,0.0,1.0,c1,c5
8706,2,0.0,0.0,1.0,c234,c5
8707,4,0.0,0.0,1.0,c5,c5
8708,2,0.0,0.0,1.0,c1,c5
8709,2,0.0,0.0,1.0,c1,c5
8710,2,0.0,0.0,1.0,c1,c5
8711,5,0.0,1.0,0.0,c234,c234
8712,1,0.0,0.0,1.0,c5,c5
8713,1,0.0,0.0,1.0,c1,c5
8714,3,0.0,0.0,1.0,c1,c5
8715,4,0.0,0.0,1.0,c5,c5
8716,4,0.0,0.0,1.0,c234,c5
8717,3,0.0,0.0,1.0,c1,c5
8718,1,0.0,0.0,1.0,c5,c5
8719,2,0.0,0.0,1.0,c1,c5
8720,2,0.0,0.0,1.0,c5,c5
8721,1,0.0,0.0,1.0,c234,c5
8722,3,0.0,0.0,1.0,c234,c5
8723,2,0.0,0.0,1.0,c1,c5
8724,5,0.0,1.0,0.0,c5,c234
8725,3,0.0,0.0,1.0,c5,c5
8726,5,0.0,1.0,0.0,c1,c234
8727,3,0.0,0.0,1.0,c5,c5
8728,3,0.0,0.0,1.0,c1,c5
8729,2,0.0,0.0,1.0,c1,c5
8730,5,0.0,1.0,0.0,c1,c234
8731,5,0.0,1.0,0.0,c234,c234
8732,4,0.0,0.0,1.0,c234,c5
8733,2,0.0,0.0,1.0,c1,c5
8734,1,0.0,0.0,1.0,c5,c5
8735,2,0.0,0.0,1.0,c234,c5
8736,2,0.0,0.0,1.0,c234,c5
8737,4,0.0,0.0,1.0,c1,c5
8738,4,0.0,0.0,1.0,c5,c5
8739,3,0.0,0.0,1.0,c5,c5
8740,4,0.0,0.0,1.0,c234,c5
8741,1,0.0,0.0,1.0,c234,c5
8742,3,0.0,0.0,1.0,c1,c5
8743,5,0.0,1.0,0.0,c1,c234
8744,3,0.0,0.0,1.0,c5,c5
8745,4,0.0,0.0,1.0,c234,c5
8746,5,0.0,1.0,0.0,c234,c234
8747,2,0.0,0.0,1.0,c5,c5
8748,2,0.0,0.0,1.0,c234,c5
8749,1,0.0,0.0,1.0,c5,c5
8750,2,0.0,0.0,1.0,c5,c5
8751,2,0.0,0.0,1.0,c234,c5
8752,3,0.0,0.0,1.0,c234,c5
8753,4,0.0,0.0,1.0,c1,c5
8754,5,0.0,1.0,0.0,c234,c234
8755,1,0.0,0.0,1.0,c5,c5
8756,4,0.0,0.0,1.0,c1,c5
8757,2,0.0,0.0,1.0,c234,c5
8758,2,0.0,0.0,1.0,c234,c5
8759,5,0.0,1.0,0.0,c5,c234
8760,2,0.0,0.0,1.0,c234,c5
8761,3,0.0,0.0,1.0,c5,c5
8762,1,0.0,0.0,1.0,c5,c5
8763,5,0.0,1.0,0.0,c5,c234
8764,2,0.0,0.0,1.0,c5,c5
8765,2,0.0,0.0,1.0,c1,c5
8766,5,0.0,1.0,0.0,c5,c234
8767,2,0.0,0.0,1.0,c234,c5
8768,3,0.0,0.0,1.0,c234,c5
8769,1,0.0,0.0,1.0,c234,c5
8770,4,0.0,0.0,1.0,c5,c5
8771,2,0.0,0.0,1.0,c5,c5
8772,1,0.0,0.0,1.0,c5,c5
8773,5,0.0,1.0,0.0,c5,c234
8774,2,0.0,0.0,1.0,c5,c5
8775,1,0.0,0.0,1.0,c234,c5
8776,5,0.0,1.0,0.0,c1,c234
8777,4,0.0,0.0,1.0,c5,c5
8778,3,0.0,0.0,1.0,c5,c5
8779,2,0.0,0.0,1.0,c1,c5
8780,4,0.0,0.0,1.0,c1,c5
8781,4,0.0,0.0,1.0,c5,c5
8782,5,0.0,1.0,0.0,c5,c234
8783,4,0.0,0.0,1.0,c1,c5
8784,3,0.0,0.0,1.0,c5,c5
8785,4,0.0,0.0,1.0,c5,c5
8786,5,0.0,1.0,0.0,c234,c234
8787,1,0.0,0.0,1.0,c5,c5
8788,4,0.0,0.0,1.0,c1,c5
8789,3,0.0,0.0,1.0,c1,c5
8790,3,0.0,0.0,1.0,c1,c5
8791,1,0.0,0.0,1.0,c1,c5
8792,2,0.0,0.0,1.0,c1,c5
8793,3,0.0,0.0,1.0,c5,c5
8794,5,0.0,1.0,0.0,c5,c234
8795,3,0.0,0.0,1.0,c5,c5
8796,5,0.0,1.0,0.0,c5,c234
8797,4,0.0,0.0,1.0,c1,c5
8798,5,0.0,1.0,0.0,c1,c234
8799,4,0.0,0.0,1.0,c5,c5
8800,3,0.0,0.0,1.0,c234,c5
8801,4,0.0,0.0,1.0,c234,c5
8802,2,0.0,0.0,1.0,c1,c5
8803,3,0.0,0.0,1.0,c234,c5
8804,1,0.0,0.0,1.0,c1,c5
8805,4,0.0,0.0,1.0,c5,c5
8806,4,0.0,0.0,1.0,c234,c5
8807,1,0.0,0.0,1.0,c234,c5
8808,1,0.0,0.0,1.0,c234,c5
8809,3,0.0,0.0,1.0,c5,c5
8810,5,0.0,1.0,0.0,c1,c234
8811,5,0.0,1.0,0.0,c234,c234
8812,4,0.0,0.0,1.0,c1,c5
8813,2,0.0,0.0,1.0,c1,c5
8814,5,0.0,1.0,0.0,c1,c234
8815,2,0.0,0.0,1.0,c1,c5
8816,1,0.0,0.0,1.0,c234,c5
8817,1,0.0,0.0,1.0,c234,c5
8818,4,0.0,0.0,1.0,c234,c5
8819,1,0.0,0.0,1.0,c1,c5
8820,4,0.0,0.0,1.0,c1,c5
8821,1,0.0,0.0,1.0,c1,c5
8822,1,0.0,0.0,1.0,c5,c5
8823,5,0.0,1.0,0.0,c5,c234
8824,4,0.0,0.0,1.0,c5,c5
8825,2,0.0,0.0,1.0,c5,c5
8826,3,0.0,0.0,1.0,c1,c5
8827,4,0.0,0.0,1.0,c234,c5
8828,2,0.0,0.0,1.0,c5,c5
8829,1,0.0,0.0,1.0,c1,c5
8830,2,0.0,0.0,1.0,c234,c5
8831,2,0.0,0.0,1.0,c1,c5
8832,3,0.0,0.0,1.0,c1,c5
8833,5,0.0,1.0,0.0,c234,c234
8834,3,0.0,0.0,1.0,c5,c5
8835,4,0.0,0.0,1.0,c5,c5
8836,3,0.0,0.0,1.0,c5,c5
8837,2,0.0,0.0,1.0,c5,c5
8838,2,0.0,0.0,1.0,c5,c5
8839,4,0.0,0.0,1.0,c1,c5
8840,1,0.0,0.0,1.0,c234,c5
8841,5,0.0,1.0,0.0,c5,c234
8842,2,0.0,0.0,1.0,c234,c5
8843,3,0.0,0.0,1.0,c5,c5
8844,5,0.0,1.0,0.0,c234,c234
8845,1,0.0,0.0,1.0,c234,c5
8846,5,0.0,1.0,0.0,c234,c234
8847,1,0.0,0.0,1.0,c1,c5
8848,5,0.0,1.0,0.0,c1,c234
8849,2,0.0,0.0,1.0,c234,c5
8850,2,0.0,0.0,1.0,c234,c5
8851,5,0.0,1.0,0.0,c5,c234
8852,1,0.0,0.0,1.0,c5,c5
8853,1,0.0,0.0,1.0,c5,c5
8854,4,0.0,0.0,1.0,c1,c5
8855,2,0.0,0.0,1.0,c234,c5
8856,4,0.0,0.0,1.0,c1,c5
8857,3,0.0,0.0,1.0,c5,c5
8858,1,0.0,0.0,1.0,c234,c5
8859,2,0.0,0.0,1.0,c5,c5
8860,2,0.0,0.0,1.0,c234,c5
8861,4,0.0,0.0,1.0,c234,c5
8862,4,0.0,0.0,1.0,c234,c5
8863,3,0.0,0.0,1.0,c234,c5
8864,1,0.0,0.0,1.0,c5,c5
8865,4,0.0,0.0,1.0,c5,c5
8866,5,0.0,1.0,0.0,c1,c234
8867,3,0.0,0.0,1.0,c5,c5
8868,2,0.0,0.0,1.0,c5,c5
8869,4,0.0,0.0,1.0,c234,c5
8870,5,0.0,1.0,0.0,c5,c234
8871,1,0.0,0.0,1.0,c5,c5
8872,3,0.0,0.0,1.0,c234,c5
8873,3,0.0,0.0,1.0,c5,c5
8874,3,0.0,0.0,1.0,c5,c5
8875,1,0.0,0.0,1.0,c1,c5
8876,3,0.0,0.0,1.0,c5,c5
8877,2,0.0,0.0,1.0,c234,c5
8878,1,0.0,0.0,1.0,c1,c5
8879,3,0.0,0.0,1.0,c234,c5
8880,5,0.0,1.0,0.0,c234,c234
8881,3,0.0,0.0,1.0,c234,c5
8882,4,0.0,0.0,1.0,c1,c5
8883,1,0.0,0.0,1.0,c5,c5
8884,1,0.0,0.0,1.0,c1,c5
8885,1,0.0,0.0,1.0,c234,c5
8886,3,0.0,0.0,1.0,c5,c5
8887,1,0.0,0.0,1.0,c5,c5
8888,2,0.0,0.0,1.0,c5,c5
8889,5,0.0,1.0,0.0,c1,c234
8890,5,0.0,1.0,0.0,c1,c234
8891,5,0.0,1.0,0.0,c234,c234
8892,4,0.0,0.0,1.0,c234,c5
8893,1,0.0,0.0,1.0,c5,c5
8894,5,0.0,1.0,0.0,c1,c234
8895,5,0.0,1.0,0.0,c234,c234
8896,1,0.0,0.0,1.0,c234,c5
8897,3,0.0,0.0,1.0,c234,c5
8898,1,0.0,0.0,1.0,c234,c5
8899,4,0.0,0.0,1.0,c234,c5
8900,5,0.0,1.0,0.0,c1,c234
8901,4,0.0,0.0,1.0,c234,c5
8902,1,0.0,0.0,1.0,c234,c5
8903,2,0.0,0.0,1.0,c1,c5
8904,4,0.0,0.0,1.0,c234,c5
8905,4,0.0,0.0,1.0,c5,c5
8906,1,0.0,0.0,1.0,c234,c5
8907,3,0.0,0.0,1.0,c234,c5
8908,2,0.0,0.0,1.0,c1,c5
8909,2,0.0,0.0,1.0,c1,c5
8910,4,0.0,0.0,1.0,c1,c5
8911,4,0.0,0.0,1.0,c5,c5
8912,5,0.0,1.0,0.0,c234,c234
8913,1,0.0,0.0,1.0,c1,c5
8914,1,0.0,0.0,1.0,c1,c5
8915,3,0.0,0.0,1.0,c234,c5
8916,4,0.0,0.0,1.0,c1,c5
8917,3,0.0,0.0,1.0,c1,c5
8918,1,0.0,0.0,1.0,c234,c5
8919,4,0.0,0.0,1.0,c234,c5
8920,1,0.0,0.0,1.0,c1,c5
8921,1,0.0,0.0,1.0,c5,c5
8922,5,0.0,1.0,0.0,c1,c234
8923,4,0.0,0.0,1.0,c5,c5
8924,5,0.0,1.0,0.0,c234,c234
8925,3,0.0,0.0,1.0,c234,c5
8926,4,0.0,0.0,1.0,c5,c5
8927,3,0.0,0.0,1.0,c1,c5
8928,1,0.0,0.0,1.0,c5,c5
8929,1,0.0,0.0,1.0,c234,c5
8930,1,0.0,0.0,1.0,c234,c5
8931,1,0.0,0.0,1.0,c234,c5
8932,1,0.0,0.0,1.0,c5,c5
8933,4,0.0,0.0,1.0,c5,c5
8934,1,0.0,0.0,1.0,c234,c5
8935,1,0.0,0.0,1.0,c1,c5
8936,3,0.0,0.0,1.0,c5,c5
8937,1,0.0,0.0,1.0,c1,c5
8938,3,0.0,0.0,1.0,c1,c5
8939,2,0.0,0.0,1.0,c234,c5
8940,3,0.0,0.0,1.0,c1,c5
8941,2,0.0,0.0,1.0,c5,c5
8942,3,0.0,0.0,1.0,c1,c5
8943,1,0.0,0.0,1.0,c234,c5
8944,2,0.0,0.0,1.0,c234,c5
8945,1,0.0,0.0,1.0,c234,c5
8946,1,0.0,0.0,1.0,c1,c5
8947,3,0.0,0.0,1.0,c234,c5
8948,5,0.0,1.0,0.0,c1,c234
8949,3,0.0,0.0,1.0,c234,c5
8950,4,0.0,0.0,1.0,c1,c5
8951,4,0.0,0.0,1.0,c1,c5
8952,2,0.0,0.0,1.0,c5,c5
8953,3,0.0,0.0,1.0,c1,c5
8954,5,0.0,1.0,0.0,c1,c234
8955,4,0.0,0.0,1.0,c5,c5
8956,2,0.0,0.0,1.0,c5,c5
8957,5,0.0,1.0,0.0,c234,c234
8958,1,0.0,0.0,1.0,c5,c5
8959,3,0.0,0.0,1.0,c5,c5
8960,4,0.0,0.0,1.0,c234,c5
8961,5,0.0,1.0,0.0,c5,c234
8962,1,0.0,0.0,1.0,c1,c5
8963,2,0.0,0.0,1.0,c234,c5
8964,2,0.0,0.0,1.0,c5,c5
8965,3,0.0,0.0,1.0,c234,c5
8966,2,0.0,0.0,1.0,c234,c5
8967,4,0.0,0.0,1.0,c1,c5
8968,4,0.0,0.0,1.0,c5,c5
8969,2,0.0,0.0,1.0,c234,c5
8970,5,0.0,1.0,0.0,c234,c234
8971,1,0.0,0.0,1.0,c5,c5
8972,3,0.0,0.0,1.0,c1,c5
8973,5,0.0,1.0,0.0,c1,c234
8974,1,0.0,0.0,1.0,c1,c5
8975,2,0.0,0.0,1.0,c234,c5
8976,4,0.0,0.0,1.0,c5,c5
8977,3,0.0,0.0,1.0,c1,c5
8978,2,0.0,0.0,1.0,c1,c5
8979,4,0.0,0.0,1.0,c234,c5
8980,1,0.0,0.0,1.0,c234,c5
8981,1,0.0,0.0,1.0,c234,c5
8982,3,0.0,0.0,1.0,c234,c5
8983,1,0.0,0.0,1.0,c234,c5
8984,1,0.0,0.0,1.0,c1,c5
8985,2,0.0,0.0,1.0,c234,c5
8986,3,0.0,0.0,1.0,c1,c5
8987,3,0.0,0.0,1.0,c1,c5
8988,2,0.0,0.0,1.0,c5,c5
8989,1,0.0,0.0,1.0,c1,c5
8990,4,0.0,0.0,1.0,c5,c5
8991,5,0.0,1.0,0.0,c1,c234
8992,1,0.0,0.0,1.0,c1,c5
8993,1,0.0,0.0,1.0,c5,c5
8994,4,0.0,0.0,1.0,c1,c5
8995,5,0.0,1.0,0.0,c1,c234
8996,2,0.0,0.0,1.0,c5,c5
8997,4,0.0,0.0,1.0,c234,c5
8998,1,0.0,0.0,1.0,c1,c5
8999,4,0.0,0.0,1.0,c234,c5
9000,1,0.0,0.0,1.0,c234,c5
9001,1,0.0,0.0,1.0,c234,c5
9002,3,0.0,0.0,1.0,c234,c5
9003,2,0.0,0.0,1.0,c1,c5
9004,2,0.0,0.0,1.0,c5,c5
9005,4,0.0,0.0,1.0,c5,c5
9006,3,0.0,0.0,1.0,c234,c5
9007,4,0.0,0.0,1.0,c5,c5
9008,2,0.0,0.0,1.0,c234,c5
9009,2,0.0,0.0,1.0,c5,c5
9010,3,0.0,0.0,1.0,c1,c5
9011,2,0.0,0.0,1.0,c5,c5
9012,3,0.0,0.0,1.0,c5,c5
9013,2,0.0,0.0,1.0,c234,c5
9014,1,0.0,0.0,1.0,c5,c5
9015,4,0.0,0.0,1.0,c234,c5
9016,5,0.0,1.0,0.0,c1,c234
9017,5,0.0,1.0,0.0,c1,c234
9018,3,0.0,0.0,1.0,c5,c5
9019,5,0.0,1.0,0.0,c1,c234
9020,4,0.0,0.0,1.0,c1,c5
9021,5,0.0,1.0,0.0,c1,c234
9022,4,0.0,0.0,1.0,c5,c5
9023,5,0.0,1.0,0.0,c1,c234
9024,1,0.0,0.0,1.0,c234,c5
9025,3,0.0,0.0,1.0,c1,c5
9026,1,0.0,0.0,1.0,c234,c5
9027,3,0.0,0.0,1.0,c234,c5
9028,3,0.0,0.0,1.0,c1,c5
9029,5,0.0,1.0,0.0,c234,c234
9030,3,0.0,0.0,1.0,c1,c5
9031,1,0.0,0.0,1.0,c1,c5
9032,5,0.0,1.0,0.0,c234,c234
9033,4,0.0,0.0,1.0,c1,c5
9034,1,0.0,0.0,1.0,c1,c5
9035,4,0.0,0.0,1.0,c1,c5
9036,1,0.0,0.0,1.0,c5,c5
9037,1,0.0,0.0,1.0,c5,c5
9038,4,0.0,0.0,1.0,c5,c5
9039,5,0.0,1.0,0.0,c234,c234
9040,5,0.0,1.0,0.0,c234,c234
9041,1,0.0,0.0,1.0,c1,c5
9042,2,0.0,0.0,1.0,c1,c5
9043,1,0.0,0.0,1.0,c5,c5
9044,5,0.0,1.0,0.0,c5,c234
9045,1,0.0,0.0,1.0,c234,c5
9046,5,0.0,1.0,0.0,c234,c234
9047,2,0.0,0.0,1.0,c1,c5
9048,1,0.0,0.0,1.0,c1,c5
9049,5,0.0,1.0,0.0,c234,c234
9050,1,0.0,0.0,1.0,c234,c5
9051,1,0.0,0.0,1.0,c234,c5
9052,1,0.0,0.0,1.0,c1,c5
9053,4,0.0,0.0,1.0,c5,c5
9054,1,0.0,0.0,1.0,c234,c5
9055,5,0.0,1.0,0.0,c5,c234
9056,2,0.0,0.0,1.0,c234,c5
9057,4,0.0,0.0,1.0,c1,c5
9058,3,0.0,0.0,1.0,c1,c5
9059,4,0.0,0.0,1.0,c1,c5
9060,1,0.0,0.0,1.0,c234,c5
9061,5,0.0,1.0,0.0,c1,c234
9062,1,0.0,0.0,1.0,c1,c5
9063,4,0.0,0.0,1.0,c1,c5
9064,3,0.0,0.0,1.0,c234,c5
9065,2,0.0,0.0,1.0,c234,c5
9066,4,0.0,0.0,1.0,c5,c5
9067,4,0.0,0.0,1.0,c5,c5
9068,2,0.0,0.0,1.0,c5,c5
9069,1,0.0,0.0,1.0,c5,c5
9070,1,0.0,0.0,1.0,c234,c5
9071,4,0.0,0.0,1.0,c5,c5
9072,2,0.0,0.0,1.0,c234,c5
9073,1,0.0,0.0,1.0,c5,c5
9074,4,0.0,0.0,1.0,c5,c5
9075,2,0.0,0.0,1.0,c234,c5
9076,3,0.0,0.0,1.0,c234,c5
9077,4,0.0,0.0,1.0,c234,c5
9078,1,0.0,0.0,1.0,c1,c5
9079,5,0.0,1.0,0.0,c1,c234
9080,3,0.0,0.0,1.0,c234,c5
9081,3,0.0,0.0,1.0,c234,c5
9082,4,0.0,0.0,1.0,c234,c5
9083,5,0.0,1.0,0.0,c234,c234
9084,5,0.0,1.0,0.0,c1,c234
9085,1,0.0,0.0,1.0,c1,c5
9086,3,0.0,0.0,1.0,c1,c5
9087,5,0.0,1.0,0.0,c5,c234
9088,4,0.0,0.0,1.0,c234,c5
9089,5,0.0,1.0,0.0,c234,c234
9090,1,0.0,0.0,1.0,c1,c5
9091,4,0.0,0.0,1.0,c234,c5
9092,4,0.0,0.0,1.0,c234,c5
9093,4,0.0,0.0,1.0,c5,c5
9094,5,0.0,1.0,0.0,c5,c234
9095,2,0.0,0.0,1.0,c1,c5
9096,1,0.0,0.0,1.0,c1,c5
9097,1,0.0,0.0,1.0,c1,c5
9098,1,0.0,0.0,1.0,c234,c5
9099,4,0.0,0.0,1.0,c1,c5
9100,5,0.0,1.0,0.0,c1,c234
9101,2,0.0,0.0,1.0,c5,c5
9102,4,0.0,0.0,1.0,c234,c5
9103,1,0.0,0.0,1.0,c1,c5
9104,2,0.0,0.0,1.0,c234,c5
9105,3,0.0,0.0,1.0,c5,c5
9106,2,0.0,0.0,1.0,c5,c5
9107,5,0.0,1.0,0.0,c234,c234
9108,2,0.0,0.0,1.0,c234,c5
9109,4,0.0,0.0,1.0,c234,c5
9110,4,0.0,0.0,1.0,c234,c5
9111,5,0.0,1.0,0.0,c1,c234
9112,3,0.0,0.0,1.0,c1,c5
9113,1,0.0,0.0,1.0,c234,c5
9114,3,0.0,0.0,1.0,c5,c5
9115,2,0.0,0.0,1.0,c234,c5
9116,3,0.0,0.0,1.0,c5,c5
9117,5,0.0,1.0,0.0,c1,c234
9118,4,0.0,0.0,1.0,c234,c5
9119,4,0.0,0.0,1.0,c5,c5
9120,5,0.0,1.0,0.0,c234,c234
9121,3,0.0,0.0,1.0,c1,c5
9122,5,0.0,1.0,0.0,c234,c234
9123,1,0.0,0.0,1.0,c1,c5
9124,3,0.0,0.0,1.0,c1,c5
9125,5,0.0,1.0,0.0,c234,c234
9126,1,0.0,0.0,1.0,c234,c5
9127,5,0.0,1.0,0.0,c234,c234
9128,2,0.0,0.0,1.0,c5,c5
9129,3,0.0,0.0,1.0,c5,c5
9130,1,0.0,0.0,1.0,c234,c5
9131,1,0.0,0.0,1.0,c1,c5
9132,4,0.0,0.0,1.0,c234,c5
9133,1,0.0,0.0,1.0,c1,c5
9134,5,0.0,1.0,0.0,c234,c234
9135,5,0.0,1.0,0.0,c5,c234
9136,1,0.0,0.0,1.0,c5,c5
9137,5,0.0,1.0,0.0,c234,c234
9138,5,0.0,1.0,0.0,c234,c234
9139,1,0.0,0.0,1.0,c5,c5
9140,5,0.0,1.0,0.0,c234,c234
9141,1,0.0,0.0,1.0,c1,c5
9142,1,0.0,0.0,1.0,c5,c5
9143,5,0.0,1.0,0.0,c234,c234
9144,5,0.0,1.0,0.0,c1,c234
9145,2,0.0,0.0,1.0,c5,c5
9146,1,0.0,0.0,1.0,c5,c5
9147,5,0.0,1.0,0.0,c1,c234
9148,2,0.0,0.0,1.0,c234,c5
9149,1,0.0,0.0,1.0,c234,c5
9150,3,0.0,0.0,1.0,c234,c5
9151,1,0.0,0.0,1.0,c1,c5
9152,2,0.0,0.0,1.0,c1,c5
9153,1,0.0,0.0,1.0,c234,c5
9154,4,0.0,0.0,1.0,c5,c5
9155,4,0.0,0.0,1.0,c1,c5
9156,1,0.0,0.0,1.0,c234,c5
9157,5,0.0,1.0,0.0,c234,c234
9158,5,0.0,1.0,0.0,c5,c234
9159,4,0.0,0.0,1.0,c1,c5
9160,4,0.0,0.0,1.0,c234,c5
9161,1,0.0,0.0,1.0,c1,c5
9162,4,0.0,0.0,1.0,c1,c5
9163,3,0.0,0.0,1.0,c234,c5
9164,2,0.0,0.0,1.0,c5,c5
9165,4,0.0,0.0,1.0,c1,c5
9166,1,0.0,0.0,1.0,c5,c5
9167,3,0.0,0.0,1.0,c1,c5
9168,1,0.0,0.0,1.0,c1,c5
9169,3,0.0,0.0,1.0,c234,c5
9170,5,0.0,1.0,0.0,c234,c234
9171,2,0.0,0.0,1.0,c5,c5
9172,2,0.0,0.0,1.0,c5,c5
9173,1,0.0,0.0,1.0,c1,c5
9174,1,0.0,0.0,1.0,c5,c5
9175,4,0.0,0.0,1.0,c234,c5
9176,2,0.0,0.0,1.0,c234,c5
9177,1,0.0,0.0,1.0,c234,c5
9178,4,0.0,0.0,1.0,c234,c5
9179,1,0.0,0.0,1.0,c5,c5
9180,3,0.0,0.0,1.0,c5,c5
9181,1,0.0,0.0,1.0,c1,c5
9182,4,0.0,0.0,1.0,c1,c5
9183,1,0.0,0.0,1.0,c5,c5
9184,4,0.0,0.0,1.0,c1,c5
9185,1,0.0,0.0,1.0,c234,c5
9186,5,0.0,1.0,0.0,c1,c234
9187,1,0.0,0.0,1.0,c1,c5
9188,3,0.0,0.0,1.0,c234,c5
9189,2,0.0,0.0,1.0,c234,c5
9190,4,0.0,0.0,1.0,c1,c5
9191,4,0.0,0.0,1.0,c5,c5
9192,1,0.0,0.0,1.0,c5,c5
9193,2,0.0,0.0,1.0,c1,c5
9194,4,0.0,0.0,1.0,c5,c5
9195,5,0.0,1.0,0.0,c5,c234
9196,2,0.0,0.0,1.0,c234,c5
9197,1,0.0,0.0,1.0,c234,c5
9198,5,0.0,1.0,0.0,c1,c234
9199,4,0.0,0.0,1.0,c234,c5
9200,4,0.0,0.0,1.0,c1,c5
9201,3,0.0,0.0,1.0,c5,c5
9202,2,0.0,0.0,1.0,c1,c5
9203,5,0.0,1.0,0.0,c234,c234
9204,1,0.0,0.0,1.0,c234,c5
9205,5,0.0,1.0,0.0,c5,c234
9206,2,0.0,0.0,1.0,c5,c5
9207,2,0.0,0.0,1.0,c1,c5
9208,4,0.0,0.0,1.0,c1,c5
9209,5,0.0,1.0,0.0,c5,c234
9210,5,0.0,1.0,0.0,c5,c234
9211,1,0.0,0.0,1.0,c1,c5
9212,4,0.0,0.0,1.0,c1,c5
9213,5,0.0,1.0,0.0,c5,c234
9214,3,0.0,0.0,1.0,c1,c5
9215,2,0.0,0.0,1.0,c1,c5
9216,1,0.0,0.0,1.0,c5,c5
9217,2,0.0,0.0,1.0,c234,c5
9218,4,0.0,0.0,1.0,c5,c5
9219,4,0.0,0.0,1.0,c1,c5
9220,4,0.0,0.0,1.0,c5,c5
9221,3,0.0,0.0,1.0,c5,c5
9222,1,0.0,0.0,1.0,c5,c5
9223,2,0.0,0.0,1.0,c5,c5
9224,5,0.0,1.0,0.0,c5,c234
9225,5,0.0,1.0,0.0,c5,c234
9226,5,0.0,1.0,0.0,c234,c234
9227,1,0.0,0.0,1.0,c234,c5
9228,3,0.0,0.0,1.0,c5,c5
9229,3,0.0,0.0,1.0,c1,c5
9230,3,0.0,0.0,1.0,c5,c5
9231,2,0.0,0.0,1.0,c5,c5
9232,3,0.0,0.0,1.0,c234,c5
9233,4,0.0,0.0,1.0,c1,c5
9234,2,0.0,0.0,1.0,c234,c5
9235,4,0.0,0.0,1.0,c5,c5
9236,3,0.0,0.0,1.0,c5,c5
9237,1,0.0,0.0,1.0,c5,c5
9238,1,0.0,0.0,1.0,c1,c5
9239,2,0.0,0.0,1.0,c1,c5
9240,1,0.0,0.0,1.0,c5,c5
9241,4,0.0,0.0,1.0,c234,c5
9242,2,0.0,0.0,1.0,c5,c5
9243,1,0.0,0.0,1.0,c5,c5
9244,3,0.0,0.0,1.0,c1,c5
9245,2,0.0,0.0,1.0,c1,c5
9246,1,0.0,0.0,1.0,c234,c5
9247,2,0.0,0.0,1.0,c1,c5
9248,4,0.0,0.0,1.0,c1,c5
9249,2,0.0,0.0,1.0,c234,c5
9250,1,0.0,0.0,1.0,c5,c5
9251,5,0.0,1.0,0.0,c5,c234
9252,5,0.0,1.0,0.0,c234,c234
9253,5,0.0,1.0,0.0,c5,c234
9254,2,0.0,0.0,1.0,c5,c5
9255,3,0.0,0.0,1.0,c234,c5
9256,2,0.0,0.0,1.0,c1,c5
9257,1,0.0,0.0,1.0,c1,c5
9258,3,0.0,0.0,1.0,c5,c5
9259,5,0.0,1.0,0.0,c1,c234
9260,1,0.0,0.0,1.0,c5,c5
9261,4,0.0,0.0,1.0,c5,c5
9262,4,0.0,0.0,1.0,c1,c5
9263,3,0.0,0.0,1.0,c234,c5
9264,2,0.0,0.0,1.0,c1,c5
9265,1,0.0,0.0,1.0,c5,c5
9266,4,0.0,0.0,1.0,c234,c5
9267,4,0.0,0.0,1.0,c1,c5
9268,2,0.0,0.0,1.0,c234,c5
9269,5,0.0,1.0,0.0,c1,c234
9270,4,0.0,0.0,1.0,c1,c5
9271,1,0.0,0.0,1.0,c5,c5
9272,3,0.0,0.0,1.0,c5,c5
9273,2,0.0,0.0,1.0,c1,c5
9274,5,0.0,1.0,0.0,c234,c234
9275,2,0.0,0.0,1.0,c5,c5
9276,4,0.0,0.0,1.0,c1,c5
9277,5,0.0,1.0,0.0,c1,c234
9278,2,0.0,0.0,1.0,c5,c5
9279,3,0.0,0.0,1.0,c234,c5
9280,5,0.0,1.0,0.0,c5,c234
9281,1,0.0,0.0,1.0,c234,c5
9282,5,0.0,1.0,0.0,c234,c234
9283,5,0.0,1.0,0.0,c5,c234
9284,2,0.0,0.0,1.0,c234,c5
9285,5,0.0,1.0,0.0,c234,c234
9286,3,0.0,0.0,1.0,c234,c5
9287,1,0.0,0.0,1.0,c1,c5
9288,4,0.0,0.0,1.0,c234,c5
9289,3,0.0,0.0,1.0,c234,c5
9290,1,0.0,0.0,1.0,c5,c5
9291,3,0.0,0.0,1.0,c1,c5
9292,3,0.0,0.0,1.0,c234,c5
9293,2,0.0,0.0,1.0,c5,c5
9294,5,0.0,1.0,0.0,c5,c234
9295,5,0.0,1.0,0.0,c1,c234
9296,2,0.0,0.0,1.0,c234,c5
9297,5,0.0,1.0,0.0,c1,c234
9298,1,0.0,0.0,1.0,c5,c5
9299,1,0.0,0.0,1.0,c5,c5
9300,1,0.0,0.0,1.0,c1,c5
9301,5,0.0,1.0,0.0,c234,c234
9302,1,0.0,0.0,1.0,c1,c5
9303,2,0.0,0.0,1.0,c5,c5
9304,5,0.0,1.0,0.0,c234,c234
9305,2,0.0,0.0,1.0,c234,c5
9306,2,0.0,0.0,1.0,c5,c5
9307,2,0.0,0.0,1.0,c234,c5
9308,4,0.0,0.0,1.0,c5,c5
9309,2,0.0,0.0,1.0,c5,c5
9310,5,0.0,1.0,0.0,c1,c234
9311,3,0.0,0.0,1.0,c1,c5
9312,3,0.0,0.0,1.0,c5,c5
9313,2,0.0,0.0,1.0,c234,c5
9314,5,0.0,1.0,0.0,c234,c234
9315,2,0.0,0.0,1.0,c5,c5
9316,3,0.0,0.0,1.0,c5,c5
9317,3,0.0,0.0,1.0,c5,c5
9318,5,0.0,1.0,0.0,c5,c234
9319,2,0.0,0.0,1.0,c1,c5
9320,1,0.0,0.0,1.0,c234,c5
9321,1,0.0,0.0,1.0,c1,c5
9322,1,0.0,0.0,1.0,c5,c5
9323,3,0.0,0.0,1.0,c5,c5
9324,4,0.0,0.0,1.0,c234,c5
9325,1,0.0,0.0,1.0,c5,c5
9326,1,0.0,0.0,1.0,c5,c5
9327,2,0.0,0.0,1.0,c234,c5
9328,3,0.0,0.0,1.0,c1,c5
9329,3,0.0,0.0,1.0,c1,c5
9330,5,0.0,1.0,0.0,c5,c234
9331,2,0.0,0.0,1.0,c1,c5
9332,1,0.0,0.0,1.0,c5,c5
9333,1,0.0,0.0,1.0,c1,c5
9334,3,0.0,0.0,1.0,c1,c5
9335,4,0.0,0.0,1.0,c234,c5
9336,5,0.0,1.0,0.0,c5,c234
9337,1,0.0,0.0,1.0,c1,c5
9338,5,0.0,1.0,0.0,c1,c234
9339,3,0.0,0.0,1.0,c234,c5
9340,3,0.0,0.0,1.0,c234,c5
9341,4,0.0,0.0,1.0,c234,c5
9342,2,0.0,0.0,1.0,c5,c5
9343,1,0.0,0.0,1.0,c5,c5
9344,4,0.0,0.0,1.0,c5,c5
9345,5,0.0,1.0,0.0,c1,c234
9346,1,0.0,0.0,1.0,c1,c5
9347,5,0.0,1.0,0.0,c5,c234
9348,1,0.0,0.0,1.0,c1,c5
9349,3,0.0,0.0,1.0,c234,c5
9350,2,0.0,0.0,1.0,c234,c5
9351,2,0.0,0.0,1.0,c5,c5
9352,1,0.0,0.0,1.0,c234,c5
9353,2,0.0,0.0,1.0,c234,c5
9354,3,0.0,0.0,1.0,c234,c5
9355,5,0.0,1.0,0.0,c234,c234
9356,3,0.0,0.0,1.0,c1,c5
9357,3,0.0,0.0,1.0,c5,c5
9358,5,0.0,1.0,0.0,c234,c234
9359,5,0.0,1.0,0.0,c1,c234
9360,1,0.0,0.0,1.0,c234,c5
9361,3,0.0,0.0,1.0,c5,c5
9362,1,0.0,0.0,1.0,c1,c5
9363,1,0.0,0.0,1.0,c234,c5
9364,3,0.0,0.0,1.0,c1,c5
9365,3,0.0,0.0,1.0,c234,c5
9366,3,0.0,0.0,1.0,c5,c5
9367,3,0.0,0.0,1.0,c1,c5
9368,4,0.0,0.0,1.0,c1,c5
9369,3,0.0,0.0,1.0,c5,c5
9370,1,0.0,0.0,1.0,c5,c5
9371,5,0.0,1.0,0.0,c1,c234
9372,1,0.0,0.0,1.0,c234,c5
9373,1,0.0,0.0,1.0,c1,c5
9374,5,0.0,1.0,0.0,c5,c234
9375,2,0.0,0.0,1.0,c234,c5
9376,1,0.0,0.0,1.0,c1,c5
9377,4,0.0,0.0,1.0,c234,c5
9378,3,0.0,0.0,1.0,c1,c5
9379,1,0.0,0.0,1.0,c234,c5
9380,1,0.0,0.0,1.0,c234,c5
9381,3,0.0,0.0,1.0,c5,c5
9382,5,0.0,1.0,0.0,c5,c234
9383,1,0.0,0.0,1.0,c1,c5
9384,4,0.0,0.0,1.0,c1,c5
9385,5,0.0,1.0,0.0,c234,c234
9386,3,0.0,0.0,1.0,c1,c5
9387,5,0.0,1.0,0.0,c1,c234
9388,1,0.0,0.0,1.0,c234,c5
9389,1,0.0,0.0,1.0,c1,c5
9390,2,0.0,0.0,1.0,c5,c5
9391,1,0.0,0.0,1.0,c234,c5
9392,2,0.0,0.0,1.0,c1,c5
9393,4,0.0,0.0,1.0,c1,c5
9394,1,0.0,0.0,1.0,c1,c5
9395,5,0.0,1.0,0.0,c1,c234
9396,5,0.0,1.0,0.0,c1,c234
9397,3,0.0,0.0,1.0,c1,c5
9398,1,0.0,0.0,1.0,c1,c5
9399,1,0.0,0.0,1.0,c234,c5
9400,3,0.0,0.0,1.0,c5,c5
9401,3,0.0,0.0,1.0,c5,c5
9402,4,0.0,0.0,1.0,c1,c5
9403,5,0.0,1.0,0.0,c5,c234
9404,4,0.0,0.0,1.0,c1,c5
9405,4,0.0,0.0,1.0,c234,c5
9406,5,0.0,1.0,0.0,c5,c234
9407,1,0.0,0.0,1.0,c5,c5
9408,2,0.0,0.0,1.0,c234,c5
9409,3,0.0,0.0,1.0,c234,c5
9410,4,0.0,0.0,1.0,c5,c5
9411,3,0.0,0.0,1.0,c5,c5
9412,2,0.0,0.0,1.0,c234,c5
9413,4,0.0,0.0,1.0,c5,c5
9414,1,0.0,0.0,1.0,c1,c5
9415,4,0.0,0.0,1.0,c5,c5
9416,4,0.0,0.0,1.0,c234,c5
9417,3,0.0,0.0,1.0,c1,c5
9418,5,0.0,1.0,0.0,c5,c234
9419,5,0.0,1.0,0.0,c1,c234
9420,5,0.0,1.0,0.0,c5,c234
9421,5,0.0,1.0,0.0,c5,c234
9422,1,0.0,0.0,1.0,c1,c5
9423,1,0.0,0.0,1.0,c1,c5
9424,5,0.0,1.0,0.0,c234,c234
9425,5,0.0,1.0,0.0,c1,c234
9426,5,0.0,1.0,0.0,c5,c234
9427,4,0.0,0.0,1.0,c5,c5
9428,5,0.0,1.0,0.0,c5,c234
9429,5,0.0,1.0,0.0,c234,c234
9430,4,0.0,0.0,1.0,c5,c5
9431,1,0.0,0.0,1.0,c234,c5
9432,4,0.0,0.0,1.0,c1,c5
9433,5,0.0,1.0,0.0,c234,c234
9434,1,0.0,0.0,1.0,c234,c5
9435,5,0.0,1.0,0.0,c1,c234
9436,5,0.0,1.0,0.0,c234,c234
9437,5,0.0,1.0,0.0,c1,c234
9438,2,0.0,0.0,1.0,c1,c5
9439,3,0.0,0.0,1.0,c1,c5
9440,1,0.0,0.0,1.0,c5,c5
9441,3,0.0,0.0,1.0,c5,c5
9442,4,0.0,0.0,1.0,c234,c5
9443,4,0.0,0.0,1.0,c5,c5
9444,4,0.0,0.0,1.0,c234,c5
9445,1,0.0,0.0,1.0,c1,c5
9446,5,0.0,1.0,0.0,c5,c234
9447,4,0.0,0.0,1.0,c5,c5
9448,3,0.0,0.0,1.0,c234,c5
9449,2,0.0,0.0,1.0,c234,c5
9450,5,0.0,1.0,0.0,c1,c234
9451,1,0.0,0.0,1.0,c234,c5
9452,3,0.0,0.0,1.0,c5,c5
9453,1,0.0,0.0,1.0,c5,c5
9454,4,0.0,0.0,1.0,c234,c5
9455,2,0.0,0.0,1.0,c1,c5
9456,4,0.0,0.0,1.0,c1,c5
9457,5,0.0,1.0,0.0,c1,c234
9458,1,0.0,0.0,1.0,c234,c5
9459,5,0.0,1.0,0.0,c234,c234
9460,4,0.0,0.0,1.0,c1,c5
9461,5,0.0,1.0,0.0,c5,c234
9462,1,0.0,0.0,1.0,c1,c5
9463,2,0.0,0.0,1.0,c5,c5
9464,3,0.0,0.0,1.0,c234,c5
9465,1,0.0,0.0,1.0,c1,c5
9466,1,0.0,0.0,1.0,c234,c5
9467,5,0.0,1.0,0.0,c234,c234
9468,2,0.0,0.0,1.0,c1,c5
9469,3,0.0,0.0,1.0,c5,c5
9470,2,0.0,0.0,1.0,c5,c5
9471,1,0.0,0.0,1.0,c5,c5
9472,5,0.0,1.0,0.0,c234,c234
9473,3,0.0,0.0,1.0,c234,c5
9474,4,0.0,0.0,1.0,c234,c5
9475,5,0.0,1.0,0.0,c5,c234
9476,1,0.0,0.0,1.0,c5,c5
9477,4,0.0,0.0,1.0,c5,c5
9478,4,0.0,0.0,1.0,c1,c5
9479,5,0.0,1.0,0.0,c1,c234
9480,5,0.0,1.0,0.0,c5,c234
9481,4,0.0,0.0,1.0,c1,c5
9482,1,0.0,0.0,1.0,c5,c5
9483,3,0.0,0.0,1.0,c234,c5
9484,4,0.0,0.0,1.0,c234,c5
9485,5,0.0,1.0,0.0,c5,c234
9486,2,0.0,0.0,1.0,c5,c5
9487,5,0.0,1.0,0.0,c5,c234
9488,2,0.0,0.0,1.0,c1,c5
9489,5,0.0,1.0,0.0,c1,c234
9490,4,0.0,0.0,1.0,c234,c5
9491,5,0.0,1.0,0.0,c234,c234
9492,5,0.0,1.0,0.0,c5,c234
9493,1,0.0,0.0,1.0,c1,c5
9494,5,0.0,1.0,0.0,c1,c234
9495,2,0.0,0.0,1.0,c1,c5
9496,1,0.0,0.0,1.0,c5,c5
9497,4,0.0,0.0,1.0,c5,c5
9498,4,0.0,0.0,1.0,c5,c5
9499,3,0.0,0.0,1.0,c234,c5
9500,4,0.0,0.0,1.0,c5,c5
9501,4,0.0,0.0,1.0,c234,c5
9502,3,0.0,0.0,1.0,c5,c5
9503,3,0.0,0.0,1.0,c5,c5
9504,4,0.0,0.0,1.0,c1,c5
9505,3,0.0,0.0,1.0,c1,c5
9506,3,0.0,0.0,1.0,c234,c5
9507,5,0.0,1.0,0.0,c5,c234
9508,1,0.0,0.0,1.0,c1,c5
9509,4,0.0,0.0,1.0,c5,c5
9510,3,0.0,0.0,1.0,c234,c5
9511,5,0.0,1.0,0.0,c5,c234
9512,2,0.0,0.0,1.0,c5,c5
9513,2,0.0,0.0,1.0,c1,c5
9514,3,0.0,0.0,1.0,c234,c5
9515,1,0.0,0.0,1.0,c1,c5
9516,5,0.0,1.0,0.0,c5,c234
9517,2,0.0,0.0,1.0,c234,c5
9518,4,0.0,0.0,1.0,c234,c5
9519,3,0.0,0.0,1.0,c5,c5
9520,1,0.0,0.0,1.0,c1,c5
9521,1,0.0,0.0,1.0,c1,c5
9522,1,0.0,0.0,1.0,c1,c5
9523,3,0.0,0.0,1.0,c234,c5
9524,2,0.0,0.0,1.0,c1,c5
9525,5,0.0,1.0,0.0,c5,c234
9526,2,0.0,0.0,1.0,c1,c5
9527,2,0.0,0.0,1.0,c5,c5
9528,3,0.0,0.0,1.0,c1,c5
9529,4,0.0,0.0,1.0,c234,c5
9530,5,0.0,1.0,0.0,c5,c234
9531,3,0.0,0.0,1.0,c1,c5
9532,1,0.0,0.0,1.0,c1,c5
9533,5,0.0,1.0,0.0,c1,c234
9534,5,0.0,1.0,0.0,c5,c234
9535,3,0.0,0.0,1.0,c5,c5
9536,1,0.0,0.0,1.0,c234,c5
9537,5,0.0,1.0,0.0,c1,c234
9538,2,0.0,0.0,1.0,c5,c5
9539,1,0.0,0.0,1.0,c1,c5
9540,4,0.0,0.0,1.0,c234,c5
9541,1,0.0,0.0,1.0,c234,c5
9542,3,0.0,0.0,1.0,c234,c5
9543,3,0.0,0.0,1.0,c234,c5
9544,2,0.0,0.0,1.0,c234,c5
9545,5,0.0,1.0,0.0,c234,c234
9546,3,0.0,0.0,1.0,c5,c5
9547,4,0.0,0.0,1.0,c234,c5
9548,1,0.0,0.0,1.0,c1,c5
9549,5,0.0,1.0,0.0,c234,c234
9550,1,0.0,0.0,1.0,c1,c5
9551,1,0.0,0.0,1.0,c1,c5
9552,3,0.0,0.0,1.0,c1,c5
9553,5,0.0,1.0,0.0,c1,c234
9554,5,0.0,1.0,0.0,c1,c234
9555,2,0.0,0.0,1.0,c1,c5
9556,2,0.0,0.0,1.0,c1,c5
9557,1,0.0,0.0,1.0,c1,c5
9558,4,0.0,0.0,1.0,c1,c5
9559,2,0.0,0.0,1.0,c234,c5
9560,5,0.0,1.0,0.0,c234,c234
9561,4,0.0,0.0,1.0,c5,c5
9562,5,0.0,1.0,0.0,c5,c234
9563,2,0.0,0.0,1.0,c5,c5
9564,5,0.0,1.0,0.0,c234,c234
9565,5,0.0,1.0,0.0,c5,c234
9566,4,0.0,0.0,1.0,c5,c5
9567,2,0.0,0.0,1.0,c234,c5
9568,1,0.0,0.0,1.0,c5,c5
9569,1,0.0,0.0,1.0,c5,c5
9570,1,0.0,0.0,1.0,c5,c5
9571,5,0.0,1.0,0.0,c5,c234
9572,5,0.0,1.0,0.0,c5,c234
9573,2,0.0,0.0,1.0,c1,c5
9574,3,0.0,0.0,1.0,c5,c5
9575,2,0.0,0.0,1.0,c5,c5
9576,3,0.0,0.0,1.0,c5,c5
9577,5,0.0,1.0,0.0,c5,c234
9578,5,0.0,1.0,0.0,c5,c234
9579,2,0.0,0.0,1.0,c234,c5
9580,1,0.0,0.0,1.0,c1,c5
9581,3,0.0,0.0,1.0,c234,c5
9582,2,0.0,0.0,1.0,c234,c5
9583,4,0.0,0.0,1.0,c1,c5
9584,5,0.0,1.0,0.0,c234,c234
9585,4,0.0,0.0,1.0,c234,c5
9586,2,0.0,0.0,1.0,c1,c5
9587,5,0.0,1.0,0.0,c5,c234
9588,5,0.0,1.0,0.0,c1,c234
9589,3,0.0,0.0,1.0,c1,c5
9590,1,0.0,0.0,1.0,c1,c5
9591,4,0.0,0.0,1.0,c234,c5
9592,2,0.0,0.0,1.0,c1,c5
9593,4,0.0,0.0,1.0,c1,c5
9594,3,0.0,0.0,1.0,c5,c5
9595,1,0.0,0.0,1.0,c5,c5
9596,5,0.0,1.0,0.0,c234,c234
9597,2,0.0,0.0,1.0,c1,c5
9598,3,0.0,0.0,1.0,c234,c5
9599,3,0.0,0.0,1.0,c5,c5
9600,3,0.0,0.0,1.0,c5,c5
9601,4,0.0,0.0,1.0,c234,c5
9602,1,0.0,0.0,1.0,c1,c5
9603,5,0.0,1.0,0.0,c1,c234
9604,2,0.0,0.0,1.0,c234,c5
9605,3,0.0,0.0,1.0,c5,c5
9606,3,0.0,0.0,1.0,c234,c5
9607,4,0.0,0.0,1.0,c234,c5
9608,4,0.0,0.0,1.0,c5,c5
9609,3,0.0,0.0,1.0,c234,c5
9610,4,0.0,0.0,1.0,c5,c5
9611,1,0.0,0.0,1.0,c5,c5
9612,4,0.0,0.0,1.0,c5,c5
9613,4,0.0,0.0,1.0,c1,c5
9614,4,0.0,0.0,1.0,c1,c5
9615,3,0.0,0.0,1.0,c5,c5
9616,2,0.0,0.0,1.0,c1,c5
9617,1,0.0,0.0,1.0,c234,c5
9618,3,0.0,0.0,1.0,c234,c5
9619,3,0.0,0.0,1.0,c234,c5
9620,3,0.0,0.0,1.0,c5,c5
9621,3,0.0,0.0,1.0,c5,c5
9622,4,0.0,0.0,1.0,c5,c5
9623,4,0.0,0.0,1.0,c234,c5
9624,4,0.0,0.0,1.0,c5,c5
9625,5,0.0,1.0,0.0,c1,c234
9626,1,0.0,0.0,1.0,c234,c5
9627,3,0.0,0.0,1.0,c234,c5
9628,2,0.0,0.0,1.0,c5,c5
9629,3,0.0,0.0,1.0,c234,c5
9630,4,0.0,0.0,1.0,c234,c5
9631,5,0.0,1.0,0.0,c5,c234
9632,1,0.0,0.0,1.0,c5,c5
9633,2,0.0,0.0,1.0,c1,c5
9634,2,0.0,0.0,1.0,c1,c5
9635,2,0.0,0.0,1.0,c5,c5
9636,2,0.0,0.0,1.0,c234,c5
9637,2,0.0,0.0,1.0,c234,c5
9638,3,0.0,0.0,1.0,c234,c5
9639,3,0.0,0.0,1.0,c1,c5
9640,4,0.0,0.0,1.0,c1,c5
9641,3,0.0,0.0,1.0,c5,c5
9642,2,0.0,0.0,1.0,c5,c5
9643,2,0.0,0.0,1.0,c234,c5
9644,5,0.0,1.0,0.0,c1,c234
9645,5,0.0,1.0,0.0,c234,c234
9646,1,0.0,0.0,1.0,c234,c5
9647,4,0.0,0.0,1.0,c5,c5
9648,5,0.0,1.0,0.0,c1,c234
9649,2,0.0,0.0,1.0,c5,c5
9650,1,0.0,0.0,1.0,c234,c5
9651,5,0.0,1.0,0.0,c234,c234
9652,1,0.0,0.0,1.0,c5,c5
9653,5,0.0,1.0,0.0,c5,c234
9654,3,0.0,0.0,1.0,c234,c5
9655,2,0.0,0.0,1.0,c234,c5
9656,4,0.0,0.0,1.0,c1,c5
9657,3,0.0,0.0,1.0,c234,c5
9658,3,0.0,0.0,1.0,c1,c5
9659,3,0.0,0.0,1.0,c234,c5
9660,4,0.0,0.0,1.0,c5,c5
9661,3,0.0,0.0,1.0,c1,c5
9662,1,0.0,0.0,1.0,c1,c5
9663,5,0.0,1.0,0.0,c5,c234
9664,2,0.0,0.0,1.0,c5,c5
9665,5,0.0,1.0,0.0,c5,c234
9666,3,0.0,0.0,1.0,c234,c5
9667,1,0.0,0.0,1.0,c5,c5
9668,3,0.0,0.0,1.0,c1,c5
9669,5,0.0,1.0,0.0,c1,c234
9670,2,0.0,0.0,1.0,c234,c5
9671,4,0.0,0.0,1.0,c5,c5
9672,1,0.0,0.0,1.0,c5,c5
9673,3,0.0,0.0,1.0,c1,c5
9674,5,0.0,1.0,0.0,c5,c234
9675,5,0.0,1.0,0.0,c5,c234
9676,4,0.0,0.0,1.0,c5,c5
9677,1,0.0,0.0,1.0,c1,c5
9678,1,0.0,0.0,1.0,c5,c5
9679,1,0.0,0.0,1.0,c234,c5
9680,1,0.0,0.0,1.0,c1,c5
9681,1,0.0,0.0,1.0,c1,c5
9682,5,0.0,1.0,0.0,c5,c234
9683,4,0.0,0.0,1.0,c5,c5
9684,5,0.0,1.0,0.0,c5,c234
9685,4,0.0,0.0,1.0,c5,c5
9686,1,0.0,0.0,1.0,c234,c5
9687,3,0.0,0.0,1.0,c1,c5
9688,1,0.0,0.0,1.0,c1,c5
9689,3,0.0,0.0,1.0,c1,c5
9690,4,0.0,0.0,1.0,c5,c5
9691,1,0.0,0.0,1.0,c1,c5
9692,5,0.0,1.0,0.0,c1,c234
9693,3,0.0,0.0,1.0,c234,c5
9694,1,0.0,0.0,1.0,c5,c5
9695,4,0.0,0.0,1.0,c5,c5
9696,1,0.0,0.0,1.0,c234,c5
9697,4,0.0,0.0,1.0,c5,c5
9698,4,0.0,0.0,1.0,c234,c5
9699,1,0.0,0.0,1.0,c5,c5
9700,4,0.0,0.0,1.0,c234,c5
9701,2,0.0,0.0,1.0,c5,c5
9702,2,0.0,0.0,1.0,c1,c5
9703,4,0.0,0.0,1.0,c234,c5
9704,4,0.0,0.0,1.0,c234,c5
9705,2,0.0,0.0,1.0,c5,c5
9706,3,0.0,0.0,1.0,c234,c5
9707,4,0.0,0.0,1.0,c1,c5
9708,3,0.0,0.0,1.0,c1,c5
9709,2,0.0,0.0,1.0,c1,c5
9710,2,0.0,0.0,1.0,c234,c5
9711,4,0.0,0.0,1.0,c234,c5
9712,3,0.0,0.0,1.0,c1,c5
9713,2,0.0,0.0,1.0,c234,c5
9714,3,0.0,0.0,1.0,c5,c5
9715,1,0.0,0.0,1.0,c1,c5
9716,3,0.0,0.0,1.0,c234,c5
9717,2,0.0,0.0,1.0,c5,c5
9718,2,0.0,0.0,1.0,c234,c5
9719,2,0.0,0.0,1.0,c1,c5
9720,3,0.0,0.0,1.0,c234,c5
9721,2,0.0,0.0,1.0,c234,c5
9722,3,0.0,0.0,1.0,c5,c5
9723,4,0.0,0.0,1.0,c5,c5
9724,2,0.0,0.0,1.0,c1,c5
9725,5,0.0,1.0,0.0,c234,c234
9726,5,0.0,1.0,0.0,c234,c234
9727,1,0.0,0.0,1.0,c5,c5
9728,1,0.0,0.0,1.0,c1,c5
9729,2,0.0,0.0,1.0,c5,c5
9730,5,0.0,1.0,0.0,c5,c234
9731,4,0.0,0.0,1.0,c5,c5
9732,1,0.0,0.0,1.0,c234,c5
9733,1,0.0,0.0,1.0,c234,c5
9734,5,0.0,1.0,0.0,c5,c234
9735,3,0.0,0.0,1.0,c1,c5
9736,4,0.0,0.0,1.0,c1,c5
9737,2,0.0,0.0,1.0,c234,c5
9738,4,0.0,0.0,1.0,c234,c5
9739,5,0.0,1.0,0.0,c234,c234
9740,2,0.0,0.0,1.0,c5,c5
9741,2,0.0,0.0,1.0,c1,c5
9742,1,0.0,0.0,1.0,c234,c5
9743,2,0.0,0.0,1.0,c234,c5
9744,3,0.0,0.0,1.0,c1,c5
9745,1,0.0,0.0,1.0,c234,c5
9746,3,0.0,0.0,1.0,c5,c5
9747,5,0.0,1.0,0.0,c234,c234
9748,5,0.0,1.0,0.0,c5,c234
9749,2,0.0,0.0,1.0,c1,c5
9750,1,0.0,0.0,1.0,c1,c5
9751,1,0.0,0.0,1.0,c234,c5
9752,4,0.0,0.0,1.0,c1,c5
9753,3,0.0,0.0,1.0,c5,c5
9754,4,0.0,0.0,1.0,c1,c5
9755,2,0.0,0.0,1.0,c5,c5
9756,5,0.0,1.0,0.0,c234,c234
9757,3,0.0,0.0,1.0,c1,c5
9758,5,0.0,1.0,0.0,c5,c234
9759,1,0.0,0.0,1.0,c234,c5
9760,4,0.0,0.0,1.0,c234,c5
9761,1,0.0,0.0,1.0,c234,c5
9762,1,0.0,0.0,1.0,c234,c5
9763,5,0.0,1.0,0.0,c5,c234
9764,1,0.0,0.0,1.0,c234,c5
9765,4,0.0,0.0,1.0,c1,c5
9766,1,0.0,0.0,1.0,c234,c5
9767,1,0.0,0.0,1.0,c5,c5
9768,5,0.0,1.0,0.0,c234,c234
9769,2,0.0,0.0,1.0,c5,c5
9770,5,0.0,1.0,0.0,c1,c234
9771,4,0.0,0.0,1.0,c1,c5
9772,4,0.0,0.0,1.0,c5,c5
9773,2,0.0,0.0,1.0,c234,c5
9774,3,0.0,0.0,1.0,c234,c5
9775,5,0.0,1.0,0.0,c1,c234
9776,5,0.0,1.0,0.0,c5,c234
9777,4,0.0,0.0,1.0,c234,c5
9778,4,0.0,0.0,1.0,c1,c5
9779,3,0.0,0.0,1.0,c1,c5
9780,5,0.0,1.0,0.0,c1,c234
9781,5,0.0,1.0,0.0,c234,c234
9782,1,0.0,0.0,1.0,c234,c5
9783,2,0.0,0.0,1.0,c234,c5
9784,2,0.0,0.0,1.0,c234,c5
9785,5,0.0,1.0,0.0,c5,c234
9786,5,0.0,1.0,0.0,c5,c234
9787,2,0.0,0.0,1.0,c234,c5
9788,1,0.0,0.0,1.0,c234,c5
9789,1,0.0,0.0,1.0,c234,c5
9790,4,0.0,0.0,1.0,c5,c5
9791,5,0.0,1.0,0.0,c234,c234
9792,4,0.0,0.0,1.0,c5,c5
9793,5,0.0,1.0,0.0,c1,c234
9794,2,0.0,0.0,1.0,c234,c5
9795,2,0.0,0.0,1.0,c234,c5
9796,4,0.0,0.0,1.0,c234,c5
9797,2,0.0,0.0,1.0,c5,c5
9798,5,0.0,1.0,0.0,c5,c234
9799,4,0.0,0.0,1.0,c1,c5
9800,3,0.0,0.0,1.0,c5,c5
9801,1,0.0,0.0,1.0,c1,c5
9802,3,0.0,0.0,1.0,c1,c5
9803,4,0.0,0.0,1.0,c5,c5
9804,5,0.0,1.0,0.0,c5,c234
9805,5,0.0,1.0,0.0,c1,c234
9806,4,0.0,0.0,1.0,c5,c5
9807,5,0.0,1.0,0.0,c1,c234
9808,5,0.0,1.0,0.0,c234,c234
9809,4,0.0,0.0,1.0,c5,c5
9810,4,0.0,0.0,1.0,c234,c5
9811,1,0.0,0.0,1.0,c1,c5
9812,2,0.0,0.0,1.0,c5,c5
9813,5,0.0,1.0,0.0,c1,c234
9814,5,0.0,1.0,0.0,c234,c234
9815,2,0.0,0.0,1.0,c5,c5
9816,3,0.0,0.0,1.0,c1,c5
9817,5,0.0,1.0,0.0,c5,c234
9818,1,0.0,0.0,1.0,c1,c5
9819,3,0.0,0.0,1.0,c234,c5
9820,5,0.0,1.0,0.0,c234,c234
9821,1,0.0,0.0,1.0,c1,c5
9822,4,0.0,0.0,1.0,c5,c5
9823,3,0.0,0.0,1.0,c1,c5
9824,5,0.0,1.0,0.0,c5,c234
9825,4,0.0,0.0,1.0,c234,c5
9826,5,0.0,1.0,0.0,c1,c234
9827,3,0.0,0.0,1.0,c5,c5
9828,2,0.0,0.0,1.0,c5,c5
9829,1,0.0,0.0,1.0,c5,c5
9830,5,0.0,1.0,0.0,c234,c234
9831,4,0.0,0.0,1.0,c1,c5
9832,5,0.0,1.0,0.0,c234,c234
9833,4,0.0,0.0,1.0,c1,c5
9834,4,0.0,0.0,1.0,c5,c5
9835,5,0.0,1.0,0.0,c1,c234
9836,1,0.0,0.0,1.0,c5,c5
9837,4,0.0,0.0,1.0,c5,c5
9838,5,0.0,1.0,0.0,c234,c234
9839,3,0.0,0.0,1.0,c1,c5
9840,4,0.0,0.0,1.0,c234,c5
9841,3,0.0,0.0,1.0,c234,c5
9842,4,0.0,0.0,1.0,c234,c5
9843,2,0.0,0.0,1.0,c234,c5
9844,2,0.0,0.0,1.0,c5,c5
9845,1,0.0,0.0,1.0,c234,c5
9846,4,0.0,0.0,1.0,c1,c5
9847,1,0.0,0.0,1.0,c1,c5
9848,1,0.0,0.0,1.0,c5,c5
9849,4,0.0,0.0,1.0,c5,c5
9850,2,0.0,0.0,1.0,c5,c5
9851,3,0.0,0.0,1.0,c234,c5
9852,1,0.0,0.0,1.0,c234,c5
9853,2,0.0,0.0,1.0,c5,c5
9854,1,0.0,0.0,1.0,c234,c5
9855,4,0.0,0.0,1.0,c234,c5
9856,2,0.0,0.0,1.0,c234,c5
9857,3,0.0,0.0,1.0,c5,c5
9858,2,0.0,0.0,1.0,c234,c5
9859,2,0.0,0.0,1.0,c234,c5
9860,4,0.0,0.0,1.0,c1,c5
9861,2,0.0,0.0,1.0,c5,c5
9862,2,0.0,0.0,1.0,c234,c5
9863,3,0.0,0.0,1.0,c234,c5
9864,3,0.0,0.0,1.0,c5,c5
9865,4,0.0,0.0,1.0,c5,c5
9866,5,0.0,1.0,0.0,c5,c234
9867,1,0.0,0.0,1.0,c5,c5
9868,2,0.0,0.0,1.0,c1,c5
9869,4,0.0,0.0,1.0,c5,c5
9870,1,0.0,0.0,1.0,c1,c5
9871,3,0.0,0.0,1.0,c1,c5
9872,2,0.0,0.0,1.0,c5,c5
9873,1,0.0,0.0,1.0,c5,c5
9874,1,0.0,0.0,1.0,c1,c5
9875,1,0.0,0.0,1.0,c1,c5
9876,1,0.0,0.0,1.0,c234,c5
9877,3,0.0,0.0,1.0,c5,c5
9878,5,0.0,1.0,0.0,c5,c234
9879,3,0.0,0.0,1.0,c1,c5
9880,4,0.0,0.0,1.0,c234,c5
9881,2,0.0,0.0,1.0,c1,c5
9882,5,0.0,1.0,0.0,c5,c234
9883,5,0.0,1.0,0.0,c5,c234
9884,4,0.0,0.0,1.0,c234,c5
9885,4,0.0,0.0,1.0,c234,c5
9886,3,0.0,0.0,1.0,c234,c5
9887,3,0.0,0.0,1.0,c234,c5
9888,1,0.0,0.0,1.0,c234,c5
9889,3,0.0,0.0,1.0,c1,c5
9890,4,0.0,0.0,1.0,c1,c5
9891,4,0.0,0.0,1.0,c234,c5
9892,2,0.0,0.0,1.0,c5,c5
9893,3,0.0,0.0,1.0,c234,c5
9894,4,0.0,0.0,1.0,c1,c5
9895,5,0.0,1.0,0.0,c1,c234
9896,4,0.0,0.0,1.0,c1,c5
9897,3,0.0,0.0,1.0,c1,c5
9898,2,0.0,0.0,1.0,c234,c5
9899,1,0.0,0.0,1.0,c1,c5
9900,4,0.0,0.0,1.0,c1,c5
9901,3,0.0,0.0,1.0,c234,c5
9902,4,0.0,0.0,1.0,c5,c5
9903,5,0.0,1.0,0.0,c1,c234
9904,2,0.0,0.0,1.0,c234,c5
9905,1,0.0,0.0,1.0,c234,c5
9906,4,0.0,0.0,1.0,c5,c5
9907,4,0.0,0.0,1.0,c234,c5
9908,4,0.0,0.0,1.0,c234,c5
9909,2,0.0,0.0,1.0,c234,c5
9910,1,0.0,0.0,1.0,c1,c5
9911,5,0.0,1.0,0.0,c234,c234
9912,4,0.0,0.0,1.0,c234,c5
9913,3,0.0,0.0,1.0,c234,c5
9914,5,0.0,1.0,0.0,c5,c234
9915,4,0.0,0.0,1.0,c234,c5
9916,3,0.0,0.0,1.0,c1,c5
9917,2,0.0,0.0,1.0,c5,c5
9918,3,0.0,0.0,1.0,c5,c5
9919,4,0.0,0.0,1.0,c1,c5
9920,1,0.0,0.0,1.0,c234,c5
9921,3,0.0,0.0,1.0,c234,c5
9922,1,0.0,0.0,1.0,c1,c5
9923,2,0.0,0.0,1.0,c1,c5
9924,4,0.0,0.0,1.0,c1,c5
9925,2,0.0,0.0,1.0,c5,c5
9926,3,0.0,0.0,1.0,c234,c5
9927,3,0.0,0.0,1.0,c1,c5
9928,1,0.0,0.0,1.0,c1,c5
9929,4,0.0,0.0,1.0,c234,c5
9930,3,0.0,0.0,1.0,c234,c5
9931,3,0.0,0.0,1.0,c1,c5
9932,5,0.0,1.0,0.0,c5,c234
9933,1,0.0,0.0,1.0,c5,c5
9934,2,0.0,0.0,1.0,c5,c5
9935,1,0.0,0.0,1.0,c1,c5
9936,5,0.0,1.0,0.0,c234,c234
9937,4,0.0,0.0,1.0,c5,c5
9938,4,0.0,0.0,1.0,c1,c5
9939,4,0.0,0.0,1.0,c234,c5
9940,3,0.0,0.0,1.0,c234,c5
9941,1,0.0,0.0,1.0,c5,c5
9942,2,0.0,0.0,1.0,c1,c5
9943,3,0.0,0.0,1.0,c234,c5
9944,1,0.0,0.0,1.0,c234,c5
9945,1,0.0,0.0,1.0,c1,c5
9946,5,0.0,1.0,0.0,c5,c234
9947,2,0.0,0.0,1.0,c1,c5
9948,4,0.0,0.0,1.0,c234,c5
9949,4,0.0,0.0,1.0,c5,c5
9950,3,0.0,0.0,1.0,c1,c5
9951,4,0.0,0.0,1.0,c1,c5
9952,2,0.0,0.0,1.0,c1,c5
9953,4,0.0,0.0,1.0,c234,c5
9954,2,0.0,0.0,1.0,c5,c5
9955,3,0.0,0.0,1.0,c234,c5
9956,5,0.0,1.0,0.0,c1,c234
9957,4,0.0,0.0,1.0,c234,c5
9958,1,0.0,0.0,1.0,c5,c5
9959,3,0.0,0.0,1.0,c234,c5
9960,5,0.0,1.0,0.0,c1,c234
9961,5,0.0,1.0,0.0,c234,c234
9962,2,0.0,0.0,1.0,c1,c5
9963,5,0.0,1.0,0.0,c234,c234
9964,4,0.0,0.0,1.0,c234,c5
9965,3,0.0,0.0,1.0,c234,c5
9966,2,0.0,0.0,1.0,c234,c5
9967,2,0.0,0.0,1.0,c1,c5
9968,5,0.0,1.0,0.0,c5,c234
9969,1,0.0,0.0,1.0,c5,c5
9970,3,0.0,0.0,1.0,c234,c5
9971,5,0.0,1.0,0.0,c1,c234
9972,3,0.0,0.0,1.0,c234,c5
9973,2,0.0,0.0,1.0,c1,c5
9974,1,0.0,0.0,1.0,c1,c5
9975,3,0.0,0.0,1.0,c5,c5
9976,1,0.0,0.0,1.0,c1,c5
9977,1,0.0,0.0,1.0,c1,c5
9978,4,0.0,0.0,1.0,c234,c5
9979,5,0.0,1.0,0.0,c5,c234
9980,2,0.0,0.0,1.0,c5,c5
9981,5,0.0,1.0,0.0,c1,c234
9982,1,0.0,0.0,1.0,c234,c5
9983,1,0.0,0.0,1.0,c5,c5
9984,1,0.0,0.0,1.0,c1,c5
9985,5,0.0,1.0,0.0,c5,c234
9986,5,0.0,1.0,0.0,c1,c234
9987,3,0.0,0.0,1.0,c234,c5
9988,3,0.0,0.0,1.0,c234,c5
9989,3,0.0,0.0,1.0,c1,c5
9990,4,0.0,0.0,1.0,c1,c5
9991,5,0.0,1.0,0.0,c5,c234
9992,1,0.0,0.0,1.0,c1,c5
9993,5,0.0,1.0,0.0,c234,c234
9994,2,0.0,0.0,1.0,c1,c5
9995,1,0.0,0.0,1.0,c234,c5
9996,4,0.0,0.0,1.0,c1,c5
9997,3,0.0,0.0,1.0,c234,c5
9998,3,0.0,0.0,1.0,c1,c5
9999,1,0.0,0.0,1.0,c234,c5
10000,4,0.0,0.0,1.0,c1,c5
10001,2,0.0,0.0,1.0,c234,c5
10002,5,0.0,1.0,0.0,c1,c234
10003,1,0.0,0.0,1.0,c234,c5
10004,2,0.0,0.0,1.0,c1,c5
10005,1,0.0,0.0,1.0,c234,c5
10006,2,0.0,0.0,1.0,c5,c5
10007,3,0.0,0.0,1.0,c5,c5
10008,4,0.0,0.0,1.0,c234,c5
10009,2,0.0,0.0,1.0,c1,c5
10010,3,0.0,0.0,1.0,c5,c5
10011,2,0.0,0.0,1.0,c234,c5
10012,1,0.0,0.0,1.0,c234,c5
10013,5,0.0,1.0,0.0,c5,c234
10014,3,0.0,0.0,1.0,c5,c5
10015,2,0.0,0.0,1.0,c5,c5
10016,1,0.0,0.0,1.0,c234,c5
10017,3,0.0,0.0,1.0,c1,c5
10018,5,0.0,1.0,0.0,c5,c234
10019,5,0.0,1.0,0.0,c234,c234
10020,3,0.0,0.0,1.0,c5,c5
10021,5,0.0,1.0,0.0,c5,c234
10022,4,0.0,0.0,1.0,c1,c5
10023,5,0.0,1.0,0.0,c1,c234
10024,1,0.0,0.0,1.0,c234,c5
10025,5,0.0,1.0,0.0,c1,c234
10026,3,0.0,0.0,1.0,c1,c5
10027,5,0.0,1.0,0.0,c234,c234
10028,5,0.0,1.0,0.0,c234,c234
10029,1,0.0,0.0,1.0,c234,c5
10030,5,0.0,1.0,0.0,c234,c234
10031,1,0.0,0.0,1.0,c5,c5
10032,5,0.0,1.0,0.0,c1,c234
10033,4,0.0,0.0,1.0,c5,c5
10034,1,0.0,0.0,1.0,c1,c5
10035,4,0.0,0.0,1.0,c1,c5
10036,1,0.0,0.0,1.0,c5,c5
10037,2,0.0,0.0,1.0,c234,c5
10038,1,0.0,0.0,1.0,c5,c5
10039,5,0.0,1.0,0.0,c1,c234
10040,5,0.0,1.0,0.0,c5,c234
10041,5,0.0,1.0,0.0,c5,c234
10042,1,0.0,0.0,1.0,c5,c5
10043,4,0.0,0.0,1.0,c1,c5
10044,5,0.0,1.0,0.0,c5,c234
10045,5,0.0,1.0,0.0,c1,c234
10046,4,0.0,0.0,1.0,c1,c5
10047,4,0.0,0.0,1.0,c1,c5
10048,4,0.0,0.0,1.0,c5,c5
10049,4,0.0,0.0,1.0,c234,c5
10050,1,0.0,0.0,1.0,c1,c5
10051,5,0.0,1.0,0.0,c1,c234
10052,2,0.0,0.0,1.0,c5,c5
10053,4,0.0,0.0,1.0,c234,c5
10054,5,0.0,1.0,0.0,c5,c234
10055,3,0.0,0.0,1.0,c1,c5
10056,1,0.0,0.0,1.0,c5,c5
10057,2,0.0,0.0,1.0,c234,c5
10058,3,0.0,0.0,1.0,c234,c5
10059,4,0.0,0.0,1.0,c5,c5
10060,3,0.0,0.0,1.0,c5,c5
10061,4,0.0,0.0,1.0,c5,c5
10062,4,0.0,0.0,1.0,c1,c5
10063,4,0.0,0.0,1.0,c1,c5
10064,4,0.0,0.0,1.0,c1,c5
10065,5,0.0,1.0,0.0,c1,c234
10066,5,0.0,1.0,0.0,c234,c234
10067,4,0.0,0.0,1.0,c5,c5
10068,2,0.0,0.0,1.0,c1,c5
10069,1,0.0,0.0,1.0,c234,c5
10070,4,0.0,0.0,1.0,c1,c5
10071,4,0.0,0.0,1.0,c1,c5
10072,4,0.0,0.0,1.0,c5,c5
10073,2,0.0,0.0,1.0,c5,c5
10074,3,0.0,0.0,1.0,c234,c5
10075,2,0.0,0.0,1.0,c5,c5
10076,5,0.0,1.0,0.0,c234,c234
10077,4,0.0,0.0,1.0,c1,c5
10078,1,0.0,0.0,1.0,c234,c5
10079,5,0.0,1.0,0.0,c1,c234
10080,3,0.0,0.0,1.0,c5,c5
10081,1,0.0,0.0,1.0,c5,c5
10082,3,0.0,0.0,1.0,c5,c5
10083,5,0.0,1.0,0.0,c234,c234
10084,5,0.0,1.0,0.0,c234,c234
10085,4,0.0,0.0,1.0,c234,c5
10086,3,0.0,0.0,1.0,c1,c5
10087,2,0.0,0.0,1.0,c234,c5
10088,5,0.0,1.0,0.0,c234,c234
10089,1,0.0,0.0,1.0,c1,c5
10090,2,0.0,0.0,1.0,c234,c5
10091,3,0.0,0.0,1.0,c5,c5
10092,4,0.0,0.0,1.0,c1,c5
10093,3,0.0,0.0,1.0,c5,c5
10094,5,0.0,1.0,0.0,c234,c234
10095,2,0.0,0.0,1.0,c1,c5
10096,5,0.0,1.0,0.0,c5,c234
10097,3,0.0,0.0,1.0,c5,c5
10098,5,0.0,1.0,0.0,c5,c234
10099,4,0.0,0.0,1.0,c234,c5
10100,1,0.0,0.0,1.0,c1,c5
10101,5,0.0,1.0,0.0,c234,c234
10102,5,0.0,1.0,0.0,c234,c234
10103,1,0.0,0.0,1.0,c5,c5
10104,4,0.0,0.0,1.0,c5,c5
10105,2,0.0,0.0,1.0,c234,c5
10106,5,0.0,1.0,0.0,c234,c234
10107,5,0.0,1.0,0.0,c1,c234
10108,2,0.0,0.0,1.0,c5,c5
10109,1,0.0,0.0,1.0,c234,c5
10110,3,0.0,0.0,1.0,c234,c5
10111,4,0.0,0.0,1.0,c234,c5
10112,5,0.0,1.0,0.0,c5,c234
10113,3,0.0,0.0,1.0,c1,c5
10114,1,0.0,0.0,1.0,c234,c5
10115,5,0.0,1.0,0.0,c5,c234
10116,4,0.0,0.0,1.0,c5,c5
10117,4,0.0,0.0,1.0,c1,c5
10118,1,0.0,0.0,1.0,c1,c5
10119,5,0.0,1.0,0.0,c234,c234
10120,2,0.0,0.0,1.0,c1,c5
10121,4,0.0,0.0,1.0,c234,c5
10122,2,0.0,0.0,1.0,c234,c5
10123,5,0.0,1.0,0.0,c234,c234
10124,2,0.0,0.0,1.0,c5,c5
10125,2,0.0,0.0,1.0,c1,c5
10126,2,0.0,0.0,1.0,c5,c5
10127,3,0.0,0.0,1.0,c1,c5
10128,4,0.0,0.0,1.0,c1,c5
10129,4,0.0,0.0,1.0,c5,c5
10130,2,0.0,0.0,1.0,c234,c5
10131,3,0.0,0.0,1.0,c234,c5
10132,3,0.0,0.0,1.0,c1,c5
10133,3,0.0,0.0,1.0,c5,c5
10134,5,0.0,1.0,0.0,c1,c234
10135,5,0.0,1.0,0.0,c5,c234
10136,1,0.0,0.0,1.0,c1,c5
10137,3,0.0,0.0,1.0,c234,c5
10138,4,0.0,0.0,1.0,c1,c5
10139,3,0.0,0.0,1.0,c234,c5
10140,4,0.0,0.0,1.0,c1,c5
10141,5,0.0,1.0,0.0,c5,c234
10142,3,0.0,0.0,1.0,c5,c5
10143,4,0.0,0.0,1.0,c1,c5
10144,2,0.0,0.0,1.0,c234,c5
10145,2,0.0,0.0,1.0,c5,c5
10146,1,0.0,0.0,1.0,c1,c5
10147,1,0.0,0.0,1.0,c234,c5
10148,2,0.0,0.0,1.0,c5,c5
10149,2,0.0,0.0,1.0,c234,c5
10150,3,0.0,0.0,1.0,c5,c5
10151,2,0.0,0.0,1.0,c5,c5
10152,1,0.0,0.0,1.0,c5,c5
10153,4,0.0,0.0,1.0,c5,c5
10154,3,0.0,0.0,1.0,c234,c5
10155,5,0.0,1.0,0.0,c234,c234
10156,3,0.0,0.0,1.0,c1,c5
10157,1,0.0,0.0,1.0,c234,c5
10158,5,0.0,1.0,0.0,c1,c234
10159,5,0.0,1.0,0.0,c234,c234
10160,1,0.0,0.0,1.0,c234,c5
10161,1,0.0,0.0,1.0,c234,c5
10162,3,0.0,0.0,1.0,c5,c5
10163,2,0.0,0.0,1.0,c5,c5
10164,2,0.0,0.0,1.0,c5,c5
10165,1,0.0,0.0,1.0,c5,c5
10166,2,0.0,0.0,1.0,c234,c5
10167,2,0.0,0.0,1.0,c1,c5
10168,1,0.0,0.0,1.0,c1,c5
10169,4,0.0,0.0,1.0,c5,c5
10170,3,0.0,0.0,1.0,c5,c5
10171,4,0.0,0.0,1.0,c234,c5
10172,3,0.0,0.0,1.0,c1,c5
10173,2,0.0,0.0,1.0,c1,c5
10174,1,0.0,0.0,1.0,c234,c5
10175,2,0.0,0.0,1.0,c234,c5
10176,5,0.0,1.0,0.0,c234,c234
10177,4,0.0,0.0,1.0,c234,c5
10178,3,0.0,0.0,1.0,c5,c5
10179,1,0.0,0.0,1.0,c234,c5
10180,2,0.0,0.0,1.0,c1,c5
10181,5,0.0,1.0,0.0,c5,c234
10182,3,0.0,0.0,1.0,c5,c5
10183,2,0.0,0.0,1.0,c5,c5
10184,1,0.0,0.0,1.0,c1,c5
10185,1,0.0,0.0,1.0,c1,c5
10186,3,0.0,0.0,1.0,c1,c5
10187,2,0.0,0.0,1.0,c1,c5
10188,5,0.0,1.0,0.0,c1,c234
10189,5,0.0,1.0,0.0,c1,c234
10190,1,0.0,0.0,1.0,c234,c5
10191,4,0.0,0.0,1.0,c1,c5
10192,1,0.0,0.0,1.0,c1,c5
10193,4,0.0,0.0,1.0,c234,c5
10194,1,0.0,0.0,1.0,c1,c5
10195,5,0.0,1.0,0.0,c1,c234
10196,3,0.0,0.0,1.0,c1,c5
10197,4,0.0,0.0,1.0,c234,c5
10198,5,0.0,1.0,0.0,c234,c234
10199,1,0.0,0.0,1.0,c5,c5
10200,2,0.0,0.0,1.0,c234,c5
10201,2,0.0,0.0,1.0,c234,c5
10202,3,0.0,0.0,1.0,c234,c5
10203,3,0.0,0.0,1.0,c1,c5
10204,4,0.0,0.0,1.0,c1,c5
10205,4,0.0,0.0,1.0,c1,c5
10206,2,0.0,0.0,1.0,c1,c5
10207,1,0.0,0.0,1.0,c1,c5
10208,3,0.0,0.0,1.0,c234,c5
10209,4,0.0,0.0,1.0,c5,c5
10210,4,0.0,0.0,1.0,c234,c5
10211,5,0.0,1.0,0.0,c1,c234
10212,4,0.0,0.0,1.0,c234,c5
10213,5,0.0,1.0,0.0,c5,c234
10214,2,0.0,0.0,1.0,c5,c5
10215,5,0.0,1.0,0.0,c5,c234
10216,1,0.0,0.0,1.0,c1,c5
10217,4,0.0,0.0,1.0,c1,c5
10218,1,0.0,0.0,1.0,c1,c5
10219,5,0.0,1.0,0.0,c5,c234
10220,4,0.0,0.0,1.0,c1,c5
10221,1,0.0,0.0,1.0,c1,c5
10222,2,0.0,0.0,1.0,c1,c5
10223,3,0.0,0.0,1.0,c5,c5
10224,3,0.0,0.0,1.0,c1,c5
10225,2,0.0,0.0,1.0,c234,c5
10226,4,0.0,0.0,1.0,c1,c5
10227,1,0.0,0.0,1.0,c5,c5
10228,3,0.0,0.0,1.0,c5,c5
10229,1,0.0,0.0,1.0,c5,c5
10230,1,0.0,0.0,1.0,c5,c5
10231,5,0.0,1.0,0.0,c1,c234
10232,5,0.0,1.0,0.0,c1,c234
10233,3,0.0,0.0,1.0,c234,c5
10234,3,0.0,0.0,1.0,c5,c5
10235,1,0.0,0.0,1.0,c1,c5
10236,5,0.0,1.0,0.0,c1,c234
10237,2,0.0,0.0,1.0,c5,c5
10238,4,0.0,0.0,1.0,c5,c5
10239,3,0.0,0.0,1.0,c234,c5
10240,1,0.0,0.0,1.0,c5,c5
10241,5,0.0,1.0,0.0,c234,c234
10242,2,0.0,0.0,1.0,c1,c5
10243,4,0.0,0.0,1.0,c234,c5
10244,3,0.0,0.0,1.0,c1,c5
10245,2,0.0,0.0,1.0,c234,c5
10246,1,0.0,0.0,1.0,c5,c5
10247,3,0.0,0.0,1.0,c234,c5
10248,2,0.0,0.0,1.0,c1,c5
10249,3,0.0,0.0,1.0,c1,c5
10250,4,0.0,0.0,1.0,c5,c5
10251,2,0.0,0.0,1.0,c5,c5
10252,1,0.0,0.0,1.0,c5,c5
10253,5,0.0,1.0,0.0,c234,c234
10254,5,0.0,1.0,0.0,c5,c234
10255,1,0.0,0.0,1.0,c1,c5
10256,1,0.0,0.0,1.0,c1,c5
10257,4,0.0,0.0,1.0,c5,c5
10258,4,0.0,0.0,1.0,c1,c5
10259,3,0.0,0.0,1.0,c234,c5
10260,2,0.0,0.0,1.0,c5,c5
10261,2,0.0,0.0,1.0,c5,c5
10262,4,0.0,0.0,1.0,c234,c5
10263,5,0.0,1.0,0.0,c1,c234
10264,1,0.0,0.0,1.0,c234,c5
10265,1,0.0,0.0,1.0,c1,c5
10266,4,0.0,0.0,1.0,c1,c5
10267,1,0.0,0.0,1.0,c234,c5
10268,4,0.0,0.0,1.0,c234,c5
10269,3,0.0,0.0,1.0,c234,c5
10270,5,0.0,1.0,0.0,c5,c234
10271,1,0.0,0.0,1.0,c234,c5
10272,5,0.0,1.0,0.0,c234,c234
10273,1,0.0,0.0,1.0,c1,c5
10274,3,0.0,0.0,1.0,c234,c5
10275,3,0.0,0.0,1.0,c5,c5
10276,4,0.0,0.0,1.0,c1,c5
10277,2,0.0,0.0,1.0,c5,c5
10278,5,0.0,1.0,0.0,c234,c234
10279,5,0.0,1.0,0.0,c5,c234
10280,3,0.0,0.0,1.0,c5,c5
10281,5,0.0,1.0,0.0,c5,c234
10282,4,0.0,0.0,1.0,c5,c5
10283,5,0.0,1.0,0.0,c5,c234
10284,4,0.0,0.0,1.0,c1,c5
10285,3,0.0,0.0,1.0,c1,c5
10286,3,0.0,0.0,1.0,c5,c5
10287,1,0.0,0.0,1.0,c234,c5
10288,2,0.0,0.0,1.0,c5,c5
10289,4,0.0,0.0,1.0,c5,c5
10290,4,0.0,0.0,1.0,c5,c5
10291,4,0.0,0.0,1.0,c234,c5
10292,2,0.0,0.0,1.0,c1,c5
10293,2,0.0,0.0,1.0,c234,c5
10294,4,0.0,0.0,1.0,c1,c5
10295,3,0.0,0.0,1.0,c1,c5
10296,1,0.0,0.0,1.0,c1,c5
10297,3,0.0,0.0,1.0,c1,c5
10298,2,0.0,0.0,1.0,c1,c5
10299,1,0.0,0.0,1.0,c5,c5
10300,4,0.0,0.0,1.0,c1,c5
10301,1,0.0,0.0,1.0,c5,c5
10302,2,0.0,0.0,1.0,c1,c5
10303,5,0.0,1.0,0.0,c5,c234
10304,2,0.0,0.0,1.0,c234,c5
10305,4,0.0,0.0,1.0,c5,c5
10306,5,0.0,1.0,0.0,c1,c234
10307,5,0.0,1.0,0.0,c1,c234
10308,1,0.0,0.0,1.0,c234,c5
10309,5,0.0,1.0,0.0,c5,c234
10310,5,0.0,1.0,0.0,c234,c234
10311,2,0.0,0.0,1.0,c5,c5
10312,5,0.0,1.0,0.0,c5,c234
10313,2,0.0,0.0,1.0,c234,c5
10314,2,0.0,0.0,1.0,c5,c5
10315,5,0.0,1.0,0.0,c5,c234
10316,1,0.0,0.0,1.0,c234,c5
10317,4,0.0,0.0,1.0,c5,c5
10318,3,0.0,0.0,1.0,c5,c5
10319,5,0.0,1.0,0.0,c234,c234
10320,4,0.0,0.0,1.0,c1,c5
10321,2,0.0,0.0,1.0,c234,c5
10322,1,0.0,0.0,1.0,c1,c5
10323,1,0.0,0.0,1.0,c5,c5
10324,1,0.0,0.0,1.0,c5,c5
10325,1,0.0,0.0,1.0,c234,c5
10326,2,0.0,0.0,1.0,c5,c5
10327,3,0.0,0.0,1.0,c5,c5
10328,5,0.0,1.0,0.0,c234,c234
10329,4,0.0,0.0,1.0,c234,c5
10330,1,0.0,0.0,1.0,c5,c5
10331,2,0.0,0.0,1.0,c234,c5
10332,1,0.0,0.0,1.0,c234,c5
10333,3,0.0,0.0,1.0,c234,c5
10334,3,0.0,0.0,1.0,c5,c5
10335,5,0.0,1.0,0.0,c1,c234
10336,4,0.0,0.0,1.0,c234,c5
10337,3,0.0,0.0,1.0,c1,c5
10338,3,0.0,0.0,1.0,c5,c5
10339,3,0.0,0.0,1.0,c5,c5
10340,2,0.0,0.0,1.0,c234,c5
10341,5,0.0,1.0,0.0,c234,c234
10342,3,0.0,0.0,1.0,c234,c5
10343,3,0.0,0.0,1.0,c234,c5
10344,4,0.0,0.0,1.0,c234,c5
10345,2,0.0,0.0,1.0,c5,c5
10346,4,0.0,0.0,1.0,c5,c5
10347,3,0.0,0.0,1.0,c5,c5
10348,4,0.0,0.0,1.0,c5,c5
10349,2,0.0,0.0,1.0,c1,c5
10350,2,0.0,0.0,1.0,c1,c5
10351,5,0.0,1.0,0.0,c5,c234
10352,3,0.0,0.0,1.0,c1,c5
10353,4,0.0,0.0,1.0,c234,c5
10354,2,0.0,0.0,1.0,c234,c5
10355,1,0.0,0.0,1.0,c5,c5
10356,3,0.0,0.0,1.0,c5,c5
10357,2,0.0,0.0,1.0,c5,c5
10358,1,0.0,0.0,1.0,c234,c5
10359,4,0.0,0.0,1.0,c5,c5
10360,2,0.0,0.0,1.0,c5,c5
10361,4,0.0,0.0,1.0,c5,c5
10362,4,0.0,0.0,1.0,c234,c5
10363,3,0.0,0.0,1.0,c1,c5
10364,1,0.0,0.0,1.0,c234,c5
10365,1,0.0,0.0,1.0,c234,c5
10366,5,0.0,1.0,0.0,c5,c234
10367,1,0.0,0.0,1.0,c1,c5
10368,3,0.0,0.0,1.0,c5,c5
10369,3,0.0,0.0,1.0,c234,c5
10370,1,0.0,0.0,1.0,c1,c5
10371,4,0.0,0.0,1.0,c234,c5
10372,4,0.0,0.0,1.0,c5,c5
10373,3,0.0,0.0,1.0,c1,c5
10374,4,0.0,0.0,1.0,c234,c5
10375,5,0.0,1.0,0.0,c5,c234
10376,3,0.0,0.0,1.0,c234,c5
10377,4,0.0,0.0,1.0,c234,c5
10378,2,0.0,0.0,1.0,c1,c5
10379,3,0.0,0.0,1.0,c1,c5
10380,3,0.0,0.0,1.0,c5,c5
10381,2,0.0,0.0,1.0,c1,c5
10382,5,0.0,1.0,0.0,c234,c234
10383,5,0.0,1.0,0.0,c1,c234
10384,5,0.0,1.0,0.0,c234,c234
10385,5,0.0,1.0,0.0,c234,c234
10386,2,0.0,0.0,1.0,c234,c5
10387,1,0.0,0.0,1.0,c234,c5
10388,4,0.0,0.0,1.0,c234,c5
10389,2,0.0,0.0,1.0,c1,c5
10390,5,0.0,1.0,0.0,c234,c234
10391,3,0.0,0.0,1.0,c1,c5
10392,3,0.0,0.0,1.0,c1,c5
10393,5,0.0,1.0,0.0,c1,c234
10394,3,0.0,0.0,1.0,c1,c5
10395,1,0.0,0.0,1.0,c234,c5
10396,5,0.0,1.0,0.0,c234,c234
10397,2,0.0,0.0,1.0,c234,c5
10398,4,0.0,0.0,1.0,c1,c5
10399,2,0.0,0.0,1.0,c1,c5
10400,1,0.0,0.0,1.0,c1,c5
10401,5,0.0,1.0,0.0,c5,c234
10402,2,0.0,0.0,1.0,c1,c5
10403,5,0.0,1.0,0.0,c5,c234
10404,5,0.0,1.0,0.0,c1,c234
10405,1,0.0,0.0,1.0,c234,c5
10406,5,0.0,1.0,0.0,c5,c234
10407,2,0.0,0.0,1.0,c5,c5
10408,5,0.0,1.0,0.0,c5,c234
10409,2,0.0,0.0,1.0,c1,c5
10410,3,0.0,0.0,1.0,c1,c5
10411,3,0.0,0.0,1.0,c5,c5
10412,3,0.0,0.0,1.0,c234,c5
10413,4,0.0,0.0,1.0,c5,c5
10414,3,0.0,0.0,1.0,c1,c5
10415,4,0.0,0.0,1.0,c5,c5
10416,5,0.0,1.0,0.0,c234,c234
10417,1,0.0,0.0,1.0,c234,c5
10418,1,0.0,0.0,1.0,c234,c5
10419,2,0.0,0.0,1.0,c234,c5
10420,3,0.0,0.0,1.0,c1,c5
10421,2,0.0,0.0,1.0,c1,c5
10422,5,0.0,1.0,0.0,c1,c234
10423,2,0.0,0.0,1.0,c234,c5
10424,4,0.0,0.0,1.0,c1,c5
10425,1,0.0,0.0,1.0,c234,c5
10426,1,0.0,0.0,1.0,c5,c5
10427,2,0.0,0.0,1.0,c5,c5
10428,3,0.0,0.0,1.0,c1,c5
10429,1,0.0,0.0,1.0,c5,c5
10430,4,0.0,0.0,1.0,c5,c5
10431,3,0.0,0.0,1.0,c234,c5
10432,1,0.0,0.0,1.0,c234,c5
10433,4,0.0,0.0,1.0,c5,c5
10434,2,0.0,0.0,1.0,c234,c5
10435,1,0.0,0.0,1.0,c1,c5
10436,1,0.0,0.0,1.0,c234,c5
10437,3,0.0,0.0,1.0,c234,c5
10438,4,0.0,0.0,1.0,c234,c5
10439,5,0.0,1.0,0.0,c1,c234
10440,2,0.0,0.0,1.0,c5,c5
10441,5,0.0,1.0,0.0,c5,c234
10442,1,0.0,0.0,1.0,c5,c5
10443,2,0.0,0.0,1.0,c5,c5
10444,5,0.0,1.0,0.0,c1,c234
10445,1,0.0,0.0,1.0,c234,c5
10446,5,0.0,1.0,0.0,c1,c234
10447,1,0.0,0.0,1.0,c234,c5
10448,1,0.0,0.0,1.0,c5,c5
10449,4,0.0,0.0,1.0,c5,c5
10450,1,0.0,0.0,1.0,c5,c5
10451,4,0.0,0.0,1.0,c5,c5
10452,1,0.0,0.0,1.0,c234,c5
10453,4,0.0,0.0,1.0,c1,c5
10454,2,0.0,0.0,1.0,c1,c5
10455,1,0.0,0.0,1.0,c1,c5
10456,2,0.0,0.0,1.0,c1,c5
10457,1,0.0,0.0,1.0,c234,c5
10458,2,0.0,0.0,1.0,c234,c5
10459,5,0.0,1.0,0.0,c5,c234
10460,1,0.0,0.0,1.0,c5,c5
10461,2,0.0,0.0,1.0,c5,c5
10462,4,0.0,0.0,1.0,c234,c5
10463,5,0.0,1.0,0.0,c1,c234
10464,4,0.0,0.0,1.0,c5,c5
10465,5,0.0,1.0,0.0,c5,c234
10466,5,0.0,1.0,0.0,c1,c234
10467,3,0.0,0.0,1.0,c5,c5
10468,5,0.0,1.0,0.0,c1,c234
10469,1,0.0,0.0,1.0,c5,c5
10470,4,0.0,0.0,1.0,c5,c5
10471,1,0.0,0.0,1.0,c1,c5
10472,4,0.0,0.0,1.0,c234,c5
10473,5,0.0,1.0,0.0,c5,c234
10474,3,0.0,0.0,1.0,c5,c5
10475,4,0.0,0.0,1.0,c5,c5
10476,2,0.0,0.0,1.0,c234,c5
10477,4,0.0,0.0,1.0,c5,c5
10478,3,0.0,0.0,1.0,c1,c5
10479,3,0.0,0.0,1.0,c234,c5
10480,4,0.0,0.0,1.0,c5,c5
10481,3,0.0,0.0,1.0,c234,c5
10482,2,0.0,0.0,1.0,c1,c5
10483,4,0.0,0.0,1.0,c5,c5
10484,3,0.0,0.0,1.0,c1,c5
10485,3,0.0,0.0,1.0,c5,c5
10486,1,0.0,0.0,1.0,c1,c5
10487,2,0.0,0.0,1.0,c5,c5
10488,1,0.0,0.0,1.0,c234,c5
10489,3,0.0,0.0,1.0,c1,c5
10490,1,0.0,0.0,1.0,c5,c5
10491,5,0.0,1.0,0.0,c1,c234
10492,2,0.0,0.0,1.0,c234,c5
10493,5,0.0,1.0,0.0,c1,c234
10494,2,0.0,0.0,1.0,c1,c5
10495,2,0.0,0.0,1.0,c5,c5
10496,5,0.0,1.0,0.0,c5,c234
10497,2,0.0,0.0,1.0,c234,c5
10498,3,0.0,0.0,1.0,c5,c5
10499,4,0.0,0.0,1.0,c234,c5
10500,1,0.0,0.0,1.0,c5,c5
10501,4,0.0,0.0,1.0,c5,c5
10502,4,0.0,0.0,1.0,c1,c5
10503,5,0.0,1.0,0.0,c5,c234
10504,5,0.0,1.0,0.0,c234,c234
10505,2,0.0,0.0,1.0,c234,c5
10506,1,0.0,0.0,1.0,c5,c5
10507,1,0.0,0.0,1.0,c1,c5
10508,2,0.0,0.0,1.0,c5,c5
10509,1,0.0,0.0,1.0,c234,c5
10510,1,0.0,0.0,1.0,c5,c5
10511,4,0.0,0.0,1.0,c1,c5
10512,1,0.0,0.0,1.0,c1,c5
10513,1,0.0,0.0,1.0,c234,c5
10514,2,0.0,0.0,1.0,c234,c5
10515,4,0.0,0.0,1.0,c5,c5
10516,1,0.0,0.0,1.0,c1,c5
10517,1,0.0,0.0,1.0,c1,c5
10518,5,0.0,1.0,0.0,c234,c234
10519,2,0.0,0.0,1.0,c1,c5
10520,3,0.0,0.0,1.0,c5,c5
10521,2,0.0,0.0,1.0,c234,c5
10522,1,0.0,0.0,1.0,c5,c5
10523,3,0.0,0.0,1.0,c5,c5
10524,4,0.0,0.0,1.0,c5,c5
10525,4,0.0,0.0,1.0,c5,c5
10526,3,0.0,0.0,1.0,c5,c5
10527,1,0.0,0.0,1.0,c234,c5
10528,5,0.0,1.0,0.0,c234,c234
10529,2,0.0,0.0,1.0,c1,c5
10530,2,0.0,0.0,1.0,c234,c5
10531,2,0.0,0.0,1.0,c5,c5
10532,1,0.0,0.0,1.0,c1,c5
10533,5,0.0,1.0,0.0,c5,c234
10534,5,0.0,1.0,0.0,c1,c234
10535,2,0.0,0.0,1.0,c5,c5
10536,1,0.0,0.0,1.0,c5,c5
10537,2,0.0,0.0,1.0,c234,c5
10538,1,0.0,0.0,1.0,c1,c5
10539,4,0.0,0.0,1.0,c1,c5
10540,4,0.0,0.0,1.0,c5,c5
10541,3,0.0,0.0,1.0,c234,c5
10542,5,0.0,1.0,0.0,c1,c234
10543,4,0.0,0.0,1.0,c234,c5
10544,2,0.0,0.0,1.0,c5,c5
10545,5,0.0,1.0,0.0,c234,c234
10546,5,0.0,1.0,0.0,c5,c234
10547,1,0.0,0.0,1.0,c5,c5
10548,2,0.0,0.0,1.0,c1,c5
10549,1,0.0,0.0,1.0,c5,c5
10550,4,0.0,0.0,1.0,c234,c5
10551,3,0.0,0.0,1.0,c234,c5
10552,3,0.0,0.0,1.0,c1,c5
10553,1,0.0,0.0,1.0,c234,c5
10554,3,0.0,0.0,1.0,c1,c5
10555,1,0.0,0.0,1.0,c234,c5
10556,2,0.0,0.0,1.0,c5,c5
10557,4,0.0,0.0,1.0,c1,c5
10558,1,0.0,0.0,1.0,c234,c5
10559,3,0.0,0.0,1.0,c5,c5
10560,4,0.0,0.0,1.0,c5,c5
10561,1,0.0,0.0,1.0,c1,c5
10562,5,0.0,1.0,0.0,c234,c234
10563,1,0.0,0.0,1.0,c1,c5
10564,1,0.0,0.0,1.0,c1,c5
10565,2,0.0,0.0,1.0,c5,c5
10566,1,0.0,0.0,1.0,c234,c5
10567,1,0.0,0.0,1.0,c234,c5
10568,1,0.0,0.0,1.0,c5,c5
10569,5,0.0,1.0,0.0,c5,c234
10570,4,0.0,0.0,1.0,c5,c5
10571,4,0.0,0.0,1.0,c5,c5
10572,2,0.0,0.0,1.0,c234,c5
10573,3,0.0,0.0,1.0,c234,c5
10574,2,0.0,0.0,1.0,c1,c5
10575,2,0.0,0.0,1.0,c5,c5
10576,3,0.0,0.0,1.0,c234,c5
10577,2,0.0,0.0,1.0,c234,c5
10578,2,0.0,0.0,1.0,c1,c5
10579,1,0.0,0.0,1.0,c1,c5
10580,1,0.0,0.0,1.0,c234,c5
10581,1,0.0,0.0,1.0,c5,c5
10582,1,0.0,0.0,1.0,c5,c5
10583,3,0.0,0.0,1.0,c1,c5
10584,2,0.0,0.0,1.0,c1,c5
10585,1,0.0,0.0,1.0,c1,c5
10586,5,0.0,1.0,0.0,c5,c234
10587,1,0.0,0.0,1.0,c234,c5
10588,5,0.0,1.0,0.0,c1,c234
10589,3,0.0,0.0,1.0,c234,c5
10590,3,0.0,0.0,1.0,c1,c5
10591,4,0.0,0.0,1.0,c5,c5
10592,5,0.0,1.0,0.0,c234,c234
10593,2,0.0,0.0,1.0,c5,c5
10594,2,0.0,0.0,1.0,c5,c5
10595,4,0.0,0.0,1.0,c234,c5
10596,5,0.0,1.0,0.0,c1,c234
10597,1,0.0,0.0,1.0,c5,c5
10598,5,0.0,1.0,0.0,c234,c234
10599,1,0.0,0.0,1.0,c5,c5
10600,1,0.0,0.0,1.0,c5,c5
10601,2,0.0,0.0,1.0,c5,c5
10602,4,0.0,0.0,1.0,c234,c5
10603,1,0.0,0.0,1.0,c5,c5
10604,1,0.0,0.0,1.0,c234,c5
10605,2,0.0,0.0,1.0,c5,c5
10606,4,0.0,0.0,1.0,c1,c5
10607,2,0.0,0.0,1.0,c5,c5
10608,2,0.0,0.0,1.0,c5,c5
10609,3,0.0,0.0,1.0,c234,c5
10610,3,0.0,0.0,1.0,c5,c5
10611,3,0.0,0.0,1.0,c234,c5
10612,5,0.0,1.0,0.0,c5,c234
10613,4,0.0,0.0,1.0,c1,c5
10614,4,0.0,0.0,1.0,c1,c5
10615,4,0.0,0.0,1.0,c234,c5
10616,3,0.0,0.0,1.0,c5,c5
10617,3,0.0,0.0,1.0,c1,c5
10618,5,0.0,1.0,0.0,c5,c234
10619,3,0.0,0.0,1.0,c1,c5
10620,4,0.0,0.0,1.0,c1,c5
10621,5,0.0,1.0,0.0,c5,c234
10622,5,0.0,1.0,0.0,c1,c234
10623,2,0.0,0.0,1.0,c5,c5
10624,3,0.0,0.0,1.0,c1,c5
10625,4,0.0,0.0,1.0,c5,c5
10626,5,0.0,1.0,0.0,c5,c234
10627,5,0.0,1.0,0.0,c5,c234
10628,1,0.0,0.0,1.0,c234,c5
10629,1,0.0,0.0,1.0,c5,c5
10630,1,0.0,0.0,1.0,c1,c5
10631,4,0.0,0.0,1.0,c1,c5
10632,5,0.0,1.0,0.0,c5,c234
10633,3,0.0,0.0,1.0,c5,c5
10634,3,0.0,0.0,1.0,c1,c5
10635,1,0.0,0.0,1.0,c234,c5
10636,2,0.0,0.0,1.0,c234,c5
10637,3,0.0,0.0,1.0,c5,c5
10638,1,0.0,0.0,1.0,c234,c5
10639,2,0.0,0.0,1.0,c234,c5
10640,2,0.0,0.0,1.0,c234,c5
10641,5,0.0,1.0,0.0,c1,c234
10642,4,0.0,0.0,1.0,c1,c5
10643,2,0.0,0.0,1.0,c234,c5
10644,5,0.0,1.0,0.0,c234,c234
10645,1,0.0,0.0,1.0,c5,c5
10646,3,0.0,0.0,1.0,c5,c5
10647,4,0.0,0.0,1.0,c1,c5
10648,4,0.0,0.0,1.0,c1,c5
10649,2,0.0,0.0,1.0,c1,c5
10650,4,0.0,0.0,1.0,c5,c5
10651,2,0.0,0.0,1.0,c5,c5
10652,5,0.0,1.0,0.0,c1,c234
10653,2,0.0,0.0,1.0,c234,c5
10654,4,0.0,0.0,1.0,c1,c5
10655,2,0.0,0.0,1.0,c1,c5
10656,1,0.0,0.0,1.0,c1,c5
10657,3,0.0,0.0,1.0,c5,c5
10658,4,0.0,0.0,1.0,c1,c5
10659,4,0.0,0.0,1.0,c1,c5
10660,1,0.0,0.0,1.0,c1,c5
10661,1,0.0,0.0,1.0,c234,c5
10662,5,0.0,1.0,0.0,c5,c234
10663,4,0.0,0.0,1.0,c234,c5
10664,2,0.0,0.0,1.0,c5,c5
10665,4,0.0,0.0,1.0,c5,c5
10666,3,0.0,0.0,1.0,c234,c5
10667,3,0.0,0.0,1.0,c5,c5
10668,1,0.0,0.0,1.0,c1,c5
10669,3,0.0,0.0,1.0,c234,c5
10670,2,0.0,0.0,1.0,c1,c5
10671,2,0.0,0.0,1.0,c1,c5
10672,1,0.0,0.0,1.0,c5,c5
10673,2,0.0,0.0,1.0,c234,c5
10674,4,0.0,0.0,1.0,c5,c5
10675,2,0.0,0.0,1.0,c1,c5
10676,1,0.0,0.0,1.0,c1,c5
10677,4,0.0,0.0,1.0,c1,c5
10678,1,0.0,0.0,1.0,c1,c5
10679,4,0.0,0.0,1.0,c234,c5
10680,5,0.0,1.0,0.0,c5,c234
10681,4,0.0,0.0,1.0,c234,c5
10682,2,0.0,0.0,1.0,c5,c5
10683,2,0.0,0.0,1.0,c5,c5
10684,1,0.0,0.0,1.0,c234,c5
10685,3,0.0,0.0,1.0,c234,c5
10686,3,0.0,0.0,1.0,c1,c5
10687,5,0.0,1.0,0.0,c1,c234
10688,1,0.0,0.0,1.0,c1,c5
10689,4,0.0,0.0,1.0,c234,c5
10690,4,0.0,0.0,1.0,c1,c5
10691,4,0.0,0.0,1.0,c234,c5
10692,5,0.0,1.0,0.0,c234,c234
10693,2,0.0,0.0,1.0,c234,c5
10694,2,0.0,0.0,1.0,c5,c5
10695,3,0.0,0.0,1.0,c234,c5
10696,5,0.0,1.0,0.0,c234,c234
10697,3,0.0,0.0,1.0,c234,c5
10698,2,0.0,0.0,1.0,c5,c5
10699,2,0.0,0.0,1.0,c234,c5
10700,2,0.0,0.0,1.0,c234,c5
10701,5,0.0,1.0,0.0,c1,c234
10702,2,0.0,0.0,1.0,c234,c5
10703,2,0.0,0.0,1.0,c5,c5
10704,2,0.0,0.0,1.0,c234,c5
10705,4,0.0,0.0,1.0,c1,c5
10706,4,0.0,0.0,1.0,c5,c5
10707,3,0.0,0.0,1.0,c5,c5
10708,2,0.0,0.0,1.0,c5,c5
10709,3,0.0,0.0,1.0,c1,c5
10710,2,0.0,0.0,1.0,c1,c5
10711,4,0.0,0.0,1.0,c234,c5
10712,2,0.0,0.0,1.0,c1,c5
10713,1,0.0,0.0,1.0,c5,c5
10714,2,0.0,0.0,1.0,c1,c5
10715,3,0.0,0.0,1.0,c5,c5
10716,3,0.0,0.0,1.0,c234,c5
10717,4,0.0,0.0,1.0,c5,c5
10718,3,0.0,0.0,1.0,c1,c5
10719,1,0.0,0.0,1.0,c5,c5
10720,3,0.0,0.0,1.0,c1,c5
10721,1,0.0,0.0,1.0,c1,c5
10722,1,0.0,0.0,1.0,c1,c5
10723,2,0.0,0.0,1.0,c234,c5
10724,1,0.0,0.0,1.0,c5,c5
10725,5,0.0,1.0,0.0,c234,c234
10726,4,0.0,0.0,1.0,c234,c5
10727,4,0.0,0.0,1.0,c234,c5
10728,3,0.0,0.0,1.0,c1,c5
10729,3,0.0,0.0,1.0,c5,c5
10730,3,0.0,0.0,1.0,c234,c5
10731,5,0.0,1.0,0.0,c234,c234
10732,4,0.0,0.0,1.0,c1,c5
10733,5,0.0,1.0,0.0,c234,c234
10734,3,0.0,0.0,1.0,c234,c5
10735,5,0.0,1.0,0.0,c234,c234
10736,1,0.0,0.0,1.0,c5,c5
10737,2,0.0,0.0,1.0,c234,c5
10738,4,0.0,0.0,1.0,c234,c5
10739,4,0.0,0.0,1.0,c5,c5
10740,2,0.0,0.0,1.0,c1,c5
10741,5,0.0,1.0,0.0,c1,c234
10742,1,0.0,0.0,1.0,c234,c5
10743,1,0.0,0.0,1.0,c1,c5
10744,5,0.0,1.0,0.0,c234,c234
10745,2,0.0,0.0,1.0,c234,c5
10746,2,0.0,0.0,1.0,c5,c5
10747,4,0.0,0.0,1.0,c5,c5
10748,1,0.0,0.0,1.0,c234,c5
10749,3,0.0,0.0,1.0,c234,c5
10750,5,0.0,1.0,0.0,c1,c234
10751,1,0.0,0.0,1.0,c1,c5
10752,3,0.0,0.0,1.0,c5,c5
10753,2,0.0,0.0,1.0,c1,c5
10754,3,0.0,0.0,1.0,c1,c5
10755,5,0.0,1.0,0.0,c234,c234
10756,4,0.0,0.0,1.0,c1,c5
10757,4,0.0,0.0,1.0,c1,c5
10758,2,0.0,0.0,1.0,c5,c5
10759,3,0.0,0.0,1.0,c5,c5
10760,2,0.0,0.0,1.0,c1,c5
10761,5,0.0,1.0,0.0,c234,c234
10762,4,0.0,0.0,1.0,c1,c5
10763,1,0.0,0.0,1.0,c234,c5
10764,2,0.0,0.0,1.0,c5,c5
10765,2,0.0,0.0,1.0,c234,c5
10766,4,0.0,0.0,1.0,c5,c5
10767,4,0.0,0.0,1.0,c1,c5
10768,1,0.0,0.0,1.0,c1,c5
10769,5,0.0,1.0,0.0,c234,c234
10770,3,0.0,0.0,1.0,c234,c5
10771,3,0.0,0.0,1.0,c234,c5
10772,4,0.0,0.0,1.0,c1,c5
10773,5,0.0,1.0,0.0,c5,c234
10774,4,0.0,0.0,1.0,c234,c5
10775,5,0.0,1.0,0.0,c234,c234
10776,4,0.0,0.0,1.0,c234,c5
10777,3,0.0,0.0,1.0,c1,c5
10778,2,0.0,0.0,1.0,c5,c5
10779,5,0.0,1.0,0.0,c234,c234
10780,3,0.0,0.0,1.0,c234,c5
10781,5,0.0,1.0,0.0,c234,c234
10782,4,0.0,0.0,1.0,c234,c5
10783,1,0.0,0.0,1.0,c5,c5
10784,5,0.0,1.0,0.0,c234,c234
10785,3,0.0,0.0,1.0,c5,c5
10786,1,0.0,0.0,1.0,c234,c5
10787,1,0.0,0.0,1.0,c1,c5
10788,2,0.0,0.0,1.0,c5,c5
10789,5,0.0,1.0,0.0,c1,c234
10790,1,0.0,0.0,1.0,c1,c5
10791,1,0.0,0.0,1.0,c5,c5
10792,5,0.0,1.0,0.0,c5,c234
10793,1,0.0,0.0,1.0,c234,c5
10794,2,0.0,0.0,1.0,c234,c5
10795,5,0.0,1.0,0.0,c1,c234
10796,4,0.0,0.0,1.0,c5,c5
10797,4,0.0,0.0,1.0,c234,c5
10798,4,0.0,0.0,1.0,c1,c5
10799,3,0.0,0.0,1.0,c234,c5
10800,2,0.0,0.0,1.0,c234,c5
10801,4,0.0,0.0,1.0,c1,c5
10802,5,0.0,1.0,0.0,c5,c234
10803,2,0.0,0.0,1.0,c1,c5
10804,1,0.0,0.0,1.0,c1,c5
10805,2,0.0,0.0,1.0,c234,c5
10806,5,0.0,1.0,0.0,c234,c234
10807,5,0.0,1.0,0.0,c234,c234
10808,2,0.0,0.0,1.0,c1,c5
10809,4,0.0,0.0,1.0,c234,c5
10810,1,0.0,0.0,1.0,c234,c5
10811,2,0.0,0.0,1.0,c234,c5
10812,5,0.0,1.0,0.0,c234,c234
10813,4,0.0,0.0,1.0,c1,c5
10814,3,0.0,0.0,1.0,c234,c5
10815,1,0.0,0.0,1.0,c1,c5
10816,5,0.0,1.0,0.0,c234,c234
10817,1,0.0,0.0,1.0,c234,c5
10818,5,0.0,1.0,0.0,c5,c234
10819,4,0.0,0.0,1.0,c234,c5
10820,1,0.0,0.0,1.0,c1,c5
10821,3,0.0,0.0,1.0,c5,c5
10822,4,0.0,0.0,1.0,c5,c5
10823,1,0.0,0.0,1.0,c1,c5
10824,2,0.0,0.0,1.0,c1,c5
10825,2,0.0,0.0,1.0,c5,c5
10826,3,0.0,0.0,1.0,c1,c5
10827,3,0.0,0.0,1.0,c234,c5
10828,4,0.0,0.0,1.0,c5,c5
10829,3,0.0,0.0,1.0,c5,c5
10830,4,0.0,0.0,1.0,c234,c5
10831,2,0.0,0.0,1.0,c234,c5
10832,5,0.0,1.0,0.0,c234,c234
10833,1,0.0,0.0,1.0,c5,c5
10834,5,0.0,1.0,0.0,c5,c234
10835,2,0.0,0.0,1.0,c1,c5
10836,4,0.0,0.0,1.0,c5,c5
10837,2,0.0,0.0,1.0,c1,c5
10838,4,0.0,0.0,1.0,c234,c5
10839,4,0.0,0.0,1.0,c5,c5
10840,5,0.0,1.0,0.0,c5,c234
10841,3,0.0,0.0,1.0,c1,c5
10842,2,0.0,0.0,1.0,c234,c5
10843,3,0.0,0.0,1.0,c1,c5
10844,3,0.0,0.0,1.0,c234,c5
10845,5,0.0,1.0,0.0,c1,c234
10846,3,0.0,0.0,1.0,c5,c5
10847,5,0.0,1.0,0.0,c1,c234
10848,2,0.0,0.0,1.0,c5,c5
10849,1,0.0,0.0,1.0,c1,c5
10850,3,0.0,0.0,1.0,c1,c5
10851,4,0.0,0.0,1.0,c234,c5
10852,1,0.0,0.0,1.0,c234,c5
10853,1,0.0,0.0,1.0,c234,c5
10854,1,0.0,0.0,1.0,c1,c5
10855,3,0.0,0.0,1.0,c234,c5
10856,2,0.0,0.0,1.0,c1,c5
10857,1,0.0,0.0,1.0,c234,c5
10858,5,0.0,1.0,0.0,c1,c234
10859,4,0.0,0.0,1.0,c1,c5
10860,4,0.0,0.0,1.0,c234,c5
10861,3,0.0,0.0,1.0,c5,c5
10862,2,0.0,0.0,1.0,c5,c5
10863,5,0.0,1.0,0.0,c1,c234
10864,1,0.0,0.0,1.0,c234,c5
10865,1,0.0,0.0,1.0,c5,c5
10866,2,0.0,0.0,1.0,c1,c5
10867,4,0.0,0.0,1.0,c234,c5
10868,3,0.0,0.0,1.0,c5,c5
10869,1,0.0,0.0,1.0,c1,c5
10870,3,0.0,0.0,1.0,c1,c5
10871,2,0.0,0.0,1.0,c234,c5
10872,2,0.0,0.0,1.0,c5,c5
10873,4,0.0,0.0,1.0,c5,c5
10874,4,0.0,0.0,1.0,c234,c5
10875,4,0.0,0.0,1.0,c234,c5
10876,3,0.0,0.0,1.0,c5,c5
10877,4,0.0,0.0,1.0,c1,c5
10878,4,0.0,0.0,1.0,c234,c5
10879,3,0.0,0.0,1.0,c5,c5
10880,5,0.0,1.0,0.0,c234,c234
10881,1,0.0,0.0,1.0,c234,c5
10882,2,0.0,0.0,1.0,c234,c5
10883,3,0.0,0.0,1.0,c1,c5
10884,4,0.0,0.0,1.0,c5,c5
10885,1,0.0,0.0,1.0,c234,c5
10886,1,0.0,0.0,1.0,c234,c5
10887,5,0.0,1.0,0.0,c1,c234
10888,1,0.0,0.0,1.0,c1,c5
10889,4,0.0,0.0,1.0,c5,c5
10890,1,0.0,0.0,1.0,c234,c5
10891,5,0.0,1.0,0.0,c234,c234
10892,2,0.0,0.0,1.0,c1,c5
10893,2,0.0,0.0,1.0,c5,c5
10894,3,0.0,0.0,1.0,c1,c5
10895,5,0.0,1.0,0.0,c5,c234
10896,2,0.0,0.0,1.0,c5,c5
10897,2,0.0,0.0,1.0,c1,c5
10898,1,0.0,0.0,1.0,c5,c5
10899,5,0.0,1.0,0.0,c1,c234
10900,1,0.0,0.0,1.0,c234,c5
10901,4,0.0,0.0,1.0,c234,c5
10902,3,0.0,0.0,1.0,c5,c5
10903,1,0.0,0.0,1.0,c5,c5
10904,1,0.0,0.0,1.0,c234,c5
10905,2,0.0,0.0,1.0,c5,c5
10906,2,0.0,0.0,1.0,c234,c5
10907,5,0.0,1.0,0.0,c5,c234
10908,1,0.0,0.0,1.0,c5,c5
10909,5,0.0,1.0,0.0,c1,c234
10910,2,0.0,0.0,1.0,c5,c5
10911,4,0.0,0.0,1.0,c5,c5
10912,5,0.0,1.0,0.0,c5,c234
10913,5,0.0,1.0,0.0,c234,c234
10914,5,0.0,1.0,0.0,c234,c234
10915,2,0.0,0.0,1.0,c1,c5
10916,2,0.0,0.0,1.0,c234,c5
10917,2,0.0,0.0,1.0,c234,c5
10918,2,0.0,0.0,1.0,c1,c5
10919,5,0.0,1.0,0.0,c5,c234
10920,2,0.0,0.0,1.0,c1,c5
10921,4,0.0,0.0,1.0,c234,c5
10922,4,0.0,0.0,1.0,c5,c5
10923,5,0.0,1.0,0.0,c234,c234
10924,3,0.0,0.0,1.0,c1,c5
10925,1,0.0,0.0,1.0,c234,c5
10926,2,0.0,0.0,1.0,c1,c5
10927,4,0.0,0.0,1.0,c234,c5
10928,2,0.0,0.0,1.0,c234,c5
10929,3,0.0,0.0,1.0,c234,c5
10930,4,0.0,0.0,1.0,c1,c5
10931,5,0.0,1.0,0.0,c234,c234
10932,5,0.0,1.0,0.0,c5,c234
10933,5,0.0,1.0,0.0,c1,c234
10934,1,0.0,0.0,1.0,c1,c5
10935,1,0.0,0.0,1.0,c1,c5
10936,2,0.0,0.0,1.0,c234,c5
10937,4,0.0,0.0,1.0,c1,c5
10938,5,0.0,1.0,0.0,c234,c234
10939,1,0.0,0.0,1.0,c5,c5
10940,1,0.0,0.0,1.0,c234,c5
10941,5,0.0,1.0,0.0,c5,c234
10942,4,0.0,0.0,1.0,c1,c5
10943,2,0.0,0.0,1.0,c5,c5
10944,1,0.0,0.0,1.0,c5,c5
10945,3,0.0,0.0,1.0,c234,c5
10946,5,0.0,1.0,0.0,c234,c234
10947,4,0.0,0.0,1.0,c5,c5
10948,2,0.0,0.0,1.0,c234,c5
10949,4,0.0,0.0,1.0,c234,c5
10950,3,0.0,0.0,1.0,c1,c5
10951,5,0.0,1.0,0.0,c1,c234
10952,2,0.0,0.0,1.0,c5,c5
10953,5,0.0,1.0,0.0,c1,c234
10954,4,0.0,0.0,1.0,c234,c5
10955,4,0.0,0.0,1.0,c1,c5
10956,3,0.0,0.0,1.0,c234,c5
10957,4,0.0,0.0,1.0,c234,c5
10958,3,0.0,0.0,1.0,c234,c5
10959,2,0.0,0.0,1.0,c234,c5
10960,1,0.0,0.0,1.0,c234,c5
10961,4,0.0,0.0,1.0,c1,c5
10962,1,0.0,0.0,1.0,c1,c5
10963,1,0.0,0.0,1.0,c5,c5
10964,5,0.0,1.0,0.0,c234,c234
10965,5,0.0,1.0,0.0,c1,c234
10966,4,0.0,0.0,1.0,c1,c5
10967,3,0.0,0.0,1.0,c1,c5
10968,1,0.0,0.0,1.0,c234,c5
10969,4,0.0,0.0,1.0,c234,c5
10970,5,0.0,1.0,0.0,c1,c234
10971,3,0.0,0.0,1.0,c234,c5
10972,4,0.0,0.0,1.0,c234,c5
10973,2,0.0,0.0,1.0,c5,c5
10974,4,0.0,0.0,1.0,c234,c5
10975,2,0.0,0.0,1.0,c5,c5
10976,5,0.0,1.0,0.0,c1,c234
10977,4,0.0,0.0,1.0,c1,c5
10978,2,0.0,0.0,1.0,c1,c5
10979,3,0.0,0.0,1.0,c5,c5
10980,1,0.0,0.0,1.0,c234,c5
10981,1,0.0,0.0,1.0,c5,c5
10982,2,0.0,0.0,1.0,c1,c5
10983,3,0.0,0.0,1.0,c234,c5
10984,5,0.0,1.0,0.0,c1,c234
10985,4,0.0,0.0,1.0,c5,c5
10986,4,0.0,0.0,1.0,c5,c5
10987,4,0.0,0.0,1.0,c5,c5
10988,2,0.0,0.0,1.0,c5,c5
10989,4,0.0,0.0,1.0,c5,c5
10990,2,0.0,0.0,1.0,c234,c5
10991,4,0.0,0.0,1.0,c5,c5
10992,4,0.0,0.0,1.0,c1,c5
10993,1,0.0,0.0,1.0,c234,c5
10994,3,0.0,0.0,1.0,c234,c5
10995,3,0.0,0.0,1.0,c1,c5
10996,4,0.0,0.0,1.0,c1,c5
10997,3,0.0,0.0,1.0,c234,c5
10998,1,0.0,0.0,1.0,c1,c5
10999,4,0.0,0.0,1.0,c5,c5
11000,4,0.0,0.0,1.0,c1,c5
11001,5,0.0,1.0,0.0,c234,c234
11002,1,0.0,0.0,1.0,c5,c5
11003,4,0.0,0.0,1.0,c1,c5
11004,3,0.0,0.0,1.0,c234,c5
11005,2,0.0,0.0,1.0,c234,c5
11006,5,0.0,1.0,0.0,c5,c234
11007,5,0.0,1.0,0.0,c1,c234
11008,5,0.0,1.0,0.0,c5,c234
11009,2,0.0,0.0,1.0,c5,c5
11010,3,0.0,0.0,1.0,c234,c5
11011,4,0.0,0.0,1.0,c1,c5
11012,5,0.0,1.0,0.0,c5,c234
11013,1,0.0,0.0,1.0,c234,c5
11014,1,0.0,0.0,1.0,c234,c5
11015,1,0.0,0.0,1.0,c234,c5
11016,4,0.0,0.0,1.0,c1,c5
11017,2,0.0,0.0,1.0,c5,c5
11018,2,0.0,0.0,1.0,c5,c5
11019,5,0.0,1.0,0.0,c5,c234
11020,3,0.0,0.0,1.0,c5,c5
11021,5,0.0,1.0,0.0,c5,c234
11022,4,0.0,0.0,1.0,c1,c5
11023,4,0.0,0.0,1.0,c1,c5
11024,5,0.0,1.0,0.0,c1,c234
11025,4,0.0,0.0,1.0,c5,c5
11026,1,0.0,0.0,1.0,c234,c5
11027,5,0.0,1.0,0.0,c5,c234
11028,1,0.0,0.0,1.0,c5,c5
11029,5,0.0,1.0,0.0,c5,c234
11030,4,0.0,0.0,1.0,c5,c5
11031,1,0.0,0.0,1.0,c1,c5
11032,2,0.0,0.0,1.0,c5,c5
11033,3,0.0,0.0,1.0,c1,c5
11034,2,0.0,0.0,1.0,c5,c5
11035,3,0.0,0.0,1.0,c234,c5
11036,3,0.0,0.0,1.0,c234,c5
11037,2,0.0,0.0,1.0,c5,c5
11038,3,0.0,0.0,1.0,c234,c5
11039,2,0.0,0.0,1.0,c234,c5
11040,1,0.0,0.0,1.0,c5,c5
11041,5,0.0,1.0,0.0,c234,c234
11042,2,0.0,0.0,1.0,c234,c5
11043,1,0.0,0.0,1.0,c1,c5
11044,2,0.0,0.0,1.0,c1,c5
11045,2,0.0,0.0,1.0,c234,c5
11046,1,0.0,0.0,1.0,c1,c5
11047,5,0.0,1.0,0.0,c5,c234
11048,4,0.0,0.0,1.0,c234,c5
11049,2,0.0,0.0,1.0,c234,c5
11050,4,0.0,0.0,1.0,c234,c5
11051,5,0.0,1.0,0.0,c234,c234
11052,3,0.0,0.0,1.0,c5,c5
11053,4,0.0,0.0,1.0,c5,c5
11054,2,0.0,0.0,1.0,c1,c5
11055,3,0.0,0.0,1.0,c5,c5
11056,4,0.0,0.0,1.0,c1,c5
11057,2,0.0,0.0,1.0,c5,c5
11058,5,0.0,1.0,0.0,c1,c234
11059,2,0.0,0.0,1.0,c234,c5
11060,1,0.0,0.0,1.0,c1,c5
11061,5,0.0,1.0,0.0,c5,c234
11062,4,0.0,0.0,1.0,c5,c5
11063,2,0.0,0.0,1.0,c5,c5
11064,2,0.0,0.0,1.0,c234,c5
11065,5,0.0,1.0,0.0,c5,c234
11066,1,0.0,0.0,1.0,c234,c5
11067,1,0.0,0.0,1.0,c234,c5
11068,5,0.0,1.0,0.0,c5,c234
11069,3,0.0,0.0,1.0,c5,c5
11070,3,0.0,0.0,1.0,c5,c5
11071,5,0.0,1.0,0.0,c5,c234
11072,3,0.0,0.0,1.0,c234,c5
11073,3,0.0,0.0,1.0,c5,c5
11074,5,0.0,1.0,0.0,c234,c234
11075,1,0.0,0.0,1.0,c5,c5
11076,4,0.0,0.0,1.0,c1,c5
11077,1,0.0,0.0,1.0,c1,c5
11078,4,0.0,0.0,1.0,c1,c5
11079,3,0.0,0.0,1.0,c1,c5
11080,1,0.0,0.0,1.0,c5,c5
11081,3,0.0,0.0,1.0,c5,c5
11082,1,0.0,0.0,1.0,c234,c5
11083,4,0.0,0.0,1.0,c1,c5
11084,4,0.0,0.0,1.0,c5,c5
11085,5,0.0,1.0,0.0,c1,c234
11086,5,0.0,1.0,0.0,c234,c234
11087,1,0.0,0.0,1.0,c5,c5
11088,1,0.0,0.0,1.0,c234,c5
11089,5,0.0,1.0,0.0,c5,c234
11090,4,0.0,0.0,1.0,c1,c5
11091,2,0.0,0.0,1.0,c1,c5
11092,1,0.0,0.0,1.0,c5,c5
11093,2,0.0,0.0,1.0,c1,c5
11094,5,0.0,1.0,0.0,c1,c234
11095,5,0.0,1.0,0.0,c1,c234
11096,2,0.0,0.0,1.0,c1,c5
11097,2,0.0,0.0,1.0,c1,c5
11098,1,0.0,0.0,1.0,c5,c5
11099,1,0.0,0.0,1.0,c1,c5
11100,4,0.0,0.0,1.0,c234,c5
11101,4,0.0,0.0,1.0,c1,c5
11102,5,0.0,1.0,0.0,c5,c234
11103,2,0.0,0.0,1.0,c234,c5
11104,2,0.0,0.0,1.0,c5,c5
11105,4,0.0,0.0,1.0,c5,c5
11106,4,0.0,0.0,1.0,c1,c5
11107,1,0.0,0.0,1.0,c5,c5
11108,4,0.0,0.0,1.0,c5,c5
11109,2,0.0,0.0,1.0,c1,c5
11110,2,0.0,0.0,1.0,c5,c5
11111,4,0.0,0.0,1.0,c5,c5
11112,4,0.0,0.0,1.0,c234,c5
11113,4,0.0,0.0,1.0,c234,c5
11114,2,0.0,0.0,1.0,c1,c5
11115,5,0.0,1.0,0.0,c1,c234
11116,3,0.0,0.0,1.0,c234,c5
11117,5,0.0,1.0,0.0,c5,c234
11118,5,0.0,1.0,0.0,c234,c234
11119,1,0.0,0.0,1.0,c1,c5
11120,4,0.0,0.0,1.0,c5,c5
11121,5,0.0,1.0,0.0,c234,c234
11122,4,0.0,0.0,1.0,c234,c5
11123,1,0.0,0.0,1.0,c1,c5
11124,4,0.0,0.0,1.0,c1,c5
11125,4,0.0,0.0,1.0,c234,c5
11126,3,0.0,0.0,1.0,c234,c5
11127,3,0.0,0.0,1.0,c1,c5
11128,1,0.0,0.0,1.0,c234,c5
11129,5,0.0,1.0,0.0,c5,c234
11130,3,0.0,0.0,1.0,c1,c5
11131,4,0.0,0.0,1.0,c5,c5
11132,5,0.0,1.0,0.0,c1,c234
11133,5,0.0,1.0,0.0,c5,c234
11134,4,0.0,0.0,1.0,c5,c5
11135,2,0.0,0.0,1.0,c1,c5
11136,2,0.0,0.0,1.0,c1,c5
11137,1,0.0,0.0,1.0,c1,c5
11138,2,0.0,0.0,1.0,c1,c5
11139,2,0.0,0.0,1.0,c5,c5
11140,3,0.0,0.0,1.0,c234,c5
11141,5,0.0,1.0,0.0,c1,c234
11142,3,0.0,0.0,1.0,c1,c5
11143,5,0.0,1.0,0.0,c1,c234
11144,1,0.0,0.0,1.0,c234,c5
11145,3,0.0,0.0,1.0,c5,c5
11146,4,0.0,0.0,1.0,c1,c5
11147,3,0.0,0.0,1.0,c5,c5
11148,3,0.0,0.0,1.0,c234,c5
11149,2,0.0,0.0,1.0,c234,c5
11150,1,0.0,0.0,1.0,c5,c5
11151,3,0.0,0.0,1.0,c1,c5
11152,2,0.0,0.0,1.0,c5,c5
11153,4,0.0,0.0,1.0,c1,c5
11154,2,0.0,0.0,1.0,c1,c5
11155,3,0.0,0.0,1.0,c1,c5
11156,1,0.0,0.0,1.0,c5,c5
11157,5,0.0,1.0,0.0,c5,c234
11158,3,0.0,0.0,1.0,c5,c5
11159,2,0.0,0.0,1.0,c1,c5
11160,2,0.0,0.0,1.0,c234,c5
11161,2,0.0,0.0,1.0,c1,c5
11162,4,0.0,0.0,1.0,c234,c5
11163,1,0.0,0.0,1.0,c5,c5
11164,2,0.0,0.0,1.0,c5,c5
11165,5,0.0,1.0,0.0,c234,c234
11166,2,0.0,0.0,1.0,c5,c5
11167,5,0.0,1.0,0.0,c1,c234
11168,3,0.0,0.0,1.0,c1,c5
11169,5,0.0,1.0,0.0,c1,c234
11170,2,0.0,0.0,1.0,c5,c5
11171,3,0.0,0.0,1.0,c5,c5
11172,5,0.0,1.0,0.0,c234,c234
11173,4,0.0,0.0,1.0,c234,c5
11174,2,0.0,0.0,1.0,c5,c5
11175,1,0.0,0.0,1.0,c1,c5
11176,3,0.0,0.0,1.0,c1,c5
11177,5,0.0,1.0,0.0,c5,c234
11178,4,0.0,0.0,1.0,c5,c5
11179,4,0.0,0.0,1.0,c5,c5
11180,4,0.0,0.0,1.0,c234,c5
11181,3,0.0,0.0,1.0,c1,c5
11182,1,0.0,0.0,1.0,c5,c5
11183,2,0.0,0.0,1.0,c234,c5
11184,5,0.0,1.0,0.0,c1,c234
11185,4,0.0,0.0,1.0,c234,c5
11186,1,0.0,0.0,1.0,c1,c5
11187,4,0.0,0.0,1.0,c1,c5
11188,4,0.0,0.0,1.0,c5,c5
11189,5,0.0,1.0,0.0,c234,c234
11190,3,0.0,0.0,1.0,c1,c5
11191,1,0.0,0.0,1.0,c234,c5
11192,4,0.0,0.0,1.0,c5,c5
11193,1,0.0,0.0,1.0,c1,c5
11194,4,0.0,0.0,1.0,c1,c5
11195,5,0.0,1.0,0.0,c1,c234
11196,1,0.0,0.0,1.0,c234,c5
11197,2,0.0,0.0,1.0,c1,c5
11198,3,0.0,0.0,1.0,c5,c5
11199,4,0.0,0.0,1.0,c1,c5
11200,5,0.0,1.0,0.0,c234,c234
11201,4,0.0,0.0,1.0,c5,c5
11202,3,0.0,0.0,1.0,c1,c5
11203,1,0.0,0.0,1.0,c5,c5
11204,5,0.0,1.0,0.0,c234,c234
11205,2,0.0,0.0,1.0,c5,c5
11206,2,0.0,0.0,1.0,c1,c5
11207,3,0.0,0.0,1.0,c1,c5
11208,5,0.0,1.0,0.0,c5,c234
11209,1,0.0,0.0,1.0,c234,c5
11210,5,0.0,1.0,0.0,c234,c234
11211,4,0.0,0.0,1.0,c1,c5
11212,2,0.0,0.0,1.0,c1,c5
11213,2,0.0,0.0,1.0,c234,c5
11214,1,0.0,0.0,1.0,c234,c5
11215,2,0.0,0.0,1.0,c234,c5
11216,3,0.0,0.0,1.0,c234,c5
11217,5,0.0,1.0,0.0,c1,c234
11218,4,0.0,0.0,1.0,c5,c5
11219,3,0.0,0.0,1.0,c234,c5
11220,1,0.0,0.0,1.0,c234,c5
11221,2,0.0,0.0,1.0,c234,c5
11222,3,0.0,0.0,1.0,c5,c5
11223,5,0.0,1.0,0.0,c5,c234
11224,5,0.0,1.0,0.0,c1,c234
11225,4,0.0,0.0,1.0,c234,c5
11226,1,0.0,0.0,1.0,c1,c5
11227,4,0.0,0.0,1.0,c1,c5
11228,1,0.0,0.0,1.0,c234,c5
11229,3,0.0,0.0,1.0,c1,c5
11230,3,0.0,0.0,1.0,c1,c5
11231,4,0.0,0.0,1.0,c234,c5
11232,4,0.0,0.0,1.0,c5,c5
11233,1,0.0,0.0,1.0,c5,c5
11234,5,0.0,1.0,0.0,c234,c234
11235,2,0.0,0.0,1.0,c234,c5
11236,2,0.0,0.0,1.0,c1,c5
11237,1,0.0,0.0,1.0,c5,c5
11238,5,0.0,1.0,0.0,c1,c234
11239,2,0.0,0.0,1.0,c5,c5
11240,1,0.0,0.0,1.0,c1,c5
11241,4,0.0,0.0,1.0,c1,c5
11242,1,0.0,0.0,1.0,c5,c5
11243,1,0.0,0.0,1.0,c234,c5
11244,5,0.0,1.0,0.0,c234,c234
11245,5,0.0,1.0,0.0,c5,c234
11246,1,0.0,0.0,1.0,c5,c5
11247,2,0.0,0.0,1.0,c1,c5
11248,2,0.0,0.0,1.0,c5,c5
11249,2,0.0,0.0,1.0,c1,c5
11250,4,0.0,0.0,1.0,c1,c5
11251,5,0.0,1.0,0.0,c5,c234
11252,3,0.0,0.0,1.0,c234,c5
11253,3,0.0,0.0,1.0,c1,c5
11254,1,0.0,0.0,1.0,c1,c5
11255,1,0.0,0.0,1.0,c1,c5
11256,2,0.0,0.0,1.0,c1,c5
11257,3,0.0,0.0,1.0,c5,c5
11258,5,0.0,1.0,0.0,c1,c234
11259,5,0.0,1.0,0.0,c5,c234
11260,4,0.0,0.0,1.0,c5,c5
11261,3,0.0,0.0,1.0,c1,c5
11262,3,0.0,0.0,1.0,c1,c5
11263,2,0.0,0.0,1.0,c5,c5
11264,2,0.0,0.0,1.0,c234,c5
11265,1,0.0,0.0,1.0,c1,c5
11266,2,0.0,0.0,1.0,c1,c5
11267,4,0.0,0.0,1.0,c1,c5
11268,4,0.0,0.0,1.0,c1,c5
11269,5,0.0,1.0,0.0,c234,c234
11270,1,0.0,0.0,1.0,c234,c5
11271,2,0.0,0.0,1.0,c234,c5
11272,1,0.0,0.0,1.0,c234,c5
11273,2,0.0,0.0,1.0,c234,c5
11274,4,0.0,0.0,1.0,c5,c5
11275,5,0.0,1.0,0.0,c234,c234
11276,1,0.0,0.0,1.0,c234,c5
11277,3,0.0,0.0,1.0,c5,c5
11278,2,0.0,0.0,1.0,c5,c5
11279,2,0.0,0.0,1.0,c5,c5
11280,3,0.0,0.0,1.0,c1,c5
11281,4,0.0,0.0,1.0,c5,c5
11282,1,0.0,0.0,1.0,c234,c5
11283,1,0.0,0.0,1.0,c234,c5
11284,4,0.0,0.0,1.0,c5,c5
11285,5,0.0,1.0,0.0,c1,c234
11286,5,0.0,1.0,0.0,c5,c234
11287,2,0.0,0.0,1.0,c5,c5
11288,5,0.0,1.0,0.0,c5,c234
11289,2,0.0,0.0,1.0,c234,c5
11290,1,0.0,0.0,1.0,c5,c5
11291,3,0.0,0.0,1.0,c1,c5
11292,1,0.0,0.0,1.0,c5,c5
11293,4,0.0,0.0,1.0,c5,c5
11294,2,0.0,0.0,1.0,c1,c5
11295,5,0.0,1.0,0.0,c1,c234
11296,5,0.0,1.0,0.0,c1,c234
11297,4,0.0,0.0,1.0,c5,c5
11298,1,0.0,0.0,1.0,c1,c5
11299,1,0.0,0.0,1.0,c234,c5
11300,3,0.0,0.0,1.0,c234,c5
11301,2,0.0,0.0,1.0,c1,c5
11302,4,0.0,0.0,1.0,c5,c5
11303,1,0.0,0.0,1.0,c5,c5
11304,3,0.0,0.0,1.0,c1,c5
11305,3,0.0,0.0,1.0,c1,c5
11306,5,0.0,1.0,0.0,c1,c234
11307,4,0.0,0.0,1.0,c234,c5
11308,5,0.0,1.0,0.0,c234,c234
11309,3,0.0,0.0,1.0,c5,c5
11310,1,0.0,0.0,1.0,c234,c5
11311,5,0.0,1.0,0.0,c234,c234
11312,1,0.0,0.0,1.0,c234,c5
11313,4,0.0,0.0,1.0,c1,c5
11314,1,0.0,0.0,1.0,c1,c5
11315,2,0.0,0.0,1.0,c5,c5
11316,3,0.0,0.0,1.0,c234,c5
11317,5,0.0,1.0,0.0,c5,c234
11318,1,0.0,0.0,1.0,c234,c5
11319,2,0.0,0.0,1.0,c234,c5
11320,3,0.0,0.0,1.0,c234,c5
11321,3,0.0,0.0,1.0,c5,c5
11322,2,0.0,0.0,1.0,c234,c5
11323,3,0.0,0.0,1.0,c234,c5
11324,3,0.0,0.0,1.0,c5,c5
11325,1,0.0,0.0,1.0,c5,c5
11326,5,0.0,1.0,0.0,c234,c234
11327,3,0.0,0.0,1.0,c5,c5
11328,2,0.0,0.0,1.0,c234,c5
11329,4,0.0,0.0,1.0,c5,c5
11330,5,0.0,1.0,0.0,c1,c234
11331,4,0.0,0.0,1.0,c234,c5
11332,1,0.0,0.0,1.0,c234,c5
11333,2,0.0,0.0,1.0,c5,c5
11334,4,0.0,0.0,1.0,c1,c5
11335,2,0.0,0.0,1.0,c234,c5
11336,2,0.0,0.0,1.0,c234,c5
11337,3,0.0,0.0,1.0,c5,c5
11338,4,0.0,0.0,1.0,c5,c5
11339,2,0.0,0.0,1.0,c234,c5
11340,2,0.0,0.0,1.0,c1,c5
11341,5,0.0,1.0,0.0,c1,c234
11342,1,0.0,0.0,1.0,c234,c5
11343,2,0.0,0.0,1.0,c234,c5
11344,2,0.0,0.0,1.0,c5,c5
11345,2,0.0,0.0,1.0,c234,c5
11346,4,0.0,0.0,1.0,c5,c5
11347,1,0.0,0.0,1.0,c1,c5
11348,2,0.0,0.0,1.0,c5,c5
11349,5,0.0,1.0,0.0,c234,c234
11350,5,0.0,1.0,0.0,c5,c234
11351,3,0.0,0.0,1.0,c234,c5
11352,2,0.0,0.0,1.0,c5,c5
11353,5,0.0,1.0,0.0,c1,c234
11354,2,0.0,0.0,1.0,c5,c5
11355,2,0.0,0.0,1.0,c5,c5
11356,1,0.0,0.0,1.0,c5,c5
11357,2,0.0,0.0,1.0,c234,c5
11358,3,0.0,0.0,1.0,c1,c5
11359,1,0.0,0.0,1.0,c234,c5
11360,5,0.0,1.0,0.0,c234,c234
11361,5,0.0,1.0,0.0,c234,c234
11362,3,0.0,0.0,1.0,c234,c5
11363,1,0.0,0.0,1.0,c5,c5
11364,3,0.0,0.0,1.0,c1,c5
11365,1,0.0,0.0,1.0,c5,c5
11366,1,0.0,0.0,1.0,c1,c5
11367,1,0.0,0.0,1.0,c5,c5
11368,2,0.0,0.0,1.0,c1,c5
11369,2,0.0,0.0,1.0,c1,c5
11370,3,0.0,0.0,1.0,c234,c5
11371,1,0.0,0.0,1.0,c1,c5
11372,2,0.0,0.0,1.0,c5,c5
11373,1,0.0,0.0,1.0,c1,c5
11374,4,0.0,0.0,1.0,c1,c5
11375,3,0.0,0.0,1.0,c5,c5
11376,3,0.0,0.0,1.0,c1,c5
11377,3,0.0,0.0,1.0,c1,c5
11378,1,0.0,0.0,1.0,c1,c5
11379,5,0.0,1.0,0.0,c234,c234
11380,2,0.0,0.0,1.0,c1,c5
11381,1,0.0,0.0,1.0,c1,c5
11382,2,0.0,0.0,1.0,c1,c5
11383,2,0.0,0.0,1.0,c234,c5
11384,1,0.0,0.0,1.0,c1,c5
11385,3,0.0,0.0,1.0,c1,c5
11386,5,0.0,1.0,0.0,c1,c234
11387,5,0.0,1.0,0.0,c234,c234
11388,3,0.0,0.0,1.0,c1,c5
11389,1,0.0,0.0,1.0,c234,c5
11390,2,0.0,0.0,1.0,c1,c5
11391,4,0.0,0.0,1.0,c5,c5
11392,3,0.0,0.0,1.0,c1,c5
11393,5,0.0,1.0,0.0,c234,c234
11394,5,0.0,1.0,0.0,c234,c234
11395,5,0.0,1.0,0.0,c234,c234
11396,4,0.0,0.0,1.0,c5,c5
11397,4,0.0,0.0,1.0,c234,c5
11398,4,0.0,0.0,1.0,c234,c5
11399,1,0.0,0.0,1.0,c1,c5
11400,2,0.0,0.0,1.0,c1,c5
11401,3,0.0,0.0,1.0,c234,c5
11402,3,0.0,0.0,1.0,c5,c5
11403,4,0.0,0.0,1.0,c1,c5
11404,4,0.0,0.0,1.0,c1,c5
11405,2,0.0,0.0,1.0,c5,c5
11406,5,0.0,1.0,0.0,c1,c234
11407,3,0.0,0.0,1.0,c5,c5
11408,1,0.0,0.0,1.0,c234,c5
11409,5,0.0,1.0,0.0,c234,c234
11410,3,0.0,0.0,1.0,c1,c5
11411,1,0.0,0.0,1.0,c234,c5
11412,5,0.0,1.0,0.0,c234,c234
11413,2,0.0,0.0,1.0,c1,c5
11414,4,0.0,0.0,1.0,c234,c5
11415,5,0.0,1.0,0.0,c5,c234
11416,4,0.0,0.0,1.0,c1,c5
11417,1,0.0,0.0,1.0,c1,c5
11418,3,0.0,0.0,1.0,c1,c5
11419,4,0.0,0.0,1.0,c5,c5
11420,1,0.0,0.0,1.0,c1,c5
11421,5,0.0,1.0,0.0,c1,c234
11422,4,0.0,0.0,1.0,c234,c5
11423,3,0.0,0.0,1.0,c5,c5
11424,5,0.0,1.0,0.0,c1,c234
11425,5,0.0,1.0,0.0,c5,c234
11426,2,0.0,0.0,1.0,c1,c5
11427,1,0.0,0.0,1.0,c5,c5
11428,1,0.0,0.0,1.0,c234,c5
11429,1,0.0,0.0,1.0,c234,c5
11430,4,0.0,0.0,1.0,c5,c5
11431,3,0.0,0.0,1.0,c5,c5
11432,4,0.0,0.0,1.0,c234,c5
11433,4,0.0,0.0,1.0,c234,c5
11434,4,0.0,0.0,1.0,c5,c5
11435,5,0.0,1.0,0.0,c5,c234
11436,5,0.0,1.0,0.0,c234,c234
11437,5,0.0,1.0,0.0,c234,c234
11438,1,0.0,0.0,1.0,c1,c5
11439,2,0.0,0.0,1.0,c5,c5
11440,1,0.0,0.0,1.0,c234,c5
11441,5,0.0,1.0,0.0,c1,c234
11442,5,0.0,1.0,0.0,c1,c234
11443,1,0.0,0.0,1.0,c1,c5
11444,2,0.0,0.0,1.0,c5,c5
11445,3,0.0,0.0,1.0,c234,c5
11446,2,0.0,0.0,1.0,c1,c5
11447,4,0.0,0.0,1.0,c1,c5
11448,4,0.0,0.0,1.0,c5,c5
11449,1,0.0,0.0,1.0,c5,c5
11450,1,0.0,0.0,1.0,c5,c5
11451,5,0.0,1.0,0.0,c5,c234
11452,2,0.0,0.0,1.0,c5,c5
11453,4,0.0,0.0,1.0,c5,c5
11454,1,0.0,0.0,1.0,c1,c5
11455,1,0.0,0.0,1.0,c234,c5
11456,2,0.0,0.0,1.0,c5,c5
11457,2,0.0,0.0,1.0,c1,c5
11458,5,0.0,1.0,0.0,c234,c234
11459,2,0.0,0.0,1.0,c1,c5
11460,4,0.0,0.0,1.0,c1,c5
11461,1,0.0,0.0,1.0,c1,c5
11462,5,0.0,1.0,0.0,c5,c234
11463,3,0.0,0.0,1.0,c234,c5
11464,3,0.0,0.0,1.0,c234,c5
11465,5,0.0,1.0,0.0,c234,c234
11466,5,0.0,1.0,0.0,c5,c234
11467,4,0.0,0.0,1.0,c234,c5
11468,1,0.0,0.0,1.0,c1,c5
11469,5,0.0,1.0,0.0,c234,c234
11470,4,0.0,0.0,1.0,c5,c5
11471,4,0.0,0.0,1.0,c234,c5
11472,3,0.0,0.0,1.0,c234,c5
11473,2,0.0,0.0,1.0,c5,c5
11474,2,0.0,0.0,1.0,c234,c5
11475,3,0.0,0.0,1.0,c1,c5
11476,4,0.0,0.0,1.0,c1,c5
11477,2,0.0,0.0,1.0,c234,c5
11478,1,0.0,0.0,1.0,c1,c5
11479,4,0.0,0.0,1.0,c234,c5
11480,3,0.0,0.0,1.0,c1,c5
11481,5,0.0,1.0,0.0,c5,c234
11482,4,0.0,0.0,1.0,c234,c5
11483,4,0.0,0.0,1.0,c234,c5
11484,5,0.0,1.0,0.0,c5,c234
11485,3,0.0,0.0,1.0,c234,c5
11486,2,0.0,0.0,1.0,c1,c5
11487,1,0.0,0.0,1.0,c5,c5
11488,4,0.0,0.0,1.0,c5,c5
11489,4,0.0,0.0,1.0,c234,c5
11490,1,0.0,0.0,1.0,c1,c5
11491,5,0.0,1.0,0.0,c234,c234
11492,4,0.0,0.0,1.0,c234,c5
11493,2,0.0,0.0,1.0,c234,c5
11494,4,0.0,0.0,1.0,c1,c5
11495,1,0.0,0.0,1.0,c5,c5
11496,3,0.0,0.0,1.0,c234,c5
11497,1,0.0,0.0,1.0,c1,c5
11498,2,0.0,0.0,1.0,c234,c5
11499,2,0.0,0.0,1.0,c5,c5
11500,1,0.0,0.0,1.0,c234,c5
11501,5,0.0,1.0,0.0,c1,c234
11502,4,0.0,0.0,1.0,c1,c5
11503,5,0.0,1.0,0.0,c5,c234
11504,3,0.0,0.0,1.0,c234,c5
11505,3,0.0,0.0,1.0,c234,c5
11506,5,0.0,1.0,0.0,c5,c234
11507,3,0.0,0.0,1.0,c1,c5
11508,3,0.0,0.0,1.0,c234,c5
11509,5,0.0,1.0,0.0,c1,c234
11510,5,0.0,1.0,0.0,c5,c234
11511,4,0.0,0.0,1.0,c234,c5
11512,3,0.0,0.0,1.0,c1,c5
11513,1,0.0,0.0,1.0,c234,c5
11514,1,0.0,0.0,1.0,c1,c5
11515,4,0.0,0.0,1.0,c234,c5
11516,1,0.0,0.0,1.0,c5,c5
11517,5,0.0,1.0,0.0,c1,c234
11518,3,0.0,0.0,1.0,c5,c5
11519,5,0.0,1.0,0.0,c1,c234
11520,5,0.0,1.0,0.0,c234,c234
11521,2,0.0,0.0,1.0,c234,c5
11522,5,0.0,1.0,0.0,c5,c234
11523,4,0.0,0.0,1.0,c1,c5
11524,5,0.0,1.0,0.0,c5,c234
11525,2,0.0,0.0,1.0,c5,c5
11526,2,0.0,0.0,1.0,c1,c5
11527,1,0.0,0.0,1.0,c1,c5
11528,3,0.0,0.0,1.0,c234,c5
11529,4,0.0,0.0,1.0,c1,c5
11530,5,0.0,1.0,0.0,c1,c234
11531,4,0.0,0.0,1.0,c5,c5
11532,3,0.0,0.0,1.0,c234,c5
11533,1,0.0,0.0,1.0,c1,c5
11534,2,0.0,0.0,1.0,c5,c5
11535,1,0.0,0.0,1.0,c234,c5
11536,2,0.0,0.0,1.0,c5,c5
11537,1,0.0,0.0,1.0,c5,c5
11538,1,0.0,0.0,1.0,c5,c5
11539,2,0.0,0.0,1.0,c1,c5
11540,3,0.0,0.0,1.0,c234,c5
11541,1,0.0,0.0,1.0,c234,c5
11542,3,0.0,0.0,1.0,c234,c5
11543,5,0.0,1.0,0.0,c5,c234
11544,1,0.0,0.0,1.0,c234,c5
11545,4,0.0,0.0,1.0,c5,c5
11546,2,0.0,0.0,1.0,c234,c5
11547,4,0.0,0.0,1.0,c5,c5
11548,2,0.0,0.0,1.0,c1,c5
11549,1,0.0,0.0,1.0,c5,c5
11550,3,0.0,0.0,1.0,c5,c5
11551,3,0.0,0.0,1.0,c234,c5
11552,2,0.0,0.0,1.0,c1,c5
11553,4,0.0,0.0,1.0,c234,c5
11554,3,0.0,0.0,1.0,c234,c5
11555,4,0.0,0.0,1.0,c5,c5
11556,1,0.0,0.0,1.0,c1,c5
11557,4,0.0,0.0,1.0,c234,c5
11558,3,0.0,0.0,1.0,c5,c5
11559,1,0.0,0.0,1.0,c5,c5
11560,4,0.0,0.0,1.0,c1,c5
11561,5,0.0,1.0,0.0,c1,c234
11562,3,0.0,0.0,1.0,c1,c5
11563,4,0.0,0.0,1.0,c1,c5
11564,1,0.0,0.0,1.0,c234,c5
11565,5,0.0,1.0,0.0,c1,c234
11566,2,0.0,0.0,1.0,c234,c5
11567,3,0.0,0.0,1.0,c1,c5
11568,5,0.0,1.0,0.0,c234,c234
11569,5,0.0,1.0,0.0,c234,c234
11570,2,0.0,0.0,1.0,c234,c5
11571,4,0.0,0.0,1.0,c5,c5
11572,5,0.0,1.0,0.0,c5,c234
11573,5,0.0,1.0,0.0,c1,c234
11574,2,0.0,0.0,1.0,c5,c5
11575,1,0.0,0.0,1.0,c1,c5
11576,4,0.0,0.0,1.0,c1,c5
11577,1,0.0,0.0,1.0,c5,c5
11578,2,0.0,0.0,1.0,c234,c5
11579,4,0.0,0.0,1.0,c1,c5
11580,5,0.0,1.0,0.0,c5,c234
11581,3,0.0,0.0,1.0,c234,c5
11582,5,0.0,1.0,0.0,c234,c234
11583,5,0.0,1.0,0.0,c5,c234
11584,1,0.0,0.0,1.0,c5,c5
11585,4,0.0,0.0,1.0,c1,c5
11586,2,0.0,0.0,1.0,c234,c5
11587,3,0.0,0.0,1.0,c234,c5
11588,2,0.0,0.0,1.0,c1,c5
11589,3,0.0,0.0,1.0,c1,c5
11590,5,0.0,1.0,0.0,c5,c234
11591,3,0.0,0.0,1.0,c1,c5
11592,1,0.0,0.0,1.0,c1,c5
11593,1,0.0,0.0,1.0,c5,c5
11594,1,0.0,0.0,1.0,c5,c5
11595,2,0.0,0.0,1.0,c234,c5
11596,1,0.0,0.0,1.0,c1,c5
11597,2,0.0,0.0,1.0,c5,c5
11598,2,0.0,0.0,1.0,c234,c5
11599,4,0.0,0.0,1.0,c1,c5
11600,5,0.0,1.0,0.0,c1,c234
11601,3,0.0,0.0,1.0,c234,c5
11602,2,0.0,0.0,1.0,c1,c5
11603,3,0.0,0.0,1.0,c5,c5
11604,4,0.0,0.0,1.0,c1,c5
11605,2,0.0,0.0,1.0,c5,c5
11606,4,0.0,0.0,1.0,c5,c5
11607,2,0.0,0.0,1.0,c234,c5
11608,1,0.0,0.0,1.0,c1,c5
11609,1,0.0,0.0,1.0,c1,c5
11610,2,0.0,0.0,1.0,c1,c5
11611,1,0.0,0.0,1.0,c234,c5
11612,5,0.0,1.0,0.0,c1,c234
11613,4,0.0,0.0,1.0,c1,c5
11614,3,0.0,0.0,1.0,c1,c5
11615,2,0.0,0.0,1.0,c234,c5
11616,1,0.0,0.0,1.0,c5,c5
11617,3,0.0,0.0,1.0,c1,c5
11618,1,0.0,0.0,1.0,c234,c5
11619,5,0.0,1.0,0.0,c5,c234
11620,3,0.0,0.0,1.0,c5,c5
11621,3,0.0,0.0,1.0,c234,c5
11622,1,0.0,0.0,1.0,c1,c5
11623,1,0.0,0.0,1.0,c234,c5
11624,2,0.0,0.0,1.0,c234,c5
11625,5,0.0,1.0,0.0,c1,c234
11626,5,0.0,1.0,0.0,c5,c234
11627,4,0.0,0.0,1.0,c5,c5
11628,1,0.0,0.0,1.0,c5,c5
11629,3,0.0,0.0,1.0,c1,c5
11630,2,0.0,0.0,1.0,c1,c5
11631,3,0.0,0.0,1.0,c5,c5
11632,1,0.0,0.0,1.0,c5,c5
11633,5,0.0,1.0,0.0,c1,c234
11634,4,0.0,0.0,1.0,c5,c5
11635,2,0.0,0.0,1.0,c1,c5
11636,5,0.0,1.0,0.0,c5,c234
11637,4,0.0,0.0,1.0,c234,c5
11638,2,0.0,0.0,1.0,c1,c5
11639,3,0.0,0.0,1.0,c5,c5
11640,3,0.0,0.0,1.0,c234,c5
11641,2,0.0,0.0,1.0,c5,c5
11642,3,0.0,0.0,1.0,c234,c5
11643,5,0.0,1.0,0.0,c1,c234
11644,2,0.0,0.0,1.0,c1,c5
11645,3,0.0,0.0,1.0,c1,c5
11646,1,0.0,0.0,1.0,c5,c5
11647,1,0.0,0.0,1.0,c1,c5
11648,5,0.0,1.0,0.0,c5,c234
11649,5,0.0,1.0,0.0,c5,c234
11650,1,0.0,0.0,1.0,c234,c5
11651,1,0.0,0.0,1.0,c1,c5
11652,3,0.0,0.0,1.0,c5,c5
11653,1,0.0,0.0,1.0,c5,c5
11654,2,0.0,0.0,1.0,c5,c5
11655,4,0.0,0.0,1.0,c5,c5
11656,5,0.0,1.0,0.0,c5,c234
11657,1,0.0,0.0,1.0,c1,c5
11658,2,0.0,0.0,1.0,c1,c5
11659,4,0.0,0.0,1.0,c234,c5
11660,3,0.0,0.0,1.0,c234,c5
11661,2,0.0,0.0,1.0,c234,c5
11662,1,0.0,0.0,1.0,c1,c5
11663,3,0.0,0.0,1.0,c234,c5
11664,3,0.0,0.0,1.0,c234,c5
11665,4,0.0,0.0,1.0,c234,c5
11666,2,0.0,0.0,1.0,c5,c5
11667,4,0.0,0.0,1.0,c1,c5
11668,3,0.0,0.0,1.0,c1,c5
11669,5,0.0,1.0,0.0,c1,c234
11670,3,0.0,0.0,1.0,c5,c5
11671,4,0.0,0.0,1.0,c234,c5
11672,1,0.0,0.0,1.0,c1,c5
11673,5,0.0,1.0,0.0,c234,c234
11674,4,0.0,0.0,1.0,c234,c5
11675,3,0.0,0.0,1.0,c234,c5
11676,1,0.0,0.0,1.0,c5,c5
11677,2,0.0,0.0,1.0,c234,c5
11678,3,0.0,0.0,1.0,c5,c5
11679,5,0.0,1.0,0.0,c1,c234
11680,2,0.0,0.0,1.0,c1,c5
11681,4,0.0,0.0,1.0,c234,c5
11682,4,0.0,0.0,1.0,c234,c5
11683,2,0.0,0.0,1.0,c5,c5
11684,5,0.0,1.0,0.0,c5,c234
11685,1,0.0,0.0,1.0,c234,c5
11686,1,0.0,0.0,1.0,c5,c5
11687,4,0.0,0.0,1.0,c234,c5
11688,5,0.0,1.0,0.0,c234,c234
11689,3,0.0,0.0,1.0,c1,c5
11690,5,0.0,1.0,0.0,c234,c234
11691,4,0.0,0.0,1.0,c5,c5
11692,1,0.0,0.0,1.0,c1,c5
11693,2,0.0,0.0,1.0,c234,c5
11694,4,0.0,0.0,1.0,c234,c5
11695,4,0.0,0.0,1.0,c234,c5
11696,2,0.0,0.0,1.0,c234,c5
11697,4,0.0,0.0,1.0,c1,c5
11698,1,0.0,0.0,1.0,c234,c5
11699,1,0.0,0.0,1.0,c234,c5
11700,4,0.0,0.0,1.0,c234,c5
11701,2,0.0,0.0,1.0,c234,c5
11702,5,0.0,1.0,0.0,c234,c234
11703,5,0.0,1.0,0.0,c234,c234
11704,2,0.0,0.0,1.0,c5,c5
11705,5,0.0,1.0,0.0,c234,c234
11706,1,0.0,0.0,1.0,c1,c5
11707,1,0.0,0.0,1.0,c5,c5
11708,4,0.0,0.0,1.0,c1,c5
11709,1,0.0,0.0,1.0,c1,c5
11710,4,0.0,0.0,1.0,c5,c5
11711,4,0.0,0.0,1.0,c5,c5
11712,1,0.0,0.0,1.0,c5,c5
11713,3,0.0,0.0,1.0,c5,c5
11714,2,0.0,0.0,1.0,c234,c5
11715,2,0.0,0.0,1.0,c234,c5
11716,3,0.0,0.0,1.0,c5,c5
11717,4,0.0,0.0,1.0,c5,c5
11718,1,0.0,0.0,1.0,c5,c5
11719,4,0.0,0.0,1.0,c1,c5
11720,5,0.0,1.0,0.0,c1,c234
11721,5,0.0,1.0,0.0,c5,c234
11722,3,0.0,0.0,1.0,c5,c5
11723,3,0.0,0.0,1.0,c234,c5
11724,3,0.0,0.0,1.0,c5,c5
11725,5,0.0,1.0,0.0,c234,c234
11726,5,0.0,1.0,0.0,c1,c234
11727,1,0.0,0.0,1.0,c234,c5
11728,2,0.0,0.0,1.0,c234,c5
11729,2,0.0,0.0,1.0,c234,c5
11730,4,0.0,0.0,1.0,c234,c5
11731,4,0.0,0.0,1.0,c234,c5
11732,1,0.0,0.0,1.0,c5,c5
11733,1,0.0,0.0,1.0,c5,c5
11734,1,0.0,0.0,1.0,c234,c5
11735,5,0.0,1.0,0.0,c5,c234
11736,3,0.0,0.0,1.0,c234,c5
11737,3,0.0,0.0,1.0,c5,c5
11738,1,0.0,0.0,1.0,c234,c5
11739,3,0.0,0.0,1.0,c1,c5
11740,5,0.0,1.0,0.0,c5,c234
11741,5,0.0,1.0,0.0,c234,c234
11742,4,0.0,0.0,1.0,c234,c5
11743,1,0.0,0.0,1.0,c5,c5
11744,1,0.0,0.0,1.0,c234,c5
11745,5,0.0,1.0,0.0,c234,c234
11746,5,0.0,1.0,0.0,c1,c234
11747,3,0.0,0.0,1.0,c234,c5
11748,5,0.0,1.0,0.0,c5,c234
11749,1,0.0,0.0,1.0,c1,c5
11750,5,0.0,1.0,0.0,c1,c234
11751,5,0.0,1.0,0.0,c5,c234
11752,2,0.0,0.0,1.0,c1,c5
11753,5,0.0,1.0,0.0,c1,c234
11754,5,0.0,1.0,0.0,c5,c234
11755,1,0.0,0.0,1.0,c5,c5
11756,5,0.0,1.0,0.0,c5,c234
11757,5,0.0,1.0,0.0,c1,c234
11758,2,0.0,0.0,1.0,c234,c5
11759,2,0.0,0.0,1.0,c234,c5
11760,5,0.0,1.0,0.0,c234,c234
11761,5,0.0,1.0,0.0,c5,c234
11762,1,0.0,0.0,1.0,c5,c5
11763,3,0.0,0.0,1.0,c1,c5
11764,3,0.0,0.0,1.0,c5,c5
11765,5,0.0,1.0,0.0,c5,c234
11766,4,0.0,0.0,1.0,c1,c5
11767,2,0.0,0.0,1.0,c1,c5
11768,4,0.0,0.0,1.0,c1,c5
11769,1,0.0,0.0,1.0,c5,c5
11770,1,0.0,0.0,1.0,c5,c5
11771,3,0.0,0.0,1.0,c1,c5
11772,3,0.0,0.0,1.0,c234,c5
11773,4,0.0,0.0,1.0,c1,c5
11774,2,0.0,0.0,1.0,c5,c5
11775,2,0.0,0.0,1.0,c234,c5
11776,2,0.0,0.0,1.0,c1,c5
11777,3,0.0,0.0,1.0,c5,c5
11778,1,0.0,0.0,1.0,c1,c5
11779,5,0.0,1.0,0.0,c5,c234
11780,5,0.0,1.0,0.0,c1,c234
11781,5,0.0,1.0,0.0,c5,c234
11782,4,0.0,0.0,1.0,c5,c5
11783,4,0.0,0.0,1.0,c1,c5
11784,3,0.0,0.0,1.0,c5,c5
11785,3,0.0,0.0,1.0,c234,c5
11786,1,0.0,0.0,1.0,c5,c5
11787,5,0.0,1.0,0.0,c1,c234
11788,4,0.0,0.0,1.0,c234,c5
11789,2,0.0,0.0,1.0,c1,c5
11790,2,0.0,0.0,1.0,c234,c5
11791,4,0.0,0.0,1.0,c5,c5
11792,1,0.0,0.0,1.0,c1,c5
11793,5,0.0,1.0,0.0,c5,c234
11794,4,0.0,0.0,1.0,c1,c5
11795,1,0.0,0.0,1.0,c234,c5
11796,4,0.0,0.0,1.0,c5,c5
11797,3,0.0,0.0,1.0,c5,c5
11798,3,0.0,0.0,1.0,c234,c5
11799,1,0.0,0.0,1.0,c5,c5
11800,5,0.0,1.0,0.0,c234,c234
11801,2,0.0,0.0,1.0,c234,c5
11802,3,0.0,0.0,1.0,c5,c5
11803,3,0.0,0.0,1.0,c234,c5
11804,5,0.0,1.0,0.0,c234,c234
11805,1,0.0,0.0,1.0,c1,c5
11806,1,0.0,0.0,1.0,c234,c5
11807,2,0.0,0.0,1.0,c5,c5
11808,2,0.0,0.0,1.0,c5,c5
11809,5,0.0,1.0,0.0,c1,c234
11810,4,0.0,0.0,1.0,c1,c5
11811,3,0.0,0.0,1.0,c234,c5
11812,1,0.0,0.0,1.0,c234,c5
11813,1,0.0,0.0,1.0,c1,c5
11814,2,0.0,0.0,1.0,c5,c5
11815,4,0.0,0.0,1.0,c5,c5
11816,5,0.0,1.0,0.0,c5,c234
11817,1,0.0,0.0,1.0,c1,c5
11818,3,0.0,0.0,1.0,c5,c5
11819,3,0.0,0.0,1.0,c1,c5
11820,3,0.0,0.0,1.0,c5,c5
11821,3,0.0,0.0,1.0,c234,c5
11822,3,0.0,0.0,1.0,c1,c5
11823,4,0.0,0.0,1.0,c5,c5
11824,5,0.0,1.0,0.0,c5,c234
11825,2,0.0,0.0,1.0,c1,c5
11826,1,0.0,0.0,1.0,c5,c5
11827,3,0.0,0.0,1.0,c1,c5
11828,4,0.0,0.0,1.0,c234,c5
11829,5,0.0,1.0,0.0,c5,c234
11830,3,0.0,0.0,1.0,c5,c5
11831,1,0.0,0.0,1.0,c1,c5
11832,4,0.0,0.0,1.0,c1,c5
11833,4,0.0,0.0,1.0,c1,c5
11834,1,0.0,0.0,1.0,c1,c5
11835,3,0.0,0.0,1.0,c5,c5
11836,1,0.0,0.0,1.0,c5,c5
11837,4,0.0,0.0,1.0,c234,c5
11838,1,0.0,0.0,1.0,c1,c5
11839,4,0.0,0.0,1.0,c1,c5
11840,2,0.0,0.0,1.0,c1,c5
11841,3,0.0,0.0,1.0,c1,c5
11842,1,0.0,0.0,1.0,c234,c5
11843,5,0.0,1.0,0.0,c1,c234
11844,1,0.0,0.0,1.0,c234,c5
11845,2,0.0,0.0,1.0,c1,c5
11846,3,0.0,0.0,1.0,c1,c5
11847,5,0.0,1.0,0.0,c5,c234
11848,3,0.0,0.0,1.0,c234,c5
11849,1,0.0,0.0,1.0,c234,c5
11850,1,0.0,0.0,1.0,c1,c5
11851,4,0.0,0.0,1.0,c1,c5
11852,3,0.0,0.0,1.0,c1,c5
11853,1,0.0,0.0,1.0,c5,c5
11854,1,0.0,0.0,1.0,c5,c5
11855,4,0.0,0.0,1.0,c5,c5
11856,4,0.0,0.0,1.0,c1,c5
11857,1,0.0,0.0,1.0,c5,c5
11858,3,0.0,0.0,1.0,c5,c5
11859,2,0.0,0.0,1.0,c1,c5
11860,4,0.0,0.0,1.0,c234,c5
11861,1,0.0,0.0,1.0,c1,c5
11862,1,0.0,0.0,1.0,c234,c5
11863,5,0.0,1.0,0.0,c1,c234
11864,5,0.0,1.0,0.0,c234,c234
11865,3,0.0,0.0,1.0,c5,c5
11866,1,0.0,0.0,1.0,c234,c5
11867,5,0.0,1.0,0.0,c1,c234
11868,2,0.0,0.0,1.0,c5,c5
11869,4,0.0,0.0,1.0,c234,c5
11870,1,0.0,0.0,1.0,c1,c5
11871,4,0.0,0.0,1.0,c234,c5
11872,3,0.0,0.0,1.0,c1,c5
11873,1,0.0,0.0,1.0,c234,c5
11874,4,0.0,0.0,1.0,c1,c5
11875,2,0.0,0.0,1.0,c234,c5
11876,1,0.0,0.0,1.0,c5,c5
11877,2,0.0,0.0,1.0,c5,c5
11878,3,0.0,0.0,1.0,c1,c5
11879,4,0.0,0.0,1.0,c234,c5
11880,2,0.0,0.0,1.0,c5,c5
11881,3,0.0,0.0,1.0,c234,c5
11882,3,0.0,0.0,1.0,c234,c5
11883,2,0.0,0.0,1.0,c234,c5
11884,2,0.0,0.0,1.0,c5,c5
11885,2,0.0,0.0,1.0,c234,c5
11886,5,0.0,1.0,0.0,c234,c234
11887,2,0.0,0.0,1.0,c1,c5
11888,2,0.0,0.0,1.0,c234,c5
11889,3,0.0,0.0,1.0,c234,c5
11890,3,0.0,0.0,1.0,c234,c5
11891,5,0.0,1.0,0.0,c234,c234
11892,5,0.0,1.0,0.0,c234,c234
11893,4,0.0,0.0,1.0,c1,c5
11894,2,0.0,0.0,1.0,c234,c5
11895,4,0.0,0.0,1.0,c5,c5
11896,4,0.0,0.0,1.0,c1,c5
11897,2,0.0,0.0,1.0,c1,c5
11898,1,0.0,0.0,1.0,c5,c5
11899,3,0.0,0.0,1.0,c1,c5
11900,5,0.0,1.0,0.0,c234,c234
11901,4,0.0,0.0,1.0,c234,c5
11902,5,0.0,1.0,0.0,c1,c234
11903,2,0.0,0.0,1.0,c1,c5
11904,3,0.0,0.0,1.0,c1,c5
11905,4,0.0,0.0,1.0,c234,c5
11906,5,0.0,1.0,0.0,c1,c234
11907,4,0.0,0.0,1.0,c1,c5
11908,4,0.0,0.0,1.0,c234,c5
11909,4,0.0,0.0,1.0,c234,c5
11910,5,0.0,1.0,0.0,c5,c234
11911,3,0.0,0.0,1.0,c234,c5
11912,3,0.0,0.0,1.0,c5,c5
11913,5,0.0,1.0,0.0,c5,c234
11914,2,0.0,0.0,1.0,c1,c5
11915,3,0.0,0.0,1.0,c5,c5
11916,4,0.0,0.0,1.0,c5,c5
11917,1,0.0,0.0,1.0,c1,c5
11918,2,0.0,0.0,1.0,c5,c5
11919,5,0.0,1.0,0.0,c5,c234
11920,4,0.0,0.0,1.0,c1,c5
11921,2,0.0,0.0,1.0,c1,c5
11922,4,0.0,0.0,1.0,c234,c5
11923,4,0.0,0.0,1.0,c5,c5
11924,2,0.0,0.0,1.0,c234,c5
11925,5,0.0,1.0,0.0,c1,c234
11926,5,0.0,1.0,0.0,c234,c234
11927,5,0.0,1.0,0.0,c1,c234
11928,1,0.0,0.0,1.0,c234,c5
11929,4,0.0,0.0,1.0,c5,c5
11930,4,0.0,0.0,1.0,c1,c5
11931,4,0.0,0.0,1.0,c5,c5
11932,5,0.0,1.0,0.0,c5,c234
11933,1,0.0,0.0,1.0,c5,c5
11934,5,0.0,1.0,0.0,c234,c234
11935,3,0.0,0.0,1.0,c5,c5
11936,2,0.0,0.0,1.0,c1,c5
11937,3,0.0,0.0,1.0,c5,c5
11938,3,0.0,0.0,1.0,c1,c5
11939,5,0.0,1.0,0.0,c5,c234
11940,4,0.0,0.0,1.0,c234,c5
11941,1,0.0,0.0,1.0,c5,c5
11942,5,0.0,1.0,0.0,c1,c234
11943,4,0.0,0.0,1.0,c234,c5
11944,2,0.0,0.0,1.0,c5,c5
11945,5,0.0,1.0,0.0,c1,c234
11946,5,0.0,1.0,0.0,c5,c234
11947,2,0.0,0.0,1.0,c5,c5
11948,1,0.0,0.0,1.0,c1,c5
11949,5,0.0,1.0,0.0,c234,c234
11950,4,0.0,0.0,1.0,c234,c5
11951,4,0.0,0.0,1.0,c5,c5
11952,1,0.0,0.0,1.0,c234,c5
11953,2,0.0,0.0,1.0,c234,c5
11954,5,0.0,1.0,0.0,c5,c234
11955,5,0.0,1.0,0.0,c1,c234
11956,1,0.0,0.0,1.0,c1,c5
11957,5,0.0,1.0,0.0,c234,c234
11958,5,0.0,1.0,0.0,c1,c234
11959,3,0.0,0.0,1.0,c5,c5
11960,1,0.0,0.0,1.0,c1,c5
11961,1,0.0,0.0,1.0,c1,c5
11962,4,0.0,0.0,1.0,c5,c5
11963,5,0.0,1.0,0.0,c1,c234
11964,4,0.0,0.0,1.0,c1,c5
11965,1,0.0,0.0,1.0,c234,c5
11966,2,0.0,0.0,1.0,c5,c5
11967,1,0.0,0.0,1.0,c1,c5
11968,4,0.0,0.0,1.0,c5,c5
11969,3,0.0,0.0,1.0,c5,c5
11970,2,0.0,0.0,1.0,c234,c5
11971,3,0.0,0.0,1.0,c5,c5
11972,2,0.0,0.0,1.0,c1,c5
11973,2,0.0,0.0,1.0,c1,c5
11974,5,0.0,1.0,0.0,c5,c234
11975,4,0.0,0.0,1.0,c234,c5
11976,4,0.0,0.0,1.0,c1,c5
11977,3,0.0,0.0,1.0,c234,c5
11978,5,0.0,1.0,0.0,c5,c234
11979,1,0.0,0.0,1.0,c234,c5
11980,3,0.0,0.0,1.0,c234,c5
11981,5,0.0,1.0,0.0,c5,c234
11982,5,0.0,1.0,0.0,c1,c234
11983,5,0.0,1.0,0.0,c1,c234
11984,2,0.0,0.0,1.0,c234,c5
11985,2,0.0,0.0,1.0,c234,c5
11986,5,0.0,1.0,0.0,c1,c234
11987,2,0.0,0.0,1.0,c5,c5
11988,3,0.0,0.0,1.0,c5,c5
11989,1,0.0,0.0,1.0,c1,c5
11990,3,0.0,0.0,1.0,c5,c5
11991,2,0.0,0.0,1.0,c5,c5
11992,3,0.0,0.0,1.0,c234,c5
11993,5,0.0,1.0,0.0,c5,c234
11994,4,0.0,0.0,1.0,c234,c5
11995,2,0.0,0.0,1.0,c234,c5
11996,5,0.0,1.0,0.0,c234,c234
11997,5,0.0,1.0,0.0,c5,c234
11998,1,0.0,0.0,1.0,c5,c5
11999,3,0.0,0.0,1.0,c234,c5
12000,1,0.0,0.0,1.0,c1,c5
12001,5,0.0,1.0,0.0,c5,c234
12002,4,0.0,0.0,1.0,c5,c5
12003,4,0.0,0.0,1.0,c234,c5
12004,1,0.0,0.0,1.0,c234,c5
12005,5,0.0,1.0,0.0,c5,c234
12006,1,0.0,0.0,1.0,c5,c5
12007,3,0.0,0.0,1.0,c5,c5
12008,1,0.0,0.0,1.0,c5,c5
12009,4,0.0,0.0,1.0,c5,c5
12010,5,0.0,1.0,0.0,c234,c234
12011,5,0.0,1.0,0.0,c5,c234
12012,2,0.0,0.0,1.0,c1,c5
12013,3,0.0,0.0,1.0,c5,c5
12014,1,0.0,0.0,1.0,c5,c5
12015,3,0.0,0.0,1.0,c1,c5
12016,5,0.0,1.0,0.0,c234,c234
12017,3,0.0,0.0,1.0,c1,c5
12018,5,0.0,1.0,0.0,c234,c234
12019,1,0.0,0.0,1.0,c1,c5
12020,4,0.0,0.0,1.0,c1,c5
12021,3,0.0,0.0,1.0,c234,c5
12022,4,0.0,0.0,1.0,c1,c5
12023,4,0.0,0.0,1.0,c234,c5
12024,4,0.0,0.0,1.0,c1,c5
12025,5,0.0,1.0,0.0,c234,c234
12026,1,0.0,0.0,1.0,c1,c5
12027,2,0.0,0.0,1.0,c5,c5
12028,4,0.0,0.0,1.0,c234,c5
12029,5,0.0,1.0,0.0,c234,c234
12030,3,0.0,0.0,1.0,c5,c5
12031,4,0.0,0.0,1.0,c234,c5
12032,5,0.0,1.0,0.0,c5,c234
12033,1,0.0,0.0,1.0,c5,c5
12034,3,0.0,0.0,1.0,c234,c5
12035,2,0.0,0.0,1.0,c1,c5
12036,5,0.0,1.0,0.0,c234,c234
12037,2,0.0,0.0,1.0,c1,c5
12038,1,0.0,0.0,1.0,c5,c5
12039,3,0.0,0.0,1.0,c234,c5
12040,4,0.0,0.0,1.0,c234,c5
12041,3,0.0,0.0,1.0,c1,c5
12042,3,0.0,0.0,1.0,c234,c5
12043,4,0.0,0.0,1.0,c234,c5
12044,4,0.0,0.0,1.0,c5,c5
12045,4,0.0,0.0,1.0,c1,c5
12046,2,0.0,0.0,1.0,c5,c5
12047,3,0.0,0.0,1.0,c5,c5
12048,3,0.0,0.0,1.0,c234,c5
12049,5,0.0,1.0,0.0,c234,c234
12050,3,0.0,0.0,1.0,c234,c5
12051,1,0.0,0.0,1.0,c1,c5
12052,5,0.0,1.0,0.0,c5,c234
12053,4,0.0,0.0,1.0,c5,c5
12054,3,0.0,0.0,1.0,c5,c5
12055,4,0.0,0.0,1.0,c234,c5
12056,2,0.0,0.0,1.0,c1,c5
12057,4,0.0,0.0,1.0,c5,c5
12058,1,0.0,0.0,1.0,c234,c5
12059,4,0.0,0.0,1.0,c5,c5
12060,3,0.0,0.0,1.0,c1,c5
12061,2,0.0,0.0,1.0,c234,c5
12062,3,0.0,0.0,1.0,c234,c5
12063,4,0.0,0.0,1.0,c234,c5
12064,4,0.0,0.0,1.0,c5,c5
12065,2,0.0,0.0,1.0,c234,c5
12066,2,0.0,0.0,1.0,c234,c5
12067,5,0.0,1.0,0.0,c5,c234
12068,2,0.0,0.0,1.0,c234,c5
12069,5,0.0,1.0,0.0,c234,c234
12070,2,0.0,0.0,1.0,c234,c5
12071,2,0.0,0.0,1.0,c5,c5
12072,4,0.0,0.0,1.0,c234,c5
12073,1,0.0,0.0,1.0,c5,c5
12074,1,0.0,0.0,1.0,c1,c5
12075,3,0.0,0.0,1.0,c1,c5
12076,2,0.0,0.0,1.0,c234,c5
12077,2,0.0,0.0,1.0,c5,c5
12078,4,0.0,0.0,1.0,c1,c5
12079,3,0.0,0.0,1.0,c234,c5
12080,4,0.0,0.0,1.0,c5,c5
12081,5,0.0,1.0,0.0,c1,c234
12082,3,0.0,0.0,1.0,c234,c5
12083,5,0.0,1.0,0.0,c5,c234
12084,2,0.0,0.0,1.0,c234,c5
12085,2,0.0,0.0,1.0,c234,c5
12086,1,0.0,0.0,1.0,c5,c5
12087,3,0.0,0.0,1.0,c5,c5
12088,3,0.0,0.0,1.0,c234,c5
12089,4,0.0,0.0,1.0,c1,c5
12090,3,0.0,0.0,1.0,c5,c5
12091,4,0.0,0.0,1.0,c1,c5
12092,2,0.0,0.0,1.0,c234,c5
12093,4,0.0,0.0,1.0,c1,c5
12094,2,0.0,0.0,1.0,c234,c5
12095,2,0.0,0.0,1.0,c234,c5
12096,5,0.0,1.0,0.0,c5,c234
12097,4,0.0,0.0,1.0,c234,c5
12098,1,0.0,0.0,1.0,c234,c5
12099,2,0.0,0.0,1.0,c5,c5
12100,1,0.0,0.0,1.0,c5,c5
12101,5,0.0,1.0,0.0,c5,c234
12102,3,0.0,0.0,1.0,c1,c5
12103,1,0.0,0.0,1.0,c1,c5
12104,1,0.0,0.0,1.0,c1,c5
12105,2,0.0,0.0,1.0,c1,c5
12106,3,0.0,0.0,1.0,c234,c5
12107,5,0.0,1.0,0.0,c1,c234
12108,4,0.0,0.0,1.0,c5,c5
12109,1,0.0,0.0,1.0,c234,c5
12110,3,0.0,0.0,1.0,c234,c5
12111,1,0.0,0.0,1.0,c1,c5
12112,2,0.0,0.0,1.0,c234,c5
12113,5,0.0,1.0,0.0,c234,c234
12114,3,0.0,0.0,1.0,c234,c5
12115,4,0.0,0.0,1.0,c1,c5
12116,3,0.0,0.0,1.0,c5,c5
12117,4,0.0,0.0,1.0,c1,c5
12118,3,0.0,0.0,1.0,c234,c5
12119,2,0.0,0.0,1.0,c234,c5
12120,3,0.0,0.0,1.0,c5,c5
12121,5,0.0,1.0,0.0,c234,c234
12122,2,0.0,0.0,1.0,c1,c5
12123,5,0.0,1.0,0.0,c234,c234
12124,3,0.0,0.0,1.0,c1,c5
12125,4,0.0,0.0,1.0,c5,c5
12126,1,0.0,0.0,1.0,c5,c5
12127,3,0.0,0.0,1.0,c1,c5
12128,2,0.0,0.0,1.0,c234,c5
12129,4,0.0,0.0,1.0,c234,c5
12130,1,0.0,0.0,1.0,c5,c5
12131,2,0.0,0.0,1.0,c234,c5
12132,2,0.0,0.0,1.0,c234,c5
12133,5,0.0,1.0,0.0,c234,c234
12134,4,0.0,0.0,1.0,c5,c5
12135,5,0.0,1.0,0.0,c1,c234
12136,1,0.0,0.0,1.0,c5,c5
12137,4,0.0,0.0,1.0,c5,c5
12138,3,0.0,0.0,1.0,c5,c5
12139,5,0.0,1.0,0.0,c1,c234
12140,3,0.0,0.0,1.0,c234,c5
12141,3,0.0,0.0,1.0,c1,c5
12142,5,0.0,1.0,0.0,c1,c234
12143,4,0.0,0.0,1.0,c234,c5
12144,2,0.0,0.0,1.0,c234,c5
12145,2,0.0,0.0,1.0,c5,c5
12146,5,0.0,1.0,0.0,c234,c234
12147,1,0.0,0.0,1.0,c5,c5
12148,1,0.0,0.0,1.0,c1,c5
12149,1,0.0,0.0,1.0,c234,c5
12150,5,0.0,1.0,0.0,c5,c234
12151,4,0.0,0.0,1.0,c234,c5
12152,3,0.0,0.0,1.0,c234,c5
12153,4,0.0,0.0,1.0,c234,c5
12154,1,0.0,0.0,1.0,c5,c5
12155,2,0.0,0.0,1.0,c5,c5
12156,3,0.0,0.0,1.0,c1,c5
12157,4,0.0,0.0,1.0,c234,c5
12158,4,0.0,0.0,1.0,c1,c5
12159,5,0.0,1.0,0.0,c5,c234
12160,2,0.0,0.0,1.0,c5,c5
12161,2,0.0,0.0,1.0,c5,c5
12162,2,0.0,0.0,1.0,c1,c5
12163,5,0.0,1.0,0.0,c5,c234
12164,3,0.0,0.0,1.0,c5,c5
12165,1,0.0,0.0,1.0,c234,c5
12166,5,0.0,1.0,0.0,c1,c234
12167,5,0.0,1.0,0.0,c1,c234
12168,1,0.0,0.0,1.0,c5,c5
12169,5,0.0,1.0,0.0,c234,c234
12170,2,0.0,0.0,1.0,c1,c5
12171,1,0.0,0.0,1.0,c1,c5
12172,3,0.0,0.0,1.0,c5,c5
12173,1,0.0,0.0,1.0,c234,c5
12174,4,0.0,0.0,1.0,c5,c5
12175,5,0.0,1.0,0.0,c1,c234
12176,5,0.0,1.0,0.0,c1,c234
12177,1,0.0,0.0,1.0,c1,c5
12178,3,0.0,0.0,1.0,c5,c5
12179,3,0.0,0.0,1.0,c1,c5
12180,5,0.0,1.0,0.0,c234,c234
12181,5,0.0,1.0,0.0,c5,c234
12182,5,0.0,1.0,0.0,c234,c234
12183,4,0.0,0.0,1.0,c5,c5
12184,3,0.0,0.0,1.0,c1,c5
12185,3,0.0,0.0,1.0,c234,c5
12186,5,0.0,1.0,0.0,c234,c234
12187,2,0.0,0.0,1.0,c5,c5
12188,2,0.0,0.0,1.0,c5,c5
12189,5,0.0,1.0,0.0,c234,c234
12190,1,0.0,0.0,1.0,c5,c5
12191,5,0.0,1.0,0.0,c234,c234
12192,4,0.0,0.0,1.0,c5,c5
12193,4,0.0,0.0,1.0,c234,c5
12194,1,0.0,0.0,1.0,c5,c5
12195,4,0.0,0.0,1.0,c1,c5
12196,2,0.0,0.0,1.0,c234,c5
12197,4,0.0,0.0,1.0,c1,c5
12198,1,0.0,0.0,1.0,c1,c5
12199,1,0.0,0.0,1.0,c1,c5
12200,5,0.0,1.0,0.0,c234,c234
12201,3,0.0,0.0,1.0,c234,c5
12202,5,0.0,1.0,0.0,c5,c234
12203,5,0.0,1.0,0.0,c5,c234
12204,5,0.0,1.0,0.0,c5,c234
12205,4,0.0,0.0,1.0,c234,c5
12206,2,0.0,0.0,1.0,c1,c5
12207,1,0.0,0.0,1.0,c5,c5
12208,3,0.0,0.0,1.0,c234,c5
12209,5,0.0,1.0,0.0,c5,c234
12210,4,0.0,0.0,1.0,c234,c5
12211,2,0.0,0.0,1.0,c1,c5
12212,5,0.0,1.0,0.0,c234,c234
12213,3,0.0,0.0,1.0,c234,c5
12214,5,0.0,1.0,0.0,c1,c234
12215,4,0.0,0.0,1.0,c1,c5
12216,1,0.0,0.0,1.0,c234,c5
12217,3,0.0,0.0,1.0,c5,c5
12218,3,0.0,0.0,1.0,c234,c5
12219,2,0.0,0.0,1.0,c1,c5
12220,5,0.0,1.0,0.0,c234,c234
12221,1,0.0,0.0,1.0,c5,c5
12222,1,0.0,0.0,1.0,c234,c5
12223,5,0.0,1.0,0.0,c5,c234
12224,2,0.0,0.0,1.0,c5,c5
12225,2,0.0,0.0,1.0,c5,c5
12226,1,0.0,0.0,1.0,c5,c5
12227,4,0.0,0.0,1.0,c5,c5
12228,5,0.0,1.0,0.0,c234,c234
12229,4,0.0,0.0,1.0,c5,c5
12230,5,0.0,1.0,0.0,c1,c234
12231,4,0.0,0.0,1.0,c1,c5
12232,5,0.0,1.0,0.0,c5,c234
12233,3,0.0,0.0,1.0,c5,c5
12234,4,0.0,0.0,1.0,c234,c5
12235,4,0.0,0.0,1.0,c234,c5
12236,4,0.0,0.0,1.0,c1,c5
12237,2,0.0,0.0,1.0,c5,c5
12238,3,0.0,0.0,1.0,c5,c5
12239,3,0.0,0.0,1.0,c5,c5
12240,5,0.0,1.0,0.0,c234,c234
12241,5,0.0,1.0,0.0,c5,c234
12242,5,0.0,1.0,0.0,c5,c234
12243,4,0.0,0.0,1.0,c5,c5
12244,5,0.0,1.0,0.0,c1,c234
12245,1,0.0,0.0,1.0,c5,c5
12246,1,0.0,0.0,1.0,c5,c5
12247,1,0.0,0.0,1.0,c5,c5
12248,3,0.0,0.0,1.0,c1,c5
12249,1,0.0,0.0,1.0,c234,c5
12250,5,0.0,1.0,0.0,c1,c234
12251,2,0.0,0.0,1.0,c1,c5
12252,5,0.0,1.0,0.0,c1,c234
12253,5,0.0,1.0,0.0,c234,c234
12254,5,0.0,1.0,0.0,c1,c234
12255,4,0.0,0.0,1.0,c234,c5
12256,4,0.0,0.0,1.0,c1,c5
12257,1,0.0,0.0,1.0,c234,c5
12258,2,0.0,0.0,1.0,c1,c5
12259,4,0.0,0.0,1.0,c1,c5
12260,4,0.0,0.0,1.0,c5,c5
12261,1,0.0,0.0,1.0,c234,c5
12262,2,0.0,0.0,1.0,c1,c5
12263,5,0.0,1.0,0.0,c234,c234
12264,1,0.0,0.0,1.0,c5,c5
12265,4,0.0,0.0,1.0,c1,c5
12266,5,0.0,1.0,0.0,c234,c234
12267,2,0.0,0.0,1.0,c1,c5
12268,4,0.0,0.0,1.0,c234,c5
12269,2,0.0,0.0,1.0,c234,c5
12270,1,0.0,0.0,1.0,c1,c5
12271,3,0.0,0.0,1.0,c1,c5
12272,3,0.0,0.0,1.0,c5,c5
12273,3,0.0,0.0,1.0,c5,c5
12274,3,0.0,0.0,1.0,c234,c5
12275,4,0.0,0.0,1.0,c234,c5
12276,4,0.0,0.0,1.0,c234,c5
12277,5,0.0,1.0,0.0,c1,c234
12278,1,0.0,0.0,1.0,c5,c5
12279,4,0.0,0.0,1.0,c5,c5
12280,4,0.0,0.0,1.0,c1,c5
12281,4,0.0,0.0,1.0,c1,c5
12282,2,0.0,0.0,1.0,c234,c5
12283,4,0.0,0.0,1.0,c1,c5
12284,3,0.0,0.0,1.0,c5,c5
12285,3,0.0,0.0,1.0,c1,c5
12286,5,0.0,1.0,0.0,c1,c234
12287,1,0.0,0.0,1.0,c234,c5
12288,2,0.0,0.0,1.0,c1,c5
12289,2,0.0,0.0,1.0,c5,c5
12290,4,0.0,0.0,1.0,c1,c5
12291,1,0.0,0.0,1.0,c234,c5
12292,4,0.0,0.0,1.0,c234,c5
12293,4,0.0,0.0,1.0,c1,c5
12294,1,0.0,0.0,1.0,c234,c5
12295,5,0.0,1.0,0.0,c1,c234
12296,5,0.0,1.0,0.0,c234,c234
12297,4,0.0,0.0,1.0,c1,c5
12298,3,0.0,0.0,1.0,c5,c5
12299,3,0.0,0.0,1.0,c5,c5
12300,1,0.0,0.0,1.0,c5,c5
12301,3,0.0,0.0,1.0,c5,c5
12302,2,0.0,0.0,1.0,c234,c5
12303,4,0.0,0.0,1.0,c1,c5
12304,4,0.0,0.0,1.0,c5,c5
12305,5,0.0,1.0,0.0,c234,c234
12306,3,0.0,0.0,1.0,c1,c5
12307,2,0.0,0.0,1.0,c1,c5
12308,2,0.0,0.0,1.0,c5,c5
12309,3,0.0,0.0,1.0,c234,c5
12310,2,0.0,0.0,1.0,c1,c5
12311,3,0.0,0.0,1.0,c1,c5
12312,1,0.0,0.0,1.0,c234,c5
12313,2,0.0,0.0,1.0,c1,c5
12314,3,0.0,0.0,1.0,c234,c5
12315,2,0.0,0.0,1.0,c234,c5
12316,4,0.0,0.0,1.0,c234,c5
12317,1,0.0,0.0,1.0,c1,c5
12318,2,0.0,0.0,1.0,c5,c5
12319,4,0.0,0.0,1.0,c1,c5
12320,2,0.0,0.0,1.0,c5,c5
12321,4,0.0,0.0,1.0,c1,c5
12322,3,0.0,0.0,1.0,c234,c5
12323,3,0.0,0.0,1.0,c234,c5
12324,3,0.0,0.0,1.0,c234,c5
12325,2,0.0,0.0,1.0,c5,c5
12326,2,0.0,0.0,1.0,c1,c5
12327,1,0.0,0.0,1.0,c234,c5
12328,2,0.0,0.0,1.0,c1,c5
12329,2,0.0,0.0,1.0,c234,c5
12330,4,0.0,0.0,1.0,c5,c5
12331,1,0.0,0.0,1.0,c1,c5
12332,1,0.0,0.0,1.0,c1,c5
12333,1,0.0,0.0,1.0,c5,c5
12334,3,0.0,0.0,1.0,c5,c5
12335,3,0.0,0.0,1.0,c5,c5
12336,2,0.0,0.0,1.0,c5,c5
12337,3,0.0,0.0,1.0,c234,c5
12338,2,0.0,0.0,1.0,c1,c5
12339,1,0.0,0.0,1.0,c5,c5
12340,2,0.0,0.0,1.0,c5,c5
12341,5,0.0,1.0,0.0,c5,c234
12342,2,0.0,0.0,1.0,c1,c5
12343,1,0.0,0.0,1.0,c1,c5
12344,5,0.0,1.0,0.0,c5,c234
12345,4,0.0,0.0,1.0,c5,c5
12346,5,0.0,1.0,0.0,c234,c234
12347,1,0.0,0.0,1.0,c5,c5
12348,1,0.0,0.0,1.0,c5,c5
12349,2,0.0,0.0,1.0,c1,c5
12350,3,0.0,0.0,1.0,c5,c5
12351,2,0.0,0.0,1.0,c5,c5
12352,3,0.0,0.0,1.0,c234,c5
12353,4,0.0,0.0,1.0,c5,c5
12354,2,0.0,0.0,1.0,c5,c5
12355,3,0.0,0.0,1.0,c5,c5
12356,5,0.0,1.0,0.0,c234,c234
12357,2,0.0,0.0,1.0,c5,c5
12358,4,0.0,0.0,1.0,c1,c5
12359,3,0.0,0.0,1.0,c5,c5
12360,4,0.0,0.0,1.0,c1,c5
12361,4,0.0,0.0,1.0,c234,c5
12362,3,0.0,0.0,1.0,c234,c5
12363,5,0.0,1.0,0.0,c1,c234
12364,3,0.0,0.0,1.0,c1,c5
12365,3,0.0,0.0,1.0,c5,c5
12366,1,0.0,0.0,1.0,c1,c5
12367,5,0.0,1.0,0.0,c1,c234
12368,1,0.0,0.0,1.0,c5,c5
12369,4,0.0,0.0,1.0,c234,c5
12370,1,0.0,0.0,1.0,c5,c5
12371,1,0.0,0.0,1.0,c234,c5
12372,1,0.0,0.0,1.0,c234,c5
12373,2,0.0,0.0,1.0,c234,c5
12374,5,0.0,1.0,0.0,c234,c234
12375,5,0.0,1.0,0.0,c5,c234
12376,4,0.0,0.0,1.0,c1,c5
12377,3,0.0,0.0,1.0,c5,c5
12378,1,0.0,0.0,1.0,c5,c5
12379,5,0.0,1.0,0.0,c1,c234
12380,3,0.0,0.0,1.0,c5,c5
12381,2,0.0,0.0,1.0,c234,c5
12382,1,0.0,0.0,1.0,c234,c5
12383,5,0.0,1.0,0.0,c1,c234
12384,5,0.0,1.0,0.0,c5,c234
12385,4,0.0,0.0,1.0,c234,c5
12386,5,0.0,1.0,0.0,c234,c234
12387,2,0.0,0.0,1.0,c1,c5
12388,5,0.0,1.0,0.0,c1,c234
12389,2,0.0,0.0,1.0,c5,c5
12390,2,0.0,0.0,1.0,c5,c5
12391,5,0.0,1.0,0.0,c1,c234
12392,4,0.0,0.0,1.0,c5,c5
12393,4,0.0,0.0,1.0,c234,c5
12394,4,0.0,0.0,1.0,c1,c5
12395,3,0.0,0.0,1.0,c5,c5
12396,2,0.0,0.0,1.0,c5,c5
12397,3,0.0,0.0,1.0,c5,c5
12398,5,0.0,1.0,0.0,c234,c234
12399,2,0.0,0.0,1.0,c5,c5
12400,5,0.0,1.0,0.0,c5,c234
12401,2,0.0,0.0,1.0,c234,c5
12402,3,0.0,0.0,1.0,c5,c5
12403,2,0.0,0.0,1.0,c1,c5
12404,2,0.0,0.0,1.0,c5,c5
12405,5,0.0,1.0,0.0,c5,c234
12406,3,0.0,0.0,1.0,c234,c5
12407,5,0.0,1.0,0.0,c234,c234
12408,5,0.0,1.0,0.0,c234,c234
12409,1,0.0,0.0,1.0,c5,c5
12410,2,0.0,0.0,1.0,c234,c5
12411,5,0.0,1.0,0.0,c234,c234
12412,4,0.0,0.0,1.0,c1,c5
12413,1,0.0,0.0,1.0,c234,c5
12414,5,0.0,1.0,0.0,c5,c234
12415,3,0.0,0.0,1.0,c5,c5
12416,4,0.0,0.0,1.0,c1,c5
12417,5,0.0,1.0,0.0,c5,c234
12418,1,0.0,0.0,1.0,c234,c5
12419,3,0.0,0.0,1.0,c5,c5
12420,5,0.0,1.0,0.0,c5,c234
12421,2,0.0,0.0,1.0,c1,c5
12422,1,0.0,0.0,1.0,c234,c5
12423,1,0.0,0.0,1.0,c1,c5
12424,2,0.0,0.0,1.0,c1,c5
12425,5,0.0,1.0,0.0,c1,c234
12426,5,0.0,1.0,0.0,c234,c234
12427,3,0.0,0.0,1.0,c1,c5
12428,2,0.0,0.0,1.0,c1,c5
12429,1,0.0,0.0,1.0,c5,c5
12430,2,0.0,0.0,1.0,c1,c5
12431,5,0.0,1.0,0.0,c5,c234
12432,3,0.0,0.0,1.0,c1,c5
12433,4,0.0,0.0,1.0,c234,c5
12434,3,0.0,0.0,1.0,c234,c5
12435,1,0.0,0.0,1.0,c5,c5
12436,3,0.0,0.0,1.0,c5,c5
12437,2,0.0,0.0,1.0,c1,c5
12438,4,0.0,0.0,1.0,c5,c5
12439,5,0.0,1.0,0.0,c5,c234
12440,3,0.0,0.0,1.0,c5,c5
12441,5,0.0,1.0,0.0,c234,c234
12442,4,0.0,0.0,1.0,c5,c5
12443,4,0.0,0.0,1.0,c234,c5
12444,2,0.0,0.0,1.0,c5,c5
12445,5,0.0,1.0,0.0,c234,c234
12446,1,0.0,0.0,1.0,c5,c5
12447,1,0.0,0.0,1.0,c1,c5
12448,5,0.0,1.0,0.0,c1,c234
12449,2,0.0,0.0,1.0,c5,c5
12450,1,0.0,0.0,1.0,c234,c5
12451,3,0.0,0.0,1.0,c234,c5
12452,4,0.0,0.0,1.0,c1,c5
12453,5,0.0,1.0,0.0,c5,c234
12454,1,0.0,0.0,1.0,c5,c5
12455,1,0.0,0.0,1.0,c1,c5
12456,1,0.0,0.0,1.0,c234,c5
12457,5,0.0,1.0,0.0,c234,c234
12458,3,0.0,0.0,1.0,c5,c5
12459,2,0.0,0.0,1.0,c1,c5
12460,1,0.0,0.0,1.0,c1,c5
12461,4,0.0,0.0,1.0,c5,c5
12462,2,0.0,0.0,1.0,c5,c5
12463,2,0.0,0.0,1.0,c234,c5
12464,2,0.0,0.0,1.0,c234,c5
12465,2,0.0,0.0,1.0,c5,c5
12466,4,0.0,0.0,1.0,c5,c5
12467,4,0.0,0.0,1.0,c1,c5
12468,4,0.0,0.0,1.0,c1,c5
12469,4,0.0,0.0,1.0,c5,c5
12470,5,0.0,1.0,0.0,c234,c234
12471,4,0.0,0.0,1.0,c1,c5
12472,4,0.0,0.0,1.0,c234,c5
12473,2,0.0,0.0,1.0,c1,c5
12474,4,0.0,0.0,1.0,c1,c5
12475,5,0.0,1.0,0.0,c1,c234
12476,2,0.0,0.0,1.0,c5,c5
12477,5,0.0,1.0,0.0,c5,c234
12478,5,0.0,1.0,0.0,c1,c234
12479,5,0.0,1.0,0.0,c1,c234
12480,2,0.0,0.0,1.0,c5,c5
12481,2,0.0,0.0,1.0,c5,c5
12482,5,0.0,1.0,0.0,c234,c234
12483,1,0.0,0.0,1.0,c5,c5
12484,2,0.0,0.0,1.0,c1,c5
12485,2,0.0,0.0,1.0,c1,c5
12486,5,0.0,1.0,0.0,c234,c234
12487,3,0.0,0.0,1.0,c5,c5
12488,5,0.0,1.0,0.0,c1,c234
12489,2,0.0,0.0,1.0,c234,c5
12490,5,0.0,1.0,0.0,c1,c234
12491,5,0.0,1.0,0.0,c5,c234
12492,2,0.0,0.0,1.0,c234,c5
12493,2,0.0,0.0,1.0,c5,c5
12494,4,0.0,0.0,1.0,c5,c5
12495,1,0.0,0.0,1.0,c234,c5
12496,4,0.0,0.0,1.0,c5,c5
12497,4,0.0,0.0,1.0,c5,c5
12498,5,0.0,1.0,0.0,c1,c234
12499,1,0.0,0.0,1.0,c5,c5
12500,5,0.0,1.0,0.0,c1,c234
12501,3,0.0,0.0,1.0,c234,c5
12502,4,0.0,0.0,1.0,c1,c5
12503,1,0.0,0.0,1.0,c234,c5
12504,3,0.0,0.0,1.0,c234,c5
12505,3,0.0,0.0,1.0,c1,c5
12506,4,0.0,0.0,1.0,c1,c5
12507,2,0.0,0.0,1.0,c234,c5
12508,4,0.0,0.0,1.0,c5,c5
12509,2,0.0,0.0,1.0,c234,c5
12510,5,0.0,1.0,0.0,c5,c234
12511,1,0.0,0.0,1.0,c234,c5
12512,2,0.0,0.0,1.0,c1,c5
12513,4,0.0,0.0,1.0,c1,c5
12514,2,0.0,0.0,1.0,c234,c5
12515,3,0.0,0.0,1.0,c234,c5
12516,5,0.0,1.0,0.0,c5,c234
12517,4,0.0,0.0,1.0,c1,c5
12518,3,0.0,0.0,1.0,c1,c5
12519,2,0.0,0.0,1.0,c5,c5
12520,2,0.0,0.0,1.0,c1,c5
12521,4,0.0,0.0,1.0,c234,c5
12522,2,0.0,0.0,1.0,c1,c5
12523,2,0.0,0.0,1.0,c5,c5
12524,1,0.0,0.0,1.0,c234,c5
12525,4,0.0,0.0,1.0,c5,c5
12526,1,0.0,0.0,1.0,c5,c5
12527,2,0.0,0.0,1.0,c5,c5
12528,1,0.0,0.0,1.0,c234,c5
12529,5,0.0,1.0,0.0,c1,c234
12530,4,0.0,0.0,1.0,c234,c5
12531,4,0.0,0.0,1.0,c234,c5
12532,1,0.0,0.0,1.0,c5,c5
12533,2,0.0,0.0,1.0,c1,c5
12534,3,0.0,0.0,1.0,c5,c5
12535,2,0.0,0.0,1.0,c234,c5
12536,5,0.0,1.0,0.0,c1,c234
12537,4,0.0,0.0,1.0,c5,c5
12538,4,0.0,0.0,1.0,c1,c5
12539,3,0.0,0.0,1.0,c234,c5
12540,2,0.0,0.0,1.0,c234,c5
12541,4,0.0,0.0,1.0,c234,c5
12542,5,0.0,1.0,0.0,c1,c234
12543,5,0.0,1.0,0.0,c1,c234
12544,2,0.0,0.0,1.0,c234,c5
12545,1,0.0,0.0,1.0,c234,c5
12546,2,0.0,0.0,1.0,c5,c5
12547,4,0.0,0.0,1.0,c1,c5
12548,4,0.0,0.0,1.0,c1,c5
12549,3,0.0,0.0,1.0,c234,c5
12550,3,0.0,0.0,1.0,c5,c5
12551,5,0.0,1.0,0.0,c234,c234
12552,5,0.0,1.0,0.0,c234,c234
12553,4,0.0,0.0,1.0,c1,c5
12554,2,0.0,0.0,1.0,c234,c5
12555,5,0.0,1.0,0.0,c234,c234
12556,1,0.0,0.0,1.0,c1,c5
12557,3,0.0,0.0,1.0,c5,c5
12558,2,0.0,0.0,1.0,c1,c5
12559,5,0.0,1.0,0.0,c234,c234
12560,3,0.0,0.0,1.0,c234,c5
12561,2,0.0,0.0,1.0,c1,c5
12562,5,0.0,1.0,0.0,c234,c234
12563,2,0.0,0.0,1.0,c1,c5
12564,4,0.0,0.0,1.0,c234,c5
12565,3,0.0,0.0,1.0,c234,c5
12566,5,0.0,1.0,0.0,c1,c234
12567,2,0.0,0.0,1.0,c234,c5
12568,3,0.0,0.0,1.0,c1,c5
12569,3,0.0,0.0,1.0,c234,c5
12570,2,0.0,0.0,1.0,c1,c5
12571,3,0.0,0.0,1.0,c234,c5
12572,3,0.0,0.0,1.0,c5,c5
12573,2,0.0,0.0,1.0,c234,c5
12574,2,0.0,0.0,1.0,c5,c5
12575,4,0.0,0.0,1.0,c234,c5
12576,4,0.0,0.0,1.0,c5,c5
12577,4,0.0,0.0,1.0,c1,c5
12578,2,0.0,0.0,1.0,c1,c5
12579,1,0.0,0.0,1.0,c234,c5
12580,5,0.0,1.0,0.0,c5,c234
12581,5,0.0,1.0,0.0,c234,c234
12582,1,0.0,0.0,1.0,c5,c5
12583,5,0.0,1.0,0.0,c234,c234
12584,5,0.0,1.0,0.0,c234,c234
12585,4,0.0,0.0,1.0,c5,c5
12586,1,0.0,0.0,1.0,c1,c5
12587,5,0.0,1.0,0.0,c5,c234
12588,2,0.0,0.0,1.0,c234,c5
12589,2,0.0,0.0,1.0,c1,c5
12590,1,0.0,0.0,1.0,c5,c5
12591,5,0.0,1.0,0.0,c5,c234
12592,4,0.0,0.0,1.0,c1,c5
12593,5,0.0,1.0,0.0,c5,c234
12594,2,0.0,0.0,1.0,c234,c5
12595,3,0.0,0.0,1.0,c234,c5
12596,2,0.0,0.0,1.0,c234,c5
12597,4,0.0,0.0,1.0,c1,c5
12598,3,0.0,0.0,1.0,c234,c5
12599,1,0.0,0.0,1.0,c234,c5
12600,5,0.0,1.0,0.0,c5,c234
12601,4,0.0,0.0,1.0,c5,c5
12602,4,0.0,0.0,1.0,c1,c5
12603,1,0.0,0.0,1.0,c234,c5
12604,5,0.0,1.0,0.0,c1,c234
12605,2,0.0,0.0,1.0,c5,c5
12606,2,0.0,0.0,1.0,c234,c5
12607,2,0.0,0.0,1.0,c234,c5
12608,2,0.0,0.0,1.0,c1,c5
12609,5,0.0,1.0,0.0,c1,c234
12610,5,0.0,1.0,0.0,c234,c234
12611,4,0.0,0.0,1.0,c5,c5
12612,1,0.0,0.0,1.0,c5,c5
12613,3,0.0,0.0,1.0,c5,c5
12614,2,0.0,0.0,1.0,c5,c5
12615,2,0.0,0.0,1.0,c234,c5
12616,3,0.0,0.0,1.0,c5,c5
12617,2,0.0,0.0,1.0,c5,c5
12618,1,0.0,0.0,1.0,c5,c5
12619,3,0.0,0.0,1.0,c5,c5
12620,5,0.0,1.0,0.0,c234,c234
12621,3,0.0,0.0,1.0,c5,c5
12622,3,0.0,0.0,1.0,c234,c5
12623,3,0.0,0.0,1.0,c5,c5
12624,3,0.0,0.0,1.0,c5,c5
12625,3,0.0,0.0,1.0,c1,c5
12626,2,0.0,0.0,1.0,c1,c5
12627,4,0.0,0.0,1.0,c5,c5
12628,1,0.0,0.0,1.0,c5,c5
12629,1,0.0,0.0,1.0,c1,c5
12630,5,0.0,1.0,0.0,c1,c234
12631,1,0.0,0.0,1.0,c234,c5
12632,1,0.0,0.0,1.0,c1,c5
12633,3,0.0,0.0,1.0,c5,c5
12634,4,0.0,0.0,1.0,c5,c5
12635,3,0.0,0.0,1.0,c234,c5
12636,4,0.0,0.0,1.0,c5,c5
12637,1,0.0,0.0,1.0,c1,c5
12638,4,0.0,0.0,1.0,c5,c5
12639,3,0.0,0.0,1.0,c234,c5
12640,2,0.0,0.0,1.0,c1,c5
12641,1,0.0,0.0,1.0,c234,c5
12642,5,0.0,1.0,0.0,c1,c234
12643,3,0.0,0.0,1.0,c5,c5
12644,2,0.0,0.0,1.0,c5,c5
12645,4,0.0,0.0,1.0,c5,c5
12646,3,0.0,0.0,1.0,c1,c5
12647,1,0.0,0.0,1.0,c5,c5
12648,5,0.0,1.0,0.0,c5,c234
12649,1,0.0,0.0,1.0,c5,c5
12650,4,0.0,0.0,1.0,c234,c5
12651,5,0.0,1.0,0.0,c5,c234
12652,3,0.0,0.0,1.0,c1,c5
12653,3,0.0,0.0,1.0,c5,c5
12654,1,0.0,0.0,1.0,c234,c5
12655,5,0.0,1.0,0.0,c1,c234
12656,2,0.0,0.0,1.0,c1,c5
12657,5,0.0,1.0,0.0,c5,c234
12658,2,0.0,0.0,1.0,c1,c5
12659,4,0.0,0.0,1.0,c234,c5
12660,2,0.0,0.0,1.0,c234,c5
12661,1,0.0,0.0,1.0,c5,c5
12662,5,0.0,1.0,0.0,c1,c234
12663,2,0.0,0.0,1.0,c1,c5
12664,1,0.0,0.0,1.0,c5,c5
12665,3,0.0,0.0,1.0,c1,c5
12666,2,0.0,0.0,1.0,c234,c5
12667,2,0.0,0.0,1.0,c5,c5
12668,5,0.0,1.0,0.0,c234,c234
12669,5,0.0,1.0,0.0,c5,c234
12670,1,0.0,0.0,1.0,c5,c5
12671,5,0.0,1.0,0.0,c234,c234
12672,5,0.0,1.0,0.0,c5,c234
12673,4,0.0,0.0,1.0,c5,c5
12674,4,0.0,0.0,1.0,c5,c5
12675,1,0.0,0.0,1.0,c5,c5
12676,3,0.0,0.0,1.0,c234,c5
12677,2,0.0,0.0,1.0,c5,c5
12678,1,0.0,0.0,1.0,c5,c5
12679,2,0.0,0.0,1.0,c5,c5
12680,3,0.0,0.0,1.0,c5,c5
12681,5,0.0,1.0,0.0,c5,c234
12682,5,0.0,1.0,0.0,c5,c234
12683,3,0.0,0.0,1.0,c5,c5
12684,5,0.0,1.0,0.0,c5,c234
12685,5,0.0,1.0,0.0,c234,c234
12686,4,0.0,0.0,1.0,c5,c5
12687,3,0.0,0.0,1.0,c5,c5
12688,4,0.0,0.0,1.0,c5,c5
12689,2,0.0,0.0,1.0,c5,c5
12690,1,0.0,0.0,1.0,c234,c5
12691,5,0.0,1.0,0.0,c1,c234
12692,2,0.0,0.0,1.0,c1,c5
12693,5,0.0,1.0,0.0,c234,c234
12694,5,0.0,1.0,0.0,c234,c234
12695,1,0.0,0.0,1.0,c1,c5
12696,1,0.0,0.0,1.0,c1,c5
12697,1,0.0,0.0,1.0,c5,c5
12698,4,0.0,0.0,1.0,c234,c5
12699,1,0.0,0.0,1.0,c5,c5
12700,5,0.0,1.0,0.0,c5,c234
12701,2,0.0,0.0,1.0,c1,c5
12702,4,0.0,0.0,1.0,c5,c5
12703,1,0.0,0.0,1.0,c5,c5
12704,5,0.0,1.0,0.0,c1,c234
12705,3,0.0,0.0,1.0,c5,c5
12706,4,0.0,0.0,1.0,c234,c5
12707,5,0.0,1.0,0.0,c1,c234
12708,3,0.0,0.0,1.0,c234,c5
12709,2,0.0,0.0,1.0,c1,c5
12710,4,0.0,0.0,1.0,c234,c5
12711,2,0.0,0.0,1.0,c5,c5
12712,1,0.0,0.0,1.0,c1,c5
12713,5,0.0,1.0,0.0,c5,c234
12714,5,0.0,1.0,0.0,c5,c234
12715,5,0.0,1.0,0.0,c5,c234
12716,4,0.0,0.0,1.0,c1,c5
12717,1,0.0,0.0,1.0,c5,c5
12718,4,0.0,0.0,1.0,c1,c5
12719,2,0.0,0.0,1.0,c234,c5
12720,3,0.0,0.0,1.0,c234,c5
12721,4,0.0,0.0,1.0,c5,c5
12722,4,0.0,0.0,1.0,c5,c5
12723,2,0.0,0.0,1.0,c234,c5
12724,4,0.0,0.0,1.0,c234,c5
12725,5,0.0,1.0,0.0,c5,c234
12726,1,0.0,0.0,1.0,c234,c5
12727,4,0.0,0.0,1.0,c5,c5
12728,2,0.0,0.0,1.0,c234,c5
12729,5,0.0,1.0,0.0,c5,c234
12730,5,0.0,1.0,0.0,c1,c234
12731,3,0.0,0.0,1.0,c1,c5
12732,1,0.0,0.0,1.0,c5,c5
12733,5,0.0,1.0,0.0,c5,c234
12734,1,0.0,0.0,1.0,c234,c5
12735,3,0.0,0.0,1.0,c1,c5
12736,2,0.0,0.0,1.0,c234,c5
12737,2,0.0,0.0,1.0,c234,c5
12738,4,0.0,0.0,1.0,c234,c5
12739,4,0.0,0.0,1.0,c234,c5
12740,1,0.0,0.0,1.0,c234,c5
12741,5,0.0,1.0,0.0,c234,c234
12742,3,0.0,0.0,1.0,c234,c5
12743,3,0.0,0.0,1.0,c5,c5
12744,1,0.0,0.0,1.0,c5,c5
12745,4,0.0,0.0,1.0,c5,c5
12746,1,0.0,0.0,1.0,c234,c5
12747,4,0.0,0.0,1.0,c5,c5
12748,4,0.0,0.0,1.0,c1,c5
12749,2,0.0,0.0,1.0,c5,c5
12750,1,0.0,0.0,1.0,c5,c5
12751,4,0.0,0.0,1.0,c5,c5
12752,5,0.0,1.0,0.0,c5,c234
12753,4,0.0,0.0,1.0,c5,c5
12754,4,0.0,0.0,1.0,c5,c5
12755,2,0.0,0.0,1.0,c234,c5
12756,1,0.0,0.0,1.0,c1,c5
12757,3,0.0,0.0,1.0,c234,c5
12758,4,0.0,0.0,1.0,c234,c5
12759,5,0.0,1.0,0.0,c1,c234
12760,4,0.0,0.0,1.0,c1,c5
12761,5,0.0,1.0,0.0,c234,c234
12762,1,0.0,0.0,1.0,c234,c5
12763,3,0.0,0.0,1.0,c1,c5
12764,5,0.0,1.0,0.0,c234,c234
12765,5,0.0,1.0,0.0,c1,c234
12766,4,0.0,0.0,1.0,c5,c5
12767,5,0.0,1.0,0.0,c5,c234
12768,4,0.0,0.0,1.0,c1,c5
12769,4,0.0,0.0,1.0,c1,c5
12770,1,0.0,0.0,1.0,c234,c5
12771,5,0.0,1.0,0.0,c1,c234
12772,2,0.0,0.0,1.0,c234,c5
12773,1,0.0,0.0,1.0,c1,c5
12774,3,0.0,0.0,1.0,c1,c5
12775,5,0.0,1.0,0.0,c1,c234
12776,4,0.0,0.0,1.0,c5,c5
12777,1,0.0,0.0,1.0,c1,c5
12778,4,0.0,0.0,1.0,c5,c5
12779,2,0.0,0.0,1.0,c5,c5
12780,1,0.0,0.0,1.0,c234,c5
12781,2,0.0,0.0,1.0,c5,c5
12782,5,0.0,1.0,0.0,c5,c234
12783,2,0.0,0.0,1.0,c1,c5
12784,1,0.0,0.0,1.0,c5,c5
12785,1,0.0,0.0,1.0,c1,c5
12786,5,0.0,1.0,0.0,c234,c234
12787,5,0.0,1.0,0.0,c1,c234
12788,3,0.0,0.0,1.0,c1,c5
12789,4,0.0,0.0,1.0,c234,c5
12790,4,0.0,0.0,1.0,c1,c5
12791,2,0.0,0.0,1.0,c1,c5
12792,5,0.0,1.0,0.0,c1,c234
12793,4,0.0,0.0,1.0,c1,c5
12794,5,0.0,1.0,0.0,c5,c234
12795,5,0.0,1.0,0.0,c234,c234
12796,1,0.0,0.0,1.0,c5,c5
12797,4,0.0,0.0,1.0,c234,c5
12798,4,0.0,0.0,1.0,c1,c5
12799,3,0.0,0.0,1.0,c234,c5
12800,2,0.0,0.0,1.0,c5,c5
12801,5,0.0,1.0,0.0,c1,c234
12802,4,0.0,0.0,1.0,c1,c5
12803,1,0.0,0.0,1.0,c5,c5
12804,2,0.0,0.0,1.0,c1,c5
12805,4,0.0,0.0,1.0,c5,c5
12806,3,0.0,0.0,1.0,c5,c5
12807,2,0.0,0.0,1.0,c5,c5
12808,2,0.0,0.0,1.0,c1,c5
12809,4,0.0,0.0,1.0,c1,c5
12810,2,0.0,0.0,1.0,c5,c5
12811,2,0.0,0.0,1.0,c1,c5
12812,4,0.0,0.0,1.0,c5,c5
12813,4,0.0,0.0,1.0,c5,c5
12814,3,0.0,0.0,1.0,c1,c5
12815,5,0.0,1.0,0.0,c234,c234
12816,2,0.0,0.0,1.0,c234,c5
12817,2,0.0,0.0,1.0,c1,c5
12818,4,0.0,0.0,1.0,c1,c5
12819,1,0.0,0.0,1.0,c5,c5
12820,5,0.0,1.0,0.0,c1,c234
12821,4,0.0,0.0,1.0,c234,c5
12822,1,0.0,0.0,1.0,c1,c5
12823,4,0.0,0.0,1.0,c234,c5
12824,2,0.0,0.0,1.0,c1,c5
12825,4,0.0,0.0,1.0,c5,c5
12826,3,0.0,0.0,1.0,c1,c5
12827,3,0.0,0.0,1.0,c5,c5
12828,3,0.0,0.0,1.0,c5,c5
12829,2,0.0,0.0,1.0,c234,c5
12830,4,0.0,0.0,1.0,c1,c5
12831,5,0.0,1.0,0.0,c234,c234
12832,4,0.0,0.0,1.0,c234,c5
12833,1,0.0,0.0,1.0,c234,c5
12834,4,0.0,0.0,1.0,c234,c5
12835,5,0.0,1.0,0.0,c1,c234
12836,2,0.0,0.0,1.0,c234,c5
12837,4,0.0,0.0,1.0,c5,c5
12838,3,0.0,0.0,1.0,c5,c5
12839,1,0.0,0.0,1.0,c5,c5
12840,1,0.0,0.0,1.0,c5,c5
12841,2,0.0,0.0,1.0,c5,c5
12842,5,0.0,1.0,0.0,c234,c234
12843,3,0.0,0.0,1.0,c1,c5
12844,2,0.0,0.0,1.0,c5,c5
12845,4,0.0,0.0,1.0,c1,c5
12846,2,0.0,0.0,1.0,c5,c5
12847,4,0.0,0.0,1.0,c234,c5
12848,3,0.0,0.0,1.0,c1,c5
12849,4,0.0,0.0,1.0,c5,c5
12850,1,0.0,0.0,1.0,c5,c5
12851,4,0.0,0.0,1.0,c234,c5
12852,3,0.0,0.0,1.0,c1,c5
12853,3,0.0,0.0,1.0,c1,c5
12854,4,0.0,0.0,1.0,c5,c5
12855,2,0.0,0.0,1.0,c234,c5
12856,1,0.0,0.0,1.0,c5,c5
12857,5,0.0,1.0,0.0,c234,c234
12858,2,0.0,0.0,1.0,c5,c5
12859,2,0.0,0.0,1.0,c1,c5
12860,3,0.0,0.0,1.0,c234,c5
12861,3,0.0,0.0,1.0,c234,c5
12862,5,0.0,1.0,0.0,c234,c234
12863,1,0.0,0.0,1.0,c234,c5
12864,1,0.0,0.0,1.0,c5,c5
12865,4,0.0,0.0,1.0,c5,c5
12866,4,0.0,0.0,1.0,c1,c5
12867,1,0.0,0.0,1.0,c5,c5
12868,1,0.0,0.0,1.0,c234,c5
12869,3,0.0,0.0,1.0,c1,c5
12870,1,0.0,0.0,1.0,c5,c5
12871,3,0.0,0.0,1.0,c5,c5
12872,1,0.0,0.0,1.0,c1,c5
12873,4,0.0,0.0,1.0,c5,c5
12874,1,0.0,0.0,1.0,c234,c5
12875,5,0.0,1.0,0.0,c1,c234
12876,1,0.0,0.0,1.0,c5,c5
12877,4,0.0,0.0,1.0,c234,c5
12878,5,0.0,1.0,0.0,c234,c234
12879,4,0.0,0.0,1.0,c1,c5
12880,2,0.0,0.0,1.0,c234,c5
12881,2,0.0,0.0,1.0,c1,c5
12882,4,0.0,0.0,1.0,c1,c5
12883,1,0.0,0.0,1.0,c234,c5
12884,1,0.0,0.0,1.0,c5,c5
12885,2,0.0,0.0,1.0,c234,c5
12886,4,0.0,0.0,1.0,c5,c5
12887,1,0.0,0.0,1.0,c5,c5
12888,5,0.0,1.0,0.0,c5,c234
12889,1,0.0,0.0,1.0,c1,c5
12890,4,0.0,0.0,1.0,c234,c5
12891,2,0.0,0.0,1.0,c234,c5
12892,3,0.0,0.0,1.0,c234,c5
12893,5,0.0,1.0,0.0,c234,c234
12894,1,0.0,0.0,1.0,c5,c5
12895,3,0.0,0.0,1.0,c234,c5
12896,2,0.0,0.0,1.0,c1,c5
12897,1,0.0,0.0,1.0,c5,c5
12898,2,0.0,0.0,1.0,c1,c5
12899,5,0.0,1.0,0.0,c5,c234
12900,1,0.0,0.0,1.0,c1,c5
12901,5,0.0,1.0,0.0,c5,c234
12902,1,0.0,0.0,1.0,c234,c5
12903,3,0.0,0.0,1.0,c1,c5
12904,1,0.0,0.0,1.0,c5,c5
12905,1,0.0,0.0,1.0,c5,c5
12906,5,0.0,1.0,0.0,c5,c234
12907,2,0.0,0.0,1.0,c234,c5
12908,5,0.0,1.0,0.0,c234,c234
12909,1,0.0,0.0,1.0,c1,c5
12910,5,0.0,1.0,0.0,c5,c234
12911,5,0.0,1.0,0.0,c234,c234
12912,4,0.0,0.0,1.0,c1,c5
12913,3,0.0,0.0,1.0,c1,c5
12914,5,0.0,1.0,0.0,c5,c234
12915,5,0.0,1.0,0.0,c1,c234
12916,2,0.0,0.0,1.0,c5,c5
12917,3,0.0,0.0,1.0,c5,c5
12918,1,0.0,0.0,1.0,c5,c5
12919,2,0.0,0.0,1.0,c1,c5
12920,3,0.0,0.0,1.0,c5,c5
12921,5,0.0,1.0,0.0,c5,c234
12922,1,0.0,0.0,1.0,c1,c5
12923,1,0.0,0.0,1.0,c1,c5
12924,2,0.0,0.0,1.0,c234,c5
12925,5,0.0,1.0,0.0,c234,c234
12926,3,0.0,0.0,1.0,c1,c5
12927,5,0.0,1.0,0.0,c5,c234
12928,4,0.0,0.0,1.0,c234,c5
12929,1,0.0,0.0,1.0,c1,c5
12930,1,0.0,0.0,1.0,c1,c5
12931,2,0.0,0.0,1.0,c1,c5
12932,3,0.0,0.0,1.0,c1,c5
12933,1,0.0,0.0,1.0,c234,c5
12934,4,0.0,0.0,1.0,c1,c5
12935,2,0.0,0.0,1.0,c5,c5
12936,2,0.0,0.0,1.0,c234,c5
12937,5,0.0,1.0,0.0,c5,c234
12938,3,0.0,0.0,1.0,c234,c5
12939,1,0.0,0.0,1.0,c1,c5
12940,4,0.0,0.0,1.0,c234,c5
12941,5,0.0,1.0,0.0,c234,c234
12942,2,0.0,0.0,1.0,c234,c5
12943,5,0.0,1.0,0.0,c5,c234
12944,4,0.0,0.0,1.0,c1,c5
12945,1,0.0,0.0,1.0,c234,c5
12946,5,0.0,1.0,0.0,c234,c234
12947,1,0.0,0.0,1.0,c234,c5
12948,2,0.0,0.0,1.0,c5,c5
12949,5,0.0,1.0,0.0,c5,c234
12950,1,0.0,0.0,1.0,c1,c5
12951,1,0.0,0.0,1.0,c234,c5
12952,2,0.0,0.0,1.0,c234,c5
12953,5,0.0,1.0,0.0,c5,c234
12954,4,0.0,0.0,1.0,c1,c5
12955,3,0.0,0.0,1.0,c1,c5
12956,5,0.0,1.0,0.0,c234,c234
12957,3,0.0,0.0,1.0,c5,c5
12958,4,0.0,0.0,1.0,c1,c5
12959,4,0.0,0.0,1.0,c5,c5
12960,5,0.0,1.0,0.0,c1,c234
12961,4,0.0,0.0,1.0,c5,c5
12962,4,0.0,0.0,1.0,c1,c5
12963,3,0.0,0.0,1.0,c5,c5
12964,4,0.0,0.0,1.0,c1,c5
12965,2,0.0,0.0,1.0,c1,c5
12966,3,0.0,0.0,1.0,c234,c5
12967,5,0.0,1.0,0.0,c5,c234
12968,4,0.0,0.0,1.0,c1,c5
12969,2,0.0,0.0,1.0,c234,c5
12970,1,0.0,0.0,1.0,c5,c5
12971,4,0.0,0.0,1.0,c1,c5
12972,1,0.0,0.0,1.0,c1,c5
12973,5,0.0,1.0,0.0,c234,c234
12974,1,0.0,0.0,1.0,c1,c5
12975,1,0.0,0.0,1.0,c1,c5
12976,3,0.0,0.0,1.0,c5,c5
12977,1,0.0,0.0,1.0,c5,c5
12978,2,0.0,0.0,1.0,c234,c5
12979,4,0.0,0.0,1.0,c1,c5
12980,4,0.0,0.0,1.0,c5,c5
12981,3,0.0,0.0,1.0,c234,c5
12982,5,0.0,1.0,0.0,c1,c234
12983,2,0.0,0.0,1.0,c234,c5
12984,2,0.0,0.0,1.0,c5,c5
12985,4,0.0,0.0,1.0,c1,c5
12986,1,0.0,0.0,1.0,c234,c5
12987,3,0.0,0.0,1.0,c5,c5
12988,3,0.0,0.0,1.0,c234,c5
12989,1,0.0,0.0,1.0,c5,c5
12990,1,0.0,0.0,1.0,c1,c5
12991,1,0.0,0.0,1.0,c234,c5
12992,1,0.0,0.0,1.0,c1,c5
12993,2,0.0,0.0,1.0,c1,c5
12994,3,0.0,0.0,1.0,c1,c5
12995,5,0.0,1.0,0.0,c1,c234
12996,3,0.0,0.0,1.0,c5,c5
12997,4,0.0,0.0,1.0,c1,c5
12998,3,0.0,0.0,1.0,c5,c5
12999,5,0.0,1.0,0.0,c5,c234
13000,3,0.0,0.0,1.0,c1,c5
13001,4,0.0,0.0,1.0,c234,c5
13002,1,0.0,0.0,1.0,c1,c5
13003,3,0.0,0.0,1.0,c1,c5
13004,4,0.0,0.0,1.0,c5,c5
13005,2,0.0,0.0,1.0,c1,c5
13006,5,0.0,1.0,0.0,c5,c234
13007,5,0.0,1.0,0.0,c234,c234
13008,3,0.0,0.0,1.0,c5,c5
13009,5,0.0,1.0,0.0,c5,c234
13010,3,0.0,0.0,1.0,c1,c5
13011,1,0.0,0.0,1.0,c234,c5
13012,3,0.0,0.0,1.0,c234,c5
13013,2,0.0,0.0,1.0,c5,c5
13014,2,0.0,0.0,1.0,c234,c5
13015,3,0.0,0.0,1.0,c234,c5
13016,1,0.0,0.0,1.0,c1,c5
13017,4,0.0,0.0,1.0,c234,c5
13018,2,0.0,0.0,1.0,c5,c5
13019,2,0.0,0.0,1.0,c5,c5
13020,3,0.0,0.0,1.0,c1,c5
13021,3,0.0,0.0,1.0,c234,c5
13022,4,0.0,0.0,1.0,c1,c5
13023,2,0.0,0.0,1.0,c5,c5
13024,2,0.0,0.0,1.0,c1,c5
13025,5,0.0,1.0,0.0,c1,c234
13026,2,0.0,0.0,1.0,c5,c5
13027,3,0.0,0.0,1.0,c234,c5
13028,2,0.0,0.0,1.0,c1,c5
13029,2,0.0,0.0,1.0,c1,c5
13030,4,0.0,0.0,1.0,c5,c5
13031,1,0.0,0.0,1.0,c5,c5
13032,5,0.0,1.0,0.0,c234,c234
13033,1,0.0,0.0,1.0,c234,c5
13034,4,0.0,0.0,1.0,c234,c5
13035,4,0.0,0.0,1.0,c5,c5
13036,2,0.0,0.0,1.0,c234,c5
13037,3,0.0,0.0,1.0,c5,c5
13038,1,0.0,0.0,1.0,c5,c5
13039,5,0.0,1.0,0.0,c5,c234
13040,2,0.0,0.0,1.0,c5,c5
13041,3,0.0,0.0,1.0,c5,c5
13042,4,0.0,0.0,1.0,c234,c5
13043,3,0.0,0.0,1.0,c1,c5
13044,4,0.0,0.0,1.0,c234,c5
13045,3,0.0,0.0,1.0,c234,c5
13046,1,0.0,0.0,1.0,c5,c5
13047,3,0.0,0.0,1.0,c5,c5
13048,2,0.0,0.0,1.0,c234,c5
13049,1,0.0,0.0,1.0,c5,c5
13050,5,0.0,1.0,0.0,c1,c234
13051,3,0.0,0.0,1.0,c5,c5
13052,2,0.0,0.0,1.0,c234,c5
13053,5,0.0,1.0,0.0,c5,c234
13054,4,0.0,0.0,1.0,c5,c5
13055,2,0.0,0.0,1.0,c234,c5
13056,2,0.0,0.0,1.0,c234,c5
13057,3,0.0,0.0,1.0,c5,c5
13058,4,0.0,0.0,1.0,c1,c5
13059,2,0.0,0.0,1.0,c234,c5
13060,1,0.0,0.0,1.0,c234,c5
13061,2,0.0,0.0,1.0,c5,c5
13062,2,0.0,0.0,1.0,c5,c5
13063,2,0.0,0.0,1.0,c234,c5
13064,5,0.0,1.0,0.0,c1,c234
13065,1,0.0,0.0,1.0,c1,c5
13066,5,0.0,1.0,0.0,c1,c234
13067,2,0.0,0.0,1.0,c234,c5
13068,3,0.0,0.0,1.0,c234,c5
13069,2,0.0,0.0,1.0,c1,c5
13070,3,0.0,0.0,1.0,c1,c5
13071,1,0.0,0.0,1.0,c234,c5
13072,2,0.0,0.0,1.0,c234,c5
13073,4,0.0,0.0,1.0,c234,c5
13074,4,0.0,0.0,1.0,c1,c5
13075,5,0.0,1.0,0.0,c234,c234
13076,1,0.0,0.0,1.0,c1,c5
13077,2,0.0,0.0,1.0,c5,c5
13078,1,0.0,0.0,1.0,c5,c5
13079,2,0.0,0.0,1.0,c5,c5
13080,3,0.0,0.0,1.0,c234,c5
13081,1,0.0,0.0,1.0,c5,c5
13082,1,0.0,0.0,1.0,c5,c5
13083,1,0.0,0.0,1.0,c234,c5
13084,2,0.0,0.0,1.0,c1,c5
13085,2,0.0,0.0,1.0,c5,c5
13086,5,0.0,1.0,0.0,c1,c234
13087,3,0.0,0.0,1.0,c234,c5
13088,4,0.0,0.0,1.0,c234,c5
13089,2,0.0,0.0,1.0,c1,c5
13090,4,0.0,0.0,1.0,c1,c5
13091,5,0.0,1.0,0.0,c234,c234
13092,3,0.0,0.0,1.0,c5,c5
13093,2,0.0,0.0,1.0,c1,c5
13094,3,0.0,0.0,1.0,c234,c5
13095,2,0.0,0.0,1.0,c234,c5
13096,4,0.0,0.0,1.0,c234,c5
13097,3,0.0,0.0,1.0,c234,c5
13098,4,0.0,0.0,1.0,c234,c5
13099,2,0.0,0.0,1.0,c1,c5
13100,3,0.0,0.0,1.0,c1,c5
13101,5,0.0,1.0,0.0,c1,c234
13102,4,0.0,0.0,1.0,c5,c5
13103,3,0.0,0.0,1.0,c1,c5
13104,2,0.0,0.0,1.0,c5,c5
13105,1,0.0,0.0,1.0,c1,c5
13106,4,0.0,0.0,1.0,c234,c5
13107,1,0.0,0.0,1.0,c1,c5
13108,5,0.0,1.0,0.0,c5,c234
13109,3,0.0,0.0,1.0,c234,c5
13110,4,0.0,0.0,1.0,c1,c5
13111,5,0.0,1.0,0.0,c5,c234
13112,4,0.0,0.0,1.0,c234,c5
13113,2,0.0,0.0,1.0,c234,c5
13114,1,0.0,0.0,1.0,c234,c5
13115,5,0.0,1.0,0.0,c5,c234
13116,1,0.0,0.0,1.0,c5,c5
13117,3,0.0,0.0,1.0,c234,c5
13118,4,0.0,0.0,1.0,c5,c5
13119,5,0.0,1.0,0.0,c5,c234
13120,3,0.0,0.0,1.0,c5,c5
13121,5,0.0,1.0,0.0,c234,c234
13122,5,0.0,1.0,0.0,c5,c234
13123,5,0.0,1.0,0.0,c234,c234
13124,4,0.0,0.0,1.0,c5,c5
13125,4,0.0,0.0,1.0,c234,c5
13126,4,0.0,0.0,1.0,c5,c5
13127,4,0.0,0.0,1.0,c234,c5
13128,5,0.0,1.0,0.0,c5,c234
13129,5,0.0,1.0,0.0,c5,c234
13130,4,0.0,0.0,1.0,c5,c5
13131,3,0.0,0.0,1.0,c5,c5
13132,2,0.0,0.0,1.0,c5,c5
13133,4,0.0,0.0,1.0,c5,c5
13134,1,0.0,0.0,1.0,c234,c5
13135,5,0.0,1.0,0.0,c1,c234
13136,1,0.0,0.0,1.0,c5,c5
13137,5,0.0,1.0,0.0,c5,c234
13138,4,0.0,0.0,1.0,c5,c5
13139,5,0.0,1.0,0.0,c234,c234
13140,1,0.0,0.0,1.0,c234,c5
13141,5,0.0,1.0,0.0,c1,c234
13142,4,0.0,0.0,1.0,c234,c5
13143,1,0.0,0.0,1.0,c5,c5
13144,3,0.0,0.0,1.0,c1,c5
13145,2,0.0,0.0,1.0,c5,c5
13146,4,0.0,0.0,1.0,c5,c5
13147,4,0.0,0.0,1.0,c234,c5
13148,5,0.0,1.0,0.0,c5,c234
13149,2,0.0,0.0,1.0,c234,c5
13150,2,0.0,0.0,1.0,c1,c5
13151,5,0.0,1.0,0.0,c234,c234
13152,2,0.0,0.0,1.0,c1,c5
13153,1,0.0,0.0,1.0,c1,c5
13154,3,0.0,0.0,1.0,c234,c5
13155,4,0.0,0.0,1.0,c1,c5
13156,1,0.0,0.0,1.0,c1,c5
13157,5,0.0,1.0,0.0,c5,c234
13158,4,0.0,0.0,1.0,c234,c5
13159,3,0.0,0.0,1.0,c1,c5
13160,2,0.0,0.0,1.0,c1,c5
13161,4,0.0,0.0,1.0,c5,c5
13162,4,0.0,0.0,1.0,c1,c5
13163,1,0.0,0.0,1.0,c1,c5
13164,3,0.0,0.0,1.0,c5,c5
13165,5,0.0,1.0,0.0,c234,c234
13166,1,0.0,0.0,1.0,c5,c5
13167,4,0.0,0.0,1.0,c1,c5
13168,5,0.0,1.0,0.0,c5,c234
13169,2,0.0,0.0,1.0,c1,c5
13170,1,0.0,0.0,1.0,c1,c5
13171,4,0.0,0.0,1.0,c1,c5
13172,2,0.0,0.0,1.0,c1,c5
13173,4,0.0,0.0,1.0,c1,c5
13174,1,0.0,0.0,1.0,c5,c5
13175,5,0.0,1.0,0.0,c234,c234
13176,3,0.0,0.0,1.0,c1,c5
13177,1,0.0,0.0,1.0,c5,c5
13178,4,0.0,0.0,1.0,c234,c5
13179,5,0.0,1.0,0.0,c5,c234
13180,1,0.0,0.0,1.0,c1,c5
13181,3,0.0,0.0,1.0,c234,c5
13182,5,0.0,1.0,0.0,c234,c234
13183,5,0.0,1.0,0.0,c1,c234
13184,4,0.0,0.0,1.0,c5,c5
13185,1,0.0,0.0,1.0,c1,c5
13186,3,0.0,0.0,1.0,c1,c5
13187,1,0.0,0.0,1.0,c234,c5
13188,4,0.0,0.0,1.0,c5,c5
13189,1,0.0,0.0,1.0,c5,c5
13190,4,0.0,0.0,1.0,c5,c5
13191,2,0.0,0.0,1.0,c234,c5
13192,1,0.0,0.0,1.0,c234,c5
13193,2,0.0,0.0,1.0,c234,c5
13194,2,0.0,0.0,1.0,c5,c5
13195,3,0.0,0.0,1.0,c234,c5
13196,5,0.0,1.0,0.0,c234,c234
13197,1,0.0,0.0,1.0,c5,c5
13198,1,0.0,0.0,1.0,c5,c5
13199,2,0.0,0.0,1.0,c5,c5
13200,4,0.0,0.0,1.0,c234,c5
13201,3,0.0,0.0,1.0,c1,c5
13202,1,0.0,0.0,1.0,c234,c5
13203,2,0.0,0.0,1.0,c1,c5
13204,1,0.0,0.0,1.0,c5,c5
13205,4,0.0,0.0,1.0,c5,c5
13206,4,0.0,0.0,1.0,c234,c5
13207,2,0.0,0.0,1.0,c1,c5
13208,1,0.0,0.0,1.0,c5,c5
13209,1,0.0,0.0,1.0,c1,c5
13210,4,0.0,0.0,1.0,c1,c5
13211,3,0.0,0.0,1.0,c1,c5
13212,5,0.0,1.0,0.0,c5,c234
13213,3,0.0,0.0,1.0,c234,c5
13214,3,0.0,0.0,1.0,c5,c5
13215,3,0.0,0.0,1.0,c234,c5
13216,5,0.0,1.0,0.0,c5,c234
13217,1,0.0,0.0,1.0,c234,c5
13218,1,0.0,0.0,1.0,c5,c5
13219,4,0.0,0.0,1.0,c5,c5
13220,2,0.0,0.0,1.0,c1,c5
13221,2,0.0,0.0,1.0,c234,c5
13222,1,0.0,0.0,1.0,c1,c5
13223,2,0.0,0.0,1.0,c234,c5
13224,3,0.0,0.0,1.0,c234,c5
13225,1,0.0,0.0,1.0,c5,c5
13226,3,0.0,0.0,1.0,c234,c5
13227,2,0.0,0.0,1.0,c1,c5
13228,2,0.0,0.0,1.0,c234,c5
13229,5,0.0,1.0,0.0,c1,c234
13230,4,0.0,0.0,1.0,c1,c5
13231,3,0.0,0.0,1.0,c5,c5
13232,1,0.0,0.0,1.0,c5,c5
13233,4,0.0,0.0,1.0,c5,c5
13234,5,0.0,1.0,0.0,c234,c234
13235,3,0.0,0.0,1.0,c5,c5
13236,4,0.0,0.0,1.0,c234,c5
13237,2,0.0,0.0,1.0,c1,c5
13238,1,0.0,0.0,1.0,c1,c5
13239,3,0.0,0.0,1.0,c1,c5
13240,5,0.0,1.0,0.0,c5,c234
13241,3,0.0,0.0,1.0,c5,c5
13242,2,0.0,0.0,1.0,c234,c5
13243,3,0.0,0.0,1.0,c1,c5
13244,3,0.0,0.0,1.0,c1,c5
13245,5,0.0,1.0,0.0,c1,c234
13246,3,0.0,0.0,1.0,c234,c5
13247,1,0.0,0.0,1.0,c5,c5
13248,1,0.0,0.0,1.0,c234,c5
13249,1,0.0,0.0,1.0,c1,c5
13250,4,0.0,0.0,1.0,c1,c5
13251,1,0.0,0.0,1.0,c1,c5
13252,5,0.0,1.0,0.0,c5,c234
13253,5,0.0,1.0,0.0,c5,c234
13254,5,0.0,1.0,0.0,c5,c234
13255,5,0.0,1.0,0.0,c1,c234
13256,3,0.0,0.0,1.0,c234,c5
13257,5,0.0,1.0,0.0,c5,c234
13258,1,0.0,0.0,1.0,c234,c5
13259,5,0.0,1.0,0.0,c1,c234
13260,3,0.0,0.0,1.0,c5,c5
13261,3,0.0,0.0,1.0,c1,c5
13262,4,0.0,0.0,1.0,c1,c5
13263,5,0.0,1.0,0.0,c1,c234
13264,5,0.0,1.0,0.0,c1,c234
13265,5,0.0,1.0,0.0,c1,c234
13266,3,0.0,0.0,1.0,c5,c5
13267,4,0.0,0.0,1.0,c5,c5
13268,2,0.0,0.0,1.0,c5,c5
13269,5,0.0,1.0,0.0,c1,c234
13270,1,0.0,0.0,1.0,c234,c5
13271,3,0.0,0.0,1.0,c5,c5
13272,3,0.0,0.0,1.0,c5,c5
13273,1,0.0,0.0,1.0,c5,c5
13274,4,0.0,0.0,1.0,c234,c5
13275,3,0.0,0.0,1.0,c5,c5
13276,1,0.0,0.0,1.0,c5,c5
13277,5,0.0,1.0,0.0,c5,c234
13278,4,0.0,0.0,1.0,c1,c5
13279,1,0.0,0.0,1.0,c5,c5
13280,4,0.0,0.0,1.0,c1,c5
13281,3,0.0,0.0,1.0,c234,c5
13282,5,0.0,1.0,0.0,c5,c234
13283,2,0.0,0.0,1.0,c1,c5
13284,1,0.0,0.0,1.0,c5,c5
13285,1,0.0,0.0,1.0,c234,c5
13286,1,0.0,0.0,1.0,c5,c5
13287,1,0.0,0.0,1.0,c234,c5
13288,1,0.0,0.0,1.0,c1,c5
13289,3,0.0,0.0,1.0,c234,c5
13290,4,0.0,0.0,1.0,c5,c5
13291,4,0.0,0.0,1.0,c5,c5
13292,4,0.0,0.0,1.0,c234,c5
13293,4,0.0,0.0,1.0,c5,c5
13294,3,0.0,0.0,1.0,c234,c5
13295,3,0.0,0.0,1.0,c5,c5
13296,3,0.0,0.0,1.0,c5,c5
13297,1,0.0,0.0,1.0,c234,c5
13298,1,0.0,0.0,1.0,c5,c5
13299,1,0.0,0.0,1.0,c234,c5
13300,1,0.0,0.0,1.0,c5,c5
13301,3,0.0,0.0,1.0,c5,c5
13302,3,0.0,0.0,1.0,c234,c5
13303,2,0.0,0.0,1.0,c234,c5
13304,1,0.0,0.0,1.0,c5,c5
13305,2,0.0,0.0,1.0,c5,c5
13306,2,0.0,0.0,1.0,c234,c5
13307,5,0.0,1.0,0.0,c1,c234
13308,2,0.0,0.0,1.0,c5,c5
13309,2,0.0,0.0,1.0,c5,c5
13310,5,0.0,1.0,0.0,c5,c234
13311,1,0.0,0.0,1.0,c1,c5
13312,3,0.0,0.0,1.0,c1,c5
13313,1,0.0,0.0,1.0,c5,c5
13314,5,0.0,1.0,0.0,c1,c234
13315,2,0.0,0.0,1.0,c234,c5
13316,3,0.0,0.0,1.0,c5,c5
13317,1,0.0,0.0,1.0,c234,c5
13318,4,0.0,0.0,1.0,c1,c5
13319,5,0.0,1.0,0.0,c5,c234
13320,4,0.0,0.0,1.0,c1,c5
13321,2,0.0,0.0,1.0,c1,c5
13322,3,0.0,0.0,1.0,c5,c5
13323,1,0.0,0.0,1.0,c1,c5
13324,1,0.0,0.0,1.0,c5,c5
13325,5,0.0,1.0,0.0,c5,c234
13326,4,0.0,0.0,1.0,c234,c5
13327,2,0.0,0.0,1.0,c1,c5
13328,4,0.0,0.0,1.0,c234,c5
13329,1,0.0,0.0,1.0,c1,c5
13330,3,0.0,0.0,1.0,c1,c5
13331,2,0.0,0.0,1.0,c234,c5
13332,3,0.0,0.0,1.0,c234,c5
13333,5,0.0,1.0,0.0,c5,c234
13334,3,0.0,0.0,1.0,c5,c5
13335,3,0.0,0.0,1.0,c234,c5
13336,3,0.0,0.0,1.0,c1,c5
13337,2,0.0,0.0,1.0,c1,c5
13338,5,0.0,1.0,0.0,c5,c234
13339,4,0.0,0.0,1.0,c1,c5
13340,2,0.0,0.0,1.0,c5,c5
13341,2,0.0,0.0,1.0,c1,c5
13342,3,0.0,0.0,1.0,c5,c5
13343,1,0.0,0.0,1.0,c5,c5
13344,3,0.0,0.0,1.0,c5,c5
13345,5,0.0,1.0,0.0,c234,c234
13346,2,0.0,0.0,1.0,c5,c5
13347,1,0.0,0.0,1.0,c5,c5
13348,4,0.0,0.0,1.0,c234,c5
13349,5,0.0,1.0,0.0,c234,c234
13350,5,0.0,1.0,0.0,c1,c234
13351,4,0.0,0.0,1.0,c234,c5
13352,5,0.0,1.0,0.0,c234,c234
13353,5,0.0,1.0,0.0,c234,c234
13354,3,0.0,0.0,1.0,c1,c5
13355,2,0.0,0.0,1.0,c5,c5
13356,3,0.0,0.0,1.0,c5,c5
13357,3,0.0,0.0,1.0,c5,c5
13358,4,0.0,0.0,1.0,c1,c5
13359,2,0.0,0.0,1.0,c5,c5
13360,5,0.0,1.0,0.0,c234,c234
13361,5,0.0,1.0,0.0,c234,c234
13362,5,0.0,1.0,0.0,c234,c234
13363,2,0.0,0.0,1.0,c234,c5
13364,5,0.0,1.0,0.0,c1,c234
13365,1,0.0,0.0,1.0,c5,c5
13366,1,0.0,0.0,1.0,c1,c5
13367,5,0.0,1.0,0.0,c234,c234
13368,1,0.0,0.0,1.0,c5,c5
13369,1,0.0,0.0,1.0,c5,c5
13370,2,0.0,0.0,1.0,c1,c5
13371,5,0.0,1.0,0.0,c1,c234
13372,1,0.0,0.0,1.0,c234,c5
13373,1,0.0,0.0,1.0,c234,c5
13374,2,0.0,0.0,1.0,c5,c5
13375,5,0.0,1.0,0.0,c234,c234
13376,2,0.0,0.0,1.0,c5,c5
13377,5,0.0,1.0,0.0,c5,c234
13378,2,0.0,0.0,1.0,c234,c5
13379,1,0.0,0.0,1.0,c1,c5
13380,3,0.0,0.0,1.0,c234,c5
13381,4,0.0,0.0,1.0,c234,c5
13382,3,0.0,0.0,1.0,c234,c5
13383,5,0.0,1.0,0.0,c5,c234
13384,4,0.0,0.0,1.0,c234,c5
13385,1,0.0,0.0,1.0,c5,c5
13386,3,0.0,0.0,1.0,c5,c5
13387,1,0.0,0.0,1.0,c234,c5
13388,4,0.0,0.0,1.0,c234,c5
13389,2,0.0,0.0,1.0,c5,c5
13390,5,0.0,1.0,0.0,c234,c234
13391,2,0.0,0.0,1.0,c1,c5
13392,3,0.0,0.0,1.0,c5,c5
13393,1,0.0,0.0,1.0,c5,c5
13394,4,0.0,0.0,1.0,c234,c5
13395,1,0.0,0.0,1.0,c1,c5
13396,1,0.0,0.0,1.0,c5,c5
13397,4,0.0,0.0,1.0,c1,c5
13398,5,0.0,1.0,0.0,c1,c234
13399,3,0.0,0.0,1.0,c5,c5
13400,5,0.0,1.0,0.0,c234,c234
13401,2,0.0,0.0,1.0,c5,c5
13402,3,0.0,0.0,1.0,c234,c5
13403,5,0.0,1.0,0.0,c234,c234
13404,3,0.0,0.0,1.0,c5,c5
13405,5,0.0,1.0,0.0,c5,c234
13406,5,0.0,1.0,0.0,c5,c234
13407,5,0.0,1.0,0.0,c1,c234
13408,4,0.0,0.0,1.0,c5,c5
13409,5,0.0,1.0,0.0,c234,c234
13410,3,0.0,0.0,1.0,c234,c5
13411,2,0.0,0.0,1.0,c1,c5
13412,1,0.0,0.0,1.0,c234,c5
13413,5,0.0,1.0,0.0,c5,c234
13414,1,0.0,0.0,1.0,c5,c5
13415,3,0.0,0.0,1.0,c234,c5
13416,3,0.0,0.0,1.0,c5,c5
13417,1,0.0,0.0,1.0,c1,c5
13418,1,0.0,0.0,1.0,c1,c5
13419,4,0.0,0.0,1.0,c234,c5
13420,3,0.0,0.0,1.0,c234,c5
13421,5,0.0,1.0,0.0,c234,c234
13422,4,0.0,0.0,1.0,c1,c5
13423,2,0.0,0.0,1.0,c5,c5
13424,3,0.0,0.0,1.0,c234,c5
13425,3,0.0,0.0,1.0,c5,c5
13426,1,0.0,0.0,1.0,c1,c5
13427,1,0.0,0.0,1.0,c5,c5
13428,4,0.0,0.0,1.0,c1,c5
13429,5,0.0,1.0,0.0,c1,c234
13430,4,0.0,0.0,1.0,c1,c5
13431,2,0.0,0.0,1.0,c234,c5
13432,4,0.0,0.0,1.0,c234,c5
13433,1,0.0,0.0,1.0,c1,c5
13434,1,0.0,0.0,1.0,c234,c5
13435,4,0.0,0.0,1.0,c1,c5
13436,1,0.0,0.0,1.0,c5,c5
13437,1,0.0,0.0,1.0,c234,c5
13438,5,0.0,1.0,0.0,c234,c234
13439,5,0.0,1.0,0.0,c5,c234
13440,2,0.0,0.0,1.0,c234,c5
13441,3,0.0,0.0,1.0,c5,c5
13442,2,0.0,0.0,1.0,c234,c5
13443,2,0.0,0.0,1.0,c234,c5
13444,4,0.0,0.0,1.0,c5,c5
13445,3,0.0,0.0,1.0,c234,c5
13446,3,0.0,0.0,1.0,c5,c5
13447,4,0.0,0.0,1.0,c5,c5
13448,2,0.0,0.0,1.0,c1,c5
13449,3,0.0,0.0,1.0,c1,c5
13450,5,0.0,1.0,0.0,c5,c234
13451,4,0.0,0.0,1.0,c234,c5
13452,1,0.0,0.0,1.0,c5,c5
13453,1,0.0,0.0,1.0,c234,c5
13454,3,0.0,0.0,1.0,c234,c5
13455,4,0.0,0.0,1.0,c234,c5
13456,3,0.0,0.0,1.0,c234,c5
13457,5,0.0,1.0,0.0,c5,c234
13458,5,0.0,1.0,0.0,c5,c234
13459,3,0.0,0.0,1.0,c5,c5
13460,5,0.0,1.0,0.0,c234,c234
13461,1,0.0,0.0,1.0,c5,c5
13462,3,0.0,0.0,1.0,c234,c5
13463,1,0.0,0.0,1.0,c234,c5
13464,4,0.0,0.0,1.0,c234,c5
13465,4,0.0,0.0,1.0,c5,c5
13466,3,0.0,0.0,1.0,c5,c5
13467,4,0.0,0.0,1.0,c5,c5
13468,4,0.0,0.0,1.0,c234,c5
13469,1,0.0,0.0,1.0,c234,c5
13470,1,0.0,0.0,1.0,c1,c5
13471,5,0.0,1.0,0.0,c5,c234
13472,2,0.0,0.0,1.0,c5,c5
13473,2,0.0,0.0,1.0,c5,c5
13474,1,0.0,0.0,1.0,c1,c5
13475,3,0.0,0.0,1.0,c5,c5
13476,3,0.0,0.0,1.0,c234,c5
13477,5,0.0,1.0,0.0,c234,c234
13478,1,0.0,0.0,1.0,c5,c5
13479,1,0.0,0.0,1.0,c5,c5
13480,1,0.0,0.0,1.0,c5,c5
13481,1,0.0,0.0,1.0,c5,c5
13482,3,0.0,0.0,1.0,c234,c5
13483,2,0.0,0.0,1.0,c5,c5
13484,3,0.0,0.0,1.0,c5,c5
13485,4,0.0,0.0,1.0,c5,c5
13486,5,0.0,1.0,0.0,c5,c234
13487,1,0.0,0.0,1.0,c1,c5
13488,4,0.0,0.0,1.0,c1,c5
13489,5,0.0,1.0,0.0,c234,c234
13490,2,0.0,0.0,1.0,c5,c5
13491,5,0.0,1.0,0.0,c1,c234
13492,3,0.0,0.0,1.0,c1,c5
13493,2,0.0,0.0,1.0,c234,c5
13494,2,0.0,0.0,1.0,c1,c5
13495,1,0.0,0.0,1.0,c5,c5
13496,3,0.0,0.0,1.0,c234,c5
13497,5,0.0,1.0,0.0,c234,c234
13498,5,0.0,1.0,0.0,c234,c234
13499,2,0.0,0.0,1.0,c234,c5
13500,1,0.0,0.0,1.0,c234,c5
13501,5,0.0,1.0,0.0,c5,c234
13502,2,0.0,0.0,1.0,c234,c5
13503,2,0.0,0.0,1.0,c5,c5
13504,4,0.0,0.0,1.0,c1,c5
13505,1,0.0,0.0,1.0,c234,c5
13506,4,0.0,0.0,1.0,c5,c5
13507,1,0.0,0.0,1.0,c5,c5
13508,4,0.0,0.0,1.0,c1,c5
13509,5,0.0,1.0,0.0,c5,c234
13510,3,0.0,0.0,1.0,c234,c5
13511,5,0.0,1.0,0.0,c234,c234
13512,4,0.0,0.0,1.0,c234,c5
13513,5,0.0,1.0,0.0,c1,c234
13514,3,0.0,0.0,1.0,c1,c5
13515,5,0.0,1.0,0.0,c1,c234
13516,3,0.0,0.0,1.0,c1,c5
13517,4,0.0,0.0,1.0,c234,c5
13518,2,0.0,0.0,1.0,c234,c5
13519,2,0.0,0.0,1.0,c234,c5
13520,3,0.0,0.0,1.0,c234,c5
13521,5,0.0,1.0,0.0,c5,c234
13522,4,0.0,0.0,1.0,c1,c5
13523,4,0.0,0.0,1.0,c1,c5
13524,1,0.0,0.0,1.0,c1,c5
13525,1,0.0,0.0,1.0,c234,c5
13526,5,0.0,1.0,0.0,c234,c234
13527,2,0.0,0.0,1.0,c5,c5
13528,1,0.0,0.0,1.0,c5,c5
13529,4,0.0,0.0,1.0,c5,c5
13530,3,0.0,0.0,1.0,c5,c5
13531,2,0.0,0.0,1.0,c234,c5
13532,2,0.0,0.0,1.0,c5,c5
13533,4,0.0,0.0,1.0,c234,c5
13534,5,0.0,1.0,0.0,c5,c234
13535,3,0.0,0.0,1.0,c5,c5
13536,1,0.0,0.0,1.0,c5,c5
13537,2,0.0,0.0,1.0,c1,c5
13538,5,0.0,1.0,0.0,c5,c234
13539,5,0.0,1.0,0.0,c5,c234
13540,1,0.0,0.0,1.0,c5,c5
13541,5,0.0,1.0,0.0,c5,c234
13542,5,0.0,1.0,0.0,c5,c234
13543,5,0.0,1.0,0.0,c1,c234
13544,4,0.0,0.0,1.0,c234,c5
13545,4,0.0,0.0,1.0,c234,c5
13546,3,0.0,0.0,1.0,c234,c5
13547,1,0.0,0.0,1.0,c5,c5
13548,1,0.0,0.0,1.0,c1,c5
13549,1,0.0,0.0,1.0,c5,c5
13550,5,0.0,1.0,0.0,c5,c234
13551,3,0.0,0.0,1.0,c5,c5
13552,3,0.0,0.0,1.0,c234,c5
13553,2,0.0,0.0,1.0,c5,c5
13554,3,0.0,0.0,1.0,c5,c5
13555,2,0.0,0.0,1.0,c5,c5
13556,4,0.0,0.0,1.0,c234,c5
13557,3,0.0,0.0,1.0,c234,c5
13558,5,0.0,1.0,0.0,c5,c234
13559,2,0.0,0.0,1.0,c234,c5
13560,2,0.0,0.0,1.0,c234,c5
13561,2,0.0,0.0,1.0,c234,c5
13562,3,0.0,0.0,1.0,c234,c5
13563,1,0.0,0.0,1.0,c234,c5
13564,5,0.0,1.0,0.0,c1,c234
13565,2,0.0,0.0,1.0,c1,c5
13566,2,0.0,0.0,1.0,c1,c5
13567,1,0.0,0.0,1.0,c5,c5
13568,3,0.0,0.0,1.0,c234,c5
13569,3,0.0,0.0,1.0,c234,c5
13570,4,0.0,0.0,1.0,c234,c5
13571,3,0.0,0.0,1.0,c1,c5
13572,3,0.0,0.0,1.0,c1,c5
13573,4,0.0,0.0,1.0,c234,c5
13574,4,0.0,0.0,1.0,c5,c5
13575,3,0.0,0.0,1.0,c1,c5
13576,4,0.0,0.0,1.0,c234,c5
13577,2,0.0,0.0,1.0,c234,c5
13578,2,0.0,0.0,1.0,c234,c5
13579,4,0.0,0.0,1.0,c1,c5
13580,2,0.0,0.0,1.0,c234,c5
13581,3,0.0,0.0,1.0,c1,c5
13582,4,0.0,0.0,1.0,c234,c5
13583,2,0.0,0.0,1.0,c5,c5
13584,4,0.0,0.0,1.0,c1,c5
13585,2,0.0,0.0,1.0,c234,c5
13586,4,0.0,0.0,1.0,c5,c5
13587,1,0.0,0.0,1.0,c5,c5
13588,3,0.0,0.0,1.0,c234,c5
13589,5,0.0,1.0,0.0,c234,c234
13590,5,0.0,1.0,0.0,c5,c234
13591,2,0.0,0.0,1.0,c234,c5
13592,5,0.0,1.0,0.0,c5,c234
13593,5,0.0,1.0,0.0,c234,c234
13594,5,0.0,1.0,0.0,c5,c234
13595,3,0.0,0.0,1.0,c5,c5
13596,5,0.0,1.0,0.0,c5,c234
13597,4,0.0,0.0,1.0,c5,c5
13598,3,0.0,0.0,1.0,c1,c5
13599,1,0.0,0.0,1.0,c234,c5
13600,3,0.0,0.0,1.0,c1,c5
13601,2,0.0,0.0,1.0,c5,c5
13602,2,0.0,0.0,1.0,c5,c5
13603,3,0.0,0.0,1.0,c1,c5
13604,1,0.0,0.0,1.0,c1,c5
13605,2,0.0,0.0,1.0,c234,c5
13606,4,0.0,0.0,1.0,c234,c5
13607,4,0.0,0.0,1.0,c1,c5
13608,5,0.0,1.0,0.0,c5,c234
13609,3,0.0,0.0,1.0,c1,c5
13610,4,0.0,0.0,1.0,c234,c5
13611,3,0.0,0.0,1.0,c234,c5
13612,1,0.0,0.0,1.0,c5,c5
13613,4,0.0,0.0,1.0,c5,c5
13614,3,0.0,0.0,1.0,c1,c5
13615,3,0.0,0.0,1.0,c234,c5
13616,3,0.0,0.0,1.0,c234,c5
13617,5,0.0,1.0,0.0,c5,c234
13618,3,0.0,0.0,1.0,c234,c5
13619,3,0.0,0.0,1.0,c5,c5
13620,5,0.0,1.0,0.0,c234,c234
13621,3,0.0,0.0,1.0,c1,c5
13622,3,0.0,0.0,1.0,c5,c5
13623,1,0.0,0.0,1.0,c234,c5
13624,4,0.0,0.0,1.0,c1,c5
13625,1,0.0,0.0,1.0,c234,c5
13626,1,0.0,0.0,1.0,c5,c5
13627,4,0.0,0.0,1.0,c5,c5
13628,3,0.0,0.0,1.0,c5,c5
13629,3,0.0,0.0,1.0,c234,c5
13630,3,0.0,0.0,1.0,c5,c5
13631,1,0.0,0.0,1.0,c5,c5
13632,4,0.0,0.0,1.0,c234,c5
13633,2,0.0,0.0,1.0,c1,c5
13634,4,0.0,0.0,1.0,c1,c5
13635,1,0.0,0.0,1.0,c1,c5
13636,5,0.0,1.0,0.0,c234,c234
13637,2,0.0,0.0,1.0,c5,c5
13638,4,0.0,0.0,1.0,c234,c5
13639,3,0.0,0.0,1.0,c5,c5
13640,4,0.0,0.0,1.0,c5,c5
13641,5,0.0,1.0,0.0,c234,c234
13642,3,0.0,0.0,1.0,c1,c5
13643,3,0.0,0.0,1.0,c5,c5
13644,2,0.0,0.0,1.0,c1,c5
13645,2,0.0,0.0,1.0,c1,c5
13646,2,0.0,0.0,1.0,c1,c5
13647,3,0.0,0.0,1.0,c234,c5
13648,5,0.0,1.0,0.0,c234,c234
13649,1,0.0,0.0,1.0,c1,c5
13650,5,0.0,1.0,0.0,c5,c234
13651,2,0.0,0.0,1.0,c5,c5
13652,2,0.0,0.0,1.0,c1,c5
13653,5,0.0,1.0,0.0,c1,c234
13654,2,0.0,0.0,1.0,c5,c5
13655,4,0.0,0.0,1.0,c234,c5
13656,4,0.0,0.0,1.0,c1,c5
13657,5,0.0,1.0,0.0,c234,c234
13658,2,0.0,0.0,1.0,c5,c5
13659,2,0.0,0.0,1.0,c5,c5
13660,4,0.0,0.0,1.0,c5,c5
13661,3,0.0,0.0,1.0,c1,c5
13662,2,0.0,0.0,1.0,c234,c5
13663,2,0.0,0.0,1.0,c5,c5
13664,3,0.0,0.0,1.0,c5,c5
13665,1,0.0,0.0,1.0,c234,c5
13666,5,0.0,1.0,0.0,c1,c234
13667,1,0.0,0.0,1.0,c5,c5
13668,5,0.0,1.0,0.0,c5,c234
13669,5,0.0,1.0,0.0,c234,c234
13670,1,0.0,0.0,1.0,c1,c5
13671,4,0.0,0.0,1.0,c234,c5
13672,1,0.0,0.0,1.0,c1,c5
13673,1,0.0,0.0,1.0,c5,c5
13674,3,0.0,0.0,1.0,c234,c5
13675,4,0.0,0.0,1.0,c5,c5
13676,5,0.0,1.0,0.0,c5,c234
13677,5,0.0,1.0,0.0,c1,c234
13678,5,0.0,1.0,0.0,c5,c234
13679,5,0.0,1.0,0.0,c234,c234
13680,5,0.0,1.0,0.0,c234,c234
13681,4,0.0,0.0,1.0,c5,c5
13682,3,0.0,0.0,1.0,c1,c5
13683,4,0.0,0.0,1.0,c234,c5
13684,3,0.0,0.0,1.0,c1,c5
13685,2,0.0,0.0,1.0,c1,c5
13686,2,0.0,0.0,1.0,c1,c5
13687,1,0.0,0.0,1.0,c234,c5
13688,3,0.0,0.0,1.0,c1,c5
13689,1,0.0,0.0,1.0,c234,c5
13690,1,0.0,0.0,1.0,c5,c5
13691,3,0.0,0.0,1.0,c234,c5
13692,4,0.0,0.0,1.0,c234,c5
13693,1,0.0,0.0,1.0,c5,c5
13694,1,0.0,0.0,1.0,c234,c5
13695,4,0.0,0.0,1.0,c234,c5
13696,5,0.0,1.0,0.0,c5,c234
13697,4,0.0,0.0,1.0,c5,c5
13698,5,0.0,1.0,0.0,c1,c234
13699,5,0.0,1.0,0.0,c1,c234
13700,5,0.0,1.0,0.0,c5,c234
13701,3,0.0,0.0,1.0,c5,c5
13702,4,0.0,0.0,1.0,c1,c5
13703,4,0.0,0.0,1.0,c1,c5
13704,4,0.0,0.0,1.0,c234,c5
13705,2,0.0,0.0,1.0,c5,c5
13706,3,0.0,0.0,1.0,c234,c5
13707,1,0.0,0.0,1.0,c5,c5
13708,2,0.0,0.0,1.0,c1,c5
13709,2,0.0,0.0,1.0,c5,c5
13710,2,0.0,0.0,1.0,c1,c5
13711,4,0.0,0.0,1.0,c5,c5
13712,5,0.0,1.0,0.0,c5,c234
13713,5,0.0,1.0,0.0,c234,c234
13714,2,0.0,0.0,1.0,c234,c5
13715,1,0.0,0.0,1.0,c1,c5
13716,1,0.0,0.0,1.0,c5,c5
13717,4,0.0,0.0,1.0,c5,c5
13718,5,0.0,1.0,0.0,c1,c234
13719,2,0.0,0.0,1.0,c1,c5
13720,3,0.0,0.0,1.0,c5,c5
13721,1,0.0,0.0,1.0,c1,c5
13722,5,0.0,1.0,0.0,c5,c234
13723,1,0.0,0.0,1.0,c5,c5
13724,2,0.0,0.0,1.0,c1,c5
13725,4,0.0,0.0,1.0,c1,c5
13726,1,0.0,0.0,1.0,c5,c5
13727,1,0.0,0.0,1.0,c5,c5
13728,1,0.0,0.0,1.0,c234,c5
13729,4,0.0,0.0,1.0,c5,c5
13730,5,0.0,1.0,0.0,c1,c234
13731,1,0.0,0.0,1.0,c5,c5
13732,2,0.0,0.0,1.0,c5,c5
13733,1,0.0,0.0,1.0,c1,c5
13734,4,0.0,0.0,1.0,c234,c5
13735,1,0.0,0.0,1.0,c5,c5
13736,2,0.0,0.0,1.0,c1,c5
13737,5,0.0,1.0,0.0,c5,c234
13738,5,0.0,1.0,0.0,c234,c234
13739,4,0.0,0.0,1.0,c234,c5
13740,3,0.0,0.0,1.0,c5,c5
13741,3,0.0,0.0,1.0,c234,c5
13742,5,0.0,1.0,0.0,c1,c234
13743,2,0.0,0.0,1.0,c5,c5
13744,3,0.0,0.0,1.0,c234,c5
13745,5,0.0,1.0,0.0,c1,c234
13746,5,0.0,1.0,0.0,c1,c234
13747,1,0.0,0.0,1.0,c5,c5
13748,2,0.0,0.0,1.0,c234,c5
13749,5,0.0,1.0,0.0,c5,c234
13750,3,0.0,0.0,1.0,c234,c5
13751,4,0.0,0.0,1.0,c1,c5
13752,3,0.0,0.0,1.0,c234,c5
13753,4,0.0,0.0,1.0,c5,c5
13754,5,0.0,1.0,0.0,c1,c234
13755,5,0.0,1.0,0.0,c5,c234
13756,2,0.0,0.0,1.0,c1,c5
13757,2,0.0,0.0,1.0,c234,c5
13758,3,0.0,0.0,1.0,c234,c5
13759,3,0.0,0.0,1.0,c234,c5
13760,3,0.0,0.0,1.0,c5,c5
13761,3,0.0,0.0,1.0,c234,c5
13762,3,0.0,0.0,1.0,c234,c5
13763,4,0.0,0.0,1.0,c1,c5
13764,3,0.0,0.0,1.0,c1,c5
13765,3,0.0,0.0,1.0,c1,c5
13766,1,0.0,0.0,1.0,c1,c5
13767,1,0.0,0.0,1.0,c5,c5
13768,1,0.0,0.0,1.0,c5,c5
13769,1,0.0,0.0,1.0,c234,c5
13770,4,0.0,0.0,1.0,c234,c5
13771,2,0.0,0.0,1.0,c234,c5
13772,5,0.0,1.0,0.0,c234,c234
13773,1,0.0,0.0,1.0,c234,c5
13774,1,0.0,0.0,1.0,c5,c5
13775,2,0.0,0.0,1.0,c1,c5
13776,3,0.0,0.0,1.0,c234,c5
13777,5,0.0,1.0,0.0,c234,c234
13778,2,0.0,0.0,1.0,c1,c5
13779,2,0.0,0.0,1.0,c5,c5
13780,1,0.0,0.0,1.0,c1,c5
13781,5,0.0,1.0,0.0,c234,c234
13782,2,0.0,0.0,1.0,c5,c5
13783,1,0.0,0.0,1.0,c234,c5
13784,4,0.0,0.0,1.0,c1,c5
13785,1,0.0,0.0,1.0,c234,c5
13786,3,0.0,0.0,1.0,c1,c5
13787,5,0.0,1.0,0.0,c234,c234
13788,3,0.0,0.0,1.0,c1,c5
13789,3,0.0,0.0,1.0,c5,c5
13790,2,0.0,0.0,1.0,c234,c5
13791,4,0.0,0.0,1.0,c5,c5
13792,3,0.0,0.0,1.0,c234,c5
13793,4,0.0,0.0,1.0,c234,c5
13794,3,0.0,0.0,1.0,c5,c5
13795,2,0.0,0.0,1.0,c1,c5
13796,5,0.0,1.0,0.0,c1,c234
13797,5,0.0,1.0,0.0,c5,c234
13798,4,0.0,0.0,1.0,c1,c5
13799,2,0.0,0.0,1.0,c5,c5
13800,1,0.0,0.0,1.0,c5,c5
13801,2,0.0,0.0,1.0,c234,c5
13802,5,0.0,1.0,0.0,c234,c234
13803,5,0.0,1.0,0.0,c1,c234
13804,4,0.0,0.0,1.0,c1,c5
13805,4,0.0,0.0,1.0,c234,c5
13806,4,0.0,0.0,1.0,c1,c5
13807,5,0.0,1.0,0.0,c5,c234
13808,1,0.0,0.0,1.0,c1,c5
13809,1,0.0,0.0,1.0,c1,c5
13810,3,0.0,0.0,1.0,c5,c5
13811,5,0.0,1.0,0.0,c234,c234
13812,5,0.0,1.0,0.0,c234,c234
13813,3,0.0,0.0,1.0,c1,c5
13814,5,0.0,1.0,0.0,c5,c234
13815,2,0.0,0.0,1.0,c5,c5
13816,4,0.0,0.0,1.0,c5,c5
13817,4,0.0,0.0,1.0,c5,c5
13818,5,0.0,1.0,0.0,c1,c234
13819,5,0.0,1.0,0.0,c234,c234
13820,4,0.0,0.0,1.0,c5,c5
13821,2,0.0,0.0,1.0,c1,c5
13822,2,0.0,0.0,1.0,c234,c5
13823,2,0.0,0.0,1.0,c5,c5
13824,1,0.0,0.0,1.0,c234,c5
13825,3,0.0,0.0,1.0,c234,c5
13826,2,0.0,0.0,1.0,c234,c5
13827,5,0.0,1.0,0.0,c1,c234
13828,4,0.0,0.0,1.0,c5,c5
13829,1,0.0,0.0,1.0,c1,c5
13830,3,0.0,0.0,1.0,c1,c5
13831,4,0.0,0.0,1.0,c1,c5
13832,3,0.0,0.0,1.0,c234,c5
13833,4,0.0,0.0,1.0,c5,c5
13834,4,0.0,0.0,1.0,c1,c5
13835,3,0.0,0.0,1.0,c5,c5
13836,5,0.0,1.0,0.0,c5,c234
13837,3,0.0,0.0,1.0,c5,c5
13838,3,0.0,0.0,1.0,c5,c5
13839,4,0.0,0.0,1.0,c1,c5
13840,2,0.0,0.0,1.0,c5,c5
13841,4,0.0,0.0,1.0,c1,c5
13842,5,0.0,1.0,0.0,c1,c234
13843,5,0.0,1.0,0.0,c5,c234
13844,1,0.0,0.0,1.0,c5,c5
13845,5,0.0,1.0,0.0,c234,c234
13846,1,0.0,0.0,1.0,c1,c5
13847,1,0.0,0.0,1.0,c234,c5
13848,3,0.0,0.0,1.0,c5,c5
13849,5,0.0,1.0,0.0,c234,c234
13850,4,0.0,0.0,1.0,c5,c5
13851,1,0.0,0.0,1.0,c234,c5
13852,4,0.0,0.0,1.0,c5,c5
13853,5,0.0,1.0,0.0,c1,c234
13854,1,0.0,0.0,1.0,c234,c5
13855,2,0.0,0.0,1.0,c234,c5
13856,3,0.0,0.0,1.0,c1,c5
13857,5,0.0,1.0,0.0,c1,c234
13858,1,0.0,0.0,1.0,c1,c5
13859,3,0.0,0.0,1.0,c234,c5
13860,3,0.0,0.0,1.0,c5,c5
13861,5,0.0,1.0,0.0,c234,c234
13862,5,0.0,1.0,0.0,c5,c234
13863,1,0.0,0.0,1.0,c5,c5
13864,1,0.0,0.0,1.0,c1,c5
13865,2,0.0,0.0,1.0,c5,c5
13866,3,0.0,0.0,1.0,c5,c5
13867,5,0.0,1.0,0.0,c5,c234
13868,4,0.0,0.0,1.0,c5,c5
13869,2,0.0,0.0,1.0,c5,c5
13870,2,0.0,0.0,1.0,c5,c5
13871,3,0.0,0.0,1.0,c234,c5
13872,1,0.0,0.0,1.0,c1,c5
13873,3,0.0,0.0,1.0,c234,c5
13874,2,0.0,0.0,1.0,c1,c5
13875,1,0.0,0.0,1.0,c5,c5
13876,3,0.0,0.0,1.0,c1,c5
13877,3,0.0,0.0,1.0,c5,c5
13878,1,0.0,0.0,1.0,c234,c5
13879,4,0.0,0.0,1.0,c1,c5
13880,4,0.0,0.0,1.0,c5,c5
13881,4,0.0,0.0,1.0,c5,c5
13882,2,0.0,0.0,1.0,c5,c5
13883,3,0.0,0.0,1.0,c5,c5
13884,2,0.0,0.0,1.0,c234,c5
13885,3,0.0,0.0,1.0,c234,c5
13886,2,0.0,0.0,1.0,c1,c5
13887,4,0.0,0.0,1.0,c5,c5
13888,1,0.0,0.0,1.0,c5,c5
13889,2,0.0,0.0,1.0,c5,c5
13890,3,0.0,0.0,1.0,c5,c5
13891,3,0.0,0.0,1.0,c234,c5
13892,4,0.0,0.0,1.0,c234,c5
13893,5,0.0,1.0,0.0,c5,c234
13894,5,0.0,1.0,0.0,c1,c234
13895,4,0.0,0.0,1.0,c1,c5
13896,1,0.0,0.0,1.0,c1,c5
13897,5,0.0,1.0,0.0,c5,c234
13898,2,0.0,0.0,1.0,c5,c5
13899,3,0.0,0.0,1.0,c234,c5
13900,3,0.0,0.0,1.0,c234,c5
13901,3,0.0,0.0,1.0,c234,c5
13902,2,0.0,0.0,1.0,c234,c5
13903,3,0.0,0.0,1.0,c1,c5
13904,2,0.0,0.0,1.0,c234,c5
13905,5,0.0,1.0,0.0,c234,c234
13906,5,0.0,1.0,0.0,c1,c234
13907,2,0.0,0.0,1.0,c1,c5
13908,3,0.0,0.0,1.0,c5,c5
13909,1,0.0,0.0,1.0,c234,c5
13910,5,0.0,1.0,0.0,c5,c234
13911,2,0.0,0.0,1.0,c234,c5
13912,1,0.0,0.0,1.0,c234,c5
13913,3,0.0,0.0,1.0,c5,c5
13914,3,0.0,0.0,1.0,c5,c5
13915,4,0.0,0.0,1.0,c1,c5
13916,5,0.0,1.0,0.0,c5,c234
13917,1,0.0,0.0,1.0,c234,c5
13918,2,0.0,0.0,1.0,c1,c5
13919,4,0.0,0.0,1.0,c234,c5
13920,1,0.0,0.0,1.0,c5,c5
13921,5,0.0,1.0,0.0,c1,c234
13922,1,0.0,0.0,1.0,c5,c5
13923,1,0.0,0.0,1.0,c5,c5
13924,2,0.0,0.0,1.0,c1,c5
13925,3,0.0,0.0,1.0,c5,c5
13926,4,0.0,0.0,1.0,c5,c5
13927,1,0.0,0.0,1.0,c5,c5
13928,2,0.0,0.0,1.0,c1,c5
13929,3,0.0,0.0,1.0,c5,c5
13930,4,0.0,0.0,1.0,c234,c5
13931,4,0.0,0.0,1.0,c1,c5
13932,3,0.0,0.0,1.0,c1,c5
13933,1,0.0,0.0,1.0,c234,c5
13934,4,0.0,0.0,1.0,c234,c5
13935,2,0.0,0.0,1.0,c234,c5
13936,1,0.0,0.0,1.0,c5,c5
13937,1,0.0,0.0,1.0,c5,c5
13938,4,0.0,0.0,1.0,c234,c5
13939,3,0.0,0.0,1.0,c5,c5
13940,3,0.0,0.0,1.0,c1,c5
13941,4,0.0,0.0,1.0,c234,c5
13942,5,0.0,1.0,0.0,c1,c234
13943,2,0.0,0.0,1.0,c234,c5
13944,2,0.0,0.0,1.0,c5,c5
13945,2,0.0,0.0,1.0,c5,c5
13946,1,0.0,0.0,1.0,c1,c5
13947,5,0.0,1.0,0.0,c1,c234
13948,1,0.0,0.0,1.0,c5,c5
13949,2,0.0,0.0,1.0,c1,c5
13950,2,0.0,0.0,1.0,c5,c5
13951,1,0.0,0.0,1.0,c1,c5
13952,1,0.0,0.0,1.0,c5,c5
13953,2,0.0,0.0,1.0,c5,c5
13954,5,0.0,1.0,0.0,c234,c234
13955,3,0.0,0.0,1.0,c5,c5
13956,2,0.0,0.0,1.0,c1,c5
13957,4,0.0,0.0,1.0,c1,c5
13958,3,0.0,0.0,1.0,c1,c5
13959,5,0.0,1.0,0.0,c1,c234
13960,3,0.0,0.0,1.0,c1,c5
13961,4,0.0,0.0,1.0,c5,c5
13962,1,0.0,0.0,1.0,c1,c5
13963,3,0.0,0.0,1.0,c1,c5
13964,2,0.0,0.0,1.0,c5,c5
13965,2,0.0,0.0,1.0,c1,c5
13966,1,0.0,0.0,1.0,c5,c5
13967,2,0.0,0.0,1.0,c5,c5
13968,3,0.0,0.0,1.0,c234,c5
13969,3,0.0,0.0,1.0,c234,c5
13970,3,0.0,0.0,1.0,c234,c5
13971,4,0.0,0.0,1.0,c5,c5
13972,5,0.0,1.0,0.0,c5,c234
13973,5,0.0,1.0,0.0,c1,c234
13974,2,0.0,0.0,1.0,c234,c5
13975,5,0.0,1.0,0.0,c234,c234
13976,4,0.0,0.0,1.0,c234,c5
13977,4,0.0,0.0,1.0,c1,c5
13978,5,0.0,1.0,0.0,c1,c234
13979,5,0.0,1.0,0.0,c1,c234
13980,5,0.0,1.0,0.0,c234,c234
13981,5,0.0,1.0,0.0,c234,c234
13982,4,0.0,0.0,1.0,c1,c5
13983,5,0.0,1.0,0.0,c234,c234
13984,3,0.0,0.0,1.0,c5,c5
13985,3,0.0,0.0,1.0,c234,c5
13986,1,0.0,0.0,1.0,c234,c5
13987,2,0.0,0.0,1.0,c234,c5
13988,2,0.0,0.0,1.0,c5,c5
13989,3,0.0,0.0,1.0,c5,c5
13990,2,0.0,0.0,1.0,c1,c5
13991,1,0.0,0.0,1.0,c234,c5
13992,3,0.0,0.0,1.0,c5,c5
13993,4,0.0,0.0,1.0,c1,c5
13994,5,0.0,1.0,0.0,c234,c234
13995,1,0.0,0.0,1.0,c5,c5
13996,2,0.0,0.0,1.0,c234,c5
13997,4,0.0,0.0,1.0,c234,c5
13998,1,0.0,0.0,1.0,c1,c5
13999,2,0.0,0.0,1.0,c5,c5
14000,1,0.0,0.0,1.0,c5,c5
14001,3,0.0,0.0,1.0,c5,c5
14002,4,0.0,0.0,1.0,c1,c5
14003,4,0.0,0.0,1.0,c234,c5
14004,2,0.0,0.0,1.0,c234,c5
14005,1,0.0,0.0,1.0,c234,c5
14006,3,0.0,0.0,1.0,c5,c5
14007,3,0.0,0.0,1.0,c234,c5
14008,3,0.0,0.0,1.0,c234,c5
14009,5,0.0,1.0,0.0,c1,c234
14010,1,0.0,0.0,1.0,c234,c5
14011,4,0.0,0.0,1.0,c1,c5
14012,4,0.0,0.0,1.0,c5,c5
14013,1,0.0,0.0,1.0,c5,c5
14014,4,0.0,0.0,1.0,c234,c5
14015,2,0.0,0.0,1.0,c234,c5
14016,3,0.0,0.0,1.0,c1,c5
14017,5,0.0,1.0,0.0,c234,c234
14018,1,0.0,0.0,1.0,c234,c5
14019,3,0.0,0.0,1.0,c1,c5
14020,4,0.0,0.0,1.0,c234,c5
14021,1,0.0,0.0,1.0,c1,c5
14022,3,0.0,0.0,1.0,c5,c5
14023,3,0.0,0.0,1.0,c5,c5
14024,4,0.0,0.0,1.0,c1,c5
14025,5,0.0,1.0,0.0,c5,c234
14026,5,0.0,1.0,0.0,c234,c234
14027,2,0.0,0.0,1.0,c5,c5
14028,4,0.0,0.0,1.0,c5,c5
14029,4,0.0,0.0,1.0,c234,c5
14030,3,0.0,0.0,1.0,c234,c5
14031,3,0.0,0.0,1.0,c1,c5
14032,3,0.0,0.0,1.0,c234,c5
14033,1,0.0,0.0,1.0,c234,c5
14034,3,0.0,0.0,1.0,c1,c5
14035,3,0.0,0.0,1.0,c1,c5
14036,3,0.0,0.0,1.0,c1,c5
14037,3,0.0,0.0,1.0,c5,c5
14038,2,0.0,0.0,1.0,c234,c5
14039,3,0.0,0.0,1.0,c5,c5
14040,3,0.0,0.0,1.0,c5,c5
14041,5,0.0,1.0,0.0,c1,c234
14042,4,0.0,0.0,1.0,c1,c5
14043,4,0.0,0.0,1.0,c5,c5
14044,1,0.0,0.0,1.0,c234,c5
14045,4,0.0,0.0,1.0,c1,c5
14046,3,0.0,0.0,1.0,c5,c5
14047,1,0.0,0.0,1.0,c234,c5
14048,5,0.0,1.0,0.0,c1,c234
14049,2,0.0,0.0,1.0,c234,c5
14050,3,0.0,0.0,1.0,c5,c5
14051,1,0.0,0.0,1.0,c234,c5
14052,5,0.0,1.0,0.0,c1,c234
14053,4,0.0,0.0,1.0,c1,c5
14054,4,0.0,0.0,1.0,c5,c5
14055,5,0.0,1.0,0.0,c1,c234
14056,5,0.0,1.0,0.0,c5,c234
14057,5,0.0,1.0,0.0,c234,c234
14058,1,0.0,0.0,1.0,c1,c5
14059,5,0.0,1.0,0.0,c234,c234
14060,5,0.0,1.0,0.0,c1,c234
14061,4,0.0,0.0,1.0,c234,c5
14062,3,0.0,0.0,1.0,c5,c5
14063,5,0.0,1.0,0.0,c1,c234
14064,2,0.0,0.0,1.0,c5,c5
14065,1,0.0,0.0,1.0,c234,c5
14066,4,0.0,0.0,1.0,c1,c5
14067,5,0.0,1.0,0.0,c1,c234
14068,2,0.0,0.0,1.0,c234,c5
14069,5,0.0,1.0,0.0,c1,c234
14070,4,0.0,0.0,1.0,c1,c5
14071,2,0.0,0.0,1.0,c5,c5
14072,5,0.0,1.0,0.0,c234,c234
14073,1,0.0,0.0,1.0,c234,c5
14074,1,0.0,0.0,1.0,c234,c5
14075,4,0.0,0.0,1.0,c1,c5
14076,3,0.0,0.0,1.0,c1,c5
14077,1,0.0,0.0,1.0,c1,c5
14078,3,0.0,0.0,1.0,c5,c5
14079,2,0.0,0.0,1.0,c1,c5
14080,2,0.0,0.0,1.0,c5,c5
14081,2,0.0,0.0,1.0,c1,c5
14082,3,0.0,0.0,1.0,c5,c5
14083,2,0.0,0.0,1.0,c5,c5
14084,3,0.0,0.0,1.0,c5,c5
14085,2,0.0,0.0,1.0,c234,c5
14086,3,0.0,0.0,1.0,c1,c5
14087,1,0.0,0.0,1.0,c1,c5
14088,1,0.0,0.0,1.0,c5,c5
14089,1,0.0,0.0,1.0,c1,c5
14090,2,0.0,0.0,1.0,c5,c5
14091,2,0.0,0.0,1.0,c1,c5
14092,1,0.0,0.0,1.0,c5,c5
14093,2,0.0,0.0,1.0,c5,c5
14094,5,0.0,1.0,0.0,c234,c234
14095,1,0.0,0.0,1.0,c234,c5
14096,4,0.0,0.0,1.0,c1,c5
14097,3,0.0,0.0,1.0,c1,c5
14098,4,0.0,0.0,1.0,c5,c5
14099,3,0.0,0.0,1.0,c5,c5
14100,2,0.0,0.0,1.0,c5,c5
14101,2,0.0,0.0,1.0,c234,c5
14102,2,0.0,0.0,1.0,c234,c5
14103,3,0.0,0.0,1.0,c1,c5
14104,4,0.0,0.0,1.0,c234,c5
14105,3,0.0,0.0,1.0,c1,c5
14106,3,0.0,0.0,1.0,c1,c5
14107,5,0.0,1.0,0.0,c234,c234
14108,2,0.0,0.0,1.0,c1,c5
14109,5,0.0,1.0,0.0,c1,c234
14110,2,0.0,0.0,1.0,c234,c5
14111,3,0.0,0.0,1.0,c5,c5
14112,2,0.0,0.0,1.0,c5,c5
14113,4,0.0,0.0,1.0,c234,c5
14114,5,0.0,1.0,0.0,c5,c234
14115,2,0.0,0.0,1.0,c234,c5
14116,4,0.0,0.0,1.0,c5,c5
14117,5,0.0,1.0,0.0,c5,c234
14118,2,0.0,0.0,1.0,c5,c5
14119,5,0.0,1.0,0.0,c234,c234
14120,4,0.0,0.0,1.0,c5,c5
14121,2,0.0,0.0,1.0,c234,c5
14122,1,0.0,0.0,1.0,c234,c5
14123,2,0.0,0.0,1.0,c5,c5
14124,1,0.0,0.0,1.0,c5,c5
14125,2,0.0,0.0,1.0,c1,c5
14126,5,0.0,1.0,0.0,c1,c234
14127,4,0.0,0.0,1.0,c234,c5
14128,3,0.0,0.0,1.0,c234,c5
14129,1,0.0,0.0,1.0,c1,c5
14130,3,0.0,0.0,1.0,c234,c5
14131,2,0.0,0.0,1.0,c5,c5
14132,3,0.0,0.0,1.0,c5,c5
14133,4,0.0,0.0,1.0,c5,c5
14134,1,0.0,0.0,1.0,c234,c5
14135,5,0.0,1.0,0.0,c5,c234
14136,4,0.0,0.0,1.0,c5,c5
14137,4,0.0,0.0,1.0,c5,c5
14138,5,0.0,1.0,0.0,c1,c234
14139,3,0.0,0.0,1.0,c1,c5
14140,5,0.0,1.0,0.0,c234,c234
14141,2,0.0,0.0,1.0,c1,c5
14142,1,0.0,0.0,1.0,c234,c5
14143,3,0.0,0.0,1.0,c234,c5
14144,5,0.0,1.0,0.0,c234,c234
14145,1,0.0,0.0,1.0,c234,c5
14146,1,0.0,0.0,1.0,c234,c5
14147,3,0.0,0.0,1.0,c234,c5
14148,1,0.0,0.0,1.0,c5,c5
14149,1,0.0,0.0,1.0,c1,c5
14150,5,0.0,1.0,0.0,c234,c234
14151,4,0.0,0.0,1.0,c5,c5
14152,2,0.0,0.0,1.0,c1,c5
14153,2,0.0,0.0,1.0,c1,c5
14154,2,0.0,0.0,1.0,c1,c5
14155,3,0.0,0.0,1.0,c1,c5
14156,2,0.0,0.0,1.0,c1,c5
14157,1,0.0,0.0,1.0,c234,c5
14158,1,0.0,0.0,1.0,c234,c5
14159,4,0.0,0.0,1.0,c1,c5
14160,1,0.0,0.0,1.0,c234,c5
14161,3,0.0,0.0,1.0,c234,c5
14162,1,0.0,0.0,1.0,c1,c5
14163,1,0.0,0.0,1.0,c1,c5
14164,2,0.0,0.0,1.0,c5,c5
14165,3,0.0,0.0,1.0,c5,c5
14166,2,0.0,0.0,1.0,c234,c5
14167,4,0.0,0.0,1.0,c234,c5
14168,3,0.0,0.0,1.0,c1,c5
14169,1,0.0,0.0,1.0,c234,c5
14170,5,0.0,1.0,0.0,c1,c234
14171,3,0.0,0.0,1.0,c1,c5
14172,1,0.0,0.0,1.0,c234,c5
14173,2,0.0,0.0,1.0,c5,c5
14174,5,0.0,1.0,0.0,c1,c234
14175,2,0.0,0.0,1.0,c1,c5
14176,5,0.0,1.0,0.0,c1,c234
14177,2,0.0,0.0,1.0,c5,c5
14178,5,0.0,1.0,0.0,c234,c234
14179,5,0.0,1.0,0.0,c5,c234
14180,3,0.0,0.0,1.0,c1,c5
14181,5,0.0,1.0,0.0,c5,c234
14182,5,0.0,1.0,0.0,c5,c234
14183,4,0.0,0.0,1.0,c1,c5
14184,2,0.0,0.0,1.0,c5,c5
14185,1,0.0,0.0,1.0,c234,c5
14186,5,0.0,1.0,0.0,c234,c234
14187,2,0.0,0.0,1.0,c234,c5
14188,3,0.0,0.0,1.0,c1,c5
14189,4,0.0,0.0,1.0,c5,c5
14190,4,0.0,0.0,1.0,c1,c5
14191,1,0.0,0.0,1.0,c234,c5
14192,4,0.0,0.0,1.0,c234,c5
14193,3,0.0,0.0,1.0,c1,c5
14194,1,0.0,0.0,1.0,c5,c5
14195,1,0.0,0.0,1.0,c1,c5
14196,1,0.0,0.0,1.0,c234,c5
14197,5,0.0,1.0,0.0,c1,c234
14198,4,0.0,0.0,1.0,c1,c5
14199,1,0.0,0.0,1.0,c1,c5
14200,2,0.0,0.0,1.0,c1,c5
14201,2,0.0,0.0,1.0,c234,c5
14202,2,0.0,0.0,1.0,c1,c5
14203,2,0.0,0.0,1.0,c5,c5
14204,4,0.0,0.0,1.0,c5,c5
14205,3,0.0,0.0,1.0,c1,c5
14206,3,0.0,0.0,1.0,c5,c5
14207,2,0.0,0.0,1.0,c1,c5
14208,2,0.0,0.0,1.0,c5,c5
14209,4,0.0,0.0,1.0,c234,c5
14210,5,0.0,1.0,0.0,c1,c234
14211,2,0.0,0.0,1.0,c1,c5
14212,3,0.0,0.0,1.0,c1,c5
14213,5,0.0,1.0,0.0,c1,c234
14214,1,0.0,0.0,1.0,c5,c5
14215,4,0.0,0.0,1.0,c5,c5
14216,1,0.0,0.0,1.0,c234,c5
14217,4,0.0,0.0,1.0,c5,c5
14218,5,0.0,1.0,0.0,c5,c234
14219,5,0.0,1.0,0.0,c1,c234
14220,5,0.0,1.0,0.0,c234,c234
14221,1,0.0,0.0,1.0,c1,c5
14222,2,0.0,0.0,1.0,c234,c5
14223,5,0.0,1.0,0.0,c1,c234
14224,4,0.0,0.0,1.0,c234,c5
14225,3,0.0,0.0,1.0,c1,c5
14226,4,0.0,0.0,1.0,c234,c5
14227,4,0.0,0.0,1.0,c5,c5
14228,4,0.0,0.0,1.0,c1,c5
14229,2,0.0,0.0,1.0,c5,c5
14230,3,0.0,0.0,1.0,c234,c5
14231,1,0.0,0.0,1.0,c234,c5
14232,2,0.0,0.0,1.0,c1,c5
14233,5,0.0,1.0,0.0,c5,c234
14234,2,0.0,0.0,1.0,c1,c5
14235,4,0.0,0.0,1.0,c234,c5
14236,1,0.0,0.0,1.0,c234,c5
14237,1,0.0,0.0,1.0,c5,c5
14238,3,0.0,0.0,1.0,c1,c5
14239,3,0.0,0.0,1.0,c5,c5
14240,2,0.0,0.0,1.0,c5,c5
14241,1,0.0,0.0,1.0,c234,c5
14242,5,0.0,1.0,0.0,c234,c234
14243,2,0.0,0.0,1.0,c1,c5
14244,1,0.0,0.0,1.0,c5,c5
14245,3,0.0,0.0,1.0,c5,c5
14246,1,0.0,0.0,1.0,c5,c5
14247,5,0.0,1.0,0.0,c1,c234
14248,5,0.0,1.0,0.0,c5,c234
14249,3,0.0,0.0,1.0,c5,c5
14250,3,0.0,0.0,1.0,c234,c5
14251,4,0.0,0.0,1.0,c234,c5
14252,2,0.0,0.0,1.0,c1,c5
14253,5,0.0,1.0,0.0,c1,c234
14254,5,0.0,1.0,0.0,c5,c234
14255,2,0.0,0.0,1.0,c1,c5
14256,1,0.0,0.0,1.0,c234,c5
14257,4,0.0,0.0,1.0,c234,c5
14258,4,0.0,0.0,1.0,c1,c5
14259,1,0.0,0.0,1.0,c1,c5
14260,4,0.0,0.0,1.0,c1,c5
14261,1,0.0,0.0,1.0,c1,c5
14262,3,0.0,0.0,1.0,c234,c5
14263,1,0.0,0.0,1.0,c1,c5
14264,5,0.0,1.0,0.0,c234,c234
14265,4,0.0,0.0,1.0,c1,c5
14266,2,0.0,0.0,1.0,c1,c5
14267,1,0.0,0.0,1.0,c5,c5
14268,1,0.0,0.0,1.0,c5,c5
14269,3,0.0,0.0,1.0,c1,c5
14270,4,0.0,0.0,1.0,c5,c5
14271,2,0.0,0.0,1.0,c1,c5
14272,3,0.0,0.0,1.0,c1,c5
14273,5,0.0,1.0,0.0,c234,c234
14274,1,0.0,0.0,1.0,c5,c5
14275,2,0.0,0.0,1.0,c5,c5
14276,1,0.0,0.0,1.0,c1,c5
14277,5,0.0,1.0,0.0,c5,c234
14278,3,0.0,0.0,1.0,c1,c5
14279,2,0.0,0.0,1.0,c234,c5
14280,4,0.0,0.0,1.0,c5,c5
14281,3,0.0,0.0,1.0,c5,c5
14282,1,0.0,0.0,1.0,c234,c5
14283,5,0.0,1.0,0.0,c234,c234
14284,2,0.0,0.0,1.0,c5,c5
14285,1,0.0,0.0,1.0,c5,c5
14286,2,0.0,0.0,1.0,c5,c5
14287,3,0.0,0.0,1.0,c5,c5
14288,5,0.0,1.0,0.0,c234,c234
14289,1,0.0,0.0,1.0,c5,c5
14290,2,0.0,0.0,1.0,c5,c5
14291,2,0.0,0.0,1.0,c5,c5
14292,1,0.0,0.0,1.0,c1,c5
14293,5,0.0,1.0,0.0,c1,c234
14294,1,0.0,0.0,1.0,c5,c5
14295,1,0.0,0.0,1.0,c234,c5
14296,1,0.0,0.0,1.0,c234,c5
14297,4,0.0,0.0,1.0,c1,c5
14298,1,0.0,0.0,1.0,c234,c5
14299,1,0.0,0.0,1.0,c234,c5
14300,5,0.0,1.0,0.0,c234,c234
14301,5,0.0,1.0,0.0,c234,c234
14302,2,0.0,0.0,1.0,c5,c5
14303,1,0.0,0.0,1.0,c1,c5
14304,2,0.0,0.0,1.0,c234,c5
14305,4,0.0,0.0,1.0,c234,c5
14306,5,0.0,1.0,0.0,c1,c234
14307,2,0.0,0.0,1.0,c234,c5
14308,1,0.0,0.0,1.0,c1,c5
14309,4,0.0,0.0,1.0,c234,c5
14310,5,0.0,1.0,0.0,c234,c234
14311,1,0.0,0.0,1.0,c5,c5
14312,5,0.0,1.0,0.0,c5,c234
14313,2,0.0,0.0,1.0,c234,c5
14314,3,0.0,0.0,1.0,c1,c5
14315,5,0.0,1.0,0.0,c234,c234
14316,4,0.0,0.0,1.0,c1,c5
14317,1,0.0,0.0,1.0,c5,c5
14318,5,0.0,1.0,0.0,c234,c234
14319,5,0.0,1.0,0.0,c5,c234
14320,5,0.0,1.0,0.0,c234,c234
14321,3,0.0,0.0,1.0,c5,c5
14322,3,0.0,0.0,1.0,c234,c5
14323,2,0.0,0.0,1.0,c234,c5
14324,3,0.0,0.0,1.0,c234,c5
14325,1,0.0,0.0,1.0,c1,c5
14326,2,0.0,0.0,1.0,c5,c5
14327,4,0.0,0.0,1.0,c5,c5
14328,2,0.0,0.0,1.0,c1,c5
14329,4,0.0,0.0,1.0,c1,c5
14330,5,0.0,1.0,0.0,c234,c234
14331,4,0.0,0.0,1.0,c5,c5
14332,2,0.0,0.0,1.0,c234,c5
14333,5,0.0,1.0,0.0,c1,c234
14334,5,0.0,1.0,0.0,c1,c234
14335,1,0.0,0.0,1.0,c5,c5
14336,1,0.0,0.0,1.0,c1,c5
14337,3,0.0,0.0,1.0,c5,c5
14338,3,0.0,0.0,1.0,c234,c5
14339,3,0.0,0.0,1.0,c5,c5
14340,4,0.0,0.0,1.0,c1,c5
14341,2,0.0,0.0,1.0,c5,c5
14342,5,0.0,1.0,0.0,c234,c234
14343,4,0.0,0.0,1.0,c1,c5
14344,2,0.0,0.0,1.0,c234,c5
14345,2,0.0,0.0,1.0,c1,c5
14346,2,0.0,0.0,1.0,c234,c5
14347,1,0.0,0.0,1.0,c234,c5
14348,4,0.0,0.0,1.0,c1,c5
14349,5,0.0,1.0,0.0,c234,c234
14350,1,0.0,0.0,1.0,c1,c5
14351,3,0.0,0.0,1.0,c5,c5
14352,1,0.0,0.0,1.0,c5,c5
14353,2,0.0,0.0,1.0,c5,c5
14354,3,0.0,0.0,1.0,c5,c5
14355,2,0.0,0.0,1.0,c234,c5
14356,1,0.0,0.0,1.0,c1,c5
14357,1,0.0,0.0,1.0,c234,c5
14358,1,0.0,0.0,1.0,c234,c5
14359,5,0.0,1.0,0.0,c234,c234
14360,1,0.0,0.0,1.0,c5,c5
14361,1,0.0,0.0,1.0,c5,c5
14362,1,0.0,0.0,1.0,c1,c5
14363,3,0.0,0.0,1.0,c234,c5
14364,2,0.0,0.0,1.0,c1,c5
14365,4,0.0,0.0,1.0,c5,c5
14366,4,0.0,0.0,1.0,c5,c5
14367,3,0.0,0.0,1.0,c234,c5
14368,4,0.0,0.0,1.0,c5,c5
14369,4,0.0,0.0,1.0,c5,c5
14370,2,0.0,0.0,1.0,c1,c5
14371,4,0.0,0.0,1.0,c234,c5
14372,3,0.0,0.0,1.0,c1,c5
14373,2,0.0,0.0,1.0,c1,c5
14374,4,0.0,0.0,1.0,c234,c5
14375,3,0.0,0.0,1.0,c234,c5
14376,4,0.0,0.0,1.0,c1,c5
14377,4,0.0,0.0,1.0,c5,c5
14378,3,0.0,0.0,1.0,c5,c5
14379,2,0.0,0.0,1.0,c5,c5
14380,1,0.0,0.0,1.0,c5,c5
14381,5,0.0,1.0,0.0,c5,c234
14382,5,0.0,1.0,0.0,c5,c234
14383,4,0.0,0.0,1.0,c5,c5
14384,3,0.0,0.0,1.0,c234,c5
14385,5,0.0,1.0,0.0,c5,c234
14386,4,0.0,0.0,1.0,c1,c5
14387,3,0.0,0.0,1.0,c234,c5
14388,4,0.0,0.0,1.0,c234,c5
14389,4,0.0,0.0,1.0,c5,c5
14390,3,0.0,0.0,1.0,c1,c5
14391,3,0.0,0.0,1.0,c1,c5
14392,2,0.0,0.0,1.0,c234,c5
14393,1,0.0,0.0,1.0,c5,c5
14394,4,0.0,0.0,1.0,c1,c5
14395,5,0.0,1.0,0.0,c234,c234
14396,5,0.0,1.0,0.0,c1,c234
14397,5,0.0,1.0,0.0,c5,c234
14398,4,0.0,0.0,1.0,c5,c5
14399,4,0.0,0.0,1.0,c1,c5
14400,4,0.0,0.0,1.0,c234,c5
14401,3,0.0,0.0,1.0,c5,c5
14402,3,0.0,0.0,1.0,c234,c5
14403,3,0.0,0.0,1.0,c5,c5
14404,1,0.0,0.0,1.0,c234,c5
14405,2,0.0,0.0,1.0,c1,c5
14406,1,0.0,0.0,1.0,c5,c5
14407,1,0.0,0.0,1.0,c1,c5
14408,5,0.0,1.0,0.0,c5,c234
14409,2,0.0,0.0,1.0,c1,c5
14410,5,0.0,1.0,0.0,c234,c234
14411,3,0.0,0.0,1.0,c234,c5
14412,5,0.0,1.0,0.0,c234,c234
14413,2,0.0,0.0,1.0,c1,c5
14414,5,0.0,1.0,0.0,c1,c234
14415,4,0.0,0.0,1.0,c5,c5
14416,2,0.0,0.0,1.0,c5,c5
14417,3,0.0,0.0,1.0,c5,c5
14418,4,0.0,0.0,1.0,c1,c5
14419,2,0.0,0.0,1.0,c5,c5
14420,5,0.0,1.0,0.0,c5,c234
14421,2,0.0,0.0,1.0,c5,c5
14422,2,0.0,0.0,1.0,c234,c5
14423,5,0.0,1.0,0.0,c1,c234
14424,1,0.0,0.0,1.0,c1,c5
14425,4,0.0,0.0,1.0,c234,c5
14426,1,0.0,0.0,1.0,c1,c5
14427,4,0.0,0.0,1.0,c234,c5
14428,3,0.0,0.0,1.0,c5,c5
14429,5,0.0,1.0,0.0,c1,c234
14430,1,0.0,0.0,1.0,c5,c5
14431,4,0.0,0.0,1.0,c1,c5
14432,4,0.0,0.0,1.0,c1,c5
14433,1,0.0,0.0,1.0,c5,c5
14434,1,0.0,0.0,1.0,c5,c5
14435,4,0.0,0.0,1.0,c234,c5
14436,4,0.0,0.0,1.0,c1,c5
14437,3,0.0,0.0,1.0,c5,c5
14438,3,0.0,0.0,1.0,c5,c5
14439,2,0.0,0.0,1.0,c234,c5
14440,2,0.0,0.0,1.0,c1,c5
14441,1,0.0,0.0,1.0,c5,c5
14442,1,0.0,0.0,1.0,c234,c5
14443,3,0.0,0.0,1.0,c5,c5
14444,3,0.0,0.0,1.0,c234,c5
14445,1,0.0,0.0,1.0,c5,c5
14446,3,0.0,0.0,1.0,c1,c5
14447,4,0.0,0.0,1.0,c1,c5
14448,3,0.0,0.0,1.0,c1,c5
14449,3,0.0,0.0,1.0,c234,c5
14450,2,0.0,0.0,1.0,c1,c5
14451,5,0.0,1.0,0.0,c1,c234
14452,3,0.0,0.0,1.0,c5,c5
14453,5,0.0,1.0,0.0,c234,c234
14454,1,0.0,0.0,1.0,c1,c5
14455,1,0.0,0.0,1.0,c234,c5
14456,5,0.0,1.0,0.0,c5,c234
14457,3,0.0,0.0,1.0,c1,c5
14458,3,0.0,0.0,1.0,c234,c5
14459,2,0.0,0.0,1.0,c234,c5
14460,1,0.0,0.0,1.0,c1,c5
14461,4,0.0,0.0,1.0,c5,c5
14462,5,0.0,1.0,0.0,c234,c234
14463,1,0.0,0.0,1.0,c234,c5
14464,2,0.0,0.0,1.0,c1,c5
14465,3,0.0,0.0,1.0,c1,c5
14466,3,0.0,0.0,1.0,c5,c5
14467,1,0.0,0.0,1.0,c5,c5
14468,5,0.0,1.0,0.0,c234,c234
14469,5,0.0,1.0,0.0,c234,c234
14470,4,0.0,0.0,1.0,c234,c5
14471,2,0.0,0.0,1.0,c1,c5
14472,5,0.0,1.0,0.0,c5,c234
14473,2,0.0,0.0,1.0,c5,c5
14474,2,0.0,0.0,1.0,c234,c5
14475,2,0.0,0.0,1.0,c234,c5
14476,4,0.0,0.0,1.0,c234,c5
14477,4,0.0,0.0,1.0,c234,c5
14478,2,0.0,0.0,1.0,c1,c5
14479,5,0.0,1.0,0.0,c5,c234
14480,4,0.0,0.0,1.0,c5,c5
14481,2,0.0,0.0,1.0,c1,c5
14482,5,0.0,1.0,0.0,c1,c234
14483,3,0.0,0.0,1.0,c1,c5
14484,3,0.0,0.0,1.0,c5,c5
14485,1,0.0,0.0,1.0,c1,c5
14486,1,0.0,0.0,1.0,c1,c5
14487,4,0.0,0.0,1.0,c5,c5
14488,3,0.0,0.0,1.0,c1,c5
14489,2,0.0,0.0,1.0,c1,c5
14490,4,0.0,0.0,1.0,c234,c5
14491,4,0.0,0.0,1.0,c234,c5
14492,4,0.0,0.0,1.0,c1,c5
14493,3,0.0,0.0,1.0,c234,c5
14494,3,0.0,0.0,1.0,c234,c5
14495,3,0.0,0.0,1.0,c234,c5
14496,4,0.0,0.0,1.0,c234,c5
14497,4,0.0,0.0,1.0,c1,c5
14498,5,0.0,1.0,0.0,c234,c234
14499,2,0.0,0.0,1.0,c1,c5
14500,2,0.0,0.0,1.0,c1,c5
14501,1,0.0,0.0,1.0,c234,c5
14502,2,0.0,0.0,1.0,c5,c5
14503,4,0.0,0.0,1.0,c1,c5
14504,3,0.0,0.0,1.0,c5,c5
14505,3,0.0,0.0,1.0,c234,c5
14506,4,0.0,0.0,1.0,c5,c5
14507,5,0.0,1.0,0.0,c5,c234
14508,2,0.0,0.0,1.0,c234,c5
14509,2,0.0,0.0,1.0,c234,c5
14510,4,0.0,0.0,1.0,c1,c5
14511,4,0.0,0.0,1.0,c234,c5
14512,4,0.0,0.0,1.0,c1,c5
14513,5,0.0,1.0,0.0,c234,c234
14514,2,0.0,0.0,1.0,c234,c5
14515,1,0.0,0.0,1.0,c5,c5
14516,4,0.0,0.0,1.0,c5,c5
14517,2,0.0,0.0,1.0,c1,c5
14518,4,0.0,0.0,1.0,c5,c5
14519,1,0.0,0.0,1.0,c5,c5
14520,1,0.0,0.0,1.0,c1,c5
14521,1,0.0,0.0,1.0,c234,c5
14522,2,0.0,0.0,1.0,c1,c5
14523,1,0.0,0.0,1.0,c234,c5
14524,5,0.0,1.0,0.0,c234,c234
14525,5,0.0,1.0,0.0,c1,c234
14526,3,0.0,0.0,1.0,c234,c5
14527,4,0.0,0.0,1.0,c5,c5
14528,3,0.0,0.0,1.0,c5,c5
14529,2,0.0,0.0,1.0,c1,c5
14530,1,0.0,0.0,1.0,c234,c5
14531,4,0.0,0.0,1.0,c1,c5
14532,3,0.0,0.0,1.0,c5,c5
14533,2,0.0,0.0,1.0,c1,c5
14534,1,0.0,0.0,1.0,c1,c5
14535,1,0.0,0.0,1.0,c5,c5
14536,3,0.0,0.0,1.0,c234,c5
14537,5,0.0,1.0,0.0,c234,c234
14538,3,0.0,0.0,1.0,c234,c5
14539,4,0.0,0.0,1.0,c234,c5
14540,5,0.0,1.0,0.0,c1,c234
14541,4,0.0,0.0,1.0,c234,c5
14542,3,0.0,0.0,1.0,c234,c5
14543,5,0.0,1.0,0.0,c234,c234
14544,1,0.0,0.0,1.0,c234,c5
14545,1,0.0,0.0,1.0,c234,c5
14546,5,0.0,1.0,0.0,c234,c234
14547,1,0.0,0.0,1.0,c234,c5
14548,5,0.0,1.0,0.0,c1,c234
14549,2,0.0,0.0,1.0,c5,c5
14550,5,0.0,1.0,0.0,c5,c234
14551,4,0.0,0.0,1.0,c234,c5
14552,4,0.0,0.0,1.0,c5,c5
14553,2,0.0,0.0,1.0,c1,c5
14554,5,0.0,1.0,0.0,c5,c234
14555,2,0.0,0.0,1.0,c234,c5
14556,5,0.0,1.0,0.0,c234,c234
14557,5,0.0,1.0,0.0,c1,c234
14558,3,0.0,0.0,1.0,c234,c5
14559,2,0.0,0.0,1.0,c234,c5
14560,4,0.0,0.0,1.0,c1,c5
14561,3,0.0,0.0,1.0,c5,c5
14562,5,0.0,1.0,0.0,c1,c234
14563,4,0.0,0.0,1.0,c5,c5
14564,3,0.0,0.0,1.0,c1,c5
14565,3,0.0,0.0,1.0,c1,c5
14566,5,0.0,1.0,0.0,c1,c234
14567,4,0.0,0.0,1.0,c1,c5
14568,1,0.0,0.0,1.0,c5,c5
14569,4,0.0,0.0,1.0,c234,c5
14570,5,0.0,1.0,0.0,c1,c234
14571,1,0.0,0.0,1.0,c234,c5
14572,3,0.0,0.0,1.0,c5,c5
14573,5,0.0,1.0,0.0,c5,c234
14574,4,0.0,0.0,1.0,c234,c5
14575,2,0.0,0.0,1.0,c234,c5
14576,5,0.0,1.0,0.0,c1,c234
14577,2,0.0,0.0,1.0,c234,c5
14578,3,0.0,0.0,1.0,c1,c5
14579,2,0.0,0.0,1.0,c5,c5
14580,4,0.0,0.0,1.0,c5,c5
14581,2,0.0,0.0,1.0,c5,c5
14582,1,0.0,0.0,1.0,c5,c5
14583,5,0.0,1.0,0.0,c5,c234
14584,5,0.0,1.0,0.0,c5,c234
14585,5,0.0,1.0,0.0,c1,c234
14586,4,0.0,0.0,1.0,c5,c5
14587,3,0.0,0.0,1.0,c1,c5
14588,5,0.0,1.0,0.0,c234,c234
14589,2,0.0,0.0,1.0,c1,c5
14590,2,0.0,0.0,1.0,c1,c5
14591,1,0.0,0.0,1.0,c1,c5
14592,2,0.0,0.0,1.0,c1,c5
14593,2,0.0,0.0,1.0,c234,c5
14594,1,0.0,0.0,1.0,c5,c5
14595,4,0.0,0.0,1.0,c5,c5
14596,4,0.0,0.0,1.0,c5,c5
14597,5,0.0,1.0,0.0,c234,c234
14598,5,0.0,1.0,0.0,c1,c234
14599,2,0.0,0.0,1.0,c234,c5
14600,3,0.0,0.0,1.0,c1,c5
14601,3,0.0,0.0,1.0,c5,c5
14602,4,0.0,0.0,1.0,c5,c5
14603,2,0.0,0.0,1.0,c1,c5
14604,2,0.0,0.0,1.0,c234,c5
14605,5,0.0,1.0,0.0,c5,c234
14606,3,0.0,0.0,1.0,c1,c5
14607,1,0.0,0.0,1.0,c234,c5
14608,3,0.0,0.0,1.0,c5,c5
14609,5,0.0,1.0,0.0,c234,c234
14610,5,0.0,1.0,0.0,c234,c234
14611,4,0.0,0.0,1.0,c234,c5
14612,1,0.0,0.0,1.0,c234,c5
14613,1,0.0,0.0,1.0,c234,c5
14614,5,0.0,1.0,0.0,c1,c234
14615,4,0.0,0.0,1.0,c1,c5
14616,2,0.0,0.0,1.0,c5,c5
14617,1,0.0,0.0,1.0,c234,c5
14618,1,0.0,0.0,1.0,c5,c5
14619,2,0.0,0.0,1.0,c1,c5
14620,2,0.0,0.0,1.0,c1,c5
14621,4,0.0,0.0,1.0,c234,c5
14622,4,0.0,0.0,1.0,c234,c5
14623,4,0.0,0.0,1.0,c234,c5
14624,4,0.0,0.0,1.0,c1,c5
14625,1,0.0,0.0,1.0,c1,c5
14626,4,0.0,0.0,1.0,c5,c5
14627,5,0.0,1.0,0.0,c5,c234
14628,2,0.0,0.0,1.0,c234,c5
14629,5,0.0,1.0,0.0,c5,c234
14630,3,0.0,0.0,1.0,c234,c5
14631,5,0.0,1.0,0.0,c1,c234
14632,5,0.0,1.0,0.0,c5,c234
14633,1,0.0,0.0,1.0,c1,c5
14634,5,0.0,1.0,0.0,c234,c234
14635,4,0.0,0.0,1.0,c234,c5
14636,5,0.0,1.0,0.0,c5,c234
14637,4,0.0,0.0,1.0,c234,c5
14638,4,0.0,0.0,1.0,c1,c5
14639,2,0.0,0.0,1.0,c234,c5
14640,5,0.0,1.0,0.0,c1,c234
14641,5,0.0,1.0,0.0,c234,c234
14642,3,0.0,0.0,1.0,c1,c5
14643,1,0.0,0.0,1.0,c5,c5
14644,4,0.0,0.0,1.0,c1,c5
14645,1,0.0,0.0,1.0,c5,c5
14646,1,0.0,0.0,1.0,c1,c5
14647,2,0.0,0.0,1.0,c234,c5
14648,2,0.0,0.0,1.0,c5,c5
14649,4,0.0,0.0,1.0,c1,c5
14650,5,0.0,1.0,0.0,c234,c234
14651,5,0.0,1.0,0.0,c1,c234
14652,3,0.0,0.0,1.0,c234,c5
14653,1,0.0,0.0,1.0,c234,c5
14654,3,0.0,0.0,1.0,c234,c5
14655,4,0.0,0.0,1.0,c1,c5
14656,4,0.0,0.0,1.0,c1,c5
14657,3,0.0,0.0,1.0,c5,c5
14658,5,0.0,1.0,0.0,c1,c234
14659,2,0.0,0.0,1.0,c5,c5
14660,5,0.0,1.0,0.0,c234,c234
14661,4,0.0,0.0,1.0,c5,c5
14662,3,0.0,0.0,1.0,c1,c5
14663,5,0.0,1.0,0.0,c5,c234
14664,4,0.0,0.0,1.0,c234,c5
14665,2,0.0,0.0,1.0,c234,c5
14666,1,0.0,0.0,1.0,c234,c5
14667,4,0.0,0.0,1.0,c1,c5
14668,5,0.0,1.0,0.0,c234,c234
14669,3,0.0,0.0,1.0,c234,c5
14670,4,0.0,0.0,1.0,c5,c5
14671,3,0.0,0.0,1.0,c234,c5
14672,4,0.0,0.0,1.0,c234,c5
14673,4,0.0,0.0,1.0,c1,c5
14674,5,0.0,1.0,0.0,c5,c234
14675,2,0.0,0.0,1.0,c1,c5
14676,4,0.0,0.0,1.0,c1,c5
14677,2,0.0,0.0,1.0,c5,c5
14678,3,0.0,0.0,1.0,c1,c5
14679,3,0.0,0.0,1.0,c5,c5
14680,4,0.0,0.0,1.0,c234,c5
14681,2,0.0,0.0,1.0,c5,c5
14682,4,0.0,0.0,1.0,c234,c5
14683,4,0.0,0.0,1.0,c1,c5
14684,5,0.0,1.0,0.0,c5,c234
14685,4,0.0,0.0,1.0,c1,c5
14686,1,0.0,0.0,1.0,c1,c5
14687,1,0.0,0.0,1.0,c5,c5
14688,2,0.0,0.0,1.0,c1,c5
14689,5,0.0,1.0,0.0,c5,c234
14690,4,0.0,0.0,1.0,c5,c5
14691,5,0.0,1.0,0.0,c5,c234
14692,4,0.0,0.0,1.0,c5,c5
14693,5,0.0,1.0,0.0,c1,c234
14694,5,0.0,1.0,0.0,c234,c234
14695,1,0.0,0.0,1.0,c5,c5
14696,4,0.0,0.0,1.0,c234,c5
14697,5,0.0,1.0,0.0,c5,c234
14698,4,0.0,0.0,1.0,c1,c5
14699,2,0.0,0.0,1.0,c1,c5
14700,5,0.0,1.0,0.0,c234,c234
14701,5,0.0,1.0,0.0,c1,c234
14702,3,0.0,0.0,1.0,c234,c5
14703,5,0.0,1.0,0.0,c5,c234
14704,5,0.0,1.0,0.0,c1,c234
14705,1,0.0,0.0,1.0,c234,c5
14706,3,0.0,0.0,1.0,c5,c5
14707,4,0.0,0.0,1.0,c1,c5
14708,4,0.0,0.0,1.0,c5,c5
14709,1,0.0,0.0,1.0,c1,c5
14710,2,0.0,0.0,1.0,c1,c5
14711,5,0.0,1.0,0.0,c234,c234
14712,3,0.0,0.0,1.0,c5,c5
14713,3,0.0,0.0,1.0,c234,c5
14714,3,0.0,0.0,1.0,c234,c5
14715,3,0.0,0.0,1.0,c234,c5
14716,5,0.0,1.0,0.0,c234,c234
14717,4,0.0,0.0,1.0,c5,c5
14718,2,0.0,0.0,1.0,c234,c5
14719,2,0.0,0.0,1.0,c1,c5
14720,5,0.0,1.0,0.0,c5,c234
14721,5,0.0,1.0,0.0,c5,c234
14722,5,0.0,1.0,0.0,c234,c234
14723,4,0.0,0.0,1.0,c234,c5
14724,4,0.0,0.0,1.0,c5,c5
14725,4,0.0,0.0,1.0,c234,c5
14726,4,0.0,0.0,1.0,c5,c5
14727,4,0.0,0.0,1.0,c1,c5
14728,3,0.0,0.0,1.0,c5,c5
14729,5,0.0,1.0,0.0,c5,c234
14730,5,0.0,1.0,0.0,c234,c234
14731,1,0.0,0.0,1.0,c5,c5
14732,5,0.0,1.0,0.0,c1,c234
14733,1,0.0,0.0,1.0,c234,c5
14734,1,0.0,0.0,1.0,c234,c5
14735,5,0.0,1.0,0.0,c1,c234
14736,2,0.0,0.0,1.0,c234,c5
14737,3,0.0,0.0,1.0,c234,c5
14738,5,0.0,1.0,0.0,c234,c234
14739,5,0.0,1.0,0.0,c234,c234
14740,5,0.0,1.0,0.0,c1,c234
14741,4,0.0,0.0,1.0,c5,c5
14742,5,0.0,1.0,0.0,c1,c234
14743,4,0.0,0.0,1.0,c234,c5
14744,4,0.0,0.0,1.0,c5,c5
14745,3,0.0,0.0,1.0,c234,c5
14746,1,0.0,0.0,1.0,c5,c5
14747,4,0.0,0.0,1.0,c5,c5
14748,5,0.0,1.0,0.0,c234,c234
14749,4,0.0,0.0,1.0,c5,c5
14750,2,0.0,0.0,1.0,c1,c5
14751,3,0.0,0.0,1.0,c5,c5
14752,2,0.0,0.0,1.0,c1,c5
14753,2,0.0,0.0,1.0,c5,c5
14754,4,0.0,0.0,1.0,c1,c5
14755,4,0.0,0.0,1.0,c1,c5
14756,3,0.0,0.0,1.0,c1,c5
14757,3,0.0,0.0,1.0,c1,c5
14758,4,0.0,0.0,1.0,c234,c5
14759,1,0.0,0.0,1.0,c5,c5
14760,5,0.0,1.0,0.0,c1,c234
14761,2,0.0,0.0,1.0,c5,c5
14762,1,0.0,0.0,1.0,c234,c5
14763,5,0.0,1.0,0.0,c234,c234
14764,4,0.0,0.0,1.0,c1,c5
14765,4,0.0,0.0,1.0,c1,c5
14766,3,0.0,0.0,1.0,c5,c5
14767,1,0.0,0.0,1.0,c234,c5
14768,2,0.0,0.0,1.0,c1,c5
14769,4,0.0,0.0,1.0,c1,c5
14770,5,0.0,1.0,0.0,c5,c234
14771,1,0.0,0.0,1.0,c234,c5
14772,1,0.0,0.0,1.0,c5,c5
14773,2,0.0,0.0,1.0,c1,c5
14774,1,0.0,0.0,1.0,c234,c5
14775,3,0.0,0.0,1.0,c1,c5
14776,2,0.0,0.0,1.0,c1,c5
14777,3,0.0,0.0,1.0,c234,c5
14778,2,0.0,0.0,1.0,c1,c5
14779,3,0.0,0.0,1.0,c234,c5
14780,3,0.0,0.0,1.0,c1,c5
14781,5,0.0,1.0,0.0,c1,c234
14782,1,0.0,0.0,1.0,c5,c5
14783,1,0.0,0.0,1.0,c1,c5
14784,3,0.0,0.0,1.0,c1,c5
14785,1,0.0,0.0,1.0,c1,c5
14786,4,0.0,0.0,1.0,c234,c5
14787,1,0.0,0.0,1.0,c5,c5
14788,4,0.0,0.0,1.0,c234,c5
14789,2,0.0,0.0,1.0,c5,c5
14790,3,0.0,0.0,1.0,c1,c5
14791,5,0.0,1.0,0.0,c5,c234
14792,3,0.0,0.0,1.0,c5,c5
14793,5,0.0,1.0,0.0,c1,c234
14794,4,0.0,0.0,1.0,c1,c5
14795,2,0.0,0.0,1.0,c1,c5
14796,3,0.0,0.0,1.0,c5,c5
14797,4,0.0,0.0,1.0,c1,c5
14798,4,0.0,0.0,1.0,c1,c5
14799,2,0.0,0.0,1.0,c1,c5
14800,2,0.0,0.0,1.0,c1,c5
14801,5,0.0,1.0,0.0,c5,c234
14802,2,0.0,0.0,1.0,c1,c5
14803,3,0.0,0.0,1.0,c1,c5
14804,3,0.0,0.0,1.0,c5,c5
14805,2,0.0,0.0,1.0,c5,c5
14806,2,0.0,0.0,1.0,c5,c5
14807,2,0.0,0.0,1.0,c5,c5
14808,5,0.0,1.0,0.0,c1,c234
14809,2,0.0,0.0,1.0,c1,c5
14810,4,0.0,0.0,1.0,c234,c5
14811,4,0.0,0.0,1.0,c5,c5
14812,1,0.0,0.0,1.0,c5,c5
14813,1,0.0,0.0,1.0,c234,c5
14814,5,0.0,1.0,0.0,c5,c234
14815,4,0.0,0.0,1.0,c1,c5
14816,4,0.0,0.0,1.0,c1,c5
14817,4,0.0,0.0,1.0,c1,c5
14818,4,0.0,0.0,1.0,c5,c5
14819,2,0.0,0.0,1.0,c234,c5
14820,1,0.0,0.0,1.0,c5,c5
14821,5,0.0,1.0,0.0,c234,c234
14822,4,0.0,0.0,1.0,c5,c5
14823,3,0.0,0.0,1.0,c1,c5
14824,1,0.0,0.0,1.0,c1,c5
14825,4,0.0,0.0,1.0,c1,c5
14826,1,0.0,0.0,1.0,c234,c5
14827,3,0.0,0.0,1.0,c234,c5
14828,2,0.0,0.0,1.0,c234,c5
14829,2,0.0,0.0,1.0,c234,c5
14830,4,0.0,0.0,1.0,c234,c5
14831,1,0.0,0.0,1.0,c1,c5
14832,3,0.0,0.0,1.0,c1,c5
14833,3,0.0,0.0,1.0,c5,c5
14834,2,0.0,0.0,1.0,c5,c5
14835,3,0.0,0.0,1.0,c234,c5
14836,4,0.0,0.0,1.0,c5,c5
14837,3,0.0,0.0,1.0,c234,c5
14838,4,0.0,0.0,1.0,c1,c5
14839,3,0.0,0.0,1.0,c1,c5
14840,2,0.0,0.0,1.0,c234,c5
14841,4,0.0,0.0,1.0,c234,c5
14842,1,0.0,0.0,1.0,c234,c5
14843,3,0.0,0.0,1.0,c1,c5
14844,1,0.0,0.0,1.0,c1,c5
14845,2,0.0,0.0,1.0,c5,c5
14846,4,0.0,0.0,1.0,c234,c5
14847,2,0.0,0.0,1.0,c1,c5
14848,3,0.0,0.0,1.0,c1,c5
14849,1,0.0,0.0,1.0,c5,c5
14850,2,0.0,0.0,1.0,c234,c5
14851,5,0.0,1.0,0.0,c234,c234
14852,4,0.0,0.0,1.0,c234,c5
14853,3,0.0,0.0,1.0,c5,c5
14854,4,0.0,0.0,1.0,c5,c5
14855,2,0.0,0.0,1.0,c5,c5
14856,1,0.0,0.0,1.0,c234,c5
14857,5,0.0,1.0,0.0,c5,c234
14858,2,0.0,0.0,1.0,c1,c5
14859,2,0.0,0.0,1.0,c234,c5
14860,4,0.0,0.0,1.0,c1,c5
14861,2,0.0,0.0,1.0,c5,c5
14862,5,0.0,1.0,0.0,c1,c234
14863,4,0.0,0.0,1.0,c5,c5
14864,2,0.0,0.0,1.0,c1,c5
14865,2,0.0,0.0,1.0,c1,c5
14866,2,0.0,0.0,1.0,c234,c5
14867,2,0.0,0.0,1.0,c5,c5
14868,4,0.0,0.0,1.0,c1,c5
14869,2,0.0,0.0,1.0,c234,c5
14870,5,0.0,1.0,0.0,c1,c234
14871,3,0.0,0.0,1.0,c5,c5
14872,4,0.0,0.0,1.0,c1,c5
14873,3,0.0,0.0,1.0,c5,c5
14874,5,0.0,1.0,0.0,c5,c234
14875,4,0.0,0.0,1.0,c1,c5
14876,2,0.0,0.0,1.0,c5,c5
14877,3,0.0,0.0,1.0,c1,c5
14878,4,0.0,0.0,1.0,c1,c5
14879,4,0.0,0.0,1.0,c5,c5
14880,2,0.0,0.0,1.0,c1,c5
14881,1,0.0,0.0,1.0,c1,c5
14882,2,0.0,0.0,1.0,c5,c5
14883,2,0.0,0.0,1.0,c1,c5
14884,2,0.0,0.0,1.0,c234,c5
14885,3,0.0,0.0,1.0,c1,c5
14886,4,0.0,0.0,1.0,c1,c5
14887,1,0.0,0.0,1.0,c5,c5
14888,2,0.0,0.0,1.0,c5,c5
14889,1,0.0,0.0,1.0,c234,c5
14890,1,0.0,0.0,1.0,c234,c5
14891,2,0.0,0.0,1.0,c234,c5
14892,3,0.0,0.0,1.0,c5,c5
14893,1,0.0,0.0,1.0,c234,c5
14894,3,0.0,0.0,1.0,c234,c5
14895,3,0.0,0.0,1.0,c234,c5
14896,5,0.0,1.0,0.0,c1,c234
14897,5,0.0,1.0,0.0,c234,c234
14898,4,0.0,0.0,1.0,c234,c5
14899,2,0.0,0.0,1.0,c234,c5
14900,5,0.0,1.0,0.0,c1,c234
14901,4,0.0,0.0,1.0,c5,c5
14902,4,0.0,0.0,1.0,c5,c5
14903,3,0.0,0.0,1.0,c5,c5
14904,4,0.0,0.0,1.0,c5,c5
14905,4,0.0,0.0,1.0,c5,c5
14906,1,0.0,0.0,1.0,c5,c5
14907,4,0.0,0.0,1.0,c1,c5
14908,4,0.0,0.0,1.0,c5,c5
14909,5,0.0,1.0,0.0,c1,c234
14910,2,0.0,0.0,1.0,c1,c5
14911,5,0.0,1.0,0.0,c1,c234
14912,2,0.0,0.0,1.0,c234,c5
14913,4,0.0,0.0,1.0,c234,c5
14914,3,0.0,0.0,1.0,c5,c5
14915,2,0.0,0.0,1.0,c1,c5
14916,2,0.0,0.0,1.0,c1,c5
14917,5,0.0,1.0,0.0,c5,c234
14918,1,0.0,0.0,1.0,c234,c5
14919,4,0.0,0.0,1.0,c1,c5
14920,3,0.0,0.0,1.0,c5,c5
14921,2,0.0,0.0,1.0,c5,c5
14922,4,0.0,0.0,1.0,c234,c5
14923,2,0.0,0.0,1.0,c234,c5
14924,3,0.0,0.0,1.0,c234,c5
14925,3,0.0,0.0,1.0,c1,c5
14926,4,0.0,0.0,1.0,c5,c5
14927,2,0.0,0.0,1.0,c5,c5
14928,2,0.0,0.0,1.0,c5,c5
14929,3,0.0,0.0,1.0,c234,c5
14930,3,0.0,0.0,1.0,c234,c5
14931,4,0.0,0.0,1.0,c5,c5
14932,2,0.0,0.0,1.0,c234,c5
14933,2,0.0,0.0,1.0,c5,c5
14934,1,0.0,0.0,1.0,c234,c5
14935,4,0.0,0.0,1.0,c5,c5
14936,2,0.0,0.0,1.0,c234,c5
14937,1,0.0,0.0,1.0,c234,c5
14938,1,0.0,0.0,1.0,c234,c5
14939,3,0.0,0.0,1.0,c1,c5
14940,4,0.0,0.0,1.0,c234,c5
14941,5,0.0,1.0,0.0,c5,c234
14942,4,0.0,0.0,1.0,c1,c5
14943,2,0.0,0.0,1.0,c5,c5
14944,2,0.0,0.0,1.0,c234,c5
14945,5,0.0,1.0,0.0,c1,c234
14946,4,0.0,0.0,1.0,c234,c5
14947,3,0.0,0.0,1.0,c5,c5
14948,4,0.0,0.0,1.0,c1,c5
14949,5,0.0,1.0,0.0,c1,c234
14950,5,0.0,1.0,0.0,c5,c234
14951,5,0.0,1.0,0.0,c5,c234
14952,4,0.0,0.0,1.0,c1,c5
14953,4,0.0,0.0,1.0,c1,c5
14954,5,0.0,1.0,0.0,c234,c234
14955,4,0.0,0.0,1.0,c1,c5
14956,2,0.0,0.0,1.0,c234,c5
14957,3,0.0,0.0,1.0,c234,c5
14958,4,0.0,0.0,1.0,c1,c5
14959,3,0.0,0.0,1.0,c234,c5
14960,4,0.0,0.0,1.0,c234,c5
14961,5,0.0,1.0,0.0,c1,c234
14962,3,0.0,0.0,1.0,c234,c5
14963,1,0.0,0.0,1.0,c234,c5
14964,3,0.0,0.0,1.0,c5,c5
14965,2,0.0,0.0,1.0,c5,c5
14966,1,0.0,0.0,1.0,c5,c5
14967,5,0.0,1.0,0.0,c234,c234
14968,3,0.0,0.0,1.0,c234,c5
14969,5,0.0,1.0,0.0,c1,c234
14970,1,0.0,0.0,1.0,c1,c5
14971,4,0.0,0.0,1.0,c1,c5
14972,1,0.0,0.0,1.0,c234,c5
14973,5,0.0,1.0,0.0,c1,c234
14974,3,0.0,0.0,1.0,c5,c5
14975,1,0.0,0.0,1.0,c1,c5
14976,1,0.0,0.0,1.0,c1,c5
14977,5,0.0,1.0,0.0,c5,c234
14978,5,0.0,1.0,0.0,c234,c234
14979,3,0.0,0.0,1.0,c5,c5
14980,5,0.0,1.0,0.0,c234,c234
14981,1,0.0,0.0,1.0,c234,c5
14982,5,0.0,1.0,0.0,c5,c234
14983,5,0.0,1.0,0.0,c5,c234
14984,3,0.0,0.0,1.0,c5,c5
14985,4,0.0,0.0,1.0,c5,c5
14986,4,0.0,0.0,1.0,c1,c5
14987,4,0.0,0.0,1.0,c1,c5
14988,2,0.0,0.0,1.0,c5,c5
14989,1,0.0,0.0,1.0,c5,c5
14990,2,0.0,0.0,1.0,c5,c5
14991,1,0.0,0.0,1.0,c234,c5
14992,1,0.0,0.0,1.0,c234,c5
14993,1,0.0,0.0,1.0,c234,c5
14994,4,0.0,0.0,1.0,c234,c5
14995,1,0.0,0.0,1.0,c5,c5
14996,5,0.0,1.0,0.0,c234,c234
14997,3,0.0,0.0,1.0,c5,c5
14998,4,0.0,0.0,1.0,c5,c5
14999,5,0.0,1.0,0.0,c1,c234
15000,1,0.0,0.0,1.0,c1,c5
15001,3,0.0,0.0,1.0,c1,c5
15002,1,0.0,0.0,1.0,c234,c5
15003,1,0.0,0.0,1.0,c234,c5
15004,2,0.0,0.0,1.0,c1,c5
15005,1,0.0,0.0,1.0,c1,c5
15006,1,0.0,0.0,1.0,c1,c5
15007,3,0.0,0.0,1.0,c5,c5
15008,1,0.0,0.0,1.0,c234,c5
15009,1,0.0,0.0,1.0,c1,c5
15010,2,0.0,0.0,1.0,c5,c5
15011,4,0.0,0.0,1.0,c5,c5
15012,5,0.0,1.0,0.0,c234,c234
15013,3,0.0,0.0,1.0,c5,c5
15014,2,0.0,0.0,1.0,c5,c5
15015,4,0.0,0.0,1.0,c234,c5
15016,3,0.0,0.0,1.0,c234,c5
15017,5,0.0,1.0,0.0,c234,c234
15018,2,0.0,0.0,1.0,c5,c5
15019,1,0.0,0.0,1.0,c234,c5
15020,3,0.0,0.0,1.0,c234,c5
15021,4,0.0,0.0,1.0,c5,c5
15022,3,0.0,0.0,1.0,c234,c5
15023,4,0.0,0.0,1.0,c234,c5
15024,1,0.0,0.0,1.0,c1,c5
15025,4,0.0,0.0,1.0,c234,c5
15026,4,0.0,0.0,1.0,c5,c5
15027,1,0.0,0.0,1.0,c5,c5
15028,4,0.0,0.0,1.0,c1,c5
15029,1,0.0,0.0,1.0,c234,c5
15030,4,0.0,0.0,1.0,c5,c5
15031,4,0.0,0.0,1.0,c5,c5
15032,2,0.0,0.0,1.0,c1,c5
15033,2,0.0,0.0,1.0,c5,c5
15034,5,0.0,1.0,0.0,c5,c234
15035,4,0.0,0.0,1.0,c5,c5
15036,4,0.0,0.0,1.0,c1,c5
15037,1,0.0,0.0,1.0,c5,c5
15038,4,0.0,0.0,1.0,c5,c5
15039,3,0.0,0.0,1.0,c5,c5
15040,2,0.0,0.0,1.0,c234,c5
15041,3,0.0,0.0,1.0,c234,c5
15042,4,0.0,0.0,1.0,c1,c5
15043,4,0.0,0.0,1.0,c5,c5
15044,1,0.0,0.0,1.0,c234,c5
15045,1,0.0,0.0,1.0,c5,c5
15046,2,0.0,0.0,1.0,c234,c5
15047,3,0.0,0.0,1.0,c5,c5
15048,4,0.0,0.0,1.0,c234,c5
15049,4,0.0,0.0,1.0,c234,c5
15050,1,0.0,0.0,1.0,c1,c5
15051,4,0.0,0.0,1.0,c5,c5
15052,3,0.0,0.0,1.0,c5,c5
15053,3,0.0,0.0,1.0,c234,c5
15054,1,0.0,0.0,1.0,c234,c5
15055,4,0.0,0.0,1.0,c234,c5
15056,1,0.0,0.0,1.0,c1,c5
15057,4,0.0,0.0,1.0,c5,c5
15058,5,0.0,1.0,0.0,c234,c234
15059,4,0.0,0.0,1.0,c234,c5
15060,4,0.0,0.0,1.0,c1,c5
15061,1,0.0,0.0,1.0,c1,c5
15062,2,0.0,0.0,1.0,c234,c5
15063,1,0.0,0.0,1.0,c234,c5
15064,1,0.0,0.0,1.0,c234,c5
15065,5,0.0,1.0,0.0,c5,c234
15066,4,0.0,0.0,1.0,c1,c5
15067,3,0.0,0.0,1.0,c5,c5
15068,3,0.0,0.0,1.0,c234,c5
15069,3,0.0,0.0,1.0,c5,c5
15070,4,0.0,0.0,1.0,c5,c5
15071,5,0.0,1.0,0.0,c1,c234
15072,3,0.0,0.0,1.0,c234,c5
15073,4,0.0,0.0,1.0,c1,c5
15074,1,0.0,0.0,1.0,c234,c5
15075,1,0.0,0.0,1.0,c5,c5
15076,5,0.0,1.0,0.0,c1,c234
15077,2,0.0,0.0,1.0,c1,c5
15078,4,0.0,0.0,1.0,c234,c5
15079,3,0.0,0.0,1.0,c5,c5
15080,4,0.0,0.0,1.0,c234,c5
15081,1,0.0,0.0,1.0,c1,c5
15082,5,0.0,1.0,0.0,c1,c234
15083,5,0.0,1.0,0.0,c5,c234
15084,1,0.0,0.0,1.0,c234,c5
15085,5,0.0,1.0,0.0,c1,c234
15086,2,0.0,0.0,1.0,c5,c5
15087,4,0.0,0.0,1.0,c5,c5
15088,4,0.0,0.0,1.0,c5,c5
15089,3,0.0,0.0,1.0,c5,c5
15090,2,0.0,0.0,1.0,c1,c5
15091,3,0.0,0.0,1.0,c234,c5
15092,4,0.0,0.0,1.0,c5,c5
15093,5,0.0,1.0,0.0,c234,c234
15094,3,0.0,0.0,1.0,c234,c5
15095,2,0.0,0.0,1.0,c5,c5
15096,4,0.0,0.0,1.0,c1,c5
15097,2,0.0,0.0,1.0,c1,c5
15098,3,0.0,0.0,1.0,c234,c5
15099,1,0.0,0.0,1.0,c5,c5
15100,5,0.0,1.0,0.0,c234,c234
15101,1,0.0,0.0,1.0,c1,c5
15102,2,0.0,0.0,1.0,c5,c5
15103,2,0.0,0.0,1.0,c234,c5
15104,5,0.0,1.0,0.0,c1,c234
15105,3,0.0,0.0,1.0,c234,c5
15106,3,0.0,0.0,1.0,c5,c5
15107,1,0.0,0.0,1.0,c234,c5
15108,1,0.0,0.0,1.0,c5,c5
15109,1,0.0,0.0,1.0,c1,c5
15110,5,0.0,1.0,0.0,c5,c234
15111,2,0.0,0.0,1.0,c1,c5
15112,2,0.0,0.0,1.0,c234,c5
15113,5,0.0,1.0,0.0,c234,c234
15114,1,0.0,0.0,1.0,c5,c5
15115,3,0.0,0.0,1.0,c1,c5
15116,5,0.0,1.0,0.0,c1,c234
15117,5,0.0,1.0,0.0,c1,c234
15118,1,0.0,0.0,1.0,c234,c5
15119,2,0.0,0.0,1.0,c5,c5
15120,4,0.0,0.0,1.0,c5,c5
15121,1,0.0,0.0,1.0,c5,c5
15122,1,0.0,0.0,1.0,c1,c5
15123,5,0.0,1.0,0.0,c5,c234
15124,2,0.0,0.0,1.0,c1,c5
15125,5,0.0,1.0,0.0,c234,c234
15126,1,0.0,0.0,1.0,c234,c5
15127,3,0.0,0.0,1.0,c234,c5
15128,4,0.0,0.0,1.0,c234,c5
15129,3,0.0,0.0,1.0,c234,c5
15130,5,0.0,1.0,0.0,c234,c234
15131,1,0.0,0.0,1.0,c5,c5
15132,5,0.0,1.0,0.0,c5,c234
15133,2,0.0,0.0,1.0,c234,c5
15134,3,0.0,0.0,1.0,c234,c5
15135,3,0.0,0.0,1.0,c5,c5
15136,2,0.0,0.0,1.0,c5,c5
15137,2,0.0,0.0,1.0,c5,c5
15138,1,0.0,0.0,1.0,c5,c5
15139,2,0.0,0.0,1.0,c5,c5
15140,1,0.0,0.0,1.0,c1,c5
15141,4,0.0,0.0,1.0,c1,c5
15142,1,0.0,0.0,1.0,c234,c5
15143,4,0.0,0.0,1.0,c234,c5
15144,3,0.0,0.0,1.0,c5,c5
15145,5,0.0,1.0,0.0,c5,c234
15146,3,0.0,0.0,1.0,c5,c5
15147,1,0.0,0.0,1.0,c5,c5
15148,3,0.0,0.0,1.0,c5,c5
15149,3,0.0,0.0,1.0,c1,c5
15150,5,0.0,1.0,0.0,c234,c234
15151,2,0.0,0.0,1.0,c5,c5
15152,3,0.0,0.0,1.0,c234,c5
15153,1,0.0,0.0,1.0,c234,c5
15154,2,0.0,0.0,1.0,c5,c5
15155,5,0.0,1.0,0.0,c1,c234
15156,2,0.0,0.0,1.0,c234,c5
15157,3,0.0,0.0,1.0,c5,c5
15158,2,0.0,0.0,1.0,c5,c5
15159,5,0.0,1.0,0.0,c234,c234
15160,4,0.0,0.0,1.0,c234,c5
15161,2,0.0,0.0,1.0,c5,c5
15162,2,0.0,0.0,1.0,c1,c5
15163,5,0.0,1.0,0.0,c1,c234
15164,4,0.0,0.0,1.0,c5,c5
15165,2,0.0,0.0,1.0,c234,c5
15166,3,0.0,0.0,1.0,c234,c5
15167,1,0.0,0.0,1.0,c1,c5
15168,2,0.0,0.0,1.0,c1,c5
15169,1,0.0,0.0,1.0,c1,c5
15170,4,0.0,0.0,1.0,c234,c5
15171,1,0.0,0.0,1.0,c234,c5
15172,4,0.0,0.0,1.0,c234,c5
15173,4,0.0,0.0,1.0,c5,c5
15174,3,0.0,0.0,1.0,c5,c5
15175,5,0.0,1.0,0.0,c234,c234
15176,2,0.0,0.0,1.0,c1,c5
15177,1,0.0,0.0,1.0,c1,c5
15178,2,0.0,0.0,1.0,c1,c5
15179,3,0.0,0.0,1.0,c5,c5
15180,2,0.0,0.0,1.0,c1,c5
15181,4,0.0,0.0,1.0,c1,c5
15182,1,0.0,0.0,1.0,c234,c5
15183,4,0.0,0.0,1.0,c5,c5
15184,1,0.0,0.0,1.0,c234,c5
15185,3,0.0,0.0,1.0,c1,c5
15186,4,0.0,0.0,1.0,c1,c5
15187,1,0.0,0.0,1.0,c1,c5
15188,5,0.0,1.0,0.0,c234,c234
15189,3,0.0,0.0,1.0,c1,c5
15190,5,0.0,1.0,0.0,c1,c234
15191,5,0.0,1.0,0.0,c5,c234
15192,2,0.0,0.0,1.0,c1,c5
15193,4,0.0,0.0,1.0,c234,c5
15194,4,0.0,0.0,1.0,c234,c5
15195,1,0.0,0.0,1.0,c234,c5
15196,5,0.0,1.0,0.0,c234,c234
15197,3,0.0,0.0,1.0,c5,c5
15198,3,0.0,0.0,1.0,c234,c5
15199,2,0.0,0.0,1.0,c234,c5
15200,4,0.0,0.0,1.0,c5,c5
15201,4,0.0,0.0,1.0,c234,c5
15202,3,0.0,0.0,1.0,c234,c5
15203,3,0.0,0.0,1.0,c1,c5
15204,5,0.0,1.0,0.0,c1,c234
15205,4,0.0,0.0,1.0,c5,c5
15206,5,0.0,1.0,0.0,c234,c234
15207,1,0.0,0.0,1.0,c234,c5
15208,2,0.0,0.0,1.0,c1,c5
15209,4,0.0,0.0,1.0,c5,c5
15210,5,0.0,1.0,0.0,c1,c234
15211,2,0.0,0.0,1.0,c5,c5
15212,1,0.0,0.0,1.0,c5,c5
15213,1,0.0,0.0,1.0,c234,c5
15214,2,0.0,0.0,1.0,c1,c5
15215,1,0.0,0.0,1.0,c5,c5
15216,4,0.0,0.0,1.0,c5,c5
15217,4,0.0,0.0,1.0,c234,c5
15218,4,0.0,0.0,1.0,c5,c5
15219,2,0.0,0.0,1.0,c234,c5
15220,1,0.0,0.0,1.0,c1,c5
15221,2,0.0,0.0,1.0,c5,c5
15222,3,0.0,0.0,1.0,c234,c5
15223,2,0.0,0.0,1.0,c234,c5
15224,2,0.0,0.0,1.0,c1,c5
15225,4,0.0,0.0,1.0,c1,c5
15226,1,0.0,0.0,1.0,c234,c5
15227,3,0.0,0.0,1.0,c5,c5
15228,2,0.0,0.0,1.0,c234,c5
15229,3,0.0,0.0,1.0,c5,c5
15230,1,0.0,0.0,1.0,c234,c5
15231,2,0.0,0.0,1.0,c234,c5
15232,5,0.0,1.0,0.0,c234,c234
15233,1,0.0,0.0,1.0,c234,c5
15234,5,0.0,1.0,0.0,c1,c234
15235,4,0.0,0.0,1.0,c234,c5
15236,1,0.0,0.0,1.0,c5,c5
15237,5,0.0,1.0,0.0,c5,c234
15238,4,0.0,0.0,1.0,c1,c5
15239,1,0.0,0.0,1.0,c5,c5
15240,5,0.0,1.0,0.0,c5,c234
15241,3,0.0,0.0,1.0,c1,c5
15242,2,0.0,0.0,1.0,c234,c5
15243,1,0.0,0.0,1.0,c234,c5
15244,2,0.0,0.0,1.0,c1,c5
15245,5,0.0,1.0,0.0,c5,c234
15246,1,0.0,0.0,1.0,c234,c5
15247,3,0.0,0.0,1.0,c234,c5
15248,2,0.0,0.0,1.0,c234,c5
15249,3,0.0,0.0,1.0,c1,c5
15250,3,0.0,0.0,1.0,c1,c5
15251,4,0.0,0.0,1.0,c5,c5
15252,5,0.0,1.0,0.0,c1,c234
15253,4,0.0,0.0,1.0,c234,c5
15254,5,0.0,1.0,0.0,c234,c234
15255,5,0.0,1.0,0.0,c1,c234
15256,2,0.0,0.0,1.0,c5,c5
15257,5,0.0,1.0,0.0,c234,c234
15258,3,0.0,0.0,1.0,c5,c5
15259,1,0.0,0.0,1.0,c1,c5
15260,1,0.0,0.0,1.0,c5,c5
15261,2,0.0,0.0,1.0,c1,c5
15262,3,0.0,0.0,1.0,c1,c5
15263,3,0.0,0.0,1.0,c234,c5
15264,1,0.0,0.0,1.0,c1,c5
15265,5,0.0,1.0,0.0,c1,c234
15266,2,0.0,0.0,1.0,c234,c5
15267,1,0.0,0.0,1.0,c1,c5
15268,5,0.0,1.0,0.0,c1,c234
15269,5,0.0,1.0,0.0,c1,c234
15270,3,0.0,0.0,1.0,c1,c5
15271,4,0.0,0.0,1.0,c234,c5
15272,5,0.0,1.0,0.0,c1,c234
15273,4,0.0,0.0,1.0,c234,c5
15274,2,0.0,0.0,1.0,c5,c5
15275,4,0.0,0.0,1.0,c5,c5
15276,2,0.0,0.0,1.0,c5,c5
15277,2,0.0,0.0,1.0,c5,c5
15278,4,0.0,0.0,1.0,c5,c5
15279,4,0.0,0.0,1.0,c234,c5
15280,4,0.0,0.0,1.0,c234,c5
15281,2,0.0,0.0,1.0,c234,c5
15282,5,0.0,1.0,0.0,c5,c234
15283,1,0.0,0.0,1.0,c234,c5
15284,3,0.0,0.0,1.0,c5,c5
15285,3,0.0,0.0,1.0,c1,c5
15286,1,0.0,0.0,1.0,c234,c5
15287,5,0.0,1.0,0.0,c234,c234
15288,1,0.0,0.0,1.0,c5,c5
15289,2,0.0,0.0,1.0,c1,c5
15290,2,0.0,0.0,1.0,c1,c5
15291,5,0.0,1.0,0.0,c234,c234
15292,2,0.0,0.0,1.0,c234,c5
15293,2,0.0,0.0,1.0,c5,c5
15294,2,0.0,0.0,1.0,c234,c5
15295,5,0.0,1.0,0.0,c234,c234
15296,4,0.0,0.0,1.0,c1,c5
15297,4,0.0,0.0,1.0,c234,c5
15298,3,0.0,0.0,1.0,c1,c5
15299,3,0.0,0.0,1.0,c234,c5
15300,5,0.0,1.0,0.0,c234,c234
15301,1,0.0,0.0,1.0,c234,c5
15302,5,0.0,1.0,0.0,c234,c234
15303,1,0.0,0.0,1.0,c5,c5
15304,2,0.0,0.0,1.0,c5,c5
15305,5,0.0,1.0,0.0,c5,c234
15306,1,0.0,0.0,1.0,c1,c5
15307,4,0.0,0.0,1.0,c234,c5
15308,3,0.0,0.0,1.0,c1,c5
15309,2,0.0,0.0,1.0,c5,c5
15310,5,0.0,1.0,0.0,c1,c234
15311,3,0.0,0.0,1.0,c1,c5
15312,2,0.0,0.0,1.0,c1,c5
15313,1,0.0,0.0,1.0,c5,c5
15314,1,0.0,0.0,1.0,c5,c5
15315,5,0.0,1.0,0.0,c1,c234
15316,1,0.0,0.0,1.0,c234,c5
15317,3,0.0,0.0,1.0,c234,c5
15318,5,0.0,1.0,0.0,c1,c234
15319,5,0.0,1.0,0.0,c5,c234
15320,2,0.0,0.0,1.0,c5,c5
15321,4,0.0,0.0,1.0,c1,c5
15322,1,0.0,0.0,1.0,c5,c5
15323,5,0.0,1.0,0.0,c234,c234
15324,1,0.0,0.0,1.0,c1,c5
15325,1,0.0,0.0,1.0,c234,c5
15326,1,0.0,0.0,1.0,c5,c5
15327,3,0.0,0.0,1.0,c1,c5
15328,1,0.0,0.0,1.0,c1,c5
15329,5,0.0,1.0,0.0,c234,c234
15330,1,0.0,0.0,1.0,c234,c5
15331,5,0.0,1.0,0.0,c1,c234
15332,4,0.0,0.0,1.0,c234,c5
15333,5,0.0,1.0,0.0,c1,c234
15334,2,0.0,0.0,1.0,c234,c5
15335,5,0.0,1.0,0.0,c5,c234
15336,1,0.0,0.0,1.0,c5,c5
15337,3,0.0,0.0,1.0,c1,c5
15338,3,0.0,0.0,1.0,c1,c5
15339,3,0.0,0.0,1.0,c234,c5
15340,1,0.0,0.0,1.0,c234,c5
15341,2,0.0,0.0,1.0,c234,c5
15342,4,0.0,0.0,1.0,c1,c5
15343,4,0.0,0.0,1.0,c5,c5
15344,5,0.0,1.0,0.0,c5,c234
15345,2,0.0,0.0,1.0,c234,c5
15346,5,0.0,1.0,0.0,c5,c234
15347,3,0.0,0.0,1.0,c5,c5
15348,2,0.0,0.0,1.0,c234,c5
15349,1,0.0,0.0,1.0,c5,c5
15350,1,0.0,0.0,1.0,c234,c5
15351,3,0.0,0.0,1.0,c5,c5
15352,5,0.0,1.0,0.0,c1,c234
15353,2,0.0,0.0,1.0,c5,c5
15354,2,0.0,0.0,1.0,c5,c5
15355,3,0.0,0.0,1.0,c1,c5
15356,4,0.0,0.0,1.0,c1,c5
15357,1,0.0,0.0,1.0,c234,c5
15358,5,0.0,1.0,0.0,c1,c234
15359,1,0.0,0.0,1.0,c234,c5
15360,3,0.0,0.0,1.0,c1,c5
15361,3,0.0,0.0,1.0,c234,c5
15362,1,0.0,0.0,1.0,c234,c5
15363,4,0.0,0.0,1.0,c1,c5
15364,1,0.0,0.0,1.0,c1,c5
15365,3,0.0,0.0,1.0,c5,c5
15366,4,0.0,0.0,1.0,c5,c5
15367,4,0.0,0.0,1.0,c234,c5
15368,5,0.0,1.0,0.0,c1,c234
15369,3,0.0,0.0,1.0,c1,c5
15370,3,0.0,0.0,1.0,c1,c5
15371,1,0.0,0.0,1.0,c234,c5
15372,5,0.0,1.0,0.0,c234,c234
15373,5,0.0,1.0,0.0,c5,c234
15374,2,0.0,0.0,1.0,c234,c5
15375,3,0.0,0.0,1.0,c5,c5
15376,2,0.0,0.0,1.0,c234,c5
15377,2,0.0,0.0,1.0,c5,c5
15378,3,0.0,0.0,1.0,c234,c5
15379,2,0.0,0.0,1.0,c5,c5
15380,3,0.0,0.0,1.0,c234,c5
15381,1,0.0,0.0,1.0,c234,c5
15382,4,0.0,0.0,1.0,c1,c5
15383,2,0.0,0.0,1.0,c1,c5
15384,4,0.0,0.0,1.0,c1,c5
15385,4,0.0,0.0,1.0,c1,c5
15386,1,0.0,0.0,1.0,c234,c5
15387,5,0.0,1.0,0.0,c1,c234
15388,4,0.0,0.0,1.0,c1,c5
15389,4,0.0,0.0,1.0,c5,c5
15390,3,0.0,0.0,1.0,c5,c5
15391,4,0.0,0.0,1.0,c5,c5
15392,2,0.0,0.0,1.0,c234,c5
15393,3,0.0,0.0,1.0,c1,c5
15394,5,0.0,1.0,0.0,c5,c234
15395,2,0.0,0.0,1.0,c1,c5
15396,3,0.0,0.0,1.0,c1,c5
15397,2,0.0,0.0,1.0,c1,c5
15398,4,0.0,0.0,1.0,c5,c5
15399,5,0.0,1.0,0.0,c5,c234
15400,3,0.0,0.0,1.0,c5,c5
15401,1,0.0,0.0,1.0,c5,c5
15402,3,0.0,0.0,1.0,c5,c5
15403,3,0.0,0.0,1.0,c5,c5
15404,3,0.0,0.0,1.0,c234,c5
15405,2,0.0,0.0,1.0,c234,c5
15406,1,0.0,0.0,1.0,c1,c5
15407,2,0.0,0.0,1.0,c5,c5
15408,1,0.0,0.0,1.0,c5,c5
15409,4,0.0,0.0,1.0,c5,c5
15410,3,0.0,0.0,1.0,c5,c5
15411,1,0.0,0.0,1.0,c1,c5
15412,4,0.0,0.0,1.0,c5,c5
15413,3,0.0,0.0,1.0,c234,c5
15414,4,0.0,0.0,1.0,c5,c5
15415,1,0.0,0.0,1.0,c1,c5
15416,2,0.0,0.0,1.0,c234,c5
15417,3,0.0,0.0,1.0,c5,c5
15418,2,0.0,0.0,1.0,c1,c5
15419,3,0.0,0.0,1.0,c234,c5
15420,5,0.0,1.0,0.0,c5,c234
15421,1,0.0,0.0,1.0,c234,c5
15422,2,0.0,0.0,1.0,c5,c5
15423,5,0.0,1.0,0.0,c5,c234
15424,5,0.0,1.0,0.0,c1,c234
15425,2,0.0,0.0,1.0,c5,c5
15426,3,0.0,0.0,1.0,c1,c5
15427,2,0.0,0.0,1.0,c1,c5
15428,1,0.0,0.0,1.0,c5,c5
15429,4,0.0,0.0,1.0,c234,c5
15430,4,0.0,0.0,1.0,c5,c5
15431,2,0.0,0.0,1.0,c234,c5
15432,1,0.0,0.0,1.0,c5,c5
15433,1,0.0,0.0,1.0,c5,c5
15434,4,0.0,0.0,1.0,c234,c5
15435,4,0.0,0.0,1.0,c5,c5
15436,4,0.0,0.0,1.0,c5,c5
15437,2,0.0,0.0,1.0,c5,c5
15438,4,0.0,0.0,1.0,c1,c5
15439,5,0.0,1.0,0.0,c234,c234
15440,4,0.0,0.0,1.0,c5,c5
15441,2,0.0,0.0,1.0,c1,c5
15442,2,0.0,0.0,1.0,c5,c5
15443,2,0.0,0.0,1.0,c1,c5
15444,2,0.0,0.0,1.0,c1,c5
15445,4,0.0,0.0,1.0,c5,c5
15446,5,0.0,1.0,0.0,c5,c234
15447,3,0.0,0.0,1.0,c5,c5
15448,2,0.0,0.0,1.0,c5,c5
15449,5,0.0,1.0,0.0,c5,c234
15450,1,0.0,0.0,1.0,c1,c5
15451,3,0.0,0.0,1.0,c5,c5
15452,4,0.0,0.0,1.0,c5,c5
15453,4,0.0,0.0,1.0,c234,c5
15454,1,0.0,0.0,1.0,c234,c5
15455,1,0.0,0.0,1.0,c5,c5
15456,5,0.0,1.0,0.0,c5,c234
15457,5,0.0,1.0,0.0,c234,c234
15458,5,0.0,1.0,0.0,c1,c234
15459,4,0.0,0.0,1.0,c1,c5
15460,3,0.0,0.0,1.0,c1,c5
15461,2,0.0,0.0,1.0,c234,c5
15462,2,0.0,0.0,1.0,c1,c5
15463,2,0.0,0.0,1.0,c5,c5
15464,5,0.0,1.0,0.0,c234,c234
15465,2,0.0,0.0,1.0,c1,c5
15466,2,0.0,0.0,1.0,c1,c5
15467,1,0.0,0.0,1.0,c1,c5
15468,3,0.0,0.0,1.0,c5,c5
15469,2,0.0,0.0,1.0,c234,c5
15470,1,0.0,0.0,1.0,c234,c5
15471,2,0.0,0.0,1.0,c1,c5
15472,2,0.0,0.0,1.0,c5,c5
15473,5,0.0,1.0,0.0,c234,c234
15474,1,0.0,0.0,1.0,c234,c5
15475,3,0.0,0.0,1.0,c1,c5
15476,4,0.0,0.0,1.0,c5,c5
15477,5,0.0,1.0,0.0,c1,c234
15478,4,0.0,0.0,1.0,c1,c5
15479,1,0.0,0.0,1.0,c1,c5
15480,4,0.0,0.0,1.0,c234,c5
15481,2,0.0,0.0,1.0,c234,c5
15482,5,0.0,1.0,0.0,c5,c234
15483,4,0.0,0.0,1.0,c234,c5
15484,4,0.0,0.0,1.0,c234,c5
15485,4,0.0,0.0,1.0,c1,c5
15486,5,0.0,1.0,0.0,c1,c234
15487,5,0.0,1.0,0.0,c5,c234
15488,2,0.0,0.0,1.0,c1,c5
15489,4,0.0,0.0,1.0,c1,c5
15490,5,0.0,1.0,0.0,c5,c234
15491,1,0.0,0.0,1.0,c5,c5
15492,3,0.0,0.0,1.0,c5,c5
15493,1,0.0,0.0,1.0,c1,c5
15494,1,0.0,0.0,1.0,c1,c5
15495,2,0.0,0.0,1.0,c1,c5
15496,2,0.0,0.0,1.0,c1,c5
15497,1,0.0,0.0,1.0,c1,c5
15498,2,0.0,0.0,1.0,c234,c5
15499,4,0.0,0.0,1.0,c5,c5
15500,5,0.0,1.0,0.0,c5,c234
15501,3,0.0,0.0,1.0,c1,c5
15502,3,0.0,0.0,1.0,c1,c5
15503,4,0.0,0.0,1.0,c1,c5
15504,3,0.0,0.0,1.0,c1,c5
15505,2,0.0,0.0,1.0,c234,c5
15506,1,0.0,0.0,1.0,c5,c5
15507,2,0.0,0.0,1.0,c1,c5
15508,5,0.0,1.0,0.0,c1,c234
15509,2,0.0,0.0,1.0,c1,c5
15510,5,0.0,1.0,0.0,c234,c234
15511,5,0.0,1.0,0.0,c1,c234
15512,2,0.0,0.0,1.0,c1,c5
15513,3,0.0,0.0,1.0,c234,c5
15514,3,0.0,0.0,1.0,c5,c5
15515,2,0.0,0.0,1.0,c1,c5
15516,5,0.0,1.0,0.0,c5,c234
15517,1,0.0,0.0,1.0,c234,c5
15518,2,0.0,0.0,1.0,c5,c5
15519,4,0.0,0.0,1.0,c234,c5
15520,2,0.0,0.0,1.0,c5,c5
15521,4,0.0,0.0,1.0,c5,c5
15522,3,0.0,0.0,1.0,c234,c5
15523,4,0.0,0.0,1.0,c234,c5
15524,5,0.0,1.0,0.0,c234,c234
15525,4,0.0,0.0,1.0,c5,c5
15526,5,0.0,1.0,0.0,c234,c234
15527,1,0.0,0.0,1.0,c234,c5
15528,2,0.0,0.0,1.0,c234,c5
15529,1,0.0,0.0,1.0,c5,c5
15530,4,0.0,0.0,1.0,c234,c5
15531,4,0.0,0.0,1.0,c1,c5
15532,1,0.0,0.0,1.0,c1,c5
15533,3,0.0,0.0,1.0,c234,c5
15534,2,0.0,0.0,1.0,c1,c5
15535,3,0.0,0.0,1.0,c5,c5
15536,5,0.0,1.0,0.0,c5,c234
15537,4,0.0,0.0,1.0,c1,c5
15538,3,0.0,0.0,1.0,c1,c5
15539,4,0.0,0.0,1.0,c234,c5
15540,1,0.0,0.0,1.0,c5,c5
15541,3,0.0,0.0,1.0,c1,c5
15542,2,0.0,0.0,1.0,c5,c5
15543,1,0.0,0.0,1.0,c5,c5
15544,5,0.0,1.0,0.0,c5,c234
15545,5,0.0,1.0,0.0,c234,c234
15546,1,0.0,0.0,1.0,c5,c5
15547,1,0.0,0.0,1.0,c1,c5
15548,2,0.0,0.0,1.0,c1,c5
15549,5,0.0,1.0,0.0,c5,c234
15550,5,0.0,1.0,0.0,c234,c234
15551,4,0.0,0.0,1.0,c234,c5
15552,2,0.0,0.0,1.0,c234,c5
15553,2,0.0,0.0,1.0,c5,c5
15554,4,0.0,0.0,1.0,c5,c5
15555,2,0.0,0.0,1.0,c5,c5
15556,4,0.0,0.0,1.0,c5,c5
15557,4,0.0,0.0,1.0,c1,c5
15558,1,0.0,0.0,1.0,c1,c5
15559,5,0.0,1.0,0.0,c1,c234
15560,2,0.0,0.0,1.0,c1,c5
15561,1,0.0,0.0,1.0,c234,c5
15562,5,0.0,1.0,0.0,c234,c234
15563,5,0.0,1.0,0.0,c234,c234
15564,1,0.0,0.0,1.0,c1,c5
15565,4,0.0,0.0,1.0,c5,c5
15566,2,0.0,0.0,1.0,c234,c5
15567,5,0.0,1.0,0.0,c5,c234
15568,2,0.0,0.0,1.0,c234,c5
15569,3,0.0,0.0,1.0,c234,c5
15570,5,0.0,1.0,0.0,c5,c234
15571,1,0.0,0.0,1.0,c5,c5
15572,3,0.0,0.0,1.0,c5,c5
15573,5,0.0,1.0,0.0,c1,c234
15574,4,0.0,0.0,1.0,c1,c5
15575,2,0.0,0.0,1.0,c1,c5
15576,4,0.0,0.0,1.0,c234,c5
15577,4,0.0,0.0,1.0,c234,c5
15578,4,0.0,0.0,1.0,c5,c5
15579,3,0.0,0.0,1.0,c1,c5
15580,4,0.0,0.0,1.0,c1,c5
15581,3,0.0,0.0,1.0,c1,c5
15582,4,0.0,0.0,1.0,c234,c5
15583,4,0.0,0.0,1.0,c234,c5
15584,5,0.0,1.0,0.0,c1,c234
15585,3,0.0,0.0,1.0,c1,c5
15586,5,0.0,1.0,0.0,c1,c234
15587,4,0.0,0.0,1.0,c1,c5
15588,4,0.0,0.0,1.0,c5,c5
15589,1,0.0,0.0,1.0,c5,c5
15590,4,0.0,0.0,1.0,c1,c5
15591,5,0.0,1.0,0.0,c234,c234
15592,1,0.0,0.0,1.0,c234,c5
15593,1,0.0,0.0,1.0,c234,c5
15594,4,0.0,0.0,1.0,c234,c5
15595,3,0.0,0.0,1.0,c5,c5
15596,3,0.0,0.0,1.0,c234,c5
15597,5,0.0,1.0,0.0,c5,c234
15598,3,0.0,0.0,1.0,c5,c5
15599,5,0.0,1.0,0.0,c5,c234
15600,3,0.0,0.0,1.0,c234,c5
15601,5,0.0,1.0,0.0,c5,c234
15602,1,0.0,0.0,1.0,c234,c5
15603,5,0.0,1.0,0.0,c5,c234
15604,2,0.0,0.0,1.0,c5,c5
15605,4,0.0,0.0,1.0,c1,c5
15606,3,0.0,0.0,1.0,c234,c5
15607,3,0.0,0.0,1.0,c234,c5
15608,1,0.0,0.0,1.0,c5,c5
15609,3,0.0,0.0,1.0,c234,c5
15610,4,0.0,0.0,1.0,c234,c5
15611,2,0.0,0.0,1.0,c1,c5
15612,1,0.0,0.0,1.0,c5,c5
15613,3,0.0,0.0,1.0,c1,c5
15614,5,0.0,1.0,0.0,c5,c234
15615,5,0.0,1.0,0.0,c5,c234
15616,4,0.0,0.0,1.0,c1,c5
15617,1,0.0,0.0,1.0,c1,c5
15618,1,0.0,0.0,1.0,c234,c5
15619,4,0.0,0.0,1.0,c234,c5
15620,4,0.0,0.0,1.0,c5,c5
15621,4,0.0,0.0,1.0,c5,c5
15622,4,0.0,0.0,1.0,c1,c5
15623,3,0.0,0.0,1.0,c5,c5
15624,5,0.0,1.0,0.0,c5,c234
15625,3,0.0,0.0,1.0,c5,c5
15626,1,0.0,0.0,1.0,c1,c5
15627,5,0.0,1.0,0.0,c1,c234
15628,3,0.0,0.0,1.0,c1,c5
15629,4,0.0,0.0,1.0,c234,c5
15630,1,0.0,0.0,1.0,c1,c5
15631,4,0.0,0.0,1.0,c234,c5
15632,3,0.0,0.0,1.0,c5,c5
15633,1,0.0,0.0,1.0,c5,c5
15634,4,0.0,0.0,1.0,c234,c5
15635,3,0.0,0.0,1.0,c5,c5
15636,3,0.0,0.0,1.0,c1,c5
15637,5,0.0,1.0,0.0,c1,c234
15638,1,0.0,0.0,1.0,c5,c5
15639,2,0.0,0.0,1.0,c1,c5
15640,3,0.0,0.0,1.0,c5,c5
15641,1,0.0,0.0,1.0,c5,c5
15642,1,0.0,0.0,1.0,c1,c5
15643,4,0.0,0.0,1.0,c5,c5
15644,1,0.0,0.0,1.0,c1,c5
15645,4,0.0,0.0,1.0,c5,c5
15646,4,0.0,0.0,1.0,c5,c5
15647,4,0.0,0.0,1.0,c1,c5
15648,5,0.0,1.0,0.0,c1,c234
15649,1,0.0,0.0,1.0,c1,c5
15650,3,0.0,0.0,1.0,c1,c5
15651,2,0.0,0.0,1.0,c1,c5
15652,4,0.0,0.0,1.0,c5,c5
15653,4,0.0,0.0,1.0,c1,c5
15654,2,0.0,0.0,1.0,c234,c5
15655,2,0.0,0.0,1.0,c5,c5
15656,3,0.0,0.0,1.0,c234,c5
15657,4,0.0,0.0,1.0,c234,c5
15658,3,0.0,0.0,1.0,c1,c5
15659,5,0.0,1.0,0.0,c1,c234
15660,3,0.0,0.0,1.0,c1,c5
15661,2,0.0,0.0,1.0,c234,c5
15662,4,0.0,0.0,1.0,c234,c5
15663,2,0.0,0.0,1.0,c234,c5
15664,5,0.0,1.0,0.0,c1,c234
15665,2,0.0,0.0,1.0,c5,c5
15666,3,0.0,0.0,1.0,c1,c5
15667,4,0.0,0.0,1.0,c234,c5
15668,2,0.0,0.0,1.0,c5,c5
15669,1,0.0,0.0,1.0,c1,c5
15670,1,0.0,0.0,1.0,c1,c5
15671,3,0.0,0.0,1.0,c1,c5
15672,1,0.0,0.0,1.0,c5,c5
15673,5,0.0,1.0,0.0,c1,c234
15674,4,0.0,0.0,1.0,c234,c5
15675,1,0.0,0.0,1.0,c1,c5
15676,1,0.0,0.0,1.0,c1,c5
15677,3,0.0,0.0,1.0,c5,c5
15678,5,0.0,1.0,0.0,c1,c234
15679,5,0.0,1.0,0.0,c234,c234
15680,4,0.0,0.0,1.0,c1,c5
15681,1,0.0,0.0,1.0,c1,c5
15682,2,0.0,0.0,1.0,c1,c5
15683,5,0.0,1.0,0.0,c1,c234
15684,5,0.0,1.0,0.0,c5,c234
15685,5,0.0,1.0,0.0,c5,c234
15686,1,0.0,0.0,1.0,c234,c5
15687,2,0.0,0.0,1.0,c234,c5
15688,5,0.0,1.0,0.0,c1,c234
15689,5,0.0,1.0,0.0,c1,c234
15690,3,0.0,0.0,1.0,c1,c5
15691,5,0.0,1.0,0.0,c5,c234
15692,1,0.0,0.0,1.0,c1,c5
15693,5,0.0,1.0,0.0,c5,c234
15694,1,0.0,0.0,1.0,c1,c5
15695,5,0.0,1.0,0.0,c234,c234
15696,1,0.0,0.0,1.0,c5,c5
15697,1,0.0,0.0,1.0,c5,c5
15698,1,0.0,0.0,1.0,c1,c5
15699,1,0.0,0.0,1.0,c234,c5
15700,2,0.0,0.0,1.0,c234,c5
15701,5,0.0,1.0,0.0,c5,c234
15702,3,0.0,0.0,1.0,c5,c5
15703,5,0.0,1.0,0.0,c234,c234
15704,3,0.0,0.0,1.0,c234,c5
15705,5,0.0,1.0,0.0,c5,c234
15706,3,0.0,0.0,1.0,c1,c5
15707,4,0.0,0.0,1.0,c234,c5
15708,1,0.0,0.0,1.0,c5,c5
15709,1,0.0,0.0,1.0,c234,c5
15710,5,0.0,1.0,0.0,c5,c234
15711,1,0.0,0.0,1.0,c1,c5
15712,3,0.0,0.0,1.0,c5,c5
15713,3,0.0,0.0,1.0,c5,c5
15714,4,0.0,0.0,1.0,c5,c5
15715,4,0.0,0.0,1.0,c234,c5
15716,1,0.0,0.0,1.0,c5,c5
15717,1,0.0,0.0,1.0,c5,c5
15718,3,0.0,0.0,1.0,c1,c5
15719,3,0.0,0.0,1.0,c234,c5
15720,3,0.0,0.0,1.0,c5,c5
15721,4,0.0,0.0,1.0,c5,c5
15722,4,0.0,0.0,1.0,c5,c5
15723,1,0.0,0.0,1.0,c5,c5
15724,2,0.0,0.0,1.0,c1,c5
15725,5,0.0,1.0,0.0,c5,c234
15726,3,0.0,0.0,1.0,c234,c5
15727,5,0.0,1.0,0.0,c234,c234
15728,5,0.0,1.0,0.0,c5,c234
15729,1,0.0,0.0,1.0,c234,c5
15730,1,0.0,0.0,1.0,c5,c5
15731,4,0.0,0.0,1.0,c1,c5
15732,5,0.0,1.0,0.0,c5,c234
15733,5,0.0,1.0,0.0,c5,c234
15734,5,0.0,1.0,0.0,c234,c234
15735,4,0.0,0.0,1.0,c1,c5
15736,4,0.0,0.0,1.0,c234,c5
15737,1,0.0,0.0,1.0,c1,c5
15738,4,0.0,0.0,1.0,c5,c5
15739,4,0.0,0.0,1.0,c1,c5
15740,3,0.0,0.0,1.0,c1,c5
15741,1,0.0,0.0,1.0,c5,c5
15742,2,0.0,0.0,1.0,c1,c5
15743,3,0.0,0.0,1.0,c5,c5
15744,5,0.0,1.0,0.0,c1,c234
15745,1,0.0,0.0,1.0,c5,c5
15746,5,0.0,1.0,0.0,c1,c234
15747,1,0.0,0.0,1.0,c1,c5
15748,4,0.0,0.0,1.0,c1,c5
15749,4,0.0,0.0,1.0,c5,c5
15750,4,0.0,0.0,1.0,c5,c5
15751,5,0.0,1.0,0.0,c5,c234
15752,2,0.0,0.0,1.0,c1,c5
15753,4,0.0,0.0,1.0,c234,c5
15754,4,0.0,0.0,1.0,c234,c5
15755,2,0.0,0.0,1.0,c234,c5
15756,4,0.0,0.0,1.0,c5,c5
15757,1,0.0,0.0,1.0,c234,c5
15758,4,0.0,0.0,1.0,c5,c5
15759,2,0.0,0.0,1.0,c234,c5
15760,5,0.0,1.0,0.0,c1,c234
15761,5,0.0,1.0,0.0,c5,c234
15762,4,0.0,0.0,1.0,c5,c5
15763,3,0.0,0.0,1.0,c5,c5
15764,3,0.0,0.0,1.0,c5,c5
15765,2,0.0,0.0,1.0,c5,c5
15766,5,0.0,1.0,0.0,c1,c234
15767,2,0.0,0.0,1.0,c234,c5
15768,4,0.0,0.0,1.0,c1,c5
15769,5,0.0,1.0,0.0,c234,c234
15770,5,0.0,1.0,0.0,c234,c234
15771,4,0.0,0.0,1.0,c1,c5
15772,2,0.0,0.0,1.0,c5,c5
15773,5,0.0,1.0,0.0,c5,c234
15774,4,0.0,0.0,1.0,c1,c5
15775,4,0.0,0.0,1.0,c234,c5
15776,3,0.0,0.0,1.0,c234,c5
15777,2,0.0,0.0,1.0,c5,c5
15778,3,0.0,0.0,1.0,c1,c5
15779,4,0.0,0.0,1.0,c234,c5
15780,4,0.0,0.0,1.0,c234,c5
15781,4,0.0,0.0,1.0,c1,c5
15782,1,0.0,0.0,1.0,c1,c5
15783,3,0.0,0.0,1.0,c234,c5
15784,2,0.0,0.0,1.0,c5,c5
15785,3,0.0,0.0,1.0,c1,c5
15786,5,0.0,1.0,0.0,c1,c234
15787,1,0.0,0.0,1.0,c234,c5
15788,3,0.0,0.0,1.0,c5,c5
15789,5,0.0,1.0,0.0,c234,c234
15790,3,0.0,0.0,1.0,c1,c5
15791,1,0.0,0.0,1.0,c1,c5
15792,4,0.0,0.0,1.0,c234,c5
15793,1,0.0,0.0,1.0,c234,c5
15794,1,0.0,0.0,1.0,c5,c5
15795,1,0.0,0.0,1.0,c5,c5
15796,4,0.0,0.0,1.0,c234,c5
15797,1,0.0,0.0,1.0,c234,c5
15798,3,0.0,0.0,1.0,c5,c5
15799,1,0.0,0.0,1.0,c234,c5
15800,1,0.0,0.0,1.0,c5,c5
15801,5,0.0,1.0,0.0,c1,c234
15802,1,0.0,0.0,1.0,c1,c5
15803,2,0.0,0.0,1.0,c5,c5
15804,4,0.0,0.0,1.0,c5,c5
15805,5,0.0,1.0,0.0,c5,c234
15806,4,0.0,0.0,1.0,c1,c5
15807,5,0.0,1.0,0.0,c5,c234
15808,1,0.0,0.0,1.0,c5,c5
15809,5,0.0,1.0,0.0,c5,c234
15810,5,0.0,1.0,0.0,c1,c234
15811,1,0.0,0.0,1.0,c1,c5
15812,5,0.0,1.0,0.0,c5,c234
15813,4,0.0,0.0,1.0,c1,c5
15814,3,0.0,0.0,1.0,c5,c5
15815,2,0.0,0.0,1.0,c1,c5
15816,5,0.0,1.0,0.0,c234,c234
15817,4,0.0,0.0,1.0,c1,c5
15818,4,0.0,0.0,1.0,c5,c5
15819,5,0.0,1.0,0.0,c1,c234
15820,4,0.0,0.0,1.0,c234,c5
15821,3,0.0,0.0,1.0,c1,c5
15822,2,0.0,0.0,1.0,c5,c5
15823,3,0.0,0.0,1.0,c234,c5
15824,4,0.0,0.0,1.0,c1,c5
15825,3,0.0,0.0,1.0,c5,c5
15826,5,0.0,1.0,0.0,c234,c234
15827,3,0.0,0.0,1.0,c5,c5
15828,1,0.0,0.0,1.0,c5,c5
15829,5,0.0,1.0,0.0,c234,c234
15830,3,0.0,0.0,1.0,c234,c5
15831,5,0.0,1.0,0.0,c5,c234
15832,3,0.0,0.0,1.0,c5,c5
15833,4,0.0,0.0,1.0,c234,c5
15834,5,0.0,1.0,0.0,c234,c234
15835,4,0.0,0.0,1.0,c5,c5
15836,2,0.0,0.0,1.0,c234,c5
15837,4,0.0,0.0,1.0,c234,c5
15838,4,0.0,0.0,1.0,c5,c5
15839,5,0.0,1.0,0.0,c5,c234
15840,1,0.0,0.0,1.0,c234,c5
15841,1,0.0,0.0,1.0,c1,c5
15842,1,0.0,0.0,1.0,c5,c5
15843,2,0.0,0.0,1.0,c234,c5
15844,2,0.0,0.0,1.0,c234,c5
15845,3,0.0,0.0,1.0,c1,c5
15846,2,0.0,0.0,1.0,c5,c5
15847,3,0.0,0.0,1.0,c1,c5
15848,4,0.0,0.0,1.0,c5,c5
15849,5,0.0,1.0,0.0,c5,c234
15850,1,0.0,0.0,1.0,c1,c5
15851,4,0.0,0.0,1.0,c1,c5
15852,2,0.0,0.0,1.0,c1,c5
15853,3,0.0,0.0,1.0,c5,c5
15854,1,0.0,0.0,1.0,c1,c5
15855,3,0.0,0.0,1.0,c1,c5
15856,5,0.0,1.0,0.0,c234,c234
15857,2,0.0,0.0,1.0,c1,c5
15858,1,0.0,0.0,1.0,c5,c5
15859,2,0.0,0.0,1.0,c234,c5
15860,3,0.0,0.0,1.0,c5,c5
15861,3,0.0,0.0,1.0,c5,c5
15862,2,0.0,0.0,1.0,c1,c5
15863,4,0.0,0.0,1.0,c1,c5
15864,3,0.0,0.0,1.0,c234,c5
15865,2,0.0,0.0,1.0,c1,c5
15866,4,0.0,0.0,1.0,c234,c5
15867,5,0.0,1.0,0.0,c5,c234
15868,3,0.0,0.0,1.0,c234,c5
15869,4,0.0,0.0,1.0,c234,c5
15870,5,0.0,1.0,0.0,c1,c234
15871,2,0.0,0.0,1.0,c1,c5
15872,5,0.0,1.0,0.0,c5,c234
15873,5,0.0,1.0,0.0,c234,c234
15874,2,0.0,0.0,1.0,c1,c5
15875,4,0.0,0.0,1.0,c234,c5
15876,2,0.0,0.0,1.0,c234,c5
15877,3,0.0,0.0,1.0,c1,c5
15878,3,0.0,0.0,1.0,c234,c5
15879,5,0.0,1.0,0.0,c234,c234
15880,1,0.0,0.0,1.0,c234,c5
15881,3,0.0,0.0,1.0,c5,c5
15882,4,0.0,0.0,1.0,c234,c5
15883,5,0.0,1.0,0.0,c234,c234
15884,1,0.0,0.0,1.0,c5,c5
15885,5,0.0,1.0,0.0,c1,c234
15886,2,0.0,0.0,1.0,c234,c5
15887,2,0.0,0.0,1.0,c234,c5
15888,1,0.0,0.0,1.0,c1,c5
15889,2,0.0,0.0,1.0,c5,c5
15890,5,0.0,1.0,0.0,c5,c234
15891,5,0.0,1.0,0.0,c5,c234
15892,1,0.0,0.0,1.0,c1,c5
15893,4,0.0,0.0,1.0,c1,c5
15894,5,0.0,1.0,0.0,c5,c234
15895,1,0.0,0.0,1.0,c234,c5
15896,1,0.0,0.0,1.0,c1,c5
15897,3,0.0,0.0,1.0,c5,c5
15898,2,0.0,0.0,1.0,c5,c5
15899,1,0.0,0.0,1.0,c1,c5
15900,1,0.0,0.0,1.0,c234,c5
15901,1,0.0,0.0,1.0,c234,c5
15902,1,0.0,0.0,1.0,c234,c5
15903,1,0.0,0.0,1.0,c1,c5
15904,3,0.0,0.0,1.0,c234,c5
15905,1,0.0,0.0,1.0,c234,c5
15906,2,0.0,0.0,1.0,c5,c5
15907,4,0.0,0.0,1.0,c5,c5
15908,3,0.0,0.0,1.0,c234,c5
15909,2,0.0,0.0,1.0,c234,c5
15910,3,0.0,0.0,1.0,c5,c5
15911,1,0.0,0.0,1.0,c1,c5
15912,3,0.0,0.0,1.0,c234,c5
15913,4,0.0,0.0,1.0,c234,c5
15914,1,0.0,0.0,1.0,c234,c5
15915,3,0.0,0.0,1.0,c1,c5
15916,5,0.0,1.0,0.0,c5,c234
15917,4,0.0,0.0,1.0,c5,c5
15918,2,0.0,0.0,1.0,c234,c5
15919,4,0.0,0.0,1.0,c234,c5
15920,1,0.0,0.0,1.0,c234,c5
15921,1,0.0,0.0,1.0,c234,c5
15922,4,0.0,0.0,1.0,c1,c5
15923,4,0.0,0.0,1.0,c1,c5
15924,3,0.0,0.0,1.0,c5,c5
15925,5,0.0,1.0,0.0,c5,c234
15926,5,0.0,1.0,0.0,c234,c234
15927,3,0.0,0.0,1.0,c5,c5
15928,2,0.0,0.0,1.0,c5,c5
15929,3,0.0,0.0,1.0,c1,c5
15930,3,0.0,0.0,1.0,c5,c5
15931,5,0.0,1.0,0.0,c5,c234
15932,4,0.0,0.0,1.0,c234,c5
15933,3,0.0,0.0,1.0,c1,c5
15934,5,0.0,1.0,0.0,c234,c234
15935,2,0.0,0.0,1.0,c1,c5
15936,5,0.0,1.0,0.0,c1,c234
15937,2,0.0,0.0,1.0,c234,c5
15938,5,0.0,1.0,0.0,c234,c234
15939,5,0.0,1.0,0.0,c1,c234
15940,1,0.0,0.0,1.0,c234,c5
15941,3,0.0,0.0,1.0,c1,c5
15942,5,0.0,1.0,0.0,c5,c234
15943,3,0.0,0.0,1.0,c234,c5
15944,1,0.0,0.0,1.0,c234,c5
15945,2,0.0,0.0,1.0,c1,c5
15946,3,0.0,0.0,1.0,c234,c5
15947,4,0.0,0.0,1.0,c234,c5
15948,1,0.0,0.0,1.0,c5,c5
15949,2,0.0,0.0,1.0,c234,c5
15950,1,0.0,0.0,1.0,c5,c5
15951,5,0.0,1.0,0.0,c5,c234
15952,1,0.0,0.0,1.0,c234,c5
15953,4,0.0,0.0,1.0,c234,c5
15954,1,0.0,0.0,1.0,c234,c5
15955,3,0.0,0.0,1.0,c1,c5
15956,2,0.0,0.0,1.0,c234,c5
15957,3,0.0,0.0,1.0,c234,c5
15958,3,0.0,0.0,1.0,c5,c5
15959,1,0.0,0.0,1.0,c234,c5
15960,5,0.0,1.0,0.0,c234,c234
15961,1,0.0,0.0,1.0,c5,c5
15962,5,0.0,1.0,0.0,c234,c234
15963,1,0.0,0.0,1.0,c1,c5
15964,5,0.0,1.0,0.0,c5,c234
15965,1,0.0,0.0,1.0,c5,c5
15966,4,0.0,0.0,1.0,c5,c5
15967,2,0.0,0.0,1.0,c1,c5
15968,2,0.0,0.0,1.0,c234,c5
15969,5,0.0,1.0,0.0,c1,c234
15970,1,0.0,0.0,1.0,c5,c5
15971,5,0.0,1.0,0.0,c5,c234
15972,2,0.0,0.0,1.0,c1,c5
15973,4,0.0,0.0,1.0,c1,c5
15974,5,0.0,1.0,0.0,c234,c234
15975,2,0.0,0.0,1.0,c5,c5
15976,4,0.0,0.0,1.0,c5,c5
15977,1,0.0,0.0,1.0,c1,c5
15978,5,0.0,1.0,0.0,c234,c234
15979,5,0.0,1.0,0.0,c234,c234
15980,4,0.0,0.0,1.0,c1,c5
15981,3,0.0,0.0,1.0,c1,c5
15982,4,0.0,0.0,1.0,c234,c5
15983,4,0.0,0.0,1.0,c5,c5
15984,5,0.0,1.0,0.0,c1,c234
15985,5,0.0,1.0,0.0,c1,c234
15986,3,0.0,0.0,1.0,c234,c5
15987,3,0.0,0.0,1.0,c5,c5
15988,5,0.0,1.0,0.0,c1,c234
15989,4,0.0,0.0,1.0,c234,c5
15990,2,0.0,0.0,1.0,c234,c5
15991,4,0.0,0.0,1.0,c234,c5
15992,5,0.0,1.0,0.0,c5,c234
15993,4,0.0,0.0,1.0,c5,c5
15994,5,0.0,1.0,0.0,c1,c234
15995,4,0.0,0.0,1.0,c1,c5
15996,5,0.0,1.0,0.0,c5,c234
15997,2,0.0,0.0,1.0,c234,c5
15998,1,0.0,0.0,1.0,c234,c5
15999,3,0.0,0.0,1.0,c5,c5
16000,1,0.0,0.0,1.0,c1,c5
16001,2,0.0,0.0,1.0,c1,c5
16002,1,0.0,0.0,1.0,c5,c5
16003,2,0.0,0.0,1.0,c234,c5
16004,5,0.0,1.0,0.0,c5,c234
16005,2,0.0,0.0,1.0,c1,c5
16006,1,0.0,0.0,1.0,c234,c5
16007,4,0.0,0.0,1.0,c5,c5
16008,3,0.0,0.0,1.0,c234,c5
16009,4,0.0,0.0,1.0,c1,c5
16010,3,0.0,0.0,1.0,c5,c5
16011,4,0.0,0.0,1.0,c1,c5
16012,3,0.0,0.0,1.0,c1,c5
16013,1,0.0,0.0,1.0,c234,c5
16014,3,0.0,0.0,1.0,c5,c5
16015,4,0.0,0.0,1.0,c234,c5
16016,2,0.0,0.0,1.0,c1,c5
16017,2,0.0,0.0,1.0,c1,c5
16018,4,0.0,0.0,1.0,c1,c5
16019,4,0.0,0.0,1.0,c234,c5
16020,5,0.0,1.0,0.0,c234,c234
16021,4,0.0,0.0,1.0,c1,c5
16022,2,0.0,0.0,1.0,c1,c5
16023,5,0.0,1.0,0.0,c5,c234
16024,5,0.0,1.0,0.0,c1,c234
16025,3,0.0,0.0,1.0,c234,c5
16026,4,0.0,0.0,1.0,c234,c5
16027,5,0.0,1.0,0.0,c234,c234
16028,2,0.0,0.0,1.0,c234,c5
16029,1,0.0,0.0,1.0,c5,c5
16030,5,0.0,1.0,0.0,c5,c234
16031,1,0.0,0.0,1.0,c5,c5
16032,2,0.0,0.0,1.0,c5,c5
16033,3,0.0,0.0,1.0,c5,c5
16034,5,0.0,1.0,0.0,c1,c234
16035,5,0.0,1.0,0.0,c1,c234
16036,3,0.0,0.0,1.0,c5,c5
16037,5,0.0,1.0,0.0,c5,c234
16038,5,0.0,1.0,0.0,c5,c234
16039,2,0.0,0.0,1.0,c5,c5
16040,1,0.0,0.0,1.0,c1,c5
16041,1,0.0,0.0,1.0,c1,c5
16042,4,0.0,0.0,1.0,c1,c5
16043,5,0.0,1.0,0.0,c234,c234
16044,3,0.0,0.0,1.0,c5,c5
16045,2,0.0,0.0,1.0,c234,c5
16046,5,0.0,1.0,0.0,c5,c234
16047,4,0.0,0.0,1.0,c1,c5
16048,3,0.0,0.0,1.0,c234,c5
16049,3,0.0,0.0,1.0,c1,c5
16050,5,0.0,1.0,0.0,c234,c234
16051,3,0.0,0.0,1.0,c5,c5
16052,3,0.0,0.0,1.0,c234,c5
16053,1,0.0,0.0,1.0,c234,c5
16054,5,0.0,1.0,0.0,c234,c234
16055,5,0.0,1.0,0.0,c234,c234
16056,5,0.0,1.0,0.0,c234,c234
16057,3,0.0,0.0,1.0,c5,c5
16058,1,0.0,0.0,1.0,c5,c5
16059,1,0.0,0.0,1.0,c5,c5
16060,5,0.0,1.0,0.0,c5,c234
16061,3,0.0,0.0,1.0,c234,c5
16062,2,0.0,0.0,1.0,c5,c5
16063,2,0.0,0.0,1.0,c234,c5
16064,2,0.0,0.0,1.0,c234,c5
16065,5,0.0,1.0,0.0,c1,c234
16066,3,0.0,0.0,1.0,c1,c5
16067,5,0.0,1.0,0.0,c1,c234
16068,2,0.0,0.0,1.0,c5,c5
16069,5,0.0,1.0,0.0,c1,c234
16070,4,0.0,0.0,1.0,c5,c5
16071,2,0.0,0.0,1.0,c5,c5
16072,5,0.0,1.0,0.0,c5,c234
16073,4,0.0,0.0,1.0,c234,c5
16074,2,0.0,0.0,1.0,c234,c5
16075,4,0.0,0.0,1.0,c1,c5
16076,3,0.0,0.0,1.0,c1,c5
16077,2,0.0,0.0,1.0,c234,c5
16078,2,0.0,0.0,1.0,c234,c5
16079,2,0.0,0.0,1.0,c5,c5
16080,2,0.0,0.0,1.0,c1,c5
16081,2,0.0,0.0,1.0,c5,c5
16082,5,0.0,1.0,0.0,c234,c234
16083,4,0.0,0.0,1.0,c1,c5
16084,2,0.0,0.0,1.0,c1,c5
16085,3,0.0,0.0,1.0,c1,c5
16086,5,0.0,1.0,0.0,c1,c234
16087,4,0.0,0.0,1.0,c234,c5
16088,2,0.0,0.0,1.0,c1,c5
16089,5,0.0,1.0,0.0,c1,c234
16090,4,0.0,0.0,1.0,c234,c5
16091,3,0.0,0.0,1.0,c234,c5
16092,2,0.0,0.0,1.0,c5,c5
16093,2,0.0,0.0,1.0,c1,c5
16094,1,0.0,0.0,1.0,c1,c5
16095,4,0.0,0.0,1.0,c234,c5
16096,5,0.0,1.0,0.0,c234,c234
16097,4,0.0,0.0,1.0,c5,c5
16098,5,0.0,1.0,0.0,c234,c234
16099,5,0.0,1.0,0.0,c5,c234
16100,5,0.0,1.0,0.0,c5,c234
16101,1,0.0,0.0,1.0,c5,c5
16102,1,0.0,0.0,1.0,c1,c5
16103,3,0.0,0.0,1.0,c1,c5
16104,5,0.0,1.0,0.0,c1,c234
16105,5,0.0,1.0,0.0,c5,c234
16106,4,0.0,0.0,1.0,c1,c5
16107,5,0.0,1.0,0.0,c234,c234
16108,2,0.0,0.0,1.0,c1,c5
16109,4,0.0,0.0,1.0,c5,c5
16110,5,0.0,1.0,0.0,c234,c234
16111,4,0.0,0.0,1.0,c234,c5
16112,4,0.0,0.0,1.0,c234,c5
16113,2,0.0,0.0,1.0,c5,c5
16114,2,0.0,0.0,1.0,c5,c5
16115,4,0.0,0.0,1.0,c5,c5
16116,5,0.0,1.0,0.0,c1,c234
16117,1,0.0,0.0,1.0,c234,c5
16118,2,0.0,0.0,1.0,c1,c5
16119,3,0.0,0.0,1.0,c5,c5
16120,4,0.0,0.0,1.0,c1,c5
16121,1,0.0,0.0,1.0,c5,c5
16122,3,0.0,0.0,1.0,c234,c5
16123,3,0.0,0.0,1.0,c234,c5
16124,2,0.0,0.0,1.0,c1,c5
16125,1,0.0,0.0,1.0,c1,c5
16126,3,0.0,0.0,1.0,c5,c5
16127,5,0.0,1.0,0.0,c1,c234
16128,5,0.0,1.0,0.0,c234,c234
16129,4,0.0,0.0,1.0,c5,c5
16130,5,0.0,1.0,0.0,c234,c234
16131,1,0.0,0.0,1.0,c5,c5
16132,5,0.0,1.0,0.0,c5,c234
16133,3,0.0,0.0,1.0,c234,c5
16134,4,0.0,0.0,1.0,c1,c5
16135,5,0.0,1.0,0.0,c1,c234
16136,4,0.0,0.0,1.0,c5,c5
16137,4,0.0,0.0,1.0,c1,c5
16138,2,0.0,0.0,1.0,c234,c5
16139,5,0.0,1.0,0.0,c5,c234
16140,2,0.0,0.0,1.0,c234,c5
16141,3,0.0,0.0,1.0,c1,c5
16142,2,0.0,0.0,1.0,c234,c5
16143,4,0.0,0.0,1.0,c5,c5
16144,4,0.0,0.0,1.0,c234,c5
16145,3,0.0,0.0,1.0,c5,c5
16146,1,0.0,0.0,1.0,c5,c5
16147,3,0.0,0.0,1.0,c234,c5
16148,2,0.0,0.0,1.0,c5,c5
16149,3,0.0,0.0,1.0,c5,c5
16150,4,0.0,0.0,1.0,c234,c5
16151,1,0.0,0.0,1.0,c234,c5
16152,3,0.0,0.0,1.0,c1,c5
16153,2,0.0,0.0,1.0,c234,c5
16154,1,0.0,0.0,1.0,c1,c5
16155,1,0.0,0.0,1.0,c234,c5
16156,2,0.0,0.0,1.0,c5,c5
16157,5,0.0,1.0,0.0,c234,c234
16158,3,0.0,0.0,1.0,c5,c5
16159,5,0.0,1.0,0.0,c5,c234
16160,2,0.0,0.0,1.0,c234,c5
16161,2,0.0,0.0,1.0,c5,c5
16162,1,0.0,0.0,1.0,c234,c5
16163,1,0.0,0.0,1.0,c234,c5
16164,3,0.0,0.0,1.0,c5,c5
16165,3,0.0,0.0,1.0,c234,c5
16166,1,0.0,0.0,1.0,c234,c5
16167,3,0.0,0.0,1.0,c1,c5
16168,3,0.0,0.0,1.0,c5,c5
16169,5,0.0,1.0,0.0,c5,c234
16170,2,0.0,0.0,1.0,c234,c5
16171,2,0.0,0.0,1.0,c234,c5
16172,2,0.0,0.0,1.0,c5,c5
16173,1,0.0,0.0,1.0,c1,c5
16174,4,0.0,0.0,1.0,c5,c5
16175,5,0.0,1.0,0.0,c1,c234
16176,1,0.0,0.0,1.0,c234,c5
16177,5,0.0,1.0,0.0,c1,c234
16178,4,0.0,0.0,1.0,c234,c5
16179,2,0.0,0.0,1.0,c1,c5
16180,1,0.0,0.0,1.0,c5,c5
16181,5,0.0,1.0,0.0,c5,c234
16182,5,0.0,1.0,0.0,c234,c234
16183,4,0.0,0.0,1.0,c234,c5
16184,3,0.0,0.0,1.0,c5,c5
16185,3,0.0,0.0,1.0,c234,c5
16186,2,0.0,0.0,1.0,c5,c5
16187,4,0.0,0.0,1.0,c5,c5
16188,3,0.0,0.0,1.0,c234,c5
16189,2,0.0,0.0,1.0,c1,c5
16190,5,0.0,1.0,0.0,c5,c234
16191,1,0.0,0.0,1.0,c1,c5
16192,1,0.0,0.0,1.0,c1,c5
16193,2,0.0,0.0,1.0,c5,c5
16194,1,0.0,0.0,1.0,c234,c5
16195,2,0.0,0.0,1.0,c1,c5
16196,5,0.0,1.0,0.0,c234,c234
16197,4,0.0,0.0,1.0,c5,c5
16198,1,0.0,0.0,1.0,c1,c5
16199,5,0.0,1.0,0.0,c1,c234
16200,3,0.0,0.0,1.0,c5,c5
16201,4,0.0,0.0,1.0,c234,c5
16202,5,0.0,1.0,0.0,c1,c234
16203,3,0.0,0.0,1.0,c234,c5
16204,1,0.0,0.0,1.0,c5,c5
16205,4,0.0,0.0,1.0,c1,c5
16206,5,0.0,1.0,0.0,c1,c234
16207,2,0.0,0.0,1.0,c1,c5
16208,2,0.0,0.0,1.0,c5,c5
16209,4,0.0,0.0,1.0,c234,c5
16210,5,0.0,1.0,0.0,c5,c234
16211,3,0.0,0.0,1.0,c5,c5
16212,2,0.0,0.0,1.0,c234,c5
16213,4,0.0,0.0,1.0,c5,c5
16214,5,0.0,1.0,0.0,c234,c234
16215,5,0.0,1.0,0.0,c1,c234
16216,2,0.0,0.0,1.0,c1,c5
16217,4,0.0,0.0,1.0,c5,c5
16218,3,0.0,0.0,1.0,c234,c5
16219,2,0.0,0.0,1.0,c1,c5
16220,2,0.0,0.0,1.0,c234,c5
16221,3,0.0,0.0,1.0,c5,c5
16222,2,0.0,0.0,1.0,c5,c5
16223,3,0.0,0.0,1.0,c234,c5
16224,3,0.0,0.0,1.0,c234,c5
16225,3,0.0,0.0,1.0,c1,c5
16226,5,0.0,1.0,0.0,c1,c234
16227,5,0.0,1.0,0.0,c234,c234
16228,3,0.0,0.0,1.0,c5,c5
16229,4,0.0,0.0,1.0,c234,c5
16230,2,0.0,0.0,1.0,c1,c5
16231,4,0.0,0.0,1.0,c1,c5
16232,4,0.0,0.0,1.0,c5,c5
16233,3,0.0,0.0,1.0,c5,c5
16234,3,0.0,0.0,1.0,c234,c5
16235,4,0.0,0.0,1.0,c5,c5
16236,2,0.0,0.0,1.0,c5,c5
16237,4,0.0,0.0,1.0,c5,c5
16238,5,0.0,1.0,0.0,c1,c234
16239,1,0.0,0.0,1.0,c234,c5
16240,5,0.0,1.0,0.0,c1,c234
16241,3,0.0,0.0,1.0,c1,c5
16242,4,0.0,0.0,1.0,c234,c5
16243,1,0.0,0.0,1.0,c234,c5
16244,1,0.0,0.0,1.0,c1,c5
16245,3,0.0,0.0,1.0,c5,c5
16246,2,0.0,0.0,1.0,c234,c5
16247,3,0.0,0.0,1.0,c234,c5
16248,2,0.0,0.0,1.0,c5,c5
16249,1,0.0,0.0,1.0,c1,c5
16250,4,0.0,0.0,1.0,c234,c5
16251,2,0.0,0.0,1.0,c234,c5
16252,4,0.0,0.0,1.0,c5,c5
16253,5,0.0,1.0,0.0,c234,c234
16254,3,0.0,0.0,1.0,c1,c5
16255,2,0.0,0.0,1.0,c5,c5
16256,4,0.0,0.0,1.0,c234,c5
16257,1,0.0,0.0,1.0,c234,c5
16258,2,0.0,0.0,1.0,c1,c5
16259,4,0.0,0.0,1.0,c234,c5
16260,4,0.0,0.0,1.0,c234,c5
16261,5,0.0,1.0,0.0,c234,c234
16262,1,0.0,0.0,1.0,c234,c5
16263,4,0.0,0.0,1.0,c5,c5
16264,2,0.0,0.0,1.0,c5,c5
16265,1,0.0,0.0,1.0,c1,c5
16266,5,0.0,1.0,0.0,c234,c234
16267,2,0.0,0.0,1.0,c1,c5
16268,4,0.0,0.0,1.0,c1,c5
16269,2,0.0,0.0,1.0,c234,c5
16270,2,0.0,0.0,1.0,c234,c5
16271,3,0.0,0.0,1.0,c5,c5
16272,4,0.0,0.0,1.0,c1,c5
16273,3,0.0,0.0,1.0,c234,c5
16274,3,0.0,0.0,1.0,c5,c5
16275,2,0.0,0.0,1.0,c234,c5
16276,1,0.0,0.0,1.0,c1,c5
16277,3,0.0,0.0,1.0,c1,c5
16278,3,0.0,0.0,1.0,c5,c5
16279,1,0.0,0.0,1.0,c234,c5
16280,2,0.0,0.0,1.0,c1,c5
16281,1,0.0,0.0,1.0,c1,c5
16282,4,0.0,0.0,1.0,c234,c5
16283,2,0.0,0.0,1.0,c5,c5
16284,2,0.0,0.0,1.0,c5,c5
16285,4,0.0,0.0,1.0,c5,c5
16286,4,0.0,0.0,1.0,c5,c5
16287,1,0.0,0.0,1.0,c1,c5
16288,2,0.0,0.0,1.0,c1,c5
16289,1,0.0,0.0,1.0,c234,c5
16290,5,0.0,1.0,0.0,c234,c234
16291,4,0.0,0.0,1.0,c1,c5
16292,5,0.0,1.0,0.0,c5,c234
16293,4,0.0,0.0,1.0,c5,c5
16294,3,0.0,0.0,1.0,c5,c5
16295,2,0.0,0.0,1.0,c1,c5
16296,4,0.0,0.0,1.0,c5,c5
16297,1,0.0,0.0,1.0,c1,c5
16298,4,0.0,0.0,1.0,c234,c5
16299,1,0.0,0.0,1.0,c1,c5
16300,1,0.0,0.0,1.0,c1,c5
16301,2,0.0,0.0,1.0,c1,c5
16302,5,0.0,1.0,0.0,c234,c234
16303,5,0.0,1.0,0.0,c234,c234
16304,4,0.0,0.0,1.0,c234,c5
16305,4,0.0,0.0,1.0,c234,c5
16306,4,0.0,0.0,1.0,c5,c5
16307,1,0.0,0.0,1.0,c234,c5
16308,4,0.0,0.0,1.0,c5,c5
16309,2,0.0,0.0,1.0,c234,c5
16310,4,0.0,0.0,1.0,c5,c5
16311,5,0.0,1.0,0.0,c5,c234
16312,3,0.0,0.0,1.0,c1,c5
16313,5,0.0,1.0,0.0,c1,c234
16314,5,0.0,1.0,0.0,c1,c234
16315,5,0.0,1.0,0.0,c1,c234
16316,1,0.0,0.0,1.0,c234,c5
16317,4,0.0,0.0,1.0,c5,c5
16318,2,0.0,0.0,1.0,c5,c5
16319,3,0.0,0.0,1.0,c1,c5
16320,4,0.0,0.0,1.0,c234,c5
16321,1,0.0,0.0,1.0,c5,c5
16322,5,0.0,1.0,0.0,c234,c234
16323,2,0.0,0.0,1.0,c5,c5
16324,5,0.0,1.0,0.0,c234,c234
16325,5,0.0,1.0,0.0,c234,c234
16326,5,0.0,1.0,0.0,c234,c234
16327,2,0.0,0.0,1.0,c5,c5
16328,3,0.0,0.0,1.0,c234,c5
16329,3,0.0,0.0,1.0,c234,c5
16330,5,0.0,1.0,0.0,c5,c234
16331,4,0.0,0.0,1.0,c5,c5
16332,3,0.0,0.0,1.0,c1,c5
16333,4,0.0,0.0,1.0,c234,c5
16334,2,0.0,0.0,1.0,c234,c5
16335,5,0.0,1.0,0.0,c1,c234
16336,5,0.0,1.0,0.0,c1,c234
16337,4,0.0,0.0,1.0,c5,c5
16338,1,0.0,0.0,1.0,c1,c5
16339,2,0.0,0.0,1.0,c234,c5
16340,4,0.0,0.0,1.0,c234,c5
16341,3,0.0,0.0,1.0,c1,c5
16342,1,0.0,0.0,1.0,c5,c5
16343,2,0.0,0.0,1.0,c234,c5
16344,2,0.0,0.0,1.0,c234,c5
16345,4,0.0,0.0,1.0,c5,c5
16346,1,0.0,0.0,1.0,c234,c5
16347,3,0.0,0.0,1.0,c1,c5
16348,5,0.0,1.0,0.0,c1,c234
16349,4,0.0,0.0,1.0,c234,c5
16350,4,0.0,0.0,1.0,c1,c5
16351,1,0.0,0.0,1.0,c234,c5
16352,2,0.0,0.0,1.0,c5,c5
16353,4,0.0,0.0,1.0,c1,c5
16354,5,0.0,1.0,0.0,c234,c234
16355,4,0.0,0.0,1.0,c234,c5
16356,4,0.0,0.0,1.0,c234,c5
16357,3,0.0,0.0,1.0,c1,c5
16358,3,0.0,0.0,1.0,c5,c5
16359,5,0.0,1.0,0.0,c1,c234
16360,5,0.0,1.0,0.0,c234,c234
16361,4,0.0,0.0,1.0,c1,c5
16362,4,0.0,0.0,1.0,c1,c5
16363,2,0.0,0.0,1.0,c1,c5
16364,1,0.0,0.0,1.0,c234,c5
16365,3,0.0,0.0,1.0,c234,c5
16366,4,0.0,0.0,1.0,c234,c5
16367,2,0.0,0.0,1.0,c1,c5
16368,2,0.0,0.0,1.0,c5,c5
16369,3,0.0,0.0,1.0,c5,c5
16370,5,0.0,1.0,0.0,c234,c234
16371,2,0.0,0.0,1.0,c234,c5
16372,2,0.0,0.0,1.0,c1,c5
16373,5,0.0,1.0,0.0,c234,c234
16374,5,0.0,1.0,0.0,c1,c234
16375,5,0.0,1.0,0.0,c5,c234
16376,2,0.0,0.0,1.0,c5,c5
16377,2,0.0,0.0,1.0,c5,c5
16378,3,0.0,0.0,1.0,c234,c5
16379,2,0.0,0.0,1.0,c5,c5
16380,2,0.0,0.0,1.0,c234,c5
16381,4,0.0,0.0,1.0,c5,c5
16382,4,0.0,0.0,1.0,c1,c5
16383,5,0.0,1.0,0.0,c234,c234
16384,4,0.0,0.0,1.0,c5,c5
16385,2,0.0,0.0,1.0,c1,c5
16386,2,0.0,0.0,1.0,c1,c5
16387,1,0.0,0.0,1.0,c234,c5
16388,1,0.0,0.0,1.0,c1,c5
16389,3,0.0,0.0,1.0,c234,c5
16390,2,0.0,0.0,1.0,c1,c5
16391,2,0.0,0.0,1.0,c5,c5
16392,5,0.0,1.0,0.0,c234,c234
16393,1,0.0,0.0,1.0,c234,c5
16394,3,0.0,0.0,1.0,c1,c5
16395,2,0.0,0.0,1.0,c5,c5
16396,2,0.0,0.0,1.0,c5,c5
16397,5,0.0,1.0,0.0,c234,c234
16398,2,0.0,0.0,1.0,c5,c5
16399,1,0.0,0.0,1.0,c5,c5
16400,2,0.0,0.0,1.0,c234,c5
16401,5,0.0,1.0,0.0,c5,c234
16402,5,0.0,1.0,0.0,c234,c234
16403,5,0.0,1.0,0.0,c5,c234
16404,3,0.0,0.0,1.0,c5,c5
16405,1,0.0,0.0,1.0,c234,c5
16406,3,0.0,0.0,1.0,c5,c5
16407,5,0.0,1.0,0.0,c5,c234
16408,3,0.0,0.0,1.0,c1,c5
16409,1,0.0,0.0,1.0,c5,c5
16410,1,0.0,0.0,1.0,c234,c5
16411,2,0.0,0.0,1.0,c234,c5
16412,5,0.0,1.0,0.0,c5,c234
16413,3,0.0,0.0,1.0,c234,c5
16414,1,0.0,0.0,1.0,c234,c5
16415,2,0.0,0.0,1.0,c5,c5
16416,3,0.0,0.0,1.0,c5,c5
16417,5,0.0,1.0,0.0,c234,c234
16418,2,0.0,0.0,1.0,c5,c5
16419,1,0.0,0.0,1.0,c1,c5
16420,4,0.0,0.0,1.0,c1,c5
16421,2,0.0,0.0,1.0,c1,c5
16422,3,0.0,0.0,1.0,c5,c5
16423,1,0.0,0.0,1.0,c5,c5
16424,3,0.0,0.0,1.0,c5,c5
16425,1,0.0,0.0,1.0,c5,c5
16426,3,0.0,0.0,1.0,c234,c5
16427,4,0.0,0.0,1.0,c234,c5
16428,4,0.0,0.0,1.0,c234,c5
16429,3,0.0,0.0,1.0,c234,c5
16430,4,0.0,0.0,1.0,c234,c5
16431,1,0.0,0.0,1.0,c234,c5
16432,4,0.0,0.0,1.0,c1,c5
16433,3,0.0,0.0,1.0,c234,c5
16434,2,0.0,0.0,1.0,c5,c5
16435,5,0.0,1.0,0.0,c234,c234
16436,4,0.0,0.0,1.0,c5,c5
16437,4,0.0,0.0,1.0,c1,c5
16438,4,0.0,0.0,1.0,c234,c5
16439,5,0.0,1.0,0.0,c234,c234
16440,4,0.0,0.0,1.0,c1,c5
16441,2,0.0,0.0,1.0,c1,c5
16442,1,0.0,0.0,1.0,c5,c5
16443,4,0.0,0.0,1.0,c234,c5
16444,1,0.0,0.0,1.0,c234,c5
16445,2,0.0,0.0,1.0,c5,c5
16446,1,0.0,0.0,1.0,c5,c5
16447,3,0.0,0.0,1.0,c234,c5
16448,2,0.0,0.0,1.0,c1,c5
16449,3,0.0,0.0,1.0,c234,c5
16450,1,0.0,0.0,1.0,c1,c5
16451,5,0.0,1.0,0.0,c1,c234
16452,4,0.0,0.0,1.0,c234,c5
16453,4,0.0,0.0,1.0,c1,c5
16454,5,0.0,1.0,0.0,c5,c234
16455,3,0.0,0.0,1.0,c234,c5
16456,4,0.0,0.0,1.0,c234,c5
16457,5,0.0,1.0,0.0,c234,c234
16458,1,0.0,0.0,1.0,c5,c5
16459,5,0.0,1.0,0.0,c5,c234
16460,5,0.0,1.0,0.0,c1,c234
16461,4,0.0,0.0,1.0,c5,c5
16462,1,0.0,0.0,1.0,c234,c5
16463,1,0.0,0.0,1.0,c5,c5
16464,5,0.0,1.0,0.0,c1,c234
16465,4,0.0,0.0,1.0,c5,c5
16466,3,0.0,0.0,1.0,c5,c5
16467,2,0.0,0.0,1.0,c234,c5
16468,4,0.0,0.0,1.0,c234,c5
16469,5,0.0,1.0,0.0,c1,c234
16470,5,0.0,1.0,0.0,c1,c234
16471,5,0.0,1.0,0.0,c5,c234
16472,3,0.0,0.0,1.0,c1,c5
16473,4,0.0,0.0,1.0,c234,c5
16474,4,0.0,0.0,1.0,c1,c5
16475,5,0.0,1.0,0.0,c234,c234
16476,4,0.0,0.0,1.0,c1,c5
16477,3,0.0,0.0,1.0,c234,c5
16478,2,0.0,0.0,1.0,c1,c5
16479,1,0.0,0.0,1.0,c1,c5
16480,2,0.0,0.0,1.0,c5,c5
16481,2,0.0,0.0,1.0,c5,c5
16482,1,0.0,0.0,1.0,c5,c5
16483,1,0.0,0.0,1.0,c1,c5
16484,3,0.0,0.0,1.0,c1,c5
16485,2,0.0,0.0,1.0,c5,c5
16486,4,0.0,0.0,1.0,c5,c5
16487,2,0.0,0.0,1.0,c5,c5
16488,2,0.0,0.0,1.0,c1,c5
16489,2,0.0,0.0,1.0,c234,c5
16490,5,0.0,1.0,0.0,c234,c234
16491,5,0.0,1.0,0.0,c1,c234
16492,3,0.0,0.0,1.0,c234,c5
16493,4,0.0,0.0,1.0,c234,c5
16494,1,0.0,0.0,1.0,c1,c5
16495,5,0.0,1.0,0.0,c234,c234
16496,4,0.0,0.0,1.0,c5,c5
16497,3,0.0,0.0,1.0,c1,c5
16498,5,0.0,1.0,0.0,c1,c234
16499,5,0.0,1.0,0.0,c5,c234
16500,4,0.0,0.0,1.0,c5,c5
16501,3,0.0,0.0,1.0,c5,c5
16502,5,0.0,1.0,0.0,c234,c234
16503,5,0.0,1.0,0.0,c234,c234
16504,4,0.0,0.0,1.0,c1,c5
16505,5,0.0,1.0,0.0,c1,c234
16506,5,0.0,1.0,0.0,c234,c234
16507,4,0.0,0.0,1.0,c234,c5
16508,5,0.0,1.0,0.0,c5,c234
16509,4,0.0,0.0,1.0,c234,c5
16510,5,0.0,1.0,0.0,c234,c234
16511,2,0.0,0.0,1.0,c1,c5
16512,3,0.0,0.0,1.0,c5,c5
16513,2,0.0,0.0,1.0,c1,c5
16514,2,0.0,0.0,1.0,c5,c5
16515,2,0.0,0.0,1.0,c1,c5
16516,2,0.0,0.0,1.0,c1,c5
16517,1,0.0,0.0,1.0,c234,c5
16518,5,0.0,1.0,0.0,c234,c234
16519,3,0.0,0.0,1.0,c5,c5
16520,5,0.0,1.0,0.0,c234,c234
16521,5,0.0,1.0,0.0,c5,c234
16522,4,0.0,0.0,1.0,c5,c5
16523,4,0.0,0.0,1.0,c1,c5
16524,2,0.0,0.0,1.0,c234,c5
16525,3,0.0,0.0,1.0,c1,c5
16526,5,0.0,1.0,0.0,c234,c234
16527,3,0.0,0.0,1.0,c234,c5
16528,2,0.0,0.0,1.0,c1,c5
16529,5,0.0,1.0,0.0,c1,c234
16530,4,0.0,0.0,1.0,c1,c5
16531,5,0.0,1.0,0.0,c1,c234
16532,3,0.0,0.0,1.0,c234,c5
16533,1,0.0,0.0,1.0,c234,c5
16534,5,0.0,1.0,0.0,c1,c234
16535,3,0.0,0.0,1.0,c1,c5
16536,5,0.0,1.0,0.0,c234,c234
16537,2,0.0,0.0,1.0,c1,c5
16538,5,0.0,1.0,0.0,c1,c234
16539,2,0.0,0.0,1.0,c234,c5
16540,2,0.0,0.0,1.0,c234,c5
16541,2,0.0,0.0,1.0,c1,c5
16542,2,0.0,0.0,1.0,c234,c5
16543,2,0.0,0.0,1.0,c1,c5
16544,3,0.0,0.0,1.0,c234,c5
16545,1,0.0,0.0,1.0,c1,c5
16546,3,0.0,0.0,1.0,c5,c5
16547,4,0.0,0.0,1.0,c1,c5
16548,2,0.0,0.0,1.0,c234,c5
16549,1,0.0,0.0,1.0,c5,c5
16550,1,0.0,0.0,1.0,c5,c5
16551,5,0.0,1.0,0.0,c234,c234
16552,3,0.0,0.0,1.0,c1,c5
16553,1,0.0,0.0,1.0,c5,c5
16554,5,0.0,1.0,0.0,c1,c234
16555,1,0.0,0.0,1.0,c1,c5
16556,4,0.0,0.0,1.0,c234,c5
16557,3,0.0,0.0,1.0,c1,c5
16558,5,0.0,1.0,0.0,c1,c234
16559,1,0.0,0.0,1.0,c1,c5
16560,5,0.0,1.0,0.0,c5,c234
16561,2,0.0,0.0,1.0,c234,c5
16562,4,0.0,0.0,1.0,c1,c5
16563,2,0.0,0.0,1.0,c5,c5
16564,2,0.0,0.0,1.0,c1,c5
16565,2,0.0,0.0,1.0,c1,c5
16566,5,0.0,1.0,0.0,c234,c234
16567,2,0.0,0.0,1.0,c234,c5
16568,4,0.0,0.0,1.0,c1,c5
16569,4,0.0,0.0,1.0,c5,c5
16570,1,0.0,0.0,1.0,c1,c5
16571,1,0.0,0.0,1.0,c234,c5
16572,2,0.0,0.0,1.0,c234,c5
16573,1,0.0,0.0,1.0,c1,c5
16574,3,0.0,0.0,1.0,c5,c5
16575,2,0.0,0.0,1.0,c1,c5
16576,5,0.0,1.0,0.0,c5,c234
16577,2,0.0,0.0,1.0,c5,c5
16578,2,0.0,0.0,1.0,c234,c5
16579,4,0.0,0.0,1.0,c1,c5
16580,1,0.0,0.0,1.0,c234,c5
16581,4,0.0,0.0,1.0,c5,c5
16582,1,0.0,0.0,1.0,c1,c5
16583,4,0.0,0.0,1.0,c1,c5
16584,5,0.0,1.0,0.0,c234,c234
16585,5,0.0,1.0,0.0,c234,c234
16586,2,0.0,0.0,1.0,c5,c5
16587,4,0.0,0.0,1.0,c234,c5
16588,1,0.0,0.0,1.0,c234,c5
16589,4,0.0,0.0,1.0,c5,c5
16590,3,0.0,0.0,1.0,c234,c5
16591,1,0.0,0.0,1.0,c234,c5
16592,4,0.0,0.0,1.0,c5,c5
16593,2,0.0,0.0,1.0,c5,c5
16594,5,0.0,1.0,0.0,c234,c234
16595,4,0.0,0.0,1.0,c1,c5
16596,2,0.0,0.0,1.0,c5,c5
16597,3,0.0,0.0,1.0,c234,c5
16598,4,0.0,0.0,1.0,c234,c5
16599,5,0.0,1.0,0.0,c234,c234
16600,1,0.0,0.0,1.0,c234,c5
16601,4,0.0,0.0,1.0,c5,c5
16602,4,0.0,0.0,1.0,c1,c5
16603,4,0.0,0.0,1.0,c234,c5
16604,4,0.0,0.0,1.0,c5,c5
16605,4,0.0,0.0,1.0,c1,c5
16606,3,0.0,0.0,1.0,c5,c5
16607,1,0.0,0.0,1.0,c1,c5
16608,4,0.0,0.0,1.0,c1,c5
16609,2,0.0,0.0,1.0,c5,c5
16610,4,0.0,0.0,1.0,c5,c5
16611,5,0.0,1.0,0.0,c5,c234
16612,3,0.0,0.0,1.0,c1,c5
16613,5,0.0,1.0,0.0,c5,c234
16614,4,0.0,0.0,1.0,c5,c5
16615,5,0.0,1.0,0.0,c5,c234
16616,4,0.0,0.0,1.0,c5,c5
16617,5,0.0,1.0,0.0,c234,c234
16618,2,0.0,0.0,1.0,c234,c5
16619,2,0.0,0.0,1.0,c1,c5
16620,5,0.0,1.0,0.0,c234,c234
16621,1,0.0,0.0,1.0,c234,c5
16622,3,0.0,0.0,1.0,c1,c5
16623,5,0.0,1.0,0.0,c234,c234
16624,2,0.0,0.0,1.0,c234,c5
16625,4,0.0,0.0,1.0,c1,c5
16626,2,0.0,0.0,1.0,c1,c5
16627,2,0.0,0.0,1.0,c1,c5
16628,1,0.0,0.0,1.0,c1,c5
16629,5,0.0,1.0,0.0,c5,c234
16630,3,0.0,0.0,1.0,c234,c5
16631,3,0.0,0.0,1.0,c234,c5
16632,5,0.0,1.0,0.0,c234,c234
16633,3,0.0,0.0,1.0,c5,c5
16634,5,0.0,1.0,0.0,c234,c234
16635,3,0.0,0.0,1.0,c1,c5
16636,4,0.0,0.0,1.0,c234,c5
16637,1,0.0,0.0,1.0,c234,c5
16638,5,0.0,1.0,0.0,c234,c234
16639,3,0.0,0.0,1.0,c5,c5
16640,1,0.0,0.0,1.0,c234,c5
16641,3,0.0,0.0,1.0,c1,c5
16642,5,0.0,1.0,0.0,c1,c234
16643,1,0.0,0.0,1.0,c5,c5
16644,5,0.0,1.0,0.0,c1,c234
16645,1,0.0,0.0,1.0,c1,c5
16646,1,0.0,0.0,1.0,c5,c5
16647,2,0.0,0.0,1.0,c234,c5
16648,3,0.0,0.0,1.0,c234,c5
16649,2,0.0,0.0,1.0,c234,c5
16650,2,0.0,0.0,1.0,c234,c5
16651,5,0.0,1.0,0.0,c234,c234
16652,3,0.0,0.0,1.0,c234,c5
16653,3,0.0,0.0,1.0,c5,c5
16654,2,0.0,0.0,1.0,c5,c5
16655,4,0.0,0.0,1.0,c234,c5
16656,3,0.0,0.0,1.0,c1,c5
16657,3,0.0,0.0,1.0,c5,c5
16658,1,0.0,0.0,1.0,c1,c5
16659,3,0.0,0.0,1.0,c5,c5
16660,5,0.0,1.0,0.0,c5,c234
16661,2,0.0,0.0,1.0,c1,c5
16662,5,0.0,1.0,0.0,c234,c234
16663,2,0.0,0.0,1.0,c5,c5
16664,2,0.0,0.0,1.0,c234,c5
16665,4,0.0,0.0,1.0,c5,c5
16666,1,0.0,0.0,1.0,c5,c5
16667,2,0.0,0.0,1.0,c234,c5
16668,2,0.0,0.0,1.0,c1,c5
16669,5,0.0,1.0,0.0,c5,c234
16670,1,0.0,0.0,1.0,c5,c5
16671,2,0.0,0.0,1.0,c1,c5
16672,3,0.0,0.0,1.0,c1,c5
16673,5,0.0,1.0,0.0,c234,c234
16674,3,0.0,0.0,1.0,c1,c5
16675,3,0.0,0.0,1.0,c5,c5
16676,2,0.0,0.0,1.0,c234,c5
16677,4,0.0,0.0,1.0,c1,c5
16678,2,0.0,0.0,1.0,c1,c5
16679,3,0.0,0.0,1.0,c1,c5
16680,3,0.0,0.0,1.0,c5,c5
16681,4,0.0,0.0,1.0,c1,c5
16682,4,0.0,0.0,1.0,c5,c5
16683,5,0.0,1.0,0.0,c1,c234
16684,2,0.0,0.0,1.0,c234,c5
16685,3,0.0,0.0,1.0,c234,c5
16686,3,0.0,0.0,1.0,c234,c5
16687,4,0.0,0.0,1.0,c1,c5
16688,3,0.0,0.0,1.0,c5,c5
16689,3,0.0,0.0,1.0,c5,c5
16690,2,0.0,0.0,1.0,c1,c5
16691,1,0.0,0.0,1.0,c1,c5
16692,1,0.0,0.0,1.0,c5,c5
16693,2,0.0,0.0,1.0,c1,c5
16694,3,0.0,0.0,1.0,c234,c5
16695,5,0.0,1.0,0.0,c234,c234
16696,1,0.0,0.0,1.0,c234,c5
16697,3,0.0,0.0,1.0,c5,c5
16698,5,0.0,1.0,0.0,c5,c234
16699,5,0.0,1.0,0.0,c234,c234
16700,5,0.0,1.0,0.0,c5,c234
16701,1,0.0,0.0,1.0,c1,c5
16702,1,0.0,0.0,1.0,c234,c5
16703,5,0.0,1.0,0.0,c5,c234
16704,3,0.0,0.0,1.0,c5,c5
16705,1,0.0,0.0,1.0,c234,c5
16706,1,0.0,0.0,1.0,c5,c5
16707,5,0.0,1.0,0.0,c5,c234
16708,2,0.0,0.0,1.0,c234,c5
16709,3,0.0,0.0,1.0,c5,c5
16710,4,0.0,0.0,1.0,c234,c5
16711,5,0.0,1.0,0.0,c1,c234
16712,3,0.0,0.0,1.0,c5,c5
16713,2,0.0,0.0,1.0,c5,c5
16714,4,0.0,0.0,1.0,c1,c5
16715,1,0.0,0.0,1.0,c234,c5
16716,4,0.0,0.0,1.0,c234,c5
16717,2,0.0,0.0,1.0,c234,c5
16718,2,0.0,0.0,1.0,c234,c5
16719,3,0.0,0.0,1.0,c1,c5
16720,2,0.0,0.0,1.0,c234,c5
16721,5,0.0,1.0,0.0,c1,c234
16722,1,0.0,0.0,1.0,c234,c5
16723,2,0.0,0.0,1.0,c234,c5
16724,3,0.0,0.0,1.0,c234,c5
16725,4,0.0,0.0,1.0,c234,c5
16726,4,0.0,0.0,1.0,c5,c5
16727,2,0.0,0.0,1.0,c1,c5
16728,1,0.0,0.0,1.0,c5,c5
16729,4,0.0,0.0,1.0,c234,c5
16730,4,0.0,0.0,1.0,c5,c5
16731,4,0.0,0.0,1.0,c5,c5
16732,3,0.0,0.0,1.0,c234,c5
16733,1,0.0,0.0,1.0,c1,c5
16734,4,0.0,0.0,1.0,c1,c5
16735,3,0.0,0.0,1.0,c5,c5
16736,2,0.0,0.0,1.0,c234,c5
16737,1,0.0,0.0,1.0,c1,c5
16738,2,0.0,0.0,1.0,c5,c5
16739,1,0.0,0.0,1.0,c5,c5
16740,2,0.0,0.0,1.0,c1,c5
16741,4,0.0,0.0,1.0,c234,c5
16742,3,0.0,0.0,1.0,c5,c5
16743,5,0.0,1.0,0.0,c5,c234
16744,5,0.0,1.0,0.0,c1,c234
16745,2,0.0,0.0,1.0,c234,c5
16746,3,0.0,0.0,1.0,c1,c5
16747,5,0.0,1.0,0.0,c5,c234
16748,5,0.0,1.0,0.0,c234,c234
16749,1,0.0,0.0,1.0,c5,c5
16750,2,0.0,0.0,1.0,c1,c5
16751,4,0.0,0.0,1.0,c234,c5
16752,1,0.0,0.0,1.0,c5,c5
16753,3,0.0,0.0,1.0,c5,c5
16754,4,0.0,0.0,1.0,c234,c5
16755,2,0.0,0.0,1.0,c1,c5
16756,5,0.0,1.0,0.0,c234,c234
16757,2,0.0,0.0,1.0,c1,c5
16758,3,0.0,0.0,1.0,c5,c5
16759,2,0.0,0.0,1.0,c234,c5
16760,5,0.0,1.0,0.0,c234,c234
16761,5,0.0,1.0,0.0,c1,c234
16762,5,0.0,1.0,0.0,c1,c234
16763,2,0.0,0.0,1.0,c1,c5
16764,2,0.0,0.0,1.0,c1,c5
16765,5,0.0,1.0,0.0,c5,c234
16766,3,0.0,0.0,1.0,c234,c5
16767,4,0.0,0.0,1.0,c5,c5
16768,2,0.0,0.0,1.0,c1,c5
16769,1,0.0,0.0,1.0,c234,c5
16770,4,0.0,0.0,1.0,c234,c5
16771,4,0.0,0.0,1.0,c5,c5
16772,1,0.0,0.0,1.0,c1,c5
16773,4,0.0,0.0,1.0,c1,c5
16774,1,0.0,0.0,1.0,c234,c5
16775,1,0.0,0.0,1.0,c5,c5
16776,1,0.0,0.0,1.0,c234,c5
16777,4,0.0,0.0,1.0,c5,c5
16778,2,0.0,0.0,1.0,c1,c5
16779,5,0.0,1.0,0.0,c234,c234
16780,3,0.0,0.0,1.0,c234,c5
16781,1,0.0,0.0,1.0,c5,c5
16782,1,0.0,0.0,1.0,c1,c5
16783,1,0.0,0.0,1.0,c234,c5
16784,2,0.0,0.0,1.0,c234,c5
16785,4,0.0,0.0,1.0,c5,c5
16786,2,0.0,0.0,1.0,c5,c5
16787,5,0.0,1.0,0.0,c234,c234
16788,3,0.0,0.0,1.0,c234,c5
16789,5,0.0,1.0,0.0,c5,c234
16790,3,0.0,0.0,1.0,c234,c5
16791,3,0.0,0.0,1.0,c1,c5
16792,5,0.0,1.0,0.0,c1,c234
16793,1,0.0,0.0,1.0,c5,c5
16794,5,0.0,1.0,0.0,c234,c234
16795,4,0.0,0.0,1.0,c1,c5
16796,4,0.0,0.0,1.0,c5,c5
16797,3,0.0,0.0,1.0,c234,c5
16798,2,0.0,0.0,1.0,c5,c5
16799,3,0.0,0.0,1.0,c234,c5
16800,3,0.0,0.0,1.0,c5,c5
16801,4,0.0,0.0,1.0,c1,c5
16802,3,0.0,0.0,1.0,c5,c5
16803,2,0.0,0.0,1.0,c5,c5
16804,3,0.0,0.0,1.0,c5,c5
16805,4,0.0,0.0,1.0,c234,c5
16806,1,0.0,0.0,1.0,c5,c5
16807,4,0.0,0.0,1.0,c5,c5
16808,4,0.0,0.0,1.0,c1,c5
16809,3,0.0,0.0,1.0,c234,c5
16810,2,0.0,0.0,1.0,c5,c5
16811,4,0.0,0.0,1.0,c1,c5
16812,2,0.0,0.0,1.0,c1,c5
16813,1,0.0,0.0,1.0,c1,c5
16814,3,0.0,0.0,1.0,c234,c5
16815,4,0.0,0.0,1.0,c234,c5
16816,4,0.0,0.0,1.0,c5,c5
16817,2,0.0,0.0,1.0,c5,c5
16818,2,0.0,0.0,1.0,c5,c5
16819,2,0.0,0.0,1.0,c234,c5
16820,3,0.0,0.0,1.0,c234,c5
16821,4,0.0,0.0,1.0,c1,c5
16822,1,0.0,0.0,1.0,c5,c5
16823,1,0.0,0.0,1.0,c5,c5
16824,1,0.0,0.0,1.0,c1,c5
16825,3,0.0,0.0,1.0,c5,c5
16826,2,0.0,0.0,1.0,c1,c5
16827,5,0.0,1.0,0.0,c5,c234
16828,4,0.0,0.0,1.0,c1,c5
16829,3,0.0,0.0,1.0,c234,c5
16830,2,0.0,0.0,1.0,c5,c5
16831,4,0.0,0.0,1.0,c5,c5
16832,3,0.0,0.0,1.0,c1,c5
16833,4,0.0,0.0,1.0,c1,c5
16834,4,0.0,0.0,1.0,c5,c5
16835,2,0.0,0.0,1.0,c5,c5
16836,1,0.0,0.0,1.0,c1,c5
16837,2,0.0,0.0,1.0,c234,c5
16838,1,0.0,0.0,1.0,c1,c5
16839,1,0.0,0.0,1.0,c234,c5
16840,5,0.0,1.0,0.0,c234,c234
16841,3,0.0,0.0,1.0,c234,c5
16842,2,0.0,0.0,1.0,c1,c5
16843,5,0.0,1.0,0.0,c1,c234
16844,4,0.0,0.0,1.0,c5,c5
16845,2,0.0,0.0,1.0,c5,c5
16846,2,0.0,0.0,1.0,c1,c5
16847,5,0.0,1.0,0.0,c1,c234
16848,5,0.0,1.0,0.0,c234,c234
16849,4,0.0,0.0,1.0,c1,c5
16850,5,0.0,1.0,0.0,c234,c234
16851,2,0.0,0.0,1.0,c1,c5
16852,3,0.0,0.0,1.0,c5,c5
16853,2,0.0,0.0,1.0,c234,c5
16854,4,0.0,0.0,1.0,c1,c5
16855,3,0.0,0.0,1.0,c234,c5
16856,3,0.0,0.0,1.0,c234,c5
16857,5,0.0,1.0,0.0,c234,c234
16858,4,0.0,0.0,1.0,c1,c5
16859,4,0.0,0.0,1.0,c5,c5
16860,2,0.0,0.0,1.0,c234,c5
16861,5,0.0,1.0,0.0,c5,c234
16862,2,0.0,0.0,1.0,c5,c5
16863,3,0.0,0.0,1.0,c234,c5
16864,1,0.0,0.0,1.0,c5,c5
16865,2,0.0,0.0,1.0,c234,c5
16866,4,0.0,0.0,1.0,c1,c5
16867,3,0.0,0.0,1.0,c234,c5
16868,5,0.0,1.0,0.0,c234,c234
16869,3,0.0,0.0,1.0,c1,c5
16870,5,0.0,1.0,0.0,c5,c234
16871,1,0.0,0.0,1.0,c5,c5
16872,2,0.0,0.0,1.0,c234,c5
16873,2,0.0,0.0,1.0,c1,c5
16874,4,0.0,0.0,1.0,c234,c5
16875,5,0.0,1.0,0.0,c1,c234
16876,4,0.0,0.0,1.0,c5,c5
16877,3,0.0,0.0,1.0,c1,c5
16878,2,0.0,0.0,1.0,c234,c5
16879,5,0.0,1.0,0.0,c5,c234
16880,1,0.0,0.0,1.0,c1,c5
16881,3,0.0,0.0,1.0,c234,c5
16882,3,0.0,0.0,1.0,c5,c5
16883,4,0.0,0.0,1.0,c5,c5
16884,5,0.0,1.0,0.0,c1,c234
16885,2,0.0,0.0,1.0,c234,c5
16886,1,0.0,0.0,1.0,c1,c5
16887,2,0.0,0.0,1.0,c5,c5
16888,5,0.0,1.0,0.0,c5,c234
16889,1,0.0,0.0,1.0,c234,c5
16890,4,0.0,0.0,1.0,c1,c5
16891,3,0.0,0.0,1.0,c1,c5
16892,4,0.0,0.0,1.0,c1,c5
16893,1,0.0,0.0,1.0,c234,c5
16894,2,0.0,0.0,1.0,c234,c5
16895,3,0.0,0.0,1.0,c234,c5
16896,1,0.0,0.0,1.0,c5,c5
16897,3,0.0,0.0,1.0,c5,c5
16898,5,0.0,1.0,0.0,c5,c234
16899,3,0.0,0.0,1.0,c1,c5
16900,4,0.0,0.0,1.0,c5,c5
16901,5,0.0,1.0,0.0,c1,c234
16902,3,0.0,0.0,1.0,c234,c5
16903,1,0.0,0.0,1.0,c234,c5
16904,2,0.0,0.0,1.0,c234,c5
16905,2,0.0,0.0,1.0,c234,c5
16906,1,0.0,0.0,1.0,c5,c5
16907,5,0.0,1.0,0.0,c5,c234
16908,2,0.0,0.0,1.0,c1,c5
16909,3,0.0,0.0,1.0,c5,c5
16910,1,0.0,0.0,1.0,c5,c5
16911,1,0.0,0.0,1.0,c1,c5
16912,5,0.0,1.0,0.0,c234,c234
16913,4,0.0,0.0,1.0,c1,c5
16914,2,0.0,0.0,1.0,c234,c5
16915,5,0.0,1.0,0.0,c234,c234
16916,2,0.0,0.0,1.0,c1,c5
16917,4,0.0,0.0,1.0,c5,c5
16918,4,0.0,0.0,1.0,c234,c5
16919,4,0.0,0.0,1.0,c234,c5
16920,4,0.0,0.0,1.0,c234,c5
16921,2,0.0,0.0,1.0,c5,c5
16922,5,0.0,1.0,0.0,c5,c234
16923,5,0.0,1.0,0.0,c234,c234
16924,4,0.0,0.0,1.0,c5,c5
16925,4,0.0,0.0,1.0,c234,c5
16926,3,0.0,0.0,1.0,c1,c5
16927,4,0.0,0.0,1.0,c234,c5
16928,4,0.0,0.0,1.0,c1,c5
16929,3,0.0,0.0,1.0,c234,c5
16930,1,0.0,0.0,1.0,c234,c5
16931,5,0.0,1.0,0.0,c5,c234
16932,2,0.0,0.0,1.0,c1,c5
16933,4,0.0,0.0,1.0,c1,c5
16934,2,0.0,0.0,1.0,c1,c5
16935,3,0.0,0.0,1.0,c1,c5
16936,5,0.0,1.0,0.0,c5,c234
16937,2,0.0,0.0,1.0,c234,c5
16938,5,0.0,1.0,0.0,c234,c234
16939,1,0.0,0.0,1.0,c1,c5
16940,3,0.0,0.0,1.0,c234,c5
16941,1,0.0,0.0,1.0,c5,c5
16942,5,0.0,1.0,0.0,c1,c234
16943,3,0.0,0.0,1.0,c1,c5
16944,2,0.0,0.0,1.0,c5,c5
16945,1,0.0,0.0,1.0,c234,c5
16946,2,0.0,0.0,1.0,c1,c5
16947,5,0.0,1.0,0.0,c1,c234
16948,5,0.0,1.0,0.0,c1,c234
16949,5,0.0,1.0,0.0,c5,c234
16950,1,0.0,0.0,1.0,c5,c5
16951,2,0.0,0.0,1.0,c234,c5
16952,4,0.0,0.0,1.0,c234,c5
16953,3,0.0,0.0,1.0,c5,c5
16954,2,0.0,0.0,1.0,c5,c5
16955,2,0.0,0.0,1.0,c234,c5
16956,1,0.0,0.0,1.0,c5,c5
16957,1,0.0,0.0,1.0,c5,c5
16958,1,0.0,0.0,1.0,c234,c5
16959,5,0.0,1.0,0.0,c1,c234
16960,2,0.0,0.0,1.0,c234,c5
16961,4,0.0,0.0,1.0,c1,c5
16962,1,0.0,0.0,1.0,c234,c5
16963,1,0.0,0.0,1.0,c1,c5
16964,5,0.0,1.0,0.0,c234,c234
16965,3,0.0,0.0,1.0,c1,c5
16966,2,0.0,0.0,1.0,c5,c5
16967,1,0.0,0.0,1.0,c234,c5
16968,2,0.0,0.0,1.0,c5,c5
16969,4,0.0,0.0,1.0,c5,c5
16970,5,0.0,1.0,0.0,c5,c234
16971,1,0.0,0.0,1.0,c234,c5
16972,5,0.0,1.0,0.0,c234,c234
16973,5,0.0,1.0,0.0,c5,c234
16974,2,0.0,0.0,1.0,c5,c5
16975,2,0.0,0.0,1.0,c1,c5
16976,3,0.0,0.0,1.0,c5,c5
16977,4,0.0,0.0,1.0,c234,c5
16978,1,0.0,0.0,1.0,c1,c5
16979,5,0.0,1.0,0.0,c5,c234
16980,3,0.0,0.0,1.0,c5,c5
16981,3,0.0,0.0,1.0,c5,c5
16982,2,0.0,0.0,1.0,c5,c5
16983,5,0.0,1.0,0.0,c5,c234
16984,1,0.0,0.0,1.0,c5,c5
16985,3,0.0,0.0,1.0,c5,c5
16986,5,0.0,1.0,0.0,c1,c234
16987,1,0.0,0.0,1.0,c5,c5
16988,3,0.0,0.0,1.0,c234,c5
16989,5,0.0,1.0,0.0,c234,c234
16990,2,0.0,0.0,1.0,c5,c5
16991,5,0.0,1.0,0.0,c1,c234
16992,5,0.0,1.0,0.0,c234,c234
16993,4,0.0,0.0,1.0,c234,c5
16994,2,0.0,0.0,1.0,c5,c5
16995,3,0.0,0.0,1.0,c5,c5
16996,1,0.0,0.0,1.0,c5,c5
16997,5,0.0,1.0,0.0,c5,c234
16998,4,0.0,0.0,1.0,c234,c5
16999,2,0.0,0.0,1.0,c234,c5
17000,3,0.0,0.0,1.0,c1,c5
17001,3,0.0,0.0,1.0,c1,c5
17002,4,0.0,0.0,1.0,c5,c5
17003,4,0.0,0.0,1.0,c1,c5
17004,1,0.0,0.0,1.0,c1,c5
17005,3,0.0,0.0,1.0,c5,c5
17006,2,0.0,0.0,1.0,c5,c5
17007,5,0.0,1.0,0.0,c5,c234
17008,4,0.0,0.0,1.0,c5,c5
17009,2,0.0,0.0,1.0,c234,c5
17010,4,0.0,0.0,1.0,c5,c5
17011,5,0.0,1.0,0.0,c1,c234
17012,1,0.0,0.0,1.0,c5,c5
17013,1,0.0,0.0,1.0,c234,c5
17014,2,0.0,0.0,1.0,c5,c5
17015,4,0.0,0.0,1.0,c5,c5
17016,1,0.0,0.0,1.0,c1,c5
17017,2,0.0,0.0,1.0,c234,c5
17018,1,0.0,0.0,1.0,c1,c5
17019,2,0.0,0.0,1.0,c5,c5
17020,1,0.0,0.0,1.0,c5,c5
17021,5,0.0,1.0,0.0,c5,c234
17022,4,0.0,0.0,1.0,c234,c5
17023,4,0.0,0.0,1.0,c1,c5
17024,1,0.0,0.0,1.0,c234,c5
17025,4,0.0,0.0,1.0,c1,c5
17026,5,0.0,1.0,0.0,c234,c234
17027,3,0.0,0.0,1.0,c1,c5
17028,3,0.0,0.0,1.0,c5,c5
17029,5,0.0,1.0,0.0,c5,c234
17030,1,0.0,0.0,1.0,c1,c5
17031,5,0.0,1.0,0.0,c1,c234
17032,3,0.0,0.0,1.0,c234,c5
17033,1,0.0,0.0,1.0,c1,c5
17034,3,0.0,0.0,1.0,c234,c5
17035,4,0.0,0.0,1.0,c234,c5
17036,2,0.0,0.0,1.0,c5,c5
17037,5,0.0,1.0,0.0,c1,c234
17038,4,0.0,0.0,1.0,c1,c5
17039,3,0.0,0.0,1.0,c234,c5
17040,3,0.0,0.0,1.0,c234,c5
17041,3,0.0,0.0,1.0,c1,c5
17042,4,0.0,0.0,1.0,c1,c5
17043,1,0.0,0.0,1.0,c1,c5
17044,4,0.0,0.0,1.0,c5,c5
17045,2,0.0,0.0,1.0,c1,c5
17046,3,0.0,0.0,1.0,c1,c5
17047,1,0.0,0.0,1.0,c5,c5
17048,2,0.0,0.0,1.0,c234,c5
17049,2,0.0,0.0,1.0,c5,c5
17050,3,0.0,0.0,1.0,c1,c5
17051,3,0.0,0.0,1.0,c5,c5
17052,1,0.0,0.0,1.0,c1,c5
17053,3,0.0,0.0,1.0,c234,c5
17054,3,0.0,0.0,1.0,c1,c5
17055,1,0.0,0.0,1.0,c1,c5
17056,2,0.0,0.0,1.0,c5,c5
17057,4,0.0,0.0,1.0,c1,c5
17058,1,0.0,0.0,1.0,c5,c5
17059,1,0.0,0.0,1.0,c5,c5
17060,3,0.0,0.0,1.0,c1,c5
17061,3,0.0,0.0,1.0,c234,c5
17062,5,0.0,1.0,0.0,c5,c234
17063,1,0.0,0.0,1.0,c234,c5
17064,1,0.0,0.0,1.0,c1,c5
17065,2,0.0,0.0,1.0,c5,c5
17066,1,0.0,0.0,1.0,c1,c5
17067,1,0.0,0.0,1.0,c5,c5
17068,3,0.0,0.0,1.0,c1,c5
17069,5,0.0,1.0,0.0,c234,c234
17070,1,0.0,0.0,1.0,c234,c5
17071,2,0.0,0.0,1.0,c5,c5
17072,2,0.0,0.0,1.0,c5,c5
17073,1,0.0,0.0,1.0,c5,c5
17074,4,0.0,0.0,1.0,c1,c5
17075,5,0.0,1.0,0.0,c1,c234
17076,2,0.0,0.0,1.0,c5,c5
17077,4,0.0,0.0,1.0,c234,c5
17078,1,0.0,0.0,1.0,c234,c5
17079,2,0.0,0.0,1.0,c234,c5
17080,3,0.0,0.0,1.0,c5,c5
17081,4,0.0,0.0,1.0,c1,c5
17082,3,0.0,0.0,1.0,c234,c5
17083,1,0.0,0.0,1.0,c234,c5
17084,3,0.0,0.0,1.0,c1,c5
17085,3,0.0,0.0,1.0,c5,c5
17086,1,0.0,0.0,1.0,c234,c5
17087,4,0.0,0.0,1.0,c5,c5
17088,1,0.0,0.0,1.0,c234,c5
17089,2,0.0,0.0,1.0,c5,c5
17090,5,0.0,1.0,0.0,c234,c234
17091,3,0.0,0.0,1.0,c5,c5
17092,3,0.0,0.0,1.0,c5,c5
17093,2,0.0,0.0,1.0,c5,c5
17094,1,0.0,0.0,1.0,c5,c5
17095,1,0.0,0.0,1.0,c1,c5
17096,2,0.0,0.0,1.0,c5,c5
17097,1,0.0,0.0,1.0,c1,c5
17098,3,0.0,0.0,1.0,c1,c5
17099,5,0.0,1.0,0.0,c234,c234
17100,1,0.0,0.0,1.0,c5,c5
17101,2,0.0,0.0,1.0,c1,c5
17102,5,0.0,1.0,0.0,c234,c234
17103,2,0.0,0.0,1.0,c1,c5
17104,2,0.0,0.0,1.0,c234,c5
17105,2,0.0,0.0,1.0,c1,c5
17106,4,0.0,0.0,1.0,c1,c5
17107,2,0.0,0.0,1.0,c5,c5
17108,2,0.0,0.0,1.0,c234,c5
17109,5,0.0,1.0,0.0,c5,c234
17110,5,0.0,1.0,0.0,c234,c234
17111,4,0.0,0.0,1.0,c1,c5
17112,3,0.0,0.0,1.0,c5,c5
17113,2,0.0,0.0,1.0,c5,c5
17114,1,0.0,0.0,1.0,c234,c5
17115,3,0.0,0.0,1.0,c1,c5
17116,3,0.0,0.0,1.0,c234,c5
17117,5,0.0,1.0,0.0,c1,c234
17118,4,0.0,0.0,1.0,c1,c5
17119,2,0.0,0.0,1.0,c1,c5
17120,3,0.0,0.0,1.0,c234,c5
17121,5,0.0,1.0,0.0,c5,c234
17122,2,0.0,0.0,1.0,c234,c5
17123,2,0.0,0.0,1.0,c234,c5
17124,1,0.0,0.0,1.0,c1,c5
17125,5,0.0,1.0,0.0,c234,c234
17126,4,0.0,0.0,1.0,c1,c5
17127,2,0.0,0.0,1.0,c234,c5
17128,1,0.0,0.0,1.0,c234,c5
17129,4,0.0,0.0,1.0,c1,c5
17130,4,0.0,0.0,1.0,c5,c5
17131,3,0.0,0.0,1.0,c234,c5
17132,2,0.0,0.0,1.0,c234,c5
17133,3,0.0,0.0,1.0,c1,c5
17134,1,0.0,0.0,1.0,c1,c5
17135,5,0.0,1.0,0.0,c1,c234
17136,5,0.0,1.0,0.0,c1,c234
17137,5,0.0,1.0,0.0,c5,c234
17138,3,0.0,0.0,1.0,c5,c5
17139,3,0.0,0.0,1.0,c234,c5
17140,4,0.0,0.0,1.0,c5,c5
17141,5,0.0,1.0,0.0,c234,c234
17142,4,0.0,0.0,1.0,c234,c5
17143,4,0.0,0.0,1.0,c5,c5
17144,3,0.0,0.0,1.0,c234,c5
17145,3,0.0,0.0,1.0,c234,c5
17146,2,0.0,0.0,1.0,c234,c5
17147,4,0.0,0.0,1.0,c234,c5
17148,4,0.0,0.0,1.0,c5,c5
17149,2,0.0,0.0,1.0,c1,c5
17150,5,0.0,1.0,0.0,c234,c234
17151,5,0.0,1.0,0.0,c1,c234
17152,1,0.0,0.0,1.0,c1,c5
17153,1,0.0,0.0,1.0,c5,c5
17154,2,0.0,0.0,1.0,c5,c5
17155,3,0.0,0.0,1.0,c5,c5
17156,5,0.0,1.0,0.0,c5,c234
17157,5,0.0,1.0,0.0,c234,c234
17158,3,0.0,0.0,1.0,c234,c5
17159,2,0.0,0.0,1.0,c1,c5
17160,2,0.0,0.0,1.0,c1,c5
17161,1,0.0,0.0,1.0,c1,c5
17162,1,0.0,0.0,1.0,c5,c5
17163,4,0.0,0.0,1.0,c5,c5
17164,4,0.0,0.0,1.0,c234,c5
17165,1,0.0,0.0,1.0,c234,c5
17166,2,0.0,0.0,1.0,c234,c5
17167,2,0.0,0.0,1.0,c234,c5
17168,1,0.0,0.0,1.0,c1,c5
17169,5,0.0,1.0,0.0,c5,c234
17170,4,0.0,0.0,1.0,c234,c5
17171,3,0.0,0.0,1.0,c1,c5
17172,3,0.0,0.0,1.0,c1,c5
17173,1,0.0,0.0,1.0,c1,c5
17174,1,0.0,0.0,1.0,c234,c5
17175,2,0.0,0.0,1.0,c234,c5
17176,4,0.0,0.0,1.0,c5,c5
17177,1,0.0,0.0,1.0,c5,c5
17178,3,0.0,0.0,1.0,c1,c5
17179,2,0.0,0.0,1.0,c234,c5
17180,5,0.0,1.0,0.0,c1,c234
17181,4,0.0,0.0,1.0,c5,c5
17182,1,0.0,0.0,1.0,c234,c5
17183,3,0.0,0.0,1.0,c234,c5
17184,5,0.0,1.0,0.0,c5,c234
17185,5,0.0,1.0,0.0,c1,c234
17186,4,0.0,0.0,1.0,c5,c5
17187,2,0.0,0.0,1.0,c1,c5
17188,5,0.0,1.0,0.0,c5,c234
17189,1,0.0,0.0,1.0,c5,c5
17190,1,0.0,0.0,1.0,c1,c5
17191,1,0.0,0.0,1.0,c234,c5
17192,1,0.0,0.0,1.0,c234,c5
17193,3,0.0,0.0,1.0,c5,c5
17194,4,0.0,0.0,1.0,c234,c5
17195,4,0.0,0.0,1.0,c234,c5
17196,4,0.0,0.0,1.0,c234,c5
17197,5,0.0,1.0,0.0,c5,c234
17198,2,0.0,0.0,1.0,c1,c5
17199,2,0.0,0.0,1.0,c234,c5
17200,1,0.0,0.0,1.0,c5,c5
17201,4,0.0,0.0,1.0,c234,c5
17202,1,0.0,0.0,1.0,c234,c5
17203,2,0.0,0.0,1.0,c234,c5
17204,1,0.0,0.0,1.0,c5,c5
17205,1,0.0,0.0,1.0,c1,c5
17206,3,0.0,0.0,1.0,c1,c5
17207,3,0.0,0.0,1.0,c234,c5
17208,5,0.0,1.0,0.0,c234,c234
17209,5,0.0,1.0,0.0,c234,c234
17210,2,0.0,0.0,1.0,c5,c5
17211,1,0.0,0.0,1.0,c234,c5
17212,1,0.0,0.0,1.0,c5,c5
17213,2,0.0,0.0,1.0,c234,c5
17214,1,0.0,0.0,1.0,c5,c5
17215,2,0.0,0.0,1.0,c5,c5
17216,4,0.0,0.0,1.0,c1,c5
17217,3,0.0,0.0,1.0,c5,c5
17218,5,0.0,1.0,0.0,c234,c234
17219,4,0.0,0.0,1.0,c5,c5
17220,5,0.0,1.0,0.0,c1,c234
17221,2,0.0,0.0,1.0,c234,c5
17222,4,0.0,0.0,1.0,c5,c5
17223,5,0.0,1.0,0.0,c5,c234
17224,5,0.0,1.0,0.0,c234,c234
17225,4,0.0,0.0,1.0,c234,c5
17226,3,0.0,0.0,1.0,c5,c5
17227,3,0.0,0.0,1.0,c1,c5
17228,1,0.0,0.0,1.0,c234,c5
17229,4,0.0,0.0,1.0,c5,c5
17230,3,0.0,0.0,1.0,c234,c5
17231,5,0.0,1.0,0.0,c234,c234
17232,4,0.0,0.0,1.0,c234,c5
17233,5,0.0,1.0,0.0,c5,c234
17234,3,0.0,0.0,1.0,c5,c5
17235,5,0.0,1.0,0.0,c5,c234
17236,3,0.0,0.0,1.0,c234,c5
17237,2,0.0,0.0,1.0,c5,c5
17238,4,0.0,0.0,1.0,c1,c5
17239,1,0.0,0.0,1.0,c234,c5
17240,5,0.0,1.0,0.0,c5,c234
17241,1,0.0,0.0,1.0,c234,c5
17242,5,0.0,1.0,0.0,c234,c234
17243,2,0.0,0.0,1.0,c1,c5
17244,1,0.0,0.0,1.0,c234,c5
17245,1,0.0,0.0,1.0,c234,c5
17246,4,0.0,0.0,1.0,c5,c5
17247,5,0.0,1.0,0.0,c5,c234
17248,5,0.0,1.0,0.0,c5,c234
17249,2,0.0,0.0,1.0,c5,c5
17250,1,0.0,0.0,1.0,c5,c5
17251,4,0.0,0.0,1.0,c234,c5
17252,3,0.0,0.0,1.0,c5,c5
17253,4,0.0,0.0,1.0,c5,c5
17254,5,0.0,1.0,0.0,c1,c234
17255,1,0.0,0.0,1.0,c5,c5
17256,4,0.0,0.0,1.0,c5,c5
17257,4,0.0,0.0,1.0,c234,c5
17258,3,0.0,0.0,1.0,c5,c5
17259,3,0.0,0.0,1.0,c1,c5
17260,2,0.0,0.0,1.0,c1,c5
17261,1,0.0,0.0,1.0,c5,c5
17262,4,0.0,0.0,1.0,c5,c5
17263,5,0.0,1.0,0.0,c5,c234
17264,4,0.0,0.0,1.0,c5,c5
17265,5,0.0,1.0,0.0,c234,c234
17266,1,0.0,0.0,1.0,c5,c5
17267,1,0.0,0.0,1.0,c1,c5
17268,3,0.0,0.0,1.0,c1,c5
17269,2,0.0,0.0,1.0,c1,c5
17270,2,0.0,0.0,1.0,c5,c5
17271,1,0.0,0.0,1.0,c1,c5
17272,2,0.0,0.0,1.0,c1,c5
17273,5,0.0,1.0,0.0,c1,c234
17274,2,0.0,0.0,1.0,c234,c5
17275,3,0.0,0.0,1.0,c234,c5
17276,4,0.0,0.0,1.0,c5,c5
17277,2,0.0,0.0,1.0,c5,c5
17278,2,0.0,0.0,1.0,c5,c5
17279,1,0.0,0.0,1.0,c234,c5
17280,2,0.0,0.0,1.0,c1,c5
17281,1,0.0,0.0,1.0,c234,c5
17282,5,0.0,1.0,0.0,c5,c234
17283,2,0.0,0.0,1.0,c1,c5
17284,2,0.0,0.0,1.0,c1,c5
17285,2,0.0,0.0,1.0,c1,c5
17286,4,0.0,0.0,1.0,c1,c5
17287,3,0.0,0.0,1.0,c1,c5
17288,5,0.0,1.0,0.0,c234,c234
17289,5,0.0,1.0,0.0,c1,c234
17290,1,0.0,0.0,1.0,c1,c5
17291,1,0.0,0.0,1.0,c5,c5
17292,2,0.0,0.0,1.0,c234,c5
17293,2,0.0,0.0,1.0,c5,c5
17294,4,0.0,0.0,1.0,c5,c5
17295,2,0.0,0.0,1.0,c5,c5
17296,5,0.0,1.0,0.0,c234,c234
17297,2,0.0,0.0,1.0,c1,c5
17298,5,0.0,1.0,0.0,c234,c234
17299,3,0.0,0.0,1.0,c1,c5
17300,2,0.0,0.0,1.0,c5,c5
17301,4,0.0,0.0,1.0,c1,c5
17302,2,0.0,0.0,1.0,c234,c5
17303,1,0.0,0.0,1.0,c5,c5
17304,1,0.0,0.0,1.0,c5,c5
17305,3,0.0,0.0,1.0,c5,c5
17306,5,0.0,1.0,0.0,c5,c234
17307,5,0.0,1.0,0.0,c234,c234
17308,2,0.0,0.0,1.0,c1,c5
17309,4,0.0,0.0,1.0,c1,c5
17310,4,0.0,0.0,1.0,c234,c5
17311,2,0.0,0.0,1.0,c1,c5
17312,4,0.0,0.0,1.0,c1,c5
17313,5,0.0,1.0,0.0,c1,c234
17314,2,0.0,0.0,1.0,c1,c5
17315,4,0.0,0.0,1.0,c5,c5
17316,3,0.0,0.0,1.0,c234,c5
17317,3,0.0,0.0,1.0,c5,c5
17318,1,0.0,0.0,1.0,c1,c5
17319,3,0.0,0.0,1.0,c5,c5
17320,5,0.0,1.0,0.0,c5,c234
17321,4,0.0,0.0,1.0,c234,c5
17322,4,0.0,0.0,1.0,c234,c5
17323,5,0.0,1.0,0.0,c234,c234
17324,3,0.0,0.0,1.0,c5,c5
17325,4,0.0,0.0,1.0,c1,c5
17326,3,0.0,0.0,1.0,c5,c5
17327,1,0.0,0.0,1.0,c234,c5
17328,3,0.0,0.0,1.0,c5,c5
17329,4,0.0,0.0,1.0,c1,c5
17330,1,0.0,0.0,1.0,c234,c5
17331,5,0.0,1.0,0.0,c234,c234
17332,3,0.0,0.0,1.0,c5,c5
17333,2,0.0,0.0,1.0,c5,c5
17334,1,0.0,0.0,1.0,c5,c5
17335,2,0.0,0.0,1.0,c1,c5
17336,1,0.0,0.0,1.0,c5,c5
17337,4,0.0,0.0,1.0,c1,c5
17338,1,0.0,0.0,1.0,c1,c5
17339,3,0.0,0.0,1.0,c5,c5
17340,2,0.0,0.0,1.0,c5,c5
17341,3,0.0,0.0,1.0,c5,c5
17342,2,0.0,0.0,1.0,c5,c5
17343,5,0.0,1.0,0.0,c5,c234
17344,2,0.0,0.0,1.0,c5,c5
17345,2,0.0,0.0,1.0,c1,c5
17346,2,0.0,0.0,1.0,c5,c5
17347,2,0.0,0.0,1.0,c1,c5
17348,2,0.0,0.0,1.0,c5,c5
17349,2,0.0,0.0,1.0,c234,c5
17350,3,0.0,0.0,1.0,c5,c5
17351,2,0.0,0.0,1.0,c1,c5
17352,2,0.0,0.0,1.0,c1,c5
17353,3,0.0,0.0,1.0,c5,c5
17354,1,0.0,0.0,1.0,c234,c5
17355,3,0.0,0.0,1.0,c5,c5
17356,1,0.0,0.0,1.0,c234,c5
17357,2,0.0,0.0,1.0,c234,c5
17358,5,0.0,1.0,0.0,c1,c234
17359,4,0.0,0.0,1.0,c5,c5
17360,3,0.0,0.0,1.0,c1,c5
17361,3,0.0,0.0,1.0,c5,c5
17362,2,0.0,0.0,1.0,c5,c5
17363,4,0.0,0.0,1.0,c234,c5
17364,5,0.0,1.0,0.0,c1,c234
17365,5,0.0,1.0,0.0,c5,c234
17366,3,0.0,0.0,1.0,c234,c5
17367,2,0.0,0.0,1.0,c234,c5
17368,3,0.0,0.0,1.0,c1,c5
17369,2,0.0,0.0,1.0,c1,c5
17370,5,0.0,1.0,0.0,c234,c234
17371,4,0.0,0.0,1.0,c5,c5
17372,4,0.0,0.0,1.0,c234,c5
17373,2,0.0,0.0,1.0,c234,c5
17374,5,0.0,1.0,0.0,c5,c234
17375,3,0.0,0.0,1.0,c5,c5
17376,1,0.0,0.0,1.0,c234,c5
17377,3,0.0,0.0,1.0,c5,c5
17378,3,0.0,0.0,1.0,c234,c5
17379,4,0.0,0.0,1.0,c234,c5
17380,3,0.0,0.0,1.0,c234,c5
17381,2,0.0,0.0,1.0,c234,c5
17382,3,0.0,0.0,1.0,c1,c5
17383,4,0.0,0.0,1.0,c234,c5
17384,3,0.0,0.0,1.0,c1,c5
17385,5,0.0,1.0,0.0,c5,c234
17386,3,0.0,0.0,1.0,c5,c5
17387,2,0.0,0.0,1.0,c234,c5
17388,5,0.0,1.0,0.0,c234,c234
17389,1,0.0,0.0,1.0,c5,c5
17390,4,0.0,0.0,1.0,c5,c5
17391,4,0.0,0.0,1.0,c234,c5
17392,3,0.0,0.0,1.0,c1,c5
17393,2,0.0,0.0,1.0,c1,c5
17394,1,0.0,0.0,1.0,c5,c5
17395,1,0.0,0.0,1.0,c1,c5
17396,4,0.0,0.0,1.0,c5,c5
17397,2,0.0,0.0,1.0,c5,c5
17398,1,0.0,0.0,1.0,c234,c5
17399,2,0.0,0.0,1.0,c5,c5
17400,3,0.0,0.0,1.0,c5,c5
17401,2,0.0,0.0,1.0,c1,c5
17402,5,0.0,1.0,0.0,c1,c234
17403,1,0.0,0.0,1.0,c1,c5
17404,1,0.0,0.0,1.0,c1,c5
17405,2,0.0,0.0,1.0,c1,c5
17406,2,0.0,0.0,1.0,c234,c5
17407,3,0.0,0.0,1.0,c1,c5
17408,1,0.0,0.0,1.0,c234,c5
17409,2,0.0,0.0,1.0,c234,c5
17410,1,0.0,0.0,1.0,c234,c5
17411,4,0.0,0.0,1.0,c5,c5
17412,2,0.0,0.0,1.0,c234,c5
17413,1,0.0,0.0,1.0,c234,c5
17414,3,0.0,0.0,1.0,c5,c5
17415,5,0.0,1.0,0.0,c234,c234
17416,4,0.0,0.0,1.0,c234,c5
17417,3,0.0,0.0,1.0,c1,c5
17418,1,0.0,0.0,1.0,c234,c5
17419,3,0.0,0.0,1.0,c234,c5
17420,3,0.0,0.0,1.0,c1,c5
17421,4,0.0,0.0,1.0,c234,c5
17422,4,0.0,0.0,1.0,c5,c5
17423,3,0.0,0.0,1.0,c1,c5
17424,3,0.0,0.0,1.0,c234,c5
17425,3,0.0,0.0,1.0,c1,c5
17426,5,0.0,1.0,0.0,c234,c234
17427,5,0.0,1.0,0.0,c1,c234
17428,4,0.0,0.0,1.0,c5,c5
17429,3,0.0,0.0,1.0,c1,c5
17430,5,0.0,1.0,0.0,c1,c234
17431,4,0.0,0.0,1.0,c234,c5
17432,4,0.0,0.0,1.0,c234,c5
17433,1,0.0,0.0,1.0,c1,c5
17434,5,0.0,1.0,0.0,c1,c234
17435,1,0.0,0.0,1.0,c1,c5
17436,5,0.0,1.0,0.0,c234,c234
17437,4,0.0,0.0,1.0,c234,c5
17438,2,0.0,0.0,1.0,c234,c5
17439,5,0.0,1.0,0.0,c234,c234
17440,4,0.0,0.0,1.0,c234,c5
17441,1,0.0,0.0,1.0,c1,c5
17442,2,0.0,0.0,1.0,c1,c5
17443,3,0.0,0.0,1.0,c5,c5
17444,4,0.0,0.0,1.0,c234,c5
17445,4,0.0,0.0,1.0,c1,c5
17446,5,0.0,1.0,0.0,c234,c234
17447,4,0.0,0.0,1.0,c234,c5
17448,2,0.0,0.0,1.0,c1,c5
17449,2,0.0,0.0,1.0,c5,c5
17450,3,0.0,0.0,1.0,c1,c5
17451,3,0.0,0.0,1.0,c1,c5
17452,5,0.0,1.0,0.0,c234,c234
17453,4,0.0,0.0,1.0,c5,c5
17454,4,0.0,0.0,1.0,c5,c5
17455,2,0.0,0.0,1.0,c234,c5
17456,4,0.0,0.0,1.0,c5,c5
17457,4,0.0,0.0,1.0,c5,c5
17458,3,0.0,0.0,1.0,c5,c5
17459,2,0.0,0.0,1.0,c234,c5
17460,5,0.0,1.0,0.0,c5,c234
17461,2,0.0,0.0,1.0,c5,c5
17462,1,0.0,0.0,1.0,c234,c5
17463,2,0.0,0.0,1.0,c5,c5
17464,5,0.0,1.0,0.0,c1,c234
17465,3,0.0,0.0,1.0,c234,c5
17466,4,0.0,0.0,1.0,c234,c5
17467,2,0.0,0.0,1.0,c234,c5
17468,3,0.0,0.0,1.0,c5,c5
17469,1,0.0,0.0,1.0,c1,c5
17470,3,0.0,0.0,1.0,c234,c5
17471,2,0.0,0.0,1.0,c1,c5
17472,2,0.0,0.0,1.0,c1,c5
17473,5,0.0,1.0,0.0,c5,c234
17474,3,0.0,0.0,1.0,c1,c5
17475,3,0.0,0.0,1.0,c1,c5
17476,2,0.0,0.0,1.0,c234,c5
17477,3,0.0,0.0,1.0,c234,c5
17478,5,0.0,1.0,0.0,c5,c234
17479,4,0.0,0.0,1.0,c1,c5
17480,4,0.0,0.0,1.0,c1,c5
17481,4,0.0,0.0,1.0,c1,c5
17482,2,0.0,0.0,1.0,c5,c5
17483,1,0.0,0.0,1.0,c5,c5
17484,5,0.0,1.0,0.0,c234,c234
17485,2,0.0,0.0,1.0,c1,c5
17486,3,0.0,0.0,1.0,c5,c5
17487,4,0.0,0.0,1.0,c1,c5
17488,4,0.0,0.0,1.0,c234,c5
17489,1,0.0,0.0,1.0,c1,c5
17490,4,0.0,0.0,1.0,c5,c5
17491,2,0.0,0.0,1.0,c234,c5
17492,1,0.0,0.0,1.0,c1,c5
17493,5,0.0,1.0,0.0,c5,c234
17494,4,0.0,0.0,1.0,c1,c5
17495,4,0.0,0.0,1.0,c1,c5
17496,4,0.0,0.0,1.0,c234,c5
17497,2,0.0,0.0,1.0,c234,c5
17498,4,0.0,0.0,1.0,c1,c5
17499,5,0.0,1.0,0.0,c1,c234
17500,2,0.0,0.0,1.0,c5,c5
17501,4,0.0,0.0,1.0,c234,c5
17502,2,0.0,0.0,1.0,c1,c5
17503,4,0.0,0.0,1.0,c5,c5
17504,5,0.0,1.0,0.0,c1,c234
17505,1,0.0,0.0,1.0,c5,c5
17506,2,0.0,0.0,1.0,c5,c5
17507,1,0.0,0.0,1.0,c234,c5
17508,5,0.0,1.0,0.0,c234,c234
17509,2,0.0,0.0,1.0,c234,c5
17510,4,0.0,0.0,1.0,c234,c5
17511,2,0.0,0.0,1.0,c1,c5
17512,5,0.0,1.0,0.0,c234,c234
17513,1,0.0,0.0,1.0,c5,c5
17514,4,0.0,0.0,1.0,c234,c5
17515,2,0.0,0.0,1.0,c5,c5
17516,1,0.0,0.0,1.0,c5,c5
17517,5,0.0,1.0,0.0,c1,c234
17518,4,0.0,0.0,1.0,c234,c5
17519,2,0.0,0.0,1.0,c234,c5
17520,5,0.0,1.0,0.0,c5,c234
17521,4,0.0,0.0,1.0,c5,c5
17522,4,0.0,0.0,1.0,c234,c5
17523,5,0.0,1.0,0.0,c1,c234
17524,4,0.0,0.0,1.0,c5,c5
17525,4,0.0,0.0,1.0,c1,c5
17526,4,0.0,0.0,1.0,c5,c5
17527,2,0.0,0.0,1.0,c1,c5
17528,4,0.0,0.0,1.0,c5,c5
17529,2,0.0,0.0,1.0,c5,c5
17530,3,0.0,0.0,1.0,c234,c5
17531,2,0.0,0.0,1.0,c1,c5
17532,3,0.0,0.0,1.0,c234,c5
17533,3,0.0,0.0,1.0,c1,c5
17534,3,0.0,0.0,1.0,c1,c5
17535,2,0.0,0.0,1.0,c1,c5
17536,3,0.0,0.0,1.0,c5,c5
17537,5,0.0,1.0,0.0,c5,c234
17538,1,0.0,0.0,1.0,c234,c5
17539,5,0.0,1.0,0.0,c5,c234
17540,2,0.0,0.0,1.0,c234,c5
17541,1,0.0,0.0,1.0,c234,c5
17542,2,0.0,0.0,1.0,c5,c5
17543,2,0.0,0.0,1.0,c234,c5
17544,1,0.0,0.0,1.0,c1,c5
17545,4,0.0,0.0,1.0,c234,c5
17546,3,0.0,0.0,1.0,c5,c5
17547,5,0.0,1.0,0.0,c5,c234
17548,1,0.0,0.0,1.0,c5,c5
17549,1,0.0,0.0,1.0,c234,c5
17550,3,0.0,0.0,1.0,c234,c5
17551,5,0.0,1.0,0.0,c5,c234
17552,3,0.0,0.0,1.0,c5,c5
17553,3,0.0,0.0,1.0,c234,c5
17554,4,0.0,0.0,1.0,c1,c5
17555,2,0.0,0.0,1.0,c1,c5
17556,5,0.0,1.0,0.0,c234,c234
17557,1,0.0,0.0,1.0,c5,c5
17558,1,0.0,0.0,1.0,c1,c5
17559,5,0.0,1.0,0.0,c234,c234
17560,3,0.0,0.0,1.0,c5,c5
17561,4,0.0,0.0,1.0,c5,c5
17562,4,0.0,0.0,1.0,c1,c5
17563,2,0.0,0.0,1.0,c5,c5
17564,4,0.0,0.0,1.0,c5,c5
17565,5,0.0,1.0,0.0,c1,c234
17566,1,0.0,0.0,1.0,c1,c5
17567,4,0.0,0.0,1.0,c1,c5
17568,5,0.0,1.0,0.0,c234,c234
17569,1,0.0,0.0,1.0,c234,c5
17570,1,0.0,0.0,1.0,c5,c5
17571,2,0.0,0.0,1.0,c5,c5
17572,1,0.0,0.0,1.0,c1,c5
17573,2,0.0,0.0,1.0,c5,c5
17574,1,0.0,0.0,1.0,c5,c5
17575,4,0.0,0.0,1.0,c5,c5
17576,3,0.0,0.0,1.0,c1,c5
17577,2,0.0,0.0,1.0,c5,c5
17578,1,0.0,0.0,1.0,c1,c5
17579,1,0.0,0.0,1.0,c5,c5
17580,5,0.0,1.0,0.0,c234,c234
17581,5,0.0,1.0,0.0,c1,c234
17582,4,0.0,0.0,1.0,c234,c5
17583,4,0.0,0.0,1.0,c234,c5
17584,4,0.0,0.0,1.0,c234,c5
17585,1,0.0,0.0,1.0,c1,c5
17586,3,0.0,0.0,1.0,c234,c5
17587,5,0.0,1.0,0.0,c1,c234
17588,5,0.0,1.0,0.0,c5,c234
17589,3,0.0,0.0,1.0,c1,c5
17590,5,0.0,1.0,0.0,c234,c234
17591,4,0.0,0.0,1.0,c1,c5
17592,3,0.0,0.0,1.0,c5,c5
17593,2,0.0,0.0,1.0,c5,c5
17594,2,0.0,0.0,1.0,c1,c5
17595,5,0.0,1.0,0.0,c5,c234
17596,5,0.0,1.0,0.0,c234,c234
17597,1,0.0,0.0,1.0,c1,c5
17598,3,0.0,0.0,1.0,c1,c5
17599,1,0.0,0.0,1.0,c5,c5
17600,5,0.0,1.0,0.0,c5,c234
17601,5,0.0,1.0,0.0,c1,c234
17602,4,0.0,0.0,1.0,c234,c5
17603,4,0.0,0.0,1.0,c234,c5
17604,3,0.0,0.0,1.0,c234,c5
17605,1,0.0,0.0,1.0,c234,c5
17606,3,0.0,0.0,1.0,c234,c5
17607,2,0.0,0.0,1.0,c234,c5
17608,3,0.0,0.0,1.0,c1,c5
17609,2,0.0,0.0,1.0,c234,c5
17610,1,0.0,0.0,1.0,c1,c5
17611,5,0.0,1.0,0.0,c5,c234
17612,1,0.0,0.0,1.0,c1,c5
17613,5,0.0,1.0,0.0,c234,c234
17614,5,0.0,1.0,0.0,c5,c234
17615,5,0.0,1.0,0.0,c234,c234
17616,2,0.0,0.0,1.0,c234,c5
17617,3,0.0,0.0,1.0,c1,c5
17618,2,0.0,0.0,1.0,c234,c5
17619,1,0.0,0.0,1.0,c234,c5
17620,2,0.0,0.0,1.0,c5,c5
17621,3,0.0,0.0,1.0,c234,c5
17622,1,0.0,0.0,1.0,c1,c5
17623,2,0.0,0.0,1.0,c1,c5
17624,2,0.0,0.0,1.0,c5,c5
17625,4,0.0,0.0,1.0,c5,c5
17626,2,0.0,0.0,1.0,c234,c5
17627,3,0.0,0.0,1.0,c5,c5
17628,5,0.0,1.0,0.0,c5,c234
17629,4,0.0,0.0,1.0,c234,c5
17630,3,0.0,0.0,1.0,c234,c5
17631,5,0.0,1.0,0.0,c5,c234
17632,2,0.0,0.0,1.0,c1,c5
17633,1,0.0,0.0,1.0,c5,c5
17634,3,0.0,0.0,1.0,c5,c5
17635,5,0.0,1.0,0.0,c1,c234
17636,1,0.0,0.0,1.0,c1,c5
17637,1,0.0,0.0,1.0,c5,c5
17638,2,0.0,0.0,1.0,c1,c5
17639,2,0.0,0.0,1.0,c1,c5
17640,2,0.0,0.0,1.0,c234,c5
17641,3,0.0,0.0,1.0,c5,c5
17642,3,0.0,0.0,1.0,c1,c5
17643,1,0.0,0.0,1.0,c1,c5
17644,1,0.0,0.0,1.0,c1,c5
17645,2,0.0,0.0,1.0,c1,c5
17646,4,0.0,0.0,1.0,c5,c5
17647,3,0.0,0.0,1.0,c234,c5
17648,2,0.0,0.0,1.0,c1,c5
17649,3,0.0,0.0,1.0,c5,c5
17650,1,0.0,0.0,1.0,c1,c5
17651,2,0.0,0.0,1.0,c5,c5
17652,1,0.0,0.0,1.0,c1,c5
17653,1,0.0,0.0,1.0,c1,c5
17654,3,0.0,0.0,1.0,c1,c5
17655,4,0.0,0.0,1.0,c234,c5
17656,2,0.0,0.0,1.0,c234,c5
17657,1,0.0,0.0,1.0,c1,c5
17658,3,0.0,0.0,1.0,c1,c5
17659,3,0.0,0.0,1.0,c5,c5
17660,2,0.0,0.0,1.0,c5,c5
17661,4,0.0,0.0,1.0,c1,c5
17662,2,0.0,0.0,1.0,c5,c5
17663,2,0.0,0.0,1.0,c1,c5
17664,2,0.0,0.0,1.0,c1,c5
17665,4,0.0,0.0,1.0,c234,c5
17666,3,0.0,0.0,1.0,c5,c5
17667,4,0.0,0.0,1.0,c5,c5
17668,2,0.0,0.0,1.0,c5,c5
17669,3,0.0,0.0,1.0,c234,c5
17670,3,0.0,0.0,1.0,c234,c5
17671,1,0.0,0.0,1.0,c234,c5
17672,1,0.0,0.0,1.0,c1,c5
17673,4,0.0,0.0,1.0,c1,c5
17674,5,0.0,1.0,0.0,c234,c234
17675,3,0.0,0.0,1.0,c1,c5
17676,3,0.0,0.0,1.0,c234,c5
17677,2,0.0,0.0,1.0,c1,c5
17678,5,0.0,1.0,0.0,c5,c234
17679,4,0.0,0.0,1.0,c234,c5
17680,4,0.0,0.0,1.0,c1,c5
17681,5,0.0,1.0,0.0,c5,c234
17682,2,0.0,0.0,1.0,c234,c5
17683,1,0.0,0.0,1.0,c1,c5
17684,2,0.0,0.0,1.0,c234,c5
17685,4,0.0,0.0,1.0,c234,c5
17686,1,0.0,0.0,1.0,c5,c5
17687,2,0.0,0.0,1.0,c5,c5
17688,5,0.0,1.0,0.0,c5,c234
17689,2,0.0,0.0,1.0,c5,c5
17690,3,0.0,0.0,1.0,c234,c5
17691,2,0.0,0.0,1.0,c1,c5
17692,3,0.0,0.0,1.0,c234,c5
17693,4,0.0,0.0,1.0,c1,c5
17694,1,0.0,0.0,1.0,c234,c5
17695,5,0.0,1.0,0.0,c234,c234
17696,3,0.0,0.0,1.0,c1,c5
17697,2,0.0,0.0,1.0,c234,c5
17698,3,0.0,0.0,1.0,c1,c5
17699,1,0.0,0.0,1.0,c5,c5
17700,1,0.0,0.0,1.0,c5,c5
17701,5,0.0,1.0,0.0,c234,c234
17702,2,0.0,0.0,1.0,c234,c5
17703,4,0.0,0.0,1.0,c5,c5
17704,1,0.0,0.0,1.0,c1,c5
17705,3,0.0,0.0,1.0,c1,c5
17706,4,0.0,0.0,1.0,c234,c5
17707,2,0.0,0.0,1.0,c234,c5
17708,1,0.0,0.0,1.0,c234,c5
17709,4,0.0,0.0,1.0,c5,c5
17710,5,0.0,1.0,0.0,c1,c234
17711,3,0.0,0.0,1.0,c1,c5
17712,1,0.0,0.0,1.0,c234,c5
17713,2,0.0,0.0,1.0,c1,c5
17714,2,0.0,0.0,1.0,c234,c5
17715,5,0.0,1.0,0.0,c1,c234
17716,3,0.0,0.0,1.0,c5,c5
17717,2,0.0,0.0,1.0,c234,c5
17718,5,0.0,1.0,0.0,c1,c234
17719,3,0.0,0.0,1.0,c1,c5
17720,1,0.0,0.0,1.0,c5,c5
17721,1,0.0,0.0,1.0,c234,c5
17722,1,0.0,0.0,1.0,c234,c5
17723,2,0.0,0.0,1.0,c234,c5
17724,4,0.0,0.0,1.0,c5,c5
17725,3,0.0,0.0,1.0,c5,c5
17726,2,0.0,0.0,1.0,c234,c5
17727,5,0.0,1.0,0.0,c5,c234
17728,3,0.0,0.0,1.0,c234,c5
17729,3,0.0,0.0,1.0,c1,c5
17730,2,0.0,0.0,1.0,c5,c5
17731,2,0.0,0.0,1.0,c234,c5
17732,5,0.0,1.0,0.0,c234,c234
17733,3,0.0,0.0,1.0,c1,c5
17734,3,0.0,0.0,1.0,c1,c5
17735,5,0.0,1.0,0.0,c234,c234
17736,3,0.0,0.0,1.0,c1,c5
17737,2,0.0,0.0,1.0,c5,c5
17738,2,0.0,0.0,1.0,c5,c5
17739,2,0.0,0.0,1.0,c1,c5
17740,5,0.0,1.0,0.0,c234,c234
17741,4,0.0,0.0,1.0,c1,c5
17742,4,0.0,0.0,1.0,c5,c5
17743,3,0.0,0.0,1.0,c1,c5
17744,3,0.0,0.0,1.0,c5,c5
17745,4,0.0,0.0,1.0,c5,c5
17746,5,0.0,1.0,0.0,c5,c234
17747,1,0.0,0.0,1.0,c234,c5
17748,1,0.0,0.0,1.0,c1,c5
17749,2,0.0,0.0,1.0,c234,c5
17750,2,0.0,0.0,1.0,c1,c5
17751,4,0.0,0.0,1.0,c5,c5
17752,2,0.0,0.0,1.0,c5,c5
17753,2,0.0,0.0,1.0,c1,c5
17754,1,0.0,0.0,1.0,c234,c5
17755,1,0.0,0.0,1.0,c5,c5
17756,1,0.0,0.0,1.0,c5,c5
17757,3,0.0,0.0,1.0,c234,c5
17758,3,0.0,0.0,1.0,c1,c5
17759,2,0.0,0.0,1.0,c234,c5
17760,4,0.0,0.0,1.0,c5,c5
17761,4,0.0,0.0,1.0,c234,c5
17762,4,0.0,0.0,1.0,c1,c5
17763,4,0.0,0.0,1.0,c1,c5
17764,4,0.0,0.0,1.0,c5,c5
17765,5,0.0,1.0,0.0,c234,c234
17766,3,0.0,0.0,1.0,c1,c5
17767,5,0.0,1.0,0.0,c5,c234
17768,5,0.0,1.0,0.0,c234,c234
17769,4,0.0,0.0,1.0,c234,c5
17770,1,0.0,0.0,1.0,c234,c5
17771,3,0.0,0.0,1.0,c234,c5
17772,5,0.0,1.0,0.0,c5,c234
17773,5,0.0,1.0,0.0,c5,c234
17774,2,0.0,0.0,1.0,c5,c5
17775,5,0.0,1.0,0.0,c5,c234
17776,4,0.0,0.0,1.0,c234,c5
17777,4,0.0,0.0,1.0,c234,c5
17778,4,0.0,0.0,1.0,c234,c5
17779,1,0.0,0.0,1.0,c234,c5
17780,1,0.0,0.0,1.0,c5,c5
17781,3,0.0,0.0,1.0,c234,c5
17782,2,0.0,0.0,1.0,c1,c5
17783,1,0.0,0.0,1.0,c1,c5
17784,1,0.0,0.0,1.0,c234,c5
17785,2,0.0,0.0,1.0,c1,c5
17786,5,0.0,1.0,0.0,c5,c234
17787,5,0.0,1.0,0.0,c1,c234
17788,3,0.0,0.0,1.0,c234,c5
17789,4,0.0,0.0,1.0,c234,c5
17790,5,0.0,1.0,0.0,c1,c234
17791,5,0.0,1.0,0.0,c234,c234
17792,2,0.0,0.0,1.0,c5,c5
17793,1,0.0,0.0,1.0,c234,c5
17794,1,0.0,0.0,1.0,c1,c5
17795,2,0.0,0.0,1.0,c234,c5
17796,2,0.0,0.0,1.0,c5,c5
17797,3,0.0,0.0,1.0,c5,c5
17798,1,0.0,0.0,1.0,c1,c5
17799,3,0.0,0.0,1.0,c5,c5
17800,5,0.0,1.0,0.0,c234,c234
17801,5,0.0,1.0,0.0,c5,c234
17802,5,0.0,1.0,0.0,c5,c234
17803,2,0.0,0.0,1.0,c1,c5
17804,4,0.0,0.0,1.0,c1,c5
17805,3,0.0,0.0,1.0,c5,c5
17806,5,0.0,1.0,0.0,c5,c234
17807,5,0.0,1.0,0.0,c234,c234
17808,2,0.0,0.0,1.0,c234,c5
17809,5,0.0,1.0,0.0,c5,c234
17810,2,0.0,0.0,1.0,c5,c5
17811,3,0.0,0.0,1.0,c5,c5
17812,5,0.0,1.0,0.0,c5,c234
17813,3,0.0,0.0,1.0,c234,c5
17814,5,0.0,1.0,0.0,c5,c234
17815,3,0.0,0.0,1.0,c1,c5
17816,5,0.0,1.0,0.0,c5,c234
17817,4,0.0,0.0,1.0,c234,c5
17818,4,0.0,0.0,1.0,c234,c5
17819,5,0.0,1.0,0.0,c234,c234
17820,1,0.0,0.0,1.0,c5,c5
17821,2,0.0,0.0,1.0,c1,c5
17822,3,0.0,0.0,1.0,c234,c5
17823,1,0.0,0.0,1.0,c5,c5
17824,5,0.0,1.0,0.0,c5,c234
17825,2,0.0,0.0,1.0,c234,c5
17826,4,0.0,0.0,1.0,c5,c5
17827,1,0.0,0.0,1.0,c1,c5
17828,5,0.0,1.0,0.0,c1,c234
17829,4,0.0,0.0,1.0,c1,c5
17830,3,0.0,0.0,1.0,c234,c5
17831,2,0.0,0.0,1.0,c5,c5
17832,5,0.0,1.0,0.0,c1,c234
17833,5,0.0,1.0,0.0,c5,c234
17834,5,0.0,1.0,0.0,c1,c234
17835,5,0.0,1.0,0.0,c1,c234
17836,1,0.0,0.0,1.0,c1,c5
17837,4,0.0,0.0,1.0,c1,c5
17838,4,0.0,0.0,1.0,c5,c5
17839,3,0.0,0.0,1.0,c234,c5
17840,2,0.0,0.0,1.0,c234,c5
17841,5,0.0,1.0,0.0,c5,c234
17842,4,0.0,0.0,1.0,c234,c5
17843,2,0.0,0.0,1.0,c1,c5
17844,3,0.0,0.0,1.0,c234,c5
17845,4,0.0,0.0,1.0,c234,c5
17846,3,0.0,0.0,1.0,c1,c5
17847,1,0.0,0.0,1.0,c1,c5
17848,3,0.0,0.0,1.0,c5,c5
17849,5,0.0,1.0,0.0,c5,c234
17850,4,0.0,0.0,1.0,c1,c5
17851,5,0.0,1.0,0.0,c5,c234
17852,1,0.0,0.0,1.0,c234,c5
17853,1,0.0,0.0,1.0,c1,c5
17854,1,0.0,0.0,1.0,c1,c5
17855,1,0.0,0.0,1.0,c234,c5
17856,3,0.0,0.0,1.0,c1,c5
17857,5,0.0,1.0,0.0,c5,c234
17858,4,0.0,0.0,1.0,c1,c5
17859,5,0.0,1.0,0.0,c1,c234
17860,1,0.0,0.0,1.0,c5,c5
17861,4,0.0,0.0,1.0,c5,c5
17862,1,0.0,0.0,1.0,c1,c5
17863,2,0.0,0.0,1.0,c234,c5
17864,3,0.0,0.0,1.0,c234,c5
17865,3,0.0,0.0,1.0,c5,c5
17866,5,0.0,1.0,0.0,c234,c234
17867,2,0.0,0.0,1.0,c234,c5
17868,5,0.0,1.0,0.0,c5,c234
17869,1,0.0,0.0,1.0,c234,c5
17870,2,0.0,0.0,1.0,c5,c5
17871,5,0.0,1.0,0.0,c1,c234
17872,2,0.0,0.0,1.0,c234,c5
17873,3,0.0,0.0,1.0,c5,c5
17874,5,0.0,1.0,0.0,c5,c234
17875,2,0.0,0.0,1.0,c1,c5
17876,1,0.0,0.0,1.0,c5,c5
17877,5,0.0,1.0,0.0,c1,c234
17878,1,0.0,0.0,1.0,c5,c5
17879,5,0.0,1.0,0.0,c5,c234
17880,4,0.0,0.0,1.0,c5,c5
17881,3,0.0,0.0,1.0,c234,c5
17882,1,0.0,0.0,1.0,c1,c5
17883,3,0.0,0.0,1.0,c5,c5
17884,1,0.0,0.0,1.0,c234,c5
17885,5,0.0,1.0,0.0,c234,c234
17886,5,0.0,1.0,0.0,c5,c234
17887,5,0.0,1.0,0.0,c5,c234
17888,1,0.0,0.0,1.0,c234,c5
17889,1,0.0,0.0,1.0,c5,c5
17890,3,0.0,0.0,1.0,c5,c5
17891,5,0.0,1.0,0.0,c5,c234
17892,1,0.0,0.0,1.0,c5,c5
17893,3,0.0,0.0,1.0,c1,c5
17894,1,0.0,0.0,1.0,c234,c5
17895,1,0.0,0.0,1.0,c234,c5
17896,1,0.0,0.0,1.0,c1,c5
17897,5,0.0,1.0,0.0,c234,c234
17898,2,0.0,0.0,1.0,c1,c5
17899,4,0.0,0.0,1.0,c5,c5
17900,1,0.0,0.0,1.0,c5,c5
17901,4,0.0,0.0,1.0,c5,c5
17902,3,0.0,0.0,1.0,c234,c5
17903,1,0.0,0.0,1.0,c5,c5
17904,1,0.0,0.0,1.0,c234,c5
17905,3,0.0,0.0,1.0,c234,c5
17906,4,0.0,0.0,1.0,c1,c5
17907,1,0.0,0.0,1.0,c1,c5
17908,4,0.0,0.0,1.0,c5,c5
17909,1,0.0,0.0,1.0,c234,c5
17910,3,0.0,0.0,1.0,c234,c5
17911,3,0.0,0.0,1.0,c1,c5
17912,3,0.0,0.0,1.0,c1,c5
17913,2,0.0,0.0,1.0,c5,c5
17914,1,0.0,0.0,1.0,c234,c5
17915,4,0.0,0.0,1.0,c5,c5
17916,4,0.0,0.0,1.0,c234,c5
17917,2,0.0,0.0,1.0,c1,c5
17918,3,0.0,0.0,1.0,c5,c5
17919,4,0.0,0.0,1.0,c5,c5
17920,1,0.0,0.0,1.0,c5,c5
17921,2,0.0,0.0,1.0,c1,c5
17922,2,0.0,0.0,1.0,c234,c5
17923,5,0.0,1.0,0.0,c5,c234
17924,3,0.0,0.0,1.0,c234,c5
17925,5,0.0,1.0,0.0,c1,c234
17926,1,0.0,0.0,1.0,c5,c5
17927,4,0.0,0.0,1.0,c234,c5
17928,1,0.0,0.0,1.0,c234,c5
17929,3,0.0,0.0,1.0,c5,c5
17930,2,0.0,0.0,1.0,c5,c5
17931,3,0.0,0.0,1.0,c5,c5
17932,5,0.0,1.0,0.0,c5,c234
17933,2,0.0,0.0,1.0,c234,c5
17934,4,0.0,0.0,1.0,c234,c5
17935,4,0.0,0.0,1.0,c1,c5
17936,1,0.0,0.0,1.0,c234,c5
17937,5,0.0,1.0,0.0,c234,c234
17938,1,0.0,0.0,1.0,c5,c5
17939,3,0.0,0.0,1.0,c1,c5
17940,1,0.0,0.0,1.0,c234,c5
17941,5,0.0,1.0,0.0,c5,c234
17942,3,0.0,0.0,1.0,c1,c5
17943,4,0.0,0.0,1.0,c234,c5
17944,3,0.0,0.0,1.0,c5,c5
17945,2,0.0,0.0,1.0,c5,c5
17946,3,0.0,0.0,1.0,c234,c5
17947,2,0.0,0.0,1.0,c1,c5
17948,3,0.0,0.0,1.0,c5,c5
17949,4,0.0,0.0,1.0,c1,c5
17950,2,0.0,0.0,1.0,c1,c5
17951,3,0.0,0.0,1.0,c1,c5
17952,2,0.0,0.0,1.0,c234,c5
17953,2,0.0,0.0,1.0,c1,c5
17954,2,0.0,0.0,1.0,c1,c5
17955,5,0.0,1.0,0.0,c1,c234
17956,5,0.0,1.0,0.0,c5,c234
17957,2,0.0,0.0,1.0,c234,c5
17958,5,0.0,1.0,0.0,c5,c234
17959,4,0.0,0.0,1.0,c1,c5
17960,2,0.0,0.0,1.0,c234,c5
17961,1,0.0,0.0,1.0,c1,c5
17962,3,0.0,0.0,1.0,c1,c5
17963,4,0.0,0.0,1.0,c234,c5
17964,3,0.0,0.0,1.0,c234,c5
17965,1,0.0,0.0,1.0,c234,c5
17966,4,0.0,0.0,1.0,c234,c5
17967,3,0.0,0.0,1.0,c1,c5
17968,4,0.0,0.0,1.0,c1,c5
17969,5,0.0,1.0,0.0,c5,c234
17970,1,0.0,0.0,1.0,c234,c5
17971,4,0.0,0.0,1.0,c5,c5
17972,5,0.0,1.0,0.0,c234,c234
17973,2,0.0,0.0,1.0,c234,c5
17974,5,0.0,1.0,0.0,c234,c234
17975,3,0.0,0.0,1.0,c1,c5
17976,5,0.0,1.0,0.0,c234,c234
17977,3,0.0,0.0,1.0,c234,c5
17978,2,0.0,0.0,1.0,c234,c5
17979,4,0.0,0.0,1.0,c1,c5
17980,5,0.0,1.0,0.0,c5,c234
17981,1,0.0,0.0,1.0,c234,c5
17982,2,0.0,0.0,1.0,c1,c5
17983,4,0.0,0.0,1.0,c1,c5
17984,5,0.0,1.0,0.0,c234,c234
17985,1,0.0,0.0,1.0,c1,c5
17986,3,0.0,0.0,1.0,c5,c5
17987,2,0.0,0.0,1.0,c5,c5
17988,2,0.0,0.0,1.0,c1,c5
17989,3,0.0,0.0,1.0,c5,c5
17990,1,0.0,0.0,1.0,c1,c5
17991,5,0.0,1.0,0.0,c234,c234
17992,5,0.0,1.0,0.0,c234,c234
17993,2,0.0,0.0,1.0,c5,c5
17994,1,0.0,0.0,1.0,c1,c5
17995,5,0.0,1.0,0.0,c234,c234
17996,5,0.0,1.0,0.0,c1,c234
17997,3,0.0,0.0,1.0,c234,c5
17998,5,0.0,1.0,0.0,c1,c234
17999,5,0.0,1.0,0.0,c1,c234
18000,4,0.0,0.0,1.0,c234,c5
18001,1,0.0,0.0,1.0,c5,c5
18002,2,0.0,0.0,1.0,c5,c5
18003,1,0.0,0.0,1.0,c1,c5
18004,4,0.0,0.0,1.0,c1,c5
18005,4,0.0,0.0,1.0,c5,c5
18006,4,0.0,0.0,1.0,c1,c5
18007,4,0.0,0.0,1.0,c234,c5
18008,1,0.0,0.0,1.0,c234,c5
18009,1,0.0,0.0,1.0,c5,c5
18010,4,0.0,0.0,1.0,c234,c5
18011,5,0.0,1.0,0.0,c1,c234
18012,2,0.0,0.0,1.0,c1,c5
18013,4,0.0,0.0,1.0,c1,c5
18014,4,0.0,0.0,1.0,c5,c5
18015,4,0.0,0.0,1.0,c234,c5
18016,2,0.0,0.0,1.0,c1,c5
18017,3,0.0,0.0,1.0,c5,c5
18018,2,0.0,0.0,1.0,c1,c5
18019,5,0.0,1.0,0.0,c1,c234
18020,5,0.0,1.0,0.0,c1,c234
18021,4,0.0,0.0,1.0,c234,c5
18022,2,0.0,0.0,1.0,c1,c5
18023,5,0.0,1.0,0.0,c5,c234
18024,5,0.0,1.0,0.0,c5,c234
18025,4,0.0,0.0,1.0,c234,c5
18026,1,0.0,0.0,1.0,c234,c5
18027,1,0.0,0.0,1.0,c1,c5
18028,4,0.0,0.0,1.0,c5,c5
18029,4,0.0,0.0,1.0,c5,c5
18030,1,0.0,0.0,1.0,c5,c5
18031,2,0.0,0.0,1.0,c1,c5
18032,3,0.0,0.0,1.0,c1,c5
18033,2,0.0,0.0,1.0,c5,c5
18034,3,0.0,0.0,1.0,c1,c5
18035,4,0.0,0.0,1.0,c1,c5
18036,2,0.0,0.0,1.0,c5,c5
18037,3,0.0,0.0,1.0,c5,c5
18038,1,0.0,0.0,1.0,c1,c5
18039,4,0.0,0.0,1.0,c1,c5
18040,1,0.0,0.0,1.0,c5,c5
18041,4,0.0,0.0,1.0,c234,c5
18042,3,0.0,0.0,1.0,c1,c5
18043,1,0.0,0.0,1.0,c234,c5
18044,1,0.0,0.0,1.0,c5,c5
18045,5,0.0,1.0,0.0,c1,c234
18046,2,0.0,0.0,1.0,c234,c5
18047,4,0.0,0.0,1.0,c234,c5
18048,5,0.0,1.0,0.0,c234,c234
18049,4,0.0,0.0,1.0,c1,c5
18050,2,0.0,0.0,1.0,c5,c5
18051,5,0.0,1.0,0.0,c5,c234
18052,2,0.0,0.0,1.0,c5,c5
18053,1,0.0,0.0,1.0,c5,c5
18054,2,0.0,0.0,1.0,c234,c5
18055,1,0.0,0.0,1.0,c1,c5
18056,5,0.0,1.0,0.0,c1,c234
18057,5,0.0,1.0,0.0,c5,c234
18058,3,0.0,0.0,1.0,c1,c5
18059,2,0.0,0.0,1.0,c234,c5
18060,4,0.0,0.0,1.0,c5,c5
18061,2,0.0,0.0,1.0,c1,c5
18062,1,0.0,0.0,1.0,c1,c5
18063,2,0.0,0.0,1.0,c5,c5
18064,1,0.0,0.0,1.0,c234,c5
18065,1,0.0,0.0,1.0,c5,c5
18066,3,0.0,0.0,1.0,c1,c5
18067,2,0.0,0.0,1.0,c5,c5
18068,5,0.0,1.0,0.0,c234,c234
18069,4,0.0,0.0,1.0,c1,c5
18070,1,0.0,0.0,1.0,c234,c5
18071,1,0.0,0.0,1.0,c234,c5
18072,4,0.0,0.0,1.0,c1,c5
18073,3,0.0,0.0,1.0,c5,c5
18074,1,0.0,0.0,1.0,c234,c5
18075,5,0.0,1.0,0.0,c5,c234
18076,5,0.0,1.0,0.0,c1,c234
18077,2,0.0,0.0,1.0,c234,c5
18078,2,0.0,0.0,1.0,c5,c5
18079,5,0.0,1.0,0.0,c1,c234
18080,5,0.0,1.0,0.0,c5,c234
18081,3,0.0,0.0,1.0,c5,c5
18082,2,0.0,0.0,1.0,c1,c5
18083,3,0.0,0.0,1.0,c5,c5
18084,2,0.0,0.0,1.0,c234,c5
18085,5,0.0,1.0,0.0,c234,c234
18086,5,0.0,1.0,0.0,c234,c234
18087,5,0.0,1.0,0.0,c5,c234
18088,1,0.0,0.0,1.0,c5,c5
18089,3,0.0,0.0,1.0,c234,c5
18090,3,0.0,0.0,1.0,c234,c5
18091,2,0.0,0.0,1.0,c234,c5
18092,4,0.0,0.0,1.0,c5,c5
18093,5,0.0,1.0,0.0,c1,c234
18094,3,0.0,0.0,1.0,c234,c5
18095,4,0.0,0.0,1.0,c234,c5
18096,5,0.0,1.0,0.0,c1,c234
18097,2,0.0,0.0,1.0,c1,c5
18098,5,0.0,1.0,0.0,c1,c234
18099,5,0.0,1.0,0.0,c234,c234
18100,3,0.0,0.0,1.0,c5,c5
18101,3,0.0,0.0,1.0,c234,c5
18102,4,0.0,0.0,1.0,c1,c5
18103,4,0.0,0.0,1.0,c1,c5
18104,5,0.0,1.0,0.0,c5,c234
18105,1,0.0,0.0,1.0,c234,c5
18106,4,0.0,0.0,1.0,c234,c5
18107,3,0.0,0.0,1.0,c1,c5
18108,4,0.0,0.0,1.0,c1,c5
18109,4,0.0,0.0,1.0,c1,c5
18110,3,0.0,0.0,1.0,c1,c5
18111,1,0.0,0.0,1.0,c234,c5
18112,4,0.0,0.0,1.0,c1,c5
18113,2,0.0,0.0,1.0,c1,c5
18114,3,0.0,0.0,1.0,c5,c5
18115,5,0.0,1.0,0.0,c5,c234
18116,5,0.0,1.0,0.0,c1,c234
18117,2,0.0,0.0,1.0,c1,c5
18118,2,0.0,0.0,1.0,c234,c5
18119,3,0.0,0.0,1.0,c1,c5
18120,5,0.0,1.0,0.0,c234,c234
18121,1,0.0,0.0,1.0,c5,c5
18122,4,0.0,0.0,1.0,c1,c5
18123,1,0.0,0.0,1.0,c5,c5
18124,5,0.0,1.0,0.0,c5,c234
18125,3,0.0,0.0,1.0,c1,c5
18126,3,0.0,0.0,1.0,c234,c5
18127,1,0.0,0.0,1.0,c5,c5
18128,2,0.0,0.0,1.0,c1,c5
18129,2,0.0,0.0,1.0,c5,c5
18130,2,0.0,0.0,1.0,c234,c5
18131,3,0.0,0.0,1.0,c5,c5
18132,2,0.0,0.0,1.0,c5,c5
18133,5,0.0,1.0,0.0,c1,c234
18134,2,0.0,0.0,1.0,c234,c5
18135,5,0.0,1.0,0.0,c1,c234
18136,5,0.0,1.0,0.0,c1,c234
18137,3,0.0,0.0,1.0,c1,c5
18138,5,0.0,1.0,0.0,c1,c234
18139,1,0.0,0.0,1.0,c5,c5
18140,2,0.0,0.0,1.0,c5,c5
18141,3,0.0,0.0,1.0,c5,c5
18142,5,0.0,1.0,0.0,c5,c234
18143,3,0.0,0.0,1.0,c234,c5
18144,2,0.0,0.0,1.0,c5,c5
18145,5,0.0,1.0,0.0,c5,c234
18146,5,0.0,1.0,0.0,c234,c234
18147,4,0.0,0.0,1.0,c5,c5
18148,4,0.0,0.0,1.0,c1,c5
18149,2,0.0,0.0,1.0,c5,c5
18150,5,0.0,1.0,0.0,c5,c234
18151,1,0.0,0.0,1.0,c234,c5
18152,5,0.0,1.0,0.0,c5,c234
18153,1,0.0,0.0,1.0,c234,c5
18154,5,0.0,1.0,0.0,c234,c234
18155,4,0.0,0.0,1.0,c1,c5
18156,1,0.0,0.0,1.0,c1,c5
18157,2,0.0,0.0,1.0,c234,c5
18158,5,0.0,1.0,0.0,c5,c234
18159,2,0.0,0.0,1.0,c234,c5
18160,1,0.0,0.0,1.0,c5,c5
18161,5,0.0,1.0,0.0,c234,c234
18162,4,0.0,0.0,1.0,c5,c5
18163,4,0.0,0.0,1.0,c234,c5
18164,2,0.0,0.0,1.0,c234,c5
18165,2,0.0,0.0,1.0,c1,c5
18166,4,0.0,0.0,1.0,c1,c5
18167,4,0.0,0.0,1.0,c234,c5
18168,3,0.0,0.0,1.0,c1,c5
18169,3,0.0,0.0,1.0,c234,c5
18170,2,0.0,0.0,1.0,c234,c5
18171,2,0.0,0.0,1.0,c1,c5
18172,3,0.0,0.0,1.0,c234,c5
18173,1,0.0,0.0,1.0,c1,c5
18174,1,0.0,0.0,1.0,c1,c5
18175,4,0.0,0.0,1.0,c234,c5
18176,2,0.0,0.0,1.0,c5,c5
18177,3,0.0,0.0,1.0,c1,c5
18178,5,0.0,1.0,0.0,c5,c234
18179,4,0.0,0.0,1.0,c234,c5
18180,5,0.0,1.0,0.0,c1,c234
18181,3,0.0,0.0,1.0,c234,c5
18182,3,0.0,0.0,1.0,c1,c5
18183,1,0.0,0.0,1.0,c5,c5
18184,3,0.0,0.0,1.0,c1,c5
18185,5,0.0,1.0,0.0,c5,c234
18186,4,0.0,0.0,1.0,c234,c5
18187,2,0.0,0.0,1.0,c1,c5
18188,1,0.0,0.0,1.0,c5,c5
18189,1,0.0,0.0,1.0,c234,c5
18190,5,0.0,1.0,0.0,c234,c234
18191,5,0.0,1.0,0.0,c234,c234
18192,2,0.0,0.0,1.0,c5,c5
18193,4,0.0,0.0,1.0,c1,c5
18194,3,0.0,0.0,1.0,c5,c5
18195,1,0.0,0.0,1.0,c234,c5
18196,2,0.0,0.0,1.0,c234,c5
18197,1,0.0,0.0,1.0,c5,c5
18198,5,0.0,1.0,0.0,c1,c234
18199,5,0.0,1.0,0.0,c234,c234
18200,4,0.0,0.0,1.0,c234,c5
18201,2,0.0,0.0,1.0,c5,c5
18202,5,0.0,1.0,0.0,c5,c234
18203,3,0.0,0.0,1.0,c5,c5
18204,2,0.0,0.0,1.0,c234,c5
18205,3,0.0,0.0,1.0,c5,c5
18206,2,0.0,0.0,1.0,c5,c5
18207,2,0.0,0.0,1.0,c1,c5
18208,4,0.0,0.0,1.0,c234,c5
18209,1,0.0,0.0,1.0,c1,c5
18210,2,0.0,0.0,1.0,c1,c5
18211,1,0.0,0.0,1.0,c5,c5
18212,5,0.0,1.0,0.0,c5,c234
18213,1,0.0,0.0,1.0,c234,c5
18214,2,0.0,0.0,1.0,c1,c5
18215,3,0.0,0.0,1.0,c1,c5
18216,1,0.0,0.0,1.0,c234,c5
18217,4,0.0,0.0,1.0,c234,c5
18218,5,0.0,1.0,0.0,c5,c234
18219,3,0.0,0.0,1.0,c234,c5
18220,1,0.0,0.0,1.0,c1,c5
18221,4,0.0,0.0,1.0,c1,c5
18222,1,0.0,0.0,1.0,c1,c5
18223,1,0.0,0.0,1.0,c234,c5
18224,3,0.0,0.0,1.0,c234,c5
18225,4,0.0,0.0,1.0,c5,c5
18226,5,0.0,1.0,0.0,c1,c234
18227,1,0.0,0.0,1.0,c5,c5
18228,4,0.0,0.0,1.0,c1,c5
18229,4,0.0,0.0,1.0,c234,c5
18230,1,0.0,0.0,1.0,c1,c5
18231,5,0.0,1.0,0.0,c5,c234
18232,1,0.0,0.0,1.0,c5,c5
18233,1,0.0,0.0,1.0,c234,c5
18234,5,0.0,1.0,0.0,c5,c234
18235,4,0.0,0.0,1.0,c5,c5
18236,5,0.0,1.0,0.0,c1,c234
18237,4,0.0,0.0,1.0,c1,c5
18238,1,0.0,0.0,1.0,c5,c5
18239,1,0.0,0.0,1.0,c234,c5
18240,5,0.0,1.0,0.0,c234,c234
18241,2,0.0,0.0,1.0,c1,c5
18242,2,0.0,0.0,1.0,c1,c5
18243,3,0.0,0.0,1.0,c234,c5
18244,3,0.0,0.0,1.0,c234,c5
18245,5,0.0,1.0,0.0,c1,c234
18246,4,0.0,0.0,1.0,c234,c5
18247,1,0.0,0.0,1.0,c234,c5
18248,2,0.0,0.0,1.0,c1,c5
18249,1,0.0,0.0,1.0,c234,c5
18250,4,0.0,0.0,1.0,c234,c5
18251,2,0.0,0.0,1.0,c234,c5
18252,2,0.0,0.0,1.0,c5,c5
18253,5,0.0,1.0,0.0,c1,c234
18254,1,0.0,0.0,1.0,c1,c5
18255,2,0.0,0.0,1.0,c5,c5
18256,2,0.0,0.0,1.0,c1,c5
18257,2,0.0,0.0,1.0,c234,c5
18258,1,0.0,0.0,1.0,c5,c5
18259,3,0.0,0.0,1.0,c1,c5
18260,5,0.0,1.0,0.0,c5,c234
18261,1,0.0,0.0,1.0,c5,c5
18262,3,0.0,0.0,1.0,c234,c5
18263,2,0.0,0.0,1.0,c1,c5
18264,4,0.0,0.0,1.0,c1,c5
18265,2,0.0,0.0,1.0,c234,c5
18266,2,0.0,0.0,1.0,c234,c5
18267,2,0.0,0.0,1.0,c234,c5
18268,3,0.0,0.0,1.0,c5,c5
18269,4,0.0,0.0,1.0,c234,c5
18270,1,0.0,0.0,1.0,c1,c5
18271,3,0.0,0.0,1.0,c234,c5
18272,3,0.0,0.0,1.0,c1,c5
18273,5,0.0,1.0,0.0,c5,c234
18274,1,0.0,0.0,1.0,c234,c5
18275,1,0.0,0.0,1.0,c234,c5
18276,2,0.0,0.0,1.0,c234,c5
18277,5,0.0,1.0,0.0,c5,c234
18278,4,0.0,0.0,1.0,c234,c5
18279,1,0.0,0.0,1.0,c234,c5
18280,3,0.0,0.0,1.0,c5,c5
18281,5,0.0,1.0,0.0,c234,c234
18282,4,0.0,0.0,1.0,c1,c5
18283,4,0.0,0.0,1.0,c5,c5
18284,5,0.0,1.0,0.0,c5,c234
18285,4,0.0,0.0,1.0,c5,c5
18286,3,0.0,0.0,1.0,c5,c5
18287,5,0.0,1.0,0.0,c5,c234
18288,4,0.0,0.0,1.0,c234,c5
18289,4,0.0,0.0,1.0,c5,c5
18290,1,0.0,0.0,1.0,c1,c5
18291,1,0.0,0.0,1.0,c234,c5
18292,5,0.0,1.0,0.0,c1,c234
18293,5,0.0,1.0,0.0,c5,c234
18294,4,0.0,0.0,1.0,c234,c5
18295,4,0.0,0.0,1.0,c234,c5
18296,2,0.0,0.0,1.0,c5,c5
18297,4,0.0,0.0,1.0,c5,c5
18298,4,0.0,0.0,1.0,c5,c5
18299,5,0.0,1.0,0.0,c234,c234
18300,3,0.0,0.0,1.0,c234,c5
18301,1,0.0,0.0,1.0,c234,c5
18302,1,0.0,0.0,1.0,c234,c5
18303,2,0.0,0.0,1.0,c1,c5
18304,4,0.0,0.0,1.0,c1,c5
18305,5,0.0,1.0,0.0,c234,c234
18306,5,0.0,1.0,0.0,c1,c234
18307,3,0.0,0.0,1.0,c234,c5
18308,1,0.0,0.0,1.0,c5,c5
18309,5,0.0,1.0,0.0,c234,c234
18310,5,0.0,1.0,0.0,c234,c234
18311,5,0.0,1.0,0.0,c234,c234
18312,3,0.0,0.0,1.0,c5,c5
18313,5,0.0,1.0,0.0,c234,c234
18314,2,0.0,0.0,1.0,c5,c5
18315,4,0.0,0.0,1.0,c5,c5
18316,2,0.0,0.0,1.0,c1,c5
18317,4,0.0,0.0,1.0,c234,c5
18318,5,0.0,1.0,0.0,c234,c234
18319,3,0.0,0.0,1.0,c234,c5
18320,1,0.0,0.0,1.0,c234,c5
18321,5,0.0,1.0,0.0,c234,c234
18322,3,0.0,0.0,1.0,c234,c5
18323,2,0.0,0.0,1.0,c5,c5
18324,5,0.0,1.0,0.0,c5,c234
18325,4,0.0,0.0,1.0,c5,c5
18326,5,0.0,1.0,0.0,c5,c234
18327,2,0.0,0.0,1.0,c1,c5
18328,4,0.0,0.0,1.0,c1,c5
18329,1,0.0,0.0,1.0,c234,c5
18330,2,0.0,0.0,1.0,c1,c5
18331,5,0.0,1.0,0.0,c1,c234
18332,1,0.0,0.0,1.0,c5,c5
18333,2,0.0,0.0,1.0,c234,c5
18334,5,0.0,1.0,0.0,c234,c234
18335,2,0.0,0.0,1.0,c5,c5
18336,1,0.0,0.0,1.0,c5,c5
18337,3,0.0,0.0,1.0,c1,c5
18338,2,0.0,0.0,1.0,c1,c5
18339,5,0.0,1.0,0.0,c234,c234
18340,4,0.0,0.0,1.0,c5,c5
18341,3,0.0,0.0,1.0,c234,c5
18342,2,0.0,0.0,1.0,c1,c5
18343,2,0.0,0.0,1.0,c1,c5
18344,4,0.0,0.0,1.0,c234,c5
18345,2,0.0,0.0,1.0,c5,c5
18346,3,0.0,0.0,1.0,c234,c5
18347,4,0.0,0.0,1.0,c5,c5
18348,3,0.0,0.0,1.0,c5,c5
18349,5,0.0,1.0,0.0,c5,c234
18350,3,0.0,0.0,1.0,c5,c5
18351,3,0.0,0.0,1.0,c234,c5
18352,2,0.0,0.0,1.0,c1,c5
18353,5,0.0,1.0,0.0,c5,c234
18354,3,0.0,0.0,1.0,c234,c5
18355,1,0.0,0.0,1.0,c5,c5
18356,5,0.0,1.0,0.0,c1,c234
18357,1,0.0,0.0,1.0,c234,c5
18358,4,0.0,0.0,1.0,c1,c5
18359,2,0.0,0.0,1.0,c234,c5
18360,2,0.0,0.0,1.0,c1,c5
18361,3,0.0,0.0,1.0,c234,c5
18362,3,0.0,0.0,1.0,c234,c5
18363,2,0.0,0.0,1.0,c234,c5
18364,5,0.0,1.0,0.0,c1,c234
18365,2,0.0,0.0,1.0,c234,c5
18366,1,0.0,0.0,1.0,c5,c5
18367,2,0.0,0.0,1.0,c5,c5
18368,3,0.0,0.0,1.0,c234,c5
18369,5,0.0,1.0,0.0,c5,c234
18370,4,0.0,0.0,1.0,c234,c5
18371,4,0.0,0.0,1.0,c234,c5
18372,1,0.0,0.0,1.0,c1,c5
18373,2,0.0,0.0,1.0,c1,c5
18374,5,0.0,1.0,0.0,c234,c234
18375,2,0.0,0.0,1.0,c5,c5
18376,2,0.0,0.0,1.0,c1,c5
18377,5,0.0,1.0,0.0,c234,c234
18378,2,0.0,0.0,1.0,c5,c5
18379,5,0.0,1.0,0.0,c5,c234
18380,2,0.0,0.0,1.0,c1,c5
18381,1,0.0,0.0,1.0,c1,c5
18382,3,0.0,0.0,1.0,c5,c5
18383,5,0.0,1.0,0.0,c1,c234
18384,5,0.0,1.0,0.0,c1,c234
18385,4,0.0,0.0,1.0,c1,c5
18386,2,0.0,0.0,1.0,c234,c5
18387,1,0.0,0.0,1.0,c5,c5
18388,2,0.0,0.0,1.0,c234,c5
18389,5,0.0,1.0,0.0,c1,c234
18390,3,0.0,0.0,1.0,c5,c5
18391,3,0.0,0.0,1.0,c1,c5
18392,3,0.0,0.0,1.0,c234,c5
18393,2,0.0,0.0,1.0,c234,c5
18394,4,0.0,0.0,1.0,c5,c5
18395,5,0.0,1.0,0.0,c234,c234
18396,5,0.0,1.0,0.0,c234,c234
18397,4,0.0,0.0,1.0,c5,c5
18398,5,0.0,1.0,0.0,c234,c234
18399,3,0.0,0.0,1.0,c1,c5
18400,1,0.0,0.0,1.0,c234,c5
18401,2,0.0,0.0,1.0,c5,c5
18402,2,0.0,0.0,1.0,c1,c5
18403,4,0.0,0.0,1.0,c5,c5
18404,3,0.0,0.0,1.0,c5,c5
18405,2,0.0,0.0,1.0,c1,c5
18406,3,0.0,0.0,1.0,c234,c5
18407,4,0.0,0.0,1.0,c5,c5
18408,4,0.0,0.0,1.0,c234,c5
18409,2,0.0,0.0,1.0,c234,c5
18410,1,0.0,0.0,1.0,c5,c5
18411,5,0.0,1.0,0.0,c234,c234
18412,4,0.0,0.0,1.0,c5,c5
18413,1,0.0,0.0,1.0,c5,c5
18414,2,0.0,0.0,1.0,c1,c5
18415,2,0.0,0.0,1.0,c234,c5
18416,4,0.0,0.0,1.0,c5,c5
18417,2,0.0,0.0,1.0,c234,c5
18418,1,0.0,0.0,1.0,c234,c5
18419,1,0.0,0.0,1.0,c5,c5
18420,5,0.0,1.0,0.0,c234,c234
18421,1,0.0,0.0,1.0,c1,c5
18422,2,0.0,0.0,1.0,c1,c5
18423,3,0.0,0.0,1.0,c1,c5
18424,4,0.0,0.0,1.0,c5,c5
18425,3,0.0,0.0,1.0,c5,c5
18426,3,0.0,0.0,1.0,c5,c5
18427,5,0.0,1.0,0.0,c5,c234
18428,5,0.0,1.0,0.0,c234,c234
18429,1,0.0,0.0,1.0,c1,c5
18430,5,0.0,1.0,0.0,c5,c234
18431,4,0.0,0.0,1.0,c1,c5
18432,2,0.0,0.0,1.0,c1,c5
18433,3,0.0,0.0,1.0,c1,c5
18434,4,0.0,0.0,1.0,c234,c5
18435,1,0.0,0.0,1.0,c1,c5
18436,4,0.0,0.0,1.0,c1,c5
18437,3,0.0,0.0,1.0,c234,c5
18438,5,0.0,1.0,0.0,c5,c234
18439,2,0.0,0.0,1.0,c1,c5
18440,1,0.0,0.0,1.0,c1,c5
18441,3,0.0,0.0,1.0,c5,c5
18442,3,0.0,0.0,1.0,c5,c5
18443,5,0.0,1.0,0.0,c234,c234
18444,4,0.0,0.0,1.0,c234,c5
18445,2,0.0,0.0,1.0,c234,c5
18446,1,0.0,0.0,1.0,c1,c5
18447,4,0.0,0.0,1.0,c5,c5
18448,2,0.0,0.0,1.0,c234,c5
18449,1,0.0,0.0,1.0,c1,c5
18450,4,0.0,0.0,1.0,c5,c5
18451,5,0.0,1.0,0.0,c5,c234
18452,1,0.0,0.0,1.0,c234,c5
18453,5,0.0,1.0,0.0,c1,c234
18454,2,0.0,0.0,1.0,c1,c5
18455,5,0.0,1.0,0.0,c234,c234
18456,4,0.0,0.0,1.0,c5,c5
18457,3,0.0,0.0,1.0,c234,c5
18458,1,0.0,0.0,1.0,c5,c5
18459,4,0.0,0.0,1.0,c5,c5
18460,3,0.0,0.0,1.0,c234,c5
18461,4,0.0,0.0,1.0,c5,c5
18462,3,0.0,0.0,1.0,c1,c5
18463,3,0.0,0.0,1.0,c234,c5
18464,3,0.0,0.0,1.0,c234,c5
18465,4,0.0,0.0,1.0,c5,c5
18466,3,0.0,0.0,1.0,c234,c5
18467,5,0.0,1.0,0.0,c5,c234
18468,3,0.0,0.0,1.0,c1,c5
18469,2,0.0,0.0,1.0,c1,c5
18470,5,0.0,1.0,0.0,c5,c234
18471,4,0.0,0.0,1.0,c1,c5
18472,3,0.0,0.0,1.0,c5,c5
18473,1,0.0,0.0,1.0,c234,c5
18474,5,0.0,1.0,0.0,c1,c234
18475,5,0.0,1.0,0.0,c5,c234
18476,2,0.0,0.0,1.0,c5,c5
18477,4,0.0,0.0,1.0,c1,c5
18478,1,0.0,0.0,1.0,c234,c5
18479,3,0.0,0.0,1.0,c1,c5
18480,4,0.0,0.0,1.0,c5,c5
18481,4,0.0,0.0,1.0,c5,c5
18482,1,0.0,0.0,1.0,c1,c5
18483,2,0.0,0.0,1.0,c5,c5
18484,4,0.0,0.0,1.0,c5,c5
18485,2,0.0,0.0,1.0,c1,c5
18486,3,0.0,0.0,1.0,c5,c5
18487,3,0.0,0.0,1.0,c5,c5
18488,3,0.0,0.0,1.0,c5,c5
18489,3,0.0,0.0,1.0,c5,c5
18490,3,0.0,0.0,1.0,c5,c5
18491,4,0.0,0.0,1.0,c5,c5
18492,5,0.0,1.0,0.0,c5,c234
18493,1,0.0,0.0,1.0,c5,c5
18494,4,0.0,0.0,1.0,c1,c5
18495,2,0.0,0.0,1.0,c5,c5
18496,1,0.0,0.0,1.0,c234,c5
18497,5,0.0,1.0,0.0,c1,c234
18498,4,0.0,0.0,1.0,c5,c5
18499,4,0.0,0.0,1.0,c5,c5
18500,1,0.0,0.0,1.0,c5,c5
18501,5,0.0,1.0,0.0,c5,c234
18502,2,0.0,0.0,1.0,c234,c5
18503,4,0.0,0.0,1.0,c234,c5
18504,1,0.0,0.0,1.0,c234,c5
18505,5,0.0,1.0,0.0,c234,c234
18506,3,0.0,0.0,1.0,c234,c5
18507,4,0.0,0.0,1.0,c5,c5
18508,2,0.0,0.0,1.0,c1,c5
18509,2,0.0,0.0,1.0,c234,c5
18510,2,0.0,0.0,1.0,c1,c5
18511,5,0.0,1.0,0.0,c234,c234
18512,2,0.0,0.0,1.0,c234,c5
18513,1,0.0,0.0,1.0,c1,c5
18514,3,0.0,0.0,1.0,c234,c5
18515,3,0.0,0.0,1.0,c5,c5
18516,2,0.0,0.0,1.0,c5,c5
18517,3,0.0,0.0,1.0,c234,c5
18518,3,0.0,0.0,1.0,c1,c5
18519,5,0.0,1.0,0.0,c1,c234
18520,2,0.0,0.0,1.0,c234,c5
18521,5,0.0,1.0,0.0,c1,c234
18522,2,0.0,0.0,1.0,c5,c5
18523,4,0.0,0.0,1.0,c5,c5
18524,2,0.0,0.0,1.0,c5,c5
18525,1,0.0,0.0,1.0,c1,c5
18526,5,0.0,1.0,0.0,c5,c234
18527,3,0.0,0.0,1.0,c5,c5
18528,4,0.0,0.0,1.0,c234,c5
18529,3,0.0,0.0,1.0,c1,c5
18530,5,0.0,1.0,0.0,c5,c234
18531,4,0.0,0.0,1.0,c234,c5
18532,1,0.0,0.0,1.0,c234,c5
18533,1,0.0,0.0,1.0,c5,c5
18534,3,0.0,0.0,1.0,c1,c5
18535,5,0.0,1.0,0.0,c1,c234
18536,1,0.0,0.0,1.0,c1,c5
18537,5,0.0,1.0,0.0,c234,c234
18538,5,0.0,1.0,0.0,c1,c234
18539,1,0.0,0.0,1.0,c5,c5
18540,5,0.0,1.0,0.0,c5,c234
18541,4,0.0,0.0,1.0,c5,c5
18542,1,0.0,0.0,1.0,c5,c5
18543,1,0.0,0.0,1.0,c5,c5
18544,5,0.0,1.0,0.0,c5,c234
18545,5,0.0,1.0,0.0,c1,c234
18546,3,0.0,0.0,1.0,c5,c5
18547,5,0.0,1.0,0.0,c234,c234
18548,3,0.0,0.0,1.0,c1,c5
18549,5,0.0,1.0,0.0,c1,c234
18550,1,0.0,0.0,1.0,c234,c5
18551,4,0.0,0.0,1.0,c1,c5
18552,2,0.0,0.0,1.0,c5,c5
18553,2,0.0,0.0,1.0,c1,c5
18554,2,0.0,0.0,1.0,c1,c5
18555,1,0.0,0.0,1.0,c1,c5
18556,2,0.0,0.0,1.0,c1,c5
18557,3,0.0,0.0,1.0,c5,c5
18558,4,0.0,0.0,1.0,c1,c5
18559,2,0.0,0.0,1.0,c5,c5
18560,4,0.0,0.0,1.0,c234,c5
18561,3,0.0,0.0,1.0,c5,c5
18562,1,0.0,0.0,1.0,c234,c5
18563,2,0.0,0.0,1.0,c234,c5
18564,1,0.0,0.0,1.0,c5,c5
18565,4,0.0,0.0,1.0,c1,c5
18566,2,0.0,0.0,1.0,c1,c5
18567,1,0.0,0.0,1.0,c234,c5
18568,2,0.0,0.0,1.0,c1,c5
18569,5,0.0,1.0,0.0,c1,c234
18570,2,0.0,0.0,1.0,c1,c5
18571,2,0.0,0.0,1.0,c1,c5
18572,1,0.0,0.0,1.0,c1,c5
18573,1,0.0,0.0,1.0,c1,c5
18574,5,0.0,1.0,0.0,c5,c234
18575,1,0.0,0.0,1.0,c234,c5
18576,4,0.0,0.0,1.0,c1,c5
18577,1,0.0,0.0,1.0,c5,c5
18578,2,0.0,0.0,1.0,c1,c5
18579,2,0.0,0.0,1.0,c5,c5
18580,1,0.0,0.0,1.0,c5,c5
18581,4,0.0,0.0,1.0,c5,c5
18582,2,0.0,0.0,1.0,c1,c5
18583,5,0.0,1.0,0.0,c1,c234
18584,2,0.0,0.0,1.0,c1,c5
18585,4,0.0,0.0,1.0,c5,c5
18586,4,0.0,0.0,1.0,c234,c5
18587,1,0.0,0.0,1.0,c234,c5
18588,3,0.0,0.0,1.0,c234,c5
18589,4,0.0,0.0,1.0,c234,c5
18590,5,0.0,1.0,0.0,c5,c234
18591,2,0.0,0.0,1.0,c234,c5
18592,3,0.0,0.0,1.0,c1,c5
18593,4,0.0,0.0,1.0,c1,c5
18594,4,0.0,0.0,1.0,c1,c5
18595,1,0.0,0.0,1.0,c234,c5
18596,3,0.0,0.0,1.0,c234,c5
18597,3,0.0,0.0,1.0,c234,c5
18598,3,0.0,0.0,1.0,c5,c5
18599,1,0.0,0.0,1.0,c234,c5
18600,4,0.0,0.0,1.0,c234,c5
18601,1,0.0,0.0,1.0,c5,c5
18602,4,0.0,0.0,1.0,c5,c5
18603,4,0.0,0.0,1.0,c5,c5
18604,4,0.0,0.0,1.0,c5,c5
18605,3,0.0,0.0,1.0,c234,c5
18606,4,0.0,0.0,1.0,c234,c5
18607,4,0.0,0.0,1.0,c5,c5
18608,5,0.0,1.0,0.0,c5,c234
18609,4,0.0,0.0,1.0,c234,c5
18610,3,0.0,0.0,1.0,c234,c5
18611,4,0.0,0.0,1.0,c5,c5
18612,3,0.0,0.0,1.0,c1,c5
18613,4,0.0,0.0,1.0,c5,c5
18614,2,0.0,0.0,1.0,c5,c5
18615,5,0.0,1.0,0.0,c234,c234
18616,1,0.0,0.0,1.0,c234,c5
18617,5,0.0,1.0,0.0,c1,c234
18618,4,0.0,0.0,1.0,c1,c5
18619,4,0.0,0.0,1.0,c5,c5
18620,3,0.0,0.0,1.0,c234,c5
18621,4,0.0,0.0,1.0,c5,c5
18622,5,0.0,1.0,0.0,c1,c234
18623,1,0.0,0.0,1.0,c5,c5
18624,3,0.0,0.0,1.0,c234,c5
18625,3,0.0,0.0,1.0,c234,c5
18626,2,0.0,0.0,1.0,c5,c5
18627,3,0.0,0.0,1.0,c234,c5
18628,5,0.0,1.0,0.0,c5,c234
18629,3,0.0,0.0,1.0,c1,c5
18630,3,0.0,0.0,1.0,c1,c5
18631,4,0.0,0.0,1.0,c1,c5
18632,2,0.0,0.0,1.0,c234,c5
18633,4,0.0,0.0,1.0,c1,c5
18634,2,0.0,0.0,1.0,c5,c5
18635,4,0.0,0.0,1.0,c234,c5
18636,2,0.0,0.0,1.0,c5,c5
18637,4,0.0,0.0,1.0,c1,c5
18638,2,0.0,0.0,1.0,c234,c5
18639,1,0.0,0.0,1.0,c5,c5
18640,2,0.0,0.0,1.0,c234,c5
18641,5,0.0,1.0,0.0,c5,c234
18642,4,0.0,0.0,1.0,c5,c5
18643,3,0.0,0.0,1.0,c1,c5
18644,4,0.0,0.0,1.0,c234,c5
18645,1,0.0,0.0,1.0,c234,c5
18646,3,0.0,0.0,1.0,c5,c5
18647,2,0.0,0.0,1.0,c1,c5
18648,3,0.0,0.0,1.0,c1,c5
18649,5,0.0,1.0,0.0,c5,c234
18650,2,0.0,0.0,1.0,c5,c5
18651,3,0.0,0.0,1.0,c1,c5
18652,5,0.0,1.0,0.0,c234,c234
18653,2,0.0,0.0,1.0,c5,c5
18654,1,0.0,0.0,1.0,c5,c5
18655,4,0.0,0.0,1.0,c5,c5
18656,4,0.0,0.0,1.0,c5,c5
18657,4,0.0,0.0,1.0,c234,c5
18658,5,0.0,1.0,0.0,c5,c234
18659,3,0.0,0.0,1.0,c1,c5
18660,1,0.0,0.0,1.0,c5,c5
18661,4,0.0,0.0,1.0,c1,c5
18662,4,0.0,0.0,1.0,c5,c5
18663,3,0.0,0.0,1.0,c5,c5
18664,1,0.0,0.0,1.0,c234,c5
18665,3,0.0,0.0,1.0,c234,c5
18666,4,0.0,0.0,1.0,c1,c5
18667,3,0.0,0.0,1.0,c234,c5
18668,3,0.0,0.0,1.0,c234,c5
18669,1,0.0,0.0,1.0,c1,c5
18670,2,0.0,0.0,1.0,c5,c5
18671,3,0.0,0.0,1.0,c1,c5
18672,4,0.0,0.0,1.0,c1,c5
18673,2,0.0,0.0,1.0,c234,c5
18674,3,0.0,0.0,1.0,c5,c5
18675,5,0.0,1.0,0.0,c234,c234
18676,2,0.0,0.0,1.0,c1,c5
18677,2,0.0,0.0,1.0,c5,c5
18678,3,0.0,0.0,1.0,c1,c5
18679,1,0.0,0.0,1.0,c234,c5
18680,1,0.0,0.0,1.0,c234,c5
18681,5,0.0,1.0,0.0,c1,c234
18682,4,0.0,0.0,1.0,c234,c5
18683,4,0.0,0.0,1.0,c5,c5
18684,1,0.0,0.0,1.0,c5,c5
18685,5,0.0,1.0,0.0,c1,c234
18686,4,0.0,0.0,1.0,c1,c5
18687,3,0.0,0.0,1.0,c234,c5
18688,1,0.0,0.0,1.0,c234,c5
18689,4,0.0,0.0,1.0,c234,c5
18690,4,0.0,0.0,1.0,c234,c5
18691,2,0.0,0.0,1.0,c234,c5
18692,3,0.0,0.0,1.0,c5,c5
18693,1,0.0,0.0,1.0,c234,c5
18694,5,0.0,1.0,0.0,c234,c234
18695,2,0.0,0.0,1.0,c5,c5
18696,4,0.0,0.0,1.0,c1,c5
18697,4,0.0,0.0,1.0,c234,c5
18698,3,0.0,0.0,1.0,c5,c5
18699,3,0.0,0.0,1.0,c5,c5
18700,1,0.0,0.0,1.0,c5,c5
18701,4,0.0,0.0,1.0,c1,c5
18702,2,0.0,0.0,1.0,c5,c5
18703,2,0.0,0.0,1.0,c234,c5
18704,1,0.0,0.0,1.0,c5,c5
18705,4,0.0,0.0,1.0,c234,c5
18706,2,0.0,0.0,1.0,c5,c5
18707,1,0.0,0.0,1.0,c1,c5
18708,4,0.0,0.0,1.0,c5,c5
18709,3,0.0,0.0,1.0,c234,c5
18710,2,0.0,0.0,1.0,c5,c5
18711,5,0.0,1.0,0.0,c5,c234
18712,2,0.0,0.0,1.0,c1,c5
18713,2,0.0,0.0,1.0,c234,c5
18714,4,0.0,0.0,1.0,c5,c5
18715,1,0.0,0.0,1.0,c5,c5
18716,5,0.0,1.0,0.0,c234,c234
18717,2,0.0,0.0,1.0,c1,c5
18718,5,0.0,1.0,0.0,c5,c234
18719,5,0.0,1.0,0.0,c234,c234
18720,2,0.0,0.0,1.0,c5,c5
18721,2,0.0,0.0,1.0,c1,c5
18722,4,0.0,0.0,1.0,c1,c5
18723,1,0.0,0.0,1.0,c234,c5
18724,4,0.0,0.0,1.0,c5,c5
18725,4,0.0,0.0,1.0,c5,c5
18726,2,0.0,0.0,1.0,c1,c5
18727,3,0.0,0.0,1.0,c5,c5
18728,3,0.0,0.0,1.0,c1,c5
18729,4,0.0,0.0,1.0,c234,c5
18730,3,0.0,0.0,1.0,c234,c5
18731,3,0.0,0.0,1.0,c234,c5
18732,2,0.0,0.0,1.0,c5,c5
18733,4,0.0,0.0,1.0,c234,c5
18734,1,0.0,0.0,1.0,c5,c5
18735,4,0.0,0.0,1.0,c234,c5
18736,2,0.0,0.0,1.0,c5,c5
18737,2,0.0,0.0,1.0,c5,c5
18738,1,0.0,0.0,1.0,c1,c5
18739,2,0.0,0.0,1.0,c5,c5
18740,1,0.0,0.0,1.0,c234,c5
18741,4,0.0,0.0,1.0,c1,c5
18742,3,0.0,0.0,1.0,c5,c5
18743,5,0.0,1.0,0.0,c234,c234
18744,4,0.0,0.0,1.0,c234,c5
18745,4,0.0,0.0,1.0,c5,c5
18746,2,0.0,0.0,1.0,c5,c5
18747,4,0.0,0.0,1.0,c234,c5
18748,3,0.0,0.0,1.0,c234,c5
18749,2,0.0,0.0,1.0,c5,c5
18750,2,0.0,0.0,1.0,c1,c5
18751,4,0.0,0.0,1.0,c5,c5
18752,3,0.0,0.0,1.0,c1,c5
18753,5,0.0,1.0,0.0,c1,c234
18754,4,0.0,0.0,1.0,c1,c5
18755,2,0.0,0.0,1.0,c1,c5
18756,2,0.0,0.0,1.0,c234,c5
18757,3,0.0,0.0,1.0,c234,c5
18758,4,0.0,0.0,1.0,c1,c5
18759,1,0.0,0.0,1.0,c1,c5
18760,1,0.0,0.0,1.0,c5,c5
18761,2,0.0,0.0,1.0,c5,c5
18762,4,0.0,0.0,1.0,c1,c5
18763,4,0.0,0.0,1.0,c1,c5
18764,4,0.0,0.0,1.0,c234,c5
18765,3,0.0,0.0,1.0,c234,c5
18766,4,0.0,0.0,1.0,c5,c5
18767,5,0.0,1.0,0.0,c5,c234
18768,5,0.0,1.0,0.0,c1,c234
18769,1,0.0,0.0,1.0,c1,c5
18770,2,0.0,0.0,1.0,c234,c5
18771,1,0.0,0.0,1.0,c1,c5
18772,4,0.0,0.0,1.0,c234,c5
18773,1,0.0,0.0,1.0,c5,c5
18774,1,0.0,0.0,1.0,c1,c5
18775,3,0.0,0.0,1.0,c5,c5
18776,2,0.0,0.0,1.0,c234,c5
18777,4,0.0,0.0,1.0,c5,c5
18778,5,0.0,1.0,0.0,c1,c234
18779,4,0.0,0.0,1.0,c5,c5
18780,5,0.0,1.0,0.0,c234,c234
18781,5,0.0,1.0,0.0,c234,c234
18782,4,0.0,0.0,1.0,c5,c5
18783,5,0.0,1.0,0.0,c234,c234
18784,3,0.0,0.0,1.0,c1,c5
18785,5,0.0,1.0,0.0,c234,c234
18786,3,0.0,0.0,1.0,c1,c5
18787,4,0.0,0.0,1.0,c234,c5
18788,2,0.0,0.0,1.0,c5,c5
18789,5,0.0,1.0,0.0,c1,c234
18790,1,0.0,0.0,1.0,c5,c5
18791,1,0.0,0.0,1.0,c234,c5
18792,5,0.0,1.0,0.0,c5,c234
18793,1,0.0,0.0,1.0,c1,c5
18794,5,0.0,1.0,0.0,c1,c234
18795,1,0.0,0.0,1.0,c5,c5
18796,5,0.0,1.0,0.0,c5,c234
18797,4,0.0,0.0,1.0,c5,c5
18798,2,0.0,0.0,1.0,c234,c5
18799,5,0.0,1.0,0.0,c234,c234
18800,2,0.0,0.0,1.0,c234,c5
18801,5,0.0,1.0,0.0,c1,c234
18802,4,0.0,0.0,1.0,c5,c5
18803,4,0.0,0.0,1.0,c234,c5
18804,4,0.0,0.0,1.0,c5,c5
18805,4,0.0,0.0,1.0,c234,c5
18806,4,0.0,0.0,1.0,c234,c5
18807,3,0.0,0.0,1.0,c5,c5
18808,5,0.0,1.0,0.0,c1,c234
18809,3,0.0,0.0,1.0,c234,c5
18810,3,0.0,0.0,1.0,c5,c5
18811,1,0.0,0.0,1.0,c5,c5
18812,4,0.0,0.0,1.0,c234,c5
18813,5,0.0,1.0,0.0,c234,c234
18814,1,0.0,0.0,1.0,c5,c5
18815,1,0.0,0.0,1.0,c234,c5
18816,5,0.0,1.0,0.0,c5,c234
18817,3,0.0,0.0,1.0,c1,c5
18818,3,0.0,0.0,1.0,c5,c5
18819,3,0.0,0.0,1.0,c5,c5
18820,2,0.0,0.0,1.0,c234,c5
18821,4,0.0,0.0,1.0,c1,c5
18822,4,0.0,0.0,1.0,c5,c5
18823,3,0.0,0.0,1.0,c1,c5
18824,4,0.0,0.0,1.0,c234,c5
18825,4,0.0,0.0,1.0,c5,c5
18826,4,0.0,0.0,1.0,c234,c5
18827,4,0.0,0.0,1.0,c234,c5
18828,5,0.0,1.0,0.0,c1,c234
18829,1,0.0,0.0,1.0,c1,c5
18830,5,0.0,1.0,0.0,c1,c234
18831,3,0.0,0.0,1.0,c1,c5
18832,5,0.0,1.0,0.0,c1,c234
18833,3,0.0,0.0,1.0,c5,c5
18834,2,0.0,0.0,1.0,c5,c5
18835,1,0.0,0.0,1.0,c1,c5
18836,3,0.0,0.0,1.0,c1,c5
18837,3,0.0,0.0,1.0,c5,c5
18838,5,0.0,1.0,0.0,c5,c234
18839,2,0.0,0.0,1.0,c234,c5
18840,2,0.0,0.0,1.0,c5,c5
18841,4,0.0,0.0,1.0,c1,c5
18842,4,0.0,0.0,1.0,c234,c5
18843,3,0.0,0.0,1.0,c234,c5
18844,2,0.0,0.0,1.0,c234,c5
18845,4,0.0,0.0,1.0,c5,c5
18846,4,0.0,0.0,1.0,c1,c5
18847,2,0.0,0.0,1.0,c234,c5
18848,3,0.0,0.0,1.0,c5,c5
18849,1,0.0,0.0,1.0,c5,c5
18850,2,0.0,0.0,1.0,c1,c5
18851,4,0.0,0.0,1.0,c234,c5
18852,3,0.0,0.0,1.0,c5,c5
18853,3,0.0,0.0,1.0,c234,c5
18854,3,0.0,0.0,1.0,c1,c5
18855,2,0.0,0.0,1.0,c1,c5
18856,3,0.0,0.0,1.0,c5,c5
18857,2,0.0,0.0,1.0,c5,c5
18858,5,0.0,1.0,0.0,c1,c234
18859,3,0.0,0.0,1.0,c1,c5
18860,2,0.0,0.0,1.0,c234,c5
18861,1,0.0,0.0,1.0,c1,c5
18862,5,0.0,1.0,0.0,c234,c234
18863,3,0.0,0.0,1.0,c5,c5
18864,1,0.0,0.0,1.0,c234,c5
18865,3,0.0,0.0,1.0,c1,c5
18866,3,0.0,0.0,1.0,c5,c5
18867,3,0.0,0.0,1.0,c1,c5
18868,1,0.0,0.0,1.0,c5,c5
18869,2,0.0,0.0,1.0,c1,c5
18870,2,0.0,0.0,1.0,c5,c5
18871,5,0.0,1.0,0.0,c1,c234
18872,2,0.0,0.0,1.0,c234,c5
18873,5,0.0,1.0,0.0,c5,c234
18874,5,0.0,1.0,0.0,c234,c234
18875,4,0.0,0.0,1.0,c1,c5
18876,3,0.0,0.0,1.0,c1,c5
18877,5,0.0,1.0,0.0,c1,c234
18878,1,0.0,0.0,1.0,c234,c5
18879,3,0.0,0.0,1.0,c234,c5
18880,2,0.0,0.0,1.0,c234,c5
18881,5,0.0,1.0,0.0,c5,c234
18882,4,0.0,0.0,1.0,c5,c5
18883,5,0.0,1.0,0.0,c234,c234
18884,3,0.0,0.0,1.0,c234,c5
18885,3,0.0,0.0,1.0,c1,c5
18886,4,0.0,0.0,1.0,c1,c5
18887,2,0.0,0.0,1.0,c5,c5
18888,3,0.0,0.0,1.0,c234,c5
18889,2,0.0,0.0,1.0,c5,c5
18890,1,0.0,0.0,1.0,c1,c5
18891,3,0.0,0.0,1.0,c5,c5
18892,5,0.0,1.0,0.0,c1,c234
18893,1,0.0,0.0,1.0,c234,c5
18894,5,0.0,1.0,0.0,c234,c234
18895,4,0.0,0.0,1.0,c234,c5
18896,5,0.0,1.0,0.0,c1,c234
18897,4,0.0,0.0,1.0,c5,c5
18898,5,0.0,1.0,0.0,c1,c234
18899,1,0.0,0.0,1.0,c234,c5
18900,2,0.0,0.0,1.0,c234,c5
18901,3,0.0,0.0,1.0,c1,c5
18902,3,0.0,0.0,1.0,c5,c5
18903,2,0.0,0.0,1.0,c1,c5
18904,4,0.0,0.0,1.0,c5,c5
18905,1,0.0,0.0,1.0,c5,c5
18906,4,0.0,0.0,1.0,c234,c5
18907,5,0.0,1.0,0.0,c234,c234
18908,3,0.0,0.0,1.0,c5,c5
18909,1,0.0,0.0,1.0,c234,c5
18910,1,0.0,0.0,1.0,c5,c5
18911,1,0.0,0.0,1.0,c1,c5
18912,2,0.0,0.0,1.0,c234,c5
18913,1,0.0,0.0,1.0,c5,c5
18914,1,0.0,0.0,1.0,c5,c5
18915,1,0.0,0.0,1.0,c234,c5
18916,5,0.0,1.0,0.0,c234,c234
18917,2,0.0,0.0,1.0,c1,c5
18918,4,0.0,0.0,1.0,c5,c5
18919,1,0.0,0.0,1.0,c234,c5
18920,2,0.0,0.0,1.0,c5,c5
18921,1,0.0,0.0,1.0,c1,c5
18922,2,0.0,0.0,1.0,c5,c5
18923,5,0.0,1.0,0.0,c1,c234
18924,1,0.0,0.0,1.0,c1,c5
18925,2,0.0,0.0,1.0,c234,c5
18926,1,0.0,0.0,1.0,c1,c5
18927,3,0.0,0.0,1.0,c1,c5
18928,4,0.0,0.0,1.0,c234,c5
18929,1,0.0,0.0,1.0,c234,c5
18930,2,0.0,0.0,1.0,c5,c5
18931,4,0.0,0.0,1.0,c234,c5
18932,1,0.0,0.0,1.0,c1,c5
18933,3,0.0,0.0,1.0,c5,c5
18934,4,0.0,0.0,1.0,c1,c5
18935,4,0.0,0.0,1.0,c234,c5
18936,4,0.0,0.0,1.0,c234,c5
18937,3,0.0,0.0,1.0,c234,c5
18938,3,0.0,0.0,1.0,c234,c5
18939,1,0.0,0.0,1.0,c5,c5
18940,1,0.0,0.0,1.0,c5,c5
18941,2,0.0,0.0,1.0,c1,c5
18942,5,0.0,1.0,0.0,c5,c234
18943,4,0.0,0.0,1.0,c234,c5
18944,4,0.0,0.0,1.0,c234,c5
18945,5,0.0,1.0,0.0,c1,c234
18946,3,0.0,0.0,1.0,c234,c5
18947,3,0.0,0.0,1.0,c5,c5
18948,1,0.0,0.0,1.0,c234,c5
18949,2,0.0,0.0,1.0,c5,c5
18950,2,0.0,0.0,1.0,c234,c5
18951,1,0.0,0.0,1.0,c1,c5
18952,5,0.0,1.0,0.0,c1,c234
18953,2,0.0,0.0,1.0,c5,c5
18954,3,0.0,0.0,1.0,c5,c5
18955,2,0.0,0.0,1.0,c234,c5
18956,1,0.0,0.0,1.0,c234,c5
18957,1,0.0,0.0,1.0,c1,c5
18958,1,0.0,0.0,1.0,c1,c5
18959,4,0.0,0.0,1.0,c5,c5
18960,2,0.0,0.0,1.0,c234,c5
18961,3,0.0,0.0,1.0,c1,c5
18962,5,0.0,1.0,0.0,c5,c234
18963,4,0.0,0.0,1.0,c5,c5
18964,5,0.0,1.0,0.0,c5,c234
18965,1,0.0,0.0,1.0,c5,c5
18966,4,0.0,0.0,1.0,c234,c5
18967,4,0.0,0.0,1.0,c1,c5
18968,4,0.0,0.0,1.0,c234,c5
18969,5,0.0,1.0,0.0,c234,c234
18970,1,0.0,0.0,1.0,c1,c5
18971,4,0.0,0.0,1.0,c234,c5
18972,5,0.0,1.0,0.0,c234,c234
18973,5,0.0,1.0,0.0,c234,c234
18974,3,0.0,0.0,1.0,c234,c5
18975,4,0.0,0.0,1.0,c5,c5
18976,2,0.0,0.0,1.0,c5,c5
18977,1,0.0,0.0,1.0,c1,c5
18978,4,0.0,0.0,1.0,c1,c5
18979,3,0.0,0.0,1.0,c5,c5
18980,4,0.0,0.0,1.0,c234,c5
18981,1,0.0,0.0,1.0,c5,c5
18982,2,0.0,0.0,1.0,c234,c5
18983,1,0.0,0.0,1.0,c234,c5
18984,4,0.0,0.0,1.0,c234,c5
18985,2,0.0,0.0,1.0,c1,c5
18986,3,0.0,0.0,1.0,c5,c5
18987,5,0.0,1.0,0.0,c5,c234
18988,4,0.0,0.0,1.0,c5,c5
18989,4,0.0,0.0,1.0,c234,c5
18990,2,0.0,0.0,1.0,c234,c5
18991,2,0.0,0.0,1.0,c234,c5
18992,2,0.0,0.0,1.0,c234,c5
18993,2,0.0,0.0,1.0,c5,c5
18994,1,0.0,0.0,1.0,c1,c5
18995,4,0.0,0.0,1.0,c5,c5
18996,5,0.0,1.0,0.0,c5,c234
18997,2,0.0,0.0,1.0,c234,c5
18998,5,0.0,1.0,0.0,c5,c234
18999,3,0.0,0.0,1.0,c1,c5
19000,1,0.0,0.0,1.0,c5,c5
19001,3,0.0,0.0,1.0,c1,c5
19002,5,0.0,1.0,0.0,c234,c234
19003,3,0.0,0.0,1.0,c234,c5
19004,2,0.0,0.0,1.0,c5,c5
19005,4,0.0,0.0,1.0,c1,c5
19006,3,0.0,0.0,1.0,c5,c5
19007,4,0.0,0.0,1.0,c234,c5
19008,2,0.0,0.0,1.0,c234,c5
19009,1,0.0,0.0,1.0,c234,c5
19010,1,0.0,0.0,1.0,c234,c5
19011,5,0.0,1.0,0.0,c234,c234
19012,2,0.0,0.0,1.0,c1,c5
19013,1,0.0,0.0,1.0,c5,c5
19014,2,0.0,0.0,1.0,c5,c5
19015,5,0.0,1.0,0.0,c234,c234
19016,3,0.0,0.0,1.0,c1,c5
19017,5,0.0,1.0,0.0,c234,c234
19018,5,0.0,1.0,0.0,c234,c234
19019,5,0.0,1.0,0.0,c1,c234
19020,5,0.0,1.0,0.0,c5,c234
19021,4,0.0,0.0,1.0,c1,c5
19022,3,0.0,0.0,1.0,c234,c5
19023,4,0.0,0.0,1.0,c234,c5
19024,2,0.0,0.0,1.0,c5,c5
19025,3,0.0,0.0,1.0,c1,c5
19026,3,0.0,0.0,1.0,c5,c5
19027,5,0.0,1.0,0.0,c5,c234
19028,1,0.0,0.0,1.0,c1,c5
19029,5,0.0,1.0,0.0,c234,c234
19030,4,0.0,0.0,1.0,c234,c5
19031,3,0.0,0.0,1.0,c1,c5
19032,2,0.0,0.0,1.0,c234,c5
19033,5,0.0,1.0,0.0,c1,c234
19034,1,0.0,0.0,1.0,c5,c5
19035,2,0.0,0.0,1.0,c234,c5
19036,2,0.0,0.0,1.0,c5,c5
19037,2,0.0,0.0,1.0,c5,c5
19038,4,0.0,0.0,1.0,c5,c5
19039,1,0.0,0.0,1.0,c5,c5
19040,2,0.0,0.0,1.0,c5,c5
19041,3,0.0,0.0,1.0,c1,c5
19042,5,0.0,1.0,0.0,c234,c234
19043,4,0.0,0.0,1.0,c1,c5
19044,1,0.0,0.0,1.0,c1,c5
19045,1,0.0,0.0,1.0,c234,c5
19046,2,0.0,0.0,1.0,c234,c5
19047,1,0.0,0.0,1.0,c234,c5
19048,1,0.0,0.0,1.0,c234,c5
19049,4,0.0,0.0,1.0,c234,c5
19050,5,0.0,1.0,0.0,c234,c234
19051,3,0.0,0.0,1.0,c234,c5
19052,3,0.0,0.0,1.0,c234,c5
19053,3,0.0,0.0,1.0,c1,c5
19054,2,0.0,0.0,1.0,c1,c5
19055,3,0.0,0.0,1.0,c5,c5
19056,1,0.0,0.0,1.0,c5,c5
19057,3,0.0,0.0,1.0,c234,c5
19058,3,0.0,0.0,1.0,c5,c5
19059,5,0.0,1.0,0.0,c1,c234
19060,1,0.0,0.0,1.0,c5,c5
19061,2,0.0,0.0,1.0,c1,c5
19062,4,0.0,0.0,1.0,c5,c5
19063,5,0.0,1.0,0.0,c1,c234
19064,5,0.0,1.0,0.0,c234,c234
19065,4,0.0,0.0,1.0,c1,c5
19066,3,0.0,0.0,1.0,c5,c5
19067,1,0.0,0.0,1.0,c1,c5
19068,3,0.0,0.0,1.0,c234,c5
19069,4,0.0,0.0,1.0,c1,c5
19070,2,0.0,0.0,1.0,c234,c5
19071,5,0.0,1.0,0.0,c234,c234
19072,5,0.0,1.0,0.0,c1,c234
19073,4,0.0,0.0,1.0,c1,c5
19074,5,0.0,1.0,0.0,c1,c234
19075,5,0.0,1.0,0.0,c1,c234
19076,3,0.0,0.0,1.0,c1,c5
19077,2,0.0,0.0,1.0,c1,c5
19078,4,0.0,0.0,1.0,c234,c5
19079,5,0.0,1.0,0.0,c5,c234
19080,5,0.0,1.0,0.0,c5,c234
19081,4,0.0,0.0,1.0,c1,c5
19082,2,0.0,0.0,1.0,c1,c5
19083,2,0.0,0.0,1.0,c234,c5
19084,2,0.0,0.0,1.0,c5,c5
19085,1,0.0,0.0,1.0,c234,c5
19086,1,0.0,0.0,1.0,c1,c5
19087,5,0.0,1.0,0.0,c1,c234
19088,4,0.0,0.0,1.0,c5,c5
19089,3,0.0,0.0,1.0,c234,c5
19090,2,0.0,0.0,1.0,c234,c5
19091,4,0.0,0.0,1.0,c5,c5
19092,3,0.0,0.0,1.0,c234,c5
19093,1,0.0,0.0,1.0,c234,c5
19094,5,0.0,1.0,0.0,c234,c234
19095,5,0.0,1.0,0.0,c234,c234
19096,1,0.0,0.0,1.0,c1,c5
19097,1,0.0,0.0,1.0,c234,c5
19098,1,0.0,0.0,1.0,c1,c5
19099,2,0.0,0.0,1.0,c5,c5
19100,5,0.0,1.0,0.0,c234,c234
19101,5,0.0,1.0,0.0,c1,c234
19102,1,0.0,0.0,1.0,c1,c5
19103,2,0.0,0.0,1.0,c234,c5
19104,2,0.0,0.0,1.0,c5,c5
19105,2,0.0,0.0,1.0,c234,c5
19106,4,0.0,0.0,1.0,c5,c5
19107,1,0.0,0.0,1.0,c234,c5
19108,2,0.0,0.0,1.0,c234,c5
19109,3,0.0,0.0,1.0,c5,c5
19110,5,0.0,1.0,0.0,c234,c234
19111,4,0.0,0.0,1.0,c1,c5
19112,1,0.0,0.0,1.0,c234,c5
19113,3,0.0,0.0,1.0,c5,c5
19114,2,0.0,0.0,1.0,c234,c5
19115,3,0.0,0.0,1.0,c234,c5
19116,3,0.0,0.0,1.0,c5,c5
19117,3,0.0,0.0,1.0,c234,c5
19118,3,0.0,0.0,1.0,c1,c5
19119,3,0.0,0.0,1.0,c5,c5
19120,4,0.0,0.0,1.0,c234,c5
19121,4,0.0,0.0,1.0,c5,c5
19122,5,0.0,1.0,0.0,c5,c234
19123,4,0.0,0.0,1.0,c1,c5
19124,1,0.0,0.0,1.0,c1,c5
19125,3,0.0,0.0,1.0,c1,c5
19126,1,0.0,0.0,1.0,c1,c5
19127,1,0.0,0.0,1.0,c234,c5
19128,3,0.0,0.0,1.0,c234,c5
19129,3,0.0,0.0,1.0,c1,c5
19130,5,0.0,1.0,0.0,c5,c234
19131,1,0.0,0.0,1.0,c1,c5
19132,1,0.0,0.0,1.0,c5,c5
19133,2,0.0,0.0,1.0,c1,c5
19134,1,0.0,0.0,1.0,c5,c5
19135,4,0.0,0.0,1.0,c1,c5
19136,5,0.0,1.0,0.0,c1,c234
19137,4,0.0,0.0,1.0,c234,c5
19138,1,0.0,0.0,1.0,c234,c5
19139,3,0.0,0.0,1.0,c1,c5
19140,4,0.0,0.0,1.0,c5,c5
19141,4,0.0,0.0,1.0,c5,c5
19142,5,0.0,1.0,0.0,c5,c234
19143,1,0.0,0.0,1.0,c234,c5
19144,5,0.0,1.0,0.0,c5,c234
19145,2,0.0,0.0,1.0,c1,c5
19146,1,0.0,0.0,1.0,c1,c5
19147,5,0.0,1.0,0.0,c5,c234
19148,5,0.0,1.0,0.0,c234,c234
19149,2,0.0,0.0,1.0,c1,c5
19150,2,0.0,0.0,1.0,c234,c5
19151,1,0.0,0.0,1.0,c234,c5
19152,4,0.0,0.0,1.0,c1,c5
19153,1,0.0,0.0,1.0,c5,c5
19154,5,0.0,1.0,0.0,c234,c234
19155,4,0.0,0.0,1.0,c1,c5
19156,4,0.0,0.0,1.0,c234,c5
19157,3,0.0,0.0,1.0,c1,c5
19158,1,0.0,0.0,1.0,c5,c5
19159,1,0.0,0.0,1.0,c5,c5
19160,4,0.0,0.0,1.0,c5,c5
19161,4,0.0,0.0,1.0,c5,c5
19162,4,0.0,0.0,1.0,c234,c5
19163,5,0.0,1.0,0.0,c5,c234
19164,5,0.0,1.0,0.0,c1,c234
19165,1,0.0,0.0,1.0,c234,c5
19166,4,0.0,0.0,1.0,c1,c5
19167,3,0.0,0.0,1.0,c234,c5
19168,3,0.0,0.0,1.0,c234,c5
19169,5,0.0,1.0,0.0,c1,c234
19170,2,0.0,0.0,1.0,c1,c5
19171,5,0.0,1.0,0.0,c234,c234
19172,2,0.0,0.0,1.0,c234,c5
19173,4,0.0,0.0,1.0,c5,c5
19174,4,0.0,0.0,1.0,c5,c5
19175,2,0.0,0.0,1.0,c234,c5
19176,4,0.0,0.0,1.0,c1,c5
19177,1,0.0,0.0,1.0,c5,c5
19178,3,0.0,0.0,1.0,c5,c5
19179,4,0.0,0.0,1.0,c234,c5
19180,5,0.0,1.0,0.0,c1,c234
19181,3,0.0,0.0,1.0,c1,c5
19182,4,0.0,0.0,1.0,c5,c5
19183,4,0.0,0.0,1.0,c234,c5
19184,4,0.0,0.0,1.0,c234,c5
19185,2,0.0,0.0,1.0,c5,c5
19186,4,0.0,0.0,1.0,c5,c5
19187,1,0.0,0.0,1.0,c234,c5
19188,3,0.0,0.0,1.0,c234,c5
19189,5,0.0,1.0,0.0,c1,c234
19190,5,0.0,1.0,0.0,c5,c234
19191,4,0.0,0.0,1.0,c5,c5
19192,2,0.0,0.0,1.0,c1,c5
19193,2,0.0,0.0,1.0,c234,c5
19194,4,0.0,0.0,1.0,c1,c5
19195,5,0.0,1.0,0.0,c234,c234
19196,2,0.0,0.0,1.0,c5,c5
19197,4,0.0,0.0,1.0,c234,c5
19198,5,0.0,1.0,0.0,c5,c234
19199,5,0.0,1.0,0.0,c1,c234
19200,3,0.0,0.0,1.0,c1,c5
19201,3,0.0,0.0,1.0,c234,c5
19202,4,0.0,0.0,1.0,c5,c5
19203,5,0.0,1.0,0.0,c234,c234
19204,3,0.0,0.0,1.0,c1,c5
19205,3,0.0,0.0,1.0,c1,c5
19206,4,0.0,0.0,1.0,c5,c5
19207,4,0.0,0.0,1.0,c5,c5
19208,3,0.0,0.0,1.0,c5,c5
19209,1,0.0,0.0,1.0,c234,c5
19210,3,0.0,0.0,1.0,c5,c5
19211,5,0.0,1.0,0.0,c5,c234
19212,3,0.0,0.0,1.0,c1,c5
19213,1,0.0,0.0,1.0,c234,c5
19214,4,0.0,0.0,1.0,c1,c5
19215,3,0.0,0.0,1.0,c5,c5
19216,5,0.0,1.0,0.0,c5,c234
19217,2,0.0,0.0,1.0,c1,c5
19218,2,0.0,0.0,1.0,c1,c5
19219,4,0.0,0.0,1.0,c234,c5
19220,4,0.0,0.0,1.0,c1,c5
19221,4,0.0,0.0,1.0,c1,c5
19222,3,0.0,0.0,1.0,c5,c5
19223,3,0.0,0.0,1.0,c5,c5
19224,3,0.0,0.0,1.0,c1,c5
19225,5,0.0,1.0,0.0,c1,c234
19226,4,0.0,0.0,1.0,c234,c5
19227,5,0.0,1.0,0.0,c234,c234
19228,1,0.0,0.0,1.0,c1,c5
19229,5,0.0,1.0,0.0,c5,c234
19230,1,0.0,0.0,1.0,c234,c5
19231,1,0.0,0.0,1.0,c1,c5
19232,1,0.0,0.0,1.0,c234,c5
19233,3,0.0,0.0,1.0,c5,c5
19234,1,0.0,0.0,1.0,c234,c5
19235,4,0.0,0.0,1.0,c5,c5
19236,2,0.0,0.0,1.0,c234,c5
19237,2,0.0,0.0,1.0,c5,c5
19238,5,0.0,1.0,0.0,c5,c234
19239,2,0.0,0.0,1.0,c5,c5
19240,1,0.0,0.0,1.0,c1,c5
19241,2,0.0,0.0,1.0,c5,c5
19242,1,0.0,0.0,1.0,c234,c5
19243,4,0.0,0.0,1.0,c5,c5
19244,5,0.0,1.0,0.0,c1,c234
19245,1,0.0,0.0,1.0,c234,c5
19246,5,0.0,1.0,0.0,c5,c234
19247,2,0.0,0.0,1.0,c1,c5
19248,1,0.0,0.0,1.0,c234,c5
19249,3,0.0,0.0,1.0,c1,c5
19250,3,0.0,0.0,1.0,c234,c5
19251,2,0.0,0.0,1.0,c234,c5
19252,1,0.0,0.0,1.0,c234,c5
19253,5,0.0,1.0,0.0,c1,c234
19254,3,0.0,0.0,1.0,c5,c5
19255,1,0.0,0.0,1.0,c1,c5
19256,2,0.0,0.0,1.0,c234,c5
19257,4,0.0,0.0,1.0,c1,c5
19258,3,0.0,0.0,1.0,c234,c5
19259,5,0.0,1.0,0.0,c1,c234
19260,4,0.0,0.0,1.0,c5,c5
19261,1,0.0,0.0,1.0,c5,c5
19262,4,0.0,0.0,1.0,c1,c5
19263,2,0.0,0.0,1.0,c234,c5
19264,2,0.0,0.0,1.0,c1,c5
19265,1,0.0,0.0,1.0,c234,c5
19266,3,0.0,0.0,1.0,c1,c5
19267,5,0.0,1.0,0.0,c1,c234
19268,1,0.0,0.0,1.0,c5,c5
19269,1,0.0,0.0,1.0,c234,c5
19270,2,0.0,0.0,1.0,c5,c5
19271,5,0.0,1.0,0.0,c5,c234
19272,2,0.0,0.0,1.0,c1,c5
19273,1,0.0,0.0,1.0,c234,c5
19274,2,0.0,0.0,1.0,c5,c5
19275,3,0.0,0.0,1.0,c234,c5
19276,5,0.0,1.0,0.0,c1,c234
19277,2,0.0,0.0,1.0,c5,c5
19278,5,0.0,1.0,0.0,c1,c234
19279,4,0.0,0.0,1.0,c1,c5
19280,2,0.0,0.0,1.0,c234,c5
19281,4,0.0,0.0,1.0,c5,c5
19282,2,0.0,0.0,1.0,c1,c5
19283,2,0.0,0.0,1.0,c5,c5
19284,4,0.0,0.0,1.0,c5,c5
19285,4,0.0,0.0,1.0,c5,c5
19286,2,0.0,0.0,1.0,c5,c5
19287,2,0.0,0.0,1.0,c5,c5
19288,1,0.0,0.0,1.0,c1,c5
19289,2,0.0,0.0,1.0,c5,c5
19290,1,0.0,0.0,1.0,c5,c5
19291,5,0.0,1.0,0.0,c234,c234
19292,1,0.0,0.0,1.0,c234,c5
19293,3,0.0,0.0,1.0,c5,c5
19294,1,0.0,0.0,1.0,c234,c5
19295,1,0.0,0.0,1.0,c1,c5
19296,2,0.0,0.0,1.0,c1,c5
19297,3,0.0,0.0,1.0,c5,c5
19298,2,0.0,0.0,1.0,c1,c5
19299,4,0.0,0.0,1.0,c234,c5
19300,1,0.0,0.0,1.0,c234,c5
19301,2,0.0,0.0,1.0,c234,c5
19302,5,0.0,1.0,0.0,c234,c234
19303,1,0.0,0.0,1.0,c1,c5
19304,3,0.0,0.0,1.0,c1,c5
19305,1,0.0,0.0,1.0,c234,c5
19306,1,0.0,0.0,1.0,c5,c5
19307,3,0.0,0.0,1.0,c1,c5
19308,2,0.0,0.0,1.0,c5,c5
19309,3,0.0,0.0,1.0,c5,c5
19310,4,0.0,0.0,1.0,c1,c5
19311,5,0.0,1.0,0.0,c234,c234
19312,1,0.0,0.0,1.0,c1,c5
19313,2,0.0,0.0,1.0,c5,c5
19314,4,0.0,0.0,1.0,c234,c5
19315,3,0.0,0.0,1.0,c1,c5
19316,1,0.0,0.0,1.0,c234,c5
19317,1,0.0,0.0,1.0,c234,c5
19318,1,0.0,0.0,1.0,c5,c5
19319,5,0.0,1.0,0.0,c234,c234
19320,1,0.0,0.0,1.0,c234,c5
19321,4,0.0,0.0,1.0,c5,c5
19322,1,0.0,0.0,1.0,c1,c5
19323,5,0.0,1.0,0.0,c1,c234
19324,1,0.0,0.0,1.0,c234,c5
19325,2,0.0,0.0,1.0,c234,c5
19326,2,0.0,0.0,1.0,c5,c5
19327,1,0.0,0.0,1.0,c234,c5
19328,5,0.0,1.0,0.0,c234,c234
19329,3,0.0,0.0,1.0,c5,c5
19330,3,0.0,0.0,1.0,c5,c5
19331,3,0.0,0.0,1.0,c1,c5
19332,1,0.0,0.0,1.0,c234,c5
19333,3,0.0,0.0,1.0,c1,c5
19334,3,0.0,0.0,1.0,c234,c5
19335,3,0.0,0.0,1.0,c234,c5
19336,4,0.0,0.0,1.0,c1,c5
19337,3,0.0,0.0,1.0,c1,c5
19338,5,0.0,1.0,0.0,c1,c234
19339,5,0.0,1.0,0.0,c234,c234
19340,4,0.0,0.0,1.0,c5,c5
19341,4,0.0,0.0,1.0,c1,c5
19342,3,0.0,0.0,1.0,c1,c5
19343,2,0.0,0.0,1.0,c1,c5
19344,1,0.0,0.0,1.0,c234,c5
19345,5,0.0,1.0,0.0,c5,c234
19346,2,0.0,0.0,1.0,c234,c5
19347,1,0.0,0.0,1.0,c5,c5
19348,4,0.0,0.0,1.0,c5,c5
19349,4,0.0,0.0,1.0,c234,c5
19350,2,0.0,0.0,1.0,c234,c5
19351,1,0.0,0.0,1.0,c5,c5
19352,1,0.0,0.0,1.0,c5,c5
19353,3,0.0,0.0,1.0,c5,c5
19354,3,0.0,0.0,1.0,c1,c5
19355,4,0.0,0.0,1.0,c5,c5
19356,5,0.0,1.0,0.0,c1,c234
19357,2,0.0,0.0,1.0,c234,c5
19358,3,0.0,0.0,1.0,c234,c5
19359,1,0.0,0.0,1.0,c5,c5
19360,4,0.0,0.0,1.0,c5,c5
19361,5,0.0,1.0,0.0,c5,c234
19362,2,0.0,0.0,1.0,c5,c5
19363,2,0.0,0.0,1.0,c5,c5
19364,5,0.0,1.0,0.0,c234,c234
19365,1,0.0,0.0,1.0,c234,c5
19366,4,0.0,0.0,1.0,c1,c5
19367,5,0.0,1.0,0.0,c1,c234
19368,2,0.0,0.0,1.0,c5,c5
19369,4,0.0,0.0,1.0,c234,c5
19370,4,0.0,0.0,1.0,c1,c5
19371,4,0.0,0.0,1.0,c1,c5
19372,5,0.0,1.0,0.0,c234,c234
19373,2,0.0,0.0,1.0,c5,c5
19374,5,0.0,1.0,0.0,c1,c234
19375,4,0.0,0.0,1.0,c1,c5
19376,1,0.0,0.0,1.0,c1,c5
19377,2,0.0,0.0,1.0,c5,c5
19378,5,0.0,1.0,0.0,c5,c234
19379,2,0.0,0.0,1.0,c234,c5
19380,5,0.0,1.0,0.0,c234,c234
19381,1,0.0,0.0,1.0,c1,c5
19382,5,0.0,1.0,0.0,c5,c234
19383,2,0.0,0.0,1.0,c234,c5
19384,5,0.0,1.0,0.0,c1,c234
19385,2,0.0,0.0,1.0,c5,c5
19386,2,0.0,0.0,1.0,c5,c5
19387,4,0.0,0.0,1.0,c1,c5
19388,3,0.0,0.0,1.0,c234,c5
19389,2,0.0,0.0,1.0,c1,c5
19390,4,0.0,0.0,1.0,c5,c5
19391,2,0.0,0.0,1.0,c1,c5
19392,5,0.0,1.0,0.0,c1,c234
19393,1,0.0,0.0,1.0,c234,c5
19394,4,0.0,0.0,1.0,c5,c5
19395,1,0.0,0.0,1.0,c1,c5
19396,4,0.0,0.0,1.0,c5,c5
19397,5,0.0,1.0,0.0,c234,c234
19398,2,0.0,0.0,1.0,c1,c5
19399,1,0.0,0.0,1.0,c5,c5
19400,3,0.0,0.0,1.0,c5,c5
19401,2,0.0,0.0,1.0,c234,c5
19402,5,0.0,1.0,0.0,c1,c234
19403,2,0.0,0.0,1.0,c234,c5
19404,5,0.0,1.0,0.0,c5,c234
19405,3,0.0,0.0,1.0,c5,c5
19406,3,0.0,0.0,1.0,c234,c5
19407,5,0.0,1.0,0.0,c5,c234
19408,1,0.0,0.0,1.0,c1,c5
19409,4,0.0,0.0,1.0,c5,c5
19410,5,0.0,1.0,0.0,c234,c234
19411,4,0.0,0.0,1.0,c5,c5
19412,5,0.0,1.0,0.0,c5,c234
19413,5,0.0,1.0,0.0,c1,c234
19414,3,0.0,0.0,1.0,c1,c5
19415,3,0.0,0.0,1.0,c5,c5
19416,3,0.0,0.0,1.0,c1,c5
19417,4,0.0,0.0,1.0,c5,c5
19418,5,0.0,1.0,0.0,c1,c234
19419,1,0.0,0.0,1.0,c5,c5
19420,1,0.0,0.0,1.0,c5,c5
19421,5,0.0,1.0,0.0,c5,c234
19422,4,0.0,0.0,1.0,c5,c5
19423,5,0.0,1.0,0.0,c234,c234
19424,2,0.0,0.0,1.0,c5,c5
19425,3,0.0,0.0,1.0,c234,c5
19426,5,0.0,1.0,0.0,c234,c234
19427,5,0.0,1.0,0.0,c234,c234
19428,5,0.0,1.0,0.0,c1,c234
19429,3,0.0,0.0,1.0,c234,c5
19430,4,0.0,0.0,1.0,c234,c5
19431,5,0.0,1.0,0.0,c5,c234
19432,1,0.0,0.0,1.0,c5,c5
19433,4,0.0,0.0,1.0,c234,c5
19434,3,0.0,0.0,1.0,c5,c5
19435,5,0.0,1.0,0.0,c234,c234
19436,4,0.0,0.0,1.0,c5,c5
19437,4,0.0,0.0,1.0,c1,c5
19438,2,0.0,0.0,1.0,c5,c5
19439,5,0.0,1.0,0.0,c5,c234
19440,3,0.0,0.0,1.0,c234,c5
19441,4,0.0,0.0,1.0,c5,c5
19442,2,0.0,0.0,1.0,c5,c5
19443,5,0.0,1.0,0.0,c5,c234
19444,3,0.0,0.0,1.0,c1,c5
19445,5,0.0,1.0,0.0,c1,c234
19446,4,0.0,0.0,1.0,c234,c5
19447,3,0.0,0.0,1.0,c5,c5
19448,5,0.0,1.0,0.0,c5,c234
19449,1,0.0,0.0,1.0,c1,c5
19450,4,0.0,0.0,1.0,c234,c5
19451,2,0.0,0.0,1.0,c5,c5
19452,2,0.0,0.0,1.0,c5,c5
19453,4,0.0,0.0,1.0,c5,c5
19454,5,0.0,1.0,0.0,c234,c234
19455,1,0.0,0.0,1.0,c234,c5
19456,1,0.0,0.0,1.0,c1,c5
19457,2,0.0,0.0,1.0,c1,c5
19458,5,0.0,1.0,0.0,c5,c234
19459,2,0.0,0.0,1.0,c234,c5
19460,2,0.0,0.0,1.0,c5,c5
19461,2,0.0,0.0,1.0,c1,c5
19462,4,0.0,0.0,1.0,c234,c5
19463,2,0.0,0.0,1.0,c5,c5
19464,4,0.0,0.0,1.0,c5,c5
19465,4,0.0,0.0,1.0,c5,c5
19466,5,0.0,1.0,0.0,c5,c234
19467,3,0.0,0.0,1.0,c5,c5
19468,5,0.0,1.0,0.0,c234,c234
19469,5,0.0,1.0,0.0,c234,c234
19470,2,0.0,0.0,1.0,c234,c5
19471,3,0.0,0.0,1.0,c5,c5
19472,3,0.0,0.0,1.0,c5,c5
19473,2,0.0,0.0,1.0,c1,c5
19474,2,0.0,0.0,1.0,c234,c5
19475,4,0.0,0.0,1.0,c1,c5
19476,5,0.0,1.0,0.0,c1,c234
19477,3,0.0,0.0,1.0,c1,c5
19478,2,0.0,0.0,1.0,c234,c5
19479,2,0.0,0.0,1.0,c234,c5
19480,2,0.0,0.0,1.0,c1,c5
19481,5,0.0,1.0,0.0,c5,c234
19482,2,0.0,0.0,1.0,c5,c5
19483,1,0.0,0.0,1.0,c234,c5
19484,1,0.0,0.0,1.0,c1,c5
19485,4,0.0,0.0,1.0,c1,c5
19486,1,0.0,0.0,1.0,c234,c5
19487,4,0.0,0.0,1.0,c234,c5
19488,2,0.0,0.0,1.0,c1,c5
19489,5,0.0,1.0,0.0,c234,c234
19490,4,0.0,0.0,1.0,c1,c5
19491,3,0.0,0.0,1.0,c1,c5
19492,5,0.0,1.0,0.0,c234,c234
19493,3,0.0,0.0,1.0,c1,c5
19494,1,0.0,0.0,1.0,c5,c5
19495,2,0.0,0.0,1.0,c1,c5
19496,3,0.0,0.0,1.0,c234,c5
19497,5,0.0,1.0,0.0,c1,c234
19498,2,0.0,0.0,1.0,c5,c5
19499,5,0.0,1.0,0.0,c5,c234
19500,1,0.0,0.0,1.0,c1,c5
19501,1,0.0,0.0,1.0,c5,c5
19502,5,0.0,1.0,0.0,c5,c234
19503,3,0.0,0.0,1.0,c234,c5
19504,1,0.0,0.0,1.0,c5,c5
19505,5,0.0,1.0,0.0,c1,c234
19506,5,0.0,1.0,0.0,c1,c234
19507,3,0.0,0.0,1.0,c1,c5
19508,2,0.0,0.0,1.0,c5,c5
19509,5,0.0,1.0,0.0,c234,c234
19510,1,0.0,0.0,1.0,c1,c5
19511,4,0.0,0.0,1.0,c1,c5
19512,4,0.0,0.0,1.0,c5,c5
19513,5,0.0,1.0,0.0,c1,c234
19514,2,0.0,0.0,1.0,c234,c5
19515,4,0.0,0.0,1.0,c234,c5
19516,2,0.0,0.0,1.0,c234,c5
19517,5,0.0,1.0,0.0,c5,c234
19518,4,0.0,0.0,1.0,c234,c5
19519,4,0.0,0.0,1.0,c5,c5
19520,4,0.0,0.0,1.0,c5,c5
19521,1,0.0,0.0,1.0,c1,c5
19522,3,0.0,0.0,1.0,c1,c5
19523,1,0.0,0.0,1.0,c5,c5
19524,2,0.0,0.0,1.0,c5,c5
19525,5,0.0,1.0,0.0,c1,c234
19526,4,0.0,0.0,1.0,c234,c5
19527,5,0.0,1.0,0.0,c1,c234
19528,4,0.0,0.0,1.0,c234,c5
19529,4,0.0,0.0,1.0,c234,c5
19530,2,0.0,0.0,1.0,c5,c5
19531,3,0.0,0.0,1.0,c5,c5
19532,3,0.0,0.0,1.0,c1,c5
19533,5,0.0,1.0,0.0,c234,c234
19534,1,0.0,0.0,1.0,c234,c5
19535,1,0.0,0.0,1.0,c1,c5
19536,5,0.0,1.0,0.0,c234,c234
19537,5,0.0,1.0,0.0,c5,c234
19538,5,0.0,1.0,0.0,c1,c234
19539,4,0.0,0.0,1.0,c234,c5
19540,5,0.0,1.0,0.0,c1,c234
19541,2,0.0,0.0,1.0,c5,c5
19542,2,0.0,0.0,1.0,c1,c5
19543,1,0.0,0.0,1.0,c5,c5
19544,5,0.0,1.0,0.0,c1,c234
19545,4,0.0,0.0,1.0,c1,c5
19546,4,0.0,0.0,1.0,c1,c5
19547,2,0.0,0.0,1.0,c1,c5
19548,2,0.0,0.0,1.0,c234,c5
19549,5,0.0,1.0,0.0,c234,c234
19550,2,0.0,0.0,1.0,c5,c5
19551,1,0.0,0.0,1.0,c5,c5
19552,2,0.0,0.0,1.0,c234,c5
19553,1,0.0,0.0,1.0,c234,c5
19554,1,0.0,0.0,1.0,c234,c5
19555,3,0.0,0.0,1.0,c1,c5
19556,1,0.0,0.0,1.0,c1,c5
19557,2,0.0,0.0,1.0,c234,c5
19558,4,0.0,0.0,1.0,c1,c5
19559,5,0.0,1.0,0.0,c5,c234
19560,1,0.0,0.0,1.0,c234,c5
19561,2,0.0,0.0,1.0,c5,c5
19562,2,0.0,0.0,1.0,c1,c5
19563,4,0.0,0.0,1.0,c234,c5
19564,2,0.0,0.0,1.0,c234,c5
19565,2,0.0,0.0,1.0,c1,c5
19566,5,0.0,1.0,0.0,c1,c234
19567,5,0.0,1.0,0.0,c234,c234
19568,3,0.0,0.0,1.0,c5,c5
19569,5,0.0,1.0,0.0,c5,c234
19570,2,0.0,0.0,1.0,c5,c5
19571,4,0.0,0.0,1.0,c5,c5
19572,1,0.0,0.0,1.0,c234,c5
19573,4,0.0,0.0,1.0,c1,c5
19574,2,0.0,0.0,1.0,c234,c5
19575,2,0.0,0.0,1.0,c234,c5
19576,1,0.0,0.0,1.0,c5,c5
19577,4,0.0,0.0,1.0,c1,c5
19578,4,0.0,0.0,1.0,c5,c5
19579,2,0.0,0.0,1.0,c1,c5
19580,5,0.0,1.0,0.0,c5,c234
19581,5,0.0,1.0,0.0,c234,c234
19582,3,0.0,0.0,1.0,c5,c5
19583,3,0.0,0.0,1.0,c234,c5
19584,4,0.0,0.0,1.0,c1,c5
19585,3,0.0,0.0,1.0,c1,c5
19586,2,0.0,0.0,1.0,c234,c5
19587,4,0.0,0.0,1.0,c5,c5
19588,3,0.0,0.0,1.0,c5,c5
19589,3,0.0,0.0,1.0,c234,c5
19590,3,0.0,0.0,1.0,c234,c5
19591,2,0.0,0.0,1.0,c5,c5
19592,1,0.0,0.0,1.0,c1,c5
19593,2,0.0,0.0,1.0,c5,c5
19594,2,0.0,0.0,1.0,c234,c5
19595,1,0.0,0.0,1.0,c5,c5
19596,4,0.0,0.0,1.0,c5,c5
19597,3,0.0,0.0,1.0,c1,c5
19598,3,0.0,0.0,1.0,c5,c5
19599,4,0.0,0.0,1.0,c234,c5
19600,3,0.0,0.0,1.0,c5,c5
19601,4,0.0,0.0,1.0,c5,c5
19602,4,0.0,0.0,1.0,c1,c5
19603,3,0.0,0.0,1.0,c5,c5
19604,3,0.0,0.0,1.0,c234,c5
19605,4,0.0,0.0,1.0,c1,c5
19606,1,0.0,0.0,1.0,c1,c5
19607,1,0.0,0.0,1.0,c234,c5
19608,5,0.0,1.0,0.0,c5,c234
19609,3,0.0,0.0,1.0,c5,c5
19610,5,0.0,1.0,0.0,c1,c234
19611,5,0.0,1.0,0.0,c5,c234
19612,1,0.0,0.0,1.0,c234,c5
19613,5,0.0,1.0,0.0,c5,c234
19614,4,0.0,0.0,1.0,c234,c5
19615,4,0.0,0.0,1.0,c1,c5
19616,5,0.0,1.0,0.0,c1,c234
19617,5,0.0,1.0,0.0,c234,c234
19618,4,0.0,0.0,1.0,c234,c5
19619,2,0.0,0.0,1.0,c1,c5
19620,2,0.0,0.0,1.0,c234,c5
19621,4,0.0,0.0,1.0,c1,c5
19622,1,0.0,0.0,1.0,c234,c5
19623,2,0.0,0.0,1.0,c1,c5
19624,1,0.0,0.0,1.0,c5,c5
19625,4,0.0,0.0,1.0,c234,c5
19626,1,0.0,0.0,1.0,c1,c5
19627,5,0.0,1.0,0.0,c234,c234
19628,4,0.0,0.0,1.0,c234,c5
19629,3,0.0,0.0,1.0,c234,c5
19630,5,0.0,1.0,0.0,c234,c234
19631,5,0.0,1.0,0.0,c5,c234
19632,3,0.0,0.0,1.0,c5,c5
19633,4,0.0,0.0,1.0,c1,c5
19634,2,0.0,0.0,1.0,c1,c5
19635,2,0.0,0.0,1.0,c234,c5
19636,1,0.0,0.0,1.0,c234,c5
19637,5,0.0,1.0,0.0,c1,c234
19638,4,0.0,0.0,1.0,c5,c5
19639,5,0.0,1.0,0.0,c1,c234
19640,2,0.0,0.0,1.0,c234,c5
19641,4,0.0,0.0,1.0,c1,c5
19642,1,0.0,0.0,1.0,c234,c5
19643,4,0.0,0.0,1.0,c234,c5
19644,5,0.0,1.0,0.0,c234,c234
19645,4,0.0,0.0,1.0,c5,c5
19646,2,0.0,0.0,1.0,c5,c5
19647,3,0.0,0.0,1.0,c5,c5
19648,1,0.0,0.0,1.0,c1,c5
19649,3,0.0,0.0,1.0,c1,c5
19650,5,0.0,1.0,0.0,c5,c234
19651,3,0.0,0.0,1.0,c234,c5
19652,1,0.0,0.0,1.0,c1,c5
19653,4,0.0,0.0,1.0,c5,c5
19654,2,0.0,0.0,1.0,c1,c5
19655,4,0.0,0.0,1.0,c5,c5
19656,1,0.0,0.0,1.0,c234,c5
19657,5,0.0,1.0,0.0,c1,c234
19658,5,0.0,1.0,0.0,c234,c234
19659,4,0.0,0.0,1.0,c234,c5
19660,3,0.0,0.0,1.0,c1,c5
19661,5,0.0,1.0,0.0,c5,c234
19662,4,0.0,0.0,1.0,c234,c5
19663,1,0.0,0.0,1.0,c5,c5
19664,4,0.0,0.0,1.0,c5,c5
19665,4,0.0,0.0,1.0,c1,c5
19666,2,0.0,0.0,1.0,c1,c5
19667,4,0.0,0.0,1.0,c234,c5
19668,3,0.0,0.0,1.0,c5,c5
19669,4,0.0,0.0,1.0,c234,c5
19670,4,0.0,0.0,1.0,c234,c5
19671,5,0.0,1.0,0.0,c1,c234
19672,3,0.0,0.0,1.0,c1,c5
19673,3,0.0,0.0,1.0,c1,c5
19674,4,0.0,0.0,1.0,c5,c5
19675,2,0.0,0.0,1.0,c234,c5
19676,5,0.0,1.0,0.0,c234,c234
19677,2,0.0,0.0,1.0,c234,c5
19678,1,0.0,0.0,1.0,c234,c5
19679,3,0.0,0.0,1.0,c234,c5
19680,4,0.0,0.0,1.0,c5,c5
19681,3,0.0,0.0,1.0,c1,c5
19682,2,0.0,0.0,1.0,c5,c5
19683,2,0.0,0.0,1.0,c5,c5
19684,2,0.0,0.0,1.0,c1,c5
19685,2,0.0,0.0,1.0,c5,c5
19686,4,0.0,0.0,1.0,c1,c5
19687,3,0.0,0.0,1.0,c5,c5
19688,3,0.0,0.0,1.0,c5,c5
19689,3,0.0,0.0,1.0,c234,c5
19690,4,0.0,0.0,1.0,c5,c5
19691,4,0.0,0.0,1.0,c1,c5
19692,1,0.0,0.0,1.0,c234,c5
19693,2,0.0,0.0,1.0,c1,c5
19694,2,0.0,0.0,1.0,c1,c5
19695,3,0.0,0.0,1.0,c5,c5
19696,3,0.0,0.0,1.0,c234,c5
19697,4,0.0,0.0,1.0,c234,c5
19698,3,0.0,0.0,1.0,c1,c5
19699,5,0.0,1.0,0.0,c1,c234
19700,3,0.0,0.0,1.0,c1,c5
19701,4,0.0,0.0,1.0,c234,c5
19702,5,0.0,1.0,0.0,c5,c234
19703,4,0.0,0.0,1.0,c1,c5
19704,4,0.0,0.0,1.0,c5,c5
19705,2,0.0,0.0,1.0,c5,c5
19706,2,0.0,0.0,1.0,c5,c5
19707,1,0.0,0.0,1.0,c234,c5
19708,1,0.0,0.0,1.0,c5,c5
19709,5,0.0,1.0,0.0,c1,c234
19710,3,0.0,0.0,1.0,c234,c5
19711,5,0.0,1.0,0.0,c1,c234
19712,1,0.0,0.0,1.0,c234,c5
19713,2,0.0,0.0,1.0,c1,c5
19714,5,0.0,1.0,0.0,c1,c234
19715,4,0.0,0.0,1.0,c234,c5
19716,5,0.0,1.0,0.0,c234,c234
19717,1,0.0,0.0,1.0,c1,c5
19718,3,0.0,0.0,1.0,c5,c5
19719,5,0.0,1.0,0.0,c1,c234
19720,4,0.0,0.0,1.0,c234,c5
19721,1,0.0,0.0,1.0,c5,c5
19722,5,0.0,1.0,0.0,c1,c234
19723,1,0.0,0.0,1.0,c5,c5
19724,2,0.0,0.0,1.0,c5,c5
19725,4,0.0,0.0,1.0,c5,c5
19726,5,0.0,1.0,0.0,c234,c234
19727,1,0.0,0.0,1.0,c1,c5
19728,2,0.0,0.0,1.0,c1,c5
19729,1,0.0,0.0,1.0,c234,c5
19730,3,0.0,0.0,1.0,c5,c5
19731,3,0.0,0.0,1.0,c5,c5
19732,4,0.0,0.0,1.0,c5,c5
19733,4,0.0,0.0,1.0,c234,c5
19734,1,0.0,0.0,1.0,c234,c5
19735,2,0.0,0.0,1.0,c5,c5
19736,1,0.0,0.0,1.0,c234,c5
19737,4,0.0,0.0,1.0,c234,c5
19738,5,0.0,1.0,0.0,c1,c234
19739,5,0.0,1.0,0.0,c1,c234
19740,3,0.0,0.0,1.0,c5,c5
19741,4,0.0,0.0,1.0,c234,c5
19742,1,0.0,0.0,1.0,c1,c5
19743,4,0.0,0.0,1.0,c234,c5
19744,2,0.0,0.0,1.0,c1,c5
19745,4,0.0,0.0,1.0,c5,c5
19746,3,0.0,0.0,1.0,c1,c5
19747,3,0.0,0.0,1.0,c234,c5
19748,1,0.0,0.0,1.0,c5,c5
19749,4,0.0,0.0,1.0,c5,c5
19750,4,0.0,0.0,1.0,c234,c5
19751,5,0.0,1.0,0.0,c234,c234
19752,1,0.0,0.0,1.0,c5,c5
19753,2,0.0,0.0,1.0,c5,c5
19754,5,0.0,1.0,0.0,c5,c234
19755,5,0.0,1.0,0.0,c234,c234
19756,5,0.0,1.0,0.0,c234,c234
19757,3,0.0,0.0,1.0,c5,c5
19758,2,0.0,0.0,1.0,c1,c5
19759,3,0.0,0.0,1.0,c1,c5
19760,4,0.0,0.0,1.0,c5,c5
19761,3,0.0,0.0,1.0,c1,c5
19762,2,0.0,0.0,1.0,c234,c5
19763,5,0.0,1.0,0.0,c1,c234
19764,1,0.0,0.0,1.0,c1,c5
19765,1,0.0,0.0,1.0,c5,c5
19766,1,0.0,0.0,1.0,c234,c5
19767,2,0.0,0.0,1.0,c5,c5
19768,3,0.0,0.0,1.0,c234,c5
19769,2,0.0,0.0,1.0,c1,c5
19770,5,0.0,1.0,0.0,c5,c234
19771,5,0.0,1.0,0.0,c5,c234
19772,2,0.0,0.0,1.0,c1,c5
19773,2,0.0,0.0,1.0,c1,c5
19774,4,0.0,0.0,1.0,c234,c5
19775,1,0.0,0.0,1.0,c5,c5
19776,4,0.0,0.0,1.0,c5,c5
19777,2,0.0,0.0,1.0,c234,c5
19778,2,0.0,0.0,1.0,c5,c5
19779,5,0.0,1.0,0.0,c1,c234
19780,1,0.0,0.0,1.0,c234,c5
19781,4,0.0,0.0,1.0,c5,c5
19782,3,0.0,0.0,1.0,c234,c5
19783,2,0.0,0.0,1.0,c5,c5
19784,3,0.0,0.0,1.0,c1,c5
19785,2,0.0,0.0,1.0,c5,c5
19786,5,0.0,1.0,0.0,c234,c234
19787,5,0.0,1.0,0.0,c234,c234
19788,3,0.0,0.0,1.0,c1,c5
19789,5,0.0,1.0,0.0,c1,c234
19790,3,0.0,0.0,1.0,c234,c5
19791,3,0.0,0.0,1.0,c234,c5
19792,1,0.0,0.0,1.0,c234,c5
19793,4,0.0,0.0,1.0,c234,c5
19794,5,0.0,1.0,0.0,c5,c234
19795,3,0.0,0.0,1.0,c5,c5
19796,5,0.0,1.0,0.0,c5,c234
19797,4,0.0,0.0,1.0,c234,c5
19798,1,0.0,0.0,1.0,c234,c5
19799,3,0.0,0.0,1.0,c5,c5
19800,1,0.0,0.0,1.0,c1,c5
19801,1,0.0,0.0,1.0,c5,c5
19802,4,0.0,0.0,1.0,c5,c5
19803,5,0.0,1.0,0.0,c5,c234
19804,4,0.0,0.0,1.0,c234,c5
19805,1,0.0,0.0,1.0,c1,c5
19806,5,0.0,1.0,0.0,c234,c234
19807,2,0.0,0.0,1.0,c5,c5
19808,5,0.0,1.0,0.0,c5,c234
19809,3,0.0,0.0,1.0,c234,c5
19810,3,0.0,0.0,1.0,c5,c5
19811,5,0.0,1.0,0.0,c1,c234
19812,5,0.0,1.0,0.0,c1,c234
19813,4,0.0,0.0,1.0,c234,c5
19814,5,0.0,1.0,0.0,c1,c234
19815,1,0.0,0.0,1.0,c234,c5
19816,4,0.0,0.0,1.0,c5,c5
19817,3,0.0,0.0,1.0,c234,c5
19818,5,0.0,1.0,0.0,c5,c234
19819,5,0.0,1.0,0.0,c234,c234
19820,3,0.0,0.0,1.0,c5,c5
19821,3,0.0,0.0,1.0,c1,c5
19822,2,0.0,0.0,1.0,c5,c5
19823,4,0.0,0.0,1.0,c5,c5
19824,3,0.0,0.0,1.0,c1,c5
19825,5,0.0,1.0,0.0,c5,c234
19826,1,0.0,0.0,1.0,c1,c5
19827,5,0.0,1.0,0.0,c1,c234
19828,1,0.0,0.0,1.0,c234,c5
19829,3,0.0,0.0,1.0,c1,c5
19830,3,0.0,0.0,1.0,c234,c5
19831,5,0.0,1.0,0.0,c234,c234
19832,1,0.0,0.0,1.0,c1,c5
19833,5,0.0,1.0,0.0,c5,c234
19834,4,0.0,0.0,1.0,c234,c5
19835,3,0.0,0.0,1.0,c234,c5
19836,5,0.0,1.0,0.0,c234,c234
19837,2,0.0,0.0,1.0,c5,c5
19838,2,0.0,0.0,1.0,c234,c5
19839,2,0.0,0.0,1.0,c1,c5
19840,2,0.0,0.0,1.0,c234,c5
19841,2,0.0,0.0,1.0,c1,c5
19842,2,0.0,0.0,1.0,c234,c5
19843,5,0.0,1.0,0.0,c1,c234
19844,4,0.0,0.0,1.0,c234,c5
19845,1,0.0,0.0,1.0,c234,c5
19846,3,0.0,0.0,1.0,c234,c5
19847,2,0.0,0.0,1.0,c1,c5
19848,3,0.0,0.0,1.0,c5,c5
19849,5,0.0,1.0,0.0,c234,c234
19850,5,0.0,1.0,0.0,c5,c234
19851,4,0.0,0.0,1.0,c1,c5
19852,2,0.0,0.0,1.0,c234,c5
19853,3,0.0,0.0,1.0,c1,c5
19854,3,0.0,0.0,1.0,c234,c5
19855,4,0.0,0.0,1.0,c1,c5
19856,3,0.0,0.0,1.0,c5,c5
19857,1,0.0,0.0,1.0,c234,c5
19858,1,0.0,0.0,1.0,c234,c5
19859,5,0.0,1.0,0.0,c234,c234
19860,4,0.0,0.0,1.0,c5,c5
19861,5,0.0,1.0,0.0,c5,c234
19862,1,0.0,0.0,1.0,c234,c5
19863,3,0.0,0.0,1.0,c1,c5
19864,2,0.0,0.0,1.0,c234,c5
19865,2,0.0,0.0,1.0,c1,c5
19866,5,0.0,1.0,0.0,c5,c234
19867,3,0.0,0.0,1.0,c5,c5
19868,5,0.0,1.0,0.0,c5,c234
19869,1,0.0,0.0,1.0,c1,c5
19870,5,0.0,1.0,0.0,c5,c234
19871,5,0.0,1.0,0.0,c5,c234
19872,5,0.0,1.0,0.0,c5,c234
19873,2,0.0,0.0,1.0,c1,c5
19874,3,0.0,0.0,1.0,c1,c5
19875,2,0.0,0.0,1.0,c1,c5
19876,4,0.0,0.0,1.0,c5,c5
19877,4,0.0,0.0,1.0,c234,c5
19878,1,0.0,0.0,1.0,c5,c5
19879,4,0.0,0.0,1.0,c1,c5
19880,4,0.0,0.0,1.0,c1,c5
19881,5,0.0,1.0,0.0,c1,c234
19882,2,0.0,0.0,1.0,c5,c5
19883,2,0.0,0.0,1.0,c5,c5
19884,2,0.0,0.0,1.0,c234,c5
19885,4,0.0,0.0,1.0,c234,c5
19886,3,0.0,0.0,1.0,c234,c5
19887,4,0.0,0.0,1.0,c1,c5
19888,2,0.0,0.0,1.0,c5,c5
19889,1,0.0,0.0,1.0,c234,c5
19890,3,0.0,0.0,1.0,c1,c5
19891,4,0.0,0.0,1.0,c1,c5
19892,1,0.0,0.0,1.0,c1,c5
19893,4,0.0,0.0,1.0,c234,c5
19894,5,0.0,1.0,0.0,c1,c234
19895,4,0.0,0.0,1.0,c5,c5
19896,3,0.0,0.0,1.0,c234,c5
19897,3,0.0,0.0,1.0,c234,c5
19898,5,0.0,1.0,0.0,c1,c234
19899,4,0.0,0.0,1.0,c5,c5
19900,4,0.0,0.0,1.0,c234,c5
19901,1,0.0,0.0,1.0,c5,c5
19902,4,0.0,0.0,1.0,c5,c5
19903,4,0.0,0.0,1.0,c234,c5
19904,3,0.0,0.0,1.0,c234,c5
19905,4,0.0,0.0,1.0,c5,c5
19906,4,0.0,0.0,1.0,c5,c5
19907,5,0.0,1.0,0.0,c1,c234
19908,1,0.0,0.0,1.0,c5,c5
19909,2,0.0,0.0,1.0,c234,c5
19910,5,0.0,1.0,0.0,c1,c234
19911,2,0.0,0.0,1.0,c234,c5
19912,3,0.0,0.0,1.0,c234,c5
19913,5,0.0,1.0,0.0,c1,c234
19914,4,0.0,0.0,1.0,c1,c5
19915,4,0.0,0.0,1.0,c1,c5
19916,2,0.0,0.0,1.0,c234,c5
19917,3,0.0,0.0,1.0,c5,c5
19918,1,0.0,0.0,1.0,c234,c5
19919,1,0.0,0.0,1.0,c1,c5
19920,4,0.0,0.0,1.0,c5,c5
19921,4,0.0,0.0,1.0,c5,c5
19922,4,0.0,0.0,1.0,c234,c5
19923,1,0.0,0.0,1.0,c1,c5
19924,3,0.0,0.0,1.0,c1,c5
19925,1,0.0,0.0,1.0,c5,c5
19926,3,0.0,0.0,1.0,c5,c5
19927,5,0.0,1.0,0.0,c1,c234
19928,2,0.0,0.0,1.0,c5,c5
19929,2,0.0,0.0,1.0,c1,c5
19930,2,0.0,0.0,1.0,c234,c5
19931,3,0.0,0.0,1.0,c5,c5
19932,5,0.0,1.0,0.0,c5,c234
19933,2,0.0,0.0,1.0,c234,c5
19934,3,0.0,0.0,1.0,c5,c5
19935,2,0.0,0.0,1.0,c234,c5
19936,5,0.0,1.0,0.0,c5,c234
19937,3,0.0,0.0,1.0,c5,c5
19938,3,0.0,0.0,1.0,c234,c5
19939,1,0.0,0.0,1.0,c234,c5
19940,4,0.0,0.0,1.0,c5,c5
19941,4,0.0,0.0,1.0,c5,c5
19942,3,0.0,0.0,1.0,c1,c5
19943,2,0.0,0.0,1.0,c234,c5
19944,3,0.0,0.0,1.0,c234,c5
19945,5,0.0,1.0,0.0,c1,c234
19946,2,0.0,0.0,1.0,c234,c5
19947,2,0.0,0.0,1.0,c1,c5
19948,5,0.0,1.0,0.0,c234,c234
19949,4,0.0,0.0,1.0,c1,c5
19950,3,0.0,0.0,1.0,c1,c5
19951,1,0.0,0.0,1.0,c5,c5
19952,4,0.0,0.0,1.0,c5,c5
19953,4,0.0,0.0,1.0,c234,c5
19954,1,0.0,0.0,1.0,c5,c5
19955,3,0.0,0.0,1.0,c234,c5
19956,5,0.0,1.0,0.0,c234,c234
19957,3,0.0,0.0,1.0,c234,c5
19958,2,0.0,0.0,1.0,c234,c5
19959,5,0.0,1.0,0.0,c234,c234
19960,4,0.0,0.0,1.0,c234,c5
19961,3,0.0,0.0,1.0,c234,c5
19962,1,0.0,0.0,1.0,c1,c5
19963,2,0.0,0.0,1.0,c234,c5
19964,4,0.0,0.0,1.0,c234,c5
19965,1,0.0,0.0,1.0,c1,c5
19966,5,0.0,1.0,0.0,c1,c234
19967,3,0.0,0.0,1.0,c5,c5
19968,5,0.0,1.0,0.0,c5,c234
19969,2,0.0,0.0,1.0,c1,c5
19970,4,0.0,0.0,1.0,c5,c5
19971,5,0.0,1.0,0.0,c234,c234
19972,3,0.0,0.0,1.0,c1,c5
19973,2,0.0,0.0,1.0,c234,c5
19974,2,0.0,0.0,1.0,c234,c5
19975,3,0.0,0.0,1.0,c1,c5
19976,5,0.0,1.0,0.0,c234,c234
19977,1,0.0,0.0,1.0,c1,c5
19978,4,0.0,0.0,1.0,c5,c5
19979,1,0.0,0.0,1.0,c5,c5
19980,3,0.0,0.0,1.0,c5,c5
19981,2,0.0,0.0,1.0,c234,c5
19982,5,0.0,1.0,0.0,c1,c234
19983,5,0.0,1.0,0.0,c1,c234
19984,4,0.0,0.0,1.0,c234,c5
19985,1,0.0,0.0,1.0,c5,c5
19986,2,0.0,0.0,1.0,c1,c5
19987,2,0.0,0.0,1.0,c5,c5
19988,5,0.0,1.0,0.0,c1,c234
19989,1,0.0,0.0,1.0,c5,c5
19990,1,0.0,0.0,1.0,c1,c5
19991,3,0.0,0.0,1.0,c234,c5
19992,1,0.0,0.0,1.0,c5,c5
19993,3,0.0,0.0,1.0,c5,c5
19994,3,0.0,0.0,1.0,c234,c5
19995,1,0.0,0.0,1.0,c234,c5
19996,2,0.0,0.0,1.0,c5,c5
19997,4,0.0,0.0,1.0,c234,c5
19998,1,0.0,0.0,1.0,c234,c5
19999,3,0.0,0.0,1.0,c5,c5
20000,1,0.0,0.0,1.0,c1,c5
20001,5,0.0,1.0,0.0,c1,c234
20002,3,0.0,0.0,1.0,c5,c5
20003,3,0.0,0.0,1.0,c1,c5
20004,4,0.0,0.0,1.0,c234,c5
20005,4,0.0,0.0,1.0,c234,c5
20006,5,0.0,1.0,0.0,c234,c234
20007,4,0.0,0.0,1.0,c5,c5
20008,1,0.0,0.0,1.0,c234,c5
20009,1,0.0,0.0,1.0,c234,c5
20010,4,0.0,0.0,1.0,c1,c5
20011,1,0.0,0.0,1.0,c1,c5
20012,2,0.0,0.0,1.0,c1,c5
20013,4,0.0,0.0,1.0,c5,c5
20014,3,0.0,0.0,1.0,c234,c5
20015,2,0.0,0.0,1.0,c234,c5
20016,3,0.0,0.0,1.0,c1,c5
20017,5,0.0,1.0,0.0,c234,c234
20018,3,0.0,0.0,1.0,c5,c5
20019,3,0.0,0.0,1.0,c1,c5
20020,3,0.0,0.0,1.0,c1,c5
20021,1,0.0,0.0,1.0,c234,c5
20022,3,0.0,0.0,1.0,c5,c5
20023,3,0.0,0.0,1.0,c5,c5
20024,5,0.0,1.0,0.0,c5,c234
20025,3,0.0,0.0,1.0,c234,c5
20026,2,0.0,0.0,1.0,c1,c5
20027,4,0.0,0.0,1.0,c234,c5
20028,4,0.0,0.0,1.0,c234,c5
20029,3,0.0,0.0,1.0,c234,c5
20030,5,0.0,1.0,0.0,c5,c234
20031,3,0.0,0.0,1.0,c1,c5
20032,5,0.0,1.0,0.0,c5,c234
20033,3,0.0,0.0,1.0,c234,c5
20034,3,0.0,0.0,1.0,c1,c5
20035,5,0.0,1.0,0.0,c5,c234
20036,5,0.0,1.0,0.0,c234,c234
20037,2,0.0,0.0,1.0,c5,c5
20038,1,0.0,0.0,1.0,c1,c5
20039,2,0.0,0.0,1.0,c1,c5
20040,3,0.0,0.0,1.0,c1,c5
20041,1,0.0,0.0,1.0,c1,c5
20042,1,0.0,0.0,1.0,c234,c5
20043,2,0.0,0.0,1.0,c234,c5
20044,5,0.0,1.0,0.0,c234,c234
20045,5,0.0,1.0,0.0,c1,c234
20046,4,0.0,0.0,1.0,c1,c5
20047,1,0.0,0.0,1.0,c234,c5
20048,3,0.0,0.0,1.0,c5,c5
20049,5,0.0,1.0,0.0,c5,c234
20050,4,0.0,0.0,1.0,c1,c5
20051,2,0.0,0.0,1.0,c1,c5
20052,4,0.0,0.0,1.0,c5,c5
20053,4,0.0,0.0,1.0,c234,c5
20054,5,0.0,1.0,0.0,c5,c234
20055,3,0.0,0.0,1.0,c1,c5
20056,5,0.0,1.0,0.0,c1,c234
20057,5,0.0,1.0,0.0,c1,c234
20058,5,0.0,1.0,0.0,c234,c234
20059,3,0.0,0.0,1.0,c234,c5
20060,3,0.0,0.0,1.0,c234,c5
20061,5,0.0,1.0,0.0,c1,c234
20062,5,0.0,1.0,0.0,c5,c234
20063,2,0.0,0.0,1.0,c234,c5
20064,3,0.0,0.0,1.0,c5,c5
20065,1,0.0,0.0,1.0,c234,c5
20066,4,0.0,0.0,1.0,c234,c5
20067,5,0.0,1.0,0.0,c234,c234
20068,2,0.0,0.0,1.0,c1,c5
20069,4,0.0,0.0,1.0,c1,c5
20070,3,0.0,0.0,1.0,c234,c5
20071,3,0.0,0.0,1.0,c234,c5
20072,4,0.0,0.0,1.0,c5,c5
20073,3,0.0,0.0,1.0,c1,c5
20074,2,0.0,0.0,1.0,c1,c5
20075,2,0.0,0.0,1.0,c5,c5
20076,4,0.0,0.0,1.0,c5,c5
20077,2,0.0,0.0,1.0,c5,c5
20078,5,0.0,1.0,0.0,c1,c234
20079,1,0.0,0.0,1.0,c234,c5
20080,1,0.0,0.0,1.0,c5,c5
20081,5,0.0,1.0,0.0,c234,c234
20082,4,0.0,0.0,1.0,c234,c5
20083,2,0.0,0.0,1.0,c1,c5
20084,5,0.0,1.0,0.0,c234,c234
20085,1,0.0,0.0,1.0,c234,c5
20086,5,0.0,1.0,0.0,c5,c234
20087,2,0.0,0.0,1.0,c1,c5
20088,4,0.0,0.0,1.0,c1,c5
20089,1,0.0,0.0,1.0,c1,c5
20090,1,0.0,0.0,1.0,c1,c5
20091,1,0.0,0.0,1.0,c5,c5
