indice,p_c1,p_c234,p_c5,rotulo
17923,0.5392536,0.21831687,0.24242955,c5
1391,0.10386388,0.49636704,0.39976907,c1
3545,0.50753206,0.35903746,0.13343047,c5
12931,0.45685968,0.37129268,0.17184769,c1
12342,0.62530446,0.28317255,0.09152303,c1
15836,0.23492219,0.27244318,0.49263462,c234
7175,0.26366138,0.24069132,0.49564728,c234
18518,0.53093845,0.33581156,0.13324997,c1
8698,0.19047578,0.40989548,0.39962876,c5
19566,0.5118993,0.26665625,0.22144444,c1
7538,0.28037784,0.4140308,0.30559143,c5
3485,0.15549748,0.39177024,0.4527322,c234
6339,0.06864696,0.24210827,0.6892448,c5
8322,0.62624526,0.2760799,0.097674884,c1
6275,0.6513263,0.25250748,0.096166216,c1
6346,0.2680037,0.31340262,0.41859365,c1
1379,0.28320423,0.2713322,0.44546357,c1
14319,0.30005676,0.37707382,0.3228694,c5
11835,0.4289283,0.32221213,0.2488596,c5
6034,0.3970779,0.37031075,0.23261134,c1
7382,0.5447099,0.28334737,0.17194268,c234
11855,0.2884307,0.27396297,0.43760633,c5
13461,0.23609251,0.37315226,0.39075515,c5
6751,0.44956,0.31800184,0.23243815,c1
2996,0.36215568,0.39253506,0.24530926,c234
17630,0.49500206,0.33478296,0.17021495,c234
12896,0.25624606,0.35103184,0.39272207,c1
3395,0.69195133,0.2241951,0.08385349,c234
8233,0.3591775,0.27603593,0.36478657,c234
14003,0.45679733,0.3399386,0.20326407,c234
9443,0.2979253,0.4269585,0.2751162,c5
4048,0.2832887,0.37567022,0.34104115,c5
8739,0.334143,0.3029855,0.3628715,c5
20057,0.48060355,0.37865108,0.14074531,c1
6154,0.4532571,0.35091636,0.19582646,c1
19850,0.23954715,0.2687226,0.4917303,c5
1251,0.5455572,0.3234249,0.1310179,c5
13235,0.3725289,0.4044375,0.22303355,c5
7440,0.3091759,0.31787327,0.37295076,c1
9084,0.7325539,0.22689405,0.040552083,c1
19503,0.39542326,0.24312064,0.36145607,c234
11212,0.32551646,0.42184725,0.25263625,c1
14468,0.14736898,0.38697755,0.4656535,c234
2328,0.5429101,0.24559455,0.2114954,c234
9075,0.5432443,0.2923927,0.16436303,c234
320,0.42456505,0.36006188,0.21537305,c5
4426,0.35031208,0.35101092,0.29867697,c234
13306,0.27388,0.39040068,0.33571935,c234
3407,0.27230364,0.41915342,0.30854294,c5
5275,0.14689536,0.27585152,0.5772531,c5
2493,0.19137584,0.38680452,0.4218196,c234
10779,0.36432663,0.3972528,0.23842059,c234
18699,0.1032898,0.27766085,0.6190494,c5
5323,0.050613165,0.33717915,0.61220765,c234
4216,0.53967196,0.28344053,0.17688753,c1
13350,0.49190804,0.29033688,0.21775517,c1
2888,0.5330647,0.31482878,0.15210654,c1
1999,0.4739628,0.3313462,0.19469099,c234
16470,0.22014736,0.41182566,0.36802697,c1
19469,0.42026323,0.40563762,0.17409918,c234
16100,0.21603484,0.19776115,0.586204,c5
1198,0.41429287,0.27501625,0.31069088,c1
14825,0.42862558,0.37470075,0.1966737,c1
10849,0.4864326,0.2850899,0.22847755,c1
15534,0.45499343,0.3805284,0.1644782,c1
11052,0.449849,0.28697413,0.26317677,c5
15433,0.303359,0.38875806,0.30788296,c5
19125,0.24380155,0.44046226,0.31573617,c1
8931,0.14819248,0.4306854,0.42112213,c234
16063,0.36817396,0.288941,0.34288502,c234
11000,0.22783212,0.3981045,0.37406337,c1
7539,0.16094212,0.31970435,0.5193535,c1
10113,0.3342723,0.38560218,0.28012553,c1
11763,0.20830357,0.29957333,0.49212313,c1
10955,0.25610304,0.40946653,0.33443046,c1
6980,0.48327097,0.30363482,0.2130943,c5
16843,0.6359086,0.27408105,0.09001031,c1
12021,0.5090707,0.27217415,0.21875522,c234
19958,0.28998655,0.43383124,0.27618217,c234
7881,0.29163828,0.3786965,0.32966515,c1
11950,0.52498573,0.3254028,0.14961147,c234
11585,0.45467317,0.221952,0.32337484,c1
17712,0.32485315,0.32348853,0.3516583,c234
6526,0.3070098,0.48162517,0.21136512,c5
18379,0.13992494,0.30165264,0.5584223,c5
4431,0.09024548,0.3375494,0.5722052,c5
7492,0.1413402,0.29620355,0.56245625,c234
15418,0.20538908,0.3548886,0.43972236,c1
16519,0.47805315,0.25190377,0.27004308,c5
2366,0.303903,0.4416141,0.25448287,c1
2803,0.2755011,0.37216386,0.35233507,c234
5180,0.14460588,0.29291874,0.56247544,c234
19297,0.03994098,0.29821548,0.66184354,c5
3962,0.5916241,0.29682305,0.111552835,c1
3607,0.41492465,0.32092598,0.26414934,c5
923,0.24930525,0.34666362,0.40403113,c234
738,0.28322873,0.40728566,0.30948555,c5
15666,0.3909869,0.3894471,0.21956599,c1
18950,0.19018856,0.2936047,0.51620674,c234
3999,0.48949564,0.2720804,0.23842391,c1
4697,0.37965056,0.2043436,0.41600588,c1
6358,0.14086181,0.36420143,0.49493676,c234
14906,0.17088223,0.43223146,0.39688626,c5
2712,0.13508607,0.42018348,0.44473046,c234
8305,0.27378812,0.4540845,0.27212733,c234
11020,0.033476386,0.09711592,0.8694077,c5
14260,0.51588285,0.28306592,0.20105128,c1
17440,0.05884497,0.3839829,0.5571722,c234
6268,0.1649673,0.6147613,0.22027138,c1
340,0.43227297,0.30365592,0.26407114,c1
7482,0.14484681,0.477996,0.37715712,c234
6602,0.13323107,0.3059374,0.5608315,c1
18019,0.16153666,0.33165333,0.50681,c1
18353,0.11099894,0.20808482,0.6809162,c5
15790,0.23659833,0.3196131,0.44378853,c1
4927,0.41879463,0.37049022,0.21071512,c234
9134,0.44538745,0.1996286,0.3549839,c234
18188,0.20055233,0.29233998,0.5071077,c5
16021,0.21432254,0.42403242,0.36164507,c1
18932,0.23831604,0.35624722,0.40543666,c1
1868,0.24339463,0.3506561,0.40594932,c234
18755,0.45120686,0.28306046,0.26573262,c1
13621,0.3580643,0.35754946,0.28438625,c1
19111,0.31456208,0.4235136,0.26192433,c1
17118,0.25541577,0.46594167,0.27864254,c1
7714,0.48265603,0.3350539,0.18229008,c5
2340,0.1643157,0.38949603,0.4461883,c5
5888,0.40601113,0.38329288,0.21069601,c1
6482,0.4705918,0.25744113,0.2719671,c5
13907,0.41441417,0.42144564,0.1641402,c1
2680,0.28031543,0.25280926,0.46687528,c5
14288,0.31398058,0.41773415,0.2682852,c234
1293,0.24925856,0.41354996,0.33719146,c234
1137,0.35481527,0.30686712,0.33831757,c234
9027,0.29896617,0.26452085,0.43651304,c234
20055,0.32367572,0.36011612,0.31620815,c1
9350,0.39269102,0.35167062,0.25563833,c234
12377,0.25300363,0.14155294,0.6054435,c5
18187,0.16273135,0.5070227,0.33024594,c1
10964,0.41449365,0.31157136,0.27393493,c234
14018,0.45833007,0.3694257,0.17224419,c234
8282,0.51230246,0.29099315,0.19670434,c1
5406,0.1663477,0.4228666,0.4107857,c1
17504,0.44937178,0.23051558,0.32011262,c1
10583,0.3650352,0.40973532,0.22522941,c1
13248,0.25099325,0.3724537,0.37655303,c234
18348,0.29393062,0.3828655,0.32320392,c5
15330,0.2862869,0.40195638,0.31175673,c234
5902,0.53979623,0.3353016,0.12490215,c234
2263,0.33729714,0.37748232,0.28522053,c1
13020,0.3658603,0.3848405,0.24929921,c1
4899,0.477152,0.35519388,0.1676541,c1
9029,0.4457211,0.34206012,0.21221885,c234
17584,0.24300426,0.3530814,0.40391436,c234
15016,0.3955075,0.4074881,0.19700436,c234
7838,0.3346594,0.4309539,0.23438671,c5
10241,0.18704931,0.19972989,0.6132208,c234
8823,0.46379533,0.30976734,0.22643736,c5
6225,0.47687235,0.27654517,0.2465825,c1
5822,0.35257804,0.38228807,0.2651339,c1
19849,0.07914174,0.5047342,0.41612408,c234
7425,0.5337086,0.3074052,0.1588863,c234
17531,0.73843014,0.20618276,0.05538707,c1
1426,0.12811498,0.4380803,0.43380472,c5
3285,0.5440401,0.30853042,0.14742953,c234
13604,0.6879288,0.20290571,0.10916555,c1
5481,0.113071084,0.32202134,0.56490755,c5
1965,0.35323438,0.18977414,0.4569915,c5
13666,0.3134676,0.3284819,0.35805053,c1
17133,0.30708852,0.31162554,0.3812859,c1
18067,0.2620149,0.3603939,0.3775912,c5
5870,0.23565589,0.3927758,0.37156832,c5
11524,0.21246798,0.21218005,0.575352,c5
3948,0.68450683,0.21191715,0.10357596,c5
1006,0.41071743,0.37278113,0.21650138,c1
16918,0.45679733,0.3399386,0.20326407,c234
7937,0.5658611,0.28425214,0.14988676,c5
14715,0.21342859,0.42771137,0.35886002,c234
14303,0.20726399,0.3892208,0.40351528,c1
7599,0.36003956,0.33273903,0.3072214,c5
9816,0.43037915,0.29532385,0.27429697,c1
14486,0.21537843,0.35211515,0.43250635,c1
14358,0.1257406,0.35533354,0.51892585,c234
17076,0.09991435,0.21804328,0.6820424,c5
9736,0.17535181,0.38429734,0.44035086,c1
7959,0.4339972,0.35603786,0.20996492,c234
3442,0.53296894,0.35694346,0.11008766,c234
5416,0.44434133,0.38458934,0.1710693,c1
11514,0.6244622,0.27746764,0.09807019,c1
2729,0.44768333,0.3465285,0.20578818,c5
17307,0.17611872,0.2688869,0.5549944,c234
15488,0.3565297,0.37394515,0.26952517,c1
4563,0.5475527,0.23836347,0.21408384,c5
138,0.17886832,0.26076406,0.56036764,c5
1545,0.6665056,0.1751757,0.15831873,c1
2533,0.27772632,0.38353315,0.33874056,c234
17810,0.09315401,0.24862146,0.6582246,c5
15141,0.37086394,0.38162968,0.24750641,c1
214,0.27089274,0.40841863,0.32068866,c1
16430,0.49977413,0.31258076,0.1876451,c234
15951,0.44280365,0.229079,0.3281173,c5
1653,0.19171503,0.30813098,0.500154,c234
8789,0.2823975,0.30186182,0.41574067,c1
19444,0.5290952,0.33160967,0.1392952,c1
10457,0.30570605,0.4192913,0.27500272,c234
7743,0.09487991,0.5455759,0.3595442,c5
15213,0.30439118,0.36886188,0.326747,c234
18059,0.32584837,0.2896754,0.38447627,c234
19793,0.49456543,0.22938727,0.27604732,c234
12915,0.28841227,0.42960036,0.28198734,c1
14102,0.74773616,0.14626515,0.105998725,c234
6162,0.20351782,0.41563317,0.38084897,c5
7534,0.20757908,0.39448646,0.39793453,c5
17293,0.1595407,0.3115987,0.5288607,c5
874,0.2900032,0.3778009,0.33219594,c234
2549,0.101234704,0.27132216,0.62744313,c5
8860,0.17806369,0.47410414,0.3478322,c234
17991,0.12005921,0.18483779,0.69510293,c234
12037,0.65915364,0.24579616,0.095050156,c1
15172,0.3394192,0.38918948,0.27139133,c234
16042,0.4230683,0.28368136,0.2932503,c1
10069,0.38513815,0.33411363,0.28074822,c234
16609,0.44280365,0.229079,0.3281173,c5
2753,0.31382418,0.3398306,0.34634522,c1
3375,0.4457818,0.40518218,0.14903599,c5
7185,0.051826622,0.18175025,0.7664231,c234
799,0.3284187,0.3587273,0.312854,c234
12388,0.35741276,0.4060473,0.23653989,c1
489,0.28051692,0.42686993,0.29261312,c5
18469,0.23694551,0.3717727,0.3912818,c1
12967,0.282338,0.25582913,0.46183294,c5
9518,0.19629076,0.2304007,0.5733085,c234
19676,0.16531408,0.22890331,0.6057826,c234
16773,0.5826405,0.2805298,0.13682969,c1
19955,0.135882,0.5339337,0.33018425,c234
15829,0.32894197,0.4036411,0.26741692,c234
7045,0.37577635,0.24810542,0.3761182,c1
2571,0.2433081,0.32649848,0.4301934,c234
8964,0.4094847,0.21527828,0.37523702,c5
15008,0.40817243,0.3531054,0.23872216,c234
19160,0.667931,0.20937915,0.12268986,c5
11667,0.20591335,0.38674548,0.40734115,c1
4855,0.4819159,0.27344763,0.2446364,c5
17170,0.24966216,0.51891905,0.23141877,c234
1604,0.33817846,0.35921714,0.30260447,c1
6675,0.16308658,0.47818315,0.3587303,c234
12560,0.6347393,0.20998895,0.15527174,c234
17208,0.21557896,0.35938746,0.42503363,c234
10472,0.4860502,0.37510747,0.13884234,c234
2778,0.2986865,0.34067708,0.36063644,c234
4673,0.44149104,0.3737975,0.18471146,c1
13871,0.46372053,0.33873305,0.1975464,c234
7662,0.2639503,0.3498788,0.38617092,c5
15588,0.12237006,0.38546735,0.4921626,c5
3667,0.29658815,0.3327053,0.3707066,c1
15514,0.26839817,0.36144972,0.37015215,c5
15859,0.48086262,0.36943948,0.14969796,c234
15924,0.061919235,0.29958013,0.6385006,c5
8948,0.6421133,0.23078677,0.12709989,c1
9756,0.27299508,0.34775624,0.37924865,c234
5066,0.21701257,0.20825319,0.5747342,c234
19777,0.5598224,0.3242559,0.115921654,c234
9901,0.2018273,0.31154674,0.48662588,c234
3859,0.29380363,0.4136155,0.2925809,c234
3944,0.35396567,0.3247822,0.32125217,c5
11131,0.32819968,0.32140273,0.3503976,c5
15989,0.25803784,0.41088796,0.3310742,c234
5266,0.63149166,0.2755967,0.092911586,c1
1585,0.19160566,0.3571024,0.4512919,c234
4266,0.11462672,0.30919123,0.57618207,c234
15422,0.1306371,0.47094172,0.39842117,c5
3470,0.33703116,0.3809328,0.282036,c234
4099,0.18837908,0.4284537,0.38316715,c5
3336,0.24775395,0.35086787,0.40137818,c234
16521,0.12894838,0.25996426,0.6110873,c5
5929,0.48879546,0.25337705,0.25782743,c1
19354,0.42082903,0.3012252,0.27794582,c1
5907,0.18826006,0.319219,0.4925209,c1
13674,0.18732768,0.25156435,0.561108,c234
7352,0.1906409,0.47442585,0.33493322,c234
17552,0.30226582,0.37950915,0.3182251,c5
8107,0.07959157,0.35638967,0.5640187,c234
830,0.47206488,0.37076867,0.15716647,c5
349,0.36484146,0.38076937,0.25438914,c5
6376,0.30733362,0.42788568,0.26478073,c1
9039,0.29047227,0.37320745,0.33632025,c234
2582,0.24969873,0.40461108,0.3456902,c5
13659,0.13928477,0.31888813,0.54182714,c5
19280,0.18240301,0.19838063,0.6192164,c234
4828,0.24495628,0.32631263,0.4287311,c234
14889,0.18800482,0.4197288,0.39226636,c234
14098,0.1449878,0.3050403,0.5499718,c5
10058,0.65074533,0.12003424,0.22922038,c234
2993,0.22420888,0.33143196,0.4443592,c5
9176,0.4616999,0.41259718,0.12570292,c234
19846,0.29306343,0.3178923,0.38904426,c234
11921,0.16134307,0.3261652,0.51249176,c1
19063,0.78462565,0.13343915,0.08193518,c1
18312,0.26251087,0.32557985,0.41190934,c5
11871,0.48428273,0.31551155,0.20020573,c234
2207,0.084948756,0.294805,0.62024623,c5
6767,0.4432335,0.3701289,0.1866376,c234
3008,0.361285,0.4067886,0.23192638,c5
8206,0.41060773,0.30372095,0.2856713,c1
4391,0.37135482,0.3096238,0.31902134,c234
3104,0.44937178,0.23051558,0.32011262,c234
14149,0.33729714,0.37748232,0.28522053,c1
16300,0.17256376,0.32703853,0.50039774,c1
14717,0.4446647,0.35997692,0.19535841,c5
4763,0.11662228,0.3002618,0.5831159,c5
1505,0.41917336,0.42191082,0.1589158,c1
17326,0.08632268,0.44336787,0.4703094,c5
17652,0.2580237,0.4297807,0.3121956,c1
14270,0.20083034,0.15917067,0.639999,c5
4914,0.29153258,0.37577045,0.332697,c5
7773,0.41646707,0.374533,0.20899989,c1
15930,0.22175893,0.2268609,0.5513802,c5
4593,0.38431776,0.36149654,0.2541857,c234
17339,0.28043255,0.22687782,0.4926896,c5
10749,0.4525414,0.44114056,0.106318,c234
8787,0.23540637,0.31710723,0.44748646,c5
1499,0.3614318,0.31669846,0.3218698,c234
5248,0.32045484,0.3344503,0.34509483,c1
16980,0.30479154,0.25776586,0.43744254,c5
8423,0.45640346,0.3273993,0.21619718,c1
4618,0.5573261,0.28227586,0.16039805,c1
2393,0.2753547,0.37418517,0.35046008,c1
9175,0.2413184,0.31396407,0.44471753,c234
1007,0.33303493,0.4069087,0.26005644,c5
9890,0.519458,0.32887733,0.15166466,c1
11762,0.16637427,0.44184718,0.39177862,c5
4334,0.22934869,0.36871797,0.40193334,c1
11094,0.67913026,0.21291256,0.107957214,c1
10892,0.4101925,0.17141703,0.41839045,c1
19814,0.44353813,0.32383537,0.2326265,c1
11019,0.22479652,0.3291116,0.44609192,c5
5701,0.4365961,0.34133232,0.22207156,c5
8203,0.5961041,0.21542367,0.18847217,c234
6185,0.34227058,0.3443679,0.31336153,c1
16828,0.57100236,0.28426,0.14473759,c1
3036,0.6857484,0.21898077,0.09527082,c1
14629,0.18704931,0.19972989,0.6132208,c5
159,0.066645384,0.7978238,0.13553083,c5
7493,0.30622926,0.29508802,0.39868268,c1
18585,0.1476539,0.26044726,0.59189886,c5
1692,0.26968983,0.30799505,0.42231506,c5
13304,0.17172386,0.38894773,0.43932837,c5
6216,0.29476568,0.36397713,0.3412572,c1
2484,0.5142463,0.2721591,0.21359463,c1
8874,0.044903822,0.13705638,0.81803983,c5
16146,0.35145098,0.30196133,0.34658763,c5
6915,0.20023647,0.53058875,0.2691748,c234
17283,0.5466999,0.34402305,0.10927713,c1
5709,0.38402224,0.31164548,0.30433223,c5
17054,0.34179977,0.26503703,0.39316317,c1
6671,0.2341068,0.40343612,0.36245707,c234
10879,0.14167422,0.17883193,0.67949384,c5
16747,0.164155,0.345026,0.49081904,c5
1368,0.46976522,0.32008392,0.2101509,c1
18136,0.27341768,0.1727442,0.5538382,c1
16587,0.3419676,0.3754503,0.2825821,c234
2497,0.4008936,0.31639862,0.28270778,c1
17182,0.46504518,0.2902273,0.24472749,c234
17683,0.43489903,0.37256262,0.19253838,c1
12088,0.35513636,0.30805767,0.3368059,c234
1927,0.34400257,0.31612805,0.33986938,c234
456,0.5284091,0.3335129,0.13807802,c5
15015,0.46030685,0.282002,0.25769112,c234
9460,0.32255068,0.46956939,0.20787993,c1
7401,0.14741233,0.2849002,0.56768745,c5
6175,0.4824399,0.30476663,0.21279348,c1
3771,0.3613004,0.31845742,0.32024214,c5
14651,0.046657246,0.276959,0.6763837,c1
19744,0.4108772,0.36435488,0.22476788,c1
8460,0.3726788,0.28047138,0.3468498,c234
14655,0.29928917,0.48425242,0.21645841,c1
7092,0.45679733,0.3399386,0.20326407,c234
12391,0.30930227,0.3267293,0.36396843,c1
8212,0.29013067,0.4161759,0.29369345,c1
16416,0.40031686,0.34147352,0.25820965,c5
16956,0.32828665,0.35165307,0.32006028,c5
141,0.2988078,0.47584787,0.22534436,c5
7851,0.62624526,0.2760799,0.097674884,c5
2033,0.30719545,0.40046918,0.29233536,c1
782,0.2969534,0.42986697,0.27317968,c234
4109,0.388067,0.2220849,0.38984814,c5
12389,0.890166,0.029698865,0.08013517,c5
16427,0.29914796,0.39501786,0.30583417,c234
5299,0.5172048,0.29333952,0.18945567,c5
10533,0.33331412,0.35543942,0.31124642,c5
1317,0.37068617,0.34315273,0.28616112,c1
11526,0.4718411,0.3284925,0.1996664,c1
1320,0.40304548,0.39333105,0.20362341,c234
5426,0.28223625,0.45929188,0.25847188,c5
14681,0.40167472,0.31669143,0.28163385,c5
3577,0.11834086,0.32372442,0.55793464,c234
10151,0.41558903,0.4218588,0.1625522,c5
17525,0.22509855,0.39858273,0.37631872,c1
16592,0.023819657,0.082845524,0.89333475,c5
16608,0.2300901,0.28965315,0.48025674,c1
19143,0.19557844,0.41857326,0.38584837,c234
17310,0.1864574,0.41390857,0.39963403,c234
4432,0.48832694,0.3603346,0.15133847,c1
5365,0.38728362,0.32642594,0.28629038,c234
10064,0.18610767,0.34351644,0.47037587,c1
10060,0.1296893,0.29290655,0.57740414,c5
12934,0.20624676,0.25449228,0.5392609,c1
13138,0.29771307,0.29711238,0.40517458,c5
16357,0.4562592,0.36848179,0.17525908,c1
15390,0.37482822,0.3258725,0.29929927,c5
19187,0.61041725,0.2819902,0.10759259,c234
12317,0.2263457,0.51275784,0.26089647,c1
2874,0.33564025,0.3660852,0.2982746,c234
12839,0.38177016,0.32029903,0.29793078,c5
1523,0.3065513,0.19744533,0.49600342,c5
7113,0.27899596,0.36928788,0.3517162,c1
7227,0.16156079,0.37276638,0.46567282,c234
3430,0.20514205,0.41154826,0.38330975,c234
3444,0.300697,0.36269295,0.33661008,c1
17742,0.46901032,0.3843461,0.14664362,c5
14686,0.5299285,0.356849,0.11322253,c1
9742,0.377902,0.31351763,0.3085804,c234
7098,0.519715,0.34718838,0.13309665,c234
9670,0.27791342,0.4997848,0.22230177,c234
13778,0.22139928,0.33476716,0.44383353,c1
14548,0.5523027,0.34078258,0.10691472,c1
7487,0.24180593,0.36671722,0.39147684,c234
9448,0.31116423,0.37746108,0.3113747,c234
13152,0.52500933,0.20406744,0.27092323,c1
3851,0.15247561,0.4677471,0.37977737,c5
18069,0.34147552,0.38182837,0.2766961,c1
1448,0.29758617,0.3436739,0.35873985,c5
16214,0.62624526,0.2760799,0.097674884,c234
15894,0.19577754,0.24847755,0.55574495,c5
6955,0.7366086,0.17758581,0.08580552,c1
8945,0.503918,0.34574935,0.15033264,c234
4482,0.32057917,0.3475427,0.33187816,c1
1855,0.40130463,0.37513342,0.22356197,c234
13331,0.16134307,0.3261652,0.51249176,c234
10809,0.19892116,0.3792018,0.42187703,c234
3848,0.3907466,0.34937122,0.25988218,c234
4188,0.5277216,0.30254292,0.16973552,c1
7520,0.27665475,0.4386526,0.28469262,c1
7645,0.45300862,0.35121867,0.19577272,c5
14517,0.61088884,0.2698472,0.11926393,c1
4519,0.35395458,0.2250134,0.421032,c1
9625,0.5837979,0.19209222,0.22410996,c1
13670,0.6220713,0.09733507,0.2805936,c1
956,0.0935627,0.24331227,0.66312504,c5
13279,0.26059598,0.43931016,0.3000939,c5
6882,0.26433235,0.38725325,0.3484144,c5
10266,0.5446299,0.34364328,0.111726865,c1
3419,0.27767393,0.29864085,0.42368522,c234
14152,0.5435435,0.34469587,0.11176058,c1
6497,0.32767865,0.28718242,0.3851389,c5
6266,0.2872006,0.32439703,0.3884024,c5
8009,0.13958284,0.35920712,0.50121003,c234
19921,0.20943351,0.6589008,0.13166574,c5
4754,0.42825013,0.37509528,0.19665462,c234
1634,0.29227838,0.31883606,0.3888856,c5
18800,0.1467428,0.2512359,0.6020214,c234
11113,0.1467714,0.2855672,0.56766146,c234
13828,0.10949594,0.21230057,0.6782035,c5
1685,0.401627,0.27311042,0.3252626,c1
109,0.17944077,0.32629687,0.49426237,c234
15685,0.3119841,0.17339978,0.51461613,c5
6540,0.48283148,0.36656958,0.15059902,c234
18851,0.47646704,0.30184028,0.22169262,c234
14167,0.34749135,0.37588772,0.27662095,c234
13914,0.40069675,0.45277745,0.14652574,c5
15469,0.55470866,0.32863504,0.116656356,c234
5468,0.33634964,0.35553944,0.30811092,c1
13214,0.26810116,0.4527601,0.27913874,c5
16547,0.6305377,0.27726254,0.092199795,c1
19067,0.49224114,0.32287034,0.18488856,c1
17238,0.22904375,0.3295441,0.4414121,c1
10336,0.23204963,0.46026072,0.3076896,c234
1841,0.15195313,0.36557424,0.48247257,c5
9506,0.08580061,0.8944639,0.019735461,c234
18812,0.3220127,0.327203,0.3507843,c234
12075,0.31067482,0.35658205,0.33274317,c1
802,0.22054566,0.34909996,0.43035436,c5
17414,0.318421,0.40461034,0.27696866,c5
17925,0.26760998,0.39393106,0.338459,c1
16921,0.10795139,0.2346986,0.65735006,c5
10619,0.39419687,0.43042818,0.17537498,c1
13244,0.76199806,0.16653125,0.07147067,c1
4242,0.5248629,0.34889922,0.12623791,c234
891,0.29405642,0.36516294,0.34078065,c5
12274,0.2753761,0.40875944,0.3158644,c234
1339,0.49616194,0.38607988,0.1177582,c1
13739,0.240324,0.30556083,0.4541152,c234
10971,0.25089526,0.4269036,0.32220113,c234
1414,0.26807478,0.18456231,0.547363,c5
879,0.63499117,0.20697701,0.15803185,c234
15810,0.41092172,0.44232908,0.14674918,c1
7149,0.13538125,0.32035565,0.5442631,c234
5936,0.3392324,0.21666564,0.444102,c5
7910,0.2858997,0.4180443,0.296056,c5
14683,0.49051535,0.312159,0.1973256,c1
1606,0.4451119,0.19926812,0.35562003,c1
15870,0.3321106,0.25615567,0.4117337,c1
17600,0.15792143,0.20441422,0.6376643,c5
7179,0.5321903,0.18255696,0.28525278,c5
17992,0.62624526,0.2760799,0.097674884,c234
15307,0.22059226,0.3604081,0.4189996,c234
1000,0.38679603,0.37312955,0.24007438,c234
11022,0.35656196,0.3651774,0.27826065,c1
15228,0.27310994,0.44893563,0.27795446,c234
7591,0.320491,0.3051593,0.37434977,c5
4376,0.37165225,0.34536898,0.28297877,c234
54,0.20993614,0.56517375,0.22489011,c5
11125,0.41920796,0.26136178,0.3194302,c234
1047,0.22898212,0.37767386,0.39334399,c234
984,0.54987717,0.32448885,0.12563396,c1
661,0.24409397,0.19866757,0.5572384,c5
6200,0.11380177,0.2593047,0.6268935,c5
17709,0.37404585,0.29498577,0.33096838,c5
11955,0.43752167,0.36493826,0.19754009,c1
6158,0.2593129,0.2828659,0.4578212,c5
14277,0.33520928,0.17865244,0.48613828,c5
8794,0.13589728,0.23919809,0.6249046,c5
6712,0.4884049,0.43075264,0.08084244,c234
10876,0.3494953,0.3671906,0.28331408,c5
67,0.18220177,0.4325797,0.3852186,c1
15744,0.62624526,0.2760799,0.097674884,c1
8260,0.29813874,0.428136,0.27372524,c1
11916,0.23750712,0.35683417,0.4056587,c5
12862,0.25518644,0.4091457,0.3356679,c234
10495,0.1403128,0.26691282,0.5927744,c5
12087,0.38858053,0.42382872,0.18759072,c5
16575,0.55316377,0.32007265,0.12676355,c1
13917,0.32157362,0.26957768,0.40884873,c234
16219,0.20283659,0.3304237,0.46673974,c1
15063,0.23795465,0.31263763,0.44940773,c234
15460,0.74035126,0.16239008,0.09725859,c1
4198,0.4005363,0.22197536,0.37748832,c234
7649,0.20839792,0.39250097,0.39910108,c5
10736,0.2160826,0.3601052,0.42381218,c5
7576,0.33896652,0.3690069,0.29202658,c1
10133,0.34012613,0.36945012,0.29042372,c5
12466,0.10639108,0.1578019,0.73580706,c5
7058,0.9844252,0.011508026,0.0040667024,c1
17393,0.5378209,0.25065142,0.21152768,c1
7513,0.19411135,0.25293598,0.55295265,c5
7435,0.3874849,0.3282555,0.28425962,c234
7836,0.35898265,0.350699,0.29031834,c234
15809,0.07398049,0.33876476,0.58725476,c5
9674,0.33607528,0.37095404,0.29297072,c5
19343,0.4231154,0.29498234,0.28190222,c1
14063,0.46541226,0.3434307,0.19115703,c1
6435,0.3815971,0.35201204,0.26639092,c234
5550,0.24006996,0.3827987,0.37713134,c1
12040,0.30650342,0.3186471,0.37484947,c234
10005,0.26244852,0.34298015,0.39457136,c234
4031,0.62624526,0.2760799,0.097674884,c1
288,0.23988749,0.38155305,0.37855944,c1
16823,0.10687741,0.28973156,0.603391,c5
5767,0.24666844,0.38065833,0.37267324,c234
13208,0.33434597,0.31327057,0.3523834,c5
17929,0.17671482,0.33246425,0.490821,c5
18954,0.22532168,0.39072084,0.38395742,c5
5337,0.45679733,0.3399386,0.20326407,c1
11735,0.13855305,0.33438274,0.5270642,c5
7667,0.4930645,0.31470996,0.19222549,c1
18591,0.40792322,0.274129,0.3179478,c234
1463,0.32138965,0.38967028,0.28894013,c234
5637,0.5560459,0.36809328,0.0758608,c1
12633,0.44152948,0.2063754,0.35209513,c5
17959,0.63149166,0.2755967,0.092911586,c1
9928,0.6282897,0.27179357,0.09991677,c1
14481,0.5096346,0.35562927,0.13473608,c1
19570,0.12182002,0.65346014,0.22471987,c5
11347,0.33564985,0.40351495,0.2608352,c1
2041,0.5391755,0.30235812,0.15846637,c1
8384,0.4878317,0.36115175,0.15101661,c1
19934,0.11504087,0.3230085,0.5619506,c5
19097,0.5299285,0.356849,0.11322253,c234
17835,0.867794,0.0067796535,0.12542632,c1
17554,0.42694727,0.37688062,0.19617206,c1
5246,0.20244095,0.2724978,0.5250613,c1
9795,0.23330453,0.3198021,0.4468934,c234
1180,0.006974605,0.09688044,0.89614487,c5
2927,0.2548538,0.39223254,0.3529137,c1
18048,0.20244095,0.2724978,0.5250613,c234
3884,0.34139743,0.3552133,0.30338925,c1
3609,0.1464399,0.3943075,0.4592526,c234
15529,0.30254304,0.32094407,0.37651286,c5
12366,0.09508039,0.5166148,0.38830483,c1
11155,0.37090707,0.39682278,0.23227017,c1
9560,0.17771077,0.3548918,0.4673974,c234
622,0.25038186,0.41752332,0.3320948,c5
14782,0.06488648,0.26200715,0.6731064,c5
15628,0.97838175,0.021400668,0.00021752474,c1
1262,0.51944757,0.34390756,0.13664487,c5
17080,0.24967179,0.33667657,0.41365167,c5
16851,0.31907526,0.47258165,0.20834315,c1
4817,0.37626782,0.26958013,0.35415205,c5
11809,0.4172725,0.33842632,0.24430124,c1
5696,0.48086008,0.30117327,0.21796663,c1
3471,0.506721,0.2698901,0.22338893,c234
1876,0.16347817,0.19758028,0.6389416,c5
7720,0.6317772,0.1958509,0.17237188,c5
15992,0.44937178,0.23051558,0.32011262,c5
9844,0.06201863,0.14243662,0.7955448,c5
17210,0.1751614,0.21259299,0.6122457,c5
10899,0.34613517,0.272735,0.38112986,c1
10627,0.22430626,0.21053934,0.56515443,c5
4874,0.41209412,0.43338478,0.15452108,c1
18412,0.2739757,0.40888897,0.31713536,c5
17500,0.46654868,0.3743737,0.15907761,c5
9329,0.5351944,0.14785291,0.31695268,c1
7660,0.3500807,0.42155147,0.22836785,c1
6726,0.344007,0.4623824,0.1936106,c1
12141,0.43827796,0.35911912,0.20260288,c1
17483,0.14055024,0.5409556,0.31849414,c5
5386,0.17111693,0.3925328,0.43635023,c234
17724,0.13172503,0.2215885,0.6466865,c5
6905,0.33729714,0.37748232,0.28522053,c1
4580,0.35717157,0.4644135,0.17841493,c5
4887,0.2730014,0.3078099,0.41918877,c5
9574,0.15901133,0.3803917,0.4605969,c5
17966,0.0990374,0.18293907,0.7180235,c234
18890,0.1155377,0.27094302,0.61351925,c1
11450,0.3096065,0.2590991,0.4312944,c5
244,0.46530145,0.36837536,0.16632324,c234
998,0.62624526,0.2760799,0.097674884,c234
9661,0.74035126,0.16239008,0.09725859,c1
13201,0.57494324,0.27131176,0.15374504,c1
2580,0.5299285,0.356849,0.11322253,c5
1672,0.18070257,0.30214974,0.51714766,c5
5310,0.45467317,0.221952,0.32337484,c1
7015,0.506541,0.30000317,0.19345583,c1
5414,0.35105765,0.42464194,0.22430044,c5
4244,0.44285664,0.36721689,0.1899264,c1
17952,0.4045317,0.31562054,0.2798477,c234
4933,0.45679733,0.3399386,0.20326407,c1
8379,0.14295597,0.23338878,0.6236552,c5
2781,0.14146237,0.38138348,0.4771541,c234
9289,0.4818354,0.29512098,0.22304362,c234
11888,0.10266375,0.36945346,0.52788275,c234
15702,0.12120015,0.29714066,0.58165914,c5
15772,0.2040644,0.27202445,0.5239112,c5
1856,0.37388495,0.35404706,0.27206802,c234
2896,0.2445011,0.43928787,0.316211,c5
18426,0.050417732,0.25084057,0.69874173,c5
10794,0.18821546,0.4705419,0.3412426,c234
10142,0.4107222,0.3499288,0.23934895,c5
4706,0.63520545,0.13820973,0.2265849,c5
16358,0.26642555,0.27634838,0.45722604,c5
14936,0.15018186,0.24274646,0.6070717,c234
8220,0.23433176,0.40742058,0.35824767,c5
18903,0.6763562,0.10280175,0.22084205,c1
10825,0.3476404,0.29705554,0.3553041,c5
8217,0.39907137,0.4020928,0.19883578,c5
5408,0.42840877,0.2887089,0.28288236,c1
12353,0.33823052,0.3697643,0.29200518,c5
13773,0.3066759,0.35897806,0.33434603,c234
11330,0.0840461,0.38108024,0.53487366,c1
1117,0.076575935,0.37193814,0.55148596,c5
7900,0.29509202,0.40529987,0.2996081,c1
15639,0.2033006,0.40795597,0.38874343,c1
17958,0.44280365,0.229079,0.3281173,c5
10103,0.11271997,0.29839715,0.5888829,c5
14124,0.25449893,0.3670565,0.3784446,c5
15243,0.32384825,0.27230343,0.40384823,c234
6695,0.117761746,0.48583946,0.39639884,c5
15510,0.23574564,0.38720673,0.37704766,c234
12585,0.14739136,0.30008474,0.55252385,c5
5150,0.28097862,0.4372619,0.2817595,c234
8771,0.45640346,0.3273993,0.21619718,c5
11595,0.22915596,0.5084756,0.26236847,c234
16767,0.09751687,0.34647247,0.55601066,c5
19455,0.69195133,0.2241951,0.08385349,c234
12690,0.41529888,0.20300493,0.38169622,c234
9792,0.5124583,0.30113742,0.18640421,c5
4708,0.178852,0.32885435,0.4922936,c5
6067,0.20244095,0.2724978,0.5250613,c1
18346,0.27401942,0.24249698,0.48348367,c234
2977,0.4699855,0.37517068,0.15484379,c1
19987,0.2323897,0.29609528,0.47151503,c5
8791,0.5533555,0.32279804,0.1238465,c1
14854,0.15721364,0.296954,0.5458323,c5
597,0.3698888,0.34864205,0.28146917,c1
13619,0.33655554,0.44701102,0.21643347,c5
15152,0.29235625,0.39671296,0.31093082,c234
7208,0.18361476,0.49025258,0.3261326,c1
11263,0.21745434,0.4117355,0.37081015,c5
17942,0.21546201,0.5104802,0.27405775,c1
4928,0.11031241,0.28114855,0.608539,c234
2528,0.2197172,0.4996676,0.28061512,c5
4647,0.3802255,0.349565,0.27020955,c234
13072,0.29198378,0.3430595,0.3649567,c234
5077,0.23759504,0.31763047,0.44477445,c234
8,0.16615656,0.21592395,0.6179195,c1
706,0.61895245,0.29862055,0.08242704,c234
11984,0.23770101,0.30709276,0.45520625,c234
10117,0.3540738,0.27452633,0.3713999,c1
11388,0.47427565,0.38176146,0.14396292,c1
19684,0.45661882,0.35251606,0.19086517,c1
10159,0.30131316,0.35786912,0.34081778,c234
9203,0.2987766,0.37966993,0.32155344,c234
1828,0.37302113,0.3448771,0.28210178,c1
14947,0.095264845,0.4114211,0.49331412,c5
3783,0.2237595,0.46865246,0.30758804,c234
13031,0.40490925,0.32935318,0.2657375,c5
12929,0.4759002,0.3797862,0.14431356,c1
11249,0.22862922,0.4387077,0.3326631,c1
10273,0.20775288,0.32893437,0.4633128,c1
10920,0.40010223,0.29777962,0.30211812,c1
9096,0.3268529,0.4011709,0.2719762,c1
2640,0.5156058,0.36634794,0.11804628,c234
16155,0.18443227,0.32006446,0.49550334,c234
897,0.25058365,0.279516,0.46990034,c1
14671,0.18965448,0.4933166,0.31702888,c234
805,0.21489012,0.41011438,0.37499553,c1
337,0.27066606,0.37193054,0.3574034,c5
17682,0.43115914,0.3634544,0.20538647,c234
5289,0.45167404,0.2905529,0.25777298,c1
19784,0.4678123,0.36622828,0.1659594,c1
336,0.28867045,0.32577908,0.38555047,c5
9772,0.37595698,0.3827772,0.24126582,c5
9765,0.5435745,0.23955633,0.21686913,c1
2502,0.32513025,0.3867819,0.2880878,c234
11418,0.60221344,0.28512254,0.11266407,c1
3038,0.2588822,0.21742655,0.5236913,c5
588,0.39180157,0.29497933,0.31321916,c1
8881,0.2916351,0.3733563,0.33500856,c234
11299,0.25673544,0.45669255,0.28657204,c234
15553,0.26020634,0.38082874,0.35896492,c5
18799,0.4110081,0.32204083,0.26695105,c234
10104,0.4021248,0.2752346,0.3226405,c5
12005,0.25738275,0.34367576,0.3989415,c5
19162,0.3971533,0.3693214,0.23352535,c234
16863,0.39454365,0.30609784,0.2993585,c234
4564,0.28768027,0.4285996,0.28372017,c1
1266,0.43155742,0.34614646,0.22229615,c234
10673,0.3315427,0.4016691,0.26678818,c234
1496,0.37263152,0.44001445,0.18735403,c234
4707,0.47140825,0.3945829,0.13400887,c234
9045,0.48449257,0.3070692,0.20843823,c234
19738,0.1588594,0.5095182,0.3316224,c1
18533,0.20245704,0.33656225,0.4609807,c5
18983,0.50200707,0.3630887,0.13490425,c234
17294,0.20831034,0.2344008,0.5572888,c5
2070,0.30486676,0.35505924,0.340074,c5
10934,0.5974703,0.28899768,0.11353203,c1
94,0.3726389,0.3561137,0.2712474,c1
3523,0.46971783,0.32463422,0.20564793,c1
3915,0.5258231,0.24106081,0.23311602,c1
4444,0.2493735,0.22524835,0.52537817,c234
11100,0.16499831,0.32787716,0.50712454,c234
12648,0.4312718,0.35488927,0.21383895,c5
19100,0.19261657,0.3233104,0.48407304,c234
12307,0.45661882,0.35251606,0.19086517,c1
13896,0.2063263,0.38199484,0.41167885,c1
13808,0.501053,0.36586142,0.13308564,c1
13952,0.30043322,0.37910253,0.3204642,c5
12847,0.45495942,0.2224151,0.3226255,c234
11474,0.33315817,0.35483298,0.31200886,c234
14697,0.17139255,0.40580893,0.42279857,c5
8800,0.36815205,0.3575157,0.27433226,c234
3942,0.20905498,0.4636286,0.32731646,c5
1673,0.29327866,0.38668945,0.32003185,c234
9637,0.18118925,0.35763088,0.46117985,c234
7204,0.24411266,0.48629883,0.26958847,c5
16689,0.23278905,0.3454304,0.42178062,c5
16382,0.61953413,0.28398156,0.09648434,c1
6885,0.19619289,0.2000492,0.6037579,c1
2320,0.26176274,0.4126594,0.32557788,c234
3113,0.14266102,0.46125293,0.39608607,c5
16583,0.5145485,0.31058946,0.17486203,c1
6246,0.69195133,0.2241951,0.08385349,c234
12832,0.66156954,0.16711652,0.17131394,c234
13456,0.20311649,0.34497285,0.45191067,c234
9837,0.19554721,0.3327598,0.47169298,c5
5239,0.58323544,0.17191343,0.24485117,c1
10421,0.18467362,0.29804578,0.5172806,c1
16273,0.56968814,0.31513795,0.115173906,c234
19762,0.76579565,0.14316724,0.091037214,c234
15624,0.18468003,0.27778465,0.5375353,c5
4600,0.25883508,0.3863821,0.35478285,c234
13637,0.31410563,0.31591803,0.36997634,c5
16946,0.5455585,0.36988357,0.0845579,c1
14881,0.42672718,0.35106647,0.22220634,c1
1571,0.2000973,0.37406474,0.4258379,c5
6518,0.06487591,0.16155875,0.7735653,c5
1705,0.31370094,0.5187013,0.16759773,c1
14201,0.3164953,0.28027698,0.40322766,c234
4575,0.4421935,0.34637284,0.21143363,c234
19206,0.11255822,0.23307402,0.6543677,c5
16426,0.5602464,0.19145541,0.24829814,c234
11787,0.5140879,0.14609832,0.33981377,c1
1194,0.18961836,0.38751101,0.42287064,c234
12983,0.44098943,0.38857755,0.17043298,c234
17073,0.45453504,0.4017688,0.1436962,c5
15477,0.38830888,0.4689711,0.14272003,c1
15504,0.21709615,0.39700097,0.38590288,c1
13446,0.21056096,0.3364533,0.45298567,c5
4021,0.14069463,0.38926,0.47004536,c5
14509,0.23967603,0.4232853,0.33703867,c234
2215,0.26150632,0.38532865,0.35316497,c5
19347,0.3124611,0.309247,0.37829188,c5
5667,0.5292825,0.28906778,0.18164977,c1
5437,0.33487207,0.43549022,0.22963774,c1
13953,0.3346919,0.36534262,0.29996544,c5
17586,0.2331368,0.3885481,0.37831506,c234
9236,0.34387395,0.41681817,0.23930791,c5
776,0.5163933,0.35377786,0.12982884,c1
19243,0.48515055,0.36421952,0.15063,c5
10778,0.50546986,0.31568354,0.1788466,c5
14052,0.2735021,0.44050866,0.28598917,c1
3972,0.4752748,0.24846257,0.27626258,c234
19414,0.4959083,0.3441869,0.15990485,c1
15964,0.3492184,0.45352986,0.19725183,c5
551,0.5423539,0.3293414,0.12830463,c234
11940,0.29005152,0.39401594,0.31593254,c234
14473,0.32110235,0.47107184,0.20782581,c5
13697,0.22496445,0.38700283,0.38803273,c5
4418,0.39955452,0.38663435,0.21381114,c234
5442,0.3093849,0.33746222,0.35315293,c234
7386,0.495741,0.27910867,0.22515039,c5
8613,0.29438072,0.35362044,0.35199887,c234
19462,0.14727703,0.44652614,0.4061968,c234
8357,0.61076486,0.22306831,0.16616683,c5
19112,0.1684087,0.4311507,0.4004405,c234
6433,0.15718088,0.16538268,0.6774365,c5
4397,0.35055357,0.3496082,0.29983827,c5
17858,0.26108655,0.40999025,0.32892317,c1
5172,0.18146688,0.12890242,0.6896307,c5
2097,0.44454715,0.30332404,0.2521288,c5
12749,0.51078105,0.35673848,0.13248055,c5
4668,0.1656369,0.33789745,0.49646568,c5
7680,0.18613045,0.3403004,0.47356915,c5
18784,0.5964133,0.3151266,0.088460155,c1
17204,0.20695074,0.12640502,0.6666442,c5
8048,0.40591335,0.31796646,0.2761202,c1
2884,0.6399286,0.26485467,0.09521676,c1
19193,0.24131575,0.43425193,0.32443234,c234
12265,0.6564545,0.23593087,0.107614666,c1
4926,0.35926607,0.3706617,0.27007225,c1
1306,0.34972972,0.39925614,0.25101414,c234
10148,0.25820494,0.4251465,0.31664857,c5
19417,0.47595176,0.20622759,0.31782064,c5
14405,0.47203502,0.30054578,0.22741915,c1
736,0.32932788,0.33522177,0.33545035,c5
14846,0.46916425,0.34971502,0.18112071,c234
7806,0.43344566,0.31981897,0.24673536,c1
10056,0.40799722,0.29366735,0.29833546,c5
11264,0.48228624,0.2742342,0.24347955,c234
15123,0.30352435,0.24022807,0.45624763,c5
5617,0.23487464,0.35021406,0.4149113,c234
6207,0.5833285,0.24524933,0.17142214,c1
8527,0.26624343,0.3412475,0.39250907,c5
18632,0.29848582,0.25480735,0.44670686,c234
10477,0.0899644,0.3081544,0.60188115,c5
7011,0.36884472,0.1527513,0.478404,c5
16131,0.22726354,0.44419074,0.32854575,c5
286,0.49559686,0.3240896,0.18031357,c234
9731,0.23855573,0.24774618,0.5136981,c5
6261,0.45679733,0.3399386,0.20326407,c234
1735,0.5593734,0.31458196,0.12604469,c1
19101,0.7692633,0.1516003,0.07913641,c1
8114,0.13342811,0.3526794,0.5138925,c234
1955,0.3695429,0.4100035,0.22045356,c1
9857,0.36358115,0.36369583,0.27272302,c5
2516,0.53728646,0.27879646,0.1839171,c1
5606,0.47085437,0.3827518,0.14639375,c5
10040,0.42839122,0.418425,0.15318377,c5
16789,0.5674726,0.26038048,0.17214692,c5
707,0.24777077,0.37493196,0.3772973,c1
18720,0.13933635,0.40607432,0.45458928,c5
8763,0.1400472,0.3478641,0.5120887,c5
8903,0.44224343,0.30287597,0.25488058,c1
16944,0.33751214,0.4966257,0.16586217,c5
13299,0.17165649,0.37911227,0.44923127,c234
773,0.7721516,0.12628864,0.10155972,c5
3357,0.39197183,0.17550176,0.43252638,c1
19658,0.15204537,0.39396897,0.4539856,c234
19128,0.20073225,0.4088988,0.39036894,c234
17029,0.20244095,0.2724978,0.5250613,c5
12183,0.25104338,0.19388112,0.5550755,c5
16409,0.4383193,0.31677103,0.24490973,c5
2860,0.23152936,0.3842031,0.38426754,c234
4892,0.18012507,0.21133304,0.6085419,c1
2558,0.33728954,0.29870903,0.36400142,c5
12164,0.3748487,0.21835577,0.40679553,c5
1193,0.33469674,0.41256243,0.25274083,c1
5110,0.35668257,0.3839562,0.25936127,c1
4840,0.24050198,0.4337091,0.32578892,c234
12887,0.22939777,0.30746192,0.4631404,c5
718,0.328135,0.41509458,0.2567705,c5
17722,0.70092016,0.118876666,0.1802032,c234
19293,0.18449077,0.3981109,0.41739824,c5
14877,0.37541255,0.36908773,0.25549966,c1
19341,0.44792104,0.3205433,0.23153564,c1
7829,0.7692633,0.1516003,0.07913641,c234
8883,0.11181599,0.26082334,0.62736064,c5
6111,0.48362985,0.26202402,0.25434613,c234
15159,0.30287826,0.3961206,0.30100113,c234
16052,0.055260994,0.13779847,0.8069405,c234
13271,0.130639,0.16403998,0.705321,c5
1968,0.21303344,0.38055778,0.40640882,c5
4832,0.34558234,0.39231038,0.2621073,c1
13861,0.20152007,0.31760588,0.4808741,c234
14513,0.4083377,0.4468558,0.1448065,c234
10555,0.15496062,0.2834524,0.5615869,c234
9317,0.24557036,0.44394898,0.31048068,c5
8043,0.18659483,0.39856035,0.41484484,c5
15884,0.24563165,0.4085834,0.345785,c5
12345,0.30853072,0.23220348,0.45926574,c5
13825,0.25746408,0.42341906,0.3191169,c234
4736,0.4757837,0.32917917,0.19503714,c234
13161,0.45495942,0.2224151,0.3226255,c5
4746,0.3929755,0.40635502,0.20066948,c5
6224,0.66248775,0.24968249,0.08782971,c1
19714,0.2253425,0.4035971,0.37106043,c1
3401,0.5953384,0.29179972,0.11286192,c234
16808,0.63149166,0.2755967,0.092911586,c1
8258,0.164789,0.3844806,0.45073047,c234
16891,0.36258593,0.38806036,0.24935369,c1
15256,0.14570409,0.29715723,0.5571386,c5
7355,0.44895238,0.37690067,0.17414694,c234
3877,0.28821406,0.38383773,0.32794824,c5
9946,0.2994554,0.4765557,0.22398886,c5
7820,0.556843,0.25501278,0.18814428,c1
4374,0.16921978,0.31798354,0.5127967,c5
18702,0.3290937,0.32115507,0.34975123,c5
7231,0.087788604,0.38652208,0.5256893,c234
12727,0.3542673,0.34474388,0.3009888,c5
14225,0.47649226,0.293241,0.23026673,c1
13769,0.18969674,0.20779616,0.6025071,c234
3733,0.8720865,0.07755949,0.05035404,c5
18510,0.30815616,0.3937713,0.29807255,c1
9073,0.30337963,0.21082148,0.4857989,c5
14275,0.03523098,0.0818976,0.8828714,c5
17197,0.6487125,0.21113347,0.14015405,c5
3313,0.052691184,0.12001659,0.8272922,c5
12715,0.44937178,0.23051558,0.32011262,c5
16073,0.17807882,0.3153984,0.50652283,c234
3425,0.5752397,0.2971801,0.12758021,c234
8924,0.5938794,0.30791542,0.09820513,c234
1312,0.2594328,0.4173687,0.3231985,c5
8470,0.30783415,0.23900013,0.45316574,c1
7142,0.41472468,0.33674663,0.24852876,c1
16463,0.40075794,0.34671563,0.2525264,c5
10045,0.11397742,0.43120602,0.45481658,c1
585,0.44161808,0.3076373,0.25074458,c234
1784,0.22630838,0.44230527,0.3313864,c5
7211,0.43283045,0.34090137,0.22626816,c5
111,0.121537775,0.2327143,0.64574796,c5
6893,0.46417522,0.32848662,0.2073382,c1
12300,0.30786595,0.38757807,0.30455595,c5
17541,0.5276235,0.35845444,0.11392204,c234
10517,0.69195133,0.2241951,0.08385349,c1
16761,0.445775,0.34497523,0.20924976,c1
3426,0.35209182,0.3730992,0.27480897,c1
18260,0.19044705,0.3940327,0.41552028,c5
14915,0.45661882,0.35251606,0.19086517,c1
5109,0.2928254,0.43145275,0.27572185,c1
11303,0.49805441,0.33020452,0.17174107,c5
441,0.22487149,0.4225809,0.35254756,c1
15897,0.10398224,0.31727812,0.5787396,c5
4354,0.258069,0.31103054,0.43090037,c5
4100,0.50329703,0.36054987,0.13615309,c234
9377,0.3671095,0.3869244,0.24596612,c234
5039,0.32379335,0.36370027,0.31250635,c5
7087,0.11385257,0.40867275,0.4774746,c234
13388,0.28587368,0.2527465,0.46137983,c234
1670,0.2575083,0.42764246,0.31484926,c1
19943,0.26561746,0.4362848,0.29809773,c234
11614,0.23401517,0.35222423,0.41376063,c1
2841,0.24805789,0.46039912,0.29154295,c5
1520,0.30031103,0.3275256,0.37216336,c5
12270,0.3416241,0.25522128,0.40315464,c1
1376,0.5274791,0.27273497,0.19978592,c1
19027,0.38051638,0.40601304,0.21347055,c5
16334,0.38023838,0.420967,0.19879457,c234
13911,0.5271555,0.32766443,0.14518002,c234
12701,0.40837896,0.4054952,0.18612581,c1
2605,0.4305155,0.40502954,0.16445494,c1
16233,0.23035684,0.17181742,0.5978257,c5
15374,0.30610484,0.43980324,0.25409195,c234
11200,0.37638742,0.3161294,0.3074832,c234
462,0.14619614,0.3460795,0.5077244,c234
13806,0.6013822,0.28938627,0.10923158,c1
5874,0.13718832,0.18525225,0.67755944,c5
5570,0.6957894,0.18904972,0.1151609,c1
12347,0.42578334,0.37376454,0.20045216,c5
1820,0.35364273,0.34357554,0.30278173,c5
16,0.63149166,0.2755967,0.092911586,c234
14520,0.49810776,0.16025542,0.34163684,c1
9059,0.45467317,0.221952,0.32337484,c1
6556,0.35311118,0.29778016,0.3491087,c1
19986,0.47133622,0.3272298,0.20143402,c1
5081,0.35953626,0.3683873,0.27207646,c234
310,0.4342855,0.3609338,0.20478073,c1
6146,0.3789108,0.37073207,0.25035712,c5
19337,0.2651822,0.35840872,0.37640905,c1
11797,0.09742134,0.26101664,0.641562,c5
81,0.58576435,0.26473585,0.14949982,c1
971,0.38842252,0.39218685,0.2193906,c5
2221,0.39817405,0.32025468,0.28157127,c5
11178,0.4320291,0.2679974,0.2999735,c5
18152,0.20622192,0.34026548,0.4535126,c5
15308,0.4618116,0.32269475,0.21549366,c1
17784,0.30905685,0.327711,0.36323214,c234
14983,0.3486401,0.22006652,0.43129334,c5
8548,0.2426812,0.45054263,0.30677623,c5
9922,0.29379287,0.28986704,0.41634014,c1
13568,0.28978455,0.3237448,0.38647068,c234
15994,0.7250595,0.17924389,0.09569658,c1
6543,0.3635179,0.45217097,0.18431115,c5
678,0.41655666,0.23160498,0.35183832,c5
8336,0.34727645,0.3740068,0.27871668,c234
1033,0.3044469,0.32294944,0.37260368,c1
5443,0.882492,0.04711393,0.070394,c234
9470,0.55899924,0.3143438,0.12665696,c5
12074,0.3427321,0.3793522,0.2779157,c1
2644,0.126685,0.25698972,0.6163253,c1
3510,0.33971247,0.32686305,0.33342448,c234
15087,0.20821226,0.38012686,0.4116609,c5
16374,0.20658977,0.3399164,0.45349386,c1
12325,0.271332,0.38937566,0.33929235,c5
9295,0.62744856,0.23644383,0.13610755,c1
4036,0.30042645,0.43505195,0.26452163,c234
6858,0.42533374,0.31970155,0.25496477,c1
1689,0.23481551,0.36344293,0.40174147,c1
15369,0.22499005,0.25744405,0.51756585,c1
17383,0.4300762,0.3358271,0.23409666,c234
14935,0.34522697,0.3378934,0.3168796,c5
7154,0.4429191,0.2356637,0.3214172,c1
15124,0.62530446,0.28317255,0.09152303,c1
1730,0.20811547,0.42174867,0.37013587,c234
13506,0.19172375,0.27860767,0.52966857,c5
10813,0.31457642,0.29680574,0.3886178,c1
12152,0.25140047,0.3957851,0.35281447,c234
14650,0.25747573,0.26955792,0.4729663,c234
17510,0.25899297,0.45506036,0.2859466,c234
19702,0.48885745,0.30255044,0.2085921,c5
8673,0.3047977,0.37544787,0.31975442,c1
9013,0.3437656,0.36879888,0.28743553,c234
13609,0.41520232,0.22655247,0.3582452,c1
14647,0.25010523,0.40355483,0.34633994,c234
12195,0.2040005,0.27316394,0.52283555,c1
11277,0.43322372,0.27474657,0.29202965,c5
17985,0.23674794,0.45758483,0.30566716,c1
10623,0.2071586,0.35293862,0.4399028,c5
8471,0.16134307,0.3261652,0.51249176,c5
19394,0.18216625,0.382025,0.43580878,c5
18102,0.5012208,0.27468804,0.22409117,c1
10198,0.20545948,0.13815391,0.6563866,c234
6646,0.1790324,0.6206616,0.20030601,c234
11612,0.44937178,0.23051558,0.32011262,c1
4723,0.17888895,0.34473014,0.47638094,c234
1551,0.24930157,0.21779682,0.53290164,c234
17841,0.34143114,0.37603033,0.28253853,c5
18126,0.26755822,0.33465555,0.39778626,c234
16821,0.81959236,0.12692174,0.05348592,c1
15023,0.26101008,0.24644676,0.49254322,c234
11697,0.3781574,0.41179192,0.21005066,c1
17522,0.22817399,0.4358918,0.33593422,c234
9776,0.36750072,0.35948542,0.27301386,c5
6159,0.3607936,0.3293949,0.30981153,c234
16072,0.43008393,0.23940864,0.33050743,c5
11815,0.36842462,0.32933757,0.3022378,c5
15392,0.3319158,0.2621333,0.40595087,c234
15318,0.03163485,0.1669345,0.80143064,c1
19504,0.25289148,0.20219544,0.5449131,c5
5815,0.19401436,0.28095615,0.5250295,c234
12408,0.210794,0.45607334,0.33313265,c234
1183,0.24887308,0.48507753,0.26604936,c5
13807,0.15047128,0.20202458,0.64750415,c5
12590,0.22205906,0.45208696,0.325854,c5
12909,0.53356546,0.32609525,0.14033931,c1
16755,0.5188361,0.40034014,0.0808238,c1
2119,0.17620078,0.38827077,0.43552846,c234
6959,0.5087073,0.36112338,0.13016929,c1
14312,0.3779469,0.38791513,0.23413797,c5
1890,0.37741444,0.46194896,0.16063656,c234
34,0.27378342,0.3117213,0.41449535,c5
1385,0.4184652,0.43495092,0.14658387,c234
2195,0.3448089,0.24949814,0.405693,c5
14259,0.30337963,0.21082148,0.4857989,c1
4794,0.12353531,0.3144217,0.562043,c5
17097,0.23708107,0.4202415,0.3426774,c1
14943,0.23654735,0.46089527,0.3025574,c5
1886,0.39943492,0.3932305,0.20733456,c1
16936,0.5935299,0.13384198,0.2726281,c5
9595,0.34837812,0.23962487,0.41199702,c5
12254,0.44937178,0.23051558,0.32011262,c1
6616,0.09580718,0.3268442,0.57734865,c5
10535,0.55899924,0.3143438,0.12665696,c5
15568,0.48150972,0.28694046,0.23154977,c234
19600,0.3016724,0.28589496,0.41243264,c5
19435,0.18556865,0.3184842,0.4959471,c234
9810,0.3977703,0.37024993,0.2319797,c234
5477,0.7842506,0.030504625,0.18524472,c234
12404,0.37504137,0.2778226,0.347136,c5
17338,0.293319,0.43408367,0.27259737,c1
1713,0.33445132,0.30502543,0.36052325,c234
6588,0.401056,0.2831272,0.31581685,c1
2538,0.273715,0.5024393,0.2238457,c234
16410,0.4106544,0.29294246,0.2964031,c234
14411,0.23640294,0.4091441,0.354453,c234
14673,0.38545778,0.32807255,0.28646964,c1
11250,0.35565203,0.39568618,0.24866177,c1
8411,0.3491103,0.4310387,0.21985099,c1
4650,0.40026858,0.37563136,0.22409998,c1
11730,0.17652112,0.28756514,0.53591377,c234
8127,0.44937178,0.23051558,0.32011262,c234
12199,0.3561602,0.36384165,0.27999818,c1
10354,0.32329032,0.3048906,0.37181905,c234
8879,0.231628,0.3333746,0.43499744,c234
9151,0.34095943,0.36340523,0.2956353,c1
3486,0.39277518,0.34613362,0.26109123,c234
9486,0.18135469,0.40404353,0.41460174,c5
2893,0.57067704,0.2897424,0.13958056,c5
9300,0.36497262,0.33241326,0.30261415,c1
14896,0.44399524,0.31131464,0.24469012,c1
13023,0.3254583,0.4478069,0.22673482,c5
10427,0.1315952,0.33044213,0.5379627,c5
10340,0.33271426,0.45435032,0.21293543,c234
6623,0.26265952,0.26549736,0.4718432,c5
16638,0.23799084,0.29726225,0.4647469,c234
6963,0.39031655,0.2717353,0.33794817,c5
17389,0.41993836,0.3508407,0.22922097,c5
13781,0.62624526,0.2760799,0.097674884,c234
6127,0.41084734,0.38027814,0.20887448,c234
12201,0.11234323,0.2857494,0.6019073,c234
3788,0.33195966,0.34447858,0.32356176,c234
4784,0.23640288,0.40037587,0.3632213,c234
15363,0.41181418,0.4425349,0.14565088,c1
3842,0.20480815,0.48214397,0.31304792,c1
4636,0.2794323,0.39514711,0.32542065,c1
11334,0.61953413,0.28398156,0.09648434,c1
10191,0.39377198,0.3791346,0.22709346,c1
817,0.44183958,0.2632962,0.29486424,c5
4997,0.2459785,0.3774849,0.37653664,c234
4608,0.24278481,0.36285493,0.39436027,c234
20030,0.23609132,0.39335877,0.37054995,c5
18898,0.20637482,0.37938547,0.41423967,c1
8333,0.4358639,0.36860943,0.19552663,c5
9554,0.5399466,0.318959,0.1410944,c1
4603,0.16912794,0.29727706,0.533595,c5
2663,0.3510692,0.3529418,0.29598898,c1
9292,0.5218749,0.32774517,0.15037994,c234
10712,0.3290869,0.42296946,0.2479436,c1
19830,0.16065545,0.20068274,0.6386618,c234
11795,0.2159351,0.3314577,0.45260713,c234
6172,0.36167234,0.30371934,0.33460835,c5
10602,0.3430838,0.31336683,0.34354937,c234
3964,0.33711445,0.34937602,0.31350952,c234
16105,0.2613848,0.3546687,0.38394654,c5
11132,0.44280365,0.229079,0.3281173,c1
10549,0.3045973,0.43174952,0.26365316,c5
5513,0.34518278,0.35831812,0.29649907,c234
4310,0.28549924,0.25612277,0.45837796,c234
10738,0.32603446,0.42246076,0.2515048,c234
19466,0.23348242,0.42142552,0.345092,c5
16223,0.10548858,0.2641088,0.6304026,c234
8668,0.11778381,0.18232761,0.6998885,c5
19198,0.09148832,0.30839133,0.6001203,c5
10512,0.43146208,0.40379038,0.16474754,c1
16067,0.5864049,0.28595585,0.12763925,c1
13026,0.08890296,0.24280573,0.6682913,c5
12620,0.21534558,0.29988298,0.4847715,c234
8932,0.5668543,0.1875418,0.24560395,c5
5069,0.4257616,0.37800568,0.19623275,c234
764,0.36770394,0.28363952,0.34865648,c234
17524,0.35297415,0.40407413,0.24295177,c5
10393,0.5460767,0.2692538,0.18466948,c1
7872,0.48664877,0.27659324,0.23675805,c1
11694,0.251713,0.44251424,0.30577272,c234
17305,0.42050934,0.3584065,0.22108418,c5
15375,0.20915619,0.2697287,0.5211152,c5
1276,0.37811378,0.40226692,0.21961927,c1
4227,0.19309728,0.39163032,0.41527236,c5
16215,0.44975543,0.29354584,0.2566988,c1
11297,0.43740138,0.4068096,0.15578899,c5
20085,0.21569307,0.35716808,0.4271389,c234
1292,0.3850205,0.20718473,0.4077947,c1
13701,0.34227663,0.4253585,0.2323649,c5
15425,0.17265014,0.22964251,0.59770733,c5
3989,0.5757881,0.31008238,0.11412953,c1
6866,0.23515251,0.3267619,0.4380856,c5
10843,0.23262757,0.17623039,0.59114206,c1
9167,0.4008936,0.31639862,0.28270778,c1
8793,0.2295876,0.41951117,0.35090128,c5
5356,0.4184652,0.43495092,0.14658387,c234
4253,0.62624526,0.2760799,0.097674884,c5
8059,0.17942439,0.40232775,0.41824785,c234
10646,0.23216608,0.4073197,0.36051425,c5
6326,0.3142788,0.38564256,0.30007863,c234
12076,0.57925326,0.2585322,0.16221449,c234
18644,0.3197043,0.45505175,0.2252439,c234
9104,0.19390711,0.42915478,0.37693813,c234
12945,0.30353332,0.3229975,0.3734691,c234
12212,0.2759711,0.42866057,0.2953683,c234
14559,0.3365718,0.40190116,0.26152697,c234
10954,0.46684283,0.30870295,0.22445425,c234
16869,0.45166862,0.31732616,0.23100531,c1
10274,0.1772267,0.28248796,0.54028535,c234
1897,0.6910557,0.22390497,0.08503938,c1
3729,0.6467796,0.24939193,0.103828445,c1
3809,0.37703368,0.317492,0.30547428,c5
19585,0.13569495,0.3520365,0.51226854,c1
8949,0.33292192,0.3495955,0.31748262,c234
3268,0.22702444,0.5511252,0.2218503,c5
10038,0.5287055,0.2663972,0.20489733,c5
15121,0.24088508,0.29605842,0.46305653,c5
19072,0.3475602,0.36769086,0.28474897,c1
8031,0.5205295,0.3642796,0.115190856,c1
1782,0.2913804,0.34668958,0.36193007,c5
3714,0.38072503,0.3853956,0.23387945,c5
11282,0.30302286,0.19030811,0.50666904,c234
16453,0.36003956,0.33273903,0.3072214,c1
17201,0.31468496,0.43786302,0.24745199,c234
17993,0.45812747,0.3699926,0.17187987,c5
2740,0.06104854,0.280865,0.6580864,c5
19582,0.3058501,0.33501276,0.35913712,c5
18961,0.33650836,0.38509473,0.27839693,c1
8104,0.44248524,0.36533257,0.19218221,c1
16792,0.5767531,0.2612408,0.16200615,c1
5999,0.30826458,0.2236083,0.46812713,c234
17515,0.14538716,0.48016745,0.37444532,c5
14696,0.32712337,0.30455995,0.3683167,c234
8046,0.45467317,0.221952,0.32337484,c5
1375,0.30785474,0.41594553,0.2761997,c1
4896,0.15079299,0.4279441,0.42126298,c5
6778,0.34517083,0.39746875,0.2573605,c1
12586,0.26591733,0.3633798,0.3707028,c1
11837,0.39224148,0.2648926,0.34286594,c234
13232,0.27691478,0.22954306,0.4935421,c5
15004,0.18434407,0.44279042,0.37286553,c1
18280,0.18752216,0.28338307,0.5290948,c5
19488,0.27840787,0.3130844,0.40850776,c1
7375,0.36573473,0.4063363,0.22792903,c234
10525,0.31662357,0.33424404,0.3491324,c5
19439,0.3079149,0.3696052,0.3224799,c5
3775,0.504712,0.2432397,0.25204828,c234
1575,0.20749871,0.45229784,0.34020343,c5
5492,0.28208858,0.45218325,0.26572818,c234
13531,0.5536725,0.31697613,0.12935138,c234
7839,0.48485488,0.38646674,0.1286783,c234
6422,0.3908935,0.25581157,0.35329494,c1
12252,0.26082224,0.4275209,0.31165686,c1
11647,0.21684667,0.2925905,0.49056292,c1
7766,0.37815896,0.34536293,0.27647814,c1
7621,0.22285059,0.32165456,0.45549488,c5
7030,0.237616,0.584208,0.17817597,c1
9648,0.27845085,0.4622777,0.2592714,c1
14322,0.22017461,0.3700889,0.40973645,c234
5806,0.12429548,0.3530364,0.52266806,c5
2411,0.4951414,0.26578975,0.23906888,c1
4393,0.07412051,0.4389964,0.486883,c5
8406,0.23574255,0.3220868,0.44217056,c234
1591,0.230888,0.3626359,0.40647614,c5
10066,0.3774948,0.36511627,0.25738892,c234
1314,0.1838534,0.21925882,0.59688777,c5
20048,0.32163602,0.5556233,0.122740686,c5
15319,0.18725546,0.37638277,0.43636182,c5
5088,0.13368103,0.3374941,0.52882487,c1
6269,0.48288357,0.33876956,0.17834689,c1
10791,0.40429407,0.3127799,0.28292608,c5
2958,0.5379832,0.21723041,0.24478644,c1
13519,0.45948413,0.35665855,0.18385734,c234
17349,0.13624465,0.4211188,0.4426366,c234
3232,0.20620687,0.39940575,0.3943874,c234
17739,0.40737516,0.36046833,0.23215656,c1
18292,0.26348057,0.33833116,0.39818826,c1
2909,0.6909984,0.15680031,0.15220127,c5
8817,0.5288644,0.33925843,0.1318772,c234
12638,0.22440597,0.32852682,0.4470672,c5
14566,0.4125611,0.38879764,0.19864126,c1
14924,0.32421714,0.37961426,0.29616863,c234
2842,0.17005378,0.3898926,0.4400536,c1
17612,0.34994307,0.33060455,0.31945235,c1
2090,0.38007933,0.38295093,0.23696977,c234
18050,0.42561337,0.3338885,0.24049807,c5
6301,0.45679733,0.3399386,0.20326407,c5
6561,0.11198202,0.22335842,0.66465956,c1
1313,0.18329753,0.37703207,0.43967044,c234
18612,0.33057424,0.35011032,0.31931546,c1
4512,0.17761977,0.35579693,0.4665833,c5
2686,0.43734127,0.33672246,0.22593625,c1
4724,0.11450005,0.43405384,0.45144615,c234
18101,0.27940193,0.4074212,0.3131769,c234
11402,0.23299487,0.35929167,0.4077135,c5
6994,0.26210764,0.35257098,0.3853214,c234
11792,0.18121111,0.3654534,0.45333555,c1
7709,0.15421912,0.3446193,0.5011616,c1
18162,0.45467317,0.221952,0.32337484,c5
3522,0.23270583,0.2750223,0.49227187,c5
11258,0.3028547,0.4128438,0.28430152,c1
11761,0.22969516,0.38430056,0.38600427,c5
13848,0.26978585,0.21423633,0.51597786,c5
13868,0.28081694,0.36736715,0.3518159,c5
10214,0.07187511,0.38973302,0.5383919,c5
19425,0.14287761,0.37694052,0.48018184,c234
11470,0.14194395,0.26926476,0.5887914,c5
11703,0.4098655,0.39545998,0.19467449,c234
7219,0.23741806,0.3815166,0.3810653,c1
1539,0.31041342,0.36001888,0.32956773,c1
19988,0.1783036,0.2122789,0.60941756,c1
4851,0.4633968,0.2555478,0.2810554,c5
2714,0.17104602,0.20140064,0.62755334,c1
8645,0.27494743,0.24708769,0.4779649,c5
6775,0.36496186,0.22141351,0.4136246,c234
92,0.4276016,0.1936819,0.3787164,c1
6500,0.34852365,0.45873117,0.19274524,c1
11722,0.28027114,0.32882693,0.39090198,c5
3096,0.49305627,0.30527666,0.2016671,c1
10435,0.13422514,0.27307644,0.5926984,c1
4039,0.19576846,0.3419669,0.46226457,c5
5461,0.2842826,0.39838743,0.31733,c5
12660,0.35258216,0.38974884,0.25766903,c234
7047,0.49535793,0.17170456,0.33293754,c1
14443,0.16065545,0.20068274,0.6386618,c5
17569,0.30008125,0.3142176,0.3857012,c234
11783,0.22110908,0.28641412,0.49247676,c1
12804,0.13258813,0.48994952,0.37746227,c1
15006,0.34985027,0.40995383,0.24019593,c1
4994,0.35237336,0.49594405,0.15168253,c234
17730,0.21395174,0.42235556,0.36369276,c5
10984,0.29766074,0.24596079,0.45637843,c1
11699,0.37754408,0.37877637,0.24367957,c234
2490,0.45510533,0.22165179,0.3232429,c1
4544,0.6884573,0.15977152,0.15177117,c1
5899,0.40270928,0.3177346,0.27955619,c5
2345,0.28438506,0.46103013,0.25458485,c1
20003,0.707499,0.24090548,0.05159545,c1
16054,0.4801104,0.23997404,0.27991554,c234
1304,0.4415715,0.35828224,0.20014623,c1
15725,0.1910949,0.25811002,0.550795,c5
20050,0.18092462,0.34968853,0.46938682,c1
3039,0.19886999,0.23918378,0.5619462,c5
19356,0.62624526,0.2760799,0.097674884,c1
10197,0.116357565,0.19988027,0.68376213,c234
19615,0.5944316,0.28798187,0.117586546,c1
4745,0.25203055,0.3114925,0.43647698,c1
16849,0.36278182,0.25156528,0.38565287,c1
15878,0.2664437,0.33456847,0.39898777,c234
19728,0.41958532,0.3461658,0.23424889,c1
8610,0.54538053,0.26933828,0.18528123,c1
1067,0.34572262,0.34770393,0.30657342,c234
14942,0.5156058,0.36634794,0.11804628,c1
8971,0.06267212,0.2050934,0.7322345,c5
17856,0.4769089,0.2915184,0.23157273,c1
14711,0.27906647,0.30914804,0.4117855,c234
5348,0.376006,0.30809662,0.31589735,c5
3284,0.27700263,0.2698576,0.45313978,c234
9631,0.18662582,0.47044277,0.34293133,c5
7951,0.3068439,0.37958676,0.3135693,c1
5430,0.2844623,0.29363677,0.42190087,c234
19266,0.47881308,0.3817031,0.13948373,c1
6043,0.28476772,0.3318506,0.38338166,c5
17672,0.64832664,0.105873056,0.24580027,c1
11340,0.98244375,0.01262011,0.004936115,c1
11660,0.3720177,0.29222462,0.3357577,c234
2422,0.3969907,0.34556788,0.25744143,c5
11025,0.20976426,0.5041781,0.28605762,c5
17647,0.1375899,0.23418808,0.628222,c234
16562,0.47281873,0.3976721,0.12950926,c1
12900,0.42680377,0.34970823,0.22348796,c1
10613,0.46489173,0.30605578,0.2290525,c1
9015,0.371356,0.26272675,0.36591718,c234
1584,0.25430036,0.21560822,0.53009146,c234
12932,0.23624282,0.3168393,0.44691792,c1
11905,0.415352,0.41463703,0.170011,c234
3893,0.16601562,0.35295928,0.4810251,c1
3161,0.1260111,0.343101,0.53088796,c5
15880,0.1423354,0.27950665,0.57815796,c234
7081,0.55157924,0.30884835,0.13957241,c234
14891,0.65915364,0.24579616,0.095050156,c234
12530,0.45679733,0.3399386,0.20326407,c234
12228,0.44937178,0.23051558,0.32011262,c234
7699,0.2504653,0.46216795,0.28736672,c234
17479,0.6943007,0.19000255,0.115696706,c1
18234,0.21517348,0.26898786,0.5158386,c5
19326,0.29321304,0.2589443,0.44784266,c5
8600,0.25000486,0.24145092,0.50854415,c1
13444,0.5187612,0.25999066,0.22124809,c5
4329,0.4657495,0.33691388,0.19733652,c5
7786,0.122097775,0.36147028,0.516432,c234
572,0.36255208,0.3205799,0.31686798,c5
5502,0.2557985,0.21286333,0.5313382,c234
8252,0.27185214,0.301513,0.42663482,c234
16037,0.13904196,0.4040979,0.45686013,c5
11801,0.23657332,0.32323796,0.44018874,c234
18683,0.19108824,0.28621218,0.52269965,c5
7312,0.3422265,0.33074084,0.3270326,c5
18586,0.10427224,0.21797584,0.6777519,c234
18214,0.48594645,0.34381008,0.17024346,c1
19729,0.2717981,0.41673505,0.31146684,c234
3653,0.12538123,0.30745295,0.56716585,c234
14474,0.22398746,0.34581643,0.43019614,c234
3162,0.31101185,0.34010634,0.34888175,c5
10285,0.26688126,0.34935087,0.38376787,c1
9970,0.26683894,0.23744325,0.49571773,c234
2382,0.36692917,0.44696435,0.18610644,c234
13069,0.20543136,0.36270285,0.43186584,c1
5668,0.20364393,0.35782033,0.43853575,c234
657,0.3892697,0.30190822,0.3088221,c234
20083,0.42956883,0.35253245,0.21789871,c1
9936,0.09418859,0.20448978,0.70132166,c234
18564,0.13248816,0.34023336,0.5272785,c5
12722,0.39573416,0.35881147,0.24545439,c5
9081,0.47360146,0.22982116,0.29657736,c234
1835,0.63675714,0.23725939,0.12598345,c1
4084,0.038284082,0.2330225,0.7286935,c5
13107,0.68117934,0.19865757,0.12016306,c1
18111,0.24492311,0.35950774,0.39556912,c234
5190,0.2976265,0.42983186,0.27254167,c234
1409,0.48257828,0.30811042,0.20931134,c5
12024,0.51869166,0.1583424,0.32296595,c1
7657,0.40501323,0.3059342,0.28905258,c1
9793,0.3114725,0.39085197,0.2976755,c1
14263,0.38368452,0.35643458,0.25988084,c1
409,0.36484146,0.38076937,0.25438914,c1
13345,0.5371359,0.24923962,0.21362445,c234
15726,0.21316418,0.27662563,0.51021016,c234
669,0.41030464,0.25961933,0.330076,c5
6439,0.23341274,0.3542856,0.41230166,c234
217,0.50607294,0.34801632,0.14591077,c234
4737,0.4500755,0.34238923,0.20753519,c234
9939,0.3613004,0.31845742,0.32024214,c234
18968,0.45957083,0.2565486,0.2838806,c234
8831,0.6510785,0.24270318,0.10621829,c1
10952,0.2199581,0.4225661,0.35747585,c5
9874,0.3045973,0.43174952,0.26365316,c1
7332,0.29856226,0.30566293,0.39577478,c234
20000,0.46812567,0.33312368,0.1987507,c1
8286,0.34897327,0.37712425,0.27390248,c5
2758,0.17462248,0.44303724,0.3823403,c1
8537,0.39487672,0.43049547,0.17462786,c5
1342,0.22150277,0.44651264,0.33198458,c234
2824,0.41670725,0.31524152,0.26805124,c234
14789,0.40763023,0.35077953,0.24159022,c5
14466,0.22682723,0.3419576,0.43121508,c5
976,0.45300642,0.21447386,0.33251977,c1
5689,0.13245992,0.2946142,0.5729259,c5
12499,0.3552118,0.27157307,0.37321514,c5
3504,0.373102,0.37006792,0.25683,c234
8325,0.54554266,0.33277294,0.12168433,c1
19686,0.4927419,0.36373708,0.14352104,c1
17688,0.35023165,0.3891545,0.2606139,c5
13839,0.63149166,0.2755967,0.092911586,c1
8805,0.26850432,0.054294843,0.6772008,c5
19911,0.17302668,0.47278067,0.3541926,c234
15316,0.43502942,0.31177926,0.2531913,c234
10937,0.5280131,0.3394353,0.13255161,c1
3138,0.23539154,0.3087292,0.45587927,c5
1516,0.36966938,0.35605174,0.27427885,c5
19869,0.17739813,0.3799615,0.44264042,c1
14773,0.3629996,0.32037216,0.31662825,c1
11750,0.2956069,0.34737337,0.35701975,c1
14720,0.26275492,0.62110806,0.11613711,c5
9123,0.20818332,0.36034685,0.43146983,c1
6329,0.28083402,0.36997113,0.34919488,c234
2671,0.29981777,0.354517,0.34566522,c234
12940,0.2924758,0.41231403,0.29521015,c234
16705,0.34141904,0.41747838,0.2411026,c234
15755,0.42490694,0.29685265,0.27824035,c234
5409,0.6371077,0.25064522,0.112247095,c234
6672,0.36474624,0.4298972,0.20535657,c234
11834,0.3561602,0.36384165,0.27999818,c1
8136,0.17807433,0.28333116,0.53859454,c1
11393,0.22149035,0.43424812,0.34426156,c234
8428,0.30924785,0.36203945,0.32871273,c234
3543,0.27415967,0.3013483,0.42449203,c1
3700,0.2985807,0.44842446,0.25299478,c5
417,0.20311652,0.29644546,0.500438,c234
14346,0.13104072,0.35093737,0.51802194,c234
30,0.40969515,0.21934971,0.3709552,c1
15234,0.62624526,0.2760799,0.097674884,c1
3941,0.27661768,0.4146382,0.30874416,c5
19313,0.34153455,0.31774816,0.3407173,c5
11356,0.352387,0.3187947,0.32881832,c5
9331,0.3909869,0.3894471,0.21956599,c1
10872,0.36024415,0.30341458,0.3363413,c5
13008,0.2726819,0.32574666,0.40157148,c5
7659,0.4902403,0.2797851,0.22997467,c5
11633,0.26248136,0.45482537,0.2826932,c1
14993,0.24218538,0.30921894,0.44859567,c234
3127,0.29540998,0.39284724,0.31174278,c234
8898,0.30517346,0.40612766,0.28869885,c234
18350,0.035870217,0.14365602,0.82047373,c5
868,0.45938084,0.36576188,0.17485724,c1
19415,0.3836064,0.3096181,0.30677557,c5
13367,0.30695495,0.26276752,0.43027756,c234
11516,0.26380172,0.25385094,0.4823473,c5
16938,0.41431016,0.2682684,0.31742144,c234
8469,0.17445195,0.34878063,0.4767674,c234
14803,0.31591356,0.34223267,0.34185377,c1
839,0.049846068,0.046937756,0.9032161,c5
11231,0.26714754,0.4162329,0.31661958,c234
534,0.34846774,0.42442486,0.22710747,c1
16221,0.26810116,0.4527601,0.27913874,c5
17455,0.6665056,0.1751757,0.15831873,c234
18590,0.3383591,0.3809036,0.28073734,c5
8273,0.36328262,0.29813635,0.33858103,c234
18717,0.5338467,0.33521155,0.13094181,c1
5792,0.29157144,0.36930853,0.33912003,c234
12696,0.31031513,0.34603733,0.34364757,c1
13768,0.47426787,0.30318877,0.22254342,c5
3834,0.5446299,0.34364328,0.111726865,c1
6060,0.40774575,0.40932307,0.18293123,c1
4993,0.31065318,0.40562287,0.28372392,c5
13888,0.09738601,0.33977884,0.5628351,c5
16254,0.33344704,0.3822747,0.28427833,c1
6913,0.33186638,0.38837424,0.27975935,c234
2724,0.74035126,0.16239008,0.09725859,c1
3613,0.41978174,0.29736626,0.28285196,c5
15785,0.3113486,0.32214013,0.36651126,c1
1519,0.44581053,0.39170423,0.1624852,c5
300,0.38767788,0.26832846,0.34399357,c1
14917,0.15090846,0.28529552,0.563796,c5
7536,0.5895444,0.30154762,0.10890798,c1
10201,0.14387788,0.30943218,0.5466899,c234
14700,0.356554,0.41389427,0.22955172,c234
20088,0.5579911,0.21142061,0.2305883,c1
8155,0.49437872,0.30872265,0.19689868,c234
4371,0.21099038,0.36412364,0.42488593,c1
11372,0.32405788,0.16348821,0.5124539,c5
19809,0.3640895,0.39724785,0.23866269,c234
824,0.46333674,0.25879517,0.27786806,c1
11428,0.36729172,0.2802737,0.35243458,c234
3339,0.6507905,0.28691554,0.06229395,c234
10741,0.23346747,0.3810035,0.38552907,c1
2601,0.21833219,0.3100933,0.47157452,c234
2174,0.44613194,0.3081612,0.24570686,c1
14607,0.27174836,0.41312194,0.31512967,c234
20058,0.21304922,0.3487555,0.43819532,c234
18816,0.27033117,0.4016344,0.3280345,c5
10928,0.41594607,0.35075,0.23330396,c234
19989,0.33749136,0.26904854,0.39346007,c5
1844,0.33027723,0.295835,0.3738878,c1
8472,0.2526065,0.2961996,0.45119387,c5
18476,0.26592955,0.30857566,0.42549482,c5
8743,0.16346404,0.3853704,0.45116556,c1
5011,0.2771489,0.37411383,0.3487373,c5
18184,0.35894817,0.36274922,0.2783026,c1
19549,0.44937178,0.23051558,0.32011262,c234
15174,0.046961293,0.4185237,0.534515,c5
386,0.36806217,0.2419649,0.3899729,c5
9806,0.42968038,0.2764314,0.2938882,c5
12440,0.19231974,0.5222902,0.28539002,c5
3132,0.18798706,0.58279175,0.22922121,c5
10796,0.28631037,0.4226992,0.29099038,c5
7325,0.42382488,0.41101733,0.16515782,c234
14941,0.16141263,0.3277424,0.510845,c5
17466,0.15783976,0.37950715,0.46265313,c234
12785,0.71849275,0.18337369,0.098133646,c1
10425,0.43439382,0.35646293,0.20914324,c234
10451,0.45467317,0.221952,0.32337484,c5
2362,0.3593362,0.27838597,0.3622778,c1
13284,0.2580368,0.27936906,0.46259412,c5
18746,0.23733251,0.44696897,0.31569853,c5
6192,0.29089066,0.33731785,0.37179148,c234
12546,0.29348585,0.35709488,0.34941924,c5
16280,0.3140593,0.35351452,0.33242622,c1
15476,0.24725495,0.38902095,0.3637241,c5
10126,0.17058909,0.3690648,0.46034616,c5
14083,0.2567568,0.43212405,0.3111191,c5
15873,0.20667526,0.5306625,0.26266223,c234
12262,0.64196867,0.24698223,0.1110491,c1
16945,0.53029066,0.30996236,0.15974696,c234
5469,0.42229933,0.40814504,0.16955559,c1
4789,0.38697162,0.27598536,0.33704308,c1
10970,0.36685136,0.35147113,0.28167748,c1
5538,0.2852591,0.3939523,0.32078853,c5
13058,0.17240717,0.27393392,0.5536589,c1
13997,0.49133202,0.32682475,0.18184318,c234
18901,0.41520232,0.22655247,0.3582452,c1
5128,0.32134277,0.3107137,0.36794356,c234
3462,0.24495628,0.32631263,0.4287311,c234
2634,0.13038763,0.36709195,0.5025204,c5
2642,0.3044288,0.2758592,0.41971198,c1
5000,0.19573659,0.26347044,0.54079294,c1
14863,0.21493001,0.30396837,0.48110157,c5
6660,0.44577324,0.33249846,0.22172828,c5
11198,0.16225083,0.2933983,0.5443509,c5
593,0.15848833,0.34430867,0.49720293,c234
3403,0.49865443,0.21624869,0.2850969,c234
4467,0.10857783,0.3584,0.5330222,c1
18008,0.38123614,0.40065706,0.21810682,c234
14213,0.68986976,0.17715628,0.13297397,c1
15074,0.17476423,0.37012812,0.45510766,c234
18100,0.30343065,0.3150316,0.38153774,c5
11919,0.28567123,0.3493089,0.3650199,c5
15519,0.17233217,0.2249996,0.6026682,c234
18374,0.5098324,0.35902157,0.13114604,c234
4081,0.3750481,0.35612476,0.2688272,c234
4451,0.43516335,0.32669064,0.238146,c234
8516,0.4496344,0.38495207,0.16541345,c1
10119,0.47813958,0.3167305,0.20512994,c234
14853,0.20753558,0.39009807,0.40236637,c5
17315,0.18298365,0.3748753,0.44214106,c5
19588,0.09239157,0.30586678,0.6017416,c5
11821,0.30215952,0.4268854,0.2709551,c234
11427,0.17648087,0.21843383,0.60508525,c5
19264,0.49393553,0.31331235,0.1927521,c1
8927,0.4699855,0.37517068,0.15484379,c1
12618,0.11865961,0.16398591,0.7173545,c5
61,0.21962938,0.2613879,0.51898277,c5
14508,0.16134307,0.3261652,0.51249176,c234
12239,0.29519418,0.43429443,0.2705114,c5
8287,0.5131219,0.3522465,0.13463157,c234
10598,0.2544006,0.4375642,0.3080352,c234
775,0.3039639,0.3174554,0.37858063,c234
1609,0.4025098,0.23321421,0.364276,c5
344,0.09396514,0.20653416,0.69950074,c5
7955,0.15488194,0.2849273,0.56019074,c234
17492,0.4627378,0.3742479,0.16301435,c1
11732,0.21067607,0.31796318,0.47136068,c5
3569,0.2944672,0.43089798,0.27463487,c5
50,0.1459204,0.27187166,0.582208,c234
18659,0.42223144,0.4337493,0.14401925,c1
12095,0.20578973,0.47059658,0.32361364,c234
16102,0.32394582,0.30886483,0.3671893,c1
6101,0.4915688,0.30345112,0.20498,c234
4730,0.33061364,0.29348534,0.37590104,c1
8806,0.41760132,0.36055708,0.22184159,c234
1422,0.28743267,0.32668668,0.3858807,c1
16784,0.32484767,0.36560372,0.30954865,c234
4389,0.6056988,0.3181564,0.076144785,c1
17217,0.24295768,0.40392354,0.35311875,c5
14221,0.3143038,0.39332145,0.2923748,c1
15001,0.51435643,0.3410629,0.14458065,c1
14552,0.4597017,0.356565,0.18373328,c5
14731,0.22161698,0.4439971,0.3343859,c5
14024,0.12394726,0.23459202,0.6414608,c1
3501,0.4249505,0.27980217,0.29524723,c234
4422,0.20624332,0.36726192,0.4264948,c1
17046,0.31021708,0.43198624,0.25779665,c1
8332,0.24603507,0.39292383,0.36104104,c1
4626,0.3249323,0.42106476,0.25400293,c234
11260,0.362869,0.367348,0.269783,c5
1071,0.41005474,0.3588684,0.23107682,c5
11430,0.50672466,0.30863288,0.18464248,c5
10753,0.2651897,0.39431667,0.34049362,c1
18244,0.2704178,0.40990496,0.3196772,c234
7186,0.12004811,0.30620497,0.5737469,c5
16306,0.1342845,0.3618615,0.503854,c5
12090,0.2703602,0.28258,0.44705987,c5
1559,0.36088482,0.3678432,0.27127197,c5
11599,0.4323292,0.33467448,0.23299626,c1
1172,0.3561602,0.36384165,0.27999818,c5
14438,0.2327439,0.3924592,0.3747969,c5
16749,0.41084734,0.38027814,0.20887448,c5
5419,0.23242165,0.3329153,0.43466303,c234
4349,0.16427287,0.48863328,0.34709385,c1
6624,0.46496874,0.39834067,0.13669056,c5
13981,0.27069262,0.27675265,0.4525548,c234
2881,0.16427727,0.23962753,0.5960952,c234
9957,0.32885033,0.4577313,0.21341841,c234
18257,0.47086418,0.3625479,0.16658787,c234
6694,0.47142485,0.29542542,0.23314972,c5
18706,0.09508267,0.20832612,0.6965912,c5
547,0.22554746,0.35740206,0.41705054,c1
13443,0.09253231,0.27844247,0.6290252,c234
14918,0.35851,0.37789053,0.26359951,c234
3589,0.17969337,0.47740993,0.3428967,c5
9710,0.35215932,0.3693548,0.2784858,c234
9021,0.1347255,0.3889264,0.4763481,c1
3582,0.26319578,0.27754965,0.45925456,c5
13805,0.28038907,0.428396,0.2912149,c234
16531,0.44937178,0.23051558,0.32011262,c1
3332,0.3262465,0.23226364,0.44148993,c5
5021,0.25496995,0.1704643,0.5745657,c5
7050,0.13613361,0.39254948,0.47131693,c234
9462,0.3794368,0.39023644,0.23032673,c1
19758,0.65915364,0.24579616,0.095050156,c1
9494,0.27272946,0.33861196,0.38865858,c1
11923,0.3310455,0.3079582,0.36099634,c5
17788,0.2092506,0.3445172,0.44623217,c234
7442,0.24821989,0.30429512,0.44748497,c5
5885,0.34643477,0.3363543,0.3172109,c5
14057,0.43008393,0.23940864,0.33050743,c234
5515,0.36439922,0.42446336,0.21113741,c5
3804,0.40885723,0.3674193,0.22372344,c5
2456,0.30690104,0.42588425,0.26721475,c5
15719,0.2804553,0.45389932,0.26564533,c234
17561,0.45467317,0.221952,0.32337484,c5
9150,0.48995885,0.3633959,0.14664525,c234
2967,0.4851276,0.33744127,0.1774311,c234
8656,0.62624526,0.2760799,0.097674884,c234
19115,0.43820626,0.35057712,0.21121663,c234
7238,0.62624526,0.2760799,0.097674884,c1
8941,0.27232036,0.33861002,0.38906962,c5
19755,0.34390017,0.27407357,0.38202626,c234
11286,0.105628945,0.3584827,0.5358884,c5
15282,0.21757802,0.28354105,0.49888086,c5
16122,0.37990868,0.4354337,0.18465765,c234
17549,0.25294912,0.3450756,0.4019753,c234
550,0.30857995,0.3977869,0.29363313,c5
1080,0.3642833,0.32368433,0.31203243,c5
7762,0.17672695,0.18628505,0.63698804,c234
3911,0.23603156,0.36665478,0.39731362,c5
2132,0.41168258,0.2921739,0.29614353,c234
14238,0.45381007,0.35081762,0.19537228,c1
6434,0.41717207,0.35653973,0.22628821,c234
2465,0.26581684,0.42450005,0.30968317,c234
6393,0.33308014,0.37289235,0.29402748,c5
9996,0.4381525,0.25613624,0.3057112,c1
18530,0.058218624,0.16334696,0.77843434,c5
7566,0.23020454,0.2542162,0.5155793,c5
2141,0.69195133,0.2241951,0.08385349,c1
18573,0.23157436,0.39034683,0.37807882,c1
19396,0.24070013,0.3349493,0.4243506,c5
3110,0.44571772,0.325283,0.2289993,c234
11485,0.36889392,0.31282747,0.31827852,c234
3024,0.4213835,0.40085757,0.17775889,c1
13648,0.4029984,0.38297054,0.21403113,c234
8853,0.089463204,0.30534235,0.6051944,c5
7823,0.27662355,0.2928138,0.43056265,c5
17872,0.3005108,0.4317928,0.26769635,c234
13119,0.18400888,0.52663875,0.28935245,c5
15909,0.21159163,0.28096202,0.50744635,c234
17855,0.21369474,0.42013058,0.36617464,c234
15700,0.24685179,0.42299923,0.330149,c234
1040,0.13588199,0.5339337,0.33018428,c5
18381,0.40629977,0.32859087,0.26510942,c1
18340,0.33566096,0.41789022,0.24644879,c5
12060,0.584418,0.25545707,0.16012496,c1
17382,0.3395816,0.34803125,0.31238714,c1
9712,0.39621648,0.28825,0.3155335,c1
3704,0.33966562,0.3925141,0.26782024,c234
4909,0.28862828,0.2919183,0.41945347,c5
19044,0.56332266,0.32115296,0.115524314,c1
4941,0.3678301,0.3240133,0.30815667,c234
19473,0.45033607,0.2915176,0.25814632,c1
649,0.22785297,0.16918492,0.6029621,c234
7891,0.34507203,0.38716787,0.2677601,c5
17782,0.48986036,0.25800744,0.25213218,c1
1168,0.044071272,0.23206179,0.723867,c234
10134,0.48489657,0.36271298,0.15239039,c1
9633,0.46239376,0.32678774,0.21081854,c1
17128,0.5067124,0.26940867,0.22387895,c234
13230,0.42382997,0.2756424,0.30052763,c1
8869,0.14421074,0.2514779,0.60431135,c234
366,0.49833366,0.2870538,0.21461247,c1
4065,0.32731798,0.3083443,0.36433765,c1
15574,0.46889266,0.32314646,0.20796086,c1
2795,0.5519438,0.20389251,0.24416366,c234
6495,0.40952104,0.3600119,0.23046702,c1
6708,0.16303809,0.43108663,0.4058753,c1
904,0.5156058,0.36634794,0.11804628,c1
5112,0.32075253,0.161875,0.5173724,c234
17924,0.18959023,0.38768026,0.42272952,c234
19321,0.2471754,0.26020563,0.492619,c5
18247,0.1566234,0.1204232,0.72295344,c234
5758,0.37896454,0.42499024,0.19604519,c234
10856,0.33022484,0.3589545,0.31082064,c1
6779,0.124833606,0.23976924,0.63539714,c234
7990,0.4517508,0.23429647,0.31395274,c1
2312,0.05566801,0.23326235,0.71106964,c234
12608,0.2694643,0.30295995,0.4275757,c1
5556,0.26565358,0.41215092,0.32219553,c1
9873,0.208069,0.24184528,0.5500858,c5
6092,0.3063621,0.4235994,0.2700386,c5
5322,0.39653793,0.40181366,0.20164846,c1
12860,0.35572883,0.31342223,0.33084896,c234
18781,0.53863966,0.22540642,0.23595388,c234
12259,0.4479294,0.39254293,0.15952761,c1
11273,0.31363812,0.3610884,0.3252735,c234
3060,0.11572512,0.29918474,0.5850901,c5
6243,0.45679733,0.3399386,0.20326407,c1
13021,0.5944316,0.28798187,0.117586546,c234
18948,0.37878475,0.33609647,0.2851188,c234
16544,0.46425357,0.39623818,0.13950826,c234
7102,0.11976787,0.31539717,0.5648349,c1
12330,0.5072483,0.39656058,0.096191145,c5
11296,0.62624526,0.2760799,0.097674884,c1
15028,0.6285177,0.27452713,0.09695518,c1
9801,0.27725416,0.36593714,0.3568087,c1
6074,0.17707522,0.36902204,0.45390278,c5
13397,0.18234426,0.25188193,0.5657738,c1
2000,0.65915364,0.24579616,0.095050156,c1
4906,0.36484146,0.38076937,0.25438914,c234
16877,0.7451958,0.17776094,0.07704331,c1
4566,0.29171994,0.35448113,0.35379896,c5
12375,0.13307713,0.3952203,0.4717026,c5
2735,0.23081645,0.29574752,0.47343606,c5
12746,0.2635591,0.4541994,0.2822415,c234
5937,0.13457817,0.3957211,0.46970078,c5
17333,0.034197286,0.06518583,0.9006168,c5
10032,0.57563305,0.31433082,0.11003612,c1
554,0.26782787,0.39990312,0.33226904,c5
16443,0.3920708,0.35543567,0.2524935,c234
14480,0.23910628,0.33115077,0.429743,c5
10468,0.45907995,0.36648157,0.1744385,c1
17005,0.12504259,0.22889568,0.6460617,c5
8221,0.17542642,0.43284398,0.39172953,c5
18132,0.121037625,0.36993802,0.5090244,c5
6418,0.46268088,0.3221026,0.21521644,c234
17018,0.4859397,0.28601468,0.22804569,c1
10320,0.59605163,0.2589918,0.14495659,c1
11646,0.43229195,0.3062446,0.2614635,c5
9972,0.22185102,0.4038077,0.3743413,c234
10771,0.25074553,0.31041726,0.43883717,c234
8818,0.21670267,0.4037607,0.3795367,c234
4290,0.54059106,0.3358108,0.123598084,c1
10664,0.24835083,0.21699241,0.53465676,c5
5726,0.22868492,0.5271245,0.24419059,c234
14538,0.27675664,0.3305663,0.39267707,c234
12809,0.09960478,0.16813819,0.732257,c1
19773,0.2566117,0.41197294,0.33141539,c1
8211,0.1958767,0.24770789,0.5564154,c234
7247,0.2367637,0.41749194,0.34574434,c234
1444,0.4790787,0.34393328,0.17698805,c234
491,0.35303408,0.381571,0.26539487,c234
11754,0.20342146,0.33130878,0.4652698,c5
8187,0.39732093,0.32883477,0.27384424,c5
17605,0.36185116,0.32065427,0.31749457,c234
2140,0.22819087,0.48786238,0.28394675,c234
14401,0.2245342,0.30295905,0.47250676,c5
9771,0.5227068,0.32451138,0.1527818,c1
3229,0.43900153,0.36010852,0.20088992,c234
4179,0.26810116,0.4527601,0.27913874,c5
8108,0.26842347,0.42764118,0.30393538,c1
6460,0.31887546,0.40576434,0.2753602,c5
9141,0.41102442,0.42148066,0.1674949,c1
4311,0.4926471,0.2727163,0.23463656,c234
17834,0.25380155,0.1625294,0.58366907,c1
5917,0.5405501,0.3052256,0.1542242,c234
2209,0.27537116,0.25853732,0.4660915,c1
19105,0.37467462,0.32934034,0.29598504,c234
14125,0.24623512,0.3801096,0.37365526,c1
13381,0.19620855,0.5185473,0.28524414,c234
8056,0.3561602,0.36384165,0.27999818,c5
9490,0.24032062,0.43808323,0.32159612,c234
3770,0.3437194,0.35697633,0.29930428,c5
15472,0.27379075,0.3129031,0.41330612,c5
17579,0.27653363,0.42039916,0.30306718,c5
1564,0.24656847,0.2836939,0.46973765,c5
1456,0.37749806,0.30920592,0.31329605,c1
8237,0.08434286,0.3620813,0.5535758,c5
3477,0.15512994,0.43969765,0.40517247,c234
14006,0.23753092,0.43803284,0.3244363,c5
6287,0.28513756,0.3509002,0.3639623,c5
9942,0.51929116,0.21941859,0.2612903,c1
2196,0.30542144,0.38581485,0.30876368,c1
3960,0.23727402,0.28425393,0.47847202,c234
8278,0.15445499,0.40225875,0.44328624,c1
10857,0.9155393,0.07352923,0.010931445,c234
1128,0.23324645,0.33260188,0.4341517,c234
4295,0.25411767,0.4236664,0.32221597,c5
3106,0.3130004,0.34730667,0.33969295,c5
9641,0.22198406,0.5466716,0.23134437,c5
2607,0.20506687,0.2387144,0.55621874,c5
15555,0.22653341,0.36905646,0.40441003,c5
17888,0.24567202,0.2579311,0.49639684,c234
19529,0.12459066,0.38223585,0.49317345,c234
10631,0.36852288,0.47620153,0.1552756,c1
16757,0.62624526,0.2760799,0.097674884,c1
18444,0.2770485,0.4685276,0.25442398,c234
7880,0.38958,0.32467908,0.2857409,c5
9481,0.52655506,0.2537709,0.21967398,c1
1624,0.23927616,0.24028948,0.5204343,c1
18561,0.039085206,0.31617647,0.6447383,c5
12261,0.18725044,0.2889159,0.5238337,c234
11891,0.3598071,0.28552562,0.35466728,c234
12488,0.5577595,0.2952722,0.14696833,c1
7202,0.28288043,0.40744317,0.3096764,c234
4214,0.4451119,0.19926812,0.35562003,c5
18721,0.6384984,0.23334692,0.12815464,c1
2569,0.49559316,0.31069273,0.19371414,c234
1192,0.36884415,0.4164069,0.21474895,c1
6214,0.48326114,0.3411519,0.17558698,c234
18509,0.36484146,0.38076937,0.25438914,c234
15877,0.6239386,0.10820067,0.2678607,c1
1936,0.3717196,0.30620557,0.32207486,c1
9985,0.18165895,0.49789932,0.32044175,c5
6717,0.3271056,0.28640917,0.38648525,c234
10306,0.27186894,0.39170453,0.33642656,c1
473,0.3951583,0.35986125,0.24498044,c234
6805,0.42410797,0.27215728,0.3037347,c1
12161,0.20908397,0.29300794,0.4979081,c5
13433,0.18793567,0.5487329,0.2633315,c1
11914,0.18400595,0.31792223,0.49807185,c1
5318,0.70058006,0.21683642,0.082583554,c234
13745,0.6293162,0.25915512,0.111528695,c1
19441,0.5046967,0.3292035,0.16609974,c5
9796,0.21631373,0.30153775,0.48214847,c234
14300,0.4810883,0.2918684,0.22704332,c234
11163,0.24866943,0.42269853,0.32863206,c5
14688,0.29174596,0.31090444,0.3973496,c1
4830,0.50799316,0.26794463,0.22406217,c1
14365,0.28828335,0.39713135,0.31458533,c5
15615,0.51929116,0.21941859,0.2612903,c5
16992,0.44937178,0.23051558,0.32011262,c234
6607,0.525602,0.34884447,0.12555355,c234
6149,0.4624906,0.34156132,0.19594814,c1
12510,0.37225768,0.3026808,0.3250615,c5
18774,0.30197456,0.3575025,0.34052294,c1
19232,0.10922661,0.38437918,0.50639427,c234
16628,0.4102264,0.33344814,0.25632548,c1
2208,0.25792652,0.33002827,0.41204518,c5
10921,0.3228526,0.35312286,0.32402453,c234
12423,0.49786747,0.25635618,0.24577636,c1
16649,0.4387442,0.3306929,0.2305629,c234
3780,0.35128057,0.35106468,0.2976547,c5
12457,0.39026573,0.3674391,0.24229519,c234
13655,0.1480884,0.38376153,0.46815002,c234
11631,0.16445482,0.38255674,0.45298848,c5
3288,0.5927281,0.24396431,0.16330759,c1
1486,0.14115737,0.41512984,0.44371277,c5
16534,0.25939038,0.44855547,0.29205415,c1
12624,0.051482774,0.12741604,0.8211012,c5
18665,0.15056856,0.28505594,0.5643755,c234
19675,0.31220612,0.38462535,0.3031685,c234
354,0.3321187,0.3176525,0.35022876,c1
3340,0.31607324,0.38942546,0.29450136,c234
18392,0.36090434,0.3985326,0.24056311,c234
10267,0.52043974,0.2926208,0.18693948,c234
11644,0.3182712,0.2882827,0.39344612,c1
845,0.47027567,0.4008852,0.12883915,c1
16163,0.1193153,0.36727968,0.513405,c234
11937,0.3370612,0.41458765,0.24835119,c5
10808,0.34094772,0.46565664,0.19339564,c1
19915,0.32885033,0.4577313,0.21341841,c1
1060,0.28791073,0.38124287,0.33084643,c234
3072,0.3417867,0.2961937,0.36201966,c5
10303,0.44280365,0.229079,0.3281173,c5
8717,0.2947821,0.41608593,0.289132,c1
13164,0.3909869,0.3894471,0.21956599,c5
9117,0.44522998,0.39687517,0.15789488,c1
18599,0.6244622,0.27746764,0.09807019,c234
12716,0.21352212,0.2772908,0.50918704,c1
16206,0.3050291,0.21403307,0.48093778,c1
7866,0.38926855,0.35051095,0.26022044,c1
10456,0.25477123,0.27540293,0.4698258,c1
929,0.7574126,0.14095719,0.10163018,c1
847,0.37290803,0.40656218,0.22052982,c1
7543,0.45797694,0.3395562,0.2024668,c234
15088,0.27192605,0.4205819,0.30749208,c5
12758,0.40094844,0.35157314,0.24747841,c234
8461,0.39994255,0.27192134,0.32813615,c5
13184,0.01758636,0.30177543,0.68063825,c5
10453,0.30085868,0.3069823,0.39215907,c1
2705,0.27331328,0.4011381,0.3255486,c1
18035,0.39065003,0.38174963,0.22760028,c1
3744,0.19034225,0.5053167,0.30434108,c5
13588,0.2856894,0.37918863,0.335122,c234
6392,0.19911578,0.354753,0.44613123,c5
16822,0.36330748,0.32506534,0.31162724,c5
15863,0.21712567,0.52149683,0.26137748,c1
7157,0.265459,0.31921113,0.4153299,c5
693,0.2578165,0.43290275,0.30928078,c234
6153,0.48823127,0.24475807,0.2670107,c1
19783,0.5358919,0.31009907,0.15400909,c5
10462,0.3105628,0.38811854,0.3013187,c234
14388,0.22477618,0.42103958,0.35418427,c234
17309,0.33181417,0.31709436,0.35109147,c1
1244,0.29957506,0.39033815,0.3100868,c5
13772,0.19070344,0.37331802,0.4359786,c234
5121,0.5339263,0.20806088,0.25801286,c5
11106,0.24075542,0.426421,0.3328236,c1
2968,0.427577,0.34930998,0.22311305,c234
8002,0.27925137,0.3242854,0.39646325,c5
1003,0.3651907,0.39001873,0.24479055,c234
15182,0.30713043,0.22801667,0.4648529,c234
8131,0.461134,0.27906594,0.25980014,c5
15048,0.52758306,0.35839015,0.11402679,c234
18675,0.253027,0.41601518,0.33095786,c234
17106,0.45467317,0.221952,0.32337484,c1
6288,0.28518572,0.40260127,0.31221306,c234
11332,0.4222844,0.33331528,0.24440032,c234
3502,0.48157507,0.31310606,0.20531887,c5
13901,0.28447214,0.5024549,0.21307294,c234
9927,0.40983802,0.36599958,0.22416243,c1
15002,0.34109163,0.4915662,0.16734211,c234
7608,0.13278921,0.52749866,0.3397121,c1
12225,0.42026323,0.40563762,0.17409918,c5
4057,0.31759515,0.33974215,0.3426627,c5
12269,0.08336469,0.3884527,0.5281826,c234
15617,0.45877233,0.3362233,0.2050044,c1
9354,0.379134,0.42450252,0.19636345,c234
10494,0.35237497,0.33496377,0.3126613,c1
9818,0.40199745,0.41499144,0.18301113,c1
9555,0.42176783,0.3271868,0.25104535,c1
3617,0.14528878,0.2284426,0.6262686,c1
4410,0.34024522,0.38763618,0.2721186,c1
10349,0.49069685,0.2501503,0.25915277,c1
16369,0.16315661,0.44120428,0.39563906,c5
6321,0.3386597,0.2965367,0.36480358,c5
16208,0.20764841,0.20160276,0.59074885,c5
1537,0.7962865,0.10853912,0.09517431,c1
11863,0.60652244,0.31058425,0.082893245,c1
10635,0.54448134,0.2794634,0.17605527,c234
14866,0.4136326,0.38422343,0.20214397,c234
15613,0.21553259,0.25977823,0.5246892,c1
8995,0.5961998,0.19759916,0.20620102,c1
7801,0.35474792,0.3526972,0.29255494,c1
3021,0.20204893,0.260821,0.53713006,c1
14067,0.5392536,0.21831687,0.24242955,c1
15939,0.30398545,0.39728558,0.298729,c1
10655,0.45986676,0.30937842,0.23075487,c1
853,0.23697698,0.39354464,0.36947837,c5
36,0.44280365,0.229079,0.3281173,c5
20,0.09922852,0.2513829,0.6493886,c1
16289,0.29030085,0.13931428,0.5703848,c234
1141,0.20455457,0.33703002,0.45841533,c1
10452,0.5088025,0.33256713,0.15863045,c234
5753,0.26863492,0.45864812,0.272717,c5
16466,0.08202609,0.34598827,0.57198566,c5
708,0.2117584,0.4856451,0.30259642,c5
5687,0.4838825,0.24822041,0.26789704,c234
6223,0.5018576,0.2291574,0.26898497,c234
17879,0.20746928,0.4081397,0.38439104,c5
6780,0.12213532,0.32107347,0.5567912,c5
16442,0.2004125,0.37402016,0.42556733,c5
18889,0.18587917,0.34532756,0.4687933,c5
10667,0.1934799,0.31321853,0.49330163,c5
8976,0.18037668,0.29956704,0.52005625,c5
174,0.28726315,0.4227252,0.29001164,c1
12245,0.46315628,0.3632135,0.17363015,c5
158,0.62624526,0.2760799,0.097674884,c1
12775,0.22839814,0.23126483,0.540337,c1
6869,0.2806278,0.23951003,0.47986218,c5
8335,0.38276088,0.4356095,0.18162961,c5
6550,0.33175728,0.3589977,0.30924502,c234
17084,0.45599112,0.2588829,0.2851259,c1
4252,0.35352448,0.31843358,0.3280419,c5
8011,0.19271111,0.35656378,0.45072505,c1
3611,0.48675776,0.37391394,0.13932832,c234
12221,0.37340006,0.26665094,0.359949,c5
15320,0.36532363,0.34373,0.29094633,c5
16401,0.22323234,0.29165277,0.4851149,c5
3779,0.42839122,0.418425,0.15318377,c234
16152,0.35187507,0.39602846,0.2520965,c1
1569,0.32748818,0.2839675,0.3885443,c5
855,0.4440799,0.39517793,0.16074218,c234
12166,0.27968505,0.39280173,0.32751322,c1
177,0.28713453,0.44463724,0.26822826,c5
18434,0.32481,0.49795532,0.1772347,c234
181,0.47673342,0.32476172,0.19850487,c1
10328,0.3839388,0.32366517,0.29239604,c234
4846,0.2883997,0.41327083,0.29832944,c234
8079,0.44985425,0.36462176,0.185524,c1
6413,0.17696835,0.32088932,0.5021423,c5
13296,0.3156404,0.36221856,0.32214108,c5
12441,0.46463004,0.32512087,0.21024913,c234
16101,0.18861687,0.2903243,0.5210588,c5
6720,0.51929116,0.21941859,0.2612903,c5
10824,0.26896667,0.39215177,0.33888158,c1
2541,0.07984487,0.63766295,0.2824922,c234
18527,0.2094509,0.34515074,0.44539827,c5
13324,0.37048525,0.2557624,0.37375236,c5
5901,0.2098684,0.5246945,0.26543713,c1
8986,0.3207556,0.35862827,0.3206161,c1
19872,0.27459618,0.363417,0.36198682,c5
1319,0.5086055,0.25420198,0.2371926,c1
15728,0.13990232,0.31403306,0.5460647,c5
3223,0.54087275,0.27597538,0.18315183,c234
13423,0.0850172,0.34494594,0.5700369,c5
4943,0.20112275,0.35781318,0.44106412,c234
9364,0.4979688,0.29838482,0.2036464,c1
10400,0.6391378,0.19644149,0.16442077,c1
17508,0.12732963,0.2696165,0.60305387,c234
8975,0.43610495,0.34353408,0.22036096,c234
16818,0.40495965,0.25629908,0.33874124,c5
17085,0.111443885,0.24521336,0.64334273,c5
8216,0.62530446,0.28317255,0.09152303,c1
6534,0.35130158,0.42221397,0.22648442,c234
6867,0.4699855,0.37517068,0.15484379,c5
13082,0.36382675,0.3304882,0.30568504,c5
8671,0.53493404,0.3337764,0.13128956,c234
10610,0.18890585,0.22189905,0.58919513,c5
16123,0.21223098,0.4375857,0.35018334,c234
3995,0.4070305,0.35766977,0.23529978,c234
19285,0.2602279,0.2301456,0.50962657,c5
10470,0.3268722,0.36138412,0.3117437,c5
13001,0.35286248,0.34032995,0.3068076,c234
5683,0.1859666,0.4019944,0.41203895,c5
780,0.35672572,0.30663684,0.33663744,c5
5863,0.38594896,0.50350904,0.11054194,c234
17223,0.39304608,0.31807414,0.28887984,c5
3575,0.5392536,0.21831687,0.24242955,c1
18982,0.69823736,0.23450151,0.067261145,c234
15607,0.16636668,0.40885317,0.42478016,c234
14462,0.53415465,0.27647895,0.18936637,c234
4631,0.37135357,0.462422,0.16622445,c234
15136,0.62681943,0.19611435,0.17706622,c5
15161,0.21662341,0.34797668,0.43539992,c5
2180,0.42671037,0.22816038,0.34512925,c234
19470,0.3881914,0.39037547,0.2214331,c234
7310,0.23598868,0.3094307,0.45458066,c5
3107,0.22435138,0.35604277,0.41960588,c5
7326,0.21800658,0.44477963,0.33721378,c234
9209,0.17296822,0.22454892,0.6024828,c5
7757,0.50323504,0.35037723,0.14638773,c1
9247,0.44760108,0.3842238,0.16817515,c1
1696,0.23639947,0.4257148,0.33788574,c5
3668,0.39626285,0.32853222,0.2752049,c5
290,0.39848283,0.36453503,0.23698218,c1
2390,0.36665136,0.4166174,0.21673124,c234
13775,0.5429977,0.30848092,0.14852138,c1
18552,0.3749794,0.3124902,0.31253037,c5
5825,0.440574,0.3259614,0.23346455,c1
1799,0.21215032,0.39768347,0.39016625,c5
1110,0.20307174,0.4335968,0.3633314,c1
9911,0.44280365,0.229079,0.3281173,c234
13379,0.06156577,0.45324555,0.48518866,c1
15497,0.5299285,0.356849,0.11322253,c1
4025,0.21783283,0.3855374,0.3966298,c5
7101,0.6375985,0.19684651,0.16555506,c234
11929,0.24050583,0.40150973,0.35798442,c5
19952,0.41070887,0.35967508,0.22961609,c5
2298,0.3598277,0.30223235,0.33793995,c234
18046,0.35359097,0.31716815,0.32924086,c234
14150,0.42825013,0.37509528,0.19665462,c234
5990,0.42839625,0.33471218,0.23689161,c5
11907,0.33262777,0.5062254,0.16114683,c1
11167,0.62624526,0.2760799,0.097674884,c1
26,0.40895894,0.43703818,0.15400288,c5
12901,0.35483107,0.5028445,0.1423244,c5
10908,0.22395018,0.42943868,0.34661117,c5
10645,0.20962662,0.15001796,0.6403554,c5
6453,0.4178492,0.2416519,0.34049886,c234
11878,0.50617826,0.35186762,0.14195406,c1
11126,0.34386146,0.42151082,0.23462772,c234
7321,0.26750812,0.38524944,0.34724244,c1
12028,0.15677468,0.35101438,0.49221092,c234
3706,0.30576548,0.38897946,0.30525503,c5
13682,0.15301658,0.51580876,0.33117464,c1
12473,0.4666765,0.43633795,0.09698551,c1
10008,0.36787793,0.38755822,0.24456386,c234
1747,0.24060927,0.4390398,0.32035094,c234
11265,0.39571863,0.36962405,0.23465732,c1
7545,0.17005754,0.3413007,0.4886417,c234
9171,0.4071264,0.38849103,0.20438255,c5
16159,0.62624526,0.2760799,0.097674884,c5
18786,0.4169369,0.3665359,0.21652713,c1
10634,0.3175546,0.3318371,0.3506083,c1
18693,0.2652261,0.3585403,0.37623352,c234
19834,0.19209892,0.33240554,0.47549552,c234
14243,0.4759737,0.21669127,0.3073351,c1
9570,0.3628269,0.29580975,0.34136337,c5
19157,0.36432496,0.4451489,0.19052619,c1
11690,0.5866862,0.27907482,0.13423893,c234
15207,0.4688651,0.3509177,0.18021716,c234
8644,0.1890193,0.2028545,0.60812616,c1
19579,0.3299355,0.24964067,0.42042387,c1
9669,0.42927924,0.36751765,0.20320314,c1
9143,0.72998583,0.15991016,0.110104054,c234
6638,0.32914913,0.3501233,0.32072753,c5
7451,0.13500552,0.350712,0.51428246,c5
8152,0.40461716,0.31938487,0.27599797,c1
19210,0.34380153,0.43010107,0.2260974,c5
11836,0.302762,0.28429434,0.41294366,c5
3873,0.45467317,0.221952,0.32337484,c1
16107,0.093500994,0.54123336,0.3652657,c234
7640,0.32163483,0.41847566,0.2598895,c5
1419,0.43132496,0.36477828,0.20389675,c1
16862,0.32110235,0.47107184,0.20782581,c5
2426,0.35381746,0.5039941,0.14218843,c5
2371,0.23229729,0.44222963,0.32547307,c234
363,0.29637596,0.42558604,0.27803802,c234
19982,0.4014463,0.30713502,0.29141864,c1
10491,0.53296894,0.35694346,0.11008766,c1
16393,0.29508695,0.28252313,0.42239,c234
16896,0.26757926,0.3390888,0.39333194,c5
8088,0.3754463,0.28417087,0.3403828,c5
6131,0.33294365,0.31467354,0.35238278,c234
5363,0.25865486,0.34986836,0.39147684,c1
12436,0.32916516,0.46197563,0.20885918,c5
17580,0.13692045,0.37660497,0.4864745,c234
16141,0.39475197,0.3239828,0.28126523,c1
6084,0.38072503,0.3853956,0.23387945,c5
722,0.29382274,0.35884282,0.34733447,c234
10617,0.3128791,0.3021362,0.3849847,c1
18565,0.6818151,0.22832406,0.08986091,c1
12332,0.28471893,0.42815474,0.2871263,c1
5852,0.26416284,0.42360157,0.3122356,c234
17848,0.18805721,0.31213424,0.4998085,c5
2240,0.43647873,0.3876626,0.17585875,c234
9824,0.33534244,0.21807869,0.44657886,c5
7112,0.2619914,0.40824252,0.32976612,c234
4355,0.33543777,0.39257342,0.27198878,c234
865,0.23189521,0.23898315,0.52912164,c5
15865,0.8174446,0.1476007,0.034954675,c1
16790,0.14250119,0.2314134,0.6260854,c234
6722,0.5798263,0.24303056,0.17714317,c1
16623,0.26538998,0.4581627,0.27644736,c234
19478,0.21235804,0.49718884,0.29045317,c234
15427,0.40107712,0.29398298,0.30494,c1
13146,0.23080795,0.43378988,0.33540222,c5
6317,0.41934195,0.34655932,0.2340987,c1
322,0.11223916,0.2837452,0.6040157,c5
14583,0.6652038,0.1805465,0.15424965,c5
4028,0.41529888,0.20300493,0.38169622,c5
6108,0.14300685,0.3145372,0.5424559,c5
9991,0.10071185,0.07334678,0.8259413,c5
18915,0.69195133,0.2241951,0.08385349,c234
11130,0.22214241,0.38462362,0.39323398,c1
4407,0.30268183,0.35922188,0.33809632,c1
683,0.11354751,0.5236189,0.36283362,c5
6001,0.53577,0.38347256,0.08075744,c1
13333,0.1861521,0.43118823,0.38265967,c5
16854,0.4373971,0.32481384,0.2377891,c1
11179,0.10946815,0.2076473,0.6828845,c5
1226,0.24078903,0.44316423,0.31604674,c5
7970,0.11512257,0.40956897,0.47530848,c5
9334,0.26787603,0.48423347,0.24789052,c1
6549,0.45187774,0.38940296,0.15871936,c1
19596,0.06475904,0.115158886,0.82008207,c5
8547,0.46846175,0.28947952,0.24205872,c5
16512,0.39090627,0.33259574,0.27649793,c5
913,0.16580485,0.42568535,0.40850976,c1
11748,0.22719559,0.41258398,0.36022046,c5
19997,0.16302247,0.27149847,0.56547904,c234
8245,0.13647005,0.4475339,0.415996,c5
5743,0.45495942,0.2224151,0.3226255,c5
9561,0.39287135,0.24662143,0.3605072,c5
19083,0.2219589,0.36363667,0.4144045,c234
12243,0.3409529,0.37020907,0.28883806,c5
12786,0.3874744,0.25455877,0.3579668,c234
15903,0.63324374,0.22555517,0.14120108,c1
14927,0.2219589,0.36363667,0.4144045,c5
14776,0.16615859,0.44418123,0.3896602,c1
14435,0.4276609,0.37175012,0.20058896,c234
3367,0.47699422,0.30474186,0.21826398,c234
16941,0.15595971,0.36924216,0.47479814,c5
17141,0.48740906,0.3636672,0.1489238,c234
19086,0.5446801,0.30922407,0.14609578,c1
18170,0.17010775,0.42560667,0.4042856,c234
8077,0.29572564,0.34529254,0.35898182,c1
16709,0.6251516,0.3086849,0.066163585,c5
5881,0.3146423,0.35604426,0.32931343,c234
117,0.74035126,0.16239008,0.09725859,c1
2244,0.263197,0.5101744,0.22662857,c1
14828,0.7282086,0.16254678,0.1092446,c234
10688,0.40894964,0.24514627,0.3459041,c1
18944,0.26694295,0.42023987,0.3128172,c234
12098,0.42561504,0.37676844,0.19761653,c234
12148,0.24074824,0.43010378,0.329148,c1
4275,0.26067775,0.28287452,0.45644766,c5
15170,0.22754633,0.3638887,0.40856498,c234
5759,0.61953413,0.28398156,0.09648434,c234
715,0.16134307,0.3261652,0.51249176,c234
12654,0.20156904,0.39041078,0.4080202,c234
1511,0.3965456,0.40526727,0.19818714,c234
9964,0.3022046,0.24894816,0.44884726,c234
8579,0.5299285,0.356849,0.11322253,c234
7043,0.32244554,0.36841917,0.3091353,c1
6445,0.5592927,0.2974983,0.14320911,c1
19800,0.3082822,0.63943493,0.0522829,c1
6256,0.6194022,0.25541097,0.12518682,c234
4209,0.2703897,0.34136316,0.3882472,c5
5456,0.7019879,0.18361793,0.11439417,c234
19863,0.4699855,0.37517068,0.15484379,c1
14132,0.052851778,0.23879512,0.7083531,c5
10369,0.28281575,0.4773683,0.23981589,c234
4429,0.15092087,0.20828289,0.64079624,c5
9409,0.22646518,0.4158326,0.35770217,c234
13908,0.31051835,0.35824397,0.33123764,c5
13612,0.2578234,0.3664813,0.3756953,c5
9048,0.1414947,0.40472454,0.45378068,c1
7334,0.38216674,0.32075933,0.2970739,c5
19305,0.28143442,0.3374848,0.38108075,c234
7410,0.23995556,0.39752695,0.3625175,c1
3216,0.24472725,0.18803573,0.567237,c1
15675,0.32322153,0.4904873,0.18629117,c1
7005,0.47529274,0.336667,0.18804024,c5
5006,0.26309597,0.37217554,0.36472848,c1
4940,0.21864045,0.5254966,0.255863,c1
19114,0.29808903,0.31839553,0.38351542,c234
8951,0.17209418,0.2913409,0.536565,c1
13225,0.025024654,0.16485168,0.8101237,c5
4398,0.3260787,0.39601475,0.27790648,c234
6109,0.26059598,0.43931016,0.3000939,c1
10501,0.14680651,0.26439893,0.58879447,c5
5157,0.6392618,0.22173217,0.13900602,c1
948,0.28886822,0.41987136,0.29126042,c234
18694,0.22637318,0.37769932,0.39592746,c234
4035,0.47215414,0.31915566,0.20869023,c5
11886,0.22113045,0.38104454,0.39782506,c234
14384,0.3737204,0.4000901,0.22618948,c234
15349,0.19955534,0.37622106,0.42422363,c5
6881,0.3058257,0.31458664,0.37958762,c5
7071,0.44924065,0.34977287,0.20098643,c234
11475,0.4779527,0.34384826,0.17819908,c1
18623,0.54874957,0.2537013,0.19754913,c5
10111,0.21425588,0.4966224,0.2891217,c234
17750,0.3252773,0.40798494,0.2667377,c1
19705,0.2516232,0.32698104,0.42139575,c5
6542,0.41465354,0.28903484,0.29631162,c1
19678,0.039085206,0.31617647,0.6447383,c234
11791,0.14395016,0.18112966,0.6749202,c5
1666,0.09524893,0.4267016,0.4780495,c5
17056,0.27171433,0.17755882,0.55072683,c5
10530,0.3701082,0.3187446,0.31114715,c234
18553,0.2926041,0.36614242,0.34125346,c1
14246,0.29720786,0.38600376,0.3167884,c5
5065,0.22422984,0.22301888,0.5527513,c1
14724,0.124798425,0.21316645,0.66203505,c5
4387,0.35659817,0.3625912,0.28081065,c1
17395,0.5722388,0.30281332,0.124947816,c1
19240,0.4984368,0.30715978,0.19440342,c1
17846,0.26929483,0.3760722,0.354633,c1
6289,0.36984965,0.23009689,0.4000535,c5
18388,0.27476624,0.3577848,0.36744896,c234
8568,0.08953919,0.31611547,0.59434533,c5
8253,0.5299285,0.356849,0.11322253,c5
5276,0.1774809,0.23231195,0.59020716,c5
10210,0.18576148,0.33949515,0.47474343,c234
7941,0.4569494,0.37323454,0.16981603,c234
14368,0.1701272,0.38691604,0.44295672,c5
9483,0.20208476,0.30128253,0.49663275,c234
15248,0.30062485,0.3343726,0.36500257,c234
7193,0.32731587,0.32904574,0.34363836,c1
2148,0.17881437,0.24623495,0.5749507,c5
11784,0.3802673,0.31250012,0.3072326,c5
10171,0.3613004,0.31845742,0.32024214,c234
12187,0.12963732,0.36076725,0.5095954,c5
12568,0.3492724,0.31246865,0.33825895,c1
12607,0.18621227,0.3487739,0.46501386,c234
12600,0.5027178,0.26720163,0.23008057,c5
13557,0.2775156,0.44340116,0.27908322,c234
3719,0.67587554,0.11382889,0.21029556,c234
8694,0.25063702,0.3450603,0.4043027,c5
17866,0.27925122,0.4829828,0.23776591,c234
9950,0.6585999,0.23109752,0.11030259,c1
4919,0.23518527,0.4341196,0.33069515,c234
676,0.39122754,0.3076005,0.30117196,c1
16940,0.3951818,0.37081954,0.23399863,c234
7509,0.19855185,0.30612937,0.4953188,c234
5546,0.28814086,0.40644166,0.3054175,c5
15137,0.27433804,0.48958093,0.23608103,c5
3747,0.14936748,0.32617292,0.5244596,c5
15592,0.54619366,0.26595047,0.18785582,c234
11598,0.34339416,0.40313536,0.25347054,c234
2289,0.17737168,0.31196678,0.5106615,c234
10181,0.33322942,0.25999537,0.4067752,c5
4052,0.19098645,0.42792374,0.38108984,c5
15826,0.4043431,0.50692433,0.08873254,c234
12941,0.2041281,0.2558466,0.5400253,c234
9320,0.31678045,0.3753585,0.30786103,c234
5703,0.21053085,0.33322418,0.456245,c234
3147,0.5392536,0.21831687,0.24242955,c234
9366,0.3561602,0.36384165,0.27999818,c5
3015,0.34508124,0.42883497,0.22608376,c1
14164,0.15656321,0.41734937,0.4260874,c5
17142,0.47489265,0.3223252,0.2027822,c234
5798,0.3922747,0.39523298,0.21249227,c5
13558,0.1411614,0.35934937,0.49948925,c5
8594,0.23509149,0.3713496,0.39355886,c234
7573,0.1785732,0.29806465,0.5233621,c1
14849,0.17732878,0.2834277,0.5392435,c5
615,0.46134198,0.33472708,0.20393094,c1
1780,0.61953413,0.28398156,0.09648434,c1
6437,0.37192526,0.3024217,0.32565302,c5
13253,0.11615301,0.120685056,0.76316196,c5
11544,0.34746718,0.2898251,0.36270767,c234
12490,0.44419974,0.35791996,0.19788031,c1
1136,0.32649928,0.45849305,0.2150077,c1
15321,0.2691561,0.32687092,0.40397298,c1
10380,0.27173924,0.2506901,0.47757062,c5
19229,0.2437247,0.3539581,0.4023172,c5
6764,0.22828756,0.3384189,0.43329358,c5
5733,0.30407366,0.23798317,0.45794314,c234
6105,0.26140133,0.29106253,0.4475361,c5
3245,0.019696558,0.22407171,0.7562317,c5
8631,0.3327625,0.45192868,0.21530883,c5
6040,0.15376356,0.32032886,0.5259076,c5
5567,0.31426945,0.30644184,0.37928873,c1
13318,0.20279218,0.4331907,0.36401707,c1
13887,0.35995868,0.3956983,0.244343,c5
1297,0.18955839,0.29467764,0.51576394,c234
2732,0.2525623,0.4072722,0.3401655,c234
6451,0.3013085,0.3585614,0.34013012,c234
1415,0.14822125,0.44241637,0.4093624,c1
19557,0.5412863,0.17487773,0.283836,c234
1090,0.50910956,0.28459662,0.20629379,c1
19081,0.38704273,0.37626427,0.236693,c1
4915,0.45495942,0.2224151,0.3226255,c5
16907,0.34988138,0.36361036,0.28650823,c5
9370,0.13255733,0.3362622,0.53118056,c5
5685,0.6294601,0.28439596,0.08614398,c1
1330,0.26372248,0.4369266,0.29935086,c5
13580,0.39047104,0.44497716,0.1645518,c234
8664,0.1363304,0.28124553,0.58242404,c5
20045,0.45084018,0.29935864,0.24980117,c1
4957,0.18243049,0.3050908,0.5124787,c234
679,0.26912457,0.40055612,0.3303193,c234
16927,0.5638842,0.3335505,0.10256531,c234
8315,0.38171604,0.2995824,0.3187015,c1
1267,0.19536957,0.2250016,0.5796289,c5
5584,0.27894294,0.44436064,0.2766964,c1
4621,0.23668866,0.39591265,0.3673987,c1
9467,0.24426775,0.44276747,0.3129648,c234
15718,0.24901813,0.34321716,0.4077647,c1
13550,0.15694626,0.28408423,0.5589695,c5
6145,0.5868137,0.24248677,0.17069957,c1
18739,0.2779819,0.34420365,0.3778145,c5
11057,0.3930233,0.28049567,0.32648098,c5
9601,0.18557104,0.48951283,0.32491615,c234
5475,0.29692206,0.41490188,0.28817606,c1
11698,0.30540878,0.32056203,0.37402925,c234
5331,0.33877423,0.35871455,0.30251122,c5
15976,0.26720798,0.4101781,0.32261392,c5
13789,0.58019555,0.15649413,0.26331034,c5
3,0.5593734,0.31458196,0.12604469,c234
160,0.07687035,0.25303525,0.67009443,c5
8884,0.42854583,0.35173348,0.21972074,c1
17899,0.2722134,0.44833267,0.279454,c5
14031,0.4859023,0.27009985,0.24399783,c1
19233,0.57219976,0.21798396,0.20981629,c5
2219,0.26582322,0.32484102,0.40933576,c1
16003,0.2558904,0.3705311,0.37357846,c234
9291,0.51307654,0.31107572,0.17584772,c1
19926,0.3211765,0.3151915,0.36363196,c5
262,0.61013556,0.20781146,0.18205298,c5
18984,0.22804157,0.29394886,0.47800952,c234
7282,0.25892228,0.41151208,0.32956567,c234
5,0.2641277,0.36858296,0.36728936,c1
17780,0.20113961,0.348786,0.45007434,c5
1152,0.50749546,0.35832027,0.1341842,c5
2448,0.44812617,0.33502117,0.2168527,c234
15569,0.44276005,0.34883043,0.20840955,c234
13881,0.46190655,0.13007732,0.40801618,c5
10799,0.30770308,0.39715418,0.29514277,c234
4779,0.3852636,0.34229547,0.2724409,c1
19279,0.3227183,0.41089964,0.2663821,c1
19047,0.27950108,0.3700823,0.3504166,c234
10152,0.2633055,0.38579288,0.35090157,c5
13494,0.7619895,0.17658311,0.06142745,c1
19148,0.38266188,0.33247167,0.28486645,c234
19560,0.52224195,0.20871046,0.26904768,c234
2194,0.38688597,0.22289896,0.39021504,c5
17094,0.2833076,0.31720844,0.39948398,c5
4037,0.50215286,0.2985478,0.19929929,c1
8512,0.013907939,0.083455,0.902637,c5
11222,0.15957843,0.31856054,0.52186096,c5
9040,0.44483393,0.3433449,0.21182118,c234
13109,0.31769392,0.3234334,0.3588727,c234
6861,0.61076486,0.22306831,0.16616683,c1
5785,0.39329848,0.24447861,0.36222294,c5
4946,0.2802192,0.32856837,0.3912124,c1
1362,0.48920223,0.23986131,0.27093643,c1
418,0.36097598,0.35226235,0.28676167,c234
9014,0.1486395,0.27005494,0.58130556,c5
903,0.16598766,0.4445052,0.3895072,c5
8707,0.32865608,0.3445214,0.32682255,c5
1096,0.08977456,0.37977844,0.530447,c5
14781,0.6457882,0.28526515,0.068946704,c1
17597,0.28737792,0.34156567,0.3710564,c1
6077,0.18739793,0.5538137,0.25878838,c234
5346,0.2261931,0.39922673,0.37458014,c1
1500,0.2187268,0.43593603,0.34533715,c234
10606,0.47431606,0.30014354,0.2255404,c1
12176,0.35249892,0.30825168,0.33924937,c1
17690,0.45617434,0.36130306,0.18252264,c234
9741,0.7368933,0.16560231,0.097504444,c1
11320,0.35575676,0.3896373,0.25460592,c234
3628,0.19252107,0.2668428,0.5406361,c5
5352,0.29725468,0.39010584,0.31263947,c1
410,0.40677956,0.2032665,0.38995397,c234
9688,0.33729714,0.37748232,0.28522053,c1
6163,0.17896086,0.3706103,0.45042887,c1
15707,0.28061077,0.33440807,0.38498113,c234
14633,0.3457345,0.36527994,0.28898555,c1
12976,0.14603701,0.33679557,0.51716745,c5
1119,0.39683464,0.36002323,0.24314207,c1
3727,0.13970672,0.24355374,0.6167396,c234
16495,0.3753417,0.39728472,0.22737363,c234
6036,0.4710472,0.26779905,0.26115385,c1
5376,0.44280365,0.229079,0.3281173,c5
11220,0.18462484,0.30492967,0.5104455,c234
8784,0.11029382,0.3666177,0.5230885,c5
13202,0.32391986,0.38095966,0.29512048,c234
18342,0.21438195,0.24568583,0.5399322,c1
18339,0.2829463,0.42138746,0.29566628,c234
16174,0.094177306,0.25261357,0.6532091,c5
4508,0.39368984,0.3538549,0.2524553,c1
11227,0.27539968,0.48672947,0.23787089,c1
8446,0.26759082,0.30592388,0.42648533,c1
8290,0.1598623,0.34739253,0.49274522,c5
323,0.12109273,0.46614057,0.41276664,c234
8528,0.7692633,0.1516003,0.07913641,c234
9234,0.19926716,0.4602554,0.34047738,c234
4514,0.30390015,0.3883665,0.3077334,c234
19756,0.1160794,0.34959477,0.53432584,c234
17938,0.14408928,0.2755095,0.5804012,c5
1487,0.28080946,0.38446268,0.33472788,c5
7431,0.25067145,0.42304498,0.3262836,c234
12629,0.3502539,0.4593007,0.19044538,c1
9948,0.13935459,0.32736015,0.53328526,c234
13838,0.42357114,0.3540446,0.22238426,c5
17822,0.20309813,0.37377474,0.42312717,c234
6311,0.3775161,0.40261224,0.21987167,c1
19202,0.23266827,0.22331904,0.5440127,c5
7882,0.22595593,0.41326,0.360784,c234
6970,0.28965515,0.31346074,0.39688405,c234
16325,0.2892913,0.42461422,0.28609452,c234
2675,0.26331714,0.25974983,0.47693306,c234
7319,0.22855063,0.3086447,0.46280465,c5
4205,0.14934254,0.32631308,0.5243444,c5
362,0.21169999,0.38221473,0.40608534,c1
12922,0.22821146,0.41350186,0.3582867,c1
19420,0.13467494,0.3771815,0.48814353,c5
7942,0.09443206,0.30310297,0.602465,c5
11214,0.6171355,0.27906713,0.10379734,c234
7834,0.4050942,0.3892408,0.20566493,c234
3406,0.1314484,0.26069218,0.6078594,c5
18042,0.639658,0.20983484,0.15050721,c1
9623,0.2880148,0.2729569,0.43902832,c234
241,0.29836705,0.43400308,0.2676299,c1
18204,0.45661882,0.35251606,0.19086517,c234
19405,0.26810116,0.4527601,0.27913874,c5
18997,0.21200122,0.37595087,0.41204786,c234
15292,0.38018078,0.24372739,0.37609178,c234
5249,0.36922288,0.32976675,0.3010103,c5
6899,0.2946758,0.28814992,0.4171743,c1
8391,0.3152519,0.41783303,0.26691505,c1
9297,0.39617425,0.25554666,0.34827906,c1
4584,0.24384552,0.33955845,0.416596,c5
15045,0.2678801,0.44987574,0.28224415,c5
15290,0.33862314,0.25929675,0.40208015,c1
11864,0.30235183,0.35185468,0.3457935,c234
4598,0.699552,0.19038765,0.110060304,c1
7730,0.30864123,0.39656606,0.29479268,c1
8944,0.43374628,0.40453058,0.16172315,c234
12646,0.46711183,0.38400725,0.14888094,c1
2809,0.2294863,0.4355101,0.3350036,c1
6949,0.46277165,0.1846873,0.352541,c234
8179,0.27795878,0.29925027,0.4227909,c234
8028,0.76390946,0.20799871,0.028091887,c1
2793,0.22609851,0.42627284,0.34762865,c5
7276,0.44530475,0.35880864,0.19588669,c1
7155,0.28548315,0.2971113,0.4174055,c234
18249,0.3345439,0.41992137,0.2455347,c234
3010,0.11723866,0.38830483,0.49445656,c5
4240,0.33280817,0.2709847,0.39620718,c5
7898,0.33258355,0.3943157,0.27310076,c1
14560,0.2129921,0.35929966,0.42770827,c1
1529,0.31823877,0.2896293,0.39213192,c5
10383,0.42533877,0.35696033,0.21770093,c1
5891,0.44038913,0.28266627,0.2769446,c1
16965,0.08630513,0.18201818,0.7316767,c1
17718,0.48246515,0.35283253,0.16470233,c1
12824,0.2711959,0.35665238,0.37215173,c1
5705,0.48675758,0.339569,0.17367342,c234
5357,0.5108502,0.29554707,0.19360277,c234
16901,0.27423137,0.38480374,0.34096488,c1
4384,0.5835051,0.2965273,0.1199676,c1
5139,0.10522515,0.44899464,0.4457802,c234
2383,0.2445338,0.35489553,0.40057066,c1
4066,0.74035126,0.16239008,0.09725859,c1
852,0.32922724,0.28567547,0.38509732,c1
1726,0.2509378,0.36078215,0.3882801,c234
4939,0.21745434,0.4117355,0.37081015,c5
7279,0.33725163,0.39407846,0.26866993,c5
13361,0.5620064,0.31841466,0.11957892,c234
13771,0.4716022,0.31834143,0.21005641,c234
3602,0.51230246,0.29099315,0.19670434,c234
16874,0.3022529,0.3263578,0.37138933,c234
11245,0.16036291,0.3387288,0.5009084,c5
15779,0.42659506,0.33777452,0.2356304,c234
7293,0.077141315,0.26388687,0.6589718,c5
12594,0.26086065,0.35989535,0.37924397,c234
15741,0.3450203,0.38103884,0.27394086,c5
4298,0.28106228,0.39568967,0.32324806,c5
19011,0.35405332,0.4544473,0.19149938,c234
16743,0.37106004,0.3907157,0.23822424,c5
15978,0.5117668,0.33405668,0.1541766,c234
18815,0.40654665,0.42270395,0.17074943,c234
10228,0.24224515,0.2824933,0.47526157,c5
17761,0.47374925,0.37100947,0.15524127,c234
844,0.03869863,0.22525327,0.7360481,c5
14105,0.40713984,0.27539927,0.31746086,c1
900,0.38303447,0.34845152,0.26851395,c5
19395,0.2582386,0.34306306,0.3986983,c1
8713,0.45967236,0.3143872,0.22594047,c1
4865,0.38716438,0.39464986,0.21818574,c1
1734,0.5866396,0.2960543,0.11730612,c1
7221,0.4182062,0.3709428,0.21085097,c234
8150,0.44274524,0.41322404,0.1440307,c234
5072,0.19985086,0.5436811,0.256468,c234
15690,0.48214602,0.36749917,0.15035477,c1
13217,0.33532786,0.5098512,0.15482092,c234
11180,0.3678624,0.3837168,0.24842077,c234
3901,0.08258874,0.3533606,0.5640506,c5
453,0.15523529,0.34859475,0.49616998,c234
1602,0.21826951,0.48222074,0.2995097,c234
18639,0.4486399,0.37632275,0.1750373,c5
18107,0.30149347,0.45240197,0.24610457,c1
10925,0.5299285,0.356849,0.11322253,c234
15990,0.47055328,0.27219447,0.25725228,c234
606,0.2877293,0.40645292,0.30581784,c1
11624,0.2635184,0.4321952,0.30428636,c234
13905,0.42139634,0.32222697,0.25637665,c234
6058,0.40002123,0.33084464,0.2691341,c234
14576,0.35387945,0.33860296,0.30751756,c1
9722,0.26896057,0.37139606,0.35964337,c5
15946,0.34811553,0.34519514,0.30668926,c234
19685,0.2289442,0.42121848,0.34983727,c5
16579,0.4888845,0.3222512,0.18886428,c1
8137,0.2984118,0.2828425,0.41874567,c234
14227,0.32885033,0.4577313,0.21341841,c5
15089,0.055244368,0.048819516,0.89593613,c5
13466,0.22614753,0.31148595,0.4623665,c5
17945,0.21445446,0.22659932,0.55894625,c5
391,0.477318,0.3334137,0.18926828,c5
3830,0.020620974,0.0931366,0.88624245,c234
14375,0.44152948,0.2063754,0.35209513,c234
6744,0.16613303,0.31828952,0.51557744,c234
3289,0.31356624,0.3566867,0.32974705,c5
16451,0.16885415,0.43964648,0.39149937,c1
8326,0.30224383,0.34481817,0.35293794,c1
2791,0.53071606,0.28794366,0.18134023,c234
12748,0.37542415,0.35397333,0.27060255,c1
12704,0.5032935,0.36179274,0.13491374,c1
18275,0.5243672,0.37273732,0.10289548,c234
19829,0.39083642,0.36843807,0.24072555,c1
1246,0.31476238,0.38780454,0.29743305,c5
2750,0.49180987,0.3137479,0.19444223,c1
17791,0.18653853,0.40980664,0.4036548,c234
18748,0.41666645,0.27707744,0.30625615,c234
7037,0.34541422,0.28909346,0.36549228,c5
1010,0.19267625,0.26011392,0.54720974,c5
4455,0.016029088,0.08490789,0.89906293,c234
269,0.4801269,0.31797796,0.20189507,c1
15822,0.26905164,0.295068,0.4358804,c5
4114,0.18752263,0.3939307,0.41854668,c234
12970,0.34050822,0.50612867,0.15336306,c5
7585,0.42089924,0.39078575,0.18831496,c5
17060,0.4806812,0.3067347,0.212584,c1
9750,0.30628344,0.3313478,0.3623687,c1
5236,0.31789708,0.35508478,0.32701817,c1
6120,0.13116856,0.22668937,0.642142,c234
2313,0.47225437,0.37047258,0.15727308,c5
3054,0.308667,0.24320658,0.44812644,c234
13972,0.51238495,0.24259602,0.24501897,c5
9905,0.23013054,0.4429911,0.3268784,c234
15331,0.44572094,0.32034358,0.23393548,c1
11658,0.65915364,0.24579616,0.095050156,c1
4224,0.4956492,0.33658025,0.16777058,c1
15752,0.3332373,0.37942263,0.28734002,c1
10562,0.34270558,0.38700283,0.27029163,c234
10083,0.41271707,0.32788098,0.2594019,c234
9850,0.32234684,0.3620991,0.31555408,c5
18975,0.16884597,0.2566052,0.57454884,c5
17973,0.26681706,0.48708618,0.24609675,c234
10458,0.44561902,0.33575213,0.21862888,c234
16484,0.5776582,0.22395635,0.19838546,c1
16002,0.4831769,0.3716115,0.14521153,c5
19234,0.25121674,0.34151626,0.40726703,c234
8508,0.5392536,0.21831687,0.24242955,c5
14948,0.33727244,0.24809802,0.41462958,c1
11899,0.28605124,0.30754167,0.40640706,c1
10321,0.47916365,0.3532004,0.16763593,c234
2316,0.33575845,0.3197236,0.344518,c5
6104,0.26377532,0.44479802,0.2914267,c5
4087,0.57601404,0.24478385,0.17920211,c1
12571,0.45535293,0.31321505,0.2314321,c234
15625,0.24104536,0.2846264,0.47432825,c5
1596,0.20931838,0.54789865,0.24278297,c234
8630,0.22414875,0.3518251,0.42402607,c5
19088,0.18651037,0.32933572,0.48415393,c5
16211,0.4699855,0.37517068,0.15484379,c5
9440,0.13765535,0.17719643,0.68514824,c5
8734,0.32325098,0.2682989,0.40845016,c5
12884,0.24136396,0.38511905,0.37351704,c5
3596,0.23444808,0.4977097,0.26784217,c1
18698,0.2700852,0.21651128,0.51340353,c5
1186,0.08072492,0.3475679,0.57170725,c5
13062,0.22653341,0.36905646,0.40441003,c5
10127,0.2888224,0.3727807,0.33839694,c1
12041,0.32086584,0.29136372,0.38777044,c1
8392,0.40148354,0.3669231,0.23159337,c5
1004,0.35476074,0.28044114,0.36479816,c1
11968,0.28446385,0.36230466,0.35323143,c5
5944,0.42261565,0.38719407,0.1901903,c234
5158,0.21323584,0.29903904,0.4877252,c5
4465,0.32466933,0.29884526,0.37648547,c5
3279,0.23906152,0.2286514,0.53228706,c234
4879,0.33717036,0.38099307,0.28183657,c234
840,0.37195107,0.26258624,0.36546272,c5
1436,0.1173726,0.20168734,0.68094003,c234
11425,0.25655055,0.26865378,0.4747957,c5
4177,0.64497787,0.2176221,0.13739997,c5
14838,0.17380743,0.28412038,0.5420722,c1
13019,0.3093438,0.334155,0.35650116,c5
6361,0.364324,0.3028918,0.3327842,c234
14273,0.5081616,0.2936455,0.19819285,c234
4677,0.3741792,0.40614405,0.21967675,c1
10546,0.16949387,0.3340449,0.4964612,c5
10509,0.4488211,0.27311924,0.27805957,c234
14019,0.3883684,0.3055299,0.30610174,c1
13651,0.29895726,0.34723002,0.35381266,c5
14791,0.20623547,0.22305402,0.5707104,c5
14458,0.28567562,0.20110227,0.5132221,c234
11390,0.3793038,0.32587168,0.29482445,c1
11959,0.18268612,0.13621786,0.681096,c5
4443,0.3650385,0.29482582,0.34013563,c5
11339,0.6859466,0.22149004,0.09256337,c234
14503,0.44982094,0.4188896,0.13128941,c1
9794,0.3600807,0.28889602,0.35102332,c234
15832,0.058528468,0.24886711,0.6926045,c5
561,0.63277125,0.24048966,0.12673905,c234
19251,0.3332282,0.33256814,0.33420372,c234
13585,0.3902329,0.35836887,0.25139818,c234
11721,0.21312834,0.24545716,0.5414145,c5
12883,0.24837619,0.46581227,0.28581157,c234
15118,0.2111635,0.3426316,0.44620493,c234
16184,0.21127318,0.18558107,0.6031457,c5
12080,0.05445547,0.09775077,0.84779376,c5
5613,0.45120493,0.3922045,0.15659058,c1
16898,0.10296877,0.6036804,0.29335085,c5
15493,0.2984177,0.37984332,0.321739,c1
13085,0.25280714,0.24340682,0.50378597,c5
3167,0.35909736,0.31296507,0.32793763,c234
19093,0.24953571,0.33551565,0.4149486,c234
11653,0.22737966,0.4921575,0.28046292,c5
16625,0.3099043,0.38597518,0.30412048,c1
15993,0.1731247,0.21360072,0.6132746,c5
4379,0.1803082,0.34481943,0.4748724,c234
1760,0.52048755,0.30713075,0.17238173,c234
5986,0.45467317,0.221952,0.32337484,c5
17385,0.5266606,0.22343306,0.2499063,c5
13457,0.24614604,0.41769788,0.3361561,c5
13295,0.47849873,0.39189658,0.12960473,c5
13274,0.1647936,0.40204862,0.43315777,c234
16928,0.37913775,0.30819303,0.31266928,c1
3383,0.23060845,0.3188629,0.45052862,c234
7818,0.27534908,0.27116114,0.45348975,c1
1300,0.16755612,0.5683073,0.2641366,c234
1865,0.40714327,0.37302837,0.21982837,c1
17931,0.50181556,0.32650718,0.17167726,c5
11782,0.22489251,0.40381682,0.37129068,c5
19370,0.36448288,0.37858397,0.25693315,c1
2720,0.3909869,0.3894471,0.21956599,c5
12383,0.6305377,0.27726254,0.092199795,c1
4234,0.21567906,0.23089206,0.5534288,c5
17415,0.13620473,0.2858954,0.5778998,c234
8437,0.39017937,0.2925782,0.3172424,c234
9755,0.4594315,0.26787215,0.27269638,c5
6217,0.37450325,0.35589528,0.26960143,c234
5316,0.23417394,0.35255414,0.41327193,c5
12628,0.31709602,0.3260669,0.35683703,c5
19048,0.16195376,0.4496674,0.38837886,c234
13372,0.43688574,0.41052216,0.1525922,c234
10013,0.3633628,0.38682288,0.24981433,c5
6013,0.33364412,0.40882522,0.2575307,c5
161,0.4481962,0.29617575,0.25562808,c234
11162,0.26856783,0.45331776,0.27811444,c234
16493,0.5541458,0.18748607,0.2583681,c234
7537,0.115924194,0.34431753,0.53975827,c5
1943,0.3909869,0.3894471,0.21956599,c1
16328,0.45137018,0.37965763,0.16897218,c234
10545,0.2629166,0.41962722,0.31745625,c234
10112,0.1652939,0.40834823,0.42635787,c5
4981,0.21869904,0.2162946,0.5650064,c234
4476,0.24740504,0.3475545,0.4050404,c234
11011,0.25046483,0.3314574,0.41807774,c1
8125,0.2701141,0.3889239,0.34096202,c5
14622,0.11943223,0.32070485,0.5598629,c234
176,0.3868332,0.3553624,0.25780436,c5
10868,0.29906884,0.21505131,0.4858798,c5
12067,0.12698689,0.32881522,0.5441979,c5
5945,0.4695813,0.3371502,0.19326848,c234
13744,0.3549247,0.2095957,0.43547955,c234
3519,0.36088482,0.3678432,0.27127197,c234
19107,0.14085306,0.41184774,0.44729915,c234
4860,0.5073115,0.3369829,0.15570556,c1
18322,0.574766,0.2513879,0.17384608,c234
10643,0.22396739,0.45559102,0.3204415,c234
17264,0.14598519,0.383205,0.47080988,c5
12412,0.33454525,0.38664904,0.27880567,c1
19722,0.3863955,0.38991874,0.22368574,c1
19214,0.6203363,0.24266788,0.13699578,c1
12434,0.2857309,0.38545528,0.3288138,c234
11951,0.22813207,0.375793,0.3960749,c5
8169,0.34335178,0.3981951,0.2584531,c1
10912,0.20766465,0.18185095,0.6104844,c5
18507,0.16285323,0.39077604,0.44637066,c5
2687,0.35281354,0.3513228,0.2958637,c1
7348,0.0522075,0.2621076,0.68568486,c5
7612,0.36875033,0.3019134,0.3293362,c1
19113,0.34379557,0.29217198,0.3640325,c5
16805,0.4539615,0.32833982,0.21769866,c234
19700,0.5827672,0.30756393,0.10966889,c1
13474,0.48286423,0.37748,0.13965578,c1
10116,0.2047664,0.40054178,0.39469182,c5
19015,0.38156185,0.3672503,0.25118786,c234
5857,0.22006859,0.27367625,0.50625515,c5
11618,0.5467771,0.33447477,0.11874809,c234
8419,0.3075373,0.29951105,0.3929517,c1
13633,0.13510324,0.26984873,0.595048,c1
5666,0.27041152,0.423259,0.30632952,c5
13374,0.41473046,0.31655338,0.26871613,c5
4717,0.40582535,0.26243043,0.33174416,c5
9753,0.3743833,0.28291595,0.34270078,c5
9684,0.107524514,0.1870372,0.7054383,c5
11868,0.27558872,0.39739788,0.3270134,c5
2932,0.31907398,0.33109608,0.34982994,c1
4601,0.2173225,0.38431457,0.39836293,c1
1681,0.3099565,0.43316922,0.25687426,c234
165,0.32470277,0.3768511,0.2984461,c234
5782,0.5264003,0.31792158,0.15567811,c234
9243,0.38935304,0.37795144,0.23269549,c5
18237,0.373721,0.41324496,0.21303411,c1
10141,0.25443745,0.3298036,0.41575897,c5
1467,0.23192911,0.45319143,0.3148795,c5
17915,0.26735052,0.32327956,0.4093699,c5
13827,0.26599535,0.44246486,0.29153985,c1
10137,0.2653846,0.45808887,0.27652645,c234
3745,0.26309,0.3862903,0.35061964,c1
17832,0.52992797,0.27625677,0.19381534,c1
17308,0.78541094,0.088396676,0.12619238,c1
1775,0.4117934,0.21246742,0.37573913,c234
12729,0.03929277,0.19787046,0.7628367,c5
8401,0.30942318,0.2977464,0.3928304,c234
3532,0.3049538,0.39050046,0.30454576,c234
7857,0.13394329,0.2668085,0.59924823,c5
10196,0.5108384,0.32710224,0.16205934,c1
3869,0.46112278,0.35454148,0.18433575,c1
16106,0.34021276,0.29065567,0.36913157,c1
5827,0.2683282,0.17212453,0.5595473,c5
9649,0.27679124,0.46668622,0.25652257,c5
8496,0.5592073,0.32071608,0.12007662,c234
18939,0.30255726,0.34054437,0.35689843,c5
2477,0.262485,0.42497793,0.31253707,c234
13555,0.31549588,0.33176285,0.35274124,c5
10078,0.29030085,0.13931428,0.5703848,c234
19117,0.4291455,0.42300254,0.14785196,c234
8182,0.6760101,0.11585119,0.2081387,c1
2727,0.1717338,0.3236949,0.50457126,c5
19653,0.22725894,0.4732759,0.29946515,c5
8327,0.21863149,0.33229837,0.44907016,c1
6961,0.4281523,0.2399454,0.3319023,c1
4186,0.20037878,0.25561607,0.54400516,c234
10004,0.3612195,0.3766874,0.26209307,c1
14109,0.6017914,0.27995825,0.1182504,c1
13187,0.18717983,0.56455183,0.24826829,c234
46,0.17172536,0.56478584,0.2634888,c1
2978,0.2644216,0.45304763,0.2825308,c234
8621,0.3075763,0.3413668,0.35105684,c5
19186,0.59894377,0.27329352,0.12776263,c5
4479,0.27747855,0.3017436,0.4207779,c1
14338,0.42521322,0.40547428,0.16931252,c234
18817,0.3909869,0.3894471,0.21956599,c1
9866,0.18700776,0.28794396,0.5250483,c5
1786,0.38757876,0.26335678,0.34906444,c1
4104,0.41529888,0.20300493,0.38169622,c234
12086,0.0742516,0.25324696,0.67250144,c5
914,0.36374554,0.3085195,0.32773495,c5
12096,0.19277357,0.29043403,0.51679236,c5
8146,0.08509032,0.3913773,0.5235324,c5
18604,0.2021064,0.58555907,0.21233448,c5
4670,0.25049537,0.34193963,0.40756503,c234
721,0.28806615,0.384791,0.3271429,c5
14894,0.39603177,0.39099035,0.21297792,c234
537,0.6952818,0.111148976,0.19356927,c5
3927,0.30903515,0.35947376,0.3314911,c234
4232,0.4336557,0.24656972,0.31977457,c5
17548,0.3506118,0.31210154,0.33728668,c5
6018,0.2671988,0.4155869,0.3172143,c5
9088,0.34662786,0.433515,0.21985716,c234
1206,0.36227617,0.32699028,0.31073353,c234
16510,0.28327447,0.47698802,0.23973754,c234
11491,0.2687551,0.38376826,0.34747666,c234
5591,0.0276236,0.16021062,0.81216574,c5
12460,0.3258059,0.32423064,0.3499635,c1
1239,0.3587059,0.26991698,0.3713771,c5
18801,0.21927066,0.18822877,0.5925005,c1
4617,0.35410884,0.3469504,0.29894078,c5
51,0.7541899,0.16680138,0.07900875,c234
18511,0.43322998,0.36153328,0.20523673,c234
15443,0.40023312,0.4250352,0.17473169,c1
4757,0.26662534,0.3834788,0.3498958,c1
19218,0.52655506,0.2537709,0.21967398,c1
8329,0.5668447,0.09759601,0.3355593,c1
18406,0.018470002,0.08660946,0.8949206,c234
19369,0.24930654,0.26091108,0.4897824,c234
16148,0.40651718,0.38635328,0.20712955,c5
5440,0.43404308,0.3966552,0.16930173,c1
16130,0.20521511,0.44892138,0.34586343,c234
14372,0.3615387,0.2154447,0.4230166,c1
2055,0.26434064,0.4960826,0.23957668,c5
2897,0.32110235,0.47107184,0.20782581,c5
13194,0.097588584,0.38663304,0.5157784,c5
11522,0.8477801,0.11682052,0.035399325,c5
12535,0.24585995,0.3980655,0.3560745,c234
582,0.74035126,0.16239008,0.09725859,c1
11571,0.2934372,0.32805187,0.37851086,c5
8449,0.17252266,0.4696464,0.35783097,c5
10580,0.69195133,0.2241951,0.08385349,c234
16361,0.6013822,0.28938627,0.10923158,c1
7560,0.36269087,0.3726094,0.26469967,c234
11223,0.25196004,0.3513343,0.3967056,c5
10249,0.27662557,0.3522367,0.37113774,c1
10374,0.46609643,0.3569,0.17700355,c234
12671,0.5158245,0.3042017,0.17997384,c234
14367,0.25208583,0.3985852,0.34932902,c234
7817,0.14677107,0.32593396,0.527295,c5
8724,0.116406314,0.22626936,0.6573243,c5
7606,0.45501563,0.3657493,0.17923503,c1
7483,0.5064149,0.3619666,0.1316185,c5
7283,0.36199158,0.44825274,0.1897557,c234
9692,0.17158084,0.42403308,0.40438607,c1
5234,0.40477625,0.40227634,0.19294743,c5
1381,0.27729923,0.3683452,0.3543556,c234
13787,0.21417548,0.3625746,0.42324993,c234
4287,0.12904644,0.106437504,0.7645161,c5
12919,0.48257828,0.30811042,0.20931134,c1
15372,0.070464715,0.40475193,0.5247834,c234
17891,0.3168247,0.47301555,0.21015978,c5
12597,0.70379645,0.22282082,0.073382705,c1
19249,0.82383704,0.062291317,0.11387157,c1
17222,0.271766,0.2522523,0.47598168,c5
5344,0.25236756,0.29781148,0.44982094,c234
13060,0.16797647,0.38670275,0.44532073,c234
15364,0.32540345,0.4198673,0.25472927,c1
5001,0.5337282,0.33358914,0.13268268,c1
306,0.1588594,0.5095182,0.3316224,c234
11038,0.5228234,0.282703,0.19447356,c234
3391,0.13102186,0.35147274,0.51750547,c5
16594,0.5379223,0.3509154,0.1111623,c234
5398,0.2676621,0.44782507,0.28451282,c5
13463,0.23162474,0.56930566,0.1990696,c234
10259,0.22295706,0.374614,0.40242895,c234
16494,0.32706463,0.40104377,0.2718916,c1
12984,0.3259468,0.3082622,0.365791,c5
4313,0.186323,0.38854152,0.42513543,c5
6990,0.36024877,0.37584862,0.26390263,c5
12058,0.23751807,0.22593889,0.5365431,c234
15750,0.042876255,0.1576197,0.7995041,c5
11637,0.42237243,0.34015495,0.2374726,c234
11682,0.38886204,0.38299835,0.2281396,c234
3463,0.095539786,0.33761773,0.56684244,c234
13195,0.31094006,0.2719935,0.41706645,c234
8360,0.48780546,0.33359495,0.17859964,c1
5114,0.5036021,0.3492995,0.1470984,c5
14579,0.17839801,0.2677487,0.5538533,c5
8337,0.6054614,0.2724968,0.122041814,c1
17521,0.38782263,0.34169802,0.2704794,c5
11440,0.3258907,0.4537966,0.22031276,c234
10881,0.48734164,0.2789477,0.23371063,c234
6487,0.26771653,0.33361876,0.39866468,c1
2319,0.28417748,0.35237452,0.363448,c5
2666,0.17855394,0.3346394,0.4868067,c5
9282,0.34361747,0.34831885,0.3080637,c234
1806,0.24352163,0.35129002,0.40518832,c5
7863,0.56703806,0.2607812,0.17218077,c234
5628,0.37670338,0.26812145,0.35517514,c5
18153,0.24628049,0.349025,0.40469447,c234
14897,0.26908678,0.33709496,0.39381826,c234
8509,0.34407032,0.405787,0.2501427,c5
123,0.62624526,0.2760799,0.097674884,c234
2659,0.3517663,0.38885915,0.2593746,c1
9690,0.35958317,0.339505,0.30091187,c5
19789,0.4423293,0.32491598,0.23275474,c1
5152,0.27336472,0.3553091,0.3713262,c234
4974,0.37432745,0.35081267,0.27485982,c1
8728,0.7623781,0.16346723,0.07415465,c1
7042,0.52541304,0.28058043,0.19400653,c1
9375,0.14505126,0.2800885,0.5748603,c234
10513,0.21280773,0.1799104,0.6072818,c234
4360,0.24622372,0.25439236,0.49938393,c5
14178,0.31398058,0.41773415,0.2682852,c234
6978,0.77208537,0.16122583,0.066688806,c1
5087,0.36280155,0.3783456,0.2588528,c1
15151,0.2426922,0.30544412,0.45186365,c5
13541,0.32502666,0.4023537,0.27261963,c5
3643,0.35123238,0.3781167,0.27065086,c1
14345,0.2793267,0.3610025,0.35967082,c1
2354,0.30258372,0.32233268,0.37508357,c5
4552,0.27412477,0.3853842,0.34049106,c5
18589,0.24607168,0.35030308,0.4036252,c234
19454,0.12793612,0.3857894,0.48627448,c234
16573,0.27793792,0.45069212,0.27136993,c1
15546,0.28885695,0.26543233,0.44571075,c5
7198,0.31911543,0.342032,0.3388526,c1
6215,0.4417525,0.320851,0.23739657,c234
19421,0.22640654,0.33988374,0.43370974,c5
16177,0.35711128,0.37409413,0.2687946,c1
15858,0.36067468,0.25748125,0.3818441,c5
13811,0.20113494,0.4498661,0.34899893,c234
11630,0.81044096,0.12364296,0.065916,c1
6297,0.32117862,0.28593,0.3928914,c5
19165,0.23721536,0.3432042,0.4195805,c234
5755,0.2325359,0.42996207,0.33750197,c234
17377,0.28259924,0.23444389,0.48295686,c5
329,0.227512,0.25332102,0.51916695,c5
12791,0.31120977,0.4123539,0.27643636,c1
6247,0.21478431,0.3907076,0.39450806,c5
18864,0.69195133,0.2241951,0.08385349,c234
15585,0.4068088,0.3753839,0.21780728,c1
1827,0.20044646,0.35489532,0.44465825,c234
15196,0.23753367,0.38638067,0.37608564,c234
14874,0.08989663,0.15013903,0.75996435,c5
19619,0.30381513,0.35778496,0.33839992,c1
6516,0.20553705,0.16914177,0.6253212,c5
19754,0.27423015,0.32067046,0.40509936,c5
10672,0.44919357,0.2740617,0.2767447,c5
2868,0.48426843,0.37605152,0.13968003,c234
18224,0.38113347,0.39361066,0.22525588,c234
17790,0.18498117,0.37535,0.4396688,c1
7968,0.2876589,0.3068671,0.40547404,c5
10763,0.41531438,0.3694784,0.21520714,c234
11147,0.16414873,0.31367764,0.52217364,c5
15487,0.3033974,0.36159885,0.3350038,c5
5602,0.4401527,0.314653,0.24519433,c234
10460,0.3249361,0.28052855,0.39453533,c5
12960,0.43995708,0.31379429,0.2462486,c1
5736,0.35696667,0.3916268,0.25140652,c1
6640,0.3199343,0.29808033,0.38198534,c234
3075,0.53341633,0.28520793,0.18137576,c1
15451,0.32075253,0.161875,0.5173724,c5
15808,0.17120738,0.41378644,0.4150062,c5
17102,0.19592078,0.33408672,0.46999246,c234
9347,0.5181437,0.27340734,0.20844895,c5
15383,0.2093799,0.4072702,0.38334993,c1
2178,0.55716664,0.22263207,0.22020128,c1
18836,0.28673425,0.3963413,0.31692445,c1
9042,0.46453667,0.35072023,0.18474312,c1
10540,0.31022555,0.36988848,0.319886,c5
1875,0.13230576,0.5528059,0.31488833,c234
9322,0.24401882,0.3737632,0.38221803,c5
2403,0.15472378,0.12809362,0.71718264,c5
6530,0.21162736,0.16982116,0.6185515,c1
4819,0.4189456,0.3453213,0.23573317,c5
10446,0.50953376,0.3262231,0.16424319,c1
19667,0.3695909,0.37498242,0.25542665,c234
19693,0.4128584,0.3798004,0.20734115,c1
4138,0.25734758,0.45998296,0.2826695,c1
11118,0.44013786,0.33916545,0.22069664,c234
15379,0.11221855,0.33490017,0.55288124,c5
6462,0.6500896,0.25419822,0.09571221,c234
7023,0.21637365,0.2730535,0.5105729,c5
14899,0.38126054,0.41154405,0.2071954,c234
4646,0.31929222,0.4731632,0.20754454,c234
19168,0.25320652,0.34393677,0.40285668,c234
11175,0.49786747,0.25635618,0.24577636,c1
19655,0.35141572,0.30474892,0.34383538,c5
808,0.1910711,0.3557781,0.45315084,c234
3436,0.2575224,0.36410913,0.37836847,c5
9840,0.30877253,0.3736764,0.31755108,c234
14539,0.312813,0.43489924,0.25228778,c234
19510,0.5317166,0.23314062,0.2351428,c1
266,0.17582732,0.47255462,0.35161805,c234
4146,0.37755835,0.2887998,0.33364186,c5
9965,0.28920716,0.37019494,0.34059793,c234
18969,0.20133774,0.36044964,0.43821263,c234
3778,0.056221973,0.17002344,0.77375454,c5
19204,0.29720747,0.35966703,0.34312543,c1
12268,0.31153712,0.5390981,0.1493648,c234
6061,0.26736182,0.43075836,0.3018798,c5
7965,0.14728248,0.29305795,0.5596596,c5
17553,0.12969069,0.273798,0.5965113,c234
5078,0.3066198,0.43512735,0.25825283,c234
1790,0.46971783,0.32463422,0.20564793,c234
1112,0.5318338,0.29979756,0.16836862,c5
9358,0.4434952,0.32604066,0.23046418,c234
19871,0.23088592,0.14424004,0.62487394,c5
13188,0.21244071,0.33723062,0.4503287,c5
10343,0.43668637,0.33700666,0.226307,c234
18397,0.11890875,0.36679995,0.51429135,c5
3642,0.66770464,0.07940689,0.2528884,c5
14394,0.20155655,0.39013532,0.40830818,c1
18099,0.42554933,0.29050472,0.28394592,c234
12392,0.3978531,0.30899048,0.29315642,c5
19927,0.34550712,0.4115593,0.24293353,c1
16724,0.26407197,0.43446192,0.30146608,c234
13040,0.20335685,0.2773145,0.51932865,c5
18962,0.4027171,0.21873602,0.37854686,c5
11317,0.27859694,0.35619888,0.36520422,c5
3767,0.16979855,0.3321719,0.49802953,c1
12223,0.31800228,0.3113524,0.37064537,c5
7336,0.14692403,0.38670292,0.466373,c234
6976,0.22754,0.33038503,0.44207492,c1
11281,0.3797687,0.44145313,0.17877816,c5
13594,0.5292089,0.22760406,0.24318705,c5
17916,0.23727629,0.309154,0.45356968,c234
10342,0.33117184,0.34027854,0.32854962,c234
4984,0.36637083,0.19364233,0.43998685,c234
17172,0.053731907,0.2223733,0.7238948,c1
11648,0.22849476,0.322336,0.44916928,c5
3136,0.5593734,0.31458196,0.12604469,c234
17330,0.4451119,0.19926812,0.35562003,c234
18827,0.35460192,0.39435717,0.25104094,c234
7299,0.3835433,0.38235343,0.2341033,c1
13243,0.82010823,0.1440565,0.035835262,c1
2981,0.1829911,0.23341857,0.58359027,c1
3472,0.25487497,0.33756906,0.407556,c5
2633,0.33805043,0.37287617,0.2890734,c234
7670,0.4699855,0.37517068,0.15484379,c1
19360,0.7530099,0.1758164,0.07117369,c5
12354,0.85863703,0.067641735,0.07372126,c5
18265,0.11611733,0.17239882,0.71148384,c234
17405,0.4230003,0.36559084,0.21140882,c1
10844,0.5534346,0.2481802,0.19838521,c234
2013,0.16134307,0.3261652,0.51249176,c5
15705,0.36405128,0.2680937,0.36785498,c5
12483,0.171599,0.20027666,0.62812436,c5
12229,0.34754965,0.31640324,0.33604708,c5
18539,0.39687997,0.42026815,0.18285187,c5
10237,0.24173838,0.33362955,0.42463207,c5
4935,0.3909869,0.3894471,0.21956599,c5
1929,0.41317376,0.4410662,0.1457601,c234
2065,0.33226198,0.34365025,0.32408777,c234
15806,0.63149166,0.2755967,0.092911586,c1
871,0.08676669,0.35083878,0.5623945,c5
18114,0.28268996,0.4209161,0.29639393,c5
18794,0.20429008,0.19533874,0.6003712,c1
2144,0.6431188,0.26117823,0.095702976,c1
558,0.2655422,0.3548739,0.3795839,c5
4932,0.36739022,0.11944107,0.51316875,c5
7016,0.36056635,0.37505642,0.26437727,c234
14025,0.36354715,0.19348097,0.44297183,c5
14060,0.5263146,0.28860503,0.18508029,c1
4316,0.5310106,0.22488675,0.24410264,c1
9981,0.33875343,0.32155493,0.3396916,c1
5436,0.22209564,0.32598248,0.45192185,c234
16491,0.35669124,0.3357327,0.30757612,c1
4848,0.4358987,0.42854673,0.13555458,c1
12218,0.19563784,0.37877062,0.42559156,c234
5680,0.32194647,0.30336908,0.37468448,c5
9020,0.2738974,0.31108075,0.41502184,c1
18556,0.09872364,0.42665192,0.47462437,c1
10660,0.5537435,0.33099827,0.11525823,c1
1092,0.17779459,0.31405887,0.5081466,c234
17104,0.42778623,0.38053393,0.1916799,c234
10642,0.45679733,0.3399386,0.20326407,c1
18606,0.45467317,0.221952,0.32337484,c234
10239,0.30101204,0.45310795,0.24587998,c234
2281,0.4855356,0.43104818,0.08341629,c1
920,0.51177746,0.35335085,0.13487172,c234
7012,0.36905128,0.36726096,0.26368773,c5
18433,0.27942142,0.35399154,0.3665871,c1
5651,0.20869872,0.31896538,0.47233585,c1
10358,0.2139038,0.4738668,0.31222937,c234
16033,0.30240694,0.29777613,0.399817,c5
2424,0.28985968,0.36492047,0.34521985,c5
11486,0.1659573,0.35452533,0.4795173,c1
19862,0.21559098,0.43051407,0.35389498,c234
18384,0.34273282,0.25092083,0.40634638,c1
10820,0.5533555,0.32279804,0.1238465,c1
9754,0.45679733,0.3399386,0.20326407,c1
15586,0.27593845,0.3799064,0.34415513,c1
9306,0.54604024,0.28936532,0.1645945,c5
15482,0.35601112,0.4197932,0.22419567,c5
16283,0.21263003,0.36510974,0.4222603,c5
13530,0.21916722,0.14849195,0.6323408,c5
10279,0.24185535,0.3940314,0.36411324,c5
7059,0.24898049,0.24605902,0.5049605,c234
2706,0.11884584,0.5071653,0.3739888,c234
18872,0.5155163,0.3815238,0.10295989,c234
6037,0.039403353,0.09805759,0.86253905,c5
15643,0.11867693,0.27173537,0.6095877,c5
16032,0.18317722,0.3201779,0.49664482,c5
544,0.25615472,0.48472705,0.2591182,c234
8859,0.15318307,0.32524237,0.52157456,c5
10657,0.15911601,0.2806969,0.56018704,c5
8559,0.1738209,0.4243772,0.4018019,c5
8381,0.07933093,0.27081418,0.6498549,c5
6527,0.45679733,0.3399386,0.20326407,c1
15647,0.67073697,0.2240625,0.10520056,c1
9547,0.19427916,0.43609166,0.36962914,c234
5630,0.36920643,0.278514,0.35227954,c5
5210,0.26174405,0.3671189,0.37113708,c1
11490,0.40714228,0.34501177,0.24784593,c1
1720,0.10819043,0.29889634,0.59291327,c1
16260,0.2884565,0.36294034,0.34860313,c234
1748,0.3917971,0.49133122,0.1168717,c234
8160,0.19460389,0.26802212,0.5373739,c5
268,0.2519608,0.24205083,0.50598836,c5
19136,0.29920352,0.28525546,0.41554102,c1
2010,0.1662174,0.24529456,0.5884881,c234
9379,0.13281259,0.26812658,0.5990609,c234
15595,0.52701473,0.30882823,0.16415711,c5
1100,0.33152804,0.4064701,0.26200187,c234
261,0.09220742,0.3261486,0.5816439,c1
11799,0.020504002,0.099873506,0.8796225,c5
10579,0.16711926,0.3173522,0.51552844,c1
9092,0.47164446,0.3367952,0.19156031,c234
9582,0.3786348,0.352297,0.26906818,c234
4674,0.2187206,0.39027667,0.39100277,c234
15407,0.37937412,0.30702847,0.3135974,c5
1041,0.10075315,0.35402107,0.54522574,c5
18189,0.27458847,0.24153033,0.48388115,c234
13029,0.36484146,0.38076937,0.25438914,c1
1989,0.32110235,0.47107184,0.20782581,c1
3270,0.43041146,0.25620994,0.31337857,c5
6211,0.6305377,0.27726254,0.092199795,c1
15325,0.53058773,0.35859928,0.11081304,c234
18279,0.6725915,0.24223633,0.08517222,c234
13876,0.58494157,0.11458301,0.30047548,c1
13950,0.6391831,0.25948602,0.10133084,c5
6078,0.4062467,0.3817578,0.2119955,c5
18349,0.13298124,0.31793973,0.549079,c5
2542,0.26723942,0.42624506,0.3065155,c1
295,0.17058909,0.3690648,0.46034616,c1
18747,0.32085884,0.35432202,0.32481918,c234
5938,0.32608,0.27546367,0.39845636,c1
8397,0.56112987,0.30602646,0.1328436,c234
18009,0.2172191,0.41821778,0.3645631,c5
15967,0.65915364,0.24579616,0.095050156,c1
8165,0.40006563,0.25603235,0.34390208,c5
17996,0.5392536,0.21831687,0.24242955,c1
19626,0.11684106,0.2997311,0.58342785,c1
8623,0.09087776,0.22762236,0.6814999,c5
6183,0.19750948,0.34597996,0.45651045,c5
1900,0.23991147,0.3265576,0.4335309,c234
6503,0.05800953,0.27892196,0.6630685,c5
19009,0.16575913,0.40905002,0.42519084,c234
10254,0.14328389,0.2633384,0.5933777,c5
11252,0.13520217,0.27328384,0.591514,c234
1981,0.22308315,0.41259056,0.36432624,c1
443,0.302631,0.30351964,0.3938494,c234
8188,0.65803736,0.2398183,0.10214438,c1
640,0.25406256,0.3355036,0.41043386,c5
10375,0.00271444,0.02227566,0.9750099,c5
15362,0.1861501,0.23199359,0.58185637,c234
10088,0.36560223,0.33729944,0.2970983,c234
226,0.39258933,0.32336047,0.2840502,c234
8660,0.25740093,0.30732688,0.4352722,c234
19265,0.1997666,0.29740474,0.50282866,c234
19345,0.16144013,0.28780517,0.55075467,c5
13941,0.3627133,0.32507285,0.31221387,c234
12842,0.48666072,0.36144346,0.15189578,c234
1190,0.40323704,0.33832115,0.2584418,c234
3459,0.24065007,0.39456132,0.36478862,c234
13313,0.37507522,0.36998555,0.25493926,c5
4808,0.26093364,0.33153442,0.40753195,c1
627,0.5974875,0.26003143,0.14248106,c234
10144,0.49224114,0.32287034,0.18488856,c234
2898,0.32281646,0.42888626,0.24829729,c5
8132,0.44396695,0.21526828,0.3407648,c234
18098,0.39817098,0.3446429,0.25718617,c1
5290,0.29275596,0.324388,0.382856,c234
602,0.28054157,0.5544374,0.16502102,c5
14702,0.48013854,0.27528635,0.24457514,c234
10866,0.51898515,0.34763274,0.1333821,c1
9393,0.22633164,0.57346666,0.2002017,c1
2744,0.32618487,0.40765154,0.2661636,c5
11525,0.24042533,0.34432542,0.41524923,c5
13236,0.4156293,0.23689559,0.3474751,c234
4774,0.16084446,0.31921995,0.5199356,c5
17911,0.4295329,0.36988735,0.20057975,c1
16580,0.16134307,0.3261652,0.51249176,c234
17896,0.5299285,0.356849,0.11322253,c1
9842,0.27814865,0.31175253,0.41009885,c234
19042,0.3044469,0.32294944,0.37260368,c234
14765,0.48797226,0.32066205,0.19136573,c1
2053,0.1551135,0.29764327,0.54724324,c5
14015,0.11998811,0.2842795,0.5957324,c234
8533,0.30345964,0.34206277,0.35447755,c234
4338,0.51159114,0.3263106,0.16209823,c5
5829,0.07374899,0.056220375,0.8700307,c5
17025,0.43827975,0.23713736,0.32458296,c1
3737,0.609383,0.28430796,0.10630908,c1
3026,0.38027632,0.27996102,0.33976263,c5
4262,0.38550484,0.44647756,0.16801763,c234
6706,0.43401146,0.35146475,0.2145238,c5
10188,0.2747107,0.35668612,0.3686032,c1
13141,0.44985425,0.36462176,0.185524,c1
7546,0.63149166,0.2755967,0.092911586,c234
18399,0.34867963,0.33153903,0.31978133,c1
372,0.33066037,0.44485843,0.22448115,c234
17186,0.4699855,0.37517068,0.15484379,c5
19992,0.37995246,0.3688156,0.25123194,c5
3947,0.2708892,0.36658812,0.36252275,c5
5928,0.41380554,0.37885714,0.20733725,c1
5222,0.27691284,0.11744478,0.60564244,c5
5270,0.32885033,0.4577313,0.21341841,c5
3207,0.2654609,0.28789815,0.44664094,c5
3481,0.22820318,0.20951355,0.56228334,c5
17679,0.43458074,0.325444,0.23997524,c234
12520,0.49224114,0.32287034,0.18488856,c1
1458,0.503037,0.25643018,0.24053285,c234
12334,0.2961268,0.21204993,0.49182323,c5
11153,0.30927888,0.2744521,0.4162691,c1
13770,0.323773,0.33564642,0.34058055,c234
17487,0.3947585,0.24076416,0.36447737,c1
8054,0.19613396,0.44788727,0.35597876,c234
9630,0.5446299,0.34364328,0.111726865,c234
5903,0.1378883,0.21951827,0.6425935,c5
8814,0.35378712,0.2127279,0.43348503,c1
15594,0.39655763,0.4711904,0.13225204,c234
8507,0.35256234,0.33399752,0.31344017,c5
17356,0.32837722,0.23459001,0.43703276,c234
13909,0.3473668,0.3265461,0.3260871,c234
14448,0.33030933,0.51217204,0.15751863,c1
7568,0.28462237,0.37892786,0.3364498,c234
16897,0.12239156,0.28777003,0.5898384,c5
10161,0.23919518,0.2837946,0.47701022,c234
2091,0.16865265,0.3443064,0.48704088,c234
2672,0.094960175,0.28026354,0.6247763,c5
15645,0.21382841,0.48580676,0.30036485,c5
4307,0.14613175,0.3549148,0.49895352,c5
5724,0.316393,0.43108726,0.2525198,c1
14426,0.15641586,0.3143943,0.5291898,c1
4976,0.30626723,0.38717154,0.3065612,c5
14815,0.45587286,0.27669394,0.2674332,c1
4388,0.3561602,0.36384165,0.27999818,c5
11213,0.59399927,0.26454037,0.14146039,c234
7522,0.51929116,0.21941859,0.2612903,c234
4721,0.42928824,0.38199806,0.1887137,c234
15111,0.5517914,0.2972,0.15100859,c1
347,0.29191074,0.23365971,0.4744296,c5
1169,0.33465317,0.36996412,0.29538265,c5
18425,0.3375506,0.34908724,0.31336215,c5
4669,0.37053156,0.32041532,0.30905303,c1
807,0.091924556,0.28750634,0.6205691,c5
6868,0.21128856,0.41579297,0.37291846,c234
18437,0.36864743,0.4361572,0.19519533,c234
6235,0.4444671,0.22518492,0.330348,c234
10953,0.19563945,0.37073544,0.43362513,c1
19457,0.3417212,0.32070404,0.33757478,c1
17800,0.30815655,0.40897655,0.28286687,c234
11199,0.35149705,0.37463036,0.27387255,c1
10173,0.32120177,0.38963258,0.28916565,c1
17502,0.45661882,0.35251606,0.19086517,c1
6939,0.47106835,0.32352576,0.20540592,c234
12798,0.45679733,0.3399386,0.20326407,c1
18744,0.38317537,0.35882232,0.25800234,c234
434,0.18529087,0.34652627,0.4681829,c5
6817,0.23261195,0.27945367,0.48793432,c234
9565,0.18370302,0.34502858,0.47126842,c5
14599,0.45763266,0.4033511,0.13901633,c234
3141,0.20869802,0.43980545,0.35149658,c234
7844,0.3536754,0.36468372,0.2816409,c1
3914,0.1449266,0.3397782,0.5152952,c5
12794,0.21638669,0.28400815,0.49960518,c5
18896,0.33851698,0.24168916,0.4197939,c1
9458,0.15492837,0.4187744,0.4262972,c234
10861,0.40483665,0.36810124,0.2270621,c5
5008,0.1684096,0.4244146,0.40717578,c234
13918,0.6273877,0.21860212,0.1540102,c1
5147,0.60581905,0.28995487,0.10422615,c234
3219,0.2842376,0.38640782,0.32935458,c234
11554,0.30071282,0.36261192,0.3366753,c234
7018,0.31616306,0.32563895,0.35819796,c1
6924,0.26393855,0.4861424,0.24991907,c5
10782,0.30513176,0.35352033,0.34134796,c234
7754,0.2927891,0.23381135,0.47339955,c1
19763,0.24046281,0.46479493,0.29474232,c1
7843,0.43948138,0.31441376,0.24610487,c234
18888,0.31437364,0.29138008,0.3942463,c234
5390,0.2892799,0.31468529,0.3960348,c5
12128,0.33680198,0.31349063,0.3497074,c234
4657,0.41553572,0.38917825,0.19528604,c234
11298,0.33017752,0.32623723,0.34358522,c1
16787,0.41069826,0.23982166,0.3494801,c234
15558,0.60451263,0.2611613,0.13432613,c1
3677,0.3795115,0.35885975,0.2616287,c1
6895,0.4335447,0.28243697,0.28401837,c1
15406,0.32548222,0.2660894,0.40842837,c1
19282,0.6665056,0.1751757,0.15831873,c1
19697,0.45679733,0.3399386,0.20326407,c234
16271,0.43387836,0.3263823,0.2397393,c5
16555,0.7383356,0.14961188,0.11205249,c1
10284,0.49557933,0.35354087,0.1508798,c1
18168,0.41520232,0.22655247,0.3582452,c1
9898,0.21872805,0.35077593,0.43049604,c234
12191,0.4860502,0.37510747,0.13884234,c234
9003,0.42880994,0.32834694,0.24284315,c1
9063,0.5097722,0.26751184,0.22271594,c1
888,0.3915243,0.34253582,0.2659399,c1
17769,0.19845007,0.40120658,0.4003433,c234
17376,0.4175604,0.31153506,0.2709046,c234
7301,0.15990666,0.35649243,0.4836009,c1
14516,0.053602286,0.33168226,0.6147155,c5
1301,0.19124287,0.475689,0.33306813,c5
5010,0.22960658,0.340244,0.43014947,c234
2318,0.4531298,0.3638868,0.18298346,c1
19408,0.7055172,0.23339675,0.061086092,c1
18135,0.466421,0.25876483,0.27481416,c1
17909,0.5901646,0.25600043,0.15383497,c234
15798,0.1491881,0.24854949,0.6022625,c5
13721,0.3754398,0.43330142,0.19125885,c1
5771,0.31789693,0.44533646,0.2367666,c1
5671,0.28045318,0.34398764,0.37555918,c1
15561,0.15352237,0.40195093,0.4445267,c234
17273,0.7649301,0.16356392,0.071505934,c1
16460,0.23774438,0.45534915,0.30690643,c1
11994,0.6355493,0.27665192,0.087798685,c234
9617,0.69195133,0.2241951,0.08385349,c234
4181,0.36044303,0.39285564,0.24670136,c234
12721,0.33646172,0.37681937,0.28671888,c5
10090,0.2996034,0.3488616,0.351535,c234
6136,0.20597471,0.34614033,0.44788498,c5
4653,0.41352808,0.31194174,0.27453017,c1
13071,0.45716757,0.34975433,0.19307815,c234
17387,0.9731663,0.01230857,0.01452513,c234
10988,0.2219589,0.36363667,0.4144045,c5
15403,0.43135947,0.28173518,0.28690532,c5
17883,0.106726125,0.16967575,0.7235981,c5
18697,0.11354751,0.5236189,0.36283362,c234
7117,0.65915364,0.24579616,0.095050156,c234
15050,0.67471963,0.19815464,0.12712578,c1
149,0.36356917,0.41919088,0.21724002,c234
1642,0.39115685,0.39349085,0.21535225,c234
8433,0.2062689,0.4589536,0.3347775,c234
6921,0.376769,0.44702983,0.17620112,c234
5019,0.19937934,0.46220884,0.33841187,c5
7678,0.2786778,0.293642,0.4276802,c234
6450,0.37897906,0.41355005,0.20747092,c1
6444,0.16779862,0.30463615,0.52756524,c1
15722,0.26972145,0.38182834,0.34845018,c5
15135,0.34817734,0.3692516,0.28257108,c5
11541,0.4959959,0.36101303,0.14299111,c234
8453,0.4346092,0.28955832,0.27583253,c234
16929,0.22267154,0.2865237,0.4908047,c234
18682,0.26743644,0.23614565,0.4964179,c234
12263,0.305408,0.3767564,0.31783563,c234
9727,0.2906189,0.3928393,0.31654176,c5
11543,0.205678,0.29018474,0.5041373,c5
18867,0.7302463,0.19921649,0.07053723,c1
3598,0.17948243,0.284465,0.5360526,c1
3154,0.4624348,0.34087503,0.19669023,c1
12207,0.31809965,0.41887248,0.26302785,c5
15094,0.7208671,0.20926993,0.06986294,c234
18771,0.38273323,0.29096216,0.32630464,c1
12576,0.2720708,0.40116203,0.32676715,c5
2416,0.6453026,0.21677324,0.13792412,c1
2650,0.42442036,0.24162562,0.33395404,c234
16785,0.06563849,0.10436329,0.82999814,c5
4682,0.4169615,0.39045566,0.19258289,c5
16095,0.2605969,0.41803738,0.32136568,c234
8121,0.36088482,0.3678432,0.27127197,c234
12410,0.14787357,0.12533717,0.72678924,c234
19978,0.25138372,0.23260833,0.51600796,c5
13462,0.57094055,0.22908041,0.19997904,c234
7275,0.24506818,0.5499463,0.20498548,c234
18695,0.42163432,0.3456264,0.23273923,c5
11924,0.15956166,0.3360227,0.5044157,c234
3052,0.65915364,0.24579616,0.095050156,c1
18017,0.29629436,0.22134942,0.48235616,c5
3496,0.32531485,0.3284745,0.34621063,c234
16352,0.24875776,0.37921333,0.37202886,c5
12864,0.45590478,0.2973553,0.24673998,c5
1036,0.27567935,0.42722964,0.29709098,c5
15597,0.09738685,0.38029176,0.5223214,c5
566,0.41379923,0.35407105,0.23212977,c234
490,0.35933405,0.25682744,0.38383847,c5
10341,0.45368165,0.37889487,0.16742346,c234
2858,0.15591265,0.1839406,0.6601467,c234
1550,0.2782111,0.33798906,0.38379985,c234
18118,0.27713582,0.3696231,0.35324115,c234
11978,0.13751763,0.4796953,0.38278702,c5
5918,0.15401079,0.40131855,0.44467062,c234
9891,0.3930377,0.40263486,0.20432743,c234
10589,0.40466836,0.4318105,0.16352122,c234
219,0.1999877,0.30427027,0.4957421,c234
55,0.34908584,0.40424854,0.2466656,c1
13703,0.29240358,0.4513968,0.2561997,c1
11808,0.23783982,0.21945494,0.54270524,c5
17282,0.3396711,0.20763388,0.45269507,c5
13043,0.7880659,0.16868764,0.04324645,c1
4535,0.4934903,0.24902901,0.25748068,c234
7174,0.69823736,0.23450151,0.067261145,c234
13932,0.60773796,0.23668085,0.15558125,c1
1201,0.31791177,0.39496437,0.28712386,c234
6938,0.13096543,0.3337293,0.53530526,c5
7110,0.44750714,0.318586,0.23390687,c234
17685,0.33959603,0.31804976,0.3423542,c234
11517,0.3884108,0.4336157,0.17797345,c1
11989,0.22442497,0.38153633,0.39403862,c1
3011,0.43468633,0.31883484,0.24647883,c234
17006,0.23649533,0.45031783,0.3131868,c5
19803,0.49443,0.31871688,0.18685319,c5
3001,0.2649907,0.4071309,0.32787845,c234
1196,0.35251254,0.31604144,0.331446,c5
8493,0.14766727,0.3216603,0.53067243,c5
4635,0.561944,0.3215397,0.116516285,c234
18267,0.334721,0.3618303,0.30344865,c234
5264,0.11985887,0.30942342,0.57071775,c5
14578,0.294777,0.35314196,0.352081,c1
7046,0.42058694,0.2582147,0.32119834,c234
2600,0.5949493,0.30705014,0.09800056,c234
12458,0.30187622,0.40255606,0.2955677,c5
9091,0.28085363,0.40924793,0.3098984,c234
3184,0.5156058,0.36634794,0.11804628,c234
1037,0.46615052,0.37489548,0.15895405,c234
6356,0.27391413,0.22246855,0.50361735,c5
4972,0.28698173,0.49901953,0.21399868,c1
3957,0.43942308,0.38072821,0.17984863,c1
19091,0.32571092,0.35346723,0.32082188,c5
8020,0.32964963,0.37264302,0.29770738,c1
107,0.5292089,0.22760408,0.24318705,c234
6857,0.30198798,0.25683156,0.4411805,c5
16967,0.18663402,0.44450408,0.36886194,c234
3315,0.2503684,0.44917887,0.30045274,c5
17179,0.4184652,0.43495092,0.14658387,c234
17037,0.49068233,0.35411212,0.15520556,c1
12645,0.45679733,0.3399386,0.20326407,c5
234,0.3304427,0.38574228,0.2838151,c234
6307,0.24869587,0.35541424,0.39588988,c1
3027,0.3459396,0.50140405,0.15265633,c234
16859,0.31762007,0.35110617,0.3312738,c5
13450,0.34640288,0.45987302,0.19372413,c5
12403,0.15587968,0.48223022,0.3618901,c1
12059,0.5382441,0.3095768,0.15217905,c5
11409,0.27441427,0.38845244,0.3371333,c234
127,0.06043699,0.3619757,0.57758725,c5
19263,0.033940803,0.25579897,0.71026015,c234
7120,0.4550597,0.36935902,0.1755813,c1
5682,0.7302463,0.19921649,0.07053723,c1
285,0.336796,0.3428587,0.32034528,c5
18579,0.12402445,0.28040755,0.59556806,c5
17401,0.3478389,0.30321354,0.34894753,c1
19137,0.26248947,0.40071982,0.33679068,c234
13822,0.47374582,0.39213043,0.13412379,c234
2926,0.16677666,0.34784365,0.48537973,c5
16349,0.22481795,0.31750223,0.45767984,c234
15202,0.3704648,0.2872921,0.34224313,c234
13743,0.12574136,0.31283057,0.561428,c5
6626,0.35589728,0.32662362,0.31747907,c1
6191,0.2807963,0.4088585,0.31034523,c1
16826,0.48383436,0.32702288,0.18914269,c1
13087,0.26611367,0.30490506,0.42898127,c234
18208,0.39372098,0.3850483,0.2212307,c234
17737,0.45661882,0.35251606,0.19086517,c5
6373,0.55463135,0.29015103,0.15521769,c1
1086,0.43553767,0.39286295,0.17159939,c1
18276,0.42230028,0.35677835,0.22092137,c234
15656,0.46359634,0.29389203,0.24251164,c234
2701,0.2456578,0.39665648,0.35768574,c234
9780,0.5065638,0.3660976,0.12733868,c1
13495,0.3045973,0.43174952,0.26365316,c5
8546,0.14612252,0.49784762,0.35602987,c234
12763,0.3277661,0.39464107,0.27759287,c1
7611,0.111655325,0.29244107,0.5959036,c5
17119,0.65915364,0.24579616,0.095050156,c1
10227,0.23704997,0.30149117,0.46145886,c5
1450,0.4368621,0.3504108,0.21272711,c1
3836,0.31545275,0.36951244,0.31503475,c234
733,0.30710542,0.3437646,0.34912995,c1
7701,0.75345486,0.034206003,0.21233918,c1
14283,0.4612979,0.3822686,0.15643357,c234
12264,0.43004835,0.33482364,0.23512806,c5
17292,0.42012858,0.39967412,0.18019736,c234
17655,0.20985897,0.41669044,0.37345055,c234
14123,0.29107738,0.40109777,0.30782482,c5
19933,0.2978321,0.46521106,0.23695685,c234
11964,0.46329492,0.29603684,0.24066822,c1
13737,0.24562052,0.3474664,0.4069131,c5
13329,0.3142477,0.32638997,0.35936233,c1
10695,0.35153747,0.4146282,0.23383436,c234
19561,0.3087321,0.2623076,0.42896026,c5
4328,0.65982926,0.17954701,0.16062379,c1
13340,0.5747856,0.2563272,0.1688872,c5
167,0.25122386,0.37360945,0.37516665,c1
1343,0.5643057,0.26883435,0.16685985,c234
2581,0.28539446,0.34921005,0.3653955,c234
18506,0.4104504,0.32837313,0.26117644,c234
482,0.25300834,0.40873265,0.33825907,c5
8366,0.37465468,0.32322848,0.30211687,c1
17202,0.3099043,0.38597518,0.30412048,c234
5875,0.20355919,0.329443,0.4669978,c234
17583,0.46957585,0.2115734,0.3188508,c234
3760,0.4239112,0.37800828,0.19808044,c1
6132,0.28821427,0.3225936,0.3891922,c1
5566,0.53518426,0.31720772,0.14760798,c1
16706,0.071828246,0.41160253,0.5165693,c5
11508,0.22819749,0.36198404,0.40981844,c234
3490,0.45288795,0.23284824,0.31426376,c234
7864,0.4293458,0.21201701,0.3586372,c5
13826,0.639444,0.22794914,0.13260688,c234
1583,0.53728646,0.27879646,0.1839171,c1
17484,0.59684396,0.28320143,0.11995464,c234
12431,0.29920352,0.28525546,0.41554102,c5
15158,0.45646343,0.30413616,0.23940043,c5
9588,0.46543166,0.37430093,0.16026738,c1
12683,0.32380977,0.40694,0.26925015,c5
14779,0.55099535,0.25977066,0.18923403,c234
19084,0.144737,0.26331735,0.59194565,c5
8892,0.45237756,0.35638878,0.19123366,c234
7413,0.2149915,0.35072157,0.43428695,c5
2130,0.40032542,0.29984894,0.29982558,c1
5545,0.5578329,0.31691515,0.12525193,c234
7687,0.2108805,0.56781125,0.22130822,c1
19270,0.19581017,0.2959787,0.5082112,c5
14122,0.55063933,0.25151128,0.19784936,c234
2820,0.2219589,0.36363667,0.4144045,c1
13812,0.622842,0.16776814,0.2093899,c234
14595,0.20492053,0.3360998,0.45897967,c5
2421,0.34513116,0.33241865,0.32245016,c234
5254,0.29221803,0.30383712,0.40394488,c1
17704,0.32829866,0.46154404,0.21015732,c1
15598,0.020949354,0.25254062,0.72651005,c5
13543,0.14361224,0.4136553,0.44273242,c1
11300,0.20426753,0.4475607,0.34817177,c234
4139,0.19137526,0.21537934,0.5932454,c5
11706,0.5533555,0.32279804,0.1238465,c1
14992,0.30908683,0.31981868,0.37109452,c234
4882,0.18481927,0.3699315,0.4452493,c1
14470,0.11027941,0.16313949,0.72658104,c234
6417,0.42825013,0.37509528,0.19665462,c234
16574,0.34261253,0.36590979,0.2914777,c5
4044,0.03166951,0.15734813,0.8109823,c5
9569,0.21334864,0.40676165,0.37988976,c5
6348,0.3221692,0.36522305,0.31260777,c234
6044,0.267908,0.44618756,0.28590438,c5
19382,0.28973407,0.21755928,0.49270672,c5
19998,0.34132642,0.3162272,0.34244642,c234
11003,0.45467317,0.221952,0.32337484,c1
1739,0.44937178,0.23051558,0.32011262,c5
5189,0.38969326,0.36853957,0.24176714,c5
5478,0.33447522,0.28729472,0.3782301,c1
15818,0.12845398,0.284067,0.58747905,c5
2237,0.5496134,0.35939312,0.09099344,c1
8678,0.40639952,0.3307698,0.26283062,c234
14772,0.4058865,0.3699221,0.22419144,c5
19778,0.33074212,0.3149673,0.35429066,c5
7914,0.5957297,0.24300754,0.1612627,c1
2473,0.40687895,0.3756166,0.2175044,c234
17126,0.24582073,0.48913166,0.26504755,c1
13961,0.30654454,0.41979608,0.27365935,c5
12214,0.3087368,0.3450274,0.34623584,c1
2135,0.25126457,0.38850367,0.36023176,c5
11055,0.5255794,0.3294171,0.14500347,c5
11915,0.3661856,0.3437182,0.29009613,c5
15109,0.31181133,0.32848486,0.3597038,c1
8172,0.2419436,0.34073538,0.41732106,c5
9858,0.21583562,0.35499325,0.42917112,c234
5862,0.22300522,0.30539873,0.47159603,c5
12875,0.6564479,0.24368627,0.09986585,c1
2138,0.2271866,0.35969982,0.41311365,c5
10155,0.48287868,0.36474887,0.15237248,c234
12378,0.18795903,0.34182122,0.47021973,c5
18207,0.48729184,0.2970093,0.21569891,c1
1034,0.2938975,0.46730235,0.2388001,c1
4442,0.66821903,0.18599622,0.14578472,c234
8154,0.19824007,0.29017743,0.5115825,c5
18449,0.7668104,0.1624714,0.0707181,c1
6702,0.28075355,0.28822586,0.4310206,c1
4903,0.6355493,0.27665192,0.087798685,c1
66,0.38074648,0.45131913,0.1679344,c1
5810,0.27979845,0.30174842,0.41845307,c1
14202,0.4946301,0.28586638,0.21950348,c1
7053,0.21745434,0.4117355,0.37081015,c234
3640,0.41689667,0.30634335,0.27675995,c234
10781,0.53296894,0.35694346,0.11008766,c234
17733,0.23145236,0.43542784,0.33311984,c1
17517,0.23989472,0.4514336,0.30867174,c1
5175,0.2575202,0.3700474,0.3724324,c5
15959,0.40231422,0.44986743,0.14781834,c234
5934,0.36744112,0.2294696,0.4030893,c1
20013,0.29441625,0.20302182,0.502562,c5
977,0.5872427,0.3097569,0.103000365,c5
6707,0.35217392,0.35366192,0.29416415,c5
12605,0.3630808,0.36073217,0.276187,c5
18450,0.17528367,0.16514911,0.65956724,c5
12192,0.27958703,0.4073589,0.31305405,c5
2406,0.25370735,0.53731596,0.20897666,c1
9260,0.08836508,0.38702163,0.5246133,c5
15542,0.24659258,0.30407634,0.4493311,c5
14175,0.31679073,0.39845425,0.28475502,c1
7987,0.21193089,0.35258052,0.43548864,c1
19775,0.11009291,0.32403538,0.5658717,c5
11392,0.43190587,0.40457878,0.16351534,c1
6564,0.325161,0.29362455,0.38121444,c5
18130,0.46372053,0.33873305,0.1975464,c234
9239,0.4888125,0.36895424,0.14223324,c1
14687,0.30415708,0.3614861,0.3343568,c5
6894,0.50820583,0.3193914,0.17240274,c1
11640,0.2941276,0.40112352,0.30474883,c234
6122,0.28564867,0.4916391,0.22271226,c234
17867,0.36971813,0.37461245,0.2556694,c234
13159,0.5450956,0.2773101,0.17759426,c1
18302,0.3520608,0.30340528,0.3445339,c234
19374,0.22771598,0.38326335,0.38902065,c1
16115,0.24612597,0.42780527,0.3260687,c5
8705,0.19496983,0.5117741,0.29325604,c1
16553,0.037827514,0.0792822,0.8828903,c5
2239,0.14333376,0.5056748,0.35099146,c234
3344,0.4255894,0.29811242,0.27629817,c5
18941,0.9295211,0.061179914,0.009299023,c1
3930,0.36628526,0.33877924,0.2949355,c1
5859,0.5642822,0.3014036,0.13431415,c1
3499,0.24120393,0.38524213,0.37355396,c1
7171,0.46839228,0.35091788,0.18068984,c234
3081,0.52676624,0.32976565,0.1434681,c1
18576,0.5156058,0.36634794,0.11804628,c1
6931,0.43008393,0.23940864,0.33050743,c1
8181,0.2316973,0.44676423,0.32153845,c1
7230,0.27146703,0.3970772,0.33145574,c5
5126,0.22905262,0.36995852,0.40098885,c5
19392,0.46425307,0.36413246,0.17161448,c1
7569,0.3174996,0.31854844,0.36395195,c1
7458,0.31439677,0.41009292,0.27551028,c5
4466,0.38896504,0.3342691,0.27676588,c234
14670,0.2071077,0.34167156,0.4512208,c5
4096,0.30814937,0.35589746,0.33595312,c1
1075,0.40544185,0.27211303,0.32244506,c234
186,0.32125688,0.38421476,0.29452837,c234
16412,0.1480153,0.40455192,0.44743282,c5
12452,0.43519884,0.3367472,0.22805399,c1
8590,0.16802055,0.1768026,0.6551769,c5
13429,0.18888395,0.42506188,0.38605413,c1
8167,0.4407399,0.402793,0.15646712,c1
18400,0.24675815,0.4645513,0.2886906,c234
13455,0.18259636,0.4956294,0.3217742,c234
6370,0.07837533,0.26789704,0.65372765,c1
854,0.17438819,0.3204194,0.50519234,c234
7187,0.22427465,0.3578494,0.41787598,c1
15131,0.37949836,0.2584267,0.36207497,c5
18538,0.18704931,0.19972989,0.6132208,c1
16471,0.13574797,0.15295225,0.7112997,c5
13559,0.14871459,0.5335715,0.31771392,c234
18060,0.1327127,0.26469794,0.60258937,c5
19404,0.120558046,0.33490434,0.5445376,c5
9154,0.44892845,0.35878196,0.19228955,c5
937,0.1482671,0.20082614,0.6509068,c234
11495,0.21729015,0.33952618,0.44318366,c5
12833,0.29030085,0.13931428,0.5703848,c234
1337,0.14210837,0.3338475,0.5240441,c5
15286,0.5979381,0.25512946,0.14693245,c234
19017,0.2585059,0.38220146,0.3592927,c234
19826,0.4289217,0.27562264,0.29545563,c1
15175,0.33993462,0.36218205,0.29788333,c234
2765,0.47634956,0.3565209,0.16712959,c1
11279,0.15622617,0.16197017,0.68180364,c5
18404,0.33159876,0.45694396,0.21145733,c5
11853,0.18353513,0.35835654,0.4581083,c5
17110,0.4356271,0.34687784,0.21749498,c234
4243,0.33992657,0.5059164,0.15415698,c1
12506,0.4455049,0.23554261,0.31895247,c1
2815,0.11975946,0.4967898,0.38345075,c5
2166,0.19657098,0.5048575,0.29857156,c1
4989,0.10602589,0.22104308,0.672931,c5
14113,0.6182071,0.23878886,0.14300407,c234
16055,0.4734616,0.36128983,0.16524862,c234
11980,0.40749827,0.3035273,0.28897446,c234
17454,0.36155155,0.30588916,0.33255932,c5
3679,0.32110235,0.47107184,0.20782581,c1
18456,0.2658652,0.30442396,0.42971084,c5
12357,0.10654786,0.17016232,0.72328985,c5
15550,0.40585858,0.3233082,0.2708332,c234
11032,0.36484146,0.38076937,0.25438914,c5
12233,0.15021876,0.27549425,0.574287,c5
13656,0.5090569,0.3416519,0.14929122,c1
5941,0.29244235,0.3333847,0.374173,c1
16468,0.36289698,0.3164669,0.32063615,c234
13478,0.12874414,0.37562293,0.49563292,c5
5224,0.31261602,0.12526068,0.5621233,c1
5801,0.47468674,0.35083878,0.17447443,c1
17918,0.3357689,0.35641518,0.30781585,c5
12958,0.45467317,0.221952,0.32337484,c1
249,0.33078542,0.32633898,0.3428756,c5
1023,0.54190624,0.3477657,0.110328004,c234
13627,0.28503785,0.4129078,0.30205435,c5
2133,0.21649899,0.46792006,0.31558093,c234
12188,0.2395262,0.43089634,0.32957748,c5
13336,0.37525022,0.38915896,0.23559082,c1
11401,0.40114766,0.29117575,0.3076766,c234
15278,0.38040468,0.28980955,0.32978576,c5
10422,0.32052958,0.31902418,0.3604463,c1
13239,0.38362077,0.31468883,0.30169043,c1
5977,0.32553467,0.28791338,0.38655192,c1
18087,0.18235518,0.31597787,0.5016669,c5
4424,0.12516901,0.38200867,0.4928224,c5
1250,0.2916911,0.44724506,0.2610638,c234
4040,0.41314635,0.3278676,0.25898606,c234
326,0.40142822,0.32773945,0.27083233,c1
4849,0.45661882,0.35251606,0.19086517,c234
3248,0.28954443,0.39036426,0.32009134,c234
9881,0.4860502,0.37510747,0.13884234,c1
951,0.1387339,0.45228398,0.40898213,c234
16429,0.250114,0.33303514,0.41685092,c234
1558,0.48941356,0.40675488,0.10383155,c234
2806,0.30919677,0.22141632,0.46938688,c1
13477,0.15751429,0.37517092,0.46731478,c234
3639,0.46434584,0.38056293,0.15509117,c234
7636,0.57612896,0.21852179,0.20534922,c1
18850,0.35800806,0.39173746,0.2502545,c1
18311,0.2060856,0.3469398,0.44697466,c234
4950,0.26623526,0.32903743,0.40472737,c234
1618,0.38130203,0.37471563,0.24398233,c234
7433,0.54295206,0.3217361,0.13531183,c1
11579,0.3741023,0.23026267,0.39563504,c1
2679,0.24528937,0.43159392,0.32311675,c234
9456,0.7383356,0.14961188,0.11205249,c1
949,0.31792516,0.41387504,0.2681998,c234
15530,0.14016978,0.32491705,0.5349131,c234
9665,0.23585014,0.2423634,0.52178645,c5
18428,0.4699378,0.3434162,0.18664603,c234
10725,0.41100472,0.3178543,0.27114093,c234
5125,0.61975634,0.30903482,0.07120883,c234
7245,0.09939525,0.24702746,0.6535773,c5
17111,0.37621692,0.3993141,0.22446898,c1
17842,0.45679733,0.3399386,0.20326407,c234
9609,0.24422409,0.3758312,0.37994465,c234
1718,0.3537393,0.23860338,0.4076573,c234
15177,0.7383356,0.14961188,0.11205249,c1
13900,0.29460478,0.34540993,0.3599853,c234
7540,0.2769997,0.49156708,0.23143321,c234
12226,0.39258596,0.30658707,0.30082697,c5
18949,0.35016447,0.27987656,0.369959,c5
13663,0.2922954,0.3068693,0.40083534,c5
15680,0.4971178,0.3037128,0.19916935,c1
16433,0.27942622,0.42998824,0.29058555,c234
6008,0.46014312,0.37981093,0.16004597,c234
16132,0.17847653,0.4517702,0.36975327,c5
11092,0.28268555,0.40710086,0.3102136,c5
1683,0.31079146,0.40332192,0.28588662,c234
5040,0.29460114,0.3118174,0.3935814,c1
709,0.33358562,0.42991126,0.23650311,c1
3173,0.25283372,0.40507856,0.34208772,c5
6270,0.39348403,0.3110411,0.29547492,c234
10280,0.34177524,0.30414146,0.35408327,c5
14362,0.29030085,0.13931428,0.5703848,c1
16783,0.3063311,0.27921888,0.41445,c234
18895,0.32808793,0.36871997,0.3031921,c234
2305,0.2941168,0.3220909,0.38379234,c5
7357,0.20008144,0.32807764,0.4718409,c5
9545,0.32000706,0.3262182,0.35377482,c234
18089,0.23671877,0.22545375,0.5378275,c234
6396,0.5151046,0.23260897,0.2522864,c1
15350,0.44125184,0.3145728,0.24417537,c234
18788,0.10422581,0.25553787,0.6402363,c5
11407,0.14198835,0.20164247,0.6563692,c5
18049,0.7570058,0.18133642,0.061657794,c1
10550,0.12183681,0.37674263,0.5014206,c234
17763,0.11354751,0.5236189,0.36283362,c1
192,0.5112147,0.24250329,0.24628203,c234
5989,0.42991027,0.3125941,0.2574956,c1
7604,0.5321907,0.35179546,0.116013885,c1
9174,0.2522345,0.33396518,0.41380036,c5
4689,0.1573062,0.36193112,0.48076263,c234
11577,0.65952045,0.22583467,0.11464484,c5
16614,0.44574377,0.33061916,0.2236371,c5
8560,0.38018078,0.24372739,0.37609178,c234
18254,0.3422395,0.31700096,0.3407595,c1
15694,0.24787754,0.2689602,0.4831622,c1
8878,0.28944957,0.35116404,0.35938638,c1
14618,0.36259016,0.3121068,0.32530305,c5
12971,0.4884153,0.34609294,0.1654917,c1
5016,0.28236678,0.38154995,0.33608323,c234
14220,0.3877209,0.29406953,0.31820956,c234
11062,0.16136272,0.33507764,0.50355965,c5
10408,0.27094594,0.2581748,0.4708793,c5
9766,0.35165754,0.4245344,0.22380811,c234
10855,0.2085921,0.47544807,0.3159598,c234
4017,0.5696573,0.29397082,0.13637184,c5
1083,0.22988145,0.2184271,0.5516914,c1
13893,0.34625566,0.35894755,0.29479682,c5
1731,0.32916966,0.3376645,0.33316585,c234
4352,0.24697623,0.4173629,0.33566087,c5
137,0.38110632,0.31984767,0.299046,c234
16550,0.29364064,0.2865479,0.41981146,c5
18525,0.33017564,0.38164774,0.28817663,c1
16962,0.12747629,0.38353708,0.4889867,c234
10246,0.2613331,0.46305928,0.2756076,c5
6107,0.27992973,0.41614255,0.3039277,c1
11288,0.10545637,0.36733356,0.52721006,c5
18481,0.24915583,0.3507788,0.40006536,c5
9450,0.29083398,0.30976185,0.39940417,c1
3966,0.4606156,0.38827842,0.15110596,c234
19551,0.41206685,0.28812853,0.2998047,c5
703,0.21621823,0.33452213,0.44925967,c234
1438,0.3706949,0.45711246,0.1721926,c1
14625,0.3284974,0.38382038,0.28768218,c1
17854,0.1414947,0.40472454,0.45378068,c1
8097,0.28856412,0.39456543,0.31687045,c5
10297,0.21030691,0.38025326,0.40943983,c1
19891,0.5644235,0.27885735,0.1567191,c1
5381,0.84246427,0.0700525,0.08748324,c1
10684,0.24096239,0.36002085,0.39901677,c234
19496,0.29634488,0.25808474,0.44557038,c234
4632,0.45253506,0.39122817,0.15623684,c5
16746,0.42559674,0.2585909,0.31581232,c1
2998,0.09349796,0.5394067,0.3670953,c234
1507,0.4878395,0.3516467,0.16051386,c1
7949,0.169225,0.26394284,0.5668322,c234
9532,0.44619492,0.36488622,0.18891892,c1
1913,0.24992658,0.1643479,0.58572555,c5
15689,0.6018133,0.27432355,0.12386319,c1
809,0.2755879,0.31499067,0.4094215,c5
9071,0.34691635,0.39196998,0.26111367,c5
9586,0.33710742,0.37999967,0.28289294,c1
17745,0.2439318,0.37742147,0.3786467,c5
425,0.44302765,0.38783014,0.16914222,c1
10466,0.47580394,0.3645874,0.15960872,c1
12662,0.30566436,0.44021058,0.2541251,c1
13222,0.40850228,0.35755557,0.2339422,c1
9335,0.36842462,0.32933757,0.3022378,c234
3234,0.28363332,0.37053937,0.34582728,c234
2015,0.46224982,0.37632245,0.1614277,c234
7488,0.45679733,0.3399386,0.20326407,c1
14568,0.21024053,0.4124288,0.3773307,c5
12513,0.58110666,0.16861057,0.25028276,c1
15051,0.38238794,0.31754258,0.3000695,c5
14440,0.3901824,0.3696445,0.24017306,c1
7300,0.4531134,0.2859963,0.26089033,c234
5576,0.32682392,0.322957,0.35021904,c5
6064,0.2718112,0.31882206,0.4093668,c5
19698,0.20238577,0.34832346,0.44929072,c1
5854,0.22549145,0.467306,0.30720258,c234
16428,0.24791989,0.2698107,0.48226938,c234
3728,0.22221217,0.29872817,0.47905964,c5
13610,0.1666345,0.31904414,0.5143213,c234
16256,0.22951187,0.36636204,0.40412608,c234
16665,0.47197586,0.29086718,0.23715703,c5
18337,0.40764263,0.38633043,0.20602696,c1
12613,0.15515254,0.1506741,0.69417334,c5
6254,0.23111759,0.30684397,0.46203843,c1
9658,0.5058197,0.37756962,0.11661069,c1
16920,0.3026538,0.3350593,0.36228696,c234
15027,0.33565325,0.3735935,0.29075328,c5
13761,0.30071843,0.2847499,0.4145317,c234
5427,0.52328825,0.1799188,0.29679298,c5
423,0.6101401,0.24527876,0.14458117,c1
14442,0.20570351,0.49310294,0.3011935,c234
7322,0.25210795,0.317768,0.43012404,c1
3603,0.11429375,0.49730003,0.38840622,c5
18345,0.115240104,0.35783452,0.5269254,c5
5794,0.1798867,0.28678232,0.53333104,c5
12515,0.20283057,0.43186662,0.3653028,c234
19271,0.975844,0.021477276,0.0026787678,c5
5967,0.3436753,0.35522318,0.3011015,c234
11377,0.48152658,0.3568913,0.16158216,c1
11078,0.63149166,0.2755967,0.092911586,c1
7437,0.21956067,0.37112725,0.40931204,c5
13016,0.5334967,0.29981878,0.16668454,c1
3982,0.24456677,0.3633814,0.39205185,c234
11111,0.46689188,0.15791848,0.3751896,c5
3736,0.2902482,0.27572635,0.4340254,c1
5823,0.31589535,0.209043,0.47506163,c5
10893,0.1418402,0.5336721,0.32448772,c5
17588,0.69883555,0.19586407,0.1053004,c5
6188,0.27810976,0.4118687,0.31002155,c234
215,0.37720215,0.33156857,0.29122925,c1
14374,0.5156058,0.36634794,0.11804628,c234
1234,0.43438038,0.361074,0.20454562,c5
7344,0.47216558,0.31937838,0.20845602,c234
1508,0.050773725,0.25791126,0.691315,c5
14021,0.6183448,0.26078,0.120875224,c1
15491,0.30744243,0.17558141,0.5169761,c5
6734,0.2955594,0.3354837,0.36895686,c5
4246,0.41529888,0.20300493,0.38169622,c5
5004,0.6665056,0.1751757,0.15831873,c1
5359,0.31709602,0.3260669,0.35683703,c1
11201,0.32187128,0.37759122,0.3005375,c5
1983,0.27831146,0.41317862,0.30850986,c234
17582,0.3417233,0.32115287,0.3371238,c234
15129,0.2268684,0.4482205,0.32491112,c234
10253,0.4846207,0.2934066,0.22197266,c234
18765,0.4252439,0.2765698,0.2981863,c234
14497,0.612125,0.25040188,0.13747309,c1
6570,0.35232934,0.32069615,0.32697457,c1
8133,0.30547407,0.24529682,0.44922912,c234
4412,0.45661882,0.35251606,0.19086517,c234
19898,0.27266073,0.42669865,0.3006406,c1
13449,0.08865053,0.18266082,0.72868866,c1
691,0.21373075,0.41508856,0.37118065,c234
1392,0.3327625,0.45192868,0.21530883,c234
14026,0.39817405,0.32025468,0.28157127,c234
3031,0.5009589,0.292437,0.20660412,c1
6958,0.28232706,0.50465715,0.21301585,c234
898,0.07009114,0.31907824,0.61083066,c234
3710,0.37705365,0.2912698,0.33167648,c1
17485,0.3956881,0.34985706,0.25445488,c1
13180,0.5299285,0.356849,0.11322253,c1
19201,0.24686609,0.3252783,0.4278556,c234
5789,0.30000448,0.40658957,0.293406,c5
9785,0.16760911,0.28574106,0.5466499,c5
2127,0.18148233,0.3698628,0.4486549,c5
13929,0.35011712,0.2456921,0.40419078,c5
15323,0.28789622,0.32737437,0.38472942,c234
1917,0.2709057,0.38144338,0.34765097,c234
15868,0.3365486,0.41405672,0.24939469,c234
5341,0.22778451,0.36129984,0.41091564,c234
7686,0.16339585,0.26852548,0.5680787,c5
1995,0.1619092,0.24350245,0.5945884,c5
14307,0.47093347,0.28614876,0.24291782,c234
6605,0.14757778,0.39522186,0.45720035,c1
19817,0.20150585,0.4912819,0.3072122,c234
16987,0.26755413,0.43284598,0.29959986,c5
191,0.39065003,0.38174963,0.22760028,c5
13747,0.13397391,0.4518865,0.4141396,c5
2570,0.21640036,0.2886475,0.49495217,c5
13510,0.27365044,0.3514806,0.3748689,c234
8321,0.5031168,0.2605675,0.23631571,c5
2357,0.24699599,0.26560953,0.48739442,c5
5054,0.45326814,0.32282054,0.22391135,c234
5665,0.2979212,0.4522887,0.24979013,c234
3949,0.1992775,0.45472065,0.3460018,c5
4613,0.23497708,0.3489137,0.41610917,c234
19538,0.2374596,0.4208846,0.34165582,c1
12165,0.45751804,0.35768583,0.18479614,c234
14444,0.28281575,0.4773683,0.23981589,c234
17983,0.53248966,0.34246558,0.12504478,c1
4103,0.48652226,0.3036803,0.20979741,c5
19024,0.18099687,0.4854723,0.33353084,c5
7500,0.46283263,0.37641585,0.16075152,c1
7220,0.2503309,0.27621034,0.4734589,c234
3251,0.32774425,0.46321753,0.2090383,c1
8988,0.24452214,0.4564101,0.2990677,c5
592,0.44786945,0.22465602,0.3274745,c234
4755,0.8078996,0.12857382,0.06352657,c234
5302,0.8099978,0.09982331,0.09017885,c5
9232,0.39668638,0.32010782,0.28320578,c234
15698,0.25580266,0.33398724,0.4102101,c1
16669,0.20148464,0.362744,0.4357714,c5
9739,0.39753467,0.36513367,0.23733163,c234
12668,0.21800224,0.6766304,0.1053673,c234
10445,0.5493539,0.29429862,0.15634745,c234
9152,0.26154056,0.37135816,0.36710122,c1
4660,0.22062176,0.26100996,0.5183683,c5
12855,0.19020869,0.4434855,0.3663058,c234
7978,0.2886331,0.42344713,0.2879197,c5
5884,0.22216116,0.34478408,0.43305475,c5
2628,0.53918856,0.32037964,0.1404318,c234
8815,0.2506719,0.37220976,0.37711835,c1
10723,0.24176532,0.38669983,0.37153485,c234
19451,0.30302697,0.25969112,0.43728188,c5
7845,0.25496995,0.1704643,0.5745657,c5
2346,0.36912644,0.317491,0.3133826,c234
15139,0.46011895,0.34240273,0.1974783,c5
17496,0.29269406,0.36663508,0.34067082,c234
