indice,p_c1,p_c234,p_c5,rotulo
17923,0.54906315,0.24195085,0.20898603,c5
1391,0.19529518,0.2917989,0.51290596,c1
3545,0.45690966,0.42777997,0.115310326,c5
12931,0.53285444,0.3309957,0.13614981,c1
12342,0.54492956,0.35727403,0.097796395,c1
15836,0.31994313,0.317281,0.36277586,c234
7175,0.19851735,0.27151105,0.5299716,c234
18518,0.55461967,0.30825707,0.13712324,c1
8698,0.18660823,0.33902425,0.47436747,c5
19566,0.5005238,0.28984955,0.20962657,c1
7538,0.29712936,0.38194913,0.32092154,c5
3485,0.17559063,0.3884641,0.4359453,c234
6339,0.10911108,0.26293507,0.62795377,c5
8322,0.5455223,0.36434835,0.090129465,c1
6275,0.5573585,0.31567493,0.12696655,c1
6346,0.30266666,0.3250144,0.37231895,c1
1379,0.24753235,0.28216988,0.4702977,c1
14319,0.19581334,0.33944318,0.46474355,c5
11835,0.3882199,0.33096817,0.28081197,c5
6034,0.385646,0.38838345,0.22597057,c1
7382,0.5727718,0.3005562,0.12667197,c234
11855,0.25737032,0.298958,0.44367173,c5
13461,0.23951072,0.45493335,0.30555594,c5
6751,0.56679475,0.26929128,0.16391401,c1
2996,0.41171676,0.3801285,0.20815478,c234
17630,0.50325304,0.37686002,0.119886965,c234
12896,0.26485756,0.34566927,0.38947314,c1
3395,0.7342336,0.20726417,0.058502194,c234
8233,0.31458402,0.32258224,0.36283377,c234
14003,0.45473823,0.34286317,0.20239861,c234
9443,0.2681086,0.37199625,0.35989514,c5
4048,0.32006088,0.39194348,0.28799564,c5
8739,0.18221955,0.39975294,0.4180275,c5
20057,0.4623302,0.36778864,0.16988112,c1
6154,0.51226604,0.3602151,0.12751885,c1
19850,0.2881443,0.33685282,0.37500286,c5
1251,0.32212278,0.37854767,0.29932955,c5
13235,0.3002539,0.389475,0.31027114,c5
7440,0.21523549,0.28624892,0.49851555,c1
9084,0.40622956,0.33363134,0.26013914,c1
19503,0.29008323,0.31061327,0.3993035,c234
11212,0.20947722,0.45964128,0.33088145,c1
14468,0.15277018,0.29795966,0.5492703,c234
2328,0.3826385,0.27751914,0.33984232,c234
9075,0.62933666,0.2561891,0.114474215,c234
320,0.47275648,0.33376676,0.19347672,c5
4426,0.3644862,0.31693697,0.31857687,c234
13306,0.33702105,0.32816616,0.33481273,c234
3407,0.3068258,0.35508347,0.33809078,c5
5275,0.24112323,0.36862403,0.39025268,c5
2493,0.21656507,0.35460907,0.42882589,c234
10779,0.37700766,0.397377,0.22561534,c234
18699,0.09503518,0.25657988,0.648385,c5
5323,0.3556121,0.32515666,0.31923127,c234
4216,0.53826743,0.29639637,0.16533619,c1
13350,0.3984751,0.36750945,0.23401543,c1
2888,0.5201475,0.30252045,0.17733207,c1
1999,0.38382837,0.34105796,0.27511364,c234
16470,0.20058587,0.38889998,0.41051412,c1
19469,0.38136938,0.4709402,0.14769043,c234
16100,0.14924788,0.21471187,0.63604015,c5
1198,0.4386047,0.29581204,0.26558322,c1
14825,0.50033236,0.38338494,0.116282724,c1
10849,0.47035915,0.28719035,0.24245049,c1
15534,0.47789606,0.34761313,0.17449081,c1
11052,0.3959248,0.27722853,0.32684666,c5
15433,0.17744969,0.40925622,0.41329405,c5
19125,0.27242574,0.40544772,0.32212654,c1
8931,0.21881682,0.38452986,0.39665332,c234
16063,0.2789692,0.34709263,0.3739382,c234
11000,0.23493598,0.43474516,0.3303188,c1
7539,0.14862907,0.30282864,0.5485423,c1
10113,0.3554633,0.4396189,0.20491783,c1
11763,0.22164997,0.2796779,0.4986721,c1
10955,0.16939335,0.34006625,0.49054047,c1
6980,0.42078385,0.35654223,0.22267391,c5
16843,0.7232241,0.21997191,0.056803998,c1
12021,0.42100006,0.37613305,0.20286684,c234
19958,0.23587398,0.48215246,0.2819735,c234
7881,0.39198276,0.39686415,0.21115306,c1
11950,0.60092026,0.290765,0.10831475,c234
11585,0.4667714,0.22523475,0.3079938,c1
17712,0.19467616,0.3124928,0.49283108,c234
6526,0.29098436,0.3185468,0.39046878,c5
18379,0.14857598,0.39625952,0.4551645,c5
4431,0.21555099,0.3295348,0.45491427,c5
7492,0.20331861,0.37103176,0.4256496,c234
15418,0.25328502,0.41108546,0.33562958,c1
16519,0.44557554,0.2668071,0.2876174,c5
2366,0.29201,0.40667844,0.30131152,c1
2803,0.21170953,0.27584162,0.51244885,c234
5180,0.22689444,0.2959411,0.47716445,c234
19297,0.1985879,0.33336988,0.4680423,c5
3962,0.52457154,0.34050545,0.134923,c1
3607,0.3497573,0.3916959,0.25854677,c5
923,0.21510491,0.34560615,0.43928894,c234
738,0.28410777,0.358619,0.35727325,c5
15666,0.40933618,0.2963945,0.29426935,c1
18950,0.24375817,0.29692727,0.45931453,c234
3999,0.2879201,0.2964335,0.41564634,c1
4697,0.29315114,0.3564018,0.35044703,c1
6358,0.2688149,0.35995856,0.37122658,c234
14906,0.32511663,0.37937176,0.29551163,c5
2712,0.20819767,0.3389458,0.4528565,c234
8305,0.3073897,0.47110236,0.22150795,c234
11020,0.14813991,0.2659303,0.5859298,c5
14260,0.35421178,0.3653548,0.2804334,c1
17440,0.14533414,0.34581152,0.5088544,c234
6268,0.36128107,0.29998156,0.3387373,c1
340,0.47186795,0.33276677,0.19536532,c1
7482,0.22472277,0.40902323,0.36625397,c234
6602,0.18120556,0.34784156,0.47095284,c1
18019,0.16802101,0.41521725,0.41676176,c1
18353,0.22321221,0.32440507,0.4523827,c5
15790,0.2708471,0.31093,0.4182229,c1
4927,0.49349403,0.37797776,0.12852818,c234
9134,0.40856758,0.23149163,0.35994083,c234
18188,0.2146463,0.322589,0.46276477,c5
16021,0.2601782,0.35780787,0.38201398,c1
18932,0.25724414,0.3859791,0.35677677,c1
1868,0.22729287,0.31742105,0.4552861,c234
18755,0.475906,0.32128134,0.20281269,c1
13621,0.36415103,0.37121204,0.26463687,c1
19111,0.31730318,0.34676382,0.33593297,c1
17118,0.26733702,0.36758336,0.36507967,c1
7714,0.4701947,0.33615428,0.19365107,c5
2340,0.15276149,0.38442266,0.46281582,c5
5888,0.47252372,0.3668373,0.16063894,c1
6482,0.31880814,0.32714123,0.35405067,c5
13907,0.46779335,0.36104003,0.1711666,c1
2680,0.22840871,0.2741021,0.49748924,c5
14288,0.3024245,0.4465667,0.25100887,c234
1293,0.13264802,0.41514352,0.45220846,c234
1137,0.3408692,0.3417291,0.3174017,c234
9027,0.22098294,0.26289666,0.5161204,c234
20055,0.29125273,0.33718652,0.3715608,c1
9350,0.25221303,0.36635038,0.38143665,c234
12377,0.21162769,0.20595132,0.582421,c5
18187,0.28726438,0.3517292,0.36100638,c1
10964,0.4293876,0.29800257,0.2726098,c234
14018,0.44278434,0.3760991,0.18111657,c234
8282,0.3219853,0.35266095,0.3253538,c1
5406,0.20457594,0.44986373,0.3455603,c1
17504,0.48100325,0.23190852,0.28708825,c1
10583,0.28961423,0.4873749,0.2230109,c1
13248,0.25365773,0.30977455,0.4365677,c234
18348,0.24426416,0.4101366,0.3455992,c5
15330,0.2794538,0.47764876,0.24289739,c234
5902,0.6115072,0.3071954,0.08129742,c234
2263,0.51659447,0.28872883,0.19467671,c1
13020,0.30445325,0.29634967,0.39919707,c1
4899,0.30555445,0.3108564,0.38358918,c1
9029,0.39756992,0.31955016,0.28287995,c234
17584,0.30282786,0.40629563,0.29087648,c234
15016,0.37634787,0.42486262,0.19878948,c234
7838,0.35765317,0.3529025,0.2894444,c5
10241,0.21940584,0.26335725,0.51723695,c234
8823,0.38674113,0.32800442,0.28525445,c5
6225,0.43487218,0.28687215,0.2782556,c1
5822,0.34366885,0.42346346,0.23286769,c1
19849,0.2468097,0.4208105,0.3323798,c234
7425,0.53204423,0.30139917,0.16655655,c234
17531,0.46034124,0.3180521,0.22160667,c1
1426,0.22449243,0.40464,0.3708676,c5
3285,0.5673496,0.30929855,0.12335177,c234
13604,0.7280129,0.196122,0.075865075,c1
5481,0.15549514,0.29336363,0.55114126,c5
1965,0.3016441,0.28703225,0.41132364,c5
13666,0.3551438,0.38444683,0.26040938,c1
17133,0.2275222,0.28198233,0.49049544,c1
18067,0.2542822,0.30681944,0.43889835,c5
5870,0.23470004,0.4035009,0.361799,c5
11524,0.20021594,0.27798364,0.5218004,c5
3948,0.5437169,0.24756126,0.20872182,c5
1006,0.4311009,0.40786108,0.16103804,c1
16918,0.45473823,0.34286317,0.20239861,c234
7937,0.65717083,0.24451375,0.09831543,c5
14715,0.1895662,0.41605255,0.39438128,c234
14303,0.23694707,0.47058585,0.2924671,c1
7599,0.3875926,0.3718603,0.24054705,c5
9816,0.5416679,0.2409137,0.2174184,c1
14486,0.15727045,0.37573093,0.4669986,c1
14358,0.16020401,0.2770187,0.5627773,c234
17076,0.07760441,0.15284887,0.7695466,c5
9736,0.23999588,0.36883792,0.3911662,c1
7959,0.3460987,0.38388476,0.2700166,c234
3442,0.5087793,0.3636862,0.12753454,c234
5416,0.462471,0.39525113,0.1422778,c1
11514,0.54342324,0.30623564,0.15034114,c1
2729,0.19299752,0.3802636,0.42673886,c5
17307,0.28436127,0.3022013,0.41343737,c234
15488,0.3981456,0.3558311,0.24602337,c1
4563,0.3433707,0.33265394,0.32397538,c5
138,0.2225891,0.2879023,0.4895086,c5
1545,0.61627686,0.23774189,0.1459813,c1
2533,0.3556236,0.3731424,0.27123404,c234
17810,0.20770463,0.3614797,0.43081564,c5
15141,0.29182276,0.41967952,0.28849775,c1
214,0.3468491,0.33293882,0.32021207,c1
16430,0.522942,0.34682173,0.1302363,c234
15951,0.44374502,0.226932,0.32932293,c5
1653,0.1565336,0.41480058,0.42866585,c234
8789,0.2965287,0.32900596,0.37446538,c1
19444,0.4665131,0.3875869,0.14589998,c1
10457,0.2384861,0.46492848,0.29658544,c234
7743,0.17224275,0.32170907,0.5060482,c5
15213,0.32908928,0.36069953,0.31021118,c234
18059,0.2542055,0.2901942,0.45560032,c234
19793,0.5241498,0.25187826,0.223972,c234
12915,0.23277476,0.4747073,0.29251793,c1
14102,0.52255315,0.29232875,0.18511812,c234
6162,0.19675924,0.37977514,0.4234656,c5
7534,0.19608761,0.38868362,0.41522875,c5
17293,0.100589864,0.22402261,0.67538756,c5
874,0.3197359,0.4050424,0.2752217,c234
2549,0.1382301,0.26923126,0.5925386,c5
8860,0.25524756,0.4388228,0.30592963,c234
17991,0.15242322,0.2166139,0.6309629,c234
12037,0.6523274,0.25969517,0.08797741,c1
15172,0.3396148,0.348936,0.31144917,c234
16042,0.38125935,0.3313041,0.28743652,c1
10069,0.32443497,0.37105876,0.30450624,c234
16609,0.44374502,0.226932,0.32932293,c5
2753,0.43128943,0.38975516,0.17895539,c1
3375,0.42491084,0.43702638,0.1380627,c5
7185,0.21891733,0.28876603,0.49231666,c234
799,0.2241582,0.37572592,0.40011585,c234
12388,0.40725228,0.39508775,0.19765994,c1
489,0.367704,0.3313814,0.30091465,c5
18469,0.22214952,0.37664858,0.4012019,c1
12967,0.25157204,0.19918697,0.549241,c5
9518,0.18323655,0.31955367,0.49720982,c234
19676,0.15771356,0.26879716,0.57348925,c234
16773,0.42643386,0.2981623,0.27540386,c1
19955,0.2213478,0.34833243,0.43031973,c234
15829,0.36670995,0.38982266,0.2434674,c234
7045,0.339712,0.18797338,0.47231457,c1
2571,0.33795255,0.30432823,0.35771918,c234
8964,0.34085253,0.22993997,0.4292075,c5
15008,0.28968027,0.427876,0.28244376,c234
19160,0.7366313,0.18819775,0.07517096,c5
11667,0.19902636,0.3528974,0.44807628,c1
4855,0.24898079,0.33929035,0.4117289,c5
17170,0.25449648,0.4921855,0.25331795,c234
1604,0.44393575,0.31826288,0.23780143,c1
6675,0.18888879,0.41880083,0.39231038,c234
12560,0.6960202,0.20510733,0.09887239,c234
17208,0.17606884,0.35880524,0.46512592,c234
10472,0.5253587,0.4048368,0.06980448,c234
2778,0.26773375,0.42361256,0.30865374,c234
4673,0.46130267,0.36490867,0.17378874,c1
13871,0.5052004,0.34815803,0.14664157,c234
7662,0.21293327,0.34513906,0.44192764,c5
15588,0.16680244,0.26852736,0.5646702,c5
3667,0.33193758,0.33949527,0.32856715,c1
15514,0.25708833,0.40790826,0.3350034,c5
15859,0.51070666,0.3185121,0.17078122,c234
15924,0.13455161,0.23375615,0.63169223,c5
8948,0.5158171,0.25139606,0.23278682,c1
9756,0.36685926,0.36627844,0.26686227,c234
5066,0.26293194,0.29654542,0.4405226,c234
19777,0.49400455,0.3785598,0.12743564,c234
9901,0.15807892,0.28073797,0.56118315,c234
3859,0.23932426,0.4423881,0.31828767,c234
3944,0.29806516,0.35323817,0.3486967,c5
11131,0.32459995,0.3476094,0.32779065,c5
15989,0.24244754,0.4122641,0.34528834,c234
5266,0.5546831,0.35289332,0.09242356,c1
1585,0.1947918,0.324208,0.4810002,c234
4266,0.16352546,0.382195,0.45427954,c234
15422,0.15866607,0.2621049,0.57922906,c5
3470,0.28888482,0.45771936,0.2533958,c234
4099,0.28765163,0.35197347,0.3603749,c5
3336,0.34975234,0.3360951,0.31415254,c234
16521,0.11882694,0.31051278,0.5706603,c5
5929,0.36437678,0.2888044,0.34681883,c1
19354,0.45770362,0.32001758,0.22227879,c1
5907,0.21555008,0.3438899,0.44056,c1
13674,0.19463599,0.2175887,0.5877754,c234
7352,0.1958091,0.4466794,0.35751152,c234
17552,0.22799224,0.3660618,0.40594602,c5
8107,0.1588346,0.36941206,0.47175333,c234
830,0.45831123,0.3484656,0.19322312,c5
349,0.35896477,0.3619409,0.27909434,c5
6376,0.23319034,0.53612304,0.23068662,c1
9039,0.20230632,0.38203847,0.41565517,c234
2582,0.19759195,0.35050365,0.45190433,c5
13659,0.1565552,0.23829085,0.6051539,c5
19280,0.1687761,0.23416331,0.59706056,c234
4828,0.30050582,0.3533444,0.34614977,c234
14889,0.16571666,0.3709368,0.4633465,c234
14098,0.15962094,0.3776667,0.46271232,c5
10058,0.56382203,0.18983382,0.24634415,c234
2993,0.20905136,0.3346874,0.45626116,c5
9176,0.40197545,0.40833694,0.18968764,c234
19846,0.28742594,0.32712552,0.3854485,c234
11921,0.19659236,0.32618317,0.47722447,c1
19063,0.52166533,0.2578674,0.22046725,c1
18312,0.24363838,0.31760836,0.43875322,c5
11871,0.33686846,0.3124627,0.35066885,c234
2207,0.16175792,0.33186135,0.5063807,c5
6767,0.40309513,0.38017824,0.21672665,c234
3008,0.33476633,0.4484209,0.21681274,c5
8206,0.4032754,0.30879542,0.2879292,c1
4391,0.3314587,0.3839797,0.28456157,c234
3104,0.48100325,0.23190852,0.28708825,c234
14149,0.51659447,0.28872883,0.19467671,c1
16300,0.20002401,0.34815636,0.45181963,c1
14717,0.3503287,0.5357762,0.11389507,c5
4763,0.24047177,0.3023938,0.4571344,c5
1505,0.3775298,0.46741495,0.15505521,c1
17326,0.16776815,0.35521227,0.47701958,c5
17652,0.26775688,0.41526473,0.31697837,c1
14270,0.15113029,0.22097875,0.62789094,c5
4914,0.25435355,0.36959377,0.37605268,c5
7773,0.40023306,0.32915318,0.27061373,c1
15930,0.3280371,0.22027731,0.45168564,c5
4593,0.41631603,0.35754412,0.2261398,c234
17339,0.25461146,0.17067014,0.5747185,c5
10749,0.3639448,0.307322,0.32873318,c234
8787,0.2824424,0.28249353,0.43506405,c5
1499,0.3226634,0.3241435,0.35319313,c234
5248,0.43978617,0.37804037,0.18217339,c1
16980,0.23940809,0.28831896,0.47227302,c5
8423,0.45502317,0.34319466,0.20178214,c1
4618,0.4431356,0.3235811,0.23328331,c1
2393,0.27107581,0.36099437,0.36792982,c1
9175,0.2910956,0.30375883,0.4051456,c234
1007,0.2655349,0.397061,0.33740413,c5
9890,0.38757434,0.34249857,0.2699271,c1
11762,0.20505701,0.26519784,0.52974516,c5
4334,0.15911576,0.38415837,0.4567258,c1
11094,0.7506212,0.18854743,0.06083138,c1
10892,0.3586223,0.33278188,0.30859572,c1
19814,0.43918207,0.31742287,0.243395,c1
11019,0.16020782,0.3211131,0.5186791,c5
5701,0.43918595,0.34518406,0.21563,c5
8203,0.39550874,0.3226081,0.28188312,c234
6185,0.31697643,0.36623093,0.31679267,c1
16828,0.4834023,0.35541067,0.16118702,c1
3036,0.71887046,0.22603984,0.055089742,c1
14629,0.21940584,0.26335725,0.51723695,c5
159,0.2704095,0.34918815,0.38040242,c5
7493,0.37139717,0.3518185,0.2767843,c1
18585,0.1882955,0.435466,0.37623855,c5
1692,0.26338997,0.3304995,0.40611055,c5
13304,0.18111831,0.269579,0.5493027,c5
6216,0.25086954,0.35785994,0.39127052,c1
2484,0.5313215,0.28908378,0.17959468,c1
8874,0.18955496,0.26433653,0.54610854,c5
16146,0.31718275,0.31431478,0.36850247,c5
6915,0.26121324,0.39466643,0.34412035,c234
17283,0.65943336,0.2793659,0.06120069,c1
5709,0.3239891,0.23683345,0.43917748,c5
17054,0.27709123,0.3057998,0.417109,c1
6671,0.24021001,0.32798275,0.43180725,c234
10879,0.09464145,0.106642306,0.7987163,c5
16747,0.22745714,0.3732877,0.39925516,c5
1368,0.42131335,0.30306455,0.27562216,c1
18136,0.22452287,0.23425454,0.5412226,c1
16587,0.19086602,0.37808397,0.43104994,c234
2497,0.42711323,0.33670238,0.23618439,c1
17182,0.27312192,0.3559108,0.37096724,c234
17683,0.41072473,0.4046117,0.1846636,c1
12088,0.30549315,0.32006758,0.37443927,c234
1927,0.39315718,0.32099497,0.28584784,c234
456,0.35767138,0.4342604,0.20806824,c5
15015,0.4595667,0.30780768,0.23262563,c234
9460,0.32775295,0.36188883,0.31035826,c1
7401,0.2096723,0.286236,0.5040917,c5
6175,0.39930874,0.32181445,0.27887687,c1
3771,0.35042438,0.27319825,0.37637734,c5
14651,0.2040281,0.31675947,0.47921237,c1
19744,0.3706313,0.44474757,0.18462111,c1
8460,0.34819764,0.32079926,0.3310031,c234
14655,0.36876854,0.39575914,0.2354723,c1
7092,0.45473823,0.34286317,0.20239861,c234
12391,0.39434612,0.34241626,0.2632376,c1
8212,0.24046354,0.3642533,0.39528313,c1
16416,0.33691174,0.43509924,0.22798903,c5
16956,0.25983235,0.42449725,0.31567043,c5
141,0.2990649,0.38221997,0.3187151,c5
7851,0.5455223,0.36434835,0.090129465,c5
2033,0.32401857,0.3800019,0.2959795,c1
782,0.2935732,0.36497962,0.34144717,c234
4109,0.2245643,0.33653408,0.43890166,c5
12389,0.45986846,0.2752524,0.26487914,c5
16427,0.3209856,0.43158197,0.24743243,c234
5299,0.43601847,0.38740543,0.1765761,c5
10533,0.3025438,0.3625403,0.33491588,c5
1317,0.34217235,0.32399595,0.33383167,c1
11526,0.4840636,0.34682584,0.16911055,c1
1320,0.47214016,0.35047972,0.17738014,c234
5426,0.27707765,0.4443184,0.27860397,c5
14681,0.40433565,0.31484705,0.2808172,c5
3577,0.10580075,0.29230618,0.60189307,c234
10151,0.39692387,0.4063687,0.19670741,c5
17525,0.2533815,0.4053023,0.34131625,c1
16592,0.15027452,0.27391452,0.57581097,c5
16608,0.17398936,0.24920852,0.57680213,c1
19143,0.23082249,0.42258218,0.34659538,c234
17310,0.28966045,0.4235306,0.2868089,c234
4432,0.29376116,0.35155356,0.35468525,c1
5365,0.3138333,0.34983125,0.3363354,c234
10064,0.31619158,0.27392116,0.4098873,c1
10060,0.1551222,0.31442067,0.5304571,c5
12934,0.27190483,0.32986486,0.39823028,c1
13138,0.3171571,0.35190704,0.33093587,c5
16357,0.3334577,0.41219676,0.25434557,c1
15390,0.27669597,0.3960712,0.3272328,c5
19187,0.54011375,0.32798344,0.13190277,c234
12317,0.28387746,0.34702325,0.36909935,c1
2874,0.3105253,0.34471115,0.34476355,c234
12839,0.40933466,0.33602485,0.2546405,c5
1523,0.29425466,0.27186534,0.43388,c5
7113,0.42948484,0.31993937,0.2505758,c1
7227,0.20235844,0.33947295,0.45816866,c234
3430,0.25789875,0.36337987,0.37872142,c234
3444,0.21917044,0.3666611,0.41416848,c1
17742,0.46396017,0.42296892,0.113070846,c5
14686,0.4969916,0.3789343,0.12407414,c1
9742,0.2322464,0.37251163,0.39524198,c234
7098,0.374136,0.34810227,0.27776176,c234
9670,0.3218031,0.39527962,0.2829173,c234
13778,0.1933902,0.36584046,0.44076928,c1
14548,0.5504852,0.3164232,0.13309157,c1
7487,0.21972167,0.44724897,0.33302933,c234
9448,0.31865367,0.36208406,0.3192623,c234
13152,0.44613838,0.2658519,0.28800967,c1
3851,0.135213,0.44899315,0.41579384,c5
18069,0.34730738,0.38257936,0.27011323,c1
1448,0.2826752,0.33175898,0.38556582,c5
16214,0.5455223,0.36434835,0.090129465,c234
15894,0.15122166,0.24244648,0.6063318,c5
6955,0.6297404,0.24216133,0.12809826,c1
8945,0.4689812,0.35701355,0.17400518,c234
4482,0.43511385,0.28438938,0.28049678,c1
1855,0.30381623,0.34494975,0.35123405,c234
13331,0.19659236,0.32618317,0.47722447,c234
10809,0.19602536,0.39966476,0.40430993,c234
3848,0.3704681,0.3849411,0.24459082,c234
4188,0.5224332,0.32505658,0.15251015,c1
7520,0.2605332,0.3943669,0.34509987,c1
7645,0.416428,0.41155168,0.17202029,c5
14517,0.6894694,0.25060296,0.059927657,c1
4519,0.2437652,0.29065582,0.46557897,c1
9625,0.4323032,0.28275976,0.284937,c1
13670,0.42967775,0.25975436,0.31056792,c1
956,0.12368788,0.20739412,0.66891795,c5
13279,0.23134965,0.29734936,0.471301,c5
6882,0.23980343,0.42587242,0.33432415,c5
10266,0.68809247,0.25952294,0.052384604,c1
3419,0.23420896,0.2694224,0.49636862,c234
14152,0.5247437,0.35591546,0.11934087,c1
6497,0.27798924,0.30479395,0.4172168,c5
6266,0.25215718,0.30398494,0.44385785,c5
8009,0.26516873,0.29179975,0.44303158,c234
19921,0.19414355,0.3165057,0.48935074,c5
4754,0.4814402,0.3653575,0.15320237,c234
1634,0.23947376,0.37648147,0.3840448,c5
18800,0.18061201,0.24732958,0.57205844,c234
11113,0.26890063,0.3384519,0.39264753,c234
13828,0.20087552,0.32568052,0.47344393,c5
1685,0.40248853,0.26680383,0.3307076,c1
109,0.19525912,0.31454536,0.4901955,c234
15685,0.2736925,0.27539578,0.4509117,c5
6540,0.40868902,0.4808688,0.11044218,c234
18851,0.34888834,0.38146397,0.26964772,c234
14167,0.21019812,0.33539757,0.4544043,c234
13914,0.38688552,0.33101454,0.2821,c5
15469,0.611017,0.3076198,0.08136314,c234
5468,0.45503595,0.327157,0.217807,c1
13214,0.24513708,0.35600308,0.39885977,c5
16547,0.54577994,0.36060017,0.093619846,c1
19067,0.41374537,0.37034488,0.21590973,c1
17238,0.2472423,0.37748805,0.37526962,c1
10336,0.32856202,0.38558882,0.28584912,c234
1841,0.16777733,0.28617048,0.5460522,c5
9506,0.27176648,0.32537746,0.40285608,c234
18812,0.26554766,0.3528921,0.38156024,c234
12075,0.30845588,0.33294463,0.35859945,c1
802,0.27021262,0.32079482,0.4089926,c5
17414,0.39295468,0.3580115,0.24903382,c5
17925,0.2968956,0.44947055,0.2536339,c1
16921,0.17197244,0.22045262,0.60757494,c5
10619,0.36802226,0.5066648,0.12531292,c1
13244,0.96201,0.028229088,0.009760957,c1
4242,0.6013707,0.31672776,0.08190156,c234
891,0.20538265,0.37894508,0.4156723,c5
12274,0.2919531,0.33494985,0.37309703,c234
1339,0.4065257,0.3553876,0.23808675,c1
13739,0.29116493,0.24960053,0.45923445,c234
10971,0.28040868,0.42017668,0.29941466,c234
1414,0.17850754,0.22581522,0.5956772,c5
879,0.4591091,0.27602556,0.26486534,c234
15810,0.40601596,0.3400896,0.25389445,c1
7149,0.15480827,0.35067612,0.49451563,c234
5936,0.2409084,0.1964506,0.56264096,c5
7910,0.32574528,0.38515788,0.28909677,c5
14683,0.5491671,0.2967714,0.15406154,c1
1606,0.39493948,0.22515465,0.37990588,c1
15870,0.258713,0.33427504,0.4070119,c1
17600,0.2929053,0.30615926,0.4009355,c5
7179,0.27453047,0.3530308,0.3724387,c5
17992,0.5455223,0.36434835,0.090129465,c234
15307,0.20403889,0.43845412,0.35750693,c234
1000,0.51059973,0.3360184,0.15338191,c234
11022,0.30909115,0.3493077,0.34160116,c1
15228,0.2803052,0.48491248,0.23478234,c234
7591,0.27371645,0.35132143,0.37496215,c5
4376,0.34026247,0.3008729,0.35886467,c234
54,0.2827554,0.34708554,0.37015912,c5
11125,0.30343974,0.26968747,0.42687276,c234
1047,0.33083135,0.30423656,0.36493215,c234
984,0.49368253,0.3328509,0.17346656,c1
661,0.33703232,0.26259217,0.4003755,c5
6200,0.2410403,0.33209592,0.42686382,c5
17709,0.359265,0.28998,0.35075498,c5
11955,0.3940282,0.40925473,0.19671711,c1
6158,0.27264634,0.2806906,0.446663,c5
14277,0.19430552,0.24992505,0.55576944,c5
8794,0.14910495,0.29764426,0.55325073,c5
6712,0.4692934,0.30980793,0.22089867,c234
10876,0.29060012,0.392667,0.31673285,c5
67,0.24650584,0.3768128,0.37668133,c1
15744,0.5455223,0.36434835,0.090129465,c1
8260,0.24714221,0.4857725,0.2670853,c1
11916,0.21990836,0.3637681,0.41632357,c5
12862,0.22087985,0.25399283,0.5251273,c234
10495,0.20569144,0.30270293,0.49160558,c5
12087,0.4060814,0.42457125,0.16934733,c5
16575,0.6176338,0.2522623,0.1301039,c1
13917,0.30816147,0.31049353,0.381345,c234
16219,0.28924236,0.2941264,0.41663125,c1
15063,0.31561214,0.37646052,0.3079273,c234
15460,0.7365619,0.17952572,0.08391233,c1
4198,0.35573503,0.3126132,0.33165172,c234
7649,0.18374284,0.3684976,0.4477595,c5
10736,0.19875444,0.2704544,0.5307911,c5
7576,0.38450027,0.31037793,0.30512175,c1
10133,0.2179351,0.349976,0.43208888,c5
12466,0.17360935,0.32455444,0.50183624,c5
7058,0.31173736,0.32098496,0.3672777,c1
17393,0.47851023,0.3008604,0.2206293,c1
7513,0.16108799,0.2510617,0.5878503,c5
7435,0.31447068,0.34646764,0.33906168,c234
7836,0.38738507,0.3461635,0.26645148,c234
15809,0.1333677,0.28624037,0.58039194,c5
9674,0.32548624,0.38532677,0.28918698,c5
19343,0.35829657,0.30513334,0.33657008,c1
14063,0.43009913,0.30285856,0.26704228,c1
6435,0.36577827,0.36516654,0.2690552,c234
5550,0.31826058,0.383289,0.29845044,c1
12040,0.36608845,0.28215212,0.3517594,c234
10005,0.18633313,0.3393254,0.47434145,c234
4031,0.5455223,0.36434835,0.090129465,c1
288,0.3965989,0.3220908,0.28131026,c1
16823,0.16102828,0.2372804,0.60169137,c5
5767,0.24938999,0.43469003,0.31592005,c234
13208,0.27259162,0.27604294,0.4513655,c5
17929,0.18927945,0.33719674,0.47352377,c5
18954,0.1737691,0.38585874,0.4403721,c5
5337,0.45473823,0.34286317,0.20239861,c1
11735,0.21355975,0.32802173,0.45841852,c5
7667,0.47714293,0.36552534,0.15733178,c1
18591,0.27519533,0.28267738,0.44212726,c234
1463,0.1774482,0.36315206,0.45939973,c234
5637,0.3869224,0.31575584,0.29732174,c1
12633,0.40856758,0.23149163,0.35994083,c5
17959,0.5546831,0.35289332,0.09242356,c1
9928,0.46721572,0.32371894,0.20906533,c1
14481,0.47532,0.28619227,0.23848769,c1
19570,0.20317572,0.2603596,0.5364647,c5
11347,0.42359176,0.35573778,0.22067042,c1
2041,0.6478574,0.23978177,0.11236085,c1
8384,0.5089173,0.3060619,0.18502082,c1
19934,0.19270279,0.31460938,0.4926878,c5
19097,0.4969916,0.3789343,0.12407414,c234
17835,0.46807507,0.25606215,0.2758628,c1
17554,0.48628834,0.34799322,0.16571851,c1
5246,0.18450484,0.31465834,0.50083685,c1
9795,0.30590594,0.30981904,0.384275,c234
1180,0.06406708,0.20660567,0.7293272,c5
2927,0.29412723,0.37084916,0.33502355,c1
18048,0.18450484,0.31465834,0.50083685,c234
3884,0.3761949,0.3340974,0.28970772,c1
3609,0.1852864,0.41779473,0.3969188,c234
15529,0.284196,0.36836085,0.34744313,c5
12366,0.19685532,0.36444864,0.43869606,c1
11155,0.32639018,0.38739336,0.2862165,c1
9560,0.21407092,0.34287712,0.443052,c234
622,0.27058926,0.32142964,0.40798107,c5
14782,0.1299081,0.25883836,0.6112535,c5
15628,0.40657744,0.314205,0.27921763,c1
1262,0.44535506,0.36378297,0.190862,c5
17080,0.25575858,0.37875623,0.36548513,c5
16851,0.22541906,0.5429012,0.23167975,c1
4817,0.3986827,0.28671253,0.31460476,c5
11809,0.42476743,0.3908986,0.18433404,c1
5696,0.28177142,0.29576206,0.4224665,c1
3471,0.36298975,0.33260578,0.30440444,c234
1876,0.26891038,0.26317838,0.46791124,c5
7720,0.5047599,0.2766697,0.21857041,c5
15992,0.48100325,0.23190852,0.28708825,c5
9844,0.15369712,0.21943414,0.6268688,c5
17210,0.2319436,0.25699326,0.5110631,c5
10899,0.3335179,0.33195615,0.33452597,c1
10627,0.21361178,0.29448253,0.49190566,c5
4874,0.41074562,0.45350412,0.13575026,c1
18412,0.25906232,0.4314654,0.3094723,c5
17500,0.37058058,0.33775553,0.29166391,c5
9329,0.30391505,0.27831218,0.4177728,c1
7660,0.35640016,0.39140797,0.2521919,c1
6726,0.2588767,0.38469797,0.3564253,c1
12141,0.3752474,0.4026847,0.22206794,c1
17483,0.23816566,0.37024343,0.39159092,c5
5386,0.25641814,0.3305388,0.4130431,c234
17724,0.15072672,0.26368013,0.5855931,c5
6905,0.51659447,0.28872883,0.19467671,c1
4580,0.376591,0.3214097,0.30199927,c5
4887,0.3208817,0.2862883,0.39283004,c5
9574,0.106610075,0.35087737,0.54251254,c5
17966,0.10862034,0.24005455,0.65132505,c234
18890,0.124778226,0.21619353,0.6590283,c1
11450,0.2965409,0.20386826,0.49959084,c5
244,0.49403375,0.31567618,0.19029008,c234
998,0.5455223,0.36434835,0.090129465,c234
9661,0.7365619,0.17952572,0.08391233,c1
13201,0.7606672,0.17893332,0.060399443,c1
2580,0.4969916,0.3789343,0.12407414,c5
1672,0.1627377,0.35904187,0.4782205,c5
5310,0.4667714,0.22523475,0.3079938,c1
7015,0.47483242,0.3678087,0.15735883,c1
5414,0.19465286,0.38930258,0.4160446,c5
4244,0.40592283,0.3555215,0.23855567,c1
17952,0.34590158,0.36226612,0.29183236,c234
4933,0.45473823,0.34286317,0.20239861,c1
8379,0.2526848,0.25756603,0.48974916,c5
2781,0.14549881,0.30043444,0.5540667,c234
9289,0.3120406,0.31508464,0.3728747,c234
11888,0.15963277,0.31877717,0.52159005,c234
15702,0.16294685,0.27010524,0.56694794,c5
15772,0.18566208,0.25423262,0.56010526,c5
1856,0.29268265,0.38106376,0.32625362,c234
2896,0.27348506,0.44910404,0.27741084,c5
18426,0.08477954,0.25487342,0.660347,c5
10794,0.19950727,0.34513658,0.45535618,c234
10142,0.3441515,0.36950177,0.28634676,c5
4706,0.3362822,0.28636038,0.3773574,c5
16358,0.3072776,0.30097172,0.39175066,c5
14936,0.24739212,0.31551516,0.4370927,c234
8220,0.28440842,0.39711598,0.31847563,c5
18903,0.57613415,0.19555098,0.22831488,c1
10825,0.28653806,0.28853992,0.42492202,c5
8217,0.3941897,0.44501853,0.16079183,c5
5408,0.41235545,0.3078771,0.2797674,c1
12353,0.34550488,0.3795406,0.27495453,c5
13773,0.26864654,0.33597043,0.395383,c234
11330,0.15908769,0.31043524,0.53047705,c1
1117,0.11093027,0.2998843,0.5891855,c5
7900,0.2604768,0.45354104,0.2859821,c1
15639,0.21746974,0.42067432,0.3618559,c1
17958,0.44374502,0.226932,0.32932293,c5
10103,0.10991344,0.2501333,0.6399533,c5
14124,0.19124293,0.33525282,0.47350425,c5
15243,0.3064348,0.33373344,0.35983175,c234
6695,0.2229256,0.2941947,0.48287973,c5
15510,0.15440515,0.33738637,0.5082085,c234
12585,0.21927087,0.3220385,0.4586906,c5
5150,0.23443346,0.38946623,0.3761003,c234
8771,0.45502317,0.34319466,0.20178214,c5
11595,0.15283883,0.67654604,0.17061509,c234
16767,0.20069514,0.28579375,0.5135111,c5
19455,0.7342336,0.20726417,0.058502194,c234
12690,0.3816718,0.2209539,0.39737433,c234
9792,0.4421668,0.31378466,0.24404852,c5
4708,0.1632177,0.24227002,0.5945122,c5
6067,0.18450484,0.31465834,0.50083685,c1
18346,0.19864497,0.32616177,0.4751933,c234
2977,0.33917966,0.415568,0.24525236,c1
19987,0.1398894,0.31020376,0.5499068,c5
8791,0.4772501,0.3333967,0.18935314,c1
14854,0.17274845,0.2605433,0.5667082,c5
597,0.30145162,0.3814771,0.31707135,c1
13619,0.35869342,0.44167036,0.19963618,c5
15152,0.21464524,0.4040267,0.3813281,c234
7208,0.20183185,0.45395476,0.34421334,c1
11263,0.17869353,0.37332585,0.44798055,c5
17942,0.30314544,0.3108742,0.38598034,c1
4928,0.1518798,0.30228883,0.5458313,c234
2528,0.36551985,0.37145424,0.26302594,c5
4647,0.32350466,0.45775986,0.21873546,c234
13072,0.32528806,0.37309155,0.3016204,c234
5077,0.307249,0.39146587,0.30128512,c234
8,0.3149562,0.29625845,0.38878533,c1
706,0.58449453,0.2961538,0.11935173,c234
11984,0.21671039,0.3696843,0.41360527,c234
10117,0.27805853,0.25342003,0.46852148,c1
11388,0.6471207,0.2899108,0.062968485,c1
19684,0.45232788,0.3431341,0.204538,c1
10159,0.28668565,0.40263897,0.3106754,c234
9203,0.2383559,0.37830755,0.38333657,c234
1828,0.5102764,0.35332665,0.13639697,c1
14947,0.1659385,0.2912147,0.54284686,c5
3783,0.31836414,0.44006938,0.24156648,c234
13031,0.5233476,0.34768218,0.12897024,c5
12929,0.4616658,0.3385334,0.19980073,c1
11249,0.32502103,0.37994882,0.29503015,c1
10273,0.32647967,0.27701047,0.39650983,c1
10920,0.322488,0.3493422,0.3281698,c1
9096,0.35809186,0.41494274,0.22696537,c1
2640,0.5502737,0.33779633,0.11192992,c234
16155,0.31339213,0.2500102,0.43659765,c234
897,0.2406372,0.25405008,0.50531274,c1
14671,0.32400465,0.38081047,0.2951849,c234
805,0.22994547,0.427422,0.3426325,c1
337,0.39002421,0.37660265,0.2333732,c5
17682,0.6925669,0.24626195,0.06117123,c234
5289,0.40784153,0.34111884,0.25103962,c1
19784,0.5632405,0.32031476,0.116444744,c1
336,0.2833461,0.35194358,0.3647103,c5
9772,0.4581737,0.34821635,0.19360997,c5
9765,0.50474316,0.2802547,0.21500216,c1
2502,0.24355605,0.39676312,0.35968083,c234
11418,0.5151258,0.33642438,0.14844981,c1
3038,0.18098298,0.23899846,0.5800186,c5
588,0.5060862,0.27300727,0.22090654,c1
8881,0.29437163,0.41285753,0.29277086,c234
11299,0.26988798,0.46896172,0.2611503,c234
15553,0.31773418,0.39810082,0.28416497,c5
18799,0.37376237,0.35168472,0.27455294,c234
10104,0.33006337,0.2654213,0.40451527,c5
12005,0.27417523,0.42940572,0.29641902,c5
19162,0.44621888,0.34860158,0.20517956,c234
16863,0.3057537,0.34146398,0.35278228,c234
4564,0.2285057,0.41437593,0.35711843,c1
1266,0.31913647,0.3518324,0.32903117,c234
10673,0.3611361,0.3676452,0.27121866,c234
1496,0.39308614,0.44275472,0.16415922,c234
4707,0.51418257,0.350915,0.13490243,c234
9045,0.46287122,0.32101935,0.21610941,c234
19738,0.40933618,0.2963945,0.29426935,c1
18533,0.22904833,0.4195795,0.3513722,c5
18983,0.57623076,0.31450695,0.10926228,c234
17294,0.09228059,0.1567747,0.7509448,c5
2070,0.17542906,0.33136502,0.4932059,c5
10934,0.65375936,0.25748622,0.088754386,c1
94,0.42791206,0.33459803,0.2374899,c1
3523,0.4891447,0.34968746,0.16116779,c1
3915,0.50552946,0.25436687,0.24010365,c1
4444,0.3120487,0.30703503,0.38091633,c234
11100,0.19407164,0.31172377,0.49420452,c234
12648,0.4113993,0.38202855,0.20657215,c5
19100,0.22904104,0.29479232,0.47616667,c234
12307,0.45232788,0.3431341,0.204538,c1
13896,0.20344612,0.37782323,0.41873065,c1
13808,0.6433032,0.29290968,0.06378706,c1
13952,0.24652246,0.42756334,0.32591423,c5
12847,0.48100325,0.23190852,0.28708825,c234
11474,0.29759955,0.34116754,0.36123288,c234
14697,0.17829984,0.41437823,0.40732193,c5
8800,0.4716012,0.34539455,0.18300417,c234
3942,0.23660974,0.4399425,0.3234478,c5
1673,0.34978086,0.37562016,0.27459896,c234
9637,0.23566909,0.36771542,0.39661545,c234
7204,0.21995246,0.46832168,0.31172588,c5
16689,0.16575567,0.43910402,0.39514032,c5
16382,0.53586906,0.3688846,0.09524639,c1
6885,0.21852615,0.17555276,0.6059211,c1
2320,0.20860872,0.4029606,0.38843068,c234
3113,0.2790961,0.34359872,0.37730515,c5
16583,0.41508982,0.35555223,0.22935796,c1
6246,0.7342336,0.20726417,0.058502194,c234
12832,0.48462412,0.27580515,0.23957074,c234
13456,0.211939,0.39697406,0.39108688,c234
9837,0.13327691,0.28919154,0.5775316,c5
5239,0.36704028,0.25706637,0.37589338,c1
10421,0.18379568,0.29775214,0.5184522,c1
16273,0.5814209,0.28938606,0.12919305,c234
19762,0.58377147,0.2569881,0.15924047,c234
15624,0.2433367,0.3344832,0.42218015,c5
4600,0.22794068,0.38288882,0.38917044,c234
13637,0.32477975,0.27464205,0.4005782,c5
16946,0.40345022,0.39026994,0.2062798,c1
14881,0.3302037,0.3788782,0.29091808,c1
1571,0.1036707,0.45268062,0.44364867,c5
6518,0.15739436,0.2530147,0.58959097,c5
1705,0.32185793,0.42885724,0.24928483,c1
14201,0.23991825,0.27868253,0.48139924,c234
4575,0.44757542,0.44006577,0.11235886,c234
19206,0.28667614,0.32138267,0.39194122,c5
16426,0.38201612,0.33030564,0.2876782,c234
11787,0.3550581,0.29047176,0.3544701,c1
1194,0.17069773,0.33158848,0.4977138,c234
12983,0.4290094,0.40996346,0.16102718,c234
17073,0.45109588,0.3243002,0.2246039,c5
15477,0.35372564,0.40142983,0.24484456,c1
15504,0.25687665,0.37596998,0.3671534,c1
13446,0.23422836,0.45685396,0.30891764,c5
4021,0.16133109,0.260039,0.57863,c5
14509,0.23780823,0.43284228,0.32934946,c234
2215,0.21405895,0.327229,0.45871207,c5
19347,0.2636972,0.33079794,0.40550488,c5
5667,0.41281357,0.3260744,0.261112,c1
5437,0.34647864,0.30252764,0.35099378,c1
13953,0.26887354,0.41266546,0.31846103,c5
17586,0.21342036,0.39642274,0.3901569,c234
9236,0.4178342,0.37371147,0.2084543,c5
776,0.4529267,0.35432538,0.1927479,c1
19243,0.39375716,0.34486148,0.2613814,c5
10778,0.39451006,0.32074273,0.28474727,c5
14052,0.26694483,0.47264472,0.26041046,c1
3972,0.46001288,0.2697565,0.27023062,c234
19414,0.49888805,0.353179,0.14793289,c1
15964,0.2798787,0.46931753,0.2508038,c5
551,0.60248566,0.2914793,0.10603502,c234
11940,0.28735766,0.33487853,0.37776378,c234
14473,0.3667534,0.34021506,0.29303157,c5
13697,0.24708319,0.3658717,0.3870451,c5
4418,0.36064747,0.41141984,0.22793266,c234
5442,0.29010242,0.33440593,0.37549168,c234
7386,0.33297172,0.34161723,0.32541105,c5
8613,0.21160172,0.3515508,0.4368475,c234
19462,0.1653024,0.34043407,0.49426353,c234
8357,0.66752476,0.17359437,0.15888084,c5
19112,0.16190617,0.3841383,0.45395553,c234
6433,0.16135369,0.28247982,0.5561666,c5
4397,0.32775962,0.38359854,0.2886419,c5
17858,0.26510796,0.37726793,0.35762414,c1
5172,0.1476388,0.2591934,0.59316784,c5
2097,0.2852079,0.33127788,0.38351429,c5
12749,0.42421994,0.3729089,0.2028712,c5
4668,0.19420592,0.30574512,0.50004894,c5
7680,0.22476014,0.3845956,0.39064428,c5
18784,0.58662295,0.3033876,0.10998939,c1
17204,0.201767,0.20303975,0.5951933,c5
8048,0.45662573,0.31186408,0.23151024,c1
2884,0.5531221,0.2990166,0.14786129,c1
19193,0.19715527,0.47020522,0.3326395,c234
12265,0.66674465,0.22281754,0.110437736,c1
4926,0.42507195,0.37691304,0.19801505,c1
1306,0.33342275,0.35896853,0.30760875,c234
10148,0.19720782,0.4422295,0.36056268,c5
19417,0.4488153,0.18110104,0.37008366,c5
14405,0.41776037,0.3099815,0.2722581,c1
736,0.3092136,0.39630452,0.29448187,c5
14846,0.41519326,0.33126992,0.2535368,c234
7806,0.37351587,0.37080863,0.25567544,c1
10056,0.4526419,0.34231573,0.20504239,c5
11264,0.39201856,0.302463,0.30551842,c234
15123,0.319173,0.25850973,0.42231718,c5
5617,0.28218856,0.39183357,0.32597792,c234
6207,0.6417156,0.24653198,0.11175244,c1
8527,0.2754197,0.32630578,0.3982745,c5
18632,0.38699687,0.33280256,0.2802006,c234
10477,0.13634583,0.30499026,0.55866385,c5
7011,0.3204245,0.3021961,0.37737945,c5
16131,0.22420415,0.37532648,0.40046933,c5
286,0.4995383,0.33165902,0.16880271,c234
9731,0.23378718,0.29485884,0.47135395,c5
6261,0.45473823,0.34286317,0.20239861,c234
1735,0.7383072,0.21817024,0.043522526,c1
19101,0.53245544,0.30218711,0.16535746,c1
8114,0.15996023,0.35926548,0.48077425,c234
1955,0.30457503,0.40875864,0.2866663,c1
9857,0.3073279,0.4277336,0.2649385,c5
2516,0.32385677,0.3211084,0.35503483,c1
5606,0.30456683,0.3542445,0.34118867,c5
10040,0.4115421,0.41972488,0.16873309,c5
16789,0.34668648,0.3445124,0.30880114,c5
707,0.35621557,0.36579174,0.27799267,c1
18720,0.1673886,0.36889908,0.46371228,c5
8763,0.19511078,0.23737477,0.5675144,c5
8903,0.43938443,0.30007386,0.26054177,c1
16944,0.23915048,0.6203788,0.14047074,c5
13299,0.24012648,0.4053927,0.3544808,c234
773,0.61679834,0.22096325,0.16223842,c5
3357,0.32035965,0.33457002,0.34507036,c1
19658,0.16444956,0.29698545,0.538565,c234
19128,0.2161964,0.43648002,0.34732354,c234
17029,0.18450484,0.31465834,0.50083685,c5
12183,0.28325778,0.30174616,0.4149961,c5
16409,0.2948934,0.32279643,0.38231015,c5
2860,0.3220858,0.37762073,0.30029345,c234
4892,0.21443298,0.29864338,0.48692366,c1
2558,0.30223483,0.33939058,0.35837466,c5
12164,0.26084533,0.28232372,0.45683098,c5
1193,0.3303329,0.34898892,0.3206782,c1
5110,0.43507472,0.39156628,0.17335904,c1
4840,0.3609312,0.31689996,0.32216892,c234
12887,0.2412914,0.3210638,0.43764484,c5
718,0.24863905,0.32880023,0.42256063,c5
17722,0.34853894,0.28085777,0.37060332,c234
19293,0.2136138,0.38019106,0.4061951,c5
14877,0.40332195,0.35352725,0.24315079,c1
19341,0.33069313,0.4503284,0.21897846,c1
7829,0.53245544,0.30218711,0.16535746,c234
8883,0.14183876,0.2591649,0.5989963,c5
6111,0.33706698,0.2916259,0.37130716,c234
15159,0.24981676,0.37817952,0.37200373,c234
16052,0.22677638,0.20757802,0.5656456,c234
13271,0.2041589,0.23675853,0.5590826,c5
1968,0.15679114,0.35062075,0.4925881,c5
4832,0.25445956,0.38082337,0.3647171,c1
13861,0.27379343,0.33963668,0.38656983,c234
14513,0.27406687,0.52440256,0.20153055,c234
10555,0.23470818,0.34795138,0.4173405,c234
9317,0.23726867,0.36505142,0.39767987,c5
8043,0.2027158,0.4334982,0.36378604,c5
15884,0.19996314,0.5136581,0.28637874,c5
12345,0.20919403,0.19724557,0.59356034,c5
13825,0.21205984,0.4880705,0.29986963,c234
4736,0.5263293,0.3513283,0.1223424,c234
13161,0.48100325,0.23190852,0.28708825,c5
4746,0.37246317,0.48237258,0.14516433,c5
6224,0.652191,0.23824596,0.1095631,c1
19714,0.2452346,0.39238617,0.36237922,c1
3401,0.4491229,0.30635366,0.24452338,c234
16808,0.5546831,0.35289332,0.09242356,c1
8258,0.24622436,0.34405348,0.4097222,c234
16891,0.34450948,0.41565707,0.23983341,c1
15256,0.12962809,0.26663902,0.6037329,c5
7355,0.36683512,0.33919513,0.29396972,c234
3877,0.20676517,0.34134763,0.4518872,c5
9946,0.29217124,0.45284307,0.25498575,c5
7820,0.6724477,0.22091101,0.10664125,c1
4374,0.23088892,0.29049888,0.47861218,c5
18702,0.30657136,0.34455174,0.34887686,c5
7231,0.20714238,0.37275645,0.42010117,c234
12727,0.41762882,0.34696528,0.23540588,c5
14225,0.46262586,0.30286175,0.23451231,c1
13769,0.2142328,0.23329957,0.55246764,c234
3733,0.44623658,0.28002685,0.2737365,c5
18510,0.32669207,0.33175007,0.34155786,c1
9073,0.2328587,0.20518059,0.56196064,c5
14275,0.16769595,0.25123134,0.58107275,c5
17197,0.3882561,0.31870595,0.29303798,c5
3313,0.10493949,0.17046781,0.72459275,c5
12715,0.48100325,0.23190852,0.28708825,c5
16073,0.34364074,0.26177728,0.3945819,c234
3425,0.67470264,0.2257828,0.09951454,c234
8924,0.35946387,0.34142783,0.29910827,c234
1312,0.2717851,0.3431729,0.38504195,c5
8470,0.26547098,0.33229482,0.40223426,c1
7142,0.54287505,0.32537663,0.13174841,c1
16463,0.23717144,0.35902926,0.40379933,c5
10045,0.22304828,0.36143136,0.41552043,c1
585,0.37081483,0.37892136,0.25026378,c234
1784,0.17755902,0.33661777,0.48582324,c5
7211,0.5072506,0.32893616,0.16381322,c5
111,0.20598592,0.30566257,0.48835155,c5
6893,0.47949183,0.30439606,0.2161121,c1
12300,0.28321475,0.35299423,0.363791,c5
17541,0.4969916,0.3789343,0.12407414,c234
10517,0.7342336,0.20726417,0.058502194,c1
16761,0.4449578,0.43885854,0.11618362,c1
3426,0.29836282,0.34695527,0.35468188,c1
18260,0.23428482,0.36521247,0.4005028,c5
14915,0.45232788,0.3431341,0.204538,c1
5109,0.26453862,0.3901321,0.34532928,c1
11303,0.31194162,0.3871845,0.30087385,c5
441,0.2029141,0.37343228,0.42365363,c1
15897,0.16345227,0.29955858,0.53698915,c5
4354,0.29996648,0.3960677,0.30396584,c5
4100,0.4047027,0.3671313,0.22816604,c234
9377,0.37743965,0.37014323,0.25241715,c234
5039,0.3593655,0.39033338,0.2503011,c5
7087,0.15074079,0.297825,0.5514342,c234
13388,0.23401228,0.21185474,0.554133,c234
1670,0.25581855,0.38608685,0.35809454,c1
19943,0.30634618,0.3831275,0.31052628,c234
11614,0.375777,0.38139912,0.24282384,c1
2841,0.28493217,0.3002209,0.41484693,c5
1520,0.30342898,0.29517207,0.401399,c5
12270,0.31347615,0.28602982,0.40049404,c1
1376,0.314889,0.38178405,0.3033269,c1
19027,0.3054508,0.35729605,0.33725318,c5
16334,0.39711782,0.46857503,0.13430719,c234
13911,0.5624087,0.3026699,0.13492139,c234
12701,0.35968432,0.35047784,0.28983784,c1
2605,0.40697387,0.36273065,0.23029551,c1
16233,0.24530198,0.2885213,0.46617675,c5
15374,0.31082302,0.4584951,0.23068182,c234
11200,0.36667815,0.30737534,0.3259465,c234
462,0.13676503,0.409733,0.45350197,c234
13806,0.52082396,0.3333682,0.14580788,c1
5874,0.24686962,0.25089166,0.5022387,c5
5570,0.57378316,0.31092134,0.115295514,c1
12347,0.41858527,0.34230512,0.23910952,c5
1820,0.40508235,0.31795374,0.2769639,c5
16,0.5546831,0.35289332,0.09242356,c234
14520,0.44674477,0.28344485,0.2698104,c1
9059,0.4667714,0.22523475,0.3079938,c1
6556,0.23913376,0.30664155,0.4542247,c1
19986,0.55822,0.30578864,0.13599133,c1
5081,0.4251235,0.35896453,0.21591195,c234
310,0.48748592,0.35939103,0.15312308,c1
6146,0.42693454,0.35149288,0.22157253,c5
19337,0.34009677,0.3433726,0.31653067,c1
11797,0.13296281,0.23941311,0.6276241,c5
81,0.3788444,0.36653313,0.2546225,c1
971,0.41277406,0.37629905,0.21092692,c5
2221,0.42711323,0.33670238,0.23618439,c5
11178,0.41582718,0.3222511,0.2619217,c5
18152,0.2083779,0.32336986,0.46825224,c5
15308,0.568499,0.26803052,0.16347045,c1
17784,0.22417243,0.34151486,0.43431273,c234
14983,0.36015323,0.21147624,0.42837057,c5
8548,0.22260183,0.5239995,0.25339866,c5
9922,0.22508305,0.36180338,0.41311356,c1
13568,0.3587486,0.28192398,0.3593274,c234
15994,0.6448994,0.24232423,0.11277634,c1
6543,0.23406209,0.5824622,0.18347573,c5
678,0.45352373,0.2252982,0.32117805,c5
8336,0.25199628,0.4271196,0.3208841,c234
1033,0.31173873,0.35134283,0.33691844,c1
5443,0.51924706,0.2820503,0.19870256,c234
9470,0.48877952,0.38708648,0.12413396,c5
12074,0.33662203,0.3507119,0.31266603,c1
2644,0.21829014,0.3701631,0.4115468,c1
3510,0.3115907,0.3838765,0.30453277,c234
15087,0.2365966,0.33185983,0.43154362,c5
16374,0.24292311,0.31509495,0.4419819,c1
12325,0.27281788,0.38427493,0.34290716,c5
9295,0.37434733,0.3186517,0.30700096,c1
4036,0.33675018,0.4270101,0.23623972,c234
6858,0.45365098,0.33886302,0.20748599,c1
1689,0.22797702,0.3612952,0.41072783,c1
15369,0.30391544,0.18993716,0.5061474,c1
17383,0.5348314,0.31861836,0.1465503,c234
14935,0.2847857,0.33206883,0.38314545,c5
7154,0.39710876,0.30049348,0.30239773,c1
15124,0.54492956,0.35727403,0.097796395,c1
1730,0.19823225,0.39366773,0.40810007,c234
13506,0.2448548,0.23997658,0.51516867,c5
10813,0.30734727,0.3773288,0.31532395,c1
12152,0.3113153,0.4164692,0.27221555,c234
14650,0.19909398,0.3696744,0.43123162,c234
17510,0.32079864,0.3573688,0.32183254,c234
19702,0.3390847,0.38019145,0.2807238,c5
8673,0.26222494,0.43029553,0.3074796,c1
9013,0.24586268,0.35221502,0.40192226,c234
13609,0.3336203,0.3079938,0.35838592,c1
14647,0.15948537,0.4517945,0.38872012,c234
12195,0.29186323,0.23130289,0.47683397,c1
11277,0.4200699,0.29129592,0.2886341,c5
17985,0.2621933,0.35749772,0.38030893,c1
10623,0.23440023,0.27833068,0.48726907,c5
8471,0.19659236,0.32618317,0.47722447,c5
19394,0.14455962,0.38064894,0.4747914,c5
18102,0.4836014,0.3357634,0.18063514,c1
10198,0.2438436,0.24271859,0.5134378,c234
6646,0.32553646,0.33551458,0.33894897,c234
11612,0.48100325,0.23190852,0.28708825,c1
4723,0.12692292,0.29698145,0.57609564,c234
1551,0.21238987,0.27904066,0.50856954,c234
17841,0.21175076,0.3424613,0.44578794,c5
18126,0.23285905,0.3424372,0.42470375,c234
16821,0.42585966,0.2707778,0.30336258,c1
15023,0.25927195,0.19808179,0.5426463,c234
11697,0.6767009,0.24735448,0.07594466,c1
17522,0.27618462,0.42048603,0.30332932,c234
9776,0.3384931,0.33760038,0.32390657,c5
6159,0.3433175,0.23125654,0.4254259,c234
16072,0.3556121,0.32515666,0.31923127,c5
11815,0.4453449,0.31305537,0.24159974,c5
15392,0.33476925,0.34949982,0.3157309,c234
15318,0.083798744,0.2324366,0.6837646,c1
19504,0.25389338,0.14336716,0.60273945,c5
5815,0.18375051,0.3094586,0.5067909,c234
12408,0.24283013,0.3962283,0.36094162,c234
1183,0.29963878,0.40097785,0.2993834,c5
13807,0.23657992,0.27597216,0.48744792,c5
12590,0.2489314,0.41528317,0.33578545,c5
12909,0.51374334,0.34018904,0.14606762,c1
16755,0.39294153,0.33631018,0.27074826,c1
2119,0.21095735,0.43451247,0.3545302,c234
6959,0.19380745,0.33852622,0.46766636,c1
14312,0.24416311,0.36503366,0.39080328,c5
1890,0.33002445,0.42508847,0.24488713,c234
34,0.20680332,0.2631559,0.5300408,c5
1385,0.30185762,0.5432964,0.15484601,c234
2195,0.2728093,0.31725582,0.40993488,c5
14259,0.2328587,0.20518059,0.56196064,c1
4794,0.22893624,0.301309,0.46975482,c5
17097,0.21022846,0.49636292,0.29340863,c1
14943,0.19958758,0.3019072,0.49850518,c5
1886,0.404527,0.45745882,0.1380142,c1
16936,0.30523586,0.27544037,0.41932377,c5
9595,0.17624325,0.3103379,0.5134188,c5
12254,0.48100325,0.23190852,0.28708825,c1
6616,0.15117162,0.2773942,0.5714342,c5
10535,0.48877952,0.38708648,0.12413396,c5
15568,0.39004466,0.3031957,0.3067596,c234
19600,0.22286123,0.32144764,0.4556911,c5
19435,0.28908083,0.3222399,0.38867927,c234
9810,0.4037071,0.34429353,0.25199935,c234
5477,0.38437742,0.27368954,0.3419331,c234
12404,0.28056446,0.26671275,0.45272282,c5
17338,0.31524947,0.35045406,0.33429646,c1
1713,0.2122261,0.35396314,0.43381074,c234
6588,0.33665806,0.3107354,0.35260653,c1
2538,0.2737698,0.39444092,0.3317893,c234
16410,0.49477935,0.2764199,0.22880071,c234
14411,0.19307718,0.43166012,0.3752627,c234
14673,0.42663664,0.33614898,0.23721437,c1
11250,0.39491937,0.3692225,0.23585813,c1
8411,0.34211275,0.40493366,0.25295362,c1
4650,0.33026454,0.39147165,0.2782638,c1
11730,0.17317764,0.32946405,0.4973583,c234
8127,0.48100325,0.23190852,0.28708825,c234
12199,0.35887015,0.3840247,0.25710514,c1
10354,0.3306465,0.29470608,0.3746474,c234
8879,0.25804636,0.33984137,0.40211222,c234
9151,0.30931053,0.40551066,0.2851788,c1
3486,0.2604384,0.35778257,0.38177902,c234
9486,0.30355054,0.28866544,0.40778393,c5
2893,0.33618784,0.31901377,0.34479833,c5
9300,0.3584214,0.38293582,0.25864282,c1
14896,0.484088,0.3240163,0.19189566,c1
13023,0.1850542,0.43648636,0.37845948,c5
10427,0.16360229,0.41049442,0.4259033,c5
10340,0.23440902,0.44475192,0.32083914,c234
6623,0.23833567,0.20651038,0.55515397,c5
16638,0.18347609,0.25197196,0.5645519,c234
6963,0.32610232,0.23211755,0.44178015,c5
17389,0.44564447,0.32492018,0.22943538,c5
13781,0.5455223,0.36434835,0.090129465,c234
6127,0.45298728,0.34920222,0.19781046,c234
12201,0.10404274,0.2730426,0.6229147,c234
3788,0.2973221,0.41128817,0.2913897,c234
4784,0.23673643,0.4352157,0.32804784,c234
15363,0.27197173,0.5245718,0.20345645,c1
3842,0.2810075,0.47864878,0.24034375,c1
4636,0.2741812,0.44573605,0.28008282,c1
11334,0.53586906,0.3688846,0.09524639,c1
10191,0.3908498,0.39475548,0.21439466,c1
817,0.29129857,0.29529375,0.41340762,c5
4997,0.22984245,0.37996757,0.39018995,c234
4608,0.2046785,0.3267614,0.46856004,c234
20030,0.33456838,0.405538,0.25989357,c5
18898,0.17333281,0.26776895,0.55889827,c1
8333,0.44628075,0.3371209,0.21659838,c5
9554,0.4240037,0.35614312,0.21985321,c1
4603,0.16076112,0.26320535,0.57603353,c5
2663,0.34596425,0.3467027,0.30733308,c1
9292,0.4998269,0.34201166,0.1581614,c234
10712,0.3598086,0.4066376,0.23355377,c1
19830,0.21003981,0.25931746,0.5306428,c234
11795,0.18177645,0.22616723,0.59205633,c234
6172,0.33885288,0.34106088,0.3200862,c5
10602,0.26468286,0.29536393,0.43995324,c234
3964,0.32731026,0.38869762,0.28399208,c234
16105,0.24173117,0.36034808,0.39792073,c5
11132,0.44374502,0.226932,0.32932293,c1
10549,0.32138297,0.36073956,0.31787744,c5
5513,0.28535935,0.4354197,0.27922097,c234
4310,0.277325,0.28451282,0.43816218,c234
10738,0.30468696,0.34966967,0.34564334,c234
19466,0.24536885,0.43444166,0.32018945,c5
16223,0.18811853,0.30780724,0.5040742,c234
8668,0.14582363,0.19981626,0.6543602,c5
19198,0.28488982,0.3706529,0.34445727,c5
10512,0.40905964,0.41541952,0.17552085,c1
16067,0.5632521,0.31137228,0.1253756,c1
13026,0.22561923,0.27083784,0.50354296,c5
12620,0.14573617,0.3404805,0.51378334,c234
8932,0.40389708,0.2598821,0.3362208,c5
5069,0.44269565,0.38243926,0.17486505,c234
764,0.3368753,0.3485345,0.31459022,c234
17524,0.42374077,0.38191688,0.19434234,c5
10393,0.46812794,0.3010073,0.23086478,c1
7872,0.34410655,0.34412605,0.31176737,c1
11694,0.20830487,0.4799356,0.31175953,c234
17305,0.38877353,0.43741766,0.17380881,c5
15375,0.25353336,0.28362882,0.46283785,c5
1276,0.4066166,0.4035401,0.18984336,c1
4227,0.14958605,0.3445456,0.5058684,c5
16215,0.5145219,0.2874651,0.19801298,c1
11297,0.3858249,0.43731737,0.17685778,c5
20085,0.248634,0.37060943,0.3807566,c234
1292,0.33280018,0.2300009,0.43719897,c1
13701,0.30668047,0.48336032,0.20995927,c5
15425,0.18020914,0.29493642,0.5248544,c5
3989,0.66106486,0.26322386,0.075711235,c1
6866,0.22205773,0.27463976,0.5033025,c5
10843,0.25371495,0.28454545,0.4617396,c1
9167,0.42711323,0.33670238,0.23618439,c1
8793,0.34272966,0.36744735,0.289823,c5
5356,0.30185762,0.5432964,0.15484601,c234
4253,0.5455223,0.36434835,0.090129465,c5
8059,0.2129684,0.38202196,0.40500972,c234
10646,0.36699575,0.34371835,0.28928584,c5
6326,0.24357672,0.42256847,0.33385473,c234
12076,0.3709034,0.3539644,0.27513218,c234
18644,0.40621907,0.40020007,0.19358087,c234
9104,0.29174244,0.42581412,0.2824435,c234
12945,0.3124085,0.3067824,0.38080913,c234
12212,0.37997115,0.3058805,0.31414834,c234
14559,0.28673252,0.36359784,0.34966967,c234
10954,0.40584937,0.3228841,0.2712665,c234
16869,0.29298347,0.39698267,0.3100339,c1
10274,0.2448548,0.23997658,0.51516867,c234
1897,0.73593795,0.20604579,0.058016263,c1
3729,0.74782854,0.20141429,0.050757226,c1
3809,0.23762669,0.3992956,0.36307773,c5
19585,0.13835487,0.3320361,0.529609,c1
8949,0.27580577,0.39678642,0.32740778,c234
3268,0.3860867,0.33788452,0.27602878,c5
10038,0.40346768,0.32254443,0.27398786,c5
15121,0.19341561,0.33978954,0.46679485,c5
19072,0.35201952,0.38549742,0.26248306,c1
8031,0.5142156,0.34697816,0.13880618,c1
1782,0.27274626,0.3518101,0.37544367,c5
3714,0.3808842,0.35399818,0.2651176,c5
11282,0.33102083,0.2700238,0.39895535,c234
16453,0.3875926,0.3718603,0.24054705,c1
17201,0.31310743,0.40729007,0.27960256,c234
17993,0.5014576,0.36777422,0.13076825,c5
2740,0.08661159,0.21785803,0.69553035,c5
19582,0.22425804,0.37719736,0.39854464,c5
18961,0.23889387,0.3919091,0.369197,c1
8104,0.42555663,0.4084372,0.16600616,c1
16792,0.48402995,0.2694512,0.24651891,c1
5999,0.26032263,0.2879041,0.45177326,c234
17515,0.18164729,0.43638408,0.38196862,c5
14696,0.3598394,0.345968,0.29419258,c234
8046,0.4667714,0.22523475,0.3079938,c5
1375,0.379963,0.39936256,0.22067443,c1
4896,0.3667534,0.34021506,0.29303157,c5
6778,0.39939508,0.3378866,0.2627183,c1
12586,0.35584325,0.34629023,0.29786655,c1
11837,0.29580912,0.32701403,0.37717685,c234
13232,0.22857457,0.1487046,0.6227208,c5
15004,0.23316956,0.4194939,0.34733656,c1
18280,0.20372096,0.3346152,0.4616638,c5
19488,0.20885855,0.331262,0.45987946,c1
7375,0.45453614,0.38979343,0.15567039,c234
10525,0.3941525,0.35737255,0.24847499,c5
19439,0.22200407,0.33971623,0.43827972,c5
3775,0.38311026,0.3148356,0.3020541,c234
1575,0.18668437,0.38707823,0.42623737,c5
5492,0.3330787,0.3836905,0.2832308,c234
13531,0.45953998,0.33293036,0.2075297,c234
7839,0.47878537,0.34106183,0.1801528,c234
6422,0.36404213,0.29121354,0.34474438,c1
12252,0.33807352,0.4281951,0.23373137,c1
11647,0.33257246,0.28663015,0.38079736,c1
7766,0.2910846,0.37634724,0.3325682,c1
7621,0.17528178,0.36393958,0.46077865,c5
7030,0.34443304,0.34403148,0.3115355,c1
9648,0.351907,0.3127672,0.33532578,c1
14322,0.22086576,0.3894261,0.38970816,c234
5806,0.11065046,0.28995153,0.599398,c5
2411,0.52207065,0.2368723,0.24105707,c1
4393,0.103300735,0.28426528,0.612434,c5
8406,0.19513354,0.28227186,0.5225946,c234
1591,0.22009361,0.39290372,0.38700265,c5
10066,0.38827628,0.36039898,0.25132477,c234
1314,0.19224465,0.16981685,0.6379385,c5
20048,0.31332627,0.3231242,0.3635495,c5
15319,0.22927153,0.3776025,0.39312595,c5
5088,0.17596221,0.320535,0.5035028,c1
6269,0.36178803,0.37445948,0.26375255,c1
10791,0.3271477,0.32213718,0.35071513,c5
2958,0.41550818,0.29425213,0.2902397,c1
13519,0.3923007,0.454548,0.15315133,c234
17349,0.18289872,0.37006736,0.44703394,c234
3232,0.23341584,0.35467058,0.41191354,c234
17739,0.4542536,0.32752442,0.21822198,c1
18292,0.36651993,0.38219923,0.25128087,c1
2909,0.43196502,0.30167243,0.2663625,c5
8817,0.45442805,0.35093763,0.19463429,c234
12638,0.17096741,0.32634977,0.5026828,c5
14566,0.40701118,0.37415564,0.2188332,c1
14924,0.2360238,0.45402938,0.30994678,c234
2842,0.18041798,0.4332159,0.38636613,c1
17612,0.35431343,0.4189242,0.22676232,c1
2090,0.41555527,0.39618602,0.18825875,c234
18050,0.5486606,0.27064753,0.1806919,c5
6301,0.45473823,0.34286317,0.20239861,c5
6561,0.14967091,0.22816837,0.62216073,c1
1313,0.19789676,0.4277619,0.3743413,c234
18612,0.43799233,0.34962195,0.21238567,c1
4512,0.24465618,0.34693074,0.40841308,c5
2686,0.21340488,0.36318344,0.4234117,c1
4724,0.21531229,0.32106236,0.4636254,c234
18101,0.23610027,0.36311468,0.4007851,c234
11402,0.21283042,0.37044,0.41672954,c5
6994,0.20660423,0.37069842,0.4226974,c234
11792,0.1642286,0.42162183,0.4141496,c1
7709,0.15410756,0.39786336,0.44802907,c1
18162,0.4667714,0.22523475,0.3079938,c5
3522,0.25777984,0.2792514,0.4629687,c5
11258,0.2923843,0.3989558,0.30865994,c1
11761,0.2707443,0.42237163,0.30688405,c5
13848,0.27840534,0.27837157,0.44322306,c5
13868,0.22606356,0.37777734,0.39615905,c5
10214,0.11169846,0.30342925,0.5848723,c5
19425,0.21561949,0.3610482,0.4233323,c234
11470,0.15246978,0.34721428,0.50031585,c5
11703,0.27817768,0.37792712,0.34389526,c234
7219,0.18664862,0.3347004,0.47865102,c1
1539,0.30798632,0.42255694,0.2694567,c1
19988,0.31520966,0.21168193,0.47310844,c1
4851,0.34185845,0.3498041,0.30833745,c5
2714,0.24790256,0.3659961,0.38610137,c1
8645,0.27452633,0.2623684,0.46310526,c5
6775,0.46058992,0.26362228,0.27578786,c234
92,0.31808686,0.31568885,0.36622432,c1
6500,0.3175472,0.37847918,0.30397364,c1
11722,0.27198246,0.34749648,0.3805211,c5
3096,0.33041838,0.3922752,0.2773064,c1
10435,0.19633827,0.30618668,0.4974751,c1
4039,0.23068208,0.34264082,0.42667708,c5
5461,0.21007434,0.45144215,0.33848348,c5
12660,0.34268504,0.35422036,0.30309463,c234
7047,0.31172213,0.25570127,0.43257663,c1
14443,0.21003981,0.25931746,0.5306428,c5
17569,0.22254565,0.4064605,0.37099385,c234
11783,0.22275619,0.3373279,0.43991596,c1
12804,0.15183818,0.5000417,0.34812012,c1
15006,0.30095676,0.38007912,0.31896412,c1
4994,0.24415298,0.615268,0.14057907,c234
17730,0.26405066,0.4317912,0.30415818,c5
10984,0.2528713,0.27669176,0.47043696,c1
11699,0.24762258,0.413228,0.3391494,c234
2490,0.46130276,0.2249157,0.31378162,c1
4544,0.3816397,0.2625731,0.35578725,c1
5899,0.3615178,0.34354374,0.29493847,c5
2345,0.3829478,0.35203987,0.26501232,c1
20003,0.51832235,0.30548117,0.17619643,c1
16054,0.4036084,0.3046833,0.29170823,c234
1304,0.44643846,0.38568908,0.16787249,c1
15725,0.14846803,0.26434442,0.5871875,c5
20050,0.21184759,0.30223662,0.48591572,c1
3039,0.19199319,0.23175569,0.57625115,c5
19356,0.5455223,0.36434835,0.090129465,c1
10197,0.16813435,0.27696434,0.5549013,c234
19615,0.51918536,0.37379643,0.10701816,c1
4745,0.24947496,0.33596158,0.41456348,c1
16849,0.35529757,0.37741134,0.26729104,c1
15878,0.3338836,0.33006006,0.33605635,c234
19728,0.44080806,0.34893668,0.21025525,c1
8610,0.51175785,0.31306067,0.17518145,c1
1067,0.3418682,0.3785827,0.27954906,c234
14942,0.5502737,0.33779633,0.11192992,c1
8971,0.16268498,0.34998092,0.48733413,c5
17856,0.41439027,0.31704965,0.26856008,c1
14711,0.31150138,0.32750297,0.36099568,c234
5348,0.19158252,0.40546143,0.402956,c5
3284,0.2971846,0.32512084,0.37769455,c234
9631,0.19069123,0.44006625,0.36924246,c5
7951,0.29758573,0.41635635,0.28605792,c1
5430,0.20905869,0.3067267,0.48421463,c234
19266,0.5188293,0.40886304,0.072307765,c1
6043,0.223388,0.31083733,0.4657746,c5
17672,0.5821063,0.20241939,0.21547437,c1
11340,0.3591304,0.28401294,0.3568566,c1
11660,0.3081056,0.34371907,0.34817532,c234
2422,0.299429,0.3132065,0.38736445,c5
11025,0.2688716,0.37192845,0.3592,c5
17647,0.14891204,0.31298143,0.5381065,c234
16562,0.41469708,0.3832124,0.20209058,c1
12900,0.36065948,0.41795185,0.22138871,c1
10613,0.48261043,0.33911702,0.17827255,c1
9015,0.2600977,0.26147643,0.47842592,c234
1584,0.22861063,0.24492218,0.5264672,c234
12932,0.20209727,0.3625229,0.4353798,c1
11905,0.46326837,0.36048055,0.17625105,c234
3893,0.16966155,0.34283563,0.48750275,c1
3161,0.12980314,0.3221007,0.5480962,c5
15880,0.17316628,0.25291342,0.57392025,c234
7081,0.7299079,0.21300106,0.057091095,c234
14891,0.6523274,0.25969517,0.08797741,c234
12530,0.45473823,0.34286317,0.20239861,c234
12228,0.48100325,0.23190852,0.28708825,c234
7699,0.21302739,0.49630412,0.2906684,c234
17479,0.43867165,0.29600018,0.26532814,c1
18234,0.25449175,0.34489405,0.40061423,c5
19326,0.25213233,0.3011382,0.4467295,c5
8600,0.32985768,0.31914777,0.3509945,c1
13444,0.35597283,0.3513765,0.2926507,c5
4329,0.36183116,0.4019562,0.23621267,c5
7786,0.1797683,0.31689012,0.5033416,c234
572,0.31900913,0.3162325,0.36475837,c5
5502,0.27558884,0.3059471,0.41846403,c234
8252,0.2852297,0.3425143,0.37225604,c234
16037,0.230276,0.34290603,0.426818,c5
11801,0.35810173,0.38929814,0.2526001,c234
18683,0.21676308,0.29961783,0.48361903,c5
7312,0.36078987,0.29790905,0.3413011,c5
18586,0.15257777,0.2714706,0.5759516,c234
18214,0.41552672,0.4287241,0.15574913,c1
19729,0.26572177,0.5254941,0.20878412,c234
3653,0.11391636,0.24836048,0.63772315,c234
14474,0.22864272,0.3097335,0.4616238,c234
3162,0.30994177,0.36400604,0.32605216,c5
10285,0.3395994,0.31476897,0.34563157,c1
9970,0.25595522,0.1968647,0.5471801,c234
2382,0.27209377,0.39691326,0.33099297,c234
13069,0.22218625,0.41069642,0.36711738,c1
5668,0.23126768,0.3531582,0.41557413,c234
657,0.44512385,0.31067476,0.24420145,c234
20083,0.37841982,0.4302602,0.19131996,c1
9936,0.18142417,0.22876428,0.58981156,c234
18564,0.19751407,0.32706982,0.47541612,c5
12722,0.40154067,0.32414034,0.27431896,c5
9081,0.2545774,0.41355073,0.33187187,c234
1835,0.6686575,0.23149274,0.09984978,c1
4084,0.10824424,0.27177784,0.61997795,c5
13107,0.71444166,0.19555376,0.09000461,c1
18111,0.19440103,0.30745518,0.4981438,c234
5190,0.24903971,0.3393643,0.411596,c234
1409,0.4526736,0.32233298,0.22499341,c5
12024,0.45848078,0.25529847,0.28622073,c1
7657,0.4264683,0.29840517,0.2751265,c1
9793,0.35751754,0.38883644,0.253646,c1
14263,0.22036658,0.35998514,0.4196483,c1
409,0.35896477,0.3619409,0.27909434,c1
13345,0.55156213,0.2320683,0.21636955,c234
15726,0.17719133,0.2741453,0.5486634,c234
669,0.31499934,0.2879632,0.39703745,c5
6439,0.2408357,0.3609044,0.39825985,c234
217,0.6029847,0.2597594,0.1372559,c234
4737,0.5083715,0.35174283,0.13988568,c234
9939,0.35042438,0.27319825,0.37637734,c234
18968,0.3602938,0.33217967,0.30752656,c234
8831,0.6691105,0.2450714,0.08581816,c1
10952,0.19255601,0.49601313,0.31143078,c5
9874,0.32138297,0.36073956,0.31787744,c1
7332,0.35433444,0.29525322,0.35041228,c234
20000,0.48576748,0.34884363,0.16538884,c1
8286,0.23635316,0.29190835,0.47173846,c5
2758,0.19061899,0.36956897,0.43981203,c1
8537,0.4317588,0.41016936,0.1580718,c5
1342,0.18022172,0.3997992,0.41997907,c234
2824,0.31780928,0.36768034,0.31451035,c234
14789,0.30624887,0.35701993,0.33673123,c5
14466,0.1710187,0.3322079,0.49677345,c5
976,0.36936355,0.33171624,0.29892015,c1
5689,0.16409904,0.26990536,0.56599563,c5
12499,0.19376616,0.31005108,0.4961827,c5
3504,0.31620294,0.42360082,0.26019627,c234
8325,0.3650593,0.32580808,0.3091327,c1
19686,0.46711394,0.35658577,0.17630029,c1
17688,0.276461,0.4071568,0.31638223,c5
13839,0.5546831,0.35289332,0.09242356,c1
8805,0.26994005,0.24621576,0.48384413,c5
19911,0.1965143,0.30592224,0.49756348,c234
15316,0.3547418,0.3031212,0.34213698,c234
10937,0.4909359,0.34263027,0.16643383,c1
3138,0.20384994,0.29308504,0.503065,c5
1516,0.3306114,0.47451118,0.19487743,c5
19869,0.17056364,0.3757089,0.4537274,c1
14773,0.3147357,0.28479192,0.4004723,c1
11750,0.23206535,0.36583284,0.4021018,c1
14720,0.30883232,0.31254062,0.3786271,c5
9123,0.3323615,0.3819264,0.2857121,c1
6329,0.35754165,0.35476178,0.28769648,c234
2671,0.30805832,0.46126643,0.23067528,c234
12940,0.21944705,0.3783065,0.40224645,c234
16705,0.39654398,0.40253246,0.20092358,c234
15755,0.3927055,0.3330683,0.2742262,c234
5409,0.37929884,0.3246254,0.29607585,c234
6672,0.30421662,0.4830072,0.21277617,c234
11834,0.35887015,0.3840247,0.25710514,c1
8136,0.25725782,0.27866173,0.46408045,c1
11393,0.2935491,0.3434802,0.36297068,c234
8428,0.21597302,0.3768616,0.40716544,c234
3543,0.23876593,0.29907885,0.46215516,c1
3700,0.28175336,0.35439858,0.36384806,c5
417,0.17505088,0.32513428,0.4998148,c234
14346,0.20602216,0.355215,0.43876287,c234
30,0.34716907,0.23096517,0.4218658,c1
15234,0.5455223,0.36434835,0.090129465,c1
3941,0.30846155,0.39181322,0.29972523,c5
19313,0.31862196,0.29585305,0.38552502,c5
11356,0.40499264,0.3792497,0.21575764,c5
9331,0.40933618,0.2963945,0.29426935,c1
10872,0.30618057,0.32860315,0.36521626,c5
13008,0.32997093,0.33161268,0.3384164,c5
7659,0.3119412,0.28894487,0.39911395,c5
11633,0.2792848,0.4338969,0.2868183,c1
14993,0.24765489,0.39689478,0.35545033,c234
3127,0.3403886,0.4157977,0.24381368,c234
8898,0.39181855,0.31296858,0.2952129,c234
18350,0.13349019,0.24883626,0.61767364,c5
868,0.43328744,0.34273386,0.22397865,c1
19415,0.41616195,0.2799076,0.30393046,c5
13367,0.29121375,0.2725201,0.43626618,c234
11516,0.2052582,0.32538253,0.46935928,c5
16938,0.4618058,0.32193094,0.21626328,c234
8469,0.18481117,0.35582474,0.45936403,c234
14803,0.32219613,0.3811188,0.2966851,c1
839,0.16500661,0.18279769,0.6521957,c5
11231,0.18461621,0.47679743,0.33858636,c234
534,0.37306744,0.35424513,0.2726875,c1
16221,0.24513708,0.35600308,0.39885977,c5
17455,0.61627686,0.23774189,0.1459813,c234
18590,0.378334,0.37786713,0.24379887,c5
8273,0.47559556,0.24486713,0.27953726,c234
18717,0.4942199,0.34035766,0.16542248,c1
5792,0.34230664,0.40503633,0.25265706,c234
12696,0.34442323,0.38873175,0.26684502,c1
13768,0.4852394,0.30779254,0.20696802,c5
3834,0.68809247,0.25952294,0.052384604,c1
6060,0.4746879,0.33779085,0.18752125,c1
4993,0.29272202,0.45627895,0.25099912,c5
13888,0.14374058,0.21168692,0.6445725,c5
16254,0.37902644,0.37853873,0.24243486,c1
6913,0.36345863,0.3448049,0.29173645,c234
2724,0.7365619,0.17952572,0.08391233,c1
3613,0.347076,0.3042047,0.34871933,c5
15785,0.3585779,0.29200545,0.3494166,c1
1519,0.36284065,0.43082097,0.2063384,c5
300,0.37540987,0.23321034,0.39137974,c1
14917,0.22944766,0.34252152,0.42803082,c5
7536,0.7712766,0.18943097,0.039292436,c1
10201,0.23057534,0.3835959,0.3858288,c234
14700,0.35544586,0.36555043,0.2790037,c234
20088,0.59182966,0.22713031,0.18104005,c1
8155,0.4245691,0.39561957,0.17981134,c234
4371,0.23299487,0.40567902,0.36132607,c1
11372,0.2550087,0.24221222,0.50277907,c5
19809,0.44178396,0.37712523,0.18109079,c234
824,0.5115084,0.24218012,0.24631152,c1
11428,0.42313614,0.2915839,0.28527993,c234
3339,0.562313,0.31458566,0.12310136,c234
10741,0.26492363,0.30353218,0.43154418,c1
2601,0.20321672,0.3766753,0.420108,c234
2174,0.3778947,0.3494405,0.27266476,c1
14607,0.31042737,0.4509117,0.23866092,c234
20058,0.22089082,0.3702436,0.40886557,c234
18816,0.29131517,0.39899915,0.3096857,c5
10928,0.5223461,0.3457406,0.1319133,c234
19989,0.30370274,0.2933874,0.40290987,c5
1844,0.2470885,0.26677737,0.48613408,c1
8472,0.16434333,0.27180254,0.56385404,c5
18476,0.22882652,0.37033352,0.40083995,c5
8743,0.20397793,0.30869475,0.4873274,c1
5011,0.17789663,0.39225677,0.42984658,c5
18184,0.37237445,0.4060054,0.22162016,c1
19549,0.48100325,0.23190852,0.28708825,c234
15174,0.17458493,0.29086533,0.5345498,c5
386,0.2538773,0.26803783,0.47808486,c5
9806,0.29114035,0.35587624,0.35298342,c5
12440,0.18287233,0.4714321,0.34569556,c5
3132,0.24893345,0.43585876,0.31520784,c5
10796,0.31435528,0.44265062,0.24299407,c5
7325,0.3847073,0.39992613,0.21536656,c234
14941,0.2208241,0.32396594,0.45521,c5
17466,0.20230213,0.30964786,0.48804992,c234
12785,0.76086766,0.17275056,0.06638184,c1
10425,0.39221635,0.3845551,0.2232285,c234
10451,0.4667714,0.22523475,0.3079938,c5
2362,0.38291812,0.30121577,0.31586608,c1
13284,0.29147825,0.28841668,0.4201051,c5
18746,0.2763873,0.37562042,0.34799227,c5
6192,0.33334392,0.33528274,0.33137336,c234
12546,0.31317824,0.3876733,0.29914847,c5
16280,0.23154515,0.35042262,0.4180322,c1
15476,0.18043378,0.419444,0.40012223,c5
10126,0.22478326,0.3569113,0.4183055,c5
14083,0.21154642,0.4778162,0.31063738,c5
15873,0.23476072,0.518539,0.24670027,c234
12262,0.4308449,0.31504488,0.25411025,c1
16945,0.4705118,0.35019583,0.17929241,c234
5469,0.43179804,0.34825143,0.21995059,c1
4789,0.37110412,0.34356382,0.28533202,c1
10970,0.36684173,0.3950707,0.23808753,c1
5538,0.30084556,0.36617252,0.33298197,c5
13058,0.26966608,0.25563946,0.47469443,c1
13997,0.5457629,0.31552857,0.13870855,c234
18901,0.3336203,0.3079938,0.35838592,c1
5128,0.25606778,0.3135866,0.43034565,c234
3462,0.30050582,0.3533444,0.34614977,c234
2634,0.17457628,0.4056657,0.419758,c5
2642,0.2522632,0.31327727,0.43445957,c1
5000,0.20979716,0.21563308,0.57456976,c1
14863,0.25869128,0.3193479,0.4219608,c5
6660,0.43213505,0.28249198,0.28537294,c5
11198,0.17340593,0.32829317,0.4983009,c5
593,0.17857982,0.30575627,0.5156639,c234
3403,0.41043344,0.3253611,0.26420543,c234
4467,0.1744405,0.32098088,0.50457865,c1
18008,0.29261947,0.38911977,0.31826076,c234
14213,0.37403876,0.3422477,0.28371355,c1
15074,0.18617414,0.41921303,0.39461285,c234
18100,0.2314312,0.31437036,0.4541984,c5
11919,0.28943127,0.40385634,0.30671245,c5
15519,0.24684115,0.25886792,0.49429098,c234
18374,0.546327,0.3295692,0.12410387,c234
4081,0.39557713,0.35416576,0.2502571,c234
4451,0.3093692,0.36925596,0.32137486,c234
8516,0.3164786,0.42068303,0.26283833,c1
10119,0.49861583,0.3611405,0.1402437,c234
14853,0.1879617,0.4177537,0.39428455,c5
17315,0.23728816,0.34404737,0.4186645,c5
19588,0.08236676,0.23500343,0.6826298,c5
11821,0.44729814,0.3585025,0.19419937,c234
11427,0.13580346,0.23784912,0.6263474,c5
19264,0.5376996,0.3165715,0.14572889,c1
8927,0.33917966,0.415568,0.24525236,c1
12618,0.22070563,0.25465533,0.524639,c5
61,0.15875418,0.31471738,0.5265285,c5
14508,0.19659236,0.32618317,0.47722447,c234
12239,0.2972005,0.35503614,0.3477634,c5
8287,0.46160147,0.3792055,0.15919304,c234
10598,0.29398847,0.5008897,0.20512186,c234
775,0.32573035,0.36143866,0.31283092,c234
1609,0.39113912,0.18259296,0.42626792,c5
344,0.15144525,0.20814769,0.640407,c5
7955,0.15011112,0.2382795,0.6116094,c234
17492,0.47120553,0.4016978,0.12709662,c1
11732,0.25513542,0.25268415,0.49218038,c5
3569,0.24048269,0.36219597,0.39732128,c5
50,0.259773,0.31164715,0.42857984,c234
18659,0.3977581,0.526876,0.075366005,c1
12095,0.23125426,0.35862055,0.41012523,c234
16102,0.41092265,0.3012819,0.28779545,c1
6101,0.54238147,0.311886,0.1457325,c234
4730,0.40250054,0.30617487,0.2913246,c1
8806,0.2770835,0.4106723,0.31224424,c234
1422,0.2513808,0.38471705,0.36390215,c1
16784,0.24353684,0.3598652,0.39659795,c234
4389,0.55415875,0.33899024,0.10685102,c1
17217,0.2713236,0.37439075,0.35428563,c5
14221,0.24672924,0.34555742,0.40771338,c1
15001,0.5600258,0.30374858,0.13622558,c1
14552,0.27381653,0.47272354,0.25346,c5
14731,0.2743174,0.3942888,0.3313938,c5
14024,0.23494624,0.34209904,0.42295477,c1
3501,0.44308108,0.3015726,0.25534636,c234
4422,0.16468622,0.35093212,0.48438174,c1
17046,0.30771923,0.44375652,0.24852422,c1
8332,0.23061463,0.44442254,0.32496282,c1
4626,0.2885907,0.46991047,0.24149878,c234
11260,0.3333042,0.38650405,0.28019178,c5
1071,0.47256324,0.32763028,0.1998064,c5
11430,0.33340067,0.33266705,0.33393225,c5
10753,0.21531811,0.38478607,0.39989582,c1
18244,0.21603628,0.4431899,0.34077388,c234
7186,0.20726947,0.3500752,0.44265532,c5
16306,0.16029641,0.38987038,0.44983327,c5
12090,0.23513691,0.27522784,0.4896353,c5
1559,0.35891765,0.38103056,0.26005182,c5
11599,0.21397825,0.40246004,0.38356167,c1
1172,0.35887015,0.3840247,0.25710514,c5
14438,0.1967009,0.48598,0.31731915,c5
16749,0.45298728,0.34920222,0.19781046,c5
5419,0.16520278,0.34941542,0.48538184,c234
4349,0.23711942,0.3814479,0.38143262,c1
6624,0.33008352,0.41530535,0.25461116,c5
13981,0.23228951,0.27950633,0.48820415,c234
2881,0.20325361,0.31271467,0.48403168,c234
9957,0.23817442,0.53302,0.22880557,c234
18257,0.39744583,0.35588652,0.24666756,c234
6694,0.45025387,0.2970925,0.2526536,c5
18706,0.22371161,0.27439362,0.5018948,c5
547,0.3574995,0.27876037,0.36374018,c1
13443,0.22988474,0.27575797,0.49435726,c234
14918,0.40451863,0.354123,0.2413584,c234
3589,0.23017691,0.4610912,0.30873197,c5
9710,0.40546012,0.31907228,0.27546754,c234
9021,0.2831431,0.31321833,0.4036386,c1
3582,0.24527329,0.26614982,0.4885769,c5
13805,0.3141121,0.3750818,0.31080607,c234
16531,0.48100325,0.23190852,0.28708825,c1
3332,0.39319542,0.1951203,0.41168427,c5
5021,0.25261274,0.27007028,0.47731692,c5
7050,0.24278545,0.35348707,0.4037275,c234
9462,0.2934904,0.4015682,0.30494142,c1
19758,0.6523274,0.25969517,0.08797741,c1
9494,0.2740991,0.3130362,0.41286466,c1
11923,0.23996074,0.331933,0.42810622,c5
17788,0.27215144,0.41391516,0.3139334,c234
7442,0.32223544,0.34318796,0.33457664,c5
5885,0.2588801,0.29031596,0.45080388,c5
14057,0.3556121,0.32515666,0.31923127,c234
5515,0.38863242,0.39551592,0.21585162,c5
3804,0.4021643,0.37019026,0.22764544,c5
2456,0.2855251,0.4251976,0.28927732,c5
15719,0.25464147,0.49139673,0.25396183,c234
17561,0.4667714,0.22523475,0.3079938,c5
9150,0.59547454,0.26735756,0.13716783,c234
2967,0.34197393,0.38495636,0.27306974,c234
8656,0.5455223,0.36434835,0.090129465,c234
19115,0.30186605,0.35737857,0.34075534,c234
7238,0.5455223,0.36434835,0.090129465,c1
8941,0.22355603,0.32151994,0.45492402,c5
19755,0.24507964,0.33491,0.4200104,c234
11286,0.22683893,0.32930458,0.44385654,c5
15282,0.22145922,0.35123444,0.42730635,c5
16122,0.45564824,0.38986358,0.15448815,c234
17549,0.1806303,0.32553604,0.49383366,c234
550,0.25462487,0.37752464,0.3678505,c5
1080,0.4938434,0.31225252,0.19390407,c5
7762,0.20374236,0.23186818,0.56438947,c234
3911,0.15633221,0.3585088,0.485159,c5
2132,0.4636234,0.27661893,0.2597577,c234
14238,0.49705192,0.35163155,0.15131658,c1
6434,0.42094707,0.3254812,0.25357166,c234
2465,0.31606638,0.37802917,0.30590442,c234
6393,0.37244487,0.3893263,0.2382288,c5
9996,0.3982771,0.30117038,0.30055258,c1
18530,0.14470255,0.26476237,0.59053504,c5
7566,0.17616436,0.32384187,0.4999938,c5
2141,0.7342336,0.20726417,0.058502194,c1
18573,0.28894114,0.3530547,0.35800415,c1
19396,0.20062701,0.36546156,0.43391144,c5
3110,0.52430815,0.2745815,0.20111033,c234
11485,0.31432518,0.34619147,0.33948338,c234
3024,0.39378375,0.33897462,0.26724166,c1
13648,0.26941794,0.38317317,0.34740895,c234
8853,0.19935277,0.31765565,0.48299152,c5
7823,0.34572387,0.30796176,0.34631434,c5
17872,0.2701327,0.40421832,0.325649,c234
13119,0.31772003,0.40191862,0.28036138,c5
15909,0.26533952,0.28763425,0.44702628,c234
17855,0.22839719,0.414455,0.3571478,c234
15700,0.21094202,0.35083392,0.43822402,c234
1040,0.25853685,0.28799585,0.45346734,c5
18381,0.3518361,0.3388427,0.30932122,c1
18340,0.3052151,0.47614715,0.21863773,c5
12060,0.39962128,0.30152103,0.29885766,c1
17382,0.3225775,0.3049962,0.37242627,c1
9712,0.44848487,0.21478708,0.3367281,c1
3704,0.3280099,0.3942685,0.2777216,c234
4909,0.21670565,0.23916644,0.5441279,c5
19044,0.47764763,0.36709052,0.15526183,c1
4941,0.3887638,0.39443928,0.21679695,c234
19473,0.40668276,0.29570058,0.29761672,c1
649,0.21348102,0.23689342,0.5496255,c234
7891,0.32477134,0.4231695,0.25205916,c5
17782,0.55590725,0.3095205,0.13457221,c1
1168,0.10475161,0.24761054,0.64763784,c234
10134,0.50231916,0.3500374,0.14764349,c1
9633,0.34199333,0.33585367,0.32215303,c1
17128,0.51763254,0.31400767,0.16835976,c234
13230,0.401673,0.30310607,0.2952209,c1
8869,0.3022164,0.26203594,0.43574768,c234
366,0.5605979,0.27507815,0.16432393,c1
4065,0.24218822,0.3378257,0.41998613,c1
15574,0.40250838,0.33240616,0.26508546,c1
2795,0.5006428,0.27119416,0.22816306,c234
6495,0.397305,0.39148644,0.21120857,c1
6708,0.13804695,0.378506,0.48344702,c1
904,0.5502737,0.33779633,0.11192992,c1
5112,0.2550087,0.24221222,0.50277907,c234
17924,0.21489552,0.333867,0.4512374,c234
19321,0.23597619,0.33562043,0.42840335,c5
18247,0.2863688,0.27346417,0.440167,c234
5758,0.29521424,0.45025238,0.25453335,c234
10856,0.30463645,0.3533206,0.342043,c1
6779,0.2609793,0.27027962,0.46874106,c234
7990,0.44073203,0.29661432,0.26265365,c1
2312,0.083882086,0.17622659,0.73989123,c234
12608,0.2253728,0.28094444,0.49368268,c1
5556,0.24328396,0.48549283,0.27122325,c1
9873,0.18595178,0.2814205,0.53262776,c5
6092,0.33045128,0.39154252,0.27800623,c5
5322,0.2743696,0.4100337,0.3155967,c1
12860,0.3237187,0.29910567,0.3771756,c234
18781,0.50810945,0.27340606,0.21848448,c234
12259,0.4507331,0.4486404,0.10062654,c1
11273,0.29825228,0.28376317,0.4179846,c234
3060,0.119350895,0.25364462,0.6270045,c5
6243,0.45473823,0.34286317,0.20239861,c1
13021,0.51918536,0.37379643,0.10701816,c234
18948,0.39842704,0.3316985,0.26987448,c234
16544,0.38033327,0.3369239,0.2827429,c234
7102,0.24560522,0.29347393,0.46092087,c1
12330,0.40221977,0.35209578,0.24568443,c5
11296,0.5455223,0.36434835,0.090129465,c1
15028,0.5433136,0.36477172,0.09191462,c1
9801,0.21113205,0.31906575,0.46980223,c1
6074,0.1662276,0.36141953,0.47235292,c5
13397,0.15247288,0.2201967,0.6273304,c1
2000,0.6523274,0.25969517,0.08797741,c1
4906,0.35896477,0.3619409,0.27909434,c234
16877,0.69173634,0.2256165,0.082647175,c1
4566,0.26970658,0.3242934,0.40600008,c5
12375,0.18662383,0.42494172,0.38843447,c5
2735,0.22169797,0.29264167,0.4856604,c5
12746,0.2162264,0.3383851,0.44538844,c234
5937,0.20065054,0.36643574,0.43291372,c5
17333,0.1345566,0.18980536,0.6756381,c5
10032,0.5316759,0.31048575,0.15783833,c1
554,0.2775676,0.3870502,0.33538222,c5
16443,0.29651806,0.3533233,0.35015857,c234
14480,0.1699921,0.25983,0.5701779,c5
10468,0.38041413,0.3963334,0.2232525,c1
17005,0.14512558,0.20503937,0.6498351,c5
8221,0.18994787,0.39450285,0.41554922,c5
18132,0.12816899,0.4098571,0.4619739,c5
6418,0.5467608,0.29979485,0.15344432,c234
17018,0.4981223,0.2808666,0.2210111,c1
10320,0.5160725,0.32518533,0.15874219,c1
11646,0.34371078,0.39616105,0.2601282,c5
9972,0.21978725,0.409418,0.37079468,c234
10771,0.28844932,0.33722246,0.3743282,c234
8818,0.2301521,0.34078902,0.4290589,c234
4290,0.43361253,0.39665866,0.16972886,c1
10664,0.21238987,0.27904066,0.50856954,c5
5726,0.35017493,0.42839485,0.22143021,c234
14538,0.28083038,0.3886843,0.3304853,c234
12809,0.23191333,0.25791207,0.5101746,c1
19773,0.32071185,0.38443035,0.29485777,c1
8211,0.21704969,0.32321334,0.45973697,c234
7247,0.27259338,0.41997764,0.30742896,c234
1444,0.47661543,0.33989465,0.18348996,c234
491,0.36894646,0.35640693,0.2746466,c234
11754,0.15389666,0.34063417,0.50546914,c5
8187,0.4356242,0.35242948,0.2119463,c5
17605,0.37621966,0.33021593,0.2935644,c234
2140,0.20331375,0.5240655,0.27262074,c234
14401,0.22767897,0.33019146,0.4421296,c5
9771,0.41384298,0.3795876,0.20656945,c1
3229,0.44389036,0.34271187,0.2133978,c234
4179,0.24513708,0.35600308,0.39885977,c5
8108,0.27546385,0.38956332,0.33497283,c1
6460,0.25820008,0.37553185,0.366268,c5
9141,0.20831896,0.38597894,0.40570208,c1
4311,0.31548735,0.33166343,0.3528492,c234
17834,0.31791776,0.29443577,0.3876464,c1
5917,0.48605967,0.33619243,0.1777479,c234
2209,0.19561079,0.24340571,0.56098354,c1
19105,0.3830457,0.4186838,0.19827044,c234
14125,0.2576999,0.37926725,0.36303288,c1
13381,0.22339386,0.48679876,0.28980735,c234
8056,0.35887015,0.3840247,0.25710514,c5
9490,0.26483268,0.34467563,0.3904917,c234
3770,0.26669684,0.3585351,0.37476805,c5
15472,0.35034484,0.32880893,0.32084623,c5
17579,0.22180782,0.4929446,0.2852476,c5
1564,0.26198402,0.32809153,0.40992442,c5
1456,0.22933908,0.35427862,0.41638228,c1
8237,0.22555366,0.31968465,0.4547617,c5
3477,0.16763051,0.33290377,0.49946567,c234
14006,0.29505652,0.3596,0.3453435,c5
6287,0.22020604,0.3481051,0.43168885,c5
9942,0.28830874,0.30509406,0.40659726,c1
2196,0.2817168,0.44336572,0.27491748,c1
3960,0.29079214,0.24997021,0.45923766,c234
8278,0.22336198,0.37352312,0.4031149,c1
10857,0.5292029,0.2617757,0.20902142,c234
1128,0.26622736,0.35256445,0.38120812,c234
4295,0.20570455,0.39120504,0.40309048,c5
3106,0.187293,0.45106092,0.3616461,c5
9641,0.36492243,0.34722087,0.28785667,c5
2607,0.18465108,0.29390717,0.52144176,c5
15555,0.14781293,0.33669385,0.5154932,c5
17888,0.17563193,0.17705086,0.6473173,c234
19529,0.17335406,0.37464124,0.45200476,c234
10631,0.40244988,0.4248329,0.1727172,c1
16757,0.5455223,0.36434835,0.090129465,c1
18444,0.31351367,0.44309786,0.24338846,c234
7880,0.32187408,0.28862274,0.38950318,c5
9481,0.5439258,0.2276357,0.22843844,c1
1624,0.28556323,0.33783975,0.37659702,c1
18561,0.19146651,0.34236184,0.46617165,c5
12261,0.19814497,0.32694757,0.47490743,c234
11891,0.2506501,0.37954324,0.36980662,c234
12488,0.49514243,0.35801575,0.14684176,c1
7202,0.2677345,0.41051182,0.32175365,c234
4214,0.39493948,0.22515465,0.37990588,c5
18721,0.60202456,0.26965627,0.12831914,c1
2569,0.31949124,0.42459282,0.25591594,c234
1192,0.37910882,0.42844918,0.19244203,c1
6214,0.40350515,0.35224527,0.24424958,c234
18509,0.35896477,0.3619409,0.27909434,c234
15877,0.5615914,0.19876207,0.23964652,c1
1936,0.3154015,0.35908672,0.32551172,c1
9985,0.17429,0.42270806,0.40300193,c5
6717,0.30953622,0.37204367,0.31842008,c234
10306,0.29377353,0.43334028,0.27288622,c1
473,0.27451572,0.36096957,0.3645147,c234
6805,0.45750442,0.2884852,0.25401038,c1
12161,0.25497526,0.32148564,0.42353907,c5
13433,0.256888,0.38128763,0.3618244,c1
11914,0.12731662,0.2942838,0.5783996,c1
5318,0.35889328,0.31107733,0.3300294,c234
13745,0.62332445,0.2465387,0.13013686,c1
19441,0.55175924,0.30239284,0.14584796,c5
9796,0.22548716,0.2938266,0.48068628,c234
14300,0.5590145,0.2277954,0.21319008,c234
11163,0.32861167,0.36548215,0.3059062,c5
14688,0.19284831,0.28910303,0.51804864,c1
4830,0.543681,0.24056424,0.21575473,c1
14365,0.23971339,0.36810064,0.392186,c5
15615,0.28830874,0.30509406,0.40659726,c5
16992,0.48100325,0.23190852,0.28708825,c234
6607,0.43669388,0.36740044,0.19590567,c234
6149,0.4547169,0.3007459,0.24453726,c1
12510,0.26382974,0.27980685,0.45636344,c5
18774,0.19701059,0.40966034,0.39332902,c1
19232,0.09210298,0.33650213,0.5713949,c234
16628,0.46557224,0.3678949,0.16653287,c1
2208,0.22270404,0.34249982,0.4347961,c5
10921,0.18605806,0.42733017,0.38661176,c234
12423,0.5374579,0.24280888,0.21973325,c1
16649,0.3651168,0.37788153,0.2570017,c234
3780,0.31616536,0.34387505,0.3399596,c5
12457,0.4300479,0.34720084,0.2227512,c234
13655,0.17872606,0.40836653,0.41290742,c234
11631,0.2332442,0.37065712,0.39609876,c5
3288,0.61721605,0.25028354,0.13250047,c1
1486,0.24749132,0.3703941,0.3821146,c5
16534,0.2276801,0.47759485,0.29472497,c1
12624,0.09707056,0.16448744,0.73844206,c5
18665,0.17314173,0.23467933,0.5921789,c234
19675,0.30682454,0.41136178,0.28181368,c234
354,0.3534771,0.30884737,0.33767554,c1
3340,0.32900408,0.3563769,0.31461903,c234
18392,0.32134354,0.4411046,0.23755184,c234
10267,0.5675826,0.29613397,0.13628347,c234
11644,0.32221964,0.33525264,0.34252772,c1
845,0.41570666,0.44897747,0.13531587,c1
16163,0.23172279,0.3015456,0.4667317,c234
11937,0.31594008,0.3752756,0.30878425,c5
10808,0.41964614,0.34854442,0.23180942,c1
19915,0.23817442,0.53302,0.22880557,c1
1060,0.304245,0.3688002,0.32695478,c234
3072,0.34093106,0.3424113,0.31665763,c5
10303,0.44374502,0.226932,0.32932293,c5
8717,0.27697447,0.400274,0.3227515,c1
13164,0.40933618,0.2963945,0.29426935,c5
9117,0.47037297,0.38446322,0.14516379,c1
18599,0.54342324,0.30623564,0.15034114,c234
12716,0.30182466,0.24968438,0.44849092,c1
16206,0.3115261,0.1797324,0.50874144,c1
7866,0.49624437,0.30509874,0.19865695,c1
10456,0.15034613,0.30044433,0.54920954,c1
929,0.5773535,0.2460741,0.17657247,c1
847,0.38327077,0.30417386,0.31255537,c1
7543,0.5072032,0.3449488,0.147848,c234
15088,0.33843333,0.39592904,0.26563764,c5
12758,0.3949219,0.3999388,0.20513932,c234
8461,0.27891207,0.35617593,0.364912,c5
13184,0.16954981,0.3161142,0.514336,c5
10453,0.25084385,0.3216238,0.4275324,c1
2705,0.24649458,0.39192313,0.36158228,c1
18035,0.32103527,0.45012602,0.22883871,c1
3744,0.2755066,0.3505375,0.37395594,c5
13588,0.2791189,0.3839211,0.33696002,c234
6392,0.18094623,0.37843922,0.44061452,c5
16822,0.40954688,0.30651397,0.2839391,c5
15863,0.29348361,0.35814264,0.34837377,c1
7157,0.27047977,0.34522974,0.3842905,c5
693,0.22942977,0.44619948,0.32437074,c234
6153,0.31150854,0.3247508,0.3637407,c1
19783,0.52304333,0.30230996,0.17464666,c5
10462,0.38843024,0.37203375,0.23953605,c234
14388,0.17912827,0.40276566,0.41810608,c234
17309,0.35862347,0.3412285,0.30014804,c1
1244,0.21566223,0.4559814,0.32835642,c5
13772,0.26637536,0.39543995,0.33818468,c234
5121,0.5006428,0.27119416,0.22816306,c5
11106,0.24811924,0.35088077,0.40100002,c1
2968,0.33332747,0.37211344,0.29455912,c234
8002,0.21992387,0.34481594,0.4352602,c5
1003,0.5870238,0.27670863,0.13626756,c234
15182,0.23463657,0.31839946,0.44696397,c234
8131,0.479396,0.30721056,0.21339348,c5
15048,0.49849904,0.37729752,0.124203466,c234
18675,0.3250669,0.390335,0.28459817,c234
17106,0.4667714,0.22523475,0.3079938,c1
6288,0.3430131,0.33368263,0.3233042,c234
11332,0.41481403,0.4052187,0.17996728,c234
3502,0.23912266,0.30313438,0.45774293,c5
13901,0.3060187,0.3554129,0.33856836,c234
9927,0.403608,0.37510937,0.2212827,c1
15002,0.32314733,0.36168358,0.31516907,c234
7608,0.17819844,0.3748737,0.44692785,c1
12225,0.38136938,0.4709402,0.14769043,c5
4057,0.4263127,0.39397794,0.17970936,c5
12269,0.09536424,0.32707417,0.5775616,c234
15617,0.46647796,0.35717103,0.17635103,c1
9354,0.45894817,0.39522025,0.14583158,c234
10494,0.32347348,0.30886242,0.36766407,c1
9818,0.33982092,0.40289387,0.25728515,c1
9555,0.3613587,0.39444202,0.2441993,c1
3617,0.23210184,0.2988951,0.46900308,c1
4410,0.34126863,0.4109386,0.24779281,c1
10349,0.51035184,0.25256854,0.23707965,c1
16369,0.28349003,0.36010975,0.35640022,c5
6321,0.30895358,0.34511036,0.34593606,c5
16208,0.12044193,0.15597841,0.72357965,c5
1537,0.6380922,0.21509193,0.14681587,c1
11863,0.45251986,0.27675447,0.27072564,c1
10635,0.6064944,0.2732109,0.12029465,c234
14866,0.38281864,0.39721078,0.2199706,c234
15613,0.2221457,0.29631975,0.48153454,c1
8995,0.419214,0.2839407,0.29684526,c1
7801,0.35973695,0.32220498,0.31805813,c1
3021,0.28308782,0.24922389,0.46768826,c1
14067,0.54906315,0.24195085,0.20898603,c1
15939,0.35787287,0.39339098,0.24873616,c1
10655,0.35756683,0.3454756,0.29695758,c1
853,0.17794791,0.38765457,0.4343975,c5
36,0.44374502,0.226932,0.32932293,c5
20,0.095878355,0.23625694,0.66786474,c1
16289,0.20136079,0.19238818,0.60625106,c234
1141,0.23394231,0.29456693,0.47149077,c1
10452,0.38039204,0.43387657,0.1857314,c234
5753,0.34273243,0.39110935,0.2661582,c5
16466,0.10833696,0.2654715,0.6261916,c5
708,0.22640908,0.4267608,0.3468302,c5
5687,0.43761474,0.24515727,0.317228,c234
6223,0.33716244,0.29821938,0.36461815,c234
17879,0.1732924,0.345726,0.48098162,c5
6780,0.21149202,0.28209132,0.5064166,c5
16442,0.2105452,0.2885027,0.5009521,c5
18889,0.20570476,0.3563531,0.4379422,c5
10667,0.1762023,0.24919143,0.5746063,c5
8976,0.117852405,0.19809178,0.6840558,c5
174,0.27752787,0.40515313,0.317319,c1
12245,0.28420323,0.3791276,0.3366692,c5
158,0.5455223,0.36434835,0.090129465,c1
12775,0.20201106,0.1801906,0.6177983,c1
6869,0.15188205,0.17616454,0.6719535,c5
8335,0.3970562,0.4413795,0.16156426,c5
6550,0.3299502,0.3722854,0.2977644,c234
17084,0.5479838,0.25608853,0.19592766,c1
4252,0.27336296,0.35059726,0.3760398,c5
8011,0.20315714,0.2685598,0.52828306,c1
3611,0.5253587,0.4048368,0.06980448,c234
12221,0.31467062,0.19902869,0.48630074,c5
15320,0.32739583,0.34418303,0.32842112,c5
16401,0.22980775,0.31733212,0.45286018,c5
3779,0.4115421,0.41972488,0.16873309,c234
16152,0.3074388,0.35388258,0.3386786,c1
1569,0.34561482,0.34978306,0.30460215,c5
855,0.542853,0.3257291,0.13141789,c234
12166,0.3160611,0.32642385,0.35751507,c1
177,0.3246437,0.40832797,0.26702836,c5
18434,0.33291292,0.44535387,0.2217332,c234
181,0.44740817,0.31275365,0.2398382,c1
10328,0.37930423,0.3837779,0.23691787,c234
4846,0.19260186,0.51196235,0.2954358,c234
8079,0.5456861,0.33247,0.12184381,c1
6413,0.11525446,0.2754568,0.60928875,c5
13296,0.27179775,0.4853495,0.24285278,c5
12441,0.46284193,0.34376183,0.19339629,c234
16101,0.34922823,0.3311226,0.31964916,c5
6720,0.28830874,0.30509406,0.40659726,c5
10824,0.3234409,0.31835255,0.3582066,c1
2541,0.21888988,0.32537556,0.45573458,c234
18527,0.17249636,0.34379375,0.4837098,c5
13324,0.3009057,0.2824356,0.4166587,c5
5901,0.2662957,0.35116124,0.3825431,c1
8986,0.21461917,0.42421052,0.36117026,c1
19872,0.25071707,0.32359737,0.4256855,c5
1319,0.43496835,0.27785194,0.28717974,c1
15728,0.1506406,0.3903714,0.458988,c5
3223,0.35659477,0.3991765,0.24422878,c234
13423,0.14786981,0.25325635,0.5988738,c5
4943,0.13937971,0.42107466,0.4395456,c234
9364,0.45920986,0.3020692,0.23872094,c1
10400,0.6858398,0.19995174,0.11420853,c1
17508,0.24218424,0.31567138,0.44214442,c234
8975,0.43647507,0.3501037,0.21342127,c234
16818,0.30535024,0.29899356,0.39565614,c5
17085,0.21409784,0.24770674,0.53819543,c5
8216,0.54492956,0.35727403,0.097796395,c1
6534,0.40832415,0.3938026,0.19787325,c234
6867,0.33917966,0.415568,0.24525236,c5
13082,0.30052897,0.35153055,0.34794044,c5
8671,0.43875492,0.3586567,0.20258836,c234
10610,0.33960757,0.3214496,0.33894286,c5
16123,0.22618674,0.37331864,0.4004946,c234
3995,0.35817793,0.42062616,0.22119592,c234
19285,0.27894366,0.2756054,0.44545093,c5
10470,0.20552893,0.3420596,0.4524115,c5
13001,0.4438566,0.3128056,0.2433378,c234
5683,0.1891204,0.4927043,0.31817532,c5
780,0.1941689,0.30955014,0.49628094,c5
5863,0.34117353,0.4444111,0.21441537,c234
17223,0.35983908,0.37831864,0.2618423,c5
3575,0.54906315,0.24195085,0.20898603,c1
18982,0.63682514,0.23937282,0.12380203,c234
15607,0.28151608,0.33247107,0.38601282,c234
14462,0.49373367,0.3202314,0.1860349,c234
4631,0.35286945,0.48530194,0.16182859,c234
15136,0.6481931,0.22712395,0.12468291,c5
15161,0.22332437,0.40179843,0.37487724,c5
2180,0.3174672,0.32550734,0.35702544,c234
19470,0.4578077,0.35547093,0.18672141,c234
7310,0.1952981,0.28385437,0.52084756,c5
3107,0.22596037,0.33280745,0.4412322,c5
7326,0.20812163,0.38519537,0.40668297,c234
9209,0.17450525,0.22751501,0.5979797,c5
7757,0.6506053,0.25531742,0.09407724,c1
9247,0.45814723,0.39795116,0.14390163,c1
1696,0.3040972,0.3971212,0.29878163,c5
3668,0.2680824,0.37526813,0.35664943,c5
290,0.23952347,0.5227297,0.23774682,c1
2390,0.3314939,0.4396038,0.22890233,c234
13775,0.37512448,0.3563243,0.26855123,c1
18552,0.34773165,0.37667182,0.2755965,c5
5825,0.4779637,0.30243576,0.21960051,c1
1799,0.20404045,0.39246517,0.40349436,c5
1110,0.18154532,0.4715523,0.34690243,c1
9911,0.44374502,0.226932,0.32932293,c234
13379,0.1367547,0.32028952,0.54295576,c1
15497,0.4969916,0.3789343,0.12407414,c1
4025,0.18050803,0.38562262,0.4338694,c5
7101,0.39821324,0.3524308,0.24935602,c234
11929,0.22297637,0.41583174,0.3611919,c5
19952,0.38590118,0.39605972,0.2180391,c5
2298,0.32673058,0.31368235,0.35958707,c234
18046,0.29048386,0.33443925,0.3750769,c234
14150,0.4814402,0.3653575,0.15320237,c234
5990,0.3320104,0.35882863,0.30916098,c5
11907,0.23606247,0.62533927,0.1385983,c1
11167,0.5455223,0.36434835,0.090129465,c1
26,0.23987912,0.3178288,0.44229212,c5
12901,0.2559599,0.5690567,0.17498341,c5
10908,0.21439657,0.45354187,0.33206156,c5
10645,0.24617048,0.2517942,0.5020353,c5
6453,0.2866483,0.33871734,0.37463436,c234
11878,0.45679018,0.32270256,0.22050731,c1
11126,0.3113457,0.3921543,0.29650003,c234
7321,0.22658196,0.42089903,0.35251898,c1
12028,0.15054399,0.39590943,0.45354664,c234
3706,0.26153827,0.42880094,0.3096608,c5
13682,0.18296528,0.29028064,0.5267541,c1
12473,0.37951007,0.3887147,0.23177518,c1
10008,0.3017069,0.34153843,0.35675466,c234
1747,0.2424996,0.452298,0.30520245,c234
11265,0.25964844,0.29586577,0.44448578,c1
7545,0.19677085,0.3762559,0.42697322,c234
9171,0.29137927,0.46103072,0.24758999,c5
16159,0.5455223,0.36434835,0.090129465,c5
18786,0.45789406,0.3294486,0.2126574,c1
10634,0.40062124,0.33554468,0.26383412,c1
18693,0.2728938,0.36060107,0.3665052,c234
19834,0.2329093,0.30558598,0.46150473,c234
14243,0.28544104,0.33257145,0.38198745,c1
9570,0.33764046,0.34742773,0.31493184,c5
19157,0.37742865,0.4496767,0.17289469,c1
11690,0.5955017,0.27740833,0.12708998,c234
15207,0.3691123,0.44831458,0.1825731,c234
8644,0.2494637,0.2739796,0.4765567,c1
19579,0.2958827,0.3569979,0.34711936,c1
9669,0.36382797,0.35150066,0.28467134,c1
9143,0.44715166,0.30904782,0.24380054,c234
6638,0.3899428,0.32496083,0.28509638,c5
7451,0.23789953,0.27201754,0.49008298,c5
8152,0.42413002,0.31161767,0.26425228,c1
19210,0.33445343,0.4372592,0.22828734,c5
11836,0.2528397,0.26976937,0.47739092,c5
3873,0.4667714,0.22523475,0.3079938,c1
16107,0.12873328,0.38087478,0.49039194,c234
7640,0.16862252,0.41341418,0.41796336,c5
1419,0.5003896,0.33898237,0.16062808,c1
16862,0.3667534,0.34021506,0.29303157,c5
2426,0.31802273,0.4144853,0.26749197,c5
2371,0.18981032,0.38732952,0.42286015,c234
363,0.344728,0.42466423,0.23060785,c234
19982,0.399363,0.3450722,0.25556475,c1
10491,0.5087793,0.3636862,0.12753454,c1
16393,0.18817416,0.17691667,0.6349092,c234
16896,0.2940308,0.37425756,0.33171168,c5
8088,0.32239068,0.30338502,0.37422425,c5
6131,0.32113293,0.33452165,0.34434545,c234
5363,0.23772575,0.39651993,0.36575434,c1
12436,0.23444821,0.5436406,0.22191124,c5
17580,0.18404639,0.30214655,0.51380706,c234
16141,0.36167327,0.33314943,0.3051773,c1
6084,0.3808842,0.35399818,0.2651176,c5
722,0.29993933,0.31182554,0.3882351,c234
10617,0.39548513,0.3066104,0.29790446,c1
18565,0.6136892,0.28704202,0.09926881,c1
12332,0.3598673,0.39581415,0.24431852,c1
5852,0.37817213,0.4820631,0.1397648,c234
17848,0.23025896,0.3678366,0.40190446,c5
2240,0.5147736,0.33085403,0.15437226,c234
9824,0.3383819,0.17345448,0.4881637,c5
7112,0.2851097,0.37416047,0.3407298,c234
4355,0.25093243,0.3676687,0.38139883,c234
865,0.24707578,0.32360402,0.42932022,c5
15865,0.5681053,0.2714965,0.16039817,c1
16790,0.1928451,0.24324095,0.56391394,c234
6722,0.67524666,0.2162114,0.10854199,c1
16623,0.34492344,0.40529954,0.24977702,c234
19478,0.28400576,0.4096161,0.30637813,c234
15427,0.31897366,0.33948505,0.34154123,c1
13146,0.21855584,0.4778773,0.30356684,c5
6317,0.45488748,0.3358887,0.20922382,c1
322,0.15010157,0.3137768,0.5361216,c5
14583,0.45254493,0.28523892,0.26221606,c5
4028,0.3816718,0.2209539,0.39737433,c5
6108,0.18622549,0.27004108,0.5437334,c5
9991,0.17199783,0.1808804,0.64712185,c5
18915,0.7342336,0.20726417,0.058502194,c234
11130,0.26528606,0.3674263,0.36728764,c1
4407,0.32826993,0.3629277,0.30880237,c1
683,0.25853685,0.28799585,0.45346734,c5
6001,0.41800737,0.3684833,0.2135093,c1
13333,0.33908975,0.39339805,0.2675122,c5
16854,0.36314586,0.31957757,0.31727654,c1
11179,0.18887138,0.25540724,0.55572134,c5
1226,0.21597582,0.36304125,0.420983,c5
7970,0.23492451,0.3825474,0.3825281,c5
9334,0.22384076,0.376494,0.39966524,c1
6549,0.5504492,0.30434337,0.14520743,c1
19596,0.15677333,0.23002888,0.6131978,c5
8547,0.3461322,0.34359756,0.31027028,c5
16512,0.25211504,0.3718223,0.3760627,c5
913,0.21375756,0.34896585,0.43727663,c1
11748,0.29374233,0.40120494,0.30505276,c5
19997,0.2074814,0.28981987,0.5026987,c234
8245,0.20388943,0.35566524,0.44044527,c5
5743,0.48100325,0.23190852,0.28708825,c5
9561,0.4354177,0.29240882,0.27217343,c5
19083,0.27994093,0.36508533,0.35497376,c234
12243,0.35921183,0.33623895,0.30454922,c5
12786,0.32930657,0.32211265,0.34858072,c234
15903,0.33190417,0.3475616,0.32053426,c1
14927,0.27994093,0.36508533,0.35497376,c5
14776,0.20228823,0.38795987,0.4097519,c1
14435,0.45066747,0.38019952,0.16913301,c234
3367,0.38275144,0.32207894,0.29516956,c234
16941,0.25561577,0.3428016,0.4015826,c5
17141,0.4854943,0.36914194,0.14536375,c234
19086,0.678542,0.23671435,0.084743656,c1
18170,0.2019032,0.39019957,0.40789717,c234
8077,0.30278236,0.31861362,0.37860402,c1
16709,0.6207627,0.28665066,0.09258663,c5
5881,0.29170424,0.41331455,0.2949812,c234
117,0.7365619,0.17952572,0.08391233,c1
2244,0.33482897,0.34778097,0.31739002,c1
14828,0.51099116,0.28331873,0.2056901,c234
10688,0.36906666,0.28244108,0.34849226,c1
18944,0.27214706,0.43552846,0.2923245,c234
12098,0.50658524,0.3810097,0.11240507,c234
12148,0.27984968,0.4771171,0.24303325,c1
4275,0.33840156,0.32520318,0.3363953,c5
15170,0.32483372,0.32060623,0.35456008,c234
5759,0.53586906,0.3688846,0.09524639,c234
715,0.19659236,0.32618317,0.47722447,c234
12654,0.18032706,0.384385,0.43528795,c234
1511,0.4727698,0.3817135,0.14551662,c234
9964,0.3093098,0.2945785,0.3961117,c234
8579,0.4969916,0.3789343,0.12407414,c234
7043,0.26055205,0.37210485,0.36734307,c1
6445,0.36859354,0.33689445,0.29451197,c1
19800,0.36128107,0.29998156,0.3387373,c1
6256,0.58687764,0.28423786,0.12888451,c234
4209,0.2304905,0.27124363,0.4982659,c5
5456,0.4598392,0.28184885,0.25831196,c234
19863,0.33917966,0.415568,0.24525236,c1
14132,0.18820223,0.29279053,0.5190072,c5
10369,0.21986464,0.43379602,0.34633934,c234
4429,0.19708125,0.30981553,0.49310318,c5
9409,0.20954075,0.41306198,0.37739733,c234
13908,0.23584099,0.3349477,0.42921132,c5
13612,0.22299495,0.37857044,0.39843458,c5
9048,0.25768265,0.37285072,0.36946663,c1
7334,0.41361237,0.3216057,0.26478195,c5
19305,0.28794837,0.32276818,0.38928348,c234
7410,0.24404399,0.43011868,0.32583728,c1
3216,0.24539785,0.30956462,0.44503754,c1
15675,0.2758756,0.5132775,0.21084692,c1
7005,0.46673232,0.36375475,0.16951285,c5
5006,0.3267225,0.36367685,0.30960065,c1
4940,0.29126796,0.32617986,0.38255215,c1
19114,0.3503806,0.27077007,0.37884927,c234
8951,0.20736341,0.36952224,0.4231143,c1
13225,0.102889135,0.21965869,0.6774522,c5
4398,0.32909754,0.40894884,0.26195365,c234
6109,0.23134965,0.29734936,0.471301,c1
10501,0.22438452,0.37844792,0.39716765,c5
5157,0.56466216,0.2770503,0.15828754,c1
948,0.39344007,0.34509468,0.26146534,c234
18694,0.14047512,0.3126959,0.546829,c234
4035,0.53016925,0.33264416,0.13718663,c5
11886,0.22424127,0.32957277,0.44618598,c234
14384,0.38684353,0.42185318,0.19130334,c234
15349,0.18140964,0.35156947,0.4670209,c5
6881,0.18127702,0.26521736,0.5535056,c5
7071,0.42185447,0.37652674,0.2016188,c234
11475,0.55545497,0.33454657,0.10999845,c1
18623,0.43988553,0.28914663,0.2709679,c5
10111,0.34663665,0.39344603,0.25991735,c234
17750,0.4384553,0.36497363,0.196571,c1
19705,0.23821679,0.30606115,0.45572206,c5
6542,0.5385867,0.24311738,0.21829595,c1
19678,0.19146651,0.34236184,0.46617165,c234
11791,0.098552495,0.10929121,0.7921563,c5
1666,0.1377357,0.34655717,0.51570714,c5
17056,0.23155479,0.2980985,0.47034666,c5
10530,0.32877937,0.38568434,0.2855363,c234
18553,0.28719878,0.4286938,0.28410745,c1
14246,0.3293195,0.31603366,0.35464686,c5
5065,0.33950454,0.25933626,0.40115917,c1
14724,0.18085508,0.30480257,0.5143423,c5
4387,0.35242504,0.27878603,0.36878893,c1
17395,0.51023513,0.32286853,0.16689637,c1
19240,0.42155388,0.35912815,0.21931794,c1
17846,0.27917093,0.41200277,0.3088263,c1
6289,0.32387653,0.30175945,0.37436408,c5
18388,0.3623374,0.33713585,0.30052674,c234
8568,0.10532576,0.20616195,0.6885123,c5
8253,0.4969916,0.3789343,0.12407414,c5
5276,0.1655888,0.32713267,0.50727856,c5
10210,0.21440911,0.23691005,0.54868084,c234
7941,0.45769987,0.39195982,0.15034038,c234
14368,0.28688663,0.36513302,0.34798038,c5
9483,0.24656543,0.34195676,0.41147777,c234
15248,0.33928916,0.3428777,0.3178332,c234
7193,0.22536093,0.35157022,0.42306882,c1
2148,0.25466484,0.302645,0.4426902,c5
11784,0.3276105,0.33732074,0.33506876,c5
10171,0.35042438,0.27319825,0.37637734,c234
12187,0.13758731,0.2791578,0.5832549,c5
12568,0.3532125,0.32953352,0.317254,c1
12607,0.21974225,0.3810789,0.39917877,c234
12600,0.4899859,0.25350004,0.25651398,c5
13557,0.40495372,0.37320927,0.221837,c234
3719,0.39832434,0.2632114,0.33846423,c234
8694,0.23923326,0.30699763,0.45376915,c5
17866,0.35988465,0.373412,0.26670334,c234
9950,0.81462425,0.13814315,0.04723251,c1
4919,0.299618,0.3297922,0.37058982,c234
676,0.3155895,0.3407627,0.3436478,c1
16940,0.49058712,0.40412724,0.10528572,c234
7509,0.20132281,0.24669306,0.55198413,c234
5546,0.24197482,0.3812738,0.37675133,c5
15137,0.2989162,0.36358184,0.337502,c5
3747,0.122819565,0.3110238,0.5661566,c5
15592,0.43397903,0.3220345,0.24398646,c234
11598,0.46479654,0.35609865,0.17910479,c234
2289,0.106787466,0.1990699,0.69414264,c234
10181,0.36770883,0.3050629,0.32722828,c5
4052,0.23634547,0.40384823,0.35980633,c5
15826,0.31041864,0.36143592,0.32814544,c234
12941,0.24854952,0.24974328,0.5017072,c234
9320,0.27413717,0.4239261,0.30193675,c234
5703,0.43711576,0.28159538,0.2812889,c234
3147,0.54906315,0.24195085,0.20898603,c234
9366,0.35887015,0.3840247,0.25710514,c5
3015,0.44839358,0.3462813,0.20532517,c1
14164,0.18956508,0.42328322,0.38715178,c5
17142,0.515957,0.3090994,0.17494363,c234
5798,0.3190231,0.37214684,0.30883008,c5
13558,0.13329703,0.22893283,0.6377702,c5
8594,0.26992533,0.37495026,0.3551244,c234
7573,0.2141862,0.35719603,0.42861775,c1
14849,0.26898232,0.27669618,0.45432153,c5
615,0.35661185,0.31302604,0.3303621,c1
1780,0.53586906,0.3688846,0.09524639,c1
6437,0.26349416,0.30920276,0.42730302,c5
13253,0.21917735,0.30604625,0.4747763,c5
11544,0.3697271,0.33449566,0.29577723,c234
12490,0.5228733,0.3610544,0.11607235,c1
1136,0.34166828,0.4502374,0.20809436,c1
15321,0.23704761,0.3459329,0.4170195,c1
10380,0.2524722,0.2469053,0.50062245,c5
19229,0.16790006,0.31758067,0.5145192,c5
6764,0.18777937,0.3191527,0.49306792,c5
5733,0.3054934,0.3250375,0.36946908,c234
6105,0.28405222,0.36829263,0.34765515,c5
3245,0.11322305,0.2974225,0.5893545,c5
8631,0.24010094,0.5309134,0.22898561,c5
6040,0.1836497,0.32396445,0.4923859,c5
5567,0.23205628,0.32102966,0.44691405,c1
13318,0.21192247,0.36916405,0.41891345,c1
13887,0.18438636,0.39329326,0.42232043,c5
1297,0.24039742,0.32950422,0.4300983,c234
2732,0.13567221,0.41513616,0.4491917,c234
6451,0.25278386,0.35833538,0.3888808,c234
1415,0.26021212,0.33585528,0.40393263,c1
19557,0.38811675,0.26816013,0.34372318,c234
1090,0.5260927,0.25988215,0.2140252,c1
19081,0.46337667,0.38278696,0.15383644,c1
4915,0.48100325,0.23190852,0.28708825,c5
16907,0.2908966,0.30018687,0.4089165,c5
9370,0.14003924,0.40891978,0.45104098,c5
5685,0.54549485,0.353144,0.10136117,c1
1330,0.2072773,0.47203958,0.32068318,c5
13580,0.39716625,0.3881444,0.21468936,c234
8664,0.18744694,0.27055678,0.5419963,c5
20045,0.42076972,0.3170933,0.26213694,c1
4957,0.08658366,0.17589727,0.7375191,c234
679,0.28591967,0.36777398,0.3463063,c234
16927,0.48991832,0.34954062,0.16054107,c234
8315,0.45482832,0.30090952,0.24426214,c1
1267,0.19878042,0.25802782,0.54319173,c5
5584,0.23772535,0.38918576,0.37308884,c1
4621,0.22822131,0.37818012,0.39359853,c1
9467,0.23039803,0.5648488,0.2047532,c234
15718,0.35395363,0.28753197,0.35851446,c1
13550,0.30133733,0.2780336,0.42062902,c5
6145,0.6035242,0.29409808,0.10237769,c1
18739,0.29433903,0.39716163,0.3084993,c5
11057,0.33898854,0.29680106,0.36421037,c5
9601,0.31861925,0.43136352,0.2500172,c234
5475,0.26594824,0.4733128,0.260739,c1
11698,0.24007349,0.44775245,0.31217408,c234
5331,0.3771988,0.36332062,0.25948063,c5
15976,0.2152087,0.35958672,0.4252046,c5
13789,0.34610093,0.31860352,0.33529556,c5
3,0.7383072,0.21817024,0.043522526,c234
160,0.15156859,0.29745176,0.5509797,c5
8884,0.45809945,0.36684704,0.17505349,c1
17899,0.27568868,0.38878015,0.33553118,c5
14031,0.40446308,0.32846448,0.26707244,c1
19233,0.28977984,0.31532377,0.3948964,c5
2219,0.22164738,0.3528201,0.4255325,c1
16003,0.27572128,0.39643693,0.3278418,c234
9291,0.53988844,0.33672625,0.1233853,c1
19926,0.2656452,0.31842008,0.4159347,c5
262,0.4664107,0.2900287,0.2435606,c5
18984,0.26939005,0.3358119,0.39479804,c234
7282,0.35671937,0.3705503,0.27273038,c234
5,0.30074772,0.39145437,0.30779788,c1
17780,0.24130379,0.36156774,0.3971285,c5
1152,0.46674126,0.36760727,0.1656515,c5
2448,0.48238853,0.3208726,0.1967389,c234
15569,0.55220807,0.3090327,0.13875927,c234
13881,0.34034404,0.3032094,0.35644653,c5
10799,0.26360357,0.38342735,0.35296914,c234
4779,0.40135494,0.29050788,0.3081372,c1
19279,0.21833771,0.37271124,0.40895107,c1
19047,0.27039203,0.3554658,0.37414214,c234
10152,0.23366114,0.37527838,0.39106044,c5
13494,0.6176376,0.2819596,0.100402765,c1
19148,0.30316946,0.35806245,0.33876806,c234
19560,0.32218993,0.35387906,0.323931,c234
2194,0.4447125,0.31137177,0.24391568,c5
17094,0.35650712,0.3277204,0.31577244,c5
4037,0.43815988,0.3254498,0.23639034,c1
8512,0.119666845,0.2783636,0.60196954,c5
11222,0.17095526,0.24274355,0.58630115,c5
9040,0.42648298,0.34693316,0.22658382,c234
13109,0.35132214,0.29055792,0.35811993,c234
6861,0.66752476,0.17359437,0.15888084,c1
5785,0.3058058,0.3453926,0.3488016,c5
4946,0.30858612,0.36647832,0.32493553,c1
1362,0.45468217,0.26147538,0.2838424,c1
418,0.2474522,0.47504985,0.27749795,c234
9014,0.21886978,0.23852882,0.5426014,c5
903,0.28523484,0.3346071,0.3801581,c5
8707,0.35383657,0.31275788,0.33340555,c5
1096,0.1682639,0.26645654,0.5652796,c5
14781,0.3910748,0.30353624,0.30538896,c1
17597,0.30143413,0.31304327,0.38552257,c1
6077,0.2586805,0.43642882,0.3048907,c234
5346,0.21744211,0.3868222,0.39573568,c1
1500,0.1825741,0.40548766,0.41193822,c234
10606,0.30236122,0.33198696,0.36565173,c1
12176,0.28644988,0.36955348,0.34399664,c1
17690,0.39503393,0.4338021,0.17116398,c234
9741,0.6215233,0.21936399,0.1591127,c1
11320,0.4923615,0.33657244,0.17106606,c234
3628,0.24081096,0.3641587,0.39503035,c5
5352,0.20033972,0.37596506,0.42369515,c1
410,0.34988225,0.25916088,0.39095685,c234
9688,0.51659447,0.28872883,0.19467671,c1
6163,0.23129855,0.39360905,0.3750924,c1
15707,0.31064022,0.37375396,0.31560582,c234
14633,0.3510583,0.38313553,0.26580617,c1
12976,0.23931988,0.32515728,0.43552288,c5
1119,0.37832525,0.3811053,0.24056946,c1
3727,0.1338223,0.21756841,0.6486093,c234
16495,0.37295243,0.3803404,0.24670713,c234
6036,0.3156993,0.33002684,0.35427386,c1
5376,0.44374502,0.226932,0.32932293,c5
11220,0.16588593,0.27200028,0.56211376,c234
8784,0.18500021,0.3161528,0.49884704,c5
13202,0.28334972,0.38069403,0.33595625,c234
18342,0.27986807,0.28521743,0.43491453,c1
18339,0.22189625,0.4107525,0.36735126,c234
16174,0.25828627,0.33344698,0.40826672,c5
4508,0.43138996,0.3587424,0.20986767,c1
11227,0.26600206,0.42511111,0.30888686,c1
8446,0.24492155,0.3042351,0.45084336,c1
8290,0.1630704,0.3335492,0.5033804,c5
323,0.34505188,0.32678375,0.32816437,c234
8528,0.53245544,0.30218711,0.16535746,c234
9234,0.31068864,0.37869418,0.31061715,c234
4514,0.277806,0.29548895,0.426705,c234
19756,0.12135284,0.29967532,0.5789718,c234
17938,0.1439556,0.25968194,0.5963625,c5
1487,0.24659126,0.39541134,0.3579974,c5
7431,0.19646214,0.40898353,0.39455432,c234
12629,0.4533279,0.3416801,0.20499203,c1
9948,0.30231032,0.29993626,0.39775348,c234
13838,0.4137582,0.40309745,0.18314439,c5
17822,0.1986668,0.39107445,0.41025874,c234
6311,0.3551903,0.38317817,0.2616315,c1
19202,0.21604712,0.29415348,0.48979932,c5
7882,0.22419572,0.42126995,0.35453436,c234
6970,0.2695088,0.36078966,0.3697016,c234
16325,0.2488162,0.47371972,0.277464,c234
2675,0.20366204,0.25397068,0.5423673,c234
7319,0.22552878,0.2700677,0.50440353,c5
4205,0.26033655,0.28310683,0.45655662,c5
362,0.26555407,0.37916124,0.35528466,c1
12922,0.3038535,0.41334254,0.282804,c1
19420,0.1510057,0.38475937,0.464235,c5
7942,0.079886764,0.22220506,0.69790816,c5
11214,0.7561541,0.19003631,0.05380963,c234
7834,0.3380355,0.32450047,0.33746406,c234
3406,0.18579498,0.24221368,0.5719914,c5
18042,0.41287926,0.36254716,0.22457357,c1
9623,0.28503498,0.28186408,0.43310088,c234
241,0.32839018,0.43191472,0.23969504,c1
18204,0.45232788,0.3431341,0.204538,c234
19405,0.24513708,0.35600308,0.39885977,c5
18997,0.19821858,0.27610487,0.52567655,c234
15292,0.3436972,0.18836094,0.46794188,c234
5249,0.29935288,0.32722196,0.3734252,c5
6899,0.33197525,0.27279097,0.39523375,c1
8391,0.26765427,0.41475472,0.31759104,c1
9297,0.4127115,0.31518233,0.2721062,c1
4584,0.25072497,0.28005305,0.46922192,c5
15045,0.2158038,0.43781462,0.34638157,c5
15290,0.30403498,0.20786677,0.4880982,c1
11864,0.27652612,0.45927027,0.26420364,c234
4598,0.56271607,0.31550935,0.12177457,c1
7730,0.28164315,0.37620562,0.34215122,c1
8944,0.36892068,0.44608623,0.18499309,c234
12646,0.46427104,0.42150733,0.11422164,c1
2809,0.22179015,0.36577335,0.41243646,c1
6949,0.28423157,0.34395078,0.37181762,c234
8179,0.252428,0.38034478,0.36722726,c234
8028,0.38382712,0.3394059,0.27676696,c1
2793,0.28859296,0.4099899,0.30141717,c5
7276,0.33327186,0.29489374,0.3718344,c1
7155,0.22386812,0.26788533,0.50824654,c234
18249,0.42996797,0.36616418,0.20386781,c234
3010,0.23826839,0.27540106,0.48633063,c5
4240,0.20129204,0.25711173,0.54159623,c5
7898,0.2948314,0.39721987,0.30794877,c1
14560,0.18389356,0.40935707,0.4067494,c1
1529,0.3365346,0.31099442,0.352471,c5
10383,0.41758007,0.34189615,0.24052384,c1
5891,0.5796822,0.20279577,0.21752207,c1
16965,0.19395332,0.29352674,0.51251996,c1
17718,0.40815714,0.41378593,0.17805687,c1
12824,0.26977915,0.37603325,0.35418758,c1
5705,0.47651228,0.3465782,0.17690946,c234
5357,0.56524754,0.27708247,0.15767,c234
16901,0.26517472,0.35792294,0.3769024,c1
4384,0.65327847,0.2463893,0.10033225,c1
5139,0.16629381,0.37098458,0.46272162,c234
2383,0.28713065,0.36227727,0.35059202,c1
4066,0.7365619,0.17952572,0.08391233,c1
852,0.34892204,0.33119097,0.31988695,c1
1726,0.11872477,0.47789568,0.4033796,c234
4939,0.17869353,0.37332585,0.44798055,c5
7279,0.26475397,0.47456825,0.2606778,c5
13361,0.61256343,0.30285084,0.08458571,c234
13771,0.55760044,0.31249598,0.12990355,c234
3602,0.3219853,0.35266095,0.3253538,c234
16874,0.25052387,0.33357197,0.41590416,c234
11245,0.17281011,0.33423296,0.4929569,c5
15779,0.522288,0.2724107,0.20530127,c234
7293,0.2087001,0.26690996,0.52439,c5
12594,0.31317264,0.27082595,0.41600144,c234
15741,0.32249895,0.48922694,0.18827415,c5
4298,0.21101172,0.37014407,0.4188442,c5
19011,0.23335028,0.57226616,0.19438352,c234
16743,0.4446114,0.37907255,0.176316,c5
15978,0.4504552,0.3491119,0.20043288,c234
18815,0.41153166,0.29777858,0.29068974,c234
10228,0.22463316,0.30192503,0.47344178,c5
17761,0.4856724,0.35470673,0.1596208,c234
844,0.20534852,0.37317264,0.42147884,c5
14105,0.36432183,0.3174477,0.31823045,c1
900,0.2722506,0.35918134,0.3685681,c5
19395,0.23140469,0.35464144,0.41395378,c1
8713,0.38436204,0.3483967,0.26724118,c1
4865,0.45125392,0.3127247,0.2360214,c1
1734,0.49062425,0.33120143,0.17817432,c1
7221,0.44689372,0.3540722,0.1990341,c234
8150,0.4079064,0.42376882,0.16832477,c234
5072,0.33796808,0.36911395,0.29291794,c234
15690,0.57146853,0.27657008,0.15196137,c1
13217,0.2587651,0.5933143,0.14792061,c234
11180,0.3594095,0.37264305,0.26794744,c234
3901,0.29296613,0.31536883,0.39166504,c5
453,0.14844878,0.2488409,0.6027103,c234
1602,0.38211122,0.38916862,0.22872014,c234
18639,0.32745126,0.4358774,0.23667131,c5
18107,0.30220887,0.4249054,0.27288574,c1
10925,0.4969916,0.3789343,0.12407414,c234
15990,0.54920644,0.31610614,0.13468745,c234
606,0.33560526,0.3705565,0.29383823,c1
11624,0.31245524,0.41433203,0.27321267,c234
13905,0.3028828,0.3137203,0.38339695,c234
6058,0.40334368,0.38151214,0.21514425,c234
14576,0.38099238,0.33046487,0.28854272,c1
9722,0.27770147,0.34945655,0.372842,c5
15946,0.37559023,0.31230292,0.31210685,c234
19685,0.35107166,0.38008583,0.26884255,c5
16579,0.51661175,0.3307551,0.15263319,c1
8137,0.27238557,0.34281236,0.3848021,c234
14227,0.23817442,0.53302,0.22880557,c5
15089,0.14343162,0.17833348,0.67823493,c5
13466,0.22502385,0.2982298,0.47674632,c5
17945,0.28469837,0.3128259,0.40247577,c5
391,0.30427974,0.35381994,0.3419003,c5
3830,0.10523491,0.16712055,0.72764456,c234
14375,0.40856758,0.23149163,0.35994083,c234
6744,0.21653545,0.32067627,0.46278828,c234
3289,0.32929346,0.3644982,0.30620837,c5
16451,0.1789072,0.2824164,0.5386764,c1
8326,0.343816,0.34861672,0.30756724,c1
2791,0.46876553,0.31102413,0.22021034,c234
12748,0.34451818,0.4021691,0.2533127,c1
12704,0.35646012,0.34251505,0.30102485,c1
18275,0.48823956,0.3795206,0.13223974,c234
19829,0.33805317,0.37143794,0.29050893,c1
1246,0.29760113,0.34169257,0.36070627,c5
2750,0.43969065,0.30225092,0.25805843,c1
17791,0.24636585,0.37784782,0.37578633,c234
18748,0.45220304,0.31484,0.23295699,c234
7037,0.36892566,0.306174,0.3249004,c5
1010,0.11589953,0.2706549,0.6134456,c5
4455,0.15368554,0.27315983,0.57315457,c234
269,0.4319552,0.3387182,0.2293266,c1
15822,0.2441679,0.31089687,0.4449352,c5
4114,0.17851117,0.3840022,0.4374867,c234
12970,0.35188574,0.44356796,0.20454627,c5
7585,0.4249614,0.3646544,0.21038423,c5
17060,0.38656437,0.38895598,0.22447968,c1
9750,0.27915367,0.43949142,0.28135496,c1
5236,0.3484954,0.3945241,0.2569805,c1
6120,0.1463194,0.26733208,0.58634853,c234
2313,0.4182116,0.3168132,0.26497516,c5
3054,0.23028807,0.31644568,0.45326626,c234
13972,0.31603622,0.25212434,0.43183944,c5
9905,0.20163263,0.4894349,0.30893242,c234
15331,0.28560832,0.347938,0.36645374,c1
11658,0.6523274,0.25969517,0.08797741,c1
4224,0.63250446,0.2602578,0.1072378,c1
15752,0.3108424,0.42762637,0.26153117,c1
10562,0.43176505,0.37554923,0.19268574,c234
10083,0.35056224,0.35727847,0.29215935,c234
9850,0.32880738,0.34546712,0.32572553,c5
18975,0.20415969,0.32636902,0.46947137,c5
17973,0.28275698,0.4453453,0.27189767,c234
10458,0.4807768,0.34730193,0.17192124,c234
16484,0.42720592,0.31455487,0.25823924,c1
16002,0.5428113,0.35485587,0.102332845,c5
19234,0.23908627,0.29927734,0.4616364,c234
8508,0.54906315,0.24195085,0.20898603,c5
14948,0.29328832,0.2778135,0.42889825,c1
11899,0.17942436,0.31628597,0.5042897,c1
10321,0.31045356,0.44947043,0.240076,c234
2316,0.28837186,0.34900236,0.3626258,c5
6104,0.27237952,0.5174954,0.21012509,c5
4087,0.41892818,0.32792914,0.25314268,c1
12571,0.44194883,0.33009878,0.22795235,c234
15625,0.1776321,0.30312735,0.5192406,c5
1596,0.27978352,0.49930704,0.22090937,c234
8630,0.21506013,0.26638058,0.51855934,c5
19088,0.19344248,0.32915294,0.4774046,c5
16211,0.33917966,0.415568,0.24525236,c5
9440,0.0897226,0.109270565,0.8010068,c5
8734,0.24916892,0.30883262,0.44199848,c5
12884,0.18203676,0.32841212,0.48955116,c5
3596,0.33830017,0.35338268,0.30831718,c1
18698,0.24958311,0.28015664,0.4702602,c5
1186,0.12726846,0.31142482,0.56130666,c5
13062,0.14781293,0.33669385,0.5154932,c5
10127,0.2877282,0.33175975,0.3805121,c1
12041,0.32031897,0.27571666,0.4039643,c1
8392,0.3073611,0.4643628,0.2282762,c5
1004,0.30970657,0.36601233,0.32428107,c1
11968,0.24547052,0.38054,0.37398943,c5
5944,0.40412214,0.37520388,0.22067398,c234
5158,0.2403473,0.31050876,0.44914392,c5
4465,0.21323891,0.32338193,0.46337917,c5
3279,0.21214692,0.2699646,0.5178884,c234
4879,0.32117015,0.36317354,0.31565627,c234
840,0.35399714,0.32272506,0.32327786,c5
1436,0.18670164,0.2370806,0.5762178,c234
11425,0.15911116,0.2635109,0.5773779,c5
4177,0.28468567,0.33578485,0.37952948,c5
14838,0.16648492,0.28747103,0.54604405,c1
13019,0.32928875,0.30912986,0.36158141,c5
6361,0.17974132,0.39584997,0.4244087,c234
14273,0.3604516,0.40254933,0.23699905,c234
4677,0.33262968,0.37180114,0.29556915,c1
10546,0.1103249,0.19802739,0.6916477,c5
10509,0.43321338,0.29750672,0.26927987,c234
14019,0.30666393,0.34423554,0.3491005,c1
13651,0.29224366,0.3208973,0.38685906,c5
14791,0.17617477,0.2971666,0.52665865,c5
14458,0.3000375,0.27798834,0.42197415,c234
11390,0.4250407,0.3303757,0.24458353,c1
11959,0.19615825,0.23868304,0.5651587,c5
4443,0.30755708,0.36161983,0.33082306,c5
11339,0.72334594,0.22318809,0.05346607,c234
14503,0.43797007,0.48985052,0.072179385,c1
9794,0.3062324,0.20915866,0.484609,c234
15832,0.14808305,0.27459332,0.5773237,c5
561,0.35395646,0.33646643,0.30957708,c234
19251,0.20572329,0.34985125,0.44442546,c234
13585,0.42468563,0.3571339,0.21818045,c234
11721,0.20007692,0.261559,0.53836405,c5
12883,0.22248003,0.3811081,0.39641187,c234
15118,0.23004644,0.37547615,0.39447743,c234
16184,0.21669193,0.2461838,0.5371243,c5
12080,0.12544842,0.16092156,0.7136301,c5
5613,0.28536618,0.37988323,0.33475056,c1
16898,0.26226753,0.4102539,0.3274786,c5
15493,0.29737425,0.30716923,0.39545655,c1
13085,0.2626459,0.35793796,0.3794162,c5
3167,0.34630308,0.28102043,0.37267643,c234
19093,0.2455697,0.40887457,0.34555572,c234
11653,0.32274583,0.43451515,0.242739,c5
16625,0.26004016,0.47412112,0.26583868,c1
15993,0.21282981,0.33817104,0.4489992,c5
4379,0.1961777,0.38239384,0.42142844,c234
1760,0.39120308,0.2852791,0.3235178,c234
5986,0.4667714,0.22523475,0.3079938,c5
17385,0.35402477,0.2913651,0.35461012,c5
13457,0.27919024,0.4288309,0.29197884,c5
13295,0.5520772,0.32129544,0.12662745,c5
13274,0.18377805,0.3405023,0.47571963,c234
16928,0.34508067,0.3439772,0.3109421,c1
3383,0.19278547,0.39726868,0.40994585,c234
7818,0.26792204,0.28161007,0.45046785,c1
1300,0.2880809,0.35468456,0.35723457,c234
1865,0.3249822,0.44030416,0.23471361,c1
17931,0.4271107,0.36280742,0.21008189,c5
11782,0.20584261,0.37020558,0.42395183,c5
19370,0.38034594,0.39941606,0.220238,c1
2720,0.40933618,0.2963945,0.29426935,c5
12383,0.54577994,0.36060017,0.093619846,c1
4234,0.17501763,0.27010825,0.5548741,c5
17415,0.15814261,0.30635026,0.53550714,c234
8437,0.3142791,0.3451773,0.34054363,c234
9755,0.43327156,0.29275787,0.27397054,c5
6217,0.35441944,0.31265706,0.33292344,c234
5316,0.22760771,0.29694858,0.47544375,c5
12628,0.34848145,0.3166747,0.33484384,c5
19048,0.2652548,0.45224473,0.2825005,c234
13372,0.41125444,0.4515244,0.1372212,c234
10013,0.26581952,0.3991487,0.33503175,c5
6013,0.31035334,0.3902004,0.29944623,c5
161,0.40366402,0.29898268,0.29735333,c234
11162,0.31171584,0.45273295,0.2355512,c234
16493,0.4846635,0.27409855,0.24123792,c234
7537,0.18814665,0.31674397,0.4951094,c5
1943,0.40933618,0.2963945,0.29426935,c1
16328,0.44731924,0.40151343,0.15116733,c234
10545,0.22795825,0.3773146,0.39472714,c234
10112,0.14217253,0.3294677,0.5283598,c5
4981,0.104215845,0.12709321,0.76869094,c234
4476,0.19863726,0.3694529,0.43190983,c234
11011,0.2824193,0.35018745,0.3673932,c1
8125,0.23305883,0.3491963,0.41774487,c5
14622,0.12690167,0.32080424,0.55229414,c234
176,0.37207034,0.364261,0.26366863,c5
10868,0.40789482,0.1900708,0.40203434,c5
12067,0.15356116,0.4134692,0.43296963,c5
5945,0.4664497,0.3235014,0.21004888,c234
13744,0.21933049,0.28594932,0.49472025,c234
3519,0.35891765,0.38103056,0.26005182,c234
19107,0.20649873,0.33682325,0.45667797,c234
4860,0.51212686,0.33787137,0.15000181,c1
18322,0.36264554,0.37136415,0.26599035,c234
10643,0.1875125,0.47388017,0.33860725,c234
17264,0.15563895,0.3959189,0.4484421,c5
12412,0.31102487,0.4067772,0.282198,c1
19722,0.4418355,0.41760597,0.14055856,c1
19214,0.49789926,0.29206595,0.21003483,c1
12434,0.34426194,0.3793026,0.27643546,c234
11951,0.24584216,0.43892977,0.31522813,c5
8169,0.2814445,0.4179785,0.300577,c1
10912,0.13640188,0.22427581,0.6393223,c5
18507,0.2725099,0.40244165,0.32504848,c5
2687,0.39687386,0.40282917,0.20029692,c1
7348,0.1093815,0.2560245,0.63459396,c5
7612,0.18604887,0.34594095,0.46801025,c1
19113,0.3193768,0.30213162,0.37849155,c5
16805,0.4300732,0.42195776,0.14796902,c234
19700,0.68121743,0.25837028,0.06041233,c1
13474,0.46246085,0.3676776,0.16986153,c1
10116,0.23226506,0.4248417,0.3428933,c5
19015,0.33500051,0.36584362,0.29915586,c234
5857,0.18391435,0.27558687,0.5404988,c5
11618,0.60657513,0.3118294,0.0815955,c234
8419,0.31888595,0.2918883,0.38922572,c1
13633,0.20261753,0.30461404,0.49276844,c1
5666,0.31433678,0.38376778,0.30189544,c5
13374,0.43080255,0.3616398,0.20755762,c5
4717,0.36099187,0.3061456,0.33286247,c5
9753,0.21779618,0.32034189,0.46186194,c5
9684,0.1394456,0.21669954,0.64385486,c5
11868,0.24134302,0.31540644,0.4432505,c5
2932,0.3378986,0.3362256,0.3258758,c1
4601,0.23424792,0.31153148,0.45422062,c1
1681,0.3079168,0.44508195,0.24700125,c234
165,0.21822944,0.3317267,0.45004383,c234
5782,0.5150377,0.3585032,0.12645908,c234
9243,0.4091817,0.36818483,0.22263345,c5
18237,0.31580085,0.3612777,0.32292143,c1
10141,0.23107907,0.39762622,0.3712947,c5
1467,0.28082675,0.33147204,0.3877012,c5
17915,0.15239505,0.2995107,0.5480943,c5
13827,0.23424853,0.52883685,0.23691459,c1
10137,0.28736764,0.42599294,0.28663942,c234
3745,0.19139084,0.42041898,0.38819018,c1
17832,0.41357738,0.40263903,0.18378365,c1
17308,0.6199792,0.23120634,0.14881447,c1
1775,0.3992126,0.18159139,0.41919598,c234
12729,0.13147363,0.24434298,0.6241834,c5
8401,0.2500826,0.3704471,0.37947035,c234
3532,0.25493228,0.35692555,0.38814217,c234
7857,0.15617417,0.24884585,0.59497994,c5
10196,0.4249356,0.300342,0.2747223,c1
3869,0.3941693,0.40536678,0.20046397,c1
16106,0.41703886,0.31951317,0.26344797,c1
5827,0.22137135,0.30380428,0.47482437,c5
9649,0.1759709,0.43534794,0.3886812,c5
8496,0.5031139,0.32771003,0.169176,c234
18939,0.25780338,0.33503133,0.40716532,c5
2477,0.19934659,0.40691411,0.3937393,c234
13555,0.23474799,0.38328865,0.3819633,c5
10078,0.20136079,0.19238818,0.60625106,c234
19117,0.3972883,0.52526605,0.0774456,c234
8182,0.51703286,0.24211335,0.24085385,c1
2727,0.17334163,0.30499962,0.5216587,c5
19653,0.34908268,0.36169142,0.2892259,c5
8327,0.30592713,0.32520688,0.36886597,c1
6961,0.46067476,0.24450128,0.29482397,c1
4186,0.19476888,0.2337626,0.57146853,c234
10004,0.28974918,0.37725002,0.33300087,c1
14109,0.3839111,0.33788455,0.27820438,c1
13187,0.30660293,0.39317006,0.30022702,c234
46,0.3765774,0.3413114,0.28211123,c1
2978,0.21612555,0.3861145,0.39775997,c234
8621,0.27769977,0.30006748,0.42223272,c5
19186,0.59614515,0.28339842,0.12045646,c5
4479,0.21818283,0.30908003,0.4727372,c1
14338,0.54193014,0.36175364,0.09631618,c234
18817,0.40933618,0.2963945,0.29426935,c1
9866,0.20752886,0.2943984,0.4980728,c5
1786,0.4203975,0.27071387,0.3088887,c1
4104,0.3816718,0.2209539,0.39737433,c234
12086,0.0913227,0.1633059,0.7453714,c5
914,0.38767245,0.31650698,0.29582053,c5
12096,0.2343722,0.33580387,0.42982396,c5
8146,0.13355988,0.30323505,0.56320506,c5
18604,0.19572972,0.38540247,0.41886783,c5
4670,0.22579315,0.29978412,0.47442272,c234
721,0.27444234,0.41658545,0.30897224,c5
14894,0.4758965,0.33513716,0.18896633,c234
537,0.41573066,0.26409873,0.3201706,c5
3927,0.23347618,0.43413502,0.33238882,c234
4232,0.27986538,0.3432828,0.3768518,c5
17548,0.40969828,0.30414155,0.28616023,c5
6018,0.2422187,0.42096698,0.33681434,c5
9088,0.3759368,0.3911989,0.2328643,c234
1206,0.2531701,0.3588591,0.38797078,c234
16510,0.3080272,0.41648692,0.27548584,c234
11491,0.21347003,0.38353997,0.40298998,c234
5591,0.11036647,0.25953016,0.6301034,c5
12460,0.3047902,0.34181583,0.35339394,c1
1239,0.3322508,0.1964684,0.47128075,c5
18801,0.25597492,0.3143794,0.42964575,c1
4617,0.27534717,0.3902569,0.33439595,c5
51,0.3959261,0.28495988,0.31911403,c234
18511,0.5166292,0.36546156,0.11790927,c234
15443,0.4341771,0.3892772,0.17654572,c1
4757,0.19394411,0.4370508,0.36900508,c1
19218,0.5439258,0.2276357,0.22843844,c1
8329,0.21681707,0.27892843,0.50425446,c1
18406,0.12160252,0.2310743,0.6473232,c234
19369,0.17062765,0.31397367,0.5153987,c234
16148,0.41005686,0.32083493,0.2691082,c5
5440,0.41648093,0.4007799,0.18273923,c1
16130,0.12848538,0.3941135,0.47740108,c234
14372,0.31633472,0.28746998,0.39619532,c1
2055,0.26484162,0.4087562,0.3264022,c5
2897,0.3667534,0.34021506,0.29303157,c5
13194,0.10074399,0.3196217,0.57963425,c5
11522,0.42503333,0.33544734,0.23951937,c5
12535,0.29135644,0.36795253,0.34069106,c234
582,0.7365619,0.17952572,0.08391233,c1
11571,0.2769323,0.31807968,0.404988,c5
8449,0.25534672,0.3739446,0.37070864,c5
10580,0.7342336,0.20726417,0.058502194,c234
16361,0.52082396,0.3333682,0.14580788,c1
7560,0.3140414,0.37779063,0.30816802,c234
11223,0.23149991,0.35076568,0.41773447,c5
10249,0.23354974,0.29935867,0.4670916,c1
10374,0.45543262,0.35647798,0.18808942,c234
12671,0.39545685,0.3681814,0.23636179,c234
14367,0.27627835,0.39783296,0.3258887,c234
7817,0.17812328,0.3054909,0.5163858,c5
8724,0.22046402,0.2881336,0.49140236,c5
7606,0.4536517,0.3924378,0.15391047,c1
7483,0.59253323,0.29734293,0.110123836,c5
7283,0.33822557,0.36752096,0.29425344,c234
9692,0.21504566,0.31427947,0.47067484,c1
5234,0.3986154,0.38494965,0.21643496,c5
1381,0.20984526,0.41388378,0.376271,c234
13787,0.17298765,0.40497625,0.42203608,c234
4287,0.18095998,0.24001837,0.57902163,c5
12919,0.4526736,0.32233298,0.22499341,c1
15372,0.12413054,0.3164492,0.5594202,c234
17891,0.3299187,0.39602628,0.27405506,c5
12597,0.5893866,0.2657301,0.14488332,c1
19249,0.6438448,0.20552294,0.15063229,c1
17222,0.35463405,0.29456478,0.3508012,c5
5344,0.374525,0.31837174,0.30710325,c234
13060,0.20610766,0.31038323,0.48350915,c234
15364,0.28631848,0.31767678,0.39600474,c1
5001,0.67840904,0.2654906,0.056100313,c1
306,0.40933618,0.2963945,0.29426935,c234
11038,0.39884335,0.28208423,0.31907246,c234
3391,0.11509685,0.33437058,0.5505325,c5
16594,0.5012014,0.37536243,0.12343614,c234
5398,0.34485623,0.44213763,0.21300611,c5
13463,0.21910278,0.40133503,0.3795622,c234
10259,0.17405772,0.33393952,0.4920028,c234
16494,0.27529794,0.36798722,0.35671484,c1
12984,0.22469439,0.30778185,0.46752378,c5
4313,0.21960397,0.40347192,0.37692413,c5
6990,0.36695105,0.38490406,0.24814487,c5
12058,0.20469537,0.31480905,0.48049557,c234
15750,0.082747184,0.18119672,0.7360561,c5
11637,0.45042622,0.31847748,0.23109622,c234
11682,0.30782866,0.38598663,0.30618468,c234
3463,0.20186932,0.25840846,0.53972226,c234
13195,0.28170246,0.28473225,0.43356532,c234
8360,0.4528988,0.31233913,0.2347621,c1
5114,0.42367423,0.36002296,0.2163028,c5
14579,0.2745957,0.31044072,0.41496357,c5
8337,0.4686767,0.3115999,0.21972339,c1
17521,0.37310168,0.4318594,0.19503884,c5
11440,0.45985043,0.3808613,0.15928829,c234
10881,0.38377446,0.27815816,0.33806732,c234
6487,0.23498617,0.3941162,0.37089765,c1
2319,0.3076422,0.39258626,0.29977155,c5
2666,0.15093811,0.31545818,0.5336037,c5
9282,0.38694975,0.38125908,0.23179112,c234
1806,0.20731357,0.36158657,0.43109992,c5
7863,0.41685444,0.28622872,0.29691678,c234
5628,0.48715565,0.23522216,0.27762228,c5
18153,0.2863758,0.37757453,0.3360497,c234
14897,0.24501151,0.27301982,0.48196873,c234
8509,0.25041646,0.3638502,0.3857333,c5
123,0.5455223,0.36434835,0.090129465,c234
2659,0.44066548,0.3451934,0.2141411,c1
9690,0.40028638,0.33614248,0.2635711,c5
19789,0.44917938,0.33828044,0.21254016,c1
5152,0.23739053,0.41889527,0.34371418,c234
4974,0.26421663,0.31772056,0.41806284,c1
8728,0.96218544,0.028016506,0.009798046,c1
7042,0.49190354,0.37010628,0.1379902,c1
9375,0.1282985,0.3321742,0.5395273,c234
10513,0.2249061,0.24774714,0.5273468,c234
4360,0.14210802,0.15686363,0.7010284,c5
14178,0.3024245,0.4465667,0.25100887,c234
6978,0.35536116,0.2920897,0.35254914,c1
5087,0.33251697,0.3735201,0.2939629,c1
15151,0.23566021,0.26412815,0.50021166,c5
13541,0.3808392,0.48038557,0.13877526,c5
3643,0.32833478,0.45617706,0.21548817,c1
14345,0.18019009,0.2818534,0.5379565,c1
2354,0.2658045,0.38238654,0.3518089,c5
4552,0.23317367,0.42585003,0.3409763,c5
18589,0.21678764,0.3615502,0.42166212,c234
19454,0.15971439,0.26947087,0.5708147,c234
16573,0.27709663,0.44236997,0.2805334,c1
15546,0.28073868,0.285058,0.43420336,c5
7198,0.34747553,0.28799772,0.36452672,c1
6215,0.37809685,0.35173485,0.27016827,c234
19421,0.14698036,0.34381458,0.50920504,c5
16177,0.36057127,0.36542997,0.27399877,c1
15858,0.436265,0.2599288,0.30380616,c5
13811,0.23053347,0.3878823,0.3815843,c234
11630,0.42645845,0.29357526,0.27996632,c1
6297,0.295441,0.31913307,0.38542593,c5
19165,0.21336454,0.44031036,0.34632507,c234
5755,0.26865008,0.43224823,0.29910165,c234
17377,0.28856117,0.28969556,0.42174333,c5
329,0.182678,0.2650279,0.55229414,c5
12791,0.38197592,0.3500666,0.2679575,c1
6247,0.19621067,0.4887442,0.3150451,c5
18864,0.7342336,0.20726417,0.058502194,c234
15585,0.38965386,0.41892552,0.19142057,c1
1827,0.22962706,0.3289489,0.4414241,c234
15196,0.21754596,0.35672358,0.42573053,c234
14874,0.18445005,0.2558659,0.55968404,c5
19619,0.25262347,0.35313043,0.3942461,c1
6516,0.3241914,0.2864193,0.38938934,c5
19754,0.21981132,0.36101916,0.41916952,c5
10672,0.49079883,0.29135635,0.21784487,c5
2868,0.5188293,0.40886304,0.072307765,c234
18224,0.35915735,0.4117877,0.22905491,c234
17790,0.19515902,0.32630134,0.47853962,c1
7968,0.24650168,0.40256745,0.35093087,c5
10763,0.3892049,0.44124845,0.1695466,c234
11147,0.25840747,0.37749636,0.36409616,c5
15487,0.26470873,0.40430492,0.33098635,c5
5602,0.3131564,0.328056,0.35878757,c234
10460,0.37911457,0.34175858,0.27912685,c5
12960,0.41954762,0.31207776,0.26837456,c1
5736,0.32298362,0.36592725,0.3110891,c1
6640,0.33670154,0.29041126,0.37288722,c234
3075,0.40576136,0.3655366,0.228702,c1
15451,0.2550087,0.24221222,0.50277907,c5
15808,0.24872595,0.37596515,0.37530893,c5
17102,0.1466225,0.2914722,0.56190526,c234
9347,0.35565066,0.31912884,0.3252205,c5
15383,0.21643409,0.42460522,0.3589607,c1
2178,0.5156627,0.2616216,0.22271569,c1
18836,0.32386053,0.3743372,0.30180228,c1
9042,0.39431688,0.40690386,0.19877923,c1
10540,0.21102375,0.4197483,0.36922792,c5
1875,0.18487954,0.4407708,0.37434968,c234
9322,0.1895946,0.3170853,0.49332008,c5
2403,0.24637195,0.28763574,0.4659923,c5
6530,0.22554056,0.24148715,0.5329723,c1
4819,0.46570054,0.33431682,0.19998263,c5
10446,0.5721151,0.30471864,0.12316622,c1
19667,0.44887906,0.35704228,0.19407865,c234
19693,0.38924885,0.44728222,0.16346902,c1
4138,0.23192908,0.35063526,0.41743568,c1
11118,0.37521294,0.3603853,0.2644017,c234
15379,0.16022146,0.25300616,0.5867724,c5
6462,0.6096173,0.27546027,0.11492239,c234
7023,0.2299089,0.33513212,0.43495896,c5
14899,0.32062903,0.3624616,0.3169094,c234
4646,0.30228734,0.48563161,0.21208103,c234
19168,0.24972993,0.30037102,0.44989905,c234
11175,0.5374579,0.24280888,0.21973325,c1
19655,0.31381616,0.27685347,0.40933034,c5
808,0.207289,0.33500892,0.45770207,c234
3436,0.29651237,0.3410255,0.36246213,c5
9840,0.33421615,0.38743317,0.2783507,c234
14539,0.31848136,0.44234002,0.23917861,c234
19510,0.58053017,0.21705955,0.20241031,c1
266,0.16087565,0.3972713,0.44185308,c234
4146,0.29775944,0.31368706,0.38855353,c5
9965,0.26647967,0.38578168,0.3477386,c234
18969,0.1866311,0.34913638,0.4642325,c234
3778,0.14935927,0.30354795,0.5470928,c5
19204,0.14804922,0.3693131,0.4826377,c1
12268,0.38821083,0.32854924,0.28323987,c234
6061,0.264261,0.39631516,0.33942378,c5
7965,0.18149658,0.3095678,0.5089356,c5
17553,0.08741132,0.20941429,0.7031743,c234
5078,0.36924094,0.41519976,0.21555935,c234
1790,0.4891447,0.34968746,0.16116779,c234
1112,0.36328638,0.32167172,0.3150419,c5
9358,0.4289821,0.31736314,0.2536548,c234
19871,0.201767,0.20303975,0.5951933,c5
13188,0.13552184,0.21198623,0.6524919,c5
10343,0.42242166,0.36778772,0.20979065,c234
18397,0.175399,0.35383427,0.47076672,c5
3642,0.32494244,0.22830144,0.44675606,c5
14394,0.22894429,0.32356,0.44749567,c1
18099,0.45707798,0.32241833,0.22050369,c234
12392,0.27616507,0.2993764,0.42445844,c5
19927,0.3427958,0.40385073,0.25335354,c1
16724,0.3375686,0.32924706,0.33318427,c234
13040,0.3155865,0.3512005,0.333213,c5
18962,0.24558577,0.2884879,0.4659264,c5
11317,0.29810485,0.328296,0.37359917,c5
3767,0.13844396,0.35742486,0.50413114,c1
12223,0.36984107,0.33525905,0.2948999,c5
7336,0.131179,0.3610354,0.50778556,c234
6976,0.16671322,0.30849996,0.52478683,c1
11281,0.31256503,0.44899103,0.23844393,c5
13594,0.54906315,0.24195085,0.20898603,c5
17916,0.33976376,0.31416413,0.34607214,c234
10342,0.4002969,0.37781492,0.22188821,c234
4984,0.33554035,0.23155694,0.43290272,c234
17172,0.13088186,0.26786867,0.6012495,c1
11648,0.2743337,0.28556266,0.44010362,c5
3136,0.7383072,0.21817024,0.043522526,c234
17330,0.39493948,0.22515465,0.37990588,c234
18827,0.33053887,0.41000637,0.25945482,c234
7299,0.4966081,0.33934766,0.1640442,c1
13243,0.36778358,0.3148881,0.31732836,c1
2981,0.2538839,0.28511718,0.46099895,c1
3472,0.26955733,0.38720474,0.3432379,c5
2633,0.3008863,0.3068466,0.39226708,c234
7670,0.33917966,0.415568,0.24525236,c1
19360,0.6515362,0.2645797,0.08388405,c5
12354,0.52139664,0.2655678,0.21303558,c5
18265,0.16194743,0.2486265,0.5894261,c234
17405,0.42718795,0.330712,0.24210005,c1
10844,0.5533311,0.29299697,0.15367189,c234
2013,0.19659236,0.32618317,0.47722447,c5
15705,0.32648876,0.3048188,0.36869243,c5
12483,0.20374236,0.23186818,0.56438947,c5
12229,0.43446204,0.27170587,0.2938321,c5
18539,0.41286084,0.39913428,0.18800487,c5
10237,0.28110996,0.32798615,0.39090395,c5
4935,0.40933618,0.2963945,0.29426935,c5
1929,0.27321637,0.5273861,0.19939749,c234
2065,0.38964662,0.37245733,0.23789607,c234
15806,0.5546831,0.35289332,0.09242356,c1
871,0.101571694,0.30024686,0.5981814,c5
18114,0.33725294,0.39689937,0.26584768,c5
18794,0.1188744,0.15653503,0.72459054,c1
2144,0.43070453,0.3335787,0.23571678,c1
558,0.3775314,0.2781205,0.34434807,c5
4932,0.32019687,0.31441757,0.3653856,c5
7016,0.39584598,0.36208034,0.24207366,c234
14025,0.43034,0.18241316,0.38724685,c5
14060,0.519136,0.33580184,0.1450621,c1
4316,0.48939475,0.3709484,0.13965683,c1
9981,0.30153343,0.29270124,0.4057653,c1
5436,0.23751734,0.37696752,0.3855151,c234
16491,0.41158813,0.35196927,0.23644257,c1
4848,0.3730455,0.40433273,0.22262177,c1
12218,0.24398649,0.4107853,0.34522825,c234
5680,0.29864517,0.30430079,0.39705405,c5
9020,0.2599179,0.35794717,0.3821349,c1
18556,0.15431881,0.33132365,0.51435757,c1
10660,0.615998,0.30483872,0.07916322,c1
1092,0.23086415,0.35304585,0.41608995,c234
17104,0.48986152,0.34249312,0.16764532,c234
10642,0.45473823,0.34286317,0.20239861,c1
18606,0.4667714,0.22523475,0.3079938,c234
10239,0.32147035,0.38432282,0.29420677,c234
2281,0.43348172,0.32733345,0.23918487,c1
920,0.46924853,0.33954534,0.19120613,c234
7012,0.24133633,0.39964905,0.35901463,c5
18433,0.31014517,0.39746252,0.29239228,c1
5651,0.26197734,0.28719574,0.45082688,c1
10358,0.1771179,0.4890329,0.3338492,c234
16033,0.25896266,0.29288483,0.44815245,c5
2424,0.22876565,0.37869462,0.39253974,c5
11486,0.16644846,0.39464027,0.4389112,c1
19862,0.18400645,0.42375028,0.39224327,c234
18384,0.29834,0.27361906,0.42804095,c1
10820,0.4772501,0.3333967,0.18935314,c1
9754,0.45473823,0.34286317,0.20239861,c1
15586,0.21808784,0.29700685,0.48490533,c1
9306,0.42950758,0.31931922,0.25117314,c5
15482,0.18766755,0.42061248,0.39172003,c5
16283,0.26843166,0.34419423,0.38737413,c5
13530,0.23233545,0.2458531,0.5218114,c5
10279,0.17301059,0.30091906,0.5260704,c5
7059,0.22189537,0.24306932,0.5350353,c234
2706,0.16500637,0.36259073,0.47240293,c234
18872,0.3328447,0.42350113,0.24365418,c234
6037,0.19358176,0.25403523,0.552383,c5
15643,0.21296759,0.2878349,0.4991975,c5
16032,0.14102577,0.29081935,0.5681549,c5
544,0.21861959,0.41970813,0.36167228,c234
8859,0.18945095,0.30681956,0.5037294,c5
10657,0.14710942,0.2258702,0.62702036,c5
8559,0.19461086,0.5095197,0.29586944,c5
8381,0.11290646,0.30525035,0.58184314,c5
6527,0.45473823,0.34286317,0.20239861,c1
15647,0.57432514,0.278516,0.14715889,c1
9547,0.29386708,0.40671706,0.2994159,c234
5630,0.301413,0.32674596,0.37184104,c5
5210,0.33357593,0.34430978,0.32211426,c1
11490,0.3863869,0.33558506,0.27802807,c1
1720,0.24850182,0.31386995,0.4376282,c1
16260,0.3537884,0.3993816,0.24683003,c234
1748,0.38740584,0.37892252,0.23367162,c234
8160,0.28651768,0.22098354,0.49249882,c5
268,0.22964498,0.29455575,0.47579923,c5
19136,0.35687107,0.29515022,0.34797874,c1
2010,0.16922463,0.30628142,0.52449393,c234
9379,0.124126665,0.21790376,0.6579696,c234
15595,0.50555444,0.32251874,0.17192678,c5
1100,0.3303905,0.40104136,0.2685681,c234
261,0.19984208,0.36695927,0.43319863,c1
11799,0.17070037,0.30442706,0.5248726,c5
10579,0.17521638,0.39767858,0.427105,c1
9092,0.6259758,0.22791739,0.14610685,c234
9582,0.3551406,0.35414624,0.2907132,c234
4674,0.22189559,0.41101226,0.36709213,c234
15407,0.23134242,0.3775562,0.39110136,c5
1041,0.18567753,0.31941453,0.49490798,c5
18189,0.26299205,0.27460676,0.46240127,c234
13029,0.35896477,0.3619409,0.27909434,c1
1989,0.3667534,0.34021506,0.29303157,c1
3270,0.31515297,0.32984254,0.35500452,c5
6211,0.54577994,0.36060017,0.093619846,c1
15325,0.5087793,0.3636862,0.12753454,c234
18279,0.5286882,0.29701808,0.17429373,c234
13876,0.4828875,0.25125822,0.2658543,c1
13950,0.4042344,0.35890672,0.23685879,c5
6078,0.34142676,0.4040613,0.25451195,c5
18349,0.15789683,0.29289615,0.54920703,c5
2542,0.30197406,0.348513,0.34951293,c1
295,0.22478326,0.3569113,0.4183055,c1
18747,0.40327135,0.40115073,0.19557789,c234
5938,0.29406428,0.32622895,0.37970677,c1
8397,0.35769212,0.33106422,0.31124365,c234
18009,0.21865426,0.33663344,0.44471228,c5
15967,0.6523274,0.25969517,0.08797741,c1
8165,0.41636294,0.25389263,0.3297445,c5
17996,0.54906315,0.24195085,0.20898603,c1
19626,0.22152199,0.33330435,0.44517368,c1
8623,0.14575301,0.2433848,0.6108622,c5
6183,0.2741918,0.34017298,0.3856352,c5
1900,0.23244895,0.3964788,0.37107223,c234
6503,0.10315772,0.23619707,0.6606452,c5
19009,0.13736841,0.3386178,0.52401376,c234
10254,0.1115233,0.31285927,0.5756175,c5
11252,0.15074444,0.32905862,0.5201969,c234
1981,0.16535503,0.36322924,0.47141573,c1
443,0.36020538,0.2740975,0.36569715,c234
8188,0.7697589,0.17793752,0.0523037,c1
640,0.20896097,0.38990283,0.40113622,c5
10375,0.16922641,0.23049314,0.60028046,c5
15362,0.08584867,0.17078511,0.7433662,c234
10088,0.3312175,0.33927235,0.32951018,c234
226,0.3619559,0.24939975,0.38864434,c234
8660,0.3883546,0.31035694,0.30128846,c234
19265,0.19245894,0.3506659,0.45687512,c234
19345,0.21488152,0.30238086,0.48273757,c5
13941,0.23275068,0.3333777,0.4338716,c234
12842,0.39854395,0.338745,0.26271105,c234
1190,0.3800878,0.42569146,0.1942207,c234
3459,0.27507013,0.37682915,0.34810075,c234
13313,0.3074876,0.42811942,0.2643929,c5
4808,0.21325608,0.28210983,0.50463414,c1
627,0.7504364,0.19500116,0.05456246,c234
10144,0.41374537,0.37034488,0.21590973,c234
2898,0.20432812,0.46325752,0.33241436,c5
8132,0.2117646,0.26210687,0.5261286,c234
18098,0.31774756,0.35671455,0.32553792,c1
5290,0.27864203,0.36522445,0.3561335,c234
602,0.3636683,0.3778635,0.2584682,c5
14702,0.43399003,0.26544136,0.3005686,c234
10866,0.44508222,0.36444607,0.19047174,c1
9393,0.2911217,0.39915195,0.3097264,c1
2744,0.3100121,0.3369107,0.35307723,c5
11525,0.2235712,0.3544388,0.42198995,c5
13236,0.2286791,0.35718834,0.41413257,c234
4774,0.17247432,0.32594925,0.50157636,c5
17911,0.39022568,0.38884965,0.22092466,c1
16580,0.19659236,0.32618317,0.47722447,c234
17896,0.4969916,0.3789343,0.12407414,c1
9842,0.27637455,0.31462216,0.40900332,c234
19042,0.31173873,0.35134283,0.33691844,c234
14765,0.53217274,0.2906643,0.17716292,c1
2053,0.15843165,0.2813158,0.56025255,c5
14015,0.20970987,0.2956587,0.4946315,c234
8533,0.1551108,0.27075022,0.574139,c234
4338,0.5211649,0.31327122,0.1655639,c5
5829,0.17514789,0.18362874,0.6412233,c5
17025,0.3307741,0.38075387,0.28847203,c1
3737,0.6052637,0.29426095,0.10047531,c1
3026,0.29896823,0.29908243,0.40194935,c5
4262,0.29067108,0.48904115,0.22028776,c234
6706,0.39338708,0.39001685,0.216596,c5
10188,0.25848654,0.37517214,0.36634135,c1
13141,0.5456861,0.33247,0.12184381,c1
7546,0.5546831,0.35289332,0.09242356,c234
18399,0.4148628,0.29987344,0.2852638,c1
372,0.2645912,0.3920105,0.34339827,c234
17186,0.33917966,0.415568,0.24525236,c5
19992,0.41221857,0.4305694,0.15721197,c5
3947,0.25313902,0.3818276,0.36503342,c5
5928,0.3517998,0.34013692,0.30806327,c1
5222,0.21476537,0.26731583,0.5179188,c5
5270,0.23817442,0.53302,0.22880557,c5
3207,0.36489984,0.31324273,0.32185742,c5
3481,0.32645407,0.30576974,0.36777616,c5
17679,0.43066123,0.33671373,0.232625,c234
12520,0.41374537,0.37034488,0.21590973,c1
1458,0.5430887,0.24144305,0.21546829,c234
12334,0.26591837,0.21715719,0.51692444,c5
11153,0.26031882,0.33187565,0.4078055,c1
13770,0.30743587,0.36513802,0.32742608,c234
17487,0.47556072,0.27689534,0.2475439,c1
8054,0.3059789,0.356351,0.33767006,c234
9630,0.68809247,0.25952294,0.052384604,c234
5903,0.25485474,0.25583604,0.48930925,c5
8814,0.2512189,0.30269364,0.4460875,c1
15594,0.37853992,0.39563918,0.2258209,c234
8507,0.32511997,0.3948829,0.27999717,c5
17356,0.23195308,0.27879584,0.48925114,c234
13909,0.39023295,0.32567948,0.28408763,c234
14448,0.3901494,0.42307296,0.18677768,c1
7568,0.27217308,0.42262465,0.3052023,c234
16897,0.081981726,0.17802446,0.7399939,c5
10161,0.3492334,0.24134474,0.40942192,c234
2091,0.17595999,0.27960393,0.54443604,c234
2672,0.07455516,0.2988194,0.6266254,c5
15645,0.19409797,0.35810673,0.44779527,c5
4307,0.18054904,0.362451,0.45699996,c5
5724,0.33011135,0.41708803,0.25280067,c1
14426,0.21442652,0.37066892,0.41490453,c1
4976,0.39340356,0.33360004,0.27299637,c5
14815,0.41478235,0.30134007,0.28387758,c1
4388,0.35887015,0.3840247,0.25710514,c5
11213,0.45522186,0.34965324,0.19512494,c234
7522,0.28830874,0.30509406,0.40659726,c234
4721,0.4218152,0.31332472,0.2648601,c234
15111,0.6123501,0.23714198,0.1505079,c1
347,0.1324452,0.185953,0.68160176,c5
1169,0.2922052,0.3925361,0.31525868,c5
18425,0.36301866,0.40277293,0.23420842,c5
4669,0.3978121,0.31675118,0.28543675,c1
807,0.09785598,0.2765741,0.62556994,c5
6868,0.16786264,0.33342552,0.49871182,c234
18437,0.3566825,0.3681421,0.27517545,c234
6235,0.3691867,0.32371104,0.30710223,c234
10953,0.19883217,0.34042975,0.46073806,c1
19457,0.31178704,0.2971753,0.39103767,c1
17800,0.26962668,0.37661737,0.35375592,c234
11199,0.30748683,0.3450953,0.34741783,c1
10173,0.23860475,0.35845113,0.40294415,c1
17502,0.45232788,0.3431341,0.204538,c1
6939,0.44576105,0.36232322,0.19191568,c234
12798,0.45473823,0.34286317,0.20239861,c1
18744,0.3115606,0.4064603,0.2819791,c234
434,0.24760556,0.34848014,0.40391427,c5
6817,0.26778275,0.3171069,0.41511035,c234
9565,0.1828312,0.40472966,0.41243914,c5
14599,0.38426307,0.37765643,0.2380805,c234
3141,0.33662507,0.3327453,0.33062956,c234
7844,0.4202529,0.39975017,0.17999691,c1
3914,0.1671659,0.2889094,0.5439246,c5
12794,0.22106679,0.27217364,0.5067595,c5
18896,0.34138265,0.32254052,0.33607686,c1
9458,0.20914757,0.31810322,0.4727491,c234
10861,0.27773038,0.33407518,0.3881944,c5
5008,0.15109801,0.3200104,0.52889156,c234
13918,0.68687814,0.20631191,0.10680992,c1
5147,0.5804977,0.27899396,0.1405083,c234
3219,0.3249939,0.34516147,0.32984465,c234
11554,0.3329872,0.35596076,0.31105208,c234
7018,0.29593423,0.2882076,0.4158581,c1
6924,0.25113997,0.45132506,0.297535,c5
10782,0.25480828,0.37444577,0.37074602,c234
7754,0.22403812,0.32271993,0.45324194,c1
19763,0.22080544,0.4551674,0.32402712,c1
7843,0.29340035,0.37732908,0.32927054,c234
18888,0.37658772,0.31361637,0.30979592,c234
5390,0.2889582,0.344762,0.36627984,c5
12128,0.29639146,0.2694165,0.43419203,c234
4657,0.43745193,0.38976306,0.17278507,c234
11298,0.32495746,0.3048164,0.3702262,c1
16787,0.46484923,0.23574394,0.2994069,c234
15558,0.543814,0.32116535,0.13502064,c1
3677,0.3464354,0.35977656,0.293788,c1
6895,0.4333704,0.2987527,0.26787692,c1
15406,0.31690258,0.23879029,0.44430706,c1
19282,0.61627686,0.23774189,0.1459813,c1
19697,0.45473823,0.34286317,0.20239861,c234
16271,0.30642104,0.40024537,0.2933336,c5
16555,0.62900794,0.21545678,0.15553524,c1
10284,0.37469625,0.36371362,0.26159012,c1
18168,0.3336203,0.3079938,0.35838592,c1
9898,0.21824978,0.34107435,0.44067585,c234
12191,0.5253587,0.4048368,0.06980448,c234
9003,0.2601398,0.33390942,0.40595073,c1
9063,0.63452333,0.24697141,0.118505195,c1
888,0.3890063,0.3695576,0.24143611,c1
17769,0.1580443,0.42402223,0.41793352,c234
17376,0.30663517,0.384843,0.30852187,c234
7301,0.16411962,0.41496953,0.42091084,c1
14516,0.13699739,0.3244015,0.5386011,c5
1301,0.20676737,0.42577985,0.3674528,c5
5010,0.17988527,0.26106632,0.5590485,c234
2318,0.438274,0.43242714,0.12929891,c1
19408,0.3870541,0.35414898,0.25879684,c1
18135,0.3977619,0.31315008,0.28908807,c1
17909,0.5484713,0.279234,0.1722948,c234
15798,0.14854904,0.18995832,0.6614926,c5
13721,0.36948147,0.4699349,0.16058363,c1
5771,0.23761386,0.32975224,0.43263397,c1
5671,0.15102455,0.33103523,0.51794016,c1
15561,0.3497827,0.34308267,0.3071346,c234
17273,0.96244687,0.028025586,0.009527461,c1
16460,0.3796503,0.34581596,0.2745337,c1
11994,0.5549939,0.34932077,0.09568529,c234
9617,0.7342336,0.20726417,0.058502194,c234
4181,0.31887567,0.42255408,0.25857025,c234
12721,0.2011547,0.37766898,0.42117634,c5
10090,0.20738482,0.34562892,0.4469863,c234
6136,0.2909013,0.38060397,0.32849476,c5
4653,0.34515318,0.36624992,0.28859687,c1
13071,0.37723842,0.43009114,0.19267046,c234
17387,0.40317738,0.3142037,0.28261885,c234
10988,0.27994093,0.36508533,0.35497376,c5
15403,0.25265434,0.35906392,0.38828167,c5
17883,0.23067513,0.2687269,0.500598,c5
18697,0.25853685,0.28799585,0.45346734,c234
7117,0.6523274,0.25969517,0.08797741,c234
15050,0.7377631,0.1832699,0.07896694,c1
149,0.3762741,0.360855,0.26287088,c234
1642,0.3885922,0.34327605,0.2681317,c234
8433,0.23440602,0.33983135,0.42576268,c234
6921,0.46748668,0.3706738,0.1618395,c234
5019,0.15876983,0.33961385,0.50161636,c5
7678,0.35170278,0.3289281,0.31936905,c234
6450,0.36882597,0.41881883,0.21235514,c1
6444,0.2771245,0.2823314,0.4405441,c1
15722,0.29554275,0.3830209,0.32143638,c5
15135,0.3651166,0.36740047,0.26748288,c5
11541,0.4028284,0.30704263,0.29012907,c234
8453,0.4306107,0.31246352,0.25692573,c234
16929,0.27622497,0.27214503,0.45163,c234
18682,0.25992295,0.29771277,0.44236425,c234
12263,0.24340516,0.4823985,0.2741963,c234
9727,0.26041093,0.46544805,0.27414104,c5
11543,0.1733687,0.3043884,0.5222429,c5
18867,0.3625618,0.30137038,0.33606783,c1
3598,0.33203918,0.3565036,0.31145722,c1
3154,0.50435466,0.3715335,0.12411183,c1
12207,0.34252092,0.36781293,0.28966612,c5
15094,0.63356954,0.26701578,0.09941468,c234
18771,0.35331506,0.2650169,0.381668,c1
12576,0.29163197,0.4216292,0.2867389,c5
2416,0.6781375,0.21805403,0.1038085,c1
2650,0.37479156,0.33272964,0.29247874,c234
16785,0.1705972,0.19550404,0.63389874,c5
4682,0.40917853,0.3763873,0.21443424,c5
16095,0.25467342,0.4025875,0.34273908,c234
8121,0.35891765,0.38103056,0.26005182,c234
12410,0.17574105,0.21560076,0.60865813,c234
19978,0.1742004,0.24576093,0.58003867,c5
13462,0.4483307,0.32082596,0.23084335,c234
7275,0.3735409,0.3659841,0.26047492,c234
18695,0.39057273,0.42606172,0.18336558,c5
11924,0.15552966,0.2523632,0.5921071,c234
3052,0.6523274,0.25969517,0.08797741,c1
18017,0.1808682,0.16913195,0.64999986,c5
3496,0.23838887,0.30989116,0.45171997,c234
16352,0.22692718,0.4102059,0.36286694,c5
12864,0.42577586,0.3557062,0.21851794,c5
1036,0.2615616,0.4039176,0.33452073,c5
15597,0.18266992,0.3351024,0.48222774,c5
566,0.31921014,0.40987146,0.2709184,c234
490,0.26078847,0.29967943,0.4395321,c5
10341,0.34382018,0.39119795,0.2649819,c234
2858,0.29063264,0.28636268,0.42300472,c234
1550,0.1582728,0.35426137,0.48746586,c234
18118,0.2252345,0.32158253,0.45318297,c234
11978,0.20471615,0.37378487,0.42149895,c5
5918,0.21667473,0.3373723,0.445953,c234
9891,0.33678356,0.38710243,0.276114,c234
10589,0.4003255,0.38661325,0.21306124,c234
219,0.26807165,0.36699417,0.36493418,c234
55,0.35979545,0.39635015,0.24385439,c1
13703,0.16699654,0.34643185,0.48657164,c1
11808,0.22353393,0.30298176,0.47348437,c5
17282,0.43051717,0.28864098,0.2808418,c5
13043,0.44168723,0.3531733,0.20513946,c1
4535,0.5397503,0.24130672,0.21894301,c234
7174,0.63682514,0.23937282,0.12380203,c234
13932,0.5347475,0.2629432,0.20230934,c1
1201,0.2165654,0.34674233,0.43669227,c234
6938,0.17325707,0.30642575,0.52031714,c5
7110,0.46286908,0.34555262,0.19157828,c234
17685,0.3097952,0.29453826,0.3956666,c234
11517,0.43619063,0.37309638,0.19071303,c1
11989,0.22216131,0.36840686,0.40943182,c1
3011,0.33114573,0.35874122,0.310113,c234
17006,0.20865284,0.48924932,0.30209777,c5
19803,0.4131323,0.4202665,0.16660118,c5
3001,0.24993595,0.5106954,0.23936862,c234
1196,0.36445436,0.35601893,0.27952674,c5
8493,0.22176002,0.37010628,0.40813372,c5
4635,0.47368526,0.36928216,0.1570325,c234
18267,0.3132093,0.32412258,0.36266807,c234
5264,0.18360096,0.37075603,0.44564304,c5
14578,0.42281255,0.32407326,0.25311416,c1
7046,0.37090877,0.3089941,0.32009712,c234
2600,0.5208504,0.3470231,0.13212644,c234
12458,0.14982885,0.42543715,0.424734,c5
9091,0.22963887,0.4188971,0.351464,c234
3184,0.5502737,0.33779633,0.11192992,c234
1037,0.52580625,0.3660412,0.108152494,c234
6356,0.37850523,0.2894126,0.33208215,c5
4972,0.31237873,0.37908685,0.30853438,c1
3957,0.487249,0.3589579,0.15379314,c1
19091,0.3873444,0.35069218,0.26196343,c5
8020,0.2803644,0.45078617,0.26884943,c1
107,0.54906315,0.24195085,0.20898603,c234
6857,0.19560172,0.3007023,0.503696,c5
16967,0.17876764,0.4117382,0.40949416,c234
3315,0.21104755,0.38427764,0.4046748,c5
17179,0.30185762,0.5432964,0.15484601,c234
17037,0.57450634,0.3487385,0.076755114,c1
12645,0.45473823,0.34286317,0.20239861,c5
234,0.31984505,0.3733068,0.3068481,c234
6307,0.36336896,0.30781847,0.32881263,c1
3027,0.27810872,0.56297594,0.15891537,c234
16859,0.3554475,0.3064604,0.3380921,c5
13450,0.42703512,0.43810067,0.13486414,c5
12403,0.24470235,0.41382,0.3414777,c1
12059,0.5367936,0.3340802,0.12912624,c5
11409,0.29610386,0.39992326,0.30397293,c234
127,0.2494058,0.36521506,0.38537908,c5
19263,0.07949044,0.22145914,0.69905037,c234
7120,0.4938347,0.36039278,0.1457725,c1
5682,0.3625618,0.30137038,0.33606783,c1
285,0.41428408,0.3653137,0.2204022,c5
18579,0.14524508,0.29117978,0.5635751,c5
17401,0.27252364,0.32013202,0.40734434,c1
19137,0.27280125,0.37990704,0.34729168,c234
13822,0.4733839,0.3762649,0.1503512,c234
2926,0.18320365,0.3045965,0.5121999,c5
16349,0.2451647,0.33950877,0.41532657,c234
15202,0.3270123,0.3348396,0.33814812,c234
13743,0.11099682,0.28016657,0.6088366,c5
6626,0.33533677,0.30843693,0.35622635,c1
6191,0.3190431,0.36933532,0.31162155,c1
16826,0.49265286,0.31887507,0.18847214,c1
13087,0.2813166,0.27375388,0.44492954,c234
18208,0.49482512,0.39869526,0.10647959,c234
17737,0.45232788,0.3431341,0.204538,c5
6373,0.38130245,0.3698358,0.24886174,c1
1086,0.44121987,0.38736096,0.17141923,c1
18276,0.292242,0.41150817,0.2962498,c234
15656,0.5058206,0.33793125,0.15624815,c234
2701,0.24251314,0.46365124,0.29383567,c234
9780,0.393861,0.3869753,0.21916376,c1
13495,0.32138297,0.36073956,0.31787744,c5
8546,0.17718509,0.5928779,0.22993697,c234
12763,0.34865934,0.36751232,0.28382832,c1
7611,0.15348034,0.30201036,0.5445093,c5
17119,0.6523274,0.25969517,0.08797741,c1
10227,0.293622,0.32287717,0.3835009,c5
1450,0.32404882,0.37404805,0.30190313,c1
3836,0.37734076,0.36922553,0.2534337,c234
733,0.25910342,0.3733147,0.36758187,c1
7701,0.4897069,0.24376854,0.2665245,c1
14283,0.5316904,0.2999672,0.16834237,c234
12264,0.39186892,0.38032845,0.2278027,c5
17292,0.45587772,0.39529315,0.1488291,c234
17655,0.17847215,0.3922417,0.42928612,c234
14123,0.30595878,0.40036204,0.29367918,c5
19933,0.32714722,0.39496994,0.27788284,c234
11964,0.49015552,0.32625818,0.18358634,c1
13737,0.21370973,0.41449305,0.37179717,c5
13329,0.30313683,0.3695397,0.3273235,c1
10695,0.45452806,0.4061892,0.13928278,c234
19561,0.34868675,0.25405887,0.39725444,c5
4328,0.6032104,0.24064434,0.15614526,c1
13340,0.35678634,0.38898733,0.2542264,c5
167,0.2376908,0.34244597,0.4198632,c1
1343,0.49539664,0.301211,0.20339233,c234
2581,0.21574995,0.36101958,0.4232305,c234
18506,0.36048022,0.3521472,0.28737262,c234
482,0.16165876,0.4320303,0.40631086,c5
8366,0.3517848,0.33162066,0.31659448,c1
17202,0.26004016,0.47412112,0.26583868,c234
5875,0.20510483,0.22955208,0.5653431,c234
17583,0.25209126,0.2515899,0.49631888,c234
3760,0.39140567,0.42699635,0.18159793,c1
6132,0.24085765,0.3831064,0.3760359,c1
5566,0.5763771,0.31833005,0.10529284,c1
16706,0.110179484,0.27445552,0.615365,c5
11508,0.23959646,0.36753246,0.39287108,c234
3490,0.44514132,0.25982603,0.29503265,c234
7864,0.39932612,0.29366326,0.3070106,c5
13826,0.6954715,0.20778312,0.09674538,c234
1583,0.32385677,0.3211084,0.35503483,c1
17484,0.59211916,0.29555717,0.11232369,c234
12431,0.35687107,0.29515022,0.34797874,c5
15158,0.37555826,0.32120696,0.3032348,c5
9588,0.5482487,0.28203526,0.16971596,c1
12683,0.2950712,0.37990254,0.3250263,c5
14779,0.3821352,0.34904146,0.26882333,c234
19084,0.17434382,0.3039708,0.52168536,c5
8892,0.40175313,0.44214714,0.15609968,c234
7413,0.2837912,0.33186114,0.38434768,c5
2130,0.50554246,0.2430648,0.2513927,c1
5545,0.6614705,0.2625992,0.075930305,c234
7687,0.21587814,0.46023723,0.3238846,c1
19270,0.151349,0.29383576,0.55481523,c5
14122,0.41121134,0.30207613,0.2867125,c234
2820,0.27994093,0.36508533,0.35497376,c1
13812,0.3618249,0.28570348,0.3524716,c234
14595,0.17997548,0.40813607,0.41188842,c5
2421,0.4019779,0.29059982,0.30742228,c234
5254,0.30687383,0.3139291,0.37919712,c1
17704,0.18919533,0.4321447,0.37865996,c1
15598,0.1323019,0.35104567,0.51665246,c5
13543,0.1662058,0.3743724,0.45942178,c1
11300,0.12859628,0.39094806,0.4804556,c234
4139,0.21300516,0.30104935,0.4859455,c5
11706,0.4772501,0.3333967,0.18935314,c1
14992,0.32334164,0.2825152,0.39414313,c234
4882,0.25159732,0.35571226,0.3926904,c1
14470,0.26836145,0.31580207,0.41583657,c234
6417,0.4814402,0.3653575,0.15320237,c234
16574,0.36165813,0.35066548,0.28767648,c5
4044,0.13311748,0.25149593,0.61538666,c5
9569,0.18261182,0.36357778,0.45381045,c5
6348,0.36220607,0.42912927,0.20866466,c234
6044,0.29747203,0.37056246,0.33196554,c5
19382,0.24730462,0.14883484,0.6038605,c5
19998,0.26257586,0.40934935,0.3280748,c234
11003,0.4667714,0.22523475,0.3079938,c1
1739,0.48100325,0.23190852,0.28708825,c5
5189,0.3345366,0.39036587,0.2750975,c5
5478,0.28076705,0.3073655,0.41186744,c1
15818,0.23300685,0.25701737,0.50997573,c5
2237,0.54043174,0.3519411,0.10762722,c1
8678,0.3296396,0.40919048,0.2611699,c234
14772,0.46572775,0.41101998,0.123252206,c5
19778,0.32254615,0.3559064,0.32154745,c5
7914,0.72316957,0.20293608,0.073894314,c1
2473,0.48904863,0.34891185,0.16203952,c234
17126,0.25201082,0.3923184,0.35567078,c1
13961,0.28609568,0.38028893,0.33361533,c5
12214,0.41810888,0.3939578,0.18793336,c1
2135,0.25534788,0.37314495,0.37150717,c5
11055,0.35758826,0.3662457,0.27616608,c5
11915,0.21859258,0.31950086,0.4619065,c5
15109,0.33422366,0.36218378,0.3035926,c1
8172,0.31206593,0.33162463,0.35630947,c5
9858,0.18613137,0.30752763,0.506341,c234
5862,0.26269522,0.32656395,0.41074085,c5
12875,0.41160086,0.33547014,0.25292897,c1
2138,0.31575337,0.37186313,0.31238353,c5
10155,0.44870162,0.44298288,0.10831549,c234
12378,0.13018303,0.29275814,0.57705885,c5
18207,0.5126527,0.32925722,0.15809005,c1
1034,0.3672299,0.38792834,0.24484178,c1
4442,0.5828216,0.2523771,0.16480127,c234
8154,0.15612927,0.25224403,0.59162664,c5
18449,0.96255785,0.027851291,0.009590772,c1
6702,0.29560792,0.3569651,0.34742704,c1
4903,0.5549939,0.34932077,0.09568529,c1
66,0.2830812,0.4896981,0.22722068,c1
5810,0.30798995,0.29586732,0.39614272,c1
14202,0.41040036,0.2859154,0.30368418,c1
7053,0.17869355,0.37332585,0.44798055,c234
3640,0.51981556,0.26492357,0.21526085,c234
10781,0.5087793,0.3636862,0.12753454,c234
17733,0.2985088,0.3757065,0.32578474,c1
17517,0.26301524,0.39136893,0.34561577,c1
5175,0.2656424,0.37610972,0.35824785,c5
15959,0.35230485,0.4729295,0.17476566,c234
5934,0.33069584,0.2161808,0.4531233,c1
20013,0.16298683,0.2575959,0.5794173,c5
977,0.24683116,0.30013183,0.45303705,c5
6707,0.29329193,0.30743086,0.39927712,c5
12605,0.30168033,0.38510227,0.31321743,c5
18450,0.21630013,0.26367918,0.52002066,c5
12192,0.18772629,0.32449552,0.48777816,c5
2406,0.26301757,0.49966097,0.23732156,c1
9260,0.13575934,0.34801108,0.51622957,c5
15542,0.19443785,0.28239438,0.5231678,c5
14175,0.28039277,0.37568423,0.343923,c1
7987,0.19700569,0.3132599,0.48973435,c1
19775,0.22007485,0.30376232,0.47616288,c5
11392,0.32778075,0.45892587,0.21329339,c1
6564,0.2280463,0.28764123,0.4843124,c5
18130,0.5052004,0.34815803,0.14664157,c234
9239,0.46463892,0.4259302,0.10943093,c1
14687,0.26850003,0.41426367,0.31723633,c5
6894,0.46472397,0.37560833,0.1596677,c1
11640,0.37247595,0.41053358,0.21699052,c234
6122,0.2978813,0.42301118,0.27910748,c234
17867,0.3488585,0.4020368,0.24910471,c234
13159,0.5108203,0.2922067,0.19697301,c1
18302,0.2885561,0.29434416,0.41709977,c234
19374,0.21962066,0.41842818,0.3619511,c1
16115,0.20339914,0.33520272,0.46139815,c5
8705,0.22163497,0.39912432,0.37924078,c1
16553,0.3413508,0.3099963,0.34865296,c5
2239,0.16211584,0.61160874,0.22627537,c234
3344,0.34524688,0.2987354,0.3560177,c5
18941,0.4337382,0.30058604,0.2656758,c1
3930,0.2986622,0.43606278,0.26527506,c1
5859,0.34146562,0.3527751,0.30575928,c1
3499,0.24862544,0.49087143,0.2605031,c1
7171,0.55268466,0.27924642,0.16806892,c234
3081,0.4424782,0.35983476,0.19768696,c1
18576,0.5502737,0.3377963,0.11192992,c1
6931,0.3556121,0.32515666,0.31923127,c1
8181,0.31096667,0.38680264,0.3022307,c1
7230,0.31156272,0.34814414,0.34029314,c5
5126,0.25176254,0.36373016,0.3845072,c5
19392,0.3569291,0.41001883,0.23305212,c1
7569,0.33158237,0.3022762,0.36614144,c1
7458,0.2621161,0.43441337,0.30347052,c5
4466,0.5323583,0.34152,0.12612167,c234
14670,0.20326157,0.41518465,0.38155374,c5
4096,0.25814232,0.3493898,0.39246786,c1
1075,0.4388131,0.31974226,0.24144465,c234
186,0.3213492,0.38483402,0.2938168,c234
16412,0.15703316,0.31312528,0.52984154,c5
12452,0.29075545,0.33699366,0.37225085,c1
8590,0.23049936,0.27403125,0.49546945,c5
13429,0.19738024,0.41414335,0.38847637,c1
8167,0.5630104,0.30249715,0.13449247,c1
18400,0.30201256,0.3890905,0.30889696,c234
13455,0.24652158,0.36337253,0.39010593,c234
6370,0.16899948,0.28017157,0.550829,c1
854,0.14204505,0.3521512,0.50580376,c234
7187,0.3053719,0.37152672,0.32310143,c1
15131,0.33540177,0.19160815,0.4729901,c5
18538,0.21940584,0.26335722,0.5172369,c1
16471,0.18782602,0.22364163,0.5885323,c5
13559,0.1872483,0.32484898,0.48790267,c234
18060,0.12710488,0.2393785,0.6335166,c5
19404,0.1608523,0.31002077,0.5291269,c5
9154,0.43896136,0.43347213,0.12756655,c5
937,0.19087572,0.32245138,0.48667294,c234
11495,0.23988149,0.35383752,0.40628102,c5
12833,0.20136082,0.19238818,0.60625106,c234
1337,0.12735173,0.2918923,0.5807559,c5
15286,0.35622913,0.36017165,0.2835992,c234
19017,0.3724041,0.48540276,0.14219308,c234
19826,0.42752373,0.30472583,0.26775044,c1
15175,0.26686206,0.35540375,0.3777342,c234
2765,0.5480873,0.34881657,0.10309608,c1
11279,0.21526869,0.22791281,0.55681854,c5
18404,0.44741935,0.30075714,0.25182346,c5
11853,0.17189316,0.42889065,0.39921618,c5
17110,0.43312755,0.39175156,0.17512092,c234
4243,0.3210244,0.3216785,0.35729712,c1
12506,0.34135494,0.2769336,0.38171145,c1
2815,0.20153262,0.34174582,0.45672154,c5
2166,0.26544124,0.40255624,0.33200252,c1
4989,0.16724153,0.25025696,0.58250153,c5
14113,0.49656907,0.30445254,0.1989784,c234
16055,0.4031683,0.37609643,0.22073524,c234
11980,0.51070505,0.24705575,0.24223916,c234
17454,0.36156178,0.2749553,0.36348295,c5
3679,0.3667534,0.34021506,0.29303154,c1
18456,0.28796056,0.35494092,0.3570985,c5
12357,0.17987575,0.2576835,0.56244075,c5
15550,0.45256805,0.31828782,0.22914408,c234
11032,0.35896477,0.3619409,0.27909434,c5
12233,0.1601003,0.28796518,0.5519345,c5
13656,0.4032007,0.31980923,0.27699012,c1
5941,0.28132945,0.39496928,0.32370123,c1
16468,0.33783677,0.31774473,0.34441847,c234
13478,0.16905747,0.35861647,0.472326,c5
5224,0.24549904,0.32628375,0.4282172,c1
5801,0.3957283,0.34427422,0.25999746,c1
17918,0.28674206,0.3554788,0.35777915,c5
12958,0.4667714,0.22523475,0.3079938,c1
249,0.2734743,0.3831473,0.34337837,c5
1023,0.5148419,0.3644582,0.12069989,c234
13627,0.23261112,0.40525,0.36213887,c5
2133,0.19191357,0.510797,0.29728937,c234
12188,0.23834594,0.41161728,0.35003674,c5
13336,0.4897357,0.3779807,0.13228355,c1
11401,0.37156916,0.29960364,0.3288272,c234
15278,0.2957821,0.342317,0.36190087,c5
10422,0.297573,0.33220705,0.37021998,c1
13239,0.3722744,0.34633544,0.2813901,c1
5977,0.24967174,0.34783173,0.40249652,c1
18087,0.20051254,0.33602062,0.46346688,c5
4424,0.2011199,0.29969835,0.49918166,c5
1250,0.21942495,0.4981567,0.28241843,c234
4040,0.419209,0.27226862,0.30852237,c234
326,0.3291873,0.33028913,0.34052357,c1
4849,0.45232788,0.3431341,0.204538,c234
3248,0.29013917,0.48097026,0.2288906,c234
9881,0.5253587,0.40483683,0.06980447,c1
951,0.17862788,0.30932415,0.51204795,c234
16429,0.19360843,0.29655117,0.5098403,c234
1558,0.4647802,0.3221382,0.21308157,c234
2806,0.29287928,0.16438107,0.54273957,c1
13477,0.23441264,0.39106968,0.37451768,c234
3639,0.5926457,0.32802138,0.07933295,c234
7636,0.37906393,0.27520466,0.3457314,c1
18850,0.3856962,0.37489843,0.2394054,c1
18311,0.18543473,0.3769376,0.43762764,c234
4950,0.23042981,0.39596906,0.37360117,c234
1618,0.4398603,0.4121362,0.14800343,c234
7433,0.45996842,0.36285907,0.17717251,c1
11579,0.29613996,0.31254965,0.3913104,c1
2679,0.20354198,0.3949087,0.40154934,c234
9456,0.62900794,0.21545678,0.15553524,c1
949,0.2639365,0.42694855,0.30911502,c234
15530,0.18506789,0.37867823,0.43625394,c234
9665,0.22998066,0.33562425,0.43439513,c5
18428,0.32769895,0.40211928,0.27018178,c234
10725,0.37781572,0.3391026,0.28308162,c234
5125,0.49308902,0.3184776,0.18843335,c234
7245,0.14573707,0.21616977,0.6380931,c5
17111,0.4767267,0.3358891,0.18738419,c1
17842,0.45473823,0.34286317,0.20239861,c234
9609,0.4119711,0.33695546,0.25107345,c234
1718,0.2617565,0.26749453,0.47074896,c234
15177,0.62900794,0.21545678,0.15553524,c1
13900,0.30524874,0.27768996,0.41706133,c234
7540,0.28223622,0.49777582,0.21998794,c234
12226,0.3020585,0.3185827,0.3793588,c5
18949,0.4110923,0.30064958,0.2882581,c5
13663,0.23171124,0.3387488,0.42953998,c5
15680,0.69898206,0.23890124,0.062116697,c1
16433,0.31812954,0.34633654,0.33553395,c234
6008,0.37985876,0.37461814,0.24552304,c234
16132,0.27003947,0.4228494,0.3071111,c5
11092,0.23693235,0.49504653,0.2680211,c5
1683,0.3373496,0.46837085,0.19427954,c234
5040,0.27509552,0.31727877,0.40762573,c1
709,0.39220846,0.37759954,0.230192,c1
3173,0.27631262,0.30313453,0.42055282,c5
6270,0.29734942,0.31238657,0.390264,c234
10280,0.22788505,0.29853427,0.47358075,c5
14362,0.20136082,0.19238818,0.60625106,c1
16783,0.21958354,0.26103336,0.51938313,c234
18895,0.36423823,0.43889114,0.19687063,c234
2305,0.2588243,0.27879146,0.4623842,c5
7357,0.21391596,0.37099656,0.41508746,c5
9545,0.2829731,0.42827815,0.28874877,c234
18089,0.1760817,0.26127005,0.5626483,c234
6396,0.46576685,0.25667423,0.27755898,c1
15350,0.39440048,0.36462057,0.24097896,c234
18788,0.18774918,0.265225,0.54702586,c5
11407,0.23120706,0.26044688,0.5083461,c5
18049,0.47083092,0.31847394,0.21069515,c1
10550,0.13494638,0.32698372,0.53806984,c234
17763,0.25853685,0.28799585,0.45346734,c1
192,0.33284855,0.27793613,0.38921526,c234
5989,0.416024,0.2970485,0.28692755,c1
7604,0.523509,0.35495773,0.12153323,c1
9174,0.34536877,0.39412645,0.2605048,c5
4689,0.10426587,0.30152118,0.59421295,c234
11577,0.40774077,0.3406575,0.2516018,c5
16614,0.5872435,0.2680097,0.14474684,c5
8560,0.3436972,0.18836094,0.46794188,c234
18254,0.41046044,0.30554095,0.28399858,c1
15694,0.32451665,0.39390355,0.28157982,c1
8878,0.2951545,0.34904885,0.35579664,c1
14618,0.28973752,0.33241764,0.37784484,c5
12971,0.38577396,0.41258505,0.20164104,c1
5016,0.23710957,0.3982079,0.36468256,c234
14220,0.43245152,0.34045914,0.22708936,c234
11062,0.17654637,0.34700766,0.4764459,c5
10408,0.24049039,0.34134182,0.41816783,c5
9766,0.38866284,0.41272226,0.19861491,c234
10855,0.37071812,0.38681424,0.24246763,c234
4017,0.4892457,0.32272556,0.18802875,c5
1083,0.25993758,0.3096381,0.43042433,c1
13893,0.39900908,0.4021612,0.19882973,c5
1731,0.2880923,0.35860404,0.35330367,c234
4352,0.27160603,0.39677462,0.33161938,c5
137,0.40054247,0.3273185,0.27213904,c234
16550,0.16062868,0.29270715,0.5466642,c5
18525,0.3738724,0.35613307,0.26999447,c1
16962,0.147421,0.33816075,0.5144182,c234
10246,0.28422377,0.4520668,0.2637094,c5
6107,0.34610632,0.36276197,0.29113176,c1
11288,0.1998275,0.31816512,0.4820073,c5
18481,0.24644467,0.33920527,0.41435006,c5
9450,0.23069584,0.2866017,0.4827024,c1
3966,0.3259634,0.40849072,0.26554585,c234
19551,0.37943652,0.31739265,0.30317077,c5
703,0.2020764,0.34735397,0.4505697,c234
1438,0.24144831,0.5663411,0.19221061,c1
14625,0.37031928,0.32599822,0.3036825,c1
17854,0.25768265,0.37285072,0.3694666,c1
8097,0.24917385,0.3678988,0.38292733,c5
10297,0.25866085,0.326071,0.4152681,c1
19891,0.71523637,0.2010614,0.08370227,c1
5381,0.40278146,0.29772297,0.29949558,c1
10684,0.21473926,0.42963156,0.35562912,c234
19496,0.21230242,0.35956678,0.42813084,c234
4632,0.30355597,0.41277242,0.28367162,c5
16746,0.38186452,0.3069323,0.31120324,c1
2998,0.16667254,0.48055443,0.35277295,c234
1507,0.39484206,0.3873103,0.21784763,c1
7949,0.18960568,0.27176616,0.53862816,c234
9532,0.38750595,0.40891013,0.20358391,c1
1913,0.21344283,0.22737798,0.5591792,c5
15689,0.6298353,0.26227355,0.10789112,c1
809,0.28265253,0.382856,0.3344915,c5
9071,0.3494798,0.38249615,0.2680241,c5
9586,0.22249524,0.4325418,0.344963,c1
17745,0.24851263,0.4053992,0.3460882,c5
425,0.5108919,0.33985797,0.14925016,c1
10466,0.45279574,0.4001512,0.14705305,c1
12662,0.27870706,0.41924614,0.30204684,c1
13222,0.23597555,0.40126532,0.36275914,c1
9335,0.4453449,0.31305537,0.24159974,c234
3234,0.3191448,0.4315884,0.24926677,c234
2015,0.4645246,0.44348776,0.09198764,c234
7488,0.45473823,0.34286317,0.20239861,c1
14568,0.1794526,0.41962045,0.40092695,c5
12513,0.47817993,0.2732137,0.24860641,c1
15051,0.3469216,0.2942619,0.35881653,c5
14440,0.29750437,0.3852832,0.31721246,c1
7300,0.3944159,0.31243604,0.29314804,c234
5576,0.28663853,0.36408275,0.3492787,c5
6064,0.34949207,0.32672548,0.32378247,c5
19698,0.2629139,0.38609666,0.35098946,c1
5854,0.14150433,0.6253445,0.23315111,c234
16428,0.23763399,0.35899442,0.4033716,c234
3728,0.22966643,0.29692006,0.47341344,c5
13610,0.19941412,0.36073387,0.43985206,c234
16256,0.265923,0.35505652,0.37902045,c234
16665,0.5067078,0.30842528,0.18486692,c5
18337,0.42671165,0.40938178,0.16390659,c1
12613,0.20616654,0.2220671,0.5717664,c5
6254,0.22155099,0.31669074,0.46175832,c1
9658,0.5620517,0.3009345,0.13701375,c1
16920,0.31543443,0.3384312,0.34613436,c234
15027,0.34741437,0.36469203,0.28789362,c5
13761,0.35673827,0.217684,0.4255778,c234
5427,0.36777502,0.29015553,0.34206945,c5
423,0.5167363,0.28080508,0.2024586,c1
14442,0.16827604,0.3652764,0.46644762,c234
7322,0.30457315,0.314156,0.38127092,c1
3603,0.18514116,0.4060571,0.4088017,c5
18345,0.2287577,0.30817926,0.46306306,c5
5794,0.281376,0.3274025,0.3912215,c5
12515,0.20013039,0.3384068,0.46146283,c234
19271,0.40070382,0.28259936,0.31669682,c5
5967,0.3408371,0.37714592,0.28201702,c234
11377,0.3759916,0.3889509,0.23505747,c1
11078,0.5546831,0.3528933,0.09242356,c1
7437,0.22553007,0.32433328,0.4501366,c5
13016,0.4766371,0.3090059,0.21435705,c1
3982,0.22465163,0.37286943,0.4024789,c234
11111,0.36134547,0.34624985,0.29240468,c5
3736,0.25712237,0.31616756,0.42671004,c1
5823,0.32888862,0.15262355,0.5184878,c5
10893,0.28906348,0.40857363,0.30236286,c5
17588,0.55466497,0.2953651,0.14996997,c5
6188,0.25545147,0.31828302,0.42626548,c234
215,0.40719587,0.31345052,0.27935365,c1
14374,0.5502737,0.3377963,0.11192992,c234
1234,0.4205618,0.34410244,0.2353357,c5
7344,0.4575807,0.29540932,0.24700996,c234
1508,0.08145524,0.2845316,0.6340131,c5
14021,0.60692334,0.2729772,0.12009948,c1
15491,0.21849182,0.28607994,0.49542832,c5
6734,0.19481744,0.3411566,0.46402594,c5
4246,0.3816718,0.2209539,0.39737433,c5
5004,0.61627686,0.23774189,0.14598128,c1
5359,0.34848145,0.3166747,0.33484384,c1
11201,0.32022035,0.31528443,0.36449528,c5
1983,0.35821608,0.47427854,0.16750544,c234
17582,0.31973943,0.33550164,0.34475896,c234
15129,0.2352102,0.40074065,0.36404914,c234
10253,0.42646945,0.4193441,0.15418653,c234
18765,0.4144062,0.30624238,0.2793514,c234
14497,0.34938413,0.33275893,0.31785694,c1
6570,0.25710732,0.32955524,0.41333744,c1
8133,0.20512527,0.23604469,0.5588301,c234
4412,0.45232788,0.3431341,0.204538,c234
19898,0.3358997,0.36814362,0.29595667,c1
13449,0.15798102,0.22967647,0.61234254,c1
691,0.16226265,0.3951083,0.44262913,c234
1392,0.24010095,0.5309134,0.22898561,c234
14026,0.42711323,0.33670235,0.23618442,c234
3031,0.37423816,0.30082396,0.32493782,c1
6958,0.33410498,0.384183,0.28171203,c234
898,0.14556032,0.35427776,0.50016195,c234
3710,0.3242765,0.36602825,0.30969524,c1
17485,0.35101414,0.39090037,0.2580855,c1
13180,0.4969916,0.3789343,0.124074124,c1
19201,0.25770268,0.35405478,0.38824248,c234
5789,0.17527457,0.36251146,0.462214,c5
9785,0.27687356,0.33155423,0.39157224,c5
2127,0.23407412,0.3808516,0.3850743,c5
13929,0.25532615,0.24337469,0.50129914,c5
15323,0.25545806,0.32649067,0.4180513,c234
1917,0.24519718,0.3934778,0.36132506,c234
15868,0.43250203,0.3374146,0.23008338,c234
5341,0.27264267,0.34656298,0.38079432,c234
7686,0.1878578,0.31920233,0.49293986,c5
1995,0.15700585,0.24354619,0.59944797,c5
14307,0.2386108,0.44534832,0.3160409,c234
6605,0.23477232,0.24808341,0.51714426,c1
19817,0.27286413,0.46626946,0.2608664,c234
16987,0.20394205,0.32201877,0.4740392,c5
191,0.32103527,0.45012602,0.22883871,c5
13747,0.2234787,0.32490218,0.45161915,c5
2570,0.21556918,0.31362668,0.47080407,c5
13510,0.27372316,0.33461085,0.39166602,c234
8321,0.4609926,0.2705791,0.2684283,c5
2357,0.19201636,0.2434012,0.5645824,c5
5054,0.42888525,0.30470765,0.26640704,c234
5665,0.24805258,0.56710196,0.18484549,c234
3949,0.18132165,0.40973413,0.40894422,c5
4613,0.3350741,0.31481022,0.3501157,c234
19538,0.2267901,0.39033666,0.3828732,c1
12165,0.46628883,0.36735323,0.16635795,c234
14444,0.21986464,0.43379602,0.34633934,c234
17983,0.44834858,0.36044708,0.19120432,c1
4103,0.42020416,0.35780123,0.22199461,c5
19024,0.26030582,0.3484549,0.3912393,c5
7500,0.43947476,0.39318272,0.16734254,c1
7220,0.22718892,0.27726322,0.49554783,c234
3251,0.2340708,0.5444364,0.2214928,c1
8988,0.25445157,0.33320656,0.41234186,c5
592,0.49237946,0.21490632,0.29271418,c234
4755,0.36219427,0.26494232,0.3728634,c234
5302,0.6380922,0.21509193,0.14681587,c5
9232,0.4628053,0.32778078,0.2094139,c234
15698,0.32713875,0.33977333,0.33308795,c1
16669,0.2585774,0.30928198,0.43214062,c5
9739,0.31242236,0.40095145,0.28662616,c234
12668,0.31543523,0.4102126,0.27435213,c234
10445,0.65005493,0.24219026,0.10775486,c234
9152,0.37313855,0.3383327,0.2885288,c1
4660,0.20495513,0.20963016,0.58541477,c5
12855,0.19275832,0.39754468,0.409697,c234
7978,0.20735179,0.42900345,0.36364478,c5
5884,0.21893609,0.29749116,0.48357275,c5
2628,0.47214428,0.3423578,0.1854979,c234
8815,0.33618367,0.3782043,0.28561202,c1
10723,0.26114857,0.39809933,0.3407521,c234
19451,0.2595847,0.22313473,0.5172806,c5
7845,0.23670638,0.2867135,0.4765801,c5
2346,0.28042692,0.3934632,0.32610986,c234
15139,0.34844398,0.3450173,0.30653867,c5
17496,0.27455685,0.3699411,0.355502,c234
