indice,fold,p_c1,p_c234,p_c5,rotulo,previsto
0,1,0.762502,0.18788843,0.04960955,c5,c1
1,5,0.2061077,0.54781514,0.24607712,c1,c234
2,3,0.59915733,0.26851642,0.13232623,c1,c1
3,5,0.5319608,0.34358552,0.12445361,c234,c1
4,1,0.27996862,0.40487325,0.31515807,c234,c234
5,4,0.31060135,0.4792225,0.21017621,c1,c234
6,2,0.048592683,0.25931242,0.69209486,c234,c5
7,4,0.41269413,0.4015624,0.18574353,c234,c1
8,3,0.1532927,0.25605583,0.5906515,c1,c5
9,3,0.2737013,0.5077184,0.2185803,c234,c234
10,4,0.21174909,0.4452189,0.34303206,c234,c234
11,2,0.33599967,0.4422297,0.22177067,c234,c234
12,3,0.11249821,0.28082514,0.60667664,c1,c5
13,4,0.350379,0.40600044,0.2436206,c234,c234
14,3,0.5879395,0.25466636,0.15739411,c234,c1
15,1,0.17572826,0.4278751,0.39639667,c5,c234
16,4,0.68293834,0.25297776,0.06408393,c234,c1
17,4,0.6233714,0.28704238,0.08958618,c1,c1
18,2,0.315761,0.3204009,0.3638382,c1,c5
19,2,0.73651356,0.19396915,0.06951733,c1,c1
20,1,0.047899496,0.26385608,0.6882444,c1,c5
21,3,0.44928333,0.3318069,0.21890977,c1,c1
22,3,0.18854472,0.45317948,0.35827574,c234,c234
23,5,0.10671461,0.31526387,0.5780215,c5,c5
24,1,0.2795405,0.39253458,0.32792488,c234,c234
25,2,0.2873003,0.51154333,0.20115638,c1,c234
26,4,0.20004377,0.2881279,0.51182836,c5,c5
27,4,0.6352526,0.25206986,0.11267759,c1,c1
28,5,0.36295176,0.4161262,0.22092204,c1,c234
29,2,0.5037493,0.2625568,0.23369394,c1,c1
30,3,0.33574703,0.34475958,0.31949335,c1,c234
31,4,0.13760552,0.36951232,0.4928821,c5,c5
32,1,0.2626497,0.44308886,0.29426143,c5,c234
33,1,0.15585968,0.44184023,0.40230012,c1,c234
34,5,0.061865382,0.33607808,0.60205656,c5,c5
35,2,0.19046159,0.4593542,0.3501842,c5,c234
36,5,0.3153029,0.2721069,0.41259015,c5,c5
37,3,0.07773102,0.3250303,0.5972387,c5,c5
38,2,0.22330257,0.31112438,0.465573,c5,c5
39,5,0.18958686,0.22829491,0.58211815,c5,c5
40,5,0.1301906,0.35815376,0.5116557,c234,c5
41,2,0.3730599,0.29371303,0.333227,c5,c1
42,3,0.22140412,0.44659394,0.33200198,c234,c234
43,2,0.04487741,0.18862984,0.7664927,c5,c5
44,2,0.30322552,0.48600435,0.21077019,c234,c234
45,4,0.39754423,0.35866937,0.24378642,c5,c1
46,3,0.6264495,0.25828972,0.11526078,c1,c1
47,4,0.16928326,0.38504136,0.44567543,c5,c5
48,4,0.569812,0.28821203,0.141976,c5,c1
49,4,0.3066441,0.41321442,0.28014147,c234,c234
50,3,0.12932613,0.22691904,0.64375484,c234,c5
51,4,0.16946355,0.30304328,0.5274931,c234,c5
52,1,0.060228743,0.21174493,0.72802633,c5,c5
53,4,0.5363721,0.34336132,0.12026661,c234,c1
54,2,0.28653857,0.277295,0.4361664,c5,c5
55,5,0.41895342,0.384735,0.1963116,c1,c1
56,3,0.037159707,0.1783535,0.7844868,c5,c5
57,1,0.34502423,0.44510683,0.20986897,c1,c234
58,5,0.23948783,0.26101092,0.4995012,c234,c5
59,1,0.53392303,0.3100122,0.1560648,c1,c1
60,3,0.19827665,0.3871657,0.4145577,c5,c5
61,5,0.2798348,0.33500275,0.3851624,c5,c5
62,3,0.3638566,0.4410162,0.19512726,c1,c234
63,3,0.33390597,0.34281415,0.3232799,c234,c234
64,2,0.49969274,0.36141208,0.13889524,c1,c1
65,2,0.6564391,0.27878633,0.0647745,c234,c1
66,1,0.4388403,0.40730023,0.1538595,c1,c1
67,3,0.24953699,0.46534362,0.28511938,c1,c234
68,3,0.380612,0.4080879,0.21130013,c234,c234
69,3,0.35477442,0.40713584,0.23808976,c234,c234
70,5,0.026736218,0.083548166,0.8897156,c5,c5
71,2,0.63043797,0.25156808,0.11799396,c1,c1
72,4,0.2770055,0.4338799,0.28911456,c234,c234
73,3,0.5036391,0.33277342,0.16358753,c1,c1
74,4,0.076577544,0.27721766,0.64620477,c234,c5
75,2,0.3466576,0.39770576,0.2556366,c234,c234
76,4,0.7055953,0.2187167,0.07568803,c234,c1
77,1,0.11635006,0.3578588,0.52579117,c234,c5
78,1,0.32042208,0.43903562,0.24054232,c234,c234
79,3,0.19954948,0.49837133,0.30207923,c234,c234
80,5,0.13915427,0.47653458,0.38431108,c1,c234
81,2,0.5519806,0.3336101,0.11440931,c1,c1
82,3,0.172882,0.3826202,0.44449782,c234,c5
83,4,0.15628414,0.4904045,0.35331136,c234,c234
84,5,0.11833656,0.32938075,0.5522827,c234,c5
85,4,0.3684855,0.40106285,0.23045163,c5,c234
86,2,0.15918675,0.4097858,0.43102744,c1,c5
87,4,0.68293834,0.25297776,0.06408393,c1,c1
88,4,0.2382583,0.4311142,0.33062744,c5,c234
89,2,0.11148341,0.31875184,0.5697647,c1,c5
90,5,0.2202452,0.50095624,0.27879858,c5,c234
91,2,0.4508488,0.41998085,0.12917034,c1,c1
92,5,0.45254186,0.2754791,0.27197903,c1,c1
93,2,0.21804136,0.42513612,0.3568225,c1,c234
94,4,0.43496653,0.36082008,0.20421343,c1,c1
95,2,0.6892078,0.22282629,0.08796589,c1,c1
96,2,0.4254474,0.36644533,0.20810723,c234,c1
97,3,0.1009789,0.42451477,0.4745063,c5,c5
98,3,0.1037921,0.270567,0.62564087,c5,c5
99,2,0.299809,0.3297333,0.37045768,c5,c5
100,4,0.46911743,0.38541475,0.1454678,c234,c1
101,3,0.25317377,0.3116182,0.435208,c234,c5
102,5,0.17184749,0.53360933,0.2945432,c234,c234
103,5,0.22958869,0.53007597,0.24033533,c5,c234
104,5,0.5223593,0.2795689,0.19807172,c234,c1
105,5,0.11856808,0.4174966,0.4639353,c1,c5
106,3,0.70499027,0.23286454,0.062145166,c1,c1
107,3,0.49263486,0.29241142,0.21495369,c234,c1
108,1,0.70847595,0.20756716,0.0839569,c5,c1
109,5,0.1826648,0.3387724,0.47856283,c234,c5
110,4,0.044367816,0.16225137,0.7933808,c5,c5
111,5,0.1165123,0.29352036,0.5899673,c5,c5
112,5,0.025452286,0.088642225,0.8859055,c234,c5
113,2,0.20991899,0.39055598,0.39952502,c5,c5
114,4,0.67133635,0.26232207,0.0663416,c1,c1
115,2,0.33416083,0.41258317,0.25325596,c234,c234
116,1,0.093386345,0.41730422,0.48930946,c5,c5
117,3,0.7325034,0.1779369,0.089559704,c1,c1
118,5,0.5759608,0.31971073,0.1043284,c5,c1
119,2,0.41441524,0.4022047,0.18338005,c234,c1
120,1,0.06769657,0.32893038,0.603373,c5,c5
121,4,0.2293024,0.38631308,0.38438448,c1,c234
122,5,0.58673525,0.31762305,0.095641695,c234,c1
123,5,0.66743743,0.26131642,0.07124616,c234,c1
124,5,0.66743743,0.26131642,0.07124616,c1,c1
125,4,0.310952,0.3265718,0.36247623,c5,c5
126,4,0.25216797,0.31292197,0.43491006,c234,c5
127,3,0.16028954,0.32506108,0.51464933,c5,c5
128,2,0.28865314,0.40320867,0.30813825,c234,c234
129,1,0.2979662,0.4772543,0.22477949,c1,c234
130,1,0.17278369,0.42183682,0.4053795,c234,c234
131,5,0.46122912,0.3771802,0.16159073,c5,c1
132,3,0.32912502,0.37682763,0.2940474,c234,c234
133,1,0.122633934,0.4201657,0.45720035,c234,c5
134,2,0.4070312,0.36561838,0.22735038,c1,c1
135,4,0.5480988,0.2973784,0.1545229,c1,c1
136,5,0.3015585,0.463096,0.23534547,c1,c234
137,3,0.46661112,0.3145324,0.21885648,c234,c1
138,4,0.05306859,0.19696926,0.74996215,c5,c5
139,1,0.074056216,0.4512193,0.4747245,c234,c5
140,3,0.059098437,0.22514145,0.7157602,c234,c5
141,3,0.17840844,0.42052224,0.40106925,c5,c234
142,5,0.36579266,0.41230223,0.2219051,c234,c234
143,1,0.62772626,0.29347405,0.07879968,c5,c1
144,5,0.5315006,0.34182474,0.1266747,c1,c1
145,4,0.18645489,0.25225374,0.5612914,c1,c5
146,1,0.34587884,0.41525337,0.23886783,c1,c234
147,2,0.07510574,0.30880666,0.6160876,c5,c5
148,3,0.18499176,0.43667883,0.37832946,c1,c234
149,2,0.19238195,0.40499207,0.402626,c234,c234
150,5,0.31997457,0.44712415,0.23290128,c234,c234
151,4,0.15982696,0.368807,0.471366,c234,c5
152,2,0.60570407,0.30509743,0.08919851,c1,c1
153,1,0.108692266,0.26490992,0.6263978,c5,c5
154,3,0.45230988,0.26196867,0.28572133,c5,c1
155,5,0.14110656,0.43442664,0.42446676,c234,c234
156,4,0.46430027,0.3523167,0.18338293,c5,c1
157,5,0.39577046,0.26946405,0.33476546,c5,c1
158,5,0.66743743,0.26131642,0.07124616,c1,c1
159,3,0.29649085,0.35392296,0.3495862,c5,c234
160,1,0.10152119,0.33910924,0.5593696,c5,c5
161,4,0.52608114,0.31541985,0.15849903,c234,c1
162,4,0.24155746,0.30687827,0.4515643,c1,c5
163,4,0.15412216,0.29893348,0.5469443,c234,c5
164,4,0.16685711,0.34391844,0.4892245,c1,c5
165,1,0.21464494,0.34878612,0.4365689,c234,c5
166,1,0.38562647,0.4435554,0.17081809,c1,c234
167,2,0.38955826,0.34250638,0.26793537,c1,c1
168,3,0.17766227,0.547773,0.27456474,c5,c234
169,4,0.5999399,0.289515,0.110545054,c1,c1
170,2,0.2949562,0.47280818,0.23223557,c5,c234
171,2,0.28837687,0.4605718,0.25105128,c234,c234
172,5,0.13306314,0.31135115,0.55558574,c5,c5
173,5,0.5672159,0.32510898,0.10767515,c234,c1
174,1,0.51167375,0.3612401,0.12708613,c1,c1
175,5,0.5149647,0.34878296,0.13625233,c1,c1
176,5,0.19922477,0.35672072,0.4440545,c5,c5
177,4,0.4225749,0.36597607,0.21144901,c5,c1
178,1,0.5404573,0.31450608,0.14503658,c1,c1
179,4,0.06676377,0.27713382,0.6561024,c234,c5
180,3,0.21127288,0.3013258,0.4874014,c234,c5
181,5,0.29218447,0.41429052,0.29352504,c1,c234
182,5,0.14335951,0.47120672,0.38543373,c1,c234
183,3,0.15828273,0.30231744,0.5393998,c234,c5
184,5,0.12735939,0.334076,0.5385646,c234,c5
185,4,0.698195,0.23538758,0.06641742,c5,c1
186,1,0.4087832,0.43818575,0.15303105,c234,c234
187,5,0.22522861,0.38284624,0.39192516,c5,c5
188,1,0.602704,0.3062569,0.091039136,c234,c1
189,3,0.29363337,0.31061223,0.3957544,c234,c5
190,1,0.68490505,0.24173385,0.07336108,c1,c1
191,4,0.3143019,0.40209642,0.2836017,c5,c234
192,5,0.2287534,0.40854442,0.3627022,c234,c234
193,4,0.4448421,0.4133245,0.14183338,c234,c1
194,1,0.40775615,0.37849635,0.21374747,c234,c1
195,2,0.5186537,0.3006986,0.18064772,c234,c1
196,4,0.42233098,0.27062145,0.30704755,c1,c1
197,2,0.619731,0.28373355,0.096535474,c1,c1
198,4,0.29233503,0.39139202,0.31627288,c234,c234
199,1,0.15389219,0.25473684,0.591371,c234,c5
200,5,0.1033372,0.47805974,0.41860312,c234,c234
201,4,0.5641099,0.28472772,0.15116237,c5,c1
202,2,0.06121443,0.2742101,0.66457546,c5,c5
203,1,0.27240047,0.50667953,0.22092001,c5,c234
204,4,0.09832605,0.27321574,0.6284582,c1,c5
205,5,0.10458299,0.25508133,0.6403357,c234,c5
206,4,0.68293834,0.25297776,0.06408393,c1,c1
207,4,0.20103085,0.31436068,0.48460844,c5,c5
208,5,0.17902306,0.34931412,0.4716629,c5,c5
209,4,0.22022721,0.3184206,0.46135217,c5,c5
210,4,0.1099731,0.32024407,0.56978285,c5,c5
211,5,0.26732388,0.29533672,0.43733937,c1,c5
212,4,0.0735777,0.18981647,0.7366058,c1,c5
213,4,0.2935803,0.36979747,0.33662227,c1,c234
214,1,0.23227322,0.51293576,0.254791,c1,c234
215,4,0.6148091,0.25352123,0.13166966,c1,c1
216,3,0.6450769,0.29136294,0.06356015,c1,c1
217,1,0.5754697,0.32457745,0.099952824,c234,c1
218,5,0.4037797,0.41904518,0.17717516,c5,c234
219,3,0.11910807,0.33067942,0.55021256,c234,c5
220,2,0.11593088,0.41901478,0.46505433,c5,c5
221,4,0.056169596,0.17145608,0.77237433,c5,c5
222,4,0.15347137,0.31787664,0.528652,c5,c5
223,2,0.28133336,0.44705206,0.27161458,c5,c234
224,5,0.25284335,0.46083996,0.28631672,c5,c234
225,1,0.13787293,0.3785478,0.48357934,c234,c5
226,5,0.10255874,0.38216993,0.51527125,c234,c5
227,2,0.5746781,0.2806576,0.14466427,c1,c1
228,3,0.20993972,0.5083132,0.2817471,c1,c234
229,4,0.2477197,0.49566555,0.2566148,c1,c234
230,5,0.25021392,0.43678677,0.31299928,c234,c234
231,4,0.19856878,0.47506422,0.32636708,c1,c234
232,5,0.39577046,0.26946405,0.33476546,c1,c1
233,5,0.59566903,0.28206623,0.12226479,c234,c1
234,3,0.37335274,0.381228,0.24541923,c234,c234
235,1,0.36469445,0.3400571,0.29524845,c234,c1
236,2,0.1405426,0.28595594,0.57350147,c234,c5
237,4,0.23411605,0.44907242,0.31681156,c234,c234
238,3,0.18346979,0.4397989,0.37673137,c234,c234
239,5,0.25950992,0.37277597,0.3677141,c5,c234
240,2,0.28492424,0.47887966,0.23619607,c234,c234
241,3,0.3480359,0.3965729,0.25539118,c1,c234
242,1,0.09689609,0.43172112,0.47138277,c5,c5
243,3,0.13302034,0.2981238,0.5688558,c5,c5
244,4,0.56822085,0.34196135,0.08981784,c234,c1
245,2,0.058979895,0.19533311,0.74568707,c5,c5
246,3,0.6936651,0.192765,0.11356995,c1,c1
247,3,0.1405432,0.32879332,0.5306635,c1,c5
248,4,0.13278514,0.4289497,0.43826514,c1,c5
249,5,0.1368045,0.32053563,0.5426598,c5,c5
250,1,0.08862698,0.24910729,0.6622657,c5,c5
251,3,0.18771942,0.31467798,0.49760264,c5,c5
252,4,0.25879848,0.3604923,0.38070926,c234,c5
253,3,0.16511607,0.4189707,0.41591328,c234,c234
254,5,0.2712747,0.35404652,0.37467873,c234,c5
255,3,0.51322895,0.3118977,0.17487334,c5,c1
256,1,0.13431528,0.30569184,0.55999297,c5,c5
257,4,0.64053744,0.27548334,0.08397921,c234,c1
258,5,0.03677592,0.10048116,0.8627429,c5,c5
259,2,0.31448013,0.34768635,0.33783352,c5,c234
260,3,0.4751724,0.34744203,0.17738564,c5,c1
261,2,0.17150174,0.26808447,0.56041384,c1,c5
262,2,0.40760073,0.42601627,0.16638294,c5,c234
263,4,0.41269413,0.4015624,0.18574353,c5,c1
264,3,0.19057386,0.53317434,0.27625182,c234,c234
265,1,0.22681072,0.33557302,0.4376163,c234,c5
266,5,0.21406999,0.5071728,0.27875718,c234,c234
267,1,0.09780094,0.50105876,0.4011403,c5,c234
268,2,0.17230982,0.39163843,0.43605173,c5,c5
269,2,0.7134658,0.2326344,0.053899795,c1,c1
270,1,0.25091723,0.44242093,0.30666184,c234,c234
271,1,0.45288727,0.38539404,0.16171865,c1,c1
272,1,0.23969415,0.5533737,0.20693216,c1,c234
273,2,0.30966017,0.31545946,0.3748804,c5,c5
274,3,0.2923455,0.37927112,0.32838336,c234,c234
275,2,0.22330257,0.31112438,0.465573,c5,c5
276,3,0.06630613,0.2672876,0.6664063,c234,c5
277,4,0.34958377,0.32254344,0.32787284,c5,c1
278,3,0.20241539,0.32175568,0.4758289,c5,c5
279,5,0.50907147,0.32814005,0.16278848,c234,c1
280,2,0.22960056,0.42665255,0.34374687,c5,c234
281,4,0.3699485,0.4426623,0.18738925,c5,c234
282,5,0.18277411,0.47663313,0.3405928,c1,c234
283,3,0.16011308,0.2843023,0.5555846,c5,c5
284,3,0.310978,0.27380553,0.41521645,c5,c5
285,4,0.2590604,0.3107865,0.43015313,c5,c5
286,5,0.18487246,0.51747596,0.29765156,c234,c234
287,1,0.208989,0.31820375,0.47280726,c1,c5
288,1,0.39366153,0.36983335,0.23650514,c1,c1
289,4,0.6836755,0.25179434,0.064530104,c234,c1
290,3,0.32677823,0.5370918,0.13613,c1,c234
291,5,0.31720448,0.49460548,0.18818997,c234,c234
292,2,0.5052443,0.3186925,0.17606317,c234,c1
293,3,0.32861534,0.24576125,0.4256234,c5,c5
294,4,0.08464414,0.2128408,0.702515,c5,c5
295,2,0.21094115,0.2981268,0.49093205,c1,c5
296,4,0.5124304,0.31347913,0.17409046,c1,c1
297,4,0.09551912,0.4690151,0.43546575,c5,c234
298,5,0.13417314,0.38757992,0.47824693,c234,c5
299,4,0.5573921,0.3222986,0.120309286,c1,c1
300,1,0.44803816,0.42058477,0.1313771,c1,c1
301,4,0.34558025,0.44841668,0.20600304,c234,c234
302,5,0.29999056,0.4928831,0.20712627,c234,c234
303,2,0.14649026,0.252372,0.60113776,c5,c5
304,2,0.3001431,0.33461925,0.36523768,c5,c5
305,1,0.15690579,0.36588725,0.47720695,c234,c5
306,5,0.41821235,0.38438272,0.1974049,c234,c1
307,3,0.18362902,0.331982,0.484389,c5,c5
308,2,0.052165616,0.24644972,0.70138466,c1,c5
309,5,0.10780352,0.38463044,0.507566,c1,c5
310,5,0.34309405,0.46496385,0.19194217,c1,c234
311,3,0.3710853,0.3848445,0.24407023,c5,c234
312,1,0.40795878,0.35913897,0.23290233,c234,c1
313,2,0.64564705,0.22653279,0.12782013,c1,c1
314,5,0.19593762,0.39619157,0.40787086,c234,c5
315,4,0.12415846,0.2259327,0.64990884,c5,c5
316,2,0.1715502,0.32620144,0.50224835,c5,c5
317,3,0.08122676,0.18519938,0.73357385,c5,c5
318,5,0.42800382,0.39923576,0.1727604,c234,c1
319,1,0.24244499,0.32519177,0.43236324,c234,c5
320,4,0.36801058,0.423681,0.20830843,c5,c234
321,3,0.18650863,0.3073741,0.5061173,c5,c5
322,2,0.07472348,0.27533638,0.64994013,c5,c5
323,1,0.39800546,0.30413866,0.29785588,c234,c1
324,1,0.15188539,0.30461514,0.5434994,c5,c5
325,4,0.2686363,0.42082238,0.31054127,c1,c234
326,4,0.1878871,0.41735488,0.39475796,c1,c234
327,2,0.08244939,0.2487765,0.6687741,c5,c5
328,5,0.3586707,0.345689,0.29564032,c1,c1
329,5,0.3410664,0.321058,0.33787557,c5,c1
330,5,0.04941923,0.23353176,0.71704906,c1,c5
331,3,0.13203984,0.3002564,0.5677038,c1,c5
332,4,0.4086124,0.3019915,0.28939608,c1,c1
333,1,0.24244499,0.32519177,0.43236324,c5,c5
334,4,0.32510886,0.4405095,0.23438162,c234,c234
335,4,0.63141423,0.26208246,0.10650341,c1,c1
336,1,0.065399885,0.27601686,0.6585832,c5,c5
337,4,0.18663777,0.367387,0.44597524,c5,c5
338,5,0.17542154,0.37629575,0.44828278,c234,c5
339,4,0.52129084,0.31999594,0.15871327,c1,c1
340,2,0.6278456,0.24093582,0.13121858,c1,c1
341,3,0.2381884,0.5077036,0.25410798,c5,c234
342,4,0.14364477,0.2826539,0.5737013,c5,c5
343,1,0.21459731,0.46975467,0.31564796,c234,c234
344,4,0.048373617,0.11649644,0.8351299,c5,c5
345,3,0.39948386,0.37207592,0.22844018,c234,c1
346,4,0.046565734,0.2356159,0.7178184,c5,c5
347,4,0.19099514,0.33013088,0.478874,c5,c5
348,1,0.13776836,0.38998216,0.47224942,c5,c5
349,2,0.46693954,0.2511581,0.28190243,c5,c1
350,1,0.14893056,0.29284042,0.558229,c5,c5
351,3,0.086126976,0.31836408,0.59550893,c234,c5
352,5,0.5375508,0.2609918,0.2014574,c1,c1
353,5,0.4140689,0.38803324,0.19789788,c1,c1
354,3,0.47893664,0.40950626,0.11155716,c1,c1
355,1,0.44517636,0.33277115,0.22205251,c5,c1
356,3,0.40223265,0.39320284,0.20456448,c5,c1
357,2,0.6168662,0.30182245,0.0813113,c1,c1
358,5,0.5644183,0.28544033,0.15014131,c234,c1
359,4,0.37977293,0.42772052,0.19250654,c234,c234
360,1,0.4560852,0.33889237,0.20502238,c5,c1
361,1,0.2764181,0.49439532,0.22918661,c234,c234
362,3,0.30427495,0.42290822,0.27281687,c1,c234
363,1,0.2883234,0.46509057,0.24658598,c234,c234
364,3,0.16982271,0.25581476,0.5743626,c234,c5
365,2,0.2631057,0.31573346,0.42116088,c1,c5
366,5,0.73697823,0.19305183,0.06996997,c1,c1
367,2,0.39082095,0.46185073,0.14732833,c1,c234
368,4,0.06442066,0.326756,0.60882336,c5,c5
369,1,0.09701225,0.27592397,0.62706375,c5,c5
370,4,0.21476607,0.38614744,0.39908653,c5,c5
371,4,0.23515277,0.36479014,0.40005717,c5,c5
372,1,0.25332403,0.49356842,0.2531076,c234,c234
373,2,0.084987156,0.3426766,0.57233626,c5,c5
374,2,0.23535463,0.30575192,0.45889345,c234,c5
375,5,0.6151903,0.28921518,0.095594496,c1,c1
376,2,0.15278108,0.4070706,0.44014826,c1,c5
377,5,0.35984495,0.39714685,0.2430082,c1,c234
378,4,0.15598764,0.423191,0.42082134,c5,c234
379,3,0.09992736,0.33780238,0.5622702,c5,c5
380,2,0.103880934,0.2997833,0.5963358,c5,c5
381,3,0.56940544,0.34828308,0.08231149,c1,c1
382,1,0.14736268,0.42985737,0.42277998,c5,c234
383,2,0.2578723,0.4804182,0.26170948,c1,c234
384,3,0.049889915,0.15508513,0.79502505,c5,c5
385,2,0.20880274,0.5142745,0.27692276,c234,c234
386,4,0.1546238,0.2969195,0.5484567,c5,c5
387,3,0.4024355,0.43117094,0.16639361,c5,c234
388,5,0.111336865,0.43077582,0.45788726,c5,c5
389,5,0.5218142,0.3702928,0.107892975,c234,c1
390,2,0.07751016,0.18060192,0.74188787,c5,c5
391,1,0.20297685,0.36352775,0.43349534,c5,c5
392,1,0.5550799,0.27979395,0.16512614,c1,c1
393,4,0.28714457,0.35416526,0.35869014,c234,c5
394,3,0.6608712,0.26130873,0.077820025,c1,c1
395,4,0.100640774,0.2021369,0.6972223,c5,c5
396,2,0.35196146,0.428739,0.21929947,c234,c234
397,1,0.6930902,0.21905103,0.08785875,c1,c1
398,3,0.073333316,0.28757107,0.6390956,c5,c5
399,5,0.25740248,0.39833227,0.34426528,c234,c234
400,4,0.41269413,0.4015624,0.18574353,c1,c1
401,4,0.4439304,0.41117033,0.14489928,c234,c1
402,2,0.19825263,0.44113317,0.36061424,c234,c234
403,4,0.60684246,0.29839867,0.09475888,c234,c1
404,5,0.11938239,0.32562608,0.55499154,c5,c5
405,3,0.14861673,0.4083452,0.44303814,c234,c5
406,3,0.57915705,0.3568083,0.06403471,c1,c1
407,1,0.6208322,0.2600999,0.11906787,c1,c1
408,5,0.34062162,0.36367586,0.2957025,c5,c234
409,2,0.46693954,0.2511581,0.28190243,c1,c1
410,3,0.53304243,0.28871554,0.17824198,c234,c1
411,1,0.15003712,0.40378112,0.44618177,c5,c5
412,3,0.24910635,0.32714948,0.4237442,c1,c5
413,5,0.57705605,0.27796453,0.1449794,c1,c1
414,2,0.06847784,0.23924468,0.69227743,c234,c5
415,1,0.070850626,0.30806175,0.6210876,c234,c5
416,1,0.5844781,0.30575535,0.10976656,c1,c1
417,3,0.0814816,0.2694277,0.6490907,c234,c5
418,5,0.23949206,0.44972986,0.31077814,c234,c234
419,1,0.18885708,0.3118672,0.4992757,c1,c5
420,1,0.16822866,0.27421343,0.5575579,c5,c5
421,2,0.3994082,0.44318527,0.15740651,c1,c234
422,1,0.18623672,0.503778,0.30998525,c1,c234
423,1,0.44093636,0.3642573,0.19480635,c1,c1
424,3,0.24891353,0.26717567,0.4839108,c1,c5
425,3,0.38245705,0.42869774,0.18884525,c1,c234
426,3,0.66269726,0.2559608,0.08134195,c1,c1
427,1,0.09100441,0.30974874,0.59924686,c1,c5
428,2,0.41841382,0.44220287,0.13938332,c1,c234
429,4,0.5545642,0.29015532,0.15528052,c1,c1
430,5,0.47871175,0.3982248,0.123063475,c234,c1
431,1,0.0584751,0.31835946,0.6231654,c5,c5
432,1,0.50895804,0.3889951,0.102046855,c234,c1
433,5,0.21953313,0.5536607,0.2268062,c234,c234
434,1,0.077586785,0.26062095,0.66179234,c5,c5
435,3,0.24665119,0.29730028,0.4560485,c1,c5
436,2,0.5197568,0.3137129,0.16653033,c1,c1
437,5,0.52996707,0.34939003,0.12064285,c1,c1
438,4,0.5834576,0.3068068,0.10973555,c234,c1
439,1,0.06479278,0.23384103,0.70136625,c5,c5
440,2,0.529767,0.34129253,0.12894052,c1,c1
441,3,0.10378379,0.3937853,0.5024309,c1,c5
442,5,0.23466511,0.31712842,0.4482065,c1,c5
443,3,0.35247394,0.34962425,0.29790178,c234,c1
444,3,0.19745876,0.3924061,0.41013515,c234,c5
445,3,0.035139155,0.10348164,0.8613792,c5,c5
446,4,0.21626729,0.43410757,0.3496252,c1,c234
447,2,0.49683672,0.36496073,0.13820256,c234,c1
448,2,0.38253945,0.3362532,0.2812074,c234,c1
449,4,0.08616827,0.4179675,0.49586418,c5,c5
450,4,0.18150437,0.46872216,0.34977344,c5,c234
451,5,0.52111834,0.31490448,0.16397716,c1,c1
452,2,0.33399752,0.4387636,0.22723885,c5,c234
453,1,0.08722806,0.25166437,0.6611076,c234,c5
454,2,0.7045,0.24416625,0.051333718,c1,c1
455,1,0.1520316,0.42983225,0.41813615,c5,c234
456,4,0.17794456,0.4932436,0.32881182,c5,c234
457,2,0.30072066,0.46107006,0.23820926,c234,c234
458,4,0.3217818,0.38893738,0.2892808,c1,c234
459,2,0.25344795,0.49251556,0.25403646,c234,c234
460,5,0.31104663,0.49930117,0.1896522,c1,c234
461,4,0.6075059,0.30741832,0.08507571,c5,c1
462,5,0.116679616,0.30816126,0.57515913,c234,c5
463,2,0.12923962,0.33768633,0.5330741,c1,c5
464,3,0.4488894,0.37579438,0.17531615,c234,c1
465,3,0.18085018,0.51532,0.30382985,c5,c234
466,5,0.14004588,0.37542328,0.4845308,c5,c5
467,3,0.61030924,0.24918956,0.14050117,c234,c1
468,3,0.20061712,0.42057908,0.37880376,c1,c234
469,1,0.2434185,0.39520374,0.36137778,c1,c234
470,1,0.67418617,0.2520326,0.0737812,c234,c1
471,4,0.2750234,0.3221734,0.40280318,c5,c5
472,3,0.39570078,0.4461492,0.15815003,c1,c234
473,5,0.15240236,0.37563717,0.47196046,c234,c5
474,1,0.1613311,0.31928238,0.5193865,c5,c5
475,3,0.25343215,0.4592426,0.2873253,c1,c234
476,5,0.82111293,0.14206237,0.036824692,c1,c1
477,1,0.13835995,0.49100786,0.37063217,c234,c234
478,2,0.5357856,0.32563552,0.13857882,c1,c1
479,5,0.1932374,0.38345495,0.4233076,c1,c5
480,1,0.16134241,0.33791247,0.5007452,c234,c5
481,5,0.32788923,0.3226482,0.3494626,c234,c5
482,5,0.14205581,0.4496924,0.40825182,c5,c234
483,4,0.14119095,0.41185442,0.44695458,c5,c5
484,5,0.2121974,0.28371438,0.5040882,c1,c5
485,3,0.38845545,0.44406348,0.167481,c5,c234
486,5,0.07024742,0.25770828,0.67204434,c1,c5
487,1,0.61024624,0.3137446,0.07600923,c234,c1
488,3,0.116151415,0.37659267,0.5072559,c234,c5
489,5,0.42275074,0.3985946,0.17865464,c5,c1
490,5,0.18079412,0.320261,0.4989449,c5,c5
491,1,0.4278308,0.37982446,0.19234474,c234,c1
492,2,0.17011188,0.359161,0.47072715,c234,c5
493,1,0.30755755,0.44325304,0.24918936,c1,c234
494,1,0.3213018,0.35849273,0.32020545,c234,c234
495,1,0.7299648,0.19154172,0.0784935,c234,c1
496,3,0.3228537,0.2728561,0.40429023,c234,c5
497,3,0.3244307,0.4386476,0.23692167,c5,c234
498,3,0.2923455,0.37927112,0.32838336,c234,c234
499,5,0.10912107,0.52904385,0.3618351,c1,c234
500,4,0.10917201,0.369234,0.52159405,c234,c5
501,4,0.6741352,0.2591815,0.06668327,c1,c1
502,1,0.1367279,0.32223868,0.5410334,c5,c5
503,5,0.29633746,0.45209512,0.2515674,c1,c234
504,3,0.6303889,0.23926865,0.13034242,c1,c1
505,4,0.15660352,0.46366692,0.3797296,c5,c234
506,2,0.46694514,0.3578445,0.17521034,c5,c1
507,4,0.5021308,0.27893257,0.21893668,c234,c1
508,4,0.4570217,0.3693853,0.17359298,c234,c1
509,3,0.31962276,0.27176368,0.4086135,c234,c5
510,3,0.29427576,0.27605024,0.429674,c5,c5
511,5,0.108319335,0.35222948,0.53945124,c5,c5
512,5,0.6512375,0.22894098,0.11982153,c1,c1
513,3,0.13632767,0.2925071,0.57116514,c5,c5
514,3,0.14816792,0.38095537,0.4708767,c234,c5
515,3,0.229435,0.50254107,0.26802397,c5,c234
516,2,0.34926027,0.37385917,0.27688053,c234,c234
517,2,0.5375398,0.35956794,0.10289226,c5,c1
518,3,0.13632767,0.2925071,0.57116514,c234,c5
519,2,0.5559644,0.322916,0.12111962,c1,c1
520,2,0.54835665,0.3236042,0.12803915,c1,c1
521,4,0.54280907,0.30959016,0.14760083,c1,c1
522,2,0.6218236,0.24910179,0.12907463,c1,c1
523,2,0.20031679,0.30377334,0.49590987,c5,c5
524,3,0.55170006,0.33654317,0.11175677,c5,c1
525,5,0.106886454,0.20256265,0.6905509,c5,c5
526,4,0.18799052,0.2821964,0.5298131,c5,c5
527,2,0.38173905,0.42435578,0.19390514,c1,c234
528,5,0.21465845,0.36093634,0.42440528,c1,c5
529,3,0.6224735,0.31195036,0.06557619,c1,c1
530,1,0.33315933,0.44729677,0.21954393,c5,c234
531,5,0.14136173,0.37784213,0.4807961,c5,c5
532,5,0.18624803,0.43696913,0.37678292,c1,c234
533,4,0.28863642,0.28928012,0.4220835,c5,c5
534,2,0.24440098,0.433358,0.32224095,c1,c234
535,3,0.22172712,0.47853747,0.2997354,c1,c234
536,4,0.68293834,0.25297776,0.06408393,c234,c1
537,4,0.7672312,0.17783822,0.05493054,c5,c1
538,3,0.22174235,0.30038783,0.4778698,c5,c5
539,3,0.3868435,0.39514804,0.21800847,c1,c234
540,4,0.14788117,0.32680959,0.5253092,c5,c5
541,4,0.07783734,0.28054264,0.64162,c234,c5
542,5,0.11581334,0.4132085,0.47097817,c234,c5
543,5,0.31497857,0.42613265,0.2588888,c234,c234
544,4,0.13332607,0.40381303,0.4628609,c234,c5
545,5,0.12913923,0.3175227,0.5533381,c1,c5
546,1,0.61740685,0.2553706,0.1272226,c1,c1
547,5,0.2564279,0.3278562,0.4157158,c1,c5
548,4,0.23446701,0.42967445,0.3358585,c234,c234
549,5,0.3046604,0.49760085,0.19773877,c1,c234
550,3,0.14392002,0.36274356,0.49333638,c5,c5
551,1,0.6478702,0.27606392,0.076065935,c234,c1
552,5,0.5671275,0.29750848,0.13536395,c1,c1
553,5,0.1836089,0.28523082,0.5311603,c234,c5
554,3,0.14133804,0.40096694,0.4576951,c5,c5
555,3,0.18758346,0.41394275,0.3984738,c234,c234
556,5,0.5391223,0.2686008,0.19227691,c234,c1
557,1,0.654894,0.26885104,0.07625498,c1,c1
558,3,0.087453365,0.2657175,0.6468291,c5,c5
559,2,0.106004916,0.3546052,0.53938985,c1,c5
560,5,0.44491166,0.4311179,0.1239705,c1,c1
561,1,0.68793106,0.19738446,0.11468448,c234,c1
562,4,0.5799369,0.3449882,0.07507487,c1,c1
563,1,0.046900857,0.27656612,0.676533,c5,c5
564,5,0.4510664,0.2731518,0.27578187,c1,c1
565,5,0.2122784,0.38419887,0.40352264,c234,c5
566,1,0.66950256,0.2633608,0.06713667,c234,c1
567,1,0.65216076,0.27856293,0.069276355,c234,c1
568,1,0.76050204,0.18819796,0.05129995,c1,c1
569,2,0.28464177,0.29760188,0.41775638,c5,c5
570,2,0.08211673,0.17409597,0.7437873,c5,c5
571,3,0.24936005,0.25242263,0.49821734,c5,c5
572,1,0.56568074,0.34402537,0.090293825,c5,c1
573,4,0.5368006,0.31737483,0.14582454,c1,c1
574,2,0.08683319,0.3074748,0.605692,c234,c5
575,3,0.17273657,0.32572228,0.50154114,c5,c5
576,5,0.076640286,0.30924764,0.6141121,c234,c5
577,1,0.137112,0.27624792,0.58664006,c5,c5
578,5,0.080860324,0.2966426,0.6224971,c5,c5
579,3,0.6402547,0.28515854,0.074586816,c1,c1
580,3,0.32578793,0.40278575,0.27142626,c5,c234
581,5,0.5056256,0.3640107,0.13036364,c234,c1
582,3,0.7325034,0.1779369,0.089559704,c1,c1
583,5,0.16534829,0.29447743,0.5401743,c5,c5
584,4,0.15873156,0.39934343,0.441925,c1,c5
585,2,0.36451602,0.40299022,0.23249377,c234,c234
586,2,0.24194391,0.42942038,0.3286357,c234,c234
587,2,0.81997615,0.12519604,0.054827783,c1,c1
588,3,0.38816184,0.40038565,0.21145253,c1,c234
589,5,0.25373203,0.4714658,0.27480224,c1,c234
590,1,0.1613311,0.31928238,0.5193865,c5,c5
591,3,0.31913152,0.38832062,0.29254785,c234,c234
592,5,0.43537238,0.27628383,0.28834376,c234,c1
593,2,0.15131235,0.27372384,0.57496387,c234,c5
594,4,0.57603246,0.31322166,0.110745884,c1,c1
595,1,0.45714325,0.3440698,0.19878685,c1,c1
596,1,0.18136849,0.44452894,0.3741025,c1,c234
597,4,0.24292393,0.44154617,0.31552994,c1,c234
598,3,0.47010624,0.34638086,0.1835129,c5,c1
599,3,0.41834792,0.33733383,0.24431825,c1,c1
600,3,0.36640584,0.27578536,0.35780883,c5,c1
601,3,0.12013332,0.3927497,0.48711708,c234,c5
602,1,0.4110714,0.40425393,0.18467472,c5,c1
603,5,0.59453505,0.28029478,0.12517017,c5,c1
604,5,0.26402807,0.46397805,0.27199388,c234,c234
605,1,0.13083257,0.52125674,0.3479107,c234,c234
606,5,0.25862974,0.4737805,0.26758975,c1,c234
607,2,0.78115076,0.17270984,0.04613937,c5,c1
608,1,0.10254817,0.36820978,0.52924204,c1,c5
609,3,0.06222033,0.23400156,0.7037781,c5,c5
610,2,0.66491127,0.25709823,0.07799052,c1,c1
611,4,0.17914729,0.2618537,0.55899906,c5,c5
612,1,0.26972237,0.27642217,0.4538555,c5,c5
613,3,0.7450941,0.17220177,0.08270404,c1,c1
614,4,0.28237346,0.3209686,0.3966579,c234,c5
615,1,0.56715953,0.341823,0.09101742,c1,c1
616,1,0.0440588,0.18858817,0.767353,c5,c5
617,5,0.23098288,0.39262745,0.37638962,c234,c234
618,5,0.25354803,0.5316098,0.21484222,c1,c234
619,3,0.057745237,0.23187019,0.7103846,c5,c5
620,2,0.41065744,0.33031258,0.25903,c5,c1
621,4,0.41811368,0.35165748,0.23022881,c234,c1
622,2,0.16102077,0.43154562,0.40743363,c5,c234
623,4,0.37636793,0.39839816,0.2252339,c234,c234
624,4,0.42472667,0.3632658,0.2120075,c1,c1
625,1,0.2545051,0.28884566,0.45664924,c5,c5
626,2,0.2243374,0.50272125,0.27294138,c5,c234
627,5,0.6370091,0.2743047,0.08868619,c234,c1
628,1,0.5184558,0.3426156,0.1389286,c1,c1
629,4,0.05596051,0.2295836,0.7144559,c234,c5
630,3,0.25149298,0.41176677,0.33674026,c234,c234
631,4,0.100578874,0.362818,0.5366031,c234,c5
632,1,0.27261278,0.41134378,0.31604344,c1,c234
633,2,0.17059794,0.3436511,0.48575106,c1,c5
634,5,0.104070164,0.2885068,0.607423,c234,c5
635,3,0.47826546,0.38427365,0.13746095,c5,c1
636,1,0.06854386,0.44958872,0.48186746,c234,c5
637,1,0.48639566,0.292109,0.2214953,c1,c1
638,5,0.5211419,0.30146194,0.17739618,c1,c1
639,1,0.22008929,0.5488646,0.23104613,c1,c234
640,1,0.17608209,0.5127549,0.31116298,c5,c234
641,4,0.34105095,0.38432086,0.27462822,c1,c234
642,5,0.4418027,0.38694987,0.17124745,c5,c1
643,3,0.25854984,0.27373388,0.4677163,c234,c5
644,2,0.66631836,0.27752557,0.056156073,c5,c1
645,4,0.4188804,0.37861174,0.20250788,c234,c1
646,2,0.43845922,0.3915478,0.16999297,c234,c1
647,5,0.055417906,0.20164904,0.742933,c5,c5
648,2,0.64336747,0.27681026,0.07982223,c1,c1
649,5,0.27815104,0.29952103,0.4223279,c234,c5
650,2,0.33920267,0.46818492,0.1926124,c5,c234
651,2,0.33921668,0.41195494,0.24882841,c1,c234
652,4,0.2715075,0.31236497,0.4161275,c1,c5
653,1,0.51276964,0.35701084,0.13021947,c234,c1
654,1,0.20078056,0.3795291,0.41969037,c234,c5
655,3,0.4805781,0.38851947,0.13090248,c234,c1
656,2,0.17507654,0.40360162,0.42132187,c5,c5
657,2,0.4039537,0.4164206,0.17962575,c234,c234
658,2,0.26448876,0.40608835,0.3294229,c1,c234
659,4,0.09773418,0.2748394,0.6274264,c234,c5
660,5,0.08899111,0.32758877,0.5834201,c5,c5
661,1,0.16691312,0.2759585,0.55712837,c5,c5
662,3,0.23523949,0.46305704,0.3017034,c1,c234
663,3,0.26047146,0.2642344,0.47529408,c5,c5
664,3,0.23872824,0.40862647,0.35264528,c1,c234
665,2,0.35716873,0.4297772,0.213054,c5,c234
666,4,0.21564856,0.40982893,0.37452254,c234,c234
667,4,0.08124764,0.19636586,0.72238654,c5,c5
668,5,0.24765705,0.49330702,0.2590359,c1,c234
669,5,0.17663266,0.25969535,0.563672,c5,c5
670,5,0.179497,0.36615226,0.45435074,c234,c5
671,1,0.25470376,0.30348524,0.44181105,c234,c5
672,1,0.098447345,0.4339461,0.4676066,c234,c5
673,1,0.09010901,0.3908428,0.5190482,c234,c5
674,1,0.43601394,0.39126998,0.17271602,c1,c1
675,5,0.4279371,0.34306055,0.2290023,c5,c1
676,5,0.12615927,0.31392878,0.5599119,c1,c5
677,4,0.31197083,0.34277737,0.34525174,c1,c5
678,1,0.38325787,0.29062557,0.32611653,c5,c1
679,2,0.28993887,0.52703214,0.18302895,c234,c234
680,5,0.403128,0.29288968,0.30398226,c1,c1
681,2,0.17090622,0.33298823,0.4961056,c1,c5
682,4,0.17282668,0.40409684,0.42307648,c1,c5
683,4,0.44840857,0.30359367,0.24799773,c5,c1
684,2,0.5040168,0.39997756,0.096005596,c234,c1
685,5,0.17219312,0.44315922,0.3846476,c5,c234
686,4,0.20362557,0.2710391,0.5253353,c5,c5
687,2,0.25096378,0.41074985,0.3382863,c234,c234
688,3,0.29718527,0.38268965,0.32012507,c1,c234
689,1,0.23335977,0.45289811,0.31374207,c234,c234
690,3,0.6939961,0.21176022,0.09424373,c5,c1
691,3,0.14688542,0.3341374,0.51897717,c234,c5
692,1,0.56317717,0.3090574,0.1277654,c5,c1
693,5,0.090631776,0.4026291,0.50673914,c234,c5
694,2,0.45727023,0.31845495,0.22427483,c5,c1
695,5,0.5222327,0.3311823,0.146585,c234,c1
696,4,0.22443716,0.37867078,0.396892,c234,c5
697,2,0.1575915,0.30536428,0.5370443,c234,c5
698,3,0.05060611,0.110831134,0.8385628,c5,c5
699,2,0.22983067,0.29244572,0.47772357,c5,c5
700,4,0.118266866,0.3586398,0.5230934,c234,c5
701,1,0.24268302,0.46675703,0.29055995,c5,c234
702,2,0.2490344,0.47275734,0.2782082,c234,c234
703,5,0.17289415,0.45396107,0.3731448,c234,c234
704,5,0.6690649,0.23650376,0.09443136,c1,c1
705,5,0.5131795,0.34143418,0.14538641,c1,c1
706,1,0.6687938,0.23334014,0.09786615,c234,c1
707,1,0.36162886,0.34339836,0.29497278,c1,c1
708,2,0.18901719,0.49135172,0.31963107,c5,c234
709,2,0.4796249,0.4318265,0.08854858,c1,c1
710,4,0.1597498,0.3313254,0.5089248,c1,c5
711,2,0.15685464,0.35046986,0.49267554,c5,c5
712,2,0.23109776,0.45685196,0.3120503,c1,c234
713,4,0.23169374,0.30595067,0.46235564,c234,c5
714,5,0.2195141,0.3396997,0.44078624,c5,c5
715,2,0.3229341,0.26410255,0.4129634,c234,c5
716,2,0.34019116,0.28606784,0.37374094,c234,c5
717,2,0.22057483,0.34629354,0.4331316,c5,c5
718,5,0.10259865,0.31897163,0.57842964,c5,c5
719,3,0.40425223,0.42927498,0.16647282,c5,c234
720,1,0.3499282,0.4849236,0.16514814,c1,c234
721,5,0.18723834,0.3130298,0.49973193,c5,c5
722,3,0.0722338,0.25107652,0.6766897,c234,c5
723,4,0.6775892,0.2536287,0.0687821,c234,c1
724,3,0.30806065,0.3682955,0.32364383,c5,c234
725,3,0.2548072,0.36907157,0.37612125,c234,c5
726,3,0.090374775,0.3667205,0.54290473,c5,c5
727,4,0.29108286,0.29543224,0.41348493,c1,c5
728,1,0.7200989,0.20754954,0.07235156,c1,c1
729,5,0.28964883,0.321916,0.38843518,c1,c5
730,2,0.087743856,0.19530496,0.7169512,c5,c5
731,3,0.15257806,0.40267724,0.44474474,c5,c5
732,2,0.44300064,0.37253204,0.18446736,c1,c1
733,2,0.29098046,0.45292678,0.25609282,c1,c234
734,3,0.15854076,0.24909186,0.59236735,c234,c5
735,1,0.45442438,0.30570123,0.23987441,c234,c1
736,1,0.31900853,0.43306243,0.24792907,c5,c234
737,5,0.2636361,0.31860813,0.41775575,c234,c5
738,3,0.11163656,0.3627505,0.5256129,c5,c5
739,3,0.59074116,0.29842436,0.1108345,c1,c1
740,5,0.053245712,0.25827342,0.68848085,c234,c5
741,2,0.20327762,0.37470716,0.4220152,c5,c5
742,5,0.57451063,0.3257518,0.09973753,c1,c1
743,1,0.2368728,0.4611776,0.30194965,c234,c234
744,5,0.32384488,0.3134218,0.36273333,c5,c5
745,4,0.15439141,0.28197014,0.5636384,c1,c5
746,1,0.27562279,0.49225125,0.232126,c5,c234
747,5,0.5504794,0.32254532,0.12697531,c1,c1
748,2,0.22330257,0.31112438,0.465573,c1,c5
749,3,0.29772198,0.28270453,0.4195735,c234,c5
750,1,0.14447874,0.25915384,0.5963674,c5,c5
751,5,0.20136736,0.38231474,0.4163179,c5,c5
752,1,0.563662,0.33011833,0.10621969,c234,c1
753,1,0.70702714,0.21705718,0.07591572,c1,c1
754,2,0.4419725,0.39924014,0.15878738,c5,c1
755,2,0.6188292,0.27734938,0.10382149,c1,c1
756,2,0.13120592,0.26476434,0.6040297,c234,c5
757,4,0.27494308,0.46490484,0.26015207,c234,c234
758,1,0.64849204,0.21637078,0.13513719,c5,c1
759,3,0.07891167,0.34732562,0.5737627,c1,c5
760,5,0.66743743,0.26131642,0.07124616,c234,c1
761,4,0.81738055,0.13699877,0.045620747,c1,c1
762,2,0.2513524,0.290497,0.45815054,c1,c5
763,4,0.41269413,0.4015624,0.18574353,c1,c1
764,1,0.27940682,0.38614622,0.33444697,c234,c234
765,3,0.5838848,0.32005107,0.09606414,c1,c1
766,4,0.56295455,0.3046961,0.13234934,c234,c1
767,1,0.63697445,0.29949296,0.063532636,c5,c1
768,1,0.06690131,0.4032696,0.5298291,c1,c5
769,3,0.13741553,0.28432593,0.5782586,c5,c5
770,1,0.37147,0.45181322,0.17671674,c234,c234
771,3,0.110283226,0.300477,0.5892398,c5,c5
772,4,0.08440123,0.28552568,0.6300731,c5,c5
773,4,0.10968798,0.31530738,0.57500464,c5,c5
774,4,0.57495487,0.30880487,0.116240196,c1,c1
775,2,0.60835344,0.24966775,0.14197883,c234,c1
776,1,0.45288727,0.38539404,0.16171865,c1,c1
777,2,0.6714128,0.25691667,0.07167052,c5,c1
778,1,0.07387627,0.32012138,0.60600233,c5,c5
779,3,0.41189098,0.4184284,0.16968061,c234,c234
780,4,0.201041,0.40108874,0.39787027,c5,c234
781,2,0.23387429,0.46160766,0.304518,c1,c234
782,4,0.33320707,0.36159354,0.30519935,c234,c234
783,3,0.35360125,0.46893272,0.17746611,c5,c234
784,2,0.12788323,0.48051,0.39160678,c234,c234
785,5,0.19686197,0.48486474,0.3182733,c1,c234
786,2,0.11873034,0.28474975,0.59651995,c234,c5
787,5,0.40487233,0.3557753,0.2393524,c1,c1
788,4,0.17788246,0.38185427,0.4402633,c234,c5
789,4,0.29115734,0.33760414,0.37123853,c234,c5
790,3,0.3303511,0.28135532,0.38829362,c234,c5
791,4,0.08242602,0.337831,0.57974297,c234,c5
792,5,0.12626877,0.4360124,0.43771887,c234,c5
793,2,0.2602288,0.25867692,0.48109427,c1,c5
794,4,0.2070875,0.44585204,0.3470604,c1,c234
795,2,0.3229341,0.26410255,0.4129634,c5,c5
796,5,0.0535625,0.2346615,0.71177596,c5,c5
797,4,0.052544232,0.18133268,0.76612306,c5,c5
798,5,0.5611755,0.32119563,0.11762878,c1,c1
799,1,0.20541422,0.47307646,0.32150933,c234,c234
800,3,0.3570117,0.35856217,0.28442615,c234,c234
801,1,0.5252415,0.34009564,0.13466284,c234,c1
802,5,0.27483046,0.40173516,0.32343435,c5,c234
803,3,0.060606834,0.22236818,0.71702504,c234,c5
804,2,0.12719512,0.30857125,0.5642336,c5,c5
805,2,0.27400073,0.43364978,0.29234955,c1,c234
806,1,0.5239536,0.30322263,0.17282377,c1,c1
807,2,0.043328587,0.23377511,0.7228963,c5,c5
808,4,0.14386682,0.3687246,0.4874086,c234,c5
809,4,0.17503905,0.30961257,0.51534843,c5,c5
810,4,0.35191348,0.40641198,0.24167454,c5,c234
811,1,0.5229736,0.34053394,0.13649245,c1,c1
812,2,0.35995623,0.32618976,0.31385404,c1,c1
813,4,0.0863916,0.3360597,0.5775487,c5,c5
814,4,0.11313023,0.20726709,0.6796026,c5,c5
815,1,0.4244818,0.42681998,0.14869823,c1,c234
816,3,0.48716918,0.3567797,0.15605114,c5,c1
817,3,0.23943262,0.3182439,0.4423235,c5,c5
818,3,0.24487905,0.44406867,0.31105232,c5,c234
819,2,0.39702204,0.41321573,0.18976218,c5,c234
820,1,0.45046985,0.30899897,0.24053118,c5,c1
821,4,0.14683087,0.40078774,0.4523814,c234,c5
822,4,0.14756598,0.5262413,0.3261927,c1,c234
823,2,0.0698845,0.16059333,0.76952213,c5,c5
824,5,0.5607876,0.27932665,0.15988575,c1,c1
825,5,0.30118322,0.34049594,0.3583208,c234,c5
826,1,0.14332402,0.32129475,0.53538126,c5,c5
827,1,0.26101315,0.47240302,0.26658386,c5,c234
828,5,0.48394033,0.39827287,0.117786735,c234,c1
829,5,0.20723948,0.3032666,0.4894939,c1,c5
830,2,0.40011796,0.45245314,0.14742894,c5,c234
831,4,0.14454071,0.2382419,0.6172174,c234,c5
832,2,0.7456454,0.1767176,0.07763693,c1,c1
833,1,0.6347444,0.27623507,0.08902053,c234,c1
834,2,0.15259925,0.41490903,0.43249175,c234,c5
835,1,0.12169869,0.3829056,0.49539572,c5,c5
836,3,0.30915985,0.4166553,0.2741848,c234,c234
837,2,0.46694514,0.3578445,0.17521034,c234,c1
838,3,0.1961159,0.38103464,0.42284948,c5,c5
839,4,0.06610886,0.12299606,0.8108951,c5,c5
840,5,0.49741024,0.3015197,0.20107007,c5,c1
841,1,0.5958146,0.30711117,0.09707427,c234,c1
842,4,0.08396939,0.28024173,0.63578886,c5,c5
843,1,0.41889673,0.33511707,0.24598627,c5,c1
844,4,0.08632308,0.20799032,0.70568657,c5,c5
845,4,0.33131546,0.42796972,0.24071483,c1,c234
846,4,0.3681592,0.42694184,0.20489895,c234,c234
847,1,0.23778443,0.43617958,0.326036,c1,c234
848,2,0.108920895,0.23963204,0.65144706,c234,c5
849,5,0.18814331,0.34448907,0.4673676,c5,c5
850,1,0.563662,0.33011833,0.10621969,c1,c1
851,1,0.121656045,0.44002974,0.43831426,c5,c234
852,1,0.18697947,0.29826394,0.51475656,c1,c5
853,5,0.19636007,0.5734825,0.23015745,c5,c234
854,1,0.16626525,0.40666658,0.4270682,c234,c5
855,2,0.50088996,0.40110308,0.09800698,c234,c1
856,2,0.11965338,0.28532183,0.59502476,c1,c5
857,2,0.18306768,0.43937105,0.3775613,c234,c234
858,3,0.43205607,0.38871348,0.17923048,c1,c1
859,5,0.27181703,0.44890338,0.27927962,c5,c234
860,1,0.56306887,0.34097698,0.095954165,c1,c1
861,5,0.5927461,0.32148466,0.085769266,c1,c1
862,1,0.762502,0.18788843,0.04960955,c234,c1
863,1,0.17416818,0.30344406,0.52238774,c1,c5
864,3,0.28458965,0.41727218,0.2981382,c1,c234
865,1,0.22787003,0.36556044,0.4065695,c5,c5
866,1,0.057359476,0.23769037,0.70495015,c5,c5
867,1,0.20485578,0.3692292,0.425915,c5,c5
868,3,0.43954882,0.35879308,0.20165816,c1,c1
869,5,0.4927053,0.3413703,0.1659244,c1,c1
870,1,0.3767451,0.3748185,0.24843642,c1,c1
871,1,0.046206355,0.29181933,0.66197425,c5,c5
872,1,0.17038025,0.31105244,0.5185673,c234,c5
873,2,0.2387371,0.40388083,0.35738206,c5,c234
874,2,0.3359115,0.41901934,0.24506909,c234,c234
875,3,0.47066164,0.39286867,0.13646966,c1,c1
876,5,0.12129096,0.37351122,0.5051978,c5,c5
877,2,0.117080644,0.42008242,0.46283692,c5,c5
878,5,0.2701528,0.52149653,0.2083506,c5,c234
879,5,0.25971296,0.30508417,0.4352029,c234,c5
880,3,0.20198329,0.31795835,0.48005837,c1,c5
881,2,0.15042436,0.44613364,0.40344194,c234,c234
882,4,0.12839383,0.28712335,0.5844828,c1,c5
883,3,0.41965005,0.29685083,0.28349918,c5,c1
884,2,0.29152137,0.4522618,0.25621676,c234,c234
885,4,0.06613338,0.20029622,0.7335704,c5,c5
886,5,0.26121363,0.5563492,0.18243718,c5,c234
887,3,0.28361198,0.28192064,0.43446732,c234,c5
888,5,0.31265295,0.39441106,0.292936,c1,c234
889,4,0.05893076,0.24862318,0.69244605,c5,c5
890,5,0.43964177,0.29879576,0.26156247,c1,c1
891,5,0.17255875,0.36361626,0.463825,c5,c5
892,5,0.13860817,0.50257105,0.35882074,c234,c234
893,2,0.10119806,0.32097924,0.5778227,c234,c5
894,3,0.16971993,0.44584435,0.3844357,c1,c234
895,1,0.14750537,0.280104,0.5723906,c5,c5
896,3,0.51970154,0.35436243,0.12593605,c1,c1
897,4,0.15904741,0.41344506,0.42750752,c1,c5
898,3,0.23306496,0.3408714,0.42606366,c234,c5
899,1,0.0722409,0.4433943,0.48436484,c5,c5
900,5,0.14824717,0.403076,0.44867682,c5,c5
901,5,0.20537774,0.5111147,0.28350753,c234,c234
902,3,0.4753096,0.38983527,0.13485509,c1,c1
903,2,0.25212684,0.27441707,0.47345608,c5,c5
904,4,0.5363721,0.34336132,0.12026661,c1,c1
905,2,0.5294633,0.2835397,0.18699697,c1,c1
906,3,0.17697531,0.35982034,0.46320438,c5,c5
907,3,0.34429532,0.4181481,0.23755664,c234,c234
908,5,0.36654007,0.38104832,0.25241157,c5,c234
909,2,0.1185414,0.1790193,0.70243937,c5,c5
910,4,0.44228867,0.41468108,0.14303032,c5,c1
911,4,0.14034905,0.3712177,0.4884332,c5,c5
912,1,0.44443348,0.38086402,0.17470251,c5,c1
913,2,0.06144584,0.21726017,0.7212939,c1,c5
914,4,0.38996768,0.35016268,0.25986964,c5,c1
915,5,0.34383142,0.45295203,0.20321663,c1,c234
916,5,0.29877904,0.43384624,0.26737466,c234,c234
917,3,0.14982103,0.2822701,0.5679089,c5,c5
918,5,0.15102914,0.34251672,0.5064541,c1,c5
919,4,0.27513546,0.36271983,0.3621447,c1,c234
920,5,0.33905527,0.45358318,0.20736153,c234,c234
921,4,0.40353972,0.2716523,0.3248079,c234,c1
922,2,0.14160676,0.32083437,0.53755885,c234,c5
923,5,0.07395949,0.28400066,0.64203984,c234,c5
924,1,0.07589931,0.3241842,0.59991646,c234,c5
925,5,0.1913863,0.40934068,0.39927304,c1,c234
926,4,0.10874377,0.29326007,0.5979961,c5,c5
927,2,0.71013576,0.21233831,0.077525936,c5,c1
928,4,0.080012165,0.3191699,0.6008179,c234,c5
929,4,0.6184666,0.27220747,0.10932588,c1,c1
930,5,0.66743743,0.26131642,0.07124616,c1,c1
931,4,0.55007344,0.28298077,0.16694577,c1,c1
932,3,0.0927816,0.34548375,0.5617346,c234,c5
933,2,0.12799896,0.28760627,0.5843948,c234,c5
934,4,0.32450035,0.45419616,0.22130351,c234,c234
935,1,0.14592662,0.34598142,0.508092,c5,c5
936,4,0.06060955,0.2578372,0.6815532,c5,c5
937,2,0.3450277,0.2533383,0.401634,c234,c5
938,1,0.20818716,0.4369822,0.35483062,c234,c234
939,5,0.41310787,0.4198183,0.16707376,c1,c234
940,3,0.50231993,0.38380444,0.11387557,c1,c1
941,4,0.6008072,0.28608385,0.11310903,c1,c1
942,5,0.18032686,0.40518406,0.41448903,c1,c5
943,2,0.12797672,0.30543023,0.56659305,c5,c5
944,1,0.45186383,0.30967155,0.23846458,c1,c1
945,5,0.5991243,0.29171374,0.109161936,c5,c1
946,3,0.47218138,0.2618798,0.26593888,c1,c1
947,3,0.048632625,0.17029972,0.78106767,c5,c5
948,2,0.4107488,0.39617223,0.19307894,c234,c1
949,4,0.22981189,0.4732156,0.29697245,c234,c234
950,2,0.37148768,0.41295993,0.21555242,c234,c234
951,3,0.12311511,0.34884363,0.5280413,c234,c5
952,3,0.33105302,0.48884672,0.1801003,c234,c234
953,4,0.14107138,0.3454244,0.5135042,c1,c5
954,2,0.4113231,0.3670013,0.22167559,c1,c1
955,1,0.22300577,0.39861986,0.3783744,c234,c234
956,3,0.0671591,0.18643656,0.74640435,c5,c5
957,1,0.64618057,0.2392595,0.11455997,c1,c1
958,3,0.14053328,0.3533869,0.5060798,c1,c5
959,3,0.10802163,0.43918443,0.4527939,c1,c5
960,2,0.34986988,0.43931752,0.2108126,c5,c234
961,1,0.7577465,0.18831895,0.053934526,c234,c1
962,5,0.47647408,0.2636162,0.2599097,c5,c1
963,4,0.5112865,0.27903557,0.20967793,c234,c1
964,4,0.34854037,0.40748495,0.24397469,c1,c234
965,4,0.2703681,0.42023933,0.3093926,c234,c234
966,3,0.6306905,0.27206907,0.09724041,c1,c1
967,4,0.11923474,0.2964447,0.5843205,c1,c5
968,1,0.16747075,0.35985506,0.47267422,c5,c5
969,5,0.2476878,0.43142802,0.32088414,c5,c234
970,3,0.42004257,0.40528458,0.17467283,c1,c1
971,5,0.3204926,0.4639576,0.21554974,c5,c234
972,2,0.33120736,0.41084418,0.25794852,c1,c234
973,4,0.43626305,0.35333973,0.21039724,c1,c1
974,3,0.14658171,0.33348724,0.5199311,c5,c5
975,5,0.41591543,0.41117024,0.17291434,c1,c1
976,3,0.32058963,0.38341752,0.2959929,c1,c234
977,1,0.07356817,0.2399286,0.68650323,c5,c5
978,5,0.08423331,0.3559366,0.5598301,c234,c5
979,5,0.3950883,0.29655385,0.3083578,c5,c1
980,2,0.20479748,0.24860598,0.5465966,c5,c5
981,2,0.45993847,0.3190571,0.22100438,c5,c1
982,4,0.41269413,0.4015624,0.18574353,c1,c1
983,1,0.12527686,0.2550705,0.6196526,c234,c5
984,5,0.5827359,0.29018816,0.12707594,c1,c1
985,5,0.66461897,0.2632481,0.07213294,c1,c1
986,5,0.4731663,0.4001031,0.12673065,c234,c1
987,3,0.32865033,0.3188306,0.35251907,c1,c5
988,5,0.19146882,0.3225736,0.48595762,c234,c5
989,2,0.18189469,0.46132,0.35678524,c234,c234
990,5,0.4848366,0.3402518,0.1749116,c234,c1
991,2,0.11002602,0.3379951,0.55197895,c1,c5
992,2,0.23603037,0.3128803,0.45108938,c234,c5
993,1,0.563662,0.33011833,0.10621969,c234,c1
994,1,0.15486063,0.43922246,0.40591696,c5,c234
995,2,0.3395422,0.31729564,0.34316215,c1,c5
996,4,0.29630697,0.38095364,0.3227394,c234,c234
997,2,0.45056614,0.4117503,0.13768356,c234,c1
998,5,0.66743743,0.26131642,0.07124616,c234,c1
999,1,0.06972722,0.31333604,0.6169368,c5,c5
1000,4,0.2284199,0.40172216,0.36985797,c234,c234
1001,5,0.10038549,0.4814916,0.41812292,c234,c234
1002,5,0.09706572,0.34463233,0.558302,c1,c5
1003,2,0.727083,0.210614,0.062302988,c234,c1
1004,2,0.21658923,0.31584796,0.46756285,c1,c5
1005,1,0.5768201,0.32415974,0.099020146,c234,c1
1006,5,0.3231519,0.48051137,0.19633676,c1,c234
1007,5,0.22004165,0.4006876,0.3792708,c5,c234
1008,4,0.6741352,0.2591815,0.06668327,c1,c1
1009,2,0.06251089,0.28228274,0.6552063,c234,c5
1010,3,0.1062365,0.2265767,0.6671868,c5,c5
1011,1,0.29138428,0.5286603,0.17995545,c234,c234
1012,1,0.24812399,0.48794279,0.26393324,c234,c234
1013,4,0.23304768,0.415351,0.3516013,c1,c234
1014,3,0.19261837,0.2134956,0.593886,c5,c5
1015,3,0.34211728,0.31485596,0.34302682,c234,c5
1016,5,0.34150663,0.40131396,0.25717944,c1,c234
1017,5,0.18402147,0.4483963,0.3675822,c5,c234
1018,2,0.5841397,0.30328128,0.11257906,c234,c1
1019,3,0.42236334,0.30341956,0.2742171,c1,c1
1020,2,0.35929027,0.28058514,0.36012456,c1,c5
1021,4,0.41269413,0.4015624,0.18574353,c1,c1
1022,3,0.21910757,0.25962558,0.5212668,c234,c5
1023,3,0.5906738,0.31645933,0.09286681,c234,c1
1024,2,0.25147203,0.4343986,0.31412935,c234,c234
1025,4,0.26873222,0.29202673,0.43924105,c5,c5
1026,1,0.34660828,0.3253898,0.32800192,c5,c1
1027,2,0.39053378,0.37870318,0.23076306,c1,c1
1028,2,0.74011177,0.19793794,0.0619503,c1,c1
1029,5,0.22557402,0.47631764,0.29810834,c1,c234
1030,4,0.44560832,0.2891499,0.2652417,c5,c1
1031,2,0.076852776,0.27080882,0.6523384,c5,c5
1032,4,0.4490199,0.40441963,0.1465605,c1,c1
1033,5,0.32174256,0.2900167,0.38824072,c1,c5
1034,2,0.2600145,0.40036556,0.33961996,c1,c234
1035,2,0.5600464,0.33503187,0.10492175,c234,c1
1036,4,0.121205196,0.32487705,0.5539177,c5,c5
1037,5,0.46173406,0.40204394,0.136222,c234,c1
1038,5,0.21861799,0.5401608,0.24122122,c1,c234
1039,1,0.25474706,0.44775045,0.29750246,c5,c234
1040,2,0.3256477,0.28526852,0.38908377,c5,c5
1041,3,0.033510182,0.11813867,0.8483511,c5,c5
1042,1,0.11372903,0.4865949,0.39967614,c1,c234
1043,5,0.22577426,0.4071311,0.36709464,c234,c234
1044,3,0.19189256,0.33247253,0.4756349,c1,c5
1045,3,0.36171097,0.44134197,0.19694713,c1,c234
1046,1,0.3869812,0.3899925,0.22302629,c234,c234
1047,2,0.18376961,0.37495932,0.44127107,c234,c5
1048,1,0.35774344,0.46720523,0.17505132,c5,c234
1049,2,0.15455915,0.35997546,0.48546544,c1,c5
1050,2,0.34703955,0.37496448,0.2779959,c1,c234
1051,2,0.3152901,0.42305386,0.26165602,c5,c234
1052,4,0.41269413,0.4015624,0.18574353,c234,c1
1053,1,0.44840485,0.28988326,0.2617119,c1,c1
1054,5,0.25190592,0.5186471,0.22944698,c5,c234
1055,4,0.14720674,0.35455605,0.49823722,c234,c5
1056,1,0.62698656,0.29918346,0.073829986,c1,c1
1057,1,0.7694577,0.17392522,0.056617096,c234,c1
1058,4,0.22439805,0.40336716,0.37223482,c234,c234
1059,4,0.069510944,0.29995802,0.6305311,c5,c5
1060,2,0.21759023,0.43559173,0.346818,c234,c234
1061,3,0.17723861,0.2894745,0.53328687,c5,c5
1062,3,0.4249166,0.36593786,0.20914558,c5,c1
1063,1,0.14745265,0.40189573,0.45065165,c234,c5
1064,5,0.5283702,0.29790148,0.17372827,c1,c1
1065,2,0.22952308,0.37837335,0.39210355,c5,c5
1066,1,0.13918166,0.426101,0.43471733,c234,c5
1067,3,0.28984734,0.49364918,0.21650343,c234,c234
1068,3,0.16144209,0.45923248,0.37932542,c5,c234
1069,1,0.6267592,0.29070613,0.08253469,c234,c1
1070,5,0.504878,0.28383386,0.21128818,c1,c1
1071,3,0.31574368,0.45505092,0.22920536,c5,c234
1072,2,0.46492726,0.2881518,0.24692099,c1,c1
1073,4,0.37517038,0.3014027,0.32342693,c1,c1
1074,1,0.5742161,0.26926112,0.1565227,c1,c1
1075,1,0.63661265,0.2357456,0.1276418,c234,c1
1076,4,0.6051654,0.29880252,0.096032,c1,c1
1077,1,0.4704557,0.38233775,0.14720653,c5,c1
1078,2,0.17238012,0.37918797,0.44843182,c1,c5
1079,3,0.32402778,0.36742377,0.30854848,c5,c234
1080,1,0.5823748,0.29971227,0.1179129,c5,c1
1081,2,0.14074743,0.4536732,0.4055794,c234,c234
1082,3,0.26282603,0.38101172,0.35616225,c1,c234
1083,5,0.20069131,0.30356216,0.49574658,c1,c5
1084,5,0.35635567,0.4171309,0.22651345,c1,c234
1085,2,0.68722194,0.24519737,0.067580625,c234,c1
1086,5,0.47005948,0.31064767,0.21929285,c1,c1
1087,5,0.5378526,0.3181618,0.14398561,c234,c1
1088,1,0.34374636,0.42972273,0.22653091,c234,c234
1089,5,0.5550014,0.3472262,0.09777242,c1,c1
1090,4,0.69284755,0.22556709,0.08158536,c1,c1
1091,1,0.6458387,0.24944933,0.10471201,c5,c1
1092,1,0.08647427,0.31561548,0.5979103,c234,c5
1093,1,0.35906202,0.31675538,0.32418263,c5,c1
1094,4,0.41269413,0.4015624,0.18574353,c1,c1
1095,4,0.17929971,0.38274136,0.4379589,c1,c5
1096,4,0.053112645,0.24039964,0.70648766,c5,c5
1097,1,0.2459037,0.53123456,0.2228617,c5,c234
1098,5,0.13618578,0.3126851,0.5511291,c234,c5
1099,1,0.4614934,0.38221803,0.15628858,c234,c1
1100,4,0.17793456,0.49575108,0.3263143,c234,c234
1101,2,0.2923698,0.3703126,0.33731756,c5,c234
1102,3,0.20254442,0.3869038,0.41055185,c234,c5
1103,4,0.27357015,0.47887212,0.24755765,c1,c234
1104,3,0.04145355,0.21292205,0.7456244,c5,c5
1105,3,0.08147502,0.24691918,0.6716057,c5,c5
1106,2,0.059475444,0.29039928,0.6501252,c234,c5
1107,4,0.07952204,0.21722138,0.7032565,c234,c5
1108,1,0.15424298,0.29220197,0.5535551,c234,c5
1109,1,0.043681365,0.23883529,0.71748334,c234,c5
1110,2,0.20685042,0.41703403,0.3761155,c1,c234
1111,1,0.32361105,0.46064642,0.21574256,c234,c234
1112,2,0.23196366,0.41190776,0.35612854,c5,c234
1113,4,0.26086572,0.37531862,0.36381567,c234,c234
1114,1,0.34380582,0.41982797,0.23636617,c1,c234
1115,4,0.14638309,0.23218414,0.62143284,c1,c5
1116,5,0.66743743,0.26131642,0.07124616,c234,c1
1117,3,0.050904322,0.2325234,0.7165723,c5,c5
1118,3,0.5838848,0.32005107,0.09606414,c1,c1
1119,1,0.5281023,0.37954295,0.092354804,c1,c1
1120,4,0.08282992,0.23705758,0.6801125,c234,c5
1121,1,0.09233617,0.3353688,0.57229507,c234,c5
1122,3,0.41436347,0.33751312,0.24812339,c234,c1
1123,4,0.41269413,0.4015624,0.18574353,c234,c1
1124,5,0.51732,0.37334007,0.109340005,c234,c1
1125,4,0.3376591,0.4046935,0.2576474,c1,c234
1126,5,0.11193135,0.32570788,0.56236076,c5,c5
1127,4,0.6560651,0.2588805,0.08505442,c5,c1
1128,4,0.18364802,0.43266106,0.38369095,c234,c234
1129,1,0.10132638,0.48981625,0.40885735,c234,c234
1130,5,0.47647408,0.2636162,0.2599097,c1,c1
1131,2,0.5077683,0.36343977,0.12879203,c1,c1
1132,5,0.2982589,0.44390294,0.25783816,c1,c234
1133,2,0.21197644,0.5008659,0.28715768,c234,c234
1134,1,0.07293849,0.22001185,0.7070496,c5,c5
1135,1,0.24774888,0.3024295,0.4498217,c234,c5
1136,5,0.22536306,0.34540397,0.42923295,c1,c5
1137,4,0.2073951,0.29859996,0.494005,c234,c5
1138,2,0.14966393,0.44031656,0.41001955,c234,c234
1139,5,0.09693733,0.1857373,0.7173254,c5,c5
1140,1,0.08161876,0.34878364,0.56959766,c5,c5
1141,5,0.24478509,0.3102316,0.44498333,c1,c5
1142,4,0.60814315,0.31592444,0.07593243,c5,c1
1143,4,0.3989413,0.40591687,0.19514182,c1,c234
1144,1,0.08064891,0.2444156,0.67493546,c5,c5
1145,5,0.51722157,0.35962725,0.12315119,c234,c1
1146,5,0.24497552,0.48860654,0.26641798,c1,c234
1147,4,0.068264976,0.28909525,0.64263976,c234,c5
1148,2,0.5663628,0.32794574,0.10569145,c1,c1
1149,4,0.528961,0.34267128,0.12836772,c1,c1
1150,3,0.47640264,0.39916846,0.124428846,c1,c1
1151,3,0.33693147,0.41895983,0.24410877,c234,c234
1152,2,0.62997276,0.30198762,0.06803965,c5,c1
1153,5,0.25402933,0.30897197,0.4369987,c5,c5
1154,1,0.3462184,0.5107104,0.14307112,c1,c234
1155,5,0.116120525,0.3258271,0.5580524,c5,c5
1156,2,0.16775043,0.33606398,0.4961856,c234,c5
1157,2,0.19865768,0.2746162,0.5267261,c234,c5
1158,4,0.68975425,0.22938074,0.080864966,c234,c1
1159,5,0.44376633,0.36113197,0.19510168,c234,c1
1160,1,0.13009931,0.27591655,0.5939842,c5,c5
1161,2,0.45840043,0.41707277,0.12452674,c234,c1
1162,5,0.27482855,0.4561681,0.26900342,c5,c234
1163,3,0.27200615,0.4352752,0.29271865,c234,c234
1164,2,0.34087503,0.48777455,0.17135043,c5,c234
1165,2,0.17359471,0.28894743,0.5374578,c234,c5
1166,5,0.2673685,0.46159083,0.27104077,c5,c234
1167,5,0.52177554,0.3017364,0.17648803,c1,c1
1168,2,0.04458299,0.18271653,0.7727005,c234,c5
1169,3,0.15787704,0.4012874,0.44083557,c5,c5
1170,5,0.30056864,0.53474337,0.16468796,c5,c234
1171,3,0.4826154,0.3729363,0.14444824,c5,c1
1172,3,0.31407502,0.32836023,0.3575647,c5,c5
1173,1,0.20304412,0.5257571,0.27119878,c234,c234
1174,5,0.69884545,0.19208263,0.10907195,c1,c1
1175,5,0.08214507,0.23408096,0.683774,c5,c5
1176,3,0.32748434,0.45190033,0.22061536,c234,c234
1177,2,0.48136163,0.39770114,0.12093717,c1,c1
1178,4,0.7250252,0.21399026,0.06098455,c5,c1
1179,5,0.28583676,0.46758345,0.24657972,c5,c234
1180,4,0.028036093,0.15262926,0.81933475,c5,c5
1181,1,0.13935593,0.26542133,0.5952227,c234,c5
1182,5,0.16788344,0.47557744,0.35653907,c234,c234
1183,3,0.444062,0.37769952,0.17823848,c5,c1
1184,5,0.27045563,0.42408636,0.30545795,c234,c234
1185,2,0.35227475,0.42433482,0.22339047,c234,c234
1186,3,0.061193317,0.30797076,0.6308359,c5,c5
1187,3,0.21509045,0.3344833,0.45042625,c1,c5
1188,2,0.12172656,0.2579784,0.62029505,c234,c5
1189,4,0.53277963,0.33830413,0.1289162,c1,c1
1190,5,0.32549778,0.4488576,0.2256447,c234,c234
1191,1,0.39173844,0.28944984,0.31881174,c5,c1
1192,3,0.5039931,0.40309566,0.092911236,c1,c1
1193,4,0.284316,0.42973652,0.28594753,c1,c234
1194,2,0.10231355,0.29612637,0.6015601,c234,c5
1195,2,0.30008996,0.458792,0.241118,c234,c234
1196,2,0.5362317,0.265292,0.19847633,c5,c1
1197,5,0.39440086,0.42137787,0.18422125,c5,c234
1198,5,0.4509118,0.33718184,0.21190643,c1,c1
1199,4,0.1580575,0.3072408,0.53470165,c5,c5
1200,1,0.23663992,0.38382328,0.37953687,c5,c234
1201,4,0.2144163,0.4158285,0.36975524,c234,c234
1202,2,0.13396534,0.37361127,0.49242342,c234,c5
1203,3,0.04776475,0.18059817,0.77163714,c234,c5
1204,1,0.18624322,0.5390442,0.27471256,c234,c234
1205,1,0.35470596,0.42715254,0.21814153,c1,c234
1206,5,0.33776847,0.3161153,0.34611624,c234,c5
1207,1,0.32359582,0.37489012,0.30151406,c5,c234
1208,1,0.2516166,0.45395333,0.29443005,c5,c234
1209,5,0.14886042,0.29044235,0.5606972,c5,c5
1210,2,0.46694514,0.3578445,0.17521034,c5,c1
1211,1,0.44673294,0.3078792,0.2453878,c5,c1
1212,2,0.6409823,0.28342906,0.07558868,c1,c1
1213,1,0.16630912,0.34320757,0.49048328,c234,c5
1214,1,0.07456098,0.29317153,0.6322675,c5,c5
1215,2,0.49603838,0.38782707,0.116134495,c1,c1
1216,2,0.5595733,0.24356587,0.19686079,c234,c1
1217,1,0.27066997,0.4940243,0.2353057,c1,c234
1218,3,0.3094322,0.42617548,0.26439238,c5,c234
1219,1,0.5621828,0.35839358,0.079423614,c234,c1
1220,5,0.13224044,0.40121007,0.46654946,c5,c5
1221,3,0.13221103,0.30459836,0.5631906,c1,c5
1222,4,0.42233098,0.27062145,0.30704755,c1,c1
1223,2,0.6483465,0.28717571,0.06447772,c234,c1
1224,2,0.13224167,0.2916413,0.576117,c234,c5
1225,1,0.4208356,0.38882944,0.19033492,c1,c1
1226,2,0.092019334,0.3640324,0.54394823,c5,c5
1227,5,0.47647408,0.2636162,0.2599097,c5,c1
1228,4,0.18025666,0.35617137,0.463572,c234,c5
1229,3,0.15201795,0.4786508,0.36933127,c234,c234
1230,3,0.38350692,0.4627106,0.15378249,c5,c234
1231,1,0.27413112,0.29517877,0.4306901,c5,c5
1232,1,0.1018107,0.34484184,0.5533475,c5,c5
1233,3,0.5692392,0.33308977,0.09767107,c1,c1
1234,1,0.51025987,0.33600783,0.15373234,c5,c1
1235,2,0.3149048,0.40152985,0.2835653,c5,c234
1236,5,0.08906767,0.30345294,0.6074794,c5,c5
1237,5,0.12932804,0.22973046,0.64094144,c234,c5
1238,2,0.50328535,0.39890984,0.09780481,c1,c1
1239,3,0.3413288,0.34298643,0.31568477,c5,c234
1240,4,0.13667127,0.40524533,0.4580834,c1,c5
1241,2,0.27803078,0.3255274,0.39644176,c5,c5
1242,2,0.7091936,0.22925988,0.06154647,c5,c1
1243,5,0.14750484,0.4271321,0.425363,c234,c234
1244,3,0.18822883,0.37731972,0.43445143,c5,c5
1245,3,0.15818599,0.4503,0.39151406,c5,c234
1246,5,0.07037878,0.28683904,0.64278215,c5,c5
1247,1,0.14288375,0.46202332,0.395093,c5,c234
1248,2,0.5343431,0.369948,0.09570894,c1,c1
1249,3,0.310629,0.37116206,0.31820893,c1,c234
1250,2,0.2662729,0.48349142,0.25023568,c234,c234
1251,5,0.58808416,0.30585852,0.10605729,c5,c1
1252,1,0.38676414,0.39333463,0.21990128,c234,c234
1253,1,0.11725052,0.384262,0.49848747,c234,c5
1254,2,0.22472984,0.43064737,0.34462273,c5,c234
1255,5,0.22870883,0.5287218,0.24256934,c234,c234
1256,4,0.41269413,0.4015624,0.18574353,c234,c1
1257,5,0.6536242,0.2564805,0.08989531,c1,c1
1258,4,0.33920792,0.3272301,0.33356196,c234,c1
1259,5,0.4274765,0.43357268,0.13895081,c234,c234
1260,4,0.12355291,0.41940522,0.4570419,c234,c5
1261,5,0.1835337,0.46536317,0.3511031,c5,c234
1262,2,0.511044,0.37093294,0.11802301,c5,c1
1263,3,0.18688689,0.3567331,0.45638,c5,c5
1264,4,0.23094495,0.37399226,0.39506277,c1,c5
1265,4,0.22177419,0.39391008,0.38431573,c234,c234
1266,5,0.32724938,0.31752476,0.35522583,c234,c5
1267,5,0.17738679,0.2875759,0.5350373,c5,c5
1268,2,0.07313377,0.31092626,0.61594,c5,c5
1269,3,0.07193769,0.2252449,0.70281744,c5,c5
1270,4,0.21692273,0.499703,0.28337422,c234,c234
1271,3,0.12222989,0.22406174,0.6537084,c5,c5
1272,3,0.21111795,0.34107155,0.44781047,c5,c5
1273,3,0.23644452,0.27940857,0.4841469,c1,c5
1274,1,0.10576145,0.2877001,0.6065385,c5,c5
1275,4,0.662675,0.2549466,0.08237844,c234,c1
1276,1,0.46169168,0.40654722,0.13176118,c1,c1
1277,5,0.11905786,0.2934864,0.5874558,c234,c5
1278,3,0.2444793,0.27038276,0.48513797,c5,c5
1279,4,0.2543729,0.38532394,0.36030313,c234,c234
1280,5,0.5037838,0.33448812,0.16172813,c1,c1
1281,1,0.11433484,0.46724144,0.4184237,c1,c234
1282,1,0.1463449,0.33100328,0.5226518,c5,c5
1283,2,0.45983288,0.39254844,0.14761871,c234,c1
1284,1,0.1885652,0.54483277,0.2666021,c1,c234
1285,4,0.1775407,0.3539017,0.46855754,c5,c5
1286,4,0.1822408,0.45061,0.36714917,c234,c234
1287,1,0.44681418,0.3624158,0.19077002,c1,c1
1288,5,0.26517907,0.2905941,0.4442269,c1,c5
1289,4,0.120913886,0.27867314,0.60041296,c234,c5
1290,4,0.42655957,0.35365188,0.2197886,c234,c1
1291,2,0.11179284,0.22866239,0.6595448,c5,c5
1292,1,0.21521212,0.32437572,0.4604122,c1,c5
1293,3,0.13115098,0.3806114,0.48823762,c234,c5
1294,1,0.37892613,0.44349647,0.17757742,c234,c234
1295,4,0.4186569,0.3701857,0.21115734,c5,c1
1296,3,0.5941648,0.23709373,0.16874143,c1,c1
1297,2,0.13267642,0.29156607,0.5757575,c234,c5
1298,2,0.20946752,0.46574625,0.32478628,c5,c234
1299,5,0.45844603,0.40015677,0.14139722,c1,c1
1300,4,0.30079183,0.29794142,0.40126675,c234,c5
1301,5,0.22412232,0.44452503,0.33135262,c5,c234
1302,3,0.09446375,0.21398385,0.6915524,c5,c5
1303,2,0.13118266,0.22248283,0.64633447,c234,c5
1304,2,0.67093897,0.26285574,0.06620528,c1,c1
1305,1,0.5157276,0.34060478,0.14366764,c1,c1
1306,5,0.22360097,0.50149935,0.27489963,c234,c234
1307,2,0.43612808,0.39480332,0.16906855,c1,c1
1308,5,0.49120677,0.37378162,0.13501167,c234,c1
1309,1,0.12241237,0.34272775,0.53485984,c234,c5
1310,3,0.47046518,0.3260011,0.20353365,c1,c1
1311,2,0.5762692,0.2944553,0.12927553,c1,c1
1312,5,0.48994493,0.29168585,0.21836928,c5,c1
1313,4,0.21249378,0.34039414,0.44711205,c234,c5
1314,3,0.08574542,0.18997923,0.72427535,c5,c5
1315,1,0.11992238,0.3009333,0.57914436,c234,c5
1316,4,0.42233098,0.27062145,0.30704755,c1,c1
1317,2,0.4216206,0.36655635,0.21182308,c1,c1
1318,4,0.43363965,0.3554851,0.21087523,c1,c1
1319,2,0.44066814,0.31370354,0.24562831,c1,c1
1320,5,0.48348087,0.38330618,0.13321298,c234,c1
1321,3,0.25527662,0.5057606,0.23896274,c5,c234
1322,4,0.24553496,0.31573528,0.43872976,c5,c5
1323,1,0.38208872,0.3923931,0.22551817,c5,c234
1324,2,0.3383376,0.37372923,0.28793314,c234,c234
1325,1,0.6991942,0.22274053,0.0780653,c1,c1
1326,3,0.22741058,0.4430795,0.32950997,c234,c234
1327,5,0.66846395,0.23869756,0.09283849,c1,c1
1328,2,0.053619407,0.22333412,0.72304654,c5,c5
1329,4,0.3710824,0.3479195,0.2809981,c5,c1
1330,2,0.13768634,0.4430485,0.41926512,c5,c234
1331,1,0.53482634,0.37141427,0.093759336,c1,c1
1332,4,0.23174411,0.4028693,0.3653866,c234,c234
1333,4,0.2170598,0.36891586,0.4140244,c5,c5
1334,1,0.61567444,0.2556507,0.12867483,c5,c1
1335,3,0.25206172,0.3282292,0.41970906,c1,c5
1336,2,0.5052693,0.25027916,0.2444516,c1,c1
1337,5,0.05252865,0.25823966,0.6892317,c5,c5
1338,5,0.25222436,0.44258648,0.30518916,c234,c234
1339,3,0.44701913,0.39281115,0.16016977,c1,c1
1340,2,0.16619052,0.24948344,0.584326,c5,c5
1341,2,0.668474,0.25168815,0.07983784,c1,c1
1342,4,0.16776878,0.4203315,0.41189978,c234,c234
1343,4,0.5206493,0.2964964,0.18285435,c234,c1
1344,4,0.08301671,0.22257139,0.69441193,c234,c5
1345,5,0.07567605,0.27945974,0.6448642,c5,c5
1346,5,0.6674395,0.25071648,0.08184408,c5,c1
1347,2,0.10860089,0.4520103,0.4393888,c234,c234
1348,2,0.48998484,0.39482084,0.115194336,c5,c1
1349,5,0.23167092,0.39054167,0.3777874,c5,c234
1350,2,0.15079792,0.36762154,0.48158053,c5,c5
1351,5,0.5383219,0.31812862,0.14354944,c1,c1
1352,5,0.3385834,0.35604727,0.30536935,c5,c234
1353,3,0.3344793,0.41513717,0.2503835,c234,c234
1354,5,0.054243308,0.22422929,0.72152734,c5,c5
1355,4,0.035343148,0.1515628,0.813094,c234,c5
1356,3,0.20997027,0.24647094,0.5435587,c234,c5
1357,5,0.32572305,0.454352,0.21992493,c234,c234
1358,4,0.15036844,0.46046147,0.38917002,c1,c234
1359,1,0.16623512,0.36008942,0.47367543,c5,c5
1360,5,0.10316519,0.28221777,0.61461705,c5,c5
1361,1,0.69639665,0.23280852,0.07079487,c5,c1
1362,4,0.77885616,0.16477875,0.056365084,c1,c1
1363,4,0.13655294,0.40687633,0.45657074,c1,c5
1364,1,0.1613558,0.37151763,0.46712655,c1,c5
1365,4,0.22789882,0.4110626,0.36103857,c1,c234
1366,2,0.21491456,0.34259963,0.44248587,c5,c5
1367,2,0.28727588,0.2914683,0.4212558,c234,c5
1368,5,0.66395587,0.2257342,0.11030991,c1,c1
1369,2,0.18783888,0.38626817,0.42589298,c1,c5
1370,3,0.33513838,0.3312794,0.33358228,c1,c1
1371,4,0.62050307,0.27610388,0.10339311,c5,c1
1372,4,0.23480745,0.47804427,0.2871483,c5,c234
1373,5,0.28488317,0.46378893,0.25132796,c5,c234
1374,1,0.73364764,0.20983465,0.05651761,c234,c1
1375,4,0.13404827,0.40958455,0.45636716,c1,c5
1376,1,0.32959735,0.40884084,0.26156184,c1,c234
1377,1,0.24774888,0.3024295,0.4498217,c234,c5
1378,1,0.1189438,0.2389933,0.6420629,c5,c5
1379,4,0.35972443,0.2680434,0.37223226,c1,c5
1380,5,0.062869854,0.30772346,0.6294067,c1,c5
1381,4,0.27761674,0.4303225,0.29206073,c234,c234
1382,2,0.34889743,0.45568725,0.19541529,c1,c234
1383,4,0.67499715,0.25174353,0.07325931,c234,c1
1384,1,0.137949,0.45231742,0.4097336,c1,c234
1385,2,0.41537836,0.42751887,0.15710272,c234,c234
1386,2,0.09236388,0.27520958,0.63242656,c5,c5
1387,2,0.3070135,0.3533272,0.33965927,c5,c234
1388,5,0.21098165,0.50525445,0.28376392,c234,c234
1389,3,0.039797142,0.1989489,0.76125395,c234,c5
1390,5,0.5185469,0.35665286,0.124800205,c1,c1
1391,2,0.27689874,0.28040224,0.44269902,c1,c5
1392,2,0.3071267,0.46962535,0.22324792,c234,c234
1393,2,0.34502378,0.46998248,0.18499382,c234,c234
1394,4,0.8425359,0.119789094,0.037674915,c234,c1
1395,3,0.31407502,0.32836023,0.3575647,c1,c5
1396,3,0.59542227,0.23096114,0.17361653,c1,c1
1397,4,0.68293834,0.25297776,0.06408393,c234,c1
1398,2,0.46693954,0.2511581,0.28190243,c234,c1
1399,2,0.17335299,0.3686945,0.45795244,c5,c5
1400,4,0.23876376,0.30341646,0.4578198,c5,c5
1401,1,0.6799181,0.2641071,0.055974822,c234,c1
1402,5,0.380911,0.3583136,0.2607754,c5,c1
1403,3,0.14960343,0.50882757,0.341569,c5,c234
1404,4,0.11305005,0.3217353,0.5652147,c5,c5
1405,1,0.5779225,0.30614653,0.11593092,c1,c1
1406,2,0.8179111,0.12653801,0.05555094,c1,c1
1407,3,0.48777023,0.2865004,0.22572935,c1,c1
1408,1,0.046362165,0.2347577,0.7188801,c5,c5
1409,2,0.4444334,0.3865077,0.16905895,c5,c1
1410,1,0.20986219,0.47085798,0.3192798,c234,c234
1411,3,0.15890892,0.2495186,0.5915725,c234,c5
1412,5,0.12776178,0.2268859,0.6453523,c5,c5
1413,4,0.049031522,0.17266867,0.7782998,c5,c5
1414,1,0.19776183,0.29649535,0.5057428,c5,c5
1415,4,0.13873756,0.31521747,0.54604495,c1,c5
1416,3,0.3913024,0.34531525,0.26338235,c5,c1
1417,5,0.17820378,0.34941748,0.47237876,c5,c5
1418,2,0.040722888,0.15558837,0.8036888,c234,c5
1419,1,0.57206905,0.3351341,0.09279679,c1,c1
1420,1,0.048474908,0.22015943,0.7313656,c5,c5
1421,5,0.22378007,0.4496267,0.32659325,c5,c234
1422,3,0.19302616,0.55122447,0.25574934,c1,c234
1423,4,0.0940858,0.29508796,0.61082625,c234,c5
1424,4,0.5202051,0.30001682,0.17977807,c5,c1
1425,5,0.118301764,0.24745156,0.63424665,c234,c5
1426,5,0.173329,0.4341562,0.39251485,c5,c234
1427,3,0.34246337,0.4843973,0.17313935,c5,c234
1428,2,0.53006095,0.37167192,0.0982671,c1,c1
1429,4,0.18503973,0.4512078,0.36375254,c234,c234
1430,4,0.41269413,0.4015624,0.18574353,c5,c1
1431,3,0.08149566,0.24803923,0.6704651,c5,c5
1432,4,0.34373477,0.45537457,0.20089068,c234,c234
1433,3,0.08131059,0.25979617,0.6588932,c5,c5
1434,2,0.48066038,0.3801408,0.13919881,c1,c1
1435,1,0.06417762,0.38141236,0.55441,c5,c5
1436,4,0.09138207,0.2841348,0.62448317,c234,c5
1437,5,0.37741593,0.4027884,0.2197957,c1,c234
1438,1,0.3950624,0.47758442,0.12735312,c1,c234
1439,5,0.040539697,0.18248652,0.77697384,c234,c5
1440,3,0.3263678,0.4051345,0.26849765,c5,c234
1441,5,0.13041666,0.44879863,0.42078465,c5,c234
1442,2,0.10018437,0.25288013,0.64693546,c5,c5
1443,1,0.74569404,0.18721081,0.06709518,c5,c1
1444,3,0.6019208,0.26998544,0.12809376,c234,c1
1445,5,0.066400066,0.20919795,0.72440195,c5,c5
1446,3,0.31867132,0.26018718,0.42114145,c5,c5
1447,4,0.31593958,0.45781338,0.22624709,c5,c234
1448,4,0.24573249,0.38330215,0.37096536,c5,c234
1449,1,0.21464802,0.3843367,0.40101528,c5,c5
1450,5,0.22304644,0.4734591,0.30349445,c1,c234
1451,2,0.31032884,0.41616186,0.2735093,c1,c234
1452,1,0.16352966,0.32383105,0.5126393,c5,c5
1453,2,0.22487865,0.387608,0.38751337,c234,c234
1454,5,0.25126404,0.43563175,0.31310424,c1,c234
1455,3,0.27348414,0.47799164,0.24852428,c234,c234
1456,3,0.5871145,0.28359827,0.1292872,c1,c1
1457,1,0.23415762,0.3208379,0.44500446,c234,c5
1458,5,0.47599098,0.29612732,0.22788171,c234,c1
1459,3,0.25400263,0.40987828,0.33611906,c234,c234
1460,3,0.0993768,0.30334944,0.5972738,c234,c5
1461,2,0.26448876,0.40608835,0.3294229,c234,c234
1462,3,0.2923455,0.37927112,0.32838336,c5,c234
1463,5,0.1316109,0.34556538,0.5228237,c234,c5
1464,2,0.39868993,0.36971945,0.23159058,c1,c1
1465,5,0.102140166,0.31208935,0.58577055,c234,c5
1466,1,0.34433138,0.31826502,0.3374036,c1,c1
1467,2,0.14342715,0.40739062,0.44918224,c5,c5
1468,1,0.3386969,0.29570982,0.3655933,c1,c5
1469,2,0.44984934,0.33181962,0.21833101,c5,c1
1470,2,0.65787995,0.25848,0.08364004,c1,c1
1471,4,0.2683754,0.51447326,0.21715139,c1,c234
1472,1,0.35390875,0.49190873,0.15418251,c5,c234
1473,1,0.13212404,0.4681917,0.3996842,c5,c234
1474,2,0.68447375,0.24141951,0.07410669,c234,c1
1475,4,0.32829946,0.46920645,0.20249413,c1,c234
1476,4,0.23320688,0.3720272,0.39476597,c1,c5
1477,5,0.34731144,0.43850717,0.21418142,c234,c234
1478,2,0.66814446,0.2541336,0.077721916,c234,c1
1479,1,0.44243297,0.3825434,0.1750236,c1,c1
1480,3,0.6003566,0.33231822,0.06732526,c1,c1
1481,4,0.11966821,0.30914786,0.5711839,c234,c5
1482,1,0.3139418,0.2866958,0.3993624,c1,c5
1483,4,0.23558037,0.39011696,0.3743027,c1,c234
1484,3,0.37734222,0.32478344,0.29787436,c1,c1
1485,2,0.24759257,0.45834818,0.2940593,c234,c234
1486,5,0.21843195,0.31824362,0.46332446,c5,c5
1487,3,0.20254442,0.3869038,0.41055185,c5,c5
1488,2,0.10428865,0.3964745,0.4992368,c234,c5
1489,3,0.24599406,0.36761665,0.38638932,c5,c5
1490,1,0.23894063,0.29733014,0.4637293,c1,c5
1491,3,0.6883592,0.2509024,0.06073842,c1,c1
1492,5,0.2522656,0.48379758,0.2639368,c234,c234
1493,2,0.0705245,0.29224458,0.6372309,c5,c5
1494,2,0.23147146,0.25335422,0.5151744,c5,c5
1495,2,0.2501729,0.32601824,0.4238088,c1,c5
1496,1,0.20969014,0.54602355,0.24428628,c234,c234
1497,2,0.043130778,0.13666834,0.8202009,c5,c5
1498,4,0.27422827,0.3986833,0.3270884,c5,c234
1499,4,0.22619447,0.36899203,0.40481347,c234,c5
1500,3,0.26149306,0.5321785,0.20632842,c234,c234
1501,4,0.24337488,0.31019068,0.4464344,c5,c5
1502,5,0.39844245,0.3578161,0.24374144,c234,c1
1503,2,0.14774922,0.3791376,0.47311324,c234,c5
1504,4,0.476397,0.3203018,0.20330128,c234,c1
1505,5,0.30056864,0.53474337,0.16468796,c1,c234
1506,5,0.19056721,0.43504277,0.37438995,c5,c234
1507,5,0.5767258,0.2899196,0.13335457,c1,c1
1508,5,0.043630976,0.20605344,0.7503156,c5,c5
1509,1,0.20265007,0.4343853,0.36296466,c5,c234
1510,1,0.3077459,0.49945998,0.19279417,c5,c234
1511,4,0.38962257,0.4207685,0.18960893,c234,c234
1512,3,0.27588603,0.28136176,0.44275224,c1,c5
1513,1,0.12682009,0.2930355,0.58014446,c1,c5
1514,3,0.124145284,0.238895,0.63695973,c5,c5
1515,4,0.1598939,0.47969157,0.36041448,c1,c234
1516,5,0.44667912,0.31782258,0.23549832,c5,c1
1517,4,0.04182319,0.24524307,0.7129337,c5,c5
1518,1,0.21686834,0.45315257,0.32997906,c1,c234
1519,4,0.47668186,0.40170047,0.1216177,c5,c1
1520,1,0.29220912,0.35097948,0.35681137,c5,c5
1521,4,0.42179126,0.36241034,0.21579836,c5,c1
1522,2,0.6594403,0.2491978,0.09136193,c234,c1
1523,5,0.08608561,0.21257035,0.7013441,c5,c5
1524,3,0.13092214,0.29142234,0.57765555,c5,c5
1525,5,0.037707586,0.17397542,0.7883171,c5,c5
1526,3,0.17773812,0.4467245,0.3755374,c234,c234
1527,2,0.8190562,0.12493351,0.056010287,c1,c1
1528,3,0.29883865,0.41431433,0.28684705,c1,c234
1529,1,0.18811327,0.45591128,0.35597545,c5,c234
1530,2,0.46693954,0.2511581,0.28190243,c5,c1
1531,1,0.33874023,0.50970566,0.15155412,c234,c234
1532,4,0.41269413,0.4015624,0.18574353,c234,c1
1533,1,0.50099385,0.2564455,0.24256071,c5,c1
1534,4,0.42506558,0.3468014,0.22813305,c1,c1
1535,3,0.6324474,0.2675337,0.10001887,c1,c1
1536,5,0.113811456,0.46125787,0.42493066,c5,c234
1537,2,0.5052693,0.25027916,0.2444516,c1,c1
1538,1,0.62928987,0.27902848,0.09168167,c1,c1
1539,5,0.31923965,0.3917379,0.28902248,c1,c234
1540,4,0.6551787,0.27276927,0.07205203,c1,c1
1541,3,0.5178911,0.32619154,0.15591727,c1,c1
1542,1,0.13372561,0.32457244,0.5417019,c5,c5
1543,5,0.271304,0.46848527,0.26021075,c1,c234
1544,1,0.3830321,0.27683228,0.34013566,c5,c1
1545,2,0.6188292,0.27734938,0.10382149,c1,c1
1546,2,0.3122382,0.44595215,0.24180971,c5,c234
1547,2,0.32388347,0.24588676,0.43022972,c5,c5
1548,4,0.41269413,0.4015624,0.18574353,c1,c1
1549,2,0.5057695,0.32662904,0.16760144,c5,c1
1550,1,0.22499904,0.44680902,0.32819194,c234,c234
1551,3,0.1462921,0.27863213,0.5750758,c234,c5
1552,1,0.4249549,0.39081833,0.18422681,c1,c1
1553,4,0.39909506,0.3382118,0.2626932,c1,c1
1554,5,0.21073782,0.4571579,0.33210424,c234,c234
1555,1,0.08637636,0.24573317,0.6678905,c5,c5
1556,3,0.14561333,0.37880036,0.4755863,c1,c5
1557,1,0.041295808,0.22814684,0.73055744,c5,c5
1558,3,0.44675982,0.30100405,0.25223616,c234,c1
1559,1,0.33598816,0.31870967,0.3453021,c5,c5
1560,1,0.14651838,0.3420823,0.5113994,c234,c5
1561,1,0.3830321,0.27683228,0.34013566,c5,c1
1562,2,0.28893167,0.42576414,0.28530422,c5,c234
1563,2,0.09039483,0.29487753,0.6147276,c1,c5
1564,4,0.23370907,0.36961097,0.39667994,c5,c5
1565,4,0.19865261,0.34002978,0.4613177,c5,c5
1566,4,0.079704925,0.20676407,0.713531,c5,c5
1567,4,0.3564816,0.43047157,0.21304686,c1,c234
1568,2,0.051519293,0.17873672,0.769744,c234,c5
1569,1,0.32612178,0.34738797,0.32649022,c5,c234
1570,1,0.328526,0.32091573,0.35055825,c5,c5
1571,3,0.061887853,0.31245628,0.6256559,c5,c5
1572,3,0.341444,0.39038178,0.26817423,c5,c234
1573,5,0.23546062,0.54662764,0.21791174,c5,c234
1574,3,0.34089518,0.2832164,0.37588844,c5,c5
1575,4,0.14995626,0.31943995,0.53060377,c5,c5
1576,3,0.45104718,0.346961,0.20199184,c234,c1
1577,3,0.40166447,0.33333722,0.26499832,c5,c1
1578,4,0.09969454,0.23933277,0.6609727,c1,c5
1579,4,0.4636008,0.3334711,0.20292816,c1,c1
1580,4,0.037465584,0.13363206,0.82890236,c5,c5
1581,3,0.10293048,0.19675162,0.7003179,c5,c5
1582,4,0.08852388,0.2457686,0.6657075,c5,c5
1583,2,0.14589384,0.30511925,0.54898685,c1,c5
1584,4,0.16163546,0.23546545,0.6028991,c234,c5
1585,3,0.1325546,0.38234404,0.4851014,c234,c5
1586,1,0.07874994,0.40345564,0.51779443,c5,c5
1587,4,0.0329925,0.18083306,0.7861745,c234,c5
1588,2,0.10871218,0.28641847,0.6048693,c5,c5
1589,3,0.59888655,0.22477317,0.17634034,c1,c1
1590,2,0.4171008,0.4215026,0.16139665,c234,c234
1591,2,0.10941259,0.32426196,0.5663254,c5,c5
1592,4,0.3204845,0.3992451,0.28027037,c234,c234
1593,1,0.24774888,0.3024295,0.4498217,c234,c5
1594,3,0.29772198,0.28270453,0.4195735,c234,c5
1595,3,0.4506984,0.33178332,0.21751827,c234,c1
1596,4,0.13605684,0.44177783,0.4221653,c234,c234
1597,1,0.11069222,0.25881636,0.63049144,c234,c5
1598,2,0.2306814,0.47344306,0.29587552,c5,c234
1599,5,0.15397628,0.29112753,0.5548961,c5,c5
1600,1,0.33598816,0.31870967,0.3453021,c5,c5
1601,5,0.51070315,0.32276556,0.16653128,c5,c1
1602,2,0.47376022,0.3970998,0.12913993,c234,c1
1603,4,0.45356822,0.34486702,0.20156473,c234,c1
1604,4,0.29628253,0.41586626,0.28785124,c1,c234
1605,2,0.28651822,0.33499417,0.37848765,c5,c5
1606,2,0.2095362,0.2591694,0.53129447,c1,c5
1607,1,0.12013736,0.2867908,0.5930718,c234,c5
1608,1,0.66629976,0.268209,0.065491185,c1,c1
1609,5,0.14239974,0.20411518,0.6534851,c5,c5
1610,5,0.39577046,0.26946405,0.33476546,c1,c1
1611,5,0.17747496,0.2807795,0.5417455,c5,c5
1612,4,0.27368963,0.38785338,0.33845696,c1,c234
1613,5,0.23715611,0.47977078,0.28307313,c1,c234
1614,2,0.200838,0.25362745,0.54553455,c234,c5
1615,1,0.09603452,0.42475992,0.47920555,c1,c5
1616,5,0.3385834,0.35604727,0.30536935,c234,c234
1617,1,0.71645784,0.22057082,0.06297129,c1,c1
1618,3,0.3916526,0.49202263,0.116324775,c234,c234
1619,3,0.39590222,0.33243826,0.27165958,c5,c1
1620,2,0.101269566,0.23675576,0.66197467,c234,c5
1621,4,0.220177,0.41154572,0.36827728,c234,c234
1622,5,0.41605374,0.40790695,0.17603926,c5,c1
1623,3,0.16698465,0.27031592,0.56269944,c1,c5
1624,4,0.29960564,0.40272078,0.29767355,c1,c234
1625,2,0.047868215,0.21711227,0.7350195,c5,c5
1626,4,0.35809526,0.43136573,0.21053904,c5,c234
1627,1,0.6727897,0.27034253,0.056867823,c5,c1
1628,3,0.103193514,0.19948214,0.69732434,c5,c5
1629,3,0.17686446,0.21420039,0.6089352,c234,c5
1630,3,0.21445554,0.42910683,0.35643756,c5,c234
1631,2,0.67688715,0.26329914,0.05981372,c1,c1
1632,4,0.622022,0.3044101,0.07356797,c234,c1
1633,3,0.052444648,0.20351,0.7440453,c5,c5
1634,5,0.17555355,0.31035203,0.5140944,c5,c5
1635,2,0.5548765,0.31300664,0.13211688,c234,c1
1636,2,0.43549773,0.3307132,0.23378906,c5,c1
1637,3,0.3088917,0.45587194,0.23523638,c5,c234
1638,1,0.056381784,0.30087852,0.6427397,c5,c5
1639,1,0.42166564,0.42930046,0.14903387,c1,c234
1640,3,0.19104163,0.47607592,0.3328824,c234,c234
1641,3,0.13527925,0.28535673,0.57936406,c5,c5
1642,2,0.42812538,0.37791157,0.19396311,c234,c1
1643,2,0.57081056,0.3144053,0.11478416,c234,c1
1644,3,0.55085695,0.21170129,0.23744178,c1,c1
1645,5,0.3278546,0.45802367,0.21412176,c5,c234
1646,1,0.07446933,0.26049525,0.6650355,c5,c5
1647,1,0.2982078,0.34552088,0.35627136,c5,c5
1648,3,0.3913171,0.38255128,0.22613165,c1,c1
1649,5,0.16672437,0.5847736,0.24850202,c1,c234
1650,2,0.056072205,0.1366785,0.80724925,c5,c5
1651,5,0.52127355,0.3867162,0.09201025,c1,c1
1652,2,0.20878926,0.3915007,0.39971003,c234,c5
1653,2,0.337118,0.35041893,0.31246307,c234,c234
1654,3,0.15180337,0.33150837,0.5166882,c5,c5
1655,5,0.4933944,0.28632268,0.22028287,c5,c1
1656,4,0.27913472,0.3219495,0.39891577,c5,c5
1657,4,0.27701998,0.30889666,0.4140833,c234,c5
1658,3,0.19889507,0.38291258,0.41819233,c234,c5
1659,3,0.2605044,0.4654208,0.2740748,c1,c234
1660,5,0.78505903,0.14661065,0.06833025,c1,c1
1661,5,0.38937044,0.36288887,0.24774072,c234,c1
1662,2,0.15585907,0.49170452,0.35243642,c5,c234
1663,5,0.04181131,0.17921947,0.7789692,c234,c5
1664,4,0.48332968,0.3597945,0.15687585,c5,c1
1665,1,0.19860655,0.31603858,0.4853549,c234,c5
1666,3,0.078881204,0.3084971,0.61262167,c5,c5
1667,5,0.15927714,0.47273564,0.3679872,c1,c234
1668,1,0.13177998,0.32731527,0.5409047,c234,c5
1669,4,0.07744988,0.30977973,0.61277044,c234,c5
1670,2,0.17023687,0.34645817,0.48330495,c1,c5
1671,4,0.43741643,0.303897,0.25868654,c1,c1
1672,4,0.4612638,0.3111177,0.22761858,c5,c1
1673,1,0.15228997,0.38136435,0.46634567,c234,c5
1674,1,0.07713554,0.31079042,0.612074,c1,c5
1675,1,0.03890576,0.1984984,0.7625959,c5,c5
1676,1,0.56887984,0.28875214,0.142368,c1,c1
1677,2,0.22330257,0.31112438,0.465573,c234,c5
1678,2,0.20412399,0.28220707,0.513669,c234,c5
1679,4,0.21362083,0.41196603,0.37441313,c234,c234
1680,3,0.40166333,0.43081668,0.16751999,c5,c234
1681,5,0.16591686,0.53467166,0.29941148,c234,c234
1682,5,0.05412694,0.2514441,0.694429,c5,c5
1683,1,0.52537996,0.35319737,0.121422715,c234,c1
1684,3,0.05387792,0.12766269,0.8184594,c1,c5
1685,3,0.18316661,0.3540987,0.4627347,c1,c5
1686,5,0.31845894,0.49363035,0.18791066,c1,c234
1687,1,0.26865265,0.45365867,0.27768862,c234,c234
1688,2,0.35693538,0.49504173,0.14802286,c1,c234
1689,4,0.3363542,0.42324963,0.24039619,c1,c234
1690,2,0.19989723,0.41601178,0.38409105,c5,c234
1691,1,0.25828493,0.52488005,0.21683498,c1,c234
1692,4,0.31152493,0.3495948,0.33888027,c5,c234
1693,3,0.2774802,0.33624068,0.38627908,c234,c5
1694,2,0.2962814,0.3031502,0.40056837,c1,c5
1695,3,0.13114667,0.35268462,0.51616865,c234,c5
1696,4,0.212117,0.4481755,0.33970758,c5,c234
1697,2,0.25367272,0.3319033,0.414424,c5,c5
1698,2,0.40068483,0.41965786,0.1796573,c234,c234
1699,5,0.3385834,0.35604727,0.30536935,c234,c234
1700,5,0.30664986,0.50824094,0.18510918,c1,c234
1701,1,0.0467885,0.2213162,0.73189527,c5,c5
1702,5,0.4628316,0.33931825,0.19785011,c234,c1
1703,4,0.42233098,0.27062145,0.30704755,c234,c1
1704,5,0.4944299,0.2873968,0.21817338,c5,c1
1705,5,0.12148447,0.46683592,0.41167957,c1,c234
1706,3,0.11144475,0.25963926,0.628916,c234,c5
1707,2,0.31769776,0.3998222,0.28248003,c5,c234
1708,4,0.61719954,0.29155335,0.09124711,c1,c1
1709,5,0.21499267,0.360045,0.4249623,c1,c5
1710,1,0.4172091,0.33622053,0.24657041,c234,c1
1711,2,0.29413366,0.43010923,0.27575704,c5,c234
1712,2,0.13178492,0.33619612,0.5320189,c234,c5
1713,4,0.07459082,0.25537428,0.67003495,c234,c5
1714,3,0.6303889,0.23926865,0.13034242,c5,c1
1715,3,0.4543595,0.41344664,0.13219388,c1,c1
1716,3,0.052581403,0.14317554,0.804243,c5,c5
1717,4,0.06788819,0.1993884,0.7327235,c5,c5
1718,1,0.09172775,0.2646789,0.6435934,c234,c5
1719,2,0.07293359,0.25375658,0.6733098,c5,c5
1720,2,0.23900265,0.25915006,0.5018473,c1,c5
1721,1,0.13578294,0.39386138,0.47035572,c234,c5
1722,5,0.43619567,0.30693945,0.25686482,c1,c1
1723,3,0.04411544,0.17772861,0.778156,c234,c5
1724,1,0.17924911,0.40153512,0.4192158,c5,c5
1725,4,0.27788752,0.3051066,0.41700584,c234,c5
1726,1,0.055025596,0.32982755,0.6151468,c234,c5
1727,4,0.44374454,0.40740174,0.14885369,c234,c1
1728,3,0.15804882,0.3551266,0.48682466,c234,c5
1729,2,0.4760696,0.37139753,0.15253292,c5,c1
1730,1,0.110312276,0.46036798,0.42931974,c234,c234
1731,1,0.48011932,0.32288823,0.19699247,c234,c1
1732,5,0.17187425,0.3754079,0.45271784,c5,c5
1733,3,0.2732647,0.4773167,0.24941856,c234,c234
1734,1,0.6594313,0.25939018,0.08117855,c1,c1
1735,5,0.5319608,0.34358552,0.12445361,c1,c1
1736,5,0.09794962,0.26644975,0.6356006,c1,c5
1737,4,0.6175126,0.31401157,0.06847581,c1,c1
1738,1,0.27392334,0.4708767,0.25519997,c234,c234
1739,5,0.39577046,0.26946405,0.33476546,c5,c1
1740,4,0.37889805,0.30182353,0.31927845,c1,c1
1741,4,0.18728717,0.4468719,0.365841,c234,c234
1742,2,0.077683024,0.28757238,0.6347446,c5,c5
1743,5,0.46971363,0.37797877,0.15230764,c234,c1
1744,5,0.1000115,0.4153466,0.48464188,c234,c5
1745,2,0.69041806,0.22720374,0.08237819,c234,c1
1746,5,0.3935371,0.43966594,0.16679691,c234,c234
1747,4,0.19941382,0.5781511,0.22243506,c234,c234
1748,3,0.43241763,0.34991005,0.21767227,c234,c1
1749,3,0.21215297,0.33541763,0.4524294,c5,c5
1750,5,0.06687436,0.2596943,0.67343134,c5,c5
1751,5,0.41630805,0.2961586,0.28753334,c234,c1
1752,1,0.29783264,0.38692075,0.31524664,c5,c234
1753,5,0.50220734,0.3314529,0.16633978,c1,c1
1754,4,0.11681445,0.28908324,0.5941023,c5,c5
1755,1,0.35376468,0.4414108,0.20482454,c234,c234
1756,4,0.23961478,0.38458976,0.37579542,c234,c234
1757,2,0.67676157,0.25655633,0.06668208,c1,c1
1758,4,0.64027107,0.2969189,0.06281,c1,c1
1759,5,0.5364441,0.32652366,0.13703226,c234,c1
1760,5,0.19400977,0.3471287,0.45886147,c234,c5
1761,2,0.3099497,0.4224245,0.26762584,c234,c234
1762,3,0.3446497,0.445901,0.2094493,c1,c234
1763,5,0.23695745,0.42646363,0.33657897,c234,c234
1764,2,0.57360697,0.29871616,0.12767692,c5,c1
1765,4,0.1389148,0.34872055,0.5123646,c5,c5
1766,4,0.21635199,0.3269707,0.45667726,c5,c5
1767,3,0.45440716,0.39622003,0.14937276,c1,c1
1768,3,0.4476423,0.31732905,0.23502862,c1,c1
1769,5,0.28964883,0.321916,0.38843518,c5,c5
1770,3,0.30623373,0.49262658,0.20113966,c234,c234
1771,1,0.35271007,0.34132665,0.30596328,c5,c1
1772,1,0.037733898,0.24539599,0.7168701,c5,c5
1773,2,0.15940087,0.25367895,0.58692026,c5,c5
1774,3,0.25047266,0.5125582,0.23696913,c234,c234
1775,1,0.11780597,0.24440737,0.6377867,c234,c5
1776,5,0.049881976,0.21567465,0.73444337,c5,c5
1777,3,0.47832695,0.34432626,0.17734678,c234,c1
1778,5,0.10159722,0.2957811,0.6026217,c5,c5
1779,2,0.09511133,0.2079151,0.6969735,c5,c5
1780,4,0.6836755,0.25179434,0.064530104,c1,c1
1781,1,0.18077841,0.47338945,0.34583217,c234,c234
1782,3,0.33145136,0.47729725,0.19125138,c5,c234
1783,4,0.6391414,0.2799967,0.080861904,c1,c1
1784,4,0.19827355,0.33971256,0.4620139,c5,c5
1785,5,0.11675389,0.2588244,0.6244218,c5,c5
1786,5,0.16825238,0.341793,0.48995462,c1,c5
1787,2,0.15584701,0.39429426,0.44985867,c1,c5
1788,3,0.26686212,0.3348222,0.39831564,c5,c5
1789,1,0.09165624,0.31734467,0.5909991,c5,c5
1790,4,0.49548814,0.34525257,0.1592593,c234,c1
1791,3,0.32622454,0.26760894,0.40616646,c5,c5
1792,4,0.6933808,0.23289227,0.07372695,c234,c1
1793,1,0.6341163,0.23470654,0.13117717,c1,c1
1794,5,0.5481034,0.34657174,0.105324894,c1,c1
1795,1,0.41821927,0.39533418,0.18644655,c1,c1
1796,2,0.33216769,0.45233214,0.21550016,c5,c234
1797,4,0.40147668,0.30234843,0.2961749,c234,c1
1798,2,0.49967173,0.3493811,0.15094715,c1,c1
1799,1,0.10701105,0.28732184,0.6056671,c5,c5
1800,1,0.250132,0.42689353,0.32297453,c5,c234
1801,5,0.23547733,0.3549635,0.40955916,c234,c5
1802,3,0.06486871,0.17067698,0.7644543,c5,c5
1803,5,0.08655239,0.3322756,0.58117205,c5,c5
1804,4,0.20170124,0.47034538,0.3279534,c234,c234
1805,1,0.34901762,0.31525344,0.33572894,c1,c1
1806,2,0.24510925,0.48148495,0.27340573,c5,c234
1807,1,0.41889673,0.33511707,0.24598627,c5,c1
1808,2,0.104715966,0.25974458,0.6355395,c5,c5
1809,5,0.17734532,0.35174736,0.4709073,c5,c5
1810,2,0.3766277,0.47101504,0.15235722,c5,c234
1811,1,0.07406169,0.2792331,0.64670527,c5,c5
1812,2,0.4365929,0.38033855,0.18306853,c1,c1
1813,3,0.087410934,0.28535268,0.62723637,c234,c5
1814,1,0.11017194,0.38878578,0.5010423,c5,c5
1815,1,0.33234227,0.3915471,0.27611062,c5,c234
1816,5,0.5736867,0.29346693,0.13284631,c234,c1
1817,3,0.47746146,0.29664356,0.22589502,c5,c1
1818,1,0.060433675,0.25932688,0.68023944,c234,c5
1819,1,0.27332097,0.32807592,0.3986031,c5,c5
1820,2,0.46745235,0.34895363,0.18359405,c5,c1
1821,1,0.3587867,0.3808048,0.2604085,c1,c234
1822,1,0.37501538,0.27794033,0.3470443,c5,c1
1823,2,0.104432754,0.31987426,0.575693,c5,c5
1824,2,0.36391485,0.4511887,0.18489644,c1,c234
1825,4,0.057737134,0.29994693,0.64231586,c5,c5
1826,2,0.11098529,0.28196153,0.60705316,c234,c5
1827,1,0.08594936,0.22736041,0.6866902,c234,c5
1828,4,0.3404583,0.4179474,0.2415943,c1,c234
1829,1,0.7596047,0.187426,0.052969288,c1,c1
1830,3,0.16924655,0.4863948,0.34435865,c234,c234
1831,3,0.2946285,0.32986757,0.37550393,c5,c5
1832,5,0.48298055,0.4032499,0.11376963,c1,c1
1833,4,0.08628914,0.25780055,0.6559104,c234,c5
1834,4,0.09379666,0.250019,0.6561843,c234,c5
1835,5,0.70340216,0.22543919,0.07115874,c1,c1
1836,1,0.100654446,0.44912386,0.4502217,c234,c5
1837,3,0.050760224,0.23817639,0.7110634,c234,c5
1838,5,0.48707604,0.35155654,0.16136742,c234,c1
1839,3,0.63131607,0.22898272,0.13970122,c234,c1
1840,1,0.52897143,0.35239244,0.11863617,c1,c1
1841,2,0.08208866,0.2523883,0.66552305,c5,c5
1842,4,0.17684197,0.32061055,0.5025475,c234,c5
1843,2,0.11791123,0.3771073,0.5049815,c234,c5
1844,4,0.31577766,0.38597903,0.29824328,c1,c234
1845,3,0.27844176,0.5024725,0.21908568,c1,c234
1846,5,0.05575072,0.23108032,0.71316904,c5,c5
1847,4,0.37143537,0.29173878,0.33682585,c1,c1
1848,5,0.15317951,0.43828964,0.4085309,c234,c234
1849,2,0.13075902,0.37286168,0.49637932,c234,c5
1850,2,0.11680756,0.21428542,0.668907,c1,c5
1851,1,0.25087616,0.3512961,0.3978277,c234,c5
1852,3,0.7325034,0.1779369,0.089559704,c1,c1
1853,5,0.41595843,0.37195355,0.21208802,c234,c1
1854,4,0.11554723,0.23238526,0.65206754,c1,c5
1855,1,0.24395688,0.47456414,0.281479,c234,c234
1856,1,0.38131437,0.39995563,0.21872999,c234,c234
1857,4,0.19179434,0.48453096,0.32367468,c234,c234
1858,3,0.6300004,0.27699628,0.09300326,c1,c1
1859,1,0.5265538,0.3715185,0.1019277,c1,c1
1860,2,0.12729578,0.42665935,0.44604486,c234,c5
1861,3,0.27860183,0.36610344,0.35529473,c234,c234
1862,3,0.4901005,0.32131764,0.18858188,c1,c1
1863,5,0.12454707,0.4323834,0.44306955,c234,c5
1864,5,0.12984338,0.3699797,0.5001769,c5,c5
1865,3,0.5057262,0.34713498,0.14713879,c1,c1
1866,4,0.22298025,0.48822412,0.28879574,c234,c234
1867,3,0.22938693,0.3498374,0.42077562,c1,c5
1868,2,0.18221647,0.4184235,0.39936,c234,c234
1869,4,0.79601324,0.15081313,0.053173553,c1,c1
1870,4,0.42443964,0.3922072,0.1833532,c1,c1
1871,2,0.6675829,0.21509832,0.1173187,c234,c1
1872,2,0.33556506,0.43958688,0.22484814,c234,c234
1873,1,0.14816493,0.33291802,0.518917,c1,c5
1874,1,0.33995754,0.40117955,0.25886294,c234,c234
1875,2,0.1675158,0.5167414,0.31574276,c234,c234
1876,5,0.21395044,0.29047877,0.49557078,c5,c5
1877,5,0.29903606,0.35523063,0.34573328,c1,c234
1878,5,0.4974621,0.3365586,0.16597931,c5,c1
1879,5,0.32728705,0.49227655,0.18043645,c5,c234
1880,3,0.060080096,0.27544382,0.6644761,c234,c5
1881,2,0.1599646,0.25247556,0.5875598,c234,c5
1882,4,0.38772857,0.40887362,0.20339784,c5,c234
1883,3,0.21560831,0.48386842,0.30052322,c5,c234
1884,4,0.5185143,0.36584604,0.115639694,c1,c1
1885,1,0.15812345,0.49183425,0.35004225,c5,c234
1886,3,0.39463434,0.46949878,0.13586687,c1,c234
1887,5,0.40727648,0.38853106,0.20419239,c234,c1
1888,3,0.2185123,0.27467033,0.50681746,c234,c5
1889,5,0.56883883,0.32474822,0.106412984,c1,c1
1890,5,0.48442593,0.31802407,0.19755004,c234,c1
1891,1,0.2769851,0.31582537,0.40718952,c5,c5
1892,3,0.34054828,0.39591113,0.2635406,c1,c234
1893,2,0.19024554,0.23326448,0.57649004,c5,c5
1894,4,0.41269413,0.4015624,0.18574353,c1,c1
1895,4,0.12830728,0.40805843,0.46363425,c5,c5
1896,3,0.2625684,0.50704145,0.23039019,c5,c234
1897,2,0.60570407,0.30509743,0.08919851,c1,c1
1898,1,0.12683392,0.28697833,0.5861877,c1,c5
1899,1,0.22379242,0.32169977,0.45450777,c5,c5
1900,4,0.20869869,0.36641178,0.42488948,c234,c5
1901,2,0.36386847,0.3579431,0.27818847,c5,c1
1902,1,0.35133216,0.45818156,0.19048624,c234,c234
1903,1,0.17651822,0.37382594,0.44965592,c234,c5
1904,4,0.6391414,0.2799967,0.080861904,c1,c1
1905,5,0.52987486,0.3442074,0.12591778,c1,c1
1906,2,0.32079032,0.4646154,0.21459426,c234,c234
1907,5,0.28948238,0.4266733,0.2838443,c1,c234
1908,1,0.1286369,0.28002718,0.5913359,c234,c5
1909,1,0.56909513,0.31663316,0.11427169,c234,c1
1910,2,0.23743191,0.26401898,0.49854916,c234,c5
1911,1,0.5584774,0.32220876,0.11931382,c234,c1
1912,2,0.5200159,0.35652983,0.12345431,c234,c1
1913,2,0.12720753,0.24266793,0.63012457,c5,c5
1914,4,0.43896174,0.33607098,0.22496733,c5,c1
1915,5,0.31124175,0.45020837,0.23854993,c1,c234
1916,2,0.21284948,0.29238155,0.49476904,c234,c5
1917,3,0.21544336,0.41619143,0.36836526,c234,c234
1918,1,0.19856939,0.365805,0.43562555,c234,c5
1919,2,0.3050205,0.44602898,0.24895048,c1,c234
1920,1,0.11857037,0.37288076,0.5085489,c1,c5
1921,2,0.17148417,0.30798844,0.52052736,c1,c5
1922,2,0.1467675,0.49324593,0.35998648,c5,c234
1923,3,0.31407502,0.32836023,0.3575647,c5,c5
1924,2,0.2596464,0.43107352,0.30928013,c1,c234
1925,1,0.29242668,0.32801744,0.37955588,c234,c5
1926,1,0.1192161,0.3856808,0.49510303,c234,c5
1927,5,0.25850865,0.3870503,0.35444105,c234,c234
1928,1,0.5922373,0.29799563,0.109767064,c234,c1
1929,1,0.40320784,0.47382075,0.12297144,c234,c234
1930,2,0.22427538,0.49165967,0.28406492,c234,c234
1931,2,0.23323242,0.3368439,0.42992368,c1,c5
1932,5,0.3846665,0.43609717,0.17923628,c234,c234
1933,4,0.28484216,0.41151896,0.30363885,c1,c234
1934,3,0.2161558,0.37184605,0.4119982,c234,c5
1935,5,0.06849165,0.3257995,0.60570884,c5,c5
1936,1,0.14114472,0.2783794,0.58047587,c1,c5
1937,1,0.33212006,0.34750694,0.32037297,c234,c234
1938,4,0.42126402,0.31109494,0.267641,c1,c1
1939,4,0.5768593,0.31283,0.11031076,c1,c1
1940,2,0.3005871,0.30020204,0.39921093,c1,c5
1941,1,0.77377665,0.15828057,0.06794279,c1,c1
1942,3,0.11592745,0.2944813,0.5895912,c5,c5
1943,3,0.47218138,0.2618798,0.26593888,c1,c1
1944,3,0.510456,0.34265167,0.14689222,c1,c1
1945,4,0.3320398,0.4476153,0.22034489,c5,c234
1946,4,0.40671936,0.30708286,0.28619775,c234,c1
1947,5,0.32174256,0.2900167,0.38824072,c5,c5
1948,3,0.12163236,0.34405378,0.53431386,c5,c5
1949,4,0.28409675,0.47305068,0.24285257,c234,c234
1950,2,0.29547006,0.28611737,0.41841257,c5,c5
1951,2,0.41551906,0.41567123,0.16880964,c234,c234
1952,5,0.08337515,0.36948857,0.54713625,c5,c5
1953,1,0.36847165,0.31997743,0.31155095,c234,c1
1954,2,0.13741921,0.4228678,0.43971294,c1,c5
1955,5,0.16376814,0.539867,0.29636487,c1,c234
1956,2,0.1326688,0.25057307,0.61675805,c5,c5
1957,5,0.52953124,0.3326691,0.13779965,c1,c1
1958,2,0.5451637,0.32356608,0.13127023,c234,c1
1959,2,0.27271795,0.2735661,0.45371595,c234,c5
1960,5,0.229331,0.4149101,0.35575894,c234,c234
1961,3,0.12527323,0.5101955,0.36453128,c5,c234
1962,1,0.23241422,0.41635114,0.35123467,c234,c234
1963,3,0.07586549,0.22409986,0.7000347,c5,c5
1964,1,0.099148944,0.30465555,0.5961954,c5,c5
1965,5,0.270636,0.34171945,0.38764453,c5,c5
1966,1,0.17566696,0.316272,0.50806105,c5,c5
1967,5,0.6538545,0.2092908,0.13685472,c1,c1
1968,2,0.091062106,0.25868452,0.65025336,c5,c5
1969,2,0.21016857,0.50675964,0.28307176,c5,c234
1970,4,0.15379675,0.43482277,0.41138053,c234,c234
1971,1,0.55464387,0.33544484,0.10991132,c234,c1
1972,1,0.15400767,0.46565628,0.38033608,c1,c234
1973,2,0.21382825,0.3628915,0.42328027,c1,c5
1974,4,0.2076329,0.38564306,0.40672407,c1,c5
1975,2,0.20177631,0.44787896,0.35034472,c234,c234
1976,3,0.18349068,0.4243433,0.39216605,c234,c234
1977,4,0.22104587,0.2629956,0.51595855,c1,c5
1978,2,0.1441891,0.23253272,0.62327814,c5,c5
1979,4,0.14628653,0.34087455,0.51283896,c234,c5
1980,3,0.30512235,0.47832853,0.2165491,c234,c234
1981,1,0.12896179,0.36962712,0.5014111,c1,c5
1982,1,0.07000456,0.3258386,0.60415685,c5,c5
1983,1,0.08890553,0.3723012,0.5387933,c234,c5
1984,3,0.5049767,0.36746982,0.12755348,c234,c1
1985,1,0.2804062,0.36384842,0.3557454,c1,c234
1986,3,0.30404627,0.478887,0.21706675,c234,c234
1987,5,0.5172064,0.32381752,0.15897618,c234,c1
1988,1,0.06284464,0.352149,0.58500636,c1,c5
1989,2,0.35929027,0.28058514,0.36012456,c1,c5
1990,2,0.30384892,0.43378487,0.26236618,c234,c234
1991,1,0.20230027,0.3580949,0.4396048,c5,c5
1992,4,0.19928223,0.38628957,0.4144282,c1,c5
1993,3,0.20314676,0.24934158,0.54751164,c1,c5
1994,4,0.27129957,0.36721885,0.36148155,c5,c234
1995,4,0.10743108,0.3006366,0.5919324,c5,c5
1996,3,0.6178808,0.26904392,0.113075234,c5,c1
1997,4,0.16588618,0.34666622,0.48744756,c234,c5
1998,5,0.17748602,0.45422336,0.36829063,c5,c234
1999,2,0.6714128,0.25691667,0.07167052,c234,c1
2000,2,0.6409823,0.28342906,0.07558868,c1,c1
2001,2,0.40912512,0.3706529,0.22022201,c5,c1
2002,2,0.6352276,0.28071305,0.08405929,c1,c1
2003,3,0.23178945,0.2654156,0.502795,c1,c5
2004,2,0.523457,0.35077614,0.12576683,c5,c1
2005,4,0.2572405,0.34767944,0.39508012,c5,c5
2006,1,0.37981173,0.43159312,0.18859513,c5,c234
2007,2,0.1543875,0.42368367,0.42192885,c1,c234
2008,3,0.16536298,0.27138403,0.563253,c234,c5
2009,2,0.4922822,0.3657438,0.14197402,c234,c1
2010,4,0.06347639,0.24873567,0.6877879,c234,c5
2011,1,0.14348769,0.26322255,0.59328973,c5,c5
2012,4,0.6741352,0.2591815,0.06668327,c1,c1
2013,2,0.3229341,0.26410255,0.4129634,c5,c5
2014,5,0.4887597,0.3544119,0.15682839,c1,c1
2015,5,0.4536406,0.39625242,0.15010698,c234,c1
2016,5,0.4762252,0.3408001,0.18297471,c1,c1
2017,2,0.07462224,0.18593599,0.7394418,c5,c5
2018,4,0.483828,0.34961736,0.1665546,c234,c1
2019,2,0.10987364,0.21870995,0.6714164,c1,c5
2020,5,0.25572607,0.51582474,0.22844921,c5,c234
2021,2,0.46693954,0.2511581,0.28190243,c234,c1
2022,1,0.13890411,0.3335392,0.5275567,c5,c5
2023,5,0.100098416,0.31935716,0.5805444,c5,c5
2024,4,0.4207897,0.34471956,0.23449078,c234,c1
2025,4,0.34916893,0.45509648,0.19573458,c234,c234
2026,2,0.13291709,0.21284212,0.65424085,c5,c5
2027,4,0.71948105,0.22695507,0.053563826,c1,c1
2028,5,0.4182557,0.35583666,0.22590761,c234,c1
2029,3,0.17050268,0.34661812,0.48287922,c234,c5
2030,1,0.17223953,0.4415505,0.38621,c5,c234
2031,4,0.17914729,0.2618537,0.55899906,c1,c5
2032,4,0.5506347,0.354563,0.09480235,c1,c1
2033,3,0.443197,0.36810786,0.18869512,c1,c1
2034,2,0.1731312,0.47849762,0.34837118,c1,c234
2035,3,0.25068617,0.4045266,0.34478718,c5,c234
2036,3,0.6367096,0.27503467,0.0882558,c1,c1
2037,1,0.17749912,0.3120154,0.5104854,c5,c5
2038,3,0.4332598,0.2702349,0.2965053,c5,c1
2039,3,0.084080316,0.1941726,0.7217471,c234,c5
2040,1,0.13945982,0.40859637,0.45194378,c5,c5
2041,3,0.5472779,0.3530797,0.09964237,c1,c1
2042,5,0.3069894,0.29206768,0.40094292,c1,c5
2043,2,0.552329,0.33184,0.115830995,c5,c1
2044,5,0.21540403,0.46648252,0.31811345,c5,c234
2045,3,0.3589956,0.4053825,0.23562193,c234,c234
2046,2,0.25368556,0.4832948,0.26301956,c234,c234
2047,4,0.21568435,0.35569015,0.42862543,c234,c5
2048,3,0.18982281,0.28886718,0.52131003,c5,c5
2049,2,0.35517508,0.37916806,0.2656569,c234,c234
2050,4,0.14420678,0.32130656,0.53448665,c234,c5
2051,5,0.07915687,0.34050027,0.5803428,c5,c5
2052,4,0.64053744,0.27548334,0.08397921,c1,c1
2053,4,0.13765652,0.30144122,0.5609023,c5,c5
2054,5,0.38098136,0.39461344,0.22440524,c234,c234
2055,1,0.51523954,0.34171852,0.14304194,c5,c1
2056,1,0.14710085,0.52998924,0.3229099,c1,c234
2057,2,0.6158816,0.24756615,0.13655221,c1,c1
2058,2,0.4932754,0.34445632,0.16226833,c234,c1
2059,3,0.17751868,0.4702182,0.35226315,c234,c234
2060,2,0.19874197,0.21982624,0.5814318,c5,c5
2061,4,0.42233098,0.27062145,0.30704755,c1,c1
2062,2,0.13507968,0.39067522,0.47424507,c5,c5
2063,5,0.1452414,0.25009835,0.6046602,c234,c5
2064,2,0.0425866,0.20107213,0.75634134,c5,c5
2065,5,0.46547222,0.35450184,0.180026,c234,c1
2066,2,0.07697698,0.2866333,0.6363897,c5,c5
2067,4,0.15994434,0.20622674,0.6338289,c1,c5
2068,4,0.6269594,0.28498304,0.08805759,c1,c1
2069,5,0.051302977,0.22580738,0.72288966,c1,c5
2070,5,0.21820174,0.4295191,0.3522792,c5,c234
2071,5,0.039584458,0.17152777,0.78888774,c5,c5
2072,4,0.23762211,0.3490884,0.41328955,c1,c5
2073,4,0.10416198,0.22845165,0.6673863,c234,c5
2074,1,0.09992864,0.38985878,0.5102126,c234,c5
2075,5,0.4017387,0.32720986,0.27105138,c5,c1
2076,3,0.6402027,0.25574538,0.10405195,c1,c1
2077,1,0.07777376,0.32173422,0.600492,c5,c5
2078,4,0.30749464,0.30348122,0.3890241,c1,c5
2079,4,0.117012374,0.32529768,0.5576899,c1,c5
2080,2,0.237618,0.3757471,0.38663486,c5,c5
2081,5,0.39577046,0.26946405,0.33476546,c1,c1
2082,2,0.11507919,0.26280862,0.6221122,c5,c5
2083,2,0.17322057,0.45592996,0.3708495,c5,c234
2084,2,0.5600464,0.33503187,0.10492175,c234,c1
2085,4,0.03221395,0.1781136,0.7896725,c5,c5
2086,1,0.39544734,0.44315043,0.16140223,c5,c234
2087,3,0.14675091,0.28959554,0.5636536,c5,c5
2088,5,0.13342504,0.39813915,0.46843585,c5,c5
2089,2,0.38536915,0.46972087,0.14491005,c234,c234
2090,1,0.30041367,0.53001714,0.1695692,c234,c234
2091,2,0.10238315,0.26118934,0.6364275,c234,c5
2092,3,0.35926783,0.36076754,0.27996463,c5,c234
2093,4,0.22335042,0.4065142,0.37013537,c1,c234
2094,1,0.37566575,0.30859956,0.31573465,c1,c1
2095,5,0.35550106,0.44529986,0.19919905,c1,c234
2096,3,0.4574601,0.31563798,0.2269019,c1,c1
2097,5,0.2865091,0.3735643,0.33992663,c5,c234
2098,4,0.129218,0.42534778,0.44543427,c234,c5
2099,2,0.49498266,0.38356838,0.12144888,c1,c1
2100,3,0.5927354,0.28057,0.12669459,c1,c1
2101,3,0.04382741,0.17931318,0.7768594,c5,c5
2102,3,0.34405398,0.326812,0.32913405,c1,c1
2103,5,0.104407065,0.24372612,0.6518668,c1,c5
2104,2,0.27782026,0.26420146,0.4579783,c5,c5
2105,5,0.66743743,0.26131642,0.07124616,c1,c1
2106,3,0.09462294,0.2143485,0.6910286,c5,c5
2107,4,0.17476872,0.35166612,0.4735652,c1,c5
2108,3,0.44240543,0.35696596,0.20062858,c234,c1
2109,4,0.22434415,0.3829756,0.3926803,c234,c5
2110,2,0.06262612,0.2015067,0.7358672,c1,c5
2111,1,0.2955555,0.41556808,0.2888764,c234,c234
2112,3,0.45576018,0.3864447,0.15779518,c1,c1
2113,1,0.7057524,0.2382079,0.056039754,c1,c1
2114,4,0.3367909,0.4049353,0.2582738,c1,c234
2115,3,0.40725762,0.47520337,0.117538996,c1,c234
2116,3,0.48378056,0.36580136,0.15041806,c1,c1
2117,5,0.51884896,0.35773292,0.12341809,c234,c1
2118,1,0.057857946,0.29911047,0.6430316,c5,c5
2119,2,0.08751997,0.4197831,0.492697,c234,c5
2120,2,0.33464205,0.4449009,0.2204571,c5,c234
2121,4,0.6255615,0.2941268,0.080311686,c1,c1
2122,1,0.20761968,0.359875,0.43250534,c5,c5
2123,2,0.2932609,0.43612483,0.27061433,c234,c234
2124,3,0.45392123,0.3735792,0.17249951,c234,c1
2125,1,0.17765705,0.46794978,0.35439315,c1,c234
2126,3,0.51387936,0.36882547,0.11729518,c1,c1
2127,1,0.3076257,0.38244936,0.30992493,c5,c234
2128,4,0.20930812,0.3414869,0.44920495,c5,c5
2129,2,0.46156958,0.38532645,0.15310396,c234,c1
2130,4,0.53952444,0.2831664,0.1773092,c1,c1
2131,1,0.07479116,0.23710623,0.6881026,c1,c5
2132,1,0.3384185,0.31629866,0.34528285,c234,c5
2133,4,0.15104334,0.36233413,0.4866225,c234,c5
2134,1,0.12489491,0.31563818,0.55946684,c1,c5
2135,2,0.12273861,0.39063427,0.4866272,c5,c5
2136,4,0.4547805,0.373864,0.17135556,c1,c1
2137,4,0.069580466,0.19107413,0.7393454,c5,c5
2138,5,0.24535874,0.31627992,0.43836138,c5,c5
2139,1,0.1205672,0.3203,0.55913275,c5,c5
2140,5,0.22958869,0.53007597,0.24033533,c234,c234
2141,1,0.762502,0.18788843,0.04960955,c1,c1
2142,4,0.2510668,0.25266555,0.49626774,c5,c5
2143,5,0.281755,0.34849483,0.36975014,c5,c5
2144,1,0.6063774,0.28580377,0.10781878,c1,c1
2145,3,0.10535725,0.3081538,0.5864889,c234,c5
2146,5,0.37726566,0.40772232,0.21501201,c234,c234
2147,3,0.5523776,0.33665332,0.11096906,c234,c1
2148,1,0.07340703,0.2561532,0.6704398,c5,c5
2149,1,0.45717883,0.3824538,0.16036737,c234,c1
2150,5,0.2086669,0.5059103,0.2854228,c234,c234
2151,4,0.10555087,0.44438577,0.45006332,c5,c5
2152,4,0.5786314,0.2946939,0.12667474,c1,c1
2153,1,0.6810693,0.24403141,0.0748993,c1,c1
2154,1,0.10037539,0.22530638,0.67431825,c5,c5
2155,4,0.1386464,0.3671622,0.49419138,c1,c5
2156,2,0.19386066,0.4404057,0.36573365,c234,c234
2157,4,0.46139076,0.41470018,0.12390908,c1,c1
2158,5,0.36968976,0.41146332,0.21884686,c234,c234
2159,5,0.63854706,0.27895206,0.08250086,c1,c1
2160,4,0.6223864,0.26892966,0.10868393,c234,c1
2161,3,0.3261318,0.31975552,0.35411265,c5,c5
2162,1,0.096732445,0.36819723,0.53507024,c1,c5
2163,3,0.17683202,0.35201603,0.47115195,c234,c5
2164,3,0.14708124,0.22454605,0.6283727,c1,c5
2165,1,0.17005607,0.34549925,0.48444468,c1,c5
2166,4,0.37093246,0.44945538,0.17961223,c1,c234
2167,3,0.035247512,0.099872954,0.86487955,c5,c5
2168,3,0.7230833,0.18565781,0.09125887,c234,c1
2169,3,0.15376616,0.42487302,0.42136082,c234,c234
2170,3,0.3248466,0.27332297,0.40183038,c5,c5
2171,2,0.14853868,0.40485582,0.44660544,c234,c5
2172,2,0.20958278,0.4446627,0.34575453,c234,c234
2173,5,0.08833123,0.3805216,0.5311471,c234,c5
2174,3,0.5169214,0.31882584,0.16425277,c1,c1
2175,1,0.32093912,0.41660184,0.26245898,c5,c234
2176,1,0.10524387,0.35266155,0.5420945,c234,c5
2177,1,0.13111988,0.29232606,0.576554,c5,c5
2178,1,0.50129545,0.29211763,0.20658688,c1,c1
2179,3,0.19102228,0.37236348,0.43661427,c5,c5
2180,2,0.33439404,0.34090614,0.32469982,c234,c234
2181,2,0.4444334,0.3865077,0.16905895,c1,c1
2182,2,0.31390762,0.2706383,0.4154541,c234,c5
2183,3,0.15783188,0.478853,0.36331514,c234,c234
2184,2,0.2216705,0.51565105,0.26267844,c234,c234
2185,3,0.3789922,0.43557882,0.18542896,c5,c234
2186,4,0.26941532,0.48987707,0.24070767,c5,c234
2187,1,0.1377614,0.58683395,0.2754047,c5,c234
2188,3,0.15912798,0.24354625,0.59732574,c234,c5
2189,1,0.07403669,0.23576249,0.6902008,c5,c5
2190,1,0.19866274,0.435405,0.36593232,c5,c234
2191,1,0.5904218,0.25919873,0.1503794,c234,c1
2192,1,0.32196325,0.4117219,0.26631483,c5,c234
2193,2,0.33511883,0.41584203,0.24903914,c5,c234
2194,3,0.28521433,0.37596124,0.33882445,c5,c234
2195,3,0.11925441,0.30819172,0.5725539,c5,c5
2196,4,0.22517551,0.3859935,0.388831,c1,c5
2197,3,0.20084094,0.43272024,0.36643884,c1,c234
2198,4,0.1704568,0.27050045,0.55904275,c5,c5
2199,1,0.081101984,0.28718075,0.63171726,c5,c5
2200,5,0.49266002,0.30246955,0.20487048,c5,c1
2201,1,0.5075171,0.32851875,0.16396412,c1,c1
2202,3,0.49854654,0.26060748,0.24084604,c1,c1
2203,1,0.23258853,0.44213045,0.32528108,c234,c234
2204,4,0.35601306,0.42739415,0.21659282,c1,c234
2205,5,0.18542956,0.3400179,0.4745525,c234,c5
2206,3,0.43149495,0.4219112,0.14659387,c234,c1
2207,3,0.147698,0.3785438,0.47375813,c5,c5
2208,1,0.13179643,0.44099006,0.42721358,c5,c234
2209,4,0.17831434,0.2855549,0.5361308,c1,c5
2210,5,0.2988205,0.49630097,0.20487848,c234,c234
2211,3,0.14075866,0.5029468,0.35629454,c234,c234
2212,4,0.1633515,0.4082664,0.42838213,c1,c5
2213,5,0.31284073,0.3918995,0.2952598,c5,c234
2214,4,0.28527594,0.47742668,0.23729733,c234,c234
2215,3,0.3765095,0.4299873,0.19350316,c5,c234
2216,1,0.14912745,0.2520663,0.5988062,c234,c5
2217,3,0.33219558,0.37937057,0.28843382,c1,c234
2218,5,0.6813414,0.22192943,0.09672918,c1,c1
2219,3,0.28002232,0.42340174,0.29657596,c1,c234
2220,5,0.21632352,0.5645357,0.2191408,c5,c234
2221,5,0.52177554,0.3017364,0.17648803,c5,c1
2222,3,0.14260095,0.3669107,0.49048844,c5,c5
2223,1,0.753317,0.2015311,0.045151927,c234,c1
2224,2,0.08390205,0.29644364,0.6196543,c5,c5
2225,2,0.4298687,0.4074886,0.16264272,c234,c1
2226,1,0.68440086,0.20474324,0.110855915,c1,c1
2227,1,0.040570766,0.26378068,0.69564855,c234,c5
2228,1,0.4130601,0.45922953,0.12771039,c1,c234
2229,5,0.2636361,0.31860813,0.41775575,c5,c5
2230,2,0.053338196,0.19656122,0.75010055,c5,c5
2231,4,0.28627217,0.34645543,0.36727238,c1,c5
2232,3,0.071175896,0.29444024,0.63438386,c234,c5
2233,5,0.47647408,0.2636162,0.2599097,c5,c1
2234,2,0.13004322,0.18054712,0.6894096,c5,c5
2235,3,0.2992654,0.3724418,0.3282928,c234,c234
2236,5,0.1502709,0.45236552,0.39736363,c234,c234
2237,5,0.51884896,0.35773292,0.12341809,c1,c1
2238,2,0.25687966,0.41726235,0.32585803,c5,c234
2239,1,0.09603452,0.42475992,0.47920555,c234,c5
2240,1,0.44199574,0.42693523,0.13106903,c234,c1
2241,3,0.05226674,0.1277451,0.81998813,c5,c5
2242,2,0.11059978,0.2029033,0.68649685,c5,c5
2243,1,0.5355618,0.33096355,0.13347471,c1,c1
2244,5,0.2752323,0.38357097,0.34119675,c1,c234
2245,2,0.3971327,0.447272,0.15559535,c234,c234
2246,4,0.82197666,0.1341185,0.043904837,c1,c1
2247,4,0.2265434,0.37137014,0.4020864,c234,c5
2248,5,0.18329664,0.5290931,0.28761026,c1,c234
2249,5,0.07680179,0.3089927,0.6142055,c5,c5
2250,2,0.39022687,0.47007185,0.1397013,c1,c234
2251,1,0.17200606,0.35237384,0.47562012,c5,c5
2252,2,0.20586757,0.39881113,0.39532134,c234,c234
2253,5,0.5067896,0.37441382,0.11879655,c1,c1
2254,5,0.6049689,0.28619474,0.10883632,c234,c1
2255,4,0.5973664,0.27808955,0.12454405,c234,c1
2256,5,0.13903686,0.4017276,0.45923555,c5,c5
2257,1,0.21164156,0.50919133,0.27916712,c1,c234
2258,3,0.4828932,0.32090163,0.19620515,c5,c1
2259,5,0.33082476,0.43068746,0.2384878,c5,c234
2260,3,0.60706043,0.27252355,0.12041602,c1,c1
2261,3,0.27042565,0.32485446,0.40471995,c1,c5
2262,1,0.4964093,0.25428492,0.24930577,c234,c1
2263,1,0.45442438,0.30570123,0.23987441,c1,c1
2264,3,0.7359272,0.17938067,0.08469206,c1,c1
2265,3,0.08696988,0.23692869,0.67610145,c5,c5
2266,4,0.051726628,0.23976615,0.7085072,c234,c5
2267,5,0.44479924,0.28404614,0.27115455,c234,c1
2268,3,0.6068806,0.2978442,0.0952752,c1,c1
2269,4,0.16466774,0.2934266,0.54190564,c234,c5
2270,3,0.41539097,0.43125334,0.15335572,c1,c234
2271,2,0.12418636,0.29111314,0.5847005,c5,c5
2272,5,0.23288198,0.50334895,0.26376906,c234,c234
2273,5,0.39577046,0.26946405,0.33476546,c1,c1
2274,1,0.2934253,0.45763916,0.24893561,c5,c234
2275,5,0.07147112,0.22065774,0.7078712,c5,c5
2276,4,0.50739056,0.38346627,0.10914311,c234,c1
2277,4,0.27252805,0.33094603,0.39652595,c234,c5
2278,2,0.50203747,0.3595353,0.13842721,c5,c1
2279,4,0.50216156,0.28048617,0.2173523,c1,c1
2280,4,0.17867067,0.30860224,0.512727,c234,c5
2281,3,0.4622127,0.38094914,0.1568382,c1,c1
2282,1,0.45442438,0.30570123,0.23987441,c234,c1
2283,3,0.402947,0.47594815,0.12110484,c1,c234
2284,4,0.42053106,0.3355786,0.24389032,c1,c1
2285,5,0.66743743,0.26131642,0.07124616,c234,c1
2286,1,0.3963527,0.3782255,0.22542182,c1,c1
2287,5,0.4295174,0.41427475,0.15620787,c5,c1
2288,5,0.1271044,0.37312487,0.49977076,c1,c5
2289,3,0.053750318,0.25799832,0.68825144,c234,c5
2290,4,0.35535634,0.38082308,0.26382065,c234,c234
2291,4,0.12373679,0.37330833,0.50295484,c234,c5
2292,2,0.45388576,0.4329951,0.11311911,c5,c1
2293,3,0.061277844,0.20162256,0.73709965,c234,c5
2294,2,0.2163993,0.20150945,0.5820913,c234,c5
2295,2,0.18829946,0.2855321,0.52616847,c234,c5
2296,4,0.10135436,0.23611669,0.662529,c1,c5
2297,3,0.08023198,0.18484487,0.7349231,c5,c5
2298,5,0.30740467,0.3477138,0.34488153,c234,c234
2299,2,0.5526656,0.30393523,0.14339915,c234,c1
2300,3,0.03577016,0.18052846,0.78370136,c5,c5
2301,4,0.5421428,0.36826792,0.08958935,c1,c1
2302,3,0.53831995,0.3482344,0.113445684,c1,c1
2303,5,0.115706265,0.29869384,0.58559996,c1,c5
2304,3,0.64705557,0.2515108,0.101433635,c1,c1
2305,3,0.15746647,0.38688916,0.45564434,c5,c5
2306,1,0.10227189,0.4147937,0.48293445,c1,c5
2307,2,0.37808904,0.41578215,0.20612882,c5,c234
2308,5,0.12527744,0.28083906,0.5938835,c234,c5
2309,2,0.48200616,0.3253266,0.19266729,c234,c1
2310,1,0.071040444,0.30499047,0.6239691,c1,c5
2311,4,0.0531982,0.22380878,0.722993,c5,c5
2312,3,0.05031625,0.22033185,0.7293519,c234,c5
2313,5,0.25316247,0.51569647,0.23114105,c5,c234
2314,1,0.3778679,0.39611095,0.22602119,c5,c234
2315,2,0.255771,0.4448554,0.29937357,c5,c234
2316,5,0.15051652,0.31324413,0.5362394,c5,c5
2317,3,0.57262486,0.28322774,0.1441474,c234,c1
2318,2,0.64704067,0.28117412,0.07178523,c1,c1
2319,1,0.0945928,0.38902512,0.5163821,c5,c5
2320,4,0.17338054,0.34237573,0.48424375,c234,c5
2321,1,0.27472013,0.46628898,0.25899088,c1,c234
2322,5,0.38937044,0.36288887,0.24774072,c234,c1
2323,4,0.2015933,0.37433413,0.4240726,c234,c5
2324,3,0.1335265,0.3722965,0.49417698,c5,c5
2325,2,0.37460625,0.37947336,0.24592033,c5,c234
2326,2,0.04484062,0.17723449,0.77792495,c234,c5
2327,1,0.3638985,0.36288375,0.27321777,c234,c1
2328,3,0.27418673,0.39378652,0.33202678,c234,c234
2329,2,0.35216984,0.25586644,0.3919637,c234,c5
2330,3,0.2540052,0.23675889,0.5092359,c1,c5
2331,5,0.39117938,0.44543394,0.16338663,c234,c234
2332,4,0.3834787,0.32501745,0.29150382,c5,c1
2333,5,0.30131406,0.3847755,0.31391042,c1,c234
2334,4,0.2790162,0.46495983,0.25602403,c5,c234
2335,5,0.5915141,0.2713775,0.13710836,c1,c1
2336,2,0.52292275,0.25754178,0.21953548,c234,c1
2337,1,0.34642777,0.4255806,0.22799163,c234,c234
2338,1,0.12346165,0.4783883,0.3981501,c5,c234
2339,3,0.3841886,0.326906,0.2889054,c234,c1
2340,4,0.056091372,0.26190916,0.6819995,c5,c5
2341,2,0.47377115,0.33513483,0.191094,c1,c1
2342,3,0.47218138,0.2618798,0.26593888,c234,c1
2343,4,0.115974456,0.26498255,0.619043,c1,c5
2344,3,0.7445344,0.1861455,0.06932015,c1,c1
2345,4,0.23619722,0.4244732,0.3393296,c1,c234
2346,4,0.27790043,0.47809255,0.244007,c234,c234
2347,3,0.24939786,0.36300462,0.38759747,c234,c5
2348,4,0.25587276,0.52163106,0.22249614,c1,c234
2349,4,0.13763215,0.2615947,0.6007731,c5,c5
2350,2,0.067513876,0.21229206,0.720194,c5,c5
2351,1,0.09603452,0.42475992,0.47920555,c234,c5
2352,3,0.17670377,0.40064597,0.42265025,c5,c5
2353,2,0.3325513,0.42174634,0.24570236,c5,c234
2354,4,0.054664552,0.2819812,0.6633543,c5,c5
2355,1,0.040797647,0.30396885,0.65523344,c5,c5
2356,5,0.56030697,0.31534135,0.12435169,c5,c1
2357,2,0.08441291,0.20742466,0.7081624,c5,c5
2358,1,0.3461902,0.38345504,0.27035475,c1,c234
2359,4,0.68293834,0.25297776,0.06408393,c234,c1
2360,2,0.16761802,0.21157888,0.6208031,c1,c5
2361,3,0.552783,0.3361122,0.11110474,c1,c1
2362,5,0.6610208,0.22572613,0.1132531,c1,c1
2363,3,0.6480663,0.24939474,0.10253898,c1,c1
2364,2,0.46415797,0.3449329,0.19090907,c1,c1
2365,1,0.4094824,0.43456352,0.15595412,c234,c234
2366,3,0.4160744,0.41882616,0.16509941,c1,c234
2367,1,0.7226663,0.21881911,0.05851457,c234,c1
2368,1,0.21521212,0.32437572,0.4604122,c5,c5
2369,1,0.100762814,0.22692789,0.67230934,c5,c5
2370,5,0.18233094,0.47293046,0.34473857,c5,c234
2371,4,0.11163858,0.4247277,0.4636337,c234,c5
2372,5,0.4628156,0.32005513,0.21712926,c1,c1
2373,5,0.1401287,0.21759266,0.6422786,c5,c5
2374,1,0.14816493,0.33291802,0.518917,c1,c5
2375,1,0.39018854,0.3539977,0.2558138,c1,c1
2376,1,0.6895562,0.2325851,0.077858716,c1,c1
2377,4,0.45774648,0.4049473,0.13730627,c5,c1
2378,2,0.19354753,0.320942,0.48551047,c1,c5
2379,4,0.10796174,0.3381124,0.5539258,c234,c5
2380,5,0.23282321,0.4044983,0.3626785,c234,c234
2381,1,0.092818275,0.32738656,0.5797951,c1,c5
2382,2,0.1501205,0.26477545,0.5851041,c234,c5
2383,5,0.12709692,0.37438035,0.49852273,c1,c5
2384,1,0.16239432,0.4126685,0.42493725,c1,c5
2385,5,0.23941928,0.52242935,0.23815134,c5,c234
2386,1,0.08870136,0.34269395,0.56860465,c234,c5
2387,5,0.20497999,0.5230515,0.27196854,c5,c234
2388,5,0.47647408,0.2636162,0.2599097,c5,c1
2389,4,0.090292126,0.21663424,0.6930736,c234,c5
2390,1,0.18699631,0.50868106,0.3043226,c234,c234
2391,4,0.11958353,0.29438668,0.58602977,c1,c5
2392,5,0.16607615,0.3428105,0.49111336,c234,c5
2393,3,0.121665254,0.240543,0.63779175,c1,c5
2394,4,0.4280428,0.2699632,0.30199406,c234,c1
2395,2,0.42366618,0.42077988,0.15555398,c234,c1
2396,3,0.069789976,0.21495515,0.7152549,c1,c5
2397,3,0.07596487,0.24464951,0.6793856,c5,c5
2398,3,0.12652065,0.3193178,0.5541616,c5,c5
2399,2,0.057361007,0.27843893,0.66420007,c234,c5
2400,5,0.17318308,0.51138,0.3154369,c5,c234
2401,5,0.22424185,0.43615964,0.33959854,c5,c234
2402,1,0.3238923,0.47151944,0.20458825,c5,c234
2403,3,0.08604954,0.18532945,0.72862095,c5,c5
2404,4,0.16542545,0.27220824,0.5623663,c1,c5
2405,3,0.5932144,0.30608836,0.100697234,c5,c1
2406,3,0.11656956,0.38880503,0.4946254,c1,c5
2407,3,0.060208745,0.21484403,0.7249472,c234,c5
2408,4,0.2642077,0.33708218,0.39871007,c5,c5
2409,1,0.6934559,0.24712259,0.05942151,c234,c1
2410,4,0.28655475,0.36922586,0.3442194,c1,c234
2411,1,0.5032697,0.29219604,0.20453428,c1,c1
2412,3,0.14334978,0.44316837,0.41348192,c234,c234
2413,3,0.15893468,0.21766268,0.62340266,c5,c5
2414,1,0.048107166,0.26403138,0.68786144,c5,c5
2415,4,0.108652666,0.2694437,0.6219036,c5,c5
2416,2,0.8194885,0.12408727,0.056424253,c1,c1
2417,3,0.21590553,0.27219817,0.5118963,c1,c5
2418,3,0.29182115,0.4082315,0.29994735,c1,c234
2419,1,0.53201836,0.31113908,0.15684256,c1,c1
2420,4,0.58533555,0.30322358,0.11144084,c5,c1
2421,5,0.2841038,0.44110417,0.27479202,c234,c234
2422,2,0.29755765,0.35529402,0.3471484,c5,c234
2423,2,0.67681116,0.24333599,0.07985283,c5,c1
2424,2,0.22101185,0.46708316,0.31190503,c5,c234
2425,4,0.11125819,0.38889846,0.49984342,c234,c5
2426,3,0.2117753,0.37267673,0.41554797,c5,c5
2427,2,0.30656585,0.41767254,0.27576157,c1,c234
2428,1,0.073290884,0.28422976,0.64247936,c5,c5
2429,4,0.09353782,0.27315,0.63331217,c5,c5
2430,5,0.4444014,0.3631529,0.19244573,c1,c1
2431,1,0.15447608,0.28923416,0.55628973,c5,c5
2432,2,0.21367963,0.3621968,0.4241235,c1,c5
2433,5,0.43807742,0.291965,0.26995757,c1,c1
2434,5,0.5118643,0.27455038,0.21358527,c5,c1
2435,3,0.1103809,0.33342096,0.5561981,c5,c5
2436,3,0.61691844,0.26806802,0.11501348,c234,c1
2437,1,0.4642819,0.3582878,0.17743029,c1,c1
2438,3,0.104237944,0.3258929,0.5698691,c5,c5
2439,2,0.06796192,0.28217614,0.649862,c234,c5
2440,3,0.497445,0.37297863,0.12957634,c234,c1
2441,2,0.30801967,0.497014,0.19496639,c234,c234
2442,2,0.13275115,0.2581907,0.60905814,c234,c5
2443,5,0.10316519,0.28221777,0.61461705,c234,c5
2444,1,0.03235981,0.12816533,0.83947486,c1,c5
2445,2,0.05832514,0.32914618,0.6125286,c234,c5
2446,2,0.15998638,0.35816613,0.48184752,c1,c5
2447,5,0.41858155,0.41088653,0.17053193,c1,c1
2448,5,0.2469164,0.46685222,0.28623143,c234,c234
2449,2,0.3229341,0.26410255,0.4129634,c5,c5
2450,1,0.17545265,0.49015072,0.3343966,c5,c234
2451,3,0.5408284,0.34435946,0.11481215,c1,c1
2452,1,0.24774888,0.3024295,0.4498217,c234,c5
2453,4,0.3279663,0.4192961,0.2527376,c234,c234
2454,1,0.15971166,0.4557544,0.384534,c234,c234
2455,1,0.20305115,0.34755868,0.44939017,c5,c5
2456,4,0.10941601,0.44714013,0.44344386,c5,c234
2457,2,0.26224482,0.303058,0.43469715,c5,c5
2458,4,0.20220791,0.3790213,0.4187708,c5,c5
2459,2,0.45288813,0.33915612,0.20795566,c1,c1
2460,4,0.43333787,0.36651418,0.20014794,c234,c1
2461,2,0.06454189,0.29684,0.6386181,c234,c5
2462,5,0.6298451,0.26828498,0.1018699,c234,c1
2463,1,0.5958146,0.30711117,0.09707427,c234,c1
2464,1,0.563662,0.33011833,0.10621969,c5,c1
2465,1,0.4177859,0.39938474,0.18282934,c234,c1
2466,4,0.118138544,0.3847224,0.49713904,c5,c5
2467,2,0.42684266,0.2607963,0.31236103,c5,c1
2468,1,0.12082111,0.37470797,0.50447094,c1,c5
2469,5,0.15124898,0.47622958,0.37252146,c5,c234
2470,1,0.16959876,0.3579902,0.472411,c1,c5
2471,5,0.12552796,0.3410538,0.53341824,c5,c5
2472,4,0.30700037,0.36909676,0.32390285,c5,c234
2473,5,0.55064416,0.32203197,0.12732379,c234,c1
2474,4,0.25802192,0.49396196,0.2480161,c234,c234
2475,4,0.08886725,0.33334073,0.57779205,c234,c5
2476,4,0.6551787,0.27276927,0.07205203,c1,c1
2477,5,0.30918482,0.37660798,0.31420714,c234,c234
2478,5,0.61592406,0.27818802,0.10588795,c5,c1
2479,5,0.062232606,0.18109834,0.75666904,c5,c5
2480,3,0.1438598,0.2679547,0.5881854,c5,c5
2481,3,0.5073061,0.36629206,0.12640184,c1,c1
2482,1,0.16061729,0.27423835,0.56514436,c5,c5
2483,1,0.37917063,0.34189418,0.2789352,c1,c1
2484,5,0.56888014,0.2947396,0.13638027,c1,c1
2485,4,0.1674102,0.26873174,0.56385803,c1,c5
2486,5,0.59127396,0.24088757,0.16783848,c1,c1
2487,5,0.30757412,0.36877015,0.32365572,c5,c234
2488,1,0.6154796,0.29692793,0.08759245,c1,c1
2489,2,0.27535665,0.4839153,0.240728,c5,c234
2490,2,0.40209565,0.2801261,0.3177782,c1,c1
2491,4,0.5128241,0.3277664,0.15940942,c5,c1
2492,4,0.36679038,0.36587366,0.26733598,c1,c1
2493,5,0.27207008,0.46311763,0.26481226,c234,c234
2494,5,0.053755317,0.21066883,0.7355758,c5,c5
2495,4,0.5542342,0.34615418,0.09961161,c5,c1
2496,3,0.13035335,0.23797241,0.6316743,c5,c5
2497,3,0.32304043,0.34408468,0.3328749,c1,c234
2498,5,0.25604516,0.50768596,0.2362689,c234,c234
2499,2,0.53267515,0.3457098,0.12161508,c1,c1
2500,1,0.15961808,0.35681856,0.4835634,c5,c5
2501,3,0.15952437,0.44196895,0.3985066,c234,c234
2502,2,0.20735376,0.41247284,0.3801734,c234,c234
2503,2,0.1550624,0.43339938,0.41153818,c5,c234
2504,3,0.5803136,0.29804602,0.12164034,c234,c1
2505,2,0.620999,0.25060016,0.1284009,c1,c1
2506,4,0.41269413,0.4015624,0.18574353,c1,c1
2507,4,0.43944877,0.3696918,0.19085936,c234,c1
2508,3,0.1233333,0.31959,0.5570767,c5,c5
2509,4,0.4365605,0.3860165,0.17742296,c5,c1
2510,5,0.214497,0.46169168,0.32381132,c234,c234
2511,1,0.25336027,0.4189972,0.3276425,c1,c234
2512,3,0.15220666,0.4185154,0.42927787,c234,c5
2513,1,0.37349027,0.48608366,0.14042611,c1,c234
2514,2,0.36531925,0.3447708,0.28991,c234,c1
2515,4,0.07304728,0.26369637,0.66325635,c5,c5
2516,2,0.14589384,0.30511925,0.54898685,c1,c5
2517,5,0.15370607,0.33885407,0.50743985,c5,c5
2518,5,0.10200247,0.27437586,0.62362164,c5,c5
2519,3,0.42442298,0.30830497,0.26727208,c234,c1
2520,2,0.36248714,0.31924036,0.31827247,c1,c1
2521,4,0.43866587,0.36346707,0.19786707,c234,c1
2522,1,0.088293545,0.3291735,0.58253294,c5,c5
2523,3,0.4141554,0.28488788,0.30095667,c1,c1
2524,4,0.5404515,0.35599777,0.103550695,c5,c1
2525,1,0.177992,0.2681033,0.55390465,c1,c5
2526,4,0.13842353,0.30710605,0.55447036,c5,c5
2527,1,0.17988548,0.49789384,0.3222207,c5,c234
2528,4,0.25513497,0.4384723,0.3063927,c5,c234
2529,4,0.63267857,0.30083272,0.06648875,c234,c1
2530,2,0.6414844,0.2779102,0.08060544,c1,c1
2531,2,0.121146314,0.35798645,0.5208672,c5,c5
2532,3,0.3550533,0.46335953,0.18158714,c1,c234
2533,3,0.5109934,0.3750163,0.11399022,c234,c1
2534,2,0.12292845,0.32641345,0.5506581,c5,c5
2535,5,0.44637123,0.29237133,0.26125747,c234,c1
2536,1,0.6289094,0.2870507,0.08403991,c1,c1
2537,3,0.0800005,0.2425985,0.67740095,c5,c5
2538,2,0.2537111,0.28451604,0.46177286,c234,c5
2539,5,0.10604636,0.33858162,0.555372,c5,c5
2540,1,0.24587424,0.31139806,0.4427277,c1,c5
2541,5,0.310899,0.3225152,0.3665858,c234,c5
2542,3,0.17796484,0.43512312,0.38691202,c1,c234
2543,4,0.038854618,0.1392733,0.82187206,c5,c5
2544,3,0.56018156,0.3082496,0.13156888,c5,c1
2545,4,0.19368373,0.41506433,0.39125186,c5,c234
2546,5,0.23786566,0.3122299,0.44990444,c234,c5
2547,2,0.18381685,0.3391657,0.47701746,c5,c5
2548,1,0.27917057,0.3606622,0.36016724,c5,c234
2549,1,0.08967074,0.31899884,0.59133047,c5,c5
2550,3,0.51842564,0.31268987,0.16888443,c1,c1
2551,5,0.13937715,0.3445409,0.5160819,c1,c5
2552,5,0.049508225,0.21007223,0.74041957,c5,c5
2553,4,0.57908434,0.3324996,0.08841606,c5,c1
2554,5,0.06830639,0.22649746,0.7051961,c234,c5
2555,1,0.120097175,0.4150054,0.46489745,c234,c5
2556,5,0.2541105,0.4477507,0.29813883,c5,c234
2557,3,0.084796906,0.3219794,0.5932237,c234,c5
2558,2,0.14583242,0.303533,0.55063456,c5,c5
2559,4,0.41269413,0.4015624,0.18574353,c1,c1
2560,4,0.41269413,0.4015624,0.18574353,c5,c1
2561,1,0.053145725,0.28856844,0.6582858,c5,c5
2562,5,0.24486895,0.46264204,0.29248896,c5,c234
2563,4,0.16882394,0.30348834,0.5276878,c234,c5
2564,3,0.051533803,0.21519814,0.7332681,c234,c5
2565,3,0.13131285,0.3834142,0.48527297,c5,c5
2566,2,0.17482731,0.31395444,0.5112183,c5,c5
2567,1,0.14816493,0.33291802,0.518917,c1,c5
2568,4,0.13269058,0.29485446,0.5724549,c234,c5
2569,1,0.6333381,0.28399068,0.082671225,c234,c1
2570,2,0.12453499,0.3216813,0.5537837,c5,c5
2571,3,0.22432964,0.29948735,0.47618294,c234,c5
2572,3,0.0568598,0.25179762,0.69134253,c5,c5
2573,2,0.18715411,0.4477553,0.36509052,c234,c234
2574,2,0.2547576,0.4115736,0.33366883,c5,c234
2575,1,0.563662,0.33011833,0.10621969,c234,c1
2576,4,0.21286002,0.3933298,0.3938102,c234,c5
2577,4,0.14930402,0.31669453,0.53400147,c234,c5
2578,2,0.040930513,0.21635377,0.7427157,c234,c5
2579,1,0.5780395,0.33803287,0.08392762,c1,c1
2580,1,0.563662,0.33011833,0.10621969,c5,c1
2581,2,0.28734592,0.37444964,0.33820447,c234,c234
2582,5,0.2626523,0.4612365,0.2761112,c5,c234
2583,4,0.17521644,0.46411994,0.36066365,c5,c234
2584,3,0.14081816,0.4446875,0.41449434,c234,c234
2585,1,0.5131082,0.3791282,0.107763596,c234,c1
2586,4,0.6503035,0.2681822,0.081514336,c1,c1
2587,2,0.2504092,0.5233649,0.22622585,c234,c234
2588,2,0.4351368,0.36158976,0.20327343,c234,c1
2589,4,0.21819842,0.42502707,0.35677454,c5,c234
2590,4,0.11138135,0.33554068,0.553078,c5,c5
2591,4,0.16508624,0.25997087,0.5749429,c234,c5
2592,1,0.13083978,0.2844925,0.5846678,c5,c5
2593,5,0.45376405,0.44498748,0.10124845,c5,c1
2594,5,0.36608133,0.4262718,0.20764688,c5,c234
2595,1,0.20333621,0.33099535,0.4656685,c1,c5
2596,3,0.0739106,0.39182884,0.5342605,c5,c5
2597,2,0.6457917,0.27647457,0.07773374,c234,c1
2598,4,0.2078939,0.4338173,0.3582888,c5,c234
2599,2,0.30609876,0.30798215,0.38591906,c234,c5
2600,2,0.61985594,0.30839053,0.07175353,c234,c1
2601,2,0.14497167,0.4201044,0.43492395,c234,c5
2602,3,0.31737304,0.31085482,0.3717721,c234,c5
2603,4,0.25465965,0.52800983,0.21733057,c5,c234
2604,2,0.15629393,0.38522902,0.45847705,c234,c5
2605,3,0.312901,0.44114497,0.2459541,c1,c234
2606,5,0.24656706,0.24602588,0.5074071,c5,c5
2607,3,0.10985144,0.25984645,0.63030213,c5,c5
2608,4,0.5066692,0.33272827,0.16060252,c5,c1
2609,3,0.41762415,0.4139697,0.16840616,c234,c1
2610,2,0.77752477,0.17109168,0.051383577,c1,c1
2611,3,0.27173364,0.48666987,0.24159643,c234,c234
2612,3,0.62482345,0.31901175,0.05616476,c234,c1
2613,4,0.62226427,0.28221515,0.095520556,c234,c1
2614,4,0.053477265,0.24347241,0.7030503,c5,c5
2615,4,0.6836755,0.25179434,0.064530104,c1,c1
2616,1,0.37996688,0.3693345,0.25069863,c5,c1
2617,3,0.329315,0.3383665,0.33231845,c5,c234
2618,2,0.52824205,0.34628955,0.12546848,c1,c1
2619,3,0.25137353,0.3119528,0.43667364,c234,c5
2620,5,0.5375508,0.2609918,0.2014574,c1,c1
2621,1,0.34901762,0.31525344,0.33572894,c5,c1
2622,1,0.6888465,0.23890324,0.07225025,c1,c1
2623,3,0.20949438,0.39081416,0.39969152,c234,c5
2624,2,0.09358783,0.19397935,0.71243274,c5,c5
2625,3,0.065464474,0.31614935,0.61838615,c5,c5
2626,2,0.63522935,0.2500991,0.11467156,c1,c1
2627,5,0.66461897,0.2632481,0.07213294,c1,c1
2628,1,0.3818257,0.46130115,0.15687318,c234,c234
2629,2,0.2722381,0.27445704,0.45330483,c234,c5
2630,4,0.03754703,0.15651998,0.80593294,c5,c5
2631,2,0.3229341,0.26410255,0.4129634,c234,c5
2632,1,0.19082858,0.26142144,0.54775,c234,c5
2633,1,0.4657716,0.31362173,0.22060658,c234,c1
2634,3,0.078136966,0.3215053,0.6003578,c5,c5
2635,2,0.5578254,0.3082485,0.13392611,c1,c1
2636,1,0.13618934,0.3893907,0.47441998,c5,c5
2637,1,0.06853962,0.28180924,0.6496511,c5,c5
2638,4,0.13467592,0.2513449,0.6139792,c234,c5
2639,1,0.07930675,0.3169745,0.60371876,c234,c5
2640,4,0.53634965,0.34338886,0.120261565,c234,c1
2641,3,0.064686865,0.21145375,0.72385937,c5,c5
2642,2,0.15549062,0.3757446,0.46876475,c1,c5
2643,4,0.42233098,0.27062145,0.30704755,c1,c1
2644,2,0.09696967,0.25031796,0.65271235,c1,c5
2645,4,0.1741995,0.46153894,0.36426154,c5,c234
2646,1,0.08408966,0.3721096,0.5438007,c1,c5
2647,5,0.27368337,0.32966208,0.3966545,c1,c5
2648,1,0.4577879,0.43746462,0.10474748,c1,c1
2649,1,0.2027835,0.45664504,0.3405714,c234,c234
2650,3,0.2294388,0.3308901,0.4396711,c234,c5
2651,1,0.18312919,0.49694672,0.31992406,c234,c234
2652,5,0.22369626,0.46667856,0.30962515,c234,c234
2653,4,0.042766057,0.22179218,0.73544174,c5,c5
2654,4,0.1549889,0.3459208,0.4990903,c5,c5
2655,1,0.34426776,0.4082795,0.24745272,c1,c234
2656,3,0.095912516,0.3020315,0.602056,c5,c5
2657,1,0.18991244,0.43323058,0.376857,c5,c234
2658,2,0.3798231,0.40166315,0.21851379,c234,c234
2659,1,0.33527866,0.46450207,0.2002193,c1,c234
2660,1,0.2468781,0.5668368,0.18628514,c1,c234
2661,5,0.2636361,0.31860813,0.41775575,c5,c5
2662,1,0.52312374,0.34308338,0.13379283,c1,c1
2663,5,0.18126698,0.5124881,0.30624485,c1,c234
2664,5,0.08867619,0.23098628,0.68033755,c5,c5
2665,4,0.58541423,0.32321754,0.091368236,c1,c1
2666,4,0.13904478,0.38711497,0.47384024,c5,c5
2667,2,0.2285248,0.3759926,0.39548254,c5,c5
2668,3,0.6033599,0.24046919,0.15617096,c234,c1
2669,3,0.55900747,0.24172094,0.1992716,c1,c1
2670,2,0.049811326,0.20305051,0.7471382,c1,c5
2671,2,0.09472348,0.2636234,0.6416531,c234,c5
2672,5,0.055199627,0.29935497,0.64544535,c5,c5
2673,5,0.09837945,0.33493268,0.5666878,c234,c5
2674,3,0.43568805,0.45950472,0.104807146,c1,c234
2675,1,0.29601106,0.3980591,0.30592987,c234,c234
2676,4,0.22686526,0.37126276,0.401872,c1,c5
2677,4,0.5598484,0.30422178,0.13592982,c1,c1
2678,4,0.1811148,0.31006742,0.5088178,c5,c5
2679,2,0.15376198,0.5161221,0.33011594,c234,c234
2680,5,0.10888355,0.30821773,0.58289874,c5,c5
2681,2,0.21115787,0.40503493,0.38380718,c5,c234
2682,5,0.14453627,0.47670117,0.3787625,c5,c234
2683,2,0.35929027,0.28058514,0.36012456,c234,c5
2684,3,0.09451564,0.3363164,0.5691679,c5,c5
2685,4,0.23477858,0.34205985,0.42316163,c5,c5
2686,2,0.15028134,0.33808598,0.5116326,c1,c5
2687,5,0.32641134,0.47359413,0.19999456,c1,c234
2688,5,0.21104999,0.32904246,0.4599076,c1,c5
2689,2,0.23333925,0.46940598,0.2972547,c1,c234
2690,3,0.4697377,0.2854325,0.24482979,c234,c1
2691,3,0.49271998,0.34452027,0.16275972,c1,c1
2692,1,0.26055795,0.26433828,0.47510383,c5,c5
2693,1,0.66890985,0.26505283,0.06603729,c1,c1
2694,1,0.7908028,0.16616644,0.043030787,c1,c1
2695,1,0.13022938,0.2915127,0.5782579,c5,c5
2696,2,0.64346987,0.26459578,0.09193432,c5,c1
2697,5,0.13899909,0.54787624,0.3131246,c234,c234
2698,3,0.28851536,0.26978898,0.44169566,c5,c5
2699,1,0.563662,0.33011833,0.10621969,c1,c1
2700,5,0.07693671,0.23465009,0.68841326,c5,c5
2701,3,0.22992009,0.4200068,0.35007313,c234,c234
2702,5,0.32338065,0.43462533,0.24199402,c234,c234
2703,1,0.45347455,0.40362415,0.14290127,c234,c1
2704,2,0.15826045,0.40177113,0.43996838,c1,c5
2705,4,0.1776195,0.37354997,0.4488306,c1,c5
2706,3,0.26918527,0.348692,0.3821227,c234,c5
2707,2,0.06340975,0.21655144,0.72003883,c234,c5
2708,3,0.37161547,0.3466573,0.28172722,c1,c1
2709,3,0.06765061,0.25375718,0.67859226,c5,c5
2710,5,0.4762623,0.40518656,0.11855107,c234,c1
2711,4,0.115010664,0.3254823,0.5595071,c1,c5
2712,4,0.11958018,0.35691327,0.5235065,c234,c5
2713,2,0.096307896,0.31632155,0.5873705,c234,c5
2714,4,0.23526767,0.34562948,0.41910288,c1,c5
2715,1,0.563662,0.33011833,0.10621969,c1,c1
2716,2,0.4444334,0.3865077,0.16905895,c1,c1
2717,3,0.67462546,0.2260264,0.09934816,c1,c1
2718,3,0.3744005,0.35899746,0.26660204,c1,c1
2719,3,0.6023397,0.25776973,0.1398906,c1,c1
2720,3,0.47218138,0.2618798,0.26593888,c5,c1
2721,2,0.13339655,0.2267767,0.6398267,c5,c5
2722,2,0.13164885,0.4255907,0.4427604,c234,c5
2723,5,0.6429397,0.22952724,0.127533,c1,c1
2724,3,0.7325034,0.1779369,0.089559704,c1,c1
2725,1,0.18712658,0.38180882,0.43106458,c5,c5
2726,5,0.17307076,0.56278616,0.2641431,c234,c234
2727,5,0.0909589,0.2770443,0.6319968,c5,c5
2728,2,0.59644526,0.26421905,0.13933568,c1,c1
2729,1,0.4098399,0.3464917,0.24366836,c5,c1
2730,3,0.55967456,0.35705596,0.08326947,c1,c1
2731,3,0.24153878,0.29757643,0.4608848,c234,c5
2732,3,0.12902425,0.37443945,0.49653634,c234,c5
2733,3,0.19729131,0.2929691,0.50973964,c234,c5
2734,2,0.46170792,0.36706522,0.17122683,c5,c1
2735,3,0.23936455,0.28250557,0.47812983,c5,c5
2736,4,0.06672286,0.2547777,0.6784994,c5,c5
2737,3,0.28009912,0.3643606,0.35554025,c5,c234
2738,2,0.14782593,0.31748793,0.53468615,c5,c5
2739,5,0.4933944,0.28632268,0.22028287,c1,c1
2740,4,0.035224527,0.17780727,0.7869683,c5,c5
2741,4,0.35491827,0.37272382,0.2723579,c1,c234
2742,3,0.36453232,0.4424559,0.19301173,c1,c234
2743,2,0.22330257,0.31112438,0.465573,c5,c5
2744,5,0.07945502,0.30044636,0.62009865,c5,c5
2745,5,0.19167522,0.39099428,0.4173305,c5,c5
2746,3,0.25850248,0.49235126,0.24914622,c1,c234
2747,3,0.39263594,0.300457,0.30690706,c234,c1
2748,5,0.3303911,0.42134047,0.24826843,c234,c234
2749,4,0.12810168,0.23017812,0.64172024,c5,c5
2750,1,0.42977566,0.3752519,0.19497243,c1,c1
2751,2,0.22054876,0.35676447,0.4226868,c234,c5
2752,3,0.58215266,0.27448642,0.14336096,c1,c1
2753,2,0.38648129,0.34214228,0.2713764,c1,c1
2754,2,0.12334403,0.43030286,0.44635308,c5,c5
2755,4,0.11649874,0.27070242,0.6127988,c5,c5
2756,2,0.1150244,0.37248364,0.5124919,c1,c5
2757,3,0.24443941,0.43107808,0.3244825,c1,c234
2758,4,0.1336841,0.44198695,0.4243289,c1,c234
2759,1,0.16742983,0.2700211,0.56254905,c1,c5
2760,5,0.4062438,0.4659883,0.12776788,c5,c234
2761,4,0.19216183,0.29833534,0.5095029,c5,c5
2762,3,0.47465515,0.3581956,0.1671493,c234,c1
2763,1,0.090985954,0.44241485,0.46659926,c234,c5
2764,3,0.30986813,0.28701004,0.40312183,c5,c5
2765,3,0.42550823,0.44326943,0.13122228,c1,c234
2766,4,0.7359697,0.19774532,0.066284925,c5,c1
2767,2,0.16124125,0.38444397,0.45431477,c5,c5
2768,1,0.39616647,0.45570657,0.14812696,c1,c234
2769,5,0.66743743,0.26131642,0.07124616,c234,c1
2770,2,0.14381532,0.30434558,0.5518391,c5,c5
2771,2,0.10662824,0.3330406,0.5603312,c5,c5
2772,2,0.59944654,0.27876854,0.121784955,c234,c1
2773,3,0.2564575,0.5029169,0.24062562,c234,c234
2774,2,0.29733184,0.3602742,0.34239396,c234,c234
2775,2,0.6409823,0.28342906,0.07558868,c5,c1
2776,2,0.59235996,0.29453093,0.11310909,c1,c1
2777,4,0.80533934,0.14382648,0.050834153,c234,c1
2778,2,0.33451036,0.35028577,0.31520385,c234,c234
2779,5,0.44942725,0.40021715,0.15035562,c5,c1
2780,4,0.21094,0.36863288,0.42042705,c234,c5
2781,5,0.21699528,0.48793307,0.2950716,c234,c234
2782,3,0.34389886,0.46673772,0.18936339,c5,c234
2783,4,0.17315356,0.34465134,0.48219508,c234,c5
2784,2,0.10120622,0.37851363,0.52028006,c234,c5
2785,5,0.27258438,0.4600627,0.2673529,c5,c234
2786,2,0.067323856,0.2067528,0.72592324,c5,c5
2787,3,0.4735581,0.30027783,0.22616412,c5,c1
2788,4,0.22612946,0.47760704,0.29626352,c1,c234
2789,4,0.1661064,0.49687162,0.33702195,c5,c234
2790,5,0.1113655,0.409352,0.47928253,c5,c5
2791,1,0.34841332,0.34563863,0.305948,c234,c1
2792,5,0.1253796,0.2705977,0.6040227,c234,c5
2793,3,0.33740398,0.41160217,0.25099385,c5,c234
2794,4,0.1506361,0.49633437,0.3530295,c234,c234
2795,2,0.6943357,0.1844754,0.12118886,c234,c1
2796,3,0.32646424,0.41311476,0.260421,c5,c234
2797,2,0.18142635,0.4634015,0.35517216,c234,c234
2798,2,0.13645563,0.30672023,0.55682415,c234,c5
2799,2,0.4949255,0.38587207,0.11920244,c234,c1
2800,3,0.26008472,0.29310012,0.44681522,c5,c5
2801,5,0.39258996,0.31816196,0.2892481,c5,c1
2802,1,0.44581327,0.31862783,0.23555885,c5,c1
2803,1,0.12666512,0.34523737,0.52809757,c234,c5
2804,5,0.13371323,0.3680242,0.49826255,c5,c5
2805,1,0.4484851,0.33336723,0.2181477,c5,c1
2806,3,0.4217946,0.31257233,0.26563314,c1,c1
2807,2,0.66140753,0.2690166,0.06957582,c234,c1
2808,5,0.20665975,0.3925544,0.4007858,c5,c5
2809,1,0.045080796,0.22877157,0.7261476,c1,c5
2810,2,0.29146126,0.2993398,0.40919894,c5,c5
2811,2,0.06932059,0.1766278,0.75405157,c5,c5
2812,3,0.30217713,0.40941298,0.28840986,c1,c234
2813,2,0.2889876,0.51285446,0.19815795,c234,c234
2814,1,0.08298325,0.2843848,0.6326319,c234,c5
2815,1,0.24207665,0.34553346,0.4123899,c5,c5
2816,4,0.622447,0.2711687,0.106384195,c1,c1
2817,5,0.1277763,0.45367035,0.41855338,c5,c234
2818,1,0.2773843,0.29851773,0.42409799,c234,c5
2819,1,0.2542756,0.42948574,0.3162387,c234,c234
2820,2,0.22330257,0.31112438,0.465573,c1,c5
2821,4,0.39796537,0.41736972,0.18466489,c1,c234
2822,1,0.66526747,0.27504903,0.059683543,c234,c1
2823,1,0.34889022,0.34114116,0.30996865,c234,c1
2824,1,0.37391108,0.4166572,0.2094317,c234,c234
2825,1,0.07264842,0.2905042,0.6368474,c1,c5
2826,3,0.09715418,0.29951176,0.603334,c234,c5
2827,4,0.32188693,0.392899,0.2852141,c234,c234
2828,3,0.11253908,0.43224978,0.4552112,c5,c5
2829,3,0.3465445,0.38181457,0.2716409,c5,c234
2830,1,0.2916852,0.3144115,0.3939033,c5,c5
2831,2,0.46694514,0.3578445,0.17521034,c234,c1
2832,5,0.11681907,0.29798043,0.5852005,c5,c5
2833,1,0.08614434,0.21066105,0.7031947,c5,c5
2834,5,0.43835187,0.37316144,0.18848675,c5,c1
2835,3,0.35406414,0.33233854,0.3135973,c234,c1
2836,1,0.08515255,0.40902662,0.5058209,c5,c5
2837,3,0.7131167,0.21208744,0.07479584,c1,c1
2838,4,0.2354167,0.3796084,0.38497496,c234,c5
2839,4,0.19867882,0.32343376,0.4778874,c234,c5
2840,3,0.15658271,0.32242626,0.520991,c234,c5
2841,3,0.30926344,0.27110192,0.41963467,c5,c5
2842,1,0.106848605,0.44374102,0.44941035,c1,c5
2843,1,0.5031341,0.329199,0.16766696,c1,c1
2844,1,0.14455579,0.3821578,0.47328642,c1,c5
2845,1,0.18256451,0.3405346,0.47690088,c5,c5
2846,1,0.22850116,0.3947182,0.3767807,c5,c234
2847,4,0.14410535,0.31706885,0.5388258,c5,c5
2848,5,0.5049769,0.30902553,0.18599755,c1,c1
2849,2,0.14122641,0.34319675,0.51557684,c5,c5
2850,2,0.118439555,0.37183335,0.50972706,c5,c5
2851,4,0.17867622,0.37180272,0.44952106,c5,c5
2852,1,0.12850714,0.34812668,0.52336615,c234,c5
2853,2,0.34108296,0.3020537,0.35686332,c234,c5
2854,4,0.16726038,0.24823049,0.5845092,c5,c5
2855,4,0.32509035,0.36143255,0.31347704,c234,c234
2856,3,0.17905788,0.4708342,0.3501079,c234,c234
2857,3,0.13597102,0.40179336,0.46223554,c1,c5
2858,2,0.07611013,0.22740322,0.6964866,c234,c5
2859,1,0.09425506,0.41404927,0.49169564,c234,c5
2860,4,0.08834041,0.26808524,0.6435743,c234,c5
2861,5,0.28381315,0.3314671,0.38471982,c5,c5
2862,5,0.66743743,0.26131642,0.07124616,c1,c1
2863,1,0.09616186,0.29666978,0.6071684,c234,c5
2864,1,0.12842777,0.4741477,0.39742458,c234,c234
2865,5,0.33736095,0.38789737,0.27474162,c1,c234
2866,1,0.36476895,0.45631662,0.17891443,c234,c234
2867,3,0.5838848,0.32005107,0.09606414,c234,c1
2868,2,0.5771722,0.3425899,0.08023792,c234,c1
2869,3,0.21792723,0.49957162,0.28250113,c5,c234
2870,5,0.28676274,0.41328976,0.29994753,c1,c234
2871,4,0.07992859,0.23060445,0.68946695,c5,c5
2872,2,0.19871545,0.36746204,0.43382254,c1,c5
2873,3,0.090209596,0.2930187,0.61677176,c5,c5
2874,1,0.6392268,0.25173438,0.10903889,c234,c1
2875,4,0.43678564,0.38858005,0.17463438,c234,c1
2876,5,0.12950139,0.25448942,0.6160092,c5,c5
2877,1,0.40770838,0.2998465,0.29244506,c1,c1
2878,5,0.117183074,0.33431292,0.548504,c5,c5
2879,5,0.66743743,0.26131642,0.07124616,c234,c1
2880,3,0.101208724,0.24874194,0.6500493,c5,c5
2881,2,0.25149766,0.27915883,0.46934354,c234,c5
2882,2,0.08637832,0.2119516,0.7016701,c234,c5
2883,3,0.5731618,0.29975778,0.12708046,c1,c1
2884,4,0.6391414,0.2799967,0.080861904,c1,c1
2885,1,0.24624352,0.48863888,0.26511762,c5,c234
2886,3,0.16435383,0.4923499,0.34329626,c234,c234
2887,4,0.14723052,0.2847833,0.56798625,c1,c5
2888,4,0.5932998,0.3103655,0.09633472,c1,c1
2889,1,0.4089729,0.4349244,0.1561027,c1,c234
2890,3,0.25609085,0.38368776,0.3602214,c5,c234
2891,2,0.043979876,0.19896553,0.75705457,c5,c5
2892,4,0.47977892,0.37538946,0.14483157,c1,c1
2893,1,0.5568205,0.27713063,0.16604884,c5,c1
2894,4,0.06733677,0.15485205,0.77781117,c5,c5
2895,4,0.029986205,0.17133082,0.79868287,c5,c5
2896,2,0.15729412,0.41471845,0.4279875,c5,c5
2897,2,0.35929027,0.28058514,0.36012456,c5,c5
2898,1,0.39099184,0.42845184,0.1805563,c5,c234
2899,5,0.13987048,0.42208597,0.43804356,c5,c5
2900,3,0.19176574,0.3064408,0.5017935,c1,c5
2901,2,0.348418,0.33286884,0.3187132,c5,c1
2902,5,0.80359703,0.13634278,0.060060233,c1,c1
2903,4,0.62016517,0.31443793,0.06539685,c234,c1
2904,1,0.19798149,0.4006177,0.40140086,c5,c5
2905,2,0.2966224,0.35553098,0.3478467,c5,c234
2906,2,0.082442544,0.20501472,0.7125427,c1,c5
2907,4,0.051470276,0.18847741,0.7600523,c5,c5
2908,1,0.47431517,0.3873138,0.13837099,c1,c1
2909,5,0.54648936,0.31060198,0.14290874,c5,c1
2910,5,0.49268764,0.30737185,0.19994053,c5,c1
2911,5,0.11867662,0.47630134,0.405022,c1,c234
2912,4,0.15909491,0.28289124,0.55801386,c1,c5
2913,5,0.113336116,0.3136194,0.5730445,c5,c5
2914,3,0.11188534,0.22641067,0.661704,c1,c5
2915,1,0.17503598,0.41530168,0.40966237,c5,c234
2916,1,0.3152027,0.44055015,0.24424714,c234,c234
2917,1,0.5530925,0.26286188,0.18404558,c5,c1
2918,4,0.47701895,0.40139613,0.12158491,c1,c1
2919,5,0.8126137,0.1405919,0.046794403,c1,c1
2920,1,0.17725109,0.35001892,0.47272995,c5,c5
2921,4,0.6827563,0.22443569,0.09280797,c234,c1
2922,5,0.4770064,0.33073553,0.19225806,c234,c1
2923,3,0.27895084,0.35898975,0.36205938,c1,c5
2924,4,0.06392011,0.21024582,0.72583413,c5,c5
2925,5,0.06494383,0.24632518,0.688731,c234,c5
2926,4,0.38444692,0.38206095,0.23349217,c5,c1
2927,5,0.3627089,0.36806113,0.26922998,c1,c234
2928,4,0.5676039,0.3053129,0.12708318,c5,c1
2929,1,0.19956936,0.43430617,0.36612448,c5,c234
2930,1,0.1651674,0.44428286,0.3905497,c234,c234
2931,3,0.11258615,0.37087214,0.5165417,c5,c5
2932,3,0.395924,0.4464826,0.15759344,c1,c234
2933,4,0.68293834,0.25297776,0.06408393,c1,c1
2934,2,0.42702964,0.2748374,0.29813293,c1,c1
2935,2,0.64336747,0.27681026,0.07982223,c1,c1
2936,1,0.35731477,0.39096618,0.25171903,c234,c234
2937,5,0.28893957,0.41421536,0.29684505,c234,c234
2938,5,0.49317044,0.35172233,0.1551072,c234,c1
2939,5,0.13603844,0.32801673,0.5359449,c5,c5
2940,3,0.41490608,0.32508758,0.26000634,c5,c1
2941,3,0.5050159,0.27230266,0.22268143,c1,c1
2942,2,0.2556082,0.41697475,0.3274171,c234,c234
2943,4,0.09008614,0.37085286,0.539061,c5,c5
2944,3,0.3499596,0.43615025,0.21389012,c234,c234
2945,1,0.20087224,0.23162627,0.5675015,c234,c5
2946,5,0.048002876,0.18554766,0.7664495,c5,c5
2947,1,0.29451743,0.396244,0.30923855,c234,c234
2948,2,0.28063235,0.4168287,0.302539,c1,c234
2949,1,0.063979454,0.24142645,0.694594,c5,c5
2950,5,0.14329106,0.39007643,0.46663246,c1,c5
2951,2,0.37835866,0.2852865,0.33635488,c234,c1
2952,1,0.28590533,0.33500782,0.37908685,c234,c5
2953,2,0.32600948,0.4825907,0.19139977,c5,c234
2954,1,0.06415317,0.242082,0.69376475,c5,c5
2955,2,0.17316842,0.42380953,0.403022,c5,c234
2956,2,0.51209176,0.31273943,0.17516878,c5,c1
2957,5,0.19326016,0.55785316,0.24888662,c234,c234
2958,2,0.22511889,0.40629634,0.36858478,c1,c234
2959,5,0.37976232,0.30198395,0.3182537,c5,c1
2960,4,0.34105095,0.38432086,0.27462822,c5,c234
2961,4,0.60230863,0.31689107,0.080800325,c1,c1
2962,3,0.11301869,0.26486963,0.6221117,c5,c5
2963,1,0.2751074,0.41658,0.30831257,c1,c234
2964,3,0.18308626,0.3281443,0.4887695,c1,c5
2965,5,0.20533493,0.43490636,0.3597587,c5,c234
2966,1,0.34551707,0.4269171,0.22756582,c5,c234
2967,4,0.28855857,0.46142498,0.25001642,c234,c234
2968,3,0.23356949,0.3645301,0.40190038,c234,c5
2969,2,0.22349682,0.386498,0.39000514,c5,c5
2970,1,0.20116109,0.35352305,0.4453158,c5,c5
2971,5,0.33730936,0.43221596,0.23047474,c5,c234
2972,5,0.053671405,0.248265,0.69806355,c234,c5
2973,4,0.41697034,0.427067,0.15596268,c1,c234
2974,5,0.4294669,0.2903093,0.28022376,c1,c1
2975,3,0.62918735,0.22848935,0.14232326,c234,c1
2976,2,0.5356004,0.34433532,0.12006425,c1,c1
2977,3,0.55057967,0.3431536,0.10626672,c1,c1
2978,4,0.14141908,0.21605994,0.642521,c234,c5
2979,4,0.079738766,0.21989216,0.70036906,c1,c5
2980,3,0.51451194,0.32910618,0.15638185,c234,c1
2981,3,0.17419004,0.2136567,0.6121533,c1,c5
2982,2,0.44950208,0.25800133,0.29249656,c1,c1
2983,5,0.35248855,0.3600995,0.28741193,c234,c234
2984,1,0.13406701,0.47438142,0.39155152,c1,c234
2985,2,0.46694514,0.3578445,0.17521034,c234,c1
2986,4,0.53634965,0.34338886,0.120261565,c5,c1
2987,2,0.13699369,0.23386945,0.62913686,c5,c5
2988,5,0.66743743,0.26131642,0.07124616,c1,c1
2989,4,0.21733819,0.43721682,0.34544504,c234,c234
2990,1,0.19543056,0.42240182,0.38216767,c234,c234
2991,1,0.32901144,0.44208524,0.2289033,c234,c234
2992,1,0.17708644,0.3267472,0.4961664,c5,c5
2993,4,0.062318023,0.21889634,0.71878564,c5,c5
2994,3,0.13037649,0.33734626,0.5322773,c234,c5
2995,3,0.16806203,0.45907608,0.37286192,c5,c234
2996,2,0.16028467,0.43230826,0.40740702,c234,c234
2997,3,0.43424478,0.4427014,0.12305385,c234,c234
2998,3,0.18884002,0.39889687,0.41226315,c234,c5
2999,4,0.5964438,0.31750444,0.08605183,c234,c1
3000,3,0.54049045,0.37866125,0.080848314,c1,c1
3001,3,0.09671079,0.3667692,0.53652006,c234,c5
3002,3,0.21714887,0.40618303,0.3766681,c1,c234
3003,5,0.036098134,0.16291021,0.80099165,c234,c5
3004,4,0.51807314,0.30033225,0.18159458,c234,c1
3005,4,0.4097849,0.3402684,0.2499467,c234,c1
3006,4,0.55507797,0.36688414,0.078037895,c234,c1
3007,5,0.12773249,0.24200933,0.6302582,c234,c5
3008,3,0.31164256,0.46191505,0.22644235,c5,c234
3009,1,0.24474381,0.2957765,0.45947972,c234,c5
3010,3,0.3435128,0.30237287,0.35411435,c5,c5
3011,4,0.2954853,0.42428485,0.28022984,c234,c234
3012,4,0.3644067,0.30611295,0.32948035,c234,c1
3013,4,0.082425795,0.31473854,0.60283566,c5,c5
3014,2,0.3006325,0.4311622,0.26820534,c234,c234
3015,5,0.30863294,0.44921246,0.24215454,c1,c234
3016,2,0.0965652,0.28562823,0.61780655,c5,c5
3017,5,0.66743743,0.26131642,0.07124616,c5,c1
3018,1,0.14668667,0.4162423,0.43707103,c234,c5
3019,5,0.14110856,0.37068397,0.48820746,c234,c5
3020,2,0.05451417,0.18481344,0.76067245,c5,c5
3021,2,0.31131437,0.2840221,0.40466353,c1,c5
3022,3,0.11478108,0.26924637,0.6159726,c234,c5
3023,5,0.10291464,0.349092,0.54799336,c5,c5
3024,3,0.33694762,0.44085953,0.22219284,c1,c234
3025,3,0.5078768,0.33219567,0.1599276,c234,c1
3026,1,0.28762576,0.32979977,0.38257444,c5,c5
3027,2,0.24686816,0.50784075,0.24529111,c234,c234
3028,3,0.15906721,0.29500803,0.5459247,c5,c5
3029,3,0.34562576,0.46609914,0.18827511,c234,c234
3030,4,0.07830008,0.24792755,0.6737724,c234,c5
3031,4,0.32522085,0.3555322,0.31924698,c1,c234
3032,2,0.38227615,0.3373781,0.28034574,c234,c1
3033,2,0.26713866,0.41664132,0.31622005,c1,c234
3034,2,0.36204293,0.40189624,0.2360608,c234,c234
3035,2,0.4363097,0.28537148,0.27831882,c1,c1
3036,2,0.74281764,0.20337275,0.053809535,c1,c1
3037,2,0.45465812,0.35856825,0.18677363,c234,c1
3038,3,0.099711254,0.26297688,0.6373118,c5,c5
3039,1,0.10912523,0.30152518,0.5893496,c5,c5
3040,4,0.12060961,0.32873255,0.5506578,c5,c5
3041,5,0.5194828,0.30617204,0.17434514,c234,c1
3042,5,0.22160812,0.2965365,0.4818554,c1,c5
3043,4,0.53612804,0.30344638,0.16042556,c234,c1
3044,4,0.31852624,0.41232938,0.26914436,c1,c234
3045,2,0.5958882,0.31963807,0.08447367,c1,c1
3046,3,0.22178173,0.5278864,0.25033185,c1,c234
3047,2,0.6902882,0.21773978,0.091972,c1,c1
3048,5,0.3946697,0.44776565,0.15756473,c234,c234
3049,4,0.45678118,0.37509638,0.16812249,c234,c1
3050,3,0.33295462,0.46523368,0.20181164,c234,c234
3051,1,0.30825683,0.35658163,0.3351615,c234,c234
3052,2,0.6409823,0.28342906,0.07558868,c1,c1
3053,4,0.15010148,0.4802936,0.36960495,c234,c234
3054,5,0.12522756,0.26168254,0.6130899,c234,c5
3055,4,0.41269413,0.4015624,0.18574353,c1,c1
3056,5,0.3131704,0.41361916,0.27321044,c234,c234
3057,2,0.48679233,0.36686748,0.1463401,c234,c1
3058,5,0.54181236,0.26864254,0.18954507,c1,c1
3059,5,0.08560102,0.25282687,0.66157216,c5,c5
3060,3,0.14730258,0.4590723,0.39362517,c5,c234
3061,3,0.13093689,0.33240566,0.5366574,c5,c5
3062,2,0.26792958,0.4265331,0.30553728,c1,c234
3063,4,0.6058455,0.29015166,0.10400281,c1,c1
3064,3,0.089750424,0.28022215,0.6300274,c5,c5
3065,2,0.33266562,0.4566329,0.21070148,c1,c234
3066,1,0.39892623,0.37982258,0.22125126,c234,c1
3067,4,0.48979676,0.27582645,0.23437677,c5,c1
3068,1,0.563662,0.33011833,0.10621969,c1,c1
3069,3,0.4931843,0.32582572,0.18098995,c5,c1
3070,2,0.20188366,0.35087353,0.44724283,c234,c5
3071,4,0.07489349,0.2343782,0.6907283,c5,c5
3072,5,0.20732212,0.41070184,0.38197598,c5,c234
3073,3,0.1691646,0.28155637,0.54927903,c5,c5
3074,5,0.42037958,0.2964246,0.2831958,c1,c1
3075,3,0.65975595,0.23970735,0.10053665,c1,c1
3076,2,0.40759894,0.2640667,0.32833433,c1,c1
3077,4,0.6018484,0.2539381,0.14421348,c1,c1
3078,4,0.12976508,0.3289486,0.5412863,c234,c5
3079,1,0.22355488,0.4822467,0.29419833,c1,c234
3080,3,0.1185254,0.29349646,0.5879782,c5,c5
3081,5,0.47370988,0.3747354,0.15155472,c1,c1
3082,4,0.09170215,0.2126017,0.6956961,c5,c5
3083,3,0.5185361,0.3299337,0.15153019,c1,c1
3084,3,0.21175599,0.2840979,0.50414616,c234,c5
3085,4,0.12624606,0.2646656,0.6090883,c5,c5
3086,5,0.19340533,0.48752847,0.31906614,c1,c234
3087,3,0.36192888,0.4079098,0.23016132,c234,c234
3088,2,0.14639898,0.4147166,0.43888438,c5,c5
3089,4,0.70016104,0.21322449,0.086614445,c1,c1
3090,5,0.51392967,0.2827383,0.20333204,c1,c1
3091,2,0.6301511,0.21413656,0.15571237,c1,c1
3092,2,0.24414316,0.48464838,0.27120844,c5,c234
3093,3,0.12840891,0.3589905,0.51260066,c1,c5
3094,5,0.52987486,0.3442074,0.12591778,c1,c1
3095,4,0.100034215,0.2467046,0.6532612,c5,c5
3096,2,0.3446894,0.37670028,0.27861032,c1,c234
3097,1,0.1613311,0.31928238,0.5193865,c5,c5
3098,1,0.19034342,0.28448638,0.5251702,c234,c5
3099,1,0.5291241,0.27598435,0.19489163,c1,c1
3100,3,0.08531077,0.21965784,0.6950314,c1,c5
3101,5,0.21537918,0.45947775,0.32514307,c234,c234
3102,1,0.1613311,0.31928238,0.5193865,c234,c5
3103,4,0.0910598,0.2787091,0.6302311,c1,c5
3104,5,0.39577046,0.26946405,0.33476546,c234,c1
3105,3,0.22097456,0.49591133,0.28311417,c5,c234
3106,3,0.21842545,0.45892027,0.3226543,c5,c234
3107,5,0.11756337,0.29293224,0.5895044,c5,c5
3108,2,0.15890275,0.29560378,0.5454935,c5,c5
3109,4,0.31610876,0.47606575,0.20782547,c234,c234
3110,3,0.35167053,0.29326737,0.35506207,c234,c5
3111,3,0.36167824,0.32417658,0.31414518,c5,c1
3112,2,0.45842373,0.41283897,0.12873736,c1,c1
3113,2,0.39051652,0.2688897,0.34059379,c5,c1
3114,5,0.12475949,0.4715276,0.403713,c1,c234
3115,4,0.17826968,0.30285853,0.51887184,c234,c5
3116,3,0.29672775,0.4660496,0.23722264,c1,c234
3117,3,0.13822544,0.32118765,0.5405869,c234,c5
3118,3,0.585375,0.30692157,0.107703455,c1,c1
3119,4,0.12592646,0.2968907,0.5771828,c234,c5
3120,4,0.08424657,0.31240323,0.6033502,c5,c5
3121,1,0.16818017,0.41951457,0.41230533,c234,c234
3122,5,0.4388853,0.39485762,0.16625702,c1,c1
3123,1,0.71288127,0.2203556,0.06676312,c1,c1
3124,2,0.07283473,0.2131475,0.71401775,c234,c5
3125,1,0.2235596,0.3380904,0.43835008,c5,c5
3126,4,0.11353602,0.31100553,0.57545847,c234,c5
3127,1,0.27396426,0.4914441,0.23459163,c234,c234
3128,2,0.43468007,0.3985928,0.16672711,c5,c1
3129,1,0.45499554,0.39562076,0.14938368,c5,c1
3130,1,0.38714,0.31505853,0.2978014,c234,c1
3131,1,0.17225061,0.33585352,0.4918958,c1,c5
3132,5,0.108283564,0.3037629,0.5879535,c5,c5
3133,2,0.5363052,0.3662645,0.097430274,c234,c1
3134,1,0.5329329,0.32654178,0.14052533,c1,c1
3135,3,0.0808712,0.24595842,0.6731703,c1,c5
3136,5,0.5319608,0.34358552,0.12445361,c234,c1
3137,5,0.17731223,0.39032304,0.43236476,c5,c5
3138,2,0.06495104,0.2018171,0.73323184,c5,c5
3139,5,0.5246641,0.34682417,0.12851171,c234,c1
3140,4,0.19290334,0.4436131,0.36348358,c5,c234
3141,5,0.16240597,0.49708024,0.34051377,c234,c234
3142,5,0.82420254,0.1391577,0.0366398,c1,c1
3143,4,0.25952923,0.4966657,0.24380514,c234,c234
3144,3,0.1277822,0.3241594,0.54805845,c5,c5
3145,3,0.3473736,0.43458363,0.21804275,c234,c234
3146,1,0.31789267,0.4536403,0.22846694,c234,c234
3147,5,0.47647408,0.2636162,0.2599097,c234,c1
3148,3,0.09646296,0.25041974,0.65311724,c1,c5
3149,5,0.49577582,0.29684645,0.2073777,c1,c1
3150,1,0.078790806,0.41465253,0.5065567,c234,c5
3151,2,0.12138089,0.33727747,0.54134166,c234,c5
3152,3,0.1862098,0.33138803,0.48240224,c1,c5
3153,1,0.12000527,0.35897002,0.5210247,c234,c5
3154,3,0.3405352,0.41137853,0.24808626,c1,c234
3155,1,0.3379027,0.44017053,0.22192684,c5,c234
3156,3,0.1919331,0.3957488,0.41231817,c1,c5
3157,5,0.22767182,0.4553291,0.31699905,c5,c234
3158,1,0.08517178,0.33050674,0.5843215,c5,c5
3159,3,0.33771062,0.31024608,0.35204336,c234,c5
3160,1,0.45035517,0.3184154,0.23122947,c234,c1
3161,3,0.06008411,0.19858973,0.7413262,c5,c5
3162,2,0.16658331,0.37503487,0.45838186,c5,c5
3163,4,0.23065999,0.40025112,0.36908886,c5,c234
3164,3,0.18620935,0.44364986,0.37014073,c234,c234
3165,3,0.14066598,0.46066326,0.39867082,c1,c234
3166,5,0.11877678,0.3760002,0.505223,c1,c5
3167,4,0.40926298,0.3027494,0.28798765,c234,c1
3168,1,0.7248426,0.2177701,0.05738723,c234,c1
3169,4,0.41269413,0.4015624,0.18574353,c1,c1
3170,1,0.0768992,0.31765074,0.60545003,c5,c5
3171,2,0.25683424,0.27241588,0.47074986,c5,c5
3172,1,0.14478493,0.500438,0.35477707,c234,c234
3173,1,0.52495503,0.36634347,0.1087015,c5,c1
3174,2,0.09358783,0.19397935,0.71243274,c1,c5
3175,1,0.09899951,0.54387975,0.35712072,c234,c234
3176,2,0.14814167,0.47171363,0.38014463,c5,c234
3177,2,0.17118274,0.39530027,0.43351692,c5,c5
3178,1,0.23060913,0.33485916,0.43453178,c1,c5
3179,4,0.34937814,0.44354632,0.20707552,c1,c234
3180,5,0.4624069,0.41268137,0.12491173,c1,c1
3181,2,0.467206,0.3419404,0.19085358,c1,c1
3182,1,0.07277333,0.23811989,0.6891069,c234,c5
3183,1,0.25175932,0.38829374,0.35994688,c1,c234
3184,4,0.53634965,0.34338886,0.120261565,c234,c1
3185,3,0.14761661,0.20265658,0.64972675,c5,c5
3186,5,0.26388076,0.48493645,0.2511828,c1,c234
3187,2,0.1282637,0.18909922,0.68263704,c5,c5
3188,3,0.12006887,0.2409081,0.639023,c5,c5
3189,4,0.6075059,0.30741832,0.08507571,c234,c1
3190,2,0.13868879,0.32392085,0.53739035,c5,c5
3191,2,0.24452552,0.4773572,0.27811727,c5,c234
3192,5,0.2644802,0.47027984,0.26523998,c234,c234
3193,4,0.1400909,0.35983694,0.5000722,c5,c5
3194,1,0.089943916,0.39347458,0.5165816,c5,c5
3195,2,0.22330257,0.31112438,0.465573,c5,c5
3196,3,0.47294396,0.37780097,0.14925505,c5,c1
3197,3,0.2471865,0.43150192,0.32131153,c1,c234
3198,2,0.4949574,0.3767736,0.12826903,c1,c1
3199,4,0.18381968,0.44594058,0.3702397,c5,c234
3200,1,0.18991244,0.43323058,0.376857,c1,c234
3201,2,0.17977214,0.3045919,0.515636,c5,c5
3202,3,0.26983184,0.22808264,0.50208557,c1,c5
3203,3,0.66841984,0.23682436,0.09475581,c1,c1
3204,4,0.41604683,0.35497427,0.22897889,c1,c1
3205,2,0.3000975,0.45003247,0.24987002,c5,c234
3206,3,0.07654665,0.26733717,0.6561162,c5,c5
3207,4,0.07584358,0.29836035,0.62579614,c5,c5
3208,2,0.61019146,0.25745827,0.13235034,c234,c1
3209,1,0.7656711,0.1835803,0.050748672,c5,c1
3210,2,0.051268976,0.26074705,0.687984,c5,c5
3211,4,0.19184637,0.42708704,0.38106662,c234,c234
3212,3,0.33106297,0.392332,0.27660504,c1,c234
3213,1,0.5329021,0.33242488,0.13467298,c234,c1
3214,4,0.13315536,0.43067116,0.4361735,c234,c5
3215,4,0.11570381,0.3161708,0.56812537,c234,c5
3216,4,0.17818071,0.30899817,0.51282114,c1,c5
3217,4,0.4297465,0.33187973,0.23837382,c5,c1
3218,5,0.32897934,0.30607274,0.36494794,c5,c5
3219,4,0.15768172,0.352576,0.4897423,c234,c5
3220,2,0.1690719,0.4183548,0.4125733,c5,c234
3221,1,0.7369157,0.18541393,0.07767034,c1,c1
3222,4,0.07524715,0.21880063,0.7059522,c5,c5
3223,1,0.462848,0.3647043,0.17244771,c234,c1
3224,3,0.39130637,0.40107524,0.20761839,c1,c234
3225,2,0.34049332,0.48396814,0.1755386,c1,c234
3226,1,0.27957943,0.4404312,0.27998927,c1,c234
3227,4,0.261299,0.35511017,0.38359085,c1,c5
3228,4,0.05986941,0.27798468,0.6621459,c5,c5
3229,3,0.27336589,0.44398752,0.2826466,c234,c234
3230,2,0.16088977,0.51556855,0.32354167,c234,c234
3231,3,0.44896305,0.38882983,0.16220714,c234,c1
3232,1,0.12498522,0.40355572,0.471459,c234,c5
3233,2,0.17708947,0.315465,0.5074456,c234,c5
3234,2,0.46979865,0.36969566,0.16050573,c234,c1
3235,3,0.27817792,0.5012004,0.22062168,c5,c234
3236,3,0.16514726,0.28119084,0.553662,c1,c5
3237,4,0.20783074,0.29615876,0.49601045,c5,c5
3238,4,0.29856664,0.4156334,0.2857999,c5,c234
3239,3,0.33088288,0.3343952,0.33472192,c234,c5
3240,5,0.23486774,0.38912684,0.37600544,c5,c234
3241,2,0.037765678,0.1388427,0.82339156,c5,c5
3242,2,0.67655915,0.2441229,0.07931801,c5,c1
3243,4,0.14192298,0.5181198,0.3399572,c234,c234
3244,2,0.2055302,0.3530496,0.4414202,c234,c5
3245,4,0.11996431,0.31244895,0.5675867,c5,c5
3246,2,0.46893284,0.3929576,0.1381096,c1,c1
3247,2,0.10256566,0.23544511,0.6619892,c234,c5
3248,1,0.28843778,0.48422313,0.22733901,c234,c234
3249,3,0.54465324,0.3181737,0.13717304,c1,c1
3250,5,0.445746,0.39083266,0.16342127,c234,c1
3251,2,0.29679775,0.4635988,0.23960346,c1,c234
3252,1,0.04865331,0.23078407,0.7205626,c1,c5
3253,2,0.2556594,0.44303587,0.30130476,c5,c234
3254,5,0.026134463,0.082680866,0.89118475,c5,c5
3255,5,0.13239792,0.37496307,0.49263903,c5,c5
3256,4,0.13312638,0.30309695,0.5637767,c1,c5
3257,1,0.098535806,0.2682735,0.63319063,c1,c5
3258,5,0.30825406,0.31768987,0.3740561,c234,c5
3259,2,0.5870061,0.33265406,0.080339834,c1,c1
3260,4,0.52115196,0.3628469,0.11600117,c1,c1
3261,1,0.098395534,0.33482397,0.56678045,c5,c5
3262,3,0.51841724,0.33239955,0.14918318,c5,c1
3263,1,0.32612178,0.34738797,0.32649022,c234,c234
3264,1,0.69639665,0.23280852,0.07079487,c1,c1
3265,2,0.42199674,0.45678884,0.12121442,c1,c234
3266,5,0.2781042,0.412853,0.3090428,c234,c234
3267,3,0.21575296,0.47021344,0.31403366,c5,c234
3268,1,0.20775795,0.43714732,0.3550947,c5,c234
3269,5,0.5688363,0.32174793,0.109415784,c1,c1
3270,2,0.16466257,0.23727608,0.5980613,c5,c5
3271,4,0.41269413,0.4015624,0.18574353,c5,c1
3272,2,0.13920473,0.37325948,0.48753577,c5,c5
3273,2,0.14303143,0.3688279,0.48814064,c234,c5
3274,2,0.46694514,0.3578445,0.17521034,c1,c1
3275,3,0.13632767,0.2925071,0.57116514,c1,c5
3276,4,0.1243483,0.29446113,0.5811905,c1,c5
3277,3,0.31298435,0.47589162,0.21112406,c1,c234
3278,3,0.11366444,0.28639844,0.5999371,c5,c5
3279,5,0.21731395,0.35187522,0.43081087,c234,c5
3280,5,0.12589262,0.50625014,0.36785725,c234,c234
3281,3,0.6171895,0.28853032,0.09428009,c1,c1
3282,4,0.48401716,0.39321512,0.12276773,c234,c1
3283,4,0.09072095,0.33281708,0.576462,c5,c5
3284,4,0.20093383,0.31136915,0.48769706,c234,c5
3285,5,0.3009447,0.41155764,0.2874977,c234,c234
3286,4,0.07625167,0.37040818,0.5533401,c5,c5
3287,4,0.1803611,0.35511833,0.46452057,c5,c5
3288,4,0.54874426,0.29334542,0.15791029,c1,c1
3289,1,0.2733709,0.49265975,0.2339693,c5,c234
3290,1,0.16910769,0.30322012,0.5276722,c5,c5
3291,1,0.09667908,0.20788316,0.6954377,c5,c5
3292,3,0.61477256,0.25897992,0.12624754,c234,c1
3293,4,0.587909,0.29811966,0.113971345,c1,c1
3294,3,0.12781641,0.20345375,0.6687298,c234,c5
3295,1,0.33388552,0.5355704,0.13054413,c234,c234
3296,2,0.22548431,0.3948205,0.37969518,c5,c234
3297,5,0.10532959,0.2786947,0.61597574,c5,c5
3298,3,0.27427337,0.29029217,0.43543452,c1,c5
3299,2,0.41671202,0.41256166,0.17072625,c234,c1
3300,5,0.42701578,0.30602545,0.2669588,c1,c1
3301,4,0.21804042,0.42700666,0.35495293,c5,c234
3302,5,0.10026299,0.43340117,0.4663358,c1,c5
3303,4,0.26374605,0.4418533,0.29440063,c1,c234
3304,1,0.25610188,0.3225843,0.42131385,c1,c5
3305,3,0.17708649,0.3810748,0.44183868,c234,c5
3306,3,0.18973623,0.27448526,0.53577846,c5,c5
3307,1,0.1712898,0.44733948,0.3813707,c1,c234
3308,1,0.3972902,0.42654243,0.17616737,c5,c234
3309,5,0.063068695,0.23324417,0.70368713,c5,c5
3310,1,0.34460798,0.3725646,0.28282738,c5,c234
3311,4,0.1734081,0.38453493,0.442057,c234,c5
3312,2,0.11055731,0.25198546,0.6374572,c234,c5
3313,1,0.05411091,0.16611475,0.7797743,c5,c5
3314,3,0.114056975,0.2675478,0.6183952,c234,c5
3315,5,0.11054519,0.38499373,0.5044611,c5,c5
3316,5,0.19256808,0.4994836,0.30794838,c5,c234
3317,5,0.059827946,0.22681041,0.7133617,c234,c5
3318,5,0.6257233,0.22153448,0.15274228,c5,c1
3319,2,0.5102517,0.33832788,0.15142044,c5,c1
3320,3,0.3518034,0.28573498,0.36246166,c1,c5
3321,4,0.41269413,0.4015624,0.18574353,c1,c1
3322,3,0.17281681,0.27783847,0.5493448,c234,c5
3323,1,0.4875897,0.3295876,0.18282278,c1,c1
3324,3,0.047998648,0.23134884,0.7206526,c5,c5
3325,4,0.38506466,0.3107329,0.30420247,c234,c1
3326,5,0.21560921,0.50907654,0.27531427,c5,c234
3327,5,0.52987486,0.3442074,0.12591778,c234,c1
3328,1,0.05758278,0.255155,0.6872622,c5,c5
3329,2,0.6521274,0.27587542,0.07199716,c1,c1
3330,2,0.11189828,0.26154053,0.62656116,c1,c5
3331,2,0.17015043,0.407075,0.42277458,c234,c5
3332,5,0.104623176,0.25291556,0.6424613,c5,c5
3333,4,0.27940917,0.42912766,0.29146314,c1,c234
3334,3,0.23220631,0.49194092,0.2758528,c234,c234
3335,1,0.59290224,0.3138806,0.093217164,c1,c1
3336,2,0.22026728,0.350571,0.42916173,c234,c5
3337,3,0.42631721,0.3081349,0.26554784,c5,c1
3338,5,0.29343674,0.34439972,0.36216357,c234,c5
3339,1,0.6445557,0.26010633,0.095337994,c234,c1
3340,2,0.23913068,0.24959931,0.51127,c234,c5
3341,1,0.35639897,0.42583838,0.21776262,c1,c234
3342,2,0.11651522,0.27833083,0.6051539,c1,c5
3343,3,0.19271855,0.40019172,0.4070897,c234,c5
3344,1,0.43413857,0.34046823,0.22539315,c5,c1
3345,3,0.17766227,0.547773,0.27456474,c234,c234
3346,1,0.09460169,0.3270234,0.57837486,c234,c5
3347,1,0.49454415,0.35262674,0.15282907,c234,c1
3348,3,0.6694713,0.20777263,0.12275608,c234,c1
3349,5,0.21720694,0.53301823,0.24977487,c234,c234
3350,3,0.094798505,0.26897013,0.63623136,c5,c5
3351,4,0.08351276,0.30480653,0.6116807,c5,c5
3352,3,0.3058403,0.3760293,0.31813037,c234,c234
3353,5,0.14695568,0.29354343,0.5595009,c234,c5
3354,1,0.5157993,0.29075342,0.19344725,c234,c1
3355,4,0.61668104,0.29408634,0.08923261,c234,c1
3356,4,0.29615417,0.37531194,0.3285339,c234,c234
3357,4,0.33872277,0.33398056,0.3272967,c1,c1
3358,1,0.66561264,0.23783903,0.09654834,c5,c1
3359,2,0.408867,0.25248057,0.33865246,c234,c1
3360,2,0.45475337,0.43775934,0.10748727,c5,c1
3361,2,0.28217056,0.25094473,0.4668847,c234,c5
3362,2,0.36982343,0.42962497,0.20055166,c1,c234
3363,2,0.05018507,0.15242603,0.7973889,c1,c5
3364,5,0.20414889,0.4652524,0.3305987,c234,c234
3365,4,0.38782975,0.36117178,0.2509985,c234,c1
3366,2,0.58795625,0.3343537,0.07769002,c1,c1
3367,2,0.37101355,0.27647215,0.35251427,c234,c1
3368,3,0.5498234,0.35072842,0.09944813,c1,c1
3369,2,0.3083299,0.3831143,0.3085558,c234,c234
3370,5,0.49723879,0.34266588,0.16009533,c234,c1
3371,3,0.29261264,0.4241926,0.28319475,c234,c234
3372,1,0.23706488,0.45130017,0.31163493,c234,c234
3373,3,0.19692053,0.37506053,0.42801896,c234,c5
3374,3,0.06283216,0.24361025,0.69355756,c234,c5
3375,2,0.62564284,0.3205629,0.05379424,c5,c1
3376,2,0.17036271,0.42433676,0.4053006,c5,c234
3377,3,0.2628821,0.37858924,0.3585286,c1,c234
3378,5,0.28965232,0.31204045,0.3983073,c5,c5
3379,5,0.05130437,0.19183269,0.75686294,c5,c5
3380,4,0.538079,0.33961082,0.12231016,c1,c1
3381,4,0.3583103,0.34709558,0.29459417,c5,c1
3382,4,0.6741352,0.2591815,0.06668327,c1,c1
3383,1,0.22729054,0.3401223,0.43258715,c234,c5
3384,2,0.70527565,0.22189775,0.07282658,c234,c1
3385,5,0.12973493,0.32031405,0.5499511,c234,c5
3386,5,0.23226239,0.5255882,0.24214935,c5,c234
3387,2,0.3353198,0.37006804,0.2946121,c234,c234
3388,2,0.4716206,0.31590718,0.21247227,c234,c1
3389,1,0.60345095,0.3223344,0.07421465,c1,c1
3390,4,0.4930678,0.35757947,0.14935271,c1,c1
3391,1,0.06840912,0.320675,0.6109159,c5,c5
3392,5,0.47647408,0.2636162,0.2599097,c1,c1
3393,4,0.23378807,0.4703089,0.295903,c234,c234
3394,5,0.5315119,0.3315172,0.13697092,c1,c1
3395,1,0.762502,0.18788843,0.04960955,c234,c1
3396,4,0.41269413,0.4015624,0.18574353,c234,c1
3397,2,0.41278988,0.39038056,0.19682954,c234,c1
3398,4,0.54359263,0.3332054,0.123201974,c1,c1
3399,4,0.076666646,0.22243887,0.7008945,c5,c5
3400,3,0.39210218,0.47037455,0.13752325,c234,c234
3401,5,0.24834953,0.47402522,0.27762523,c234,c234
3402,2,0.25490224,0.38768443,0.35741332,c5,c234
3403,2,0.45860142,0.3261413,0.21525726,c234,c1
3404,5,0.28937164,0.3265557,0.38407275,c234,c5
3405,2,0.40879303,0.44104052,0.15016642,c1,c234
3406,1,0.050304852,0.21263324,0.73706186,c5,c5
3407,4,0.123962305,0.3325512,0.5434865,c5,c5
3408,4,0.34079298,0.44529244,0.21391463,c234,c234
3409,5,0.58278406,0.30467853,0.11253738,c5,c1
3410,4,0.39111182,0.42934263,0.17954558,c5,c234
3411,5,0.45373553,0.38857463,0.15768978,c1,c1
3412,4,0.5513209,0.32786527,0.120813824,c1,c1
3413,3,0.54457605,0.31529188,0.14013211,c1,c1
3414,2,0.34439287,0.44562304,0.20998415,c1,c234
3415,5,0.33388743,0.4324518,0.23366076,c234,c234
3416,5,0.46295354,0.33798125,0.19906522,c5,c1
3417,1,0.1726557,0.31302094,0.51432335,c5,c5
3418,3,0.66772956,0.26137495,0.07089554,c234,c1
3419,1,0.23456341,0.454235,0.31120157,c234,c234
3420,1,0.14423427,0.4002906,0.45547515,c5,c5
3421,4,0.09387029,0.36515152,0.54097813,c234,c5
3422,4,0.109616116,0.35083443,0.5395494,c5,c5
3423,2,0.26923916,0.474321,0.25643983,c5,c234
3424,1,0.060429115,0.23641928,0.70315164,c5,c5
3425,4,0.656319,0.2646029,0.07907811,c234,c1
3426,2,0.245163,0.38962322,0.36521378,c1,c234
3427,5,0.2636361,0.31860813,0.41775575,c5,c5
3428,2,0.1142153,0.27583396,0.6099507,c234,c5
3429,4,0.16701052,0.3270307,0.5059588,c234,c5
3430,3,0.19611134,0.33067745,0.47321123,c234,c5
3431,3,0.067665406,0.26411682,0.6682178,c5,c5
3432,5,0.5372239,0.34889615,0.11388001,c234,c1
3433,5,0.37877133,0.3466056,0.27462307,c5,c1
3434,4,0.0976397,0.37529776,0.5270626,c234,c5
3435,2,0.08550427,0.22600366,0.6884921,c1,c5
3436,3,0.22167324,0.40193772,0.37638903,c5,c234
3437,4,0.5658339,0.29611054,0.13805555,c1,c1
3438,4,0.43446103,0.38845128,0.17708772,c1,c1
3439,2,0.25005403,0.42209762,0.32784835,c234,c234
3440,5,0.44138655,0.3944026,0.16421089,c1,c1
3441,4,0.49139062,0.37328306,0.13532627,c5,c1
3442,5,0.52987486,0.3442074,0.12591778,c234,c1
3443,2,0.06037959,0.25732973,0.68229073,c5,c5
3444,5,0.4602064,0.3225136,0.21727999,c1,c1
3445,4,0.07266937,0.27582934,0.6515013,c234,c5
3446,1,0.08735069,0.24672171,0.6659276,c5,c5
3447,4,0.12380341,0.41800433,0.45819217,c5,c5
3448,5,0.16487373,0.3003022,0.534824,c234,c5
3449,1,0.47050768,0.32934055,0.20015177,c234,c1
3450,5,0.08298517,0.22014996,0.69686496,c1,c5
3451,4,0.65515363,0.26501718,0.079829186,c1,c1
3452,5,0.5167604,0.38566795,0.097571656,c1,c1
3453,4,0.46347192,0.3611286,0.17539948,c234,c1
3454,3,0.15708357,0.35192516,0.49099123,c5,c5
3455,2,0.26609007,0.24008444,0.49382547,c234,c5
3456,2,0.19097057,0.42513737,0.3838921,c234,c234
3457,1,0.11763066,0.2608914,0.62147796,c5,c5
3458,2,0.7405316,0.16923599,0.09023233,c234,c1
3459,3,0.18336307,0.4958836,0.3207533,c234,c234
3460,1,0.7034718,0.20804742,0.0884808,c1,c1
3461,1,0.17874806,0.48755115,0.3337008,c1,c234
3462,5,0.28964883,0.321916,0.38843518,c234,c5
3463,4,0.15263577,0.33876127,0.508603,c234,c5
3464,4,0.5970647,0.32221022,0.08072506,c234,c1
3465,3,0.33390513,0.44463634,0.22145851,c1,c234
3466,5,0.4723993,0.3715154,0.15608531,c234,c1
3467,5,0.10648329,0.40186372,0.491653,c234,c5
3468,5,0.17264985,0.3052001,0.52215004,c234,c5
3469,3,0.056891073,0.24664137,0.6964676,c5,c5
3470,2,0.1731864,0.35500857,0.471805,c234,c5
3471,5,0.20757017,0.34706345,0.44536635,c234,c5
3472,2,0.4405664,0.3988941,0.16053945,c5,c1
3473,4,0.42233098,0.27062145,0.30704755,c234,c1
3474,4,0.14811388,0.2912701,0.56061596,c5,c5
3475,2,0.5158506,0.37223423,0.11191516,c1,c1
3476,2,0.3226252,0.38010186,0.29727295,c5,c234
3477,4,0.08361241,0.30457476,0.6118128,c234,c5
3478,3,0.04472222,0.13819204,0.8170857,c5,c5
3479,2,0.042917117,0.20522155,0.7518614,c234,c5
3480,4,0.16706218,0.30149668,0.5314412,c234,c5
3481,4,0.2696926,0.2913759,0.43893147,c5,c5
3482,5,0.19800636,0.3378909,0.4641027,c234,c5
3483,3,0.39700192,0.33496273,0.26803538,c1,c1
3484,2,0.74829936,0.20012765,0.051573012,c234,c1
3485,1,0.06182893,0.3311575,0.6070135,c234,c5
3486,2,0.349839,0.35887915,0.29128185,c234,c234
3487,2,0.14159854,0.3371573,0.5212441,c1,c5
3488,1,0.19956206,0.40837657,0.39206132,c5,c234
3489,4,0.12680867,0.43659568,0.43659568,c1,c234
3490,3,0.34635735,0.30887443,0.34476823,c234,c1
3491,5,0.61558187,0.29808503,0.08633305,c1,c1
3492,3,0.5786093,0.26258856,0.15880208,c1,c1
3493,2,0.2488038,0.45717356,0.29402268,c234,c234
3494,2,0.20797597,0.28883415,0.5031898,c5,c5
3495,3,0.15731682,0.38052905,0.46215415,c1,c5
3496,1,0.18022145,0.38031983,0.43945873,c234,c5
3497,1,0.42951328,0.2914403,0.27904645,c1,c1
3498,2,0.15407877,0.24156547,0.6043558,c234,c5
3499,2,0.23959535,0.4407371,0.31966755,c1,c234
3500,3,0.47650692,0.42755538,0.09593771,c234,c1
3501,5,0.4963372,0.297364,0.20629886,c234,c1
3502,1,0.19345497,0.27461115,0.53193396,c5,c5
3503,3,0.17721319,0.40802878,0.414758,c1,c5
3504,1,0.34238204,0.48875126,0.1688667,c234,c234
3505,5,0.059677683,0.24183366,0.6984887,c5,c5
3506,5,0.38764614,0.39164147,0.22071241,c1,c234
3507,1,0.30991313,0.26596192,0.4241249,c234,c5
3508,2,0.088836744,0.28173736,0.62942594,c5,c5
3509,4,0.08379545,0.29824343,0.6179611,c1,c5
3510,1,0.18693015,0.3253606,0.4877092,c234,c5
3511,3,0.25448143,0.42008144,0.32543707,c5,c234
3512,4,0.4995627,0.36611307,0.13432424,c5,c1
3513,4,0.30939925,0.4433157,0.2472851,c234,c234
3514,5,0.52987486,0.3442074,0.12591778,c5,c1
3515,5,0.3153029,0.2721069,0.41259015,c1,c5
3516,5,0.043400474,0.17213482,0.7844648,c234,c5
3517,1,0.762502,0.18788843,0.04960955,c234,c1
3518,4,0.051122807,0.28913587,0.65974134,c234,c5
3519,1,0.33598816,0.31870967,0.3453021,c234,c5
3520,4,0.20158848,0.34078538,0.45762616,c5,c5
3521,4,0.14121331,0.39190662,0.46688008,c5,c5
3522,1,0.3245794,0.3191112,0.35630944,c5,c5
3523,4,0.49548814,0.34525257,0.1592593,c1,c1
3524,3,0.08948042,0.1973612,0.71315837,c234,c5
3525,5,0.22734055,0.2877232,0.4849362,c1,c5
3526,1,0.18207802,0.33456585,0.4833561,c1,c5
3527,3,0.18630262,0.42427012,0.3894272,c1,c234
3528,4,0.46267542,0.40453914,0.13278545,c1,c1
3529,5,0.61374754,0.22457564,0.16167681,c1,c1
3530,1,0.5235709,0.31079298,0.16563615,c234,c1
3531,4,0.48224103,0.3678562,0.14990279,c1,c1
3532,3,0.28250745,0.4756298,0.24186271,c234,c234
3533,1,0.225755,0.33433738,0.43990758,c234,c5
3534,2,0.46660936,0.37233147,0.16105914,c1,c1
3535,5,0.15832473,0.4620593,0.37961596,c5,c234
3536,3,0.26254475,0.3463721,0.39108312,c1,c5
3537,3,0.08948931,0.24926916,0.66124153,c5,c5
3538,5,0.0955186,0.3244792,0.5800022,c5,c5
3539,3,0.29996178,0.3402852,0.359753,c234,c5
3540,2,0.27397245,0.49260002,0.23342746,c234,c234
3541,1,0.762502,0.18788843,0.04960955,c1,c1
3542,3,0.3320288,0.36299682,0.3049744,c1,c234
3543,2,0.101141095,0.3286467,0.57021224,c1,c5
3544,1,0.17886987,0.4292961,0.39183402,c1,c234
3545,1,0.55842626,0.36640376,0.07516994,c5,c1
3546,5,0.24165663,0.42791688,0.33042645,c234,c234
3547,5,0.39575177,0.3996355,0.20461276,c1,c234
3548,2,0.44996762,0.35588855,0.19414388,c234,c1
3549,2,0.10692073,0.20600706,0.68707216,c5,c5
3550,5,0.3081542,0.39802733,0.29381853,c234,c234
3551,2,0.2656005,0.35375848,0.38064098,c5,c5
3552,2,0.12857948,0.41556662,0.45585385,c234,c5
3553,4,0.22487712,0.40769723,0.36742562,c5,c234
3554,5,0.6680361,0.22851191,0.10345201,c234,c1
3555,1,0.37501538,0.27794033,0.3470443,c234,c1
3556,2,0.08956969,0.18920286,0.72122747,c234,c5
3557,5,0.17201611,0.31731427,0.51066965,c234,c5
3558,5,0.27399322,0.29301363,0.43299323,c5,c5
3559,2,0.08067512,0.27728596,0.6420389,c5,c5
3560,4,0.59847426,0.30585736,0.095668346,c1,c1
3561,2,0.12364756,0.21570751,0.66064495,c5,c5
3562,1,0.11054768,0.28153628,0.607916,c234,c5
3563,1,0.3504542,0.3852512,0.26429465,c1,c234
3564,5,0.22240539,0.44425398,0.33334064,c5,c234
3565,3,0.41218716,0.39965183,0.18816099,c5,c1
3566,2,0.36595336,0.2673779,0.3666688,c5,c5
3567,2,0.50114715,0.37447235,0.12438046,c234,c1
3568,2,0.25774,0.35207385,0.39018622,c234,c5
3569,4,0.122306,0.23966639,0.6380276,c5,c5
3570,4,0.68293834,0.25297776,0.06408393,c1,c1
3571,1,0.26203546,0.32622784,0.41173673,c1,c5
3572,1,0.185292,0.29045627,0.52425176,c5,c5
3573,5,0.24785428,0.3354434,0.41670233,c1,c5
3574,4,0.3343803,0.37275505,0.29286465,c234,c234
3575,5,0.47647408,0.2636162,0.2599097,c1,c1
3576,5,0.059904046,0.20459154,0.7355044,c5,c5
3577,5,0.0671711,0.30540764,0.6274212,c234,c5
3578,2,0.22052595,0.28323868,0.49623543,c234,c5
3579,1,0.17727321,0.3803142,0.44241259,c234,c5
3580,4,0.57957834,0.27977017,0.14065151,c234,c1
3581,4,0.23255815,0.43569738,0.33174443,c1,c234
3582,5,0.120375514,0.26110122,0.61852324,c5,c5
3583,5,0.5712565,0.34886128,0.07988221,c1,c1
3584,1,0.45361137,0.381257,0.16513161,c1,c1
3585,1,0.051520556,0.26850238,0.679977,c5,c5
3586,4,0.4394312,0.33651257,0.22405626,c234,c1
3587,1,0.68511164,0.24089347,0.07399488,c234,c1
3588,1,0.10785736,0.23689787,0.65524477,c5,c5
3589,2,0.17601931,0.39685935,0.4271214,c5,c5
3590,4,0.12817289,0.27041614,0.6014109,c234,c5
3591,3,0.055108547,0.22603318,0.71885824,c5,c5
3592,1,0.34433138,0.31826502,0.3374036,c234,c1
3593,4,0.5221667,0.33736262,0.14047067,c234,c1
3594,2,0.44456357,0.42628193,0.12915447,c234,c1
3595,5,0.08669586,0.3337214,0.57958275,c5,c5
3596,3,0.41364434,0.3266808,0.25967488,c1,c1
3597,4,0.3134521,0.37148458,0.31506327,c234,c234
3598,3,0.36558774,0.31198886,0.32242334,c1,c1
3599,5,0.3182319,0.40792015,0.2738479,c1,c234
3600,5,0.67845374,0.23486838,0.08667791,c1,c1
3601,4,0.41269413,0.4015624,0.18574353,c234,c1
3602,4,0.42907944,0.2755505,0.29537007,c234,c1
3603,2,0.11684872,0.22502571,0.65812564,c5,c5
3604,3,0.23237363,0.4915748,0.27605158,c5,c234
3605,3,0.08782934,0.2950266,0.6171441,c234,c5
3606,4,0.08800752,0.23447329,0.67751914,c5,c5
3607,4,0.36384308,0.4345604,0.20159657,c5,c234
3608,5,0.45776972,0.32349974,0.21873061,c1,c1
3609,5,0.17932963,0.3368773,0.48379308,c234,c5
3610,2,0.35684198,0.3974548,0.24570318,c5,c234
3611,1,0.5206092,0.37727642,0.10211436,c234,c1
3612,4,0.38184983,0.39720643,0.22094376,c5,c234
3613,1,0.19975792,0.4308073,0.36943483,c5,c234
3614,3,0.29377913,0.5345365,0.17168438,c1,c234
3615,5,0.5514758,0.32261676,0.12590747,c234,c1
3616,2,0.38687605,0.372555,0.24056894,c1,c1
3617,5,0.09592162,0.22012699,0.6839514,c1,c5
3618,1,0.52914333,0.31081113,0.16004558,c5,c1
3619,5,0.42049906,0.30336034,0.27614057,c1,c1
3620,2,0.6454042,0.27181748,0.0827783,c234,c1
3621,4,0.3442289,0.3582474,0.2975237,c1,c234
3622,4,0.10305473,0.420425,0.47652024,c5,c5
3623,1,0.42865217,0.32247433,0.24887346,c1,c1
3624,3,0.28768837,0.4964745,0.21583718,c234,c234
3625,2,0.15214916,0.2918556,0.5559953,c5,c5
3626,4,0.10856817,0.42006338,0.4713684,c5,c5
3627,4,0.56269413,0.31525773,0.122048184,c234,c1
3628,3,0.1655831,0.36144605,0.47297084,c5,c5
3629,2,0.6833383,0.25037548,0.066286236,c1,c1
3630,2,0.57360697,0.29871616,0.12767692,c1,c1
3631,4,0.12664932,0.27676266,0.59658796,c5,c5
3632,2,0.32377177,0.40983582,0.2663924,c1,c234
3633,4,0.22583258,0.36896423,0.4052032,c234,c5
3634,2,0.55249023,0.36144838,0.08606138,c234,c1
3635,4,0.15027969,0.23768191,0.6120384,c5,c5
3636,2,0.3436128,0.41047326,0.24591397,c234,c234
3637,5,0.17052247,0.2941333,0.53534424,c234,c5
3638,2,0.5092353,0.30392987,0.1868348,c234,c1
3639,4,0.468669,0.41481242,0.116518624,c234,c1
3640,1,0.47617957,0.34864366,0.1751767,c234,c1
3641,4,0.42548567,0.40402365,0.17049065,c234,c1
3642,2,0.25937954,0.232904,0.5077165,c5,c5
3643,1,0.25481483,0.489373,0.25581217,c1,c234
3644,5,0.4731405,0.33517936,0.19168013,c1,c1
3645,3,0.06874502,0.28787696,0.643378,c5,c5
3646,3,0.3974005,0.26879618,0.33380333,c1,c1
3647,2,0.31392148,0.46064454,0.22543392,c234,c234
3648,5,0.10468614,0.4091181,0.4861957,c5,c5
3649,2,0.4295618,0.3660359,0.20440225,c234,c1
3650,1,0.7829581,0.15308587,0.06395606,c1,c1
3651,2,0.46300852,0.3112289,0.22576256,c1,c1
3652,2,0.05571382,0.2747692,0.6695169,c234,c5
3653,3,0.06064237,0.26406235,0.67529523,c234,c5
3654,3,0.61187106,0.2849723,0.1031566,c1,c1
3655,4,0.20141965,0.42734334,0.371237,c5,c234
3656,3,0.10178444,0.31248656,0.58572906,c5,c5
3657,1,0.5891868,0.3175903,0.093222894,c1,c1
3658,5,0.124940105,0.48530042,0.3897595,c234,c234
3659,4,0.4182074,0.31664434,0.26514822,c234,c1
3660,4,0.5580473,0.28516188,0.1567908,c1,c1
3661,2,0.4416778,0.3881649,0.1701573,c1,c1
3662,1,0.18069865,0.33110034,0.48820096,c5,c5
3663,5,0.10475874,0.2882612,0.60698,c5,c5
3664,1,0.08582579,0.28493777,0.6292364,c234,c5
3665,4,0.2686363,0.42082238,0.31054127,c1,c234
3666,2,0.46694514,0.3578445,0.17521034,c234,c1
3667,5,0.2115781,0.36008224,0.42833966,c1,c5
3668,5,0.18681514,0.37978002,0.43340483,c5,c5
3669,3,0.17737746,0.40473446,0.41788805,c5,c5
3670,5,0.09033298,0.42489517,0.48477188,c5,c5
3671,4,0.4134011,0.3117517,0.27484718,c1,c1
3672,5,0.45835605,0.41006604,0.13157795,c1,c1
3673,4,0.54277384,0.33903784,0.118188255,c234,c1
3674,1,0.3629083,0.3878969,0.24919476,c1,c234
3675,3,0.19947723,0.31565148,0.48487136,c5,c5
3676,1,0.20973182,0.4932688,0.2969994,c5,c234
3677,2,0.5076929,0.36922097,0.123086154,c1,c1
3678,1,0.4294259,0.4016884,0.16888562,c234,c1
3679,2,0.35929027,0.28058514,0.36012456,c1,c5
3680,4,0.04060227,0.18953913,0.7698586,c5,c5
3681,3,0.153398,0.37028074,0.47632125,c234,c5
3682,1,0.4319907,0.33256587,0.23544338,c5,c1
3683,4,0.116880186,0.4562157,0.42690414,c1,c234
3684,3,0.24216846,0.3485457,0.40928587,c234,c5
3685,3,0.18578911,0.39746633,0.41674456,c5,c5
3686,5,0.24620241,0.41814035,0.33565727,c5,c234
3687,3,0.07671067,0.2734276,0.6498617,c5,c5
3688,3,0.09609723,0.3189606,0.5849421,c5,c5
3689,1,0.0537856,0.2251641,0.72105026,c234,c5
3690,2,0.5800093,0.3191017,0.100888975,c1,c1
3691,5,0.675312,0.23369516,0.09099279,c1,c1
3692,2,0.47329208,0.29626903,0.23043899,c234,c1
3693,4,0.6711437,0.26269537,0.06616084,c5,c1
3694,3,0.11538389,0.43269888,0.45191723,c234,c5
3695,1,0.37501538,0.27794033,0.3470443,c5,c1
3696,4,0.10876406,0.23402227,0.6572136,c234,c5
3697,4,0.3020141,0.36824003,0.32974592,c1,c234
3698,1,0.34054524,0.41806045,0.2413943,c1,c234
3699,2,0.44331643,0.36564276,0.19104078,c234,c1
3700,2,0.20549905,0.37201992,0.42248106,c5,c5
3701,4,0.1974509,0.45529208,0.347257,c1,c234
3702,2,0.17160745,0.38142547,0.44696707,c1,c5
3703,2,0.46693954,0.2511581,0.28190243,c234,c1
3704,3,0.22833125,0.5378657,0.23380305,c234,c234
3705,5,0.054629885,0.23345134,0.71191883,c234,c5
3706,4,0.10323321,0.4229047,0.47386208,c5,c5
3707,4,0.40275675,0.34397084,0.2532724,c5,c1
3708,4,0.18865368,0.50671566,0.30463064,c234,c234
3709,5,0.14718007,0.2583603,0.59445965,c5,c5
3710,4,0.24439105,0.43107176,0.32453716,c1,c234
3711,3,0.5623035,0.2867236,0.1509729,c234,c1
3712,3,0.3429394,0.39166102,0.26539958,c234,c234
3713,1,0.4853031,0.31135258,0.20334432,c1,c1
3714,5,0.33730936,0.43221596,0.23047474,c5,c234
3715,5,0.21419863,0.40090916,0.38489223,c5,c234
3716,4,0.22177379,0.42270622,0.35552007,c5,c234
3717,3,0.11830249,0.2545301,0.6271674,c5,c5
3718,5,0.48763645,0.34334648,0.16901709,c5,c1
3719,3,0.44929254,0.27632847,0.27437896,c234,c1
3720,3,0.43762356,0.34886134,0.21351513,c1,c1
3721,4,0.416639,0.36375403,0.21960692,c1,c1
3722,3,0.3061608,0.2891075,0.4047317,c234,c5
3723,2,0.32308075,0.34961087,0.3273084,c234,c234
3724,2,0.20062864,0.25877842,0.5405929,c1,c5
3725,1,0.060146827,0.28750545,0.65234774,c234,c5
3726,1,0.42974243,0.3827461,0.18751153,c234,c1
3727,1,0.06763283,0.24528569,0.68708146,c234,c5
3728,5,0.21680082,0.31916165,0.46403748,c5,c5
3729,5,0.563934,0.2931326,0.14293338,c1,c1
3730,4,0.11709422,0.2651675,0.61773825,c234,c5
3731,2,0.22040018,0.44598213,0.33361766,c5,c234
3732,2,0.295709,0.45602262,0.24826835,c1,c234
3733,4,0.7257682,0.19433892,0.079892956,c5,c1
3734,1,0.09603452,0.42475992,0.47920555,c234,c5
3735,3,0.068777554,0.31701642,0.6142061,c1,c5
3736,3,0.13610266,0.34899577,0.5149016,c1,c5
3737,3,0.44951135,0.37815705,0.17233166,c1,c1
3738,4,0.16252677,0.47281954,0.3646537,c234,c234
3739,3,0.53294617,0.30816332,0.15889052,c234,c1
3740,1,0.15769953,0.47577235,0.36652812,c1,c234
3741,5,0.1287506,0.34329495,0.52795446,c5,c5
3742,4,0.20318042,0.4247068,0.37211275,c5,c234
3743,4,0.41269413,0.4015624,0.18574353,c1,c1
3744,5,0.39009467,0.30952874,0.30037656,c5,c1
3745,1,0.23285824,0.46878156,0.29836014,c1,c234
3746,2,0.6304424,0.25914392,0.11041371,c1,c1
3747,5,0.07127145,0.24288063,0.685848,c5,c5
3748,3,0.20523,0.4037876,0.3909824,c1,c234
3749,1,0.08450881,0.36924675,0.54624444,c234,c5
3750,4,0.2353037,0.32824585,0.43645048,c5,c5
3751,4,0.58050054,0.31122252,0.10827687,c1,c1
3752,5,0.4546189,0.33447924,0.2109019,c1,c1
3753,2,0.08896477,0.2510967,0.6599385,c5,c5
3754,2,0.35929027,0.28058514,0.36012456,c234,c5
3755,3,0.42217538,0.2813668,0.2964579,c5,c1
3756,1,0.43393674,0.40704915,0.15901405,c234,c1
3757,2,0.16483086,0.4760233,0.35914582,c234,c234
3758,3,0.43487614,0.41995567,0.14516824,c1,c1
3759,2,0.6579475,0.24638279,0.09566977,c5,c1
3760,1,0.44262326,0.44959354,0.107783146,c1,c234
3761,4,0.3676937,0.33719856,0.29510775,c5,c1
3762,1,0.70702714,0.21705718,0.07591572,c1,c1
3763,3,0.38842824,0.3844774,0.22709428,c1,c1
3764,3,0.1596699,0.42201146,0.41831863,c1,c234
3765,5,0.26484957,0.3287066,0.40644383,c5,c5
3766,1,0.21236975,0.3800718,0.40755844,c234,c5
3767,5,0.11205515,0.27234042,0.6156044,c1,c5
3768,3,0.2551525,0.45016328,0.2946842,c5,c234
3769,5,0.3091224,0.4433383,0.24753933,c1,c234
3770,3,0.1280293,0.43428227,0.4376884,c5,c5
3771,4,0.17914729,0.2618537,0.55899906,c5,c5
3772,1,0.1409644,0.3499139,0.5091217,c234,c5
3773,5,0.04003512,0.13031216,0.82965267,c5,c5
3774,4,0.44840857,0.30359367,0.24799773,c1,c1
3775,1,0.26036033,0.43511757,0.3045221,c234,c234
3776,1,0.41059473,0.31985936,0.2695459,c5,c1
3777,2,0.34522396,0.28863034,0.36614567,c234,c5
3778,3,0.05950984,0.22395813,0.716532,c5,c5
3779,5,0.37461486,0.39557558,0.22980957,c234,c234
3780,3,0.33293167,0.3662346,0.30083376,c5,c234
3781,3,0.10887885,0.30767813,0.583443,c1,c5
3782,2,0.20682652,0.5275057,0.26566777,c5,c234
3783,5,0.259821,0.58477455,0.15540446,c234,c234
3784,3,0.3479818,0.4289599,0.22305822,c1,c234
3785,3,0.29125306,0.3322283,0.37651858,c5,c5
3786,5,0.620802,0.26226765,0.116930366,c1,c1
3787,4,0.06847776,0.20885104,0.72267115,c5,c5
3788,1,0.37192324,0.4104396,0.2176372,c234,c234
3789,4,0.20751967,0.2897813,0.502699,c5,c5
3790,1,0.5445977,0.3436202,0.111782074,c1,c1
3791,3,0.48168108,0.32885912,0.18945979,c1,c1
3792,3,0.31653127,0.4832126,0.20025615,c5,c234
3793,4,0.3540226,0.4284687,0.21750876,c5,c234
3794,2,0.10336651,0.39229783,0.50433564,c5,c5
3795,5,0.21906182,0.4717475,0.30919078,c234,c234
3796,5,0.2808574,0.51629215,0.20285039,c234,c234
3797,2,0.40139803,0.43306217,0.16553976,c234,c234
3798,4,0.38746607,0.30998203,0.3025519,c5,c1
3799,2,0.21051574,0.30371097,0.4857733,c234,c5
3800,2,0.13628688,0.26531628,0.5983969,c234,c5
3801,5,0.6830167,0.23500924,0.08197401,c1,c1
3802,3,0.26734674,0.3801155,0.35253778,c5,c234
3803,1,0.120335385,0.27330688,0.60635775,c234,c5
3804,1,0.16345355,0.48489445,0.35165206,c5,c234
3805,2,0.12199472,0.35655466,0.5214506,c234,c5
3806,5,0.38938332,0.41733956,0.19327709,c1,c234
3807,2,0.68377465,0.23633504,0.0798904,c234,c1
3808,1,0.65345615,0.26531145,0.08123242,c1,c1
3809,2,0.19064902,0.4545603,0.35479063,c5,c234
3810,5,0.12834601,0.24052945,0.6311245,c1,c5
3811,4,0.26667306,0.40252882,0.3307981,c5,c234
3812,2,0.56805784,0.322034,0.10990815,c234,c1
3813,2,0.6155262,0.28896713,0.09550668,c5,c1
3814,4,0.6593962,0.2599826,0.08062123,c1,c1
3815,2,0.19782688,0.4645885,0.33758458,c5,c234
3816,5,0.20176882,0.2622102,0.53602093,c234,c5
3817,3,0.065731704,0.2310281,0.7032402,c5,c5
3818,3,0.63246554,0.3100126,0.057521842,c234,c1
3819,3,0.046786,0.13357408,0.81964,c1,c5
3820,1,0.40770838,0.2998465,0.29244506,c1,c1
3821,3,0.62534624,0.2713655,0.103288315,c1,c1
3822,3,0.18206988,0.47225335,0.3456767,c234,c234
3823,4,0.36660957,0.44584715,0.18754324,c5,c234
3824,4,0.6775892,0.2536287,0.0687821,c234,c1
3825,4,0.1822599,0.44540694,0.37233317,c1,c234
3826,3,0.10039112,0.29535422,0.60425466,c234,c5
3827,3,0.29258624,0.4337096,0.27370423,c234,c234
3828,3,0.31794652,0.2986498,0.38340372,c234,c5
3829,4,0.09816278,0.32693195,0.5749052,c5,c5
3830,3,0.07658119,0.16752411,0.7558948,c234,c5
3831,1,0.49722543,0.3046536,0.19812092,c1,c1
3832,2,0.2518148,0.35388243,0.3943028,c234,c5
3833,4,0.44840857,0.30359367,0.24799773,c5,c1
3834,4,0.6551787,0.27276927,0.07205203,c1,c1
3835,5,0.17792626,0.53771365,0.28436008,c5,c234
3836,1,0.24842726,0.382804,0.36876872,c234,c234
3837,1,0.21302064,0.29350203,0.4934773,c5,c5
3838,1,0.19331342,0.4380916,0.36859503,c1,c234
3839,1,0.23017855,0.38079962,0.38902187,c234,c5
3840,3,0.252202,0.49087277,0.2569252,c234,c234
3841,5,0.46269757,0.31036568,0.22693674,c1,c1
3842,2,0.45547545,0.39625567,0.14826886,c1,c1
3843,2,0.35929027,0.28058514,0.36012456,c5,c5
3844,3,0.35679084,0.38587707,0.25733212,c234,c234
3845,1,0.08710493,0.23706497,0.67583007,c234,c5
3846,3,0.17253105,0.32945105,0.49801782,c5,c5
3847,1,0.23815052,0.37420627,0.38764328,c234,c5
3848,3,0.17964713,0.44998193,0.370371,c234,c234
3849,4,0.41269413,0.4015624,0.18574353,c234,c1
3850,5,0.08318008,0.24507745,0.6717425,c5,c5
3851,5,0.17317693,0.5376062,0.2892169,c5,c234
3852,5,0.5199831,0.34176338,0.13825355,c1,c1
3853,4,0.38145405,0.3321167,0.2864292,c5,c1
3854,4,0.5186812,0.34758905,0.13372973,c234,c1
3855,4,0.1072456,0.3272493,0.565505,c234,c5
3856,3,0.4431415,0.3409941,0.21586448,c5,c1
3857,4,0.14912051,0.4797244,0.37115508,c234,c234
3858,1,0.33598816,0.31870967,0.3453021,c234,c5
3859,3,0.14939998,0.42831108,0.4222889,c234,c234
3860,5,0.11891064,0.38216513,0.49892426,c5,c5
3861,5,0.24603157,0.41611955,0.33784884,c1,c234
3862,1,0.19329365,0.3274817,0.47922465,c234,c5
3863,1,0.5135095,0.37459257,0.111897916,c1,c1
3864,5,0.5313083,0.31780136,0.15089035,c234,c1
3865,5,0.49220255,0.37058276,0.13721466,c1,c1
3866,1,0.45796216,0.42251298,0.11952492,c5,c1
3867,3,0.4111508,0.34770608,0.24114315,c5,c1
3868,1,0.3470444,0.35473263,0.29822296,c1,c234
3869,4,0.6791366,0.26451445,0.056348994,c1,c1
3870,1,0.3750956,0.3902758,0.23462856,c1,c234
3871,4,0.09372635,0.33604157,0.5702321,c5,c5
3872,1,0.22454897,0.29046828,0.48498276,c234,c5
3873,4,0.42233098,0.27062145,0.30704755,c1,c1
3874,2,0.21265115,0.32604036,0.46130848,c1,c5
3875,3,0.45354772,0.39270458,0.15374777,c5,c1
3876,4,0.4422927,0.39420044,0.16350682,c1,c1
3877,5,0.07765557,0.35050094,0.57184345,c5,c5
3878,1,0.14414223,0.41002187,0.44583583,c234,c5
3879,5,0.21434194,0.298248,0.48741007,c1,c5
3880,2,0.6137804,0.25881454,0.12740506,c1,c1
3881,1,0.62928987,0.27902848,0.09168167,c5,c1
3882,2,0.48515937,0.2633583,0.25148237,c234,c1
3883,4,0.12537013,0.32120076,0.5534291,c234,c5
3884,2,0.34627193,0.44326717,0.21046086,c1,c234
3885,2,0.47004277,0.33379883,0.19615836,c234,c1
3886,1,0.2961188,0.3969421,0.3069391,c1,c234
3887,5,0.34703258,0.4245708,0.22839661,c1,c234
3888,2,0.2407402,0.4614405,0.29781932,c5,c234
3889,4,0.6914265,0.23234929,0.07622418,c234,c1
3890,1,0.12407357,0.46189046,0.41403595,c1,c234
3891,4,0.04400406,0.124077074,0.83191895,c5,c5
3892,3,0.63498557,0.252549,0.11246537,c1,c1
3893,1,0.07478943,0.30266476,0.6225458,c1,c5
3894,2,0.23109522,0.48512518,0.2837796,c1,c234
3895,4,0.2642077,0.33708218,0.39871007,c1,c5
3896,5,0.14176762,0.5185644,0.33966795,c1,c234
3897,2,0.18363553,0.27938977,0.5369747,c5,c5
3898,3,0.20277706,0.3519319,0.44529107,c5,c5
3899,3,0.0336876,0.0966489,0.8696635,c5,c5
3900,5,0.24375619,0.5022354,0.2540084,c234,c234
3901,4,0.10905394,0.25629646,0.6346496,c5,c5
3902,4,0.29782912,0.46120226,0.24096864,c234,c234
3903,5,0.08829352,0.34488654,0.56681997,c234,c5
3904,5,0.39577046,0.26946405,0.33476546,c1,c1
3905,5,0.14545977,0.42638344,0.4281568,c234,c5
3906,5,0.14648058,0.45163277,0.4018867,c234,c234
3907,1,0.116830684,0.30810857,0.5750608,c234,c5
3908,3,0.19593945,0.22094701,0.5831135,c234,c5
3909,3,0.63199717,0.2101477,0.15785515,c1,c1
3910,4,0.18516795,0.30181646,0.51301557,c234,c5
3911,2,0.059907265,0.23754601,0.7025467,c5,c5
3912,3,0.4056401,0.44339257,0.15096726,c1,c234
3913,2,0.1259854,0.35916194,0.5148527,c1,c5
3914,5,0.045974415,0.18548658,0.768539,c5,c5
3915,4,0.41188407,0.28827947,0.29983643,c1,c1
3916,5,0.07458665,0.26192683,0.6634865,c234,c5
3917,3,0.08110175,0.25621945,0.6626789,c5,c5
3918,4,0.2201399,0.47430068,0.3055594,c5,c234
3919,5,0.47606888,0.39961985,0.12431133,c1,c1
3920,5,0.4886549,0.34431568,0.16702946,c5,c1
3921,4,0.12279458,0.3396266,0.5375788,c5,c5
3922,3,0.12502405,0.23787749,0.6370985,c1,c5
3923,1,0.101755574,0.2262374,0.6720071,c5,c5
3924,1,0.41084203,0.3941876,0.19497034,c234,c1
3925,4,0.042184953,0.20860702,0.74920803,c5,c5
3926,4,0.15515894,0.4835568,0.3612842,c1,c234
3927,3,0.39546698,0.4353972,0.16913582,c234,c234
3928,1,0.18451177,0.45935467,0.35613364,c5,c234
3929,2,0.24395402,0.4194616,0.33658433,c234,c234
3930,3,0.27280945,0.449238,0.27795252,c1,c234
3931,4,0.46832147,0.39465517,0.13702331,c234,c1
3932,3,0.20724268,0.40586054,0.38689682,c5,c234
3933,3,0.20958562,0.37946418,0.41095024,c234,c5
3934,4,0.056584258,0.25002745,0.69338834,c1,c5
3935,4,0.2464005,0.3539448,0.3996547,c234,c5
3936,2,0.4062494,0.30238762,0.29136297,c1,c1
3937,5,0.13995825,0.35331836,0.5067234,c5,c5
3938,2,0.34371,0.29875717,0.3575328,c5,c5
3939,1,0.36400697,0.4724421,0.16355088,c234,c234
3940,3,0.5396143,0.3084404,0.15194531,c1,c1
3941,3,0.066983305,0.17831817,0.7546986,c5,c5
3942,4,0.13382773,0.36869913,0.49747315,c5,c5
3943,2,0.08527055,0.2138931,0.7008364,c5,c5
3944,2,0.19802994,0.33257014,0.4694,c5,c5
3945,2,0.100714564,0.20427218,0.69501334,c5,c5
3946,1,0.119555004,0.49845377,0.3819912,c1,c234
3947,2,0.19787842,0.26291746,0.5392041,c5,c5
3948,1,0.55574155,0.2814986,0.16275987,c5,c1
3949,1,0.2151469,0.49091557,0.29393747,c5,c234
3950,2,0.41670328,0.32707414,0.25622252,c234,c1
3951,5,0.39577046,0.26946405,0.33476546,c1,c1
3952,1,0.5320856,0.2905995,0.17731492,c5,c1
3953,4,0.13894965,0.36456737,0.49648297,c5,c5
3954,3,0.6382083,0.299031,0.06276068,c5,c1
3955,5,0.66743743,0.26131642,0.07124616,c1,c1
3956,1,0.25955445,0.48278525,0.25766036,c234,c234
3957,1,0.5241157,0.37916902,0.09671524,c1,c1
3958,4,0.09854195,0.24876477,0.65269333,c5,c5
3959,2,0.363134,0.44237572,0.1944903,c5,c234
3960,3,0.3674303,0.42260003,0.20996971,c234,c234
3961,3,0.03788038,0.19305463,0.7690649,c5,c5
3962,4,0.6129832,0.3034487,0.08356809,c1,c1
3963,2,0.5572134,0.36663586,0.07615068,c1,c1
3964,2,0.29348844,0.508218,0.19829354,c234,c234
3965,3,0.18658182,0.34435147,0.46906665,c234,c5
3966,1,0.29159108,0.34310675,0.36530212,c234,c5
3967,3,0.48002452,0.2824331,0.23754236,c1,c1
3968,1,0.16956125,0.49691036,0.33352837,c5,c234
3969,2,0.27315786,0.33908013,0.38776198,c1,c5
3970,5,0.5096771,0.36926398,0.121058926,c234,c1
3971,3,0.28405753,0.251638,0.4643044,c234,c5
3972,4,0.46024764,0.29158857,0.24816377,c234,c1
3973,1,0.2627226,0.29080743,0.44647002,c5,c5
3974,4,0.2703681,0.42023933,0.3093926,c234,c234
3975,1,0.34921193,0.43894318,0.2118449,c234,c234
3976,1,0.24620576,0.4632411,0.29055315,c5,c234
3977,3,0.16139206,0.3482357,0.4903722,c1,c5
3978,2,0.17482427,0.500588,0.32458773,c234,c234
3979,5,0.45437247,0.33770218,0.20792532,c234,c1
3980,1,0.20942762,0.43787217,0.3527002,c1,c234
3981,1,0.7438687,0.19619341,0.05993795,c234,c1
3982,5,0.13243045,0.4149456,0.4526239,c234,c5
3983,2,0.7320822,0.20306867,0.064849205,c234,c1
3984,4,0.53634965,0.34338886,0.120261565,c1,c1
3985,2,0.29974896,0.5062928,0.1939582,c234,c234
3986,5,0.28964883,0.321916,0.38843518,c234,c5
3987,4,0.4983912,0.36405262,0.1375561,c1,c1
3988,4,0.16619998,0.30290267,0.5308974,c5,c5
3989,4,0.49665233,0.3950967,0.10825103,c1,c1
3990,3,0.50636506,0.3532625,0.14037241,c1,c1
3991,2,0.46693954,0.2511581,0.28190243,c1,c1
3992,2,0.065174945,0.21329646,0.72152865,c5,c5
3993,1,0.17141528,0.3787263,0.44985843,c5,c5
3994,1,0.16698454,0.52104723,0.31196818,c5,c234
3995,3,0.3014245,0.50022876,0.19834675,c234,c234
3996,1,0.6113018,0.25610706,0.13259116,c1,c1
3997,2,0.12157197,0.3818538,0.49657425,c234,c5
3998,5,0.21438627,0.5691236,0.21649013,c1,c234
3999,2,0.264238,0.28170082,0.45406118,c1,c5
4000,2,0.5656351,0.2831634,0.15120149,c234,c1
4001,3,0.16854082,0.41278628,0.41867295,c234,c5
4002,4,0.41230083,0.37494618,0.21275306,c1,c1
4003,4,0.2686363,0.42082238,0.31054127,c1,c234
4004,3,0.28456178,0.35909462,0.3563436,c234,c234
4005,3,0.39937907,0.432993,0.16762795,c234,c234
4006,5,0.121142335,0.41831046,0.46054718,c5,c5
4007,1,0.3483006,0.31488672,0.3368127,c234,c1
4008,3,0.10428149,0.37179184,0.5239267,c1,c5
4009,5,0.6916513,0.22578314,0.08256564,c5,c1
4010,4,0.039289415,0.22226389,0.73844665,c5,c5
4011,4,0.41269413,0.4015624,0.18574353,c1,c1
4012,2,0.57377857,0.29825664,0.12796481,c1,c1
4013,2,0.5010806,0.34070763,0.15821183,c1,c1
4014,3,0.40113625,0.3525891,0.2462746,c234,c1
4015,1,0.2771274,0.33986494,0.3830077,c234,c5
4016,3,0.10006592,0.2993988,0.6005353,c1,c5
4017,5,0.33817312,0.40941122,0.25241575,c5,c234
4018,2,0.29740638,0.4769249,0.2256687,c5,c234
4019,1,0.58531827,0.32721347,0.08746833,c1,c1
4020,5,0.47418407,0.3278568,0.1979591,c234,c1
4021,3,0.26334086,0.40257755,0.3340816,c5,c234
4022,3,0.5391124,0.30993363,0.15095395,c234,c1
4023,2,0.37742037,0.46781892,0.15476072,c5,c234
4024,2,0.46693954,0.2511581,0.28190243,c1,c1
4025,2,0.109282956,0.47424012,0.41647694,c5,c234
4026,3,0.07044057,0.3284288,0.60113066,c5,c5
4027,5,0.11620381,0.2802597,0.6035365,c5,c5
4028,1,0.3830321,0.27683228,0.34013566,c5,c1
4029,3,0.12849742,0.32653132,0.5449712,c1,c5
4030,4,0.086737335,0.27454248,0.63872015,c5,c5
4031,5,0.66743743,0.26131642,0.07124616,c1,c1
4032,5,0.16732207,0.49202713,0.34065086,c234,c234
4033,4,0.17487337,0.5006063,0.32452035,c1,c234
4034,1,0.6445686,0.25517398,0.10025746,c234,c1
4035,3,0.67317164,0.2346956,0.09213278,c5,c1
4036,3,0.24040696,0.47034934,0.2892437,c234,c234
4037,4,0.5535002,0.29803562,0.14846423,c1,c1
4038,5,0.2779211,0.4076812,0.31439772,c234,c234
4039,3,0.12032744,0.3159003,0.5637722,c5,c5
4040,3,0.43396658,0.38644934,0.17958406,c234,c1
4041,5,0.36052954,0.4628161,0.17665435,c1,c234
4042,1,0.2330089,0.4352117,0.3317794,c1,c234
4043,3,0.09068769,0.30511186,0.6042005,c1,c5
4044,2,0.045161966,0.17591557,0.7789225,c5,c5
4045,3,0.13733307,0.37577888,0.486888,c1,c5
4046,3,0.43216774,0.46478164,0.1030506,c5,c234
4047,5,0.60238904,0.25460094,0.1430101,c1,c1
4048,4,0.12804833,0.4028837,0.46906793,c5,c5
4049,1,0.654894,0.26885104,0.07625498,c234,c1
4050,1,0.053113446,0.22785947,0.71902704,c5,c5
4051,4,0.4777251,0.36668718,0.15558766,c234,c1
4052,5,0.12108648,0.35728583,0.5216277,c5,c5
4053,4,0.12139487,0.46105683,0.4175483,c234,c234
4054,1,0.09303302,0.358903,0.548064,c1,c5
4055,4,0.41269413,0.4015624,0.18574353,c234,c1
4056,1,0.62976295,0.29747897,0.07275811,c234,c1
4057,3,0.28118205,0.3352844,0.38353357,c5,c5
4058,1,0.05869319,0.27352315,0.6677837,c234,c5
4059,2,0.31717876,0.39306444,0.2897568,c5,c234
4060,2,0.52846307,0.29045892,0.181078,c1,c1
4061,5,0.41162354,0.2959299,0.29244652,c5,c1
4062,4,0.1083279,0.3736053,0.5180668,c234,c5
4063,2,0.6458826,0.24324161,0.1108758,c1,c1
4064,3,0.17489481,0.46258995,0.36251524,c5,c234
4065,4,0.31872746,0.38928452,0.29198804,c1,c234
4066,3,0.7325034,0.1779369,0.089559704,c1,c1
4067,4,0.06147119,0.19765784,0.74087095,c5,c5
4068,2,0.45469555,0.3343927,0.21091172,c1,c1
4069,3,0.48072252,0.38084027,0.13843726,c1,c1
4070,1,0.42421085,0.3326013,0.24318783,c5,c1
4071,4,0.64053744,0.27548334,0.08397921,c1,c1
4072,1,0.16891177,0.41077614,0.42031214,c5,c5
4073,3,0.4062811,0.27805915,0.31565976,c234,c1
4074,1,0.07253216,0.22470027,0.70276755,c234,c5
4075,5,0.194761,0.42167464,0.38356438,c5,c234
4076,5,0.18496048,0.3435329,0.47150666,c234,c5
4077,5,0.3594541,0.42525002,0.21529587,c234,c234
4078,1,0.23103987,0.29593766,0.47302252,c5,c5
4079,4,0.083501026,0.20564958,0.71084934,c234,c5
4080,2,0.20070824,0.3149884,0.4843034,c234,c5
4081,1,0.4397844,0.42562973,0.13458589,c234,c1
4082,2,0.571415,0.30566978,0.1229152,c1,c1
4083,3,0.19547082,0.4508364,0.35369277,c1,c234
4084,1,0.06603187,0.30900282,0.6249653,c5,c5
4085,4,0.22817078,0.4261751,0.34565416,c5,c234
4086,3,0.073646985,0.19977517,0.7265779,c5,c5
4087,2,0.51947016,0.34841537,0.13211447,c1,c1
4088,4,0.27005526,0.2664533,0.46349138,c1,c5
4089,3,0.09213085,0.24222925,0.66563994,c5,c5
4090,2,0.18926749,0.47038978,0.3403428,c5,c234
4091,2,0.10174429,0.26734158,0.6309141,c5,c5
4092,1,0.28580955,0.3829591,0.33123136,c234,c234
4093,2,0.120041095,0.17140605,0.7085529,c5,c5
4094,2,0.24301916,0.46997815,0.2870027,c1,c234
4095,3,0.2793902,0.45160297,0.26900688,c234,c234
4096,3,0.24365729,0.36868674,0.38765594,c1,c5
4097,4,0.45333305,0.3507365,0.19593048,c5,c1
4098,2,0.3229341,0.26410255,0.4129634,c5,c5
4099,5,0.3136474,0.3417101,0.3446425,c5,c5
4100,3,0.632698,0.25032175,0.116980225,c234,c1
4101,1,0.13760431,0.39574844,0.46664727,c234,c5
4102,4,0.06610886,0.12299606,0.8108951,c5,c5
4103,5,0.3579193,0.47567335,0.1664073,c5,c234
4104,1,0.383049,0.2768107,0.34014025,c234,c1
4105,1,0.6609476,0.24420503,0.094847314,c1,c1
4106,4,0.19133827,0.32751995,0.48114178,c1,c5
4107,5,0.11466282,0.30132285,0.5840143,c234,c5
4108,2,0.5468987,0.32999438,0.12310685,c234,c1
4109,5,0.18599555,0.29211238,0.52189213,c5,c5
4110,3,0.25480014,0.4712881,0.27391177,c234,c234
4111,4,0.57001656,0.33509544,0.09488796,c1,c1
4112,2,0.5253625,0.34614307,0.12849441,c5,c1
4113,5,0.18276237,0.4802233,0.33701426,c5,c234
4114,4,0.11644181,0.37652168,0.5070365,c234,c5
4115,1,0.1101983,0.34259835,0.54720336,c234,c5
4116,4,0.18977924,0.41401026,0.39621043,c5,c234
4117,5,0.09533709,0.34357363,0.5610892,c5,c5
4118,5,0.44395134,0.3594789,0.19656982,c1,c1
4119,2,0.40965152,0.36860147,0.22174706,c5,c1
4120,1,0.06821109,0.18471666,0.7470722,c5,c5
4121,4,0.082821056,0.2294592,0.6877198,c5,c5
4122,4,0.10556637,0.22886059,0.66557306,c234,c5
4123,2,0.5052693,0.25027916,0.2444516,c1,c1
4124,4,0.1858063,0.4613369,0.35285676,c234,c234
4125,5,0.43593097,0.2981422,0.26592684,c1,c1
4126,1,0.56764287,0.33744815,0.094908975,c234,c1
4127,3,0.7325034,0.1779369,0.089559704,c1,c1
4128,2,0.29529214,0.31617442,0.3885334,c1,c5
4129,5,0.32724556,0.4964987,0.17625579,c5,c234
4130,2,0.14111479,0.2728372,0.586048,c234,c5
4131,4,0.31740153,0.4827699,0.19982862,c1,c234
4132,3,0.35883135,0.40934828,0.23182036,c1,c234
4133,5,0.5103921,0.34856743,0.14104041,c1,c1
4134,3,0.58236974,0.32647052,0.09115974,c1,c1
4135,4,0.29675886,0.39270994,0.3105312,c1,c234
4136,3,0.17223607,0.3282861,0.49947786,c5,c5
4137,2,0.46706018,0.33117506,0.20176479,c1,c1
4138,2,0.25882444,0.36066046,0.38051513,c1,c5
4139,5,0.1181061,0.2636662,0.6182277,c5,c5
4140,4,0.57603246,0.31322166,0.110745884,c234,c1
4141,2,0.098168865,0.22537693,0.67645425,c234,c5
4142,4,0.3908786,0.3088568,0.30026463,c1,c1
4143,5,0.5900959,0.24913137,0.16077277,c1,c1
4144,1,0.26120478,0.5288088,0.20998643,c5,c234
4145,2,0.17483704,0.4080993,0.41706374,c1,c5
4146,3,0.14880632,0.2907003,0.56049335,c5,c5
4147,1,0.13318092,0.33334863,0.5334705,c234,c5
4148,4,0.4156575,0.24859461,0.33574793,c1,c1
4149,4,0.07743918,0.20939946,0.71316135,c234,c5
4150,4,0.05341202,0.24439546,0.70219254,c5,c5
4151,3,0.07192254,0.2543037,0.67377377,c234,c5
4152,4,0.34594044,0.3784369,0.27562264,c234,c234
4153,2,0.13169943,0.353739,0.5145616,c5,c5
4154,4,0.68293834,0.25297776,0.06408393,c1,c1
4155,5,0.20001456,0.32157913,0.4784063,c5,c5
4156,2,0.52221096,0.3425893,0.13519974,c1,c1
4157,2,0.16782334,0.46201953,0.3701571,c5,c234
4158,2,0.5052693,0.25027916,0.2444516,c1,c1
4159,2,0.47757223,0.40392733,0.118500434,c1,c1
4160,3,0.39872,0.27570525,0.3255748,c1,c1
4161,1,0.22264397,0.39646998,0.38088605,c5,c234
4162,4,0.24458659,0.40631866,0.34909472,c1,c234
4163,5,0.065882735,0.288567,0.64555025,c5,c5
4164,5,0.47976634,0.35779646,0.16243719,c5,c1
4165,4,0.493551,0.3406855,0.16576344,c1,c1
4166,3,0.18207563,0.44020241,0.377722,c234,c234
4167,4,0.5160285,0.34477872,0.13919272,c1,c1
4168,4,0.06776726,0.21004142,0.72219133,c234,c5
4169,2,0.4556083,0.27576753,0.26862413,c5,c1
4170,2,0.04873526,0.2007361,0.75052863,c5,c5
4171,5,0.26398072,0.4953832,0.24063607,c234,c234
4172,4,0.14263444,0.24828838,0.6090772,c5,c5
4173,3,0.29876363,0.33616534,0.3650711,c5,c5
4174,1,0.3697251,0.29448286,0.33579203,c234,c1
4175,4,0.2567338,0.34446245,0.39880374,c234,c5
4176,2,0.6679902,0.23745352,0.0945563,c234,c1
4177,2,0.3498682,0.38978246,0.26034936,c5,c234
4178,3,0.15306504,0.4648444,0.3820906,c234,c234
4179,1,0.38238338,0.32299805,0.29461858,c5,c1
4180,4,0.368281,0.3115751,0.32014388,c1,c1
4181,1,0.20681508,0.4428804,0.35030448,c234,c234
4182,4,0.036441457,0.13980526,0.82375324,c234,c5
4183,1,0.050105803,0.22854087,0.72135335,c5,c5
4184,4,0.041671667,0.23608609,0.72224224,c5,c5
4185,4,0.46331403,0.33585426,0.20083177,c1,c1
4186,5,0.3385834,0.35604727,0.30536935,c234,c234
4187,3,0.106388405,0.23967226,0.6539393,c234,c5
4188,4,0.49762136,0.3655371,0.13684155,c1,c1
4189,1,0.29988557,0.34117094,0.35894343,c234,c5
4190,1,0.15213186,0.2734482,0.57442,c5,c5
4191,4,0.09492108,0.35078543,0.55429345,c5,c5
4192,2,0.3898989,0.4036899,0.20641127,c5,c234
4193,1,0.2026917,0.32071358,0.47659475,c234,c5
4194,3,0.49936154,0.31791762,0.18272081,c1,c1
4195,3,0.10422404,0.3172925,0.57848346,c234,c5
4196,1,0.34380582,0.41982797,0.23636617,c1,c234
4197,3,0.3800871,0.44878238,0.17113057,c234,c234
4198,4,0.5493401,0.32790586,0.12275404,c234,c1
4199,5,0.5436199,0.30221933,0.15416081,c234,c1
4200,1,0.27936554,0.40855134,0.31208307,c1,c234
4201,5,0.66743743,0.26131642,0.07124616,c1,c1
4202,5,0.1486337,0.47559702,0.37576926,c234,c234
4203,2,0.67779773,0.24845915,0.07374309,c234,c1
4204,2,0.46694514,0.3578445,0.17521034,c234,c1
4205,5,0.09037057,0.26933601,0.6402934,c5,c5
4206,2,0.14091022,0.4685014,0.39058837,c234,c234
4207,1,0.33322865,0.37303895,0.29373243,c5,c234
4208,3,0.47735363,0.3539713,0.16867511,c1,c1
4209,3,0.15782034,0.2741242,0.56805545,c5,c5
4210,1,0.19082858,0.26142144,0.54775,c5,c5
4211,3,0.15102738,0.456088,0.39288458,c5,c234
4212,3,0.5273266,0.33338857,0.13928488,c1,c1
4213,2,0.31527612,0.5176495,0.16707437,c5,c234
4214,1,0.37501538,0.27794033,0.3470443,c5,c1
4215,3,0.42610154,0.30932596,0.26457247,c1,c1
4216,3,0.13475375,0.30834144,0.5569048,c1,c5
4217,4,0.37814108,0.43407044,0.18778847,c234,c234
4218,2,0.6953982,0.25422725,0.050374478,c234,c1
4219,4,0.09678064,0.2849407,0.6182786,c234,c5
4220,3,0.16463901,0.50687635,0.32848468,c5,c234
4221,4,0.7629702,0.19799067,0.03903906,c1,c1
4222,5,0.2630813,0.5067467,0.23017198,c5,c234
4223,2,0.0725217,0.17215374,0.7553246,c5,c5
4224,5,0.577447,0.3474713,0.07508175,c1,c1
4225,2,0.48948467,0.37000144,0.14051388,c234,c1
4226,4,0.052542966,0.21572074,0.73173636,c5,c5
4227,5,0.2128244,0.4297597,0.3574159,c5,c234
4228,1,0.21675687,0.32515234,0.45809075,c234,c5
4229,4,0.1254307,0.35644752,0.51812184,c1,c5
4230,1,0.3470932,0.46275893,0.19014785,c5,c234
4231,4,0.64279866,0.3008694,0.05633191,c1,c1
4232,4,0.16910048,0.25772157,0.573178,c5,c5
4233,5,0.2608616,0.31429443,0.42484394,c5,c5
4234,2,0.24181218,0.44043842,0.31774944,c5,c234
4235,2,0.38569173,0.36659062,0.2477176,c234,c1
4236,4,0.3437617,0.37969753,0.2765408,c5,c234
4237,5,0.35298842,0.46134004,0.18567154,c234,c234
4238,2,0.33945265,0.28393507,0.3766123,c234,c5
4239,2,0.2636611,0.46500468,0.27133417,c234,c234
4240,3,0.22734474,0.35866907,0.41398624,c5,c5
4241,3,0.084895864,0.28902784,0.6260763,c1,c5
4242,5,0.5437107,0.36258757,0.09370172,c234,c1
4243,4,0.6138644,0.2824405,0.103695,c1,c1
4244,1,0.46539417,0.393291,0.14131483,c1,c1
4245,4,0.28056845,0.49500442,0.22442713,c5,c234
4246,1,0.383049,0.2768107,0.34014025,c5,c1
4247,5,0.62829226,0.22819217,0.1435155,c1,c1
4248,4,0.42104223,0.40923548,0.16972235,c234,c1
4249,4,0.053581107,0.1395909,0.80682796,c5,c5
4250,2,0.25685427,0.32972693,0.4134188,c234,c5
4251,4,0.2767364,0.37118688,0.35207674,c1,c234
4252,1,0.25753906,0.34174654,0.40071443,c5,c5
4253,5,0.66743743,0.26131642,0.07124616,c5,c1
4254,1,0.050540414,0.15422845,0.7952311,c5,c5
4255,2,0.25281903,0.3270324,0.4201486,c1,c5
4256,2,0.07465027,0.22259946,0.7027503,c234,c5
4257,1,0.37354782,0.31889868,0.3075535,c5,c1
4258,4,0.5187794,0.34740028,0.13382035,c5,c1
4259,4,0.18731311,0.40535137,0.40733546,c1,c5
4260,2,0.1144239,0.38586447,0.49971157,c5,c5
4261,1,0.26753873,0.40640697,0.3260543,c1,c234
4262,5,0.46482065,0.36609104,0.1690883,c234,c1
4263,1,0.07995504,0.3367055,0.58333945,c5,c5
4264,1,0.13654,0.47401857,0.38944137,c234,c234
4265,2,0.18916588,0.34412774,0.4667064,c5,c5
4266,4,0.07636492,0.32033306,0.603302,c234,c5
4267,2,0.3704933,0.44630054,0.18320611,c234,c234
4268,2,0.1363375,0.37460634,0.48905608,c234,c5
4269,5,0.66743743,0.26131642,0.07124616,c1,c1
4270,3,0.58908117,0.28911746,0.12180142,c234,c1
4271,4,0.42233098,0.27062145,0.30704755,c234,c1
4272,2,0.3726479,0.42474687,0.20260516,c1,c234
4273,2,0.35929027,0.28058514,0.36012456,c1,c5
4274,2,0.1309435,0.4162392,0.45281726,c234,c5
4275,2,0.26054716,0.3541775,0.38527527,c5,c5
4276,1,0.34193325,0.36150634,0.29656044,c1,c234
4277,1,0.2757471,0.42859998,0.29565293,c1,c234
4278,2,0.26577792,0.41746435,0.3167577,c5,c234
4279,4,0.1038646,0.28126687,0.6148685,c5,c5
4280,1,0.20631649,0.38217035,0.41151318,c1,c5
4281,2,0.2541985,0.419256,0.32654557,c1,c234
4282,2,0.5600464,0.33503187,0.10492175,c234,c1
4283,2,0.40759894,0.2640667,0.32833433,c234,c1
4284,5,0.05188562,0.24227108,0.70584327,c5,c5
4285,2,0.45741302,0.31606817,0.2265188,c1,c1
4286,2,0.30350912,0.46890923,0.22758158,c234,c234
4287,3,0.10274271,0.18512551,0.7121318,c5,c5
4288,4,0.04388994,0.20134112,0.75476897,c5,c5
4289,5,0.08418595,0.22658958,0.6892245,c5,c5
4290,2,0.718496,0.22965916,0.05184477,c1,c1
4291,4,0.097510606,0.2703552,0.63213426,c5,c5
4292,1,0.09985414,0.3133326,0.5868133,c234,c5
4293,1,0.19922747,0.28211993,0.51865256,c5,c5
4294,3,0.47805348,0.36564255,0.15630397,c5,c1
4295,1,0.14014708,0.30230314,0.5575498,c5,c5
4296,3,0.2730317,0.5098258,0.21714243,c234,c234
4297,3,0.5125612,0.2998881,0.18755068,c234,c1
4298,1,0.09291873,0.34038085,0.5667004,c5,c5
4299,1,0.16326283,0.4416327,0.39510456,c234,c234
4300,1,0.32701647,0.35483694,0.3181466,c5,c234
4301,4,0.11965688,0.23158628,0.64875686,c234,c5
4302,4,0.06932183,0.21813676,0.71254146,c5,c5
4303,5,0.15426594,0.39847812,0.44725597,c5,c5
4304,3,0.29859805,0.5325848,0.16881718,c5,c234
4305,5,0.14908849,0.48173374,0.3691778,c234,c234
4306,4,0.037210803,0.18333696,0.7794522,c5,c5
4307,1,0.11359324,0.277701,0.60870576,c5,c5
4308,2,0.25065586,0.43320018,0.3161439,c234,c234
4309,1,0.1612059,0.4917236,0.34707057,c234,c234
4310,4,0.15445527,0.20471993,0.6408248,c234,c5
4311,1,0.29928976,0.43596262,0.26474768,c234,c234
4312,1,0.17140505,0.3720141,0.45658082,c234,c5
4313,3,0.091279,0.39960763,0.5091134,c5,c5
4314,3,0.061570227,0.24877296,0.68965673,c1,c5
4315,4,0.18096891,0.48678726,0.33224386,c1,c234
4316,2,0.67418224,0.24868475,0.07713304,c1,c1
4317,2,0.47035515,0.3887974,0.14084746,c1,c1
4318,5,0.5237576,0.2565711,0.21967132,c5,c1
4319,4,0.4184092,0.37311882,0.20847197,c1,c1
4320,2,0.15445006,0.31222627,0.5333237,c1,c5
4321,1,0.762502,0.18788843,0.04960955,c1,c1
4322,1,0.073796555,0.26265553,0.66354793,c5,c5
4323,5,0.09393424,0.2713105,0.63475525,c5,c5
4324,4,0.41269413,0.4015624,0.18574353,c1,c1
4325,2,0.15648058,0.2572774,0.586242,c5,c5
4326,3,0.56562006,0.27185166,0.16252832,c1,c1
4327,4,0.08052726,0.17605956,0.7434132,c5,c5
4328,5,0.57456166,0.26017934,0.16525896,c1,c1
4329,5,0.5084704,0.33082762,0.16070198,c5,c1
4330,3,0.12949935,0.42048556,0.45001513,c234,c5
4331,3,0.45632064,0.34854105,0.19513828,c1,c1
4332,4,0.41269413,0.4015624,0.18574353,c1,c1
4333,2,0.24289255,0.412519,0.3445884,c234,c234
4334,5,0.18866315,0.4690023,0.3423345,c1,c234
4335,5,0.053856224,0.1585872,0.7875566,c5,c5
4336,2,0.09835753,0.36339626,0.5382462,c234,c5
4337,1,0.6484354,0.23347571,0.118088864,c1,c1
4338,2,0.43346828,0.37262535,0.19390634,c5,c1
4339,1,0.3758634,0.42850345,0.19563313,c234,c234
4340,5,0.47647408,0.2636162,0.2599097,c1,c1
4341,5,0.11329403,0.43642616,0.45027983,c5,c5
4342,1,0.19010465,0.3243277,0.48556775,c234,c5
4343,5,0.038863104,0.16825815,0.79287875,c5,c5
4344,4,0.6836755,0.25179434,0.064530104,c234,c1
4345,2,0.22330257,0.31112438,0.465573,c5,c5
4346,1,0.15455505,0.489499,0.35594594,c234,c234
4347,3,0.6205903,0.26639178,0.113017894,c234,c1
4348,1,0.3961004,0.39542404,0.2084756,c1,c1
4349,2,0.19144921,0.38400957,0.4245413,c1,c5
4350,2,0.17235655,0.49063858,0.3370049,c234,c234
4351,2,0.23156153,0.28464308,0.48379534,c234,c5
4352,4,0.21302673,0.37994662,0.4070266,c5,c5
4353,3,0.37005517,0.48070258,0.14924228,c234,c234
4354,5,0.39662415,0.41413912,0.18923675,c5,c234
4355,1,0.4320499,0.39089674,0.17705338,c234,c1
4356,2,0.20900829,0.38772407,0.40326768,c1,c5
4357,3,0.21382798,0.40498245,0.38118958,c5,c234
4358,1,0.13122782,0.4211338,0.44763836,c234,c5
4359,3,0.21294917,0.4934322,0.29361856,c234,c234
4360,2,0.14495914,0.23376563,0.62127525,c5,c5
4361,5,0.52177554,0.3017364,0.17648803,c234,c1
4362,4,0.19138546,0.31509864,0.49351594,c234,c5
4363,3,0.5835218,0.31943694,0.09704128,c234,c1
4364,1,0.4334017,0.311939,0.25465935,c234,c1
4365,2,0.700299,0.24658884,0.053112157,c234,c1
4366,1,0.05652745,0.25482723,0.68864536,c5,c5
4367,3,0.7144431,0.20524184,0.08031501,c1,c1
4368,4,0.64540523,0.28211161,0.07248321,c5,c1
4369,3,0.09700791,0.287183,0.6158091,c5,c5
4370,2,0.14204307,0.24694607,0.61101085,c5,c5
4371,2,0.22615615,0.54053724,0.23330662,c1,c234
4372,4,0.25276473,0.32118654,0.42604876,c234,c5
4373,4,0.39735964,0.45524147,0.14739889,c1,c234
4374,2,0.31604016,0.28430125,0.39965853,c5,c5
4375,4,0.066121794,0.27513987,0.6587384,c234,c5
4376,3,0.12748212,0.41051385,0.46200407,c234,c5
4377,5,0.17661403,0.29624256,0.5271434,c234,c5
4378,4,0.4685875,0.41758513,0.11382746,c5,c1
4379,3,0.0679736,0.23742501,0.6946014,c234,c5
4380,3,0.099512264,0.28521958,0.6152682,c234,c5
4381,2,0.3174994,0.25089455,0.43160605,c234,c5
4382,2,0.19621545,0.35530028,0.44848418,c234,c5
4383,1,0.080542915,0.37598965,0.54346746,c5,c5
4384,3,0.51637805,0.31225428,0.17136773,c1,c1
4385,5,0.15431188,0.37153307,0.47415504,c234,c5
4386,5,0.20801027,0.4502506,0.3417391,c234,c234
4387,5,0.2749135,0.27417618,0.45091036,c1,c5
4388,1,0.346019,0.31486169,0.33911934,c5,c1
4389,3,0.6415201,0.274495,0.083984934,c1,c1
4390,5,0.30379736,0.48456395,0.21163864,c1,c234
4391,2,0.42469323,0.35259923,0.22270751,c234,c1
4392,2,0.58852166,0.3330654,0.07841293,c234,c1
4393,3,0.08265529,0.2640282,0.6533165,c5,c5
4394,1,0.14287964,0.4564045,0.40071586,c5,c234
4395,4,0.16203089,0.4102399,0.42772916,c234,c5
4396,4,0.2812266,0.46795735,0.25081608,c5,c234
4397,4,0.3512386,0.34889898,0.2998624,c5,c1
4398,3,0.25055698,0.43334663,0.3160964,c234,c234
4399,4,0.28966883,0.39718896,0.31314218,c1,c234
4400,5,0.41554496,0.43136054,0.15309453,c5,c234
4401,4,0.18350153,0.4488794,0.36761907,c5,c234
4402,5,0.39920557,0.4312228,0.1695716,c1,c234
4403,2,0.07663033,0.20549312,0.71787655,c1,c5
4404,3,0.34211728,0.31485596,0.34302682,c1,c5
4405,5,0.09670661,0.41884553,0.48444793,c5,c5
4406,5,0.44867855,0.38508907,0.16623239,c1,c1
4407,5,0.30549955,0.37813485,0.3163656,c1,c234
4408,4,0.44576967,0.32420692,0.23002347,c234,c1
4409,3,0.11419804,0.2432336,0.64256835,c1,c5
4410,4,0.5388492,0.34467342,0.11647742,c1,c1
4411,3,0.4241084,0.35297433,0.22291724,c234,c1
4412,2,0.46694514,0.3578445,0.17521034,c234,c1
4413,5,0.08647168,0.250428,0.6631003,c5,c5
4414,1,0.20938678,0.324364,0.46624923,c5,c5
4415,4,0.5552421,0.30961695,0.13514096,c1,c1
4416,4,0.12307912,0.33440042,0.54252046,c234,c5
4417,5,0.14614971,0.30228704,0.5515632,c5,c5
4418,3,0.33137128,0.47841954,0.19020925,c234,c234
4419,4,0.16802804,0.2548708,0.5771012,c1,c5
4420,3,0.30958876,0.4020354,0.28837588,c1,c234
4421,2,0.18557462,0.4956544,0.31877095,c5,c234
4422,4,0.11921483,0.3496228,0.5311624,c1,c5
4423,1,0.15440266,0.27527347,0.5703239,c234,c5
4424,1,0.12957938,0.30865175,0.5617689,c5,c5
4425,2,0.6409823,0.28342906,0.07558868,c1,c1
4426,4,0.24605732,0.51496035,0.23898235,c234,c234
4427,2,0.08586382,0.20945665,0.70467955,c5,c5
4428,1,0.33952543,0.38943416,0.27104044,c1,c234
4429,5,0.09406522,0.2712249,0.6347099,c5,c5
4430,5,0.6310952,0.2627667,0.106138185,c1,c1
4431,2,0.16018693,0.22963932,0.61017376,c5,c5
4432,5,0.2518301,0.29885036,0.44931948,c1,c5
4433,5,0.24347849,0.5568518,0.19966969,c1,c234
4434,1,0.29382822,0.32446492,0.3817069,c5,c5
4435,4,0.42233098,0.27062145,0.30704755,c1,c1
4436,4,0.6749309,0.23137821,0.09369089,c1,c1
4437,3,0.12206236,0.28180122,0.5961364,c5,c5
4438,3,0.30265382,0.41030914,0.287037,c234,c234
4439,1,0.2717688,0.38829422,0.33993694,c1,c234
4440,1,0.062315617,0.25117075,0.68651366,c5,c5
4441,3,0.58026314,0.28899205,0.1307448,c5,c1
4442,2,0.67694664,0.22981396,0.09323941,c234,c1
4443,5,0.10439451,0.27427173,0.6213338,c5,c5
4444,4,0.3530198,0.34690037,0.30007985,c234,c1
4445,4,0.5362455,0.34698775,0.11676672,c234,c1
4446,2,0.04973207,0.23847798,0.7117899,c234,c5
4447,2,0.045350406,0.17780565,0.77684397,c234,c5
4448,1,0.050011538,0.20858659,0.74140185,c5,c5
4449,4,0.053681485,0.14191613,0.8044023,c5,c5
4450,4,0.2070935,0.35747623,0.4354302,c234,c5
4451,5,0.270558,0.42362592,0.30581614,c234,c234
4452,3,0.27755916,0.46476734,0.25767347,c1,c234
4453,1,0.486566,0.29846838,0.2149656,c1,c1
4454,4,0.42233098,0.27062145,0.30704755,c1,c1
4455,5,0.08787361,0.2583695,0.65375686,c234,c5
4456,2,0.40960008,0.30874863,0.28165123,c1,c1
4457,4,0.10150406,0.29407048,0.6044255,c5,c5
4458,2,0.5706688,0.32820797,0.101123266,c1,c1
4459,4,0.22096504,0.39584088,0.38319412,c5,c234
4460,5,0.66743743,0.26131642,0.07124616,c1,c1
4461,5,0.13075893,0.38695803,0.48228303,c234,c5
4462,1,0.06510768,0.2273591,0.7075333,c5,c5
4463,4,0.14077331,0.3980994,0.46112737,c234,c5
4464,4,0.41269413,0.4015624,0.18574353,c234,c1
4465,2,0.26662886,0.3622208,0.37115029,c5,c5
4466,4,0.5039603,0.34379697,0.1522427,c234,c1
4467,2,0.07396415,0.16354668,0.76248914,c1,c5
4468,5,0.66461897,0.2632481,0.07213294,c234,c1
4469,2,0.14700606,0.32515338,0.5278405,c5,c5
4470,1,0.3228319,0.40874586,0.26842228,c234,c234
4471,1,0.2653843,0.386179,0.34843677,c234,c234
4472,3,0.061734844,0.2043199,0.73394525,c234,c5
4473,1,0.07089097,0.3167045,0.6124045,c5,c5
4474,2,0.17682949,0.40565705,0.41751343,c1,c5
4475,4,0.34561574,0.39831144,0.25607282,c1,c234
4476,5,0.087571055,0.36085132,0.55157757,c234,c5
4477,3,0.28419575,0.43493664,0.28086764,c234,c234
4478,4,0.42233098,0.27062145,0.30704755,c5,c1
4479,3,0.26785457,0.32171682,0.41042858,c1,c5
4480,2,0.41134405,0.4134584,0.17519759,c234,c234
4481,1,0.15759067,0.3447563,0.4976531,c5,c5
4482,3,0.54236007,0.27125493,0.18638508,c1,c1
4483,3,0.21588054,0.34674934,0.43737015,c5,c5
4484,5,0.17406145,0.34050468,0.48543388,c1,c5
4485,1,0.15707074,0.29389486,0.5490344,c234,c5
4486,3,0.47229668,0.2835747,0.24412861,c1,c1
4487,4,0.26891124,0.3247849,0.4063038,c234,c5
4488,3,0.441089,0.4377633,0.12114769,c234,c1
4489,2,0.6174012,0.26366752,0.11893133,c234,c1
4490,5,0.26331997,0.4263943,0.3102857,c1,c234
4491,2,0.22091658,0.3838122,0.39527127,c234,c5
4492,2,0.19819418,0.23333037,0.5684755,c5,c5
4493,2,0.37148768,0.41295993,0.21555242,c5,c234
4494,2,0.47565857,0.37275666,0.15158485,c234,c1
4495,4,0.48734334,0.33910102,0.17355564,c234,c1
4496,2,0.5545309,0.28821412,0.157255,c5,c1
4497,1,0.45586994,0.41507432,0.12905577,c234,c1
4498,5,0.3039483,0.4680712,0.2279805,c5,c234
4499,3,0.74089605,0.18169743,0.07740654,c1,c1
4500,2,0.46693954,0.2511581,0.28190243,c5,c1
4501,2,0.31367776,0.5253836,0.16093864,c234,c234
4502,1,0.16234916,0.5364975,0.3011534,c1,c234
4503,4,0.10028392,0.30284765,0.59686846,c5,c5
4504,3,0.43569297,0.45593393,0.10837315,c1,c234
4505,4,0.47557515,0.3495559,0.17486891,c234,c1
4506,2,0.14588979,0.44783884,0.40627137,c5,c234
4507,1,0.10597858,0.293905,0.6001165,c5,c5
4508,3,0.24325751,0.5443882,0.21235435,c1,c234
4509,2,0.19954583,0.2781751,0.5222791,c5,c5
4510,3,0.2986459,0.4758968,0.22545728,c1,c234
4511,5,0.17401883,0.30429617,0.521685,c1,c5
4512,5,0.111937635,0.41885382,0.46920854,c5,c5
4513,4,0.7175932,0.21585543,0.066551305,c234,c1
4514,2,0.21732028,0.44319895,0.33948076,c234,c234
4515,5,0.28565744,0.4429077,0.27143484,c234,c234
4516,3,0.06690343,0.25009823,0.6829983,c5,c5
4517,4,0.13848919,0.35912594,0.50238484,c1,c5
4518,3,0.3732619,0.36191034,0.26482773,c5,c1
4519,3,0.22109209,0.29705828,0.48184958,c1,c5
4520,3,0.6419548,0.2734682,0.08457701,c234,c1
4521,3,0.5194956,0.38179162,0.09871272,c234,c1
4522,3,0.1666033,0.33576825,0.49762848,c5,c5
4523,4,0.41269413,0.4015624,0.18574353,c1,c1
4524,2,0.18571126,0.54490376,0.26938495,c234,c234
4525,1,0.44397184,0.3712015,0.18482666,c5,c1
4526,4,0.15100113,0.361085,0.48791385,c5,c5
4527,2,0.1455439,0.37466583,0.4797902,c5,c5
4528,1,0.5671503,0.32768095,0.10516871,c1,c1
4529,2,0.09877118,0.3199289,0.5812999,c234,c5
4530,2,0.15547028,0.3616558,0.48287383,c234,c5
4531,1,0.32803705,0.37531665,0.29664633,c1,c234
4532,3,0.6261469,0.26652262,0.10733052,c234,c1
4533,5,0.4274765,0.43357268,0.13895081,c1,c234
4534,2,0.52812606,0.3361074,0.13576652,c1,c1
4535,5,0.48865402,0.29296643,0.21837959,c234,c1
4536,2,0.45320383,0.35583234,0.19096385,c234,c1
4537,5,0.27276653,0.27291018,0.45432335,c1,c5
4538,3,0.29194975,0.2976898,0.4103604,c5,c5
4539,2,0.3295397,0.4614503,0.20901002,c5,c234
4540,5,0.055883102,0.23481756,0.7092993,c234,c5
4541,1,0.45914376,0.33481145,0.20604485,c234,c1
4542,1,0.47787955,0.29444897,0.22767147,c234,c1
4543,5,0.07798259,0.34804615,0.5739712,c1,c5
4544,2,0.68027264,0.21732207,0.102405354,c1,c1
4545,1,0.05786386,0.24269581,0.69944036,c1,c5
4546,3,0.13406818,0.34160364,0.52432823,c1,c5
4547,2,0.46693954,0.2511581,0.28190243,c5,c1
4548,3,0.068760484,0.27502438,0.65621513,c5,c5
4549,2,0.114377305,0.28691342,0.5987093,c5,c5
4550,2,0.08987716,0.34842545,0.5616974,c234,c5
4551,3,0.10236284,0.33059266,0.5670445,c1,c5
4552,3,0.26078975,0.5056395,0.23357075,c5,c234
4553,4,0.30770633,0.44235912,0.24993455,c234,c234
4554,2,0.06037874,0.22529474,0.71432656,c234,c5
4555,3,0.65984476,0.26927108,0.0708842,c234,c1
4556,2,0.07312367,0.24185035,0.685026,c234,c5
4557,3,0.44910616,0.4380605,0.11283332,c1,c1
4558,2,0.080836184,0.30440298,0.6147608,c5,c5
4559,4,0.18711978,0.4655064,0.34737375,c234,c234
4560,2,0.2962814,0.3031502,0.40056837,c5,c5
4561,4,0.42233098,0.27062145,0.30704755,c234,c1
4562,5,0.44016537,0.38967937,0.17015521,c234,c1
4563,5,0.19875634,0.33731264,0.463931,c5,c5
4564,1,0.19264705,0.48042837,0.32692456,c1,c234
4565,5,0.46507943,0.3512747,0.18364583,c234,c1
4566,4,0.24746723,0.40765598,0.34487683,c5,c234
4567,4,0.26064187,0.37835312,0.36100504,c1,c234
4568,1,0.18242764,0.35331658,0.46425578,c5,c5
4569,2,0.23248203,0.54152757,0.22599041,c1,c234
4570,5,0.48519325,0.37110347,0.14370325,c5,c1
4571,2,0.26540917,0.41490516,0.3196857,c234,c234
4572,4,0.1641851,0.28510976,0.55070513,c1,c5
4573,2,0.08755922,0.2754912,0.63694954,c234,c5
4574,4,0.31229657,0.39131337,0.29639012,c1,c234
4575,5,0.42432246,0.40746963,0.1682079,c234,c1
4576,3,0.06883024,0.16282336,0.7683464,c5,c5
4577,5,0.30816242,0.486319,0.20551863,c1,c234
4578,1,0.2781394,0.29878277,0.4230778,c1,c5
4579,1,0.33371368,0.45309415,0.21319212,c1,c234
4580,3,0.37376994,0.4077591,0.21847096,c5,c234
4581,5,0.27103582,0.45229566,0.2766685,c5,c234
4582,5,0.2581577,0.4253574,0.3164849,c234,c234
4583,5,0.440567,0.3483045,0.21112847,c234,c1
4584,3,0.1679871,0.3499443,0.4820686,c5,c5
4585,5,0.29884785,0.3900864,0.3110657,c234,c234
4586,1,0.14938685,0.32664958,0.5239635,c5,c5
4587,4,0.060652573,0.22248167,0.7168658,c234,c5
4588,3,0.3241216,0.4883404,0.187538,c234,c234
4589,1,0.36165997,0.4410778,0.19726218,c234,c234
4590,2,0.25730857,0.46589723,0.27679417,c1,c234
4591,5,0.2124096,0.37635696,0.41123345,c1,c5
4592,4,0.22290811,0.31937906,0.45771286,c1,c5
4593,3,0.1472479,0.43745974,0.41529235,c234,c234
4594,2,0.09853393,0.17445906,0.727007,c5,c5
4595,2,0.1364021,0.30889145,0.5547065,c234,c5
4596,2,0.22330257,0.31112438,0.465573,c1,c5
4597,1,0.3582836,0.438697,0.20301934,c234,c234
4598,3,0.69273317,0.22331086,0.08395603,c1,c1
4599,4,0.20106186,0.39976165,0.39917648,c234,c234
4600,1,0.64667195,0.24755533,0.10577268,c234,c1
4601,2,0.2381573,0.25544316,0.5063995,c1,c5
4602,4,0.21285126,0.54566205,0.24148668,c234,c234
4603,4,0.0664906,0.25206885,0.6814406,c5,c5
4604,4,0.22254893,0.38490576,0.39254528,c1,c5
4605,5,0.280098,0.38818982,0.33171225,c234,c234
4606,5,0.37631622,0.32919186,0.29449192,c1,c1
4607,1,0.3328191,0.34541762,0.32176325,c234,c234
4608,5,0.2296375,0.38508722,0.38527527,c234,c5
4609,1,0.33680695,0.4937893,0.16940372,c1,c234
4610,1,0.22279377,0.47861427,0.29859194,c1,c234
4611,3,0.22140025,0.4350179,0.34358183,c5,c234
4612,1,0.39984518,0.2885079,0.31164694,c1,c1
4613,4,0.39325112,0.3129536,0.29379535,c234,c1
4614,5,0.23777871,0.37952888,0.3826924,c234,c5
4615,1,0.048837747,0.291952,0.65921026,c234,c5
4616,4,0.084908314,0.28493622,0.63015544,c5,c5
4617,1,0.15045786,0.3914986,0.45804358,c5,c5
4618,3,0.19636856,0.38465875,0.4189727,c1,c5
4619,5,0.22241922,0.3899769,0.3876039,c1,c234
4620,5,0.08247005,0.24334167,0.6741883,c234,c5
4621,2,0.20795116,0.39757136,0.39447743,c1,c234
4622,1,0.37204754,0.2929518,0.33500072,c1,c1
4623,2,0.51247305,0.35741463,0.13011236,c1,c1
4624,3,0.5149912,0.36627728,0.11873151,c234,c1
4625,5,0.51297396,0.3641084,0.1229176,c1,c1
4626,1,0.28369063,0.4615446,0.2547647,c234,c234
4627,5,0.42281917,0.29982367,0.27735716,c5,c1
4628,1,0.5449472,0.35547072,0.099582046,c5,c1
4629,2,0.047017217,0.18596806,0.76701474,c5,c5
4630,2,0.06822199,0.26850888,0.66326916,c5,c5
4631,4,0.267478,0.42695928,0.3055627,c234,c234
4632,4,0.33757466,0.46378157,0.1986438,c5,c234
4633,4,0.291852,0.48679522,0.22135276,c234,c234
4634,4,0.23946467,0.37585807,0.38467735,c5,c5
4635,3,0.53128225,0.35549068,0.11322704,c234,c1
4636,5,0.22677837,0.41255188,0.36066973,c1,c234
4637,1,0.54265416,0.31334612,0.14399981,c1,c1
4638,4,0.39400497,0.38765982,0.2183352,c5,c1
4639,1,0.13058153,0.52922404,0.34019443,c234,c234
4640,3,0.34222588,0.30775857,0.35001558,c1,c5
4641,5,0.12371508,0.4141521,0.4621328,c234,c5
4642,4,0.6741352,0.2591815,0.06668327,c1,c1
4643,3,0.42170256,0.373152,0.20514546,c1,c1
4644,1,0.16803987,0.40795797,0.42400208,c1,c5
4645,1,0.10739158,0.32881668,0.56379175,c5,c5
4646,5,0.22539905,0.47293654,0.30166447,c234,c234
4647,3,0.30404627,0.478887,0.21706675,c234,c234
4648,4,0.14747386,0.2962373,0.55628884,c1,c5
4649,5,0.39577046,0.26946405,0.33476546,c5,c1
4650,2,0.6788222,0.22276144,0.09841635,c1,c1
4651,5,0.235001,0.32132596,0.443673,c5,c5
4652,3,0.14253378,0.3327793,0.5246869,c5,c5
4653,3,0.20209648,0.36120066,0.43670282,c1,c5
4654,4,0.41269413,0.4015624,0.18574353,c234,c1
4655,2,0.13809924,0.4180657,0.44383508,c5,c5
4656,1,0.09195091,0.339809,0.56824,c234,c5
4657,5,0.5140416,0.36557955,0.12037888,c234,c1
4658,3,0.50790817,0.40741882,0.084672995,c1,c1
4659,1,0.057873763,0.25877136,0.6833548,c234,c5
4660,3,0.101445265,0.21002495,0.68852973,c5,c5
4661,4,0.48259422,0.3980387,0.119367085,c234,c1
4662,4,0.46700567,0.40248576,0.13050859,c234,c1
4663,3,0.4770667,0.39811784,0.12481543,c5,c1
4664,2,0.11189804,0.28436717,0.6037348,c234,c5
4665,3,0.4750469,0.41545752,0.10949558,c5,c1
4666,4,0.35124436,0.31488222,0.3338734,c234,c1
4667,5,0.18446861,0.49656466,0.31896672,c1,c234
4668,5,0.090765335,0.31097817,0.59825647,c5,c5
4669,4,0.22860788,0.30959153,0.4618006,c1,c5
4670,4,0.2682011,0.37036574,0.36143312,c234,c234
4671,2,0.042851552,0.24846704,0.70868134,c5,c5
4672,2,0.35929027,0.28058514,0.36012456,c5,c5
4673,2,0.59979033,0.29948404,0.10072565,c1,c1
4674,1,0.11653808,0.5182229,0.365239,c234,c234
4675,1,0.5022058,0.36585513,0.13193904,c234,c1
4676,4,0.51373607,0.36589783,0.120366074,c234,c1
4677,4,0.33160314,0.48712534,0.18127152,c1,c234
4678,1,0.44196874,0.2975762,0.2604551,c1,c1
4679,3,0.6410486,0.25642738,0.10252406,c234,c1
4680,4,0.18818295,0.42813393,0.38368312,c5,c234
4681,1,0.7100033,0.18840793,0.10158884,c1,c1
4682,2,0.27718052,0.39650998,0.32630953,c5,c234
4683,4,0.3258269,0.41170782,0.26246527,c1,c234
4684,3,0.09462294,0.2143485,0.6910286,c5,c5
4685,1,0.23458391,0.3043255,0.46109062,c234,c5
4686,5,0.33875892,0.33167994,0.3295611,c234,c1
4687,4,0.35799313,0.4389973,0.20300955,c1,c234
4688,1,0.085191414,0.32056847,0.59424007,c5,c5
4689,1,0.08309599,0.34291303,0.57399094,c234,c5
4690,5,0.17876019,0.34448516,0.47675472,c5,c5
4691,3,0.18006429,0.55207026,0.2678655,c234,c234
4692,2,0.5621386,0.33873487,0.09912651,c1,c1
4693,4,0.48148876,0.34288853,0.17562272,c1,c1
4694,1,0.5544555,0.23841012,0.20713432,c5,c1
4695,2,0.46919882,0.32055223,0.21024893,c234,c1
4696,4,0.596454,0.2661003,0.13744567,c1,c1
4697,1,0.37544644,0.3243571,0.3001965,c1,c1
4698,5,0.60129154,0.25128365,0.1474248,c234,c1
4699,2,0.3015708,0.45246068,0.24596858,c1,c234
4700,1,0.10695286,0.42778412,0.4652631,c5,c5
4701,2,0.14987326,0.29626295,0.5538638,c5,c5
4702,3,0.7445344,0.1861455,0.06932015,c1,c1
4703,4,0.61984473,0.22713916,0.15301612,c1,c1
4704,5,0.8217347,0.14729294,0.030972423,c1,c1
4705,3,0.2241514,0.30085647,0.47499213,c5,c5
4706,1,0.40998477,0.31513387,0.2748814,c5,c1
4707,3,0.61619866,0.29203254,0.09176881,c234,c1
4708,2,0.08444502,0.21912731,0.6964277,c5,c5
4709,4,0.2571612,0.35895577,0.38388303,c5,c5
4710,5,0.37858847,0.3851611,0.2362504,c234,c234
4711,5,0.39707962,0.35132098,0.25159937,c1,c1
4712,4,0.08426848,0.33647686,0.5792547,c234,c5
4713,3,0.56325996,0.30406004,0.13268004,c234,c1
4714,4,0.41269413,0.4015624,0.18574353,c234,c1
4715,4,0.2181828,0.28808975,0.49372745,c5,c5
4716,4,0.18581359,0.44770676,0.3664797,c1,c234
4717,1,0.4577844,0.33201173,0.2102039,c5,c1
4718,2,0.07181444,0.2320322,0.6961534,c1,c5
4719,3,0.31913632,0.42134437,0.25951934,c5,c234
4720,5,0.6199972,0.23824371,0.14175908,c1,c1
4721,1,0.51321816,0.31712675,0.16965507,c234,c1
4722,1,0.5320856,0.2905995,0.17731492,c1,c1
4723,5,0.104442455,0.2463291,0.64922845,c234,c5
4724,4,0.062841274,0.1534404,0.7837183,c234,c5
4725,5,0.035722405,0.15756656,0.8067111,c234,c5
4726,4,0.17216498,0.31484827,0.5129868,c1,c5
4727,3,0.7325034,0.1779369,0.089559704,c1,c1
4728,5,0.58968544,0.27282685,0.13748771,c1,c1
4729,5,0.39981988,0.29470974,0.3054704,c5,c1
4730,2,0.44571245,0.35265216,0.2016354,c1,c1
4731,2,0.47548452,0.38206255,0.142453,c234,c1
4732,1,0.17379867,0.46476883,0.3614325,c234,c234
4733,5,0.17685404,0.51727104,0.30587494,c234,c234
4734,2,0.31211784,0.36959863,0.31828353,c5,c234
4735,4,0.41269413,0.4015624,0.18574353,c1,c1
4736,4,0.6115696,0.2956906,0.09273985,c234,c1
4737,5,0.65190357,0.27727446,0.07082203,c234,c1
4738,4,0.2615217,0.40490443,0.3335739,c1,c234
4739,4,0.114638366,0.2518647,0.633497,c5,c5
4740,2,0.3102103,0.34553692,0.3442528,c1,c234
4741,1,0.11855798,0.3971788,0.48426327,c1,c5
4742,1,0.26762795,0.27975363,0.45261842,c234,c5
4743,4,0.060833726,0.23268768,0.70647854,c5,c5
4744,2,0.056038853,0.1188662,0.82509494,c5,c5
4745,5,0.2593636,0.42900383,0.31163254,c1,c234
4746,5,0.22149628,0.44798133,0.3305224,c5,c234
4747,4,0.3326469,0.48529997,0.1820531,c234,c234
4748,3,0.081637874,0.24079798,0.67756414,c5,c5
4749,3,0.3058403,0.3760293,0.31813037,c234,c234
4750,3,0.43341562,0.44358546,0.12299892,c1,c234
4751,5,0.23033036,0.4464734,0.32319623,c1,c234
4752,1,0.12184153,0.332902,0.5452565,c5,c5
4753,3,0.06315566,0.19547933,0.74136496,c5,c5
4754,5,0.37149304,0.4280036,0.20050333,c234,c234
4755,5,0.61479616,0.23432079,0.15088314,c234,c1
4756,4,0.42233098,0.27062145,0.30704755,c1,c1
4757,4,0.093926795,0.43093327,0.47514,c1,c5
4758,1,0.26451185,0.4084606,0.32702753,c5,c234
4759,2,0.08314296,0.17797978,0.73887724,c5,c5
4760,1,0.046767246,0.23651998,0.7167128,c234,c5
4761,3,0.1588154,0.38887203,0.45231253,c234,c5
4762,5,0.53074664,0.27323833,0.19601499,c1,c1
4763,5,0.15835303,0.35554963,0.48609734,c5,c5
4764,2,0.16731022,0.43919238,0.39349735,c234,c234
4765,1,0.09603452,0.42475992,0.47920555,c234,c5
4766,5,0.44743267,0.40284246,0.14972487,c1,c1
4767,2,0.24768008,0.3168843,0.43543556,c1,c5
4768,4,0.6078872,0.27229574,0.11981704,c1,c1
4769,3,0.058590014,0.23457405,0.706836,c5,c5
4770,1,0.6346794,0.2583187,0.10700189,c5,c1
4771,1,0.45254785,0.38015422,0.16729794,c234,c1
4772,4,0.68293834,0.25297776,0.06408393,c1,c1
4773,5,0.12975161,0.32875392,0.5414945,c1,c5
4774,2,0.094194345,0.34572825,0.5600774,c5,c5
4775,1,0.45442438,0.30570123,0.23987441,c1,c1
4776,4,0.4636008,0.3334711,0.20292816,c234,c1
4777,5,0.15946123,0.47792655,0.36261222,c1,c234
4778,4,0.6836755,0.25179434,0.064530104,c1,c1
4779,2,0.52535635,0.35569093,0.11895263,c1,c1
4780,1,0.14394744,0.25178415,0.6042684,c5,c5
4781,3,0.24190237,0.30223063,0.45586702,c1,c5
4782,5,0.10764399,0.2643804,0.6279756,c234,c5
4783,5,0.55393535,0.35939816,0.0866665,c1,c1
4784,3,0.2703353,0.38095474,0.34871,c234,c234
4785,2,0.14285691,0.43767315,0.41946992,c5,c234
4786,2,0.19089314,0.4100841,0.39902276,c5,c234
4787,2,0.27618253,0.37717432,0.34664312,c234,c234
4788,2,0.4543383,0.3426178,0.2030439,c234,c1
4789,5,0.24720484,0.42231005,0.33048508,c1,c234
4790,4,0.7732797,0.18866941,0.038050804,c1,c1
4791,3,0.18675835,0.32371527,0.48952648,c234,c5
4792,2,0.2579559,0.35494822,0.3870959,c234,c5
4793,3,0.36513552,0.31430092,0.32056355,c234,c1
4794,2,0.11521225,0.27934766,0.60544014,c5,c5
4795,4,0.5552056,0.35119116,0.09360325,c5,c1
4796,4,0.10459554,0.30858898,0.5868155,c234,c5
4797,2,0.20138498,0.25532138,0.54329365,c1,c5
4798,5,0.07422623,0.29078844,0.6349853,c234,c5
4799,5,0.6608551,0.25100842,0.08813645,c234,c1
4800,3,0.17306757,0.30018604,0.52674645,c5,c5
4801,4,0.6836755,0.25179434,0.064530104,c1,c1
4802,5,0.5656954,0.26911423,0.1651904,c5,c1
4803,1,0.56710106,0.32901523,0.10388369,c1,c1
4804,3,0.29570296,0.5069373,0.19735973,c5,c234
4805,1,0.29475525,0.41032758,0.2949172,c1,c234
4806,2,0.46693954,0.2511581,0.28190243,c1,c1
4807,2,0.06727775,0.24657294,0.68614936,c5,c5
4808,2,0.24927004,0.3794887,0.37124127,c1,c234
4809,1,0.17873506,0.430967,0.39029795,c1,c234
4810,1,0.3836215,0.44882756,0.1675509,c5,c234
4811,2,0.09663951,0.2961484,0.6072121,c1,c5
4812,5,0.6801543,0.24099667,0.078848995,c1,c1
4813,3,0.38494375,0.4258859,0.18917038,c234,c234
4814,1,0.3007621,0.4779836,0.22125429,c1,c234
4815,5,0.39575422,0.40144703,0.20279877,c5,c234
4816,5,0.20908572,0.34480822,0.44610608,c5,c5
4817,3,0.3404413,0.44184288,0.21771583,c5,c234
4818,1,0.3357429,0.37666884,0.28758833,c1,c234
4819,2,0.6429233,0.27858457,0.078492105,c5,c1
4820,1,0.563662,0.33011833,0.10621969,c234,c1
4821,3,0.2140947,0.3728238,0.41308156,c1,c5
4822,2,0.21307397,0.32700783,0.45991814,c234,c5
4823,1,0.19077808,0.39596885,0.41325304,c234,c5
4824,3,0.5984156,0.28568953,0.11589492,c1,c1
4825,3,0.11046608,0.33100075,0.55853313,c5,c5
4826,2,0.22330257,0.31112438,0.465573,c1,c5
4827,2,0.15577605,0.42510048,0.41912344,c1,c234
4828,5,0.28964883,0.321916,0.38843518,c234,c5
4829,1,0.6953884,0.22976308,0.07484854,c1,c1
4830,3,0.6538009,0.23368971,0.11250945,c1,c1
4831,1,0.3582101,0.38829976,0.25349015,c1,c234
4832,4,0.20841393,0.42878762,0.36279848,c1,c234
4833,1,0.31850246,0.4374721,0.24402548,c234,c234
4834,5,0.2775205,0.4424348,0.28004465,c234,c234
4835,3,0.118046135,0.25492203,0.62703186,c5,c5
4836,3,0.32782468,0.32834536,0.34383002,c234,c5
4837,3,0.17963451,0.2452916,0.5750739,c5,c5
4838,1,0.24911599,0.36201942,0.38886455,c1,c5
4839,5,0.11412106,0.28529382,0.6005851,c5,c5
4840,1,0.119231,0.32240668,0.55836236,c234,c5
4841,5,0.4210107,0.4179384,0.16105095,c234,c1
4842,5,0.07190204,0.21107404,0.71702397,c5,c5
4843,2,0.14974685,0.5093153,0.34093782,c1,c234
4844,1,0.14830042,0.25183678,0.5998629,c5,c5
4845,3,0.30755398,0.42338917,0.26905683,c5,c234
4846,4,0.37998283,0.41075912,0.20925811,c234,c234
4847,2,0.08660486,0.2731545,0.6402407,c5,c5
4848,1,0.47508457,0.32473183,0.2001836,c1,c1
4849,2,0.46694514,0.3578445,0.17521034,c234,c1
4850,3,0.16191179,0.5334869,0.30460134,c234,c234
4851,1,0.074267864,0.21139842,0.7143337,c5,c5
4852,2,0.0643559,0.18680054,0.7488436,c5,c5
4853,5,0.30782124,0.4938222,0.19835655,c1,c234
4854,2,0.6169103,0.29166245,0.09142728,c234,c1
4855,1,0.1558407,0.41491857,0.4292407,c5,c5
4856,1,0.24681346,0.4965725,0.25661403,c5,c234
4857,5,0.18074065,0.38979378,0.4294656,c234,c5
4858,4,0.114091106,0.2578941,0.62801474,c5,c5
4859,3,0.33615795,0.47094405,0.19289793,c1,c234
4860,1,0.53534,0.3642689,0.10039113,c1,c1
4861,3,0.261055,0.27881753,0.46012747,c234,c5
4862,4,0.20747179,0.37044585,0.42208233,c234,c5
4863,2,0.49652627,0.38312414,0.12034951,c234,c1
4864,5,0.60114413,0.2774396,0.12141633,c234,c1
4865,5,0.3342425,0.4356152,0.23014228,c1,c234
4866,4,0.22978002,0.44399524,0.32622468,c5,c234
4867,4,0.41269413,0.4015624,0.18574353,c5,c1
4868,5,0.2121818,0.30319524,0.48462296,c5,c5
4869,3,0.5171061,0.36686224,0.11603169,c5,c1
4870,1,0.26436743,0.33634037,0.39929217,c1,c5
4871,3,0.17831257,0.28385776,0.5378297,c1,c5
4872,3,0.15819556,0.32814193,0.51366246,c234,c5
4873,1,0.62408006,0.25721857,0.11870136,c234,c1
4874,5,0.3021381,0.45890942,0.23895253,c1,c234
4875,1,0.30179876,0.44331557,0.25488567,c1,c234
4876,2,0.0852089,0.24751005,0.6672811,c5,c5
4877,5,0.3153029,0.2721069,0.41259015,c1,c5
4878,3,0.5454765,0.2573505,0.19717301,c1,c1
4879,4,0.4945116,0.307436,0.19805238,c234,c1
4880,4,0.138749,0.30357406,0.557677,c5,c5
4881,1,0.24264617,0.38043347,0.37692034,c234,c234
4882,2,0.14403288,0.31398287,0.5419842,c1,c5
4883,3,0.44071457,0.44482228,0.11446315,c1,c234
4884,5,0.3470208,0.3937064,0.25927284,c1,c234
4885,1,0.10777119,0.32395232,0.5682764,c234,c5
4886,1,0.3392898,0.46882203,0.19188815,c234,c234
4887,1,0.13182333,0.25054255,0.6176341,c5,c5
4888,2,0.46693954,0.2511581,0.28190243,c234,c1
4889,4,0.41269413,0.4015624,0.18574353,c234,c1
4890,1,0.055512805,0.31350487,0.6309823,c5,c5
4891,2,0.24746142,0.3131644,0.43937418,c234,c5
4892,1,0.16628751,0.32213578,0.5115767,c1,c5
4893,1,0.6249377,0.29794198,0.07712032,c234,c1
4894,4,0.41473696,0.44116196,0.14410116,c234,c234
4895,2,0.25843707,0.34365058,0.39791238,c1,c5
4896,3,0.3221846,0.2745801,0.40323535,c5,c5
4897,4,0.15182912,0.26472777,0.58344316,c234,c5
4898,5,0.36334252,0.40986565,0.22679184,c5,c234
4899,5,0.6397333,0.2574522,0.1028145,c1,c1
4900,2,0.35929027,0.28058514,0.36012456,c1,c5
4901,3,0.6143866,0.27361596,0.111997426,c234,c1
4902,4,0.074164964,0.20513882,0.72069615,c5,c5
4903,4,0.6741352,0.2591815,0.06668327,c1,c1
4904,2,0.15007634,0.4304603,0.41946337,c1,c234
4905,5,0.44482657,0.37417024,0.18100317,c234,c1
4906,2,0.46693954,0.2511581,0.28190243,c234,c1
4907,2,0.4414332,0.3978292,0.16073754,c1,c1
4908,4,0.16155921,0.32224154,0.51619923,c5,c5
4909,3,0.20946893,0.4395653,0.35096574,c5,c234
4910,3,0.31203103,0.41339448,0.2745745,c1,c234
4911,1,0.14406237,0.30718446,0.54875314,c5,c5
4912,2,0.22097518,0.3391339,0.43989095,c234,c5
4913,1,0.30636606,0.31986105,0.37377292,c5,c5
4914,3,0.14425032,0.3729712,0.48277846,c5,c5
4915,4,0.4280428,0.2699632,0.30199406,c5,c1
4916,2,0.15105154,0.32326916,0.5256793,c234,c5
4917,3,0.0790647,0.2100184,0.7109169,c5,c5
4918,1,0.36182418,0.32783997,0.31033581,c234,c1
4919,2,0.16123672,0.39595914,0.44280407,c234,c5
4920,4,0.21053825,0.5035775,0.28588423,c1,c234
4921,4,0.5833687,0.32928383,0.08734743,c1,c1
4922,5,0.34660584,0.46549907,0.18789506,c1,c234
4923,4,0.4280428,0.2699632,0.30199406,c1,c1
4924,5,0.44145685,0.37415683,0.18438636,c1,c1
4925,3,0.23358777,0.45656174,0.30985042,c5,c234
4926,4,0.5506148,0.3170611,0.1323241,c1,c1
4927,5,0.4233769,0.42680165,0.14982148,c234,c234
4928,3,0.1365301,0.30959675,0.5538732,c234,c5
4929,2,0.5892152,0.31327385,0.09751083,c234,c1
4930,2,0.71605283,0.19291128,0.091035895,c1,c1
4931,2,0.5089998,0.37811804,0.11288212,c5,c1
4932,2,0.33820617,0.26126572,0.40052816,c5,c5
4933,4,0.41269413,0.4015624,0.18574353,c1,c1
4934,1,0.25785005,0.343855,0.3982949,c5,c5
4935,3,0.47218138,0.2618798,0.26593888,c5,c1
4936,4,0.18721418,0.3422443,0.4705415,c234,c5
4937,3,0.32565653,0.27220213,0.40214133,c1,c5
4938,1,0.32612178,0.34738797,0.32649022,c234,c234
4939,2,0.22091658,0.3838122,0.39527127,c5,c5
4940,4,0.10430706,0.23387182,0.6618211,c1,c5
4941,5,0.33287638,0.43449724,0.2326264,c234,c234
4942,1,0.383049,0.2768107,0.34014025,c5,c1
4943,4,0.06562753,0.28437787,0.6499946,c234,c5
4944,4,0.35622165,0.45151728,0.19226101,c1,c234
4945,5,0.031057416,0.15693514,0.81200737,c5,c5
4946,1,0.12327545,0.3130704,0.5636541,c1,c5
4947,5,0.33961257,0.4078547,0.25253275,c5,c234
4948,3,0.6303207,0.2350167,0.13466252,c5,c1
4949,4,0.19446956,0.30308133,0.5024491,c5,c5
4950,3,0.2045097,0.45929715,0.3361931,c234,c234
4951,3,0.53186315,0.3320756,0.13606122,c234,c1
4952,3,0.2427275,0.33746716,0.4198053,c1,c5
4953,1,0.2059887,0.3055077,0.48850352,c234,c5
4954,3,0.4039159,0.41577214,0.18031192,c234,c234
4955,3,0.38494375,0.4258859,0.18917038,c1,c234
4956,1,0.09910832,0.40779483,0.49309686,c5,c5
4957,2,0.07540867,0.21400791,0.7105834,c234,c5
4958,4,0.09766058,0.35040373,0.55193573,c234,c5
4959,2,0.5590565,0.3759748,0.06496877,c1,c1
4960,2,0.32515034,0.28211647,0.3927332,c234,c5
4961,2,0.66302043,0.27584875,0.061130855,c1,c1
4962,3,0.65644,0.2559696,0.087590374,c234,c1
4963,5,0.10316408,0.323956,0.57287997,c234,c5
4964,5,0.1298605,0.48508883,0.38505068,c5,c234
4965,1,0.0798301,0.2563143,0.6638556,c234,c5
4966,2,0.3229341,0.26410255,0.4129634,c5,c5
4967,4,0.0628276,0.124795176,0.8123772,c5,c5
4968,2,0.4689752,0.38349128,0.14753357,c1,c1
4969,3,0.09887733,0.27252626,0.6285964,c234,c5
4970,4,0.6302564,0.25691023,0.112833336,c1,c1
4971,3,0.3033658,0.4259904,0.2706438,c234,c234
4972,4,0.09764934,0.31660426,0.58574635,c1,c5
4973,1,0.383049,0.2768107,0.34014025,c5,c1
4974,5,0.59171903,0.25444856,0.15383242,c1,c1
4975,3,0.13632767,0.2925071,0.57116514,c5,c5
4976,1,0.10745375,0.28763136,0.6049149,c5,c5
4977,5,0.35596484,0.31227994,0.3317552,c5,c1
4978,1,0.35128567,0.34883922,0.29987508,c1,c1
4979,5,0.4133215,0.43869132,0.14798725,c1,c234
4980,4,0.3327011,0.3677724,0.29952654,c234,c234
4981,2,0.09705795,0.18892005,0.714022,c234,c5
4982,4,0.23121038,0.3410817,0.42770788,c234,c5
4983,3,0.19980527,0.46456116,0.33563355,c234,c234
4984,5,0.25151703,0.3308551,0.41762784,c234,c5
4985,5,0.52923536,0.34725055,0.12351408,c5,c1
4986,3,0.107204564,0.3112688,0.58152664,c5,c5
4987,4,0.07105293,0.1961116,0.7328355,c5,c5
4988,2,0.15619864,0.31975633,0.5240451,c1,c5
4989,3,0.052561425,0.23030384,0.7171347,c5,c5
4990,3,0.5688877,0.25548047,0.17563187,c1,c1
4991,4,0.47441065,0.30061653,0.22497281,c234,c1
4992,5,0.5107069,0.2596047,0.22968839,c234,c1
4993,5,0.23978017,0.5037258,0.25649402,c5,c234
4994,5,0.23267065,0.4980355,0.26929384,c234,c234
4995,3,0.22898912,0.44550207,0.32550886,c1,c234
4996,5,0.28552637,0.4535869,0.26088673,c234,c234
4997,5,0.28657445,0.34648275,0.36694282,c234,c5
4998,5,0.4566722,0.37532747,0.16800033,c5,c1
4999,1,0.365366,0.33630347,0.2983305,c5,c1
5000,3,0.18398356,0.42652318,0.38949323,c1,c234
5001,1,0.654894,0.26885104,0.07625498,c1,c1
5002,4,0.33613503,0.43757397,0.22629103,c5,c234
5003,4,0.43317944,0.38223284,0.1845877,c1,c1
5004,2,0.6188292,0.27734938,0.10382149,c1,c1
5005,2,0.7262024,0.19800025,0.075797334,c1,c1
5006,1,0.2632345,0.3463744,0.39039114,c1,c5
5007,2,0.06405811,0.28071213,0.65522975,c5,c5
5008,3,0.08155839,0.22175282,0.6966888,c234,c5
5009,3,0.13632767,0.2925071,0.57116514,c1,c5
5010,4,0.08694548,0.3529775,0.560077,c234,c5
5011,1,0.12749912,0.37556502,0.49693584,c5,c5
5012,5,0.27704912,0.32203057,0.4009203,c5,c5
5013,1,0.2347343,0.4885122,0.27675346,c234,c234
5014,5,0.094231956,0.45752773,0.4482404,c234,c234
5015,5,0.66743743,0.26131642,0.07124616,c1,c1
5016,2,0.5130655,0.38511357,0.10182097,c234,c1
5017,3,0.43981403,0.41778225,0.14240375,c1,c1
5018,5,0.26676226,0.43245643,0.30078128,c1,c234
5019,1,0.06921901,0.32399642,0.60678464,c5,c5
5020,2,0.26079082,0.413449,0.32576016,c5,c234
5021,1,0.21057233,0.28981018,0.49961752,c5,c5
5022,1,0.21181694,0.5186505,0.26953256,c234,c234
5023,3,0.24812926,0.3514702,0.40040055,c5,c5
5024,2,0.15438043,0.27454183,0.57107776,c5,c5
5025,3,0.22465141,0.25289088,0.5224577,c5,c5
5026,3,0.36489445,0.2694754,0.36563015,c1,c5
5027,1,0.21105887,0.43891898,0.35002217,c1,c234
5028,5,0.66743743,0.26131642,0.07124616,c1,c1
5029,2,0.4044844,0.33272994,0.26278567,c1,c1
5030,3,0.37462953,0.3393042,0.28606623,c234,c1
5031,5,0.1694039,0.459589,0.37100714,c5,c234
5032,5,0.42340192,0.3255264,0.25107178,c1,c1
5033,4,0.30967358,0.40786105,0.28246537,c1,c234
5034,2,0.70361996,0.23817042,0.05820963,c234,c1
5035,3,0.4355336,0.38097048,0.18349586,c5,c1
5036,2,0.31773406,0.4340657,0.24820027,c1,c234
5037,2,0.1304464,0.29117984,0.57837373,c1,c5
5038,4,0.029791128,0.14591834,0.8242906,c5,c5
5039,4,0.17340128,0.42812577,0.39847296,c5,c234
5040,3,0.19976428,0.25642413,0.54381156,c1,c5
5041,1,0.6765825,0.21976146,0.10365602,c1,c1
5042,5,0.513852,0.35424435,0.13190368,c234,c1
5043,3,0.5044878,0.3744804,0.12103181,c234,c1
5044,5,0.14523248,0.26630944,0.58845806,c1,c5
5045,2,0.5345057,0.30979222,0.15570201,c234,c1
5046,1,0.074897565,0.21967982,0.70542264,c5,c5
5047,3,0.3832843,0.31841394,0.2983018,c1,c1
5048,5,0.17783675,0.2571372,0.56502604,c1,c5
5049,4,0.25274456,0.43014294,0.31711245,c5,c234
5050,1,0.4092103,0.31766403,0.27312577,c5,c1
5051,2,0.22330257,0.31112438,0.465573,c1,c5
5052,2,0.47990996,0.381312,0.13877805,c5,c1
5053,1,0.21491069,0.38368133,0.40140802,c5,c5
5054,3,0.37303424,0.35872164,0.2682441,c234,c1
5055,2,0.5502306,0.3347722,0.11499719,c234,c1
5056,3,0.69367176,0.21027061,0.0960576,c1,c1
5057,5,0.16881706,0.28142416,0.5497588,c234,c5
5058,3,0.4534171,0.38792288,0.15866001,c1,c1
5059,4,0.32574508,0.45288756,0.22136736,c234,c234
5060,4,0.4927478,0.30884343,0.1984088,c1,c1
5061,5,0.66743743,0.26131642,0.07124616,c1,c1
5062,2,0.2631995,0.48605198,0.2507485,c234,c234
5063,2,0.043486625,0.21013933,0.746374,c5,c5
5064,1,0.21542914,0.36901608,0.41555482,c234,c5
5065,2,0.49282384,0.23444755,0.27272856,c1,c1
5066,5,0.07112246,0.18559006,0.7432875,c234,c5
5067,2,0.12859799,0.37384075,0.4975612,c1,c5
5068,4,0.42233098,0.27062145,0.30704755,c1,c1
5069,1,0.465574,0.41479835,0.11962768,c234,c1
5070,5,0.29699138,0.476045,0.22696362,c234,c234
5071,2,0.6947001,0.18835047,0.11694948,c1,c1
5072,1,0.35320264,0.38030398,0.2664934,c234,c234
5073,5,0.41821235,0.38438272,0.1974049,c5,c1
5074,2,0.23460822,0.35223168,0.41316003,c1,c5
5075,5,0.06576184,0.194025,0.7402131,c234,c5
5076,3,0.1752738,0.54199433,0.2827318,c5,c234
5077,1,0.26367372,0.43113083,0.30519548,c234,c234
5078,2,0.17611316,0.45059994,0.373287,c234,c234
5079,2,0.23508976,0.4710837,0.2938266,c234,c234
5080,4,0.2802628,0.4461671,0.2735701,c5,c234
5081,3,0.5622953,0.32784384,0.10986085,c234,c1
5082,3,0.06251781,0.14976203,0.78772014,c5,c5
5083,3,0.38765198,0.30350178,0.30884627,c1,c1
5084,4,0.32729018,0.4516324,0.22107747,c1,c234
5085,5,0.42037958,0.2964246,0.2831958,c1,c1
5086,3,0.09687265,0.26461607,0.6385113,c5,c5
5087,5,0.16221283,0.46675014,0.37103704,c1,c234
5088,4,0.10142197,0.26162747,0.6369506,c1,c5
5089,1,0.30676338,0.5075609,0.18567568,c234,c234
5090,4,0.2368862,0.45482996,0.30828384,c234,c234
5091,2,0.10772074,0.31560564,0.5766737,c5,c5
5092,2,0.22085382,0.41701454,0.36213166,c1,c234
5093,2,0.33783448,0.5057277,0.1564378,c234,c234
5094,5,0.34062162,0.36367586,0.2957025,c5,c234
5095,4,0.5248839,0.32495445,0.15016164,c1,c1
5096,2,0.06593599,0.2635662,0.6704978,c234,c5
5097,3,0.3122903,0.38992646,0.29778323,c5,c234
5098,4,0.83132577,0.12851922,0.04015505,c1,c1
5099,5,0.66743743,0.26131642,0.07124616,c234,c1
5100,2,0.46520323,0.4241933,0.110603414,c1,c1
5101,4,0.46831745,0.36534983,0.16633274,c1,c1
5102,1,0.563662,0.33011833,0.10621969,c234,c1
5103,1,0.16990244,0.5328771,0.29722047,c5,c234
5104,4,0.657043,0.26869702,0.074260086,c1,c1
5105,3,0.29994547,0.30082554,0.39922896,c234,c5
5106,2,0.25763008,0.49297103,0.24939896,c234,c234
5107,1,0.12697788,0.45637268,0.41664946,c5,c234
5108,4,0.6836755,0.25179434,0.064530104,c234,c1
5109,2,0.27181485,0.4721833,0.25600183,c1,c234
5110,4,0.38514838,0.40432242,0.21052927,c1,c234
5111,3,0.5253536,0.34201062,0.13263577,c1,c1
5112,3,0.21633019,0.2192546,0.5644152,c234,c5
5113,5,0.2395167,0.39504093,0.36544234,c5,c234
5114,5,0.1530393,0.4571141,0.38984662,c5,c234
5115,3,0.57965684,0.30217552,0.118167624,c1,c1
5116,5,0.69177943,0.22535686,0.08286368,c1,c1
5117,4,0.09060286,0.34757075,0.56182635,c5,c5
5118,4,0.06310477,0.28698927,0.6499059,c5,c5
5119,2,0.117196426,0.29571277,0.58709085,c234,c5
5120,4,0.07021869,0.20942965,0.72035164,c5,c5
5121,4,0.5101237,0.27566183,0.21421443,c5,c1
5122,5,0.09922036,0.28431353,0.61646616,c234,c5
5123,2,0.056038853,0.1188662,0.82509494,c5,c5
5124,2,0.16098689,0.39255643,0.4464567,c1,c5
5125,2,0.19779894,0.4361658,0.36603522,c234,c234
5126,5,0.13816561,0.29637825,0.5654561,c5,c5
5127,5,0.1561156,0.28756148,0.5563229,c234,c5
5128,4,0.12459496,0.25003132,0.6253737,c234,c5
5129,5,0.07200336,0.24784331,0.6801533,c5,c5
5130,3,0.37226373,0.28953025,0.33820602,c234,c1
5131,1,0.17637396,0.5278425,0.29578352,c234,c234
5132,2,0.3910369,0.25905973,0.34990335,c5,c1
5133,1,0.09912677,0.39648175,0.50439143,c234,c5
5134,4,0.51515263,0.3750579,0.10978948,c5,c1
5135,5,0.19813636,0.27356148,0.5283022,c1,c5
5136,4,0.36942777,0.39358997,0.2369823,c5,c234
5137,4,0.6783631,0.24862085,0.07301601,c1,c1
5138,5,0.22962682,0.42121568,0.34915745,c1,c234
5139,4,0.14200942,0.4234446,0.4345459,c234,c5
5140,5,0.118433416,0.2567633,0.62480325,c5,c5
5141,2,0.34418058,0.42849654,0.22732292,c1,c234
5142,5,0.31187624,0.47385952,0.21426417,c5,c234
5143,3,0.37207353,0.48824632,0.13968016,c5,c234
5144,4,0.226581,0.4605084,0.3129106,c1,c234
5145,4,0.05865157,0.3169126,0.6244359,c5,c5
5146,2,0.2063316,0.32903343,0.46463495,c1,c5
5147,2,0.5025811,0.362283,0.13513584,c234,c1
5148,1,0.22619557,0.4100876,0.3637168,c234,c234
5149,2,0.23882325,0.49285305,0.2683237,c5,c234
5150,5,0.24214622,0.3752266,0.38262725,c234,c5
5151,1,0.40717298,0.3284883,0.2643387,c1,c1
5152,3,0.2190618,0.48934355,0.29159462,c234,c234
5153,2,0.27024508,0.49815014,0.23160477,c234,c234
5154,5,0.09068963,0.2967796,0.61253077,c234,c5
5155,1,0.19642277,0.4292363,0.37434086,c234,c234
5156,2,0.046897974,0.17065392,0.7824481,c5,c5
5157,1,0.5319334,0.35930958,0.108757,c1,c1
5158,3,0.17138873,0.31040174,0.5182095,c5,c5
5159,3,0.21150431,0.40480897,0.38368672,c234,c234
5160,3,0.158001,0.4459465,0.39605248,c234,c234
5161,3,0.06197197,0.24183469,0.6961934,c5,c5
5162,5,0.17582443,0.24710615,0.5770694,c234,c5
5163,2,0.516628,0.36194354,0.12142844,c234,c1
5164,2,0.22091658,0.3838122,0.39527127,c234,c5
5165,5,0.278682,0.4623454,0.25897262,c5,c234
5166,2,0.7120751,0.2215621,0.06636279,c1,c1
5167,4,0.39181444,0.43640754,0.1717781,c5,c234
5168,2,0.50750536,0.38608974,0.10640488,c234,c1
5169,1,0.17976998,0.33548576,0.48474425,c234,c5
5170,1,0.5765412,0.31748423,0.10597456,c1,c1
5171,3,0.4544087,0.3982823,0.14730895,c234,c1
5172,4,0.08674412,0.21170416,0.70155174,c5,c5
5173,4,0.08572655,0.35471997,0.5595535,c1,c5
5174,3,0.13626064,0.46040145,0.40333787,c5,c234
5175,2,0.102271244,0.30689493,0.59083384,c5,c5
5176,4,0.23165713,0.4748656,0.29347727,c234,c234
5177,1,0.28341377,0.43178526,0.284801,c1,c234
5178,4,0.082671575,0.32119668,0.5961318,c1,c5
5179,4,0.6870539,0.23128892,0.08165719,c1,c1
5180,2,0.1066191,0.27047262,0.62290835,c234,c5
5181,3,0.23839091,0.50203145,0.25957763,c234,c234
5182,4,0.09248581,0.20450109,0.7030131,c234,c5
5183,3,0.19733712,0.43823928,0.36442357,c1,c234
5184,4,0.04436328,0.23824993,0.71738684,c1,c5
5185,2,0.3236353,0.38781387,0.28855082,c1,c234
5186,1,0.07385993,0.23455451,0.6915856,c234,c5
5187,1,0.56560653,0.33406928,0.10032416,c234,c1
5188,3,0.5652231,0.3172792,0.1174978,c234,c1
5189,4,0.2033454,0.38124645,0.41540813,c5,c5
5190,5,0.3060948,0.4343122,0.25959307,c234,c234
5191,3,0.1671017,0.31440517,0.5184931,c5,c5
5192,1,0.684021,0.2209335,0.09504551,c1,c1
5193,5,0.42602262,0.45471826,0.11925918,c234,c234
5194,1,0.053535096,0.25288877,0.6935761,c1,c5
5195,1,0.24936765,0.47240868,0.27822372,c5,c234
5196,4,0.2446346,0.42413792,0.33122745,c5,c234
5197,1,0.536453,0.31304398,0.15050298,c1,c1
5198,5,0.122650556,0.5234865,0.35386294,c234,c234
5199,1,0.5307853,0.33638018,0.13283446,c1,c1
5200,2,0.11345413,0.17542115,0.7111247,c234,c5
5201,2,0.35929027,0.28058514,0.36012456,c1,c5
5202,2,0.124182686,0.42818132,0.44763598,c5,c5
5203,2,0.44067016,0.3791402,0.1801896,c5,c1
5204,1,0.2886471,0.38529447,0.32605848,c1,c234
5205,2,0.23343809,0.32964283,0.4369191,c1,c5
5206,3,0.33740398,0.41160217,0.25099385,c234,c234
5207,1,0.34901762,0.31525344,0.33572894,c5,c1
5208,5,0.100889854,0.30736718,0.59174293,c5,c5
5209,4,0.21866412,0.44583067,0.3355052,c234,c234
5210,5,0.33326545,0.4142496,0.25248492,c1,c234
5211,4,0.20445512,0.40859783,0.3869471,c1,c234
5212,3,0.23258889,0.44494647,0.32246467,c234,c234
5213,1,0.11861945,0.49310648,0.3882741,c234,c234
5214,5,0.3153029,0.2721069,0.41259015,c1,c5
5215,1,0.50351936,0.35250145,0.1439792,c234,c1
5216,4,0.48738593,0.28947246,0.22314155,c5,c1
5217,1,0.35274652,0.36358866,0.2836648,c5,c234
5218,3,0.17650287,0.33876768,0.48472947,c5,c5
5219,1,0.18926792,0.29925424,0.5114778,c234,c5
5220,2,0.041783553,0.1728923,0.78532416,c5,c5
5221,2,0.46170792,0.36706522,0.17122683,c5,c1
5222,2,0.14332819,0.26084995,0.59582186,c5,c5
5223,2,0.6409823,0.28342906,0.07558868,c5,c1
5224,3,0.3505681,0.28680724,0.3626247,c1,c5
5225,3,0.35834727,0.44946817,0.19218448,c5,c234
5226,3,0.26313055,0.43910354,0.29776588,c5,c234
5227,3,0.34985766,0.4231308,0.2270115,c1,c234
5228,1,0.34881487,0.424297,0.22688814,c1,c234
5229,3,0.38514584,0.32038054,0.29447365,c5,c1
5230,3,0.04572748,0.10317433,0.85109824,c5,c5
5231,4,0.27788752,0.3051066,0.41700584,c1,c5
5232,3,0.075792186,0.27645904,0.6477488,c234,c5
5233,4,0.42233098,0.27062145,0.30704755,c5,c1
5234,5,0.2950746,0.46556532,0.23936012,c5,c234
5235,5,0.34572065,0.43724525,0.21703418,c1,c234
5236,2,0.29824957,0.51693565,0.18481475,c1,c234
5237,4,0.06841683,0.26901293,0.66257024,c1,c5
5238,5,0.09524096,0.41776782,0.48699123,c234,c5
5239,5,0.63882387,0.21439752,0.14677864,c1,c1
5240,2,0.3604071,0.32172877,0.3178641,c234,c1
5241,4,0.42233098,0.27062145,0.30704755,c1,c1
5242,2,0.48428446,0.36235827,0.15335725,c1,c1
5243,1,0.30121735,0.34271738,0.3560653,c5,c5
5244,2,0.40980235,0.313689,0.27650872,c1,c1
5245,5,0.05775877,0.1975901,0.74465114,c1,c5
5246,5,0.10316519,0.28221777,0.61461705,c1,c5
5247,4,0.26089483,0.43985993,0.2992452,c5,c234
5248,4,0.4683518,0.345805,0.18584321,c1,c1
5249,5,0.37679026,0.35617217,0.2670376,c5,c1
5250,1,0.65130097,0.25212783,0.096571185,c1,c1
5251,4,0.21091057,0.5173145,0.27177492,c234,c234
5252,3,0.047767453,0.20136642,0.75086606,c5,c5
5253,4,0.4314057,0.29621112,0.27238324,c234,c1
5254,3,0.40324154,0.38112953,0.21562897,c1,c1
5255,3,0.28981698,0.3348114,0.37537163,c1,c5
5256,2,0.24455744,0.46194068,0.29350194,c1,c234
5257,4,0.34041327,0.40543684,0.25414985,c234,c234
5258,5,0.5319608,0.34358552,0.12445361,c1,c1
5259,1,0.05391041,0.18274148,0.7633481,c5,c5
5260,3,0.54972607,0.35727715,0.09299676,c1,c1
5261,5,0.11899074,0.30185717,0.5791521,c5,c5
5262,5,0.09438895,0.21359342,0.6920176,c1,c5
5263,1,0.35906202,0.31675538,0.32418263,c1,c1
5264,1,0.1873473,0.34669402,0.46595865,c5,c5
5265,3,0.3561451,0.30534375,0.33851117,c5,c1
5266,4,0.68293834,0.25297776,0.06408393,c1,c1
5267,1,0.5449894,0.27397102,0.18103956,c234,c1
5268,3,0.31407502,0.32836023,0.3575647,c5,c5
5269,2,0.14802897,0.44074765,0.41122338,c5,c234
5270,4,0.2686363,0.42082238,0.31054127,c5,c234
5271,2,0.13117634,0.21745124,0.65137243,c5,c5
5272,2,0.60698384,0.24728782,0.14572836,c1,c1
5273,3,0.12532365,0.2376085,0.6370679,c5,c5
5274,5,0.16113637,0.27616772,0.5626959,c5,c5
5275,5,0.16999263,0.23754328,0.5924641,c5,c5
5276,3,0.09034378,0.2782445,0.63141173,c5,c5
5277,3,0.14025898,0.30256292,0.55717814,c1,c5
5278,1,0.047755104,0.21681085,0.73543406,c5,c5
5279,1,0.5411443,0.31469446,0.14416121,c234,c1
5280,4,0.49552056,0.31699708,0.1874824,c5,c1
5281,5,0.5353797,0.31070626,0.15391405,c234,c1
5282,5,0.1417276,0.53123045,0.32704195,c5,c234
5283,4,0.10078858,0.28870147,0.61050993,c5,c5
5284,2,0.2777259,0.37674412,0.34553,c234,c234
5285,3,0.13892765,0.35364,0.50743234,c234,c5
5286,5,0.39577046,0.26946405,0.33476546,c1,c1
5287,5,0.15480459,0.34936893,0.4958265,c1,c5
5288,1,0.23549807,0.36434606,0.40015584,c1,c5
5289,2,0.67193586,0.23809919,0.08996499,c1,c1
5290,3,0.19649725,0.35338652,0.45011622,c234,c5
5291,2,0.2181758,0.39938083,0.38244334,c5,c234
5292,5,0.3609587,0.30073753,0.33830377,c234,c1
5293,5,0.052517753,0.1817453,0.765737,c234,c5
5294,5,0.41177684,0.36330307,0.22492011,c5,c1
5295,5,0.20486075,0.56812984,0.22700945,c234,c234
5296,5,0.068968184,0.25524887,0.6757829,c5,c5
5297,4,0.27441478,0.36881498,0.35677025,c5,c234
5298,2,0.29160798,0.2769496,0.43144235,c1,c5
5299,2,0.4126799,0.4369423,0.1503778,c5,c234
5300,4,0.08966808,0.31350768,0.5968243,c5,c5
5301,1,0.37501538,0.27794033,0.3470443,c1,c1
5302,1,0.77377665,0.15828057,0.06794279,c5,c1
5303,3,0.41172934,0.41399726,0.17427334,c234,c234
5304,5,0.48151204,0.38652813,0.13195984,c1,c1
5305,4,0.69878095,0.2143947,0.08682443,c1,c1
5306,5,0.8186116,0.13710466,0.044283744,c5,c1
5307,1,0.47878692,0.35743672,0.16377635,c234,c1
5308,1,0.20496504,0.3617063,0.43332872,c1,c5
5309,2,0.17193227,0.33286768,0.49520007,c1,c5
5310,4,0.42233098,0.27062145,0.30704755,c1,c1
5311,5,0.40763783,0.39994866,0.19241352,c1,c1
5312,3,0.38732398,0.4279442,0.1847318,c234,c234
5313,4,0.43208233,0.3518169,0.21610084,c1,c1
5314,5,0.24597025,0.46043134,0.29359832,c5,c234
5315,3,0.73921067,0.18257216,0.07821717,c1,c1
5316,4,0.23681335,0.38830033,0.37488633,c5,c234
5317,4,0.21216486,0.38235632,0.40547884,c1,c5
5318,1,0.4173044,0.27823928,0.30445626,c234,c1
5319,2,0.08164142,0.24603806,0.67232054,c1,c5
5320,3,0.10771964,0.17285141,0.7194289,c5,c5
5321,4,0.20567138,0.5069332,0.28739542,c234,c234
5322,5,0.34835386,0.4610434,0.19060273,c1,c234
5323,4,0.38895798,0.30486834,0.30617368,c234,c1
5324,4,0.40406004,0.41283494,0.18310498,c234,c234
5325,2,0.15839429,0.24002536,0.6015804,c234,c5
5326,5,0.42985997,0.4139983,0.15614174,c5,c1
5327,1,0.774097,0.17563727,0.05026567,c1,c1
5328,4,0.41269413,0.4015624,0.18574353,c1,c1
5329,5,0.54656065,0.31851426,0.13492507,c234,c1
5330,3,0.09576861,0.31355354,0.5906779,c234,c5
5331,2,0.3776591,0.4199229,0.202418,c5,c234
5332,2,0.5587817,0.33920795,0.102010444,c234,c1
5333,5,0.47607425,0.40443376,0.11949202,c234,c1
5334,1,0.313724,0.37243712,0.31383893,c1,c234
5335,2,0.09194528,0.17988832,0.7281664,c234,c5
5336,3,0.21633019,0.2192546,0.5644152,c5,c5
5337,4,0.41269413,0.4015624,0.18574353,c1,c1
5338,4,0.20246468,0.362699,0.43483636,c5,c5
5339,3,0.55057967,0.3431536,0.10626672,c5,c1
5340,1,0.12853606,0.315577,0.5558869,c1,c5
5341,1,0.15034606,0.32077894,0.52887505,c234,c5
5342,3,0.19302192,0.43222928,0.37474883,c234,c234
5343,2,0.20907415,0.24196838,0.54895747,c5,c5
5344,3,0.2078118,0.3786023,0.4135859,c234,c5
5345,3,0.47218138,0.2618798,0.26593888,c1,c1
5346,4,0.21945494,0.509066,0.27147907,c1,c234
5347,3,0.5508641,0.33290482,0.11623104,c234,c1
5348,1,0.100431636,0.43540388,0.46416444,c5,c5
5349,4,0.52982366,0.31889728,0.15127906,c234,c1
5350,5,0.18456274,0.4672874,0.34814984,c5,c234
5351,4,0.4500264,0.40557358,0.14440003,c1,c1
5352,3,0.35849598,0.4315277,0.20997633,c1,c234
5353,5,0.45027602,0.37898532,0.17073868,c234,c1
5354,1,0.32612178,0.34738797,0.32649022,c5,c234
5355,2,0.14153662,0.26518485,0.5932785,c1,c5
5356,2,0.41537836,0.42751887,0.15710272,c234,c234
5357,5,0.20665082,0.49949566,0.2938535,c234,c234
5358,4,0.10600627,0.3133242,0.5806696,c234,c5
5359,1,0.24244499,0.32519177,0.43236324,c1,c5
5360,2,0.065866046,0.21062906,0.72350496,c234,c5
5361,4,0.41579366,0.37121665,0.21298969,c234,c1
5362,1,0.5278901,0.33202797,0.14008199,c5,c1
5363,3,0.32331115,0.3938839,0.28280497,c1,c234
5364,3,0.2559864,0.44724548,0.2967682,c5,c234
5365,5,0.3077538,0.4224635,0.2697827,c234,c234
5366,4,0.5665554,0.3415422,0.0919024,c1,c1
5367,3,0.05935606,0.13553609,0.8051078,c1,c5
5368,1,0.24219176,0.46797797,0.2898302,c1,c234
5369,5,0.33276194,0.2743581,0.39287993,c5,c5
5370,4,0.15845287,0.40039802,0.4411491,c234,c5
5371,4,0.43420675,0.3710342,0.19475903,c1,c1
5372,3,0.42188883,0.32991374,0.24819738,c1,c1
5373,1,0.11888638,0.2455973,0.63551635,c5,c5
5374,5,0.336526,0.35215995,0.31131402,c1,c234
5375,2,0.2945704,0.41953865,0.28589103,c1,c234
5376,5,0.3153029,0.2721069,0.41259015,c5,c5
5377,2,0.37835866,0.2852865,0.33635488,c5,c1
5378,4,0.13248305,0.27376905,0.59374785,c234,c5
5379,4,0.68171346,0.21882161,0.099464886,c234,c1
5380,5,0.135733,0.37403956,0.49022743,c234,c5
5381,1,0.49655032,0.2940168,0.20943294,c1,c1
5382,1,0.42574835,0.4022548,0.17199688,c234,c1
5383,4,0.6265688,0.26169538,0.111735836,c1,c1
5384,5,0.42856964,0.3557741,0.21565627,c234,c1
5385,4,0.38047868,0.4426039,0.17691742,c1,c234
5386,5,0.09041339,0.29292879,0.61665785,c234,c5
5387,5,0.18757932,0.45384088,0.35857973,c234,c234
5388,5,0.2257643,0.42732856,0.3469071,c234,c234
5389,1,0.11623494,0.45126683,0.43249825,c5,c234
5390,2,0.5265605,0.31510565,0.15833388,c5,c1
5391,2,0.46694514,0.3578445,0.17521034,c234,c1
5392,3,0.5862681,0.31835282,0.09537908,c1,c1
5393,4,0.16053332,0.32428625,0.51518047,c1,c5
5394,2,0.49004117,0.38538972,0.12456908,c234,c1
5395,3,0.11306136,0.4157885,0.4711501,c5,c5
5396,2,0.1395245,0.27734214,0.5831334,c1,c5
5397,4,0.15731873,0.2906278,0.5520535,c5,c5
5398,1,0.3419589,0.5351931,0.12284801,c5,c234
5399,4,0.038048033,0.19624275,0.7657092,c5,c5
5400,2,0.26448876,0.40608835,0.3294229,c234,c234
5401,4,0.35506463,0.41864938,0.22628593,c234,c234
5402,2,0.18437703,0.2781884,0.5374345,c234,c5
5403,4,0.70670146,0.21377619,0.07952234,c1,c1
5404,1,0.48734012,0.34032986,0.17233005,c1,c1
5405,4,0.12973128,0.30425987,0.56600887,c1,c5
5406,5,0.25102124,0.357427,0.39155173,c1,c5
5407,5,0.66743743,0.26131642,0.07124616,c234,c1
5408,5,0.42932907,0.33838576,0.23228519,c1,c1
5409,4,0.34938827,0.32126802,0.32934368,c234,c1
5410,4,0.40398422,0.38229784,0.21371794,c1,c1
5411,3,0.1649706,0.40900454,0.42602488,c5,c5
5412,4,0.67161316,0.23153733,0.096849576,c1,c1
5413,4,0.4725755,0.3683568,0.15906776,c1,c1
5414,3,0.35378668,0.48486945,0.16134386,c5,c234
5415,3,0.21792513,0.5531051,0.22896978,c234,c234
5416,3,0.44222093,0.39054453,0.16723457,c1,c1
5417,5,0.096170135,0.3460684,0.55776143,c5,c5
5418,5,0.25614396,0.51264685,0.23120913,c1,c234
5419,1,0.12696777,0.315825,0.5572072,c234,c5
5420,3,0.25521278,0.47960222,0.26518503,c234,c234
5421,2,0.2714106,0.44497475,0.2836146,c1,c234
5422,2,0.40250212,0.34748718,0.25001076,c234,c1
5423,1,0.5557838,0.3255937,0.11862245,c234,c1
5424,4,0.53888,0.28096998,0.18015,c1,c1
5425,5,0.56569725,0.21943095,0.2148718,c1,c1
5426,5,0.18755102,0.43543088,0.3770181,c5,c234
5427,1,0.5940884,0.24554572,0.16036585,c5,c1
5428,5,0.21359503,0.32945228,0.4569527,c1,c5
5429,5,0.2691094,0.38182846,0.34906211,c5,c234
5430,1,0.14796259,0.30523455,0.5468029,c234,c5
5431,2,0.29209924,0.39129117,0.3166096,c5,c234
5432,3,0.06366094,0.17057362,0.7657654,c5,c5
5433,1,0.1928192,0.2961845,0.5109963,c5,c5
5434,1,0.5006248,0.3656172,0.13375807,c1,c1
5435,4,0.31964687,0.29244855,0.38790458,c234,c5
5436,3,0.16116084,0.38219398,0.4566452,c234,c5
5437,5,0.52584887,0.28978604,0.1843651,c1,c1
5438,3,0.4414494,0.39359298,0.1649576,c1,c1
5439,5,0.6128678,0.29273206,0.09440025,c5,c1
5440,2,0.59108776,0.31265515,0.09625713,c1,c1
5441,1,0.4378569,0.35767388,0.20446923,c234,c1
5442,1,0.34586042,0.39730614,0.25683346,c234,c234
5443,5,0.59183186,0.24470268,0.16346543,c234,c1
5444,2,0.29874262,0.38406166,0.3171957,c5,c234
5445,3,0.50193524,0.33767572,0.16038898,c1,c1
5446,4,0.102334514,0.3417425,0.555923,c5,c5
5447,4,0.28157628,0.26054266,0.45788106,c1,c5
5448,4,0.63699377,0.25722742,0.10577876,c5,c1
5449,4,0.6836755,0.25179434,0.064530104,c1,c1
5450,5,0.17220673,0.29202306,0.53577024,c5,c5
5451,2,0.058815468,0.27070135,0.6704832,c5,c5
5452,4,0.09053462,0.27548283,0.6339825,c1,c5
5453,1,0.08085754,0.4025879,0.5165546,c5,c5
5454,4,0.064151555,0.25418934,0.68165904,c234,c5
5455,5,0.20587036,0.32092786,0.47320184,c5,c5
5456,4,0.6015353,0.2891841,0.10928059,c234,c1
5457,3,0.16267249,0.34547237,0.49185514,c234,c5
5458,1,0.563662,0.33011833,0.10621969,c1,c1
5459,1,0.60937816,0.22140373,0.1692182,c1,c1
5460,4,0.41487586,0.36559072,0.21953346,c1,c1
5461,3,0.10944341,0.39258432,0.49797222,c5,c5
5462,5,0.52177554,0.3017364,0.17648803,c1,c1
5463,3,0.3602624,0.33489063,0.30484697,c1,c1
5464,3,0.24696626,0.3888646,0.36416912,c1,c234
5465,3,0.7325034,0.1779369,0.089559704,c1,c1
5466,2,0.1807172,0.3790454,0.44023743,c5,c5
5467,5,0.04450833,0.21363734,0.74185437,c234,c5
5468,4,0.538079,0.33961082,0.12231016,c1,c1
5469,2,0.61805224,0.30813196,0.073815815,c1,c1
5470,4,0.4402597,0.30168214,0.25805816,c1,c1
5471,1,0.2734517,0.3785019,0.34804642,c234,c234
5472,5,0.26034078,0.41974714,0.31991202,c234,c234
5473,2,0.5946759,0.3126462,0.092677884,c1,c1
5474,1,0.12789394,0.44967523,0.4224308,c234,c234
5475,5,0.19950958,0.52640826,0.2740822,c1,c234
5476,1,0.3606339,0.3643564,0.27500966,c234,c234
5477,1,0.4804888,0.27284008,0.24667111,c234,c1
5478,2,0.15221559,0.407549,0.4402354,c1,c5
5479,4,0.24903996,0.5320666,0.21889345,c234,c234
5480,4,0.10027804,0.31443235,0.58528966,c5,c5
5481,5,0.064108886,0.20148692,0.73440415,c5,c5
5482,1,0.34835935,0.31242937,0.3392113,c5,c1
5483,2,0.31390762,0.2706383,0.4154541,c234,c5
5484,5,0.42200157,0.4195361,0.15846232,c234,c1
5485,1,0.3792271,0.33554623,0.28522667,c234,c1
5486,3,0.17052986,0.37310854,0.45636156,c1,c5
5487,5,0.20582387,0.30259544,0.49158072,c5,c5
5488,3,0.24834219,0.5420983,0.20955953,c5,c234
5489,4,0.63851625,0.26255485,0.09892887,c1,c1
5490,4,0.625661,0.29869673,0.0756423,c1,c1
5491,5,0.29925692,0.42979226,0.2709508,c1,c234
5492,2,0.572595,0.3264839,0.10092108,c234,c1
5493,4,0.12949596,0.2509007,0.61960334,c1,c5
5494,1,0.12764594,0.33020043,0.5421536,c5,c5
5495,2,0.33433297,0.46502602,0.20064099,c1,c234
5496,2,0.28913093,0.4288493,0.28201976,c234,c234
5497,5,0.15630615,0.42915848,0.41453537,c5,c234
5498,3,0.34959066,0.35101652,0.29939282,c5,c234
5499,5,0.48160857,0.42346448,0.094927005,c1,c1
5500,1,0.14442036,0.31452027,0.5410594,c5,c5
5501,4,0.42423236,0.38934502,0.18642253,c234,c1
5502,2,0.3494554,0.34428966,0.30625495,c234,c1
5503,1,0.5955261,0.3064944,0.09797945,c234,c1
5504,2,0.07680888,0.354814,0.5683771,c5,c5
5505,5,0.5419317,0.26912844,0.1889399,c5,c1
5506,5,0.33459958,0.48654246,0.17885794,c5,c234
5507,3,0.20436487,0.28236338,0.5132717,c5,c5
5508,2,0.106793694,0.19238949,0.7008168,c5,c5
5509,4,0.49141198,0.35672686,0.15186113,c234,c1
5510,2,0.3556495,0.43954393,0.20480654,c234,c234
5511,5,0.22707064,0.5252552,0.2476742,c1,c234
5512,5,0.3153029,0.2721069,0.41259015,c234,c5
5513,2,0.36582115,0.40510014,0.22907875,c234,c234
5514,5,0.2630219,0.51359075,0.22338733,c5,c234
5515,5,0.27936545,0.45581353,0.26482096,c5,c234
5516,3,0.30833453,0.49096102,0.20070446,c234,c234
5517,4,0.24252462,0.41832945,0.3391459,c234,c234
5518,3,0.35616472,0.3933491,0.25048614,c5,c234
5519,4,0.77076733,0.18067557,0.048556987,c1,c1
5520,2,0.41537836,0.42751887,0.15710272,c234,c234
5521,4,0.52014565,0.31205627,0.16779806,c234,c1
5522,3,0.37901327,0.44500867,0.17597808,c234,c234
5523,4,0.55223894,0.3289127,0.11884832,c1,c1
5524,3,0.07607792,0.3484472,0.5754749,c5,c5
5525,4,0.18202214,0.37844163,0.43953618,c1,c5
5526,4,0.24604574,0.4575466,0.29640764,c1,c234
5527,1,0.52897143,0.35239244,0.11863617,c1,c1
5528,5,0.50597155,0.3043597,0.18966877,c5,c1
5529,4,0.32848716,0.3656175,0.30589536,c5,c234
5530,3,0.22206911,0.45576745,0.3221634,c234,c234
5531,4,0.05781344,0.21976273,0.7224238,c234,c5
5532,5,0.20118682,0.33081138,0.46800184,c5,c5
5533,1,0.14229922,0.52510387,0.33259687,c1,c234
5534,3,0.27823842,0.36883107,0.35293055,c5,c234
5535,3,0.37214056,0.316478,0.3113814,c5,c1
5536,2,0.44307312,0.42278334,0.13414358,c234,c1
5537,2,0.30134892,0.44909078,0.24956031,c1,c234
5538,3,0.45604542,0.27904737,0.26490718,c5,c1
5539,5,0.44237965,0.41588172,0.14173865,c234,c1
5540,4,0.6459826,0.27244946,0.08156797,c234,c1
5541,4,0.11408077,0.2686018,0.61731744,c234,c5
5542,1,0.40513176,0.43215635,0.16271184,c234,c234
5543,2,0.098909065,0.29074544,0.6103455,c234,c5
5544,1,0.18328005,0.3625434,0.45417655,c234,c5
5545,1,0.66045934,0.27262822,0.066912435,c234,c1
5546,1,0.16975693,0.28785124,0.54239184,c5,c5
5547,1,0.12855437,0.39752516,0.47392043,c234,c5
5548,1,0.7376203,0.18240188,0.07997783,c1,c1
5549,4,0.04655182,0.23514326,0.71830493,c5,c5
5550,5,0.23578428,0.52164364,0.24257202,c1,c234
5551,4,0.267407,0.44577718,0.2868158,c5,c234
5552,4,0.2686363,0.42082238,0.31054127,c234,c234
5553,1,0.25146008,0.39719906,0.35134086,c234,c234
5554,2,0.46694514,0.3578445,0.17521034,c1,c1
5555,1,0.5841244,0.28186136,0.13401423,c1,c1
5556,5,0.33307353,0.4491305,0.21779595,c1,c234
5557,4,0.05082393,0.13211724,0.8170588,c5,c5
5558,1,0.7176052,0.19318798,0.08920692,c1,c1
5559,2,0.55125135,0.30613482,0.14261378,c234,c1
5560,5,0.47032693,0.32998854,0.1996845,c1,c1
5561,2,0.37475955,0.45720744,0.16803305,c5,c234
5562,2,0.3659746,0.40902242,0.225003,c1,c234
5563,4,0.28666347,0.40796596,0.3053706,c234,c234
5564,1,0.10366584,0.32347187,0.57286227,c234,c5
5565,4,0.5896676,0.298886,0.11144636,c234,c1
5566,2,0.510603,0.37347397,0.115923025,c1,c1
5567,3,0.16341367,0.38218093,0.45440543,c1,c5
5568,2,0.2890111,0.28973526,0.42125368,c1,c5
5569,4,0.5893899,0.31264076,0.097969316,c1,c1
5570,3,0.70437187,0.21174912,0.08387912,c1,c1
5571,2,0.19045907,0.29697594,0.512565,c5,c5
5572,3,0.11593089,0.27395934,0.61010975,c5,c5
5573,4,0.41269413,0.4015624,0.18574353,c5,c1
5574,4,0.06286905,0.14845872,0.78867227,c5,c5
5575,2,0.14690417,0.3635913,0.48950455,c5,c5
5576,4,0.2271602,0.3586843,0.41415545,c5,c5
5577,3,0.15194666,0.39740473,0.45064855,c234,c5
5578,5,0.18540345,0.37070456,0.44389194,c234,c5
5579,4,0.41269413,0.4015624,0.18574353,c234,c1
5580,3,0.14076181,0.28203055,0.57720757,c234,c5
5581,1,0.2887939,0.36564946,0.34555665,c5,c234
5582,5,0.21486275,0.4462844,0.33885282,c234,c234
5583,2,0.36075944,0.48872513,0.15051547,c234,c234
5584,2,0.27676576,0.5038263,0.21940796,c1,c234
5585,4,0.41269413,0.4015624,0.18574353,c1,c1
5586,2,0.16679828,0.39019188,0.44300976,c5,c5
5587,2,0.18684362,0.29864818,0.5145082,c5,c5
5588,5,0.53028154,0.37620956,0.09350889,c1,c1
5589,1,0.0998833,0.27710274,0.623014,c234,c5
5590,3,0.41596732,0.36802086,0.21601184,c234,c1
5591,4,0.041385785,0.21711086,0.74150336,c5,c5
5592,2,0.42187,0.39231512,0.18581487,c234,c1
5593,1,0.0415064,0.1353322,0.8231615,c5,c5
5594,3,0.5835218,0.31943694,0.09704128,c234,c1
5595,4,0.2114196,0.38649395,0.4020864,c5,c5
5596,5,0.40677455,0.41267624,0.18054919,c1,c234
5597,3,0.20969951,0.38791567,0.40238485,c234,c5
5598,5,0.72492754,0.1921336,0.0829388,c1,c1
5599,3,0.67678016,0.25643814,0.06678166,c234,c1
5600,2,0.43975127,0.43771616,0.122532606,c234,c1
5601,4,0.4288265,0.37779188,0.19338165,c5,c1
5602,4,0.20991217,0.37774286,0.4123449,c234,c5
5603,4,0.06891577,0.21506631,0.71601796,c5,c5
5604,3,0.16037312,0.40634018,0.4332867,c5,c5
5605,2,0.4192388,0.4342398,0.14652136,c1,c234
5606,3,0.36102596,0.35333812,0.28563592,c5,c1
5607,2,0.43725687,0.34948504,0.21325812,c5,c1
5608,4,0.07152297,0.35480955,0.5736675,c5,c5
5609,1,0.1528686,0.25508648,0.59204495,c234,c5
5610,4,0.069398716,0.30292988,0.6276715,c234,c5
5611,3,0.17743632,0.23706765,0.585496,c234,c5
5612,1,0.35846722,0.3050639,0.33646888,c1,c1
5613,4,0.24585623,0.44393992,0.31020388,c1,c234
5614,3,0.2821629,0.44155365,0.27628347,c1,c234
5615,5,0.17139474,0.52216464,0.30644062,c234,c234
5616,1,0.7287071,0.19441262,0.0768802,c1,c1
5617,5,0.21914305,0.46048412,0.3203728,c234,c234
5618,3,0.14832713,0.3469399,0.50473297,c234,c5
5619,4,0.091999084,0.24719612,0.66080475,c5,c5
5620,5,0.07652391,0.36489698,0.5585791,c1,c5
5621,5,0.10674241,0.37751192,0.5157457,c5,c5
5622,1,0.054570135,0.23359486,0.71183497,c5,c5
5623,4,0.61166716,0.2532437,0.13508908,c234,c1
5624,2,0.1616803,0.40458316,0.43373656,c234,c5
5625,5,0.37134823,0.40181738,0.22683443,c234,c234
5626,2,0.46694514,0.3578445,0.17521034,c234,c1
5627,5,0.6228889,0.25421718,0.122893885,c5,c1
5628,3,0.2344109,0.31814128,0.44744784,c5,c5
5629,1,0.39817226,0.43374467,0.16808303,c234,c234
5630,2,0.23662935,0.3042951,0.4590755,c5,c5
5631,3,0.18884002,0.39889687,0.41226315,c234,c5
5632,2,0.2298145,0.36487424,0.40531126,c234,c5
5633,3,0.05158061,0.11513719,0.83328223,c5,c5
5634,3,0.11877644,0.244121,0.63710254,c5,c5
5635,1,0.4627742,0.31985074,0.21737503,c1,c1
5636,1,0.089621276,0.21942468,0.690954,c5,c5
5637,1,0.278628,0.3183391,0.40303284,c1,c5
5638,1,0.2509261,0.36062166,0.38845223,c1,c5
5639,4,0.41269413,0.4015624,0.18574353,c5,c1
5640,1,0.5473033,0.3401396,0.11255705,c234,c1
5641,4,0.6337921,0.2866856,0.07952229,c234,c1
5642,1,0.6387675,0.2877218,0.073510714,c1,c1
5643,5,0.42037958,0.2964246,0.2831958,c1,c1
5644,1,0.31254014,0.35543203,0.33202782,c1,c234
5645,4,0.15467289,0.3465243,0.49880278,c5,c5
5646,1,0.17394906,0.41352966,0.4125213,c234,c234
5647,5,0.1974242,0.4354458,0.36713,c234,c234
5648,4,0.08748659,0.23106539,0.68144804,c5,c5
5649,4,0.46331403,0.33585426,0.20083177,c5,c1
5650,1,0.35367906,0.43022686,0.2160941,c1,c234
5651,5,0.09397729,0.23691589,0.66910684,c1,c5
5652,4,0.39108694,0.34730956,0.26160356,c1,c1
5653,5,0.33984888,0.39841637,0.26173475,c234,c234
5654,4,0.17775123,0.330022,0.4922268,c1,c5
5655,3,0.11130977,0.2887156,0.59997463,c234,c5
5656,4,0.41933334,0.38929027,0.19137642,c234,c1
5657,2,0.18887085,0.27675167,0.53437746,c234,c5
5658,4,0.22431824,0.38419554,0.39148626,c234,c5
5659,5,0.52463263,0.33997104,0.1353963,c1,c1
5660,1,0.32130674,0.3490334,0.3296599,c234,c234
5661,2,0.06885723,0.22819862,0.70294416,c234,c5
5662,5,0.09840728,0.23758455,0.6640082,c234,c5
5663,5,0.53580135,0.3283294,0.13586925,c1,c1
5664,2,0.17082982,0.46120003,0.36797014,c5,c234
5665,5,0.23697914,0.5230726,0.23994827,c234,c234
5666,1,0.23106483,0.47748291,0.29145223,c5,c234
5667,3,0.4193281,0.34937942,0.23129244,c1,c1
5668,4,0.17396577,0.39588514,0.4301491,c234,c5
5669,5,0.169073,0.3919565,0.43897048,c1,c5
5670,2,0.39756346,0.4424326,0.16000393,c5,c234
5671,1,0.19551317,0.30180186,0.50268495,c1,c5
5672,3,0.38419846,0.37763646,0.23816507,c234,c1
5673,2,0.58621687,0.31344432,0.10033886,c234,c1
5674,1,0.11660289,0.428708,0.4546891,c1,c5
5675,4,0.68293834,0.25297776,0.06408393,c1,c1
5676,3,0.16761361,0.39142972,0.44095668,c5,c5
5677,3,0.21561822,0.37511036,0.40927142,c234,c5
5678,1,0.061027262,0.286701,0.6522718,c5,c5
5679,2,0.051309615,0.21718493,0.73150545,c5,c5
5680,5,0.26599485,0.45373082,0.28027433,c5,c234
5681,4,0.13363397,0.25773168,0.60863435,c234,c5
5682,3,0.30476445,0.2869908,0.40824482,c1,c5
5683,3,0.13996781,0.42104122,0.43899095,c5,c5
5684,2,0.34257558,0.26076892,0.39665556,c1,c5
5685,3,0.61493486,0.31254816,0.07251701,c1,c1
5686,5,0.50723886,0.3467947,0.14596641,c5,c1
5687,4,0.5479772,0.28522533,0.16679749,c234,c1
5688,2,0.34958383,0.28692868,0.36348748,c5,c5
5689,2,0.16868185,0.32797304,0.50334513,c5,c5
5690,4,0.09909013,0.26663962,0.63427025,c5,c5
5691,5,0.06576093,0.22030438,0.71393466,c234,c5
5692,4,0.17070448,0.31829566,0.5109999,c5,c5
5693,2,0.5471416,0.3385068,0.1143516,c234,c1
5694,1,0.25924677,0.32753867,0.41321453,c234,c5
5695,2,0.46693954,0.2511581,0.28190243,c5,c1
5696,5,0.12995498,0.30333698,0.5667081,c1,c5
5697,4,0.68293834,0.25297776,0.06408393,c234,c1
5698,1,0.3511866,0.4041763,0.24463713,c5,c234
5699,2,0.3307118,0.3735809,0.29570726,c234,c234
5700,3,0.031961612,0.09995021,0.8680882,c5,c5
5701,1,0.4923319,0.36508927,0.14257887,c5,c1
5702,4,0.16864403,0.33616748,0.49518856,c1,c5
5703,5,0.35604978,0.30917624,0.33477396,c234,c1
5704,2,0.15228222,0.407827,0.43989083,c5,c5
5705,4,0.27672195,0.46412972,0.25914827,c234,c234
5706,2,0.46694514,0.3578445,0.17521034,c1,c1
5707,3,0.40304908,0.3678325,0.22911842,c5,c1
5708,3,0.12818968,0.40451187,0.46729845,c234,c5
5709,4,0.1017612,0.2659862,0.63225263,c5,c5
5710,1,0.15466884,0.48085397,0.3644772,c234,c234
5711,1,0.36796278,0.37406972,0.25796747,c234,c234
5712,4,0.6588046,0.23991752,0.10127792,c5,c1
5713,3,0.40214384,0.3853713,0.2124848,c5,c1
5714,2,0.35929027,0.28058514,0.36012456,c234,c5
5715,1,0.49705768,0.29365334,0.20928895,c1,c1
5716,4,0.31728572,0.46934736,0.21336687,c1,c234
5717,2,0.35166562,0.33848265,0.30985174,c1,c1
5718,4,0.24074772,0.4500506,0.3092017,c1,c234
5719,4,0.23522322,0.4119235,0.35285333,c234,c234
5720,3,0.11546261,0.4149855,0.46955186,c234,c5
5721,4,0.058296595,0.19523868,0.7464647,c5,c5
5722,4,0.12842256,0.26663652,0.6049409,c5,c5
5723,4,0.37176532,0.3475772,0.28065744,c1,c1
5724,2,0.37841335,0.48399806,0.13758865,c1,c234
5725,1,0.45442438,0.30570123,0.23987441,c234,c1
5726,3,0.16688128,0.3836774,0.4494413,c234,c5
5727,5,0.3402687,0.43848985,0.22124146,c234,c234
5728,2,0.44175354,0.40031084,0.15793565,c1,c1
5729,4,0.42233098,0.27062145,0.30704755,c5,c1
5730,5,0.45139396,0.36439162,0.18421438,c1,c1
5731,4,0.13752553,0.47930866,0.3831658,c234,c234
5732,4,0.6592663,0.26272264,0.07801103,c5,c1
5733,4,0.5176567,0.2904145,0.19192885,c234,c1
5734,1,0.56671745,0.3328105,0.10047212,c1,c1
5735,2,0.6409823,0.28342906,0.07558868,c1,c1
5736,2,0.35381562,0.4227904,0.22339404,c1,c234
5737,1,0.3350406,0.34159657,0.32336283,c1,c234
5738,5,0.30622897,0.3979652,0.29580584,c1,c234
5739,5,0.32174256,0.2900167,0.38824072,c234,c5
5740,3,0.3775999,0.3851649,0.23723526,c1,c234
5741,1,0.29060075,0.46945128,0.23994793,c5,c234
5742,4,0.48572204,0.3084094,0.2058686,c5,c1
5743,4,0.4280428,0.2699632,0.30199406,c5,c1
5744,3,0.26397625,0.4385029,0.29752082,c234,c234
5745,3,0.08906536,0.23951794,0.6714167,c234,c5
5746,1,0.5865683,0.29679605,0.11663563,c1,c1
5747,2,0.41841382,0.44220287,0.13938332,c1,c234
5748,5,0.07178363,0.29833502,0.6298813,c234,c5
5749,5,0.10398776,0.45948812,0.43652406,c5,c234
5750,2,0.29205358,0.5004825,0.2074639,c5,c234
5751,3,0.10831338,0.3126891,0.57899755,c234,c5
5752,2,0.1404664,0.37425926,0.48527437,c1,c5
5753,2,0.25211427,0.46597883,0.28190684,c5,c234
5754,2,0.48072925,0.38966298,0.12960783,c1,c1
5755,3,0.1585826,0.3637977,0.47761968,c234,c5
5756,2,0.45321584,0.33969167,0.20709246,c5,c1
5757,3,0.21975224,0.25763872,0.52260906,c234,c5
5758,5,0.23657703,0.5650303,0.1983927,c234,c234
5759,4,0.6836755,0.25179434,0.064530104,c234,c1
5760,1,0.3459791,0.45047817,0.20354274,c5,c234
5761,3,0.31407502,0.32836023,0.3575647,c234,c5
5762,4,0.04279865,0.19113243,0.76606894,c5,c5
5763,4,0.25554475,0.43949834,0.30495697,c5,c234
5764,5,0.09012539,0.37110505,0.53876954,c5,c5
5765,5,0.3344578,0.45364743,0.21189478,c5,c234
5766,3,0.29670963,0.44666624,0.2566241,c5,c234
5767,5,0.2861496,0.5270973,0.18675311,c234,c234
5768,3,0.7355091,0.17901632,0.085474595,c234,c1
5769,2,0.18709478,0.30853304,0.5043722,c5,c5
5770,5,0.42984727,0.39841822,0.17173447,c234,c1
5771,3,0.40762722,0.29048356,0.3018892,c1,c1
5772,5,0.28083384,0.5042438,0.21492232,c1,c234
5773,3,0.7325034,0.1779369,0.089559704,c1,c1
5774,1,0.15276292,0.3944994,0.4527377,c5,c5
5775,2,0.10160796,0.3972824,0.50110966,c5,c5
5776,2,0.45665312,0.38698915,0.15635775,c234,c1
5777,5,0.26484957,0.3287066,0.40644383,c5,c5
5778,5,0.06027677,0.17614976,0.76357347,c234,c5
5779,5,0.22018947,0.38876298,0.39104757,c1,c5
5780,4,0.19270147,0.43298912,0.37430936,c5,c234
5781,5,0.49945682,0.34490946,0.15563375,c1,c1
5782,3,0.24685358,0.4448168,0.30832958,c234,c234
5783,5,0.47647408,0.2636162,0.2599097,c5,c1
5784,4,0.12262599,0.29520768,0.5821664,c234,c5
5785,3,0.43084437,0.31575164,0.25340402,c5,c1
5786,2,0.22945228,0.25761825,0.5129295,c5,c5
5787,1,0.43726787,0.35756353,0.20516862,c234,c1
5788,4,0.30870792,0.37435544,0.3169366,c1,c234
5789,2,0.21290004,0.40233997,0.38475996,c5,c234
5790,5,0.26350793,0.45934823,0.27714384,c234,c234
5791,2,0.71789694,0.1851832,0.09691988,c1,c1
5792,3,0.24704266,0.34679484,0.40616253,c234,c5
5793,5,0.32765403,0.37500432,0.29734167,c1,c234
5794,5,0.2706675,0.42454812,0.3047844,c5,c234
5795,3,0.3436549,0.3877163,0.2686288,c1,c234
5796,2,0.1063431,0.34052512,0.5531318,c234,c5
5797,4,0.114888966,0.24618645,0.63892454,c1,c5
5798,4,0.3567453,0.42543343,0.21782127,c5,c234
5799,1,0.06899373,0.2608887,0.6701176,c5,c5
5800,3,0.24785423,0.43203422,0.32011157,c234,c234
5801,3,0.5772729,0.27569672,0.1470304,c1,c1
5802,1,0.14172855,0.3337389,0.52453256,c5,c5
5803,2,0.2687787,0.43414587,0.29707542,c234,c234
5804,5,0.12555027,0.3512558,0.52319396,c5,c5
5805,3,0.43024752,0.29099566,0.27875677,c234,c1
5806,4,0.08544959,0.23318517,0.68136525,c5,c5
5807,2,0.28390777,0.37888157,0.3372106,c1,c234
5808,1,0.36304778,0.5192173,0.11773493,c1,c234
5809,1,0.3498051,0.31858134,0.33161357,c1,c1
5810,3,0.16418888,0.4500318,0.38577932,c1,c234
5811,5,0.5003017,0.28603932,0.21365899,c5,c1
5812,1,0.762502,0.18788843,0.04960955,c5,c1
5813,1,0.5211789,0.36224613,0.116575,c1,c1
5814,1,0.37119842,0.39653993,0.23226167,c234,c234
5815,4,0.034129936,0.16754286,0.79832727,c234,c5
5816,2,0.23020615,0.45714945,0.31264442,c234,c234
5817,4,0.12115619,0.21096165,0.66788214,c1,c5
5818,2,0.089425355,0.29826853,0.6123062,c5,c5
5819,1,0.27893466,0.40913054,0.31193474,c1,c234
5820,4,0.25217342,0.5182481,0.2295785,c1,c234
5821,2,0.41669604,0.41547704,0.16782692,c234,c1
5822,3,0.30033672,0.47096997,0.2286934,c1,c234
5823,5,0.5445444,0.32023838,0.13521728,c5,c1
5824,2,0.34370837,0.45807138,0.19822021,c234,c234
5825,1,0.5888841,0.27816918,0.13294668,c1,c1
5826,4,0.37143537,0.29173878,0.33682585,c234,c1
5827,2,0.0673125,0.17723663,0.75545084,c5,c5
5828,5,0.27161047,0.39902037,0.32936913,c1,c234
5829,4,0.10814466,0.14702442,0.74483097,c5,c5
5830,2,0.51494837,0.33701128,0.14804032,c1,c1
5831,2,0.6122739,0.28158835,0.106137805,c1,c1
5832,2,0.6632181,0.27338293,0.06339897,c1,c1
5833,4,0.15901801,0.33438852,0.50659347,c234,c5
5834,4,0.42233098,0.27062145,0.30704755,c234,c1
5835,1,0.50018525,0.3276293,0.17218547,c5,c1
5836,3,0.39772144,0.38850823,0.21377033,c1,c1
5837,1,0.24774888,0.3024295,0.4498217,c234,c5
5838,2,0.22681184,0.39051086,0.38267732,c234,c234
5839,1,0.17883466,0.4456561,0.3755092,c234,c234
5840,3,0.4110786,0.2270746,0.36184683,c1,c1
5841,3,0.50775003,0.36311626,0.12913373,c1,c1
5842,2,0.17250615,0.26324722,0.5642466,c234,c5
5843,5,0.66743743,0.26131642,0.07124616,c234,c1
5844,4,0.28996184,0.3868664,0.32317176,c234,c234
5845,3,0.47987837,0.39367852,0.1264431,c1,c1
5846,4,0.14099887,0.37567797,0.4833231,c234,c5
5847,1,0.33446178,0.48890162,0.17663665,c5,c234
5848,1,0.18668053,0.4496858,0.3636336,c234,c234
5849,5,0.48392814,0.3778971,0.13817465,c1,c1
5850,5,0.19650084,0.3080468,0.49545243,c234,c5
5851,4,0.09843613,0.29384014,0.6077237,c5,c5
5852,2,0.16215697,0.42858484,0.40925816,c234,c234
5853,3,0.043588597,0.13716134,0.8192501,c5,c5
5854,5,0.17102486,0.5485817,0.28039342,c234,c234
5855,1,0.095639855,0.29901156,0.6053486,c1,c5
5856,2,0.11048123,0.20643128,0.68308747,c5,c5
5857,1,0.1716927,0.32318136,0.505126,c5,c5
5858,4,0.31221268,0.31286123,0.37492612,c5,c5
5859,1,0.49722543,0.3046536,0.19812092,c1,c1
5860,5,0.42965582,0.4133978,0.1569464,c234,c1
5861,2,0.14420417,0.41828853,0.43750727,c1,c5
5862,5,0.08217343,0.31300974,0.60481685,c5,c5
5863,1,0.43659294,0.44130817,0.12209889,c234,c234
5864,5,0.2425341,0.3311813,0.42628464,c1,c5
5865,3,0.3438883,0.356944,0.2991677,c1,c234
5866,4,0.20876782,0.33121592,0.4600162,c1,c5
5867,2,0.098237716,0.31219882,0.5895635,c5,c5
5868,2,0.12729095,0.32032207,0.55238694,c5,c5
5869,3,0.116638966,0.24693978,0.6364213,c5,c5
5870,1,0.09790827,0.42508656,0.4770051,c5,c5
5871,2,0.19786075,0.40410504,0.39803427,c1,c234
5872,3,0.34828106,0.29508206,0.35663685,c1,c5
5873,4,0.41741717,0.35795224,0.22463058,c5,c1
5874,2,0.15522346,0.18677866,0.65799785,c5,c5
5875,5,0.16814795,0.38087496,0.45097706,c234,c5
5876,4,0.2889789,0.3154789,0.39554223,c1,c5
5877,4,0.25003144,0.44572923,0.30423933,c234,c234
5878,4,0.17675246,0.4088602,0.41438732,c1,c5
5879,4,0.5572591,0.2874658,0.15527506,c5,c1
5880,4,0.646293,0.2710975,0.08260945,c5,c1
5881,5,0.37502515,0.39731613,0.2276587,c234,c234
5882,4,0.41269413,0.4015624,0.18574353,c234,c1
5883,2,0.09111064,0.27491024,0.6339791,c5,c5
5884,3,0.16339603,0.37879577,0.4578082,c5,c5
5885,3,0.20208326,0.46894085,0.32897586,c5,c234
5886,3,0.06544422,0.17749728,0.75705844,c5,c5
5887,2,0.4615102,0.39015162,0.14833815,c1,c1
5888,5,0.20788512,0.3219198,0.4701951,c1,c5
5889,1,0.563662,0.33011833,0.10621969,c5,c1
5890,1,0.08432984,0.43014845,0.48552176,c234,c5
5891,1,0.6658998,0.26540664,0.06869352,c1,c1
5892,2,0.18239233,0.47355193,0.3440557,c5,c234
5893,1,0.12492401,0.4203487,0.4547273,c1,c5
5894,5,0.2645919,0.4850428,0.25036535,c234,c234
5895,5,0.37859342,0.35556877,0.26583776,c234,c1
5896,5,0.2751148,0.5184561,0.2064291,c234,c234
5897,3,0.35279116,0.4179793,0.22922954,c234,c234
5898,3,0.49146664,0.35676652,0.15176682,c1,c1
5899,2,0.27983212,0.29012817,0.43003964,c5,c5
5900,5,0.4652296,0.38672608,0.1480443,c234,c1
5901,5,0.1876387,0.30441898,0.5079423,c1,c5
5902,4,0.5621541,0.35432982,0.083515964,c234,c1
5903,1,0.17558868,0.34077764,0.4836337,c5,c5
5904,3,0.31679988,0.41914126,0.26405883,c234,c234
5905,2,0.3027521,0.2222294,0.47501853,c5,c5
5906,5,0.09153972,0.2589326,0.6495277,c5,c5
5907,3,0.47633055,0.347429,0.17624047,c1,c1
5908,1,0.108029924,0.2669527,0.62501734,c1,c5
5909,2,0.22330257,0.31112438,0.465573,c1,c5
5910,2,0.1727561,0.3597032,0.46754065,c1,c5
5911,2,0.054931242,0.22571887,0.71934986,c5,c5
5912,5,0.39947465,0.3562121,0.24431323,c1,c1
5913,4,0.16040315,0.3133983,0.52619857,c234,c5
5914,5,0.60826784,0.28690484,0.10482734,c1,c1
5915,4,0.096264824,0.2604957,0.64323944,c5,c5
5916,2,0.393171,0.427983,0.17884597,c5,c234
5917,2,0.52623194,0.35783106,0.11593699,c234,c1
5918,1,0.18612373,0.3821809,0.43169537,c234,c5
5919,1,0.64646584,0.2366631,0.11687105,c1,c1
5920,1,0.2292262,0.31822968,0.4525441,c5,c5
5921,2,0.4811781,0.30140778,0.21741413,c5,c1
5922,5,0.3532249,0.3107321,0.33604303,c5,c1
5923,2,0.28694203,0.43040937,0.28264862,c1,c234
5924,1,0.41432664,0.3939321,0.19174127,c234,c1
5925,2,0.6551661,0.26858437,0.07624943,c5,c1
5926,3,0.07832326,0.22732857,0.6943482,c5,c5
5927,1,0.44975272,0.34093955,0.20930769,c234,c1
5928,2,0.4490424,0.24182658,0.30913103,c1,c1
5929,3,0.5288796,0.29958597,0.17153446,c1,c1
5930,5,0.093526006,0.23108384,0.67539006,c5,c5
5931,3,0.32096776,0.3968597,0.28217247,c234,c234
5932,4,0.3027585,0.5075747,0.18966681,c5,c234
5933,2,0.22693369,0.35311595,0.4199503,c1,c5
5934,5,0.3774747,0.31031278,0.31221256,c1,c1
5935,2,0.39504293,0.42944366,0.17551334,c234,c234
5936,1,0.3200691,0.3205285,0.3594024,c5,c5
5937,5,0.17499657,0.3016665,0.5233369,c5,c5
5938,4,0.09581078,0.23161955,0.67256963,c1,c5
5939,2,0.33592668,0.37340623,0.2906671,c234,c234
5940,4,0.5290413,0.3596316,0.1113271,c1,c1
5941,1,0.34318113,0.37452582,0.28229308,c1,c234
5942,2,0.23832858,0.47264406,0.2890274,c234,c234
5943,3,0.1663178,0.31446198,0.51922023,c234,c5
5944,5,0.4668952,0.35458863,0.17851615,c234,c1
5945,1,0.5990507,0.28611493,0.11483436,c234,c1
5946,5,0.09636282,0.24640173,0.6572355,c234,c5
5947,5,0.6110123,0.25291854,0.13606925,c1,c1
5948,2,0.0825129,0.28905493,0.62843215,c234,c5
5949,1,0.33847666,0.39626312,0.2652602,c1,c234
5950,2,0.10790471,0.3666446,0.5254507,c5,c5
5951,2,0.18835929,0.28646028,0.5251804,c234,c5
5952,4,0.45718622,0.3610465,0.18176734,c5,c1
5953,3,0.41309395,0.3148989,0.27200717,c234,c1
5954,4,0.4178147,0.38721818,0.19496715,c5,c1
5955,1,0.28016356,0.53341216,0.18642424,c234,c234
5956,1,0.22850677,0.3737665,0.39772668,c234,c5
5957,3,0.34476763,0.4019073,0.25332507,c234,c234
5958,4,0.16097029,0.28427592,0.55475384,c5,c5
5959,3,0.55803835,0.28936517,0.15259644,c1,c1
5960,1,0.6284479,0.23975801,0.13179417,c234,c1
5961,5,0.5220775,0.3422614,0.13566108,c5,c1
5962,5,0.19351427,0.39561406,0.41087165,c1,c5
5963,3,0.30732912,0.27422354,0.41844735,c1,c5
5964,4,0.5804101,0.30832878,0.111261085,c5,c1
5965,2,0.59625804,0.23190728,0.17183468,c1,c1
5966,1,0.16456051,0.39322114,0.44221836,c5,c5
5967,2,0.4228856,0.4318584,0.14525606,c234,c234
5968,5,0.08824234,0.34747484,0.56428283,c5,c5
5969,4,0.42233098,0.27062145,0.30704755,c5,c1
5970,1,0.16534497,0.370027,0.464628,c1,c5
5971,5,0.28799474,0.3634545,0.3485508,c1,c234
5972,2,0.11718449,0.43709728,0.44571823,c234,c5
5973,5,0.26484957,0.3287066,0.40644383,c234,c5
5974,5,0.22357343,0.31442428,0.46200234,c5,c5
5975,1,0.34489712,0.46441442,0.19068839,c234,c234
5976,5,0.48004842,0.40631914,0.11363244,c234,c1
5977,2,0.30137286,0.25853023,0.44009694,c1,c5
5978,2,0.34755766,0.45672527,0.19571704,c1,c234
5979,1,0.24549922,0.5253349,0.22916588,c234,c234
5980,5,0.41123807,0.3592579,0.22950397,c234,c1
5981,3,0.26107046,0.46444356,0.27448598,c234,c234
5982,5,0.2719541,0.3686219,0.35942405,c234,c234
5983,1,0.2013129,0.41549468,0.38319236,c5,c234
5984,1,0.45230702,0.38499424,0.16269875,c1,c1
5985,5,0.09453387,0.42491442,0.48055166,c5,c5
5986,4,0.42233098,0.27062145,0.30704755,c5,c1
5987,3,0.5599326,0.24895434,0.19111307,c5,c1
5988,5,0.48005742,0.3555311,0.16441151,c234,c1
5989,2,0.3392257,0.44535977,0.21541452,c1,c234
5990,2,0.22354819,0.5011974,0.2752544,c5,c234
5991,2,0.36626044,0.42778388,0.2059557,c234,c234
5992,5,0.053344127,0.16506283,0.781593,c5,c5
5993,5,0.12998609,0.42247847,0.4475354,c5,c5
5994,2,0.10787517,0.35172847,0.5403964,c234,c5
5995,5,0.45099893,0.42047986,0.1285212,c234,c1
5996,5,0.16902784,0.46465442,0.36631772,c1,c234
5997,4,0.33815774,0.27971026,0.38213196,c5,c5
5998,3,0.079744965,0.24138124,0.6788737,c5,c5
5999,1,0.29459688,0.39659283,0.30881026,c234,c234
6000,4,0.20297971,0.3773689,0.4196514,c1,c5
6001,1,0.35642698,0.4080287,0.2355443,c1,c234
6002,2,0.05308726,0.3411385,0.6057742,c5,c5
6003,1,0.054070514,0.17656687,0.7693626,c5,c5
6004,1,0.47606143,0.37664154,0.14729704,c5,c1
6005,4,0.6493758,0.28297794,0.06764631,c234,c1
6006,5,0.10056633,0.26847318,0.63096046,c234,c5
6007,5,0.087442726,0.27271715,0.6398401,c1,c5
6008,4,0.19129269,0.37371087,0.43499646,c234,c5
6009,3,0.3320744,0.31351066,0.35441494,c5,c5
6010,4,0.063559644,0.35763675,0.57880354,c234,c5
6011,2,0.73101187,0.19965245,0.069335766,c1,c1
6012,1,0.5731502,0.23608336,0.19076648,c234,c1
6013,2,0.39208877,0.4634055,0.14450572,c5,c234
6014,5,0.112075895,0.3316689,0.55625516,c5,c5
6015,1,0.36638322,0.37786353,0.25575328,c234,c234
6016,2,0.30618942,0.3160343,0.3777763,c234,c5
6017,4,0.4167601,0.35767248,0.22556745,c5,c1
6018,5,0.22801009,0.54224765,0.2297423,c5,c234
6019,3,0.27098253,0.37377298,0.35524452,c234,c234
6020,2,0.53856266,0.30443856,0.15699875,c5,c1
6021,1,0.16354597,0.42899686,0.4074572,c5,c234
6022,5,0.33901608,0.4956194,0.16536449,c5,c234
6023,4,0.56678617,0.31129432,0.1219195,c5,c1
6024,5,0.14888619,0.4333482,0.41776562,c234,c234
6025,2,0.32825804,0.48679492,0.18494703,c234,c234
6026,4,0.13592184,0.33946243,0.5246157,c234,c5
6027,4,0.26307487,0.35573873,0.38118637,c5,c5
6028,2,0.55890775,0.28720978,0.15388252,c1,c1
6029,3,0.53411025,0.3090061,0.15688367,c1,c1
6030,3,0.1296878,0.36212358,0.5081886,c234,c5
6031,3,0.29772198,0.28270453,0.4195735,c234,c5
6032,1,0.60094017,0.2783938,0.12066603,c1,c1
6033,1,0.48414657,0.26959974,0.2462537,c5,c1
6034,3,0.23445587,0.4402727,0.3252714,c1,c234
6035,4,0.46098426,0.3640459,0.1749699,c1,c1
6036,3,0.47542727,0.28800943,0.23656332,c1,c1
6037,4,0.1593698,0.30881003,0.5318202,c5,c5
6038,5,0.08456079,0.24738778,0.6680515,c234,c5
6039,1,0.14881848,0.4576105,0.39357102,c234,c234
6040,3,0.25430012,0.46098417,0.28471568,c5,c234
6041,2,0.061634753,0.21343926,0.724926,c5,c5
6042,2,0.051390786,0.12806588,0.82054335,c5,c5
6043,2,0.2890111,0.28973526,0.42125368,c5,c5
6044,4,0.12633507,0.3433305,0.5303345,c5,c5
6045,1,0.31544003,0.33980447,0.3447556,c234,c5
6046,1,0.4491436,0.35281128,0.19804513,c1,c1
6047,2,0.07164036,0.2565736,0.671786,c234,c5
6048,1,0.17534143,0.38589036,0.43876824,c234,c5
6049,3,0.2711259,0.4355381,0.293336,c234,c234
6050,2,0.48991334,0.30017343,0.20991325,c5,c1
6051,3,0.14504007,0.43311536,0.42184457,c234,c234
6052,2,0.31790322,0.2704357,0.4116611,c234,c5
6053,4,0.11837646,0.2839704,0.59765315,c234,c5
6054,3,0.15978235,0.26115525,0.5790624,c5,c5
6055,1,0.15329164,0.36943728,0.47727102,c5,c5
6056,2,0.547453,0.2540305,0.1985165,c1,c1
6057,2,0.13936839,0.3891544,0.47147718,c234,c5
6058,3,0.525323,0.3425338,0.13214321,c234,c1
6059,2,0.3965084,0.2869572,0.31653434,c5,c1
6060,4,0.44050735,0.36363646,0.19585611,c1,c1
6061,1,0.54532385,0.3340627,0.120613456,c5,c1
6062,5,0.21718585,0.49677935,0.2860348,c1,c234
6063,2,0.4949255,0.38587207,0.11920244,c234,c1
6064,5,0.092152424,0.22259212,0.68525547,c5,c5
6065,1,0.70332414,0.23843381,0.058242008,c5,c1
6066,5,0.30167243,0.34267524,0.3556523,c234,c5
6067,5,0.10316519,0.28221777,0.61461705,c1,c5
6068,3,0.5099762,0.33460373,0.15542008,c1,c1
6069,3,0.3362942,0.43814203,0.22556373,c234,c234
6070,5,0.17922512,0.34336334,0.47741157,c5,c5
6071,5,0.68722165,0.23240681,0.08037159,c1,c1
6072,4,0.20325327,0.52694154,0.26980522,c234,c234
6073,2,0.45727023,0.31845495,0.22427483,c234,c1
6074,5,0.09816535,0.3737426,0.528092,c5,c5
6075,1,0.20007162,0.32937947,0.47054896,c1,c5
6076,4,0.62598693,0.29531655,0.07869653,c234,c1
6077,5,0.34532785,0.38954434,0.2651278,c234,c234
6078,5,0.1766895,0.4472443,0.37606618,c5,c234
6079,4,0.22849299,0.4606679,0.3108391,c1,c234
6080,4,0.3735285,0.37825462,0.24821688,c234,c234
6081,1,0.0710586,0.29188114,0.6370602,c234,c5
6082,2,0.46694514,0.3578445,0.17521034,c234,c1
6083,2,0.16098739,0.5018438,0.33716884,c5,c234
6084,5,0.33730936,0.43221596,0.23047474,c5,c234
6085,2,0.37396398,0.37538183,0.25065413,c1,c234
6086,2,0.28339913,0.47887433,0.2377265,c5,c234
6087,3,0.075223915,0.20792818,0.7168479,c5,c5
6088,1,0.15120484,0.28411326,0.5646819,c234,c5
6089,3,0.13122956,0.3507601,0.5180103,c234,c5
6090,5,0.17247829,0.43329293,0.39422885,c5,c234
6091,1,0.1252748,0.43554738,0.4391778,c234,c5
6092,1,0.098654084,0.36042142,0.54092455,c5,c5
6093,3,0.44477528,0.33872297,0.21650173,c5,c1
6094,3,0.46237633,0.29704222,0.24058147,c5,c1
6095,1,0.2867757,0.40073293,0.3124914,c234,c234
6096,1,0.35383576,0.37856916,0.26759508,c234,c234
6097,3,0.48313648,0.33182153,0.18504193,c234,c1
6098,2,0.1510898,0.2597406,0.5891696,c5,c5
6099,1,0.0774171,0.45318368,0.46939927,c5,c5
6100,4,0.31317663,0.33311546,0.3537079,c5,c5
6101,2,0.7295279,0.20307776,0.06739438,c234,c1
6102,3,0.13632767,0.2925071,0.57116514,c234,c5
6103,4,0.2795752,0.46757203,0.25285274,c5,c234
6104,3,0.20151736,0.5788546,0.21962799,c5,c234
6105,5,0.09423516,0.38831198,0.51745284,c5,c5
6106,5,0.1982106,0.27688983,0.5248996,c5,c5
6107,3,0.31588888,0.4287489,0.2553622,c1,c234
6108,1,0.08076043,0.22734308,0.69189644,c5,c5
6109,1,0.23754658,0.31784457,0.4446088,c1,c5
6110,3,0.25392026,0.2900347,0.45604503,c5,c5
6111,3,0.38813332,0.36136073,0.25050595,c234,c1
6112,3,0.48910844,0.37883136,0.13206021,c1,c1
6113,3,0.28405753,0.251638,0.4643044,c5,c5
6114,4,0.09409464,0.42501038,0.48089492,c234,c5
6115,5,0.41821235,0.38438272,0.1974049,c1,c1
6116,4,0.34146377,0.4390909,0.2194453,c234,c234
6117,5,0.47647408,0.2636162,0.2599097,c1,c1
6118,3,0.58210444,0.31913245,0.0987631,c234,c1
6119,2,0.5881403,0.32113546,0.09072427,c1,c1
6120,4,0.036592335,0.15224269,0.81116503,c234,c5
6121,1,0.07790186,0.3322506,0.5898475,c5,c5
6122,1,0.46246177,0.39493728,0.14260095,c234,c1
6123,4,0.5803663,0.3137345,0.105899185,c234,c1
6124,5,0.5641505,0.2784238,0.15742575,c1,c1
6125,1,0.07628383,0.19889437,0.72482175,c5,c5
6126,3,0.36644787,0.32301185,0.31054032,c234,c1
6127,4,0.46968848,0.36834782,0.16196373,c234,c1
6128,4,0.37844685,0.44673663,0.1748165,c5,c234
6129,3,0.7025011,0.19916804,0.09833091,c1,c1
6130,2,0.60246307,0.28000042,0.117536515,c1,c1
6131,2,0.22293815,0.34227186,0.43479002,c234,c5
6132,1,0.15553431,0.2664445,0.5780212,c1,c5
6133,4,0.5633133,0.30554,0.13114668,c5,c1
6134,1,0.057669215,0.28811684,0.65421396,c5,c5
6135,3,0.36813724,0.43610778,0.19575503,c234,c234
6136,1,0.23346265,0.31316283,0.45337445,c5,c5
6137,4,0.04024995,0.19433269,0.7654174,c5,c5
6138,4,0.15235154,0.4134273,0.43422115,c234,c5
6139,3,0.22857578,0.4140994,0.3573248,c1,c234
6140,1,0.10647498,0.21098559,0.68253934,c5,c5
6141,4,0.055075623,0.28113478,0.6637895,c234,c5
6142,3,0.17881262,0.33023447,0.4909529,c5,c5
6143,5,0.0897734,0.29673678,0.61348987,c234,c5
6144,4,0.17594583,0.38655943,0.4374948,c5,c5
6145,1,0.47573933,0.33686364,0.18739703,c1,c1
6146,4,0.40786695,0.36899474,0.22313829,c5,c1
6147,4,0.58042085,0.33091575,0.08866341,c234,c1
6148,3,0.39225218,0.43169966,0.17604814,c234,c234
6149,5,0.30830503,0.29405877,0.3976362,c1,c5
6150,2,0.3070135,0.3533272,0.33965927,c5,c234
6151,1,0.24244499,0.32519177,0.43236324,c1,c5
6152,1,0.7300937,0.20259126,0.06731505,c234,c1
6153,4,0.45362875,0.35236046,0.19401081,c1,c1
6154,2,0.49758622,0.391658,0.110755764,c1,c1
6155,1,0.2441256,0.4201924,0.335682,c5,c234
6156,3,0.20312025,0.31411913,0.48276058,c234,c5
6157,4,0.16629286,0.3776859,0.45602128,c1,c5
6158,1,0.1951918,0.31696293,0.48784524,c5,c5
6159,3,0.22324932,0.34526914,0.4314815,c234,c5
6160,1,0.30454317,0.42304865,0.27240822,c1,c234
6161,1,0.08533109,0.26222935,0.6524396,c5,c5
6162,4,0.11952449,0.46744922,0.41302636,c5,c234
6163,4,0.2753687,0.42104197,0.30358925,c1,c234
6164,5,0.19399078,0.49816224,0.3078469,c5,c234
6165,2,0.15648058,0.2572774,0.586242,c234,c5
6166,2,0.07012471,0.29995856,0.6299167,c5,c5
6167,5,0.3008625,0.36741146,0.33172607,c5,c234
6168,5,0.17419292,0.3335596,0.49224755,c1,c5
6169,3,0.29210922,0.4989002,0.20899053,c234,c234
6170,3,0.6695709,0.24617107,0.08425798,c5,c1
6171,5,0.19106989,0.3038045,0.50512564,c1,c5
6172,2,0.09691888,0.3742592,0.52882195,c5,c5
6173,3,0.25533125,0.32163814,0.4230306,c234,c5
6174,3,0.04667349,0.18819214,0.7651344,c5,c5
6175,3,0.55576617,0.2558811,0.18835273,c1,c1
6176,5,0.49383277,0.24946924,0.25669795,c1,c1
6177,5,0.10316519,0.28221777,0.61461705,c5,c5
6178,1,0.09792346,0.42102087,0.4810557,c5,c5
6179,5,0.31949055,0.27579656,0.4047129,c5,c5
6180,4,0.23841813,0.45398718,0.30759466,c1,c234
6181,4,0.4053061,0.337882,0.25681186,c1,c1
6182,2,0.39176163,0.4384845,0.16975391,c234,c234
6183,3,0.31163156,0.39820594,0.29016247,c5,c234
6184,1,0.11685983,0.31380388,0.5693363,c234,c5
6185,5,0.16135304,0.4250049,0.41364208,c1,c234
6186,3,0.057549942,0.1409844,0.8014657,c5,c5
6187,4,0.051552795,0.120479956,0.8279672,c5,c5
6188,5,0.21040027,0.49411663,0.29548302,c234,c234
6189,1,0.3886963,0.34524712,0.26605657,c1,c1
6190,4,0.07635041,0.23073973,0.69290984,c5,c5
6191,2,0.54797053,0.34402227,0.10800722,c1,c1
6192,2,0.17082545,0.3370421,0.49213243,c234,c5
6193,3,0.15131038,0.48748288,0.36120674,c1,c234
6194,2,0.0776047,0.30055535,0.62183994,c234,c5
6195,1,0.17293605,0.33212447,0.4949395,c1,c5
6196,2,0.3657976,0.42569453,0.2085079,c1,c234
6197,2,0.7037189,0.21805519,0.07822597,c1,c1
6198,4,0.33920792,0.3272301,0.33356196,c234,c1
6199,4,0.2474672,0.3502651,0.40226775,c5,c5
6200,4,0.21169381,0.29417694,0.49412924,c5,c5
6201,1,0.57894313,0.27127895,0.14977789,c1,c1
6202,1,0.58129066,0.2988703,0.11983903,c5,c1
6203,4,0.33236456,0.45180672,0.2158287,c1,c234
6204,1,0.046170074,0.16448835,0.7893415,c5,c5
6205,2,0.07430695,0.29619467,0.62949836,c5,c5
6206,5,0.06810828,0.26322985,0.6686619,c234,c5
6207,5,0.47111174,0.30819044,0.22069784,c1,c1
6208,2,0.30437252,0.42698687,0.26864058,c234,c234
6209,5,0.47677684,0.3656914,0.1575317,c1,c1
6210,4,0.2091103,0.34657902,0.44431064,c234,c5
6211,5,0.66461897,0.2632481,0.07213294,c1,c1
6212,5,0.50263166,0.37188628,0.125482,c1,c1
6213,5,0.17977744,0.4036538,0.41656882,c5,c5
6214,3,0.4050631,0.43712303,0.15781382,c234,c234
6215,5,0.30188787,0.34796953,0.3501426,c234,c5
6216,4,0.35396194,0.40942684,0.23661123,c1,c234
6217,2,0.3269099,0.26965657,0.40343353,c234,c5
6218,2,0.6104301,0.30759996,0.08196984,c234,c1
6219,1,0.05757434,0.39000633,0.5524193,c234,c5
6220,4,0.294997,0.27040723,0.4345958,c1,c5
6221,2,0.10417924,0.23899323,0.65682757,c5,c5
6222,5,0.66743743,0.26131642,0.07124616,c234,c1
6223,5,0.30862927,0.4481767,0.24319401,c234,c234
6224,4,0.64053744,0.27548334,0.08397921,c1,c1
6225,2,0.56112045,0.34325737,0.09562214,c1,c1
6226,2,0.39188594,0.45365328,0.15446085,c1,c234
6227,3,0.5843938,0.27249917,0.143107,c5,c1
6228,1,0.6154001,0.24928235,0.13531755,c1,c1
6229,2,0.20275263,0.329502,0.46774542,c5,c5
6230,3,0.3653617,0.36161238,0.273026,c5,c1
6231,4,0.18577707,0.282922,0.53130096,c5,c5
6232,1,0.17641513,0.44589612,0.37768874,c5,c234
6233,3,0.59429854,0.28671822,0.11898332,c5,c1
6234,1,0.4122388,0.3986786,0.18908258,c1,c1
6235,5,0.31659263,0.34641683,0.3369905,c234,c234
6236,1,0.37049112,0.2784351,0.3510738,c234,c1
6237,1,0.14069836,0.40267584,0.45662588,c5,c5
6238,2,0.5670848,0.35005382,0.08286137,c5,c1
6239,4,0.52109265,0.2728923,0.20601507,c1,c1
6240,2,0.66023713,0.25370654,0.08605628,c1,c1
6241,4,0.5896025,0.34161082,0.06878674,c234,c1
6242,1,0.50468713,0.33584547,0.15946734,c1,c1
6243,4,0.41269413,0.4015624,0.18574353,c1,c1
6244,2,0.314393,0.43572623,0.24988076,c234,c234
6245,5,0.10677245,0.30978718,0.5834403,c234,c5
6246,1,0.762502,0.18788843,0.04960955,c234,c1
6247,1,0.19484393,0.45004928,0.3551068,c5,c234
6248,4,0.21834734,0.50643486,0.27521786,c234,c234
6249,2,0.61198574,0.23971559,0.14829871,c1,c1
6250,4,0.22631316,0.5007511,0.27293578,c234,c234
6251,3,0.28714362,0.29019165,0.4226647,c5,c5
6252,4,0.22558361,0.32710224,0.44731414,c5,c5
6253,3,0.08380844,0.2540839,0.6621077,c5,c5
6254,2,0.46385756,0.29593658,0.2402059,c1,c1
6255,2,0.5094629,0.3292855,0.1612517,c1,c1
6256,2,0.6414844,0.2779102,0.08060544,c234,c1
6257,5,0.4057054,0.3168327,0.27746183,c234,c1
6258,1,0.41038498,0.31306788,0.27654716,c234,c1
6259,2,0.600514,0.29553923,0.10394684,c234,c1
6260,5,0.22263977,0.43654647,0.34081376,c234,c234
6261,4,0.41269413,0.4015624,0.18574353,c234,c1
6262,4,0.104755804,0.2084717,0.6867724,c5,c5
6263,1,0.21232805,0.5684969,0.21917507,c234,c234
6264,1,0.07832854,0.23368886,0.6879826,c1,c5
6265,4,0.41472977,0.32599238,0.2592779,c1,c1
6266,1,0.17944477,0.2644425,0.5561127,c5,c5
6267,4,0.6335041,0.30507377,0.061422143,c1,c1
6268,5,0.4299805,0.32186365,0.2481559,c1,c1
6269,1,0.3974286,0.3881748,0.21439664,c1,c1
6270,3,0.3075947,0.45625284,0.2361525,c234,c234
6271,3,0.090018116,0.33658764,0.5733942,c234,c5
6272,5,0.44138655,0.3944026,0.16421089,c234,c1
6273,4,0.11639245,0.2776136,0.6059939,c5,c5
6274,5,0.66846395,0.23869756,0.09283849,c1,c1
6275,4,0.6344083,0.2896743,0.07591739,c1,c1
6276,3,0.2747473,0.43488446,0.2903682,c1,c234
6277,3,0.43458426,0.42214006,0.1432757,c234,c1
6278,5,0.15561011,0.2838795,0.56051034,c1,c5
6279,1,0.26078993,0.35161728,0.38759282,c5,c5
6280,1,0.43286997,0.3534707,0.2136593,c1,c1
6281,3,0.046794113,0.17096429,0.7822416,c234,c5
6282,2,0.35929027,0.28058514,0.36012456,c234,c5
6283,1,0.5243861,0.37494493,0.10066898,c1,c1
6284,2,0.10475455,0.28143492,0.6138106,c234,c5
6285,3,0.54477024,0.31017345,0.1450563,c5,c1
6286,5,0.110660344,0.51268864,0.37665102,c5,c234
6287,4,0.29725575,0.38423172,0.31851256,c5,c234
6288,1,0.30351824,0.41850975,0.27797204,c234,c234
6289,4,0.15039197,0.29355592,0.55605215,c5,c5
6290,1,0.14153378,0.34176734,0.5166989,c5,c5
6291,4,0.55053663,0.29295942,0.15650392,c1,c1
6292,3,0.36833,0.44722915,0.18444087,c234,c234
6293,1,0.40970448,0.37431738,0.21597816,c234,c1
6294,2,0.3755533,0.29237413,0.33207256,c5,c1
6295,1,0.042071056,0.2323164,0.7256126,c5,c5
6296,5,0.5260456,0.36358142,0.11037289,c5,c1
6297,5,0.07947748,0.22516996,0.69535255,c5,c5
6298,3,0.24512932,0.4076181,0.34725258,c5,c234
6299,4,0.59057325,0.2677075,0.1417192,c234,c1
6300,3,0.43019906,0.39000693,0.17979397,c234,c1
6301,4,0.41269413,0.4015624,0.18574353,c5,c1
6302,3,0.70548916,0.19884667,0.09566423,c1,c1
6303,5,0.3385834,0.35604727,0.30536935,c5,c234
6304,2,0.6016574,0.24673891,0.15160374,c5,c1
6305,3,0.075661495,0.19553362,0.72880495,c234,c5
6306,4,0.65259427,0.23887748,0.10852823,c1,c1
6307,3,0.26416376,0.395783,0.34005323,c1,c234
6308,1,0.21953371,0.29090592,0.48956037,c5,c5
6309,4,0.42233098,0.27062145,0.30704755,c5,c1
6310,5,0.34370542,0.4534498,0.20284481,c5,c234
6311,2,0.34601787,0.4218238,0.23215835,c1,c234
6312,2,0.31981742,0.3860561,0.2941265,c234,c234
6313,1,0.7338653,0.20281915,0.0633155,c234,c1
6314,2,0.3229341,0.26410255,0.4129634,c5,c5
6315,1,0.66207457,0.24356365,0.094361775,c234,c1
6316,5,0.46055886,0.26586857,0.2735725,c234,c1
6317,4,0.2042911,0.32510415,0.47060475,c1,c5
6318,1,0.074942224,0.40612411,0.51893365,c234,c5
6319,3,0.39726102,0.4078252,0.1949138,c1,c234
6320,4,0.42233098,0.27062145,0.30704755,c1,c1
6321,5,0.16825852,0.3023427,0.52939874,c5,c5
6322,5,0.36756527,0.4425573,0.1898774,c234,c234
6323,1,0.30381885,0.43342432,0.26275682,c1,c234
6324,2,0.2953457,0.47155792,0.23309639,c234,c234
6325,1,0.6592216,0.24056809,0.10021027,c234,c1
6326,4,0.09350205,0.30241835,0.6040796,c234,c5
6327,5,0.49976903,0.29497597,0.20525508,c5,c1
6328,3,0.2698864,0.40150416,0.32860947,c1,c234
6329,2,0.34760526,0.33561754,0.31677723,c234,c1
6330,2,0.2861512,0.45665476,0.25719407,c234,c234
6331,2,0.31519237,0.44193608,0.24287151,c1,c234
6332,5,0.1063195,0.3177991,0.5758814,c234,c5
6333,2,0.17760631,0.4805497,0.34184402,c234,c234
6334,4,0.034183066,0.183242,0.782575,c5,c5
6335,5,0.4368297,0.32895237,0.23421802,c1,c1
6336,4,0.44083387,0.37789458,0.18127154,c5,c1
6337,1,0.24194211,0.37942222,0.37863567,c5,c234
6338,4,0.4558225,0.36383507,0.18034242,c234,c1
6339,1,0.035385095,0.24128251,0.7233324,c5,c5
6340,2,0.3215279,0.29742822,0.3810439,c5,c5
6341,2,0.3593403,0.28057286,0.3600868,c5,c5
6342,1,0.14346458,0.2793417,0.57719374,c5,c5
6343,1,0.092295684,0.39191392,0.5157904,c5,c5
6344,2,0.17223571,0.48422772,0.3435366,c234,c234
6345,3,0.20541319,0.2374414,0.55714536,c5,c5
6346,3,0.14337765,0.36310107,0.49352127,c1,c5
6347,3,0.36689457,0.3538419,0.27926353,c234,c1
6348,4,0.2808226,0.37348557,0.34569186,c234,c234
6349,3,0.1385926,0.3467247,0.51468265,c5,c5
6350,4,0.110422745,0.38616675,0.5034105,c5,c5
6351,1,0.225755,0.33433738,0.43990758,c234,c5
6352,3,0.43244803,0.33102345,0.23652847,c5,c1
6353,1,0.58700114,0.2416706,0.17132826,c1,c1
6354,4,0.0936357,0.28767985,0.6186844,c5,c5
6355,3,0.3435128,0.30237287,0.35411435,c5,c5
6356,5,0.21652673,0.3390265,0.44444674,c5,c5
6357,4,0.32742053,0.36463472,0.30794472,c234,c234
6358,1,0.23108853,0.34210694,0.42680457,c234,c5
6359,5,0.6509669,0.24653687,0.10249622,c1,c1
6360,3,0.59741414,0.2786385,0.12394732,c1,c1
6361,4,0.05462901,0.28567705,0.65969396,c234,c5
6362,1,0.0431969,0.13454211,0.822261,c5,c5
6363,1,0.104498945,0.21607572,0.67942536,c5,c5
6364,4,0.2527993,0.32846716,0.4187335,c5,c5
6365,4,0.4764648,0.3290419,0.19449331,c1,c1
6366,4,0.08903944,0.30986902,0.60109156,c234,c5
6367,2,0.37604073,0.4186341,0.20532516,c1,c234
6368,5,0.15629067,0.26259366,0.5811157,c5,c5
6369,3,0.38340652,0.46895736,0.14763606,c1,c234
6370,3,0.09690085,0.23766074,0.6654384,c1,c5
6371,5,0.2127366,0.3311461,0.45611733,c1,c5
6372,4,0.50291365,0.38890627,0.10818009,c234,c1
6373,1,0.6382592,0.25055686,0.111183934,c1,c1
6374,2,0.772302,0.17555113,0.05214682,c1,c1
6375,2,0.10454561,0.2160576,0.67939687,c5,c5
6376,5,0.2999349,0.43555114,0.26451394,c1,c234
6377,3,0.06722091,0.22475606,0.708023,c234,c5
6378,1,0.089483544,0.3493643,0.5611522,c5,c5
6379,3,0.14883497,0.42007604,0.43108904,c234,c5
6380,1,0.563662,0.33011833,0.10621969,c234,c1
6381,1,0.45791894,0.3912965,0.15078461,c234,c1
6382,4,0.6914265,0.23234929,0.07622418,c5,c1
6383,1,0.563662,0.33011833,0.10621969,c1,c1
6384,5,0.10509101,0.20761895,0.6872901,c5,c5
6385,3,0.43223318,0.39596218,0.1718046,c1,c1
6386,2,0.20089054,0.50270146,0.29640806,c234,c234
6387,4,0.14497378,0.31029993,0.5447263,c5,c5
6388,3,0.23838565,0.4875856,0.27402875,c234,c234
6389,4,0.31419283,0.37247613,0.31333107,c1,c234
6390,4,0.41269413,0.4015624,0.18574353,c5,c1
6391,4,0.20692803,0.52238065,0.27069134,c234,c234
6392,1,0.05504633,0.3537275,0.59122616,c5,c5
6393,1,0.59588385,0.3033601,0.100756034,c5,c1
6394,5,0.6226027,0.24056274,0.13683447,c234,c1
6395,3,0.054805573,0.23237957,0.7128148,c5,c5
6396,2,0.41061556,0.2944944,0.2948901,c1,c1
6397,1,0.11319243,0.46076947,0.4260381,c234,c234
6398,1,0.08800544,0.46134076,0.45065382,c5,c234
6399,4,0.21017547,0.37458685,0.41523767,c234,c5
6400,4,0.15677838,0.30079967,0.54242194,c5,c5
6401,3,0.21669984,0.44878343,0.33451667,c5,c234
6402,1,0.048406586,0.24510978,0.7064836,c5,c5
6403,1,0.10775135,0.30057734,0.5916713,c5,c5
6404,4,0.23047177,0.40796173,0.36156645,c1,c234
6405,2,0.5249356,0.37786624,0.09719819,c1,c1
6406,1,0.16514154,0.38650492,0.44835356,c234,c5
6407,5,0.064867385,0.31364843,0.6214843,c5,c5
6408,4,0.4700586,0.36661863,0.16332278,c234,c1
6409,3,0.2270494,0.36256936,0.41038126,c5,c5
6410,3,0.20651513,0.43368438,0.35980043,c5,c234
6411,4,0.31720063,0.4550836,0.22771579,c234,c234
6412,3,0.14496128,0.45576376,0.39927498,c5,c234
6413,4,0.14969376,0.2795453,0.57076097,c5,c5
6414,1,0.47912714,0.33857208,0.18230069,c5,c1
6415,4,0.1711374,0.40694484,0.42191777,c1,c5
6416,3,0.12513468,0.37752566,0.4973397,c234,c5
6417,5,0.37149304,0.4280036,0.20050333,c234,c234
6418,1,0.6973668,0.22687213,0.0757611,c234,c1
6419,2,0.29894602,0.3746192,0.32643473,c234,c234
6420,4,0.2982429,0.43457696,0.2671801,c234,c234
6421,5,0.22234575,0.30798137,0.46967286,c234,c5
6422,5,0.095197864,0.27086264,0.6339395,c1,c5
6423,3,0.62862974,0.22979665,0.14157361,c1,c1
6424,2,0.6938407,0.23096514,0.075194225,c1,c1
6425,3,0.11015646,0.3842023,0.5056412,c234,c5
6426,5,0.17997469,0.42122114,0.39880416,c5,c234
6427,3,0.089331426,0.23229572,0.67837286,c5,c5
6428,1,0.32835656,0.43900263,0.23264079,c1,c234
6429,5,0.07300516,0.33453682,0.59245807,c5,c5
6430,3,0.37291223,0.48352775,0.14356002,c5,c234
6431,4,0.42233098,0.27062145,0.30704755,c234,c1
6432,1,0.50280017,0.38664138,0.11055846,c1,c1
6433,3,0.15117005,0.26178893,0.587041,c5,c5
6434,1,0.2797794,0.35738492,0.3628357,c234,c5
6435,5,0.4371231,0.36623454,0.19664238,c234,c1
6436,3,0.09732536,0.30880892,0.59386575,c5,c5
6437,4,0.46099597,0.33927456,0.19972941,c5,c1
6438,1,0.09352263,0.265804,0.6406734,c5,c5
6439,1,0.19730677,0.5372528,0.26544046,c234,c234
6440,5,0.39010927,0.39975065,0.21014011,c5,c234
6441,3,0.37913153,0.40841553,0.21245296,c234,c234
6442,3,0.32084268,0.5083738,0.17078352,c5,c234
6443,5,0.07009349,0.15354744,0.776359,c5,c5
6444,3,0.22197855,0.42485616,0.3531653,c1,c234
6445,1,0.55930144,0.29993948,0.1407591,c1,c1
6446,3,0.10456902,0.33013627,0.56529474,c5,c5
6447,3,0.5069101,0.34838858,0.14470129,c5,c1
6448,4,0.1304039,0.32484767,0.5447484,c234,c5
6449,5,0.3369365,0.3680027,0.29506075,c234,c234
6450,5,0.5663458,0.3276558,0.10599836,c1,c1
6451,3,0.56077427,0.28785256,0.15137318,c234,c1
6452,4,0.46506634,0.3636782,0.1712555,c234,c1
6453,2,0.49398434,0.33687577,0.16913994,c234,c1
6454,3,0.19123243,0.2759667,0.53280085,c5,c5
6455,1,0.09776653,0.23574962,0.6664839,c5,c5
6456,3,0.075690225,0.33128113,0.59302866,c234,c5
6457,4,0.63931006,0.2654327,0.09525723,c5,c1
6458,1,0.06725843,0.26983878,0.6629028,c234,c5
6459,1,0.46481118,0.28541958,0.24976924,c1,c1
6460,3,0.07820343,0.3093761,0.61242044,c5,c5
6461,2,0.27999184,0.48239666,0.23761147,c234,c234
6462,3,0.6882183,0.24554163,0.06624009,c234,c1
6463,2,0.21184094,0.28773546,0.5004236,c5,c5
6464,1,0.13610062,0.27701947,0.58687985,c5,c5
6465,2,0.3198734,0.45296994,0.22715673,c234,c234
6466,4,0.6280111,0.25705972,0.114929125,c5,c1
6467,5,0.16534528,0.5083056,0.32634908,c5,c234
6468,1,0.10447053,0.37575385,0.5197756,c5,c5
6469,5,0.48275742,0.27199504,0.24524756,c1,c1
6470,4,0.08060985,0.23582903,0.6835611,c5,c5
6471,3,0.14017984,0.33001146,0.52980876,c5,c5
6472,3,0.36334497,0.38600045,0.25065458,c1,c234
6473,5,0.4143458,0.24681388,0.33884034,c1,c1
6474,5,0.48538226,0.41324806,0.10136973,c1,c1
6475,1,0.563662,0.33011833,0.10621969,c1,c1
6476,3,0.12370761,0.42157388,0.4547185,c5,c5
6477,1,0.18228023,0.56283504,0.25488472,c5,c234
6478,5,0.35322908,0.44256204,0.20420885,c1,c234
6479,1,0.56473786,0.35617566,0.07908643,c1,c1
6480,1,0.104805514,0.41128808,0.48390642,c5,c5
6481,5,0.5683759,0.3166579,0.11496623,c234,c1
6482,5,0.3803442,0.34308323,0.27657253,c5,c1
6483,4,0.10993279,0.38248727,0.50758,c5,c5
6484,5,0.11387333,0.18822728,0.6978994,c5,c5
6485,4,0.41269413,0.4015624,0.18574353,c5,c1
6486,4,0.34468415,0.3714661,0.28384978,c1,c234
6487,2,0.25446874,0.31308788,0.4324434,c1,c5
6488,1,0.10398181,0.32028654,0.5757317,c5,c5
6489,3,0.23850429,0.48450488,0.27699086,c234,c234
6490,5,0.52987486,0.3442074,0.12591778,c5,c1
6491,3,0.17003627,0.48580948,0.34415424,c234,c234
6492,3,0.36698648,0.33348793,0.29952565,c234,c1
6493,5,0.49207228,0.3700779,0.1378498,c1,c1
6494,3,0.1062628,0.31251442,0.5812228,c5,c5
6495,1,0.55974567,0.3203772,0.119877085,c1,c1
6496,2,0.39571238,0.4299089,0.17437877,c1,c234
6497,5,0.05731233,0.20523396,0.73745376,c5,c5
6498,4,0.28810766,0.30939642,0.40249586,c1,c5
6499,1,0.7006368,0.2419637,0.057399552,c1,c1
6500,4,0.4269862,0.34866616,0.22434767,c1,c1
6501,5,0.32641134,0.47359413,0.19999456,c1,c234
6502,5,0.34486946,0.33364746,0.3214831,c1,c1
6503,1,0.04287897,0.23962724,0.7174938,c5,c5
6504,2,0.07659494,0.3024216,0.6209835,c5,c5
6505,5,0.6127188,0.2506319,0.13664931,c234,c1
6506,1,0.09464487,0.35884672,0.5465084,c234,c5
6507,3,0.039475683,0.13926324,0.8212611,c5,c5
6508,4,0.2512217,0.32445082,0.42432752,c1,c5
6509,2,0.22336614,0.37580714,0.40082672,c5,c5
6510,4,0.20578061,0.34683332,0.4473861,c234,c5
6511,1,0.38166392,0.29094,0.327396,c234,c1
6512,4,0.15625434,0.3756592,0.46808645,c5,c5
6513,4,0.087571464,0.21618652,0.69624203,c5,c5
6514,4,0.6987184,0.2383517,0.06292989,c1,c1
6515,1,0.20455328,0.47166908,0.3237776,c5,c234
6516,2,0.23141344,0.31083116,0.45775533,c5,c5
6517,1,0.43627104,0.3915007,0.1722282,c1,c1
6518,3,0.11139767,0.24880384,0.6397985,c5,c5
6519,1,0.32292873,0.33652624,0.3405451,c1,c5
6520,3,0.5988941,0.29225203,0.108853914,c1,c1
6521,4,0.12728451,0.42134255,0.45137292,c234,c5
6522,3,0.24555549,0.39431724,0.36012727,c1,c234
6523,4,0.5810425,0.34526634,0.07369114,c5,c1
6524,4,0.68293834,0.25297776,0.06408393,c1,c1
6525,2,0.07982777,0.3493051,0.5708672,c234,c5
6526,2,0.23643278,0.29884255,0.4647247,c5,c5
6527,4,0.41269413,0.4015624,0.18574353,c1,c1
6528,1,0.57129294,0.26936603,0.15934101,c1,c1
6529,2,0.63683754,0.27458668,0.088575765,c1,c1
6530,4,0.13080636,0.22092581,0.64826787,c1,c5
6531,1,0.762502,0.18788843,0.04960955,c234,c1
6532,4,0.45652595,0.39702418,0.1464498,c234,c1
6533,1,0.14545672,0.40934014,0.4452032,c1,c5
6534,1,0.5117034,0.37542278,0.112873815,c234,c1
6535,1,0.26284677,0.41371796,0.3234353,c5,c234
6536,5,0.47090995,0.4035781,0.12551199,c1,c1
6537,3,0.4919019,0.2888567,0.2192415,c234,c1
6538,3,0.28128552,0.32072878,0.3979857,c5,c5
6539,3,0.22451423,0.42855692,0.3469289,c5,c234
6540,1,0.40588975,0.3953757,0.1987346,c234,c1
6541,5,0.55186725,0.3445917,0.103541,c5,c1
6542,3,0.5737722,0.27983913,0.14638874,c1,c1
6543,1,0.27248034,0.545276,0.18224369,c5,c234
6544,1,0.19743334,0.45681027,0.34575632,c1,c234
6545,4,0.4717349,0.40448254,0.12378257,c234,c1
6546,2,0.09169952,0.23992822,0.6683723,c234,c5
6547,3,0.34326902,0.35783768,0.29889333,c234,c234
6548,2,0.13266328,0.2487949,0.6185419,c1,c5
6549,1,0.39956018,0.46662027,0.13381957,c1,c234
6550,5,0.63961357,0.26329917,0.09708727,c234,c1
6551,4,0.10406128,0.3391276,0.5568111,c5,c5
6552,4,0.7090147,0.21507894,0.07590642,c1,c1
6553,2,0.5078821,0.37089476,0.121223055,c234,c1
6554,4,0.43489355,0.31291726,0.25218916,c1,c1
6555,5,0.27838618,0.4165352,0.30507863,c1,c234
6556,5,0.22411127,0.32350293,0.45238575,c1,c5
6557,5,0.21968566,0.34079614,0.43951818,c5,c5
6558,2,0.43472803,0.43621644,0.12905556,c234,c234
6559,2,0.21759282,0.27239624,0.51001096,c234,c5
6560,3,0.19414274,0.38067025,0.42518705,c1,c5
6561,1,0.16746345,0.26198977,0.5705468,c1,c5
6562,1,0.063476056,0.15716228,0.77936167,c5,c5
6563,5,0.41310787,0.4198183,0.16707376,c1,c234
6564,2,0.117423095,0.38164642,0.5009304,c5,c5
6565,3,0.13634688,0.37978914,0.48386395,c1,c5
6566,1,0.091225475,0.37162125,0.53715324,c5,c5
6567,1,0.34771797,0.4360163,0.21626568,c1,c234
6568,1,0.50255775,0.3171527,0.18028955,c5,c1
6569,1,0.18841743,0.34101334,0.47056922,c5,c5
6570,3,0.092401706,0.27274653,0.63485175,c1,c5
6571,4,0.68293834,0.25297776,0.06408393,c5,c1
6572,4,0.64053744,0.27548334,0.08397921,c1,c1
6573,4,0.10913383,0.21906814,0.67179805,c5,c5
6574,1,0.56517595,0.3290963,0.10572777,c1,c1
6575,3,0.41631603,0.34049308,0.24319094,c5,c1
6576,4,0.40866736,0.45323786,0.13809481,c1,c234
6577,1,0.31206197,0.49745762,0.19048044,c1,c234
6578,1,0.081148036,0.22769645,0.69115555,c234,c5
6579,1,0.24222401,0.2747607,0.48301536,c5,c5
6580,4,0.10544905,0.4760639,0.41848704,c234,c234
6581,1,0.48135272,0.3606486,0.15799868,c1,c1
6582,1,0.54921407,0.29157862,0.1592073,c5,c1
6583,4,0.60458463,0.32436228,0.07105316,c5,c1
6584,2,0.46694514,0.3578445,0.17521034,c1,c1
6585,5,0.35186192,0.38240904,0.26572904,c1,c234
6586,4,0.15067154,0.28650084,0.56282765,c234,c5
6587,1,0.70702714,0.21705718,0.07591572,c1,c1
6588,3,0.20756471,0.33851856,0.45391676,c1,c5
6589,3,0.3131005,0.47009307,0.21680644,c234,c234
6590,4,0.17871419,0.26008713,0.56119865,c1,c5
6591,5,0.7774373,0.1682969,0.05426577,c1,c1
6592,2,0.46904278,0.38049215,0.1504651,c234,c1
6593,1,0.45442438,0.30570123,0.23987441,c1,c1
6594,2,0.11085097,0.25373268,0.6354164,c5,c5
6595,1,0.40405637,0.396701,0.1992426,c234,c1
6596,5,0.49592018,0.35007536,0.15400444,c1,c1
6597,4,0.16416816,0.4040449,0.43178692,c1,c5
6598,3,0.23644674,0.33883908,0.42471415,c5,c5
6599,4,0.13593699,0.47100428,0.3930587,c1,c234
6600,3,0.68593353,0.2533053,0.060761265,c5,c1
6601,1,0.42558348,0.40141246,0.17300399,c234,c1
6602,4,0.1518905,0.37888113,0.4692284,c1,c5
6603,3,0.36533982,0.33371082,0.3009494,c1,c1
6604,1,0.24774888,0.3024295,0.4498217,c5,c5
6605,5,0.3119317,0.30071506,0.3873532,c1,c5
6606,4,0.14206631,0.35794032,0.49999332,c234,c5
6607,3,0.54575187,0.34315518,0.11109297,c234,c1
6608,2,0.25740516,0.2934192,0.44917566,c1,c5
6609,3,0.4158638,0.44257662,0.14155963,c234,c234
6610,1,0.4941316,0.35890913,0.14695925,c1,c1
6611,1,0.15424342,0.42122647,0.4245302,c234,c5
6612,4,0.41269413,0.4015624,0.18574353,c234,c1
6613,3,0.35433957,0.31912604,0.3265344,c5,c1
6614,3,0.3880591,0.49706274,0.114878215,c234,c234
6615,1,0.39685154,0.2906087,0.3125398,c1,c1
6616,4,0.084034435,0.3690614,0.54690415,c5,c5
6617,2,0.46694514,0.3578445,0.17521034,c1,c1
6618,2,0.33444566,0.48521423,0.1803401,c234,c234
6619,4,0.24088004,0.38025498,0.37886497,c1,c234
6620,4,0.34109542,0.39210147,0.2668031,c5,c234
6621,4,0.35150146,0.32617387,0.32232463,c5,c1
6622,3,0.17526661,0.2987944,0.52593905,c5,c5
6623,4,0.15639263,0.33802563,0.5055817,c5,c5
6624,4,0.3102785,0.4757533,0.21396816,c5,c234
6625,3,0.2088085,0.32634357,0.464848,c5,c5
6626,5,0.31004444,0.41152,0.27843562,c1,c234
6627,2,0.07648721,0.25530168,0.66821104,c5,c5
6628,5,0.40806708,0.29954302,0.29238987,c1,c1
6629,1,0.55642647,0.36163187,0.08194168,c5,c1
6630,3,0.44932884,0.4293811,0.121290036,c5,c1
6631,5,0.15512145,0.29007044,0.55480814,c1,c5
6632,5,0.38897476,0.3196789,0.29134643,c234,c1
6633,1,0.23201384,0.32294616,0.44504005,c5,c5
6634,4,0.5823838,0.30909413,0.1085221,c234,c1
6635,1,0.2652335,0.31529957,0.41946688,c5,c5
6636,2,0.22330257,0.31112438,0.465573,c5,c5
6637,3,0.3435128,0.30237287,0.35411435,c234,c5
6638,5,0.14373183,0.2908429,0.5654253,c5,c5
6639,3,0.4376704,0.42342868,0.13890095,c234,c1
6640,4,0.122458465,0.33828378,0.5392578,c234,c5
6641,5,0.33154303,0.3897868,0.2786701,c1,c234
6642,1,0.04800888,0.3324351,0.61955607,c234,c5
6643,4,0.16301964,0.52984345,0.3071369,c234,c234
6644,4,0.53032243,0.35391834,0.115759246,c1,c1
6645,4,0.41269413,0.4015624,0.18574353,c1,c1
6646,2,0.31091046,0.2943911,0.3946984,c234,c5
6647,4,0.28242603,0.39911193,0.31846207,c5,c234
6648,2,0.32708338,0.30386275,0.36905387,c1,c5
6649,2,0.40398112,0.3169058,0.2791131,c1,c1
6650,2,0.0770187,0.2673164,0.65566486,c5,c5
6651,2,0.4316574,0.34916168,0.21918099,c1,c1
6652,4,0.68293834,0.25297776,0.06408393,c5,c1
6653,3,0.07161837,0.22936682,0.69901484,c5,c5
6654,3,0.0916335,0.18373154,0.724635,c5,c5
6655,5,0.41501084,0.4470934,0.13789576,c1,c234
6656,3,0.48195413,0.38657618,0.13146973,c234,c1
6657,5,0.14779249,0.37091586,0.48129156,c5,c5
6658,4,0.24002603,0.3890304,0.3709436,c234,c234
6659,4,0.6204747,0.29259104,0.08693431,c5,c1
6660,4,0.42122567,0.35533598,0.22343834,c5,c1
6661,3,0.17825602,0.4428065,0.37893745,c234,c234
6662,5,0.3038215,0.3223177,0.3738608,c234,c5
6663,5,0.5368376,0.31625578,0.14690661,c234,c1
6664,1,0.69061035,0.24863088,0.060758784,c234,c1
6665,1,0.19215034,0.37662566,0.431224,c1,c5
6666,3,0.5685662,0.29018262,0.14125118,c1,c1
6667,4,0.51105595,0.26497054,0.22397354,c1,c1
6668,1,0.17870787,0.4155082,0.4057839,c234,c234
6669,1,0.5434397,0.34214747,0.11441284,c234,c1
6670,4,0.41269413,0.4015624,0.18574353,c1,c1
6671,3,0.15013361,0.35155132,0.49831513,c234,c5
6672,5,0.3035618,0.5412235,0.15521465,c234,c234
6673,4,0.419295,0.37242827,0.20827675,c234,c1
6674,3,0.05266463,0.24062297,0.7067124,c5,c5
6675,3,0.08809607,0.3719865,0.5399174,c234,c5
6676,1,0.22113405,0.3380134,0.44085258,c5,c5
6677,1,0.43149987,0.42793292,0.14056714,c1,c1
6678,2,0.3131094,0.4314317,0.25545886,c1,c234
6679,4,0.541677,0.34389082,0.11443218,c234,c1
6680,5,0.29525408,0.44125843,0.26348743,c1,c234
6681,3,0.5505047,0.23412497,0.2153703,c1,c1
6682,4,0.04883481,0.22791453,0.7232506,c5,c5
6683,3,0.13799886,0.50134,0.36066115,c234,c234
6684,2,0.35395086,0.43605843,0.20999074,c1,c234
6685,4,0.7076849,0.21941796,0.07289716,c234,c1
6686,4,0.28755325,0.4804161,0.23203065,c1,c234
6687,3,0.12607989,0.33658454,0.5373356,c234,c5
6688,5,0.06924847,0.18880065,0.74195087,c5,c5
6689,3,0.43401855,0.335138,0.23084341,c5,c1
6690,3,0.6046904,0.27489427,0.12041535,c234,c1
6691,4,0.24248432,0.41470113,0.3428145,c234,c234
6692,5,0.15786253,0.41469562,0.42744187,c234,c5
6693,2,0.15800248,0.41729864,0.42469883,c1,c5
6694,4,0.5852769,0.29108018,0.12364291,c5,c1
6695,1,0.25553006,0.33482355,0.4096464,c5,c5
6696,5,0.1687213,0.3541439,0.4771348,c1,c5
6697,1,0.29153407,0.3531952,0.35527077,c234,c5
6698,3,0.5184076,0.3095931,0.17199926,c5,c1
6699,2,0.48824787,0.31725582,0.19449629,c1,c1
6700,4,0.11108737,0.27323753,0.6156751,c234,c5
6701,3,0.5835795,0.33271658,0.08370395,c234,c1
6702,5,0.3834721,0.41524005,0.20128779,c1,c234
6703,2,0.10862976,0.18921371,0.70215654,c5,c5
6704,1,0.2571095,0.46284518,0.28004527,c5,c234
6705,3,0.40110365,0.33594248,0.26295388,c1,c1
6706,1,0.41337872,0.39116415,0.19545706,c5,c1
6707,1,0.14431565,0.38087144,0.47481292,c5,c5
6708,5,0.1440491,0.32852635,0.5274245,c1,c5
6709,4,0.6357051,0.29593724,0.068357706,c1,c1
6710,1,0.41934276,0.40475756,0.17589974,c234,c1
6711,2,0.07029747,0.23752315,0.6921794,c234,c5
6712,4,0.40870866,0.36547074,0.2258206,c234,c1
6713,2,0.15129194,0.381557,0.4671511,c234,c5
6714,2,0.6409823,0.28342906,0.07558868,c1,c1
6715,4,0.4941103,0.33349618,0.1723936,c234,c1
6716,3,0.41350877,0.4488595,0.13763165,c234,c234
6717,3,0.21667689,0.31109604,0.4722271,c234,c5
6718,1,0.0391535,0.12778527,0.8330612,c5,c5
6719,2,0.2567557,0.43208954,0.31115478,c5,c234
6720,2,0.24296224,0.29473665,0.46230116,c5,c5
6721,5,0.16753839,0.31565046,0.5168111,c5,c5
6722,2,0.7318854,0.18929923,0.07881539,c1,c1
6723,4,0.30088064,0.32489586,0.37422353,c1,c5
6724,1,0.48955858,0.30182928,0.20861216,c234,c1
6725,2,0.12894696,0.35655585,0.5144972,c5,c5
6726,5,0.26388118,0.49134928,0.24476948,c1,c234
6727,2,0.22330257,0.31112438,0.465573,c5,c5
6728,2,0.20450436,0.49473,0.30076566,c234,c234
6729,3,0.50422263,0.30270657,0.19307081,c1,c1
6730,4,0.056208055,0.26502955,0.6787624,c5,c5
6731,5,0.3950883,0.29655385,0.3083578,c234,c1
6732,4,0.14122066,0.36755267,0.49122667,c5,c5
6733,2,0.505525,0.3753076,0.119167395,c1,c1
6734,5,0.11062082,0.5664615,0.32291767,c5,c234
6735,5,0.16377878,0.4592168,0.37700438,c234,c234
6736,5,0.49999404,0.3206799,0.17932604,c1,c1
6737,5,0.30306733,0.33668798,0.36024472,c1,c5
6738,1,0.13612385,0.36741245,0.49646375,c5,c5
6739,3,0.5631117,0.27051398,0.16637425,c1,c1
6740,5,0.1158297,0.3609862,0.5231841,c1,c5
6741,2,0.05982338,0.24543144,0.6947451,c234,c5
6742,1,0.21569066,0.43326735,0.35104197,c1,c234
6743,5,0.40123835,0.4430474,0.15571423,c234,c234
6744,5,0.09378949,0.3430677,0.56314284,c234,c5
6745,5,0.11923171,0.29560608,0.5851622,c5,c5
6746,3,0.14553559,0.43672237,0.41774204,c1,c234
6747,4,0.29873532,0.3856025,0.31566224,c1,c234
6748,2,0.14775552,0.3858775,0.46636707,c1,c5
6749,1,0.33704907,0.3347529,0.32819805,c1,c1
6750,1,0.05926736,0.28267974,0.65805286,c5,c5
6751,5,0.4240841,0.383596,0.19231993,c1,c1
6752,4,0.096528776,0.29189923,0.61157197,c5,c5
6753,3,0.7179591,0.1930946,0.08894637,c1,c1
6754,5,0.108753785,0.51681256,0.37443367,c234,c234
6755,3,0.05519143,0.22134526,0.72346336,c5,c5
6756,2,0.64336747,0.27681026,0.07982223,c1,c1
6757,2,0.23623328,0.25217602,0.51159066,c1,c5
6758,1,0.43092552,0.40943894,0.15963553,c234,c1
6759,4,0.47732225,0.33253384,0.190144,c234,c1
6760,1,0.5501663,0.32514188,0.12469187,c1,c1
6761,3,0.38436574,0.3377194,0.27791485,c234,c1
6762,3,0.1574018,0.45690507,0.38569313,c5,c234
6763,3,0.27425572,0.48665103,0.2390933,c234,c234
6764,4,0.06933533,0.2317691,0.69889563,c5,c5
6765,5,0.3745006,0.41135862,0.21414074,c234,c234
6766,3,0.1097904,0.38649464,0.503715,c1,c5
6767,5,0.430774,0.3956867,0.17353928,c234,c1
6768,2,0.4893548,0.3950358,0.11560934,c1,c1
6769,2,0.13502342,0.30831805,0.5566586,c5,c5
6770,1,0.64991695,0.2606103,0.08947278,c234,c1
6771,4,0.31607172,0.38926753,0.2946607,c5,c234
6772,4,0.39643466,0.34160206,0.26196334,c5,c1
6773,2,0.67854357,0.2215313,0.09992515,c234,c1
6774,4,0.08210779,0.23242326,0.6854689,c5,c5
6775,5,0.2959924,0.33971962,0.364288,c234,c5
6776,4,0.13632695,0.35542277,0.50825024,c234,c5
6777,3,0.43985304,0.3429083,0.2172386,c1,c1
6778,5,0.41847035,0.3600401,0.22148958,c1,c1
6779,3,0.056442365,0.15674861,0.786809,c234,c5
6780,5,0.13535151,0.27699533,0.58765316,c5,c5
6781,2,0.27551675,0.2537134,0.47076982,c5,c5
6782,1,0.065983646,0.1699722,0.76404417,c5,c5
6783,3,0.59928405,0.2630893,0.13762662,c234,c1
6784,1,0.09872665,0.39075765,0.51051575,c5,c5
6785,1,0.16755138,0.34429708,0.4881516,c1,c5
6786,1,0.67657244,0.19574352,0.12768407,c234,c1
6787,1,0.38734138,0.35187876,0.26077986,c234,c1
6788,4,0.12814583,0.4486947,0.42315942,c234,c234
6789,1,0.350981,0.30244452,0.3465745,c5,c1
6790,1,0.21731555,0.2568978,0.5257866,c1,c5
6791,1,0.0770179,0.28000557,0.6429765,c1,c5
6792,3,0.34822685,0.3495791,0.30219406,c234,c234
6793,2,0.58184576,0.32676464,0.09138955,c1,c1
6794,2,0.24455744,0.46194068,0.29350194,c1,c234
6795,3,0.08343253,0.3743754,0.54219204,c234,c5
6796,2,0.39263555,0.43662858,0.17073594,c234,c234
6797,1,0.28616235,0.3303473,0.38349032,c234,c5
6798,1,0.16157225,0.46027648,0.37815124,c234,c234
6799,3,0.31407502,0.32836023,0.3575647,c1,c5
6800,5,0.3748805,0.35828158,0.26683795,c5,c1
6801,3,0.22735824,0.46276543,0.30987638,c1,c234
6802,4,0.35429412,0.45392418,0.19178173,c1,c234
6803,1,0.762502,0.18788843,0.04960955,c1,c1
6804,3,0.29682767,0.45178017,0.25139213,c5,c234
6805,1,0.54703164,0.31005746,0.14291091,c1,c1
6806,4,0.057116732,0.19125223,0.751631,c234,c5
6807,4,0.099047296,0.46158206,0.43937072,c5,c234
6808,3,0.08061519,0.2740526,0.6453322,c5,c5
6809,3,0.3725161,0.29816723,0.32931665,c5,c1
6810,5,0.3311007,0.3401546,0.3287447,c5,c234
6811,5,0.51657665,0.28821275,0.19521064,c1,c1
6812,5,0.37275293,0.34195295,0.28529418,c234,c1
6813,4,0.42233098,0.27062145,0.30704755,c1,c1
6814,5,0.6779184,0.22588542,0.09619623,c5,c1
6815,2,0.13599035,0.36875874,0.49525088,c5,c5
6816,4,0.119175814,0.3519058,0.52891845,c234,c5
6817,5,0.19831242,0.3315032,0.47018436,c234,c5
6818,1,0.20712422,0.42250836,0.37036738,c234,c234
6819,1,0.08345234,0.33273032,0.58381736,c234,c5
6820,5,0.080562375,0.19787835,0.72155935,c5,c5
6821,4,0.2118592,0.33301663,0.4551242,c1,c5
6822,5,0.17585176,0.45791,0.36623824,c234,c234
6823,2,0.3426171,0.35840276,0.29898018,c1,c234
6824,1,0.52371955,0.35017377,0.1261067,c1,c1
6825,5,0.61374015,0.26576078,0.12049906,c234,c1
6826,5,0.6134389,0.2939004,0.09266066,c1,c1
6827,5,0.09310254,0.33741012,0.56948733,c234,c5
6828,4,0.65633756,0.27933928,0.064323254,c1,c1
6829,3,0.61924005,0.24840012,0.13235983,c234,c1
6830,5,0.5694711,0.34033743,0.09019145,c1,c1
6831,3,0.64416015,0.22573538,0.13010451,c1,c1
6832,5,0.097724594,0.39644763,0.5058278,c5,c5
6833,5,0.25098243,0.2856965,0.46332097,c1,c5
6834,1,0.322146,0.31045663,0.36739737,c1,c5
6835,5,0.04156829,0.13323742,0.82519436,c234,c5
6836,5,0.17586255,0.3903587,0.4337788,c234,c5
6837,5,0.15309954,0.43042782,0.4164726,c234,c234
6838,3,0.65861124,0.25728694,0.084101796,c5,c1
6839,1,0.45442438,0.30570123,0.23987441,c1,c1
6840,2,0.51931757,0.32623264,0.15444979,c1,c1
6841,2,0.24146849,0.41281268,0.34571883,c234,c234
6842,1,0.17300293,0.4461138,0.3808833,c234,c234
6843,4,0.64497393,0.26925927,0.085766785,c1,c1
6844,4,0.04489333,0.26778328,0.6873234,c234,c5
6845,1,0.087627806,0.19426847,0.71810377,c5,c5
6846,5,0.22346689,0.42995572,0.34657738,c234,c234
6847,1,0.3082555,0.4127826,0.27896196,c234,c234
6848,1,0.4628418,0.437889,0.09926912,c234,c1
6849,1,0.5707069,0.33788508,0.091407984,c1,c1
6850,2,0.2277388,0.3146247,0.45763656,c1,c5
6851,2,0.28963435,0.43734774,0.27301788,c5,c234
6852,1,0.52875125,0.36993983,0.10130891,c1,c1
6853,2,0.29521197,0.50027573,0.20451231,c5,c234
6854,3,0.43934092,0.44278672,0.11787231,c1,c234
6855,1,0.13207841,0.3323695,0.5355521,c5,c5
6856,5,0.39577046,0.26946405,0.33476546,c5,c1
6857,2,0.20658442,0.3644306,0.428985,c5,c5
6858,2,0.47868228,0.40625238,0.115065314,c1,c1
6859,1,0.21088983,0.4310308,0.3580794,c234,c234
6860,2,0.13841158,0.24338737,0.618201,c1,c5
6861,4,0.46331403,0.33585426,0.20083177,c1,c1
6862,1,0.29741535,0.29934034,0.40324426,c234,c5
6863,2,0.29906,0.35083365,0.35010636,c234,c234
6864,5,0.07359101,0.31264117,0.6137678,c5,c5
6865,4,0.080501564,0.21998428,0.6995141,c5,c5
6866,3,0.08545123,0.30584925,0.6086995,c5,c5
6867,3,0.55057967,0.3431536,0.10626672,c5,c1
6868,5,0.19114561,0.523535,0.28531936,c234,c234
6869,3,0.08846095,0.21096703,0.700572,c5,c5
6870,3,0.15979612,0.36546454,0.47473934,c1,c5
6871,4,0.38392353,0.34360114,0.2724753,c5,c1
6872,1,0.60489017,0.29916832,0.09594147,c234,c1
6873,1,0.093892254,0.32445216,0.5816555,c5,c5
6874,2,0.28865883,0.36888495,0.34245625,c5,c234
6875,1,0.21469274,0.41337666,0.37193066,c5,c234
6876,3,0.66262907,0.22097968,0.116391264,c5,c1
6877,4,0.09580984,0.35606366,0.5481265,c234,c5
6878,5,0.5379064,0.31561148,0.14648211,c1,c1
6879,3,0.40146694,0.4550883,0.14344482,c1,c234
6880,5,0.042748272,0.1716409,0.78561085,c5,c5
6881,5,0.44311357,0.36834195,0.18854448,c5,c1
6882,1,0.20601404,0.4889216,0.30506426,c5,c234
6883,3,0.101319596,0.18917443,0.709506,c234,c5
6884,4,0.45701844,0.34473357,0.19824798,c5,c1
6885,1,0.12999263,0.25105727,0.6189501,c1,c5
6886,3,0.6142538,0.2610138,0.124732316,c234,c1
6887,2,0.409105,0.35929728,0.23159775,c1,c1
6888,1,0.3900159,0.39669007,0.21329407,c5,c234
6889,1,0.34212735,0.3570178,0.3008548,c1,c234
6890,5,0.3699896,0.30856764,0.32144272,c5,c1
6891,2,0.1517139,0.2976584,0.5506277,c5,c5
6892,4,0.5874491,0.25124395,0.16130696,c1,c1
6893,3,0.38100243,0.43239158,0.18660603,c1,c234
6894,4,0.5227316,0.30106023,0.17620812,c1,c1
6895,4,0.40568927,0.34655994,0.2477508,c1,c1
6896,4,0.064426646,0.21462588,0.7209475,c234,c5
6897,5,0.43774906,0.41052502,0.15172589,c234,c1
6898,5,0.3153029,0.2721069,0.41259015,c5,c5
6899,4,0.39643466,0.34160206,0.26196334,c1,c1
6900,1,0.6150832,0.3073263,0.07759051,c234,c1
6901,4,0.28417936,0.37859643,0.33722427,c1,c234
6902,1,0.47606143,0.37664154,0.14729704,c5,c1
6903,3,0.41144496,0.40427572,0.18427931,c5,c1
6904,3,0.25482792,0.33305755,0.41211453,c234,c5
6905,1,0.45442438,0.30570123,0.23987441,c1,c1
6906,4,0.10680851,0.26274502,0.6304465,c234,c5
6907,5,0.372377,0.4568031,0.17081992,c5,c234
6908,1,0.5714735,0.30607796,0.122448534,c5,c1
6909,3,0.3245553,0.36116272,0.31428197,c234,c234
6910,2,0.3593403,0.28057286,0.3600868,c1,c5
6911,2,0.17608234,0.58587134,0.23804636,c5,c234
6912,3,0.37579936,0.4222132,0.20198749,c1,c234
6913,5,0.3656245,0.40391973,0.23045576,c234,c234
6914,3,0.64201885,0.2555022,0.102478884,c5,c1
6915,3,0.20030212,0.37503675,0.42466116,c234,c5
6916,2,0.46148655,0.3687835,0.16972998,c1,c1
6917,2,0.14941879,0.32342586,0.52715534,c1,c5
6918,4,0.03337657,0.16505915,0.8015643,c1,c5
6919,3,0.5736489,0.30101213,0.12533893,c5,c1
6920,5,0.1664779,0.4438894,0.38963264,c234,c234
6921,4,0.27785504,0.49947414,0.22267081,c234,c234
6922,2,0.265792,0.4356435,0.29856452,c1,c234
6923,4,0.4990695,0.29621276,0.20471774,c1,c1
6924,4,0.25098234,0.43898472,0.31003296,c5,c234
6925,5,0.5735947,0.33408508,0.09232019,c1,c1
6926,3,0.5274639,0.3036189,0.1689172,c5,c1
6927,5,0.66743743,0.26131642,0.07124616,c1,c1
6928,5,0.64297396,0.23207515,0.12495088,c1,c1
6929,3,0.2641531,0.40116608,0.33468086,c234,c234
6930,2,0.48362082,0.29866022,0.21771905,c234,c1
6931,5,0.43835187,0.37316144,0.18848675,c1,c1
6932,4,0.04508486,0.18638176,0.7685334,c5,c5
6933,1,0.2834232,0.360672,0.35590482,c5,c234
6934,5,0.13693404,0.4781802,0.3848858,c234,c234
6935,2,0.1881167,0.22846851,0.5834148,c5,c5
6936,1,0.40646392,0.35586828,0.23766783,c234,c1
6937,4,0.12821013,0.3256423,0.54614764,c234,c5
6938,5,0.37089905,0.40574005,0.2233609,c5,c234
6939,4,0.43632925,0.41543445,0.14823624,c234,c1
6940,2,0.10847828,0.42987868,0.4616431,c5,c5
6941,4,0.1697177,0.3656639,0.46461844,c1,c5
6942,1,0.23532024,0.51776505,0.24691471,c234,c234
6943,1,0.34303653,0.36227456,0.29468894,c234,c234
6944,3,0.4890371,0.37258518,0.13837774,c1,c1
6945,5,0.05989356,0.22526467,0.7148418,c1,c5
6946,5,0.456648,0.32901162,0.21434036,c1,c1
6947,3,0.16536818,0.36354172,0.47109008,c5,c5
6948,4,0.29601946,0.40957373,0.29440683,c5,c234
6949,5,0.09825763,0.17995295,0.7217894,c234,c5
6950,5,0.16044602,0.3769851,0.46256888,c5,c5
6951,2,0.2896154,0.4593146,0.25106993,c5,c234
6952,2,0.13576438,0.28590852,0.5783271,c5,c5
6953,2,0.29824957,0.51693565,0.18481475,c1,c234
6954,3,0.17312267,0.2703451,0.55653226,c234,c5
6955,4,0.70293075,0.22571474,0.07135452,c1,c1
6956,1,0.108415864,0.38880345,0.5027807,c234,c5
6957,4,0.6149253,0.31361338,0.07146137,c5,c1
6958,2,0.4493065,0.40056163,0.15013184,c234,c1
6959,3,0.43884528,0.30617645,0.2549782,c1,c1
6960,2,0.2965197,0.3549174,0.3485629,c5,c234
6961,2,0.37263203,0.28362197,0.34374598,c1,c1
6962,3,0.23842314,0.4937722,0.26780468,c5,c234
6963,2,0.41358513,0.328546,0.25786886,c5,c1
6964,4,0.52961,0.2778272,0.19256276,c1,c1
6965,3,0.4187256,0.31420493,0.26706946,c1,c1
6966,1,0.33146837,0.3282071,0.34032452,c234,c5
6967,4,0.048064888,0.2224941,0.729441,c234,c5
6968,1,0.098388545,0.31459245,0.587019,c5,c5
6969,3,0.109887086,0.2341695,0.6559434,c1,c5
6970,2,0.23079292,0.40673885,0.36246827,c234,c234
6971,1,0.7082638,0.23086776,0.06086846,c1,c1
6972,5,0.14464453,0.5558345,0.29952097,c5,c234
6973,3,0.20634995,0.33416313,0.45948702,c1,c5
6974,2,0.24618308,0.22740437,0.52641255,c234,c5
6975,2,0.69722223,0.24158677,0.061190918,c1,c1
6976,4,0.04974515,0.21996868,0.7302861,c1,c5
6977,4,0.07927103,0.24159257,0.6791364,c234,c5
6978,2,0.58261853,0.25646085,0.16092068,c1,c1
6979,4,0.12285043,0.21593848,0.6612111,c5,c5
6980,5,0.3465847,0.47837403,0.17504127,c5,c234
6981,3,0.5647908,0.25117573,0.18403345,c1,c1
6982,3,0.1093671,0.27404416,0.6165888,c5,c5
6983,4,0.14423299,0.34591252,0.5098545,c1,c5
6984,3,0.10610106,0.3519069,0.5419921,c234,c5
6985,1,0.24244499,0.32519177,0.43236324,c234,c5
6986,4,0.10864815,0.30141872,0.58993316,c5,c5
6987,3,0.29048496,0.49986473,0.20965034,c5,c234
6988,4,0.35733184,0.40200427,0.24066387,c1,c234
6989,3,0.41266507,0.45140183,0.13593307,c234,c234
6990,3,0.30314717,0.45880097,0.23805186,c5,c234
6991,5,0.39870954,0.36807144,0.23321907,c1,c1
6992,1,0.24843271,0.31320614,0.43836117,c1,c5
6993,4,0.66347533,0.22351511,0.11300953,c1,c1
6994,3,0.41197845,0.33960378,0.24841772,c234,c1
6995,2,0.23900683,0.3593616,0.40163153,c5,c5
6996,4,0.5932652,0.2983762,0.1083586,c234,c1
6997,3,0.1029648,0.36745614,0.5295791,c5,c5
6998,3,0.22363544,0.389438,0.38692656,c5,c234
6999,3,0.1774748,0.33441192,0.4881132,c1,c5
7000,3,0.3501062,0.3032322,0.34666154,c5,c1
7001,3,0.07683281,0.21903665,0.70413053,c5,c5
7002,2,0.051750056,0.24356301,0.70468694,c5,c5
7003,2,0.22766837,0.31489238,0.4574392,c5,c5
7004,4,0.2334367,0.4138157,0.3527476,c1,c234
7005,4,0.27288124,0.443471,0.28364772,c5,c234
7006,1,0.15204026,0.43588045,0.41207924,c1,c234
7007,3,0.3573508,0.41727257,0.2253766,c5,c234
7008,2,0.13491677,0.4233557,0.44172752,c234,c5
7009,3,0.09880107,0.316877,0.584322,c234,c5
7010,3,0.32779598,0.44185215,0.23035188,c1,c234
7011,4,0.24536079,0.30680895,0.44783026,c5,c5
7012,5,0.3098642,0.47966346,0.21047235,c5,c234
7013,5,0.40104797,0.40104797,0.19790404,c234,c1
7014,5,0.22942351,0.41406536,0.35651118,c5,c234
7015,2,0.5935503,0.3180538,0.08839586,c1,c1
7016,3,0.42940927,0.4094452,0.16114555,c234,c1
7017,1,0.19185972,0.45633152,0.35180873,c5,c234
7018,4,0.27488557,0.3844932,0.3406213,c1,c234
7019,3,0.26610106,0.37093595,0.362963,c5,c234
7020,2,0.5504318,0.3400646,0.109503545,c5,c1
7021,1,0.12858462,0.4761197,0.39529574,c234,c234
7022,2,0.32531524,0.36053097,0.31415376,c5,c234
7023,1,0.16380091,0.2533439,0.5828552,c5,c5
7024,2,0.26821828,0.26158956,0.47019216,c5,c5
7025,2,0.46693954,0.2511581,0.28190243,c234,c1
7026,3,0.7421995,0.18108627,0.076714195,c1,c1
7027,4,0.052509617,0.22332501,0.7241654,c234,c5
7028,4,0.5859307,0.31543064,0.09863866,c1,c1
7029,3,0.3501062,0.3032322,0.34666154,c5,c1
7030,1,0.74083346,0.20395918,0.055207353,c1,c1
7031,4,0.20996094,0.33278376,0.4572553,c1,c5
7032,2,0.111818284,0.44289824,0.44528347,c234,c5
7033,3,0.7417946,0.17350243,0.08470295,c1,c1
7034,5,0.5176703,0.39276657,0.08956315,c1,c1
7035,5,0.37801975,0.43113282,0.19084752,c5,c234
7036,4,0.23829335,0.42594618,0.33576047,c1,c234
7037,1,0.18080576,0.30726075,0.5119335,c5,c5
7038,4,0.68293834,0.25297776,0.06408393,c234,c1
7039,4,0.13866019,0.341099,0.52024084,c5,c5
7040,4,0.13886683,0.4093498,0.45178342,c1,c5
7041,4,0.5691265,0.33723745,0.09363603,c5,c1
7042,5,0.6599423,0.24258667,0.09747099,c1,c1
7043,4,0.15947159,0.39152882,0.44899958,c1,c5
7044,3,0.25430447,0.44905072,0.2966448,c5,c234
7045,4,0.23762211,0.3490884,0.41328955,c1,c5
7046,5,0.17505349,0.40960333,0.41534323,c234,c5
7047,5,0.19424194,0.28473267,0.5210254,c1,c5
7048,3,0.5623125,0.3294737,0.10821375,c1,c1
7049,3,0.35897154,0.49341878,0.14760964,c234,c234
7050,2,0.16480048,0.32559156,0.509608,c234,c5
7051,1,0.12816867,0.31291303,0.55891836,c5,c5
7052,1,0.32007036,0.32449615,0.3554335,c5,c5
7053,2,0.22091658,0.3838122,0.39527127,c234,c5
7054,5,0.54428893,0.3619555,0.09375557,c234,c1
7055,3,0.16545598,0.38752466,0.44701928,c5,c5
7056,5,0.5274592,0.29970375,0.17283699,c234,c1
7057,3,0.25727206,0.4450149,0.2977131,c234,c234
7058,5,0.5230594,0.2521951,0.22474547,c1,c1
7059,3,0.063624494,0.22231539,0.7140601,c234,c5
7060,2,0.2222332,0.4106499,0.36711696,c234,c234
7061,3,0.062830135,0.21035115,0.7268187,c5,c5
7062,5,0.55325454,0.31906766,0.12767777,c5,c1
7063,5,0.4143673,0.28904554,0.29658717,c1,c1
7064,1,0.62618196,0.28119776,0.09262029,c234,c1
7065,2,0.21142696,0.26464716,0.5239259,c5,c5
7066,5,0.31429026,0.31658134,0.36912844,c5,c5
7067,5,0.12147131,0.34309527,0.53543335,c5,c5
7068,2,0.37704855,0.42688704,0.19606441,c234,c234
7069,2,0.49089366,0.3644229,0.14468339,c1,c1
7070,4,0.12647736,0.32653907,0.54698354,c5,c5
7071,4,0.41423973,0.4128263,0.17293395,c234,c1
7072,5,0.15374583,0.48991713,0.35633698,c234,c234
7073,3,0.39154175,0.27919957,0.32925874,c234,c1
7074,2,0.28059927,0.49494553,0.22445524,c1,c234
7075,3,0.47970098,0.38406506,0.13623399,c1,c1
7076,4,0.10118262,0.29453814,0.6042792,c1,c5
7077,3,0.27507976,0.30975276,0.41516754,c234,c5
7078,2,0.10312773,0.20945528,0.6874169,c234,c5
7079,4,0.19435042,0.35520324,0.45044634,c5,c5
7080,2,0.2694454,0.34614366,0.384411,c234,c5
7081,1,0.7435871,0.20116247,0.05525045,c234,c1
7082,1,0.30672166,0.44991484,0.24336354,c5,c234
7083,2,0.20477548,0.3005034,0.4947211,c5,c5
7084,3,0.115501106,0.3691287,0.51537025,c1,c5
7085,5,0.06302954,0.2878393,0.6491311,c234,c5
7086,2,0.45795164,0.40104482,0.14100355,c5,c1
7087,4,0.061018154,0.31606466,0.62291723,c234,c5
7088,5,0.6961426,0.22279952,0.081057906,c1,c1
7089,1,0.14907283,0.52362853,0.32729858,c1,c234
7090,2,0.13671857,0.4296385,0.43364295,c5,c5
7091,2,0.13529374,0.3561036,0.5086026,c5,c5
7092,4,0.41269413,0.4015624,0.18574353,c234,c1
7093,5,0.44789508,0.37537414,0.17673075,c234,c1
7094,4,0.48914894,0.35887522,0.15197587,c234,c1
7095,5,0.35308766,0.37968737,0.267225,c234,c234
7096,5,0.18530503,0.5101468,0.3045482,c1,c234
7097,3,0.15524992,0.3435971,0.5011529,c1,c5
7098,3,0.27886143,0.268916,0.4522226,c234,c5
7099,5,0.06536804,0.20315,0.73148197,c5,c5
7100,2,0.3705676,0.45650193,0.1729305,c1,c234
7101,2,0.5820965,0.26154006,0.15636347,c234,c1
7102,3,0.13764422,0.30287117,0.5594846,c1,c5
7103,2,0.2356931,0.41173992,0.35256693,c234,c234
7104,4,0.53623617,0.35261795,0.11114595,c5,c1
7105,2,0.100961626,0.27022028,0.6288181,c5,c5
7106,5,0.0587387,0.2503976,0.6908637,c234,c5
7107,1,0.34158146,0.3948472,0.26357135,c234,c234
7108,4,0.25374353,0.33398774,0.4122688,c5,c5
7109,4,0.046540763,0.25605872,0.6974005,c5,c5
7110,5,0.7678134,0.1772144,0.054972224,c234,c1
7111,2,0.16200502,0.43673497,0.40126008,c234,c234
7112,1,0.0675094,0.28125697,0.65123355,c234,c5
7113,4,0.3414844,0.41634473,0.24217086,c1,c234
7114,2,0.2913361,0.5061487,0.2025152,c5,c234
7115,3,0.33509418,0.47166526,0.19324051,c234,c234
7116,1,0.06278854,0.24481194,0.69239956,c5,c5
7117,2,0.6409823,0.28342906,0.07558868,c234,c1
7118,5,0.48329976,0.2738005,0.24289976,c234,c1
7119,1,0.17676638,0.3486785,0.4745551,c5,c5
7120,2,0.4034007,0.4477793,0.14882006,c1,c234
7121,2,0.16616844,0.3667755,0.467056,c234,c5
7122,4,0.053907264,0.17076884,0.77532387,c5,c5
7123,2,0.41791445,0.3794023,0.20268317,c1,c1
7124,5,0.65425265,0.27052808,0.07521929,c5,c1
7125,4,0.41269413,0.4015624,0.18574353,c5,c1
7126,5,0.11363691,0.3106745,0.57568866,c5,c5
7127,5,0.07936449,0.24202509,0.6786104,c5,c5
7128,2,0.32430518,0.4172111,0.2584837,c234,c234
7129,3,0.33337322,0.43284124,0.23378555,c1,c234
7130,3,0.56887585,0.36274898,0.06837518,c234,c1
7131,4,0.17197603,0.3274705,0.5005535,c5,c5
7132,1,0.17256717,0.3638116,0.4636212,c5,c5
7133,1,0.32368246,0.3130352,0.36328235,c1,c5
7134,1,0.16752943,0.452069,0.38040158,c1,c234
7135,2,0.36726907,0.36301243,0.26971853,c234,c1
7136,1,0.15706058,0.44275144,0.40018794,c234,c234
7137,5,0.59169257,0.3172132,0.091094136,c1,c1
7138,5,0.46107325,0.36460543,0.17432138,c1,c1
7139,4,0.6964695,0.23341626,0.07011421,c234,c1
7140,2,0.21824479,0.55014277,0.23161246,c5,c234
7141,3,0.15384886,0.40454686,0.44160423,c5,c5
7142,1,0.6742663,0.24691583,0.07881795,c1,c1
7143,5,0.3310106,0.43600908,0.23298033,c1,c234
7144,2,0.41537836,0.42751887,0.15710272,c234,c234
7145,5,0.22011538,0.33339003,0.44649458,c5,c5
7146,4,0.20876782,0.33121592,0.4600162,c5,c5
7147,2,0.054062985,0.18712708,0.7588099,c1,c5
7148,4,0.42547798,0.37709066,0.19743134,c1,c1
7149,2,0.120177306,0.45177624,0.42804652,c234,c234
7150,3,0.22170159,0.23756093,0.54073745,c5,c5
7151,1,0.30280274,0.38622835,0.3109689,c1,c234
7152,5,0.26324317,0.31490943,0.42184734,c1,c5
7153,1,0.5363206,0.29931012,0.16436918,c1,c1
7154,3,0.41184628,0.36098805,0.22716564,c1,c1
7155,1,0.21677217,0.37794742,0.40528044,c234,c5
7156,5,0.39380777,0.43590546,0.17028677,c1,c234
7157,3,0.12861285,0.30086458,0.5705226,c5,c5
7158,4,0.27851865,0.4378505,0.2836308,c1,c234
7159,2,0.67779773,0.24845915,0.07374309,c1,c1
7160,2,0.08479589,0.3283259,0.5868782,c1,c5
7161,2,0.31002402,0.2592087,0.43076733,c5,c5
7162,1,0.47041902,0.33290586,0.19667518,c234,c1
7163,4,0.21838124,0.31896695,0.4626518,c5,c5
7164,2,0.46144822,0.40101105,0.13754079,c234,c1
7165,3,0.16918966,0.43724042,0.3935699,c5,c234
7166,1,0.27668643,0.42885432,0.29445928,c234,c234
7167,2,0.46694514,0.3578445,0.17521034,c1,c1
7168,2,0.5257555,0.34228274,0.13196175,c234,c1
7169,5,0.5065637,0.29247954,0.20095672,c1,c1
7170,2,0.22328371,0.5044076,0.27230868,c5,c234
7171,3,0.4958336,0.41287085,0.091295525,c234,c1
7172,1,0.36638322,0.37786353,0.25575328,c234,c234
7173,3,0.49412164,0.26019317,0.24568525,c5,c1
7174,5,0.60124,0.27535173,0.12340826,c234,c1
7175,3,0.31906745,0.2548762,0.4260564,c234,c5
7176,1,0.22993264,0.329665,0.44040236,c234,c5
7177,2,0.12900649,0.33914083,0.5318527,c234,c5
7178,1,0.17336449,0.35641626,0.4702192,c234,c5
7179,1,0.25236782,0.31933454,0.4282976,c5,c5
7180,4,0.08849961,0.36485574,0.5466446,c234,c5
7181,5,0.4100451,0.38482574,0.20512922,c234,c1
7182,2,0.15214838,0.35862532,0.48922625,c234,c5
7183,3,0.2597698,0.4799526,0.26027763,c5,c234
7184,5,0.07669405,0.22829632,0.6950096,c234,c5
7185,4,0.15933324,0.28562424,0.5550425,c234,c5
7186,5,0.107136056,0.29530704,0.5975569,c5,c5
7187,4,0.12855686,0.45156485,0.41987836,c1,c234
7188,2,0.41026694,0.3548831,0.23484991,c1,c1
7189,4,0.5434962,0.29849178,0.15801203,c1,c1
7190,5,0.21610971,0.31872734,0.46516293,c1,c5
7191,4,0.51118827,0.3164948,0.17231695,c1,c1
7192,4,0.3892621,0.38845515,0.22228275,c234,c1
7193,4,0.13035111,0.4022947,0.46735412,c1,c5
7194,5,0.11390327,0.37111127,0.51498544,c5,c5
7195,3,0.1412586,0.22628236,0.6324591,c234,c5
7196,5,0.08899822,0.34493387,0.56606793,c5,c5
7197,5,0.15072688,0.36414406,0.485129,c5,c5
7198,5,0.36574307,0.3348063,0.2994506,c1,c1
7199,2,0.05284831,0.33100796,0.6161438,c234,c5
7200,2,0.23859666,0.5256152,0.23578814,c5,c234
7201,5,0.11427623,0.23640524,0.6493185,c234,c5
7202,1,0.407827,0.3535917,0.23858131,c234,c1
7203,3,0.3501542,0.5130912,0.13675459,c5,c234
7204,4,0.44838557,0.40696603,0.14464839,c5,c1
7205,1,0.56892633,0.31509352,0.115980126,c234,c1
7206,5,0.07459248,0.24114046,0.6842671,c5,c5
7207,2,0.60773444,0.25008443,0.14218105,c1,c1
7208,3,0.18440798,0.42823833,0.38735363,c1,c234
7209,5,0.2524654,0.33694154,0.41059297,c1,c5
7210,4,0.5426526,0.3363243,0.12102307,c5,c1
7211,2,0.45685515,0.39248994,0.15065485,c5,c1
7212,1,0.5106638,0.39106187,0.09827427,c5,c1
7213,4,0.42233098,0.27062145,0.30704755,c1,c1
7214,3,0.14191596,0.41134986,0.44673413,c234,c5
7215,2,0.6628627,0.26965266,0.06748464,c1,c1
7216,2,0.12778606,0.33421457,0.5379994,c5,c5
7217,1,0.44308928,0.36033902,0.19657168,c234,c1
7218,2,0.7235275,0.19984008,0.0766325,c1,c1
7219,1,0.069502436,0.26265192,0.66784567,c1,c5
7220,5,0.05999985,0.17919208,0.76080805,c234,c5
7221,5,0.42264643,0.39289325,0.18446034,c234,c1
7222,1,0.35475188,0.32693747,0.31831065,c1,c1
7223,3,0.3363265,0.41667888,0.24699461,c5,c234
7224,4,0.24687617,0.41465276,0.33847103,c234,c234
7225,3,0.4300819,0.40112513,0.16879296,c234,c1
7226,3,0.6002404,0.3124382,0.08732143,c234,c1
7227,3,0.0868956,0.28067368,0.63243073,c234,c5
7228,3,0.37486404,0.34177622,0.28335974,c5,c1
7229,4,0.5718943,0.2922689,0.1358368,c234,c1
7230,4,0.1114863,0.2861187,0.60239506,c5,c5
7231,2,0.06552742,0.24361251,0.6908601,c234,c5
7232,4,0.14867531,0.3635991,0.48772565,c234,c5
7233,4,0.6836755,0.25179434,0.064530104,c1,c1
7234,4,0.35744274,0.29496804,0.34758914,c234,c1
7235,4,0.1144597,0.41480997,0.4707303,c234,c5
7236,1,0.21409404,0.38748497,0.39842096,c234,c5
7237,2,0.46693954,0.2511581,0.28190243,c5,c1
7238,5,0.66743743,0.26131642,0.07124616,c1,c1
7239,3,0.33122382,0.32019168,0.34858453,c5,c5
7240,2,0.12639387,0.3670746,0.50653154,c1,c5
7241,4,0.058558993,0.20035207,0.7410889,c5,c5
7242,5,0.28964883,0.321916,0.38843518,c5,c5
7243,3,0.19202134,0.3897924,0.41818622,c1,c5
7244,4,0.05835665,0.28542396,0.65621936,c5,c5
7245,1,0.10116177,0.22155605,0.6772823,c5,c5
7246,3,0.24690257,0.49729785,0.25579956,c1,c234
7247,4,0.14538951,0.3864318,0.46817866,c234,c5
7248,4,0.27788752,0.3051066,0.41700584,c1,c5
7249,4,0.4953939,0.35651407,0.14809199,c5,c1
7250,5,0.3330987,0.5189452,0.14795607,c234,c234
7251,1,0.22827576,0.3250002,0.44672403,c5,c5
7252,5,0.12944245,0.38985527,0.4807023,c234,c5
7253,2,0.13640553,0.2921031,0.57149136,c1,c5
7254,4,0.18475345,0.3246683,0.49057823,c1,c5
7255,1,0.09405189,0.36603662,0.5399115,c5,c5
7256,5,0.67951673,0.21494474,0.10553864,c1,c1
7257,3,0.1648928,0.27918547,0.55592173,c5,c5
7258,3,0.08247503,0.20086254,0.7166624,c234,c5
7259,4,0.57870215,0.27871704,0.14258082,c5,c1
7260,2,0.46694514,0.3578445,0.17521034,c234,c1
7261,2,0.16157141,0.27048212,0.5679465,c234,c5
7262,2,0.26688087,0.4798933,0.2532258,c234,c234
7263,4,0.23730776,0.41385275,0.34883946,c234,c234
7264,2,0.64621574,0.24906233,0.10472199,c234,c1
7265,5,0.41419104,0.3614403,0.2243686,c234,c1
7266,5,0.3714673,0.4229879,0.20554477,c1,c234
7267,5,0.0955186,0.3244792,0.5800022,c5,c5
7268,2,0.14095184,0.214572,0.6444761,c234,c5
7269,1,0.3509212,0.29501647,0.35406232,c1,c5
7270,5,0.52820766,0.34797516,0.123817146,c5,c1
7271,2,0.08126349,0.16889282,0.7498437,c5,c5
7272,4,0.55869895,0.33668274,0.10461823,c234,c1
7273,3,0.5163216,0.3335302,0.15014814,c1,c1
7274,2,0.41061556,0.2944944,0.2948901,c5,c1
7275,3,0.5013394,0.30300316,0.19565742,c234,c1
7276,1,0.54124004,0.28928086,0.16947916,c1,c1
7277,1,0.3240083,0.4912872,0.18470454,c5,c234
7278,2,0.1085349,0.29781467,0.5936504,c5,c5
7279,2,0.30846786,0.44432086,0.24721125,c5,c234
7280,5,0.22200319,0.32046968,0.4575272,c5,c5
7281,2,0.113396496,0.32461777,0.56198573,c234,c5
7282,3,0.29246485,0.30734354,0.40019152,c234,c5
7283,1,0.22186308,0.40252754,0.37560934,c234,c234
7284,3,0.5492703,0.3185998,0.13212995,c234,c1
7285,4,0.21521547,0.32064077,0.46414378,c5,c5
7286,5,0.22322598,0.30148545,0.47528848,c5,c5
7287,2,0.32476985,0.24558349,0.4296466,c234,c5
7288,3,0.18070301,0.30852804,0.51076895,c234,c5
7289,1,0.52897143,0.35239244,0.11863617,c234,c1
7290,3,0.26332295,0.512049,0.22462802,c5,c234
7291,1,0.28206426,0.5136284,0.20430729,c234,c234
7292,2,0.45798415,0.41781455,0.12420122,c1,c1
7293,4,0.04861191,0.16452979,0.7868584,c5,c5
7294,3,0.4628275,0.28688544,0.25028703,c234,c1
7295,1,0.120716885,0.32570815,0.553575,c5,c5
7296,3,0.3435128,0.30237287,0.35411435,c5,c5
7297,2,0.34579352,0.47973523,0.17447121,c1,c234
7298,3,0.1069286,0.28163335,0.61143804,c5,c5
7299,3,0.33694094,0.40501687,0.2580422,c1,c234
7300,1,0.2338511,0.38513193,0.38101694,c234,c234
7301,3,0.19913869,0.37587452,0.4249868,c1,c5
7302,2,0.47257447,0.3121716,0.21525393,c5,c1
7303,4,0.49440527,0.34811243,0.15748224,c1,c1
7304,1,0.29720822,0.4854292,0.21736255,c234,c234
7305,1,0.5330205,0.31925386,0.14772564,c234,c1
7306,4,0.13711128,0.27996373,0.58292496,c5,c5
7307,5,0.47647408,0.2636162,0.2599097,c1,c1
7308,2,0.44555035,0.27279204,0.2816576,c5,c1
7309,4,0.14824888,0.31185704,0.5398941,c5,c5
7310,2,0.1132042,0.42597842,0.46081743,c5,c5
7311,1,0.08040976,0.37702125,0.542569,c1,c5
7312,1,0.22555718,0.43668768,0.33775517,c5,c234
7313,5,0.16510989,0.35525885,0.47963122,c1,c5
7314,4,0.09141352,0.2728104,0.63577604,c234,c5
7315,4,0.6841053,0.2395141,0.07638062,c1,c1
7316,5,0.10231082,0.25672317,0.64096594,c234,c5
7317,4,0.41702747,0.40866205,0.17431042,c1,c1
7318,3,0.23308356,0.37552527,0.39139122,c234,c5
7319,3,0.2227578,0.37437207,0.40287018,c5,c5
7320,4,0.35169658,0.2883106,0.35999286,c1,c5
7321,3,0.1529755,0.49792707,0.34909746,c1,c234
7322,4,0.24008691,0.29247782,0.46743524,c1,c5
7323,3,0.4524545,0.31772035,0.22982518,c5,c1
7324,2,0.3155286,0.4385931,0.24587832,c234,c234
7325,2,0.5902289,0.3036384,0.1061327,c234,c1
7326,3,0.21649675,0.45597982,0.32752338,c234,c234
7327,2,0.28239357,0.45823017,0.25937626,c234,c234
7328,5,0.13596268,0.2546948,0.60934246,c234,c5
7329,4,0.51675147,0.35897154,0.12427703,c1,c1
7330,4,0.19234426,0.36000496,0.44765076,c5,c5
7331,5,0.1813487,0.28171962,0.5369317,c1,c5
7332,2,0.25553042,0.32868883,0.41578066,c234,c5
7333,4,0.10811689,0.42407575,0.46780738,c234,c5
7334,3,0.37052372,0.37723252,0.2522438,c5,c234
7335,1,0.60623294,0.3094068,0.08436025,c1,c1
7336,4,0.105009675,0.3609255,0.5340648,c234,c5
7337,4,0.16526043,0.52828294,0.30645666,c234,c234
7338,1,0.24514686,0.37756482,0.37728837,c5,c234
7339,3,0.21088316,0.33186704,0.45724985,c234,c5
7340,3,0.3501062,0.3032322,0.34666154,c5,c1
7341,5,0.078594975,0.36698586,0.55441916,c5,c5
7342,2,0.29210094,0.37212357,0.3357755,c1,c234
7343,1,0.18302241,0.45754185,0.3594357,c5,c234
7344,2,0.32674658,0.36962017,0.30363327,c234,c234
7345,2,0.10384635,0.3029201,0.5932336,c234,c5
7346,3,0.10337115,0.2186031,0.6780258,c234,c5
7347,4,0.076084435,0.2637516,0.66016394,c5,c5
7348,4,0.08903265,0.32183447,0.58913285,c5,c5
7349,2,0.22091658,0.3838122,0.39527127,c1,c5
7350,5,0.23912436,0.4065657,0.35431,c5,c234
7351,5,0.20490322,0.50013185,0.29496497,c1,c234
7352,1,0.16658653,0.49733552,0.3360779,c234,c234
7353,3,0.33085757,0.41693613,0.25220633,c234,c234
7354,3,0.053452775,0.2779608,0.66858643,c5,c5
7355,5,0.6267542,0.27147898,0.10176675,c234,c1
7356,1,0.42641473,0.3459541,0.22763121,c5,c1
7357,3,0.17380293,0.5413968,0.28480023,c5,c234
7358,5,0.1330121,0.25643447,0.61055344,c5,c5
7359,1,0.7380815,0.19094846,0.070970014,c1,c1
7360,2,0.5567067,0.2610506,0.18224269,c1,c1
7361,5,0.2287791,0.31362143,0.45759946,c1,c5
7362,4,0.66324395,0.23927456,0.097481474,c5,c1
7363,3,0.21675003,0.4719254,0.3113245,c1,c234
7364,2,0.19389847,0.35472348,0.45137808,c5,c5
7365,2,0.13296942,0.26407835,0.6029522,c234,c5
7366,2,0.04231236,0.18989725,0.76779044,c5,c5
7367,3,0.12507838,0.32841316,0.5465085,c1,c5
7368,4,0.09212518,0.2807679,0.62710696,c5,c5
7369,1,0.082872294,0.29756156,0.61956614,c5,c5
7370,5,0.13557522,0.28180522,0.5826196,c5,c5
7371,3,0.27595395,0.3523693,0.37167674,c234,c5
7372,1,0.15619354,0.39982912,0.4439774,c5,c5
7373,1,0.54249984,0.33303577,0.12446441,c234,c1
7374,5,0.100075044,0.307201,0.59272397,c5,c5
7375,4,0.562669,0.32664314,0.11068794,c234,c1
7376,3,0.23553246,0.3659595,0.39850804,c1,c5
7377,2,0.20308469,0.23659103,0.56032425,c234,c5
7378,3,0.5862681,0.31835282,0.09537908,c1,c1
7379,1,0.762502,0.18788843,0.04960955,c1,c1
7380,3,0.62306166,0.26128897,0.11564943,c1,c1
7381,5,0.25944787,0.49919924,0.2413528,c1,c234
7382,5,0.5044775,0.35218206,0.14334044,c234,c1
7383,5,0.2160526,0.38666287,0.39728457,c5,c5
7384,2,0.12286197,0.28755188,0.58958614,c234,c5
7385,4,0.09358414,0.25776404,0.64865184,c5,c5
7386,5,0.5049285,0.28571343,0.20935804,c5,c1
7387,4,0.34068295,0.41866374,0.24065326,c1,c234
7388,1,0.2946133,0.41311967,0.29226702,c234,c234
7389,1,0.106276155,0.38893187,0.504792,c234,c5
7390,1,0.3434025,0.31800273,0.33859476,c1,c1
7391,1,0.5034012,0.29723766,0.19936115,c1,c1
7392,2,0.5786383,0.2920608,0.12930094,c1,c1
7393,3,0.51638633,0.2725154,0.2110983,c234,c1
7394,3,0.20715927,0.39600906,0.39683172,c5,c5
7395,1,0.762502,0.18788843,0.04960955,c1,c1
7396,3,0.5838848,0.32005107,0.09606414,c234,c1
7397,5,0.22324438,0.47999227,0.29676336,c234,c234
7398,5,0.13769092,0.21085253,0.65145653,c1,c5
7399,3,0.23808093,0.35544392,0.40647516,c234,c5
7400,4,0.5181306,0.3682178,0.11365158,c1,c1
7401,3,0.077771604,0.17419456,0.7480339,c5,c5
7402,2,0.64678794,0.25957733,0.093634725,c5,c1
7403,2,0.41496062,0.4352999,0.14973943,c234,c234
7404,4,0.20355201,0.3426377,0.45381033,c1,c5
7405,3,0.5430978,0.3165349,0.14036724,c234,c1
7406,4,0.19816287,0.42757607,0.37426105,c5,c234
7407,1,0.2068447,0.38738135,0.405774,c5,c5
7408,5,0.3958354,0.43283385,0.1713308,c1,c234
7409,2,0.1546762,0.32308197,0.5222418,c1,c5
7410,4,0.1943932,0.40683523,0.39877155,c1,c234
7411,2,0.56182086,0.3393502,0.098828904,c1,c1
7412,1,0.07661605,0.24017905,0.68320495,c1,c5
7413,5,0.1220448,0.3226461,0.5553091,c5,c5
7414,5,0.087901644,0.24131577,0.6707826,c5,c5
7415,3,0.22161448,0.32355118,0.4548344,c1,c5
7416,3,0.3104255,0.3862011,0.30337337,c234,c234
7417,1,0.16560481,0.25227073,0.58212453,c1,c5
7418,3,0.13203984,0.3002564,0.5677038,c5,c5
7419,2,0.68722194,0.24519737,0.067580625,c5,c1
7420,2,0.5770378,0.32802457,0.094937645,c1,c1
7421,1,0.12849511,0.25005037,0.62145454,c5,c5
7422,2,0.29370004,0.29503858,0.41126135,c234,c5
7423,4,0.5808384,0.3175843,0.10157732,c1,c1
7424,4,0.29986253,0.41325465,0.2868828,c1,c234
7425,2,0.48640507,0.37389696,0.13969803,c234,c1
7426,4,0.4273509,0.39441565,0.17823337,c1,c1
7427,1,0.14850661,0.45056066,0.4009327,c234,c234
7428,2,0.20946996,0.39000607,0.400524,c5,c5
7429,3,0.1346917,0.38239172,0.4829166,c5,c5
7430,5,0.047373883,0.22020747,0.73241866,c5,c5
7431,3,0.25609577,0.42992803,0.31397626,c234,c234
7432,3,0.15706472,0.4332463,0.40968895,c5,c234
7433,3,0.62890047,0.2968269,0.07427263,c1,c1
7434,3,0.5253579,0.32918224,0.14545985,c1,c1
7435,5,0.50758874,0.36569172,0.12671953,c234,c1
7436,2,0.67390144,0.2394963,0.08660228,c1,c1
7437,1,0.5766501,0.26829815,0.15505177,c5,c1
7438,5,0.20155954,0.4493682,0.3490723,c5,c234
7439,5,0.34549534,0.51751155,0.13699307,c234,c234
7440,4,0.5883741,0.2975644,0.11406151,c1,c1
7441,4,0.053317804,0.14303462,0.80364764,c5,c5
7442,5,0.09976774,0.34132168,0.55891055,c5,c5
7443,3,0.3756127,0.33908936,0.28529796,c1,c1
7444,5,0.2881243,0.47951546,0.23236021,c234,c234
7445,1,0.563662,0.33011833,0.10621969,c234,c1
7446,3,0.30114853,0.38442332,0.31442815,c234,c234
7447,2,0.06157034,0.16529457,0.77313507,c1,c5
7448,2,0.060513936,0.22635116,0.7131349,c5,c5
7449,2,0.2406191,0.50069803,0.25868285,c5,c234
7450,3,0.66836584,0.25609443,0.07553981,c1,c1
7451,2,0.25794235,0.3188542,0.42320353,c5,c5
7452,4,0.2375242,0.37956256,0.38291326,c1,c5
7453,3,0.44630462,0.42234644,0.13134891,c234,c1
7454,2,0.14589384,0.30511925,0.54898685,c1,c5
7455,5,0.6481299,0.24580725,0.10606292,c1,c1
7456,5,0.32774815,0.42491496,0.2473369,c5,c234
7457,3,0.19110908,0.3219479,0.486943,c5,c5
7458,1,0.40811974,0.3667976,0.22508268,c5,c1
7459,4,0.23164396,0.46304697,0.30530906,c5,c234
7460,4,0.19307488,0.46113163,0.34579352,c1,c234
7461,2,0.29142216,0.4471613,0.26141655,c234,c234
7462,3,0.5510807,0.33917958,0.10973975,c5,c1
7463,2,0.6713322,0.26121604,0.06745175,c5,c1
7464,4,0.14984699,0.30656654,0.5435865,c234,c5
7465,5,0.23032542,0.3913665,0.37830812,c1,c234
7466,4,0.58512646,0.3101709,0.1047027,c1,c1
7467,1,0.1657448,0.4615633,0.37269187,c5,c234
7468,2,0.16336964,0.2857094,0.550921,c1,c5
7469,3,0.22037679,0.29544732,0.48417586,c234,c5
7470,4,0.09517811,0.26071832,0.6441035,c5,c5
7471,2,0.15871876,0.3407994,0.50048184,c234,c5
7472,4,0.41269413,0.4015624,0.18574353,c1,c1
7473,1,0.4355946,0.3970009,0.1674045,c1,c1
7474,4,0.6391414,0.2799967,0.080861904,c1,c1
7475,1,0.5272949,0.361962,0.1107431,c234,c1
7476,5,0.18647811,0.4977029,0.315819,c1,c234
7477,3,0.47894815,0.28083822,0.24021368,c1,c1
7478,3,0.59827983,0.26881132,0.13290893,c5,c1
7479,4,0.27857393,0.4479399,0.2734861,c5,c234
7480,2,0.37236205,0.3668689,0.260769,c234,c1
7481,1,0.0629045,0.3005405,0.63655496,c234,c5
7482,4,0.07505712,0.34824887,0.576694,c234,c5
7483,5,0.45461595,0.41870958,0.12667452,c5,c1
7484,4,0.10250402,0.3291146,0.56838137,c1,c5
7485,2,0.10540488,0.17849176,0.71610343,c5,c5
7486,5,0.42110026,0.3877464,0.19115336,c1,c1
7487,5,0.0956116,0.3328223,0.5715661,c234,c5
7488,4,0.41269413,0.4015624,0.18574353,c1,c1
7489,1,0.096974425,0.2438755,0.65915,c234,c5
7490,1,0.519246,0.38347602,0.09727801,c234,c1
7491,3,0.0890566,0.37202448,0.5389189,c234,c5
7492,5,0.12535667,0.24143969,0.6332036,c234,c5
7493,4,0.31229252,0.39311567,0.2945918,c1,c234
7494,1,0.42052898,0.36408195,0.21538909,c5,c1
7495,5,0.28003317,0.44591716,0.2740496,c1,c234
7496,4,0.1409597,0.30829796,0.55074227,c1,c5
7497,5,0.17264985,0.3052001,0.52215004,c1,c5
7498,2,0.3954384,0.30551285,0.29904875,c1,c1
7499,1,0.20438348,0.29990983,0.49570668,c234,c5
7500,3,0.4738168,0.4033029,0.12288038,c1,c1
7501,5,0.40489078,0.3887148,0.20639448,c234,c1
7502,1,0.28843093,0.47057605,0.24099305,c234,c234
7503,2,0.13495947,0.40399808,0.4610425,c5,c5
7504,4,0.503172,0.34692407,0.14990392,c1,c1
7505,1,0.66732925,0.2587429,0.07392775,c234,c1
7506,1,0.19547755,0.3966146,0.4079078,c1,c5
7507,3,0.2616113,0.30107373,0.43731502,c5,c5
7508,3,0.28035662,0.48761645,0.23202692,c5,c234
7509,4,0.24475218,0.3070536,0.4481942,c234,c5
7510,4,0.1491561,0.4122356,0.4386083,c234,c5
7511,3,0.17843829,0.2780711,0.5434906,c1,c5
7512,2,0.25168994,0.40342867,0.34488136,c5,c234
7513,4,0.114117645,0.2531038,0.6327786,c5,c5
7514,5,0.6235968,0.25094298,0.12546018,c234,c1
7515,5,0.29301023,0.4927105,0.21427928,c1,c234
7516,1,0.19281024,0.4508216,0.35636812,c1,c234
7517,2,0.22228147,0.24592306,0.53179544,c5,c5
7518,5,0.2891945,0.5075366,0.2032689,c5,c234
7519,1,0.70702714,0.21705718,0.07591572,c1,c1
7520,2,0.276165,0.47757828,0.24625674,c1,c234
7521,1,0.51575726,0.35935402,0.12488875,c1,c1
7522,4,0.14615881,0.28222758,0.5716136,c234,c5
7523,4,0.24964464,0.35799256,0.39236283,c1,c5
7524,1,0.16565242,0.3751765,0.45917112,c5,c5
7525,4,0.14615041,0.26268342,0.5911662,c1,c5
7526,2,0.64336747,0.27681026,0.07982223,c1,c1
7527,1,0.52501875,0.29856297,0.17641829,c234,c1
7528,5,0.13161851,0.3044201,0.56396145,c5,c5
7529,1,0.45795694,0.38980335,0.15223977,c5,c1
7530,4,0.12131959,0.39720935,0.48147112,c234,c5
7531,4,0.06610921,0.23074383,0.703147,c1,c5
7532,5,0.32864434,0.43933377,0.23202188,c5,c234
7533,3,0.5441633,0.33394226,0.121894464,c234,c1
7534,4,0.1604906,0.44345343,0.39605603,c5,c234
7535,5,0.10423367,0.34210294,0.55366343,c234,c5
7536,2,0.58621687,0.31344432,0.10033886,c1,c1
7537,4,0.08454514,0.20201486,0.71343994,c5,c5
7538,4,0.1337153,0.33974934,0.52653533,c5,c5
7539,4,0.06258371,0.31938192,0.6180343,c1,c5
7540,3,0.15601641,0.53454,0.30944356,c234,c234
7541,1,0.0899078,0.26933414,0.6407581,c5,c5
7542,2,0.46693954,0.2511581,0.28190243,c1,c1
7543,4,0.30459464,0.39697546,0.2984299,c234,c234
7544,1,0.35163757,0.3244978,0.3238646,c5,c1
7545,5,0.3960511,0.40489915,0.19904979,c234,c234
7546,4,0.68293834,0.25297776,0.06408393,c234,c1
7547,1,0.19699906,0.47954962,0.32345128,c5,c234
7548,5,0.2982589,0.44390294,0.25783816,c1,c234
7549,5,0.4279371,0.34306055,0.2290023,c5,c1
7550,5,0.11962206,0.47173038,0.4086475,c5,c234
7551,2,0.57009506,0.3529015,0.077003434,c5,c1
7552,3,0.5623125,0.3294737,0.10821375,c1,c1
7553,3,0.16921607,0.3166393,0.5141446,c234,c5
7554,4,0.5151431,0.3181851,0.16667181,c234,c1
7555,4,0.48165503,0.28645313,0.23189186,c234,c1
7556,5,0.32486936,0.37013036,0.3050003,c5,c234
7557,3,0.21868788,0.41641754,0.36489454,c5,c234
7558,4,0.42233098,0.27062145,0.30704755,c234,c1
7559,2,0.26553643,0.38597608,0.34848756,c234,c234
7560,4,0.1728058,0.3487791,0.47841516,c234,c5
7561,4,0.1576214,0.34389877,0.49847984,c1,c5
7562,5,0.16400577,0.5307112,0.30528307,c5,c234
7563,5,0.12301323,0.30371824,0.5732686,c5,c5
7564,2,0.48170945,0.34977165,0.16851895,c5,c1
7565,1,0.20188624,0.34070593,0.45740783,c234,c5
7566,3,0.11284659,0.33143175,0.55572164,c5,c5
7567,4,0.23260142,0.55397755,0.21342102,c1,c234
7568,3,0.43316984,0.32295245,0.24387774,c234,c1
7569,3,0.27042565,0.32485446,0.40471995,c1,c5
7570,4,0.65058565,0.28193918,0.06747517,c1,c1
7571,3,0.3051613,0.32030597,0.37453276,c5,c5
7572,4,0.13111503,0.3073551,0.5615299,c234,c5
7573,5,0.12166971,0.44591933,0.43241093,c1,c234
7574,2,0.13609192,0.27304035,0.59086776,c5,c5
7575,3,0.24291977,0.40800762,0.3490726,c234,c234
7576,3,0.41578496,0.29562858,0.28858653,c1,c1
7577,5,0.15718572,0.31892234,0.5238919,c234,c5
7578,1,0.5007624,0.3644921,0.13474548,c1,c1
7579,4,0.25521445,0.31006783,0.4347177,c234,c5
7580,2,0.21094115,0.2981268,0.49093205,c234,c5
7581,3,0.32713667,0.30812055,0.36474273,c234,c5
7582,1,0.44261876,0.42847747,0.12890378,c234,c1
7583,4,0.083983704,0.27638227,0.6396341,c234,c5
7584,5,0.5765315,0.32777676,0.0956917,c234,c1
7585,1,0.1553374,0.5021703,0.34249222,c5,c234
7586,1,0.20638452,0.45398816,0.33962736,c5,c234
7587,5,0.33501717,0.2909703,0.37401253,c1,c5
7588,1,0.21583235,0.42662206,0.35754555,c5,c234
7589,5,0.17747001,0.26114157,0.56138843,c234,c5
7590,5,0.56009835,0.24905844,0.19084321,c234,c1
7591,3,0.13515629,0.30161947,0.56322426,c5,c5
7592,4,0.16956294,0.2699642,0.56047285,c5,c5
7593,1,0.0769038,0.27191642,0.65117973,c5,c5
7594,2,0.364986,0.44371012,0.19130383,c234,c234
7595,5,0.043125123,0.18269743,0.77417743,c5,c5
7596,1,0.37463123,0.40744096,0.21792777,c5,c234
7597,2,0.6408562,0.2836069,0.075536914,c1,c1
7598,5,0.24293928,0.37950072,0.37756,c5,c234
7599,4,0.50452006,0.34220982,0.15327005,c5,c1
7600,4,0.4260972,0.35606098,0.21784179,c5,c1
7601,2,0.33608463,0.4685479,0.19536752,c5,c234
7602,5,0.3726106,0.40033883,0.22705053,c234,c234
7603,5,0.11049775,0.298828,0.5906742,c5,c5
7604,3,0.576604,0.3259475,0.09744847,c1,c1
7605,3,0.088848874,0.20681949,0.70433164,c5,c5
7606,4,0.46124864,0.3719834,0.16676794,c1,c1
7607,4,0.60819787,0.30418292,0.087619215,c1,c1
7608,5,0.09647727,0.35880676,0.54471594,c1,c5
7609,5,0.0338351,0.13998604,0.8261788,c5,c5
7610,2,0.46693954,0.2511581,0.28190243,c1,c1
7611,1,0.10855134,0.25787053,0.6335782,c5,c5
7612,1,0.37453684,0.3718377,0.25362545,c1,c1
7613,5,0.16303857,0.4160287,0.4209327,c1,c5
7614,4,0.094205506,0.27600798,0.62978655,c5,c5
7615,4,0.06960043,0.2274601,0.70293945,c234,c5
7616,4,0.06575761,0.2854986,0.6487438,c234,c5
7617,4,0.062273666,0.2074283,0.73029804,c1,c5
7618,3,0.094445094,0.28668103,0.61887383,c5,c5
7619,4,0.4814191,0.32586625,0.19271469,c5,c1
7620,1,0.37478504,0.49366903,0.13154587,c5,c234
7621,4,0.16063964,0.41880924,0.4205511,c5,c5
7622,2,0.51393384,0.35766858,0.1283976,c1,c1
7623,4,0.3383693,0.338855,0.32277572,c234,c234
7624,4,0.069152206,0.20319381,0.727654,c5,c5
7625,5,0.40737364,0.41277987,0.17984654,c234,c234
7626,2,0.5357874,0.34378344,0.12042916,c234,c1
7627,3,0.61851287,0.27817369,0.103313416,c234,c1
7628,3,0.35564235,0.495451,0.14890672,c5,c234
7629,3,0.3682669,0.37693036,0.25480267,c234,c234
7630,1,0.098609634,0.28571984,0.6156705,c5,c5
7631,5,0.35286555,0.37025163,0.27688283,c5,c234
7632,3,0.078581505,0.31468984,0.6067287,c234,c5
7633,4,0.37143537,0.29173878,0.33682585,c5,c1
7634,4,0.38723704,0.39535695,0.21740599,c5,c234
7635,2,0.64001936,0.27611026,0.08387033,c1,c1
7636,5,0.6248987,0.21802528,0.15707606,c1,c1
7637,4,0.18341383,0.313123,0.5034632,c234,c5
7638,5,0.55670124,0.35750794,0.08579078,c1,c1
7639,5,0.3325598,0.25434515,0.413095,c1,c5
7640,5,0.30925184,0.49072647,0.20002171,c5,c234
7641,4,0.57132435,0.29579377,0.13288194,c234,c1
7642,1,0.07971808,0.3041764,0.61610556,c5,c5
7643,2,0.07534277,0.43932152,0.48533574,c234,c5
7644,1,0.3702852,0.30463016,0.32508463,c1,c1
7645,1,0.28848246,0.51868886,0.1928287,c5,c234
7646,2,0.6581108,0.25084487,0.091044284,c5,c1
7647,5,0.43945536,0.2879469,0.27259773,c234,c1
7648,3,0.56186324,0.32221797,0.11591873,c234,c1
7649,1,0.10049201,0.37064847,0.5288595,c5,c5
7650,4,0.37713107,0.4396747,0.1831942,c234,c234
7651,3,0.47424448,0.30119067,0.22456482,c1,c1
7652,1,0.4572203,0.3099945,0.23278528,c234,c1
7653,1,0.17993428,0.42734084,0.39272484,c234,c234
7654,4,0.5612137,0.29730436,0.14148194,c234,c1
7655,5,0.27657902,0.31174052,0.41168043,c5,c5
7656,5,0.37265,0.33797887,0.2893711,c1,c1
7657,4,0.4015737,0.35527548,0.24315089,c1,c1
7658,1,0.21413073,0.3691727,0.41669655,c1,c5
7659,1,0.23453705,0.3568414,0.40862155,c5,c5
7660,5,0.55738336,0.29700136,0.14561528,c1,c1
7661,3,0.11227536,0.36679107,0.5209335,c5,c5
7662,5,0.110902965,0.31841102,0.57068604,c5,c5
7663,5,0.35277635,0.33963463,0.30758902,c234,c1
7664,2,0.4181331,0.37376124,0.20810564,c234,c1
7665,1,0.068795145,0.3108125,0.6203923,c1,c5
7666,3,0.12843476,0.34103447,0.5305308,c234,c5
7667,2,0.5711196,0.30530673,0.123573616,c1,c1
7668,1,0.5184077,0.3872754,0.09431691,c5,c1
7669,5,0.6106475,0.27269453,0.11665797,c1,c1
7670,3,0.55057967,0.3431536,0.10626672,c1,c1
7671,1,0.11098007,0.296057,0.592963,c234,c5
7672,3,0.41752663,0.42234516,0.16012813,c1,c234
7673,1,0.043859705,0.21430962,0.7418307,c5,c5
7674,3,0.43846685,0.44201368,0.119519494,c1,c234
7675,2,0.1600457,0.3864688,0.4534855,c5,c5
7676,1,0.563662,0.33011833,0.10621969,c234,c1
7677,5,0.8103732,0.14986737,0.039759405,c1,c1
7678,4,0.09245875,0.28061742,0.62692386,c234,c5
7679,2,0.5196699,0.37503597,0.10529419,c1,c1
7680,1,0.16060044,0.4485495,0.39084998,c5,c234
7681,5,0.5336995,0.35344347,0.11285705,c1,c1
7682,4,0.37862858,0.3757738,0.24559759,c234,c1
7683,3,0.16890554,0.37027714,0.46081734,c5,c5
7684,2,0.34772244,0.33220944,0.32006818,c234,c1
7685,5,0.5795465,0.30510145,0.11535198,c1,c1
7686,3,0.12443319,0.29963142,0.57593536,c5,c5
7687,2,0.15420885,0.40282932,0.44296187,c1,c5
7688,2,0.38570032,0.37258077,0.24171892,c5,c1
7689,2,0.46693954,0.2511581,0.28190243,c234,c1
7690,5,0.18187447,0.40776446,0.41036105,c5,c5
7691,1,0.054804027,0.22821252,0.71698344,c5,c5
7692,1,0.35695815,0.4641426,0.17889923,c234,c234
7693,5,0.49424168,0.36621478,0.13954347,c234,c1
7694,2,0.6899093,0.24810575,0.06198498,c1,c1
7695,4,0.055270404,0.18249004,0.76223963,c5,c5
7696,2,0.1530377,0.42441162,0.42255065,c5,c234
7697,5,0.31704217,0.4025194,0.28043842,c234,c234
7698,2,0.46420327,0.38655654,0.14924017,c1,c1
7699,1,0.25825056,0.46734604,0.2744034,c234,c234
7700,5,0.35888574,0.41570535,0.22540891,c1,c234
7701,5,0.69139314,0.19003431,0.118572555,c1,c1
7702,1,0.16535707,0.44057807,0.39406484,c234,c234
7703,1,0.26928616,0.41509765,0.31561622,c5,c234
7704,2,0.15513678,0.35519835,0.48966488,c234,c5
7705,4,0.06478256,0.18654467,0.7486728,c5,c5
7706,4,0.2889789,0.3154789,0.39554223,c1,c5
7707,3,0.11295745,0.27907795,0.6079646,c1,c5
7708,2,0.19951342,0.43855232,0.36193424,c234,c234
7709,5,0.124539316,0.47764114,0.39781952,c1,c234
7710,4,0.1661934,0.34414306,0.48966357,c234,c5
7711,3,0.11829161,0.29774833,0.58396006,c5,c5
7712,3,0.5838848,0.32005107,0.09606414,c1,c1
7713,3,0.14512089,0.3250847,0.5297944,c234,c5
7714,3,0.39035478,0.44787183,0.1617734,c5,c234
7715,3,0.23210438,0.32894185,0.4389538,c5,c5
7716,3,0.45872235,0.41675472,0.124522954,c5,c1
7717,5,0.6588564,0.23033649,0.11080709,c1,c1
7718,3,0.58613706,0.28863984,0.12522306,c1,c1
7719,3,0.64184016,0.29504198,0.06311783,c1,c1
7720,4,0.37207884,0.29277977,0.3351414,c5,c1
7721,5,0.17307606,0.42617673,0.40074718,c5,c234
7722,2,0.10923833,0.40547347,0.48528817,c234,c5
7723,2,0.39795777,0.43240115,0.16964105,c5,c234
7724,5,0.22397967,0.48784494,0.2881754,c1,c234
7725,4,0.38725078,0.3628128,0.24993636,c5,c1
7726,4,0.08847625,0.23404476,0.677479,c234,c5
7727,4,0.45931864,0.33289072,0.20779069,c5,c1
7728,2,0.18863347,0.4341117,0.37725487,c5,c234
7729,4,0.13930424,0.257356,0.6033398,c1,c5
7730,5,0.34676728,0.5133653,0.1398674,c1,c234
7731,2,0.41061556,0.2944944,0.2948901,c1,c1
7732,1,0.12559226,0.31728438,0.55712336,c1,c5
7733,2,0.055230882,0.2646523,0.6801168,c234,c5
7734,5,0.1493454,0.43098626,0.4196684,c1,c234
7735,5,0.53975093,0.33513898,0.12511005,c234,c1
7736,4,0.37143537,0.29173878,0.33682585,c1,c1
7737,4,0.68293834,0.25297776,0.06408393,c234,c1
7738,2,0.136697,0.33569542,0.52760756,c1,c5
7739,2,0.27761117,0.48338687,0.23900193,c1,c234
7740,5,0.15299983,0.5242047,0.32279548,c234,c234
7741,5,0.36908045,0.36692417,0.2639954,c5,c1
7742,1,0.28018036,0.50222677,0.21759291,c1,c234
7743,5,0.11689183,0.291508,0.5916002,c5,c5
7744,2,0.53876626,0.3128243,0.14840947,c234,c1
7745,2,0.4383207,0.4011959,0.16048333,c234,c1
7746,2,0.41318867,0.4284436,0.15836775,c5,c234
7747,3,0.13597102,0.40179336,0.46223554,c1,c5
7748,1,0.11721208,0.298764,0.58402395,c5,c5
7749,1,0.06603988,0.29938594,0.6345742,c5,c5
7750,2,0.388525,0.41322947,0.19824547,c1,c234
7751,2,0.6150819,0.29209995,0.09281815,c1,c1
7752,3,0.508037,0.33120194,0.1607611,c234,c1
7753,4,0.17140907,0.300227,0.52836394,c234,c5
7754,3,0.16432469,0.26240584,0.5732695,c1,c5
7755,1,0.035044074,0.20536625,0.7595897,c5,c5
7756,2,0.07468337,0.37293783,0.5523787,c234,c5
7757,4,0.23546526,0.43499428,0.3295405,c1,c234
7758,5,0.48965266,0.3049801,0.20536725,c5,c1
7759,5,0.1168875,0.2533808,0.6297317,c5,c5
7760,5,0.099598475,0.2368336,0.6635679,c5,c5
7761,5,0.36864525,0.45322004,0.17813466,c1,c234
7762,5,0.07860261,0.20978737,0.71161,c234,c5
7763,1,0.13037735,0.24458253,0.6250401,c234,c5
7764,3,0.17751117,0.52390426,0.29858455,c234,c234
7765,5,0.060085475,0.2747297,0.66518486,c5,c5
7766,3,0.5128552,0.31115732,0.17598757,c1,c1
7767,1,0.1604321,0.29457593,0.54499197,c5,c5
7768,4,0.6051654,0.29880252,0.096032,c1,c1
7769,1,0.06298395,0.2162029,0.72081316,c5,c5
7770,2,0.16289525,0.39181623,0.44528857,c234,c5
7771,4,0.45585147,0.36410254,0.18004593,c1,c1
7772,4,0.2686363,0.42082238,0.31054127,c234,c234
7773,1,0.49239728,0.30680194,0.20080078,c1,c1
7774,4,0.12752722,0.2890935,0.58337927,c234,c5
7775,3,0.5703989,0.28913468,0.14046647,c234,c1
7776,1,0.3470514,0.32543814,0.32751048,c5,c1
7777,5,0.42315835,0.39404196,0.1827997,c1,c1
7778,3,0.11440532,0.26833215,0.61726254,c234,c5
7779,1,0.055500124,0.27755097,0.6669489,c5,c5
7780,4,0.47868118,0.3750796,0.14623922,c234,c1
7781,4,0.37517038,0.3014027,0.32342693,c1,c1
7782,1,0.2022918,0.30153352,0.4961747,c5,c5
7783,3,0.14965238,0.30560833,0.5447393,c5,c5
7784,3,0.3274752,0.4218907,0.25063416,c1,c234
7785,5,0.66743743,0.26131642,0.07124616,c1,c1
7786,5,0.07766071,0.23822106,0.6841182,c234,c5
7787,3,0.35624295,0.460879,0.18287799,c5,c234
7788,5,0.049980145,0.21628383,0.733736,c234,c5
7789,5,0.30094555,0.4134818,0.28557262,c1,c234
7790,1,0.295118,0.4320757,0.2728063,c5,c234
7791,3,0.06378897,0.19251306,0.74369794,c5,c5
7792,1,0.105626896,0.24225506,0.652118,c5,c5
7793,4,0.12297006,0.32429945,0.5527305,c5,c5
7794,1,0.7245113,0.20717093,0.068317726,c1,c1
7795,4,0.11473843,0.24997208,0.6352895,c5,c5
7796,4,0.27297392,0.46993256,0.2570935,c234,c234
7797,4,0.6151932,0.30060917,0.08419763,c234,c1
7798,4,0.516333,0.3278008,0.15586619,c5,c1
7799,5,0.36915725,0.43822452,0.19261819,c234,c234
7800,2,0.19179976,0.5048318,0.30336842,c234,c234
7801,4,0.27564555,0.36359197,0.36076248,c1,c234
7802,1,0.40068752,0.36273748,0.23657502,c1,c1
7803,4,0.7204722,0.21688025,0.062647514,c1,c1
7804,1,0.11814577,0.3296536,0.5522006,c5,c5
7805,1,0.57263446,0.29293758,0.13442801,c234,c1
7806,3,0.5499429,0.31121328,0.13884382,c1,c1
7807,4,0.17897731,0.38873345,0.43228927,c234,c5
7808,3,0.40895358,0.4245183,0.1665281,c1,c234
7809,2,0.16256967,0.26205495,0.5753754,c5,c5
7810,1,0.11185771,0.25720394,0.63093835,c1,c5
7811,2,0.39563084,0.38448974,0.21987939,c5,c1
7812,3,0.27472764,0.4643704,0.2609019,c234,c234
7813,1,0.2030644,0.32744047,0.46949512,c1,c5
7814,3,0.2977867,0.43949208,0.26272115,c5,c234
7815,2,0.04267382,0.14818911,0.80913717,c5,c5
7816,1,0.22585215,0.44154975,0.33259815,c5,c234
7817,3,0.073361024,0.20429453,0.72234446,c5,c5
7818,2,0.20722952,0.23493652,0.55783397,c1,c5
7819,4,0.14083509,0.48134947,0.3778155,c234,c234
7820,4,0.78451955,0.16276665,0.052713744,c1,c1
7821,2,0.043298103,0.21356347,0.74313843,c5,c5
7822,3,0.4818907,0.39163095,0.12647831,c234,c1
7823,2,0.29851753,0.31744072,0.38404176,c5,c5
7824,5,0.618535,0.29585397,0.085611075,c234,c1
7825,2,0.24265864,0.4703706,0.28697073,c1,c234
7826,3,0.6388994,0.25756425,0.103536345,c1,c1
7827,1,0.18057953,0.44530484,0.3741156,c234,c234
7828,5,0.16588825,0.546589,0.28752276,c234,c234
7829,5,0.63984835,0.23335576,0.12679592,c234,c1
7830,2,0.11272889,0.32995632,0.5573148,c5,c5
7831,3,0.1941822,0.30398858,0.5018292,c5,c5
7832,3,0.13277642,0.35299358,0.51422995,c1,c5
7833,1,0.32510313,0.42514813,0.24974869,c5,c234
7834,1,0.32190344,0.4334593,0.24463724,c234,c234
7835,1,0.6679117,0.24196066,0.0901276,c234,c1
7836,2,0.22449121,0.2642087,0.5113001,c234,c5
7837,2,0.07501665,0.22084986,0.70413345,c5,c5
7838,4,0.5659698,0.3407314,0.093298726,c5,c1
7839,3,0.6554119,0.2824532,0.06213484,c234,c1
7840,2,0.10491073,0.17990275,0.71518654,c5,c5
7841,5,0.16161844,0.48854882,0.3498327,c1,c234
7842,4,0.23618732,0.321532,0.44228065,c234,c5
7843,5,0.45344797,0.29262513,0.25392693,c234,c1
7844,1,0.5561002,0.34698057,0.096919246,c1,c1
7845,3,0.1257255,0.2061256,0.66814893,c5,c5
7846,3,0.31407502,0.32836023,0.3575647,c234,c5
7847,3,0.2464434,0.39933407,0.3542225,c234,c234
7848,2,0.2777764,0.31533876,0.40688488,c234,c5
7849,4,0.15944256,0.27168486,0.5688726,c5,c5
7850,1,0.121718585,0.27239513,0.6058862,c234,c5
7851,5,0.66743743,0.26131642,0.07124616,c5,c1
7852,3,0.4252297,0.44200706,0.13276319,c1,c234
7853,4,0.6449916,0.26432967,0.09067877,c5,c1
7854,4,0.42233098,0.27062145,0.30704755,c1,c1
7855,3,0.37178946,0.36067387,0.26753667,c234,c1
7856,1,0.4232987,0.40673465,0.16996668,c1,c1
7857,4,0.088513434,0.23504518,0.6764414,c5,c5
7858,4,0.37143537,0.29173878,0.33682585,c234,c1
7859,4,0.5710696,0.28774834,0.14118205,c1,c1
7860,5,0.22654277,0.4331686,0.34028858,c5,c234
7861,1,0.09128913,0.27534798,0.6333629,c1,c5
7862,5,0.33165985,0.3219073,0.34643283,c5,c5
7863,4,0.36758858,0.33697355,0.29543784,c234,c1
7864,3,0.35495615,0.29595312,0.3490907,c5,c1
7865,3,0.24723381,0.2927296,0.46003664,c5,c5
7866,2,0.25027713,0.49007866,0.25964415,c1,c234
7867,2,0.7429044,0.20549282,0.05160276,c234,c1
7868,2,0.22391891,0.32568085,0.45040023,c1,c5
7869,5,0.17004387,0.39286214,0.43709397,c5,c5
7870,4,0.42778617,0.37375996,0.19845395,c5,c1
7871,5,0.15369023,0.46731317,0.37899652,c234,c234
7872,4,0.33152193,0.37573236,0.2927457,c1,c234
7873,3,0.3204455,0.2599406,0.4196139,c234,c5
7874,5,0.49266425,0.3414252,0.16591059,c1,c1
7875,4,0.28786784,0.5040534,0.20807877,c1,c234
7876,1,0.29405633,0.4444045,0.2615391,c234,c234
7877,4,0.19689448,0.28826886,0.5148366,c234,c5
7878,4,0.16202281,0.45373908,0.38423812,c5,c234
7879,3,0.19597855,0.29507083,0.5089506,c234,c5
7880,1,0.56972444,0.2770859,0.15318958,c5,c1
7881,5,0.37750998,0.4695894,0.15290067,c1,c234
7882,2,0.34156036,0.4707688,0.18767081,c234,c234
7883,4,0.42321324,0.4023567,0.17443003,c234,c1
7884,4,0.45082843,0.30519477,0.24397682,c5,c1
7885,3,0.31407502,0.32836023,0.3575647,c5,c5
7886,1,0.32393196,0.37623525,0.2998328,c1,c234
7887,1,0.762502,0.18788843,0.04960955,c1,c1
7888,5,0.52177554,0.3017364,0.17648803,c5,c1
7889,4,0.6174464,0.289515,0.09303858,c234,c1
7890,1,0.09078378,0.26536667,0.64384955,c5,c5
7891,2,0.27372855,0.46517345,0.26109797,c5,c234
7892,1,0.06313249,0.33436316,0.6025044,c5,c5
7893,1,0.62523794,0.31240007,0.062362023,c1,c1
7894,4,0.43921703,0.40363905,0.15714386,c1,c1
7895,2,0.31137264,0.4459765,0.24265085,c1,c234
7896,3,0.36857885,0.4057694,0.22565179,c234,c234
7897,3,0.17472309,0.28997484,0.5353021,c234,c5
7898,4,0.40185958,0.41451475,0.18362571,c1,c234
7899,5,0.13428861,0.43179893,0.4339125,c234,c5
7900,2,0.2709284,0.46663895,0.26243263,c1,c234
7901,2,0.30718514,0.46673197,0.22608286,c234,c234
7902,2,0.5239999,0.38001186,0.09598826,c5,c1
7903,1,0.19555919,0.5180046,0.28643623,c1,c234
7904,1,0.21061377,0.2744366,0.51494956,c5,c5
7905,3,0.15962368,0.3744125,0.46596387,c1,c5
7906,1,0.037791304,0.120364696,0.84184396,c5,c5
7907,2,0.15046364,0.30782822,0.5417082,c5,c5
7908,1,0.705532,0.21134837,0.083119586,c1,c1
7909,4,0.6836755,0.25179434,0.064530104,c234,c1
7910,5,0.37026393,0.40774894,0.22198713,c5,c234
7911,1,0.62928987,0.27902848,0.09168167,c1,c1
7912,2,0.4070312,0.36561838,0.22735038,c5,c1
7913,1,0.14760461,0.44673207,0.40566328,c234,c234
7914,3,0.7297529,0.18244988,0.087797254,c1,c1
7915,2,0.2752173,0.33376327,0.3910194,c5,c5
7916,2,0.27972698,0.31199133,0.40828168,c5,c5
7917,5,0.31689775,0.39234486,0.29075736,c5,c234
7918,5,0.07956757,0.3185609,0.60187155,c5,c5
7919,2,0.58359754,0.2783263,0.13807616,c234,c1
7920,4,0.5874491,0.25124395,0.16130696,c1,c1
7921,3,0.06653436,0.29601032,0.63745534,c5,c5
7922,1,0.7292024,0.18137994,0.08941768,c5,c1
7923,5,0.67563975,0.2368536,0.087506644,c234,c1
7924,1,0.4128983,0.3833748,0.20372692,c1,c1
7925,4,0.0961046,0.31976473,0.58413064,c5,c5
7926,2,0.54593134,0.35048464,0.10358409,c1,c1
7927,1,0.19804007,0.3583854,0.44357452,c1,c5
7928,2,0.1139364,0.28086162,0.605202,c5,c5
7929,2,0.1565861,0.48279035,0.3606235,c1,c234
7930,1,0.11191132,0.37564486,0.51244384,c5,c5
7931,3,0.18070301,0.30852804,0.51076895,c1,c5
7932,5,0.1738844,0.3468251,0.4792905,c5,c5
7933,2,0.20044006,0.32733816,0.47222182,c234,c5
7934,1,0.12258556,0.26332703,0.61408746,c234,c5
7935,2,0.39961952,0.40854728,0.1918332,c5,c234
7936,1,0.346019,0.31486169,0.33911934,c234,c1
7937,1,0.80399555,0.15073471,0.04526982,c5,c1
7938,3,0.55709517,0.34447563,0.098429225,c1,c1
7939,3,0.74681693,0.19109736,0.062085684,c1,c1
7940,2,0.34352633,0.38841197,0.26806164,c1,c234
7941,2,0.5397295,0.33034056,0.12992999,c234,c1
7942,1,0.11350024,0.2794792,0.60702056,c5,c5
7943,4,0.5689331,0.3111698,0.119897105,c1,c1
7944,5,0.08376342,0.17943934,0.7367973,c234,c5
7945,2,0.5094881,0.2711161,0.21939577,c5,c1
7946,4,0.40826172,0.44620368,0.14553465,c234,c234
7947,4,0.68975425,0.22938074,0.080864966,c234,c1
7948,5,0.45006382,0.30826858,0.24166761,c5,c1
7949,5,0.15685976,0.315977,0.52716327,c234,c5
7950,4,0.20021245,0.36280355,0.436984,c1,c5
7951,1,0.13301948,0.44671524,0.4202653,c1,c234
7952,5,0.19314294,0.320584,0.48627305,c234,c5
7953,2,0.3221806,0.35037538,0.32744402,c5,c234
7954,3,0.62935346,0.22765867,0.14298783,c1,c1
7955,5,0.11732992,0.3563201,0.5263499,c234,c5
7956,3,0.44370404,0.3222519,0.23404405,c234,c1
7957,3,0.40218288,0.28915155,0.3086656,c234,c1
7958,4,0.04516698,0.20493552,0.74989754,c5,c5
7959,1,0.54358304,0.3314602,0.12495675,c234,c1
7960,5,0.6382611,0.25339508,0.10834384,c234,c1
7961,1,0.056831248,0.37974516,0.5634235,c5,c5
7962,5,0.1842612,0.5389358,0.27680302,c5,c234
7963,1,0.6363528,0.26696053,0.09668668,c5,c1
7964,5,0.4329717,0.33245754,0.23457074,c234,c1
7965,1,0.06387095,0.3187894,0.6173397,c5,c5
7966,2,0.2328885,0.2463098,0.52080166,c5,c5
7967,2,0.4334837,0.4042979,0.16221848,c1,c1
7968,5,0.29173684,0.40238762,0.3058755,c5,c234
7969,2,0.072928645,0.19051816,0.7365532,c5,c5
7970,1,0.2867934,0.40657204,0.30663455,c5,c234
7971,3,0.16398005,0.40377903,0.4322409,c234,c5
7972,3,0.35694164,0.46616518,0.17689316,c5,c234
7973,2,0.34788102,0.40644112,0.24567783,c5,c234
7974,5,0.28964883,0.321916,0.38843518,c1,c5
7975,3,0.22619559,0.40928745,0.3645169,c5,c234
7976,1,0.5729161,0.33101222,0.0960717,c234,c1
7977,5,0.3377427,0.46673918,0.19551818,c234,c234
7978,2,0.16748033,0.43717718,0.39534253,c5,c234
7979,5,0.4223749,0.33158657,0.24603851,c234,c1
7980,3,0.13071929,0.27999476,0.58928597,c1,c5
7981,3,0.5954823,0.30264267,0.10187501,c234,c1
7982,5,0.35534182,0.45371306,0.1909452,c234,c234
7983,2,0.35071328,0.38415018,0.26513654,c234,c234
7984,1,0.39354342,0.43024883,0.17620772,c234,c234
7985,4,0.2945305,0.30840907,0.39706048,c5,c5
7986,5,0.47701618,0.3705947,0.15238911,c234,c1
7987,4,0.110010624,0.2606204,0.62936896,c1,c5
7988,3,0.2128399,0.46014252,0.32701764,c5,c234
7989,2,0.26140004,0.5007958,0.23780414,c234,c234
7990,2,0.48158324,0.2551744,0.26324236,c1,c1
7991,1,0.28591448,0.5005719,0.21351358,c234,c234
7992,5,0.54691666,0.26481086,0.18827246,c1,c1
7993,1,0.33598816,0.31870967,0.3453021,c1,c5
7994,2,0.5867077,0.3299982,0.08329415,c234,c1
7995,4,0.5633341,0.3080511,0.12861483,c234,c1
7996,1,0.41541803,0.35578158,0.22880034,c234,c1
7997,4,0.07355026,0.20506543,0.72138435,c5,c5
7998,2,0.46122554,0.35292232,0.18585218,c1,c1
7999,1,0.10612292,0.38932043,0.5045566,c5,c5
8000,1,0.59757954,0.2945981,0.10782236,c1,c1
8001,2,0.27406347,0.39696306,0.32897344,c1,c234
8002,1,0.28896797,0.44576305,0.26526904,c5,c234
8003,2,0.5858859,0.28851616,0.12559795,c234,c1
8004,5,0.22867478,0.4208027,0.3505225,c1,c234
8005,4,0.27851468,0.4734515,0.2480338,c5,c234
8006,5,0.53391457,0.31266758,0.1534179,c234,c1
8007,4,0.6741352,0.2591815,0.06668327,c1,c1
8008,4,0.118245326,0.3633331,0.5184216,c234,c5
8009,5,0.11449673,0.27732494,0.6081783,c234,c5
8010,5,0.18220739,0.41433662,0.403456,c5,c234
8011,5,0.15790841,0.30841577,0.53367585,c1,c5
8012,5,0.046781864,0.18405719,0.769161,c5,c5
8013,2,0.4556815,0.282387,0.26193154,c1,c1
8014,2,0.19591534,0.4029748,0.40110987,c234,c234
8015,1,0.15437196,0.4902339,0.35539412,c234,c234
8016,1,0.09726148,0.34820583,0.5545327,c5,c5
8017,1,0.12167953,0.4881149,0.39020565,c234,c234
8018,3,0.67305183,0.2677052,0.059242934,c234,c1
8019,3,0.24890591,0.45691478,0.29417926,c234,c234
8020,3,0.35582787,0.3795173,0.26465484,c1,c234
8021,5,0.13666083,0.28895804,0.5743812,c234,c5
8022,3,0.21373472,0.38977343,0.39649183,c5,c5
8023,5,0.13211212,0.25849724,0.6093906,c1,c5
8024,5,0.32393295,0.4995172,0.17654979,c1,c234
8025,3,0.10877602,0.39701286,0.4942111,c5,c5
8026,2,0.46361238,0.25911236,0.27727526,c1,c1
8027,3,0.34586594,0.36831844,0.2858156,c234,c234
8028,3,0.37767115,0.2810728,0.34125602,c1,c1
8029,1,0.32373992,0.4918099,0.18445018,c234,c234
8030,2,0.10902419,0.4333096,0.45766616,c5,c5
8031,2,0.5322354,0.35411268,0.11365193,c1,c1
8032,3,0.102383085,0.37231383,0.52530307,c1,c5
8033,2,0.5218208,0.32735533,0.15082395,c1,c1
8034,2,0.33941746,0.2839403,0.37664223,c234,c5
8035,5,0.26960218,0.42086557,0.3095323,c5,c234
8036,5,0.28386328,0.36785683,0.34827986,c5,c234
8037,1,0.70282435,0.23869015,0.058485497,c234,c1
8038,5,0.4258078,0.37476626,0.19942598,c1,c1
8039,5,0.052402385,0.23750356,0.71009403,c5,c5
8040,1,0.3764307,0.2889896,0.3345797,c5,c1
8041,5,0.19046979,0.4736091,0.33592114,c234,c234
8042,3,0.65607363,0.26701003,0.07691634,c234,c1
8043,4,0.23195909,0.45582005,0.3122208,c5,c234
8044,4,0.636083,0.2982353,0.06568176,c234,c1
8045,4,0.7515053,0.19437385,0.054120816,c1,c1
8046,4,0.42233098,0.27062145,0.30704755,c5,c1
8047,4,0.33920792,0.3272301,0.33356196,c5,c1
8048,5,0.46636137,0.35783365,0.17580491,c1,c1
8049,5,0.057106398,0.22790968,0.7149838,c5,c5
8050,2,0.46741083,0.33798108,0.19460812,c1,c1
8051,3,0.3435128,0.30237287,0.35411435,c1,c5
8052,4,0.08651801,0.2932589,0.6202231,c1,c5
8053,4,0.06724514,0.27770454,0.6550503,c5,c5
8054,1,0.11447655,0.39116514,0.4943583,c234,c5
8055,2,0.64191395,0.25858217,0.09950387,c1,c1
8056,1,0.346019,0.31486169,0.33911934,c5,c1
8057,1,0.563662,0.33011833,0.10621969,c234,c1
8058,5,0.48155448,0.33360374,0.18484172,c1,c1
8059,5,0.09362851,0.39074138,0.5156301,c234,c5
8060,3,0.31274724,0.37303224,0.31422052,c5,c234
8061,2,0.1939519,0.27521574,0.5308323,c5,c5
8062,1,0.15337151,0.49654186,0.35008657,c234,c234
8063,5,0.11790699,0.3376947,0.54439837,c5,c5
8064,5,0.16779387,0.5606154,0.27159068,c5,c234
8065,3,0.21489601,0.3608509,0.42425305,c5,c5
8066,4,0.25899237,0.33166093,0.40934664,c234,c5
8067,1,0.67746085,0.2369129,0.08562629,c1,c1
8068,5,0.3385834,0.35604727,0.30536935,c5,c234
8069,4,0.1493378,0.202285,0.6483772,c234,c5
8070,5,0.26082316,0.37274644,0.36643037,c234,c234
8071,3,0.117598794,0.28693238,0.5954689,c234,c5
8072,1,0.09537985,0.43674597,0.4678742,c234,c5
8073,2,0.731353,0.20826115,0.0603859,c1,c1
8074,2,0.05222503,0.2296414,0.7181336,c234,c5
8075,4,0.060007818,0.1633174,0.7766748,c5,c5
8076,2,0.35285506,0.41467515,0.23246975,c234,c234
8077,4,0.30226812,0.3675543,0.3301776,c1,c234
8078,2,0.11272875,0.24643274,0.6408385,c1,c5
8079,5,0.41310787,0.4198183,0.16707376,c1,c234
8080,2,0.668352,0.22728431,0.10436365,c5,c1
8081,3,0.22100484,0.26839495,0.5106002,c234,c5
8082,3,0.10433465,0.4120475,0.4836178,c5,c5
8083,5,0.17610876,0.33058456,0.49330667,c1,c5
8084,1,0.2137608,0.44999766,0.3362416,c5,c234
8085,1,0.15627994,0.33454028,0.50917983,c234,c5
8086,3,0.31653818,0.36304572,0.32041606,c1,c234
8087,1,0.13264386,0.53470266,0.3326535,c1,c234
8088,3,0.21089819,0.33504546,0.45405632,c5,c5
8089,3,0.08108085,0.28241327,0.63650584,c5,c5
8090,3,0.34051767,0.4535144,0.20596793,c1,c234
8091,1,0.39355585,0.41128662,0.19515751,c234,c234
8092,3,0.28270397,0.42589393,0.29140216,c1,c234
8093,3,0.49049085,0.27034622,0.2391629,c5,c1
8094,4,0.46529758,0.41831377,0.11638864,c234,c1
8095,2,0.079186216,0.22121069,0.69960314,c234,c5
8096,5,0.32174256,0.2900167,0.38824072,c5,c5
8097,1,0.09872312,0.39227292,0.509004,c5,c5
8098,5,0.24992757,0.3308578,0.41921464,c234,c5
8099,4,0.6330125,0.27755725,0.089430235,c5,c1
8100,5,0.16992544,0.33027002,0.4998046,c1,c5
8101,3,0.3289268,0.3141109,0.35696226,c5,c5
8102,3,0.24041113,0.37868178,0.38090712,c5,c5
8103,2,0.5973827,0.26873612,0.13388117,c1,c1
8104,3,0.3677188,0.43444377,0.19783741,c1,c234
8105,1,0.05414811,0.24706894,0.698783,c5,c5
8106,1,0.13180918,0.30064803,0.5675428,c1,c5
8107,5,0.108368814,0.3927361,0.49889505,c234,c5
8108,5,0.15595089,0.33095506,0.51309407,c1,c5
8109,4,0.06398913,0.25074488,0.68526596,c5,c5
8110,2,0.29163843,0.30442435,0.40393722,c234,c5
8111,1,0.2075911,0.46576244,0.32664645,c234,c234
8112,4,0.1444924,0.35216367,0.50334394,c1,c5
8113,5,0.1472739,0.28484982,0.5678763,c5,c5
8114,5,0.12820947,0.46464005,0.40715054,c234,c234
8115,3,0.047557864,0.22716302,0.7252791,c234,c5
8116,1,0.04921969,0.22182947,0.7289508,c5,c5
8117,4,0.21017547,0.37458685,0.41523767,c5,c5
8118,5,0.30536032,0.41679257,0.27784714,c5,c234
8119,3,0.16015016,0.37564737,0.46420243,c5,c5
8120,1,0.61106604,0.29210758,0.09682641,c1,c1
8121,1,0.33598816,0.31870967,0.3453021,c234,c5
8122,3,0.15598702,0.26924187,0.57477117,c234,c5
8123,3,0.15407,0.38685945,0.4590706,c5,c5
8124,1,0.09519442,0.44754314,0.45726237,c234,c5
8125,1,0.14714792,0.38476008,0.46809202,c5,c5
8126,3,0.34875572,0.3908502,0.26039416,c234,c234
8127,5,0.39577046,0.26946405,0.33476546,c234,c1
8128,1,0.10712089,0.28895402,0.60392505,c234,c5
8129,3,0.7011089,0.22556989,0.07332127,c234,c1
8130,4,0.09973576,0.22135115,0.67891306,c5,c5
8131,5,0.694164,0.20524459,0.10059148,c5,c1
8132,5,0.34388745,0.38678464,0.2693279,c234,c234
8133,5,0.07127563,0.2745648,0.6541596,c234,c5
8134,2,0.2167051,0.4121386,0.37115633,c234,c234
8135,2,0.510877,0.39748305,0.09163994,c1,c1
8136,3,0.27875045,0.30356112,0.41768846,c1,c5
8137,5,0.22882907,0.35131606,0.4198548,c234,c5
8138,3,0.09157302,0.30573025,0.6026967,c5,c5
8139,4,0.057725072,0.16462418,0.7776507,c5,c5
8140,5,0.09703075,0.2504833,0.652486,c5,c5
8141,5,0.28824612,0.4007767,0.31097716,c1,c234
8142,3,0.4750469,0.41545752,0.10949558,c1,c1
8143,4,0.48324126,0.37282777,0.14393105,c234,c1
8144,1,0.15052205,0.26295188,0.5865261,c5,c5
8145,5,0.2775123,0.36014143,0.36234626,c1,c5
8146,1,0.06245325,0.32500237,0.6125444,c5,c5
8147,4,0.41269413,0.4015624,0.18574353,c1,c1
8148,4,0.039330833,0.11065671,0.8500125,c5,c5
8149,3,0.3863268,0.34408885,0.26958436,c234,c1
8150,1,0.37462085,0.46332967,0.16204947,c234,c234
8151,4,0.35284382,0.3231658,0.32399035,c1,c1
8152,4,0.49299142,0.3010471,0.20596147,c1,c1
8153,2,0.2949562,0.47280818,0.23223557,c234,c234
8154,2,0.2031767,0.24681921,0.55000407,c5,c5
8155,4,0.5718943,0.2922689,0.1358368,c234,c1
8156,3,0.1508383,0.50978136,0.33938038,c5,c234
8157,5,0.13988504,0.40546316,0.45465183,c234,c5
8158,1,0.53477544,0.3117842,0.15344031,c1,c1
8159,3,0.4180715,0.38228825,0.1996402,c5,c1
8160,5,0.025621423,0.082585916,0.8917926,c5,c5
8161,1,0.1974361,0.2980238,0.5045401,c5,c5
8162,1,0.6025721,0.24874836,0.14867954,c1,c1
8163,4,0.06847776,0.20885104,0.72267115,c5,c5
8164,2,0.3658564,0.28756738,0.34657618,c5,c1
8165,5,0.18172795,0.33051604,0.48775604,c5,c5
8166,1,0.21728164,0.3055758,0.4771426,c234,c5
8167,2,0.54898995,0.34390578,0.107104264,c1,c1
8168,4,0.2095508,0.44546404,0.3449851,c234,c234
8169,5,0.21389244,0.57851726,0.20759025,c1,c234
8170,5,0.37587464,0.4201895,0.20393583,c5,c234
8171,4,0.41269413,0.4015624,0.18574353,c1,c1
8172,1,0.08120923,0.37826806,0.54052275,c5,c5
8173,5,0.29940033,0.32845587,0.3721438,c234,c5
8174,5,0.6761636,0.23330538,0.09053104,c1,c1
8175,2,0.5678542,0.29916507,0.13298078,c1,c1
8176,4,0.4068033,0.36385578,0.22934093,c1,c1
8177,3,0.28012708,0.46986964,0.25000325,c1,c234
8178,3,0.2584275,0.30589908,0.43567345,c1,c5
8179,3,0.17925762,0.36611053,0.45463187,c234,c5
8180,5,0.1097527,0.30240873,0.5878386,c5,c5
8181,2,0.2365553,0.45319772,0.31024703,c1,c234
8182,3,0.7195532,0.19971515,0.08073163,c1,c1
8183,3,0.42645827,0.3711358,0.20240593,c5,c1
8184,4,0.3951609,0.43394634,0.17089275,c1,c234
8185,4,0.32947367,0.29591116,0.37461513,c5,c5
8186,1,0.11772986,0.32498324,0.5572869,c1,c5
8187,2,0.4684175,0.3312467,0.20033577,c5,c1
8188,4,0.82141864,0.13474926,0.043832205,c1,c1
8189,4,0.63481206,0.2696261,0.09556191,c234,c1
8190,2,0.36263388,0.43074355,0.20662257,c234,c234
8191,1,0.20458758,0.26836783,0.52704465,c234,c5
8192,4,0.5887606,0.29056954,0.120669894,c234,c1
8193,2,0.5378835,0.35283875,0.10927767,c1,c1
8194,1,0.4962102,0.3505581,0.15323165,c5,c1
8195,1,0.1189438,0.2389933,0.6420629,c5,c5
8196,2,0.32491696,0.45843014,0.21665284,c234,c234
8197,1,0.24774888,0.3024295,0.4498217,c234,c5
8198,3,0.2078118,0.3786023,0.4135859,c1,c5
8199,3,0.47434315,0.37989128,0.14576553,c1,c1
8200,1,0.5985795,0.30536085,0.096059665,c5,c1
8201,3,0.3698371,0.33700782,0.2931551,c5,c1
8202,3,0.22508755,0.36131716,0.41359526,c1,c5
8203,1,0.34370905,0.34141958,0.3148714,c234,c1
8204,5,0.2669797,0.42119887,0.31182143,c5,c234
8205,3,0.6547099,0.24390176,0.10138832,c1,c1
8206,5,0.47520858,0.33170855,0.1930828,c1,c1
8207,2,0.2432251,0.37164444,0.38513047,c1,c5
8208,3,0.3789922,0.43557882,0.18542896,c1,c234
8209,2,0.64632356,0.25774965,0.0959268,c234,c1
8210,1,0.1738811,0.4725424,0.3535765,c234,c234
8211,4,0.11056165,0.30815336,0.581285,c234,c5
8212,4,0.1922638,0.4613295,0.3464067,c1,c234
8213,4,0.2510668,0.25266555,0.49626774,c234,c5
8214,4,0.4178147,0.38721818,0.19496715,c234,c1
8215,2,0.16690195,0.2529658,0.58013225,c234,c5
8216,2,0.67779773,0.24845915,0.07374309,c1,c1
8217,5,0.17004512,0.52943265,0.30052224,c5,c234
8218,1,0.08830134,0.21511698,0.69658166,c5,c5
8219,1,0.19279253,0.35377827,0.45342925,c1,c5
8220,3,0.09993544,0.24329251,0.656772,c5,c5
8221,5,0.08277041,0.31482226,0.60240734,c5,c5
8222,5,0.20542967,0.2741967,0.52037364,c234,c5
8223,3,0.3451986,0.4450057,0.20979567,c234,c234
8224,5,0.3385834,0.35604727,0.30536935,c234,c234
8225,5,0.14805451,0.30985546,0.54209006,c1,c5
8226,3,0.3397269,0.40431076,0.25596237,c234,c234
8227,4,0.3688528,0.30461845,0.32652876,c234,c1
8228,2,0.6409823,0.28342906,0.07558868,c1,c1
8229,5,0.3965951,0.3404703,0.26293454,c5,c1
8230,5,0.36576137,0.3454093,0.2888294,c5,c1
8231,1,0.24941678,0.42303106,0.32755214,c5,c234
8232,2,0.456619,0.342138,0.20124306,c5,c1
8233,3,0.15678914,0.36144394,0.48176694,c234,c5
8234,5,0.19142479,0.34925884,0.4593163,c234,c5
8235,1,0.06162958,0.2219502,0.7164203,c234,c5
8236,2,0.11621446,0.2889709,0.59481466,c1,c5
8237,2,0.31955442,0.28773463,0.39271092,c5,c5
8238,4,0.4827177,0.2845382,0.23274416,c1,c1
8239,2,0.07227863,0.21603452,0.7116868,c5,c5
8240,2,0.12428063,0.27376667,0.60195273,c1,c5
8241,2,0.17372943,0.38940817,0.43686238,c5,c5
8242,5,0.3142109,0.41930896,0.2664802,c234,c234
8243,2,0.3593403,0.28057286,0.3600868,c1,c5
8244,3,0.21307127,0.42301926,0.36390945,c234,c234
8245,2,0.10569385,0.39423728,0.5000689,c5,c5
8246,1,0.09866352,0.23070538,0.67063105,c5,c5
8247,2,0.58618057,0.31609768,0.097721726,c234,c1
8248,4,0.056496374,0.19785482,0.74564874,c234,c5
8249,3,0.10437241,0.27986112,0.61576647,c234,c5
8250,3,0.3215146,0.47665644,0.20182905,c234,c234
8251,3,0.41919214,0.42610544,0.1547024,c1,c234
8252,2,0.27954265,0.50096136,0.21949595,c234,c234
8253,1,0.563662,0.33011833,0.10621969,c5,c1
8254,5,0.17345506,0.2995206,0.5270243,c234,c5
8255,3,0.15474433,0.44700298,0.3982527,c1,c234
8256,1,0.10175203,0.2749412,0.62330675,c234,c5
8257,2,0.31045845,0.43094996,0.25859156,c234,c234
8258,3,0.2364781,0.34035578,0.42316616,c234,c5
8259,2,0.37351626,0.43201888,0.19446486,c1,c234
8260,3,0.25892055,0.46878734,0.27229208,c1,c234
8261,1,0.18553041,0.4679061,0.34656352,c5,c234
8262,1,0.40846604,0.31579226,0.27574167,c1,c1
8263,2,0.09562328,0.39867666,0.50570005,c234,c5
8264,2,0.12428349,0.43336862,0.44234782,c234,c5
8265,4,0.16146365,0.42085475,0.41768157,c234,c234
8266,2,0.12236984,0.27087694,0.60675323,c5,c5
8267,5,0.21133238,0.3807166,0.407951,c1,c5
8268,1,0.41883954,0.47961608,0.10154436,c1,c234
8269,4,0.13848738,0.41913837,0.44237423,c5,c5
8270,1,0.5268588,0.3437765,0.12936473,c5,c1
8271,5,0.15344088,0.28254846,0.5640107,c1,c5
8272,2,0.17372943,0.38940817,0.43686238,c1,c5
8273,4,0.25418288,0.30946076,0.43635637,c234,c5
8274,1,0.23561172,0.43846455,0.3259237,c234,c234
8275,3,0.4248966,0.41586533,0.15923809,c1,c1
8276,4,0.68293834,0.25297776,0.06408393,c1,c1
8277,3,0.4750469,0.41545752,0.10949558,c1,c1
8278,1,0.21334717,0.3569405,0.42971236,c1,c5
8279,4,0.107956745,0.31070986,0.5813334,c1,c5
8280,2,0.39451438,0.42865974,0.17682587,c234,c234
8281,5,0.1318677,0.3491257,0.51900655,c5,c5
8282,1,0.25821233,0.2814182,0.46036944,c1,c5
8283,1,0.23024689,0.37737215,0.39238098,c5,c5
8284,1,0.33391237,0.29629982,0.3697878,c5,c5
8285,5,0.262353,0.33953074,0.3981163,c234,c5
8286,2,0.31534347,0.2656431,0.41901347,c5,c5
8287,2,0.42099145,0.40600184,0.1730067,c234,c1
8288,5,0.6591954,0.21639997,0.124404654,c234,c1
8289,3,0.13806254,0.37246326,0.4894742,c5,c5
8290,2,0.12679927,0.35070285,0.5224979,c5,c5
8291,5,0.3697752,0.3261674,0.30405742,c234,c1
8292,3,0.19553062,0.4112187,0.39325073,c234,c234
8293,4,0.06344229,0.1947314,0.7418263,c234,c5
8294,2,0.25627118,0.38758394,0.3561449,c234,c234
8295,2,0.21094115,0.2981268,0.49093205,c1,c5
8296,4,0.22798276,0.3043412,0.46767604,c5,c5
8297,2,0.30832624,0.4403246,0.2513492,c1,c234
8298,4,0.68293834,0.25297776,0.06408393,c1,c1
8299,3,0.666772,0.23445933,0.09876865,c1,c1
8300,5,0.13019508,0.5054652,0.3643397,c234,c234
8301,2,0.2860816,0.48192486,0.23199345,c234,c234
8302,5,0.78235215,0.16125053,0.056397352,c234,c1
8303,1,0.1141325,0.35735062,0.52851695,c234,c5
8304,5,0.0797677,0.2958669,0.62436545,c234,c5
8305,2,0.35089716,0.45871884,0.19038399,c234,c234
8306,3,0.6267865,0.2929408,0.08027275,c1,c1
8307,4,0.5688927,0.2750482,0.15605912,c234,c1
8308,1,0.6187301,0.28771868,0.09355122,c5,c1
8309,2,0.22330257,0.31112438,0.465573,c5,c5
8310,5,0.24055378,0.42920005,0.33024612,c5,c234
8311,3,0.25293568,0.44207737,0.30498698,c1,c234
8312,5,0.55682516,0.33379686,0.10937802,c5,c1
8313,2,0.27878183,0.4074116,0.31380653,c234,c234
8314,3,0.2682813,0.43968326,0.29203537,c1,c234
8315,3,0.5915837,0.29887742,0.109538905,c1,c1
8316,3,0.6924141,0.2200696,0.08751628,c234,c1
8317,5,0.48004165,0.39151174,0.12844664,c234,c1
8318,2,0.17087121,0.34932333,0.47980547,c1,c5
8319,2,0.42922172,0.42598546,0.1447928,c234,c1
8320,2,0.06260835,0.14311963,0.79427207,c5,c5
8321,1,0.25520068,0.30012235,0.44467697,c5,c5
8322,5,0.66743743,0.26131642,0.07124616,c1,c1
8323,2,0.42466408,0.336101,0.23923492,c5,c1
8324,4,0.26663122,0.43299657,0.3003722,c5,c234
8325,2,0.25614643,0.306642,0.43721157,c1,c5
8326,4,0.18626612,0.39683637,0.4168975,c1,c5
8327,3,0.091641,0.27657804,0.631781,c1,c5
8328,4,0.6666153,0.27311122,0.060273517,c234,c1
8329,3,0.31794652,0.2986498,0.38340372,c1,c5
8330,2,0.3685752,0.31760564,0.3138192,c5,c1
8331,3,0.20457947,0.4309852,0.36443534,c5,c234
8332,3,0.13672815,0.37567973,0.48759207,c1,c5
8333,1,0.14780612,0.44756043,0.40463343,c5,c234
8334,2,0.58322257,0.32063466,0.0961428,c5,c1
8335,3,0.17763403,0.5638311,0.25853488,c5,c234
8336,4,0.20883882,0.44146466,0.34969652,c234,c234
8337,5,0.685867,0.21327724,0.100855775,c1,c1
8338,2,0.67526406,0.25054756,0.07418839,c5,c1
8339,5,0.22075076,0.55496734,0.22428185,c234,c234
8340,4,0.42987737,0.38085026,0.18927243,c1,c1
8341,4,0.18288259,0.28715333,0.529964,c5,c5
8342,2,0.46694514,0.3578445,0.17521034,c234,c1
8343,5,0.100950606,0.36647782,0.53257155,c5,c5
8344,3,0.18698162,0.562877,0.25014132,c1,c234
8345,2,0.34336138,0.35543036,0.3012083,c5,c234
8346,2,0.3206559,0.5171056,0.1622385,c1,c234
8347,4,0.41912487,0.35477433,0.22610089,c1,c1
8348,3,0.21259694,0.4586085,0.3287946,c234,c234
8349,2,0.6215315,0.25944102,0.11902749,c1,c1
8350,4,0.4975669,0.34674338,0.15568969,c1,c1
8351,3,0.25727475,0.25211388,0.4906114,c1,c5
8352,4,0.6375892,0.27645883,0.08595191,c1,c1
8353,4,0.5353311,0.31499317,0.14967576,c5,c1
8354,3,0.56671274,0.31848937,0.11479787,c234,c1
8355,1,0.14998308,0.36194924,0.48806772,c5,c5
8356,1,0.24908417,0.30649567,0.44442016,c5,c5
8357,5,0.6916513,0.22578314,0.08256564,c5,c1
8358,4,0.55440706,0.3490631,0.09652985,c234,c1
8359,4,0.07912436,0.22793609,0.6929395,c5,c5
8360,1,0.5596188,0.32421872,0.1161625,c1,c1
8361,5,0.44480652,0.3533775,0.20181598,c234,c1
8362,3,0.13973233,0.33137617,0.52889156,c234,c5
8363,2,0.26834267,0.43222633,0.29943097,c234,c234
8364,4,0.1330561,0.43659383,0.43035007,c5,c234
8365,4,0.5373601,0.34407774,0.11856222,c1,c1
8366,5,0.2577615,0.45521075,0.28702775,c1,c234
8367,4,0.19297753,0.2806591,0.5263633,c5,c5
8368,1,0.25025657,0.42176965,0.32797375,c5,c234
8369,3,0.09085091,0.31990018,0.58924896,c5,c5
8370,5,0.2814342,0.47315824,0.24540757,c5,c234
8371,5,0.2706258,0.3672023,0.36217192,c234,c234
8372,1,0.21234664,0.39599,0.39166334,c1,c234
8373,4,0.5682448,0.34571135,0.08604385,c234,c1
8374,4,0.07651803,0.21604577,0.70743626,c5,c5
8375,3,0.2951436,0.43866357,0.26619285,c234,c234
8376,5,0.18038513,0.3448272,0.47478765,c5,c5
8377,4,0.51467115,0.36759448,0.11773431,c5,c1
8378,5,0.27936473,0.3542484,0.36638686,c234,c5
8379,3,0.12864865,0.28312925,0.5882221,c5,c5
8380,4,0.31686035,0.37314197,0.30999765,c234,c234
8381,3,0.070789196,0.25495285,0.67425793,c5,c5
8382,3,0.43868086,0.28910214,0.27221698,c1,c1
8383,2,0.11991146,0.36854264,0.5115459,c5,c5
8384,4,0.5997256,0.32826167,0.07201276,c1,c1
8385,4,0.4129849,0.4101714,0.17684373,c234,c1
8386,3,0.06470016,0.2349363,0.7003636,c234,c5
8387,1,0.585782,0.2837675,0.13045059,c234,c1
8388,1,0.37725693,0.35737047,0.26537266,c1,c1
8389,3,0.34579688,0.36835733,0.2858458,c234,c234
8390,2,0.25183058,0.42431882,0.32385066,c1,c234
8391,2,0.28198877,0.48967758,0.2283336,c1,c234
8392,1,0.37553555,0.43345404,0.19101037,c5,c234
8393,3,0.36406928,0.35181296,0.2841178,c234,c1
8394,2,0.61578006,0.26105615,0.12316376,c1,c1
8395,2,0.50995904,0.35338923,0.13665175,c234,c1
8396,2,0.1787531,0.32853657,0.49271038,c5,c5
8397,5,0.5347729,0.24778342,0.21744367,c234,c1
8398,4,0.62298256,0.26087338,0.11614403,c234,c1
8399,4,0.4184662,0.39697045,0.18456332,c234,c1
8400,5,0.56224555,0.3276348,0.110119656,c1,c1
8401,2,0.15977973,0.4779467,0.36227354,c234,c234
8402,1,0.40710068,0.3517885,0.24111085,c5,c1
8403,5,0.63984835,0.23335576,0.12679592,c1,c1
8404,4,0.13075262,0.45259893,0.4166484,c234,c234
8405,2,0.20610376,0.4211459,0.37275037,c1,c234
8406,4,0.14470409,0.25814408,0.5971518,c234,c5
8407,3,0.42232072,0.31093448,0.2667448,c1,c1
8408,4,0.4099077,0.34926704,0.24082527,c5,c1
8409,2,0.3265105,0.4599199,0.21356955,c1,c234
8410,5,0.3385834,0.35604727,0.30536935,c1,c234
8411,4,0.24596684,0.406274,0.34775916,c1,c234
8412,1,0.104102075,0.32034397,0.5755539,c5,c5
8413,2,0.07584944,0.3001369,0.62401366,c234,c5
8414,1,0.24812457,0.3439091,0.40796623,c5,c5
8415,5,0.26905236,0.4892918,0.24165586,c1,c234
8416,1,0.37033132,0.39378276,0.23588592,c1,c234
8417,4,0.13829961,0.347855,0.5138454,c5,c5
8418,5,0.13514227,0.32957616,0.53528154,c5,c5
8419,3,0.23366399,0.30407247,0.4622635,c1,c5
8420,1,0.24428886,0.34274083,0.4129704,c234,c5
8421,4,0.14057873,0.41754434,0.44187692,c1,c5
8422,3,0.57691765,0.29964823,0.1234341,c1,c1
8423,2,0.47364163,0.35448146,0.171877,c1,c1
8424,5,0.07702681,0.22255822,0.700415,c234,c5
8425,2,0.24779497,0.43574396,0.31646103,c1,c234
8426,5,0.2967207,0.48611423,0.21716502,c1,c234
8427,2,0.49670526,0.36970624,0.13358854,c1,c1
8428,4,0.2633313,0.4107534,0.32591528,c234,c234
8429,3,0.55057967,0.3431536,0.10626672,c5,c1
8430,4,0.12520054,0.34484679,0.5299527,c234,c5
8431,1,0.39445248,0.36053675,0.24501081,c1,c1
8432,4,0.5971819,0.32195887,0.08085925,c5,c1
8433,2,0.22356929,0.37660834,0.39982232,c234,c5
8434,3,0.27874833,0.36611715,0.35513458,c1,c234
8435,3,0.65536135,0.24423388,0.100404814,c234,c1
8436,1,0.1458443,0.4042651,0.4498906,c234,c5
8437,5,0.13466194,0.27839053,0.58694756,c234,c5
8438,5,0.39409214,0.3938036,0.21210425,c1,c1
8439,2,0.3733224,0.4735973,0.15308033,c234,c234
8440,4,0.5777944,0.31203932,0.11016634,c5,c1
8441,4,0.09254509,0.26286522,0.6445897,c234,c5
8442,4,0.4601314,0.41215715,0.12771149,c234,c1
8443,5,0.1180129,0.42560378,0.4563833,c1,c5
8444,3,0.17236069,0.32005274,0.5075866,c5,c5
8445,1,0.6453827,0.25319868,0.101418704,c1,c1
8446,1,0.2582555,0.37067986,0.37106463,c1,c5
8447,1,0.13583615,0.31846106,0.54570276,c234,c5
8448,2,0.17891806,0.41925967,0.4018223,c5,c234
8449,3,0.078426205,0.30980325,0.6117706,c5,c5
8450,3,0.38965094,0.42700857,0.1833405,c1,c234
8451,4,0.18789025,0.32855222,0.48355758,c234,c5
8452,1,0.07842974,0.24404071,0.6775296,c5,c5
8453,2,0.64621574,0.24906233,0.10472199,c234,c1
8454,5,0.4461129,0.3458674,0.20801967,c5,c1
8455,2,0.55123156,0.29584643,0.15292205,c1,c1
8456,2,0.11628682,0.41927645,0.46443674,c5,c5
8457,3,0.09633493,0.25617436,0.6474907,c234,c5
8458,4,0.39571038,0.41298333,0.19130632,c5,c234
8459,2,0.09358783,0.19397935,0.71243274,c5,c5
8460,2,0.3080747,0.3858466,0.30607864,c234,c234
8461,1,0.5057128,0.26133746,0.23294967,c5,c1
8462,2,0.13803723,0.2558806,0.6060822,c234,c5
8463,2,0.37661552,0.41317704,0.21020745,c5,c234
8464,4,0.27314377,0.514255,0.21260127,c234,c234
8465,4,0.17528129,0.40893653,0.4157822,c234,c5
8466,1,0.36367002,0.44413877,0.19219118,c5,c234
8467,4,0.50253206,0.3389527,0.15851526,c1,c1
8468,4,0.50969464,0.37969875,0.110606596,c234,c1
8469,5,0.14760852,0.5372996,0.31509194,c234,c234
8470,2,0.3563873,0.34376088,0.29985183,c1,c1
8471,1,0.15961808,0.35681856,0.4835634,c5,c5
8472,3,0.07866532,0.3412064,0.5801283,c5,c5
8473,2,0.20533776,0.24982539,0.5448368,c1,c5
8474,4,0.11954438,0.39785206,0.48260355,c5,c5
8475,5,0.66743743,0.26131642,0.07124616,c1,c1
8476,3,0.6371008,0.22545251,0.13744673,c234,c1
8477,4,0.22278139,0.38286975,0.39434886,c5,c5
8478,3,0.24630328,0.38986173,0.36383495,c5,c234
8479,5,0.10458299,0.25508133,0.6403357,c234,c5
8480,2,0.22520193,0.37558022,0.39921784,c234,c5
8481,5,0.12103824,0.3115822,0.56737953,c5,c5
8482,4,0.60770273,0.2679274,0.124369875,c1,c1
8483,4,0.07822355,0.21152045,0.710256,c5,c5
8484,5,0.19710559,0.43965295,0.36324143,c234,c234
8485,3,0.061982006,0.2618155,0.6762025,c234,c5
8486,1,0.5149887,0.30396825,0.18104304,c1,c1
8487,2,0.16196123,0.34207764,0.4959612,c5,c5
8488,3,0.3782644,0.43887475,0.1828609,c5,c234
8489,5,0.20745844,0.50144774,0.29109383,c1,c234
8490,4,0.37651488,0.38412848,0.23935664,c234,c234
8491,5,0.17313722,0.38430932,0.44255337,c1,c5
8492,4,0.16112356,0.23509252,0.6037839,c5,c5
8493,5,0.24764372,0.32976097,0.4225953,c5,c5
8494,1,0.081246756,0.25747776,0.6612755,c234,c5
8495,2,0.12674542,0.40210828,0.4711463,c5,c5
8496,3,0.66246486,0.26510742,0.07242768,c234,c1
8497,1,0.08651062,0.32402602,0.58946335,c5,c5
8498,1,0.21558014,0.36725178,0.41716802,c1,c5
8499,5,0.15338777,0.47431678,0.37229547,c5,c234
8500,1,0.21382105,0.33141518,0.45476377,c234,c5
8501,2,0.5597051,0.30087122,0.13942368,c1,c1
8502,1,0.08275272,0.42231,0.4949373,c1,c5
8503,1,0.24777295,0.28994733,0.46227965,c234,c5
8504,2,0.17333269,0.45734024,0.36932704,c1,c234
8505,1,0.11147207,0.35124332,0.5372847,c234,c5
8506,2,0.24125727,0.4337784,0.32496434,c234,c234
8507,4,0.24462698,0.52107763,0.23429538,c5,c234
8508,5,0.47647408,0.2636162,0.2599097,c5,c1
8509,5,0.12435397,0.27039003,0.6052561,c5,c5
8510,5,0.39577046,0.26946405,0.33476546,c1,c1
8511,3,0.15008187,0.4541187,0.3957994,c1,c234
8512,2,0.041142765,0.1810325,0.77782476,c5,c5
8513,1,0.6309976,0.3037184,0.06528402,c234,c1
8514,3,0.6358977,0.24835326,0.11574903,c1,c1
8515,2,0.32253256,0.3671205,0.31034696,c5,c234
8516,1,0.6622826,0.28063357,0.05708381,c1,c1
8517,2,0.1288928,0.29906347,0.5720437,c5,c5
8518,2,0.51147795,0.36712432,0.12139772,c1,c1
8519,1,0.22400767,0.33922318,0.4367692,c5,c5
8520,2,0.17741805,0.48239002,0.34019187,c234,c234
8521,1,0.2070849,0.34739512,0.44552,c234,c5
8522,5,0.6695071,0.22965898,0.100833975,c1,c1
8523,1,0.063420996,0.3096642,0.6269148,c234,c5
8524,1,0.3499837,0.34054348,0.3094728,c1,c1
8525,1,0.27050182,0.34069547,0.38880268,c1,c5
8526,5,0.57909423,0.2505596,0.17034614,c5,c1
8527,3,0.13029966,0.33747688,0.53222346,c5,c5
8528,5,0.63984835,0.23335576,0.12679592,c234,c1
8529,1,0.3199735,0.32269967,0.35732678,c1,c5
8530,1,0.5411443,0.31469446,0.14416121,c1,c1
8531,1,0.039201636,0.15709826,0.80370015,c234,c5
8532,5,0.62686497,0.270902,0.10223301,c1,c1
8533,3,0.1398864,0.41316143,0.4469522,c234,c5
8534,1,0.42632955,0.38360825,0.1900622,c5,c1
8535,5,0.17993735,0.40767887,0.41238376,c1,c5
8536,4,0.056809418,0.19633344,0.74685717,c5,c5
8537,1,0.29692996,0.51764125,0.18542883,c5,c234
8538,4,0.062973775,0.2704908,0.6665355,c234,c5
8539,4,0.47184002,0.3511129,0.17704704,c234,c1
8540,5,0.09176491,0.34665552,0.5615795,c5,c5
8541,4,0.3307287,0.44271335,0.22655793,c1,c234
8542,1,0.32130674,0.3490334,0.3296599,c1,c234
8543,1,0.13275142,0.3036856,0.563563,c1,c5
8544,4,0.36924732,0.41147286,0.21927981,c1,c234
8545,4,0.5962358,0.27963778,0.12412638,c1,c1
8546,3,0.17766227,0.547773,0.27456474,c234,c234
8547,4,0.14817517,0.2646349,0.5871899,c5,c5
8548,2,0.25836393,0.512878,0.22875807,c5,c234
8549,1,0.12565388,0.42580873,0.44853744,c5,c5
8550,4,0.42233098,0.27062145,0.30704755,c5,c1
8551,3,0.53346986,0.3583078,0.10822233,c5,c1
8552,1,0.20653939,0.5275456,0.265915,c5,c234
8553,1,0.15885963,0.3929894,0.44815102,c5,c5
8554,2,0.06487402,0.26765093,0.66747504,c234,c5
8555,4,0.34607735,0.4308054,0.22311723,c234,c234
8556,5,0.056158155,0.19465208,0.7491897,c5,c5
8557,1,0.11154047,0.4102955,0.478164,c234,c5
8558,5,0.57272327,0.25548193,0.17179486,c1,c1
8559,2,0.29998052,0.4076044,0.29241508,c5,c234
8560,2,0.2962814,0.3031502,0.40056837,c234,c5
8561,3,0.2964208,0.29591465,0.40766454,c234,c5
8562,4,0.36728498,0.404913,0.22780204,c1,c234
8563,2,0.14085828,0.34163424,0.51750743,c5,c5
8564,2,0.46694514,0.3578445,0.17521034,c5,c1
8565,1,0.5337951,0.30906892,0.15713601,c234,c1
8566,3,0.3067558,0.5239659,0.16927826,c1,c234
8567,1,0.5738903,0.31199497,0.11411469,c234,c1
8568,2,0.11195906,0.29710498,0.5909359,c5,c5
8569,1,0.64774066,0.23078994,0.12146937,c1,c1
8570,1,0.31297806,0.39787683,0.2891451,c1,c234
8571,1,0.41067263,0.33813497,0.25119242,c234,c1
8572,2,0.2915439,0.391263,0.3171931,c1,c234
8573,3,0.06638223,0.25527805,0.6783397,c234,c5
8574,4,0.20918557,0.51672906,0.27408537,c1,c234
8575,5,0.13341469,0.48920354,0.3773817,c234,c234
8576,4,0.19802724,0.47446314,0.32750964,c234,c234
8577,2,0.15137741,0.3510619,0.49756065,c5,c5
8578,2,0.08642459,0.21903062,0.6945448,c1,c5
8579,1,0.563662,0.33011833,0.10621969,c234,c1
8580,2,0.33485976,0.40101933,0.26412094,c1,c234
8581,2,0.42246285,0.3131344,0.26440275,c5,c1
8582,1,0.28786024,0.3293995,0.3827403,c5,c5
8583,5,0.66461897,0.2632481,0.07213294,c234,c1
8584,1,0.13946776,0.4081211,0.45241112,c5,c5
8585,5,0.4102646,0.3956086,0.19412675,c5,c1
8586,4,0.27504715,0.31125104,0.41370186,c234,c5
8587,1,0.1287038,0.46257582,0.40872034,c234,c234
8588,2,0.11351832,0.26070383,0.62577784,c234,c5
8589,4,0.13064215,0.35012904,0.5192288,c234,c5
8590,5,0.17024963,0.34475434,0.48499605,c5,c5
8591,3,0.060567684,0.24151711,0.69791514,c5,c5
8592,1,0.36748308,0.33196288,0.300554,c1,c1
8593,5,0.12167703,0.29811773,0.58020526,c1,c5
8594,5,0.27434498,0.3625618,0.3630933,c234,c5
8595,5,0.2229828,0.46050072,0.31651652,c5,c234
8596,5,0.35541093,0.3927802,0.25180882,c5,c234
8597,3,0.06887188,0.26869482,0.66243327,c5,c5
8598,2,0.25931928,0.31323993,0.42744082,c5,c5
8599,3,0.07828246,0.1808053,0.7409122,c5,c5
8600,2,0.09687662,0.17708834,0.7260351,c1,c5
8601,1,0.39692548,0.45247385,0.15060075,c234,c234
8602,3,0.62323236,0.299368,0.07739962,c1,c1
8603,3,0.3228798,0.40353855,0.27358168,c5,c234
8604,2,0.10089324,0.4061169,0.49298993,c234,c5
8605,4,0.5991553,0.30506748,0.095777206,c234,c1
8606,4,0.42576334,0.34728587,0.22695081,c1,c1
8607,3,0.295146,0.44761947,0.25723457,c234,c234
8608,5,0.087502815,0.32408214,0.5884151,c5,c5
8609,5,0.39755464,0.44361252,0.15883277,c234,c234
8610,2,0.5649269,0.33113185,0.1039412,c1,c1
8611,5,0.434191,0.33138028,0.23442869,c5,c1
8612,4,0.14371915,0.37855706,0.47772384,c5,c5
8613,4,0.20139311,0.4444167,0.35419014,c234,c234
8614,5,0.37605754,0.44734323,0.17659922,c5,c234
8615,4,0.41269413,0.4015624,0.18574353,c234,c1
8616,2,0.487395,0.3827943,0.12981065,c1,c1
8617,2,0.1371698,0.24174175,0.62108845,c5,c5
8618,4,0.32302064,0.4383952,0.2385842,c234,c234
8619,1,0.37021214,0.29947773,0.33031017,c234,c1
8620,2,0.20906249,0.420466,0.37047157,c1,c234
8621,3,0.26269886,0.35393175,0.38336945,c5,c5
8622,5,0.20344652,0.44916725,0.34738627,c234,c234
8623,1,0.07114295,0.19545133,0.7334057,c5,c5
8624,1,0.63011605,0.30159578,0.06828814,c234,c1
8625,1,0.1456286,0.30878538,0.545586,c5,c5
8626,4,0.42708182,0.4175961,0.1553221,c234,c1
8627,5,0.51440686,0.3526412,0.13295189,c5,c1
8628,2,0.09396084,0.25826505,0.6477741,c5,c5
8629,4,0.09732669,0.30937907,0.5932942,c234,c5
8630,3,0.11503613,0.31038082,0.57458305,c5,c5
8631,2,0.3071267,0.46962535,0.22324792,c5,c234
8632,2,0.04809926,0.17561793,0.7762828,c5,c5
8633,2,0.27160904,0.2875529,0.44083807,c234,c5
8634,1,0.19173263,0.33672723,0.47154012,c1,c5
8635,5,0.30236965,0.46464646,0.23298386,c1,c234
8636,3,0.3154033,0.46696168,0.21763502,c1,c234
8637,3,0.04511051,0.19487767,0.76001185,c1,c5
8638,3,0.4099278,0.30612355,0.2839487,c1,c1
8639,1,0.67733216,0.23220141,0.09046637,c5,c1
8640,4,0.24452633,0.36752588,0.38794783,c1,c5
8641,5,0.47647408,0.2636162,0.2599097,c234,c1
8642,4,0.28768563,0.3914954,0.320819,c5,c234
8643,3,0.31410885,0.48035124,0.20554,c234,c234
8644,5,0.15037206,0.3836137,0.4660142,c1,c5
8645,4,0.25093073,0.3827171,0.3663521,c5,c234
8646,2,0.19118087,0.25764108,0.55117804,c234,c5
8647,4,0.825305,0.13221827,0.042476717,c1,c1
8648,5,0.3052745,0.46676826,0.22795726,c5,c234
8649,2,0.59225035,0.2933284,0.11442121,c5,c1
8650,5,0.29554513,0.40835002,0.29610485,c5,c234
8651,3,0.34611282,0.41582602,0.23806119,c1,c234
8652,5,0.41866925,0.30899718,0.27233353,c1,c1
8653,5,0.44424108,0.40163246,0.1541265,c234,c1
8654,3,0.2923455,0.37927112,0.32838336,c234,c234
8655,5,0.05285019,0.20897551,0.7381743,c5,c5
8656,5,0.66743743,0.26131642,0.07124616,c234,c1
8657,5,0.3745246,0.32151824,0.30395716,c234,c1
8658,3,0.05221059,0.19097841,0.75681096,c5,c5
8659,4,0.2862492,0.43647787,0.2772729,c1,c234
8660,1,0.3667939,0.34443954,0.28876656,c234,c1
8661,4,0.5114644,0.3132393,0.17529623,c1,c1
8662,4,0.095863044,0.35005367,0.5540833,c234,c5
8663,2,0.080149755,0.26174444,0.65810573,c5,c5
8664,1,0.039938696,0.1388478,0.8212135,c5,c5
8665,2,0.2800369,0.5109025,0.2090606,c234,c234
8666,1,0.5324285,0.2681798,0.19939163,c1,c1
8667,4,0.23788606,0.41178358,0.3503304,c5,c234
8668,5,0.11139096,0.3314173,0.5571918,c5,c5
8669,2,0.5146199,0.36049262,0.12488745,c5,c1
8670,4,0.47608218,0.33652306,0.18739478,c5,c1
8671,4,0.37365803,0.4023473,0.22399467,c234,c234
8672,1,0.15870163,0.41679814,0.42450026,c1,c5
8673,2,0.18820849,0.3695755,0.44221598,c1,c5
8674,5,0.048475496,0.19471978,0.75680476,c234,c5
8675,1,0.21840091,0.32429615,0.45730296,c1,c5
8676,2,0.3107685,0.426205,0.26302645,c234,c234
8677,5,0.48152137,0.37762764,0.14085099,c1,c1
8678,4,0.35450253,0.42443937,0.22105807,c234,c234
8679,5,0.3903922,0.32153973,0.2880681,c234,c1
8680,4,0.123751834,0.36506128,0.51118684,c234,c5
8681,2,0.22330257,0.31112438,0.465573,c234,c5
8682,5,0.15511984,0.3564626,0.48841757,c234,c5
8683,5,0.45975485,0.42354602,0.11669918,c234,c1
8684,5,0.19779058,0.52699405,0.2752154,c234,c234
8685,3,0.5682426,0.3253001,0.10645728,c1,c1
8686,2,0.11883775,0.3270818,0.5540804,c1,c5
8687,5,0.2248788,0.52528983,0.24983136,c234,c234
8688,3,0.31566575,0.43183276,0.25250152,c234,c234
8689,3,0.2862417,0.46447444,0.24928382,c234,c234
8690,2,0.09920002,0.3158348,0.58496517,c1,c5
8691,5,0.4935009,0.35264614,0.15385295,c5,c1
8692,2,0.37085924,0.45228335,0.17685746,c1,c234
8693,4,0.41269413,0.4015624,0.18574353,c5,c1
8694,1,0.2569004,0.41818842,0.32491115,c5,c234
8695,5,0.091871075,0.23127422,0.67685467,c1,c5
8696,2,0.21997759,0.34158248,0.43843997,c1,c5
8697,1,0.38200074,0.32647344,0.29152578,c1,c1
8698,1,0.09132216,0.32527047,0.58340734,c5,c5
8699,4,0.100961834,0.30946958,0.58956856,c1,c5
8700,1,0.4886925,0.41677803,0.09452943,c5,c1
8701,5,0.25724533,0.4229884,0.3197662,c234,c234
8702,2,0.4723477,0.38359433,0.1440579,c234,c1
8703,4,0.5413811,0.3201904,0.13842851,c1,c1
8704,2,0.651866,0.28384212,0.06429184,c234,c1
8705,4,0.3975667,0.46129808,0.1411352,c1,c234
8706,2,0.072498664,0.18593584,0.74156547,c234,c5
8707,4,0.33541355,0.4440254,0.2205611,c5,c234
8708,2,0.08537628,0.25896358,0.6556601,c1,c5
8709,2,0.21612856,0.49387842,0.28999302,c1,c234
8710,2,0.2266973,0.425132,0.34817067,c1,c234
8711,5,0.49682048,0.35415256,0.14902696,c234,c1
8712,1,0.08583072,0.3701109,0.5440584,c5,c5
8713,1,0.5277217,0.3180638,0.15421449,c1,c1
8714,3,0.6308404,0.24946499,0.1196946,c1,c1
8715,4,0.6914265,0.23234929,0.07622418,c5,c1
8716,4,0.4334271,0.36726153,0.19931135,c234,c1
8717,3,0.27609888,0.505782,0.21811911,c1,c234
8718,1,0.24244499,0.32519177,0.43236324,c5,c5
8719,2,0.71251774,0.22945045,0.05803187,c1,c1
8720,2,0.22379276,0.3737316,0.40247563,c5,c5
8721,1,0.5880274,0.31413424,0.09783834,c234,c1
8722,3,0.23268071,0.48577774,0.28154153,c234,c234
8723,2,0.72051936,0.2016995,0.077781074,c1,c1
8724,5,0.115676805,0.2962939,0.58802927,c5,c5
8725,3,0.07378359,0.27307054,0.65314585,c5,c5
8726,5,0.5391136,0.3023784,0.158508,c1,c1
8727,3,0.23689385,0.33665293,0.42645323,c5,c5
8728,3,0.73729336,0.18334769,0.079359,c1,c1
8729,2,0.46694514,0.3578445,0.17521034,c1,c1
8730,5,0.054653633,0.33316332,0.61218303,c1,c5
8731,5,0.10016926,0.25046125,0.64936954,c234,c5
8732,4,0.68293834,0.25297776,0.06408393,c234,c1
8733,2,0.2690347,0.35290632,0.37805903,c1,c5
8734,1,0.32560644,0.34186321,0.33253038,c5,c234
8735,2,0.40533072,0.41241798,0.18225138,c234,c234
8736,2,0.28617573,0.46354613,0.25027815,c234,c234
8737,4,0.61869323,0.30329895,0.078007795,c1,c1
8738,4,0.27368578,0.42831403,0.2980002,c5,c234
8739,3,0.086589105,0.356718,0.55669296,c5,c5
8740,4,0.6836755,0.25179434,0.064530104,c234,c1
8741,1,0.2865721,0.43009067,0.2833372,c234,c234
8742,3,0.14636865,0.27867588,0.57495546,c1,c5
8743,5,0.13152507,0.35534674,0.51312816,c1,c5
8744,3,0.6446507,0.27282903,0.08252031,c5,c1
8745,4,0.14555298,0.3386688,0.51577824,c234,c5
8746,5,0.43040085,0.39399493,0.1756042,c234,c1
8747,2,0.115612075,0.1671298,0.7172581,c5,c5
8748,2,0.6077337,0.29947597,0.09279032,c234,c1
8749,1,0.39948708,0.3455585,0.25495443,c5,c1
8750,2,0.17004871,0.30718637,0.5227649,c5,c5
8751,2,0.46694514,0.3578445,0.17521034,c234,c1
8752,3,0.28482106,0.4443281,0.2708508,c234,c234
8753,4,0.32709235,0.32787186,0.34503585,c1,c5
8754,5,0.17091087,0.28818512,0.540904,c234,c5
8755,1,0.35993323,0.4397093,0.20035747,c5,c234
8756,4,0.14089315,0.3412186,0.5178883,c1,c5
8757,2,0.40759894,0.2640667,0.32833433,c234,c1
8758,2,0.4046888,0.3987066,0.19660458,c234,c1
8759,5,0.5523842,0.33418018,0.11343568,c5,c1
8760,2,0.09476948,0.32469708,0.58053344,c234,c5
8761,3,0.3435128,0.30237287,0.35411435,c5,c5
8762,1,0.12101415,0.2617186,0.61726725,c5,c5
8763,5,0.061757278,0.2129388,0.7253039,c5,c5
8764,2,0.3098135,0.41855687,0.2716297,c5,c234
8765,2,0.29091612,0.39606076,0.31302312,c1,c234
8766,5,0.3494476,0.38496616,0.26558623,c5,c234
8767,2,0.44969553,0.39424753,0.15605699,c234,c1
8768,3,0.3984902,0.3044719,0.29703787,c234,c1
8769,1,0.3518757,0.46556243,0.18256183,c234,c234
8770,4,0.34667364,0.34694883,0.30637753,c5,c234
8771,2,0.47364163,0.35448146,0.171877,c5,c1
8772,1,0.20296055,0.3104001,0.48663938,c5,c5
8773,5,0.3958853,0.33336884,0.27074587,c5,c1
8774,2,0.44555035,0.27279204,0.2816576,c5,c1
8775,1,0.04790495,0.28819934,0.66389567,c234,c5
8776,5,0.64297396,0.23207515,0.12495088,c1,c1
8777,4,0.15004711,0.2932763,0.55667657,c5,c5
8778,3,0.39183766,0.30474934,0.30341303,c5,c1
8779,2,0.73368466,0.20393594,0.062379435,c1,c1
8780,4,0.6836755,0.25179434,0.064530104,c1,c1
8781,4,0.054236718,0.2798426,0.66592073,c5,c5
8782,5,0.8145123,0.13826223,0.047225468,c5,c1
8783,4,0.46928683,0.3532431,0.17747007,c1,c1
8784,3,0.06448054,0.21748345,0.718036,c5,c5
8785,4,0.06382712,0.21492507,0.72124785,c5,c5
8786,5,0.15163122,0.45246622,0.3959026,c234,c234
8787,1,0.38917738,0.2991768,0.3116458,c5,c1
8788,4,0.27684605,0.37115264,0.3520013,c1,c234
8789,3,0.12319213,0.33405435,0.5427535,c1,c5
8790,3,0.35915676,0.4301693,0.21067396,c1,c234
8791,1,0.62928987,0.27902848,0.09168167,c1,c1
8792,2,0.18076755,0.43448657,0.38474584,c1,c234
8793,3,0.18216291,0.42478412,0.39305297,c5,c234
8794,5,0.063448295,0.25840348,0.67814827,c5,c5
8795,3,0.16684781,0.3580791,0.47507316,c5,c5
8796,5,0.57970345,0.24018589,0.18011065,c5,c1
8797,4,0.68293834,0.25297776,0.06408393,c1,c1
8798,5,0.57228273,0.27057484,0.15714245,c1,c1
8799,4,0.48478067,0.3560178,0.15920158,c5,c1
8800,3,0.6526584,0.2286576,0.11868395,c234,c1
8801,4,0.16368741,0.44364688,0.39266568,c234,c234
8802,2,0.2501737,0.3997276,0.3500987,c1,c234
8803,3,0.258903,0.42535046,0.31574655,c234,c234
8804,1,0.3898856,0.45587814,0.15423621,c1,c234
8805,4,0.30775112,0.25648516,0.43576375,c5,c5
8806,4,0.21825056,0.3556856,0.42606384,c234,c5
8807,1,0.07983693,0.22710133,0.6930617,c234,c5
8808,1,0.13546988,0.31923485,0.5452953,c234,c5
8809,3,0.10156738,0.25210384,0.64632875,c5,c5
8810,5,0.37914318,0.39218253,0.22867431,c1,c234
8811,5,0.14890169,0.42149743,0.4296009,c234,c5
8812,4,0.16067459,0.32318786,0.5161376,c1,c5
8813,2,0.16775043,0.33606398,0.4961856,c1,c5
8814,5,0.39154503,0.33862656,0.26982838,c1,c1
8815,2,0.2129915,0.4152899,0.37171856,c1,c234
8816,1,0.21126832,0.32789853,0.46083322,c234,c5
8817,1,0.6285937,0.28268704,0.088719286,c234,c1
8818,4,0.26791134,0.45706967,0.27501902,c234,c234
8819,1,0.7076004,0.23740737,0.054992232,c1,c1
8820,4,0.14774619,0.40476567,0.4474882,c1,c5
8821,1,0.26816726,0.47538292,0.25644985,c1,c234
8822,1,0.26458234,0.35998952,0.3754281,c5,c5
8823,5,0.35160083,0.47117102,0.17722815,c5,c234
8824,4,0.2539017,0.48851296,0.2575854,c5,c234
8825,2,0.20118617,0.41879642,0.38001737,c5,c234
8826,3,0.45068854,0.43596998,0.11334151,c1,c1
8827,4,0.3202983,0.4024558,0.27724585,c234,c234
8828,2,0.23776123,0.29842654,0.46381226,c5,c5
8829,1,0.24774888,0.3024295,0.4498217,c1,c5
8830,2,0.23166938,0.3288067,0.43952394,c234,c5
8831,2,0.6504034,0.278279,0.07131763,c1,c1
8832,3,0.32858965,0.5050924,0.16631798,c1,c234
8833,5,0.29483047,0.4553621,0.24980734,c234,c234
8834,3,0.56568074,0.3127563,0.12156295,c5,c1
8835,4,0.6887641,0.24883796,0.0623979,c5,c1
8836,3,0.13637802,0.44651178,0.41711023,c5,c234
8837,2,0.15022616,0.3622262,0.48754764,c5,c5
8838,2,0.18160263,0.26621327,0.5521841,c5,c5
8839,4,0.10203511,0.4177925,0.48017234,c1,c5
8840,1,0.11364213,0.2543673,0.63199055,c234,c5
8841,5,0.35390383,0.31818876,0.3279074,c5,c1
8842,2,0.08105297,0.26820675,0.6507403,c234,c5
8843,3,0.28818357,0.4219747,0.2898417,c5,c234
8844,5,0.25075787,0.46676493,0.28247723,c234,c234
8845,1,0.35266602,0.44058412,0.20674984,c234,c234
8846,5,0.41024554,0.39869288,0.19106156,c234,c1
8847,1,0.40837967,0.290647,0.3009733,c1,c1
8848,5,0.16781855,0.58317584,0.24900562,c1,c234
8849,2,0.29502505,0.46343186,0.24154314,c234,c234
8850,2,0.68216074,0.2373945,0.08044471,c234,c1
8851,5,0.05924671,0.16791509,0.7728382,c5,c5
8852,1,0.08089309,0.33122453,0.5878824,c5,c5
8853,1,0.1155565,0.2958774,0.5885661,c5,c5
8854,4,0.17623292,0.383521,0.44024608,c1,c5
8855,2,0.056026746,0.26275954,0.68121374,c234,c5
8856,4,0.5039603,0.34379697,0.1522427,c1,c1
8857,3,0.13632767,0.2925071,0.57116514,c5,c5
8858,1,0.30658823,0.39736053,0.2960512,c234,c234
8859,2,0.09393187,0.2550062,0.65106195,c5,c5
8860,2,0.26448876,0.40608835,0.3294229,c234,c234
8861,4,0.39219603,0.4283311,0.17947279,c234,c234
8862,4,0.2969864,0.39120415,0.31180948,c234,c234
8863,3,0.67052495,0.23474514,0.09472989,c234,c1
8864,1,0.060360424,0.20930874,0.7303309,c5,c5
8865,4,0.15180922,0.2622548,0.58593595,c5,c5
8866,5,0.11736287,0.19124432,0.6913928,c1,c5
8867,3,0.10175436,0.29321653,0.6050291,c5,c5
8868,2,0.29379067,0.3179253,0.38828403,c5,c5
8869,4,0.08195033,0.22751851,0.69053113,c234,c5
8870,5,0.24099626,0.52139604,0.23760776,c5,c234
8871,1,0.102874205,0.35014957,0.5469762,c5,c5
8872,3,0.26915896,0.4940328,0.23680817,c234,c234
8873,3,0.10007935,0.37220317,0.5277174,c5,c5
8874,3,0.04750388,0.18806507,0.764431,c5,c5
8875,1,0.501125,0.33398426,0.16489077,c1,c1
8876,3,0.30397743,0.43346536,0.26255724,c5,c234
8877,2,0.21539538,0.42878336,0.3558212,c234,c234
8878,1,0.22926554,0.449209,0.32152542,c1,c234
8879,3,0.16693875,0.36015984,0.47290134,c234,c5
8880,5,0.61618924,0.23852102,0.14528975,c234,c1
8881,3,0.15639544,0.3788549,0.46474966,c234,c5
8882,4,0.11790125,0.397688,0.48441082,c1,c5
8883,1,0.19335613,0.3161358,0.4905081,c5,c5
8884,1,0.6329351,0.274265,0.09279994,c1,c1
8885,1,0.52679384,0.2923472,0.18085895,c234,c1
8886,3,0.19961171,0.39101166,0.40937668,c5,c5
8887,1,0.1003382,0.3674702,0.5321916,c5,c5
8888,2,0.21617633,0.40209964,0.38172406,c5,c234
8889,5,0.6353953,0.22087714,0.14372751,c1,c1
8890,5,0.3972902,0.42654243,0.17616737,c1,c234
8891,5,0.4620751,0.32293501,0.21498984,c234,c1
8892,4,0.32582235,0.44937378,0.2248038,c234,c234
8893,1,0.4927348,0.3063758,0.20088936,c5,c1
8894,5,0.4589426,0.33794898,0.20310836,c1,c1
8895,5,0.15319501,0.3122324,0.5345726,c234,c5
8896,1,0.24340366,0.32188717,0.43470916,c234,c5
8897,3,0.2986459,0.4758968,0.22545728,c234,c234
8898,1,0.40899804,0.34293208,0.24806985,c234,c1
8899,4,0.31412315,0.44539753,0.24047934,c234,c234
8900,5,0.076593794,0.24967416,0.67373204,c1,c5
8901,4,0.25769952,0.35188967,0.39041078,c234,c5
8902,1,0.2661613,0.53963315,0.19420552,c234,c234
8903,2,0.61666,0.2879838,0.09535612,c1,c1
8904,4,0.15187542,0.4737861,0.37433842,c234,c234
8905,4,0.57256025,0.27228022,0.15515953,c5,c1
8906,1,0.2823021,0.3635577,0.3541402,c234,c234
8907,3,0.061204884,0.27497178,0.6638233,c234,c5
8908,2,0.25076392,0.3047584,0.4444776,c1,c5
8909,2,0.44588482,0.3587271,0.19538803,c1,c1
8910,4,0.66972566,0.25036514,0.07990924,c1,c1
8911,4,0.41269413,0.4015624,0.18574353,c5,c1
8912,5,0.16776511,0.49080712,0.34142774,c234,c234
8913,1,0.42120057,0.39102376,0.18777564,c1,c1
8914,1,0.17269151,0.51055133,0.3167571,c1,c234
8915,3,0.31373116,0.49882284,0.18744609,c234,c234
8916,4,0.2642058,0.38273156,0.3530626,c1,c234
8917,3,0.1995236,0.3701745,0.43030193,c1,c5
8918,1,0.098407425,0.4637795,0.43781307,c234,c234
8919,4,0.04105164,0.22127385,0.7376744,c234,c5
8920,1,0.19416709,0.3809039,0.42492902,c1,c5
8921,1,0.5269028,0.26630524,0.20679198,c5,c1
8922,5,0.40169752,0.40603587,0.1922666,c1,c234
8923,4,0.07977224,0.23278108,0.68744665,c5,c5
8924,5,0.6858147,0.22303224,0.09115315,c234,c1
8925,3,0.061437946,0.20814656,0.7304155,c234,c5
8926,4,0.05161039,0.139489,0.80890065,c5,c5
8927,3,0.55057967,0.3431536,0.10626672,c1,c1
8928,1,0.69678146,0.2489612,0.054257296,c5,c1
8929,1,0.11458258,0.37414575,0.5112717,c234,c5
8930,1,0.4860996,0.2925399,0.22136047,c234,c1
8931,1,0.1925437,0.46767533,0.3397809,c234,c234
8932,1,0.29128003,0.40723833,0.30148157,c5,c234
8933,4,0.42233098,0.27062145,0.30704755,c5,c1
8934,1,0.3470514,0.32543814,0.32751048,c234,c1
8935,1,0.5162007,0.36689112,0.11690812,c1,c1
8936,3,0.5877559,0.27460274,0.13764139,c5,c1
8937,1,0.13719009,0.28831202,0.5744979,c1,c5
8938,3,0.061723895,0.2556199,0.6826562,c1,c5
8939,2,0.14532335,0.42806867,0.42660803,c234,c234
8940,3,0.24923567,0.36294574,0.38781855,c1,c5
8941,2,0.33118275,0.4080585,0.26075876,c5,c234
8942,3,0.4829737,0.41300845,0.10401779,c1,c1
8943,1,0.22566558,0.3566289,0.41770557,c234,c5
8944,2,0.5355061,0.3688572,0.09563665,c234,c1
8945,1,0.4915702,0.3684838,0.13994607,c234,c1
8946,1,0.37972918,0.3288201,0.2914507,c1,c1
8947,3,0.044085942,0.12569651,0.8302176,c234,c5
8948,5,0.5427271,0.30463746,0.15263538,c1,c1
8949,3,0.3226554,0.4751977,0.20214689,c234,c234
8950,4,0.5521751,0.34901854,0.09880638,c1,c1
8951,4,0.25142148,0.42110312,0.32747537,c1,c234
8952,2,0.1676536,0.25793537,0.5744111,c5,c5
8953,3,0.48549303,0.38751796,0.126989,c1,c1
8954,5,0.13099281,0.31209466,0.5569125,c1,c5
8955,4,0.26167887,0.3651726,0.37314853,c5,c5
8956,2,0.14825305,0.26768062,0.58406633,c5,c5
8957,5,0.525597,0.31666723,0.1577358,c234,c1
8958,1,0.0553544,0.23168921,0.7129564,c5,c5
8959,3,0.55057967,0.3431536,0.10626672,c5,c1
8960,4,0.15189312,0.4098753,0.4382316,c234,c5
8961,5,0.29198223,0.43592274,0.27209508,c5,c234
8962,1,0.1611765,0.44971907,0.38910443,c1,c234
8963,2,0.46361238,0.25911236,0.27727526,c234,c1
8964,2,0.542101,0.26413444,0.19376454,c5,c1
8965,3,0.27852908,0.31482598,0.40664494,c234,c5
8966,2,0.17578125,0.3714935,0.45272517,c234,c5
8967,4,0.59946394,0.29024035,0.11029569,c1,c1
8968,4,0.14934306,0.22465624,0.62600076,c5,c5
8969,2,0.06315067,0.22672133,0.710128,c234,c5
8970,5,0.10362435,0.2531755,0.6432001,c234,c5
8971,1,0.17828844,0.313939,0.50777256,c5,c5
8972,3,0.39875105,0.4559999,0.14524902,c1,c234
8973,5,0.07936449,0.24202509,0.6786104,c1,c5
8974,1,0.30532363,0.40065503,0.2940214,c1,c234
8975,2,0.5757012,0.31543893,0.10885986,c234,c1
8976,4,0.06505262,0.15167713,0.78327024,c5,c5
8977,3,0.21096304,0.47309685,0.31594008,c1,c234
8978,2,0.70552605,0.20327485,0.091199115,c1,c1
8979,4,0.09185127,0.2344073,0.67374146,c234,c5
8980,1,0.14148779,0.4567282,0.40178397,c234,c234
8981,1,0.649687,0.2803836,0.069929436,c234,c1
8982,3,0.3821646,0.34021038,0.27762505,c234,c1
8983,1,0.28961912,0.31586918,0.39451167,c234,c5
8984,1,0.26843056,0.27595592,0.45561355,c1,c5
8985,2,0.32148063,0.43713817,0.24138117,c234,c234
8986,3,0.09708995,0.41176882,0.4911412,c1,c5
8987,3,0.20973194,0.30971786,0.48055023,c1,c5
8988,2,0.13436075,0.25726983,0.6083694,c5,c5
8989,1,0.5122932,0.38519165,0.10251514,c1,c1
8990,4,0.46734473,0.32853726,0.20411797,c5,c1
8991,5,0.5118892,0.37864327,0.109467514,c1,c1
8992,1,0.604137,0.311135,0.08472796,c1,c1
8993,1,0.15835406,0.45776543,0.38388056,c5,c234
8994,4,0.2676651,0.42793646,0.30439845,c1,c234
8995,5,0.64758223,0.20657586,0.14584191,c1,c1
8996,2,0.3068048,0.23960795,0.45358723,c5,c5
8997,4,0.19732459,0.4631827,0.33949274,c234,c234
8998,1,0.5866089,0.2341358,0.17925537,c1,c1
8999,4,0.046734106,0.25705963,0.69620633,c234,c5
9000,1,0.53847176,0.31524977,0.1462785,c234,c1
9001,1,0.32887793,0.43834645,0.23277564,c234,c234
9002,3,0.25518298,0.4713629,0.27345407,c234,c234
9003,2,0.5355495,0.33952376,0.12492669,c1,c1
9004,2,0.49164867,0.23360315,0.2747482,c5,c1
9005,4,0.091710865,0.23656231,0.6717268,c5,c5
9006,3,0.44618627,0.39078918,0.16302451,c234,c1
9007,4,0.08217824,0.28795287,0.62986887,c5,c5
9008,2,0.5093853,0.31940788,0.17120688,c234,c1
9009,2,0.37133673,0.3607256,0.26793766,c5,c1
9010,3,0.584355,0.31879672,0.09684826,c1,c1
9011,2,0.59712535,0.25625673,0.14661795,c5,c1
9012,3,0.23835503,0.57325166,0.18839331,c5,c234
9013,2,0.15862049,0.37607768,0.46530187,c234,c5
9014,1,0.09632756,0.27737537,0.62629706,c5,c5
9015,4,0.3589926,0.30441284,0.33659458,c234,c1
9016,5,0.29411584,0.41411647,0.29176775,c1,c234
9017,5,0.26708436,0.47578073,0.25713485,c1,c234
9018,3,0.038734503,0.17716038,0.7841052,c5,c5
9019,5,0.17007896,0.44897443,0.38094664,c1,c234
9020,4,0.3371133,0.32409233,0.33879438,c1,c5
9021,5,0.49741337,0.29774967,0.20483698,c1,c1
9022,4,0.4025579,0.38468656,0.21275552,c5,c1
9023,5,0.63984835,0.23335576,0.12679592,c1,c1
9024,1,0.39175647,0.3331294,0.2751141,c234,c1
9025,3,0.6116544,0.23392154,0.15442409,c1,c1
9026,1,0.56510323,0.31333932,0.12155749,c234,c1
9027,3,0.1773301,0.33614388,0.48652598,c234,c5
9028,3,0.7095524,0.21863163,0.07181598,c1,c1
9029,5,0.54777056,0.2965118,0.1557176,c234,c1
9030,3,0.32927537,0.36659408,0.30413055,c1,c234
9031,1,0.304929,0.36059585,0.33447513,c1,c234
9032,5,0.3073184,0.42272925,0.2699524,c234,c234
9033,4,0.6305999,0.27511904,0.09428112,c1,c1
9034,1,0.44547126,0.33834895,0.21617976,c1,c1
9035,4,0.32014468,0.41962317,0.2602321,c1,c234
9036,1,0.10516632,0.4740925,0.4207411,c5,c234
9037,1,0.5042612,0.34783947,0.14789933,c5,c1
9038,4,0.16716982,0.3465032,0.48632702,c5,c5
9039,5,0.13950266,0.3920098,0.4684875,c234,c5
9040,5,0.53301316,0.33547032,0.13151647,c234,c1
9041,1,0.38586763,0.3702482,0.24388412,c1,c1
9042,2,0.69180393,0.2475696,0.060626507,c1,c1
9043,1,0.3488102,0.38171598,0.26947382,c5,c234
9044,5,0.66743743,0.26131642,0.07124616,c5,c1
9045,1,0.47606143,0.37664154,0.14729704,c234,c1
9046,5,0.5836665,0.26496452,0.15136898,c234,c1
9047,2,0.5775497,0.31010386,0.11234645,c1,c1
9048,1,0.098535806,0.2682735,0.63319063,c1,c5
9049,5,0.42662323,0.40263882,0.17073792,c234,c1
9050,1,0.56513846,0.35352513,0.081336446,c234,c1
9051,1,0.06600756,0.31199652,0.62199587,c234,c5
9052,1,0.7446216,0.16687928,0.08849918,c1,c1
9053,4,0.12633128,0.39689946,0.47676924,c5,c5
9054,1,0.39759427,0.36033833,0.24206741,c234,c1
9055,5,0.44654483,0.43588126,0.11757391,c5,c1
9056,2,0.31543818,0.36333868,0.3212231,c234,c234
9057,4,0.6391414,0.2799967,0.080861904,c1,c1
9058,3,0.5652509,0.3084397,0.12630941,c1,c1
9059,4,0.42233098,0.27062145,0.30704755,c1,c1
9060,1,0.10053426,0.3992744,0.50019133,c234,c5
9061,5,0.076104075,0.22848417,0.69541174,c1,c5
9062,1,0.19110402,0.526497,0.28239897,c1,c234
9063,4,0.5967661,0.26857343,0.13466036,c1,c1
9064,3,0.08638323,0.37031725,0.54329956,c234,c5
9065,2,0.3478023,0.42809147,0.2241062,c234,c234
9066,4,0.2789075,0.455233,0.26585943,c5,c234
9067,4,0.11075226,0.22587642,0.6633713,c5,c5
9068,2,0.20366055,0.36138394,0.43495548,c5,c5
9069,1,0.37413856,0.3652598,0.26060164,c5,c1
9070,1,0.17230494,0.46620575,0.36148933,c234,c234
9071,4,0.5280329,0.36353213,0.10843499,c5,c1
9072,2,0.3942388,0.44249773,0.16326343,c234,c234
9073,1,0.1528686,0.25508648,0.59204495,c5,c5
9074,4,0.4023228,0.30560437,0.29207286,c5,c1
9075,2,0.30637667,0.44330636,0.25031695,c234,c234
9076,3,0.34714326,0.3478007,0.30505607,c234,c234
9077,4,0.4288265,0.37779188,0.19338165,c234,c1
9078,1,0.34786758,0.45432836,0.19780412,c1,c234
9079,5,0.107925266,0.23192003,0.6601547,c1,c5
9080,3,0.28614116,0.43986946,0.27398938,c234,c234
9081,3,0.44636473,0.29799706,0.25563824,c234,c1
9082,4,0.52963793,0.3481941,0.12216795,c234,c1
9083,5,0.5683759,0.3166579,0.11496623,c234,c1
9084,5,0.5114457,0.3081412,0.1804131,c1,c1
9085,1,0.6097823,0.307086,0.08313171,c1,c1
9086,3,0.2702919,0.32484245,0.4048656,c1,c5
9087,5,0.256729,0.5291583,0.2141127,c5,c234
9088,4,0.16180554,0.49114862,0.34704578,c234,c234
9089,5,0.13921523,0.45736158,0.40342313,c234,c234
9090,1,0.44048524,0.40887687,0.1506379,c1,c1
9091,4,0.25498444,0.48052028,0.26449534,c234,c234
9092,4,0.6594856,0.23405859,0.10645578,c234,c1
9093,4,0.11751166,0.38044524,0.50204307,c5,c5
9094,5,0.18831757,0.5329422,0.27874032,c5,c234
9095,2,0.5880454,0.31095812,0.10099646,c1,c1
9096,1,0.6954186,0.23319212,0.07138921,c1,c1
9097,1,0.762502,0.18788843,0.04960955,c1,c1
9098,1,0.40077147,0.40440813,0.19482037,c234,c234
9099,4,0.09432778,0.31385282,0.59181935,c1,c5
9100,5,0.49451056,0.38203487,0.12345456,c1,c1
9101,2,0.35331523,0.41347095,0.23321377,c5,c234
9102,4,0.09583045,0.31253275,0.5916368,c234,c5
9103,1,0.1661706,0.3870663,0.44676316,c1,c5
9104,2,0.119690895,0.42103878,0.45927036,c234,c5
9105,3,0.060058612,0.28022817,0.65971327,c5,c5
9106,2,0.0982193,0.30625242,0.5955282,c5,c5
9107,5,0.15605234,0.41054133,0.43340638,c234,c5
9108,2,0.14154571,0.34947476,0.50897956,c234,c5
9109,4,0.27788752,0.3051066,0.41700584,c234,c5
9110,4,0.60215026,0.28553474,0.11231504,c234,c1
9111,5,0.3217706,0.40688655,0.2713428,c1,c234
9112,3,0.30476445,0.2869908,0.40824482,c1,c5
9113,1,0.6409879,0.28889826,0.07011382,c234,c1
9114,3,0.10926708,0.24419795,0.6465349,c5,c5
9115,2,0.16013122,0.25270137,0.5871674,c234,c5
9116,3,0.26736832,0.37898785,0.3536438,c5,c234
9117,5,0.43008608,0.36625904,0.20365489,c1,c1
9118,4,0.16855666,0.4354982,0.39594516,c234,c234
9119,4,0.18885642,0.26998,0.5411635,c5,c5
9120,5,0.15511978,0.4708545,0.37402573,c234,c234
9121,3,0.16257736,0.29117745,0.5462452,c1,c5
9122,5,0.14453876,0.36036664,0.49509463,c234,c5
9123,1,0.19848074,0.34685943,0.45465982,c1,c5
9124,3,0.26803544,0.505732,0.22623257,c1,c234
9125,5,0.16670446,0.4862774,0.3470181,c234,c234
9126,1,0.5202287,0.34128362,0.13848779,c234,c1
9127,5,0.41517568,0.43372166,0.15110268,c234,c234
9128,2,0.47121784,0.2670536,0.26172853,c5,c1
9129,3,0.21167247,0.32959026,0.45873725,c5,c5
9130,1,0.2974136,0.4093546,0.29323184,c234,c234
9131,1,0.22124055,0.5043271,0.27443233,c1,c234
9132,4,0.07333353,0.35990432,0.5667622,c234,c5
9133,1,0.563662,0.33011833,0.10621969,c1,c1
9134,5,0.26732388,0.29533672,0.43733937,c234,c5
9135,5,0.0603921,0.31581452,0.62379336,c5,c5
9136,1,0.19446525,0.34221494,0.4633198,c5,c5
9137,5,0.14327557,0.30990142,0.5468231,c234,c5
9138,5,0.5044111,0.34901172,0.14657713,c234,c1
9139,1,0.36411673,0.33809158,0.2977917,c5,c1
9140,5,0.09661278,0.23667955,0.6667077,c234,c5
9141,1,0.21573702,0.46209887,0.32216412,c1,c234
9142,1,0.4414498,0.39148495,0.16706528,c5,c1
9143,5,0.547105,0.2985016,0.15439342,c234,c1
9144,5,0.23593457,0.32317397,0.44089144,c1,c5
9145,2,0.27112406,0.43967512,0.2892008,c5,c234
9146,1,0.3786691,0.4884218,0.13290913,c5,c234
9147,5,0.19385658,0.34348384,0.4626596,c1,c5
9148,2,0.3681178,0.36587784,0.26600438,c234,c1
9149,1,0.24308406,0.48048875,0.27642718,c234,c234
9150,3,0.5664235,0.29196158,0.14161491,c234,c1
9151,1,0.17381065,0.5073776,0.31881174,c1,c234
9152,2,0.20144215,0.39133534,0.40722248,c1,c5
9153,1,0.49760097,0.303158,0.19924104,c234,c1
9154,4,0.3597873,0.4498993,0.1903134,c5,c234
9155,4,0.39244303,0.39335427,0.21420267,c1,c234
9156,1,0.39655656,0.3575163,0.24592717,c234,c1
9157,5,0.1228698,0.4756303,0.4014999,c234,c234
9158,5,0.15824707,0.3154812,0.52627176,c5,c5
9159,4,0.580289,0.28825623,0.1314548,c1,c1
9160,4,0.34571967,0.47009757,0.18418276,c234,c234
9161,1,0.5738177,0.341473,0.084709324,c1,c1
9162,4,0.38426638,0.3964643,0.21926932,c1,c234
9163,3,0.37571353,0.38922837,0.23505811,c234,c234
9164,2,0.3150109,0.3166591,0.36833003,c5,c5
9165,4,0.13444245,0.35594243,0.5096151,c1,c5
9166,1,0.14651896,0.48206207,0.37141898,c5,c234
9167,3,0.32304043,0.34408468,0.3328749,c1,c234
9168,1,0.07462816,0.29929626,0.6260755,c1,c5
9169,3,0.17319669,0.43573543,0.3910678,c234,c234
9170,5,0.41048166,0.41562462,0.17389378,c234,c234
9171,2,0.28965837,0.4651402,0.24520144,c5,c234
9172,2,0.12064747,0.40705046,0.4723021,c5,c5
9173,1,0.6628564,0.2559012,0.081242405,c1,c1
9174,1,0.20595673,0.3387786,0.4552647,c5,c5
9175,4,0.49371448,0.31989646,0.18638909,c234,c1
9176,2,0.3637753,0.43170393,0.20452079,c234,c234
9177,1,0.15873069,0.40257165,0.4386977,c234,c5
9178,4,0.29509458,0.4001832,0.3047222,c234,c234
9179,1,0.69478595,0.22271848,0.08249556,c5,c1
9180,3,0.14255863,0.41747147,0.43996996,c5,c5
9181,1,0.2798128,0.32717428,0.39301294,c1,c5
9182,4,0.33674923,0.37714124,0.2861095,c1,c234
9183,1,0.1556073,0.3470891,0.49730363,c5,c5
9184,4,0.6504831,0.26612803,0.08338897,c1,c1
9185,1,0.563662,0.33011833,0.10621969,c234,c1
9186,5,0.66743743,0.26131642,0.07124616,c1,c1
9187,1,0.05535805,0.26760334,0.67703867,c1,c5
9188,3,0.4386827,0.3966314,0.1646859,c234,c1
9189,2,0.14786841,0.47453642,0.3775952,c234,c234
9190,4,0.5975038,0.2763935,0.12610269,c1,c1
9191,4,0.088416375,0.24048735,0.67109627,c5,c5
9192,1,0.14573358,0.32945967,0.5248068,c5,c5
9193,2,0.6277469,0.28399876,0.088254355,c1,c1
9194,4,0.27788752,0.3051066,0.41700584,c5,c5
9195,5,0.08136779,0.29952627,0.61910594,c5,c5
9196,2,0.31059322,0.48660788,0.20279881,c234,c234
9197,1,0.4211378,0.33767164,0.24119051,c234,c1
9198,5,0.43146306,0.4527217,0.11581527,c1,c234
9199,4,0.17419215,0.3550708,0.470737,c234,c5
9200,4,0.33730328,0.44110942,0.22158726,c1,c234
9201,3,0.09561607,0.30301532,0.60136867,c5,c5
9202,2,0.29607412,0.41903773,0.28488815,c1,c234
9203,5,0.101377286,0.41733453,0.4812882,c234,c5
9204,1,0.25137252,0.32863292,0.41999453,c234,c5
9205,5,0.19649571,0.31407592,0.4894284,c5,c5
9206,2,0.49336678,0.3936345,0.112998664,c5,c1
9207,2,0.5314973,0.36883217,0.099670514,c1,c1
9208,4,0.7073073,0.21817942,0.07451324,c1,c1
9209,5,0.07491143,0.18278114,0.7423075,c5,c5
9210,5,0.4565794,0.37092468,0.17249598,c5,c1
9211,1,0.4607541,0.4040412,0.13520475,c1,c1
9212,4,0.47324985,0.3815689,0.14518124,c1,c1
9213,5,0.39577046,0.26946405,0.33476546,c5,c1
9214,3,0.29906452,0.38938764,0.31154785,c1,c234
9215,2,0.45988354,0.40337625,0.1367402,c1,c1
9216,1,0.18768026,0.40278852,0.40953127,c5,c5
9217,2,0.104726255,0.26554117,0.62973255,c234,c5
9218,4,0.44840857,0.30359367,0.24799773,c5,c1
9219,4,0.4577892,0.33990946,0.20230135,c1,c1
9220,4,0.09012167,0.22081006,0.68906826,c5,c5
9221,3,0.15537529,0.37905794,0.46556675,c5,c5
9222,1,0.11390282,0.306237,0.5798602,c5,c5
9223,2,0.11821032,0.3483738,0.53341585,c5,c5
9224,5,0.29818437,0.4289451,0.2728705,c5,c234
9225,5,0.118347205,0.26548147,0.6161713,c5,c5
9226,5,0.14425775,0.3294845,0.5262577,c234,c5
9227,1,0.5554882,0.31512374,0.12938808,c234,c1
9228,3,0.07849128,0.19936386,0.72214484,c5,c5
9229,3,0.09768691,0.36669168,0.53562146,c1,c5
9230,3,0.5503094,0.2948472,0.1548434,c5,c1
9231,2,0.19980294,0.39282215,0.40737492,c5,c5
9232,3,0.370739,0.39532462,0.23393634,c234,c234
9233,4,0.5517518,0.3192905,0.12895778,c1,c1
9234,2,0.27682325,0.46905637,0.25412032,c234,c234
9235,4,0.035455782,0.15362446,0.8109198,c5,c5
9236,3,0.40087673,0.43197212,0.16715108,c5,c234
9237,1,0.19129144,0.4417359,0.36697268,c5,c234
9238,1,0.2756766,0.3384883,0.38583508,c1,c5
9239,2,0.66006225,0.27860233,0.06133543,c1,c1
9240,1,0.3623496,0.32334438,0.31430602,c5,c1
9241,4,0.3143019,0.40209642,0.2836017,c234,c234
9242,2,0.67643434,0.24939369,0.07417196,c5,c1
9243,1,0.22614032,0.47212306,0.30173662,c5,c234
9244,3,0.42313635,0.304997,0.27186665,c1,c1
9245,2,0.16931063,0.40191352,0.42877582,c1,c5
9246,1,0.49584296,0.38947678,0.11468027,c234,c1
9247,2,0.5132064,0.36710805,0.11968552,c1,c1
9248,4,0.18488774,0.26367816,0.55143404,c1,c5
9249,2,0.39887428,0.2414869,0.35963878,c234,c1
9250,1,0.06597226,0.30010337,0.63392437,c5,c5
9251,5,0.12375487,0.37272534,0.50351983,c5,c5
9252,5,0.31667063,0.42143238,0.26189703,c234,c234
9253,5,0.09657931,0.24919622,0.65422446,c5,c5
9254,2,0.2922765,0.32578945,0.38193402,c5,c5
9255,3,0.20459335,0.39940253,0.39600417,c234,c234
9256,2,0.28817254,0.44613972,0.2656877,c1,c234
9257,1,0.2611998,0.346118,0.39268214,c1,c5
9258,3,0.4884381,0.35506615,0.15649581,c5,c1
9259,5,0.47616383,0.3692107,0.15462552,c1,c1
9260,1,0.08383292,0.36736822,0.5487988,c5,c5
9261,4,0.4026728,0.31210294,0.28522426,c5,c1
9262,4,0.12230499,0.30661264,0.57108235,c1,c5
9263,3,0.35305643,0.3496494,0.29729423,c234,c1
9264,2,0.29345948,0.37515718,0.33138335,c1,c234
9265,1,0.6357466,0.2582167,0.10603662,c5,c1
9266,4,0.37687752,0.4531052,0.17001724,c234,c234
9267,4,0.6836755,0.25179434,0.064530104,c1,c1
9268,2,0.31726712,0.44564682,0.23708607,c234,c234
9269,5,0.7088829,0.21933378,0.07178327,c1,c1
9270,4,0.5376775,0.3447857,0.11753677,c1,c1
9271,1,0.3333891,0.48307657,0.18353432,c5,c234
9272,3,0.082893334,0.37762892,0.53947777,c5,c5
9273,2,0.23314384,0.24382612,0.52303004,c1,c5
9274,5,0.25134254,0.26721817,0.48143923,c234,c5
9275,2,0.4304679,0.42858034,0.14095175,c5,c1
9276,4,0.3972904,0.42363676,0.17907281,c1,c234
9277,5,0.38862908,0.41268474,0.19868626,c1,c234
9278,2,0.14600968,0.3703087,0.4836816,c5,c5
9279,3,0.16310032,0.39278868,0.444111,c234,c5
9280,5,0.027843669,0.08628961,0.88586676,c5,c5
9281,1,0.383049,0.2768107,0.34014025,c234,c1
9282,5,0.46350816,0.38571864,0.15077326,c234,c1
9283,5,0.23649013,0.3634548,0.40005508,c5,c5
9284,2,0.38436377,0.27375513,0.34188107,c234,c1
9285,5,0.31231678,0.29438102,0.3933022,c234,c5
9286,3,0.42183426,0.3801662,0.19799957,c234,c1
9287,1,0.5972034,0.27345303,0.12934363,c1,c1
9288,4,0.42428386,0.37782684,0.19788924,c234,c1
9289,3,0.21776095,0.2749398,0.50729924,c234,c5
9290,1,0.044283103,0.27905908,0.6766578,c5,c5
9291,3,0.43281075,0.42123923,0.14595005,c1,c1
9292,3,0.36500773,0.45642725,0.17856501,c234,c234
9293,2,0.10674164,0.289411,0.6038473,c5,c5
9294,5,0.14890358,0.43552017,0.41557628,c5,c234
9295,5,0.42037958,0.2964246,0.2831958,c1,c1
9296,2,0.12503587,0.39658785,0.47837627,c234,c5
9297,5,0.35693714,0.37415826,0.2689046,c1,c234
9298,1,0.18557931,0.25467294,0.55974776,c5,c5
9299,1,0.36377954,0.36955333,0.26666713,c5,c234
9300,1,0.28986108,0.46065927,0.24947965,c1,c234
9301,5,0.10410124,0.37745443,0.5184443,c234,c5
9302,1,0.3622547,0.4232344,0.21451093,c1,c234
9303,2,0.22330257,0.31112438,0.465573,c5,c5
9304,5,0.2605063,0.50216967,0.23732403,c234,c234
9305,2,0.099051066,0.24998899,0.6509599,c234,c5
9306,2,0.45553347,0.3721134,0.1723531,c5,c1
9307,2,0.4592055,0.39644018,0.14435439,c234,c1
9308,4,0.63330364,0.24682741,0.11986897,c5,c1
9309,2,0.21726952,0.39208186,0.39064863,c5,c234
9310,5,0.14224823,0.36439827,0.49335352,c1,c5
9311,3,0.3758618,0.39315522,0.23098299,c1,c234
9312,3,0.57764834,0.2615132,0.16083851,c5,c1
9313,2,0.16850875,0.4224948,0.40899643,c234,c234
9314,5,0.11988557,0.40964767,0.47046673,c234,c5
9315,2,0.14911719,0.46021125,0.3906716,c5,c234
9316,3,0.04917176,0.23247585,0.7183523,c5,c5
9317,3,0.1311716,0.37330836,0.49552009,c5,c5
9318,5,0.101505525,0.17860502,0.7198894,c5,c5
9319,2,0.18198064,0.38253504,0.43548435,c1,c5
9320,1,0.19495302,0.51829356,0.28675345,c234,c234
9321,1,0.70391387,0.19089517,0.10519093,c1,c1
9322,1,0.07158197,0.36290252,0.5655155,c5,c5
9323,3,0.13097125,0.43101373,0.438015,c5,c5
9324,4,0.49793598,0.3736203,0.12844375,c234,c1
9325,1,0.13405357,0.3012842,0.5646623,c5,c5
9326,1,0.11977302,0.46613964,0.4140874,c5,c234
9327,2,0.254988,0.32955635,0.4154556,c234,c5
9328,3,0.40028444,0.34775195,0.25196362,c1,c1
9329,3,0.064019956,0.19864494,0.73733515,c1,c5
9330,5,0.16441837,0.44270015,0.39288142,c5,c234
9331,2,0.40759894,0.2640667,0.32833433,c1,c1
9332,1,0.08564591,0.25243506,0.66191906,c5,c5
9333,1,0.1737628,0.38742018,0.43881708,c1,c5
9334,3,0.24614583,0.4418123,0.31204185,c1,c234
9335,4,0.2889789,0.3154789,0.39554223,c234,c5
9336,5,0.11827064,0.2550369,0.62669253,c5,c5
9337,1,0.33506528,0.44288805,0.22204661,c1,c234
9338,5,0.3099758,0.482715,0.20730925,c1,c234
9339,3,0.16315818,0.39192203,0.44491976,c234,c5
9340,3,0.12281121,0.40062317,0.47656557,c234,c5
9341,4,0.77817196,0.16141029,0.06041778,c234,c1
9342,2,0.04976037,0.16728221,0.78295743,c5,c5
9343,1,0.45442438,0.30570123,0.23987441,c5,c1
9344,4,0.06292647,0.22252253,0.71455103,c5,c5
9345,5,0.1200001,0.31473342,0.5652665,c1,c5
9346,1,0.43043864,0.44551396,0.12404744,c1,c234
9347,5,0.6415117,0.25325176,0.1052365,c5,c1
9348,1,0.37607008,0.39599884,0.22793104,c1,c234
9349,3,0.33193707,0.39175507,0.27630788,c234,c234
9350,2,0.09011041,0.404834,0.5050556,c234,c5
9351,2,0.14458956,0.46514824,0.39026228,c5,c234
9352,1,0.0849252,0.49254373,0.42253107,c234,c234
9353,2,0.052478567,0.16650192,0.7810195,c234,c5
9354,3,0.31854782,0.5003972,0.18105496,c234,c234
9355,5,0.16721307,0.46090174,0.3718852,c234,c234
9356,3,0.07185279,0.2130124,0.71513474,c1,c5
9357,3,0.13653526,0.39885756,0.46460718,c5,c5
9358,5,0.45465645,0.3584794,0.18686417,c234,c1
9359,5,0.34467626,0.32659194,0.32873183,c1,c1
9360,1,0.12896481,0.3336121,0.5374231,c234,c5
9361,3,0.4423733,0.38953623,0.16809052,c5,c1
9362,1,0.762502,0.18788843,0.04960955,c1,c1
9363,1,0.2525397,0.32839027,0.4190701,c234,c5
9364,3,0.5427158,0.3033046,0.1539796,c1,c1
9365,3,0.068720534,0.22422843,0.707051,c234,c5
9366,3,0.31407502,0.32836023,0.3575647,c5,c5
9367,3,0.5394822,0.29698628,0.16353159,c1,c1
9368,4,0.22129972,0.53197324,0.24672705,c1,c234
9369,3,0.13211732,0.2185304,0.6493523,c5,c5
9370,1,0.13571526,0.31666642,0.54761827,c5,c5
9371,5,0.3237598,0.46201283,0.2142274,c1,c234
9372,1,0.15355794,0.3231435,0.52329856,c234,c5
9373,1,0.7181753,0.21688928,0.06493543,c1,c1
9374,5,0.16178297,0.3187727,0.5194443,c5,c5
9375,2,0.061489638,0.16864744,0.7698629,c234,c5
9376,1,0.5782152,0.30737022,0.11441462,c1,c1
9377,4,0.72120076,0.22080122,0.057998072,c234,c1
9378,3,0.44222093,0.39054453,0.16723457,c1,c1
9379,1,0.054331414,0.2187223,0.7269463,c234,c5
9380,1,0.3209971,0.34640336,0.33259958,c234,c234
9381,3,0.11004494,0.26253796,0.6274171,c5,c5
9382,5,0.091300696,0.22778542,0.68091387,c5,c5
9383,1,0.46899796,0.34141713,0.18958485,c1,c1
9384,4,0.17260072,0.3163684,0.5110309,c1,c5
9385,5,0.4587773,0.31823215,0.22299053,c234,c1
9386,3,0.33044663,0.465912,0.20364131,c1,c234
9387,5,0.46470046,0.36666718,0.16863239,c1,c1
9388,1,0.39313516,0.4260155,0.18084933,c234,c234
9389,1,0.09256796,0.337609,0.5698231,c1,c5
9390,2,0.045238085,0.23737806,0.71738386,c5,c5
9391,1,0.44607347,0.3630538,0.19087271,c234,c1
9392,2,0.6767685,0.20579892,0.11743257,c1,c1
9393,4,0.33798695,0.33203688,0.32997617,c1,c1
9394,1,0.19740638,0.36633587,0.43625772,c1,c5
9395,5,0.559211,0.322306,0.11848295,c1,c1
9396,5,0.4560001,0.24596359,0.2980363,c1,c1
9397,3,0.6311911,0.23163603,0.1371728,c1,c1
9398,1,0.29535997,0.31868848,0.38595158,c1,c5
9399,1,0.45828465,0.30724615,0.23446925,c234,c1
9400,3,0.1739619,0.3982027,0.4278354,c5,c5
9401,3,0.29175764,0.38817096,0.32007143,c5,c234
9402,4,0.4866412,0.33950227,0.1738565,c1,c1
9403,5,0.13126838,0.29545695,0.5732747,c5,c5
9404,4,0.4646937,0.36684093,0.16846533,c1,c1
9405,4,0.42915893,0.42353818,0.14730294,c234,c1
9406,5,0.096045114,0.2059567,0.6979982,c5,c5
9407,1,0.06700666,0.34387907,0.58911425,c5,c5
9408,2,0.18780439,0.49154773,0.32064784,c234,c234
9409,3,0.15951814,0.39538994,0.44509187,c234,c5
9410,4,0.1305454,0.29289857,0.576556,c5,c5
9411,3,0.5838848,0.32005107,0.09606414,c5,c1
9412,2,0.41067708,0.41132927,0.17799361,c234,c234
9413,4,0.1318706,0.20461948,0.66350985,c5,c5
9414,1,0.18182808,0.33841652,0.47975543,c1,c5
9415,4,0.1466781,0.23306426,0.6202577,c5,c5
9416,4,0.5883741,0.2975644,0.11406151,c234,c1
9417,3,0.2441174,0.44252536,0.31335726,c1,c234
9418,5,0.3153029,0.2721069,0.41259015,c5,c5
9419,5,0.45756835,0.39725125,0.14518039,c1,c1
9420,5,0.15931842,0.3823717,0.4583099,c5,c5
9421,5,0.042114478,0.20185108,0.75603443,c5,c5
9422,1,0.28650552,0.35625732,0.35723716,c1,c5
9423,1,0.28255373,0.43746755,0.2799787,c1,c234
9424,5,0.34085613,0.34239912,0.31674474,c234,c234
9425,5,0.2676646,0.3654078,0.36692753,c1,c5
9426,5,0.57384986,0.29011488,0.13603534,c5,c1
9427,4,0.22378658,0.298275,0.4779384,c5,c5
9428,5,0.31893831,0.2908623,0.3901994,c5,c5
9429,5,0.077051505,0.34718063,0.5757679,c234,c5
9430,4,0.5228439,0.34871453,0.1284416,c5,c1
9431,1,0.13599698,0.28099608,0.5830069,c234,c5
9432,4,0.42233098,0.27062145,0.30704755,c1,c1
9433,5,0.3406585,0.41712886,0.24221264,c234,c234
9434,1,0.13016993,0.36667845,0.5031516,c234,c5
9435,5,0.66743743,0.26131642,0.07124616,c1,c1
9436,5,0.32945114,0.40656963,0.26397923,c234,c234
9437,5,0.4835049,0.3011013,0.21539375,c1,c1
9438,2,0.22714904,0.34920534,0.42364565,c1,c5
9439,3,0.3380447,0.45028955,0.21166568,c1,c234
9440,1,0.08614434,0.21066105,0.7031947,c5,c5
9441,3,0.40730163,0.42700478,0.16569354,c5,c234
9442,4,0.080373,0.2276793,0.69194764,c234,c5
9443,4,0.1668057,0.39596727,0.43722707,c5,c5
9444,4,0.20876782,0.33121592,0.4600162,c234,c5
9445,1,0.3540276,0.26996776,0.37600458,c1,c5
9446,5,0.07936449,0.24202509,0.6786104,c5,c5
9447,4,0.25198072,0.37817553,0.36984375,c5,c234
9448,3,0.27703398,0.4705465,0.2524194,c234,c234
9449,2,0.26153877,0.25844443,0.4800169,c234,c5
9450,5,0.3169252,0.35029072,0.33278406,c1,c234
9451,1,0.3344744,0.5159302,0.14959541,c234,c234
9452,3,0.049110044,0.19311102,0.7577789,c5,c5
9453,1,0.28532645,0.4280905,0.2865831,c5,c234
9454,4,0.41862634,0.30457717,0.27679646,c234,c1
9455,2,0.5557929,0.30247462,0.1417324,c1,c1
9456,4,0.7721733,0.17095435,0.056872424,c1,c1
9457,5,0.49220255,0.37058276,0.13721466,c1,c1
9458,1,0.11659917,0.3139459,0.5694549,c234,c5
9459,5,0.25354138,0.32377017,0.42268845,c234,c5
9460,4,0.25752762,0.34506387,0.39740857,c1,c5
9461,5,0.6748,0.22808072,0.09711927,c5,c1
9462,1,0.38465816,0.38404822,0.23129362,c1,c1
9463,2,0.21935578,0.33753332,0.44311085,c5,c5
9464,3,0.24048924,0.523932,0.2355788,c234,c234
9465,1,0.06786865,0.21937704,0.71275425,c1,c5
9466,1,0.1613311,0.31928238,0.5193865,c234,c5
9467,5,0.23073569,0.54839486,0.22086944,c234,c234
9468,2,0.46694514,0.3578445,0.17521034,c1,c1
9469,3,0.17831257,0.28385776,0.5378297,c5,c5
9470,2,0.68722194,0.24519737,0.067580625,c5,c1
9471,1,0.21515523,0.32432953,0.46051526,c5,c5
9472,5,0.45737067,0.39990094,0.14272837,c234,c1
9473,3,0.14585124,0.36001712,0.49413165,c234,c5
9474,4,0.48336866,0.36008716,0.15654418,c234,c1
9475,5,0.39577046,0.26946405,0.33476546,c5,c1
9476,1,0.17645895,0.36101106,0.46252996,c5,c5
9477,4,0.42233098,0.27062145,0.30704755,c5,c1
9478,4,0.12651286,0.23693487,0.6365523,c1,c5
9479,5,0.5714833,0.23322298,0.19529374,c1,c1
9480,5,0.09691509,0.32089078,0.5821941,c5,c5
9481,4,0.6914265,0.23234929,0.07622418,c1,c1
9482,1,0.32109082,0.3142708,0.3646384,c5,c5
9483,3,0.12432299,0.3356426,0.5400344,c234,c5
9484,4,0.11620121,0.34988973,0.533909,c234,c5
9485,5,0.3153029,0.2721069,0.41259015,c5,c5
9486,2,0.20064136,0.24941279,0.5499459,c5,c5
9487,5,0.073756374,0.29342642,0.63281715,c5,c5
9488,2,0.26884493,0.40879023,0.32236484,c1,c234
9489,5,0.66743743,0.26131642,0.07124616,c1,c1
9490,4,0.43636099,0.30827165,0.25536737,c234,c1
9491,5,0.66743743,0.26131642,0.07124616,c234,c1
9492,5,0.08790403,0.30696502,0.6051309,c5,c5
9493,1,0.614456,0.3021424,0.08340156,c1,c1
9494,5,0.6156787,0.23908101,0.14524026,c1,c1
9495,2,0.72335243,0.20943105,0.06721658,c1,c1
9496,1,0.4048182,0.31726006,0.2779217,c5,c1
9497,4,0.050256588,0.24779469,0.7019487,c5,c5
9498,4,0.085610405,0.26395628,0.65043336,c5,c5
9499,3,0.28857422,0.4921713,0.2192545,c234,c234
9500,4,0.13785496,0.4506867,0.4114584,c5,c234
9501,4,0.6669985,0.24902625,0.08397526,c234,c1
9502,3,0.14122695,0.43981513,0.41895792,c5,c234
9503,3,0.12036618,0.2868814,0.59275246,c5,c5
9504,4,0.34938827,0.32126802,0.32934368,c1,c1
9505,3,0.5630927,0.28550085,0.1514064,c1,c1
9506,3,0.3159003,0.28170592,0.40239373,c234,c5
9507,5,0.5211055,0.33538488,0.14350958,c5,c1
9508,1,0.4878904,0.31846613,0.19364345,c1,c1
9509,4,0.40077093,0.38692614,0.21230291,c5,c1
9510,3,0.12171439,0.36107275,0.51721287,c234,c5
9511,5,0.07647947,0.29677656,0.626744,c5,c5
9512,2,0.067552134,0.18240815,0.75003976,c5,c5
9513,2,0.67779773,0.24845915,0.07374309,c1,c1
9514,3,0.44396406,0.30183467,0.2542013,c234,c1
9515,1,0.7608059,0.18143666,0.057757508,c1,c1
9516,5,0.09956103,0.23712055,0.6633184,c5,c5
9517,2,0.44845867,0.33913478,0.21240655,c234,c1
9518,4,0.050781943,0.17477027,0.7744478,c234,c5
9519,3,0.1577313,0.3018532,0.5404155,c5,c5
9520,1,0.35908478,0.456865,0.18405016,c1,c234
9521,1,0.4537321,0.3750567,0.17121114,c1,c1
9522,1,0.5301753,0.2558758,0.21394888,c1,c1
9523,3,0.10611083,0.38568133,0.5082078,c234,c5
9524,2,0.31390762,0.2706383,0.4154541,c1,c5
9525,5,0.0879827,0.23336509,0.6786523,c5,c5
9526,2,0.28829244,0.47121215,0.24049541,c1,c234
9527,2,0.45744315,0.35371935,0.18883754,c5,c1
9528,3,0.62223685,0.28154463,0.09621849,c1,c1
9529,4,0.77592593,0.18644826,0.037625793,c234,c1
9530,5,0.23319255,0.41434276,0.35246468,c5,c234
9531,3,0.18070322,0.5228821,0.2964147,c1,c234
9532,1,0.27273062,0.5066748,0.22059456,c1,c234
9533,5,0.095867425,0.36074147,0.54339117,c1,c5
9534,5,0.2636361,0.31860813,0.41775575,c5,c5
9535,3,0.13365719,0.33044147,0.5359013,c5,c5
9536,1,0.13955216,0.34573236,0.51471543,c234,c5
9537,5,0.5067875,0.29221612,0.20099643,c1,c1
9538,2,0.17372943,0.38940817,0.43686238,c5,c5
9539,1,0.24463764,0.4491892,0.3061732,c1,c234
9540,4,0.32608324,0.47231025,0.20160648,c234,c234
9541,1,0.5131575,0.3620665,0.12477601,c234,c1
9542,3,0.0713899,0.3046258,0.6239843,c234,c5
9543,3,0.67655605,0.21624032,0.10720363,c234,c1
9544,2,0.5446198,0.29842705,0.15695314,c234,c1
9545,5,0.36553034,0.37269428,0.2617754,c234,c234
9546,3,0.14242567,0.45998022,0.39759406,c5,c234
9547,4,0.1228,0.3517945,0.52540547,c234,c5
9548,1,0.24071617,0.32303053,0.43625328,c1,c5
9549,5,0.5025832,0.29593506,0.20148174,c234,c1
9550,1,0.088115,0.35877502,0.55310994,c1,c5
9551,1,0.762502,0.18788843,0.04960955,c1,c1
9552,3,0.45687044,0.2615911,0.28153843,c1,c1
9553,5,0.16152208,0.5963299,0.24214798,c1,c234
9554,5,0.593516,0.28483945,0.12164454,c1,c1
9555,2,0.42762825,0.42063892,0.15173286,c1,c1
9556,2,0.3457315,0.46979812,0.18447033,c1,c234
9557,1,0.2036854,0.54270023,0.25361437,c1,c234
9558,4,0.59630305,0.3244023,0.07929467,c1,c1
9559,2,0.25567293,0.45284697,0.29148015,c234,c234
9560,5,0.15442003,0.35746297,0.48811707,c234,c5
9561,4,0.12100816,0.2560023,0.62298954,c5,c5
9562,5,0.11467898,0.4200932,0.4652279,c5,c5
9563,2,0.40448827,0.4384787,0.15703297,c5,c234
9564,5,0.39577046,0.26946405,0.33476546,c234,c1
9565,5,0.14024146,0.37002867,0.48972985,c5,c5
9566,4,0.11257675,0.31626934,0.5711539,c5,c5
9567,2,0.05098659,0.20050222,0.74851114,c234,c5
9568,1,0.34172183,0.3038966,0.3543815,c5,c5
9569,1,0.07049315,0.29628047,0.63322634,c5,c5
9570,1,0.10895977,0.27464467,0.61639553,c5,c5
9571,5,0.46126664,0.39195007,0.14678322,c5,c1
9572,5,0.29203328,0.28719005,0.42077667,c5,c5
9573,2,0.1891027,0.32528755,0.4856098,c1,c5
9574,3,0.086182706,0.3271615,0.5866558,c5,c5
9575,2,0.3229341,0.26410255,0.4129634,c5,c5
9576,3,0.049701452,0.21708249,0.7332161,c5,c5
9577,5,0.05046813,0.2107995,0.7387324,c5,c5
9578,5,0.18422057,0.2625664,0.55321306,c5,c5
9579,2,0.36938918,0.3875894,0.24302143,c234,c234
9580,1,0.17765073,0.4689624,0.35338694,c1,c234
9581,3,0.15985495,0.3772505,0.46289453,c234,c5
9582,2,0.29145268,0.46884885,0.23969853,c234,c234
9583,4,0.51711476,0.3432973,0.13958791,c1,c1
9584,5,0.54139394,0.32245344,0.13615258,c234,c1
9585,4,0.68293834,0.25297776,0.06408393,c234,c1
9586,2,0.33698925,0.45153534,0.2114754,c1,c234
9587,5,0.15653977,0.3329355,0.5105247,c5,c5
9588,5,0.35074174,0.45572567,0.19353256,c1,c234
9589,3,0.12500174,0.48246753,0.39253074,c1,c234
9590,1,0.19075285,0.37292925,0.43631792,c1,c5
9591,4,0.14121617,0.3312764,0.5275074,c234,c5
9592,2,0.51106757,0.3846455,0.10428696,c1,c1
9593,4,0.45274657,0.33946428,0.20778917,c1,c1
9594,3,0.36854658,0.32490885,0.3065445,c5,c1
9595,1,0.15397182,0.256082,0.58994615,c5,c5
9596,5,0.17295766,0.48012325,0.34691915,c234,c234
9597,2,0.54559314,0.2945411,0.15986575,c1,c1
9598,3,0.09130765,0.30184487,0.60684747,c234,c5
9599,3,0.30592692,0.41712332,0.27694973,c5,c234
9600,3,0.5445735,0.30857,0.14685652,c5,c1
9601,4,0.15527678,0.43761605,0.40710708,c234,c234
9602,1,0.5570962,0.30108166,0.14182214,c1,c1
9603,5,0.190204,0.5097585,0.30003756,c1,c234
9604,2,0.40471238,0.2899065,0.3053811,c234,c1
9605,3,0.13259728,0.23820509,0.62919766,c5,c5
9606,3,0.36483985,0.45761168,0.17754847,c234,c234
9607,4,0.25043455,0.2803194,0.4692461,c234,c5
9608,4,0.0537992,0.24852216,0.6976786,c5,c5
9609,3,0.3502223,0.4426954,0.20708232,c234,c234
9610,4,0.10851096,0.2516189,0.63987017,c5,c5
9611,1,0.14935961,0.29298577,0.5576546,c5,c5
9612,4,0.06079684,0.23727794,0.7019252,c5,c5
9613,4,0.31012544,0.39620888,0.2936657,c1,c234
9614,4,0.297942,0.379148,0.32291,c1,c234
9615,3,0.28737196,0.35487866,0.35774934,c5,c5
9616,2,0.6443314,0.2906446,0.06502399,c1,c1
9617,1,0.762502,0.18788843,0.04960955,c234,c1
9618,3,0.3248079,0.42587188,0.24932022,c234,c234
9619,3,0.12553768,0.46032017,0.41414222,c234,c234
9620,3,0.111911185,0.3528853,0.53520346,c5,c5
9621,3,0.19757648,0.289824,0.5125995,c5,c5
9622,4,0.14722866,0.34685972,0.5059116,c5,c5
9623,4,0.15725549,0.2057267,0.6370178,c234,c5
9624,4,0.08040213,0.20682018,0.7127777,c5,c5
9625,5,0.66868955,0.23567958,0.09563087,c1,c1
9626,1,0.09603452,0.42475992,0.47920555,c234,c5
9627,3,0.61386573,0.29102463,0.09510963,c234,c1
9628,2,0.46015206,0.29718718,0.24266078,c5,c1
9629,3,0.17242695,0.31805274,0.5095203,c234,c5
9630,4,0.6551787,0.27276927,0.07205203,c234,c1
9631,5,0.116892315,0.3788098,0.5042979,c5,c5
9632,1,0.27881843,0.39401382,0.32716772,c5,c234
9633,2,0.4704686,0.35148406,0.17804737,c1,c1
9634,2,0.16296104,0.40758893,0.42944998,c1,c5
9635,2,0.047049254,0.18466347,0.7682873,c5,c5
9636,2,0.08727879,0.21336363,0.69935757,c234,c5
9637,2,0.13369724,0.23651521,0.62978756,c234,c5
9638,3,0.16938064,0.46710438,0.36351493,c234,c234
9639,3,0.5643461,0.31502745,0.120626494,c1,c1
9640,4,0.6845045,0.24171047,0.07378505,c1,c1
9641,3,0.5947877,0.23769024,0.16752203,c5,c1
9642,2,0.13485101,0.2578306,0.60731846,c5,c5
9643,2,0.6367992,0.27056095,0.09263991,c234,c1
9644,5,0.44018087,0.39621663,0.1636025,c1,c1
9645,5,0.5487173,0.33727178,0.11401093,c234,c1
9646,1,0.17123877,0.33963558,0.4891256,c234,c5
9647,4,0.2915468,0.4162473,0.29220593,c5,c234
9648,5,0.23929717,0.3202455,0.4404573,c1,c5
9649,2,0.1725252,0.44293118,0.38454357,c5,c234
9650,1,0.47660655,0.344252,0.17914145,c234,c1
9651,5,0.16194089,0.3538842,0.4841749,c234,c5
9652,1,0.50900716,0.28437924,0.20661367,c5,c1
9653,5,0.15021782,0.5291986,0.32058358,c5,c234
9654,3,0.21273412,0.4082577,0.37900817,c234,c234
9655,2,0.6974594,0.23814014,0.06440041,c234,c1
9656,4,0.4398271,0.41328025,0.14689265,c1,c1
9657,3,0.43836007,0.35343277,0.20820722,c234,c1
9658,3,0.36175472,0.40461475,0.23363054,c1,c234
9659,3,0.37722453,0.27525997,0.34751552,c234,c1
9660,4,0.19420317,0.33039108,0.47540572,c5,c5
9661,3,0.7325034,0.1779369,0.089559704,c1,c1
9662,1,0.5157317,0.38593525,0.09833304,c1,c1
9663,5,0.2722762,0.45284277,0.27488106,c5,c234
9664,2,0.3104651,0.35240477,0.3371301,c5,c234
9665,5,0.11603794,0.38261622,0.5013458,c5,c5
9666,3,0.63876164,0.27432582,0.08691255,c234,c1
9667,1,0.07543468,0.31358543,0.61097986,c5,c5
9668,3,0.45567676,0.38073218,0.16359104,c1,c1
9669,5,0.32269466,0.349769,0.32753637,c1,c234
9670,2,0.352166,0.32468802,0.32314596,c234,c1
9671,4,0.060924876,0.12470491,0.81437016,c5,c5
9672,1,0.1753046,0.48878157,0.33591384,c5,c234
9673,3,0.53838676,0.33162624,0.12998703,c1,c1
9674,5,0.2304808,0.38471267,0.38480657,c5,c5
9675,5,0.085073076,0.21911937,0.6958076,c5,c5
9676,4,0.66242415,0.25980118,0.0777747,c5,c1
9677,1,0.18446934,0.4306879,0.38484278,c1,c234
9678,1,0.6192257,0.28488114,0.095893234,c5,c1
9679,1,0.24774888,0.3024295,0.4498217,c234,c5
9680,1,0.08930593,0.25562298,0.6550711,c1,c5
9681,1,0.563662,0.33011833,0.10621969,c1,c1
9682,5,0.086042814,0.27131557,0.64264166,c5,c5
9683,4,0.2778337,0.44392955,0.27823672,c5,c234
9684,5,0.09316643,0.23140688,0.67542666,c5,c5
9685,4,0.1631721,0.4777197,0.3591082,c5,c234
9686,1,0.5820843,0.32803786,0.08987783,c234,c1
9687,3,0.1399005,0.3589971,0.5011024,c1,c5
9688,1,0.45442438,0.30570123,0.23987441,c1,c1
9689,3,0.18927573,0.33045012,0.48027417,c1,c5
9690,4,0.35835525,0.43834305,0.20330176,c5,c234
9691,1,0.4574648,0.37874275,0.1637925,c1,c1
9692,5,0.2284522,0.3616944,0.40985343,c1,c5
9693,3,0.31531334,0.40784657,0.27684006,c234,c234
9694,1,0.31439826,0.3819487,0.30365303,c5,c234
9695,4,0.104879536,0.3653513,0.5297692,c5,c5
9696,1,0.33598816,0.31870967,0.3453021,c234,c5
9697,4,0.35900205,0.4758908,0.16510715,c5,c234
9698,4,0.63064414,0.27765617,0.0916997,c234,c1
9699,1,0.30280316,0.42437068,0.27282616,c5,c234
9700,4,0.516592,0.31267935,0.17072868,c234,c1
9701,2,0.46694514,0.3578445,0.17521034,c5,c1
9702,2,0.1528184,0.31768546,0.5294962,c1,c5
9703,4,0.1674102,0.26873174,0.56385803,c234,c5
9704,4,0.19843557,0.3300531,0.47151127,c234,c5
9705,2,0.28031167,0.2511653,0.4685231,c5,c5
9706,3,0.34154755,0.44992965,0.20852278,c234,c234
9707,4,0.16016234,0.34093136,0.49890637,c1,c5
9708,3,0.5579162,0.29928792,0.14279583,c1,c1
9709,2,0.23552202,0.4036801,0.36079794,c1,c234
9710,2,0.2965758,0.3742211,0.32920307,c234,c234
9711,4,0.6828731,0.24851565,0.06861132,c234,c1
9712,3,0.54535866,0.34231985,0.11232153,c1,c1
9713,2,0.14468965,0.33781266,0.5174977,c234,c5
9714,3,0.13132091,0.39715773,0.47152135,c5,c5
9715,1,0.58871317,0.302013,0.10927384,c1,c1
9716,3,0.2592903,0.37173373,0.36897594,c234,c234
9717,2,0.39821655,0.40815789,0.19362563,c5,c234
9718,2,0.13304257,0.3922769,0.47468045,c234,c5
9719,2,0.36206064,0.37359926,0.26434007,c1,c234
9720,3,0.3392,0.32043344,0.3403665,c234,c5
9721,2,0.05213896,0.21247403,0.73538697,c234,c5
9722,3,0.19474551,0.47499067,0.33026385,c5,c234
9723,4,0.14077044,0.3654875,0.49374208,c5,c5
9724,2,0.2916034,0.3977969,0.31059974,c1,c234
9725,5,0.16571829,0.2959301,0.53835166,c234,c5
9726,5,0.18947715,0.50818247,0.3023404,c234,c234
9727,1,0.27525502,0.44760182,0.2771431,c5,c234
9728,1,0.24774888,0.3024295,0.4498217,c1,c5
9729,2,0.31734094,0.4612073,0.2214518,c5,c234
9730,5,0.2112011,0.5629312,0.2258677,c5,c234
9731,4,0.3288717,0.30298927,0.36813903,c5,c5
9732,1,0.24489656,0.39268348,0.36241996,c234,c234
9733,1,0.09149779,0.34691453,0.5615877,c234,c5
9734,5,0.17871508,0.45170933,0.3695756,c5,c234
9735,3,0.17128895,0.5103765,0.31833455,c1,c234
9736,4,0.3614996,0.32448158,0.31401882,c1,c1
9737,2,0.22330257,0.31112438,0.465573,c234,c5
9738,4,0.4713298,0.32311302,0.20555714,c234,c1
9739,5,0.18891189,0.48749435,0.32359368,c234,c234
9740,2,0.27217865,0.23614122,0.49168015,c5,c5
9741,2,0.75208694,0.20099336,0.046919715,c1,c1
9742,1,0.0496316,0.33018306,0.6201853,c234,c5
9743,2,0.6409823,0.28342906,0.07558868,c234,c1
9744,3,0.30118456,0.4697982,0.22901727,c1,c234
9745,1,0.39173844,0.28944984,0.31881174,c234,c1
9746,3,0.36267444,0.32627586,0.31104967,c5,c1
9747,5,0.18046781,0.3435983,0.47593388,c234,c5
9748,5,0.52177554,0.3017364,0.17648803,c5,c1
9749,2,0.40177423,0.28908703,0.30913872,c1,c1
9750,1,0.14022018,0.42459002,0.43518978,c1,c5
9751,1,0.50575346,0.36584026,0.12840632,c234,c1
9752,4,0.3723124,0.44116148,0.18652609,c1,c234
9753,3,0.46184987,0.23511364,0.30303648,c5,c1
9754,4,0.41269413,0.4015624,0.18574353,c1,c1
9755,2,0.35240194,0.44520596,0.2023921,c5,c234
9756,5,0.56604975,0.310814,0.12313624,c234,c1
9757,3,0.39275947,0.445816,0.16142444,c1,c234
9758,5,0.33899292,0.47012827,0.19087876,c5,c234
9759,1,0.563662,0.33011833,0.10621969,c234,c1
9760,4,0.33426845,0.46544737,0.2002842,c234,c234
9761,1,0.40345564,0.36652192,0.23002246,c234,c1
9762,1,0.25201002,0.45090464,0.29708537,c234,c234
9763,5,0.22498828,0.37166822,0.40334353,c5,c5
9764,1,0.10808025,0.28909653,0.6028232,c234,c5
9765,4,0.5438399,0.2772581,0.17890204,c1,c1
9766,1,0.1528631,0.5076225,0.3395144,c234,c234
9767,1,0.38930663,0.40237615,0.20831724,c5,c234
9768,5,0.4831138,0.37386864,0.1430175,c234,c1
9769,2,0.15873395,0.5470467,0.29421932,c5,c234
9770,5,0.36510465,0.4435294,0.19136602,c1,c234
9771,4,0.57543486,0.32520226,0.099362865,c1,c1
9772,4,0.14636934,0.3961285,0.45750213,c5,c5
9773,2,0.09402378,0.23751828,0.66845804,c234,c5
9774,3,0.13364969,0.45124885,0.41510144,c234,c234
9775,5,0.8358843,0.13330968,0.030805985,c1,c1
9776,5,0.33683434,0.43377283,0.22939286,c5,c234
9777,4,0.41269413,0.4015624,0.18574353,c234,c1
9778,4,0.3201007,0.40100798,0.2788913,c1,c234
9779,3,0.45727876,0.37951413,0.16320707,c1,c1
9780,5,0.19896778,0.48873702,0.3122951,c1,c234
9781,5,0.28467384,0.28938633,0.42593986,c234,c5
9782,1,0.37204754,0.2929518,0.33500072,c234,c1
9783,2,0.5360793,0.38612345,0.07779727,c234,c1
9784,2,0.068321414,0.22667174,0.70500684,c234,c5
9785,5,0.11839191,0.23499103,0.64661705,c5,c5
9786,5,0.13375002,0.43175036,0.43449968,c5,c5
9787,2,0.26497203,0.43114334,0.30388466,c234,c234
9788,1,0.57131106,0.32645836,0.102230564,c234,c1
9789,1,0.09899951,0.54387975,0.35712072,c234,c234
9790,4,0.27169085,0.33341125,0.39489788,c5,c5
9791,5,0.20912138,0.4283565,0.36252218,c234,c234
9792,4,0.5077911,0.3540628,0.13814616,c5,c1
9793,5,0.13811444,0.4043583,0.45752728,c1,c5
9794,2,0.14160854,0.2917169,0.5666746,c234,c5
9795,2,0.22605583,0.41791746,0.35602665,c234,c234
9796,4,0.17127356,0.3002644,0.52846205,c234,c5
9797,2,0.13672407,0.34196654,0.52130944,c5,c5
9798,5,0.10316519,0.28221777,0.61461705,c5,c5
9799,4,0.6075059,0.30741832,0.08507571,c1,c1
9800,3,0.1538407,0.52170855,0.3244507,c5,c234
9801,1,0.073466755,0.33525765,0.59127563,c1,c5
9802,3,0.7434841,0.18592827,0.07058764,c1,c1
9803,4,0.17258365,0.46604875,0.36136758,c5,c234
9804,5,0.355478,0.29579183,0.34873012,c5,c1
9805,5,0.6435221,0.27300882,0.08346905,c1,c1
9806,4,0.38494948,0.3146472,0.30040342,c5,c1
9807,5,0.19555688,0.4505946,0.35384852,c1,c234
9808,5,0.041005094,0.13939743,0.81959754,c234,c5
9809,4,0.037054904,0.18295927,0.77998585,c5,c5
9810,4,0.55761904,0.3400345,0.10234644,c234,c1
9811,1,0.33139387,0.46230453,0.20630158,c1,c234
9812,2,0.3593403,0.28057286,0.3600868,c5,c5
9813,5,0.6281951,0.24355458,0.12825027,c1,c1
9814,5,0.25906914,0.4182582,0.3226727,c234,c234
9815,2,0.093777,0.21329944,0.69292355,c5,c5
9816,3,0.54675007,0.28984556,0.16340439,c1,c1
9817,5,0.108006336,0.30783173,0.58416194,c5,c5
9818,1,0.46636102,0.38842446,0.1452145,c1,c1
9819,3,0.10378196,0.27216363,0.6240544,c234,c5
9820,5,0.08120541,0.32575384,0.59304076,c234,c5
9821,1,0.32421225,0.4034394,0.27234837,c1,c234
9822,4,0.04055159,0.19578905,0.76365936,c5,c5
9823,3,0.07607215,0.2944042,0.62952363,c1,c5
9824,5,0.22915046,0.26672116,0.50412834,c5,c5
9825,4,0.2891449,0.39678526,0.31406984,c234,c234
9826,5,0.22316472,0.4755062,0.30132914,c1,c234
9827,3,0.2318345,0.500657,0.26750845,c5,c234
9828,2,0.20802756,0.4231097,0.3688627,c5,c234
9829,1,0.31146014,0.43268353,0.2558563,c5,c234
9830,5,0.04626025,0.21367034,0.7400694,c234,c5
9831,4,0.0776041,0.28953344,0.6328625,c1,c5
9832,5,0.21251525,0.33494616,0.4525386,c234,c5
9833,4,0.44562912,0.39403513,0.1603358,c1,c1
9834,4,0.19732969,0.44122872,0.3614416,c5,c234
9835,5,0.2983383,0.46005628,0.2416054,c1,c234
9836,1,0.12902845,0.33223206,0.5387395,c5,c5
9837,4,0.21850593,0.44757947,0.3339146,c5,c234
9838,5,0.50306696,0.36376372,0.13316935,c234,c1
9839,3,0.64619666,0.26484272,0.08896061,c1,c1
9840,4,0.28446728,0.47647297,0.2390598,c234,c234
9841,3,0.3435128,0.30237287,0.35411435,c234,c5
9842,4,0.107319,0.247673,0.64500797,c234,c5
9843,2,0.46968696,0.3200251,0.2102879,c234,c1
9844,2,0.062162425,0.17906372,0.75877386,c5,c5
9845,1,0.44801688,0.38292858,0.16905457,c234,c1
9846,4,0.67415994,0.21600117,0.10983885,c1,c1
9847,1,0.24486916,0.43727314,0.31785765,c1,c234
9848,1,0.11492643,0.29136887,0.59370464,c5,c5
9849,4,0.15360835,0.4225759,0.4238157,c5,c5
9850,2,0.46170792,0.36706522,0.17122683,c5,c1
9851,3,0.12039188,0.2996141,0.579994,c234,c5
9852,1,0.3199604,0.38906786,0.29097182,c234,c234
9853,2,0.20785615,0.41095632,0.3811876,c5,c234
9854,1,0.05663096,0.25548095,0.68788815,c234,c5
9855,4,0.11741307,0.27810612,0.60448086,c234,c5
9856,2,0.17509376,0.25121626,0.57369,c234,c5
9857,3,0.24062523,0.41912627,0.3402485,c5,c234
9858,2,0.098036356,0.33003727,0.5719264,c234,c5
9859,2,0.1646716,0.32760856,0.5077198,c234,c5
9860,4,0.42016754,0.3691256,0.21070689,c1,c1
9861,2,0.14791739,0.40100282,0.4510798,c5,c5
9862,2,0.19030479,0.4042546,0.40544066,c234,c5
9863,3,0.1398054,0.47134182,0.38885275,c234,c234
9864,3,0.23601437,0.41381383,0.35017183,c5,c234
9865,4,0.5551253,0.3355107,0.10936404,c5,c1
9866,5,0.11406536,0.29840198,0.58753264,c5,c5
9867,1,0.07490314,0.3365131,0.5885837,c5,c5
9868,2,0.62610793,0.2539296,0.11996248,c1,c1
9869,4,0.09468847,0.19428812,0.71102345,c5,c5
9870,1,0.50056356,0.39704323,0.10239322,c1,c1
9871,3,0.49101004,0.38408318,0.12490683,c1,c1
9872,2,0.31366843,0.41261145,0.2737201,c5,c234
9873,1,0.15452212,0.270517,0.57496095,c5,c5
9874,1,0.24774888,0.3024295,0.4498217,c1,c5
9875,1,0.5871737,0.2503304,0.1624959,c1,c1
9876,1,0.275833,0.32678103,0.39738593,c234,c5
9877,3,0.08007951,0.24251227,0.67740816,c5,c5
9878,5,0.30181316,0.3051845,0.39300236,c5,c5
9879,3,0.37784994,0.48062998,0.14152005,c1,c234
9880,4,0.5923335,0.32631996,0.081346534,c234,c1
9881,2,0.5681942,0.3508243,0.08098154,c1,c1
9882,5,0.14220726,0.24726921,0.6105235,c5,c5
9883,5,0.094672665,0.28828534,0.617042,c5,c5
9884,4,0.42912304,0.4293326,0.14154431,c234,c234
9885,4,0.2922256,0.37069517,0.3370792,c234,c234
9886,3,0.26806197,0.46851483,0.26342326,c234,c234
9887,3,0.65632993,0.256521,0.08714912,c234,c1
9888,1,0.08232512,0.34761864,0.5700562,c234,c5
9889,3,0.47651282,0.26743004,0.2560572,c1,c1
9890,4,0.67191356,0.2588403,0.06924623,c1,c1
9891,4,0.18159196,0.45319065,0.36521736,c234,c234
9892,2,0.34522396,0.28863034,0.36614567,c5,c5
9893,3,0.243937,0.54225594,0.21380706,c234,c234
9894,4,0.5140534,0.2721798,0.21376681,c1,c1
9895,5,0.22350682,0.45894226,0.31755093,c1,c234
9896,4,0.4178147,0.38721818,0.19496715,c1,c1
9897,3,0.39154175,0.27919957,0.32925874,c1,c1
9898,2,0.21878359,0.46942607,0.31179038,c234,c234
9899,1,0.65020764,0.24176662,0.10802577,c1,c1
9900,4,0.16666716,0.29136962,0.54196316,c1,c5
9901,3,0.08841615,0.21749386,0.69408995,c234,c5
9902,4,0.21977817,0.34886515,0.43135664,c5,c5
9903,5,0.45044944,0.3368772,0.21267338,c1,c1
9904,2,0.54665583,0.34612092,0.10722325,c234,c1
9905,1,0.19092831,0.4546709,0.35440075,c234,c234
9906,4,0.08938917,0.31854108,0.5920698,c5,c5
9907,4,0.52039367,0.37263572,0.10697064,c234,c1
9908,4,0.111241974,0.39093596,0.49782217,c234,c5
9909,2,0.35248888,0.3074275,0.3400836,c234,c1
9910,1,0.25628093,0.4680472,0.27567187,c1,c234
9911,5,0.3153029,0.2721069,0.41259015,c234,c5
9912,4,0.1681361,0.31824937,0.51361454,c234,c5
9913,3,0.16308554,0.40849826,0.42841616,c234,c5
9914,5,0.3516135,0.41450426,0.23388222,c5,c234
9915,4,0.15609205,0.32871693,0.515191,c234,c5
9916,3,0.46179298,0.39342853,0.14477845,c1,c1
9917,2,0.06218382,0.19925484,0.73856133,c5,c5
9918,3,0.07801629,0.33872187,0.5832619,c5,c5
9919,4,0.22488572,0.4813423,0.29377207,c1,c234
9920,1,0.547012,0.3442179,0.10877008,c234,c1
9921,3,0.34980896,0.4232527,0.22693837,c234,c234
9922,1,0.15002398,0.39680755,0.45316842,c1,c5
9923,2,0.53547764,0.35203323,0.112489104,c1,c1
9924,4,0.18490984,0.4073461,0.40774408,c1,c5
9925,2,0.3047464,0.42290482,0.27234882,c5,c234
9926,3,0.05991033,0.18411702,0.7559726,c234,c5
9927,3,0.2656324,0.45551106,0.2788565,c1,c234
9928,1,0.3483718,0.406518,0.24511017,c1,c234
9929,4,0.36966613,0.3115158,0.31881806,c234,c1
9930,3,0.33310354,0.325309,0.34158742,c234,c5
9931,3,0.4670976,0.3935758,0.13932669,c1,c1
9932,5,0.06906395,0.19528532,0.7356508,c5,c5
9933,1,0.31651676,0.4388235,0.2446598,c5,c234
9934,2,0.15608253,0.30548283,0.5384346,c5,c5
9935,1,0.51070476,0.38823926,0.101055965,c1,c1
9936,5,0.11308119,0.2671925,0.6197263,c234,c5
9937,4,0.27921125,0.31883037,0.4019584,c5,c5
9938,4,0.18684375,0.41010186,0.4030544,c1,c234
9939,4,0.17914729,0.2618537,0.55899906,c234,c5
9940,3,0.07335513,0.3076326,0.61901224,c234,c5
9941,1,0.11613911,0.27592945,0.6079315,c5,c5
9942,2,0.2458546,0.29522085,0.45892453,c1,c5
9943,3,0.09859819,0.34498277,0.556419,c234,c5
9944,1,0.3232374,0.4154759,0.26128674,c234,c234
9945,1,0.35042197,0.4178926,0.23168547,c1,c234
9946,5,0.24737257,0.51837695,0.23425052,c5,c234
9947,2,0.6194592,0.28674206,0.09379875,c1,c1
9948,4,0.15999627,0.22637579,0.6136279,c234,c5
9949,4,0.42284024,0.39543158,0.18172815,c5,c1
9950,3,0.7445344,0.1861455,0.06932015,c1,c1
9951,4,0.33256724,0.40913954,0.2582932,c1,c234
9952,2,0.2535872,0.48582774,0.26058507,c1,c234
9953,4,0.22774355,0.46275818,0.30949822,c234,c234
9954,2,0.24697982,0.3632789,0.38974136,c5,c5
9955,3,0.26455906,0.40865812,0.3267828,c234,c234
9956,5,0.23036781,0.54605204,0.22358015,c1,c234
9957,4,0.2686363,0.42082238,0.31054127,c234,c234
9958,1,0.07061926,0.21405879,0.7153219,c5,c5
9959,3,0.58979094,0.28146893,0.12874009,c234,c1
9960,5,0.53711957,0.31596836,0.14691204,c1,c1
9961,5,0.1069594,0.30686393,0.5861767,c234,c5
9962,2,0.72638214,0.21113135,0.06248654,c1,c1
9963,5,0.17858234,0.5332786,0.2881391,c234,c234
9964,4,0.12902232,0.23652752,0.6344502,c234,c5
9965,3,0.16518404,0.51858455,0.3162314,c234,c234
9966,2,0.059855424,0.26904047,0.6711041,c234,c5
9967,2,0.32426423,0.26792356,0.4078122,c1,c5
9968,5,0.52177554,0.3017364,0.17648803,c5,c1
9969,1,0.19827157,0.25254285,0.5491856,c5,c5
9970,3,0.18834004,0.2625397,0.54912025,c234,c5
9971,5,0.4337596,0.41157869,0.15466176,c1,c1
9972,3,0.16414355,0.41144964,0.42440683,c234,c5
9973,2,0.20244657,0.3795149,0.4180385,c1,c5
9974,1,0.47648105,0.39670798,0.12681095,c1,c1
9975,3,0.07674234,0.26674768,0.65651,c5,c5
9976,1,0.6256996,0.29278556,0.08151478,c1,c1
9977,1,0.20585005,0.568509,0.22564094,c1,c234
9978,4,0.07341314,0.2767203,0.6498665,c234,c5
9979,5,0.15916291,0.42221478,0.41862234,c5,c234
9980,2,0.6409823,0.28342906,0.07558868,c5,c1
9981,5,0.5584684,0.27261636,0.16891527,c1,c1
9982,1,0.05450127,0.20407252,0.7414261,c234,c5
9983,1,0.2543359,0.5116447,0.23401938,c5,c234
9984,1,0.7106083,0.21493176,0.07445999,c1,c1
9985,5,0.20125209,0.4551925,0.34355542,c5,c234
9986,5,0.3794032,0.4830183,0.13757856,c1,c234
9987,3,0.34493166,0.36588034,0.28918797,c234,c234
9988,3,0.35378724,0.40955585,0.23665689,c234,c234
9989,3,0.15555307,0.3036301,0.54081684,c1,c5
9990,4,0.33124438,0.46476898,0.20398657,c1,c234
9991,5,0.07791959,0.15709478,0.7649857,c5,c5
9992,1,0.7046582,0.20662515,0.088716626,c1,c1
9993,5,0.12516576,0.21419148,0.66064274,c234,c5
9994,2,0.3403565,0.31816337,0.3414801,c1,c5
9995,1,0.17794164,0.31329006,0.5087683,c234,c5
9996,4,0.683584,0.22304073,0.09337529,c1,c1
9997,3,0.30485275,0.5078595,0.18728776,c234,c234
9998,3,0.20130698,0.31801748,0.48067546,c1,c5
9999,1,0.61172265,0.30053684,0.08774058,c234,c1
10000,4,0.41269413,0.4015624,0.18574353,c1,c1
10001,2,0.7405316,0.16923599,0.09023233,c234,c1
10002,5,0.4591764,0.38178745,0.15903617,c1,c1
10003,1,0.2949063,0.52511793,0.17997575,c234,c234
10004,2,0.33064878,0.41352582,0.25582546,c1,c234
10005,1,0.14185545,0.41948888,0.43865567,c234,c5
10006,2,0.25377467,0.34138694,0.40483832,c5,c5
10007,3,0.4187256,0.31420493,0.26706946,c5,c1
10008,4,0.124287866,0.34342122,0.53229094,c234,c5
10009,2,0.5518004,0.21346635,0.2347333,c1,c1
10010,3,0.15937339,0.44751963,0.39310697,c5,c234
10011,2,0.057119224,0.24498463,0.69789624,c234,c5
10012,1,0.20036565,0.26630038,0.53333396,c234,c5
10013,5,0.1944376,0.40091282,0.40464956,c5,c5
10014,3,0.3830902,0.40685266,0.2100571,c5,c234
10015,2,0.0669876,0.17457111,0.7584412,c5,c5
10016,1,0.23392597,0.47300515,0.29306883,c234,c234
10017,3,0.4466227,0.29727888,0.25609842,c1,c1
10018,5,0.41232744,0.3685267,0.21914591,c5,c1
10019,5,0.06610114,0.23289445,0.7010044,c234,c5
10020,3,0.11462193,0.23090754,0.65447056,c5,c5
10021,5,0.50683933,0.34787783,0.14528283,c5,c1
10022,4,0.5558926,0.28205672,0.16205068,c1,c1
10023,5,0.36608797,0.3895084,0.24440362,c1,c234
10024,1,0.2635124,0.31058827,0.42589936,c234,c5
10025,5,0.2911646,0.33127207,0.3775633,c1,c5
10026,3,0.1845692,0.31810993,0.49732083,c1,c5
10027,5,0.11733154,0.237132,0.6455364,c234,c5
10028,5,0.40939137,0.41401497,0.17659365,c234,c234
10029,1,0.5561755,0.30161318,0.14221136,c234,c1
10030,5,0.23974717,0.5142803,0.24597248,c234,c234
10031,1,0.32655966,0.466663,0.20677733,c5,c234
10032,5,0.5967551,0.29171857,0.11152634,c1,c1
10033,4,0.19566362,0.41411874,0.3902176,c5,c234
10034,1,0.563662,0.33011833,0.10621969,c1,c1
10035,4,0.13166918,0.4269053,0.4414256,c1,c5
10036,1,0.5195282,0.36795124,0.11252056,c5,c1
10037,2,0.18481158,0.39595467,0.41923374,c234,c5
10038,1,0.6859151,0.24228252,0.0718024,c5,c1
10039,5,0.18977484,0.3703837,0.4398415,c1,c5
10040,5,0.37461486,0.39557558,0.22980957,c5,c234
10041,5,0.19649218,0.50891596,0.2945919,c5,c234
10042,1,0.64813864,0.2767605,0.0751008,c5,c1
10043,4,0.19050516,0.33545077,0.4740441,c1,c5
10044,5,0.069000535,0.19134398,0.73965555,c5,c5
10045,5,0.06270103,0.22321898,0.71408004,c1,c5
10046,4,0.2492464,0.3891631,0.36159045,c1,c234
10047,4,0.29975152,0.4827584,0.21749003,c1,c234
10048,4,0.18566398,0.40890762,0.4054284,c5,c234
10049,4,0.4480915,0.32997873,0.22192973,c234,c1
10050,1,0.31259874,0.41900766,0.2683936,c1,c234
10051,5,0.084862284,0.23214856,0.6829892,c1,c5
10052,2,0.3229341,0.26410255,0.4129634,c5,c5
10053,4,0.40136465,0.35121077,0.24742457,c234,c1
10054,5,0.1268007,0.42562303,0.4475763,c5,c5
10055,3,0.17431548,0.43951482,0.38616973,c1,c234
10056,1,0.5877876,0.28876448,0.12344786,c5,c1
10057,2,0.41537836,0.42751887,0.15710272,c234,c234
10058,3,0.5726172,0.24454205,0.18284081,c234,c1
10059,4,0.05932906,0.22840533,0.71226555,c5,c5
10060,3,0.34944794,0.3019908,0.34856126,c5,c1
10061,4,0.04376901,0.09663279,0.85959816,c5,c5
10062,4,0.4288265,0.37779188,0.19338165,c1,c1
10063,4,0.49106315,0.32445163,0.18448514,c1,c1
10064,4,0.33670217,0.3342247,0.32907316,c1,c1
10065,5,0.29267582,0.44245318,0.2648709,c1,c234
10066,5,0.55242854,0.3540719,0.09349957,c234,c1
10067,4,0.11986758,0.26482022,0.6153122,c5,c5
10068,2,0.48454916,0.38740245,0.1280484,c1,c1
10069,1,0.17525645,0.46889606,0.35584748,c234,c234
10070,4,0.41269413,0.4015624,0.18574353,c1,c1
10071,4,0.49932653,0.31626245,0.18441093,c1,c1
10072,4,0.2990812,0.48878664,0.21213213,c5,c234
10073,2,0.25439116,0.48499414,0.2606147,c5,c234
10074,3,0.09723607,0.2876126,0.6151513,c234,c5
10075,2,0.18421099,0.34676597,0.4690231,c5,c5
10076,5,0.46092144,0.32146093,0.21761759,c234,c1
10077,4,0.3623688,0.44317132,0.19445989,c1,c234
10078,1,0.19082858,0.26142144,0.54775,c234,c5
10079,5,0.5783121,0.32250845,0.09917938,c1,c1
10080,3,0.23865895,0.41625994,0.3450811,c5,c234
10081,1,0.26169974,0.36547485,0.37282538,c5,c5
10082,3,0.16919194,0.4037948,0.42701325,c5,c5
10083,5,0.4883465,0.3088245,0.20282897,c234,c1
10084,5,0.09264737,0.26299512,0.6443575,c234,c5
10085,4,0.33918592,0.3793315,0.2814826,c234,c234
10086,3,0.5816897,0.32818583,0.09012442,c1,c1
10087,2,0.5928708,0.33281404,0.07431526,c234,c1
10088,5,0.22503254,0.47436285,0.3006046,c234,c234
10089,1,0.44641873,0.3534913,0.20008998,c1,c1
10090,2,0.08434424,0.31776834,0.5978875,c234,c5
10091,3,0.07456002,0.23171669,0.69372326,c5,c5
10092,4,0.2703681,0.42023933,0.3093926,c1,c234
10093,3,0.23230304,0.51150084,0.25619608,c5,c234
10094,5,0.52987486,0.3442074,0.12591778,c234,c1
10095,2,0.15286309,0.2716444,0.5754925,c1,c5
10096,5,0.17640167,0.33902842,0.48456988,c5,c5
10097,3,0.3058403,0.3760293,0.31813037,c5,c234
10098,5,0.097856276,0.23991613,0.6622276,c5,c5
10099,4,0.07296299,0.30711067,0.6199264,c234,c5
10100,1,0.17645895,0.36101106,0.46252996,c1,c5
10101,5,0.28964883,0.321916,0.38843518,c234,c5
10102,5,0.15642627,0.31128067,0.532293,c234,c5
10103,1,0.083222315,0.2554369,0.6613408,c5,c5
10104,4,0.35252377,0.3501863,0.29728994,c5,c1
10105,2,0.39712656,0.26441416,0.3384593,c234,c1
10106,5,0.19038047,0.3985345,0.41108495,c234,c5
10107,5,0.328708,0.34986514,0.32142684,c1,c234
10108,2,0.24316888,0.47709063,0.2797405,c5,c234
10109,1,0.46108633,0.39801535,0.1408983,c234,c1
10110,3,0.14311016,0.26689216,0.58999765,c234,c5
10111,4,0.30558965,0.4227957,0.27161464,c234,c234
10112,5,0.11740771,0.30834794,0.5742443,c5,c5
10113,3,0.24352965,0.48031294,0.27615744,c1,c234
10114,1,0.45299888,0.37333244,0.1736687,c234,c1
10115,5,0.3950883,0.29655385,0.3083578,c5,c1
10116,4,0.11292467,0.43606672,0.45100868,c5,c5
10117,4,0.27915964,0.44449908,0.27634132,c1,c234
10118,1,0.49834615,0.28143,0.22022386,c1,c1
10119,5,0.4342122,0.4091014,0.15668638,c234,c1
10120,2,0.106737435,0.2432364,0.65002614,c1,c5
10121,4,0.27703843,0.44087255,0.282089,c234,c234
10122,2,0.5354918,0.36477274,0.09973549,c234,c1
10123,5,0.12704991,0.37800673,0.49494332,c234,c5
10124,2,0.0489893,0.20754069,0.74347,c5,c5
10125,2,0.63062215,0.259202,0.11017587,c1,c1
10126,2,0.21094115,0.2981268,0.49093205,c5,c5
10127,3,0.4049692,0.27877304,0.31625777,c1,c1
10128,4,0.1548426,0.23691517,0.6082422,c1,c5
10129,4,0.26227334,0.31263813,0.4250885,c5,c5
10130,2,0.16992772,0.37819958,0.45187268,c234,c5
10131,3,0.3373765,0.4115812,0.25104234,c234,c234
10132,3,0.1869712,0.5156142,0.29741454,c1,c234
10133,3,0.111049265,0.3099284,0.5790224,c5,c5
10134,5,0.49113923,0.3301985,0.17866226,c1,c1
10135,5,0.053221487,0.27520838,0.6715701,c5,c5
10136,1,0.56517494,0.32067364,0.11415144,c1,c1
10137,3,0.26427773,0.36997163,0.36575064,c234,c234
10138,4,0.6521055,0.261137,0.08675747,c1,c1
10139,3,0.3043248,0.42778072,0.26789448,c234,c234
10140,4,0.41269413,0.4015624,0.18574353,c1,c1
10141,5,0.10734106,0.24245849,0.6502004,c5,c5
10142,3,0.56359243,0.3182145,0.11819309,c5,c1
10143,4,0.092306286,0.34938237,0.5583114,c1,c5
10144,2,0.6647058,0.25520554,0.08008861,c234,c1
10145,2,0.23363227,0.24676487,0.5196029,c5,c5
10146,1,0.45828465,0.30724615,0.23446925,c1,c1
10147,1,0.13031441,0.3284914,0.5411942,c234,c5
10148,2,0.37589315,0.47291666,0.15119016,c5,c234
10149,2,0.23724581,0.35497627,0.40777794,c234,c5
10150,3,0.07112394,0.21335016,0.71552587,c5,c5
10151,2,0.5247191,0.34447643,0.13080439,c5,c1
10152,1,0.32511923,0.41037512,0.26450565,c5,c234
10153,4,0.6234089,0.28324848,0.093342625,c5,c1
10154,3,0.27959153,0.51853395,0.2018745,c234,c234
10155,5,0.51208097,0.4018388,0.08608022,c234,c1
10156,3,0.18434526,0.50098,0.31467468,c1,c234
10157,1,0.38735145,0.43222725,0.18042125,c234,c234
10158,5,0.24554728,0.4897618,0.2646909,c1,c234
10159,5,0.1812704,0.4633425,0.35538715,c234,c234
10160,1,0.28222716,0.52778494,0.18998791,c234,c234
10161,1,0.21962215,0.45918694,0.32119086,c234,c234
10162,3,0.14397775,0.2633167,0.59270555,c5,c5
10163,2,0.17666338,0.4822181,0.34111848,c5,c234
10164,2,0.27712747,0.35070705,0.37216544,c5,c5
10165,1,0.10561602,0.30039495,0.593989,c5,c5
10166,2,0.16245696,0.46540284,0.37214017,c234,c234
10167,2,0.60117537,0.29835817,0.10046649,c1,c1
10168,1,0.60495573,0.273809,0.12123532,c1,c1
10169,4,0.10800846,0.32717195,0.5648196,c5,c5
10170,3,0.38812134,0.2731775,0.33870113,c5,c1
10171,4,0.17914729,0.2618537,0.55899906,c234,c5
10172,3,0.7335612,0.19352207,0.07291667,c1,c1
10173,2,0.35290772,0.45853996,0.18855232,c1,c234
10174,1,0.19807796,0.2842438,0.51767826,c234,c5
10175,2,0.34965578,0.32595482,0.3243894,c234,c1
10176,5,0.18681514,0.37978002,0.43340483,c234,c5
10177,4,0.45894456,0.41401494,0.12704046,c234,c1
10178,3,0.6088963,0.27055916,0.12054451,c5,c1
10179,1,0.27666447,0.36033228,0.36300328,c234,c5
10180,2,0.5052886,0.4080977,0.086613685,c1,c1
10181,5,0.41352034,0.41210935,0.17437032,c5,c1
10182,3,0.11450986,0.2646395,0.6208507,c5,c5
10183,2,0.07840615,0.26382375,0.65777004,c5,c5
10184,1,0.41215047,0.30260506,0.28524444,c1,c1
10185,1,0.6985336,0.23617467,0.06529177,c1,c1
10186,3,0.51649314,0.3716983,0.11180861,c1,c1
10187,2,0.47996816,0.37425613,0.14577574,c1,c1
10188,5,0.3737878,0.38570014,0.24051206,c1,c234
10189,5,0.3467703,0.47676414,0.17646551,c1,c234
10190,1,0.47146976,0.30319852,0.22533174,c234,c1
10191,4,0.463771,0.40847784,0.12775114,c1,c1
10192,1,0.53433394,0.3694903,0.09617575,c1,c1
10193,4,0.29250953,0.3914583,0.31603214,c234,c234
10194,1,0.563662,0.33011833,0.10621969,c1,c1
10195,5,0.08443821,0.36144924,0.5541125,c1,c5
10196,3,0.3876717,0.43263742,0.17969087,c1,c234
10197,4,0.104258016,0.2761289,0.6196131,c234,c5
10198,5,0.18898138,0.30019045,0.5108282,c234,c5
10199,1,0.05584306,0.20279954,0.7413573,c5,c5
10200,2,0.05570269,0.2427899,0.70150745,c234,c5
10201,2,0.09095283,0.30896914,0.6000781,c234,c5
10202,3,0.70044446,0.18487573,0.114679895,c234,c1
10203,3,0.64856404,0.23046358,0.12097229,c1,c1
10204,4,0.44476184,0.35403278,0.20120536,c1,c1
10205,4,0.338902,0.44812348,0.21297446,c1,c234
10206,2,0.41061556,0.2944944,0.2948901,c1,c1
10207,1,0.45863703,0.34036237,0.20100062,c1,c1
10208,3,0.13779591,0.3045589,0.5576452,c234,c5
10209,4,0.09674982,0.22772677,0.6755234,c5,c5
10210,4,0.16756319,0.27436617,0.55807066,c234,c5
10211,5,0.5467717,0.26148072,0.19174758,c1,c1
10212,4,0.41269413,0.4015624,0.18574353,c234,c1
10213,5,0.07762773,0.22301131,0.6993609,c5,c5
10214,2,0.04710334,0.24291821,0.7099784,c5,c5
10215,5,0.1356437,0.56746775,0.29688856,c5,c234
10216,1,0.24291836,0.30091769,0.45616397,c1,c5
10217,4,0.6063654,0.31068563,0.08294891,c1,c1
10218,1,0.45617965,0.30559233,0.23822807,c1,c1
10219,5,0.28091305,0.51233673,0.20675021,c5,c234
10220,4,0.68293834,0.25297776,0.06408393,c1,c1
10221,1,0.2491247,0.48278657,0.26808867,c1,c234
10222,2,0.17657456,0.3782147,0.44521078,c1,c5
10223,3,0.08188687,0.26738462,0.65072846,c5,c5
10224,3,0.26778373,0.48513052,0.24708572,c1,c234
10225,2,0.13202047,0.300359,0.5676205,c234,c5
10226,4,0.5157511,0.39708477,0.087164074,c1,c1
10227,1,0.2884786,0.29960433,0.41191706,c5,c5
10228,3,0.11191665,0.36830688,0.51977646,c5,c5
10229,1,0.49183208,0.29684007,0.21132787,c5,c1
10230,1,0.383049,0.2768107,0.34014025,c5,c1
10231,5,0.4426875,0.42406866,0.13324381,c1,c1
10232,5,0.39577046,0.26946405,0.33476546,c1,c1
10233,3,0.2928299,0.2976774,0.40949267,c234,c5
10234,3,0.15889491,0.3351509,0.5059542,c5,c5
10235,1,0.5865683,0.29679605,0.11663563,c1,c1
10236,5,0.2778325,0.42937088,0.29279658,c1,c234
10237,2,0.17212361,0.28539053,0.5424859,c5,c5
10238,4,0.34973603,0.40951973,0.24074422,c5,c234
10239,3,0.68043786,0.22675258,0.092809506,c234,c1
10240,1,0.4154071,0.35696855,0.22762431,c5,c1
10241,5,0.2636361,0.31860813,0.41775575,c234,c5
10242,2,0.47364163,0.35448146,0.171877,c1,c1
10243,4,0.1949477,0.43388528,0.37116706,c234,c234
10244,3,0.40193596,0.29490742,0.30315655,c1,c1
10245,2,0.35395497,0.35328588,0.29275918,c234,c1
10246,1,0.19623806,0.5087543,0.29500765,c5,c234
10247,3,0.21716486,0.37353626,0.4092989,c234,c5
10248,2,0.32053939,0.4232484,0.2562122,c1,c234
10249,3,0.16883406,0.34867355,0.4824924,c1,c5
10250,4,0.65646046,0.2647528,0.07878678,c5,c1
10251,2,0.38753763,0.3725094,0.23995295,c5,c1
10252,1,0.563662,0.33011833,0.10621969,c5,c1
10253,5,0.57825917,0.3125573,0.1091835,c234,c1
10254,5,0.17515287,0.33205727,0.49278986,c5,c5
10255,1,0.3193526,0.4931158,0.18753156,c1,c234
10256,1,0.63669693,0.2825929,0.08071013,c1,c1
10257,4,0.18224986,0.36887458,0.44887555,c5,c5
10258,4,0.1789754,0.44818994,0.37283468,c1,c234
10259,3,0.08979858,0.3443172,0.56588423,c234,c5
10260,2,0.13652211,0.19639622,0.66708165,c5,c5
10261,2,0.3707388,0.31120172,0.3180595,c5,c1
10262,4,0.44505364,0.3685123,0.18643408,c234,c1
10263,5,0.5207359,0.35058853,0.12867552,c1,c1
10264,1,0.34892496,0.41951174,0.2315633,c234,c234
10265,1,0.34405962,0.34459814,0.31134224,c1,c234
10266,4,0.6551787,0.27276927,0.07205203,c1,c1
10267,1,0.75696576,0.18316232,0.05987198,c234,c1
10268,4,0.08752024,0.39890203,0.5135777,c234,c5
10269,3,0.10344846,0.18545526,0.7110963,c234,c5
10270,5,0.22429805,0.437549,0.33815295,c5,c234
10271,1,0.3713986,0.29649362,0.33210775,c234,c1
10272,5,0.17103432,0.4109918,0.41797385,c234,c5
10273,1,0.2512275,0.40768293,0.34108955,c1,c234
10274,3,0.12950638,0.19358328,0.67691034,c234,c5
10275,3,0.21536162,0.44918102,0.33545735,c5,c234
10276,4,0.17945303,0.35337356,0.46717343,c1,c5
10277,2,0.5741743,0.29820967,0.12761612,c5,c1
10278,5,0.4551509,0.42383322,0.121015914,c234,c1
10279,5,0.08916342,0.39244816,0.5183884,c5,c5
10280,3,0.40166447,0.33333722,0.26499832,c5,c1
10281,5,0.12883905,0.21590313,0.6552578,c5,c5
10282,4,0.06623582,0.33294174,0.6008225,c5,c5
10283,5,0.4687042,0.33490646,0.19638929,c5,c1
10284,4,0.32013676,0.42928186,0.25058135,c1,c234
10285,3,0.19822948,0.2991451,0.5026254,c1,c5
10286,3,0.12190259,0.3370772,0.5410202,c5,c5
10287,1,0.54071224,0.31566307,0.14362471,c234,c1
10288,2,0.32754114,0.40890238,0.26355645,c5,c234
10289,4,0.23233485,0.36730313,0.40036198,c5,c5
10290,4,0.049691632,0.27232835,0.67798,c5,c5
10291,4,0.17208226,0.4309281,0.39698958,c234,c234
10292,2,0.79103035,0.15466419,0.054305494,c1,c1
10293,2,0.62084955,0.2955777,0.08357276,c234,c1
10294,4,0.23578662,0.37198734,0.39222607,c1,c5
10295,3,0.38138643,0.46495157,0.15366203,c1,c234
10296,1,0.30231178,0.4407748,0.25691342,c1,c234
10297,3,0.10140628,0.2758865,0.62270725,c1,c5
10298,2,0.6042643,0.30378988,0.09194579,c1,c1
10299,1,0.5269999,0.28077725,0.19222286,c5,c1
10300,4,0.6833609,0.22912087,0.08751825,c1,c1
10301,1,0.14531551,0.25236848,0.602316,c5,c5
10302,2,0.52496713,0.34037468,0.13465823,c1,c1
10303,5,0.3153029,0.2721069,0.41259015,c5,c5
10304,2,0.34131095,0.26732635,0.3913627,c234,c5
10305,4,0.60390097,0.2999396,0.09615946,c5,c1
10306,5,0.35786778,0.4157932,0.22633898,c1,c234
10307,5,0.52463263,0.33997104,0.1353963,c1,c1
10308,1,0.53267455,0.3583637,0.10896172,c234,c1
10309,5,0.110961005,0.29964158,0.58939743,c5,c5
10310,5,0.16703755,0.44986218,0.38310027,c234,c234
10311,2,0.15037313,0.3188455,0.5307814,c5,c5
10312,5,0.10175083,0.3500663,0.5481829,c5,c5
10313,2,0.15753974,0.33984053,0.50261974,c234,c5
10314,2,0.17813005,0.3853849,0.43648508,c5,c5
10315,5,0.09096588,0.22729665,0.6817375,c5,c5
10316,1,0.048671927,0.25266767,0.6986605,c234,c5
10317,4,0.08075646,0.21579917,0.70344436,c5,c5
10318,3,0.3913024,0.34531525,0.26338235,c5,c1
10319,5,0.11199075,0.3447874,0.5432219,c234,c5
10320,4,0.41924077,0.386317,0.1944422,c1,c1
10321,2,0.48172557,0.3665446,0.15172978,c234,c1
10322,1,0.34132624,0.47123104,0.18744276,c1,c234
10323,1,0.045831546,0.24559492,0.7085735,c5,c5
10324,1,0.117890276,0.32297242,0.5591373,c5,c5
10325,1,0.36045262,0.36659852,0.27294886,c234,c234
10326,2,0.06756904,0.1959954,0.7364356,c5,c5
10327,3,0.42336923,0.33022377,0.24640708,c5,c1
10328,5,0.47019383,0.36627677,0.16352938,c234,c1
10329,4,0.43762258,0.3207583,0.24161915,c234,c1
10330,1,0.18221445,0.41627917,0.40150633,c5,c234
10331,2,0.20757101,0.45315546,0.3392735,c234,c234
10332,1,0.31651676,0.4388235,0.2446598,c234,c234
10333,3,0.19097164,0.3870941,0.42193425,c234,c5
10334,3,0.18126382,0.39625502,0.42248118,c5,c5
10335,5,0.32976854,0.46835244,0.20187898,c1,c234
10336,4,0.3958704,0.4080878,0.19604184,c234,c234
10337,3,0.55216175,0.35151133,0.096326865,c1,c1
10338,3,0.24971996,0.43147737,0.31880265,c5,c234
10339,3,0.08411089,0.28367645,0.6322127,c5,c5
10340,2,0.30164474,0.44554362,0.25281164,c234,c234
10341,5,0.21828616,0.44642034,0.33529344,c234,c234
10342,3,0.23769596,0.44201934,0.32028466,c234,c234
10343,3,0.3258042,0.5073718,0.16682398,c234,c234
10344,4,0.1854087,0.4190508,0.39554045,c234,c234
10345,2,0.67396426,0.2647995,0.06123627,c5,c1
10346,4,0.64969456,0.25052544,0.09977995,c5,c1
10347,3,0.06423535,0.2838351,0.6519295,c5,c5
10348,4,0.58093137,0.2950788,0.12398976,c5,c1
10349,2,0.36954567,0.386289,0.24416533,c1,c234
10350,2,0.741548,0.18721825,0.071233734,c1,c1
10351,5,0.052278455,0.24137928,0.7063423,c5,c5
10352,3,0.37004098,0.45688382,0.17307517,c1,c234
10353,4,0.13312638,0.30309695,0.5637767,c234,c5
10354,2,0.34903294,0.31989986,0.33106717,c234,c1
10355,1,0.38858056,0.3071581,0.3042613,c5,c1
10356,3,0.36180544,0.2869638,0.35123077,c5,c1
10357,2,0.1775762,0.31667978,0.50574404,c5,c5
10358,1,0.18515919,0.4669699,0.34787083,c234,c234
10359,4,0.26240408,0.38956362,0.34803227,c5,c234
10360,2,0.22068883,0.34706515,0.43224603,c5,c5
10361,4,0.4498218,0.34438547,0.20579265,c5,c1
10362,4,0.22080784,0.51944536,0.25974682,c234,c234
10363,3,0.4028787,0.45507476,0.14204659,c1,c234
10364,1,0.26954475,0.44056913,0.28988612,c234,c234
10365,1,0.5406871,0.28771815,0.17159477,c234,c1
10366,5,0.14699599,0.49148753,0.3615165,c5,c234
10367,1,0.1591577,0.31923914,0.5216032,c1,c5
10368,3,0.1883648,0.4105235,0.40111166,c5,c234
10369,3,0.4387624,0.39445803,0.16677955,c234,c1
10370,1,0.43382722,0.375813,0.19035977,c1,c1
10371,4,0.52115196,0.3628469,0.11600117,c234,c1
10372,4,0.27369282,0.4936013,0.2327058,c5,c234
10373,3,0.1511522,0.47060987,0.378238,c1,c234
10374,4,0.36106557,0.43108514,0.20784932,c234,c234
10375,5,0.044531826,0.1791189,0.7763493,c5,c5
10376,3,0.26183388,0.3453947,0.39277142,c234,c5
10377,4,0.15925007,0.3943402,0.4464098,c234,c5
10378,2,0.5347755,0.34378397,0.12144059,c1,c1
10379,3,0.17949383,0.4307936,0.38971254,c1,c234
10380,3,0.21016875,0.35943446,0.43039683,c5,c5
10381,2,0.5910281,0.2810283,0.12794368,c1,c1
10382,5,0.47647408,0.2636162,0.2599097,c234,c1
10383,5,0.2612257,0.52451146,0.21426286,c1,c234
10384,5,0.13159202,0.28609324,0.5823147,c234,c5
10385,5,0.15173677,0.35073745,0.49752572,c234,c5
10386,2,0.17769042,0.4010185,0.42129108,c234,c5
10387,1,0.15658696,0.26289886,0.58051413,c234,c5
10388,4,0.4660114,0.38113755,0.15285106,c234,c1
10389,2,0.26377794,0.42131022,0.31491184,c1,c234
10390,5,0.20673391,0.5630596,0.23020642,c234,c234
10391,3,0.6232145,0.23084044,0.14594512,c1,c1
10392,3,0.7136781,0.2063276,0.079994306,c1,c1
10393,5,0.6483523,0.25452292,0.0971248,c1,c1
10394,3,0.2197773,0.3135891,0.46663362,c1,c5
10395,1,0.26011756,0.49931306,0.24056941,c234,c234
10396,5,0.32722193,0.38316292,0.28961518,c234,c234
10397,2,0.10846857,0.37126988,0.5202615,c234,c5
10398,4,0.650428,0.2642128,0.08535926,c1,c1
10399,2,0.6409823,0.28342906,0.07558868,c1,c1
10400,1,0.5715076,0.2527396,0.1757528,c1,c1
10401,5,0.05779369,0.30984706,0.6323593,c5,c5
10402,2,0.6191802,0.22834045,0.15247935,c1,c1
10403,5,0.15600333,0.27336022,0.57063645,c5,c5
10404,5,0.34817386,0.41255918,0.23926696,c1,c234
10405,1,0.082384326,0.41858646,0.49902925,c234,c5
10406,5,0.15996355,0.41735214,0.4226843,c5,c5
10407,2,0.24829009,0.45717734,0.2945325,c5,c234
10408,5,0.17836511,0.4378086,0.38382626,c5,c234
10409,2,0.58115023,0.2780232,0.14082652,c1,c1
10410,3,0.7445344,0.1861455,0.06932015,c1,c1
10411,3,0.42811248,0.4553897,0.1164978,c5,c234
10412,3,0.096686676,0.34228227,0.5610311,c234,c5
10413,4,0.1352047,0.35379016,0.51100516,c5,c5
10414,3,0.2704553,0.47692895,0.25261572,c1,c234
10415,4,0.16332078,0.31992275,0.5167565,c5,c5
10416,5,0.17418416,0.5626854,0.26313043,c234,c234
10417,1,0.3974966,0.37829977,0.22420362,c234,c1
10418,1,0.27507836,0.48142394,0.24349771,c234,c234
10419,2,0.50991786,0.39897084,0.091111295,c234,c1
10420,3,0.19623482,0.3630521,0.44071305,c1,c5
10421,2,0.17287873,0.26591945,0.5612018,c1,c5
10422,5,0.15186669,0.40502957,0.4431037,c1,c5
10423,2,0.2661021,0.371708,0.3621899,c234,c234
10424,4,0.6741352,0.2591815,0.06668327,c1,c1
10425,1,0.3980846,0.41490367,0.18701175,c234,c234
10426,1,0.105742276,0.6037693,0.29048845,c5,c234
10427,2,0.19784889,0.3431483,0.45900276,c5,c5
10428,3,0.75744885,0.17617184,0.06637932,c1,c1
10429,1,0.0644918,0.26348826,0.67201996,c5,c5
10430,4,0.053484157,0.26766524,0.6788506,c5,c5
10431,3,0.48389593,0.30803388,0.20807023,c234,c1
10432,1,0.26324242,0.39087975,0.3458778,c234,c234
10433,4,0.20876782,0.33121592,0.4600162,c5,c5
10434,2,0.41537836,0.42751887,0.15710272,c234,c234
10435,1,0.066489205,0.2626491,0.6708617,c1,c5
10436,1,0.11044709,0.58096635,0.30858657,c234,c234
10437,3,0.23316059,0.43358535,0.33325404,c234,c234
10438,4,0.36427146,0.30116338,0.33456516,c234,c1
10439,5,0.47647408,0.2636162,0.2599097,c1,c1
10440,2,0.12975974,0.2324753,0.637765,c5,c5
10441,5,0.07372181,0.26920274,0.6570754,c5,c5
10442,1,0.16561079,0.38618636,0.44820282,c5,c5
10443,2,0.12965783,0.24111722,0.62922496,c5,c5
10444,5,0.618535,0.29585397,0.085611075,c1,c1
10445,1,0.5149396,0.36619583,0.11886461,c234,c1
10446,5,0.58521533,0.31864247,0.09614213,c1,c1
10447,1,0.27909318,0.35687846,0.36402833,c234,c5
10448,1,0.053052478,0.25828025,0.68866724,c5,c5
10449,4,0.09721186,0.34853834,0.55424976,c5,c5
10450,1,0.48771918,0.3818118,0.13046908,c5,c1
10451,4,0.42233098,0.27062145,0.30704755,c5,c1
10452,1,0.58092064,0.33294374,0.086135596,c234,c1
10453,4,0.116722345,0.27497235,0.6083053,c1,c5
10454,2,0.31997052,0.41900468,0.26102483,c1,c234
10455,1,0.65105367,0.26934505,0.07960123,c1,c1
10456,2,0.28114104,0.32330507,0.3955539,c1,c5
10457,1,0.19065133,0.4529042,0.35644454,c234,c234
10458,2,0.38107735,0.4585462,0.16037644,c234,c234
10459,5,0.069149606,0.34903383,0.58181655,c5,c5
10460,1,0.25879195,0.4008248,0.3403833,c5,c234
10461,2,0.04780116,0.23451136,0.7176875,c5,c5
10462,4,0.22000888,0.36441982,0.41557127,c234,c5
10463,5,0.5545332,0.2977388,0.14772801,c1,c1
10464,4,0.1389183,0.41220984,0.4488719,c5,c5
10465,5,0.4584333,0.36478174,0.17678495,c5,c1
10466,5,0.30656034,0.5061117,0.18732797,c1,c234
10467,3,0.07263193,0.16496234,0.7624057,c5,c5
10468,5,0.42215627,0.38437766,0.19346607,c1,c1
10469,1,0.1118451,0.3159832,0.5721717,c5,c5
10470,4,0.13138156,0.3078671,0.5607513,c5,c5
10471,1,0.50266427,0.28355688,0.21377884,c1,c1
10472,4,0.59887254,0.3209449,0.0801826,c234,c1
10473,5,0.39577046,0.26946405,0.33476546,c5,c1
10474,3,0.22185439,0.34036902,0.43777663,c5,c5
10475,4,0.119877666,0.36370206,0.51642025,c5,c5
10476,2,0.5661774,0.30436906,0.12945348,c234,c1
10477,4,0.054132804,0.28122228,0.6646449,c5,c5
10478,3,0.19091184,0.36379376,0.44529438,c1,c5
10479,3,0.45003676,0.31465608,0.23530719,c234,c1
10480,4,0.116150916,0.31045678,0.5733922,c5,c5
10481,3,0.31142202,0.31956697,0.36901107,c234,c5
10482,2,0.42523158,0.397765,0.17700341,c1,c1
10483,4,0.02899878,0.14880395,0.82219726,c5,c5
10484,3,0.21633019,0.2192546,0.5644152,c1,c5
10485,3,0.39762667,0.4522231,0.15015025,c5,c234
10486,1,0.14134961,0.43178836,0.4268621,c1,c234
10487,2,0.19936982,0.36335534,0.43727478,c5,c5
10488,1,0.563662,0.33011833,0.10621969,c234,c1
10489,3,0.2342799,0.38381815,0.38190198,c1,c234
10490,1,0.06425457,0.21179141,0.723954,c5,c5
10491,5,0.52987486,0.3442074,0.12591778,c1,c1
10492,2,0.6409823,0.28342906,0.07558868,c234,c1
10493,5,0.21329637,0.49134928,0.29535428,c1,c234
10494,2,0.25354534,0.29638833,0.4500664,c1,c5
10495,2,0.043793898,0.18973342,0.76647276,c5,c5
10496,5,0.21174791,0.46351728,0.32473475,c5,c234
10497,2,0.20578963,0.49173906,0.30247128,c234,c234
10498,3,0.16549067,0.38826883,0.44624054,c5,c5
10499,4,0.41269413,0.4015624,0.18574353,c234,c1
10500,1,0.045095213,0.13581792,0.8190869,c5,c5
10501,4,0.1410546,0.27085462,0.5880908,c5,c5
10502,4,0.8430102,0.11892379,0.038066044,c1,c1
10503,5,0.17433007,0.4854714,0.3401986,c5,c234
10504,5,0.065068185,0.27454987,0.660382,c234,c5
10505,2,0.22137608,0.5020555,0.27656838,c234,c234
10506,1,0.12162805,0.28464663,0.5937254,c5,c5
10507,1,0.20273636,0.3202145,0.47704905,c1,c5
10508,2,0.07327413,0.17024271,0.75648314,c5,c5
10509,1,0.22559756,0.3343184,0.44008404,c234,c5
10510,1,0.29415086,0.371626,0.33422315,c5,c234
10511,4,0.7702577,0.15767619,0.07206615,c1,c1
10512,1,0.60450095,0.31796688,0.07753213,c1,c1
10513,1,0.18908018,0.2580243,0.5528956,c234,c5
10514,2,0.13582006,0.41227165,0.45190832,c234,c5
10515,4,0.07429197,0.18304019,0.74266785,c5,c5
10516,1,0.671531,0.23196162,0.09650732,c1,c1
10517,1,0.762502,0.18788843,0.04960955,c1,c1
10518,5,0.23231806,0.3654876,0.40219435,c234,c5
10519,2,0.5578845,0.26099688,0.1811186,c1,c1
10520,3,0.0733283,0.23366454,0.6930072,c5,c5
10521,2,0.42403808,0.38082516,0.19513668,c234,c1
10522,1,0.1494117,0.3401748,0.5104135,c5,c5
10523,3,0.20040183,0.46413165,0.33546656,c5,c234
10524,4,0.39407143,0.32104826,0.28488037,c5,c1
10525,4,0.4146572,0.35401544,0.2313274,c5,c1
10526,3,0.3349363,0.45258057,0.21248308,c5,c234
10527,1,0.20288931,0.30141062,0.49570012,c234,c5
10528,5,0.3950883,0.29655385,0.3083578,c234,c1
10529,2,0.24395993,0.31174397,0.44429615,c1,c5
10530,2,0.30832466,0.47990933,0.21176602,c234,c234
10531,2,0.60424894,0.21056344,0.18518755,c5,c1
10532,1,0.35496414,0.38309395,0.2619419,c1,c234
10533,5,0.11682261,0.40994695,0.4732304,c5,c5
10534,5,0.49699685,0.35242352,0.1505796,c1,c1
10535,2,0.68722194,0.24519737,0.067580625,c5,c1
10536,1,0.07072143,0.3861626,0.543116,c5,c5
10537,2,0.14768513,0.47766545,0.37464944,c234,c234
10538,1,0.05427409,0.31910858,0.6266174,c1,c5
10539,4,0.41269413,0.4015624,0.18574353,c1,c1
10540,4,0.09097124,0.41676235,0.4922664,c5,c5
10541,3,0.6795243,0.22419277,0.09628297,c234,c1
10542,5,0.15653697,0.3067465,0.53671646,c1,c5
10543,4,0.2930642,0.50887144,0.19806433,c234,c234
10544,2,0.3068048,0.23960795,0.45358723,c5,c5
10545,5,0.34735328,0.38918346,0.26346332,c234,c234
10546,5,0.070979714,0.1546559,0.77436435,c5,c5
10547,1,0.124520995,0.3233774,0.5521016,c5,c5
10548,2,0.81837106,0.12550128,0.05612764,c1,c1
10549,1,0.24774888,0.3024295,0.4498217,c5,c5
10550,4,0.07655868,0.2871012,0.63634014,c234,c5
10551,3,0.2670581,0.47777092,0.25517103,c234,c234
10552,3,0.2691406,0.40412658,0.32673278,c1,c234
10553,1,0.05624253,0.27771544,0.6660421,c234,c5
10554,3,0.19410403,0.33131257,0.47458336,c1,c5
10555,1,0.12307743,0.26277485,0.6141478,c234,c5
10556,2,0.22091658,0.3838122,0.39527127,c5,c5
10557,4,0.6914265,0.23234929,0.07622418,c1,c1
10558,1,0.18308848,0.35222363,0.46468788,c234,c5
10559,3,0.19824925,0.3371922,0.46455854,c5,c5
10560,4,0.073995695,0.22941616,0.69658816,c5,c5
10561,1,0.52089274,0.37683737,0.102269806,c1,c1
10562,5,0.22060044,0.47413394,0.3052656,c234,c234
10563,1,0.5820657,0.26982793,0.14810641,c1,c1
10564,1,0.5599521,0.33149624,0.10855166,c1,c1
10565,2,0.43376324,0.35411364,0.21212311,c5,c1
10566,1,0.57942,0.333058,0.08752205,c234,c1
10567,1,0.66846097,0.2650609,0.066478096,c234,c1
10568,1,0.21065699,0.39683947,0.39250353,c5,c234
10569,5,0.20672926,0.3582879,0.4349828,c5,c5
10570,4,0.15765746,0.25700292,0.5853396,c5,c5
10571,4,0.11999645,0.43978694,0.44021663,c5,c5
10572,2,0.22793572,0.506068,0.26599634,c234,c234
10573,3,0.28769565,0.43820179,0.27410254,c234,c234
10574,2,0.3334423,0.46759596,0.19896172,c1,c234
10575,2,0.10780004,0.3223819,0.569818,c5,c5
10576,3,0.13777585,0.2933855,0.56883866,c234,c5
10577,2,0.5364381,0.32699868,0.13656315,c234,c1
10578,2,0.49881455,0.2769551,0.22423035,c1,c1
10579,1,0.14623052,0.31652465,0.5372448,c1,c5
10580,1,0.762502,0.18788843,0.04960955,c234,c1
10581,1,0.11069222,0.25881636,0.63049144,c5,c5
10582,1,0.0489713,0.25285998,0.69816875,c5,c5
10583,3,0.22735535,0.53133416,0.24131052,c1,c234
10584,2,0.19255333,0.27109656,0.53635013,c1,c5
10585,1,0.7738812,0.17586716,0.05025165,c1,c1
10586,5,0.19106989,0.3038045,0.50512564,c5,c5
10587,1,0.072300576,0.3432467,0.58445275,c234,c5
10588,5,0.15797436,0.34800878,0.4940168,c1,c5
10589,3,0.27793923,0.43443996,0.28762087,c234,c234
10590,3,0.44222522,0.37193665,0.1858381,c1,c1
10591,4,0.15877956,0.24462019,0.5966003,c5,c5
10592,5,0.18051712,0.43760803,0.38187492,c234,c234
10593,2,0.2690615,0.47763816,0.2533004,c5,c234
10594,2,0.11227991,0.23397751,0.6537426,c5,c5
10595,4,0.43917564,0.36905628,0.19176799,c234,c1
10596,5,0.5319608,0.34358552,0.12445361,c1,c1
10597,1,0.066299856,0.29662797,0.6370722,c5,c5
10598,5,0.1707559,0.4896554,0.33958864,c234,c234
10599,1,0.30254656,0.34721553,0.35023794,c5,c5
10600,1,0.12654443,0.2999178,0.5735378,c5,c5
10601,2,0.7429785,0.19865614,0.058365315,c5,c1
10602,4,0.27029756,0.43489707,0.29480538,c234,c234
10603,1,0.25227833,0.32192138,0.4258003,c5,c5
10604,1,0.762502,0.18788843,0.04960955,c234,c1
10605,2,0.078905724,0.2610696,0.6600247,c5,c5
10606,4,0.1935045,0.34580225,0.4606932,c1,c5
10607,2,0.13489924,0.30841073,0.55669004,c5,c5
10608,2,0.16868849,0.33478168,0.49652988,c5,c5
10609,3,0.6124996,0.2893508,0.09814968,c234,c1
10610,3,0.0895345,0.24662493,0.6638406,c5,c5
10611,3,0.3419377,0.3922968,0.26576552,c234,c234
10612,5,0.1232909,0.32253656,0.5541726,c5,c5
10613,4,0.48692486,0.33785987,0.17521524,c1,c1
10614,4,0.20772755,0.46493208,0.3273403,c1,c234
10615,4,0.45100427,0.40551323,0.1434825,c234,c1
10616,3,0.1009443,0.25323242,0.6458233,c5,c5
10617,3,0.5587485,0.28849816,0.15275334,c1,c1
10618,5,0.21200234,0.41245398,0.37554362,c5,c234
10619,3,0.31888002,0.45628694,0.22483306,c1,c234
10620,4,0.14866754,0.34221968,0.50911283,c1,c5
10621,5,0.3698318,0.36205932,0.26810884,c5,c1
10622,5,0.41408086,0.42921153,0.15670758,c1,c234
10623,2,0.1416656,0.28810012,0.5702343,c5,c5
10624,3,0.2809394,0.40456975,0.31449085,c1,c234
10625,4,0.033090197,0.1683333,0.79857653,c5,c5
10626,5,0.27986664,0.46698228,0.25315112,c5,c234
10627,5,0.16227527,0.27105176,0.566673,c5,c5
10628,1,0.37771848,0.39032745,0.23195407,c234,c234
10629,1,0.07799669,0.21484376,0.7071595,c5,c5
10630,1,0.3452769,0.40239045,0.2523326,c1,c234
10631,4,0.44887024,0.4228085,0.12832122,c1,c1
10632,5,0.27209798,0.29660606,0.43129596,c5,c5
10633,3,0.16202784,0.45132247,0.3866497,c5,c234
10634,3,0.30844232,0.43118033,0.26037735,c1,c234
10635,1,0.44801995,0.36648995,0.18549015,c234,c1
10636,2,0.3424621,0.38968623,0.26785168,c234,c234
10637,3,0.25349772,0.30651468,0.43998754,c5,c5
10638,1,0.08825306,0.29464605,0.6171009,c234,c5
10639,2,0.110604264,0.28825468,0.6011411,c234,c5
10640,2,0.3510396,0.44969955,0.19926086,c234,c234
10641,5,0.6527438,0.26410687,0.08314931,c1,c1
10642,4,0.41269413,0.4015624,0.18574353,c1,c1
10643,2,0.13644998,0.5484364,0.3151136,c234,c234
10644,5,0.39209026,0.36125457,0.24665514,c234,c1
10645,1,0.32330188,0.3160729,0.36062527,c5,c5
10646,3,0.35514134,0.40326384,0.2415948,c5,c234
10647,4,0.19433932,0.53881973,0.26684096,c1,c234
10648,4,0.8510634,0.12144543,0.027491292,c1,c1
10649,2,0.27683926,0.31371912,0.40944165,c1,c5
10650,4,0.340476,0.42844933,0.23107465,c5,c234
10651,2,0.56621,0.32709023,0.10669984,c5,c1
10652,5,0.2825624,0.37637335,0.34106427,c1,c234
10653,2,0.12797451,0.3191073,0.5529182,c234,c5
10654,4,0.24693751,0.4293867,0.32367578,c1,c234
10655,2,0.3862228,0.38542214,0.22835506,c1,c1
10656,1,0.16150048,0.2869234,0.5515761,c1,c5
10657,3,0.06377948,0.1875327,0.7486878,c5,c5
10658,4,0.4280428,0.2699632,0.30199406,c1,c1
10659,4,0.08001123,0.23149194,0.6884969,c1,c5
10660,1,0.6682365,0.26527533,0.066488236,c1,c1
10661,1,0.48048276,0.32029524,0.1992221,c234,c1
10662,5,0.115235336,0.25845346,0.62631124,c5,c5
10663,4,0.6579807,0.27263477,0.06938452,c234,c1
10664,2,0.20258918,0.31720382,0.48020703,c5,c5
10665,4,0.21719515,0.45500037,0.3278045,c5,c234
10666,3,0.38576934,0.41589588,0.19833477,c234,c234
10667,3,0.34679952,0.3445105,0.30869,c5,c1
10668,1,0.4162222,0.3999351,0.18384272,c1,c1
10669,3,0.53530234,0.28513104,0.17956667,c234,c1
10670,2,0.15541148,0.38174695,0.4628416,c1,c5
10671,2,0.2977263,0.41900378,0.28326997,c1,c234
10672,1,0.5854417,0.31781384,0.096744515,c5,c1
10673,2,0.32835528,0.43803734,0.23360743,c234,c234
10674,4,0.6047936,0.28206742,0.113139056,c5,c1
10675,2,0.59335047,0.2154226,0.19122696,c1,c1
10676,1,0.08564262,0.32479393,0.5895634,c1,c5
10677,4,0.6391414,0.2799967,0.080861904,c1,c1
10678,1,0.63221,0.22520138,0.14258863,c1,c1
10679,4,0.41269413,0.4015624,0.18574353,c234,c1
10680,5,0.29871842,0.42671424,0.27456737,c5,c234
10681,4,0.4280428,0.2699632,0.30199406,c234,c1
10682,2,0.33917952,0.37452203,0.28629848,c5,c234
10683,2,0.2795018,0.44208613,0.2784121,c5,c234
10684,1,0.22996737,0.33341813,0.4366145,c234,c5
10685,3,0.45850366,0.353005,0.18849139,c234,c1
10686,3,0.45064414,0.40841722,0.14093861,c1,c1
10687,5,0.67403525,0.22137964,0.1045851,c1,c1
10688,1,0.4338407,0.3122359,0.25392345,c1,c1
10689,4,0.16135976,0.4041755,0.43446475,c234,c5
10690,4,0.21264811,0.48758894,0.29976296,c1,c234
10691,4,0.21179157,0.2926425,0.49556592,c234,c5
10692,5,0.25152752,0.54265475,0.20581773,c234,c234
10693,2,0.46693954,0.2511581,0.28190243,c234,c1
10694,2,0.09006578,0.2566675,0.6532667,c5,c5
10695,3,0.32579064,0.47704107,0.1971683,c234,c234
10696,5,0.5820567,0.31952527,0.09841804,c234,c1
10697,3,0.53069556,0.3500198,0.11928466,c234,c1
10698,2,0.059520584,0.21749148,0.72298795,c5,c5
10699,2,0.10181637,0.37297475,0.52520883,c234,c5
10700,2,0.4281647,0.3542684,0.2175668,c234,c1
10701,5,0.08322964,0.29877168,0.6179987,c1,c5
10702,2,0.516628,0.36194354,0.12142844,c234,c1
10703,2,0.21463247,0.37816605,0.40720144,c5,c5
10704,2,0.32245466,0.28395796,0.39358744,c234,c5
10705,4,0.18249284,0.36195695,0.45555016,c1,c5
10706,4,0.206981,0.2901537,0.50286525,c5,c5
10707,3,0.2836933,0.35925725,0.3570494,c5,c234
10708,2,0.46495667,0.37214667,0.16289666,c5,c1
10709,3,0.51614666,0.38076857,0.10308471,c1,c1
10710,2,0.71185577,0.20939922,0.07874503,c1,c1
10711,4,0.14567377,0.31624463,0.53808165,c234,c5
10712,2,0.49315274,0.35201043,0.1548368,c1,c1
10713,1,0.05271376,0.21817261,0.7291136,c5,c5
10714,2,0.30842105,0.37073475,0.32084417,c1,c234
10715,3,0.116127335,0.33577958,0.5480931,c5,c5
10716,3,0.3956118,0.48672962,0.11765857,c234,c234
10717,4,0.13993555,0.29624355,0.5638209,c5,c5
10718,3,0.6419548,0.2734682,0.08457701,c1,c1
10719,1,0.08931186,0.399487,0.5112012,c5,c5
10720,3,0.63790166,0.27078134,0.09131696,c1,c1
10721,1,0.28211203,0.47400844,0.24387953,c1,c234
10722,1,0.068622366,0.43413046,0.4972472,c1,c5
10723,2,0.14034823,0.31156626,0.5480855,c234,c5
10724,1,0.10086408,0.35995921,0.53917676,c5,c5
10725,5,0.34852004,0.3638663,0.28761363,c234,c234
10726,4,0.30784056,0.33787495,0.35428447,c234,c5
10727,4,0.4280428,0.2699632,0.30199406,c234,c1
10728,3,0.44684964,0.36486387,0.18828642,c1,c1
10729,3,0.5838848,0.32005107,0.09606414,c5,c1
10730,3,0.4750469,0.41545752,0.10949558,c234,c1
10731,5,0.3153029,0.2721069,0.41259015,c234,c5
10732,4,0.6836755,0.25179434,0.064530104,c1,c1
10733,5,0.16684093,0.5188227,0.31433633,c234,c234
10734,3,0.42657936,0.4282489,0.14517173,c234,c234
10735,5,0.2305671,0.43855545,0.33087742,c234,c234
10736,1,0.049954917,0.29522336,0.65482175,c5,c5
10737,2,0.6429938,0.29441997,0.06258623,c234,c1
10738,4,0.26390672,0.41624922,0.31984407,c234,c234
10739,4,0.079076886,0.3852594,0.5356637,c5,c5
10740,2,0.30871525,0.36552477,0.32575995,c1,c234
10741,5,0.17277977,0.3520199,0.47520033,c1,c5
10742,1,0.09603452,0.42475992,0.47920555,c234,c5
10743,1,0.762502,0.18788843,0.04960955,c1,c1
10744,5,0.5495753,0.3532766,0.097148016,c234,c1
10745,2,0.22330257,0.31112438,0.465573,c234,c5
10746,2,0.5430042,0.27941224,0.17758355,c5,c1
10747,4,0.16591355,0.29615223,0.53793424,c5,c5
10748,1,0.15841305,0.48485902,0.35672796,c234,c234
10749,3,0.30645522,0.28981853,0.4037262,c234,c5
10750,5,0.5459553,0.31647652,0.13756812,c1,c1
10751,1,0.20073295,0.35889506,0.44037202,c1,c5
10752,3,0.097626336,0.199779,0.7025947,c5,c5
10753,2,0.12252187,0.39666584,0.48081234,c1,c5
10754,3,0.39405075,0.43997115,0.16597807,c1,c234
10755,5,0.40913305,0.3831738,0.20769319,c234,c1
10756,4,0.68975425,0.22938074,0.080864966,c1,c1
10757,4,0.09016843,0.19118975,0.7186418,c1,c5
10758,2,0.07074372,0.20705353,0.7222027,c5,c5
10759,3,0.09177368,0.2044681,0.70375824,c5,c5
10760,2,0.2890111,0.28973526,0.42125368,c1,c5
10761,5,0.141179,0.36024928,0.49857166,c234,c5
10762,4,0.7668213,0.15893947,0.07423925,c1,c1
10763,1,0.53605074,0.35504395,0.10890532,c234,c1
10764,2,0.084415466,0.2625376,0.65304697,c5,c5
10765,2,0.50654906,0.37377954,0.11967146,c234,c1
10766,4,0.045665607,0.106046185,0.8482882,c5,c5
10767,4,0.06955965,0.3536845,0.5767558,c1,c5
10768,1,0.3871247,0.49212712,0.120748244,c1,c234
10769,5,0.20525153,0.46028847,0.33446005,c234,c234
10770,3,0.4326416,0.4193306,0.14802776,c234,c1
10771,3,0.12841685,0.4041419,0.4674413,c234,c5
10772,4,0.8206411,0.1351816,0.04417729,c1,c1
10773,5,0.12212641,0.43807954,0.4397941,c5,c5
10774,4,0.49032313,0.3265459,0.18313092,c234,c1
10775,5,0.17014301,0.58894837,0.24090862,c234,c234
10776,4,0.165676,0.35116455,0.48315942,c234,c5
10777,3,0.08719231,0.26094443,0.6518633,c1,c5
10778,2,0.42276347,0.26948035,0.30775622,c5,c1
10779,5,0.44385663,0.4193127,0.13683061,c234,c1
10780,3,0.56076944,0.3282138,0.11101673,c234,c1
10781,5,0.52987486,0.3442074,0.12591778,c234,c1
10782,4,0.1944584,0.396478,0.40906358,c234,c5
10783,1,0.09678322,0.23955904,0.6636577,c5,c5
10784,5,0.33789536,0.5313245,0.13078013,c234,c234
10785,3,0.08849778,0.29510266,0.6163996,c5,c5
10786,1,0.43027118,0.40309367,0.16663523,c234,c1
10787,1,0.7362499,0.21015522,0.053594824,c1,c1
10788,2,0.13365777,0.2573021,0.60904014,c5,c5
10789,5,0.33589962,0.4758387,0.18826167,c1,c234
10790,1,0.20228398,0.38518184,0.41253418,c1,c5
10791,1,0.5572407,0.30706564,0.13569364,c5,c1
10792,5,0.49485198,0.36577287,0.1393751,c5,c1
10793,1,0.6475821,0.26545918,0.086958684,c234,c1
10794,2,0.3971062,0.45681545,0.14607829,c234,c234
10795,5,0.29555112,0.5230639,0.18138495,c1,c234
10796,4,0.15715115,0.38208225,0.46076664,c5,c5
10797,4,0.8092398,0.14110625,0.049654037,c234,c1
10798,4,0.4059726,0.35323215,0.24079521,c1,c1
10799,3,0.37486762,0.44887692,0.17625542,c234,c234
10800,2,0.55556726,0.33845267,0.105980106,c234,c1
10801,4,0.19888043,0.31307387,0.4880456,c1,c5
10802,5,0.48069337,0.35237032,0.16693631,c5,c1
10803,2,0.479724,0.30946854,0.21080749,c1,c1
10804,1,0.3856048,0.44058955,0.17380568,c1,c234
10805,2,0.43052056,0.39391217,0.17556731,c234,c1
10806,5,0.24824382,0.29971346,0.4520427,c234,c5
10807,5,0.17037138,0.38761097,0.44201764,c234,c5
10808,2,0.4862239,0.3452898,0.16848636,c1,c1
10809,4,0.20434684,0.36871672,0.42693642,c234,c5
10810,1,0.37944534,0.4080556,0.21249908,c234,c234
10811,2,0.22330257,0.31112438,0.465573,c234,c5
10812,5,0.35444462,0.45689717,0.1886582,c234,c234
10813,4,0.17749509,0.43344516,0.3890598,c1,c234
10814,3,0.43095356,0.44485062,0.12419584,c234,c234
10815,1,0.27069417,0.38384265,0.3454632,c1,c234
10816,5,0.36212277,0.44623494,0.19164233,c234,c234
10817,1,0.23093735,0.37425396,0.3948087,c234,c5
10818,5,0.14210542,0.42570093,0.4321937,c5,c5
10819,4,0.5560515,0.35374996,0.09019853,c234,c1
10820,1,0.62928987,0.27902848,0.09168167,c1,c1
10821,3,0.103336275,0.2413222,0.65534145,c5,c5
10822,4,0.088182785,0.22023496,0.69158226,c5,c5
10823,1,0.105803736,0.414193,0.48000327,c1,c5
10824,2,0.5879248,0.2841804,0.12789485,c1,c1
10825,2,0.105029024,0.33681032,0.55816066,c5,c5
10826,3,0.40445742,0.4354051,0.16013749,c1,c234
10827,3,0.36346856,0.27304074,0.36349073,c234,c5
10828,4,0.07923511,0.18498205,0.73578286,c5,c5
10829,3,0.20478837,0.2818798,0.5133318,c5,c5
10830,4,0.048779417,0.26857197,0.6826486,c234,c5
10831,2,0.574099,0.3321819,0.09371908,c234,c1
10832,5,0.32005268,0.39432076,0.28562662,c234,c234
10833,1,0.2533925,0.42554563,0.32106188,c5,c234
10834,5,0.25976542,0.4412829,0.29895166,c5,c234
10835,2,0.4047477,0.3029663,0.29228604,c1,c1
10836,4,0.34105095,0.38432086,0.27462822,c5,c234
10837,2,0.16947608,0.3350743,0.4954496,c1,c5
10838,4,0.16710499,0.2713003,0.5615947,c234,c5
10839,4,0.122581884,0.21636255,0.6610555,c5,c5
10840,5,0.32495376,0.52009934,0.15494688,c5,c234
10841,3,0.1497101,0.47161445,0.3786754,c1,c234
10842,2,0.2872317,0.3666917,0.3460766,c234,c234
10843,3,0.34746543,0.28994638,0.36258817,c1,c5
10844,3,0.43728516,0.45293188,0.109782964,c234,c234
10845,5,0.5055073,0.31495124,0.17954147,c1,c1
10846,3,0.09790787,0.34550714,0.556585,c5,c5
10847,5,0.28681645,0.358877,0.3543065,c1,c234
10848,2,0.34523094,0.30755177,0.34721732,c5,c5
10849,1,0.7058857,0.21119635,0.082917966,c1,c1
10850,3,0.098620124,0.28894216,0.61243767,c1,c5
10851,4,0.14134273,0.36652565,0.49213162,c234,c5
10852,1,0.12842101,0.36316776,0.5084112,c234,c5
10853,1,0.565697,0.34031782,0.09398514,c234,c1
10854,1,0.4200802,0.35673514,0.22318465,c1,c1
10855,3,0.50547373,0.3354719,0.15905437,c234,c1
10856,2,0.22937168,0.35957715,0.4110512,c1,c5
10857,1,0.61063397,0.24354659,0.1458194,c234,c1
10858,5,0.12877259,0.38500744,0.48621994,c1,c5
10859,4,0.29796457,0.44707945,0.25495595,c1,c234
10860,4,0.19464676,0.28087842,0.5244748,c234,c5
10861,3,0.5577611,0.2759096,0.16632932,c5,c1
10862,2,0.09287806,0.28832835,0.6187936,c5,c5
10863,5,0.25694144,0.229584,0.5134746,c1,c5
10864,1,0.19365977,0.47407547,0.33226475,c234,c234
10865,1,0.0653927,0.33209154,0.60251576,c5,c5
10866,2,0.51890683,0.36567637,0.11541687,c1,c1
10867,4,0.47438452,0.3369644,0.18865107,c234,c1
10868,3,0.18145421,0.31471345,0.50383234,c5,c5
10869,1,0.15463129,0.2606554,0.5847133,c1,c5
10870,3,0.4750469,0.41545752,0.10949558,c1,c1
10871,2,0.31068546,0.3487565,0.34055802,c234,c234
10872,2,0.40363756,0.26367998,0.33268246,c5,c1
10873,4,0.349442,0.43910173,0.21145628,c5,c234
10874,4,0.48003957,0.36604288,0.1539176,c234,c1
10875,4,0.3409221,0.3128716,0.3462063,c234,c5
10876,3,0.07888857,0.31793123,0.6031802,c5,c5
10877,4,0.68293834,0.25297776,0.06408393,c1,c1
10878,4,0.10088404,0.3905232,0.5085927,c234,c5
10879,3,0.048575137,0.13623235,0.8151925,c5,c5
10880,5,0.33164948,0.44805723,0.22029334,c234,c234
10881,1,0.29338795,0.42581654,0.2807955,c234,c234
10882,2,0.45473975,0.34613788,0.1991224,c234,c1
10883,3,0.4228486,0.4413061,0.13584521,c1,c234
10884,4,0.0794212,0.21924214,0.7013367,c5,c5
10885,1,0.18789361,0.29204735,0.52005905,c234,c5
10886,1,0.24168864,0.4430707,0.31524065,c234,c234
10887,5,0.4964107,0.26444754,0.23914187,c1,c1
10888,1,0.14172418,0.2636307,0.5946451,c1,c5
10889,4,0.1311407,0.22051926,0.64834005,c5,c5
10890,1,0.6128243,0.29360816,0.093567565,c234,c1
10891,5,0.14748974,0.31063908,0.54187113,c234,c5
10892,2,0.32822677,0.3268274,0.34494582,c1,c5
10893,2,0.21090396,0.43667358,0.35242242,c5,c234
10894,3,0.4142496,0.4613397,0.12441065,c1,c234
10895,5,0.28449252,0.3402229,0.37528455,c5,c5
10896,2,0.12329438,0.3203483,0.5563573,c5,c5
10897,2,0.41584334,0.37490433,0.20925239,c1,c1
10898,1,0.15420887,0.32155585,0.5242353,c5,c5
10899,5,0.14019397,0.28716817,0.5726379,c1,c5
10900,1,0.121697694,0.5359077,0.3423946,c234,c234
10901,4,0.08563407,0.36300594,0.55136,c234,c5
10902,3,0.5862681,0.31835282,0.09537908,c5,c1
10903,1,0.23990664,0.34440634,0.41568696,c5,c5
10904,1,0.1093206,0.34809935,0.54258007,c234,c5
10905,2,0.27738962,0.46886992,0.2537404,c5,c234
10906,2,0.2712857,0.44580275,0.2829115,c234,c234
10907,5,0.19549522,0.35712108,0.44738373,c5,c5
10908,1,0.09408755,0.4568266,0.44908583,c5,c234
10909,5,0.20877495,0.46636465,0.3248604,c1,c234
10910,2,0.3462032,0.3491209,0.30467597,c5,c234
10911,4,0.4223947,0.29071516,0.28689012,c5,c1
10912,5,0.09083833,0.20882449,0.7003371,c5,c5
10913,5,0.3979322,0.30705273,0.29501504,c234,c1
10914,5,0.52177554,0.3017364,0.17648803,c234,c1
10915,2,0.41791445,0.3794023,0.20268317,c1,c1
10916,2,0.22330257,0.31112438,0.465573,c234,c5
10917,2,0.079704374,0.3407692,0.5795264,c234,c5
10918,2,0.22054876,0.35676447,0.4226868,c1,c5
10919,5,0.12978032,0.22325704,0.64696264,c5,c5
10920,2,0.31737733,0.37819687,0.3044258,c1,c234
10921,4,0.12156616,0.4608065,0.41762733,c234,c234
10922,4,0.31208974,0.37320286,0.3147074,c5,c234
10923,5,0.49647143,0.34799194,0.15553667,c234,c1
10924,3,0.52519953,0.2986658,0.17613469,c1,c1
10925,1,0.563662,0.33011833,0.10621969,c234,c1
10926,2,0.36837566,0.28926495,0.3423594,c1,c1
10927,4,0.23429932,0.3245388,0.4411619,c234,c5
10928,2,0.5308249,0.34556195,0.12361314,c234,c1
10929,3,0.43981245,0.3313603,0.2288272,c234,c1
10930,4,0.41269413,0.4015624,0.18574353,c1,c1
10931,5,0.27222332,0.47422245,0.25355425,c234,c234
10932,5,0.17140293,0.30410758,0.52448946,c5,c5
10933,5,0.23850502,0.33161685,0.42987812,c1,c5
10934,1,0.6408004,0.28085202,0.078347616,c1,c1
10935,1,0.1916177,0.30341363,0.50496864,c1,c5
10936,2,0.044813614,0.20385411,0.7513322,c234,c5
10937,4,0.56754375,0.33980718,0.092648976,c1,c1
10938,5,0.40620324,0.3949572,0.19883955,c234,c1
10939,1,0.28500283,0.45939758,0.25559965,c5,c234
10940,1,0.4418318,0.388822,0.16934617,c234,c1
10941,5,0.18810931,0.34220564,0.46968502,c5,c5
10942,4,0.47617537,0.35128117,0.17254351,c1,c1
10943,2,0.21775083,0.23868585,0.54356337,c5,c5
10944,1,0.07543631,0.315358,0.6092056,c5,c5
10945,3,0.13709486,0.47991204,0.38299307,c234,c234
10946,5,0.37248293,0.35992277,0.26759434,c234,c1
10947,4,0.68293834,0.25297776,0.06408393,c5,c1
10948,2,0.36322477,0.45407298,0.18270221,c234,c234
10949,4,0.41269413,0.4015624,0.18574353,c234,c1
10950,3,0.3319252,0.47649226,0.19158253,c1,c234
10951,5,0.41310787,0.4198183,0.16707376,c1,c234
10952,2,0.18551938,0.41603795,0.39844266,c5,c234
10953,5,0.37955955,0.41271272,0.20772773,c1,c234
10954,4,0.23623104,0.33653164,0.4272373,c234,c5
10955,4,0.12362755,0.36194494,0.5144275,c1,c5
10956,3,0.3391107,0.42461383,0.23627548,c234,c234
10957,4,0.124989025,0.27638784,0.5986231,c234,c5
10958,3,0.32044157,0.37631854,0.30323988,c234,c234
10959,2,0.58781236,0.3054001,0.106787555,c234,c1
10960,1,0.5597871,0.30956864,0.1306443,c234,c1
10961,4,0.23621021,0.5308155,0.2329743,c1,c234
10962,1,0.3864104,0.32342994,0.29015973,c1,c1
10963,1,0.448538,0.41757333,0.13388872,c5,c1
10964,5,0.46352026,0.3424048,0.194075,c234,c1
10965,5,0.48993337,0.35301504,0.15705156,c1,c1
10966,4,0.49106315,0.32445163,0.18448514,c1,c1
10967,3,0.26594943,0.5538804,0.18017018,c1,c234
10968,1,0.34395343,0.36361998,0.29242662,c234,c234
10969,4,0.24947444,0.43131632,0.31920928,c234,c234
10970,5,0.29381475,0.45257628,0.253609,c1,c234
10971,3,0.34559852,0.47849998,0.17590144,c234,c234
10972,4,0.15129375,0.4888594,0.3598468,c234,c234
10973,2,0.48453376,0.35754547,0.15792075,c5,c1
10974,4,0.4654782,0.35960588,0.17491594,c234,c1
10975,2,0.058186404,0.20974204,0.73207164,c5,c5
10976,5,0.07635721,0.3015566,0.6220863,c1,c5
10977,4,0.32939932,0.3610967,0.309504,c1,c234
10978,2,0.5170647,0.37468493,0.10825042,c1,c1
10979,3,0.11347269,0.4540834,0.43244398,c5,c234
10980,1,0.07590847,0.30081078,0.6232807,c234,c5
10981,1,0.089067146,0.2352271,0.6757058,c5,c5
10982,2,0.5703713,0.35251263,0.07711603,c1,c1
10983,3,0.14668812,0.4447176,0.40859425,c234,c234
10984,5,0.192074,0.2896248,0.5183012,c1,c5
10985,4,0.126259,0.28015205,0.5935889,c5,c5
10986,4,0.11794623,0.3886237,0.49343005,c5,c5
10987,4,0.12725213,0.26209438,0.6106535,c5,c5
10988,2,0.22330257,0.31112438,0.465573,c5,c5
10989,4,0.5781059,0.29711384,0.12478023,c5,c1
10990,2,0.11139959,0.33946863,0.5491318,c234,c5
10991,4,0.30100524,0.31854647,0.38044822,c5,c5
10992,4,0.479335,0.36805767,0.15260738,c1,c1
10993,1,0.34975973,0.32386997,0.32637027,c234,c1
10994,3,0.1386651,0.40231976,0.45901513,c234,c5
10995,3,0.13319248,0.48458812,0.38221934,c1,c234
10996,4,0.55652153,0.34433097,0.099147454,c1,c1
10997,3,0.4334227,0.35709003,0.20948723,c234,c1
10998,1,0.24244499,0.32519177,0.43236324,c1,c5
10999,4,0.075037315,0.24430211,0.6806606,c5,c5
11000,4,0.16683893,0.4186146,0.41454646,c1,c234
11001,5,0.32939854,0.3675155,0.30308595,c234,c234
11002,1,0.040897116,0.24192975,0.71717316,c5,c5
11003,4,0.42233098,0.27062145,0.30704755,c1,c1
11004,3,0.49228412,0.3210939,0.18662201,c234,c1
11005,2,0.056860425,0.27305996,0.6700795,c234,c5
11006,5,0.41422448,0.29304865,0.29272687,c5,c1
11007,5,0.3153029,0.2721069,0.41259015,c1,c5
11008,5,0.08594019,0.35009083,0.56396896,c5,c5
11009,2,0.24440098,0.433358,0.32224095,c5,c234
11010,3,0.63224256,0.27676323,0.09099427,c234,c1
11011,4,0.2637497,0.32019803,0.4160523,c1,c5
11012,5,0.20264617,0.34290805,0.45444575,c5,c5
11013,1,0.5214251,0.3626828,0.11589208,c234,c1
11014,1,0.19955239,0.4536681,0.3467795,c234,c234
11015,1,0.14940856,0.34317055,0.5074209,c234,c5
11016,4,0.42233098,0.27062145,0.30704755,c1,c1
11017,2,0.28524378,0.29906982,0.4156864,c5,c5
11018,2,0.14688285,0.3140025,0.53911465,c5,c5
11019,5,0.0698454,0.27583957,0.65431505,c5,c5
11020,3,0.051560577,0.19002199,0.7584174,c5,c5
11021,5,0.4500742,0.3941944,0.15573147,c5,c1
11022,4,0.48720148,0.33844408,0.17435439,c1,c1
11023,4,0.53634965,0.34338886,0.120261565,c1,c1
11024,5,0.55136555,0.32008123,0.12855327,c1,c1
11025,4,0.24324356,0.45504946,0.301707,c5,c234
11026,1,0.23936033,0.41962922,0.34101042,c234,c234
11027,5,0.14983691,0.2628757,0.58728737,c5,c5
11028,1,0.563662,0.33011833,0.10621969,c5,c1
11029,5,0.54108936,0.32487893,0.13403173,c5,c1
11030,4,0.5959193,0.26729354,0.13678709,c5,c1
11031,1,0.6319637,0.23989564,0.12814069,c1,c1
11032,2,0.46693954,0.2511581,0.28190243,c5,c1
11033,3,0.116189845,0.32131994,0.5624903,c1,c5
11034,2,0.10718441,0.25643244,0.6363832,c5,c5
11035,3,0.43165547,0.43845305,0.12989156,c234,c234
11036,3,0.55057967,0.3431536,0.10626672,c234,c1
11037,2,0.34012753,0.4027544,0.2571181,c5,c234
11038,3,0.49915367,0.29833126,0.2025151,c234,c1
11039,2,0.46694514,0.3578445,0.17521034,c234,c1
11040,1,0.08215713,0.30302325,0.61481965,c5,c5
11041,5,0.46165588,0.41201112,0.126333,c234,c1
11042,2,0.3833293,0.35234287,0.26432788,c234,c1
11043,1,0.37501538,0.27794033,0.3470443,c1,c1
11044,2,0.40759894,0.2640667,0.32833433,c1,c1
11045,2,0.3229341,0.26410255,0.4129634,c234,c5
11046,1,0.4662894,0.4169599,0.1167507,c1,c1
11047,5,0.4017387,0.32720986,0.27105138,c5,c1
11048,4,0.079584874,0.21900447,0.70141065,c234,c5
11049,2,0.20483153,0.32836035,0.4668081,c234,c5
11050,4,0.5424713,0.34376508,0.1137637,c234,c1
11051,5,0.15080431,0.4097285,0.4394672,c234,c5
11052,3,0.18576127,0.26571748,0.5485213,c5,c5
11053,4,0.18670435,0.4219792,0.39131644,c5,c234
11054,2,0.7207223,0.18778227,0.09149544,c1,c1
11055,3,0.442972,0.24661125,0.31041676,c5,c1
11056,4,0.23606564,0.37700167,0.3869326,c1,c5
11057,2,0.30745605,0.32588995,0.36665398,c5,c5
11058,5,0.20083275,0.46365574,0.33551145,c1,c234
11059,2,0.27834758,0.42749724,0.29415518,c234,c234
11060,1,0.5299227,0.32541654,0.14466076,c1,c1
11061,5,0.17833115,0.261673,0.55999583,c5,c5
11062,4,0.15056634,0.4829587,0.36647493,c5,c234
11063,2,0.2254021,0.4678326,0.3067653,c5,c234
11064,2,0.61644197,0.29374814,0.08980985,c234,c1
11065,5,0.48873606,0.31851226,0.19275168,c5,c1
11066,1,0.44612733,0.40938947,0.14448316,c234,c1
11067,1,0.13832642,0.429522,0.43215162,c234,c5
11068,5,0.051497266,0.23551917,0.71298355,c5,c5
11069,3,0.25474223,0.466773,0.2784848,c5,c234
11070,3,0.55057967,0.3431536,0.10626672,c5,c1
11071,5,0.17677806,0.3044029,0.51881903,c5,c5
11072,3,0.37402272,0.48585644,0.14012082,c234,c234
11073,3,0.32052624,0.40864775,0.270826,c5,c234
11074,5,0.39562356,0.37197164,0.2324048,c234,c1
11075,1,0.49533224,0.3280084,0.17665929,c5,c1
11076,4,0.82219815,0.13405642,0.04374545,c1,c1
11077,1,0.7396712,0.19397025,0.066358574,c1,c1
11078,4,0.68293834,0.25297776,0.06408393,c1,c1
11079,3,0.2384367,0.27725482,0.48430845,c1,c5
11080,1,0.58638763,0.26941988,0.14419247,c5,c1
11081,3,0.16101319,0.40945864,0.42952824,c5,c5
11082,1,0.172251,0.4364353,0.39131364,c234,c234
11083,4,0.59883153,0.3130681,0.088100344,c1,c1
11084,4,0.42233098,0.27062145,0.30704755,c5,c1
11085,5,0.42350695,0.38354188,0.19295116,c1,c1
11086,5,0.2275676,0.5593298,0.21310256,c234,c234
11087,1,0.13256028,0.48535916,0.3820805,c5,c234
11088,1,0.56503075,0.348488,0.0864812,c234,c1
11089,5,0.28964883,0.321916,0.38843518,c5,c5
11090,4,0.1456507,0.25884148,0.59550774,c1,c5
11091,2,0.5170647,0.37468493,0.10825042,c1,c1
11092,1,0.091167994,0.508246,0.400586,c5,c234
11093,2,0.39122188,0.40216517,0.20661296,c1,c234
11094,5,0.834374,0.13478538,0.030840546,c1,c1
11095,5,0.5212588,0.33865172,0.14008954,c1,c1
11096,2,0.773137,0.17204753,0.054815434,c1,c1
11097,2,0.29948494,0.35508865,0.34542638,c1,c234
11098,1,0.7107098,0.22420877,0.065081425,c5,c1
11099,1,0.72997963,0.21295547,0.05706486,c1,c1
11100,4,0.1347584,0.30531824,0.55992335,c234,c5
11101,4,0.32108712,0.3053753,0.37353757,c1,c5
11102,5,0.2571784,0.3129167,0.42990485,c5,c5
11103,2,0.40229917,0.3604206,0.23728025,c234,c1
11104,2,0.23290864,0.421949,0.3451423,c5,c234
11105,4,0.082247965,0.19956444,0.71818763,c5,c5
11106,4,0.25367662,0.36448562,0.3818378,c1,c5
11107,1,0.17778005,0.421195,0.40102494,c5,c234
11108,4,0.120500036,0.3932759,0.48622409,c5,c5
11109,2,0.6030173,0.29546764,0.101515114,c1,c1
11110,2,0.10391864,0.2444065,0.65167487,c5,c5
11111,4,0.46929112,0.31840676,0.21230213,c5,c1
11112,4,0.28621262,0.3092997,0.40448767,c234,c5
11113,4,0.38726917,0.36128312,0.25144774,c234,c1
11114,2,0.07192384,0.31757534,0.6105008,c1,c5
11115,5,0.39984304,0.35355008,0.24660695,c1,c1
11116,3,0.16230689,0.32539687,0.51229626,c234,c5
11117,5,0.14817028,0.33718365,0.51464605,c5,c5
11118,5,0.4180817,0.37540704,0.2065112,c234,c1
11119,1,0.09279687,0.27397984,0.63322324,c1,c5
11120,4,0.14782865,0.46183792,0.39033335,c5,c234
11121,5,0.3931535,0.45042264,0.15642382,c234,c234
11122,4,0.17656463,0.39268327,0.43075207,c234,c5
11123,1,0.4942103,0.2924527,0.21333705,c1,c1
11124,4,0.6709538,0.23841965,0.090626545,c1,c1
11125,4,0.3996805,0.30618864,0.29413092,c234,c1
11126,3,0.22780511,0.42559597,0.3465989,c234,c234
11127,3,0.32804388,0.44268587,0.22927023,c1,c234
11128,1,0.36250636,0.4459993,0.19149436,c234,c234
11129,5,0.123111,0.26347294,0.6134161,c5,c5
11130,3,0.095372446,0.22193037,0.68269724,c1,c5
11131,4,0.2119694,0.3278641,0.4601665,c5,c5
11132,5,0.3153029,0.2721069,0.41259015,c1,c5
11133,5,0.33758998,0.4036972,0.25871286,c5,c234
11134,4,0.20107448,0.35618585,0.44273967,c5,c5
11135,2,0.6409823,0.28342906,0.07558868,c1,c1
11136,2,0.32825938,0.27780908,0.39393157,c1,c5
11137,1,0.15430588,0.5284213,0.31727284,c1,c234
11138,2,0.5426905,0.33370993,0.12359957,c1,c1
11139,2,0.06932059,0.1766278,0.75405157,c5,c5
11140,3,0.20392695,0.44216698,0.35390604,c234,c234
11141,5,0.11802004,0.29793638,0.58404356,c1,c5
11142,3,0.54392725,0.38060412,0.07546868,c1,c1
11143,5,0.5429006,0.28118935,0.17591012,c1,c1
11144,1,0.088132195,0.2965141,0.61535376,c234,c5
11145,3,0.30731776,0.45489365,0.2377886,c5,c234
11146,4,0.27788752,0.3051066,0.41700584,c1,c5
11147,3,0.32666343,0.26857686,0.40475968,c5,c5
11148,3,0.19536899,0.3274212,0.47720987,c234,c5
11149,2,0.19752361,0.44037026,0.36210606,c234,c234
11150,1,0.20533884,0.50303394,0.29162723,c5,c234
11151,3,0.19167396,0.5593866,0.24893941,c1,c234
11152,2,0.13813335,0.42714596,0.43472075,c5,c5
11153,4,0.12613449,0.3176057,0.5562598,c1,c5
11154,2,0.42091876,0.36654973,0.2125315,c1,c1
11155,3,0.37041602,0.4100651,0.21951884,c1,c234
11156,1,0.08229248,0.3492669,0.5684406,c5,c5
11157,5,0.26343665,0.470947,0.26561627,c5,c234
11158,3,0.1432654,0.48395115,0.37278342,c5,c234
11159,2,0.4830556,0.3564003,0.16054417,c1,c1
11160,2,0.19099876,0.4609873,0.34801394,c234,c234
11161,2,0.5430869,0.3436304,0.113282695,c1,c1
11162,4,0.5588949,0.34520897,0.09589618,c234,c1
11163,1,0.37340808,0.39656997,0.23002197,c5,c234
11164,2,0.08968135,0.3066647,0.6036539,c5,c5
11165,5,0.43058258,0.4051868,0.16423066,c234,c1
11166,2,0.47130528,0.4226817,0.1060131,c5,c1
11167,5,0.66743743,0.26131642,0.07124616,c1,c1
11168,3,0.20583756,0.44674578,0.34741667,c1,c234
11169,5,0.121496096,0.25483206,0.6236718,c1,c5
11170,2,0.40759894,0.2640667,0.32833433,c5,c1
11171,3,0.13058504,0.26234397,0.607071,c5,c5
11172,5,0.12866679,0.3027965,0.5685367,c234,c5
11173,4,0.0391999,0.21680565,0.7439944,c234,c5
11174,2,0.31621602,0.44054908,0.24323493,c5,c234
11175,1,0.48481154,0.27295238,0.24223605,c1,c1
11176,3,0.29818016,0.54403645,0.15778342,c1,c234
11177,5,0.07841595,0.27329794,0.6482861,c5,c5
11178,4,0.5452169,0.31706524,0.13771786,c5,c1
11179,4,0.47078744,0.28963682,0.23957571,c5,c1
11180,4,0.31068984,0.38094404,0.30836612,c234,c234
11181,3,0.28037998,0.28625923,0.4333608,c1,c5
11182,1,0.31765738,0.3311997,0.35114288,c5,c5
11183,2,0.36105222,0.4452417,0.19370607,c234,c234
11184,5,0.32523116,0.44312963,0.23163916,c1,c234
11185,4,0.045378614,0.14553931,0.80908203,c234,c5
11186,1,0.563662,0.33011833,0.10621969,c1,c1
11187,4,0.65259427,0.23887748,0.10852823,c1,c1
11188,4,0.10777126,0.25048393,0.6417448,c5,c5
11189,5,0.07813022,0.33461034,0.5872595,c234,c5
11190,3,0.08313056,0.21776022,0.6991092,c1,c5
11191,1,0.22236702,0.4399681,0.33766487,c234,c234
11192,4,0.15981507,0.5242694,0.31591552,c5,c234
11193,1,0.4589843,0.34196365,0.19905214,c1,c1
11194,4,0.37259632,0.41046774,0.21693593,c1,c234
11195,5,0.51884896,0.35773292,0.12341809,c1,c1
11196,1,0.56259793,0.330916,0.1064861,c234,c1
11197,2,0.5052693,0.25027916,0.2444516,c1,c1
11198,3,0.22148292,0.4535667,0.3249504,c5,c234
11199,4,0.21093448,0.44059223,0.34847334,c1,c234
11200,5,0.5592897,0.32774755,0.11296276,c234,c1
11201,4,0.10633413,0.29124203,0.6024239,c5,c5
11202,3,0.37913305,0.46166876,0.15919827,c1,c234
11203,1,0.3883221,0.38827467,0.2234033,c5,c1
11204,5,0.3025227,0.48472992,0.2127474,c234,c234
11205,2,0.10508259,0.2285011,0.6664163,c5,c5
11206,2,0.42499545,0.41629228,0.1587123,c1,c1
11207,3,0.14757189,0.51131773,0.34111035,c1,c234
11208,5,0.04982501,0.1925438,0.75763124,c5,c5
11209,1,0.15757224,0.47214973,0.37027803,c234,c234
11210,5,0.29918268,0.3392697,0.3615477,c234,c5
11211,4,0.29093677,0.47611508,0.23294815,c1,c234
11212,2,0.25668454,0.4959818,0.24733372,c1,c234
11213,2,0.69627684,0.24679214,0.056931056,c234,c1
11214,1,0.6833939,0.25821817,0.058388002,c234,c1
11215,2,0.12069846,0.2309405,0.648361,c234,c5
11216,3,0.3075536,0.31335163,0.37909475,c234,c5
11217,5,0.41191855,0.41707948,0.171002,c1,c234
11218,4,0.09355765,0.23836891,0.6680734,c5,c5
11219,3,0.43050143,0.4068946,0.162604,c234,c1
11220,1,0.09233613,0.25758374,0.65008014,c234,c5
11221,2,0.29538465,0.26906982,0.43554553,c234,c5
11222,3,0.1167131,0.33216017,0.5511268,c5,c5
11223,5,0.2370606,0.39347976,0.36945963,c5,c234
11224,5,0.064186305,0.2531191,0.6826946,c1,c5
11225,4,0.054501515,0.31317547,0.63232297,c234,c5
11226,1,0.35405368,0.40955168,0.23639463,c1,c234
11227,4,0.23364449,0.4456584,0.32069707,c1,c234
11228,1,0.1343942,0.42762557,0.43798023,c234,c5
11229,3,0.29391047,0.42539844,0.2806911,c1,c234
11230,3,0.3806714,0.33115727,0.28817135,c1,c1
11231,4,0.10291478,0.3253105,0.5717747,c234,c5
11232,4,0.42841363,0.32157278,0.2500135,c5,c1
11233,1,0.083483905,0.2380268,0.67848927,c5,c5
11234,5,0.5697042,0.28820804,0.14208783,c234,c1
11235,2,0.059110012,0.2991611,0.6417288,c234,c5
11236,2,0.53013176,0.32279965,0.14706858,c1,c1
11237,1,0.1264606,0.24127614,0.63226324,c5,c5
11238,5,0.08350427,0.26860255,0.6478932,c1,c5
11239,2,0.08091725,0.38181672,0.5372661,c5,c5
11240,1,0.37506485,0.4588664,0.16606872,c1,c234
11241,4,0.17954375,0.36687398,0.45358223,c1,c5
11242,1,0.46110108,0.30090615,0.23799278,c5,c1
11243,1,0.137258,0.3434696,0.5192724,c234,c5
11244,5,0.66846395,0.23869756,0.09283849,c234,c1
11245,5,0.09262252,0.34742677,0.5599507,c5,c5
11246,1,0.09927124,0.35375616,0.5469727,c5,c5
11247,2,0.4983014,0.39164677,0.1100518,c1,c1
11248,2,0.2798231,0.421451,0.29872587,c5,c234
11249,2,0.26549822,0.4558371,0.27866462,c1,c234
11250,4,0.2543046,0.46768057,0.27801484,c1,c234
11251,5,0.37945625,0.3117419,0.3088019,c5,c1
11252,3,0.0800776,0.29861596,0.6213064,c234,c5
11253,3,0.3248467,0.47692353,0.1982297,c1,c234
11254,1,0.5002672,0.31591925,0.18381353,c1,c1
11255,1,0.4465443,0.32077122,0.23268443,c1,c1
11256,2,0.61961687,0.29424462,0.08613853,c1,c1
11257,3,0.06596339,0.2807156,0.653321,c5,c5
11258,5,0.20682584,0.50396264,0.28921154,c1,c234
11259,5,0.105203584,0.19627644,0.69851995,c5,c5
11260,4,0.27448767,0.3749512,0.35056117,c5,c234
11261,3,0.11868515,0.40288138,0.47843343,c1,c5
11262,3,0.6140097,0.24723586,0.13875449,c1,c1
11263,2,0.22091658,0.3838122,0.39527127,c5,c5
11264,2,0.34016502,0.3847054,0.27512962,c234,c234
11265,1,0.72569364,0.18972492,0.08458136,c1,c1
11266,2,0.2584693,0.4280207,0.31350997,c1,c234
11267,4,0.59954894,0.30696812,0.09348296,c1,c1
11268,4,0.11580293,0.2517202,0.6324769,c1,c5
11269,5,0.32641134,0.47359413,0.19999456,c234,c234
11270,1,0.39118037,0.45413736,0.1546823,c234,c234
11271,2,0.0958885,0.35713986,0.5469717,c234,c5
11272,1,0.14507674,0.32399547,0.5309278,c234,c5
11273,2,0.46201298,0.37369308,0.16429399,c234,c1
11274,4,0.15706052,0.4737288,0.36921072,c5,c234
11275,5,0.5319608,0.34358552,0.12445361,c234,c1
11276,1,0.114620715,0.23600878,0.64937055,c234,c5
11277,3,0.10240179,0.25762668,0.63997155,c5,c5
11278,2,0.075996526,0.19660333,0.7274001,c5,c5
11279,2,0.16195676,0.17295013,0.6650931,c5,c5
11280,3,0.38001165,0.3433538,0.27663448,c1,c1
11281,4,0.12699442,0.32271203,0.5502935,c5,c5
11282,1,0.2896142,0.30202663,0.40835917,c234,c5
11283,1,0.09013229,0.40295988,0.5069078,c234,c5
11284,4,0.14587978,0.49543643,0.35868374,c5,c234
11285,5,0.6086723,0.29123425,0.100093454,c1,c1
11286,5,0.0644087,0.17729893,0.7582924,c5,c5
11287,2,0.3296779,0.23867138,0.4316508,c5,c5
11288,5,0.08039868,0.21515803,0.70444334,c5,c5
11289,2,0.43144315,0.2896219,0.27893496,c234,c1
11290,1,0.23855668,0.44546497,0.31597838,c5,c234
11291,3,0.44554022,0.40423545,0.15022427,c1,c1
11292,1,0.7520897,0.18327548,0.06463487,c5,c1
11293,4,0.06822331,0.3438543,0.5879224,c5,c5
11294,2,0.27100572,0.41449738,0.31449687,c1,c234
11295,5,0.5207359,0.35058853,0.12867552,c1,c1
11296,5,0.66743743,0.26131642,0.07124616,c1,c1
11297,4,0.37369594,0.44263875,0.18366534,c5,c234
11298,1,0.3051542,0.3432669,0.35157886,c1,c5
11299,1,0.32084247,0.52188444,0.15727302,c234,c234
11300,3,0.15297611,0.39187995,0.45514396,c234,c5
11301,2,0.12169574,0.31228206,0.5660222,c1,c5
11302,4,0.2693549,0.49548,0.23516507,c5,c234
11303,1,0.306225,0.426913,0.26686198,c5,c234
11304,3,0.66600156,0.23611164,0.09788678,c1,c1
11305,3,0.33803707,0.44011718,0.22184578,c1,c234
11306,5,0.07439337,0.35009164,0.575515,c1,c5
11307,4,0.11403237,0.3956868,0.4902809,c234,c5
11308,5,0.32335904,0.33745322,0.33918777,c234,c5
11309,3,0.24474739,0.44091395,0.31433862,c5,c234
11310,1,0.078137584,0.27902418,0.64283824,c234,c5
11311,5,0.091648936,0.46271253,0.4456386,c234,c234
11312,1,0.35176742,0.4536953,0.19453733,c234,c234
11313,4,0.41269413,0.4015624,0.18574353,c1,c1
11314,1,0.33929628,0.39196637,0.26873738,c1,c234
11315,2,0.2332592,0.5072509,0.2594899,c5,c234
11316,3,0.23464589,0.39271814,0.37263593,c234,c234
11317,5,0.14066495,0.46212435,0.3972107,c5,c234
11318,1,0.2604932,0.4788864,0.2606204,c234,c234
11319,2,0.24440098,0.433358,0.32224095,c234,c234
11320,3,0.5459784,0.29778695,0.15623459,c234,c1
11321,3,0.36379787,0.38794687,0.24825522,c5,c234
11322,2,0.4834733,0.30919576,0.20733097,c234,c1
11323,3,0.058356714,0.1646423,0.77700096,c234,c5
11324,3,0.13406378,0.5184558,0.34748042,c5,c234
11325,1,0.05623446,0.32966745,0.61409813,c5,c5
11326,5,0.12791297,0.36146617,0.5106209,c234,c5
11327,3,0.2197119,0.31470355,0.46558455,c5,c5
11328,2,0.3593072,0.40596664,0.23472613,c234,c234
11329,4,0.14569037,0.3294022,0.5249074,c5,c5
11330,5,0.15113685,0.3619394,0.48692378,c1,c5
11331,4,0.0819458,0.24223793,0.6758163,c234,c5
11332,1,0.5621828,0.32432553,0.11349167,c234,c1
11333,2,0.31838042,0.4133814,0.26823825,c5,c234
11334,4,0.6836755,0.25179434,0.064530104,c1,c1
11335,2,0.15559526,0.47576973,0.36863503,c234,c234
11336,2,0.3532445,0.4396065,0.20714906,c234,c234
11337,3,0.4548959,0.3587339,0.18637013,c5,c1
11338,4,0.07875306,0.2445686,0.6766783,c5,c5
11339,2,0.7391063,0.20990449,0.050989185,c234,c1
11340,2,0.35521445,0.26834276,0.3764428,c1,c5
11341,5,0.18540192,0.5192114,0.29538667,c1,c234
11342,1,0.22948223,0.42012903,0.35038877,c234,c234
11343,2,0.15559052,0.43318,0.4112295,c234,c234
11344,2,0.21899942,0.2816603,0.49934027,c5,c5
11345,2,0.30173707,0.43813646,0.26012653,c234,c234
11346,4,0.17972425,0.4494064,0.3708694,c5,c234
11347,1,0.45595783,0.37453455,0.1695077,c1,c1
11348,2,0.13521323,0.33339196,0.53139484,c5,c5
11349,5,0.128943,0.380375,0.49068198,c234,c5
11350,5,0.37819564,0.40773073,0.2140736,c5,c234
11351,3,0.2118457,0.3629221,0.42523223,c234,c5
11352,2,0.17373386,0.32636547,0.49990067,c5,c5
11353,5,0.4611353,0.3983979,0.14046675,c1,c1
11354,2,0.1261682,0.25764295,0.6161888,c5,c5
11355,2,0.049403515,0.15092482,0.7996717,c5,c5
11356,1,0.21490778,0.4668873,0.31820494,c5,c234
11357,2,0.41537836,0.42751887,0.15710272,c234,c234
11358,3,0.30662265,0.282681,0.41069636,c1,c5
11359,1,0.16246748,0.42326453,0.41426796,c234,c234
11360,5,0.24656706,0.24602588,0.5074071,c234,c5
11361,5,0.3063445,0.494945,0.19871052,c234,c234
11362,3,0.6345393,0.2602952,0.10516556,c234,c1
11363,1,0.18627478,0.44772357,0.3660017,c5,c234
11364,3,0.61738884,0.23387712,0.14873397,c1,c1
11365,1,0.17386977,0.43764246,0.38848776,c5,c234
11366,1,0.21576262,0.5296032,0.25463426,c1,c234
11367,1,0.11053064,0.24559742,0.6438719,c5,c5
11368,2,0.4997571,0.28733692,0.21290599,c1,c1
11369,2,0.46308517,0.31510353,0.2218113,c1,c1
11370,3,0.070040785,0.3269637,0.6029955,c234,c5
11371,1,0.24244499,0.32519177,0.43236324,c1,c5
11372,2,0.22335216,0.227813,0.54883486,c5,c5
11373,1,0.3081018,0.4598696,0.23202866,c1,c234
11374,4,0.5372188,0.28467116,0.17811003,c1,c1
11375,3,0.07788661,0.321337,0.60077643,c5,c5
11376,3,0.45627645,0.39571878,0.14800476,c1,c1
11377,3,0.49973848,0.34185597,0.15840565,c1,c1
11378,1,0.13683681,0.3409142,0.522249,c1,c5
11379,5,0.33414075,0.33261466,0.3332446,c234,c1
11380,2,0.5198889,0.3505741,0.129537,c1,c1
11381,1,0.7695504,0.1734373,0.057012323,c1,c1
11382,2,0.67651993,0.23905142,0.08442868,c1,c1
11383,2,0.3153251,0.31487316,0.36980176,c234,c5
11384,1,0.47960046,0.40420932,0.11619023,c1,c1
11385,3,0.4187256,0.31420493,0.26706946,c1,c1
11386,5,0.7796144,0.16733222,0.053053424,c1,c1
11387,5,0.30347264,0.31212565,0.38440174,c234,c5
11388,3,0.5918163,0.3379485,0.070235126,c1,c1
11389,1,0.12269776,0.2853331,0.5919692,c234,c5
11390,2,0.38299242,0.32134286,0.29566473,c1,c1
11391,4,0.06921157,0.2493013,0.68148714,c5,c5
11392,3,0.34110814,0.4113796,0.24751219,c1,c234
11393,5,0.14777075,0.50604177,0.3461875,c234,c234
11394,5,0.17531455,0.44539198,0.37929347,c234,c234
11395,5,0.2806517,0.5434689,0.17587943,c234,c234
11396,4,0.079162836,0.2641357,0.6567015,c5,c5
11397,4,0.25469586,0.5466803,0.19862388,c234,c234
11398,4,0.07931912,0.34169838,0.5789825,c234,c5
11399,1,0.563662,0.33011833,0.10621969,c1,c1
11400,2,0.42997184,0.4224282,0.14759998,c1,c1
11401,3,0.5708667,0.24343765,0.18569562,c234,c1
11402,3,0.15183377,0.45930752,0.38885874,c5,c234
11403,4,0.50452006,0.34220982,0.15327005,c1,c1
11404,4,0.1724472,0.38568574,0.44186708,c1,c5
11405,2,0.41712755,0.33732632,0.24554613,c5,c1
11406,5,0.4692831,0.35854033,0.17217661,c1,c1
11407,3,0.06474828,0.2370997,0.69815195,c5,c5
11408,1,0.09603452,0.42475992,0.47920555,c234,c5
11409,5,0.23660778,0.46269038,0.30070192,c234,c234
11410,3,0.34698787,0.43295667,0.2200555,c1,c234
11411,1,0.6610644,0.2790764,0.05985924,c234,c1
11412,5,0.22251965,0.5119707,0.26550964,c234,c234
11413,2,0.37412122,0.44322366,0.18265516,c1,c234
11414,4,0.10449157,0.25510737,0.64040107,c234,c5
11415,5,0.15705766,0.5172403,0.32570207,c5,c234
11416,4,0.5131151,0.32143566,0.16544922,c1,c1
11417,1,0.39042956,0.3185232,0.2910472,c1,c1
11418,3,0.41687298,0.4233861,0.1597409,c1,c234
11419,4,0.13127024,0.29348412,0.5752456,c5,c5
11420,1,0.7486509,0.20353615,0.047812935,c1,c1
11421,5,0.66743743,0.26131642,0.07124616,c1,c1
11422,4,0.5112865,0.27903557,0.20967793,c234,c1
11423,3,0.2846075,0.40937695,0.30601558,c5,c234
11424,5,0.36128825,0.3930853,0.24562642,c1,c234
11425,5,0.04256567,0.165185,0.79224926,c5,c5
11426,2,0.47368196,0.35446835,0.17184967,c1,c1
11427,1,0.077997714,0.21483347,0.70716876,c5,c5
11428,1,0.31818816,0.36518323,0.3166286,c234,c234
11429,1,0.56221473,0.34742913,0.09035613,c234,c1
11430,4,0.20677462,0.3732796,0.41994575,c5,c5
11431,3,0.17788257,0.2957053,0.5264122,c5,c5
11432,4,0.50356275,0.35356617,0.14287108,c234,c1
11433,4,0.11087444,0.32330266,0.56582296,c234,c5
11434,4,0.09365975,0.24694134,0.65939885,c5,c5
11435,5,0.1561156,0.28756148,0.5563229,c5,c5
11436,5,0.20355193,0.39341176,0.40303633,c234,c5
11437,5,0.1283247,0.46166393,0.41001135,c234,c234
11438,1,0.2587857,0.4607163,0.280498,c1,c234
11439,2,0.22229186,0.3620065,0.41570163,c5,c5
11440,1,0.25941873,0.5267981,0.21378312,c234,c234
11441,5,0.44503108,0.40699002,0.14797893,c1,c1
11442,5,0.14600107,0.39764795,0.456351,c1,c5
11443,1,0.6863458,0.251232,0.06242218,c1,c1
11444,2,0.18264082,0.2715616,0.5457975,c5,c5
11445,3,0.107867025,0.40917838,0.48295456,c234,c5
11446,2,0.47914204,0.31286073,0.20799716,c1,c1
11447,4,0.5986854,0.29460332,0.10671127,c1,c1
11448,4,0.42233098,0.27062145,0.30704755,c5,c1
11449,1,0.12312319,0.3266912,0.55018556,c5,c5
11450,1,0.37211284,0.39548996,0.23239723,c5,c234
11451,5,0.18496585,0.534694,0.28034016,c5,c234
11452,2,0.22106408,0.30252782,0.4764081,c5,c5
11453,4,0.41269413,0.4015624,0.18574353,c5,c1
11454,1,0.6372741,0.25975502,0.10297086,c1,c1
11455,1,0.056907512,0.22781007,0.7152823,c234,c5
11456,2,0.10242262,0.21519384,0.68238354,c5,c5
11457,2,0.15056954,0.407098,0.44233248,c1,c5
11458,5,0.2185219,0.44153413,0.33994395,c234,c234
11459,2,0.39546216,0.46053958,0.14399825,c1,c234
11460,4,0.27737954,0.3030611,0.41955936,c1,c5
11461,1,0.2648169,0.30767146,0.4275116,c1,c5
11462,5,0.22831824,0.2906277,0.4810541,c5,c5
11463,3,0.064367436,0.2727227,0.66290987,c234,c5
11464,3,0.33731592,0.43267015,0.23001392,c234,c234
11465,5,0.4057783,0.4269164,0.16730535,c234,c234
11466,5,0.37938294,0.43147442,0.1891426,c5,c234
11467,4,0.22509709,0.47897997,0.29592294,c234,c234
11468,1,0.24294141,0.4882455,0.26881313,c1,c234
11469,5,0.07974547,0.31997547,0.60027903,c234,c5
11470,4,0.057888933,0.22926283,0.7128482,c5,c5
11471,4,0.2829106,0.37374485,0.34334457,c234,c234
11472,3,0.6516926,0.24351975,0.10478769,c234,c1
11473,2,0.38709018,0.35296628,0.25994352,c5,c1
11474,2,0.31634727,0.4164148,0.2672379,c234,c234
11475,3,0.537917,0.33344012,0.12864289,c1,c1
11476,4,0.6836755,0.25179434,0.064530104,c1,c1
11477,2,0.34083888,0.38097662,0.27818456,c234,c234
11478,1,0.50704086,0.34751204,0.14544708,c1,c1
11479,4,0.3758256,0.29324758,0.33092687,c234,c1
11480,3,0.7364106,0.18335186,0.0802375,c1,c1
11481,5,0.41821235,0.38438272,0.1974049,c5,c1
11482,4,0.1521496,0.431428,0.41642246,c234,c234
11483,4,0.20813105,0.3938079,0.39806104,c234,c5
11484,5,0.23591416,0.34342068,0.42066514,c5,c5
11485,3,0.2876994,0.36198092,0.3503197,c234,c234
11486,2,0.10438522,0.23909336,0.65652144,c1,c5
11487,1,0.064885534,0.2258516,0.70926285,c5,c5
11488,4,0.2332143,0.46334934,0.30343637,c5,c234
11489,4,0.2553838,0.3223757,0.4222405,c234,c5
11490,1,0.35913324,0.40084082,0.24002594,c1,c234
11491,5,0.19401069,0.45953628,0.34645304,c234,c234
11492,4,0.34728748,0.40011597,0.25259653,c234,c234
11493,2,0.39102268,0.2778187,0.33115858,c234,c1
11494,4,0.58525515,0.34367594,0.07106887,c1,c1
11495,1,0.07366793,0.34490493,0.5814271,c5,c5
11496,3,0.15992221,0.37879387,0.4612839,c234,c5
11497,1,0.100694776,0.41230443,0.48700085,c1,c5
11498,2,0.59378564,0.28046736,0.12574704,c234,c1
11499,2,0.23305313,0.40559033,0.36135653,c5,c234
11500,1,0.21829878,0.46304202,0.31865928,c234,c234
11501,5,0.60553235,0.31041032,0.08405729,c1,c1
11502,4,0.14935572,0.37529695,0.4753473,c1,c5
11503,5,0.08146759,0.33422902,0.5843033,c5,c5
11504,3,0.30785626,0.3933218,0.29882193,c234,c234
11505,3,0.32561988,0.48732388,0.18705627,c234,c234
11506,5,0.333747,0.3691087,0.29714435,c5,c234
11507,3,0.16389203,0.38003838,0.45606956,c1,c5
11508,3,0.3077878,0.34364513,0.3485671,c234,c5
11509,5,0.39577046,0.26946405,0.33476546,c1,c1
11510,5,0.3404828,0.426462,0.23305516,c5,c234
11511,4,0.10355999,0.45248762,0.44395244,c234,c234
11512,3,0.5756501,0.32012874,0.1042212,c1,c1
11513,1,0.11746436,0.3757698,0.5067658,c234,c5
11514,1,0.7465269,0.2003372,0.05313594,c1,c1
11515,4,0.32139796,0.4385756,0.24002643,c234,c234
11516,1,0.07429083,0.29634738,0.62936175,c5,c5
11517,5,0.35371587,0.4279668,0.21831739,c1,c234
11518,3,0.21807808,0.34020737,0.4417145,c5,c5
11519,5,0.52872366,0.3596351,0.11164119,c1,c1
11520,5,0.15693572,0.48339608,0.35966825,c234,c234
11521,2,0.1766617,0.27209517,0.5512432,c234,c5
11522,5,0.22111669,0.32672945,0.45215392,c5,c5
11523,4,0.08490027,0.18417591,0.73092383,c1,c5
11524,5,0.12093439,0.311619,0.5674466,c5,c5
11525,2,0.14766827,0.38395864,0.46837315,c5,c5
11526,2,0.47135526,0.3198902,0.20875451,c1,c1
11527,1,0.24774888,0.3024295,0.4498217,c1,c5
11528,3,0.33608747,0.422914,0.24099855,c234,c234
11529,4,0.69239235,0.18868971,0.11891798,c1,c1
11530,5,0.2152931,0.5028988,0.2818081,c1,c234
11531,4,0.4023228,0.30560437,0.29207286,c5,c1
11532,3,0.1571491,0.29914635,0.54370457,c234,c5
11533,1,0.3166955,0.35763854,0.32566592,c1,c234
11534,2,0.18120874,0.25953785,0.55925345,c5,c5
11535,1,0.22088744,0.422149,0.35696355,c234,c234
11536,2,0.48793837,0.3735221,0.13853955,c5,c1
11537,1,0.19327252,0.41015804,0.39656946,c5,c234
11538,1,0.08683465,0.23844475,0.67472064,c5,c5
11539,2,0.5904674,0.2992891,0.11024352,c1,c1
11540,3,0.1878699,0.42295814,0.38917193,c234,c234
11541,1,0.4558268,0.31260678,0.23156643,c234,c1
11542,3,0.15262577,0.27108938,0.5762849,c234,c5
11543,5,0.15301943,0.37817234,0.46880823,c5,c5
11544,1,0.2657971,0.4429582,0.29124472,c234,c234
11545,4,0.29987127,0.42231882,0.27780995,c5,c234
11546,2,0.50046086,0.33993337,0.15960582,c234,c1
11547,4,0.15277201,0.37389168,0.47333625,c5,c5
11548,2,0.37210068,0.38485083,0.2430485,c1,c234
11549,1,0.06833616,0.29273656,0.6389272,c5,c5
11550,3,0.0962902,0.3339592,0.56975055,c5,c5
11551,3,0.24991778,0.49423778,0.2558444,c234,c234
11552,2,0.40759894,0.2640667,0.32833433,c1,c1
11553,4,0.66624665,0.24261288,0.09114048,c234,c1
11554,3,0.5587295,0.34498048,0.09629003,c234,c1
11555,4,0.05141738,0.22620045,0.72238225,c5,c5
11556,1,0.36566347,0.3319208,0.3024157,c1,c1
11557,4,0.17425607,0.36876506,0.4569789,c234,c5
11558,3,0.0734971,0.25720426,0.6692986,c5,c5
11559,1,0.5652207,0.29854658,0.13623275,c5,c1
11560,4,0.14738744,0.3419339,0.51067865,c1,c5
11561,5,0.36958823,0.38370153,0.24671026,c1,c234
11562,3,0.60117257,0.26514542,0.13368203,c1,c1
11563,4,0.45870295,0.3328201,0.20847698,c1,c1
11564,1,0.14872794,0.44728366,0.40398848,c234,c234
11565,5,0.18237142,0.49211928,0.3255093,c1,c234
11566,2,0.05175406,0.20097737,0.7472686,c234,c5
11567,3,0.63530964,0.25277042,0.11192,c1,c1
11568,5,0.1684068,0.45134065,0.38025257,c234,c234
11569,5,0.10271059,0.29427877,0.6030106,c234,c5
11570,2,0.0950605,0.26288727,0.64205223,c234,c5
11571,4,0.0990866,0.36368468,0.5372287,c5,c5
11572,5,0.1035355,0.23632345,0.66014105,c5,c5
11573,5,0.066326536,0.18965152,0.74402195,c1,c5
11574,2,0.06532113,0.3155341,0.61914474,c5,c5
11575,1,0.60250884,0.27838573,0.11910538,c1,c1
11576,4,0.5913365,0.3397418,0.0689217,c1,c1
11577,1,0.477963,0.2783343,0.24370277,c5,c1
11578,2,0.7332923,0.21791486,0.048792835,c234,c1
11579,4,0.56386775,0.31554914,0.120583124,c1,c1
11580,5,0.08423733,0.32008904,0.5956736,c5,c5
11581,3,0.5820101,0.31085327,0.10713664,c234,c1
11582,5,0.2729877,0.31688395,0.41012836,c234,c5
11583,5,0.4752385,0.33724147,0.18751994,c5,c1
11584,1,0.0733848,0.22489889,0.70171636,c5,c5
11585,4,0.42233098,0.27062145,0.30704755,c1,c1
11586,2,0.6409823,0.28342906,0.07558868,c234,c1
11587,3,0.3518034,0.28573498,0.36246166,c234,c5
11588,2,0.108804025,0.30957568,0.58162034,c1,c5
11589,3,0.47987893,0.38189295,0.13822806,c1,c1
11590,5,0.4558644,0.3287479,0.21538769,c5,c1
11591,3,0.6740274,0.24230555,0.083667025,c1,c1
11592,1,0.27882114,0.42266762,0.2985113,c1,c234
11593,1,0.22322866,0.3470118,0.4297596,c5,c5
11594,1,0.15275572,0.4790986,0.36814567,c5,c234
11595,2,0.24648263,0.38390943,0.36960796,c234,c234
11596,1,0.30067465,0.28818256,0.41114286,c1,c5
11597,2,0.08302897,0.33355728,0.5834138,c5,c5
11598,2,0.35190624,0.42357415,0.22451958,c234,c234
11599,4,0.16391824,0.44753835,0.38854343,c1,c234
11600,5,0.28806227,0.40377024,0.3081675,c1,c234
11601,3,0.18700774,0.43448767,0.37850454,c234,c234
11602,2,0.42075494,0.3621825,0.21706252,c1,c1
11603,3,0.39697576,0.37826553,0.22475873,c5,c1
11604,4,0.13193108,0.2712839,0.596785,c1,c5
11605,2,0.044904362,0.16456941,0.7905263,c5,c5
11606,4,0.25875437,0.44312108,0.29812455,c5,c234
11607,2,0.6180196,0.30091387,0.08106653,c234,c1
11608,1,0.2122443,0.3774438,0.41031197,c1,c5
11609,1,0.29201868,0.40925652,0.29872483,c1,c234
11610,2,0.15168935,0.4100255,0.43828517,c1,c5
11611,1,0.17216367,0.5352441,0.29259226,c234,c234
11612,5,0.39577046,0.26946405,0.33476546,c1,c1
11613,4,0.76507026,0.18163142,0.05329834,c1,c1
11614,3,0.22151814,0.43191513,0.3465667,c1,c234
11615,2,0.44555035,0.27279204,0.2816576,c234,c1
11616,1,0.12349142,0.3578581,0.51865053,c5,c5
11617,3,0.7470641,0.17571886,0.077217005,c1,c1
11618,1,0.6500488,0.27828863,0.07166262,c234,c1
11619,5,0.55072683,0.2530971,0.19617604,c5,c1
11620,3,0.2547407,0.3927721,0.35248718,c5,c234
11621,3,0.29064965,0.4400342,0.26931608,c234,c234
11622,1,0.4526078,0.37353414,0.17385802,c1,c1
11623,1,0.5777683,0.27129087,0.15094082,c234,c1
11624,2,0.420437,0.43686527,0.14269768,c234,c234
11625,5,0.4785809,0.38295782,0.1384613,c1,c1
11626,5,0.5262597,0.25855318,0.21518707,c5,c1
11627,4,0.21985695,0.49593937,0.28420362,c5,c234
11628,1,0.14095606,0.35662,0.50242394,c5,c5
11629,3,0.25899917,0.50271976,0.23828104,c1,c234
11630,2,0.5403618,0.27257472,0.18706346,c1,c1
11631,3,0.07997204,0.34645107,0.57357687,c5,c5
11632,1,0.13381052,0.32493713,0.5412524,c5,c5
11633,5,0.58553326,0.27243954,0.14202726,c1,c1
11634,4,0.16004272,0.3167326,0.5232247,c5,c5
11635,2,0.55137837,0.284276,0.16434567,c1,c1
11636,5,0.03380099,0.10208815,0.8641108,c5,c5
11637,4,0.43208233,0.3518169,0.21610084,c234,c1
11638,2,0.57758826,0.33030728,0.0921045,c1,c1
11639,3,0.18968073,0.5385063,0.27181292,c5,c234
11640,3,0.3024217,0.45255008,0.24502817,c234,c234
11641,2,0.2075219,0.2876829,0.5047952,c5,c5
11642,3,0.0601703,0.31650376,0.62332594,c234,c5
11643,5,0.3644685,0.46764413,0.16788742,c1,c234
11644,2,0.3205526,0.34134102,0.33810636,c1,c234
11645,3,0.28128058,0.44435686,0.2743625,c1,c234
11646,1,0.23388131,0.3953764,0.3707423,c5,c234
11647,1,0.3693679,0.3236762,0.3069559,c1,c1
11648,5,0.12104955,0.26630765,0.6126428,c5,c5
11649,5,0.33004835,0.4469022,0.22304946,c5,c234
11650,1,0.18658753,0.43851438,0.3748981,c234,c234
11651,1,0.29528397,0.44294918,0.26176682,c1,c234
11652,3,0.19108824,0.5318794,0.27703232,c5,c234
11653,1,0.13676953,0.51239616,0.35083428,c5,c234
11654,2,0.100907035,0.37730253,0.52179044,c5,c5
11655,4,0.67428035,0.21965629,0.10606335,c5,c1
11656,5,0.39313218,0.31631503,0.2905528,c5,c1
11657,1,0.563662,0.33011833,0.10621969,c1,c1
11658,2,0.6409823,0.28342906,0.07558868,c1,c1
11659,4,0.4164853,0.42469972,0.15881498,c234,c234
11660,3,0.32010204,0.37389472,0.30600327,c234,c234
11661,2,0.30425876,0.34076408,0.35497713,c234,c5
11662,1,0.40481165,0.4399556,0.15523277,c1,c234
11663,3,0.2986459,0.4758968,0.22545728,c234,c234
11664,3,0.17476037,0.35354316,0.47169644,c234,c5
11665,4,0.26610336,0.3981054,0.33579126,c234,c234
11666,2,0.1561105,0.4934606,0.35042888,c5,c234
11667,4,0.16546081,0.46905807,0.3654812,c1,c234
11668,3,0.2684884,0.50925267,0.22225888,c1,c234
11669,5,0.3338857,0.473159,0.19295534,c1,c234
11670,3,0.15685181,0.2932704,0.5498778,c5,c5
11671,4,0.2165646,0.39233932,0.3910961,c234,c234
11672,1,0.23521851,0.37454984,0.39023164,c1,c5
11673,5,0.3153029,0.2721069,0.41259015,c234,c5
11674,4,0.18268742,0.33763766,0.47967488,c234,c5
11675,3,0.47434315,0.37989128,0.14576553,c234,c1
11676,1,0.14198387,0.3134706,0.5445456,c5,c5
11677,2,0.47876942,0.4017641,0.11946644,c234,c1
11678,3,0.07517396,0.24757151,0.6772545,c5,c5
11679,5,0.056942757,0.16766058,0.7753966,c1,c5
11680,2,0.382242,0.4681612,0.14959678,c1,c234
11681,4,0.42206314,0.3462697,0.23166709,c234,c1
11682,4,0.36329588,0.36867926,0.2680248,c234,c234
11683,2,0.6602609,0.26390308,0.075835966,c5,c1
11684,5,0.048079584,0.16680837,0.785112,c5,c5
11685,1,0.37501538,0.27794033,0.3470443,c234,c1
11686,1,0.10137399,0.35486814,0.54375786,c5,c5
11687,4,0.12613317,0.3157083,0.5581585,c234,c5
11688,5,0.10058886,0.35083255,0.54857856,c234,c5
11689,3,0.38843527,0.41021934,0.20134544,c1,c234
11690,5,0.68344945,0.23448451,0.082066,c234,c1
11691,4,0.14743045,0.39978027,0.45278925,c5,c5
11692,1,0.10451907,0.39195496,0.5035259,c1,c5
11693,2,0.124798134,0.45783198,0.4173699,c234,c234
11694,4,0.2894609,0.4889232,0.2216159,c234,c234
11695,4,0.08177761,0.2877408,0.6304816,c234,c5
11696,2,0.34488505,0.4256943,0.22942069,c234,c234
11697,4,0.51065445,0.38565046,0.1036951,c1,c1
11698,1,0.32989424,0.40827042,0.26183537,c234,c234
11699,1,0.08105511,0.39297366,0.52597123,c234,c5
11700,4,0.45000258,0.36509112,0.18490626,c234,c1
11701,2,0.3038947,0.45533764,0.24076763,c234,c234
11702,5,0.19923566,0.48016366,0.3206007,c234,c234
11703,5,0.22415446,0.38958016,0.38626537,c234,c234
11704,2,0.07155699,0.1673527,0.76109034,c5,c5
11705,5,0.064143,0.29870164,0.63715535,c234,c5
11706,1,0.62928987,0.27902848,0.09168167,c1,c1
11707,1,0.099107824,0.3798264,0.5210658,c5,c5
11708,4,0.47758448,0.3765113,0.14590418,c1,c1
11709,1,0.11535799,0.41068053,0.47396153,c1,c5
11710,4,0.14865649,0.28342935,0.5679141,c5,c5
11711,4,0.28478178,0.30586556,0.40935272,c5,c5
11712,1,0.05402312,0.22315557,0.72282135,c5,c5
11713,3,0.13177484,0.35110146,0.51712376,c5,c5
11714,2,0.5813063,0.30344257,0.11525116,c234,c1
11715,2,0.47383383,0.39267823,0.13348792,c234,c1
11716,3,0.1480004,0.3909777,0.46102187,c5,c5
11717,4,0.41269413,0.4015624,0.18574353,c5,c1
11718,1,0.15582849,0.38076735,0.4634042,c5,c5
11719,4,0.2687313,0.51396203,0.21730666,c1,c234
11720,5,0.3153029,0.2721069,0.41259015,c1,c5
11721,5,0.05701903,0.1808194,0.7621615,c5,c5
11722,3,0.08646864,0.26549816,0.6480332,c5,c5
11723,3,0.29261264,0.4241926,0.28319475,c234,c234
11724,3,0.11940029,0.35864577,0.52195394,c5,c5
11725,5,0.1725836,0.5040418,0.3233746,c234,c234
11726,5,0.30056864,0.53474337,0.16468796,c1,c234
11727,1,0.21798405,0.3369204,0.4450956,c234,c5
11728,2,0.17817141,0.4568689,0.36495975,c234,c234
11729,2,0.59544724,0.24876535,0.15578744,c234,c1
11730,4,0.0981585,0.38652214,0.51531935,c234,c5
11731,4,0.17299439,0.35457167,0.4724339,c234,c5
11732,1,0.198737,0.29141074,0.5098523,c5,c5
11733,1,0.563662,0.33011833,0.10621969,c5,c1
11734,1,0.16724776,0.3619735,0.47077882,c234,c5
11735,5,0.17980775,0.3819563,0.43823588,c5,c5
11736,3,0.116933495,0.37388897,0.5091775,c234,c5
11737,3,0.16438699,0.50191677,0.33369628,c5,c234
11738,1,0.63239825,0.26966864,0.09793314,c234,c1
11739,3,0.7188425,0.2043491,0.07680841,c1,c1
11740,5,0.17688085,0.31142238,0.51169676,c5,c5
11741,5,0.15607864,0.45240098,0.3915204,c234,c234
11742,4,0.605004,0.3279727,0.06702326,c234,c1
11743,1,0.16692543,0.35346743,0.47960708,c5,c5
11744,1,0.62928987,0.27902848,0.09168167,c234,c1
11745,5,0.15435828,0.3949383,0.45070344,c234,c5
11746,5,0.3044036,0.40130493,0.2942915,c1,c234
11747,3,0.3646942,0.43960994,0.19569586,c234,c234
11748,5,0.2362983,0.44060194,0.32309976,c5,c234
11749,1,0.56435746,0.30798388,0.12765864,c1,c1
11750,5,0.4471798,0.3188355,0.23398468,c1,c1
11751,5,0.08111895,0.34749508,0.571386,c5,c5
11752,2,0.2338999,0.27214134,0.49395868,c1,c5
11753,5,0.24169739,0.44235715,0.3159455,c1,c234
11754,5,0.05692689,0.20914699,0.7339262,c5,c5
11755,1,0.27384987,0.30995294,0.4161972,c5,c5
11756,5,0.15956849,0.50328416,0.33714736,c5,c234
11757,5,0.20147586,0.41158888,0.3869353,c1,c234
11758,2,0.062597886,0.25046727,0.68693477,c234,c5
11759,2,0.35479838,0.31738958,0.32781205,c234,c1
11760,5,0.10757205,0.46363536,0.4287926,c234,c234
11761,5,0.18767595,0.462127,0.35019705,c5,c234
11762,1,0.047782958,0.2069525,0.7452646,c5,c5
11763,3,0.12037955,0.39317054,0.48645,c1,c5
11764,3,0.08744863,0.29808235,0.614469,c5,c5
11765,5,0.060673833,0.15709284,0.78223336,c5,c5
11766,4,0.6836755,0.25179434,0.064530104,c1,c1
11767,2,0.5364236,0.28208938,0.18148698,c1,c1
11768,4,0.06136129,0.3225322,0.6161065,c1,c5
11769,1,0.037465073,0.2984506,0.6640843,c5,c5
11770,1,0.304882,0.32066137,0.3744566,c5,c5
11771,3,0.27232832,0.40667298,0.32099873,c1,c234
11772,3,0.06106127,0.16693678,0.77200204,c234,c5
11773,4,0.061519463,0.28606492,0.6524156,c1,c5
11774,2,0.17495935,0.21971624,0.60532445,c5,c5
11775,2,0.174942,0.27984676,0.54521126,c234,c5
11776,2,0.6913082,0.23953755,0.06915426,c1,c1
11777,3,0.07461162,0.2681298,0.6572586,c5,c5
11778,1,0.46133214,0.4004211,0.13824674,c1,c1
11779,5,0.18923494,0.40483817,0.40592682,c5,c5
11780,5,0.06753629,0.2477018,0.6847619,c1,c5
11781,5,0.33430457,0.40537053,0.2603249,c5,c234
11782,4,0.107333995,0.22871314,0.66395277,c5,c5
11783,4,0.1584788,0.35074323,0.490778,c1,c5
11784,3,0.1673938,0.34705216,0.485554,c5,c5
11785,3,0.14890201,0.29677838,0.5543197,c234,c5
11786,1,0.27384987,0.30995294,0.4161972,c5,c5
11787,5,0.33277252,0.28806973,0.37915775,c1,c5
11788,4,0.32417879,0.46097594,0.21484527,c234,c234
11789,2,0.5321418,0.34345338,0.12440481,c1,c1
11790,2,0.41537836,0.42751887,0.15710272,c234,c234
11791,4,0.05653249,0.1744089,0.7690586,c5,c5
11792,1,0.19282466,0.45096543,0.35620996,c1,c234
11793,5,0.13484378,0.46562228,0.39953387,c5,c234
11794,4,0.64176226,0.2424434,0.115794316,c1,c1
11795,1,0.14087133,0.5418639,0.31726477,c234,c234
11796,4,0.105552934,0.2525755,0.64187163,c5,c5
11797,3,0.05846783,0.22506228,0.7164698,c5,c5
11798,3,0.13449533,0.45844844,0.40705624,c234,c234
11799,1,0.061702773,0.22312436,0.7151728,c5,c5
11800,5,0.37652686,0.4346513,0.18882182,c234,c234
11801,2,0.24673702,0.3859511,0.36731184,c234,c234
11802,3,0.37552035,0.33622417,0.28825554,c5,c1
11803,3,0.069991134,0.284494,0.64551485,c234,c5
11804,5,0.2644802,0.47027984,0.26523998,c234,c234
11805,1,0.25828493,0.52488005,0.21683498,c1,c234
11806,1,0.08696433,0.44336987,0.46966586,c234,c5
11807,2,0.09779963,0.34269032,0.55951005,c5,c5
11808,2,0.06652672,0.22519438,0.70827895,c5,c5
11809,5,0.45855826,0.33485422,0.2065875,c1,c1
11810,4,0.4402597,0.30168214,0.25805816,c1,c1
11811,3,0.14333898,0.4197567,0.43690434,c234,c5
11812,1,0.11904107,0.40945214,0.4715067,c234,c5
11813,1,0.1265751,0.35742363,0.5160013,c1,c5
11814,2,0.07863324,0.20878392,0.71258277,c5,c5
11815,4,0.2890347,0.31549165,0.39547372,c5,c5
11816,5,0.1427954,0.4045084,0.45269623,c5,c5
11817,1,0.7118776,0.20575683,0.08236558,c1,c1
11818,3,0.102311686,0.30949983,0.5881884,c5,c5
11819,3,0.15761302,0.46076894,0.38161802,c1,c234
11820,3,0.05677933,0.297212,0.6460087,c5,c5
11821,3,0.31569904,0.39172053,0.2925804,c234,c234
11822,3,0.59718186,0.31478876,0.08802941,c1,c1
11823,4,0.09043444,0.23970707,0.6698585,c5,c5
11824,5,0.22124913,0.4806639,0.2980869,c5,c234
11825,2,0.4081695,0.38442397,0.20740648,c1,c1
11826,1,0.13842037,0.38547072,0.476109,c5,c5
11827,3,0.17954274,0.3077374,0.51271987,c1,c5
11828,4,0.04282755,0.21199165,0.74518085,c234,c5
11829,5,0.17015022,0.4759183,0.35393158,c5,c234
11830,3,0.3019174,0.2713482,0.4267344,c5,c5
11831,1,0.24124095,0.3087214,0.4500377,c1,c5
11832,4,0.2577154,0.40837383,0.33391076,c1,c234
11833,4,0.12957555,0.26951525,0.6009092,c1,c5
11834,1,0.346019,0.31486169,0.33911934,c1,c1
11835,3,0.5942422,0.28022087,0.12553687,c5,c1
11836,1,0.056450937,0.23122843,0.7123206,c5,c5
11837,4,0.25362474,0.31017908,0.4361962,c234,c5
11838,1,0.6792424,0.2247024,0.096055225,c1,c1
11839,4,0.5058915,0.36607417,0.12803437,c1,c1
11840,2,0.46693954,0.2511581,0.28190243,c1,c1
11841,3,0.3905012,0.32369736,0.28580144,c1,c1
11842,1,0.6552935,0.25765246,0.08705401,c234,c1
11843,5,0.49722674,0.33792222,0.16485104,c1,c1
11844,1,0.074202254,0.35399917,0.57179856,c234,c5
11845,2,0.51762176,0.35372064,0.12865764,c1,c1
11846,3,0.2781015,0.4433213,0.2785772,c1,c234
11847,5,0.61091125,0.22125739,0.16783133,c5,c1
11848,3,0.44340044,0.38669354,0.16990592,c234,c1
11849,1,0.6097823,0.307086,0.08313171,c234,c1
11850,1,0.6106286,0.3089608,0.08041054,c1,c1
11851,4,0.6401795,0.26396683,0.09585368,c1,c1
11852,3,0.19356275,0.5037825,0.30265474,c1,c234
11853,1,0.07135557,0.40982172,0.51882267,c5,c5
11854,1,0.15496705,0.49975145,0.34528145,c5,c234
11855,4,0.11646083,0.37493193,0.5086072,c5,c5
11856,4,0.40635166,0.3959706,0.1976777,c1,c1
11857,1,0.5491807,0.32982638,0.12099294,c5,c1
11858,3,0.124505974,0.44346434,0.4320297,c5,c234
11859,2,0.7048789,0.19727299,0.09784813,c1,c1
11860,4,0.297942,0.379148,0.32291,c234,c234
11861,1,0.26764482,0.48251703,0.24983811,c1,c234
11862,1,0.4388403,0.40730023,0.1538595,c234,c1
11863,5,0.5375508,0.2609918,0.2014574,c1,c1
11864,5,0.12428576,0.36307335,0.5126409,c234,c5
11865,3,0.35460106,0.36283296,0.28256598,c5,c234
11866,1,0.24554497,0.4092574,0.34519768,c234,c234
11867,5,0.1767583,0.26219025,0.5610514,c1,c5
11868,2,0.13585927,0.21630889,0.6478319,c5,c5
11869,4,0.22112761,0.2807969,0.49807554,c234,c5
11870,1,0.34841272,0.3806404,0.27094692,c1,c234
11871,4,0.27764952,0.28740877,0.43494174,c234,c5
11872,3,0.3929827,0.4243972,0.18262011,c1,c234
11873,1,0.078763455,0.29928917,0.6219474,c234,c5
11874,4,0.6657466,0.23918268,0.09507064,c1,c1
11875,2,0.6334004,0.28689334,0.079706326,c234,c1
11876,1,0.21264598,0.2768691,0.51048493,c5,c5
11877,2,0.3593403,0.28057286,0.3600868,c5,c5
11878,3,0.5628265,0.30427143,0.13290203,c1,c1
11879,4,0.0684515,0.21896374,0.71258473,c234,c5
11880,2,0.104469344,0.20661135,0.6889193,c5,c5
11881,3,0.34940115,0.29019457,0.3604043,c234,c5
11882,3,0.24785565,0.37705916,0.37508518,c234,c234
11883,2,0.095412776,0.30537564,0.59921163,c234,c5
11884,2,0.40511978,0.2716859,0.32319427,c5,c1
11885,2,0.20620184,0.24452724,0.5492709,c234,c5
11886,5,0.29390234,0.4474096,0.25868806,c234,c234
11887,2,0.50540966,0.38534117,0.10924915,c1,c1
11888,2,0.28535685,0.43395028,0.28069288,c234,c234
11889,3,0.2852,0.5077417,0.20705828,c234,c234
11890,3,0.21626186,0.34655708,0.43718106,c234,c5
11891,5,0.20493346,0.45211887,0.3429477,c234,c234
11892,5,0.4470303,0.3862119,0.1667578,c234,c1
11893,4,0.2615659,0.32314855,0.4152856,c1,c5
11894,2,0.454263,0.34997898,0.19575806,c234,c1
11895,4,0.15188363,0.42121112,0.42690516,c5,c5
11896,4,0.2157382,0.51759225,0.26666954,c1,c234
11897,2,0.53265786,0.35870257,0.108639546,c1,c1
11898,1,0.10261818,0.36310315,0.53427863,c5,c5
11899,3,0.3163024,0.39273274,0.29096487,c1,c234
11900,5,0.16517094,0.4065129,0.4283162,c234,c5
11901,4,0.6659979,0.2574698,0.07653225,c234,c1
11902,5,0.25101012,0.3502202,0.39876962,c1,c5
11903,2,0.590959,0.30699745,0.10204349,c1,c1
11904,3,0.33142436,0.37802517,0.29055044,c1,c234
11905,4,0.66417074,0.25987878,0.07595053,c234,c1
11906,5,0.7380761,0.20611042,0.05581349,c1,c1
11907,4,0.17434114,0.45386553,0.3717933,c1,c234
11908,4,0.17341991,0.4456632,0.38091686,c234,c234
11909,4,0.41411597,0.41079298,0.17509106,c234,c1
11910,5,0.17689748,0.4800361,0.34306636,c5,c234
11911,3,0.20812269,0.37787494,0.41400242,c234,c5
11912,3,0.13752125,0.30020905,0.5622697,c5,c5
11913,5,0.15515427,0.42257756,0.42226818,c5,c234
11914,2,0.20503566,0.2923051,0.50265926,c1,c5
11915,3,0.06315966,0.2252226,0.7116177,c5,c5
11916,4,0.082607836,0.29799107,0.61940104,c5,c5
11917,1,0.383049,0.2768107,0.34014025,c1,c1
11918,2,0.20758495,0.36512434,0.42729068,c5,c5
11919,5,0.23054399,0.5252461,0.24420995,c5,c234
11920,4,0.39386454,0.446416,0.15971951,c1,c234
11921,2,0.3229341,0.26410255,0.4129634,c1,c5
11922,4,0.6070204,0.25316733,0.13981228,c234,c1
11923,4,0.21568778,0.28184265,0.50246954,c5,c5
11924,2,0.301884,0.3300304,0.36808562,c234,c5
11925,5,0.64090616,0.26730198,0.09179187,c1,c1
11926,5,0.22274917,0.36640054,0.41085032,c234,c5
11927,5,0.19777276,0.32535642,0.47687078,c1,c5
11928,1,0.4905904,0.3991394,0.1102702,c234,c1
11929,4,0.16936551,0.5348367,0.29579782,c5,c234
11930,4,0.47024038,0.3207348,0.20902483,c1,c1
11931,4,0.117078535,0.42637762,0.45654386,c5,c5
11932,5,0.06709818,0.34125218,0.5916497,c5,c5
11933,1,0.28432024,0.38892817,0.32675165,c5,c234
11934,5,0.34267592,0.4065405,0.2507836,c234,c234
11935,3,0.39992997,0.45679006,0.14327991,c5,c234
11936,2,0.5052693,0.25027916,0.2444516,c1,c1
11937,3,0.16414294,0.50633705,0.32952002,c5,c234
11938,3,0.35164505,0.4615521,0.1868029,c1,c234
11939,5,0.2501513,0.33489397,0.41495475,c5,c5
11940,4,0.1431969,0.29841152,0.5583916,c234,c5
11941,1,0.3186753,0.50010884,0.18121587,c5,c234
11942,5,0.66743743,0.26131642,0.07124616,c1,c1
11943,4,0.508085,0.35735157,0.13456342,c234,c1
11944,2,0.10236719,0.24589612,0.6517367,c5,c5
11945,5,0.09429336,0.31612182,0.5895848,c1,c5
11946,5,0.11569796,0.26613158,0.6181705,c5,c5
11947,2,0.07643085,0.32210034,0.60146886,c5,c5
11948,1,0.32017615,0.434104,0.2457199,c1,c234
11949,5,0.33513677,0.30494073,0.35992253,c234,c5
11950,4,0.66376346,0.270515,0.06572148,c234,c1
11951,4,0.26766834,0.43579653,0.29653513,c5,c234
11952,1,0.075200975,0.33875975,0.5860393,c234,c5
11953,2,0.19082013,0.2802465,0.52893335,c234,c5
11954,5,0.16301873,0.3204244,0.51655686,c5,c5
11955,5,0.33427566,0.44149393,0.22423036,c1,c234
11956,1,0.23995225,0.3744459,0.38560182,c1,c5
11957,5,0.086524025,0.27601534,0.6374606,c234,c5
11958,5,0.42037958,0.2964246,0.2831958,c1,c1
11959,3,0.19836535,0.22820568,0.5734289,c5,c5
11960,1,0.40616286,0.38562843,0.20820875,c1,c1
11961,1,0.24015038,0.38406384,0.37578577,c1,c234
11962,4,0.493302,0.3535814,0.15311658,c5,c1
11963,5,0.096965216,0.2183612,0.6846736,c1,c5
11964,4,0.35416102,0.33627364,0.30956537,c1,c1
11965,1,0.67649156,0.22480544,0.09870298,c234,c1
11966,2,0.6889381,0.23056825,0.08049368,c5,c1
11967,1,0.31993237,0.31411314,0.3659545,c1,c5
11968,4,0.13794065,0.3535361,0.5085233,c5,c5
11969,3,0.1206826,0.46014556,0.4191719,c5,c234
11970,2,0.12442106,0.49233514,0.38324383,c234,c234
11971,3,0.2192056,0.41801524,0.36277917,c5,c234
11972,2,0.18585923,0.32255033,0.4915904,c1,c5
11973,2,0.10722911,0.38220757,0.5105633,c1,c5
11974,5,0.11746584,0.39991227,0.48262188,c5,c5
11975,4,0.24633703,0.3452349,0.40842807,c234,c5
11976,4,0.23468758,0.3136025,0.45170996,c1,c5
11977,3,0.16098514,0.54433984,0.29467496,c234,c234
11978,5,0.11003468,0.3475617,0.5424037,c5,c5
11979,1,0.19134618,0.3428648,0.465789,c234,c5
11980,3,0.31393978,0.37974834,0.30631194,c234,c234
11981,5,0.089063056,0.3349736,0.57596326,c5,c5
11982,5,0.40227714,0.3515154,0.24620746,c1,c1
11983,5,0.30056864,0.53474337,0.16468796,c1,c234
11984,2,0.25072157,0.44223788,0.3070405,c234,c234
11985,2,0.20047893,0.4482704,0.35125068,c234,c234
11986,5,0.1716094,0.4700266,0.35836393,c1,c234
11987,2,0.42492372,0.29618326,0.27889296,c5,c1
11988,3,0.26079297,0.34391665,0.39529034,c5,c5
11989,1,0.2527267,0.32947695,0.4177964,c1,c5
11990,3,0.27628073,0.5043882,0.21933112,c5,c234
11991,2,0.20360132,0.2905084,0.50589037,c5,c5
11992,3,0.12501685,0.46426725,0.4107159,c234,c234
11993,5,0.19201134,0.32550782,0.4824808,c5,c5
11994,4,0.6741352,0.2591815,0.06668327,c234,c1
11995,2,0.24481674,0.3267735,0.42840979,c234,c5
11996,5,0.06085813,0.22892044,0.7102214,c234,c5
11997,5,0.104584835,0.19692267,0.69849247,c5,c5
11998,1,0.047040902,0.21783379,0.7351253,c5,c5
11999,3,0.33421,0.48832488,0.1774651,c234,c234
12000,1,0.21361414,0.54057753,0.24580835,c1,c234
12001,5,0.072389536,0.38003558,0.54757494,c5,c5
12002,4,0.12356161,0.27855235,0.59788597,c5,c5
12003,4,0.33393374,0.2741421,0.39192414,c234,c5
12004,1,0.054207183,0.21624658,0.72954625,c234,c5
12005,5,0.13359144,0.4888958,0.37751278,c5,c234
12006,1,0.25574106,0.3479176,0.3963413,c5,c5
12007,3,0.6284126,0.26206526,0.10952213,c5,c1
12008,1,0.058819175,0.28874165,0.6524392,c5,c5
12009,4,0.45279866,0.3234871,0.22371422,c5,c1
12010,5,0.3686369,0.35184172,0.27952138,c234,c1
12011,5,0.23086157,0.2887446,0.48039386,c5,c5
12012,2,0.49715266,0.33729494,0.1655524,c1,c1
12013,3,0.11599589,0.27622908,0.60777503,c5,c5
12014,1,0.4798479,0.33650425,0.18364783,c5,c1
12015,3,0.29530036,0.49561155,0.20908803,c1,c234
12016,5,0.48406604,0.39354295,0.12239106,c234,c1
12017,3,0.4644483,0.42537013,0.11018156,c1,c1
12018,5,0.2655082,0.31841725,0.41607454,c234,c5
12019,1,0.3719466,0.29491723,0.33313617,c1,c1
12020,4,0.3016572,0.42422506,0.2741177,c1,c234
12021,3,0.33724624,0.43098924,0.23176451,c234,c234
12022,4,0.5036826,0.28126708,0.21505034,c1,c1
12023,4,0.2647421,0.46674028,0.2685176,c234,c234
12024,4,0.62894875,0.24708283,0.12396836,c1,c1
12025,5,0.41407374,0.34537023,0.24055608,c234,c1
12026,1,0.40770838,0.2998465,0.29244506,c1,c1
12027,2,0.3229341,0.26410255,0.4129634,c5,c5
12028,4,0.08237717,0.2696761,0.6479467,c234,c5
12029,5,0.39186892,0.37456352,0.23356755,c234,c1
12030,3,0.27525797,0.3262192,0.39852285,c5,c5
12031,4,0.35860765,0.41795182,0.22344056,c234,c234
12032,5,0.16890955,0.2978238,0.53326666,c5,c5
12033,1,0.09088424,0.29045597,0.61865973,c5,c5
12034,3,0.31407502,0.32836023,0.3575647,c234,c5
12035,2,0.21142696,0.26464716,0.5239259,c1,c5
12036,5,0.20106862,0.31233487,0.48659652,c234,c5
12037,2,0.6409823,0.28342906,0.07558868,c1,c1
12038,1,0.15972948,0.43920058,0.40107,c5,c234
12039,3,0.058649953,0.21488646,0.7264636,c234,c5
12040,4,0.12074864,0.3333163,0.5459351,c234,c5
12041,3,0.19531932,0.3286392,0.47604144,c1,c5
12042,3,0.2361707,0.41999316,0.34383613,c234,c234
12043,4,0.5973899,0.3196427,0.08296749,c234,c1
12044,4,0.05653249,0.1744089,0.7690586,c5,c5
12045,4,0.41269413,0.4015624,0.18574353,c1,c1
12046,2,0.24260975,0.43044454,0.32694566,c5,c234
12047,3,0.33281875,0.50172865,0.16545257,c5,c234
12048,3,0.36477843,0.48745945,0.1477621,c234,c234
12049,5,0.06295263,0.22080174,0.7162456,c234,c5
12050,3,0.22351272,0.29232624,0.48416105,c234,c5
12051,1,0.4299132,0.29217497,0.27791187,c1,c1
12052,5,0.1314234,0.5154928,0.3530838,c5,c234
12053,4,0.13968235,0.35975236,0.50056535,c5,c5
12054,3,0.25326163,0.5627779,0.18396048,c5,c234
12055,4,0.16304263,0.27396315,0.5629943,c234,c5
12056,2,0.60570407,0.30509743,0.08919851,c1,c1
12057,4,0.5924941,0.2864852,0.121020734,c5,c1
12058,1,0.1613311,0.31928238,0.5193865,c234,c5
12059,4,0.669679,0.25142533,0.078895696,c5,c1
12060,3,0.3783943,0.3294728,0.29213288,c1,c1
12061,2,0.4993332,0.39288914,0.10777767,c234,c1
12062,3,0.06860221,0.27348846,0.6579093,c234,c5
12063,4,0.6563084,0.2717967,0.071894884,c234,c1
12064,4,0.059867986,0.15383297,0.78629905,c5,c5
12065,2,0.22136116,0.2793063,0.4993325,c234,c5
12066,2,0.53344065,0.351251,0.115308315,c234,c1
12067,5,0.18591882,0.34827614,0.46580502,c5,c5
12068,2,0.5802458,0.31713444,0.1026197,c234,c1
12069,5,0.5403668,0.3351121,0.12452106,c234,c1
12070,2,0.3633999,0.33402446,0.30257574,c234,c1
12071,2,0.39927667,0.26535946,0.33536386,c5,c1
12072,4,0.4223947,0.29071516,0.28689012,c234,c1
12073,1,0.084772624,0.24353741,0.67169,c5,c5
12074,1,0.15194735,0.41434872,0.433704,c1,c5
12075,3,0.33062935,0.35719568,0.31217498,c1,c234
12076,2,0.3505641,0.3802551,0.26918083,c234,c234
12077,2,0.6237722,0.27849185,0.097735964,c5,c1
12078,4,0.65515363,0.26501718,0.079829186,c1,c1
12079,3,0.7409771,0.2005298,0.058493007,c234,c1
12080,4,0.050838254,0.120622136,0.82853967,c5,c5
12081,5,0.3611087,0.42321083,0.21568051,c1,c234
12082,3,0.37163523,0.47518364,0.15318115,c234,c234
12083,5,0.10365285,0.24315731,0.6531898,c5,c5
12084,2,0.27325398,0.4743357,0.2524103,c234,c234
12085,2,0.13358444,0.28982285,0.5765927,c234,c5
12086,1,0.048820496,0.22601941,0.72516006,c5,c5
12087,3,0.3115526,0.4140648,0.2743826,c5,c234
12088,3,0.45975754,0.3816645,0.15857792,c234,c1
12089,4,0.60566175,0.30931345,0.08502478,c1,c1
12090,3,0.09606596,0.3853666,0.51856744,c5,c5
12091,4,0.6250113,0.28317136,0.09181732,c1,c1
12092,2,0.41061556,0.2944944,0.2948901,c234,c1
12093,4,0.5218532,0.3518128,0.12633401,c1,c1
12094,2,0.21326008,0.52589434,0.26084554,c234,c234
12095,2,0.06733578,0.25986326,0.67280096,c234,c5
12096,5,0.088477865,0.24159655,0.6699256,c5,c5
12097,4,0.41269413,0.4015624,0.18574353,c234,c1
12098,1,0.6043166,0.3118359,0.08384757,c234,c1
12099,2,0.3714767,0.29216328,0.33635998,c5,c1
12100,1,0.15033993,0.50611615,0.34354392,c5,c234
12101,5,0.074453205,0.3664715,0.5590753,c5,c5
12102,3,0.36854658,0.32490885,0.3065445,c1,c1
12103,1,0.49128425,0.36723697,0.14147879,c1,c1
12104,1,0.3762391,0.39511424,0.22864668,c1,c234
12105,2,0.108271345,0.41494516,0.47678345,c1,c5
12106,3,0.6186881,0.30944833,0.071863554,c234,c1
12107,5,0.2074521,0.33476073,0.45778716,c1,c5
12108,4,0.11806228,0.30251482,0.5794229,c5,c5
12109,1,0.19284028,0.45799235,0.34916732,c234,c234
12110,3,0.13203984,0.3002564,0.5677038,c234,c5
12111,1,0.2023244,0.45085326,0.3468224,c1,c234
12112,2,0.81643957,0.12767452,0.055885907,c234,c1
12113,5,0.11833602,0.46620342,0.41546056,c234,c234
12114,3,0.28562745,0.39050177,0.32387075,c234,c234
12115,4,0.38405854,0.38565585,0.23028563,c1,c234
12116,3,0.41206804,0.42953032,0.15840162,c5,c234
12117,4,0.4636008,0.3334711,0.20292816,c1,c1
12118,3,0.25592428,0.31574476,0.428331,c234,c5
12119,2,0.07598051,0.25339377,0.67062575,c234,c5
12120,3,0.06450957,0.24801603,0.6874744,c5,c5
12121,5,0.2527781,0.45934525,0.28787667,c234,c234
12122,2,0.3593403,0.28057286,0.3600868,c1,c5
12123,5,0.20060539,0.46528414,0.33411044,c234,c234
12124,3,0.33337447,0.27668095,0.38994458,c1,c5
12125,4,0.21939345,0.37963358,0.40097296,c5,c5
12126,1,0.78626364,0.14798725,0.06574915,c5,c1
12127,3,0.4228486,0.4413061,0.13584521,c1,c234
12128,2,0.0739355,0.21492758,0.71113694,c234,c5
12129,4,0.24452251,0.4084497,0.34702784,c234,c234
12130,1,0.04085827,0.119840175,0.8393016,c5,c5
12131,2,0.39277,0.4193282,0.18790181,c234,c234
12132,2,0.15718204,0.35795337,0.4848645,c234,c5
12133,5,0.2920757,0.48530233,0.22262199,c234,c234
12134,4,0.10163844,0.2572403,0.64112127,c5,c5
12135,5,0.48140875,0.3807327,0.13785858,c1,c1
12136,1,0.11256091,0.26633275,0.6211064,c5,c5
12137,4,0.109033965,0.27264303,0.618323,c5,c5
12138,3,0.2141506,0.23322567,0.5526238,c5,c5
12139,5,0.26072842,0.31157526,0.42769632,c1,c5
12140,3,0.44912994,0.37656993,0.1743002,c234,c1
12141,3,0.37598088,0.43625197,0.18776712,c1,c234
12142,5,0.55694383,0.33566606,0.10739012,c1,c1
12143,4,0.56473774,0.31917635,0.11608588,c234,c1
12144,2,0.08780754,0.24114572,0.6710468,c234,c5
12145,2,0.49393898,0.2740473,0.23201378,c5,c1
12146,5,0.40709862,0.42861933,0.16428205,c234,c234
12147,1,0.090102695,0.3407088,0.56918854,c5,c5
12148,1,0.26542294,0.4794469,0.25513014,c1,c234
12149,1,0.24774888,0.3024295,0.4498217,c234,c5
12150,5,0.25039274,0.32569784,0.42390943,c5,c5
12151,4,0.32599506,0.44362855,0.23037633,c234,c234
12152,3,0.13939919,0.44463497,0.41596588,c234,c234
12153,4,0.4080586,0.33878842,0.25315297,c234,c1
12154,1,0.14501776,0.3148589,0.54012334,c5,c5
12155,2,0.35163558,0.32887006,0.31949437,c5,c1
12156,3,0.3751098,0.45125526,0.17363493,c1,c234
12157,4,0.38895798,0.30486834,0.30617368,c234,c1
12158,4,0.10013206,0.40820253,0.49166545,c1,c5
12159,5,0.14679237,0.49804914,0.35515845,c5,c234
12160,2,0.05326736,0.21355054,0.7331821,c5,c5
12161,2,0.17294878,0.42049104,0.40656012,c5,c234
12162,2,0.4210677,0.45284393,0.12608838,c1,c234
12163,5,0.070540816,0.19834442,0.73111475,c5,c5
12164,3,0.21410187,0.3465896,0.4393085,c5,c5
12165,1,0.3438405,0.45073014,0.20542936,c234,c234
12166,5,0.31092918,0.34922454,0.33984625,c1,c234
12167,5,0.25955138,0.47762123,0.2628274,c1,c234
12168,1,0.06274124,0.27253556,0.66472316,c5,c5
12169,5,0.19893862,0.38103786,0.42002356,c234,c5
12170,2,0.48245248,0.38169792,0.13584961,c1,c1
12171,1,0.563662,0.33011833,0.10621969,c1,c1
12172,3,0.04670526,0.22127332,0.73202145,c5,c5
12173,1,0.64497447,0.2754714,0.0795541,c234,c1
12174,4,0.33920792,0.3272301,0.33356196,c5,c1
12175,5,0.40766934,0.41449377,0.17783687,c1,c234
12176,5,0.2503076,0.5199692,0.22972319,c1,c234
12177,1,0.5415913,0.35351893,0.10488978,c1,c1
12178,3,0.08277596,0.27592173,0.6413023,c5,c5
12179,3,0.5614003,0.36401922,0.074580535,c1,c1
12180,5,0.45648298,0.320882,0.22263505,c234,c1
12181,5,0.39366096,0.44990432,0.15643467,c5,c234
12182,5,0.46839648,0.36980912,0.16179445,c234,c1
12183,4,0.106665574,0.22050269,0.6728317,c5,c5
12184,3,0.5545867,0.35693347,0.08847977,c1,c1
12185,3,0.10874422,0.33927667,0.5519791,c234,c5
12186,5,0.23704575,0.45391566,0.3090386,c234,c234
12187,2,0.057962533,0.27283552,0.66920197,c5,c5
12188,2,0.39767513,0.43241063,0.16991422,c5,c234
12189,5,0.52301216,0.31055608,0.16643174,c234,c1
12190,1,0.56007814,0.3510446,0.08887723,c5,c1
12191,5,0.5324356,0.3484134,0.11915101,c234,c1
12192,4,0.57158273,0.3023657,0.1260515,c5,c1
12193,4,0.41269413,0.4015624,0.18574353,c234,c1
12194,1,0.110492624,0.2854439,0.6040635,c5,c5
12195,4,0.13794237,0.36360723,0.49845034,c1,c5
12196,2,0.08675029,0.32675332,0.5864964,c234,c5
12197,4,0.39677703,0.42381305,0.17940992,c1,c234
12198,1,0.19436304,0.5010717,0.30456525,c1,c234
12199,1,0.34901762,0.31525344,0.33572894,c1,c1
12200,5,0.35527417,0.40277502,0.24195084,c234,c234
12201,3,0.14880742,0.3794368,0.4717558,c234,c5
12202,5,0.122118674,0.2389618,0.63891953,c5,c5
12203,5,0.114515185,0.23289956,0.6525852,c5,c5
12204,5,0.18417178,0.42498356,0.3908447,c5,c234
12205,4,0.40245488,0.37277833,0.2247668,c234,c1
12206,2,0.48072925,0.38966298,0.12960783,c1,c1
12207,1,0.3285533,0.46923617,0.20221052,c5,c234
12208,3,0.41297096,0.31146058,0.2755685,c234,c1
12209,5,0.20626813,0.37450776,0.41922405,c5,c5
12210,4,0.29675123,0.5203946,0.18285418,c234,c234
12211,2,0.12869453,0.48521397,0.38609147,c1,c234
12212,5,0.18817791,0.27947018,0.5323519,c234,c5
12213,3,0.08253242,0.29011324,0.6273544,c234,c5
12214,5,0.289137,0.39636296,0.31450003,c1,c234
12215,4,0.76516736,0.17988913,0.05494351,c1,c1
12216,1,0.37957898,0.29664662,0.3237744,c234,c1
12217,3,0.17840058,0.39759067,0.42400876,c5,c5
12218,3,0.35546607,0.3663586,0.27817532,c234,c234
12219,2,0.22510651,0.28584945,0.48904407,c1,c5
12220,5,0.35310987,0.40375668,0.24313341,c234,c234
12221,1,0.07951162,0.30176342,0.618725,c5,c5
12222,1,0.09850845,0.39680815,0.50468343,c234,c5
12223,5,0.4320077,0.3045874,0.2634049,c5,c1
12224,2,0.43077397,0.35404235,0.21518363,c5,c1
12225,2,0.43911853,0.40308082,0.15780056,c5,c1
12226,1,0.60910946,0.2679255,0.122965075,c5,c1
12227,4,0.16321245,0.2934724,0.5433151,c5,c5
12228,5,0.39577046,0.26946405,0.33476546,c234,c1
12229,4,0.3654368,0.4357452,0.198818,c5,c234
12230,5,0.3304448,0.3254012,0.34415394,c1,c5
12231,4,0.51315564,0.2833223,0.2035221,c1,c1
12232,5,0.07249856,0.28132874,0.6461727,c5,c5
12233,3,0.119912885,0.3630104,0.51707673,c5,c5
12234,4,0.4997374,0.29899022,0.20127234,c234,c1
12235,4,0.6723796,0.2711193,0.056501128,c234,c1
12236,4,0.6299014,0.28501698,0.08508155,c1,c1
12237,2,0.46293092,0.39302826,0.1440409,c5,c1
12238,3,0.33560467,0.4078546,0.25654078,c5,c234
12239,3,0.43930638,0.38920388,0.1714897,c5,c1
12240,5,0.18290773,0.5024418,0.31465045,c234,c234
12241,5,0.18386365,0.30896795,0.50716835,c5,c5
12242,5,0.2636361,0.31860813,0.41775575,c5,c5
12243,4,0.2923425,0.4975115,0.21014595,c5,c234
12244,5,0.5192401,0.35005113,0.1307088,c1,c1
12245,1,0.11899116,0.35136053,0.5296483,c5,c5
12246,1,0.068163104,0.2768608,0.6549761,c5,c5
12247,1,0.079868674,0.37138858,0.5487428,c5,c5
12248,3,0.4608705,0.36892113,0.17020836,c1,c1
12249,1,0.632659,0.24600494,0.121336095,c234,c1
12250,5,0.32698846,0.46807495,0.20493661,c1,c234
12251,2,0.13819677,0.40086305,0.46094018,c1,c5
12252,5,0.21472847,0.5168074,0.26846412,c1,c234
12253,5,0.27926543,0.41751617,0.30321836,c234,c234
12254,5,0.39577046,0.26946405,0.33476546,c1,c1
12255,4,0.6037584,0.32641968,0.06982189,c234,c1
12256,4,0.20649621,0.40677515,0.38672867,c1,c234
12257,1,0.21710816,0.43953523,0.3433566,c234,c234
12258,2,0.2890111,0.28973526,0.42125368,c1,c5
12259,4,0.53947276,0.35604778,0.10447948,c1,c1
12260,4,0.04171298,0.21237971,0.7459073,c5,c5
12261,1,0.124204494,0.2855591,0.5902364,c234,c5
12262,2,0.6658914,0.20658593,0.1275227,c1,c1
12263,5,0.24198326,0.4791895,0.2788272,c234,c234
12264,1,0.39797536,0.39161408,0.21041061,c5,c1
12265,4,0.6051654,0.29880252,0.096032,c1,c1
12266,5,0.12985978,0.23437196,0.6357683,c234,c5
12267,2,0.24037954,0.2848834,0.47473708,c1,c5
12268,4,0.38738233,0.4439192,0.16869853,c234,c234
12269,2,0.0448066,0.27387127,0.6813221,c234,c5
12270,1,0.27558005,0.35372224,0.3706977,c1,c5
12271,3,0.3498159,0.39777482,0.2524093,c1,c234
12272,3,0.21943147,0.42348185,0.35708663,c5,c234
12273,3,0.07973386,0.2826121,0.63765407,c5,c5
12274,3,0.17660117,0.5025988,0.32079998,c234,c234
12275,4,0.17257588,0.34057882,0.48684528,c234,c5
12276,4,0.18911056,0.4327727,0.37811673,c234,c234
12277,5,0.2982589,0.44390294,0.25783816,c1,c234
12278,1,0.36785614,0.48649806,0.14564589,c5,c234
12279,4,0.5152878,0.35410854,0.13060363,c5,c1
12280,4,0.23762211,0.3490884,0.41328955,c1,c5
12281,4,0.68293834,0.25297776,0.06408393,c1,c1
12282,2,0.44923672,0.41264555,0.13811775,c234,c1
12283,4,0.4402597,0.30168214,0.25805816,c1,c1
12284,3,0.21153657,0.33877805,0.44968542,c5,c5
12285,3,0.06694374,0.16392705,0.76912916,c1,c5
12286,5,0.11224047,0.3805398,0.50721973,c1,c5
12287,1,0.2172018,0.46682924,0.31596887,c234,c234
12288,2,0.6409823,0.28342906,0.07558868,c1,c1
12289,2,0.058538463,0.26030955,0.68115205,c5,c5
12290,4,0.42065266,0.3970524,0.18229492,c1,c1
12291,1,0.7505438,0.18985985,0.059596382,c234,c1
12292,4,0.21017547,0.37458685,0.41523767,c234,c5
12293,4,0.4868949,0.32753205,0.18557306,c1,c1
12294,1,0.05916778,0.27419087,0.66664135,c234,c5
12295,5,0.2772954,0.37680355,0.34590104,c1,c234
12296,5,0.099126466,0.33321863,0.5676549,c234,c5
12297,4,0.49295956,0.31619716,0.19084327,c1,c1
12298,3,0.10684502,0.3518743,0.5412807,c5,c5
12299,3,0.23028396,0.22306265,0.54665345,c5,c5
12300,1,0.13051587,0.3809941,0.48849005,c5,c5
12301,3,0.09203893,0.2863169,0.62164414,c5,c5
12302,2,0.3834659,0.37950766,0.23702642,c234,c1
12303,4,0.53634965,0.34338886,0.120261565,c1,c1
12304,4,0.23979472,0.26534757,0.49485782,c5,c5
12305,5,0.15286842,0.28959793,0.5575337,c234,c5
12306,3,0.097359054,0.36173278,0.54090816,c1,c5
12307,2,0.46694514,0.3578445,0.17521034,c1,c1
12308,2,0.23381653,0.29472512,0.47145832,c5,c5
12309,3,0.1256644,0.37415838,0.5001772,c234,c5
12310,2,0.30054024,0.44433233,0.25512746,c1,c234
12311,3,0.3847045,0.2507755,0.36452,c1,c1
12312,1,0.563662,0.33011833,0.10621969,c234,c1
12313,2,0.3084717,0.25286067,0.4386676,c1,c5
12314,3,0.5552324,0.31518623,0.12958133,c234,c1
12315,2,0.22330257,0.31112438,0.465573,c234,c5
12316,4,0.44021773,0.373973,0.18580927,c234,c1
12317,1,0.43016598,0.30192155,0.26791248,c1,c1
12318,2,0.30642855,0.3349373,0.35863414,c5,c5
12319,4,0.41269413,0.4015624,0.18574353,c1,c1
12320,2,0.22330257,0.31112438,0.465573,c5,c5
12321,4,0.17121649,0.28465864,0.5441249,c1,c5
12322,3,0.13290216,0.29902476,0.56807303,c234,c5
12323,3,0.64808095,0.21507531,0.13684376,c234,c1
12324,3,0.4452195,0.45046756,0.10431295,c234,c234
12325,2,0.16434929,0.39367637,0.4419743,c5,c5
12326,2,0.772302,0.17555113,0.05214682,c1,c1
12327,1,0.23867863,0.30271414,0.45860726,c234,c5
12328,2,0.567673,0.3022777,0.1300492,c1,c1
12329,2,0.09558594,0.26164374,0.64277035,c234,c5
12330,4,0.4655411,0.4027939,0.13166502,c5,c1
12331,1,0.24244499,0.32519177,0.43236324,c1,c5
12332,1,0.5769718,0.288636,0.13439217,c1,c1
12333,1,0.06306966,0.32375333,0.61317706,c5,c5
12334,3,0.0774036,0.21427327,0.7083231,c5,c5
12335,3,0.052186795,0.26373547,0.6840778,c5,c5
12336,2,0.20238277,0.3798124,0.4178048,c5,c5
12337,3,0.19661511,0.3539872,0.44939768,c234,c5
12338,2,0.45607215,0.30043507,0.24349283,c1,c1
12339,1,0.20358264,0.3826009,0.41381648,c5,c5
12340,2,0.23686011,0.38861412,0.3745258,c5,c234
12341,5,0.10983115,0.47708476,0.41308415,c5,c234
12342,2,0.67779773,0.24845915,0.07374309,c1,c1
12343,1,0.50983983,0.3724153,0.1177449,c1,c1
12344,5,0.23345223,0.45791495,0.3086328,c5,c234
12345,4,0.09107705,0.2470297,0.6618933,c5,c5
12346,5,0.085656166,0.36230266,0.5520411,c234,c5
12347,1,0.27657506,0.4728883,0.25053668,c5,c234
12348,1,0.4120063,0.3862889,0.2017048,c5,c1
12349,2,0.27069122,0.24580614,0.4835027,c1,c5
12350,3,0.14301291,0.44255888,0.41442817,c5,c234
12351,2,0.23794076,0.33151954,0.4305396,c5,c5
12352,3,0.19366008,0.35020256,0.45613733,c234,c5
12353,4,0.14513814,0.45743522,0.3974266,c5,c234
12354,2,0.6868088,0.20436299,0.10882823,c5,c1
12355,3,0.26890093,0.4748251,0.256274,c5,c234
12356,5,0.39485353,0.3687635,0.236383,c234,c1
12357,2,0.06721412,0.16506195,0.767724,c5,c5
12358,4,0.2538335,0.2994223,0.4467442,c1,c5
12359,3,0.6815809,0.21789955,0.10051957,c5,c1
12360,4,0.3019262,0.4292153,0.26885852,c1,c234
12361,4,0.19325252,0.3964316,0.4103159,c234,c5
12362,3,0.36411053,0.3530804,0.28280908,c234,c1
12363,5,0.47678864,0.33943778,0.18377353,c1,c1
12364,3,0.19230628,0.4371946,0.3704991,c1,c234
12365,3,0.5156068,0.34253654,0.14185666,c5,c1
12366,1,0.060568575,0.29079655,0.64863485,c1,c5
12367,5,0.13939632,0.28759816,0.5730055,c1,c5
12368,1,0.121057086,0.3098101,0.5691328,c5,c5
12369,4,0.08086404,0.27275923,0.6463767,c234,c5
12370,1,0.5367348,0.29601538,0.1672498,c5,c1
12371,1,0.09479311,0.22066645,0.68454033,c234,c5
12372,1,0.21288212,0.29863477,0.48848316,c234,c5
12373,2,0.10322023,0.38071105,0.5160687,c234,c5
12374,5,0.16490829,0.39280346,0.44228822,c234,c5
12375,5,0.10067016,0.3656382,0.5336916,c5,c5
12376,4,0.64053744,0.27548334,0.08397921,c1,c1
12377,3,0.074350394,0.1949918,0.7306578,c5,c5
12378,1,0.07563393,0.24860033,0.6757657,c5,c5
12379,5,0.40595514,0.3560362,0.23800866,c1,c1
12380,3,0.060045023,0.17335147,0.76660347,c5,c5
12381,2,0.20301224,0.3945781,0.4024096,c234,c5
12382,1,0.35414958,0.4590245,0.186826,c234,c234
12383,5,0.66461897,0.2632481,0.07213294,c1,c1
12384,5,0.17106766,0.46968812,0.35924423,c5,c234
12385,4,0.14569652,0.2836626,0.5706409,c234,c5
12386,5,0.41512233,0.41279787,0.17207976,c234,c1
12387,2,0.19255333,0.27109656,0.53635013,c1,c5
12388,5,0.35903263,0.42036697,0.22060035,c1,c234
12389,2,0.47603783,0.26122957,0.26273263,c5,c1
12390,2,0.46693954,0.2511581,0.28190243,c5,c1
12391,5,0.33863336,0.39587834,0.2654883,c1,c234
12392,4,0.2176076,0.28598332,0.49640912,c5,c5
12393,4,0.08361503,0.2427765,0.6736085,c234,c5
12394,4,0.35064077,0.3696504,0.2797088,c1,c234
12395,3,0.16981435,0.20583782,0.62434787,c5,c5
12396,2,0.40759894,0.2640667,0.32833433,c5,c1
12397,3,0.15493578,0.2591995,0.58586466,c5,c5
12398,5,0.14382836,0.39029843,0.46587327,c234,c5
12399,2,0.6417794,0.26882657,0.08939398,c5,c1
12400,5,0.09811473,0.2238205,0.67806476,c5,c5
12401,2,0.13836698,0.24332938,0.61830366,c234,c5
12402,3,0.08489796,0.25414008,0.6609619,c5,c5
12403,2,0.09726919,0.27584544,0.6268853,c1,c5
12404,2,0.28082997,0.3667187,0.35245135,c5,c234
12405,5,0.17271495,0.26138914,0.5658959,c5,c5
12406,3,0.33317187,0.3663647,0.30046344,c234,c234
12407,5,0.07529346,0.21762964,0.7070769,c234,c5
12408,5,0.10362335,0.3560737,0.54030293,c234,c5
12409,1,0.27129313,0.27470896,0.45399788,c5,c5
12410,2,0.13276441,0.20797728,0.6592583,c234,c5
12411,5,0.18995354,0.26187178,0.5481747,c234,c5
12412,4,0.27523085,0.4944399,0.2303292,c1,c234
12413,1,0.6447945,0.26415518,0.091050304,c234,c1
12414,5,0.11991128,0.2585116,0.6215771,c5,c5
12415,3,0.123820044,0.20583381,0.6703461,c5,c5
12416,4,0.49106315,0.32445163,0.18448514,c1,c1
12417,5,0.26689616,0.3603777,0.37272617,c5,c5
12418,1,0.22119482,0.50017685,0.27862832,c234,c234
12419,3,0.06932995,0.24668272,0.6839873,c5,c5
12420,5,0.15129812,0.579136,0.26956585,c5,c234
12421,2,0.63970226,0.27291647,0.0873812,c1,c1
12422,1,0.09603452,0.42475992,0.47920555,c234,c5
12423,1,0.48481154,0.27295238,0.24223605,c1,c1
12424,2,0.20290238,0.5298987,0.26719895,c1,c234
12425,5,0.6234657,0.30112055,0.07541371,c1,c1
12426,5,0.66743743,0.26131642,0.07124616,c234,c1
12427,3,0.44996634,0.2974096,0.25262403,c1,c1
12428,2,0.2970759,0.34905952,0.3538646,c1,c5
12429,1,0.38491395,0.42893106,0.18615496,c5,c234
12430,2,0.34019116,0.28606784,0.37374094,c1,c5
12431,5,0.24656706,0.24602588,0.5074071,c5,c5
12432,3,0.4482434,0.3131727,0.23858392,c1,c1
12433,4,0.6637295,0.2377604,0.09851017,c234,c1
12434,3,0.16522431,0.3498653,0.48491043,c234,c5
12435,1,0.3556888,0.49029613,0.1540151,c5,c234
12436,3,0.2883953,0.47028822,0.2413165,c5,c234
12437,2,0.44353494,0.34843215,0.20803295,c1,c1
12438,4,0.6379812,0.266214,0.095804796,c5,c1
12439,5,0.086064614,0.41624346,0.4976919,c5,c5
12440,3,0.08938261,0.30691436,0.603703,c5,c5
12441,5,0.31127584,0.43718123,0.2515429,c234,c234
12442,4,0.062395573,0.26020578,0.67739856,c5,c5
12443,4,0.2686363,0.42082238,0.31054127,c234,c234
12444,2,0.35444254,0.43605492,0.20950256,c5,c234
12445,5,0.2513673,0.41613287,0.33249986,c234,c234
12446,1,0.09058602,0.3391248,0.5702892,c5,c5
12447,1,0.44448358,0.39215964,0.16335677,c1,c1
12448,5,0.4891923,0.38566253,0.12514518,c1,c1
12449,2,0.22420622,0.4426335,0.33316022,c5,c234
12450,1,0.12805657,0.29070133,0.5812421,c234,c5
12451,3,0.35003486,0.48972705,0.16023807,c234,c234
12452,4,0.24736615,0.3689909,0.383643,c1,c5
12453,5,0.5191389,0.2625414,0.21831971,c5,c1
12454,1,0.15262488,0.33356687,0.5138083,c5,c5
12455,1,0.7890271,0.150662,0.060310826,c1,c1
12456,1,0.47420362,0.3555541,0.17024232,c234,c1
12457,5,0.5753991,0.31606337,0.10853744,c234,c1
12458,3,0.11650679,0.30834407,0.57514906,c5,c5
12459,2,0.75948924,0.18061484,0.059895843,c1,c1
12460,1,0.14759374,0.39556035,0.45684594,c1,c5
12461,4,0.41269413,0.4015624,0.18574353,c5,c1
12462,2,0.51340723,0.36974823,0.11684459,c5,c1
12463,2,0.22517437,0.4301319,0.34469378,c234,c234
12464,2,0.6409823,0.28342906,0.07558868,c234,c1
12465,2,0.4234723,0.3398207,0.23670697,c5,c1
12466,4,0.07436568,0.28758937,0.6380449,c5,c5
12467,4,0.40067512,0.41704324,0.18228169,c1,c234
12468,4,0.11027342,0.22208983,0.6676367,c1,c5
12469,4,0.16805635,0.44941285,0.38253078,c5,c234
12470,5,0.71349186,0.20277852,0.08372963,c234,c1
12471,4,0.13982666,0.39832908,0.46184424,c1,c5
12472,4,0.41269413,0.4015624,0.18574353,c234,c1
12473,2,0.3660375,0.33446285,0.29949963,c1,c1
12474,4,0.5373678,0.33443403,0.12819818,c1,c1
12475,5,0.06971213,0.26564023,0.6646477,c1,c5
12476,2,0.07192205,0.24236056,0.6857174,c5,c5
12477,5,0.13433456,0.47695553,0.38870993,c5,c234
12478,5,0.64155704,0.27559364,0.08284929,c1,c1
12479,5,0.6342008,0.24207094,0.12372833,c1,c1
12480,2,0.22330257,0.31112438,0.465573,c5,c5
12481,2,0.23776092,0.4552851,0.30695397,c5,c234
12482,5,0.05212117,0.2759101,0.67196876,c234,c5
12483,1,0.1967152,0.25907487,0.54420996,c5,c5
12484,2,0.34918436,0.2613674,0.3894482,c1,c5
12485,2,0.43110207,0.38577753,0.18312037,c1,c1
12486,5,0.36622417,0.34228164,0.29149416,c234,c1
12487,3,0.3840166,0.3871939,0.22878954,c5,c234
12488,5,0.39262226,0.41784218,0.18953553,c1,c234
12489,2,0.55523807,0.33201355,0.11274839,c234,c1
12490,5,0.38966542,0.43661767,0.17371692,c1,c234
12491,5,0.044613622,0.20227656,0.7531098,c5,c5
12492,2,0.14687142,0.32628632,0.52684224,c234,c5
12493,2,0.24309173,0.49081904,0.2660893,c5,c234
12494,4,0.5809813,0.293127,0.12589167,c5,c1
12495,1,0.5611301,0.28621265,0.15265721,c234,c1
12496,4,0.3882572,0.31986699,0.29187587,c5,c1
12497,4,0.13161974,0.3283971,0.5399832,c5,c5
12498,5,0.66743743,0.26131642,0.07124616,c1,c1
12499,1,0.22489329,0.31523016,0.45987654,c5,c5
12500,5,0.66461897,0.2632481,0.07213294,c1,c1
12501,3,0.57472897,0.2662968,0.15897425,c234,c1
12502,4,0.11115245,0.35100663,0.5378409,c1,c5
12503,1,0.5519716,0.3203353,0.12769307,c234,c1
12504,3,0.6866058,0.24359465,0.06979955,c234,c1
12505,3,0.7325034,0.1779369,0.089559704,c1,c1
12506,4,0.10617187,0.20655277,0.6872753,c1,c5
12507,2,0.12458945,0.23959611,0.6358144,c234,c5
12508,4,0.21909301,0.32550257,0.4554044,c5,c5
12509,2,0.43566248,0.35553393,0.20880364,c234,c1
12510,5,0.24049295,0.43499833,0.32450873,c5,c234
12511,1,0.4698139,0.3393884,0.1907977,c234,c1
12512,2,0.057763338,0.29141912,0.6508176,c1,c5
12513,4,0.47009167,0.28012264,0.24978574,c1,c1
12514,2,0.25157574,0.2835543,0.46487,c234,c5
12515,3,0.1575558,0.46614483,0.37629935,c234,c234
12516,5,0.443153,0.3888913,0.1679557,c5,c1
12517,4,0.322002,0.42346388,0.25453416,c1,c234
12518,3,0.3419736,0.45365015,0.20437631,c1,c234
12519,2,0.32789427,0.3661387,0.305967,c5,c234
12520,2,0.6682101,0.25306728,0.07872264,c1,c1
12521,4,0.24868636,0.3631197,0.3881939,c234,c5
12522,2,0.650328,0.26949677,0.08017527,c1,c1
12523,2,0.14242893,0.45909324,0.39847782,c5,c234
12524,1,0.06640252,0.3217774,0.61182004,c234,c5
12525,4,0.71042013,0.2219665,0.06761337,c5,c1
12526,1,0.1386288,0.27886102,0.58251023,c5,c5
12527,2,0.15355632,0.27979958,0.56664413,c5,c5
12528,1,0.22098494,0.4919551,0.28706,c234,c234
12529,5,0.66743743,0.26131642,0.07124616,c1,c1
12530,4,0.41269413,0.4015624,0.18574353,c234,c1
12531,4,0.2890564,0.41954902,0.2913946,c234,c234
12532,1,0.20057634,0.26786995,0.53155375,c5,c5
12533,2,0.13590841,0.20934594,0.65474564,c1,c5
12534,3,0.22791708,0.26938096,0.50270194,c5,c5
12535,2,0.20758948,0.36651662,0.42589393,c234,c5
12536,5,0.21175505,0.4679675,0.3202774,c1,c234
12537,4,0.1803692,0.3573521,0.4622787,c5,c5
12538,4,0.42233098,0.27062145,0.30704755,c1,c1
12539,3,0.50378966,0.3086002,0.18761012,c234,c1
12540,2,0.13255213,0.2757065,0.59174144,c234,c5
12541,4,0.2793773,0.37097418,0.34964854,c234,c234
12542,5,0.8319049,0.12707938,0.041015603,c1,c1
12543,5,0.43835187,0.37316144,0.18848675,c1,c1
12544,2,0.38316455,0.38440606,0.23242941,c234,c234
12545,1,0.3334262,0.46394202,0.20263179,c234,c234
12546,2,0.37035036,0.44924337,0.18040626,c5,c234
12547,4,0.46331403,0.33585426,0.20083177,c1,c1
12548,4,0.134662,0.3101694,0.5551686,c1,c5
12549,3,0.60241365,0.2842303,0.1133561,c234,c1
12550,3,0.40970474,0.4129181,0.17737721,c5,c234
12551,5,0.34254482,0.42448643,0.23296876,c234,c234
12552,5,0.17920782,0.3559625,0.4648297,c234,c5
12553,4,0.63490903,0.29540431,0.06968667,c1,c1
12554,2,0.29197565,0.39072,0.31730434,c234,c234
12555,5,0.47503173,0.35275513,0.17221318,c234,c1
12556,1,0.26060122,0.5648447,0.17455406,c1,c234
12557,3,0.45435056,0.41212836,0.13352112,c5,c1
12558,2,0.48951626,0.3805847,0.12989904,c1,c1
12559,5,0.30617636,0.34147063,0.35235307,c234,c5
12560,3,0.69936234,0.17821336,0.12242434,c234,c1
12561,2,0.50924987,0.32642692,0.16432321,c1,c1
12562,5,0.6421866,0.264754,0.09305943,c234,c1
12563,2,0.34935305,0.46542376,0.1852232,c1,c234
12564,4,0.15351957,0.46873567,0.37774476,c234,c234
12565,3,0.18272828,0.4988945,0.31837726,c234,c234
12566,5,0.4061186,0.33955267,0.25432873,c1,c1
12567,2,0.42684266,0.2607963,0.31236103,c234,c1
12568,3,0.5258604,0.32949713,0.1446424,c1,c1
12569,3,0.17279634,0.38140497,0.44579872,c234,c5
12570,2,0.5192848,0.35104412,0.1296711,c1,c1
12571,3,0.46403036,0.42477983,0.11118985,c234,c1
12572,3,0.1494815,0.40653133,0.4439872,c5,c5
12573,2,0.30693814,0.481087,0.21197493,c234,c234
12574,2,0.1966727,0.43463632,0.368691,c5,c234
12575,4,0.41156107,0.3190243,0.26941457,c234,c1
12576,4,0.080296315,0.37365073,0.54605293,c5,c5
12577,4,0.38976264,0.26634717,0.3438902,c1,c1
12578,2,0.573452,0.33980054,0.08674756,c1,c1
12579,1,0.28992715,0.37645525,0.33361757,c234,c234
12580,5,0.259864,0.49731824,0.24281776,c5,c234
12581,5,0.15358362,0.5003949,0.34602153,c234,c234
12582,1,0.10172909,0.37530285,0.52296805,c5,c5
12583,5,0.1980492,0.46025342,0.34169745,c234,c234
12584,5,0.2230781,0.32832256,0.4485994,c234,c5
12585,4,0.11516524,0.27697617,0.60785854,c5,c5
12586,1,0.51925445,0.33520985,0.1455357,c1,c1
12587,5,0.081173986,0.3371969,0.58162916,c5,c5
12588,2,0.42790675,0.4039488,0.16814443,c234,c1
12589,2,0.4454701,0.275285,0.27924487,c1,c1
12590,1,0.124352925,0.30456227,0.5710848,c5,c5
12591,5,0.08765407,0.44492686,0.46741912,c5,c5
12592,4,0.2683564,0.30609646,0.4255471,c1,c5
12593,5,0.2804838,0.45942938,0.2600868,c5,c234
12594,2,0.2967668,0.43163505,0.27159816,c234,c234
12595,3,0.18557176,0.46961275,0.34481552,c234,c234
12596,2,0.17458351,0.3157828,0.5096337,c234,c5
12597,4,0.53978074,0.33356568,0.12665363,c1,c1
12598,3,0.07370724,0.29574728,0.6305455,c234,c5
12599,1,0.26631013,0.50542957,0.22826034,c234,c234
12600,5,0.30871665,0.33127284,0.36001053,c5,c5
12601,4,0.10327199,0.25068748,0.64604056,c5,c5
12602,4,0.42700356,0.3980111,0.1749854,c1,c1
12603,1,0.17289177,0.42127708,0.4058312,c234,c234
12604,5,0.35460523,0.2991731,0.34622172,c1,c1
12605,2,0.15661651,0.47772464,0.3656588,c5,c234
12606,2,0.35312268,0.4015962,0.24528116,c234,c234
12607,2,0.19025475,0.35932535,0.45041993,c234,c5
12608,2,0.10171596,0.20046113,0.6978229,c1,c5
12609,5,0.52987486,0.3442074,0.12591778,c1,c1
12610,5,0.12382329,0.46798924,0.4081875,c234,c234
12611,4,0.5952323,0.27260038,0.13216735,c5,c1
12612,1,0.2815079,0.40620577,0.3122863,c5,c234
12613,3,0.14142624,0.20685689,0.6517169,c5,c5
12614,2,0.25697526,0.2680614,0.4749633,c5,c5
12615,2,0.3256477,0.28526852,0.38908377,c234,c5
12616,3,0.34104636,0.3882648,0.2706888,c5,c234
12617,2,0.050230216,0.25974056,0.6900292,c5,c5
12618,1,0.036195323,0.12702997,0.8367747,c5,c5
12619,3,0.2596488,0.3148157,0.42553556,c5,c5
12620,5,0.07839439,0.3001498,0.62145585,c234,c5
12621,3,0.05063861,0.16646886,0.7828926,c5,c5
12622,3,0.6146121,0.31336758,0.07202032,c234,c1
12623,3,0.21635261,0.45168886,0.33195856,c5,c234
12624,3,0.047151394,0.14040767,0.81244093,c5,c5
12625,3,0.46543327,0.30286318,0.23170361,c1,c1
12626,2,0.6582347,0.27569407,0.066071235,c1,c1
12627,4,0.48289764,0.29746827,0.21963409,c5,c1
12628,1,0.24244499,0.32519177,0.43236324,c5,c5
12629,1,0.4837809,0.3401046,0.17611445,c1,c1
12630,5,0.45563897,0.37723112,0.16712986,c1,c1
12631,1,0.6468726,0.26715016,0.08597727,c234,c1
12632,1,0.32567906,0.3245876,0.34973332,c1,c5
12633,3,0.26011264,0.2930242,0.44686314,c5,c5
12634,4,0.1728377,0.30571875,0.5214436,c5,c5
12635,3,0.06826187,0.27709278,0.6546453,c234,c5
12636,4,0.24381156,0.29739612,0.45879236,c5,c5
12637,1,0.4713281,0.26210952,0.26656234,c1,c1
12638,4,0.09304049,0.25447416,0.6524854,c5,c5
12639,3,0.11229032,0.26109874,0.626611,c234,c5
12640,2,0.38974664,0.3482383,0.2620151,c1,c1
12641,1,0.23259751,0.4325911,0.33481142,c234,c234
12642,5,0.3925317,0.46523336,0.142235,c1,c234
12643,3,0.47340417,0.3856979,0.14089788,c5,c1
12644,2,0.19699122,0.33022055,0.47278818,c5,c5
12645,4,0.41269413,0.4015624,0.18574353,c5,c1
12646,3,0.3960044,0.45374426,0.15025128,c1,c234
12647,1,0.07057514,0.28042793,0.64899695,c5,c5
12648,5,0.35006928,0.37178352,0.27814725,c5,c234
12649,1,0.078568585,0.25583023,0.6656012,c5,c5
12650,4,0.35554266,0.30329612,0.34116116,c234,c1
12651,5,0.16893676,0.39298156,0.43808165,c5,c5
12652,3,0.3812737,0.367572,0.2511543,c1,c1
12653,3,0.32123828,0.37641472,0.30234697,c5,c234
12654,1,0.06244199,0.2714675,0.6660904,c234,c5
12655,5,0.20538731,0.5358648,0.25874797,c1,c234
12656,2,0.250101,0.41355667,0.33634233,c1,c234
12657,5,0.21453594,0.28237247,0.5030916,c5,c5
12658,2,0.5159486,0.35180342,0.132248,c1,c1
12659,4,0.23971705,0.4094684,0.35081452,c234,c234
12660,2,0.21888569,0.43519992,0.34591436,c234,c234
12661,1,0.4939599,0.38436782,0.12167229,c5,c1
12662,5,0.35050088,0.44780523,0.20169386,c1,c234
12663,2,0.18120894,0.2482281,0.57056296,c1,c5
12664,1,0.32895988,0.45274666,0.21829352,c5,c234
12665,3,0.33312225,0.35946625,0.3074115,c1,c234
12666,2,0.22330257,0.31112438,0.465573,c234,c5
12667,2,0.23782878,0.4418347,0.32033652,c5,c234
12668,5,0.3419286,0.49738175,0.16068968,c234,c234
12669,5,0.3385834,0.35604727,0.30536935,c5,c234
12670,1,0.08614434,0.21066105,0.7031947,c5,c5
12671,5,0.609239,0.2985549,0.092206165,c234,c1
12672,5,0.1756199,0.44627672,0.3781034,c5,c234
12673,4,0.2678035,0.4154409,0.31675565,c5,c234
12674,4,0.10471636,0.34714472,0.548139,c5,c5
12675,1,0.44216275,0.347439,0.21039827,c5,c1
12676,3,0.109286845,0.28973064,0.60098255,c234,c5
12677,2,0.07999028,0.28435278,0.6356569,c5,c5
12678,1,0.30928648,0.5094917,0.18122187,c5,c234
12679,2,0.090143405,0.20358814,0.7062685,c5,c5
12680,3,0.104038574,0.19429848,0.70166296,c5,c5
12681,5,0.52177554,0.3017364,0.17648803,c5,c1
12682,5,0.22630973,0.21907935,0.55461097,c5,c5
12683,3,0.2379654,0.5095244,0.25251013,c5,c234
12684,5,0.2593516,0.4515238,0.28912464,c5,c234
12685,5,0.20844328,0.3406992,0.45085752,c234,c5
12686,4,0.0763513,0.26792747,0.65572125,c5,c5
12687,3,0.116797484,0.29524624,0.58795625,c5,c5
12688,4,0.29643375,0.42420727,0.27935898,c5,c234
12689,2,0.073602736,0.27675843,0.64963883,c5,c5
12690,1,0.383049,0.2768107,0.34014025,c234,c1
12691,5,0.52177554,0.3017364,0.17648803,c1,c1
12692,2,0.2962814,0.3031502,0.40056837,c1,c5
12693,5,0.52134407,0.3526299,0.12602602,c234,c1
12694,5,0.38758576,0.2611037,0.35131052,c234,c1
12695,1,0.23680198,0.31107566,0.45212233,c1,c5
12696,1,0.17295684,0.4106191,0.41642407,c1,c5
12697,1,0.08963097,0.31437412,0.5959949,c5,c5
12698,4,0.45339283,0.37304187,0.1735653,c234,c1
12699,1,0.40237728,0.45969757,0.13792518,c5,c234
12700,5,0.14640008,0.42372614,0.4298738,c5,c5
12701,2,0.18958807,0.46581075,0.3446012,c1,c234
12702,4,0.42233098,0.27062145,0.30704755,c5,c1
12703,1,0.28911397,0.36786893,0.34301716,c5,c234
12704,5,0.26910046,0.5393758,0.1915238,c1,c234
12705,3,0.111805536,0.32288882,0.56530565,c5,c5
12706,4,0.27798304,0.42652062,0.2954963,c234,c234
12707,5,0.22510359,0.48122084,0.29367554,c1,c234
12708,3,0.09441655,0.30181846,0.603765,c234,c5
12709,2,0.19104043,0.35612714,0.45283246,c1,c5
12710,4,0.35831589,0.42775002,0.21393408,c234,c234
12711,2,0.093751594,0.22624762,0.6800008,c5,c5
12712,1,0.39058954,0.3619536,0.24745688,c1,c1
12713,5,0.40541214,0.33952108,0.25506675,c5,c1
12714,5,0.11840679,0.4395052,0.44208798,c5,c5
12715,5,0.39577046,0.26946405,0.33476546,c5,c1
12716,4,0.11818773,0.22806321,0.65374905,c1,c5
12717,1,0.57584804,0.31048355,0.113668375,c5,c1
12718,4,0.2668127,0.27096474,0.4622225,c1,c5
12719,2,0.46693954,0.2511581,0.28190243,c234,c1
12720,3,0.33493912,0.42040274,0.24465814,c234,c234
12721,4,0.29286608,0.38727474,0.31985915,c5,c234
12722,4,0.3736052,0.41582116,0.21057361,c5,c234
12723,2,0.1180238,0.2884267,0.5935495,c234,c5
12724,4,0.6272531,0.26127064,0.1114762,c234,c1
12725,5,0.28652978,0.3043109,0.40915936,c5,c5
12726,1,0.17742066,0.41636023,0.4062191,c234,c234
12727,4,0.49223542,0.38004515,0.12771943,c5,c1
12728,2,0.7273733,0.2097486,0.06287808,c234,c1
12729,5,0.034762617,0.14892876,0.8163086,c5,c5
12730,5,0.3932082,0.3451462,0.26164553,c1,c1
12731,3,0.087335184,0.1764004,0.7362644,c1,c5
12732,1,0.38238338,0.32299805,0.29461858,c5,c1
12733,5,0.12497295,0.39852303,0.47650406,c5,c5
12734,1,0.563662,0.33011833,0.10621969,c234,c1
12735,3,0.64619666,0.26484272,0.08896061,c1,c1
12736,2,0.11357779,0.27212656,0.61429566,c234,c5
12737,2,0.32029527,0.4387949,0.24090984,c234,c234
12738,4,0.5901227,0.30505115,0.10482614,c234,c1
12739,4,0.41269413,0.4015624,0.18574353,c234,c1
12740,1,0.4472611,0.38868204,0.16405682,c234,c1
12741,5,0.24022049,0.3703389,0.38944066,c234,c5
12742,3,0.07237188,0.21363004,0.7139981,c234,c5
12743,3,0.13390592,0.3609851,0.50510895,c5,c5
12744,1,0.24244499,0.32519177,0.43236324,c5,c5
12745,4,0.5395674,0.29763207,0.1628005,c5,c1
12746,1,0.0718651,0.3542509,0.573884,c234,c5
12747,4,0.4305666,0.36279482,0.20663857,c5,c1
12748,4,0.47854388,0.3568412,0.16461498,c1,c1
12749,2,0.5102446,0.37148464,0.118270725,c5,c1
12750,1,0.046264272,0.20194651,0.75178915,c5,c5
12751,4,0.17669618,0.29242727,0.5308765,c5,c5
12752,5,0.36794725,0.32004908,0.31200367,c5,c1
12753,4,0.1855048,0.48116282,0.33333242,c5,c234
12754,4,0.1585421,0.26309034,0.57836753,c5,c5
12755,2,0.32701543,0.45978853,0.21319601,c234,c234
12756,1,0.5860589,0.2955716,0.11836949,c1,c1
12757,3,0.05639394,0.2416673,0.70193875,c234,c5
12758,4,0.36162475,0.4250591,0.21331613,c234,c234
12759,5,0.3153029,0.2721069,0.41259015,c1,c5
12760,4,0.49785724,0.36866868,0.13347405,c1,c1
12761,5,0.16510803,0.3261992,0.50869274,c234,c5
12762,1,0.46503514,0.3217962,0.21316867,c234,c1
12763,3,0.39412865,0.35078073,0.2550906,c1,c1
12764,5,0.52987486,0.3442074,0.12591778,c234,c1
12765,5,0.3153029,0.2721069,0.41259015,c1,c5
12766,4,0.6647514,0.2628189,0.07242969,c5,c1
12767,5,0.4619891,0.3940523,0.14395858,c5,c1
12768,4,0.25135082,0.44868335,0.2999658,c1,c234
12769,4,0.45527354,0.34146312,0.20326325,c1,c1
12770,1,0.27809757,0.33252448,0.38937795,c234,c5
12771,5,0.6163343,0.3039181,0.07974768,c1,c1
12772,2,0.35792783,0.4229278,0.21914439,c234,c234
12773,1,0.6129192,0.27004594,0.11703481,c1,c1
12774,3,0.63224256,0.27676323,0.09099427,c1,c1
12775,5,0.31480625,0.31098676,0.37420693,c1,c5
12776,4,0.31196213,0.42304465,0.26499325,c5,c234
12777,1,0.13642047,0.48223773,0.38134176,c1,c234
12778,4,0.4223947,0.29071516,0.28689012,c5,c1
12779,2,0.23169202,0.24675532,0.5215527,c5,c5
12780,1,0.13044651,0.39239997,0.4771535,c234,c5
12781,2,0.30167496,0.47949287,0.2188322,c5,c234
12782,5,0.0652145,0.26052314,0.6742624,c5,c5
12783,2,0.15852036,0.29809543,0.5433842,c1,c5
12784,1,0.25881147,0.43528336,0.30590513,c5,c234
12785,1,0.8246238,0.13597038,0.03940575,c1,c1
12786,5,0.10228826,0.41233578,0.485376,c234,c5
12787,5,0.52177554,0.3017364,0.17648803,c1,c1
12788,3,0.62025034,0.22767654,0.15207313,c1,c1
12789,4,0.07407774,0.2809692,0.6449531,c234,c5
12790,4,0.6055676,0.2850086,0.10942382,c1,c1
12791,2,0.63683754,0.27458668,0.088575765,c1,c1
12792,5,0.41974366,0.38971877,0.19053754,c1,c1
12793,4,0.1230946,0.40272582,0.47417954,c1,c5
12794,5,0.09303912,0.38114366,0.5258172,c5,c5
12795,5,0.49019763,0.34866458,0.1611378,c234,c1
12796,1,0.4477092,0.43182096,0.120469876,c5,c1
12797,4,0.33005902,0.38431063,0.2856303,c234,c234
12798,4,0.41269413,0.4015624,0.18574353,c1,c1
12799,3,0.097523764,0.312895,0.58958125,c234,c5
12800,2,0.33734164,0.26908356,0.39357474,c5,c5
12801,5,0.18617378,0.29207125,0.5217549,c1,c5
12802,4,0.43478626,0.39917716,0.16603659,c1,c1
12803,1,0.12302366,0.43286824,0.44410816,c5,c5
12804,2,0.27027258,0.51157415,0.21815322,c1,c234
12805,4,0.20825195,0.31178474,0.47996327,c5,c5
12806,3,0.41108358,0.4215005,0.16741592,c5,c234
12807,2,0.3593403,0.28057286,0.3600868,c5,c5
12808,2,0.37276742,0.32578903,0.30144358,c1,c1
12809,4,0.11632951,0.2455192,0.6381512,c1,c5
12810,2,0.07028751,0.17626116,0.75345135,c5,c5
12811,2,0.20160636,0.41711745,0.38127622,c1,c234
12812,4,0.2663902,0.26642275,0.4671871,c5,c5
12813,4,0.09270869,0.22692837,0.68036294,c5,c5
12814,3,0.4617604,0.37014148,0.16809817,c1,c1
12815,5,0.16612265,0.45278245,0.3810949,c234,c234
12816,2,0.5796146,0.28675497,0.13363045,c234,c1
12817,2,0.111227445,0.17332712,0.7154454,c1,c5
12818,4,0.64053744,0.27548334,0.08397921,c1,c1
12819,1,0.12808573,0.4294119,0.44250238,c5,c5
12820,5,0.20383729,0.47544247,0.32072023,c1,c234
12821,4,0.20242162,0.46233073,0.3352476,c234,c234
12822,1,0.3267241,0.4469607,0.22631517,c1,c234
12823,4,0.50023043,0.33760628,0.16216332,c234,c1
12824,2,0.4738965,0.38304764,0.14305584,c1,c1
12825,4,0.1326744,0.4140893,0.4532363,c5,c5
12826,3,0.35208014,0.4879802,0.15993962,c1,c234
12827,3,0.055822134,0.21672207,0.7274558,c5,c5
12828,3,0.12501228,0.31225407,0.5627337,c5,c5
12829,2,0.6967611,0.22739567,0.075843275,c234,c1
12830,4,0.40796584,0.36471742,0.22731678,c1,c1
12831,5,0.08059855,0.36780286,0.55159855,c234,c5
12832,4,0.6026171,0.29059845,0.10678454,c234,c1
12833,1,0.19082858,0.26142144,0.54775,c234,c5
12834,4,0.4280428,0.2699632,0.30199406,c234,c1
12835,5,0.4930517,0.31686002,0.19008836,c1,c1
12836,2,0.5335414,0.3273439,0.13911465,c234,c1
12837,4,0.42233098,0.27062145,0.30704755,c5,c1
12838,3,0.044804227,0.13820904,0.81698674,c5,c5
12839,1,0.38714,0.31505853,0.2978014,c5,c1
12840,1,0.065185994,0.28729826,0.6475157,c5,c5
12841,2,0.35386118,0.35864478,0.28749403,c5,c234
12842,5,0.5038571,0.3076353,0.18850762,c234,c1
12843,3,0.28729305,0.30047473,0.41223222,c1,c5
12844,2,0.069759265,0.20616643,0.7240743,c5,c5
12845,4,0.3632495,0.32248977,0.31426075,c1,c1
12846,2,0.20804577,0.28291067,0.5090436,c5,c5
12847,4,0.4280428,0.2699632,0.30199406,c234,c1
12848,3,0.3886262,0.42352667,0.18784708,c1,c234
12849,4,0.21530046,0.44697526,0.3377243,c5,c234
12850,1,0.05985179,0.35483631,0.5853119,c5,c5
12851,4,0.117609195,0.31883752,0.5635532,c234,c5
12852,3,0.5854878,0.31986278,0.09464942,c1,c1
12853,3,0.30395377,0.43531397,0.26073232,c1,c234
12854,4,0.24694154,0.5204829,0.23257554,c5,c234
12855,2,0.0586344,0.29351163,0.647854,c234,c5
12856,1,0.4328713,0.3283077,0.23882091,c5,c1
12857,5,0.66743743,0.26131642,0.07124616,c234,c1
12858,2,0.08219509,0.3042012,0.6136038,c5,c5
12859,2,0.62800723,0.2955833,0.076409444,c1,c1
12860,3,0.11980657,0.36357513,0.5166183,c234,c5
12861,3,0.33261478,0.43644068,0.23094459,c234,c234
12862,5,0.09225533,0.2745173,0.6332274,c234,c5
12863,1,0.122149535,0.45606202,0.42178842,c234,c234
12864,1,0.15659933,0.42839175,0.41500884,c5,c234
12865,4,0.14118691,0.37931457,0.47949854,c5,c5
12866,4,0.21698892,0.31435663,0.46865448,c1,c5
12867,1,0.070431605,0.22100754,0.70856076,c5,c5
12868,1,0.08198733,0.28560552,0.6324072,c234,c5
12869,3,0.5056792,0.36143672,0.13288401,c1,c1
12870,1,0.12181738,0.4102959,0.46788672,c5,c5
12871,3,0.0547725,0.19719523,0.7480323,c5,c5
12872,1,0.4715713,0.35659128,0.17183743,c1,c1
12873,4,0.24255854,0.36049688,0.3969446,c5,c5
12874,1,0.25830272,0.47759172,0.2641056,c234,c234
12875,5,0.5450893,0.31347734,0.14143334,c1,c1
12876,1,0.2690189,0.39860463,0.33237648,c5,c234
12877,4,0.04261007,0.117277354,0.84011257,c234,c5
12878,5,0.2243229,0.5738084,0.20186876,c234,c234
12879,4,0.4448306,0.3718968,0.18327262,c1,c1
12880,2,0.22330257,0.31112438,0.465573,c234,c5
12881,2,0.4488025,0.38795605,0.16324146,c1,c1
12882,4,0.10731997,0.3016484,0.5910316,c1,c5
12883,1,0.2755115,0.4515879,0.27290067,c234,c234
12884,1,0.066724114,0.22911154,0.7041643,c5,c5
12885,2,0.37198466,0.4446099,0.18340546,c234,c234
12886,4,0.1732093,0.33058476,0.4962059,c5,c5
12887,1,0.37460732,0.33334538,0.29204735,c5,c1
12888,5,0.09206823,0.40188372,0.506048,c5,c5
12889,1,0.70702714,0.21705718,0.07591572,c1,c1
12890,4,0.4380649,0.3485956,0.21333946,c234,c1
12891,2,0.27155697,0.4201082,0.3083348,c234,c234
12892,3,0.07961017,0.25642073,0.6639691,c234,c5
12893,5,0.08929211,0.35592696,0.5547809,c234,c5
12894,1,0.15989341,0.37312728,0.46697927,c5,c5
12895,3,0.41189098,0.4184284,0.16968061,c234,c234
12896,2,0.1834263,0.29058495,0.52598876,c1,c5
12897,1,0.14061245,0.43918622,0.4202014,c5,c234
12898,2,0.768187,0.17275004,0.059062924,c1,c1
12899,5,0.19696134,0.45062888,0.35240972,c5,c234
12900,1,0.15371765,0.45556718,0.39071515,c1,c234
12901,5,0.21231787,0.5254276,0.26225457,c5,c234
12902,1,0.51527256,0.35680994,0.1279175,c234,c1
12903,3,0.44702032,0.2854645,0.26751518,c1,c1
12904,1,0.15989341,0.37312728,0.46697927,c5,c5
12905,1,0.14449827,0.27215868,0.583343,c5,c5
12906,5,0.05378143,0.25216767,0.69405097,c5,c5
12907,2,0.41061556,0.2944944,0.2948901,c234,c1
12908,5,0.39577046,0.26946405,0.33476546,c234,c1
12909,1,0.6698861,0.26494193,0.06517198,c1,c1
12910,5,0.2913698,0.42497686,0.28365338,c5,c234
12911,5,0.2697711,0.4615506,0.26867837,c234,c234
12912,4,0.4868949,0.32753205,0.18557306,c1,c1
12913,3,0.2284875,0.34744623,0.42406625,c1,c5
12914,5,0.21593678,0.49767467,0.28638858,c5,c234
12915,5,0.16185348,0.4448236,0.39332289,c1,c234
12916,2,0.13577351,0.37671766,0.48750886,c5,c5
12917,3,0.28295493,0.4749027,0.2421424,c5,c234
12918,1,0.17871884,0.33890045,0.48238075,c5,c5
12919,2,0.4444334,0.3865077,0.16905895,c1,c1
12920,3,0.10589755,0.31346172,0.5806408,c5,c5
12921,5,0.19337776,0.39130196,0.41532022,c5,c5
12922,1,0.18883616,0.44706148,0.3641023,c1,c234
12923,1,0.68377113,0.2612945,0.05493435,c1,c1
12924,2,0.10785975,0.23206411,0.66007614,c234,c5
12925,5,0.06371869,0.21273436,0.7235469,c234,c5
12926,3,0.12727872,0.413477,0.4592443,c1,c5
12927,5,0.11205717,0.27681988,0.61112297,c5,c5
12928,4,0.2295598,0.4783269,0.29211333,c234,c234
12929,1,0.55449164,0.35648042,0.089027934,c1,c1
12930,1,0.7422247,0.18507035,0.07270498,c1,c1
12931,2,0.39577878,0.37887838,0.22534283,c1,c1
12932,3,0.08371384,0.29286847,0.6234177,c1,c5
12933,1,0.12691508,0.373571,0.49951392,c234,c5
12934,4,0.45051578,0.35034844,0.19913577,c1,c1
12935,2,0.35553297,0.31842065,0.3260464,c5,c1
12936,2,0.21934484,0.2555651,0.5250901,c234,c5
12937,5,0.057368238,0.21020322,0.73242855,c5,c5
12938,3,0.16739312,0.3401305,0.49247643,c234,c5
12939,1,0.5622999,0.256436,0.18126412,c1,c1
12940,4,0.23322274,0.42004964,0.3467276,c234,c234
12941,5,0.12985124,0.28791174,0.582237,c234,c5
12942,2,0.14150058,0.35708117,0.50141823,c234,c5
12943,5,0.39688012,0.3604823,0.24263757,c5,c1
12944,4,0.27870536,0.43282813,0.2884665,c1,c234
12945,1,0.31466532,0.34533393,0.34000075,c234,c234
12946,5,0.27094814,0.4085327,0.32051915,c234,c234
12947,1,0.35022646,0.41098353,0.23878998,c234,c234
12948,2,0.13620006,0.4084091,0.45539084,c5,c5
12949,5,0.12393243,0.39655802,0.47950953,c5,c5
12950,1,0.547495,0.35318744,0.099317536,c1,c1
12951,1,0.18211174,0.35000265,0.46788567,c234,c5
12952,2,0.7229896,0.19449505,0.08251538,c234,c1
12953,5,0.1580064,0.26712617,0.5748675,c5,c5
12954,4,0.38600647,0.37440443,0.23958914,c1,c1
12955,3,0.18856443,0.27635965,0.53507584,c1,c5
12956,5,0.07377119,0.30975538,0.61647344,c234,c5
12957,3,0.1371911,0.38419873,0.47861022,c5,c5
12958,4,0.42233098,0.27062145,0.30704755,c1,c1
12959,4,0.16508926,0.39942712,0.43548357,c5,c5
12960,5,0.33042827,0.4584463,0.21112545,c1,c234
12961,4,0.3457428,0.38071042,0.27354681,c5,c234
12962,4,0.7052275,0.2261622,0.06861028,c1,c1
12963,3,0.182155,0.3119434,0.50590163,c5,c5
12964,4,0.38721374,0.4217556,0.19103065,c1,c234
12965,2,0.16588846,0.47442186,0.35968962,c1,c234
12966,3,0.46557695,0.40996844,0.12445466,c234,c1
12967,5,0.13216278,0.35222107,0.5156161,c5,c5
12968,4,0.68293834,0.25297776,0.06408393,c1,c1
12969,2,0.25318062,0.37085715,0.3759623,c234,c5
12970,1,0.544104,0.3316716,0.1242244,c5,c1
12971,4,0.47012544,0.4239977,0.105876885,c1,c1
12972,1,0.4097573,0.39353096,0.19671172,c1,c1
12973,5,0.36929405,0.40302378,0.22768216,c234,c234
12974,1,0.11227421,0.29164407,0.59608173,c1,c5
12975,1,0.37202978,0.36040762,0.2675626,c1,c1
12976,3,0.25073642,0.29595855,0.45330504,c5,c5
12977,1,0.102113895,0.40426287,0.49362314,c5,c5
12978,2,0.25476766,0.250726,0.49450636,c234,c5
12979,4,0.6075059,0.30741832,0.08507571,c1,c1
12980,4,0.11344413,0.19365932,0.6928966,c5,c5
12981,3,0.21293859,0.47023854,0.31682283,c234,c234
12982,5,0.59239084,0.31369603,0.09391309,c1,c1
12983,2,0.37813678,0.4517977,0.17006552,c234,c234
12984,2,0.072847545,0.1939288,0.73322374,c5,c5
12985,4,0.6330861,0.2892824,0.077631526,c1,c1
12986,1,0.5381004,0.31019554,0.15170409,c234,c1
12987,3,0.08528621,0.3241537,0.5905601,c5,c5
12988,3,0.049077272,0.17720391,0.77371883,c234,c5
12989,1,0.22020537,0.3513292,0.4284654,c5,c5
12990,1,0.122018635,0.22889847,0.64908296,c1,c5
12991,1,0.2314471,0.33762822,0.4309247,c234,c5
12992,1,0.18327709,0.47364685,0.3430761,c1,c234
12993,2,0.19788437,0.47877356,0.32334206,c1,c234
12994,3,0.293632,0.48988378,0.21648425,c1,c234
12995,5,0.5908398,0.31617653,0.09298366,c1,c1
12996,3,0.49441642,0.3960159,0.10956765,c5,c1
12997,4,0.24413094,0.31858173,0.43728733,c1,c5
12998,3,0.63224256,0.27676323,0.09099427,c5,c1
12999,5,0.3791532,0.27960417,0.3412426,c5,c1
13000,3,0.3607823,0.41247922,0.22673844,c1,c234
13001,4,0.27336022,0.3064948,0.42014503,c234,c5
13002,1,0.5008158,0.27867794,0.22050622,c1,c1
13003,3,0.33030823,0.3005197,0.36917207,c1,c5
13004,4,0.12111485,0.40832818,0.4705569,c5,c5
13005,2,0.38271326,0.27863517,0.3386515,c1,c1
13006,5,0.35019055,0.29170802,0.35810146,c5,c5
13007,5,0.25126284,0.45759612,0.2911411,c234,c234
13008,3,0.20650163,0.39311692,0.40038142,c5,c5
13009,5,0.046700716,0.1603251,0.79297423,c5,c5
13010,3,0.13632767,0.2925071,0.57116514,c1,c5
13011,1,0.16740721,0.49978563,0.33280712,c234,c234
13012,3,0.43950525,0.31673768,0.24375707,c234,c1
13013,2,0.12589404,0.45049322,0.4236127,c5,c234
13014,2,0.56299955,0.34035283,0.096647635,c234,c1
13015,3,0.33516356,0.28297773,0.38185874,c234,c5
13016,1,0.52084947,0.3101793,0.16897126,c1,c1
13017,4,0.46790582,0.37281945,0.15927468,c234,c1
13018,2,0.6828088,0.2352821,0.081909046,c5,c1
13019,2,0.33194524,0.3382754,0.3297794,c5,c234
13020,3,0.15939718,0.43117595,0.4094269,c1,c234
13021,3,0.46754497,0.37380743,0.15864755,c234,c1
13022,4,0.6115696,0.2956906,0.09273985,c1,c1
13023,2,0.26721627,0.45805937,0.27472436,c5,c234
13024,2,0.33992928,0.31082487,0.34924588,c1,c5
13025,5,0.34397766,0.40102312,0.25499916,c1,c234
13026,2,0.04873782,0.154624,0.7966382,c5,c5
13027,3,0.38967627,0.29590777,0.31441593,c234,c1
13028,2,0.49614412,0.3237252,0.18013072,c1,c1
13029,2,0.46693954,0.2511581,0.28190243,c1,c1
13030,4,0.050051134,0.2314906,0.71845824,c5,c5
13031,1,0.46862674,0.42274925,0.10862402,c5,c1
13032,5,0.18814397,0.42316166,0.38869438,c234,c234
13033,1,0.5572121,0.26122385,0.18156399,c234,c1
13034,4,0.41269413,0.4015624,0.18574353,c234,c1
13035,4,0.16866975,0.2483362,0.58299404,c5,c5
13036,2,0.24994884,0.4529305,0.2971207,c234,c234
13037,3,0.099465266,0.3752864,0.5252483,c5,c5
13038,1,0.22983864,0.32081786,0.4493435,c5,c5
13039,5,0.33747816,0.4303784,0.23214342,c5,c234
13040,2,0.1159431,0.28216836,0.6018885,c5,c5
13041,3,0.20805904,0.45488673,0.33705422,c5,c234
13042,4,0.4551841,0.41283405,0.13198191,c234,c1
13043,3,0.6509341,0.24081372,0.10825214,c1,c1
13044,4,0.20403972,0.33276963,0.4631907,c234,c5
13045,3,0.13597102,0.40179336,0.46223554,c234,c5
13046,1,0.21336849,0.34334254,0.44328892,c5,c5
13047,3,0.056147933,0.24155475,0.7022974,c5,c5
13048,2,0.25241622,0.45378673,0.29379705,c234,c234
13049,1,0.19248551,0.2873414,0.520173,c5,c5
13050,5,0.41135183,0.3597523,0.22889587,c1,c1
13051,3,0.4918366,0.32038623,0.18777716,c5,c1
13052,2,0.097620554,0.32560268,0.57677674,c234,c5
13053,5,0.23825675,0.5473092,0.21443404,c5,c234
13054,4,0.35156146,0.3822224,0.26621607,c5,c234
13055,2,0.32888377,0.41306695,0.2580493,c234,c234
13056,2,0.79039013,0.1478226,0.06178734,c234,c1
13057,3,0.58848614,0.27981964,0.13169427,c5,c1
13058,4,0.12472536,0.35905918,0.5162155,c1,c5
13059,2,0.24648263,0.38390943,0.36960796,c234,c234
13060,1,0.24702595,0.34149942,0.41147462,c234,c5
13061,2,0.05218567,0.24065693,0.7071574,c5,c5
13062,2,0.20665213,0.4070823,0.38626555,c5,c234
13063,2,0.20512372,0.33666784,0.45820844,c234,c5
13064,5,0.07085073,0.23084062,0.69830865,c1,c5
13065,1,0.5718185,0.29289225,0.1352893,c1,c1
13066,5,0.07119197,0.37047797,0.55833006,c1,c5
13067,2,0.2368113,0.48531243,0.2778762,c234,c234
13068,3,0.49273497,0.27468386,0.23258112,c234,c1
13069,2,0.11562141,0.23602112,0.6483575,c1,c5
13070,3,0.53246677,0.33198103,0.13555215,c1,c1
13071,1,0.34337965,0.46491086,0.19170955,c234,c234
13072,2,0.534261,0.3518771,0.11386187,c234,c1
13073,4,0.41269413,0.4015624,0.18574353,c234,c1
13074,4,0.53634965,0.34338886,0.120261565,c1,c1
13075,5,0.5393075,0.3467609,0.11393161,c234,c1
13076,1,0.25969473,0.4316277,0.30867755,c1,c234
13077,2,0.07040352,0.1440712,0.7855252,c5,c5
13078,1,0.14438681,0.25802255,0.5975906,c5,c5
13079,2,0.1755573,0.25035626,0.5740864,c5,c5
13080,3,0.13053043,0.22916847,0.64030105,c234,c5
13081,1,0.20215186,0.53403145,0.26381668,c5,c234
13082,1,0.25367835,0.3612986,0.38502312,c5,c5
13083,1,0.34901762,0.31525344,0.33572894,c234,c1
13084,2,0.3539836,0.47572687,0.17028955,c1,c234
13085,2,0.123556636,0.41737485,0.4590686,c5,c5
13086,5,0.5103226,0.3706354,0.11904204,c1,c1
13087,3,0.16169688,0.31160283,0.52670026,c234,c5
13088,4,0.61845404,0.26786736,0.113678604,c234,c1
13089,2,0.2667862,0.2965143,0.4366995,c1,c5
13090,4,0.17914729,0.2618537,0.55899906,c1,c5
13091,5,0.5336067,0.28546223,0.18093106,c234,c1
13092,3,0.08787456,0.33546245,0.57666296,c5,c5
13093,2,0.13439925,0.30361372,0.5619871,c1,c5
13094,3,0.6388117,0.25453636,0.10665195,c234,c1
13095,2,0.11147082,0.29642376,0.59210545,c234,c5
13096,4,0.13826232,0.27820867,0.58352894,c234,c5
13097,3,0.14443354,0.47242454,0.38314188,c234,c234
13098,4,0.1465214,0.39906514,0.4544134,c234,c5
13099,2,0.56086504,0.33714333,0.1019916,c1,c1
13100,3,0.32347393,0.33356896,0.34295714,c1,c5
13101,5,0.5144689,0.3464538,0.13907726,c1,c1
13102,4,0.483521,0.3738642,0.14261483,c5,c1
13103,3,0.61661714,0.2791211,0.10426175,c1,c1
13104,2,0.2230258,0.2907917,0.4861826,c5,c5
13105,1,0.06108813,0.25264752,0.6862643,c1,c5
13106,4,0.19674574,0.3506944,0.45255986,c234,c5
13107,1,0.7890271,0.150662,0.060310826,c1,c1
13108,5,0.12378824,0.48673165,0.38948002,c5,c234
13109,3,0.39333373,0.38384715,0.22281909,c234,c1
13110,4,0.4515456,0.34920433,0.19925015,c1,c1
13111,5,0.5366246,0.34664014,0.11673522,c5,c1
13112,4,0.5482811,0.33790988,0.11380909,c234,c1
13113,2,0.17759115,0.39084157,0.43156728,c234,c5
13114,1,0.20801675,0.48887694,0.3031063,c234,c234
13115,5,0.05696128,0.148996,0.7940427,c5,c5
13116,1,0.22665499,0.5189451,0.25439993,c5,c234
13117,3,0.6666413,0.25420496,0.0791538,c234,c1
13118,4,0.06407757,0.24094224,0.6949802,c5,c5
13119,5,0.16165271,0.5361559,0.3021914,c5,c234
13120,3,0.3232625,0.31303957,0.3636979,c5,c5
13121,5,0.43674645,0.4325021,0.13075145,c234,c1
13122,5,0.18603858,0.36406803,0.44989341,c5,c5
13123,5,0.07691316,0.31988773,0.6031991,c234,c5
13124,4,0.23581564,0.32715788,0.43702644,c5,c5
13125,4,0.72765005,0.19713959,0.075210355,c234,c1
13126,4,0.18419336,0.40765437,0.40815228,c5,c5
13127,4,0.5229994,0.3180391,0.15896153,c234,c1
13128,5,0.114804074,0.24580756,0.6393884,c5,c5
13129,5,0.11063169,0.25303763,0.63633066,c5,c5
13130,4,0.1447758,0.33054665,0.5246776,c5,c5
13131,3,0.08907746,0.19330835,0.71761423,c5,c5
13132,2,0.104418665,0.19512735,0.700454,c5,c5
13133,4,0.17127405,0.4221516,0.40657434,c5,c234
13134,1,0.43371594,0.4653093,0.10097473,c234,c234
13135,5,0.053792063,0.23486315,0.7113448,c1,c5
13136,1,0.26061532,0.32067972,0.41870496,c5,c5
13137,5,0.079549335,0.3172462,0.6032045,c5,c5
13138,4,0.1843972,0.4138244,0.4017784,c5,c234
13139,5,0.3293755,0.41774422,0.25288028,c234,c234
13140,1,0.16834226,0.40157083,0.43008697,c234,c5
13141,5,0.41310787,0.4198183,0.16707376,c1,c234
13142,4,0.19431591,0.3439617,0.46172237,c234,c5
13143,1,0.1005521,0.33669317,0.56275475,c5,c5
13144,3,0.44910067,0.40409753,0.14680175,c1,c1
13145,2,0.12282827,0.31418946,0.56298226,c5,c5
13146,4,0.38127884,0.42983612,0.18888502,c5,c234
13147,4,0.5075699,0.3668854,0.1255447,c234,c1
13148,5,0.29318517,0.4759737,0.23084114,c5,c234
13149,2,0.20181403,0.39388055,0.4043055,c234,c5
13150,2,0.4336064,0.3968809,0.16951275,c1,c1
13151,5,0.13830562,0.27052495,0.5911694,c234,c5
13152,2,0.68779707,0.18233709,0.1298658,c1,c1
13153,1,0.04932655,0.21942624,0.7312472,c1,c5
13154,3,0.07133294,0.2398771,0.68878996,c234,c5
13155,4,0.47135887,0.28122082,0.2474203,c1,c1
13156,1,0.35376468,0.4414108,0.20482454,c1,c234
13157,5,0.28319862,0.37446803,0.3423333,c5,c234
13158,4,0.16282235,0.49218804,0.34498957,c234,c234
13159,3,0.60853887,0.29545796,0.09600316,c1,c1
13160,2,0.34407812,0.38609082,0.2698311,c1,c234
13161,4,0.4280428,0.2699632,0.30199406,c5,c1
13162,4,0.25478512,0.3555741,0.3896408,c1,c5
13163,1,0.10026505,0.27158552,0.6281494,c1,c5
13164,3,0.47218138,0.2618798,0.26593888,c5,c1
13165,5,0.34501356,0.44582722,0.20915917,c234,c234
13166,1,0.32612178,0.34738797,0.32649022,c5,c234
13167,4,0.5074717,0.3235397,0.16898863,c1,c1
13168,5,0.16005796,0.48030102,0.35964102,c5,c234
13169,2,0.2234783,0.4639529,0.31256878,c1,c234
13170,1,0.07100878,0.3280208,0.6009704,c1,c5
13171,4,0.65515363,0.26501718,0.079829186,c1,c1
13172,2,0.5808163,0.3192338,0.09994989,c1,c1
13173,4,0.41269413,0.4015624,0.18574353,c1,c1
13174,1,0.056365374,0.2011665,0.7424682,c5,c5
13175,5,0.10185519,0.2195417,0.6786031,c234,c5
13176,3,0.11533968,0.3136023,0.57105803,c1,c5
13177,1,0.04976088,0.23034492,0.7198941,c5,c5
13178,4,0.27815256,0.4706189,0.25122854,c234,c234
13179,5,0.50899273,0.35481405,0.1361932,c5,c1
13180,1,0.563662,0.33011833,0.10621969,c1,c1
13181,3,0.27264708,0.45844093,0.268912,c234,c234
13182,5,0.31964308,0.4387977,0.24155922,c234,c234
13183,5,0.64297396,0.23207515,0.12495088,c1,c1
13184,4,0.16852926,0.37481242,0.45665833,c5,c5
13185,1,0.36935988,0.31796145,0.31267866,c1,c1
13186,3,0.41383356,0.425721,0.16044547,c1,c234
13187,1,0.1601372,0.3444332,0.49542972,c234,c5
13188,4,0.058475677,0.1475832,0.79394114,c5,c5
13189,1,0.14816493,0.33291802,0.518917,c5,c5
13190,4,0.12846275,0.34707308,0.52446425,c5,c5
13191,2,0.6893252,0.24461913,0.0660557,c234,c1
13192,1,0.13540293,0.4703007,0.39429635,c234,c234
13193,2,0.22330257,0.31112438,0.465573,c234,c5
13194,2,0.039287057,0.16852294,0.79219,c5,c5
13195,3,0.31575555,0.30388165,0.3803628,c234,c5
13196,5,0.14865226,0.5019028,0.34944493,c234,c234
13197,1,0.1410493,0.2794335,0.57951725,c5,c5
13198,1,0.7692404,0.17871794,0.05204164,c5,c1
13199,2,0.38436165,0.41155526,0.2040831,c5,c234
13200,4,0.064646,0.19984204,0.73551196,c234,c5
13201,3,0.7406123,0.18021439,0.07917318,c1,c1
13202,1,0.2414986,0.49118686,0.26731458,c234,c234
13203,2,0.08207009,0.2387712,0.67915875,c1,c5
13204,1,0.058129057,0.23853852,0.7033324,c5,c5
13205,4,0.2768704,0.36876908,0.3543605,c5,c234
13206,4,0.68293834,0.25297776,0.06408393,c234,c1
13207,2,0.772302,0.17555113,0.05214682,c1,c1
13208,1,0.1278093,0.29714733,0.5750434,c5,c5
13209,1,0.18788297,0.47732246,0.33479452,c1,c234
13210,4,0.6741352,0.2591815,0.06668327,c1,c1
13211,3,0.6373663,0.2519841,0.11064955,c1,c1
13212,5,0.16116108,0.531662,0.30717695,c5,c234
13213,3,0.106887475,0.28161103,0.6115015,c234,c5
13214,3,0.47229668,0.2835747,0.24412861,c5,c1
13215,3,0.47712687,0.3366651,0.18620802,c234,c1
13216,5,0.038267855,0.1900934,0.7716387,c5,c5
13217,1,0.37147,0.45181322,0.17671674,c234,c234
13218,1,0.04870155,0.25900656,0.6922919,c5,c5
13219,4,0.29947573,0.40439305,0.29613125,c5,c234
13220,2,0.6368024,0.26268652,0.100511074,c1,c1
13221,2,0.12637201,0.29468578,0.5789422,c234,c5
13222,1,0.38260958,0.4736146,0.1437758,c1,c234
13223,2,0.1531114,0.24866848,0.59822005,c234,c5
13224,3,0.37779027,0.31922054,0.30298918,c234,c1
13225,1,0.051576447,0.23364602,0.71477747,c5,c5
13226,3,0.56154513,0.34570462,0.092750296,c234,c1
13227,2,0.62778544,0.26486558,0.10734901,c1,c1
13228,2,0.39247704,0.31641012,0.29111284,c234,c1
13229,5,0.130467,0.23576266,0.63377035,c1,c5
13230,4,0.26361662,0.36756247,0.36882094,c1,c5
13231,3,0.2026926,0.50597405,0.29133335,c5,c234
13232,1,0.09032605,0.23339236,0.6762816,c5,c5
13233,4,0.08278568,0.23280253,0.68441176,c5,c5
13234,5,0.18432152,0.42346412,0.3922144,c234,c234
13235,3,0.30275193,0.44572118,0.25152692,c5,c234
13236,4,0.17724739,0.25240412,0.5703485,c234,c5
13237,2,0.6710396,0.2507109,0.07824949,c1,c1
13238,1,0.41697475,0.4403056,0.14271964,c1,c234
13239,3,0.19845492,0.37071732,0.43082777,c1,c5
13240,5,0.10841647,0.2673851,0.6241984,c5,c5
13241,3,0.42171788,0.37420326,0.20407887,c5,c1
13242,2,0.083102345,0.30434704,0.61255056,c234,c5
13243,3,0.34828106,0.29508206,0.35663685,c1,c5
13244,3,0.74092925,0.18112975,0.077940986,c1,c1
13245,5,0.29585642,0.5510483,0.15309532,c1,c234
13246,3,0.19665302,0.26301533,0.5403316,c234,c5
13247,1,0.6702961,0.22934094,0.10036301,c5,c1
13248,1,0.2168785,0.45812407,0.32499745,c234,c234
13249,1,0.687172,0.22224945,0.09057855,c1,c1
13250,4,0.50548273,0.343114,0.15140335,c1,c1
13251,1,0.2658097,0.4188415,0.3153487,c1,c234
13252,5,0.41821235,0.38438272,0.1974049,c5,c1
13253,5,0.111811884,0.24820183,0.6399863,c5,c5
13254,5,0.16711788,0.28692672,0.5459554,c5,c5
13255,5,0.3153029,0.2721069,0.41259015,c1,c5
13256,3,0.32068735,0.38704714,0.29226553,c234,c234
13257,5,0.42025802,0.40802473,0.17171726,c5,c1
13258,1,0.0526381,0.25871456,0.6886473,c234,c5
13259,5,0.32879767,0.4463514,0.22485095,c1,c234
13260,3,0.2323135,0.42760295,0.3400835,c5,c234
13261,3,0.37867007,0.40719703,0.21413292,c1,c234
13262,4,0.4243635,0.42696154,0.14867494,c1,c234
13263,5,0.51998705,0.35559732,0.124415666,c1,c1
13264,5,0.49087834,0.32024053,0.18888119,c1,c1
13265,5,0.19421175,0.23021024,0.57557803,c1,c5
13266,3,0.25113037,0.33809787,0.4107717,c5,c5
13267,4,0.09911549,0.25865996,0.6422246,c5,c5
13268,2,0.060260028,0.28552598,0.654214,c5,c5
13269,5,0.78895456,0.16056,0.05048545,c1,c1
13270,1,0.3507496,0.43988487,0.20936546,c234,c234
13271,3,0.15889095,0.20852703,0.632582,c5,c5
13272,3,0.306844,0.41441858,0.27873743,c5,c234
13273,1,0.03813265,0.11903011,0.84283733,c5,c5
13274,4,0.13384636,0.40757218,0.45858148,c234,c5
13275,3,0.1269802,0.3561248,0.516895,c5,c5
13276,1,0.22258271,0.5155027,0.26191458,c5,c234
13277,5,0.2107008,0.34220996,0.4470893,c5,c5
13278,4,0.45498675,0.37779635,0.1672169,c1,c1
13279,1,0.23754658,0.31784457,0.4446088,c5,c5
13280,4,0.29108286,0.29543224,0.41348493,c1,c5
13281,3,0.7452753,0.20552047,0.049204264,c234,c1
13282,5,0.14723091,0.24962364,0.6031455,c5,c5
13283,2,0.38647082,0.26480788,0.34872136,c1,c1
13284,1,0.26665,0.32376847,0.40958157,c5,c5
13285,1,0.4987228,0.26506376,0.23621348,c234,c1
13286,1,0.6145752,0.3088016,0.07662321,c5,c1
13287,1,0.16282238,0.4471588,0.39001888,c234,c234
13288,1,0.44925818,0.33782673,0.21291512,c1,c1
13289,3,0.16952509,0.24979365,0.5806813,c234,c5
13290,4,0.25362453,0.38480052,0.36157492,c5,c234
13291,4,0.07916433,0.34270084,0.57813483,c5,c5
13292,4,0.20825219,0.35728893,0.4344589,c234,c5
13293,4,0.5243557,0.3854105,0.090233855,c5,c1
13294,3,0.23786816,0.29754424,0.46458763,c234,c5
13295,3,0.5026085,0.3581965,0.13919502,c5,c1
13296,3,0.14074713,0.34467253,0.5145803,c5,c5
13297,1,0.34779683,0.36973098,0.28247216,c234,c234
13298,1,0.55523366,0.32386494,0.12090136,c5,c1
13299,1,0.2452824,0.41278133,0.34193632,c234,c234
13300,1,0.34119713,0.4461812,0.21262164,c5,c234
13301,3,0.033871654,0.09682175,0.8693065,c5,c5
13302,3,0.39154175,0.27919957,0.32925874,c234,c1
13303,2,0.48151314,0.35593513,0.16255169,c234,c1
13304,1,0.10118292,0.27869377,0.62012327,c5,c5
13305,2,0.17349443,0.2982021,0.52830344,c5,c5
13306,2,0.67020184,0.20157528,0.12822291,c234,c1
13307,5,0.63984835,0.23335576,0.12679592,c1,c1
13308,2,0.15679125,0.448843,0.3943657,c5,c234
13309,2,0.16309588,0.3185865,0.51831764,c5,c5
13310,5,0.07562146,0.18448827,0.7398903,c5,c5
13311,1,0.70702714,0.21705718,0.07591572,c1,c1
13312,3,0.385883,0.401843,0.212274,c1,c234
13313,1,0.15322316,0.46091506,0.38586184,c5,c234
13314,5,0.3403452,0.41370404,0.24595074,c1,c234
13315,2,0.13628593,0.46285388,0.40086013,c234,c234
13316,3,0.09504411,0.31270462,0.59225124,c5,c5
13317,1,0.23970598,0.50994146,0.25035256,c234,c234
13318,4,0.12980103,0.25667128,0.6135278,c1,c5
13319,5,0.22501388,0.4508932,0.32409295,c5,c234
13320,4,0.5493162,0.32697234,0.12371144,c1,c1
13321,2,0.42289183,0.27340636,0.30370185,c1,c1
13322,3,0.5229775,0.40215722,0.07486531,c5,c1
13323,1,0.51652426,0.38016438,0.103311345,c1,c1
13324,1,0.08546679,0.23965368,0.6748795,c5,c5
13325,5,0.06268286,0.24743178,0.68988544,c5,c5
13326,4,0.118164256,0.2993583,0.5824775,c234,c5
13327,2,0.27751753,0.28106314,0.44141936,c1,c5
13328,4,0.6233423,0.2846823,0.091975436,c234,c1
13329,1,0.5585978,0.3033709,0.1380313,c1,c1
13330,3,0.38078287,0.45023552,0.16898169,c1,c234
13331,2,0.3229341,0.26410255,0.4129634,c234,c5
13332,3,0.12909421,0.35228786,0.51861787,c234,c5
13333,5,0.2636308,0.42687163,0.30949754,c5,c234
13334,3,0.056308527,0.26305154,0.68064,c5,c5
13335,3,0.25024197,0.44047686,0.30928117,c234,c234
13336,3,0.49646133,0.35458302,0.14895558,c1,c1
13337,2,0.5052693,0.25027916,0.2444516,c1,c1
13338,5,0.0643994,0.2233537,0.7122469,c5,c5
13339,4,0.16806765,0.33139852,0.5005338,c1,c5
13340,2,0.66954887,0.2239425,0.10650855,c5,c1
13341,2,0.29914454,0.41527036,0.2855851,c1,c234
13342,3,0.13557784,0.35921147,0.50521076,c5,c5
13343,1,0.49301946,0.3534652,0.15351535,c5,c1
13344,3,0.12674311,0.40783533,0.46542153,c5,c5
13345,5,0.67513806,0.23486456,0.08999737,c234,c1
13346,2,0.08952016,0.22701266,0.6834672,c5,c5
13347,1,0.083514675,0.32534486,0.5911405,c5,c5
13348,4,0.32705763,0.49698654,0.1759558,c234,c234
13349,5,0.103744656,0.30964872,0.5866067,c234,c5
13350,5,0.51636904,0.3261473,0.15748365,c1,c1
13351,4,0.15401226,0.25703803,0.5889497,c234,c5
13352,5,0.106805794,0.30355653,0.5896377,c234,c5
13353,5,0.47647408,0.2636162,0.2599097,c234,c1
13354,3,0.5905846,0.30280316,0.10661229,c1,c1
13355,2,0.25472456,0.35429817,0.39097732,c5,c5
13356,3,0.18906735,0.3068117,0.50412095,c5,c5
13357,3,0.060371947,0.23645526,0.70317286,c5,c5
13358,4,0.1552852,0.28986314,0.5548517,c1,c5
13359,2,0.23122135,0.32314217,0.44563645,c5,c5
13360,5,0.23541111,0.2513444,0.5132445,c234,c5
13361,5,0.6272256,0.30598402,0.066790454,c234,c1
13362,5,0.21790203,0.47710517,0.30499282,c234,c234
13363,2,0.36311805,0.29913062,0.33775127,c234,c1
13364,5,0.3173693,0.40043405,0.2821966,c1,c234
13365,1,0.08681657,0.23596309,0.67722034,c5,c5
13366,1,0.15013747,0.40316433,0.44669825,c1,c5
13367,5,0.27715325,0.32770446,0.39514226,c234,c5
13368,1,0.11237809,0.24815269,0.6394692,c5,c5
13369,1,0.12803517,0.37778917,0.49417564,c5,c5
13370,2,0.32891056,0.40367892,0.26741055,c1,c234
13371,5,0.36173317,0.44608146,0.1921854,c1,c234
13372,1,0.39774832,0.47078362,0.13146803,c234,c234
13373,1,0.12655957,0.45653808,0.4169023,c234,c234
13374,2,0.13784406,0.37178308,0.49037284,c5,c5
13375,5,0.08132026,0.17958467,0.73909503,c234,c5
13376,2,0.12720753,0.24266793,0.63012457,c5,c5
13377,5,0.17264985,0.3052001,0.52215004,c5,c5
13378,2,0.42063087,0.36114872,0.21822043,c234,c1
13379,1,0.195842,0.3315967,0.47256133,c1,c5
13380,3,0.56895643,0.31477383,0.11626978,c234,c1
13381,4,0.35689148,0.4441044,0.19900407,c234,c234
13382,3,0.29782352,0.42228615,0.2798903,c234,c234
13383,5,0.35179222,0.41274533,0.23546243,c5,c234
13384,4,0.5567884,0.34550685,0.09770482,c234,c1
13385,1,0.57441247,0.28169453,0.14389305,c5,c1
13386,3,0.16164613,0.26105574,0.5772981,c5,c5
13387,1,0.62994057,0.2633366,0.10672281,c234,c1
13388,4,0.1269222,0.30674618,0.5663316,c234,c5
13389,2,0.26322457,0.482551,0.25422442,c5,c234
13390,5,0.37461486,0.39557558,0.22980957,c234,c234
13391,2,0.23428255,0.4270366,0.33868086,c1,c234
13392,3,0.5253698,0.31148037,0.1631498,c5,c1
13393,1,0.46533567,0.3230179,0.21164645,c5,c1
13394,4,0.28764352,0.4328728,0.27948368,c234,c234
13395,1,0.13867538,0.40729117,0.45403346,c1,c5
13396,1,0.4027194,0.38179937,0.21548125,c5,c1
13397,4,0.10118262,0.29453814,0.6042792,c1,c5
13398,5,0.53200877,0.32764107,0.14035016,c1,c1
13399,3,0.63224256,0.27676323,0.09099427,c5,c1
13400,5,0.2541829,0.45587635,0.28994069,c234,c234
13401,2,0.08875088,0.34204912,0.5691999,c5,c5
13402,3,0.41536802,0.31477538,0.26985654,c234,c1
13403,5,0.15797047,0.45889178,0.3831377,c234,c234
13404,3,0.09913207,0.21710908,0.68375885,c5,c5
13405,5,0.3441022,0.3909197,0.26497808,c5,c234
13406,5,0.1305084,0.31653184,0.55295974,c5,c5
13407,5,0.2953466,0.46976396,0.23488949,c1,c234
13408,4,0.19414397,0.32275733,0.48309875,c5,c5
13409,5,0.2129304,0.4491259,0.33794373,c234,c234
13410,3,0.06950249,0.25080803,0.6796894,c234,c5
13411,2,0.48871005,0.38023624,0.1310537,c1,c1
13412,1,0.11069396,0.25880465,0.6305014,c234,c5
13413,5,0.049937423,0.18775006,0.7623126,c5,c5
13414,1,0.3485001,0.37180948,0.27969036,c5,c234
13415,3,0.101533756,0.44320127,0.45526496,c234,c5
13416,3,0.5102764,0.3076901,0.18203352,c5,c1
13417,1,0.11769733,0.2331708,0.6491319,c1,c5
13418,1,0.4477253,0.43215293,0.120121785,c1,c1
13419,4,0.18726037,0.48276085,0.32997876,c234,c234
13420,3,0.2801641,0.33752754,0.38230836,c234,c5
13421,5,0.07060538,0.24161148,0.6877831,c234,c5
13422,4,0.45568666,0.29634908,0.24796434,c1,c1
13423,2,0.07306711,0.21238378,0.7145491,c5,c5
13424,3,0.14068834,0.5151194,0.3441923,c234,c234
13425,3,0.4206103,0.38969007,0.18969966,c5,c1
13426,1,0.5235117,0.29423755,0.18225077,c1,c1
13427,1,0.132376,0.3202786,0.54734534,c5,c5
13428,4,0.10950798,0.37841356,0.51207846,c1,c5
13429,5,0.21272038,0.51272476,0.27455488,c1,c234
13430,4,0.14514585,0.37309417,0.48176003,c1,c5
13431,2,0.4970138,0.38987258,0.113113664,c234,c1
13432,4,0.6186491,0.2764386,0.104912244,c234,c1
13433,1,0.26388428,0.33364207,0.4024737,c1,c5
13434,1,0.37622923,0.4998851,0.123885624,c234,c234
13435,4,0.62426704,0.23711865,0.13861433,c1,c1
13436,1,0.5530925,0.26286188,0.18404558,c5,c1
13437,1,0.23633756,0.32497317,0.4386893,c234,c5
13438,5,0.15384845,0.40573275,0.44041872,c234,c5
13439,5,0.22046106,0.2831467,0.4963923,c5,c5
13440,2,0.33591032,0.38485283,0.27923682,c234,c234
13441,3,0.3029994,0.29830185,0.39869872,c5,c5
13442,2,0.1662475,0.41652006,0.4172325,c234,c5
13443,2,0.44486994,0.27055284,0.28457722,c234,c1
13444,4,0.4626035,0.3590905,0.17830601,c5,c1
13445,3,0.13358413,0.30373102,0.56268483,c234,c5
13446,3,0.15422946,0.46348932,0.38228115,c5,c234
13447,4,0.1648324,0.2920575,0.5431101,c5,c5
13448,2,0.6682617,0.25777942,0.073958784,c1,c1
13449,3,0.1558967,0.25287548,0.5912278,c1,c5
13450,5,0.45389885,0.42091668,0.12518448,c5,c1
13451,4,0.5548017,0.33286816,0.11233019,c234,c1
13452,1,0.065912805,0.2323443,0.7017429,c5,c5
13453,1,0.28998354,0.48003182,0.22998466,c234,c234
13454,3,0.09873201,0.39519215,0.50607586,c234,c5
13455,4,0.4164374,0.40550157,0.1780611,c234,c1
13456,3,0.17997932,0.31303307,0.50698763,c234,c5
13457,5,0.30024976,0.38460588,0.31514436,c5,c234
13458,5,0.30426937,0.3686691,0.32706156,c5,c234
13459,3,0.08975512,0.2326366,0.6776083,c5,c5
13460,5,0.111350775,0.4787514,0.40989786,c234,c234
13461,1,0.07202739,0.3075712,0.62040144,c5,c5
13462,3,0.40596962,0.3827724,0.211258,c234,c1
13463,1,0.40514323,0.33999032,0.25486645,c234,c1
13464,4,0.68293834,0.25297776,0.06408393,c234,c1
13465,4,0.19229305,0.32734117,0.48036575,c5,c5
13466,3,0.104977585,0.31264094,0.5823815,c5,c5
13467,4,0.2856795,0.30392796,0.41039258,c5,c5
13468,4,0.6192578,0.28761277,0.09312945,c234,c1
13469,1,0.15311548,0.47059372,0.37629083,c234,c234
13470,1,0.61731863,0.25015107,0.13253029,c1,c1
13471,5,0.27456933,0.3852012,0.34022945,c5,c234
13472,2,0.15190871,0.44845095,0.39964032,c5,c234
13473,2,0.08501371,0.28865284,0.6263335,c5,c5
13474,1,0.44774154,0.4135376,0.13872081,c1,c1
13475,3,0.269756,0.33069354,0.39955044,c5,c5
13476,3,0.21198766,0.38386005,0.40415227,c234,c5
13477,5,0.22710532,0.4075366,0.36535808,c234,c234
13478,1,0.4923203,0.32393742,0.18374221,c5,c1
13479,1,0.18535599,0.3394684,0.47517562,c5,c5
13480,1,0.24480537,0.35603756,0.39915708,c5,c5
13481,1,0.36469048,0.38454688,0.25076264,c5,c234
13482,3,0.41752258,0.41407114,0.16840632,c234,c1
13483,2,0.06932059,0.1766278,0.75405157,c5,c5
13484,3,0.03634699,0.10176359,0.8618895,c5,c5
13485,4,0.29214293,0.38582367,0.3220334,c5,c234
13486,5,0.38595662,0.35577697,0.2582664,c5,c1
13487,1,0.6059607,0.25433472,0.13970459,c1,c1
13488,4,0.632279,0.2664512,0.10126976,c1,c1
13489,5,0.39577046,0.26946405,0.33476546,c234,c1
13490,2,0.31154543,0.38957483,0.29887977,c5,c234
13491,5,0.26058435,0.34526032,0.39415526,c1,c5
13492,3,0.4431702,0.43693906,0.11989074,c1,c1
13493,2,0.7405316,0.16923599,0.09023233,c234,c1
13494,2,0.6942763,0.2492879,0.05643583,c1,c1
13495,1,0.24774888,0.3024295,0.4498217,c5,c5
13496,3,0.31509274,0.4459278,0.2389795,c234,c234
13497,5,0.40504318,0.37735745,0.2175994,c234,c1
13498,5,0.08199933,0.3067543,0.6112464,c234,c5
13499,2,0.40759894,0.2640667,0.32833433,c234,c1
13500,1,0.74781466,0.19672918,0.055456154,c234,c1
13501,5,0.21070582,0.4128442,0.37644997,c5,c234
13502,2,0.22076268,0.46394408,0.31529322,c234,c234
13503,2,0.12884322,0.2674854,0.6036713,c5,c5
13504,4,0.46073908,0.32883352,0.21042736,c1,c1
13505,1,0.24810651,0.38908944,0.36280409,c234,c234
13506,4,0.12177459,0.21572621,0.6624992,c5,c5
13507,1,0.057432245,0.2872133,0.6553545,c5,c5
13508,4,0.13643761,0.36619726,0.49736512,c1,c5
13509,5,0.058224585,0.18818083,0.7535946,c5,c5
13510,3,0.29643288,0.3271215,0.3764456,c234,c5
13511,5,0.261857,0.37893566,0.3592073,c234,c234
13512,4,0.16127178,0.30265924,0.536069,c234,c5
13513,5,0.5006119,0.32023457,0.17915355,c1,c1
13514,3,0.21524556,0.50143933,0.2833151,c1,c234
13515,5,0.4426664,0.33942482,0.21790873,c1,c1
13516,3,0.44775656,0.39911896,0.15312456,c1,c1
13517,4,0.19106802,0.42931882,0.3796132,c234,c234
13518,2,0.32653248,0.46710142,0.20636612,c234,c234
13519,2,0.4315004,0.41486862,0.15363102,c234,c1
13520,3,0.3694397,0.3507485,0.27981183,c234,c1
13521,5,0.48310617,0.3250556,0.19183823,c5,c1
13522,4,0.52414066,0.3766038,0.09925552,c1,c1
13523,4,0.098080054,0.2796088,0.6223112,c1,c5
13524,1,0.3835483,0.46753004,0.1489217,c1,c234
13525,1,0.29959485,0.2886896,0.4117155,c234,c5
13526,5,0.55955946,0.3206618,0.11977871,c234,c1
13527,2,0.118092835,0.27659252,0.6053147,c5,c5
13528,1,0.37609595,0.4121917,0.21171239,c5,c234
13529,4,0.10791746,0.29543436,0.59664816,c5,c5
13530,3,0.17637298,0.2370752,0.58655185,c5,c5
13531,2,0.6010507,0.3129077,0.08604166,c234,c1
13532,2,0.47746634,0.3342267,0.18830703,c5,c1
13533,4,0.41269413,0.4015624,0.18574353,c234,c1
13534,5,0.13066237,0.45561132,0.41372624,c5,c234
13535,3,0.15101814,0.41677094,0.43221092,c5,c5
13536,1,0.60236394,0.25970677,0.13792923,c5,c1
13537,2,0.37855488,0.42510143,0.19634373,c1,c234
13538,5,0.114929125,0.28640348,0.5986674,c5,c5
13539,5,0.116952546,0.4928697,0.39017773,c5,c234
13540,1,0.3069896,0.4468036,0.2462068,c5,c234
13541,5,0.14378415,0.4826302,0.37358564,c5,c234
13542,5,0.044484988,0.21981978,0.7356951,c5,c5
13543,5,0.05629375,0.24232998,0.70137626,c1,c5
13544,4,0.41269413,0.4015624,0.18574353,c234,c1
13545,4,0.2892881,0.40308568,0.30762622,c234,c234
13546,3,0.4387624,0.39445803,0.16677955,c234,c1
13547,1,0.05741213,0.29256114,0.65002674,c5,c5
13548,1,0.24593861,0.35222358,0.40183786,c1,c5
13549,1,0.4459446,0.34800923,0.20604613,c5,c1
13550,5,0.110085085,0.24926443,0.64065045,c5,c5
13551,3,0.08291271,0.32299978,0.59408754,c5,c5
13552,3,0.1906378,0.32881007,0.48055217,c234,c5
13553,2,0.35863358,0.45662525,0.18474118,c5,c234
13554,3,0.16811144,0.2781094,0.55377907,c5,c5
13555,2,0.35592505,0.3355771,0.30849785,c5,c1
13556,4,0.41269413,0.4015624,0.18574353,c234,c1
13557,3,0.39662665,0.46756864,0.13580473,c234,c234
13558,5,0.07387555,0.27088606,0.6552384,c5,c5
13559,2,0.18974079,0.4193172,0.390942,c234,c234
13560,2,0.21307807,0.3435875,0.44333452,c234,c5
13561,2,0.2329465,0.4881765,0.27887702,c234,c234
13562,3,0.1793991,0.33222875,0.48837215,c234,c5
13563,1,0.15088347,0.52740705,0.32170948,c234,c234
13564,5,0.4762623,0.40518656,0.11855107,c1,c1
13565,2,0.66216326,0.2599407,0.077896066,c1,c1
13566,2,0.58322257,0.32063466,0.0961428,c1,c1
13567,1,0.12230294,0.4588699,0.41882712,c5,c234
13568,3,0.3921818,0.39369273,0.21412542,c234,c234
13569,3,0.43448582,0.4269151,0.13859905,c234,c1
13570,4,0.2715202,0.3069131,0.4215667,c234,c5
13571,3,0.32255688,0.35427967,0.32316345,c1,c234
13572,3,0.6543802,0.23185007,0.11376976,c1,c1
13573,4,0.18293019,0.2910931,0.5259767,c234,c5
13574,4,0.28198284,0.3513405,0.36667666,c5,c5
13575,3,0.67046124,0.21803918,0.111499555,c1,c1
13576,4,0.12934127,0.32823467,0.5424241,c234,c5
13577,2,0.5367863,0.35053226,0.11268147,c234,c1
13578,2,0.12445163,0.39473474,0.48081356,c234,c5
13579,4,0.27948818,0.46469572,0.25581613,c1,c234
13580,2,0.2444987,0.46687457,0.28862667,c234,c234
13581,3,0.26055244,0.38913536,0.35031217,c1,c234
13582,4,0.09436202,0.26016054,0.6454774,c234,c5
13583,2,0.12902829,0.42586547,0.4451062,c5,c5
13584,4,0.17826968,0.30285853,0.51887184,c1,c5
13585,2,0.29647255,0.4776524,0.22587503,c234,c234
13586,4,0.3450759,0.43200397,0.22292016,c5,c234
13587,1,0.2884412,0.3404689,0.3710899,c5,c5
13588,3,0.45812762,0.31941494,0.22245741,c234,c1
13589,5,0.13267401,0.5267896,0.3405364,c234,c234
13590,5,0.11020399,0.30584705,0.58394897,c5,c5
13591,2,0.6313841,0.2835836,0.08503233,c234,c1
13592,5,0.093820915,0.28201878,0.62416035,c5,c5
13593,5,0.66461897,0.2632481,0.07213294,c234,c1
13594,5,0.4510664,0.2731518,0.27578187,c5,c1
13595,3,0.34048533,0.29246166,0.36705303,c5,c5
13596,5,0.1332985,0.23232049,0.634381,c5,c5
13597,4,0.094246395,0.33848408,0.5672695,c5,c5
13598,3,0.23786816,0.29754424,0.46458763,c1,c5
13599,1,0.27318588,0.41599974,0.3108144,c234,c234
13600,3,0.13632767,0.2925071,0.57116514,c1,c5
13601,2,0.24422635,0.25855342,0.4972202,c5,c5
13602,2,0.19194171,0.45764244,0.3504158,c5,c234
13603,3,0.42960724,0.44432786,0.12606494,c1,c234
13604,1,0.7862125,0.15864058,0.055146903,c1,c1
13605,2,0.6209104,0.24309267,0.13599692,c234,c1
13606,4,0.45790234,0.28971344,0.25238428,c234,c1
13607,4,0.14057873,0.41754434,0.44187692,c1,c5
13608,5,0.09581011,0.2510432,0.6531467,c5,c5
13609,3,0.13632767,0.2925071,0.57116514,c1,c5
13610,4,0.17862834,0.37361372,0.4477579,c234,c5
13611,3,0.3946205,0.4066799,0.19869958,c234,c234
13612,1,0.07028639,0.35624728,0.57346636,c5,c5
13613,4,0.055539135,0.2848189,0.659642,c5,c5
13614,3,0.31762442,0.31708208,0.3652935,c1,c5
13615,3,0.25816888,0.30566293,0.43616822,c234,c5
13616,3,0.33921787,0.45864582,0.20213632,c234,c234
13617,5,0.0349575,0.14974996,0.8152926,c5,c5
13618,3,0.6011052,0.26024196,0.13865282,c234,c1
13619,3,0.37279367,0.400169,0.22703731,c5,c234
13620,5,0.45505187,0.4311501,0.11379801,c234,c1
13621,3,0.47881362,0.37390321,0.14728306,c1,c1
13622,3,0.2881799,0.35678983,0.35503027,c5,c234
13623,1,0.4832852,0.37277067,0.14394413,c234,c1
13624,4,0.37188423,0.40689227,0.22122349,c1,c234
13625,1,0.08465583,0.29468542,0.62065876,c234,c5
13626,1,0.058049142,0.17431054,0.7676403,c5,c5
13627,4,0.17447741,0.32114822,0.5043743,c5,c5
13628,3,0.25648648,0.32295537,0.42055812,c5,c5
13629,3,0.59482133,0.31931904,0.08585967,c234,c1
13630,3,0.09912739,0.27037874,0.6304939,c5,c5
13631,1,0.6192257,0.28488114,0.095893234,c5,c1
13632,4,0.6836755,0.25179434,0.064530104,c234,c1
13633,2,0.12346045,0.41603303,0.46050656,c1,c5
13634,4,0.18745765,0.28086677,0.5316756,c1,c5
13635,1,0.33598816,0.31870967,0.3453021,c1,c5
13636,5,0.16183797,0.42337805,0.41478392,c234,c234
13637,2,0.09414577,0.3266015,0.5792527,c5,c5
13638,4,0.10774773,0.3993552,0.49289712,c234,c5
13639,3,0.11968517,0.3966709,0.483644,c5,c5
13640,4,0.34466547,0.3690731,0.2862614,c5,c234
13641,5,0.3385292,0.4182319,0.24323885,c234,c234
13642,3,0.7177547,0.2028478,0.07939757,c1,c1
13643,3,0.4655724,0.32324138,0.21118622,c5,c1
13644,2,0.126181,0.23113881,0.6426801,c1,c5
13645,2,0.46941766,0.4161349,0.11444747,c1,c1
13646,2,0.15204976,0.33105484,0.5168954,c1,c5
13647,3,0.13589242,0.31657705,0.54753053,c234,c5
13648,5,0.14191371,0.55015475,0.3079315,c234,c234
13649,1,0.563662,0.33011833,0.10621969,c1,c1
13650,5,0.41185102,0.25243652,0.33571243,c5,c1
13651,2,0.22565229,0.4028092,0.3715385,c5,c234
13652,2,0.23676307,0.498786,0.26445094,c1,c234
13653,5,0.40999678,0.3436541,0.24634917,c1,c1
13654,2,0.19096294,0.3243634,0.48467368,c5,c5
13655,4,0.10999279,0.43164447,0.45836273,c234,c5
13656,4,0.65691733,0.25853932,0.08454341,c1,c1
13657,5,0.21713679,0.52126575,0.26159745,c234,c234
13658,2,0.37196803,0.4379913,0.19004068,c5,c234
13659,2,0.21643023,0.50902283,0.27454692,c5,c234
13660,4,0.14619705,0.35849974,0.4953032,c5,c5
13661,3,0.6023799,0.30066693,0.096953176,c1,c1
13662,2,0.22908342,0.4522622,0.31865442,c234,c234
13663,2,0.19202842,0.27477854,0.53319305,c5,c5
13664,3,0.25174034,0.40017384,0.34808582,c5,c234
13665,1,0.08220365,0.50012785,0.4176685,c234,c234
13666,5,0.54111415,0.3184154,0.14047047,c1,c1
13667,1,0.11655305,0.32386258,0.5595843,c5,c5
13668,5,0.10941429,0.23682648,0.6537592,c5,c5
13669,5,0.09529889,0.32603303,0.5786681,c234,c5
13670,1,0.6254621,0.21907596,0.15546195,c1,c1
13671,4,0.33210218,0.36472064,0.30317715,c234,c234
13672,1,0.1887965,0.42702043,0.384183,c1,c234
13673,1,0.762502,0.18788843,0.04960955,c5,c1
13674,3,0.10683916,0.22120558,0.6719552,c234,c5
13675,4,0.12084234,0.35552242,0.5236352,c5,c5
13676,5,0.3274762,0.29899055,0.3735333,c5,c5
13677,5,0.68787163,0.24368648,0.06844189,c1,c1
13678,5,0.3931576,0.46110898,0.1457334,c5,c234
13679,5,0.3785737,0.43456703,0.18685931,c234,c234
13680,5,0.52987486,0.3442074,0.12591778,c234,c1
13681,4,0.50289893,0.3043959,0.19270507,c5,c1
13682,3,0.08867007,0.28000987,0.6313201,c1,c5
13683,4,0.23428386,0.41077965,0.35493648,c234,c234
13684,3,0.497445,0.37297863,0.12957634,c1,c1
13685,2,0.28693423,0.37723696,0.33582884,c1,c234
13686,2,0.58621687,0.31344432,0.10033886,c1,c1
13687,1,0.08651631,0.26825145,0.64523226,c234,c5
13688,3,0.24449016,0.52753645,0.22797334,c1,c234
13689,1,0.68938,0.22369966,0.08692032,c234,c1
13690,1,0.10429755,0.27160263,0.6240998,c5,c5
13691,3,0.21918935,0.30763477,0.47317588,c234,c5
13692,4,0.15630557,0.48239627,0.3612981,c234,c234
13693,1,0.03951867,0.21700017,0.7434812,c5,c5
13694,1,0.11374454,0.38291854,0.5033369,c234,c5
13695,4,0.16345268,0.38886133,0.44768593,c234,c5
13696,5,0.42075512,0.41911477,0.1601301,c5,c1
13697,4,0.13286996,0.33904693,0.52808315,c5,c5
13698,5,0.49607274,0.2630445,0.2408828,c1,c1
13699,5,0.2791129,0.45653552,0.26435152,c1,c234
13700,5,0.15761237,0.28876334,0.5536243,c5,c5
13701,3,0.18040574,0.42284897,0.39674526,c5,c234
13702,4,0.6836911,0.23915005,0.0771588,c1,c1
13703,4,0.21656027,0.40925708,0.3741826,c1,c234
13704,4,0.51926714,0.35285807,0.12787476,c234,c1
13705,2,0.25367737,0.30316535,0.44315723,c5,c5
13706,3,0.42767334,0.4085872,0.16373949,c234,c1
13707,1,0.32612178,0.34738797,0.32649022,c5,c234
13708,2,0.58621687,0.31344432,0.10033886,c1,c1
13709,2,0.11959306,0.42763272,0.45277423,c5,c5
13710,2,0.3486434,0.36934376,0.2820128,c1,c234
13711,4,0.11631175,0.27752277,0.60616547,c5,c5
13712,5,0.08290797,0.3443999,0.57269216,c5,c5
13713,5,0.06530499,0.29605436,0.63864064,c234,c5
13714,2,0.24843122,0.49860853,0.25296026,c234,c234
13715,1,0.3914069,0.42336679,0.18522638,c1,c234
13716,1,0.09261713,0.3098963,0.5974866,c5,c5
13717,4,0.41269413,0.4015624,0.18574353,c5,c1
13718,5,0.10409157,0.38778713,0.5081213,c1,c5
13719,2,0.54240423,0.38237515,0.07522063,c1,c1
13720,3,0.08893464,0.24552646,0.6655389,c5,c5
13721,1,0.33014107,0.5011364,0.1687225,c1,c234
13722,5,0.18439804,0.3991405,0.4164615,c5,c5
13723,1,0.17294964,0.4377778,0.38927257,c5,c234
13724,2,0.40759715,0.41563627,0.17676657,c1,c234
13725,4,0.41730407,0.3049151,0.27778092,c1,c1
13726,1,0.22889319,0.45459765,0.31650916,c5,c234
13727,1,0.08687002,0.3573514,0.55577856,c5,c5
13728,1,0.346019,0.31486169,0.33911934,c234,c1
13729,4,0.41269413,0.4015624,0.18574353,c5,c1
13730,5,0.27733928,0.36869532,0.35396537,c1,c234
13731,1,0.4205394,0.46663257,0.112827994,c5,c234
13732,2,0.172051,0.22005658,0.60789245,c5,c5
13733,1,0.5325708,0.30861184,0.15881735,c1,c1
13734,4,0.6272531,0.26127064,0.1114762,c234,c1
13735,1,0.21743655,0.3610835,0.42147997,c5,c5
13736,2,0.5015711,0.4031221,0.09530676,c1,c1
13737,5,0.19398373,0.33114767,0.47486854,c5,c5
13738,5,0.03901118,0.16353299,0.7974558,c234,c5
13739,4,0.1598015,0.34725365,0.49294484,c234,c5
13740,3,0.19908535,0.3383663,0.46254838,c5,c5
13741,3,0.16664246,0.47079593,0.36256158,c234,c234
13742,5,0.46227792,0.39367345,0.14404859,c1,c1
13743,2,0.074423335,0.31119928,0.6143774,c5,c5
13744,3,0.20707919,0.34358996,0.44933087,c234,c5
13745,5,0.5720806,0.28731364,0.1406057,c1,c1
13746,5,0.2175989,0.46031964,0.32208145,c1,c234
13747,1,0.049653333,0.29051843,0.65982825,c5,c5
13748,2,0.24218085,0.29106027,0.46675885,c234,c5
13749,5,0.37243462,0.4065008,0.2210646,c5,c234
13750,3,0.40424442,0.28990734,0.30584824,c234,c1
13751,4,0.68293834,0.25297776,0.06408393,c1,c1
13752,3,0.2351198,0.37737513,0.38750508,c234,c5
13753,4,0.038120486,0.19844899,0.76343054,c5,c5
13754,5,0.66743743,0.26131642,0.07124616,c1,c1
13755,5,0.08346528,0.2885618,0.62797296,c5,c5
13756,2,0.34196064,0.32661998,0.3314194,c1,c1
13757,2,0.5692542,0.22472645,0.20601928,c234,c1
13758,3,0.14655921,0.3153827,0.5380581,c234,c5
13759,3,0.61125517,0.30430645,0.084438406,c234,c1
13760,3,0.16019228,0.20824265,0.6315651,c5,c5
13761,3,0.23083897,0.24551693,0.52364403,c234,c5
13762,3,0.20254442,0.3869038,0.41055185,c234,c5
13763,4,0.34831828,0.4219767,0.22970499,c1,c234
13764,3,0.3901006,0.34037647,0.269523,c1,c1
13765,3,0.5622785,0.32940853,0.108312935,c1,c1
13766,1,0.12986206,0.3790855,0.49105242,c1,c5
13767,1,0.62474096,0.2950527,0.08020635,c5,c1
13768,1,0.40064472,0.40447766,0.19487765,c5,c234
13769,1,0.1935387,0.25673378,0.54972756,c234,c5
13770,4,0.17826968,0.30285853,0.51887184,c234,c5
13771,2,0.61961687,0.29424462,0.08613853,c234,c1
13772,5,0.11342649,0.27369502,0.6128785,c234,c5
13773,1,0.102839135,0.44562355,0.45153737,c234,c5
13774,1,0.14177568,0.4975108,0.3607135,c5,c234
13775,2,0.6815948,0.23818406,0.08022113,c1,c1
13776,3,0.0814185,0.35809693,0.5604846,c234,c5
13777,5,0.15935025,0.28310323,0.55754656,c234,c5
13778,2,0.11518267,0.308659,0.57615834,c1,c5
13779,2,0.40868348,0.41435987,0.17695664,c5,c234
13780,1,0.15921035,0.404084,0.43670568,c1,c5
13781,5,0.66743743,0.26131642,0.07124616,c234,c1
13782,2,0.6033868,0.27044487,0.12616834,c5,c1
13783,1,0.07605857,0.40518966,0.5187518,c234,c5
13784,4,0.689834,0.22029589,0.08987008,c1,c1
13785,1,0.18327393,0.282246,0.5344801,c234,c5
13786,3,0.42062077,0.3820457,0.1973336,c1,c1
13787,5,0.09880269,0.35200053,0.5491968,c234,c5
13788,3,0.2935782,0.36371747,0.34270433,c1,c234
13789,3,0.54049855,0.27371076,0.18579072,c5,c1
13790,2,0.20803833,0.4210706,0.3708911,c234,c234
13791,4,0.44840857,0.30359367,0.24799773,c5,c1
13792,3,0.37595475,0.4419567,0.18208857,c234,c234
13793,4,0.34700888,0.486799,0.16619208,c234,c234
13794,3,0.10813035,0.3010093,0.5908603,c5,c5
13795,2,0.24187677,0.44629365,0.31182954,c1,c234
13796,5,0.35607263,0.41720676,0.22672065,c1,c234
13797,5,0.43936235,0.40278798,0.15784962,c5,c1
13798,4,0.29872173,0.46342525,0.23785304,c1,c234
13799,2,0.13578184,0.27670822,0.58750993,c5,c5
13800,1,0.180072,0.41254124,0.40738675,c5,c234
13801,2,0.31864858,0.4611615,0.22018994,c234,c234
13802,5,0.48831424,0.3805782,0.13110752,c234,c1
13803,5,0.60405725,0.25633657,0.13960615,c1,c1
13804,4,0.12440343,0.27802998,0.5975666,c1,c5
13805,4,0.27004746,0.47559977,0.25435278,c234,c234
13806,4,0.6075059,0.30741832,0.08507571,c1,c1
13807,5,0.19177285,0.27326795,0.53495914,c5,c5
13808,1,0.63346016,0.3030484,0.06349138,c1,c1
13809,1,0.48654157,0.32620028,0.18725818,c1,c1
13810,3,0.07125909,0.22365867,0.70508224,c5,c5
13811,5,0.46707967,0.36867946,0.16424082,c234,c1
13812,5,0.5486152,0.28913522,0.16224957,c234,c1
13813,3,0.72188765,0.17441882,0.103693545,c1,c1
13814,5,0.19772086,0.4127905,0.38948867,c5,c234
13815,2,0.50300246,0.31235945,0.18463813,c5,c1
13816,4,0.41269413,0.4015624,0.18574353,c5,c1
13817,4,0.2390116,0.34912094,0.41186744,c5,c5
13818,5,0.39174488,0.30275625,0.30549884,c1,c1
13819,5,0.4965374,0.36154917,0.14191346,c234,c1
13820,4,0.042891115,0.15724148,0.79986733,c5,c5
13821,2,0.15740517,0.2543269,0.5882679,c1,c5
13822,2,0.33769011,0.45246056,0.2098494,c234,c234
13823,2,0.7012609,0.23170342,0.0670356,c5,c1
13824,1,0.14682694,0.47663206,0.37654105,c234,c234
13825,3,0.16227318,0.5401884,0.29753846,c234,c234
13826,2,0.8143438,0.13339312,0.05226301,c234,c1
13827,5,0.1187712,0.46586606,0.4153627,c1,c234
13828,4,0.06267778,0.22280955,0.71451265,c5,c5
13829,1,0.12961024,0.2990807,0.57130903,c1,c5
13830,3,0.2090157,0.44901568,0.34196863,c1,c234
13831,4,0.6914265,0.23234929,0.07622418,c1,c1
13832,3,0.6292782,0.22941676,0.14130506,c234,c1
13833,4,0.23375514,0.31451353,0.45173135,c5,c5
13834,4,0.19211504,0.4524982,0.35538676,c1,c234
13835,3,0.30890122,0.42805615,0.26304257,c5,c234
13836,5,0.47647408,0.2636162,0.2599097,c5,c1
13837,3,0.122338004,0.40270087,0.47496116,c5,c5
13838,3,0.42892045,0.3992126,0.17186697,c5,c1
13839,4,0.68293834,0.25297776,0.06408393,c1,c1
13840,2,0.13485101,0.2578306,0.60731846,c5,c5
13841,4,0.21826851,0.37474787,0.4069836,c1,c5
13842,5,0.5526,0.31309897,0.13430102,c1,c1
13843,5,0.5218558,0.36311528,0.115028985,c5,c1
13844,1,0.119948775,0.40262362,0.47742754,c5,c5
13845,5,0.25026047,0.3358181,0.4139214,c234,c5
13846,1,0.46748385,0.3400982,0.1924179,c1,c1
13847,1,0.11906901,0.25154656,0.62938446,c234,c5
13848,3,0.37269562,0.28995907,0.33734527,c5,c1
13849,5,0.12192076,0.30823472,0.5698445,c234,c5
13850,4,0.22938073,0.27815536,0.49246395,c5,c5
13851,1,0.5350999,0.30807072,0.15682939,c234,c1
13852,4,0.68293834,0.25297776,0.06408393,c5,c1
13853,5,0.3102576,0.40644678,0.28329566,c1,c234
13854,1,0.5445721,0.3267107,0.12871717,c234,c1
13855,2,0.22971007,0.33095792,0.439332,c234,c5
13856,3,0.25400183,0.38751933,0.35847884,c1,c234
13857,5,0.63008887,0.22134405,0.1485671,c1,c1
13858,1,0.5574253,0.33577177,0.10680287,c1,c1
13859,3,0.6145127,0.2706984,0.114788935,c234,c1
13860,3,0.37967232,0.42177504,0.19855262,c5,c234
13861,5,0.14766295,0.30956456,0.5427725,c234,c5
13862,5,0.21778932,0.43482098,0.34738967,c5,c234
13863,1,0.09603452,0.42475992,0.47920555,c5,c5
13864,1,0.75990343,0.18658642,0.053510133,c1,c1
13865,2,0.32207036,0.35509598,0.32283363,c5,c234
13866,3,0.37249443,0.43395114,0.19355446,c5,c234
13867,5,0.080034405,0.2531099,0.66685575,c5,c5
13868,4,0.45529157,0.39172006,0.15298836,c5,c1
13869,2,0.08089314,0.3207989,0.5983079,c5,c5
13870,2,0.20884162,0.52940404,0.2617543,c5,c234
13871,3,0.35118583,0.421059,0.22775513,c234,c234
13872,1,0.3245406,0.4144608,0.2609986,c1,c234
13873,3,0.15224048,0.2681379,0.57962155,c234,c5
13874,2,0.37612987,0.47223347,0.15163665,c1,c234
13875,1,0.39276883,0.34581426,0.26141694,c5,c1
13876,3,0.7139716,0.19034186,0.09568654,c1,c1
13877,3,0.08374199,0.32408705,0.5921709,c5,c5
13878,1,0.101862565,0.3041797,0.59395766,c234,c5
13879,4,0.41269413,0.4015624,0.18574353,c1,c1
13880,4,0.2255493,0.4556221,0.31882867,c5,c234
13881,4,0.51226056,0.357681,0.13005842,c5,c1
13882,2,0.1522797,0.34400648,0.5037137,c5,c5
13883,3,0.043011546,0.14937328,0.8076152,c5,c5
13884,2,0.46265796,0.39222157,0.14512049,c234,c1
13885,3,0.35721973,0.40688846,0.23589177,c234,c234
13886,2,0.60570407,0.30509743,0.08919851,c1,c1
13887,4,0.11952445,0.35336635,0.5271092,c5,c5
13888,1,0.064979054,0.19932063,0.7357003,c5,c5
13889,2,0.10641865,0.20873308,0.68484825,c5,c5
13890,3,0.07244965,0.3137863,0.61376405,c5,c5
13891,3,0.15811783,0.3836824,0.45819977,c234,c5
13892,4,0.26680228,0.41026595,0.32293174,c234,c234
13893,5,0.32680976,0.47362268,0.19956763,c5,c234
13894,5,0.2784606,0.37760246,0.3439369,c1,c234
13895,4,0.49548814,0.34525257,0.1592593,c1,c1
13896,1,0.15113816,0.455977,0.39288485,c1,c234
13897,5,0.06304281,0.2889562,0.648001,c5,c5
13898,2,0.39448902,0.31621757,0.28929335,c5,c1
13899,3,0.1609786,0.40927073,0.4297506,c234,c5
13900,3,0.13593471,0.3200957,0.54396963,c234,c5
13901,3,0.30288085,0.33012128,0.3669979,c234,c5
13902,2,0.25933334,0.2640289,0.4766378,c234,c5
13903,3,0.40243208,0.34945503,0.24811286,c1,c1
13904,2,0.21515717,0.3224081,0.46243474,c234,c5
13905,5,0.29537585,0.4223549,0.28226924,c234,c234
13906,5,0.58410746,0.25837478,0.15751775,c1,c1
13907,2,0.5648678,0.34527573,0.0898564,c1,c1
13908,3,0.11402775,0.3872607,0.49871153,c5,c5
13909,1,0.35636893,0.3131776,0.33045354,c234,c1
13910,5,0.16369618,0.4012146,0.43508926,c5,c5
13911,2,0.5831953,0.30871353,0.1080912,c234,c1
13912,1,0.68979555,0.2282214,0.08198304,c234,c1
13913,3,0.06626379,0.32259804,0.6111382,c5,c5
13914,3,0.67178404,0.1999411,0.12827484,c5,c1
13915,4,0.66268116,0.23953892,0.097779974,c1,c1
13916,5,0.049622856,0.15728778,0.7930894,c5,c5
13917,1,0.67723095,0.21435249,0.108416595,c234,c1
13918,2,0.8193229,0.12546332,0.055213783,c1,c1
13919,4,0.13041194,0.51152545,0.35806262,c234,c234
13920,1,0.17548078,0.36444092,0.46007833,c5,c5
13921,5,0.4530735,0.3070049,0.2399216,c1,c1
13922,1,0.16115385,0.2899301,0.548916,c5,c5
13923,1,0.15643275,0.321803,0.5217643,c5,c5
13924,2,0.2962814,0.3031502,0.40056837,c1,c5
13925,3,0.19781423,0.52590024,0.2762855,c5,c234
13926,4,0.17125912,0.3496039,0.47913688,c5,c5
13927,1,0.0666638,0.35066047,0.58267576,c5,c5
13928,2,0.12137635,0.29474282,0.58388084,c1,c5
13929,3,0.08850685,0.20367904,0.70781404,c5,c5
13930,4,0.39621344,0.33147332,0.27231327,c234,c1
13931,4,0.4911145,0.32442614,0.18445937,c1,c1
13932,3,0.40147346,0.36834532,0.23018125,c1,c1
13933,1,0.13930511,0.30105606,0.5596388,c234,c5
13934,4,0.11488907,0.25486147,0.6302494,c234,c5
13935,2,0.17986572,0.4079147,0.41221955,c234,c5
13936,1,0.06850261,0.3021739,0.6293235,c5,c5
13937,1,0.7378753,0.18077998,0.081344776,c5,c1
13938,4,0.41269413,0.4015624,0.18574353,c234,c1
13939,3,0.19001935,0.34424865,0.46573198,c5,c5
13940,3,0.1425875,0.28009441,0.5773181,c1,c5
13941,4,0.17726775,0.35717392,0.46555835,c234,c5
13942,5,0.1986442,0.49104935,0.31030646,c1,c234
13943,2,0.42267427,0.40386054,0.17346516,c234,c1
13944,2,0.06999717,0.3619555,0.5680474,c5,c5
13945,2,0.23517966,0.24317881,0.5216415,c5,c5
13946,1,0.58959466,0.3069437,0.103461646,c1,c1
13947,5,0.52856517,0.38425964,0.08717521,c1,c1
13948,1,0.4864013,0.32803264,0.18556607,c5,c1
13949,2,0.6476494,0.24932563,0.10302489,c1,c1
13950,2,0.54337394,0.33104464,0.12558138,c5,c1
13951,1,0.42757118,0.3164279,0.256001,c1,c1
13952,1,0.07623951,0.30475253,0.619008,c5,c5
13953,2,0.10422215,0.39294633,0.5028315,c5,c5
13954,5,0.14309339,0.35624078,0.50066584,c234,c5
13955,3,0.49750984,0.2557837,0.24670649,c5,c1
13956,2,0.45638773,0.36765915,0.17595313,c1,c1
13957,4,0.27170172,0.4298013,0.29849702,c1,c234
13958,3,0.5887465,0.26935044,0.14190307,c1,c1
13959,5,0.5977364,0.28890535,0.11335815,c1,c1
13960,3,0.7025649,0.20859244,0.08884263,c1,c1
13961,4,0.35274616,0.43412358,0.21313025,c5,c234
13962,1,0.5068138,0.31466866,0.17851752,c1,c1
13963,3,0.36727792,0.4527118,0.18001036,c1,c234
13964,2,0.589002,0.31739387,0.093604095,c5,c1
13965,2,0.14323641,0.33486912,0.52189445,c1,c5
13966,1,0.07964867,0.2914139,0.6289374,c5,c5
13967,2,0.06932059,0.1766278,0.75405157,c5,c5
13968,3,0.2859167,0.4390485,0.27503476,c234,c234
13969,3,0.5838848,0.32005107,0.09606414,c234,c1
13970,3,0.4524002,0.37734908,0.17025073,c234,c1
13971,4,0.09527813,0.23817341,0.66654843,c5,c5
13972,5,0.5319418,0.22028944,0.24776879,c5,c1
13973,5,0.39959,0.27193183,0.3284782,c1,c1
13974,2,0.081808195,0.30328718,0.61490464,c234,c5
13975,5,0.35853544,0.36400378,0.27746084,c234,c234
13976,4,0.16256447,0.30958715,0.52784836,c234,c5
13977,4,0.68293834,0.25297776,0.06408393,c1,c1
13978,5,0.25638834,0.41468874,0.32892293,c1,c234
13979,5,0.26681072,0.30786672,0.42532265,c1,c5
13980,5,0.24764372,0.32976097,0.4225953,c234,c5
13981,5,0.1335083,0.32089588,0.5455958,c234,c5
13982,4,0.37489578,0.32114276,0.30396143,c1,c1
13983,5,0.30083293,0.39430463,0.3048624,c234,c234
13984,3,0.44320562,0.39303008,0.16376433,c5,c1
13985,3,0.3137906,0.37671754,0.3094919,c234,c234
13986,1,0.30386537,0.3109622,0.38517243,c234,c5
13987,2,0.6226555,0.24353793,0.13380663,c234,c1
13988,2,0.68722194,0.24519737,0.067580625,c5,c1
13989,3,0.07262908,0.33014292,0.59722805,c5,c5
13990,2,0.2343598,0.24765417,0.51798606,c1,c5
13991,1,0.08359123,0.2633921,0.6530167,c234,c5
13992,3,0.09042475,0.30830216,0.60127306,c5,c5
13993,4,0.07249272,0.3480457,0.5794616,c1,c5
13994,5,0.20603037,0.2996078,0.49436188,c234,c5
13995,1,0.06939104,0.18385611,0.74675286,c5,c5
13996,2,0.2883085,0.38162047,0.33007106,c234,c234
13997,4,0.6066386,0.30519533,0.08816607,c234,c1
13998,1,0.16008861,0.5011175,0.33879384,c1,c234
13999,2,0.35967392,0.35567892,0.2846471,c5,c1
14000,1,0.1979302,0.38681957,0.4152502,c5,c5
14001,3,0.13626716,0.36431387,0.499419,c5,c5
14002,4,0.5406996,0.29511937,0.16418098,c1,c1
14003,4,0.41269413,0.4015624,0.18574353,c234,c1
14004,2,0.17148821,0.40116307,0.42734873,c234,c5
14005,1,0.18031865,0.4486965,0.37098485,c234,c234
14006,3,0.21548869,0.41678748,0.36772385,c5,c234
14007,3,0.4350286,0.39667872,0.1682927,c234,c1
14008,3,0.36923015,0.2851623,0.34560752,c234,c1
14009,5,0.44465068,0.416387,0.13896234,c1,c1
14010,1,0.058015503,0.25962687,0.68235767,c234,c5
14011,4,0.39069888,0.40626255,0.2030386,c1,c234
14012,4,0.2651928,0.41970983,0.3150973,c5,c234
14013,1,0.21230152,0.36579567,0.42190284,c5,c5
14014,4,0.15031849,0.3288472,0.5208343,c234,c5
14015,2,0.31704488,0.38346925,0.29948583,c234,c234
14016,3,0.58038014,0.33465,0.084969856,c1,c1
14017,5,0.06720148,0.3118004,0.6209981,c234,c5
14018,1,0.4604173,0.41686735,0.12271537,c234,c1
14019,3,0.5198099,0.29247814,0.18771194,c1,c1
14020,4,0.296924,0.4487932,0.25428277,c234,c234
14021,1,0.57032865,0.34901816,0.08065317,c1,c1
14022,3,0.17196722,0.3433781,0.4846547,c5,c5
14023,3,0.33796135,0.4108565,0.2511822,c5,c234
14024,4,0.093648,0.21404372,0.69230825,c1,c5
14025,5,0.07276349,0.16419539,0.76304114,c5,c5
14026,5,0.52177554,0.3017364,0.17648803,c234,c1
14027,2,0.20117852,0.39794806,0.40087342,c5,c5
14028,4,0.13464355,0.20455642,0.66080004,c5,c5
14029,4,0.43894425,0.41986734,0.14118838,c234,c1
14030,3,0.13634491,0.3981071,0.465548,c234,c5
14031,3,0.5740131,0.2975942,0.12839273,c1,c1
14032,3,0.47518975,0.39346552,0.13134475,c234,c1
14033,1,0.045541227,0.23226765,0.7221911,c234,c5
14034,3,0.13146509,0.39856568,0.46996918,c1,c5
14035,3,0.16658187,0.28293324,0.55048484,c1,c5
14036,3,0.13084044,0.30907926,0.5600803,c1,c5
14037,3,0.061092284,0.27306235,0.6658454,c5,c5
14038,2,0.18144487,0.3939967,0.42455837,c234,c5
14039,3,0.47218138,0.2618798,0.26593888,c5,c1
14040,3,0.22113098,0.369557,0.40931204,c5,c5
14041,5,0.47647408,0.2636162,0.2599097,c1,c1
14042,4,0.354808,0.41387683,0.23131523,c1,c234
14043,4,0.06082016,0.21540257,0.7237773,c5,c5
14044,1,0.23888254,0.30396366,0.4571537,c234,c5
14045,4,0.077694535,0.22404948,0.69825596,c1,c5
14046,3,0.13133709,0.49204394,0.376619,c5,c234
14047,1,0.06005064,0.27319965,0.6667497,c234,c5
14048,5,0.23623583,0.53269064,0.2310735,c1,c234
14049,2,0.33930075,0.42211524,0.23858404,c234,c234
14050,3,0.13088529,0.36860356,0.50051117,c5,c5
14051,1,0.41116068,0.32847682,0.2603625,c234,c1
14052,5,0.20884,0.4926124,0.29854754,c1,c234
14053,4,0.5276762,0.34911343,0.12321035,c1,c1
14054,4,0.45949516,0.32535395,0.21515083,c5,c1
14055,5,0.30347115,0.48123038,0.21529838,c1,c234
14056,5,0.14643776,0.41573894,0.43782327,c5,c5
14057,5,0.43835187,0.37316144,0.18848675,c234,c1
14058,1,0.6275975,0.28339016,0.08901226,c1,c1
14059,5,0.08938916,0.49808607,0.41252482,c234,c234
14060,5,0.59701705,0.3055226,0.09746035,c1,c1
14061,4,0.14118832,0.27673715,0.5820745,c234,c5
14062,3,0.30589128,0.45456815,0.23954059,c5,c234
14063,5,0.4735999,0.33293456,0.1934655,c1,c1
14064,2,0.099912584,0.24250308,0.6575843,c5,c5
14065,1,0.21201703,0.5682187,0.21976422,c234,c234
14066,4,0.42756456,0.402445,0.16999042,c1,c1
14067,5,0.47647408,0.2636162,0.2599097,c1,c1
14068,2,0.34125492,0.38648602,0.27225903,c234,c234
14069,5,0.3654694,0.47179928,0.16273132,c1,c234
14070,4,0.48281315,0.37267944,0.14450742,c1,c1
14071,2,0.21970084,0.278135,0.50216407,c5,c5
14072,5,0.20197128,0.31186604,0.48616275,c234,c5
14073,1,0.28360748,0.47987762,0.23651499,c234,c234
14074,1,0.7140953,0.21737507,0.06852965,c234,c1
14075,4,0.14525509,0.41318756,0.44155732,c1,c5
14076,3,0.6145114,0.27330428,0.11218439,c1,c1
14077,1,0.24244499,0.32519177,0.43236324,c1,c5
14078,3,0.18133958,0.40143642,0.41722405,c5,c5
14079,2,0.635742,0.26547,0.09878802,c1,c1
14080,2,0.37642637,0.42973498,0.19383866,c5,c234
14081,2,0.094155684,0.3087246,0.5971197,c1,c5
14082,3,0.2756995,0.4205969,0.3037036,c5,c234
14083,2,0.15219055,0.39687818,0.45093128,c5,c5
14084,3,0.18853988,0.33118066,0.48027945,c5,c5
14085,2,0.3229341,0.26410255,0.4129634,c234,c5
14086,3,0.64119154,0.2554067,0.10340168,c1,c1
14087,1,0.35360724,0.43291822,0.21347456,c1,c234
14088,1,0.055615503,0.2534858,0.6908987,c5,c5
14089,1,0.188788,0.3123626,0.49884942,c1,c5
14090,2,0.3190712,0.48501343,0.19591531,c5,c234
14091,2,0.25504473,0.46036288,0.28459242,c1,c234
14092,1,0.12790433,0.38512862,0.4869671,c5,c5
14093,2,0.3761311,0.43039498,0.19347394,c5,c234
14094,5,0.32998633,0.39127097,0.2787427,c234,c234
14095,1,0.32805523,0.42386183,0.2480829,c234,c234
14096,4,0.43035135,0.3552527,0.21439597,c1,c1
14097,3,0.3971267,0.48859343,0.114279814,c1,c234
14098,4,0.084066965,0.3851321,0.53080094,c5,c5
14099,3,0.034026455,0.091840945,0.8741326,c5,c5
14100,2,0.18729292,0.50601697,0.3066901,c5,c234
14101,2,0.71343905,0.2153669,0.07119407,c234,c1
14102,2,0.37439197,0.32633227,0.29927576,c234,c1
14103,3,0.36938986,0.3895824,0.2410277,c1,c234
14104,4,0.15769696,0.31542236,0.5268806,c234,c5
14105,3,0.3547231,0.3765191,0.26875782,c1,c234
14106,3,0.5301017,0.3616745,0.10822383,c1,c1
14107,5,0.09899264,0.24147578,0.6595316,c234,c5
14108,2,0.4921474,0.37674418,0.13110839,c1,c1
14109,5,0.60022014,0.29435074,0.10542909,c1,c1
14110,2,0.59536535,0.32492173,0.07971302,c234,c1
14111,3,0.14756133,0.2625192,0.5899195,c5,c5
14112,2,0.11295163,0.3092159,0.57783246,c5,c5
14113,4,0.5906779,0.30069605,0.108626075,c234,c1
14114,5,0.23259582,0.24681236,0.5205918,c5,c5
14115,2,0.58610076,0.33945763,0.07444162,c234,c1
14116,4,0.37857115,0.41783974,0.20358913,c5,c234
14117,5,0.12796286,0.56130004,0.31073704,c5,c234
14118,2,0.18572794,0.5145671,0.29970497,c5,c234
14119,5,0.08070485,0.19822225,0.72107285,c234,c5
14120,4,0.42493966,0.4183516,0.15670869,c5,c1
14121,2,0.41282788,0.32565814,0.261514,c234,c1
14122,1,0.26558113,0.40582883,0.32859004,c234,c234
14123,2,0.2953162,0.45005783,0.25462604,c5,c234
14124,1,0.06823563,0.23038775,0.7013766,c5,c5
14125,2,0.44918138,0.435149,0.11566955,c1,c1
14126,5,0.16030309,0.4152873,0.42440963,c1,c5
14127,4,0.043466132,0.22135988,0.73517394,c234,c5
14128,3,0.10254245,0.25816962,0.639288,c234,c5
14129,1,0.30014563,0.38610974,0.3137446,c1,c234
14130,3,0.57512873,0.29994315,0.12492812,c234,c1
14131,2,0.042567674,0.20068856,0.7567438,c5,c5
14132,3,0.12202202,0.25617743,0.62180066,c5,c5
14133,4,0.31199813,0.34520295,0.3427989,c5,c234
14134,1,0.43772936,0.41246554,0.14980511,c234,c1
14135,5,0.10436395,0.2650104,0.6306256,c5,c5
14136,4,0.37358356,0.31325486,0.31316167,c5,c1
14137,4,0.09070934,0.29961088,0.60967976,c5,c5
14138,5,0.51367825,0.3589556,0.12736613,c1,c1
14139,3,0.06953722,0.26358655,0.6668762,c1,c5
14140,5,0.034082666,0.14097586,0.8249414,c234,c5
14141,2,0.17642586,0.36067912,0.46289504,c1,c5
14142,1,0.31728658,0.36113277,0.32158068,c234,c234
14143,3,0.30640104,0.48670748,0.2068915,c234,c234
14144,5,0.09381547,0.29173654,0.61444795,c234,c5
14145,1,0.29609823,0.55708075,0.146821,c234,c234
14146,1,0.16160862,0.36432403,0.47406733,c234,c5
14147,3,0.21614501,0.5308009,0.2530541,c234,c234
14148,1,0.038609263,0.22501957,0.73637116,c5,c5
14149,1,0.45442438,0.30570123,0.23987441,c1,c1
14150,5,0.37149304,0.4280036,0.20050333,c234,c234
14151,4,0.6493875,0.24950692,0.10110567,c5,c1
14152,2,0.5170647,0.37468493,0.10825042,c1,c1
14153,2,0.6428884,0.26597515,0.09113646,c1,c1
14154,2,0.66283697,0.21383002,0.12333305,c1,c1
14155,3,0.37054816,0.36576203,0.26368982,c1,c1
14156,2,0.19230005,0.38562205,0.42207783,c1,c5
14157,1,0.2276966,0.40999654,0.36230683,c234,c234
14158,1,0.056776416,0.2966169,0.6466067,c234,c5
14159,4,0.14338256,0.28508067,0.5715368,c1,c5
14160,1,0.09603342,0.48272267,0.42124385,c234,c234
14161,3,0.5508641,0.33290482,0.11623104,c234,c1
14162,1,0.705404,0.22590145,0.0686945,c1,c1
14163,1,0.23941933,0.3584033,0.4021774,c1,c5
14164,2,0.12736772,0.4161977,0.45643467,c5,c5
14165,3,0.22862874,0.42102626,0.350345,c5,c234
14166,2,0.30714363,0.42084178,0.2720146,c234,c234
14167,4,0.18157369,0.45204014,0.3663862,c234,c234
14168,3,0.23331578,0.4201146,0.3465696,c1,c234
14169,1,0.1260267,0.43752012,0.43645325,c234,c234
14170,5,0.51380134,0.34352118,0.14267747,c1,c1
14171,3,0.41416937,0.40378574,0.18204494,c1,c1
14172,1,0.53673315,0.310314,0.1529529,c234,c1
14173,2,0.14927986,0.46285534,0.38786477,c5,c234
14174,5,0.120290734,0.39692974,0.48277953,c1,c5
14175,2,0.603878,0.2567615,0.13936044,c1,c1
14176,5,0.12778991,0.32008946,0.5521206,c1,c5
14177,2,0.12444484,0.3229824,0.5525728,c5,c5
14178,5,0.117943764,0.50290596,0.37915024,c234,c234
14179,5,0.037480354,0.13652335,0.82599634,c5,c5
14180,3,0.6393009,0.28048566,0.08021348,c1,c1
14181,5,0.10882673,0.30084726,0.590326,c5,c5
14182,5,0.116335265,0.35355833,0.5301064,c5,c5
14183,4,0.41269413,0.4015624,0.18574353,c1,c1
14184,2,0.045587737,0.1526387,0.80177355,c5,c5
14185,1,0.172554,0.45874447,0.36870155,c234,c234
14186,5,0.11915691,0.48956984,0.3912732,c234,c234
14187,2,0.2112579,0.28614995,0.5025921,c234,c5
14188,3,0.6354856,0.29059157,0.07392287,c1,c1
14189,4,0.05594327,0.24500212,0.6990546,c5,c5
14190,4,0.51815987,0.36191055,0.1199296,c1,c1
14191,1,0.3563032,0.4739882,0.1697086,c234,c234
14192,4,0.19400334,0.28402078,0.5219759,c234,c5
14193,3,0.16645092,0.47684464,0.3567044,c1,c234
14194,1,0.26777926,0.37464485,0.3575759,c5,c234
14195,1,0.17362781,0.38752115,0.43885106,c1,c5
14196,1,0.41967192,0.40275788,0.17757016,c234,c1
14197,5,0.38937044,0.36288887,0.24774072,c1,c1
14198,4,0.66468525,0.27130845,0.064006306,c1,c1
14199,1,0.66726184,0.20766914,0.12506905,c1,c1
14200,2,0.24959272,0.47087663,0.2795306,c1,c234
14201,2,0.25485995,0.3299945,0.41514555,c234,c5
14202,2,0.2713205,0.44601646,0.28266302,c1,c234
14203,2,0.28319588,0.40203598,0.31476817,c5,c234
14204,4,0.20968196,0.26881003,0.52150804,c5,c5
14205,3,0.10696453,0.28437123,0.6086642,c1,c5
14206,3,0.4108766,0.2743384,0.31478494,c5,c1
14207,2,0.4355421,0.32938582,0.23507208,c1,c1
14208,2,0.13459186,0.38379112,0.48161703,c5,c5
14209,4,0.110316075,0.3156068,0.57407707,c234,c5
14210,5,0.5572181,0.30656272,0.13621917,c1,c1
14211,2,0.57258224,0.35361996,0.073797755,c1,c1
14212,3,0.64204085,0.2939836,0.06397546,c1,c1
14213,5,0.53044003,0.29701462,0.17254534,c1,c1
14214,1,0.21070084,0.32570308,0.46359605,c5,c5
14215,4,0.14340435,0.2616205,0.59497523,c5,c5
14216,1,0.17645895,0.36101106,0.46252996,c234,c5
14217,4,0.19960187,0.35582882,0.4445693,c5,c5
14218,5,0.15560272,0.43363723,0.41076,c5,c234
14219,5,0.6130217,0.24837953,0.13859887,c1,c1
14220,5,0.49766988,0.33424214,0.16808802,c234,c1
14221,1,0.13373779,0.41975868,0.4465036,c1,c5
14222,2,0.41537836,0.42751887,0.15710272,c234,c234
14223,5,0.36334777,0.40391132,0.23274091,c1,c234
14224,4,0.34421477,0.42063534,0.23514993,c234,c234
14225,3,0.48966512,0.31045324,0.19988169,c1,c1
14226,4,0.58604515,0.3118167,0.10213817,c234,c1
14227,4,0.2686363,0.42082238,0.31054127,c5,c234
14228,4,0.538079,0.33961082,0.12231016,c1,c1
14229,2,0.28098816,0.49263814,0.22637367,c5,c234
14230,3,0.10290662,0.27860463,0.6184887,c234,c5
14231,1,0.30267224,0.44655675,0.250771,c234,c234
14232,2,0.08282428,0.3134927,0.6036831,c1,c5
14233,5,0.26809287,0.40571058,0.3261966,c5,c234
14234,2,0.1531114,0.24866848,0.59822005,c1,c5
14235,4,0.3197337,0.40317112,0.2770952,c234,c234
14236,1,0.44893005,0.33201173,0.21905828,c234,c1
14237,1,0.17168835,0.55774593,0.2705657,c5,c234
14238,3,0.37919924,0.40751725,0.21328352,c1,c234
14239,3,0.16763158,0.45345032,0.37891817,c5,c234
14240,2,0.3190108,0.45978752,0.22120172,c5,c234
14241,1,0.18334585,0.39233515,0.42431903,c234,c5
14242,5,0.16156691,0.47371364,0.36471945,c234,c234
14243,2,0.53603464,0.26194492,0.2020204,c1,c1
14244,1,0.05416292,0.36068052,0.5851565,c5,c5
14245,3,0.047688104,0.1644133,0.78789866,c5,c5
14246,1,0.17405827,0.34710824,0.47883353,c5,c5
14247,5,0.266884,0.36036128,0.3727547,c1,c5
14248,5,0.066999786,0.20419376,0.72880644,c5,c5
14249,3,0.424283,0.38368225,0.19203472,c5,c1
14250,3,0.19643296,0.33965442,0.4639126,c234,c5
14251,4,0.6157003,0.2760987,0.10820103,c234,c1
14252,2,0.45527205,0.4273754,0.11735251,c1,c1
14253,5,0.28594244,0.5512021,0.16285549,c1,c234
14254,5,0.08946735,0.30773076,0.6028019,c5,c5
14255,2,0.66814446,0.2541336,0.077721916,c1,c1
14256,1,0.24827601,0.45177028,0.29995364,c234,c234
14257,4,0.1553688,0.45933792,0.3852933,c234,c234
14258,4,0.68975425,0.22938074,0.080864966,c1,c1
14259,1,0.1528686,0.25508648,0.59204495,c1,c5
14260,4,0.5957727,0.28366062,0.12056668,c1,c1
14261,1,0.07590279,0.35441515,0.56968206,c1,c5
14262,3,0.26012373,0.44923413,0.2906421,c234,c234
14263,1,0.42958307,0.28176185,0.28865498,c1,c1
14264,5,0.16594525,0.42313576,0.41091904,c234,c234
14265,4,0.65795356,0.24827202,0.09377443,c1,c1
14266,2,0.7012324,0.23797147,0.06079617,c1,c1
14267,1,0.6311301,0.29976693,0.06910299,c5,c1
14268,1,0.09113546,0.49581093,0.4130536,c5,c234
14269,3,0.59736186,0.30994985,0.092688255,c1,c1
14270,4,0.11332748,0.2236008,0.66307175,c5,c5
14271,2,0.18846177,0.2488953,0.56264293,c1,c5
14272,3,0.5080931,0.33253497,0.15937197,c1,c1
14273,5,0.26575235,0.42959827,0.30464938,c234,c234
14274,1,0.07403322,0.17606391,0.74990284,c5,c5
14275,2,0.049232982,0.16774155,0.7830255,c5,c5
14276,1,0.15960251,0.26984102,0.5705565,c1,c5
14277,5,0.08304955,0.26753148,0.649419,c5,c5
14278,3,0.6199545,0.24319294,0.13685253,c1,c1
14279,2,0.5509927,0.29434967,0.15465763,c234,c1
14280,4,0.08743679,0.3457348,0.5668285,c5,c5
14281,3,0.14396383,0.51641244,0.33962375,c5,c234
14282,1,0.1240111,0.44975418,0.42623472,c234,c234
14283,5,0.39816865,0.4379438,0.16388753,c234,c234
14284,2,0.14456618,0.28002256,0.57541126,c5,c5
14285,1,0.07490314,0.3365131,0.5885837,c5,c5
14286,2,0.1446176,0.25537348,0.60000896,c5,c5
14287,3,0.3073636,0.35984924,0.33278713,c5,c234
14288,5,0.117943764,0.50290596,0.37915024,c234,c234
14289,1,0.05140858,0.20413314,0.7444582,c5,c5
14290,2,0.0632291,0.19091077,0.7458601,c5,c5
14291,2,0.15039931,0.39039198,0.4592087,c5,c5
14292,1,0.21263278,0.2893469,0.4980203,c1,c5
14293,5,0.66743743,0.26131642,0.07124616,c1,c1
14294,1,0.09124539,0.25687426,0.6518804,c5,c5
14295,1,0.24774888,0.3024295,0.4498217,c234,c5
14296,1,0.22677042,0.41954568,0.35368395,c234,c234
14297,4,0.2542958,0.5343831,0.21132107,c1,c234
14298,1,0.42574835,0.4022548,0.17199688,c234,c1
14299,1,0.38045344,0.47731203,0.14223449,c234,c234
14300,5,0.29546466,0.43316785,0.2713675,c234,c234
14301,5,0.24609098,0.46896946,0.2849396,c234,c234
14302,2,0.27054247,0.36012092,0.36933658,c5,c5
14303,1,0.21106926,0.41608822,0.3728425,c1,c234
14304,2,0.20756821,0.34999576,0.44243607,c234,c5
14305,4,0.15882654,0.53835374,0.30281967,c234,c234
14306,5,0.5154443,0.3566893,0.12786643,c1,c1
14307,2,0.23288126,0.46189758,0.30522114,c234,c234
14308,1,0.52552426,0.38279587,0.09167984,c1,c1
14309,4,0.14732546,0.28929552,0.56337905,c234,c5
14310,5,0.20739011,0.37723497,0.41537496,c234,c5
14311,1,0.33911532,0.5013176,0.15956707,c5,c234
14312,5,0.1941559,0.43946406,0.36638004,c5,c234
14313,2,0.06266691,0.23195639,0.7053767,c234,c5
14314,3,0.60495263,0.26892167,0.1261257,c1,c1
14315,5,0.10892485,0.31418577,0.57688934,c234,c5
14316,4,0.4300392,0.34179157,0.2281692,c1,c1
14317,1,0.042320885,0.20679057,0.7508886,c5,c5
14318,5,0.22558704,0.29215857,0.48225436,c234,c5
14319,5,0.10349514,0.3381071,0.55839777,c5,c5
14320,5,0.2600953,0.40965277,0.3302519,c234,c234
14321,3,0.3697584,0.29669696,0.33354464,c5,c1
14322,3,0.14790964,0.44190013,0.41019022,c234,c234
14323,2,0.3593403,0.28057286,0.3600868,c234,c5
14324,3,0.117510065,0.24506155,0.6374284,c234,c5
14325,1,0.19589071,0.331315,0.47279432,c1,c5
14326,2,0.14866675,0.44622725,0.40510598,c5,c234
14327,4,0.4221326,0.41195142,0.165916,c5,c1
14328,2,0.6732169,0.22632672,0.100456394,c1,c1
14329,4,0.15013333,0.423844,0.42602262,c1,c5
14330,5,0.46017644,0.2893243,0.2504992,c234,c1
14331,4,0.06347981,0.2953968,0.64112335,c5,c5
14332,2,0.6467444,0.27175084,0.08150481,c234,c1
14333,5,0.21225691,0.41284844,0.37489462,c1,c234
14334,5,0.15632658,0.5726571,0.27101636,c1,c234
14335,1,0.48521182,0.3441297,0.17065838,c5,c1
14336,1,0.13610968,0.42387876,0.44001153,c1,c5
14337,3,0.33330244,0.4192047,0.24749288,c5,c234
14338,3,0.56300163,0.31636512,0.12063328,c234,c1
14339,3,0.08114827,0.29930216,0.6195496,c5,c5
14340,4,0.6454676,0.25882617,0.09570625,c1,c1
14341,2,0.22070916,0.349478,0.4298128,c5,c5
14342,5,0.25986183,0.50605935,0.23407884,c234,c234
14343,4,0.47018072,0.41992664,0.10989264,c1,c1
14344,2,0.5599798,0.33125094,0.108769275,c234,c1
14345,2,0.40013474,0.39103267,0.20883256,c1,c1
14346,2,0.12980363,0.33974013,0.5304563,c234,c5
14347,1,0.3163784,0.3893897,0.2942319,c234,c234
14348,4,0.6914265,0.23234929,0.07622418,c1,c1
14349,5,0.066129975,0.32693672,0.60693336,c234,c5
14350,1,0.20766993,0.29159516,0.5007349,c1,c5
14351,3,0.11241521,0.4188986,0.46868622,c5,c5
14352,1,0.1727954,0.39427924,0.43292534,c5,c5
14353,2,0.13629565,0.41757125,0.4461331,c5,c5
14354,3,0.12766975,0.29931536,0.5730149,c5,c5
14355,2,0.118601955,0.35063905,0.53075904,c234,c5
14356,1,0.32013646,0.4830962,0.1967674,c1,c234
14357,1,0.39039662,0.45289567,0.15670775,c234,c234
14358,1,0.069438346,0.2988411,0.63172054,c234,c5
14359,5,0.075530745,0.21238789,0.7120813,c234,c5
14360,1,0.08336992,0.21619232,0.7004378,c5,c5
14361,1,0.33598816,0.31870967,0.3453021,c5,c5
14362,1,0.19082858,0.26142144,0.54775,c1,c5
14363,3,0.37031475,0.3626317,0.2670535,c234,c1
14364,2,0.16348797,0.34830797,0.4882041,c1,c5
14365,4,0.35860765,0.41795182,0.22344056,c5,c234
14366,4,0.18941541,0.3859132,0.42467135,c5,c5
14367,3,0.25740284,0.35273102,0.3898661,c234,c5
14368,4,0.20115729,0.360225,0.43861768,c5,c5
14369,4,0.11207415,0.36792585,0.5199999,c5,c5
14370,2,0.24602656,0.45207042,0.30190295,c1,c234
14371,4,0.04816239,0.16537338,0.7864642,c234,c5
14372,3,0.25317377,0.3116182,0.435208,c1,c5
14373,2,0.46694514,0.3578445,0.17521034,c1,c1
14374,4,0.53634965,0.34338886,0.120261565,c234,c1
14375,3,0.26011264,0.2930242,0.44686314,c234,c5
14376,4,0.6108181,0.29239476,0.096787125,c1,c1
14377,4,0.1473064,0.23251054,0.62018305,c5,c5
14378,3,0.1282801,0.30765286,0.56406707,c5,c5
14379,2,0.5889491,0.33977747,0.07127341,c5,c1
14380,1,0.07521153,0.39475435,0.5300341,c5,c5
14381,5,0.14997204,0.3344378,0.5155902,c5,c5
14382,5,0.12096321,0.46962368,0.4094131,c5,c234
14383,4,0.082334794,0.28319776,0.6344675,c5,c5
14384,3,0.41972327,0.43815133,0.14212541,c234,c234
14385,5,0.114137,0.36450207,0.5213609,c5,c5
14386,4,0.46447206,0.30362445,0.23190351,c1,c1
14387,3,0.09906939,0.3020053,0.59892535,c234,c5
14388,4,0.1299961,0.32748908,0.54251486,c234,c5
14389,4,0.22124714,0.4114311,0.36732182,c5,c234
14390,3,0.2462231,0.4903909,0.26338604,c1,c234
14391,3,0.35435387,0.44454074,0.20110533,c1,c234
14392,2,0.55824614,0.33614305,0.105610825,c234,c1
14393,1,0.2165855,0.39180288,0.39161164,c5,c234
14394,4,0.07640499,0.24988094,0.6737141,c1,c5
14395,5,0.42291036,0.35395923,0.22313033,c234,c1
14396,5,0.40673414,0.39605317,0.1972127,c1,c1
14397,5,0.46786955,0.2579724,0.274158,c5,c1
14398,4,0.18715805,0.31490725,0.49793473,c5,c5
14399,4,0.62122524,0.29644784,0.082326874,c1,c1
14400,4,0.42233098,0.27062145,0.30704755,c234,c1
14401,3,0.121445976,0.35843414,0.5201199,c5,c5
14402,3,0.13796759,0.46163866,0.40039378,c234,c234
14403,3,0.052594572,0.25325334,0.6941521,c5,c5
14404,1,0.38595572,0.38254339,0.23150091,c234,c1
14405,2,0.5901984,0.2935278,0.116273716,c1,c1
14406,1,0.3388096,0.3469713,0.3142191,c5,c234
14407,1,0.31472537,0.40634134,0.27893332,c1,c234
14408,5,0.2957337,0.5443692,0.15989703,c5,c234
14409,2,0.24470519,0.3870958,0.36819896,c1,c234
14410,5,0.66461897,0.2632481,0.07213294,c234,c1
14411,3,0.17074506,0.4138177,0.4154373,c234,c5
14412,5,0.52987486,0.3442074,0.12591778,c234,c1
14413,2,0.09859958,0.3536001,0.54780024,c1,c5
14414,5,0.23418747,0.32957265,0.4362399,c1,c5
14415,4,0.21017547,0.37458685,0.41523767,c5,c5
14416,2,0.16542326,0.39586213,0.43871462,c5,c5
14417,3,0.1479948,0.2972837,0.55472153,c5,c5
14418,4,0.6269594,0.28498304,0.08805759,c1,c1
14419,2,0.27731693,0.46341324,0.25926992,c5,c234
14420,5,0.36978766,0.4096175,0.22059476,c5,c234
14421,2,0.66220427,0.25458673,0.08320899,c5,c1
14422,2,0.513787,0.32763106,0.15858196,c234,c1
14423,5,0.19835144,0.4735027,0.3281459,c1,c234
14424,1,0.77837145,0.15519075,0.06643781,c1,c1
14425,4,0.117631644,0.2627032,0.6196651,c234,c5
14426,1,0.12086658,0.26592135,0.61321205,c1,c5
14427,4,0.2972764,0.3841646,0.31855896,c234,c234
14428,3,0.55057967,0.3431536,0.10626672,c5,c1
14429,5,0.2780354,0.33860388,0.38336074,c1,c5
14430,1,0.36498478,0.45484126,0.180174,c5,c234
14431,4,0.33858496,0.40362865,0.25778633,c1,c234
14432,4,0.68289614,0.2530239,0.06407997,c1,c1
14433,1,0.09163005,0.24343267,0.66493726,c5,c5
14434,1,0.12954225,0.257555,0.61290276,c5,c5
14435,4,0.41696504,0.4095996,0.17343539,c234,c1
14436,4,0.46864223,0.37947175,0.15188606,c1,c1
14437,3,0.05171949,0.22023326,0.72804725,c5,c5
14438,3,0.2357843,0.46662903,0.29758668,c5,c234
14439,2,0.24636725,0.49919662,0.2544361,c234,c234
14440,2,0.48857278,0.37989753,0.13152969,c1,c1
14441,1,0.3849239,0.403717,0.21135905,c5,c234
14442,1,0.22906214,0.3260004,0.44493747,c234,c5
14443,3,0.15816109,0.37034836,0.4714906,c5,c5
14444,3,0.4387624,0.39445803,0.16677955,c234,c1
14445,1,0.30979863,0.41086766,0.27933365,c5,c234
14446,3,0.7325034,0.1779369,0.089559704,c1,c1
14447,4,0.3535904,0.40712917,0.23928043,c1,c234
14448,3,0.3629995,0.48001644,0.1569841,c1,c234
14449,3,0.44264314,0.3973159,0.16004097,c234,c1
14450,2,0.5290198,0.25650516,0.21447513,c1,c1
14451,5,0.35067862,0.41914412,0.23017724,c1,c234
14452,3,0.06782708,0.25776404,0.6744089,c5,c5
14453,5,0.1423257,0.36477476,0.4928996,c234,c5
14454,1,0.43902302,0.3025103,0.25846666,c1,c1
14455,1,0.16883834,0.35206118,0.4791005,c234,c5
14456,5,0.23611775,0.36754122,0.396341,c5,c5
14457,3,0.16703728,0.32840326,0.50455946,c1,c5
14458,3,0.39610124,0.27675962,0.32713917,c234,c1
14459,2,0.51962835,0.3663637,0.11400795,c234,c1
14460,1,0.5125573,0.3261594,0.16128331,c1,c1
14461,4,0.329972,0.3689426,0.30108538,c5,c234
14462,5,0.38937044,0.36288887,0.24774072,c234,c1
14463,1,0.17893788,0.39990935,0.4211528,c234,c5
14464,2,0.3593403,0.28057286,0.3600868,c1,c5
14465,3,0.3295007,0.44098964,0.22950968,c1,c234
14466,3,0.10948643,0.37778533,0.5127282,c5,c5
14467,1,0.12790346,0.42827773,0.4438188,c5,c5
14468,5,0.120950215,0.31014174,0.5689081,c234,c5
14469,5,0.5713263,0.24413973,0.18453397,c234,c1
14470,4,0.09790014,0.21821085,0.68388903,c234,c5
14471,2,0.14589384,0.30511925,0.54898685,c1,c5
14472,5,0.15808676,0.42794454,0.41396874,c5,c234
14473,2,0.3593403,0.28057286,0.3600868,c5,c5
14474,2,0.28094232,0.3264762,0.39258152,c234,c5
14475,2,0.3532237,0.37761462,0.26916164,c234,c234
14476,4,0.14772105,0.24237932,0.60989964,c234,c5
14477,4,0.68289614,0.2530239,0.06407997,c234,c1
14478,2,0.7232358,0.20384867,0.07291553,c1,c1
14479,5,0.5439415,0.2758076,0.18025085,c5,c1
14480,4,0.49322367,0.31282392,0.19395247,c5,c1
14481,2,0.31044963,0.45738888,0.23216152,c1,c234
14482,5,0.3701652,0.29488736,0.3349475,c1,c1
14483,3,0.109461695,0.33708346,0.5534548,c1,c5
14484,3,0.08832445,0.2815868,0.63008875,c5,c5
14485,1,0.52748024,0.30372098,0.16879873,c1,c1
14486,1,0.2730806,0.3912654,0.33565408,c1,c234
14487,4,0.11684562,0.26823065,0.61492366,c5,c5
14488,3,0.22074653,0.46538487,0.31386858,c1,c234
14489,2,0.11678675,0.34266922,0.54054403,c1,c5
14490,4,0.47567865,0.31958464,0.20473674,c234,c1
14491,4,0.5137787,0.34569344,0.14052786,c234,c1
14492,4,0.11660945,0.36787972,0.51551086,c1,c5
14493,3,0.51477456,0.36578813,0.1194373,c234,c1
14494,3,0.4615894,0.3437472,0.19466348,c234,c1
14495,3,0.052484315,0.259538,0.6879778,c234,c5
14496,4,0.41269413,0.4015624,0.18574353,c234,c1
14497,4,0.5874456,0.25953436,0.15302002,c1,c1
14498,5,0.16253753,0.31188744,0.525575,c234,c5
14499,2,0.34131095,0.26732635,0.3913627,c1,c5
14500,2,0.32094437,0.471259,0.20779668,c1,c234
14501,1,0.27359557,0.38957042,0.336834,c234,c234
14502,2,0.2651492,0.43731725,0.29753357,c5,c234
14503,4,0.5376775,0.3447857,0.11753677,c1,c1
14504,3,0.52337253,0.29864585,0.17798162,c5,c1
14505,3,0.11897349,0.3153724,0.5656541,c234,c5
14506,4,0.8200169,0.14163049,0.0383527,c5,c1
14507,5,0.195919,0.5449263,0.25915477,c5,c234
14508,2,0.3229341,0.26410255,0.4129634,c234,c5
14509,2,0.25672242,0.47063106,0.2726465,c234,c234
14510,4,0.19368698,0.31231946,0.4939936,c1,c5
14511,4,0.4636008,0.3334711,0.20292816,c234,c1
14512,4,0.6774342,0.23752616,0.08503961,c1,c1
14513,5,0.44016707,0.43291992,0.12691303,c234,c1
14514,2,0.11271874,0.35214955,0.5351317,c234,c5
14515,1,0.20581682,0.45395687,0.34022632,c5,c234
14516,4,0.04907519,0.19663595,0.75428885,c5,c5
14517,2,0.550437,0.33116028,0.11840268,c1,c1
14518,4,0.12960964,0.37668964,0.4937007,c5,c5
14519,1,0.2592776,0.29751742,0.44320494,c5,c5
14520,1,0.64849204,0.21637078,0.13513719,c1,c1
14521,1,0.5487108,0.34763417,0.103654966,c234,c1
14522,2,0.39032543,0.30677226,0.30290228,c1,c1
14523,1,0.46368834,0.40310538,0.1332062,c234,c1
14524,5,0.1250547,0.5695602,0.30538508,c234,c234
14525,5,0.47835112,0.28703463,0.23461424,c1,c1
14526,3,0.30058837,0.36952412,0.3298875,c234,c234
14527,4,0.32133877,0.34248638,0.33617485,c5,c234
14528,3,0.37556893,0.43283156,0.19159949,c5,c234
14529,2,0.32785118,0.47065815,0.20149074,c1,c234
14530,1,0.4371647,0.3962976,0.16653778,c234,c1
14531,4,0.14893717,0.29579946,0.55526334,c1,c5
14532,3,0.1673232,0.38478738,0.44788942,c5,c5
14533,2,0.70290226,0.24252392,0.054573793,c1,c1
14534,1,0.23674501,0.47030666,0.29294834,c1,c234
14535,1,0.105566986,0.31447306,0.5799599,c5,c5
14536,3,0.19725204,0.4563908,0.34635717,c234,c234
14537,5,0.1498253,0.39204794,0.45812672,c234,c5
14538,3,0.1202658,0.4775221,0.4022121,c234,c234
14539,4,0.16050747,0.41826034,0.42123216,c234,c5
14540,5,0.6916513,0.22578314,0.08256564,c1,c1
14541,4,0.4636008,0.3334711,0.20292816,c234,c1
14542,3,0.1526536,0.3406671,0.50667936,c234,c5
14543,5,0.36056808,0.42839435,0.21103759,c234,c234
14544,1,0.1864223,0.33027112,0.48330662,c234,c5
14545,1,0.27290767,0.43276426,0.2943281,c234,c234
14546,5,0.38185924,0.4013592,0.21678151,c234,c234
14547,1,0.078512676,0.35118285,0.57030445,c234,c5
14548,5,0.3921777,0.4441786,0.16364373,c1,c234
14549,2,0.3903833,0.39643416,0.21318252,c5,c234
14550,5,0.10743287,0.38896418,0.50360286,c5,c5
14551,4,0.14532782,0.26280105,0.5918711,c234,c5
14552,4,0.2146416,0.46381113,0.3215472,c5,c234
14553,2,0.19220728,0.42684713,0.38094556,c1,c234
14554,5,0.069743566,0.26465932,0.66559714,c5,c5
14555,2,0.43286863,0.45088205,0.1162493,c234,c234
14556,5,0.4255075,0.33763295,0.2368595,c234,c1
14557,5,0.6397333,0.2574522,0.1028145,c1,c1
14558,3,0.5927354,0.28057,0.12669459,c234,c1
14559,2,0.21033727,0.35106814,0.4385946,c234,c5
14560,4,0.16424163,0.42022562,0.4155327,c1,c234
14561,3,0.2999787,0.2747053,0.42531607,c5,c5
14562,5,0.52987486,0.3442074,0.12591778,c1,c1
14563,4,0.6836755,0.25179434,0.064530104,c5,c1
14564,3,0.62275827,0.29567325,0.08156853,c1,c1
14565,3,0.40954316,0.38637745,0.2040794,c1,c1
14566,5,0.10627673,0.41462496,0.47909826,c1,c5
14567,4,0.16872448,0.43338495,0.39789063,c1,c234
14568,1,0.1654915,0.38619092,0.44831756,c5,c5
14569,4,0.16829865,0.32728788,0.5044135,c234,c5
14570,5,0.34372732,0.39686114,0.25941148,c1,c234
14571,1,0.44389713,0.31968808,0.2364148,c234,c1
14572,3,0.2520888,0.46764117,0.28027004,c5,c234
14573,5,0.15069772,0.36141682,0.48788548,c5,c5
14574,4,0.53747696,0.25782132,0.20470172,c234,c1
14575,2,0.59479064,0.26448503,0.14072438,c234,c1
14576,5,0.26583883,0.3849679,0.3491933,c1,c234
14577,2,0.42451406,0.33583876,0.23964718,c234,c1
14578,3,0.19032116,0.2501572,0.5595216,c1,c5
14579,2,0.08244936,0.18805008,0.7295006,c5,c5
14580,4,0.050713416,0.13241054,0.81687605,c5,c5
14581,2,0.07537184,0.25937468,0.66525346,c5,c5
14582,1,0.2056748,0.49969178,0.29463348,c5,c234
14583,5,0.49849465,0.30043915,0.20106614,c5,c1
14584,5,0.5013459,0.303757,0.19489715,c5,c1
14585,5,0.32548827,0.38539615,0.2891156,c1,c234
14586,4,0.27424517,0.3396204,0.38613442,c5,c5
14587,3,0.203811,0.33475834,0.46143064,c1,c5
14588,5,0.06558822,0.21255003,0.7218617,c234,c5
14589,2,0.57369375,0.31888017,0.107426055,c1,c1
14590,2,0.6258274,0.27630594,0.097866654,c1,c1
14591,1,0.0954029,0.37066054,0.5339365,c1,c5
14592,2,0.6840748,0.21795063,0.09797457,c1,c1
14593,2,0.48640546,0.39952055,0.11407399,c234,c1
14594,1,0.19082858,0.26142144,0.54775,c5,c5
14595,4,0.20557547,0.38906747,0.4053571,c5,c5
14596,4,0.09301879,0.24015582,0.66682535,c5,c5
14597,5,0.30955404,0.4280193,0.26242664,c234,c234
14598,5,0.50335985,0.3679963,0.12864383,c1,c1
14599,2,0.31691477,0.37429252,0.30879268,c234,c234
14600,3,0.67311436,0.2394503,0.08743534,c1,c1
14601,3,0.07375733,0.230541,0.69570166,c5,c5
14602,4,0.035185855,0.14579682,0.81901723,c5,c5
14603,2,0.5370318,0.37171873,0.0912494,c1,c1
14604,2,0.30753845,0.3855513,0.30691028,c234,c234
14605,5,0.09266977,0.2890193,0.6183109,c5,c5
14606,3,0.6562597,0.26710206,0.0766382,c1,c1
14607,1,0.18474814,0.540624,0.27462786,c234,c234
14608,3,0.06230504,0.30288136,0.63481355,c5,c5
14609,5,0.120196395,0.3331718,0.54663175,c234,c5
14610,5,0.17578726,0.4038573,0.42035544,c234,c5
14611,4,0.38120022,0.3036597,0.31514004,c234,c1
14612,1,0.2740429,0.4051575,0.32079956,c234,c234
14613,1,0.24778403,0.3785642,0.37365174,c234,c234
14614,5,0.5259869,0.36327466,0.11073843,c1,c1
14615,4,0.26489383,0.36499572,0.3701105,c1,c5
14616,2,0.10596762,0.1918123,0.7022201,c5,c5
14617,1,0.3950624,0.47758442,0.12735312,c234,c234
14618,1,0.18369684,0.3084804,0.50782275,c5,c5
14619,2,0.6935202,0.23696865,0.06951117,c1,c1
14620,2,0.2832009,0.41788012,0.298919,c1,c234
14621,4,0.09578792,0.33465934,0.5695527,c234,c5
14622,4,0.15695955,0.3691536,0.47388688,c234,c5
14623,4,0.25598732,0.42848882,0.3155239,c234,c234
14624,4,0.2337181,0.5087454,0.2575365,c1,c234
14625,1,0.56584597,0.25201383,0.18214026,c1,c1
14626,4,0.057299815,0.26148158,0.6812186,c5,c5
14627,5,0.31493703,0.47089016,0.21417278,c5,c234
14628,2,0.11010097,0.32140014,0.5684989,c234,c5
14629,5,0.2636361,0.31860813,0.41775575,c5,c5
14630,3,0.3829293,0.41197824,0.20509245,c234,c234
14631,5,0.47228846,0.41903773,0.1086739,c1,c1
14632,5,0.7910265,0.16766028,0.041313242,c5,c1
14633,1,0.5082196,0.32922456,0.16255577,c1,c1
14634,5,0.1834609,0.35924283,0.4572963,c234,c5
14635,4,0.58833486,0.30325836,0.108406715,c234,c1
14636,5,0.28899288,0.5134433,0.19756378,c5,c234
14637,4,0.57835287,0.27139962,0.15024748,c234,c1
14638,4,0.09940131,0.3341425,0.56645614,c1,c5
14639,2,0.3699392,0.45035318,0.17970759,c234,c234
14640,5,0.33730936,0.43221596,0.23047474,c1,c234
14641,5,0.21856819,0.3682288,0.41320294,c234,c5
14642,3,0.14157178,0.32126454,0.53716373,c1,c5
14643,1,0.42026627,0.39326444,0.18646926,c5,c1
14644,4,0.5377778,0.37296277,0.08925942,c1,c1
14645,1,0.383049,0.2768107,0.34014025,c5,c1
14646,1,0.35239843,0.3459676,0.30163398,c1,c1
14647,2,0.09729861,0.33729193,0.56540954,c234,c5
14648,2,0.47973502,0.3254381,0.1948268,c5,c1
14649,4,0.71632653,0.2091256,0.07454782,c1,c1
14650,5,0.120973594,0.36846355,0.5105628,c234,c5
14651,5,0.17912911,0.42866057,0.39221033,c1,c234
14652,3,0.20874724,0.3299324,0.46132043,c234,c5
14653,1,0.55466896,0.31594443,0.12938663,c234,c1
14654,3,0.12572087,0.4561777,0.4181015,c234,c234
14655,4,0.2816242,0.43205464,0.28632116,c1,c234
14656,4,0.553072,0.347331,0.09959706,c1,c1
14657,3,0.4660884,0.43614253,0.09776902,c5,c1
14658,5,0.47647408,0.2636162,0.2599097,c1,c1
14659,2,0.14833331,0.4230784,0.42858836,c5,c5
14660,5,0.05114723,0.23096743,0.7178854,c234,c5
14661,4,0.092582874,0.30752108,0.59989613,c5,c5
14662,3,0.44827056,0.32305458,0.22867489,c1,c1
14663,5,0.34660584,0.46549907,0.18789506,c5,c234
14664,4,0.62580645,0.29028195,0.08391159,c234,c1
14665,2,0.38799876,0.3714986,0.24050257,c234,c1
14666,1,0.1970234,0.39374575,0.4092309,c234,c5
14667,4,0.34549618,0.43682805,0.21767573,c1,c234
14668,5,0.3713032,0.41411752,0.21457925,c234,c234
14669,3,0.17438088,0.5065627,0.31905642,c234,c234
14670,4,0.17265838,0.31363776,0.5137038,c5,c5
14671,3,0.11743595,0.3939004,0.48866358,c234,c5
14672,4,0.1835838,0.45973027,0.35668597,c234,c234
14673,4,0.27788752,0.3051066,0.41700584,c1,c5
14674,5,0.05767518,0.2712179,0.6711069,c5,c5
14675,2,0.2596464,0.43107352,0.30928013,c1,c234
14676,4,0.8197007,0.13499373,0.04530564,c1,c1
14677,2,0.18243705,0.36326256,0.4543004,c5,c5
14678,3,0.14229026,0.47505733,0.38265234,c1,c234
14679,3,0.11379554,0.30120528,0.58499914,c5,c5
14680,4,0.07532866,0.33677644,0.5878949,c234,c5
14681,2,0.35483497,0.36591995,0.2792451,c5,c234
14682,4,0.08138882,0.28124556,0.6373656,c234,c5
14683,4,0.69479966,0.23786815,0.067332245,c1,c1
14684,5,0.44680917,0.29919636,0.2539944,c5,c1
14685,4,0.6914265,0.23234929,0.07622418,c1,c1
14686,1,0.563662,0.33011833,0.10621969,c1,c1
14687,1,0.26545587,0.47473058,0.25981355,c5,c234
14688,2,0.20265064,0.25555754,0.54179186,c1,c5
14689,5,0.32764477,0.29408005,0.3782752,c5,c5
14690,4,0.27788752,0.3051066,0.41700584,c5,c5
14691,5,0.062656455,0.29457048,0.64277303,c5,c5
14692,4,0.22338346,0.33914623,0.43747038,c5,c5
14693,5,0.66743743,0.26131642,0.07124616,c1,c1
14694,5,0.12531106,0.27686328,0.59782565,c234,c5
14695,1,0.3177258,0.33538055,0.34689367,c5,c5
14696,4,0.45059282,0.34823367,0.20117348,c234,c1
14697,5,0.11209479,0.4691795,0.4187257,c5,c234
14698,4,0.22499849,0.47192323,0.30307826,c1,c234
14699,2,0.0943015,0.23428336,0.6714152,c1,c5
14700,5,0.36667812,0.40163708,0.23168485,c234,c234
14701,5,0.39577046,0.26946405,0.33476546,c1,c1
14702,3,0.24743894,0.30549037,0.44707063,c234,c5
14703,5,0.287878,0.36397022,0.34815174,c5,c234
14704,5,0.42609072,0.35670814,0.21720122,c1,c1
14705,1,0.563662,0.33011833,0.10621969,c234,c1
14706,3,0.06307614,0.16699691,0.7699269,c5,c5
14707,4,0.5991579,0.30090803,0.099933974,c1,c1
14708,4,0.13087392,0.43100896,0.43811715,c5,c5
14709,1,0.383049,0.2768107,0.34014025,c1,c1
14710,2,0.43997124,0.37724724,0.1827815,c1,c1
14711,5,0.21881694,0.41585025,0.3653328,c234,c234
14712,3,0.1805185,0.41859242,0.4008891,c5,c234
14713,3,0.44272676,0.40006796,0.15720527,c234,c1
14714,3,0.32230657,0.49481484,0.18287857,c234,c234
14715,3,0.08151884,0.4012498,0.5172314,c234,c5
14716,5,0.4299805,0.32186365,0.2481559,c234,c1
14717,4,0.54370266,0.3486068,0.10769056,c5,c1
14718,2,0.51053107,0.33954775,0.14992118,c234,c1
14719,2,0.1388766,0.39678338,0.46434003,c1,c5
14720,5,0.2770575,0.31616828,0.4067742,c5,c5
14721,5,0.114977956,0.32073632,0.56428576,c5,c5
14722,5,0.13570821,0.3741539,0.49013788,c234,c5
14723,4,0.12081893,0.2856498,0.59353125,c234,c5
14724,4,0.083451435,0.21233796,0.7042106,c5,c5
14725,4,0.5189185,0.38694784,0.09413366,c234,c1
14726,4,0.5077911,0.3540628,0.13814616,c5,c1
14727,4,0.64053744,0.27548334,0.08397921,c1,c1
14728,3,0.06950418,0.2027006,0.72779524,c5,c5
14729,5,0.06263768,0.29853597,0.6388263,c5,c5
14730,5,0.069373675,0.24016562,0.6904607,c234,c5
14731,1,0.18429849,0.47454545,0.34115615,c5,c234
14732,5,0.27556396,0.3176323,0.40680373,c1,c5
14733,1,0.4039915,0.38337964,0.21262884,c234,c1
14734,1,0.18170574,0.33722007,0.48107412,c234,c5
14735,5,0.25245336,0.3222824,0.4252643,c1,c5
14736,2,0.46694514,0.3578445,0.17521034,c234,c1
14737,3,0.09976207,0.33144823,0.56878966,c234,c5
14738,5,0.42888376,0.3946724,0.1764438,c234,c1
14739,5,0.42827323,0.43544257,0.13628413,c234,c234
14740,5,0.10178482,0.37928608,0.51892906,c1,c5
14741,4,0.5324199,0.34447023,0.123109855,c5,c1
14742,5,0.38780645,0.47156784,0.14062573,c1,c234
14743,4,0.42233098,0.27062145,0.30704755,c234,c1
14744,4,0.08545571,0.22206149,0.69248277,c5,c5
14745,3,0.16897015,0.48940903,0.34162086,c234,c234
14746,1,0.21556404,0.39803475,0.3864012,c5,c234
14747,4,0.19513066,0.32073575,0.48413354,c5,c5
14748,5,0.12473351,0.48002386,0.39524263,c234,c234
14749,4,0.24095736,0.37820098,0.38084164,c5,c5
14750,2,0.6519947,0.24816506,0.099840276,c1,c1
14751,3,0.06358954,0.2433474,0.6930631,c5,c5
14752,2,0.15409626,0.4017498,0.44415396,c1,c5
14753,2,0.5499161,0.37159255,0.078491345,c5,c1
14754,4,0.42233098,0.27062145,0.30704755,c1,c1
14755,4,0.4234812,0.43532684,0.14119197,c1,c234
14756,3,0.42961818,0.45945248,0.110929295,c1,c234
14757,3,0.7395541,0.1823451,0.07810083,c1,c1
14758,4,0.50569224,0.32031146,0.17399625,c234,c1
14759,1,0.05288511,0.2504902,0.69662476,c5,c5
14760,5,0.1962059,0.60185355,0.2019405,c1,c234
14761,2,0.060663942,0.22652477,0.71281123,c5,c5
14762,1,0.21515523,0.32432953,0.46051526,c234,c5
14763,5,0.13585392,0.30488348,0.55926263,c234,c5
14764,4,0.41269413,0.4015624,0.18574353,c1,c1
14765,4,0.62952316,0.26675218,0.10372467,c1,c1
14766,3,0.29037005,0.36442798,0.345202,c5,c234
14767,1,0.4501584,0.4150092,0.13483249,c234,c1
14768,2,0.38309088,0.42456087,0.19234821,c1,c234
14769,4,0.25668016,0.3268394,0.41648048,c1,c5
14770,5,0.28310663,0.42976695,0.28712645,c5,c234
14771,1,0.23831263,0.4266572,0.3350302,c234,c234
14772,1,0.44261876,0.42847747,0.12890378,c5,c1
14773,2,0.26058897,0.38578424,0.3536268,c1,c234
14774,1,0.29715434,0.49337554,0.20947015,c234,c234
14775,3,0.5886638,0.28069106,0.13064507,c1,c1
14776,2,0.14842558,0.36798516,0.4835893,c1,c5
14777,3,0.63224256,0.27676323,0.09099427,c234,c1
14778,2,0.4216613,0.42793566,0.15040304,c1,c234
14779,3,0.23061529,0.3411603,0.4282244,c234,c5
14780,3,0.6192226,0.24361849,0.13715896,c1,c1
14781,5,0.53358823,0.31932095,0.14709082,c1,c1
14782,1,0.06979946,0.30289912,0.6273014,c5,c5
14783,1,0.762502,0.18788843,0.04960955,c1,c1
14784,3,0.3368593,0.3693358,0.2938049,c1,c234
14785,1,0.50509286,0.32797882,0.16692832,c1,c1
14786,4,0.6836755,0.25179434,0.064530104,c234,c1
14787,1,0.56171244,0.3313443,0.10694328,c5,c1
14788,4,0.17716686,0.33018416,0.49264902,c234,c5
14789,2,0.12349949,0.23788449,0.6386161,c5,c5
14790,3,0.3749201,0.45025697,0.17482293,c1,c234
14791,5,0.081259966,0.25896972,0.6597703,c5,c5
14792,3,0.18861067,0.41896218,0.39242715,c5,c234
14793,5,0.7451248,0.19183165,0.06304351,c1,c1
14794,4,0.2912088,0.52080995,0.18798125,c1,c234
14795,2,0.2726301,0.3104899,0.41688004,c1,c5
14796,3,0.124394275,0.33526164,0.54034406,c5,c5
14797,4,0.21689838,0.3488949,0.43420672,c1,c5
14798,4,0.16493171,0.35910246,0.4759658,c1,c5
14799,2,0.5060076,0.35743606,0.13655634,c1,c1
14800,2,0.5052693,0.25027916,0.2444516,c1,c1
14801,5,0.32174256,0.2900167,0.38824072,c5,c5
14802,2,0.5972273,0.30374265,0.09902999,c1,c1
14803,3,0.34295446,0.4623979,0.19464773,c1,c234
14804,3,0.15198214,0.33135223,0.5166656,c5,c5
14805,2,0.4759852,0.27995393,0.24406095,c5,c1
14806,2,0.30810213,0.23984772,0.45205015,c5,c5
14807,2,0.22335216,0.227813,0.54883486,c5,c5
14808,5,0.52177554,0.3017364,0.17648803,c1,c1
14809,2,0.48555037,0.3920125,0.12243711,c1,c1
14810,4,0.38337597,0.4242031,0.19242087,c234,c234
14811,4,0.32292038,0.27665552,0.40042406,c5,c5
14812,1,0.10015963,0.25306466,0.6467757,c5,c5
14813,1,0.563662,0.33011833,0.10621969,c234,c1
14814,5,0.07023142,0.27087283,0.6588958,c5,c5
14815,4,0.48324037,0.3210833,0.19567624,c1,c1
14816,4,0.30921897,0.47867933,0.21210174,c1,c234
14817,4,0.09762591,0.35036483,0.5520093,c1,c5
14818,4,0.09354002,0.2596949,0.64676505,c5,c5
14819,2,0.1929718,0.38171446,0.42531377,c234,c5
14820,1,0.25110084,0.38758555,0.36131358,c5,c234
14821,5,0.26753303,0.438029,0.29443794,c234,c234
14822,4,0.19598295,0.35998413,0.44403294,c5,c5
14823,3,0.33574703,0.34475958,0.31949335,c1,c234
14824,1,0.21840091,0.32429615,0.45730296,c1,c5
14825,4,0.5160281,0.37882686,0.10514506,c1,c1
14826,1,0.25259104,0.44152883,0.3058801,c234,c234
14827,3,0.17157583,0.31494126,0.5134829,c234,c5
14828,2,0.4730514,0.33401355,0.19293502,c234,c1
14829,2,0.58289737,0.31733197,0.09977069,c234,c1
14830,4,0.40560785,0.3342962,0.260096,c234,c1
14831,1,0.64072967,0.26750374,0.09176659,c1,c1
14832,3,0.26755598,0.45368585,0.27875814,c1,c234
14833,3,0.11040666,0.33759478,0.55199856,c5,c5
14834,2,0.08129365,0.28796485,0.6307415,c5,c5
14835,3,0.15031382,0.45827588,0.39141035,c234,c234
14836,4,0.037289295,0.19672213,0.7659885,c5,c5
14837,3,0.6419548,0.2734682,0.08457701,c234,c1
14838,4,0.07513036,0.20259292,0.72227675,c1,c5
14839,3,0.45088324,0.38878056,0.16033621,c1,c1
14840,2,0.07312773,0.27190158,0.6549707,c234,c5
14841,4,0.19779404,0.51870614,0.2834998,c234,c234
14842,1,0.33292973,0.4607906,0.20627967,c234,c234
14843,3,0.64162594,0.29443988,0.06393412,c1,c1
14844,1,0.4373002,0.31031945,0.25238034,c1,c1
14845,2,0.54177886,0.31723428,0.14098684,c5,c1
14846,4,0.5605909,0.2919512,0.14745784,c234,c1
14847,2,0.41375718,0.41751167,0.16873117,c1,c234
14848,3,0.40301532,0.3775479,0.21943681,c1,c1
14849,1,0.14853714,0.3741981,0.47726476,c5,c5
14850,2,0.07908278,0.37170577,0.54921144,c234,c5
14851,5,0.50518966,0.33891997,0.15589033,c234,c1
14852,4,0.44648123,0.38942787,0.16409095,c234,c1
14853,3,0.098478004,0.4193928,0.48212925,c5,c5
14854,4,0.121529184,0.22882716,0.64964366,c5,c5
14855,2,0.107907504,0.28313822,0.6089543,c5,c5
14856,1,0.17869163,0.45497018,0.36633822,c234,c234
14857,5,0.66743743,0.26131642,0.07124616,c5,c1
14858,2,0.51774645,0.33628774,0.14596581,c1,c1
14859,2,0.38533667,0.43931687,0.1753465,c234,c234
14860,4,0.039854903,0.18046926,0.77967584,c1,c5
14861,2,0.15335245,0.28966507,0.5569825,c5,c5
14862,5,0.6303521,0.23405494,0.13559295,c1,c1
14863,4,0.23198658,0.4529895,0.31502396,c5,c234
14864,2,0.29870668,0.4776816,0.22361174,c1,c234
14865,2,0.62504554,0.26644382,0.108510606,c1,c1
14866,2,0.46985322,0.3920024,0.13814434,c234,c1
14867,2,0.048859738,0.15406755,0.79707265,c5,c5
14868,4,0.2935803,0.36979747,0.33662227,c1,c234
14869,2,0.40973172,0.40918192,0.1810864,c234,c1
14870,5,0.266884,0.36036128,0.3727547,c1,c5
14871,3,0.3953676,0.46438068,0.14025176,c5,c234
14872,4,0.0983279,0.26236933,0.6393028,c1,c5
14873,3,0.18121095,0.27275077,0.5460383,c5,c5
14874,5,0.073394455,0.24804789,0.67855763,c5,c5
14875,4,0.51566523,0.3184687,0.16586605,c1,c1
14876,2,0.13020691,0.25223967,0.61755335,c5,c5
14877,3,0.47262725,0.35594755,0.17142518,c1,c1
14878,4,0.078444876,0.23322317,0.68833196,c1,c5
14879,4,0.28001028,0.38422662,0.33576313,c5,c234
14880,2,0.5014048,0.28446516,0.21413007,c1,c1
14881,1,0.24963506,0.4136437,0.33672124,c1,c234
14882,2,0.30059975,0.42076874,0.27863148,c5,c234
14883,2,0.735311,0.20247586,0.062213186,c1,c1
14884,2,0.25757408,0.44396284,0.29846308,c234,c234
14885,3,0.1353506,0.39636335,0.46828607,c1,c5
14886,4,0.42233098,0.27062145,0.30704755,c1,c1
14887,1,0.3581798,0.32187474,0.31994545,c5,c1
14888,2,0.46694514,0.3578445,0.17521034,c5,c1
14889,1,0.05907366,0.38426936,0.55665696,c234,c5
14890,1,0.5443613,0.3433034,0.112335294,c234,c1
14891,2,0.6409823,0.28342906,0.07558868,c234,c1
14892,3,0.19422327,0.29419142,0.5115853,c5,c5
14893,1,0.5905559,0.2440857,0.16535836,c234,c1
14894,3,0.4958995,0.38611263,0.117987916,c234,c1
14895,3,0.44393855,0.40648678,0.14957465,c234,c1
14896,5,0.309135,0.45066816,0.24019685,c1,c234
14897,5,0.08550729,0.2591078,0.6553849,c234,c5
14898,4,0.7242342,0.16278642,0.11297931,c234,c1
14899,2,0.35790804,0.26454994,0.37754205,c234,c5
14900,5,0.5282305,0.32219213,0.14957741,c1,c1
14901,4,0.28843758,0.3091463,0.40241605,c5,c5
14902,4,0.14008388,0.38924694,0.47066915,c5,c5
14903,3,0.0687287,0.24051712,0.6907542,c5,c5
14904,4,0.21017547,0.37458685,0.41523767,c5,c5
14905,4,0.2718273,0.30746657,0.4207061,c5,c5
14906,1,0.09829313,0.23097841,0.67072845,c5,c5
14907,4,0.6075059,0.30741832,0.08507571,c1,c1
14908,4,0.060273983,0.2025646,0.7371614,c5,c5
14909,5,0.27647725,0.29976538,0.42375734,c1,c5
14910,2,0.11300089,0.27998734,0.60701174,c1,c5
14911,5,0.39073938,0.3909302,0.2183304,c1,c234
14912,2,0.3229341,0.26410255,0.4129634,c234,c5
14913,4,0.27788752,0.3051066,0.41700584,c234,c5
14914,3,0.25605583,0.44361457,0.30032957,c5,c234
14915,2,0.46694514,0.3578445,0.17521034,c1,c1
14916,2,0.22330257,0.31112438,0.465573,c1,c5
14917,5,0.105005994,0.3974512,0.49754277,c5,c5
14918,1,0.25195113,0.5231917,0.22485718,c234,c234
14919,4,0.20676255,0.36146483,0.43177262,c1,c5
14920,3,0.36640584,0.27578536,0.35780883,c5,c1
14921,2,0.22330257,0.31112438,0.465573,c5,c5
14922,4,0.41269413,0.4015624,0.18574353,c234,c1
14923,2,0.44640404,0.41864175,0.13495418,c234,c1
14924,3,0.43384027,0.42368692,0.14247279,c234,c1
14925,3,0.6513198,0.23110403,0.117576204,c1,c1
14926,4,0.50228053,0.35769525,0.14002417,c5,c1
14927,2,0.22330257,0.31112438,0.465573,c5,c5
14928,2,0.5114311,0.37108925,0.117479704,c5,c1
14929,3,0.28844848,0.36465532,0.34689626,c234,c234
14930,3,0.28856215,0.44794425,0.26349363,c234,c234
14931,4,0.60021156,0.29805258,0.10173585,c5,c1
14932,2,0.30568826,0.52837545,0.1659363,c234,c234
14933,2,0.060144227,0.27010763,0.66974807,c5,c5
14934,1,0.4179865,0.4243098,0.15770368,c234,c234
14935,4,0.29363418,0.3392108,0.36715508,c5,c5
14936,2,0.16980606,0.34799436,0.48219958,c234,c5
14937,1,0.38166392,0.29094,0.327396,c234,c1
14938,1,0.08495485,0.44166756,0.4733776,c234,c5
14939,3,0.36146963,0.40477738,0.233753,c1,c234
14940,4,0.064855896,0.22758844,0.7075556,c234,c5
14941,5,0.37035304,0.3780727,0.2515742,c5,c234
14942,4,0.53634965,0.34338886,0.120261565,c1,c1
14943,2,0.13808788,0.278265,0.5836471,c5,c5
14944,2,0.064398766,0.25994766,0.6756536,c234,c5
14945,5,0.12569319,0.5166771,0.35762975,c1,c234
14946,4,0.39332283,0.39457315,0.21210407,c234,c234
14947,3,0.15154828,0.33149713,0.5169546,c5,c5
14948,4,0.21297222,0.3163704,0.4706574,c1,c5
14949,5,0.5319608,0.34358552,0.12445361,c1,c1
14950,5,0.122017205,0.3414546,0.53652817,c5,c5
14951,5,0.1287972,0.25192654,0.61927634,c5,c5
14952,4,0.4223947,0.29071516,0.28689012,c1,c1
14953,4,0.70953286,0.22511165,0.06535548,c1,c1
14954,5,0.29866436,0.3710846,0.33025098,c234,c234
14955,4,0.41828012,0.35190487,0.22981496,c1,c1
14956,2,0.13610473,0.2345533,0.6293419,c234,c5
14957,3,0.4700904,0.38470837,0.1452012,c234,c1
14958,4,0.35860866,0.40504447,0.23634689,c1,c234
14959,3,0.5729655,0.30123213,0.12580238,c234,c1
14960,4,0.14578113,0.37481862,0.4794003,c234,c5
14961,5,0.19539447,0.5043461,0.30025947,c1,c234
14962,3,0.4152332,0.32891783,0.25584894,c234,c1
14963,1,0.1894236,0.57106405,0.23951234,c234,c234
14964,3,0.07185279,0.2130124,0.71513474,c5,c5
14965,2,0.051354818,0.22077252,0.7278726,c5,c5
14966,1,0.18474168,0.5417942,0.27346414,c5,c234
14967,5,0.587792,0.2616922,0.15051585,c234,c1
14968,3,0.07947377,0.3093006,0.6112256,c234,c5
14969,5,0.23090781,0.4135011,0.35559106,c1,c234
14970,1,0.45835662,0.32565895,0.21598439,c1,c1
14971,4,0.41269413,0.4015624,0.18574353,c1,c1
14972,1,0.21776134,0.43529615,0.34694245,c234,c234
14973,5,0.25475284,0.529575,0.21567215,c1,c234
14974,3,0.54574746,0.29122746,0.16302513,c5,c1
14975,1,0.17633374,0.32719046,0.49647573,c1,c5
14976,1,0.1073443,0.37120858,0.52144706,c1,c5
14977,5,0.39577046,0.26946405,0.33476546,c5,c1
14978,5,0.3442544,0.43023965,0.22550589,c234,c234
14979,3,0.45445094,0.39608896,0.14946009,c5,c1
14980,5,0.46652222,0.3858174,0.1476604,c234,c1
14981,1,0.12697811,0.41553286,0.4574891,c234,c5
14982,5,0.10843563,0.29526275,0.5963016,c5,c5
14983,5,0.2392106,0.35178688,0.4090025,c5,c5
14984,3,0.29593152,0.4570347,0.24703376,c5,c234
14985,4,0.076208405,0.22470099,0.6990906,c5,c5
14986,4,0.6837018,0.25176558,0.064532585,c1,c1
14987,4,0.27843428,0.36076084,0.3608049,c1,c5
14988,2,0.73410505,0.18802813,0.07786681,c5,c1
14989,1,0.2854188,0.3241086,0.39047265,c5,c5
14990,2,0.1907955,0.30443475,0.5047698,c5,c5
14991,1,0.6888465,0.23890324,0.07225025,c234,c1
14992,1,0.09170189,0.1992289,0.70906925,c234,c5
14993,1,0.12602383,0.5203178,0.35365835,c234,c234
14994,4,0.37207884,0.29277977,0.3351414,c234,c1
14995,1,0.057338875,0.24276502,0.69989616,c5,c5
14996,5,0.0672735,0.20094272,0.7317838,c234,c5
14997,3,0.119578615,0.22604601,0.6543753,c5,c5
14998,4,0.5711871,0.30949414,0.11931879,c5,c1
14999,5,0.34102833,0.46335062,0.19562104,c1,c234
15000,1,0.3809296,0.39294964,0.22612077,c1,c234
15001,3,0.5522315,0.34986466,0.09790394,c1,c1
15002,1,0.25420898,0.2995314,0.44625962,c234,c5
15003,1,0.27809757,0.33252448,0.38937795,c234,c5
15004,2,0.28368127,0.45881894,0.2574998,c1,c234
15005,1,0.25227833,0.32192138,0.4258003,c1,c5
15006,1,0.38061184,0.41133863,0.20804952,c1,c234
15007,3,0.12122034,0.29707128,0.5817084,c5,c5
15008,1,0.18778859,0.42849022,0.38372126,c234,c234
15009,1,0.4788729,0.3876611,0.13346606,c1,c1
15010,2,0.19538294,0.45151466,0.35310245,c5,c234
15011,4,0.43260264,0.28153428,0.2858631,c5,c1
15012,5,0.16298456,0.5926898,0.2443256,c234,c234
15013,3,0.078805536,0.25553894,0.6656555,c5,c5
15014,2,0.30238774,0.46567506,0.23193718,c5,c234
15015,4,0.29852226,0.33050463,0.37097314,c234,c5
15016,3,0.45010927,0.41374996,0.1361408,c234,c1
15017,5,0.26491585,0.38478038,0.35030377,c234,c234
15018,2,0.12083687,0.26219794,0.6169652,c5,c5
15019,1,0.31958634,0.4697593,0.2106543,c234,c234
15020,3,0.43700385,0.33400074,0.22899538,c234,c1
15021,4,0.62753975,0.28556037,0.08689984,c5,c1
15022,3,0.26789805,0.45738184,0.27472016,c234,c234
15023,4,0.16740817,0.34865314,0.48393875,c234,c5
15024,1,0.5075886,0.36997974,0.12243157,c1,c1
15025,4,0.048696037,0.14675243,0.8045516,c234,c5
15026,4,0.11962237,0.4247198,0.45565784,c5,c5
15027,1,0.40281445,0.40604812,0.19113743,c5,c234
15028,4,0.6755848,0.256337,0.06807818,c1,c1
15029,1,0.12902674,0.43320078,0.4377725,c234,c5
15030,4,0.048968796,0.2964755,0.65455574,c5,c5
15031,4,0.6914265,0.23234929,0.07622418,c5,c1
15032,2,0.7156297,0.21104968,0.073320664,c1,c1
15033,2,0.3622914,0.2782366,0.359472,c5,c1
15034,5,0.14108914,0.3130199,0.5458909,c5,c5
15035,4,0.1293165,0.2316741,0.63900936,c5,c5
15036,4,0.42233098,0.27062145,0.30704755,c1,c1
15037,1,0.10708167,0.33757418,0.5553441,c5,c5
15038,4,0.37835386,0.41175342,0.20989273,c5,c234
15039,3,0.10885569,0.25547945,0.6356649,c5,c5
15040,2,0.34522396,0.28863034,0.36614567,c234,c5
15041,3,0.20801553,0.4566831,0.33530137,c234,c234
15042,4,0.15418154,0.3543929,0.4914255,c1,c5
15043,4,0.34465495,0.35626894,0.2990761,c5,c234
15044,1,0.097735,0.2615205,0.6407445,c234,c5
15045,1,0.13426632,0.49328882,0.37244487,c5,c234
15046,2,0.60248846,0.23941945,0.15809211,c234,c1
15047,3,0.11024699,0.2101078,0.6796452,c5,c5
15048,4,0.50301284,0.37067208,0.12631512,c234,c1
15049,4,0.19103378,0.3862759,0.42269027,c234,c5
15050,1,0.70589226,0.19678642,0.09732126,c1,c1
15051,4,0.31514308,0.37511063,0.30974635,c5,c234
15052,3,0.47218138,0.2618798,0.26593888,c5,c1
15053,3,0.21665438,0.45854533,0.3248003,c234,c234
15054,1,0.10030677,0.36165977,0.5380334,c234,c5
15055,4,0.63686067,0.26359594,0.099543415,c234,c1
15056,1,0.35320178,0.4464667,0.20033146,c1,c234
15057,4,0.31302112,0.3806298,0.30634907,c5,c234
15058,5,0.21804656,0.5228112,0.25914225,c234,c234
15059,4,0.52284926,0.26907405,0.20807664,c234,c1
15060,4,0.74563044,0.19207904,0.062290456,c1,c1
15061,1,0.08985514,0.24943417,0.6607107,c1,c5
15062,2,0.3593403,0.28057286,0.3600868,c234,c5
15063,1,0.0834348,0.32077667,0.5957885,c234,c5
15064,1,0.33270624,0.43805537,0.22923835,c234,c234
15065,5,0.086712554,0.27848017,0.6348073,c5,c5
15066,4,0.47971416,0.32278562,0.19750014,c1,c1
15067,3,0.20012406,0.26588294,0.533993,c5,c5
15068,3,0.17567131,0.4006457,0.42368308,c234,c5
15069,3,0.5336471,0.32960176,0.1367511,c5,c1
15070,4,0.10480742,0.3548187,0.54037386,c5,c5
15071,5,0.09042414,0.25530913,0.6542668,c1,c5
15072,3,0.18807882,0.43421116,0.37771,c234,c234
15073,4,0.4178891,0.33150947,0.25060138,c1,c1
15074,1,0.14057754,0.3104415,0.548981,c234,c5
15075,1,0.14724655,0.36640143,0.486352,c5,c5
15076,5,0.1124631,0.32717532,0.56036156,c1,c5
15077,2,0.58322257,0.32063466,0.0961428,c1,c1
15078,4,0.6087247,0.27850744,0.11276783,c234,c1
15079,3,0.34391758,0.36333805,0.29274434,c5,c234
15080,4,0.102169156,0.38501796,0.5128129,c234,c5
15081,1,0.24244499,0.32519177,0.43236324,c1,c5
15082,5,0.34762907,0.35626405,0.29610687,c1,c234
15083,5,0.09404446,0.33685297,0.5691025,c5,c5
15084,1,0.5294361,0.3318439,0.13871995,c234,c1
15085,5,0.3295421,0.3827892,0.28766868,c1,c234
15086,2,0.2095362,0.2591694,0.53129447,c5,c5
15087,4,0.36719045,0.42918435,0.2036252,c5,c234
15088,4,0.19525978,0.5037523,0.3009879,c5,c234
15089,3,0.038395293,0.105470665,0.85613406,c5,c5
15090,2,0.5183205,0.37534285,0.10633659,c1,c1
15091,3,0.12111411,0.44823918,0.43064666,c234,c234
15092,4,0.14352132,0.34140205,0.51507664,c5,c5
15093,5,0.40033543,0.45463732,0.1450273,c234,c234
15094,3,0.61315227,0.26646405,0.120383635,c234,c1
15095,2,0.25600913,0.3675228,0.37646806,c5,c5
15096,4,0.20451653,0.44344535,0.35203817,c1,c234
15097,2,0.29099756,0.4792325,0.22976992,c1,c234
15098,3,0.21030574,0.43874303,0.35095125,c234,c234
15099,1,0.6434723,0.27563298,0.080894716,c5,c1
15100,5,0.06457466,0.23505375,0.7003716,c234,c5
15101,1,0.37010357,0.43167934,0.19821706,c1,c234
15102,2,0.054083638,0.1449298,0.8009865,c5,c5
15103,2,0.5478313,0.3528871,0.099281535,c234,c1
15104,5,0.38356158,0.3961238,0.22031467,c1,c234
15105,3,0.47922114,0.39385986,0.12691899,c234,c1
15106,3,0.17515457,0.44990128,0.37494418,c5,c234
15107,1,0.30651695,0.48395848,0.20952456,c234,c234
15108,1,0.1159857,0.40138534,0.4826289,c5,c5
15109,1,0.32915482,0.41740063,0.25344458,c1,c234
15110,5,0.4175556,0.42216828,0.16027613,c5,c234
15111,2,0.49583083,0.34417596,0.1599932,c1,c1
15112,2,0.18204163,0.22960307,0.58835536,c234,c5
15113,5,0.22825348,0.49600193,0.2757446,c234,c234
15114,1,0.6718264,0.25907144,0.06910216,c5,c1
15115,3,0.27958646,0.5008564,0.21955714,c1,c234
15116,5,0.16978665,0.39121583,0.43899754,c1,c5
15117,5,0.33730936,0.43221596,0.23047474,c1,c234
15118,1,0.088323824,0.45338976,0.4582864,c234,c5
15119,2,0.21512517,0.3681806,0.4166943,c5,c5
15120,4,0.078578524,0.19209184,0.72932965,c5,c5
15121,1,0.0910838,0.29582217,0.613094,c5,c5
15122,1,0.38986158,0.39301527,0.21712314,c1,c234
15123,5,0.55072683,0.2530971,0.19617604,c5,c1
15124,2,0.67779773,0.24845915,0.07374309,c1,c1
15125,5,0.09996602,0.29124543,0.60878855,c234,c5
15126,1,0.50950176,0.3421886,0.14830968,c234,c1
15127,3,0.20286638,0.4596285,0.33750513,c234,c234
15128,4,0.22613676,0.41108343,0.36277986,c234,c234
15129,3,0.33260465,0.37963784,0.2877575,c234,c234
15130,5,0.25236687,0.3621614,0.38547173,c234,c5
15131,1,0.2839483,0.3586596,0.35739213,c5,c234
15132,5,0.34678054,0.2874824,0.3657371,c5,c5
15133,2,0.43731752,0.40549076,0.15719172,c234,c1
15134,3,0.45653725,0.42814475,0.11531802,c234,c1
15135,3,0.24226053,0.4886634,0.26907608,c5,c234
15136,2,0.5774657,0.30492824,0.11760606,c5,c1
15137,2,0.18854617,0.34763718,0.46381667,c5,c5
15138,1,0.32160833,0.33339313,0.3449985,c5,c5
15139,2,0.6450337,0.2745849,0.080381416,c5,c1
15140,1,0.3817123,0.31768915,0.30059853,c1,c1
15141,4,0.21064179,0.43400645,0.35535178,c1,c234
15142,1,0.5751841,0.34442377,0.08039216,c234,c1
15143,4,0.22735311,0.34025747,0.4323894,c234,c5
15144,3,0.21359049,0.49904358,0.2873659,c5,c234
15145,5,0.5021969,0.36939383,0.1284093,c5,c1
15146,3,0.15892708,0.3663725,0.4747004,c5,c5
15147,1,0.37699187,0.43774548,0.18526262,c5,c234
15148,3,0.095172465,0.29889727,0.60593027,c5,c5
15149,3,0.273029,0.50485086,0.22212008,c1,c234
15150,5,0.16597654,0.41808075,0.41594276,c234,c234
15151,2,0.44555035,0.27279204,0.2816576,c5,c1
15152,3,0.10633357,0.49772018,0.3959462,c234,c234
15153,1,0.3540859,0.4144851,0.23142906,c234,c234
15154,2,0.2359153,0.31819588,0.44588876,c5,c5
15155,5,0.0769002,0.27985078,0.64324903,c1,c5
15156,2,0.24648263,0.38390943,0.36960796,c234,c234
15157,3,0.2573578,0.5224855,0.22015667,c5,c234
15158,2,0.5371833,0.31681696,0.14599976,c5,c1
15159,5,0.20135248,0.47022042,0.32842708,c234,c234
15160,4,0.12316238,0.5038079,0.3730297,c234,c234
15161,2,0.09047458,0.3067448,0.60278064,c5,c5
15162,2,0.5396736,0.32374227,0.13658418,c1,c1
15163,5,0.44723418,0.33426854,0.21849734,c1,c1
15164,4,0.18133867,0.29201546,0.5266459,c5,c5
15165,2,0.38514414,0.2743444,0.3405114,c234,c1
15166,3,0.3170775,0.38438746,0.29853505,c234,c234
15167,1,0.35451764,0.3356762,0.30980614,c1,c1
15168,2,0.60570407,0.30509743,0.08919851,c1,c1
15169,1,0.36564738,0.33015347,0.3041992,c1,c1
15170,4,0.39184624,0.396562,0.21159172,c234,c234
15171,1,0.23196428,0.45062965,0.3174061,c234,c234
15172,4,0.20658603,0.4490275,0.34438643,c234,c234
15173,4,0.092492186,0.25791678,0.649591,c5,c5
15174,3,0.3501062,0.3032322,0.34666154,c5,c1
15175,5,0.18946834,0.45785207,0.35267952,c234,c234
15176,2,0.60570407,0.30509743,0.08919851,c1,c1
15177,1,0.7070084,0.21707793,0.075913705,c1,c1
15178,2,0.49789566,0.3616321,0.14047222,c1,c1
15179,3,0.04701301,0.20745642,0.7455306,c5,c5
15180,2,0.10578724,0.31559116,0.57862157,c1,c5
15181,4,0.17914729,0.2618537,0.55899906,c1,c5
15182,1,0.10889987,0.30411515,0.586985,c234,c5
15183,4,0.55645615,0.25896573,0.1845781,c5,c1
15184,1,0.2340555,0.5606481,0.2052964,c234,c234
15185,3,0.13527925,0.28535673,0.57936406,c1,c5
15186,4,0.26607195,0.3473623,0.38656574,c1,c5
15187,1,0.76779383,0.18181132,0.05039482,c1,c1
15188,5,0.5247352,0.331108,0.1441568,c234,c1
15189,3,0.38562596,0.41244304,0.20193094,c1,c234
15190,5,0.47034118,0.36402872,0.16563013,c1,c1
15191,5,0.044100676,0.2208397,0.7350596,c5,c5
15192,2,0.55060846,0.29694036,0.15245116,c1,c1
15193,4,0.105525404,0.3717528,0.52272177,c234,c5
15194,4,0.58604515,0.3118167,0.10213817,c234,c1
15195,1,0.34234685,0.36344895,0.2942042,c234,c234
15196,5,0.17071636,0.4645086,0.36477506,c234,c234
15197,3,0.10480266,0.32974494,0.56545234,c5,c5
15198,3,0.08952402,0.3920203,0.5184557,c234,c5
15199,2,0.2782971,0.4757165,0.24598639,c234,c234
15200,4,0.1317017,0.31516552,0.5531328,c5,c5
15201,4,0.15568599,0.31311533,0.5311986,c234,c5
15202,3,0.19853297,0.34735328,0.45411375,c234,c5
15203,3,0.5498203,0.36181554,0.08836416,c1,c1
15204,5,0.09089801,0.16999613,0.7391059,c1,c5
15205,4,0.1808975,0.44391614,0.37518635,c5,c234
15206,5,0.1267631,0.50455034,0.3686866,c234,c234
15207,1,0.53041136,0.3806445,0.08894412,c234,c1
15208,2,0.47673056,0.38493878,0.13833064,c1,c1
15209,4,0.341735,0.383023,0.275242,c5,c234
15210,5,0.31977087,0.36797538,0.31225374,c1,c234
15211,2,0.060879935,0.20823567,0.7308843,c5,c5
15212,1,0.37465286,0.3012902,0.32405698,c5,c1
15213,1,0.40752056,0.3825265,0.20995294,c234,c1
15214,2,0.2809687,0.32269302,0.39633822,c1,c5
15215,1,0.099787444,0.28684747,0.6133651,c5,c5
15216,4,0.42233098,0.27062145,0.30704755,c5,c1
15217,4,0.68289614,0.2530239,0.06407997,c234,c1
15218,4,0.38024515,0.39049983,0.22925496,c5,c234
15219,2,0.1571762,0.40362358,0.4392002,c234,c5
15220,1,0.051583204,0.2272349,0.7211819,c1,c5
15221,2,0.24456048,0.46205926,0.29338023,c5,c234
15222,3,0.25109306,0.35286823,0.39603877,c234,c5
15223,2,0.46361238,0.25911236,0.27727526,c234,c1
15224,2,0.65313655,0.27514118,0.07172231,c1,c1
15225,4,0.28723153,0.33033928,0.38242918,c1,c5
15226,1,0.19508742,0.284613,0.52029955,c234,c5
15227,3,0.6118447,0.2569925,0.1311628,c5,c1
15228,2,0.1913876,0.49533206,0.31328037,c234,c234
15229,3,0.31991914,0.43028808,0.24979277,c5,c234
15230,1,0.47333834,0.3410733,0.18558837,c234,c1
15231,2,0.10824008,0.30804634,0.58371353,c234,c5
15232,5,0.10388354,0.50291383,0.39320263,c234,c234
15233,1,0.47154292,0.3430302,0.18542686,c234,c1
15234,5,0.66743743,0.26131642,0.07124616,c1,c1
15235,4,0.117381416,0.27415544,0.60846317,c234,c5
15236,1,0.09559202,0.31596962,0.5884384,c5,c5
15237,5,0.13978195,0.46259925,0.39761886,c5,c234
15238,4,0.64053744,0.27548334,0.08397921,c1,c1
15239,1,0.34277138,0.31506345,0.3421652,c5,c1
15240,5,0.03731898,0.12483857,0.83784246,c5,c5
15241,3,0.171346,0.5385867,0.29006732,c1,c234
15242,2,0.38157395,0.32043862,0.29798743,c234,c1
15243,1,0.47627756,0.31555048,0.20817189,c234,c1
15244,2,0.38158455,0.33475938,0.28365612,c1,c1
15245,5,0.6916513,0.22578314,0.08256564,c5,c1
15246,1,0.44261876,0.42847747,0.12890378,c234,c1
15247,3,0.18755943,0.5403415,0.27209905,c234,c234
15248,2,0.14425002,0.35667375,0.49907628,c234,c5
15249,3,0.25422937,0.4589192,0.28685144,c1,c234
15250,3,0.5626625,0.33355984,0.10377762,c1,c1
15251,4,0.13090031,0.4658983,0.40320137,c5,c234
15252,5,0.3866846,0.3613107,0.2520047,c1,c1
15253,4,0.5555042,0.346778,0.09771775,c234,c1
15254,5,0.1847024,0.42902675,0.38627085,c234,c234
15255,5,0.2055595,0.5118794,0.28256106,c1,c234
15256,2,0.037165526,0.16975108,0.7930835,c5,c5
15257,5,0.3663291,0.38162008,0.25205082,c234,c234
15258,3,0.2923455,0.37927112,0.32838336,c5,c234
15259,1,0.11529832,0.29313356,0.59156805,c1,c5
15260,1,0.06782126,0.29496193,0.63721687,c5,c5
15261,2,0.22766587,0.30325115,0.46908292,c1,c5
15262,3,0.59738153,0.30066773,0.10195073,c1,c1
15263,3,0.07795362,0.33295867,0.58908767,c234,c5
15264,1,0.23166169,0.32893625,0.439402,c1,c5
15265,5,0.35212174,0.42969415,0.21818411,c1,c234
15266,2,0.25344795,0.49251556,0.25403646,c234,c234
15267,1,0.42049196,0.38146278,0.1980453,c1,c1
15268,5,0.33659327,0.3875584,0.27584833,c1,c234
15269,5,0.52987486,0.3442074,0.12591778,c1,c1
15270,3,0.5598076,0.33060384,0.10958864,c1,c1
15271,4,0.15486462,0.39449635,0.450639,c234,c5
15272,5,0.080492206,0.29406908,0.6254387,c1,c5
15273,4,0.46148366,0.38211665,0.15639979,c234,c1
15274,2,0.47554857,0.41569322,0.10875822,c5,c1
15275,4,0.12997614,0.4970345,0.37298945,c5,c234
15276,2,0.20394963,0.42475635,0.371294,c5,c234
15277,2,0.46694514,0.3578445,0.17521034,c5,c1
15278,4,0.15122163,0.29832694,0.55045146,c5,c5
15279,4,0.27788752,0.3051066,0.41700584,c234,c5
15280,4,0.13356091,0.26169118,0.60474783,c234,c5
15281,2,0.7350536,0.20078082,0.06416558,c234,c1
15282,5,0.16638403,0.4568286,0.37678745,c5,c234
15283,1,0.05322017,0.35181636,0.59496343,c234,c5
15284,3,0.08152593,0.30628914,0.61218494,c5,c5
15285,3,0.31931812,0.38620692,0.294475,c1,c234
15286,1,0.40279567,0.3488673,0.24833703,c234,c1
15287,5,0.47352916,0.30164173,0.22482908,c234,c1
15288,1,0.06897038,0.32465056,0.6063791,c5,c5
15289,2,0.43933675,0.35022703,0.21043614,c1,c1
15290,2,0.47908106,0.32918692,0.19173196,c1,c1
15291,5,0.13837379,0.48914263,0.37248364,c234,c234
15292,2,0.2962814,0.3031502,0.40056837,c234,c5
15293,2,0.27359146,0.37308887,0.3533197,c5,c234
15294,2,0.1848495,0.38620114,0.42894936,c234,c5
15295,5,0.2429926,0.44199452,0.31501284,c234,c234
15296,4,0.1960573,0.444744,0.35919872,c1,c234
15297,4,0.6312239,0.3068838,0.061892252,c234,c1
15298,3,0.20213893,0.27521402,0.5226471,c1,c5
15299,3,0.2178438,0.44491783,0.33723837,c234,c234
15300,5,0.61832,0.27814636,0.10353365,c234,c1
15301,1,0.32407653,0.46478525,0.21113822,c234,c234
15302,5,0.46736306,0.28305507,0.24958187,c234,c1
15303,1,0.339058,0.34656933,0.3143727,c5,c234
15304,2,0.08566247,0.19252713,0.72181046,c5,c5
15305,5,0.6916513,0.22578314,0.08256564,c5,c1
15306,1,0.62928987,0.27902848,0.09168167,c1,c1
15307,4,0.111033656,0.3659367,0.5230296,c234,c5
15308,3,0.59293383,0.26119274,0.1458734,c1,c1
15309,2,0.21715434,0.38683605,0.3960096,c5,c5
15310,5,0.6761636,0.23330538,0.09053104,c1,c1
15311,3,0.49790236,0.3796637,0.12243398,c1,c1
15312,2,0.2584131,0.23017429,0.51141256,c1,c5
15313,1,0.3446194,0.3079735,0.34740707,c5,c5
15314,1,0.10192851,0.2401946,0.65787685,c5,c5
15315,5,0.1035355,0.23632345,0.66014105,c1,c5
15316,1,0.22375238,0.44227707,0.33397055,c234,c234
15317,3,0.34078154,0.4677304,0.1914881,c234,c234
15318,5,0.039640233,0.19241963,0.76794016,c1,c5
15319,5,0.22566597,0.4566375,0.31769657,c5,c234
15320,2,0.4068617,0.41478506,0.17835328,c5,c234
15321,4,0.079941556,0.27824116,0.6418173,c1,c5
15322,1,0.2202117,0.3756459,0.40414235,c5,c5
15323,5,0.13637348,0.44151056,0.42211595,c234,c234
15324,1,0.29066372,0.4769474,0.23238887,c1,c234
15325,1,0.52897143,0.35239244,0.11863617,c234,c1
15326,1,0.06439486,0.23922671,0.69637835,c5,c5
15327,3,0.36747465,0.45652086,0.17600447,c1,c234
15328,1,0.54961103,0.33112028,0.11926869,c1,c1
15329,5,0.36656585,0.42563927,0.20779485,c234,c234
15330,1,0.2258646,0.5165046,0.2576308,c234,c234
15331,5,0.1503601,0.34764016,0.50199974,c1,c5
15332,4,0.14009067,0.31443003,0.5454793,c234,c5
15333,5,0.66213846,0.25666758,0.081194036,c1,c1
15334,2,0.16242418,0.31937265,0.5182032,c234,c5
15335,5,0.23251277,0.50501084,0.26247635,c5,c234
15336,1,0.10909048,0.31031498,0.58059454,c5,c5
15337,3,0.1064622,0.36591795,0.52761984,c1,c5
15338,3,0.43293905,0.42831323,0.13874775,c1,c1
15339,3,0.55057967,0.3431536,0.10626672,c234,c1
15340,1,0.13174914,0.47607127,0.3921796,c234,c234
15341,2,0.46694514,0.3578445,0.17521034,c234,c1
15342,4,0.49552542,0.39439273,0.11008185,c1,c1
15343,4,0.3293396,0.376692,0.29396847,c5,c234
15344,5,0.22420105,0.39358118,0.38221774,c5,c234
15345,2,0.27984822,0.2785701,0.4415817,c234,c5
15346,5,0.050730076,0.13052794,0.8187419,c5,c5
15347,3,0.31064853,0.28712764,0.40222383,c5,c5
15348,2,0.24274062,0.42433628,0.33292308,c234,c234
15349,1,0.07694116,0.28758612,0.63547266,c5,c5
15350,1,0.549155,0.2869221,0.16392292,c234,c1
15351,3,0.093336806,0.32561842,0.58104473,c5,c5
15352,5,0.42319584,0.4209289,0.15587522,c1,c1
15353,2,0.10763675,0.29755762,0.5948057,c5,c5
15354,2,0.24456048,0.46205926,0.29338023,c5,c234
15355,3,0.4286916,0.41927248,0.1520359,c1,c1
15356,4,0.59545314,0.30056617,0.10398072,c1,c1
15357,1,0.451854,0.31015188,0.23799409,c234,c1
15358,5,0.4941893,0.3488961,0.1569146,c1,c1
15359,1,0.09603452,0.42475992,0.47920555,c234,c5
15360,3,0.5443213,0.3311617,0.12451697,c1,c1
15361,3,0.27853984,0.48927054,0.2321896,c234,c234
15362,1,0.055477683,0.21588491,0.72863734,c234,c5
15363,4,0.3326469,0.48529997,0.1820531,c1,c234
15364,1,0.29853436,0.382044,0.31942165,c1,c234
15365,3,0.23845243,0.43104434,0.33050323,c5,c234
15366,4,0.03504756,0.19783215,0.76712024,c5,c5
15367,4,0.299112,0.45534033,0.24554773,c234,c234
15368,5,0.564122,0.31923726,0.11664074,c1,c1
15369,3,0.23787013,0.32908297,0.43304688,c1,c5
15370,3,0.5504715,0.29441246,0.15511605,c1,c1
15371,1,0.28729963,0.4175085,0.2951918,c234,c234
15372,5,0.124454536,0.45390406,0.42164147,c234,c234
15373,5,0.4066399,0.36531144,0.22804864,c5,c1
15374,2,0.27236676,0.50674057,0.22089268,c234,c234
15375,3,0.25858867,0.32326573,0.4181455,c5,c5
15376,2,0.3229341,0.26410255,0.4129634,c234,c5
15377,2,0.16224267,0.22560938,0.6121479,c5,c5
15378,3,0.12282124,0.42039666,0.4567821,c234,c5
15379,2,0.055456646,0.24681613,0.6977272,c5,c5
15380,3,0.40822765,0.39412525,0.19764711,c234,c1
15381,1,0.34103873,0.44741222,0.21154907,c234,c234
15382,4,0.42233098,0.27062145,0.30704755,c1,c1
15383,2,0.10386189,0.2502032,0.6459349,c1,c5
15384,4,0.51461667,0.27917814,0.20620516,c1,c1
15385,4,0.39012533,0.41946405,0.19041061,c1,c234
15386,1,0.33598816,0.31870967,0.3453021,c234,c5
15387,5,0.57316905,0.32321078,0.10362013,c1,c1
15388,4,0.59893095,0.32603085,0.07503824,c1,c1
15389,4,0.11262085,0.23261127,0.6547679,c5,c5
15390,3,0.26540276,0.45689854,0.27769867,c5,c234
15391,4,0.19088666,0.47014773,0.3389656,c5,c234
15392,2,0.37533265,0.27624667,0.34842074,c234,c1
15393,3,0.51698226,0.3473292,0.13568853,c1,c1
15394,5,0.510597,0.3467124,0.14269055,c5,c1
15395,2,0.16823225,0.49001563,0.34175214,c1,c234
15396,3,0.3065399,0.4275803,0.26587984,c1,c234
15397,2,0.59443647,0.3084296,0.097133905,c1,c1
15398,4,0.16565512,0.28772393,0.54662097,c5,c5
15399,5,0.24936791,0.46673444,0.28389767,c5,c234
15400,3,0.22334546,0.3815967,0.39505786,c5,c5
15401,1,0.2000506,0.32285655,0.4770928,c5,c5
15402,3,0.29044306,0.39679477,0.3127622,c5,c234
15403,3,0.1379593,0.35220546,0.50983524,c5,c5
15404,3,0.15962519,0.43966454,0.40071028,c234,c234
15405,2,0.17504035,0.58811975,0.23683996,c234,c234
15406,1,0.11370344,0.24869433,0.63760227,c1,c5
15407,2,0.09240018,0.32046765,0.58713216,c5,c5
15408,1,0.11578353,0.42269215,0.46152434,c5,c5
15409,4,0.05190045,0.11291906,0.8351804,c5,c5
15410,3,0.13853814,0.38448223,0.4769796,c5,c5
15411,1,0.45442438,0.30570123,0.23987441,c1,c1
15412,4,0.22498675,0.29050657,0.48450673,c5,c5
15413,3,0.11754198,0.32877055,0.5536874,c234,c5
15414,4,0.13529764,0.28639016,0.5783122,c5,c5
15415,1,0.563662,0.33011833,0.10621969,c1,c1
15416,2,0.11182704,0.24150288,0.64667004,c234,c5
15417,3,0.292138,0.4315412,0.27632076,c5,c234
15418,2,0.2372496,0.38868338,0.374067,c1,c234
15419,3,0.3618674,0.39690027,0.24123228,c234,c234
15420,5,0.23300254,0.52004004,0.24695742,c5,c234
15421,1,0.60009456,0.3178143,0.08209108,c234,c1
15422,2,0.047723133,0.21084726,0.7414296,c5,c5
15423,5,0.03732296,0.12474526,0.8379319,c5,c5
15424,5,0.23036781,0.54605204,0.22358015,c1,c234
15425,2,0.1824274,0.23427005,0.5833025,c5,c5
15426,3,0.55287373,0.33480313,0.11232312,c1,c1
15427,2,0.27666765,0.2642238,0.4591086,c1,c5
15428,1,0.3465617,0.43491128,0.21852703,c5,c234
15429,4,0.16083126,0.2918862,0.54728246,c234,c5
15430,4,0.17147246,0.4145672,0.41396037,c5,c234
15431,2,0.12636338,0.26754394,0.6060927,c234,c5
15432,1,0.2796458,0.39668128,0.32367292,c5,c234
15433,1,0.1531587,0.46535602,0.38148528,c5,c234
15434,4,0.45644757,0.36654213,0.17701036,c234,c1
15435,4,0.0791416,0.29896912,0.6218893,c5,c5
15436,4,0.1615148,0.23691808,0.6015671,c5,c5
15437,2,0.462351,0.35913557,0.17851348,c5,c1
15438,4,0.50677085,0.2648096,0.22841951,c1,c1
15439,5,0.15724836,0.36938167,0.47337002,c234,c5
15440,4,0.47963554,0.3734038,0.1469607,c5,c1
15441,2,0.34169626,0.4831795,0.17512426,c1,c234
15442,2,0.4210312,0.37392476,0.20504399,c5,c1
15443,2,0.44319582,0.4441707,0.11263343,c1,c234
15444,2,0.081784785,0.3076745,0.61054075,c1,c5
15445,4,0.33415613,0.38661188,0.27923197,c5,c234
15446,5,0.07954516,0.21355057,0.70690423,c5,c5
15447,3,0.15130565,0.42455438,0.42413998,c5,c234
15448,2,0.3395672,0.38808206,0.27235076,c5,c234
15449,5,0.23198487,0.39471593,0.3732992,c5,c234
15450,1,0.4908697,0.3687681,0.1403621,c1,c1
15451,3,0.21633019,0.2192546,0.5644152,c5,c5
15452,4,0.32773015,0.46466267,0.20760718,c5,c234
15453,4,0.17905489,0.47999528,0.34094983,c234,c234
15454,1,0.2321809,0.4244475,0.3433716,c234,c234
15455,1,0.22366397,0.3059504,0.47038567,c5,c5
15456,5,0.3828769,0.44327834,0.17384475,c5,c234
15457,5,0.37461486,0.39557558,0.22980957,c234,c234
15458,5,0.36053708,0.36796233,0.27150065,c1,c234
15459,4,0.10111954,0.24654356,0.65233696,c1,c5
15460,3,0.7325034,0.1779369,0.089559704,c1,c1
15461,2,0.052537993,0.2451975,0.7022645,c234,c5
15462,2,0.13771741,0.47415394,0.38812858,c1,c234
15463,2,0.4147087,0.42975742,0.15553388,c5,c234
15464,5,0.22088248,0.5161439,0.26297367,c234,c234
15465,2,0.40759894,0.2640667,0.32833433,c1,c1
15466,2,0.093697295,0.36367857,0.5426242,c1,c5
15467,1,0.31697285,0.5523967,0.1306304,c1,c234
15468,3,0.06008419,0.22209823,0.7178176,c5,c5
15469,2,0.5216528,0.37244457,0.105902605,c234,c1
15470,1,0.2044197,0.51253283,0.28304747,c234,c234
15471,2,0.49486536,0.26731855,0.2378161,c1,c1
15472,2,0.16445094,0.30663535,0.5289137,c5,c5
15473,5,0.42251247,0.43011013,0.14737734,c234,c234
15474,1,0.14473249,0.27834985,0.57691765,c234,c5
15475,3,0.07051481,0.2656657,0.6638195,c1,c5
15476,4,0.09632758,0.2963479,0.60732454,c5,c5
15477,5,0.5825659,0.27473992,0.14269422,c1,c1
15478,4,0.15264378,0.38874418,0.45861205,c1,c5
15479,1,0.37844223,0.31823206,0.3033257,c1,c1
15480,4,0.32109195,0.4454928,0.2334152,c234,c234
15481,2,0.4035129,0.35860717,0.23787993,c234,c1
15482,5,0.10443322,0.27672803,0.6188387,c5,c5
15483,4,0.11125175,0.421503,0.46724525,c234,c5
15484,4,0.05534639,0.3167904,0.6278632,c234,c5
15485,4,0.22745024,0.5513156,0.22123413,c1,c234
15486,5,0.28158912,0.45410633,0.26430458,c1,c234
15487,5,0.12496203,0.4834932,0.39154473,c5,c234
15488,2,0.1560443,0.36704582,0.47690988,c1,c5
15489,4,0.15640914,0.34238046,0.50121045,c1,c5
15490,5,0.06781455,0.27094305,0.6612424,c5,c5
15491,1,0.1509787,0.30066046,0.5483609,c5,c5
15492,3,0.28180242,0.26644716,0.4517505,c5,c5
15493,1,0.10842949,0.29209146,0.599479,c1,c5
15494,1,0.5379303,0.31152025,0.15054944,c1,c1
15495,2,0.4251706,0.40131685,0.1735126,c1,c1
15496,2,0.3535361,0.4739958,0.17246808,c1,c234
15497,1,0.563662,0.33011833,0.10621969,c1,c1
15498,2,0.2055585,0.38071978,0.4137217,c234,c5
15499,4,0.48717836,0.3350369,0.17778477,c5,c1
15500,5,0.37429512,0.3462932,0.27941167,c5,c1
15501,3,0.25761557,0.44370928,0.29867515,c1,c234
15502,3,0.3040338,0.49341834,0.20254792,c1,c234
15503,4,0.21573643,0.3907436,0.39351994,c1,c5
15504,3,0.2456778,0.40126476,0.3530574,c1,c234
15505,2,0.61843985,0.2485945,0.13296562,c234,c1
15506,1,0.15312362,0.32886586,0.5180105,c5,c5
15507,2,0.64382344,0.23789254,0.11828402,c1,c1
15508,5,0.66461897,0.2632481,0.07213294,c1,c1
15509,2,0.20032242,0.25434655,0.545331,c1,c5
15510,5,0.1233293,0.42752898,0.4491417,c234,c5
15511,5,0.6380065,0.26963004,0.092363454,c1,c1
15512,2,0.3874049,0.33417034,0.27842483,c1,c1
15513,3,0.057467103,0.26530385,0.67722905,c234,c5
15514,3,0.15907687,0.35734934,0.4835738,c5,c5
15515,2,0.2281298,0.30662644,0.4652437,c1,c5
15516,5,0.39607385,0.31614402,0.28778213,c5,c1
15517,1,0.11069396,0.25880465,0.6305014,c234,c5
15518,2,0.46694514,0.3578445,0.17521034,c5,c1
15519,4,0.2156292,0.3707591,0.41361168,c234,c5
15520,2,0.5515653,0.27856594,0.16986872,c5,c1
15521,4,0.11211456,0.25364292,0.6342425,c5,c5
15522,3,0.4141767,0.39984438,0.18597896,c234,c1
15523,4,0.37865365,0.31292015,0.30842626,c234,c1
15524,5,0.5224328,0.28607744,0.19148976,c234,c1
15525,4,0.20244078,0.48243958,0.31511962,c5,c234
15526,5,0.5409131,0.30546874,0.15361808,c234,c1
15527,1,0.14103903,0.52684575,0.33211523,c234,c234
15528,2,0.10275257,0.24081741,0.65643,c234,c5
15529,1,0.08042228,0.23393428,0.6856434,c5,c5
15530,4,0.10506003,0.32782218,0.5671178,c234,c5
15531,4,0.41147095,0.36601454,0.2225145,c1,c1
15532,1,0.654894,0.26885104,0.07625498,c1,c1
15533,3,0.4277351,0.45155773,0.12070715,c234,c234
15534,2,0.32410938,0.4320302,0.24386044,c1,c234
15535,3,0.05862704,0.15465036,0.78672266,c5,c5
15536,5,0.34914067,0.3712955,0.27956378,c5,c234
15537,4,0.42233098,0.27062145,0.30704755,c1,c1
15538,3,0.051698796,0.19890885,0.74939233,c1,c5
15539,4,0.04423329,0.18462203,0.77114475,c234,c5
15540,1,0.061208583,0.25050208,0.68828934,c5,c5
15541,3,0.35925928,0.41004914,0.2306916,c1,c234
15542,2,0.1086348,0.35007864,0.5412866,c5,c5
15543,1,0.139301,0.33498254,0.5257164,c5,c5
15544,5,0.08836073,0.32495078,0.58668846,c5,c5
15545,5,0.13445829,0.33400843,0.53153324,c234,c5
15546,1,0.29011935,0.2758724,0.4340082,c5,c5
15547,1,0.078949265,0.25937077,0.66168,c1,c5
15548,2,0.47829148,0.2916608,0.23004773,c1,c1
15549,5,0.34011674,0.42255938,0.23732387,c5,c234
15550,5,0.38373047,0.37704414,0.2392254,c234,c1
15551,4,0.27578613,0.43570358,0.2885103,c234,c234
15552,2,0.26999503,0.4494601,0.28054485,c234,c234
15553,2,0.38251102,0.41724417,0.20024483,c5,c234
15554,4,0.04885903,0.15252155,0.7986194,c5,c5
15555,2,0.20665213,0.4070823,0.38626555,c5,c234
15556,4,0.23429438,0.43463138,0.3310742,c5,c234
15557,4,0.58323574,0.3150164,0.10174785,c1,c1
15558,1,0.59721535,0.31093,0.09185465,c1,c1
15559,5,0.49529505,0.30380443,0.20090054,c1,c1
15560,2,0.14589384,0.30511925,0.54898685,c1,c5
15561,1,0.17117096,0.43316972,0.3956593,c234,c234
15562,5,0.3539282,0.28553724,0.36053455,c234,c5
15563,5,0.3133845,0.44089225,0.24572322,c234,c234
15564,1,0.12400962,0.3158589,0.5601315,c1,c5
15565,4,0.07548586,0.21942775,0.70508647,c5,c5
15566,2,0.58804536,0.32173094,0.09022372,c234,c1
15567,5,0.06687194,0.27274606,0.660382,c5,c5
15568,2,0.46550125,0.36729902,0.16719973,c234,c1
15569,3,0.42791292,0.3294869,0.24260019,c234,c1
15570,5,0.40232915,0.41418934,0.18348156,c5,c234
15571,1,0.18615316,0.47686985,0.336977,c5,c234
15572,3,0.44632524,0.36445796,0.18921684,c5,c1
15573,5,0.21793096,0.35725185,0.42481712,c1,c5
15574,4,0.50285226,0.34733903,0.14980868,c1,c1
15575,2,0.5833625,0.32301986,0.093617655,c1,c1
15576,4,0.48700145,0.36613014,0.14686835,c234,c1
15577,4,0.43208233,0.3518169,0.21610084,c234,c1
15578,4,0.080123134,0.20783627,0.7120406,c5,c5
15579,3,0.22802015,0.49302122,0.27895868,c1,c234
15580,4,0.24130212,0.40573612,0.35296178,c1,c234
15581,3,0.094798505,0.26897013,0.63623136,c1,c5
15582,4,0.5144622,0.35810181,0.127436,c234,c1
15583,4,0.13659194,0.29642025,0.56698775,c234,c5
15584,5,0.7960794,0.14675742,0.057163175,c1,c1
15585,3,0.45082995,0.39805037,0.15111975,c1,c1
15586,5,0.17692252,0.36417544,0.4589021,c1,c5
15587,4,0.18485534,0.47877645,0.33636823,c1,c234
15588,4,0.06643904,0.2895155,0.6440454,c5,c5
15589,1,0.22304545,0.4738039,0.30315065,c5,c234
15590,4,0.26097733,0.4503233,0.2886993,c1,c234
15591,5,0.48625553,0.3662393,0.14750515,c234,c1
15592,1,0.21569066,0.43326735,0.35104197,c234,c234
15593,1,0.14965692,0.41803586,0.43230724,c234,c5
15594,4,0.18849862,0.4204547,0.39104673,c234,c234
15595,3,0.42113245,0.39576223,0.18310535,c5,c1
15596,3,0.13186613,0.33838016,0.5297537,c234,c5
15597,5,0.17709735,0.30945265,0.51345,c5,c5
15598,3,0.24081808,0.39222464,0.36695725,c5,c234
15599,5,0.20763454,0.45595792,0.33640754,c5,c234
15600,3,0.3359636,0.44004852,0.22398789,c234,c234
15601,5,0.11983257,0.3433773,0.53679013,c5,c5
15602,1,0.38555774,0.43868443,0.1757579,c234,c234
15603,5,0.07560489,0.27126846,0.6531266,c5,c5
15604,2,0.19310288,0.26783305,0.53906405,c5,c5
15605,4,0.43154806,0.352671,0.21578091,c1,c1
15606,3,0.3847146,0.39533105,0.21995431,c234,c234
15607,3,0.59997123,0.2553496,0.14467914,c234,c1
15608,1,0.092223965,0.22232345,0.6854526,c5,c5
15609,3,0.3175098,0.37811232,0.3043779,c234,c234
15610,4,0.10922187,0.3298394,0.5609388,c234,c5
15611,2,0.3547411,0.34924135,0.29601762,c1,c1
15612,1,0.10936218,0.3729602,0.5176776,c5,c5
15613,3,0.25004894,0.35901028,0.39094076,c1,c5
15614,5,0.120242886,0.3119625,0.5677947,c5,c5
15615,5,0.18058382,0.2619553,0.5574609,c5,c5
15616,4,0.541194,0.3088151,0.14999093,c1,c1
15617,1,0.5405049,0.33167693,0.12781823,c1,c1
15618,1,0.3067452,0.41748342,0.27577135,c234,c234
15619,4,0.2703681,0.42023933,0.3093926,c234,c234
15620,4,0.11168318,0.22619392,0.6621229,c5,c5
15621,4,0.10363847,0.24866128,0.6477003,c5,c5
15622,4,0.21924527,0.41524258,0.36551213,c1,c234
15623,3,0.14473587,0.37743813,0.47782594,c5,c5
15624,5,0.17268392,0.28743142,0.5398846,c5,c5
15625,3,0.26951113,0.3644865,0.36600238,c5,c5
15626,1,0.3570192,0.35724807,0.28573275,c1,c234
15627,5,0.41868734,0.40000224,0.18131039,c1,c1
15628,3,0.47994465,0.29724148,0.22281387,c1,c1
15629,4,0.4927417,0.35236165,0.15489672,c234,c1
15630,1,0.762502,0.18788843,0.04960955,c1,c1
15631,4,0.18636227,0.4431478,0.37048993,c234,c234
15632,3,0.3484248,0.47426775,0.17730747,c5,c234
15633,1,0.29632822,0.43375486,0.26991692,c5,c234
15634,4,0.20362242,0.43721607,0.35916156,c234,c234
15635,3,0.30971888,0.37656692,0.3137142,c5,c234
15636,3,0.38690498,0.29228196,0.32081303,c1,c1
15637,5,0.27604714,0.4771996,0.24675328,c1,c234
15638,1,0.11148202,0.29200003,0.5965179,c5,c5
15639,2,0.10091584,0.3888384,0.51024574,c1,c5
15640,3,0.20433296,0.24253294,0.5531341,c5,c5
15641,1,0.16709512,0.56005555,0.27284932,c5,c234
15642,1,0.2769114,0.55043525,0.1726533,c1,c234
15643,4,0.06920492,0.26580822,0.66498685,c5,c5
15644,1,0.12628542,0.5290917,0.3446229,c1,c234
15645,4,0.11929363,0.453519,0.42718735,c5,c234
15646,4,0.41269413,0.4015624,0.18574353,c5,c1
15647,4,0.6557175,0.25797656,0.0863059,c1,c1
15648,5,0.25140783,0.5569222,0.19167,c1,c234
15649,1,0.3843771,0.41887042,0.19675246,c1,c234
15650,3,0.5304138,0.3569299,0.11265624,c1,c1
15651,2,0.25266644,0.42666364,0.32066998,c1,c234
15652,4,0.25879848,0.3604923,0.38070926,c5,c5
15653,4,0.15901801,0.33438852,0.50659347,c1,c5
15654,2,0.46693954,0.2511581,0.28190243,c234,c1
15655,2,0.5383063,0.29831928,0.16337447,c5,c1
15656,3,0.40163288,0.42894742,0.16941974,c234,c234
15657,4,0.36582422,0.3166718,0.317504,c234,c1
15658,3,0.5293894,0.27595422,0.1946564,c1,c1
15659,5,0.48463413,0.37294516,0.14242063,c1,c1
15660,3,0.7325034,0.1779369,0.089559704,c1,c1
15661,2,0.28837687,0.4605718,0.25105128,c234,c234
15662,4,0.4402251,0.39471158,0.16506332,c234,c1
15663,2,0.3593403,0.28057286,0.3600868,c234,c5
15664,5,0.47187108,0.33099112,0.19713783,c1,c1
15665,2,0.2936515,0.29507983,0.41126865,c5,c5
15666,3,0.47218138,0.2618798,0.26593888,c1,c1
15667,4,0.32712168,0.30303708,0.36984128,c234,c5
15668,2,0.17778046,0.3496956,0.47252396,c5,c5
15669,1,0.18885708,0.3118672,0.4992757,c1,c5
15670,1,0.33548763,0.37765962,0.28685272,c1,c234
15671,3,0.47882757,0.38348275,0.13768971,c1,c1
15672,1,0.2559913,0.45982078,0.28418788,c5,c234
15673,5,0.46670273,0.42163077,0.1116665,c1,c1
15674,4,0.31029227,0.47954434,0.21016338,c234,c234
15675,1,0.53129405,0.376606,0.09209994,c1,c1
15676,1,0.53980064,0.31384602,0.14635338,c1,c1
15677,3,0.08616658,0.23839326,0.67544013,c5,c5
15678,5,0.44219804,0.38147783,0.17632419,c1,c1
15679,5,0.10683156,0.3420893,0.55107915,c234,c5
15680,4,0.3841221,0.39774516,0.21813267,c1,c234
15681,1,0.45442438,0.30570123,0.23987441,c1,c1
15682,2,0.56802225,0.29850224,0.13347557,c1,c1
15683,5,0.06995899,0.23511331,0.69492763,c1,c5
15684,5,0.2844675,0.42734265,0.28818986,c5,c234
15685,5,0.12687646,0.28011665,0.5930069,c5,c5
15686,1,0.33615154,0.41493976,0.24890865,c234,c234
15687,2,0.16983286,0.36147246,0.46869466,c234,c5
15688,5,0.43273273,0.37826645,0.18900079,c1,c1
15689,5,0.40979305,0.35926506,0.23094185,c1,c1
15690,3,0.56940544,0.34828308,0.08231149,c1,c1
15691,5,0.4094168,0.34818935,0.24239384,c5,c1
15692,1,0.41581035,0.44555518,0.13863444,c1,c234
15693,5,0.16630514,0.35223994,0.48145494,c5,c5
15694,1,0.21637887,0.41948098,0.36414012,c1,c234
15695,5,0.26456192,0.32258883,0.4128493,c234,c5
15696,1,0.091596544,0.34593505,0.5624684,c5,c5
15697,1,0.078027956,0.23896804,0.683004,c5,c5
15698,1,0.28731233,0.32878256,0.38390508,c1,c5
15699,1,0.30543736,0.30569845,0.38886422,c234,c5
15700,2,0.13751085,0.4566413,0.40584782,c234,c234
15701,5,0.10439451,0.27427173,0.6213338,c5,c5
15702,3,0.14057404,0.22910918,0.6303168,c5,c5
15703,5,0.14823024,0.32982808,0.52194166,c234,c5
15704,3,0.57871157,0.32805365,0.09323476,c234,c1
15705,5,0.2525786,0.32132244,0.42609897,c5,c5
15706,3,0.39533198,0.42387053,0.18079743,c1,c234
15707,4,0.15658246,0.38811344,0.45530415,c234,c5
15708,1,0.039339237,0.1382324,0.8224284,c5,c5
15709,1,0.5877289,0.31429115,0.09797985,c234,c1
15710,5,0.716672,0.21298875,0.0703392,c5,c1
15711,1,0.4309276,0.28271273,0.28635967,c1,c1
15712,3,0.29980794,0.40107867,0.29911336,c5,c234
15713,3,0.1874181,0.31407705,0.49850488,c5,c5
15714,4,0.08558747,0.31184542,0.60256714,c5,c5
15715,4,0.1391219,0.38422173,0.47665644,c234,c5
15716,1,0.29457608,0.41569784,0.28972602,c5,c234
15717,1,0.43898794,0.31170732,0.24930476,c5,c1
15718,3,0.23980582,0.3475127,0.41268152,c1,c5
15719,3,0.3517032,0.48398918,0.1643076,c234,c234
15720,3,0.20235659,0.47221932,0.32542405,c5,c234
15721,4,0.22045378,0.31884548,0.46070072,c5,c5
15722,4,0.12994035,0.29252142,0.57753825,c5,c5
15723,1,0.16404387,0.39361686,0.44233927,c5,c5
15724,2,0.47133982,0.3053618,0.2232984,c1,c1
15725,5,0.09116534,0.3657079,0.54312676,c5,c5
15726,3,0.067868575,0.19890392,0.73322743,c234,c5
15727,5,0.39577046,0.26946405,0.33476546,c234,c1
15728,5,0.12784222,0.3083668,0.563791,c5,c5
15729,1,0.12888005,0.31646022,0.5546597,c234,c5
15730,1,0.19082858,0.26142144,0.54775,c5,c5
15731,4,0.035592,0.1906783,0.7737296,c1,c5
15732,5,0.1564577,0.3763318,0.46721047,c5,c5
15733,5,0.5446105,0.32884443,0.12654503,c5,c1
15734,5,0.5251496,0.35790238,0.116948076,c234,c1
15735,4,0.27930272,0.4196927,0.30100456,c1,c234
15736,4,0.62567604,0.3008997,0.07342427,c234,c1
15737,1,0.19048463,0.44375587,0.36575955,c1,c234
15738,4,0.11436404,0.23040211,0.6552338,c5,c5
15739,4,0.28741825,0.47928286,0.23329885,c1,c234
15740,3,0.35430133,0.27782285,0.3678758,c1,c5
15741,1,0.51891786,0.3739451,0.107137054,c5,c1
15742,2,0.32063758,0.37298045,0.30638197,c1,c234
15743,3,0.2546903,0.2946985,0.4506112,c5,c5
15744,5,0.66743743,0.26131642,0.07124616,c1,c1
15745,1,0.08987985,0.28501064,0.6251095,c5,c5
15746,5,0.47647408,0.2636162,0.2599097,c1,c1
15747,1,0.20199467,0.4539812,0.3440242,c1,c234
15748,4,0.366535,0.46464634,0.16881871,c1,c234
15749,4,0.22157976,0.29420915,0.48421106,c5,c5
15750,4,0.038577326,0.1720652,0.7893575,c5,c5
15751,5,0.32593164,0.39938855,0.27467984,c5,c234
15752,2,0.36517358,0.4375894,0.197237,c1,c234
15753,4,0.08579366,0.22742002,0.6867863,c234,c5
15754,4,0.07883143,0.23011996,0.6910486,c234,c5
15755,2,0.43570223,0.3853987,0.17889917,c234,c1
15756,4,0.35868242,0.27891624,0.36240137,c5,c5
15757,1,0.36118788,0.37040827,0.26840386,c234,c234
15758,4,0.056125626,0.17960474,0.7642696,c5,c5
15759,2,0.6361208,0.3001523,0.06372693,c234,c1
15760,5,0.66068524,0.241972,0.097342774,c1,c1
15761,5,0.2662998,0.43014184,0.30355835,c5,c234
15762,4,0.4280428,0.2699632,0.30199406,c5,c1
15763,3,0.21181975,0.37728697,0.4108932,c5,c5
15764,3,0.21958826,0.29714313,0.4832686,c5,c5
15765,2,0.37235585,0.4044846,0.22315958,c5,c234
15766,5,0.106385656,0.3760665,0.51754785,c1,c5
15767,2,0.24369368,0.31325287,0.44305342,c234,c5
15768,4,0.42116594,0.3972943,0.18153967,c1,c1
15769,5,0.21092567,0.452345,0.33672926,c234,c234
15770,5,0.4354401,0.3817964,0.18276353,c234,c1
15771,4,0.5149865,0.36576012,0.11925334,c1,c1
15772,2,0.18474144,0.3946465,0.4206121,c5,c5
15773,5,0.11903457,0.30244794,0.5785175,c5,c5
15774,4,0.6795315,0.24678907,0.073679455,c1,c1
15775,4,0.11061736,0.2326171,0.6567655,c234,c5
15776,3,0.35152408,0.49112067,0.1573553,c234,c234
15777,2,0.28346318,0.39187178,0.32466498,c5,c234
15778,3,0.10192528,0.26387432,0.6342004,c1,c5
15779,4,0.5849939,0.27874544,0.13626073,c234,c1
15780,4,0.2986578,0.3692211,0.3321211,c234,c234
15781,4,0.6267322,0.29543358,0.077834256,c1,c1
15782,1,0.8027702,0.15667245,0.040557347,c1,c1
15783,3,0.16747507,0.3696596,0.46286532,c234,c5
15784,2,0.45406017,0.4111617,0.13477814,c5,c1
15785,3,0.29077172,0.3229471,0.38628122,c1,c5
15786,5,0.16985759,0.3448434,0.48529896,c1,c5
15787,1,0.12615183,0.42801827,0.44582987,c234,c5
15788,3,0.22645795,0.3454758,0.42806628,c5,c5
15789,5,0.3904792,0.3947446,0.21477616,c234,c234
15790,3,0.27335072,0.31451917,0.41213015,c1,c5
15791,1,0.45430025,0.38132367,0.16437605,c1,c1
15792,4,0.34105095,0.38432086,0.27462822,c234,c234
15793,1,0.13506192,0.32022202,0.54471606,c234,c5
15794,1,0.12455853,0.39865875,0.47678274,c5,c5
15795,1,0.21300574,0.45591456,0.3310797,c5,c234
15796,4,0.17262734,0.3890217,0.43835098,c234,c5
15797,1,0.5171824,0.3665135,0.11630409,c234,c1
15798,3,0.15435727,0.20240402,0.64323866,c5,c5
15799,1,0.258633,0.34781635,0.39355066,c234,c5
15800,1,0.2689231,0.36529303,0.36578387,c5,c5
15801,5,0.64365876,0.2088124,0.14752892,c1,c1
15802,1,0.49421456,0.36814436,0.13764107,c1,c1
15803,2,0.14090948,0.294938,0.56415254,c5,c5
15804,4,0.5929295,0.30966106,0.09740944,c5,c1
15805,5,0.065752335,0.17547974,0.7587679,c5,c5
15806,4,0.68289614,0.2530239,0.06407997,c1,c1
15807,5,0.1720833,0.2903038,0.5376129,c5,c5
15808,1,0.096606016,0.35981226,0.5435817,c5,c5
15809,5,0.11418113,0.2893027,0.5965162,c5,c5
15810,5,0.39124942,0.37589362,0.23285696,c1,c1
15811,1,0.4582415,0.35543326,0.18632528,c1,c1
15812,5,0.14646739,0.25920093,0.5943317,c5,c5
15813,4,0.46331403,0.33585426,0.20083177,c1,c1
15814,3,0.42100623,0.33375254,0.24524124,c5,c1
15815,2,0.36456668,0.45216244,0.1832709,c1,c234
15816,5,0.53747725,0.30035293,0.16216984,c234,c1
15817,4,0.12269251,0.35389757,0.5234099,c1,c5
15818,4,0.15271921,0.26099,0.5862908,c5,c5
15819,5,0.49266425,0.3414252,0.16591059,c1,c1
15820,4,0.11968066,0.27460465,0.60571474,c234,c5
15821,3,0.62735444,0.275446,0.09719951,c1,c1
15822,2,0.1035248,0.24790385,0.6485713,c5,c5
15823,3,0.18138531,0.40026528,0.4183494,c234,c5
15824,4,0.13154335,0.2463899,0.62206674,c1,c5
15825,3,0.09779903,0.26571554,0.6364854,c5,c5
15826,5,0.64631474,0.2467249,0.10696038,c234,c1
15827,3,0.09015475,0.23087958,0.6789657,c5,c5
15828,1,0.38842458,0.35724428,0.25433114,c5,c1
15829,5,0.64268076,0.25393015,0.103389114,c234,c1
15830,3,0.4068717,0.33907333,0.25405496,c234,c1
15831,5,0.19743703,0.44809255,0.3544704,c5,c234
15832,3,0.06886661,0.30400214,0.6271313,c5,c5
15833,4,0.223192,0.5356713,0.2411367,c234,c234
15834,5,0.33730936,0.43221596,0.23047474,c234,c234
15835,4,0.14867446,0.4884379,0.36288762,c5,c234
15836,2,0.20361525,0.29927534,0.49710947,c234,c5
15837,4,0.43508837,0.33253673,0.23237486,c234,c1
15838,4,0.41106606,0.40032017,0.18861374,c5,c1
15839,5,0.17070279,0.46685907,0.3624381,c5,c234
15840,1,0.5809382,0.29651505,0.12254669,c234,c1
15841,1,0.14816493,0.33291802,0.518917,c1,c5
15842,1,0.1750372,0.35367122,0.4712916,c5,c5
15843,2,0.3139971,0.38235298,0.30364993,c234,c234
15844,2,0.5548062,0.2657768,0.17941698,c234,c1
15845,3,0.5865725,0.26464728,0.14878021,c1,c1
15846,2,0.14004374,0.26833153,0.5916248,c5,c5
15847,3,0.5835218,0.31943694,0.09704128,c1,c1
15848,4,0.19365598,0.47708496,0.3292591,c5,c234
15849,5,0.18435994,0.41394284,0.40169722,c5,c234
15850,1,0.33642492,0.2805365,0.38303858,c1,c5
15851,4,0.3027302,0.38324782,0.314022,c1,c234
15852,2,0.10184815,0.22025798,0.67789394,c1,c5
15853,3,0.30010438,0.3438824,0.35601318,c5,c5
15854,1,0.562568,0.35610893,0.081323095,c1,c1
15855,3,0.20406744,0.43497407,0.3609585,c1,c234
15856,5,0.2799124,0.4448111,0.27527648,c234,c234
15857,2,0.3051302,0.4864968,0.20837304,c1,c234
15858,1,0.20340164,0.25887167,0.53772676,c5,c5
15859,2,0.58909214,0.329967,0.080940895,c234,c1
15860,3,0.38279557,0.35259935,0.26460508,c5,c1
15861,3,0.17813213,0.52190036,0.29996753,c5,c234
15862,2,0.3025834,0.3677805,0.3296361,c1,c234
15863,4,0.3222294,0.3143198,0.36345083,c1,c5
15864,3,0.06651508,0.3085403,0.6249446,c234,c5
15865,2,0.5519089,0.30305862,0.1450324,c1,c1
15866,4,0.1689042,0.29901648,0.5320794,c234,c5
15867,5,0.10554448,0.3074979,0.58695763,c5,c5
15868,3,0.31940445,0.44960847,0.23098703,c234,c234
15869,4,0.3136772,0.310373,0.37594986,c234,c5
15870,5,0.2814991,0.39420068,0.32430026,c1,c234
15871,2,0.45861265,0.27142066,0.26996675,c1,c1
15872,5,0.43835187,0.37316144,0.18848675,c5,c1
15873,5,0.24215586,0.52198976,0.23585434,c234,c234
15874,2,0.16542248,0.31878233,0.5157952,c1,c5
15875,4,0.42233098,0.27062145,0.30704755,c234,c1
15876,2,0.36729538,0.40924776,0.22345683,c234,c234
15877,3,0.65270966,0.21351366,0.13377663,c1,c1
15878,3,0.42808315,0.31674877,0.25516808,c234,c1
15879,5,0.5351352,0.32916448,0.13570033,c234,c1
15880,1,0.07976944,0.23948856,0.680742,c234,c5
15881,3,0.17921557,0.43328762,0.38749674,c5,c234
15882,4,0.11803366,0.28662562,0.5953407,c234,c5
15883,5,0.498086,0.41111717,0.09079682,c234,c1
15884,1,0.10056119,0.4645363,0.43490246,c5,c234
15885,5,0.6862452,0.2229,0.09085478,c1,c1
15886,2,0.055503648,0.1616525,0.78284377,c234,c5
15887,2,0.1425184,0.44709972,0.4103819,c234,c234
15888,1,0.58623254,0.29759637,0.116171114,c1,c1
15889,2,0.14208755,0.37747115,0.4804413,c5,c5
15890,5,0.09323817,0.35507017,0.55169165,c5,c5
15891,5,0.16674866,0.4317746,0.40147677,c5,c234
15892,1,0.3069896,0.4468036,0.2462068,c1,c234
15893,4,0.42233098,0.27062145,0.30704755,c1,c1
15894,5,0.10463219,0.27806872,0.6172991,c5,c5
15895,1,0.44842118,0.39409128,0.15748753,c234,c1
15896,1,0.3249648,0.37569097,0.2993442,c1,c234
15897,3,0.18027915,0.29819316,0.5215277,c5,c5
15898,2,0.06800782,0.18568996,0.7463022,c5,c5
15899,1,0.3193779,0.39815208,0.28247,c1,c234
15900,1,0.58897555,0.28690362,0.124120854,c234,c1
15901,1,0.40770838,0.2998465,0.29244506,c234,c1
15902,1,0.15408814,0.29101914,0.5548927,c234,c5
15903,1,0.31528062,0.29174712,0.39297226,c1,c5
15904,3,0.5861905,0.31273752,0.10107193,c234,c1
15905,1,0.63690984,0.27668306,0.08640707,c234,c1
15906,2,0.5450073,0.32503548,0.12995723,c5,c1
15907,4,0.43452626,0.40030438,0.16516933,c5,c1
15908,3,0.44872567,0.43886638,0.11240792,c234,c1
15909,2,0.122884795,0.29826015,0.578855,c234,c5
15910,3,0.26878828,0.4861783,0.24503346,c5,c234
15911,1,0.12958235,0.39247426,0.47794345,c1,c5
15912,3,0.23819466,0.30807748,0.45372778,c234,c5
15913,4,0.51711476,0.3432973,0.13958791,c234,c1
15914,1,0.17174095,0.29472014,0.53353894,c234,c5
15915,3,0.7110142,0.20094283,0.08804299,c1,c1
15916,5,0.07305135,0.22397266,0.70297605,c5,c5
15917,4,0.26247263,0.40424922,0.33327815,c5,c234
15918,2,0.38040012,0.2537726,0.36582723,c234,c1
15919,4,0.17001742,0.3146628,0.51531976,c234,c5
15920,1,0.12765427,0.336735,0.53561074,c234,c5
15921,1,0.38777918,0.35611776,0.2561031,c234,c1
15922,4,0.5409872,0.2514596,0.20755324,c1,c1
15923,4,0.13664466,0.37701178,0.48634347,c1,c5
15924,3,0.047307227,0.19956025,0.75313246,c5,c5
15925,5,0.2110736,0.48896685,0.29995945,c5,c234
15926,5,0.16769302,0.44202802,0.3902789,c234,c234
15927,3,0.10257848,0.46491688,0.43250462,c5,c234
15928,2,0.2160346,0.27294958,0.5110158,c5,c5
15929,3,0.3891042,0.29176372,0.3191321,c1,c1
15930,3,0.33220997,0.33737975,0.33041027,c5,c234
15931,5,0.028606253,0.12966213,0.8417316,c5,c5
15932,4,0.42233098,0.27062145,0.30704755,c234,c1
15933,3,0.40318635,0.41224408,0.18456963,c1,c234
15934,5,0.08883002,0.36221653,0.5489534,c234,c5
15935,2,0.3607261,0.36972022,0.2695537,c1,c234
15936,5,0.1642698,0.29275322,0.5429769,c1,c5
15937,2,0.28129506,0.27103114,0.44767377,c234,c5
15938,5,0.22504857,0.40232044,0.372631,c234,c234
15939,5,0.1426429,0.40953887,0.4478182,c1,c5
15940,1,0.47037235,0.41046643,0.119161256,c234,c1
15941,3,0.12818134,0.3279224,0.5438962,c1,c5
15942,5,0.30856666,0.52297086,0.16846251,c5,c234
15943,3,0.13834435,0.43987218,0.42178348,c234,c234
15944,1,0.64386386,0.27916247,0.0769737,c234,c1
15945,2,0.25403053,0.39470088,0.35126856,c1,c234
15946,3,0.5549702,0.2932352,0.15179451,c234,c1
15947,4,0.13281365,0.25694814,0.6102382,c234,c5
15948,1,0.06912877,0.30807886,0.62279236,c5,c5
15949,2,0.46771866,0.4111009,0.121180475,c234,c1
15950,1,0.37875718,0.27727386,0.34396893,c5,c1
15951,5,0.3153029,0.2721069,0.41259015,c5,c5
15952,1,0.11150056,0.2765398,0.61195964,c234,c5
15953,4,0.42473525,0.33572677,0.23953801,c234,c1
15954,1,0.28227404,0.35717645,0.36054954,c234,c5
15955,3,0.1716364,0.36043862,0.46792498,c1,c5
15956,2,0.09018249,0.42253357,0.48728397,c234,c5
15957,3,0.19125928,0.47580442,0.3329363,c234,c234
15958,3,0.31052417,0.43824348,0.25123236,c5,c234
15959,1,0.4274851,0.41463637,0.1578785,c234,c1
15960,5,0.36692733,0.49015152,0.14292109,c234,c234
15961,1,0.20319074,0.2854887,0.51132053,c5,c5
15962,5,0.52232623,0.2972948,0.18037896,c234,c1
15963,1,0.611278,0.26651838,0.12220361,c1,c1
15964,5,0.36687386,0.49067873,0.14244744,c5,c234
15965,1,0.6848257,0.24582705,0.069347166,c5,c1
15966,4,0.20876782,0.33121592,0.4600162,c5,c5
15967,2,0.6409823,0.28342906,0.07558868,c1,c1
15968,2,0.11196466,0.3285205,0.5595148,c234,c5
15969,5,0.19289605,0.43800038,0.36910355,c1,c234
15970,1,0.29421604,0.50991344,0.19587055,c5,c234
15971,5,0.117809094,0.27921456,0.6029764,c5,c5
15972,2,0.5495991,0.3063277,0.14407325,c1,c1
15973,4,0.5021179,0.2810787,0.21680345,c1,c1
15974,5,0.04070205,0.22360736,0.73569065,c234,c5
15975,2,0.46689478,0.25119534,0.28190985,c5,c1
15976,4,0.10947869,0.3326391,0.55788225,c5,c5
15977,1,0.36779487,0.3369261,0.2952791,c1,c1
15978,5,0.6271518,0.28372523,0.089122936,c234,c1
15979,5,0.6916513,0.22578314,0.08256564,c234,c1
15980,4,0.41269413,0.4015624,0.18574353,c1,c1
15981,3,0.15310737,0.3973243,0.4495684,c1,c5
15982,4,0.28437492,0.30608296,0.40954208,c234,c5
15983,4,0.22090027,0.33914313,0.4399566,c5,c5
15984,5,0.14293045,0.317919,0.53915054,c1,c5
15985,5,0.4510664,0.2731518,0.27578187,c1,c1
15986,3,0.47884196,0.37140062,0.14975746,c234,c1
15987,3,0.106372684,0.23594229,0.65768504,c5,c5
15988,5,0.5414915,0.27597663,0.18253191,c1,c1
15989,4,0.4331372,0.34922713,0.21763562,c234,c1
15990,2,0.6754191,0.23752892,0.087051965,c234,c1
15991,4,0.0668653,0.32244173,0.610693,c234,c5
15992,5,0.39577046,0.26946405,0.33476546,c5,c1
15993,4,0.17210388,0.25944096,0.56845516,c5,c5
15994,5,0.6106475,0.27269453,0.11665797,c1,c1
15995,4,0.43120205,0.37642264,0.19237526,c1,c1
15996,5,0.07870553,0.25907552,0.6622189,c5,c5
15997,2,0.42044973,0.41045943,0.16909087,c234,c1
15998,1,0.07628936,0.36165327,0.5620573,c234,c5
15999,3,0.39652035,0.46847156,0.1350081,c5,c234
16000,1,0.037796304,0.22424269,0.737961,c1,c5
16001,2,0.3235119,0.28132087,0.39516726,c1,c5
16002,1,0.48268786,0.43384212,0.08347,c5,c1
16003,2,0.17175528,0.3236743,0.5045704,c234,c5
16004,5,0.091771275,0.2792458,0.6289829,c5,c5
16005,2,0.43808842,0.34235173,0.21955983,c1,c1
16006,1,0.6234443,0.29189277,0.0846629,c234,c1
16007,4,0.056459673,0.24829209,0.6952482,c5,c5
16008,3,0.062529996,0.31996602,0.61750394,c234,c5
16009,4,0.41269413,0.4015624,0.18574353,c1,c1
16010,3,0.09248633,0.2898237,0.61768997,c5,c5
16011,4,0.44562754,0.39384142,0.16053107,c1,c1
16012,3,0.7473707,0.17079896,0.08183027,c1,c1
16013,1,0.16762945,0.46578702,0.36658356,c234,c234
16014,3,0.061584912,0.19906719,0.7393478,c5,c5
16015,4,0.42233098,0.27062145,0.30704755,c234,c1
16016,2,0.22652425,0.32270345,0.4507723,c1,c5
16017,2,0.52589357,0.30412245,0.169984,c1,c1
16018,4,0.36506024,0.4134655,0.22147427,c1,c234
16019,4,0.054784548,0.22497872,0.7202368,c234,c5
16020,5,0.12667052,0.47875035,0.3945792,c234,c234
16021,4,0.34808406,0.4553192,0.19659682,c1,c234
16022,2,0.38023302,0.36501986,0.25474718,c1,c1
16023,5,0.2680981,0.40564144,0.3262605,c5,c234
16024,5,0.3309108,0.50052977,0.1685594,c1,c234
16025,3,0.20535152,0.43974623,0.35490224,c234,c234
16026,4,0.4685614,0.4175619,0.11387671,c234,c1
16027,5,0.33587822,0.35935637,0.30476546,c234,c234
16028,2,0.20633142,0.34101453,0.45265406,c234,c5
16029,1,0.33434424,0.37642416,0.28923163,c5,c234
16030,5,0.117261335,0.24416995,0.6385687,c5,c5
16031,1,0.14480421,0.3710366,0.48415926,c5,c5
16032,2,0.078418314,0.26177934,0.6598024,c5,c5
16033,3,0.14984126,0.30018556,0.54997313,c5,c5
16034,5,0.5423739,0.3322758,0.12535025,c1,c1
16035,5,0.31246358,0.45483306,0.23270334,c1,c234
16036,3,0.09908494,0.2927595,0.6081555,c5,c5
16037,5,0.18487442,0.36476094,0.45036465,c5,c5
16038,5,0.14364834,0.4040538,0.4522979,c5,c5
16039,2,0.07022089,0.19877492,0.7310042,c5,c5
16040,1,0.6915346,0.21501338,0.093452044,c1,c1
16041,1,0.49929795,0.29388064,0.20682135,c1,c1
16042,4,0.1579116,0.26079357,0.58129483,c1,c5
16043,5,0.6277867,0.27546787,0.09674545,c234,c1
16044,3,0.34553057,0.31388032,0.3405891,c5,c1
16045,2,0.4015277,0.43628007,0.16219226,c234,c234
16046,5,0.10535668,0.21596688,0.6786765,c5,c5
16047,4,0.5140192,0.35306433,0.13291655,c1,c1
16048,3,0.13651232,0.54308957,0.3203981,c234,c234
16049,3,0.32271114,0.46483523,0.2124537,c1,c234
16050,5,0.20527357,0.5175718,0.2771546,c234,c234
16051,3,0.17569524,0.26485482,0.5594499,c5,c5
16052,3,0.27922127,0.24661125,0.47416756,c234,c5
16053,1,0.19962206,0.341314,0.45906398,c234,c5
16054,5,0.48050448,0.220852,0.29864353,c234,c1
16055,5,0.2932563,0.42069253,0.28605118,c234,c234
16056,5,0.18081447,0.43311644,0.38606912,c234,c234
16057,3,0.4588963,0.37607503,0.16502868,c5,c1
16058,1,0.14300206,0.28390795,0.57308996,c5,c5
16059,1,0.14204179,0.32398793,0.53397024,c5,c5
16060,5,0.18544883,0.26360005,0.5509511,c5,c5
16061,3,0.49326333,0.3354768,0.17125984,c234,c1
16062,2,0.09798014,0.22356126,0.6784586,c5,c5
16063,2,0.22511278,0.38763282,0.38725445,c234,c234
16064,2,0.44214922,0.4006205,0.15723035,c234,c1
16065,5,0.5194448,0.35100234,0.12955283,c1,c1
16066,3,0.31407502,0.32836023,0.3575647,c1,c5
16067,5,0.27072683,0.53523463,0.19403853,c1,c234
16068,2,0.45165753,0.39106795,0.15727448,c5,c1
16069,5,0.23644476,0.4223324,0.34122288,c1,c234
16070,4,0.31526747,0.44729298,0.23743957,c5,c234
16071,2,0.52958596,0.36123446,0.10917958,c5,c1
16072,5,0.43835187,0.37316144,0.18848675,c5,c1
16073,4,0.35319147,0.35487694,0.29193163,c234,c234
16074,2,0.3229341,0.26410255,0.4129634,c234,c5
16075,4,0.41269413,0.4015624,0.18574353,c1,c1
16076,3,0.274695,0.39190054,0.33340448,c1,c234
16077,2,0.66027915,0.26563954,0.074081264,c234,c1
16078,2,0.39713246,0.4094388,0.1934288,c234,c234
16079,2,0.22091658,0.3838122,0.39527127,c5,c5
16080,2,0.21699725,0.43133992,0.3516628,c1,c234
16081,2,0.05206184,0.19032975,0.7576084,c5,c5
16082,5,0.66743743,0.26131642,0.07124616,c234,c1
16083,4,0.19364016,0.4649724,0.34138748,c1,c234
16084,2,0.55323184,0.31109354,0.13567464,c1,c1
16085,3,0.38621488,0.3326435,0.2811416,c1,c1
16086,5,0.36695388,0.4325357,0.20051038,c1,c234
16087,4,0.57522464,0.3346461,0.09012928,c234,c1
16088,2,0.1874972,0.4619124,0.35059035,c1,c234
16089,5,0.4021237,0.44554523,0.15233113,c1,c234
16090,4,0.41269413,0.4015624,0.18574353,c234,c1
16091,3,0.37974706,0.3292862,0.29096678,c234,c1
16092,2,0.39712656,0.26441416,0.3384593,c5,c1
16093,2,0.44698468,0.38508976,0.1679255,c1,c1
16094,1,0.40159607,0.31579408,0.28260988,c1,c1
16095,4,0.17099859,0.31911665,0.5098847,c234,c5
16096,5,0.10157804,0.4262003,0.47222167,c234,c5
16097,4,0.25031525,0.25466093,0.4950238,c5,c5
16098,5,0.3607215,0.40458113,0.2346973,c234,c234
16099,5,0.12871745,0.44446772,0.42681476,c5,c234
16100,5,0.047563173,0.18929078,0.76314604,c5,c5
16101,1,0.11539708,0.36565834,0.51894456,c5,c5
16102,1,0.5440069,0.31324652,0.14274663,c1,c1
16103,3,0.4748035,0.38130584,0.14389062,c1,c1
16104,5,0.40171325,0.46519983,0.13308689,c1,c234
16105,5,0.12693562,0.5126924,0.36037204,c5,c234
16106,4,0.47343802,0.36844397,0.15811795,c1,c1
16107,5,0.090972304,0.36333334,0.54569435,c234,c5
16108,2,0.56703466,0.27756774,0.15539756,c1,c1
16109,4,0.13903283,0.22371145,0.6372557,c5,c5
16110,5,0.42305315,0.40903732,0.16790958,c234,c1
16111,4,0.15523787,0.29520166,0.5495604,c234,c5
16112,4,0.1674102,0.26873174,0.56385803,c234,c5
16113,2,0.40799007,0.3674652,0.2245447,c5,c1
16114,2,0.44555035,0.27279204,0.2816576,c5,c1
16115,4,0.16144782,0.420095,0.4184572,c5,c234
16116,5,0.18561995,0.58373857,0.23064145,c1,c234
16117,1,0.64063734,0.27329454,0.08606814,c234,c1
16118,2,0.55919677,0.3430345,0.09776874,c1,c1
16119,3,0.6312396,0.25986788,0.108892515,c5,c1
16120,4,0.48165515,0.3962955,0.12204938,c1,c1
16121,1,0.21738891,0.29403147,0.4885796,c5,c5
16122,3,0.57247835,0.34545,0.08207161,c234,c1
16123,3,0.24956954,0.42442843,0.32600206,c234,c234
16124,2,0.6251619,0.30648875,0.068349324,c1,c1
16125,1,0.40176865,0.43029884,0.16793247,c1,c234
16126,3,0.2656098,0.406691,0.32769918,c5,c234
16127,5,0.3851949,0.32480246,0.29000267,c1,c1
16128,5,0.20450237,0.54063666,0.25486094,c234,c234
16129,4,0.12041524,0.37063348,0.5089513,c5,c5
16130,5,0.1624102,0.53512913,0.3024607,c234,c234
16131,1,0.14645922,0.41906103,0.43447977,c5,c5
16132,5,0.3611094,0.39660108,0.24228947,c5,c234
16133,3,0.094492175,0.2641701,0.64133763,c234,c5
16134,4,0.33279377,0.44131085,0.22589535,c1,c234
16135,5,0.10597142,0.31722298,0.5768056,c1,c5
16136,4,0.5917197,0.26234978,0.14593053,c5,c1
16137,4,0.44586512,0.373901,0.18023378,c1,c1
16138,2,0.46689478,0.25119534,0.28190985,c234,c1
16139,5,0.53422296,0.30506063,0.16071641,c5,c1
16140,2,0.073619224,0.2427474,0.6836334,c234,c5
16141,3,0.21033031,0.38563076,0.4040389,c1,c5
16142,2,0.2962814,0.3031502,0.40056837,c234,c5
16143,4,0.42233098,0.27062145,0.30704755,c5,c1
16144,4,0.58905685,0.33888683,0.07205635,c234,c1
16145,3,0.107933745,0.24082461,0.6512417,c5,c5
16146,1,0.2713169,0.29626954,0.43241352,c5,c5
16147,3,0.08244403,0.35360283,0.56395316,c234,c5
16148,2,0.5469122,0.35507974,0.09800809,c5,c1
16149,3,0.3027204,0.40055016,0.29672942,c5,c234
16150,4,0.38456494,0.30803683,0.30739826,c234,c1
16151,1,0.114775635,0.3389956,0.54622877,c234,c5
16152,3,0.1891098,0.43457085,0.37631938,c1,c234
16153,2,0.084893145,0.24213347,0.6729734,c234,c5
16154,1,0.045858257,0.1972152,0.75692654,c1,c5
16155,1,0.10081375,0.2852351,0.61395115,c234,c5
16156,2,0.17456658,0.35449004,0.47094336,c5,c5
16157,5,0.4088135,0.41363248,0.177554,c234,c234
16158,3,0.13258313,0.44863248,0.4187844,c5,c234
16159,5,0.66743743,0.26131642,0.07124616,c5,c1
16160,2,0.14515488,0.4685657,0.38627946,c234,c234
16161,2,0.19830546,0.45459113,0.3471035,c5,c234
16162,1,0.13937013,0.39509463,0.46553525,c234,c5
16163,1,0.20659728,0.3562498,0.43715292,c234,c5
16164,3,0.08669113,0.36002722,0.55328166,c5,c5
16165,3,0.46499798,0.37391016,0.1610918,c234,c1
16166,1,0.2059887,0.3055077,0.48850352,c234,c5
16167,3,0.5125022,0.34216148,0.14533639,c1,c1
16168,3,0.18519618,0.5187619,0.296042,c5,c234
16169,5,0.05217029,0.20767677,0.74015296,c5,c5
16170,2,0.19080992,0.252597,0.55659306,c234,c5
16171,2,0.29736808,0.49030703,0.21232492,c234,c234
16172,2,0.29480293,0.39929992,0.3058971,c5,c234
16173,1,0.3660724,0.3197816,0.314146,c1,c1
16174,4,0.113906965,0.25878555,0.6273075,c5,c5
16175,5,0.32521212,0.45054883,0.224239,c1,c234
16176,1,0.106791876,0.38447842,0.50872976,c234,c5
16177,5,0.2558304,0.45961592,0.28455368,c1,c234
16178,4,0.4067102,0.4008449,0.1924449,c234,c1
16179,2,0.57885844,0.3030791,0.1180625,c1,c1
16180,1,0.096485786,0.19888128,0.7046329,c5,c5
16181,5,0.36544284,0.46740854,0.16714863,c5,c234
16182,5,0.13874896,0.32205018,0.5392009,c234,c5
16183,4,0.4437159,0.40867046,0.14761367,c234,c1
16184,3,0.07941577,0.20441547,0.7161687,c5,c5
16185,3,0.30907694,0.39304188,0.29788113,c234,c234
16186,2,0.09728719,0.3228314,0.57988137,c5,c5
16187,4,0.44916984,0.32574406,0.22508614,c5,c1
16188,3,0.55057967,0.3431536,0.10626672,c234,c1
16189,2,0.48651695,0.36942294,0.14406013,c1,c1
16190,5,0.031125214,0.14227952,0.8265952,c5,c5
16191,1,0.21400487,0.2684714,0.51752377,c1,c5
16192,1,0.563662,0.33011833,0.10621969,c1,c1
16193,2,0.47689876,0.35744238,0.16565894,c5,c1
16194,1,0.39424506,0.39724016,0.20851475,c234,c234
16195,2,0.3229341,0.26410255,0.4129634,c1,c5
16196,5,0.5028433,0.3854492,0.11170753,c234,c1
16197,4,0.20201881,0.46810508,0.32987612,c5,c234
16198,1,0.45442438,0.30570123,0.23987441,c1,c1
16199,5,0.32672554,0.38835156,0.28492293,c1,c234
16200,3,0.5464501,0.34547362,0.1080763,c5,c1
16201,4,0.2355189,0.40793487,0.35654628,c234,c234
16202,5,0.17159162,0.47273982,0.35566857,c1,c234
16203,3,0.41451684,0.39946505,0.18601812,c234,c1
16204,1,0.19606711,0.34516028,0.45877263,c5,c5
16205,4,0.54933006,0.3465427,0.10412723,c1,c1
16206,5,0.30899218,0.41724345,0.2737644,c1,c234
16207,2,0.65831894,0.21677278,0.12490833,c1,c1
16208,2,0.08161344,0.19416355,0.724223,c5,c5
16209,4,0.33463407,0.3709208,0.29444513,c234,c234
16210,5,0.3385834,0.35604727,0.30536935,c5,c234
16211,3,0.55057967,0.3431536,0.10626672,c5,c1
16212,2,0.57676965,0.25323626,0.16999403,c234,c1
16213,4,0.053848766,0.17317997,0.77297133,c5,c5
16214,5,0.66743743,0.26131642,0.07124616,c234,c1
16215,5,0.56697214,0.28699008,0.14603771,c1,c1
16216,2,0.2159286,0.37868902,0.40538234,c1,c5
16217,4,0.4280428,0.2699632,0.30199406,c5,c1
16218,3,0.25094628,0.4631977,0.28585595,c234,c234
16219,2,0.12592377,0.25607097,0.6180053,c1,c5
16220,2,0.69467884,0.21896428,0.0863569,c234,c1
16221,3,0.47229668,0.2835747,0.24412861,c5,c1
16222,2,0.19821703,0.41952303,0.38225996,c5,c234
16223,3,0.14326936,0.46327022,0.3934604,c234,c234
16224,3,0.17916265,0.22048147,0.6003559,c234,c5
16225,3,0.5312291,0.35760942,0.11116153,c1,c1
16226,5,0.55249715,0.33531106,0.112191804,c1,c1
16227,5,0.28964883,0.321916,0.38843518,c234,c5
16228,3,0.10323363,0.25536537,0.641401,c5,c5
16229,4,0.13034639,0.35336792,0.51628566,c234,c5
16230,2,0.41026694,0.3548831,0.23484991,c1,c1
16231,4,0.6343442,0.2744481,0.091207646,c1,c1
16232,4,0.2686363,0.42082238,0.31054127,c5,c234
16233,3,0.115164764,0.29048,0.5943552,c5,c5
16234,3,0.40680787,0.41442654,0.1787656,c234,c234
16235,4,0.18776904,0.35268804,0.4595429,c5,c5
16236,2,0.15180127,0.2305669,0.61763185,c5,c5
16237,4,0.058600202,0.2351309,0.70626885,c5,c5
16238,5,0.17174943,0.3667137,0.46153688,c1,c5
16239,1,0.24244499,0.32519177,0.43236324,c234,c5
16240,5,0.4299805,0.32186365,0.2481559,c1,c1
16241,3,0.47640264,0.39916846,0.124428846,c1,c1
16242,4,0.49354786,0.37920243,0.12724967,c234,c1
16243,1,0.19357412,0.5279905,0.27843535,c234,c234
16244,1,0.42809948,0.43114123,0.14075924,c1,c234
16245,3,0.18166037,0.35828832,0.46005133,c5,c5
16246,2,0.23675345,0.3330211,0.43022543,c234,c5
16247,3,0.38485563,0.42836896,0.1867754,c234,c234
16248,2,0.06354913,0.34111965,0.59533125,c5,c5
16249,1,0.0877008,0.4297856,0.4825136,c1,c5
16250,4,0.28182736,0.47107983,0.24709277,c234,c234
16251,2,0.106875084,0.16276626,0.7303587,c234,c5
16252,4,0.26654398,0.34407145,0.38938463,c5,c5
16253,5,0.07733302,0.31765398,0.60501295,c234,c5
16254,3,0.26790223,0.40068653,0.33141124,c1,c234
16255,2,0.49483132,0.38906187,0.11610674,c5,c1
16256,4,0.08554203,0.25010574,0.66435224,c234,c5
16257,1,0.1469676,0.47210643,0.3809259,c234,c234
16258,2,0.3624717,0.4276177,0.2099106,c1,c234
16259,4,0.3121087,0.46975476,0.21813647,c234,c234
16260,4,0.26439556,0.43674016,0.2988643,c234,c234
16261,5,0.4254886,0.40809095,0.16642046,c234,c1
16262,1,0.5920455,0.3196966,0.0882579,c234,c1
16263,4,0.11143524,0.23847172,0.6500931,c5,c5
16264,2,0.14717925,0.47835928,0.3744615,c5,c234
16265,1,0.72590405,0.21345346,0.0606425,c1,c1
16266,5,0.4222161,0.30911207,0.2686719,c234,c1
16267,2,0.11898585,0.40370488,0.47730926,c1,c5
16268,4,0.41269413,0.4015624,0.18574353,c1,c1
16269,2,0.5855457,0.3208526,0.09360167,c234,c1
16270,2,0.18749556,0.27234694,0.5401575,c234,c5
16271,3,0.34296024,0.47389165,0.1831481,c5,c234
16272,4,0.49082658,0.2998166,0.20935681,c1,c1
16273,3,0.42147058,0.36355218,0.21497725,c234,c1
16274,3,0.32678345,0.2742633,0.39895332,c5,c5
16275,2,0.34367386,0.2941752,0.362151,c234,c5
16276,1,0.42473027,0.39434868,0.18092106,c1,c1
16277,3,0.25373814,0.51319116,0.2330707,c1,c234
16278,3,0.13389283,0.39257333,0.4735338,c5,c5
16279,1,0.6051715,0.30083677,0.09399177,c234,c1
16280,2,0.12147324,0.31243488,0.5660919,c1,c5
16281,1,0.6886157,0.22451797,0.086866364,c1,c1
16282,4,0.28847393,0.36941445,0.34211162,c234,c234
16283,2,0.06725242,0.25749037,0.6752572,c5,c5
16284,2,0.35334677,0.43884894,0.20780428,c5,c234
16285,4,0.06610886,0.12299606,0.8108951,c5,c5
16286,4,0.41544288,0.3962249,0.18833221,c5,c1
16287,1,0.72659934,0.19267072,0.08072995,c1,c1
16288,2,0.4953484,0.3992889,0.1053628,c1,c1
16289,1,0.19082858,0.26142144,0.54775,c234,c5
16290,5,0.09910006,0.36569297,0.535207,c234,c5
16291,4,0.4596047,0.36220402,0.17819118,c1,c1
16292,5,0.084915966,0.22495613,0.69012797,c5,c5
16293,4,0.055944826,0.25042146,0.69363374,c5,c5
16294,3,0.14771175,0.4905161,0.3617722,c5,c234
16295,2,0.2988054,0.45868608,0.24250853,c1,c234
16296,4,0.06453355,0.17198543,0.7634811,c5,c5
16297,1,0.07218537,0.31089106,0.61692363,c1,c5
16298,4,0.279122,0.41216323,0.30871484,c234,c234
16299,1,0.5447431,0.36031702,0.094939895,c1,c1
16300,1,0.34955195,0.34730303,0.30314505,c1,c1
16301,2,0.35804757,0.3006346,0.3413179,c1,c1
16302,5,0.34026268,0.42405862,0.23567867,c234,c234
16303,5,0.43045717,0.43098295,0.13855991,c234,c234
16304,4,0.21759698,0.48595276,0.2964502,c234,c234
16305,4,0.6741352,0.2591815,0.06668327,c234,c1
16306,4,0.13475178,0.35545725,0.50979096,c5,c5
16307,1,0.19039154,0.52607304,0.28353542,c234,c234
16308,4,0.13286108,0.27834657,0.5887923,c5,c5
16309,2,0.68722194,0.24519737,0.067580625,c234,c1
16310,4,0.08212502,0.32568425,0.59219074,c5,c5
16311,5,0.39115587,0.39731565,0.21152854,c5,c234
16312,3,0.73645306,0.21133244,0.05221454,c1,c1
16313,5,0.40681612,0.37436506,0.21881881,c1,c1
16314,5,0.2868389,0.39381304,0.31934807,c1,c234
16315,5,0.20794103,0.30686706,0.4851919,c1,c5
16316,1,0.09603452,0.42475992,0.47920555,c234,c5
16317,4,0.28996232,0.3141897,0.39584795,c5,c5
16318,2,0.2874362,0.47096103,0.24160276,c5,c234
16319,3,0.26409099,0.39698023,0.33892882,c1,c234
16320,4,0.6065238,0.27664015,0.11683601,c234,c1
16321,1,0.10545443,0.23838611,0.65615946,c5,c5
16322,5,0.10316519,0.28221777,0.61461705,c234,c5
16323,2,0.25198784,0.46888265,0.27912948,c5,c234
16324,5,0.45774612,0.3577136,0.18454024,c234,c1
16325,5,0.26017714,0.51929456,0.2205283,c234,c234
16326,5,0.50696343,0.29972035,0.19331627,c234,c1
16327,2,0.25784355,0.31880507,0.4233514,c5,c5
16328,3,0.68241155,0.25371003,0.06387836,c234,c1
16329,3,0.29411376,0.37792623,0.32795995,c234,c234
16330,5,0.10316519,0.28221777,0.61461705,c5,c5
16331,4,0.6156256,0.29849768,0.08587669,c5,c1
16332,3,0.5528708,0.34322247,0.103906706,c1,c1
16333,4,0.107528195,0.31061187,0.5818599,c234,c5
16334,2,0.23491709,0.46810174,0.29698113,c234,c234
16335,5,0.41843918,0.4333058,0.14825502,c1,c234
16336,5,0.29425615,0.4883139,0.21742989,c1,c234
16337,4,0.059118412,0.27998,0.66090155,c5,c5
16338,1,0.36372405,0.43139967,0.20487624,c1,c234
16339,2,0.34566748,0.48126104,0.1730715,c234,c234
16340,4,0.28751162,0.3946885,0.31779993,c234,c234
16341,3,0.27411458,0.5143374,0.21154799,c1,c234
16342,1,0.04630819,0.17044811,0.78324366,c5,c5
16343,2,0.096433416,0.33185315,0.5717134,c234,c5
16344,2,0.5357874,0.34378344,0.12042916,c234,c1
16345,4,0.13290794,0.2883551,0.57873696,c5,c5
16346,1,0.11505526,0.30745316,0.5774916,c234,c5
16347,3,0.446736,0.36644474,0.18681927,c1,c1
16348,5,0.50387824,0.36306283,0.13305888,c1,c1
16349,4,0.25330088,0.41951305,0.32718605,c234,c234
16350,4,0.6078434,0.24457376,0.14758289,c1,c1
16351,1,0.45952085,0.32911706,0.21136214,c234,c1
16352,2,0.2504399,0.43991145,0.30964866,c5,c234
16353,4,0.42233098,0.27062145,0.30704755,c1,c1
16354,5,0.20582847,0.49303406,0.30113748,c234,c234
16355,4,0.49943534,0.292369,0.20819563,c234,c1
16356,4,0.11361863,0.18320955,0.70317185,c234,c5
16357,3,0.47279453,0.28036097,0.24684449,c1,c1
16358,3,0.12007297,0.21510096,0.6648261,c5,c5
16359,5,0.33595216,0.42879862,0.23524924,c1,c234
16360,5,0.47894278,0.36681494,0.15424226,c234,c1
16361,4,0.6075059,0.30741832,0.08507571,c1,c1
16362,4,0.55346733,0.34588626,0.100646354,c1,c1
16363,2,0.6833046,0.25235757,0.06433783,c1,c1
16364,1,0.4951052,0.39584213,0.10905265,c234,c1
16365,3,0.7452753,0.20552047,0.049204264,c234,c1
16366,4,0.5878059,0.29656124,0.11563287,c234,c1
16367,2,0.2861553,0.30042863,0.41341612,c1,c5
16368,2,0.23511888,0.4462862,0.31859496,c5,c234
16369,3,0.20514135,0.36866224,0.42619643,c5,c5
16370,5,0.07951723,0.21829809,0.7021847,c234,c5
16371,2,0.5471869,0.3180628,0.13475028,c234,c1
16372,2,0.19239493,0.34910592,0.4584991,c1,c5
16373,5,0.3950883,0.29655385,0.3083578,c234,c1
16374,5,0.27902588,0.30980697,0.41116717,c1,c5
16375,5,0.1067911,0.29641148,0.5967974,c5,c5
16376,2,0.05970209,0.18104437,0.7592536,c5,c5
16377,2,0.1651166,0.3366124,0.49827096,c5,c5
16378,3,0.08947873,0.37561744,0.53490376,c234,c5
16379,2,0.46447685,0.30179843,0.23372477,c5,c1
16380,2,0.05720916,0.31253362,0.63025725,c234,c5
16381,4,0.047024984,0.20506667,0.7479084,c5,c5
16382,4,0.6837018,0.25176558,0.064532585,c1,c1
16383,5,0.11432835,0.4759649,0.4097068,c234,c234
16384,4,0.28074083,0.33520395,0.38405526,c5,c5
16385,2,0.46335065,0.31132585,0.22532345,c1,c1
16386,2,0.40879303,0.44104052,0.15016642,c1,c234
16387,1,0.29593328,0.45019898,0.2538678,c234,c234
16388,1,0.70964384,0.22846921,0.06188699,c1,c1
16389,3,0.42920172,0.44466773,0.12613055,c234,c234
16390,2,0.17540054,0.4807623,0.34383708,c1,c234
16391,2,0.31430137,0.41261214,0.27308643,c5,c234
16392,5,0.2982589,0.44390294,0.25783816,c234,c234
16393,1,0.07161985,0.2723439,0.65603626,c234,c5
16394,3,0.5603827,0.2963301,0.14328714,c1,c1
16395,2,0.48594347,0.3513256,0.16273093,c5,c1
16396,2,0.16294071,0.4251197,0.41193956,c5,c234
16397,5,0.15406418,0.3330742,0.51286155,c234,c5
16398,2,0.47024545,0.39743918,0.1323154,c5,c1
16399,1,0.16909976,0.3768165,0.4540838,c5,c5
16400,2,0.08037321,0.18663822,0.7329886,c234,c5
16401,5,0.11562059,0.272028,0.6123514,c5,c5
16402,5,0.2431671,0.5006548,0.2561781,c234,c234
16403,5,0.18329474,0.35206133,0.46464387,c5,c5
16404,3,0.1164827,0.2931236,0.5903937,c5,c5
16405,1,0.09289262,0.31279734,0.59431005,c234,c5
16406,3,0.14271404,0.29476687,0.5625191,c5,c5
16407,5,0.13627003,0.40385842,0.4598715,c5,c5
16408,3,0.73807746,0.1839015,0.078021035,c1,c1
16409,1,0.36996832,0.42713246,0.20289922,c5,c234
16410,1,0.4421557,0.3960556,0.16178867,c234,c1
16411,2,0.12360993,0.41329527,0.46309477,c234,c5
16412,5,0.09430954,0.33134964,0.5743408,c5,c5
16413,3,0.13265342,0.44288322,0.42446333,c234,c234
16414,1,0.103488214,0.34627092,0.5502409,c234,c5
16415,2,0.043567974,0.16353805,0.79289395,c5,c5
16416,3,0.25577438,0.5092272,0.23499843,c5,c234
16417,5,0.3673597,0.4178768,0.21476348,c234,c234
16418,2,0.15569137,0.2416257,0.60268295,c5,c5
16419,1,0.5437543,0.35098845,0.10525728,c1,c1
16420,4,0.5135975,0.31678778,0.16961475,c1,c1
16421,2,0.46689478,0.25119534,0.28190985,c1,c1
16422,3,0.10301946,0.40309644,0.49388406,c5,c5
16423,1,0.15743363,0.47161922,0.37094718,c5,c234
16424,3,0.32772687,0.32919538,0.3430777,c5,c5
16425,1,0.13845515,0.26158962,0.5999552,c5,c5
16426,3,0.41323298,0.3314346,0.2553324,c234,c1
16427,4,0.14969382,0.44537827,0.4049279,c234,c234
16428,4,0.42348415,0.33598644,0.24052939,c234,c1
16429,3,0.32309073,0.46464583,0.21226346,c234,c234
16430,4,0.6347145,0.26539704,0.09988846,c234,c1
16431,1,0.4294271,0.34085748,0.2297155,c234,c1
16432,4,0.51985556,0.36128223,0.11886223,c1,c1
16433,3,0.11341022,0.30584455,0.5807453,c234,c5
16434,2,0.4384282,0.40409625,0.15747556,c5,c1
16435,5,0.36520487,0.43773377,0.19706136,c234,c234
16436,4,0.23692149,0.557965,0.20511356,c5,c234
16437,4,0.1674102,0.26873174,0.56385803,c1,c5
16438,4,0.33563772,0.47998723,0.18437514,c234,c234
16439,5,0.41746214,0.40521133,0.1773265,c234,c1
16440,4,0.23913747,0.4486257,0.31223688,c1,c234
16441,2,0.6782427,0.24588321,0.07587411,c1,c1
16442,1,0.3329863,0.3251933,0.3418204,c5,c5
16443,4,0.18130778,0.36786485,0.45082748,c234,c5
16444,1,0.63348943,0.2816932,0.08481743,c234,c1
16445,2,0.34742522,0.39889672,0.25367802,c5,c234
16446,1,0.5405199,0.30612358,0.15335658,c5,c1
16447,3,0.1696179,0.3107209,0.51966125,c234,c5
16448,2,0.29561093,0.4927641,0.21162498,c1,c234
16449,3,0.41862744,0.38200307,0.19936953,c234,c1
16450,1,0.32697234,0.446264,0.22676374,c1,c234
16451,5,0.062761396,0.31563118,0.6216075,c1,c5
16452,4,0.35814208,0.40706855,0.23478931,c234,c234
16453,4,0.50452006,0.34220982,0.15327005,c1,c1
16454,5,0.3718395,0.41603398,0.21212654,c5,c234
16455,3,0.3663156,0.42750895,0.20617539,c234,c234
16456,4,0.033454563,0.19237678,0.7741687,c234,c5
16457,5,0.4784095,0.37185872,0.14973184,c234,c1
16458,1,0.118993506,0.2778867,0.6031198,c5,c5
16459,5,0.43835187,0.37316144,0.18848675,c5,c1
16460,5,0.4193334,0.34033352,0.24033307,c1,c1
16461,4,0.52039826,0.260271,0.21933074,c5,c1
16462,1,0.762502,0.18788843,0.04960955,c234,c1
16463,1,0.43723914,0.37664774,0.18611306,c5,c1
16464,5,0.2773861,0.5059582,0.21665572,c1,c234
16465,4,0.23468304,0.3499009,0.41541615,c5,c5
16466,3,0.054214273,0.28143936,0.6643464,c5,c5
16467,2,0.06216373,0.2576615,0.68017477,c234,c5
16468,4,0.14326005,0.29564184,0.56109816,c234,c5
16469,5,0.42394394,0.46074888,0.11530712,c1,c234
16470,5,0.26611367,0.37592235,0.357964,c1,c234
16471,5,0.07954516,0.21355057,0.70690423,c5,c5
16472,3,0.46561834,0.3451955,0.18918617,c1,c1
16473,4,0.1739231,0.5054797,0.32059723,c234,c234
16474,4,0.42233098,0.27062145,0.30704755,c1,c1
16475,5,0.21634075,0.41457146,0.36908776,c234,c234
16476,4,0.6914265,0.23234929,0.07622418,c1,c1
16477,3,0.66691726,0.23606136,0.09702141,c234,c1
16478,2,0.30547532,0.3863809,0.30814376,c1,c234
16479,1,0.752829,0.19775842,0.04941259,c1,c1
16480,2,0.29642215,0.45509017,0.24848765,c5,c234
16481,2,0.57911915,0.30921486,0.11166598,c5,c1
16482,1,0.28619054,0.36528447,0.34852496,c5,c234
16483,1,0.563662,0.33011833,0.10621969,c1,c1
16484,3,0.33008054,0.40454656,0.26537287,c1,c234
16485,2,0.09559491,0.3835707,0.5208344,c5,c5
16486,4,0.10064505,0.25889543,0.64045954,c5,c5
16487,2,0.28657,0.27502036,0.43840963,c5,c5
16488,2,0.77190655,0.17772466,0.050368775,c1,c1
16489,2,0.2754005,0.46267515,0.26192427,c234,c234
16490,5,0.39715824,0.47071677,0.13212505,c234,c234
16491,5,0.49585494,0.3873998,0.11674527,c1,c1
16492,3,0.20329595,0.3446802,0.4520239,c234,c5
16493,4,0.58669734,0.29549652,0.11780614,c234,c1
16494,1,0.5029387,0.3074215,0.1896398,c1,c1
16495,5,0.3819737,0.40001193,0.21801433,c234,c234
16496,4,0.15320446,0.41533598,0.43145955,c5,c5
16497,3,0.27734634,0.4115709,0.31108272,c1,c234
16498,5,0.49604413,0.34633687,0.15761897,c1,c1
16499,5,0.06408046,0.14451334,0.7914062,c5,c5
16500,4,0.23593639,0.38049287,0.38357076,c5,c5
16501,3,0.09650422,0.36207536,0.54142046,c5,c5
16502,5,0.08122257,0.28950986,0.6292676,c234,c5
16503,5,0.03723443,0.19640872,0.7663568,c234,c5
16504,4,0.6114401,0.31829703,0.07026282,c1,c1
16505,5,0.5946992,0.26168275,0.14361805,c1,c1
16506,5,0.38347164,0.44985875,0.16666965,c234,c234
16507,4,0.14571014,0.4114573,0.4428325,c234,c5
16508,5,0.21749786,0.39039144,0.3921108,c5,c5
16509,4,0.09851692,0.22791341,0.67356974,c234,c5
16510,5,0.3121069,0.42178395,0.2661092,c234,c234
16511,2,0.08379178,0.19658656,0.71962166,c1,c5
16512,3,0.30873394,0.36070427,0.33056173,c5,c234
16513,2,0.4834703,0.24962981,0.26689988,c1,c1
16514,2,0.19493856,0.32045907,0.48460245,c5,c5
16515,2,0.37153405,0.47404054,0.15442535,c1,c234
16516,2,0.19693565,0.31170103,0.49136323,c1,c5
16517,1,0.123599626,0.30932915,0.56707126,c234,c5
16518,5,0.37337548,0.41440037,0.21222417,c234,c234
16519,3,0.61326915,0.25992823,0.12680265,c5,c1
16520,5,0.15583465,0.44806927,0.3960961,c234,c234
16521,5,0.050184477,0.18820731,0.76160824,c5,c5
16522,4,0.27918804,0.39865112,0.3221609,c5,c234
16523,4,0.23456575,0.42640612,0.33902815,c1,c234
16524,2,0.6414844,0.2779102,0.08060544,c234,c1
16525,3,0.43572652,0.41821647,0.14605704,c1,c1
16526,5,0.2559269,0.50273865,0.24133445,c234,c234
16527,3,0.50081265,0.27711573,0.22207157,c234,c1
16528,2,0.696746,0.24790232,0.05535163,c1,c1
16529,5,0.10251715,0.23902969,0.65845317,c1,c5
16530,4,0.38895798,0.30486834,0.30617368,c1,c1
16531,5,0.39577046,0.26946405,0.33476546,c1,c1
16532,3,0.32780486,0.31123677,0.36095834,c234,c5
16533,1,0.06282422,0.29456705,0.6426087,c234,c5
16534,5,0.21044311,0.48418513,0.3053717,c1,c234
16535,3,0.22854935,0.42397395,0.34747663,c1,c234
16536,5,0.19996968,0.4278034,0.3722269,c234,c234
16537,2,0.5132064,0.36710805,0.11968552,c1,c1
16538,5,0.55778307,0.32443976,0.11777715,c1,c1
16539,2,0.5321483,0.34905532,0.11879634,c234,c1
16540,2,0.25601545,0.49024042,0.25374418,c234,c234
16541,2,0.15617199,0.26598197,0.577846,c1,c5
16542,2,0.12450093,0.47262278,0.4028763,c234,c234
16543,2,0.259653,0.332304,0.40804297,c1,c5
16544,3,0.53633374,0.34267205,0.12099423,c234,c1
16545,1,0.19188213,0.46125752,0.34686035,c1,c234
16546,3,0.19380721,0.28779095,0.5184018,c5,c5
16547,4,0.6688267,0.2616367,0.06953659,c1,c1
16548,2,0.5077081,0.34540364,0.14688829,c234,c1
16549,1,0.06609467,0.26572064,0.6681847,c5,c5
16550,1,0.18214583,0.29528219,0.522572,c5,c5
16551,5,0.24861635,0.56790876,0.18347491,c234,c234
16552,3,0.15805829,0.31885812,0.5230836,c1,c5
16553,1,0.41194528,0.3337664,0.2542883,c5,c1
16554,5,0.66743743,0.26131642,0.07124616,c1,c1
16555,1,0.7070084,0.21707793,0.075913705,c1,c1
16556,4,0.5376895,0.34256986,0.11974066,c234,c1
16557,3,0.31507254,0.47689316,0.20803425,c1,c234
16558,5,0.81252617,0.15377265,0.033701118,c1,c1
16559,1,0.12648168,0.32571423,0.5478041,c1,c5
16560,5,0.45855194,0.33786747,0.20358057,c5,c1
16561,2,0.111080185,0.35691178,0.53200805,c234,c5
16562,4,0.5453648,0.32280254,0.13183261,c1,c1
16563,2,0.35396016,0.4556048,0.19043507,c5,c234
16564,2,0.09755122,0.2697424,0.6327064,c1,c5
16565,2,0.23953211,0.53768945,0.22277842,c1,c234
16566,5,0.66743743,0.26131642,0.07124616,c234,c1
16567,2,0.25980932,0.34184662,0.3983441,c234,c5
16568,4,0.14753085,0.32326138,0.52920777,c1,c5
16569,4,0.5900952,0.2979412,0.11196367,c5,c1
16570,1,0.23751307,0.33783177,0.4246551,c1,c5
16571,1,0.28174153,0.4067414,0.31151703,c234,c234
16572,2,0.6484725,0.24967295,0.1018545,c234,c1
16573,1,0.2858756,0.51224786,0.20187654,c1,c234
16574,3,0.1800735,0.2867704,0.5331561,c5,c5
16575,2,0.55149716,0.3506813,0.09782151,c1,c1
16576,5,0.120725565,0.24733509,0.63193935,c5,c5
16577,2,0.29780445,0.45268628,0.2495093,c5,c234
16578,2,0.5863652,0.2140853,0.19954944,c234,c1
16579,4,0.4051135,0.39380148,0.20108502,c1,c1
16580,1,0.3227362,0.32478145,0.35248238,c234,c5
16581,4,0.072007194,0.18422645,0.7437663,c5,c5
16582,1,0.32433897,0.5129187,0.16274233,c1,c234
16583,4,0.6199147,0.27490714,0.1051782,c1,c1
16584,5,0.20972706,0.43823066,0.3520423,c234,c234
16585,5,0.2831705,0.470416,0.2464135,c234,c234
16586,2,0.23971349,0.37657022,0.3837163,c5,c5
16587,4,0.17815462,0.3583916,0.46345368,c234,c5
16588,1,0.6687938,0.23334014,0.09786615,c234,c1
16589,4,0.13163465,0.4065536,0.4618117,c5,c5
16590,3,0.59497124,0.31732526,0.08770355,c234,c1
16591,1,0.5395794,0.29289904,0.16752158,c234,c1
16592,4,0.10544416,0.27971396,0.6148419,c5,c5
16593,2,0.17349242,0.43829474,0.38821283,c5,c234
16594,5,0.5207359,0.35058853,0.12867552,c234,c1
16595,4,0.1464688,0.30318755,0.5503437,c1,c5
16596,2,0.5378746,0.25955996,0.20256542,c5,c1
16597,3,0.26887617,0.42356995,0.3075539,c234,c234
16598,4,0.07505451,0.27403575,0.6509097,c234,c5
16599,5,0.12976886,0.5099982,0.36023295,c234,c234
16600,1,0.3629083,0.3878969,0.24919476,c234,c234
16601,4,0.41269413,0.4015624,0.18574353,c5,c1
16602,4,0.14441435,0.27824706,0.5773386,c1,c5
16603,4,0.15413782,0.327467,0.5183951,c234,c5
16604,4,0.2212176,0.31862503,0.46015742,c5,c5
16605,4,0.70158106,0.2392333,0.059185714,c1,c1
16606,3,0.068582304,0.18757953,0.7438382,c5,c5
16607,1,0.38559186,0.4839358,0.13047233,c1,c234
16608,4,0.107912354,0.21006058,0.68202704,c1,c5
16609,2,0.3797875,0.28333873,0.33687377,c5,c1
16610,4,0.46564573,0.380049,0.15430528,c5,c1
16611,5,0.1287325,0.42106843,0.45019907,c5,c5
16612,3,0.06583986,0.18944137,0.74471873,c1,c5
16613,5,0.05871495,0.30756924,0.6337158,c5,c5
16614,4,0.7032084,0.24567696,0.051114652,c5,c1
16615,5,0.49248156,0.36813197,0.13938642,c5,c1
16616,4,0.24838643,0.4300648,0.32154873,c5,c234
16617,5,0.13057359,0.31510893,0.55431753,c234,c5
16618,2,0.22248666,0.5485799,0.22893348,c234,c234
16619,2,0.6409823,0.28342906,0.07558868,c1,c1
16620,5,0.47827944,0.3919838,0.12973678,c234,c1
16621,1,0.6597403,0.2442355,0.0960242,c234,c1
16622,3,0.39154175,0.27919957,0.32925874,c1,c1
16623,5,0.3135271,0.5172344,0.16923845,c234,c234
16624,2,0.31585044,0.42148405,0.26266554,c234,c234
16625,4,0.21388386,0.40538508,0.38073105,c1,c234
16626,2,0.68649584,0.25759166,0.055912483,c1,c1
16627,2,0.69186413,0.24033085,0.067804985,c1,c1
16628,1,0.4960894,0.35712355,0.14678702,c1,c1
16629,5,0.22942725,0.48091874,0.28965396,c5,c234
16630,3,0.13319804,0.2313497,0.6354523,c234,c5
16631,3,0.23829043,0.3571055,0.40460414,c234,c5
16632,5,0.047380827,0.2092838,0.74333537,c234,c5
16633,3,0.08983335,0.21622363,0.693943,c5,c5
16634,5,0.57264185,0.28418854,0.14316961,c234,c1
16635,3,0.6201884,0.23214386,0.14766774,c1,c1
16636,4,0.6117079,0.29580262,0.092489466,c234,c1
16637,1,0.07460161,0.4379837,0.48741466,c234,c5
16638,5,0.15433267,0.3109244,0.53474295,c234,c5
16639,3,0.107332855,0.28458512,0.60808206,c5,c5
16640,1,0.15607697,0.3284044,0.51551867,c234,c5
16641,3,0.28503367,0.30970338,0.4052629,c1,c5
16642,5,0.39577046,0.26946405,0.33476546,c1,c1
16643,1,0.1970177,0.3877247,0.4152576,c5,c5
16644,5,0.599749,0.2987423,0.101508655,c1,c1
16645,1,0.563662,0.33011833,0.10621969,c1,c1
16646,1,0.12540701,0.4343072,0.44028577,c5,c5
16647,2,0.22359742,0.37486687,0.40153572,c234,c5
16648,3,0.55057967,0.3431536,0.10626672,c234,c1
16649,2,0.42855918,0.4000955,0.17134531,c234,c1
16650,2,0.12981027,0.23155312,0.63863665,c234,c5
16651,5,0.5953335,0.32901528,0.07565121,c234,c1
16652,3,0.08370956,0.3566718,0.5596186,c234,c5
16653,3,0.08733009,0.31295592,0.59971404,c5,c5
16654,2,0.08551505,0.30503333,0.60945165,c5,c5
16655,4,0.15486719,0.27197465,0.57315814,c234,c5
16656,3,0.45506182,0.37077644,0.17416169,c1,c1
16657,3,0.07462248,0.21391374,0.7114638,c5,c5
16658,1,0.18129733,0.32792658,0.4907761,c1,c5
16659,3,0.084696434,0.2613615,0.65394205,c5,c5
16660,5,0.10316519,0.28221777,0.61461705,c5,c5
16661,2,0.3584008,0.42078137,0.2208178,c1,c234
16662,5,0.26764244,0.33971816,0.3926394,c234,c5
16663,2,0.33655885,0.4728891,0.19055204,c5,c234
16664,2,0.062727325,0.19733149,0.7399412,c234,c5
16665,4,0.5551542,0.34516627,0.099679574,c5,c1
16666,1,0.3391485,0.44753343,0.2133181,c5,c234
16667,2,0.14450471,0.32640257,0.5290927,c234,c5
16668,2,0.44925004,0.43341297,0.11733702,c1,c1
16669,5,0.12266061,0.33375186,0.5435875,c5,c5
16670,1,0.25363454,0.30828476,0.43808073,c5,c5
16671,2,0.39183667,0.3555757,0.25258762,c1,c1
16672,3,0.5838848,0.32005107,0.09606414,c1,c1
16673,5,0.32903728,0.3679873,0.30297536,c234,c234
16674,3,0.047977973,0.17618302,0.7758391,c1,c5
16675,3,0.24915695,0.4468896,0.30395347,c5,c234
16676,2,0.123325065,0.418019,0.4586559,c234,c5
16677,4,0.33670005,0.31310713,0.35019282,c1,c5
16678,2,0.4432951,0.35532907,0.20137589,c1,c1
16679,3,0.39024553,0.43849713,0.1712574,c1,c234
16680,3,0.24459755,0.51253057,0.24287191,c5,c234
16681,4,0.24629264,0.5078953,0.24581207,c1,c234
16682,4,0.42564434,0.33825725,0.23609841,c5,c1
16683,5,0.6454644,0.23331559,0.12121996,c1,c1
16684,2,0.12689678,0.22866814,0.64443505,c234,c5
16685,3,0.17267324,0.40255693,0.42476985,c234,c5
16686,3,0.32304043,0.34408468,0.3328749,c234,c234
16687,4,0.13246886,0.2706496,0.59688157,c1,c5
16688,3,0.4798082,0.31983584,0.20035595,c5,c1
16689,3,0.079934515,0.3849006,0.5351649,c5,c5
16690,2,0.07111857,0.16838042,0.76050097,c1,c5
16691,1,0.762502,0.18788843,0.04960955,c1,c1
16692,1,0.35376468,0.4414108,0.20482454,c5,c234
16693,2,0.13115041,0.2456052,0.62324435,c1,c5
16694,3,0.2393087,0.30755988,0.45313138,c234,c5
16695,5,0.43159336,0.40475214,0.16365446,c234,c1
16696,1,0.5373536,0.37049136,0.09215507,c234,c1
16697,3,0.16851321,0.37095347,0.46053332,c5,c5
16698,5,0.39577046,0.26946405,0.33476546,c5,c1
16699,5,0.6016464,0.26612484,0.13222873,c234,c1
16700,5,0.41491035,0.4587036,0.12638612,c5,c234
16701,1,0.23288944,0.3591246,0.407986,c1,c5
16702,1,0.25224432,0.31053105,0.43722457,c234,c5
16703,5,0.086714394,0.24278127,0.6705043,c5,c5
16704,3,0.20626698,0.39042386,0.40330926,c5,c5
16705,1,0.12887113,0.36515316,0.5059757,c234,c5
16706,1,0.054060813,0.22613676,0.71980244,c5,c5
16707,5,0.47165298,0.3187966,0.2095504,c5,c1
16708,2,0.5793238,0.3498796,0.070796594,c234,c1
16709,3,0.56997025,0.29645565,0.13357411,c5,c1
16710,4,0.5304024,0.36910722,0.100490354,c234,c1
16711,5,0.66743743,0.26131642,0.07124616,c1,c1
16712,3,0.3435128,0.30237287,0.35411435,c5,c5
16713,2,0.31420618,0.31761903,0.36817476,c5,c5
16714,4,0.68289614,0.2530239,0.06407997,c1,c1
16715,1,0.09859036,0.24679945,0.65461016,c234,c5
16716,4,0.2551286,0.42091843,0.32395294,c234,c234
16717,2,0.3683389,0.40896016,0.22270091,c234,c234
16718,2,0.06821162,0.26991397,0.6618745,c234,c5
16719,3,0.637785,0.2995265,0.06268845,c1,c1
16720,2,0.19985156,0.30053505,0.4996134,c234,c5
16721,5,0.6847347,0.23093064,0.08433468,c1,c1
16722,1,0.5628682,0.24613915,0.19099265,c234,c1
16723,2,0.22709507,0.43274304,0.34016183,c234,c234
16724,3,0.51650876,0.33240607,0.15108523,c234,c1
16725,4,0.46704748,0.41016033,0.12279219,c234,c1
16726,4,0.3145863,0.4722086,0.21320514,c5,c234
16727,2,0.4011773,0.39795813,0.20086458,c1,c1
16728,1,0.45288727,0.38539404,0.16171865,c5,c1
16729,4,0.06722547,0.20294003,0.7298345,c234,c5
16730,4,0.17526324,0.42977494,0.3949618,c5,c234
16731,4,0.43326658,0.44159633,0.12513709,c5,c234
16732,3,0.11852541,0.38996044,0.4915141,c234,c5
16733,1,0.08485826,0.3139042,0.6012376,c1,c5
16734,4,0.26588598,0.37281424,0.36129984,c1,c234
16735,3,0.3501062,0.3032322,0.34666154,c5,c1
16736,2,0.34703955,0.37496448,0.2779959,c234,c234
16737,1,0.58421636,0.32627866,0.089505024,c1,c1
16738,2,0.74280316,0.20401524,0.053181592,c5,c1
16739,1,0.49753585,0.36773425,0.13472979,c5,c1
16740,2,0.5390859,0.32701954,0.13389456,c1,c1
16741,4,0.13594235,0.27642727,0.5876304,c234,c5
16742,3,0.24743894,0.30549037,0.44707063,c5,c5
16743,5,0.38216844,0.39778057,0.22005102,c5,c234
16744,5,0.5035865,0.36245415,0.13395938,c1,c1
16745,2,0.4320324,0.24217075,0.32579684,c234,c1
16746,3,0.2319692,0.34303755,0.42499322,c1,c5
16747,5,0.12359354,0.23730402,0.63910246,c5,c5
16748,5,0.59715205,0.2518643,0.15098368,c234,c1
16749,1,0.5445989,0.34837246,0.10702863,c5,c1
16750,2,0.19354753,0.320942,0.48551047,c1,c5
16751,4,0.05504906,0.21270569,0.7322452,c234,c5
16752,1,0.12861553,0.26375702,0.60762745,c5,c5
16753,3,0.2655915,0.48525843,0.24915014,c5,c234
16754,4,0.19302548,0.29104176,0.5159328,c234,c5
16755,2,0.32464796,0.39284503,0.282507,c1,c234
16756,5,0.22110863,0.44894752,0.3299439,c234,c234
16757,2,0.66814446,0.2541336,0.077721916,c1,c1
16758,3,0.7271927,0.17424819,0.098559104,c5,c1
16759,2,0.043139268,0.2321861,0.72467464,c234,c5
16760,5,0.43121833,0.4115719,0.15720981,c234,c1
16761,5,0.3880435,0.42070335,0.19125314,c1,c234
16762,5,0.28842592,0.25891247,0.4526616,c1,c5
16763,2,0.53888506,0.24853322,0.21258172,c1,c1
16764,2,0.176563,0.39258382,0.43085328,c1,c5
16765,5,0.053794477,0.20793419,0.73827136,c5,c5
16766,3,0.2328548,0.40494847,0.36219677,c234,c234
16767,4,0.19054651,0.411544,0.3979095,c5,c234
16768,2,0.42173523,0.4143361,0.16392867,c1,c1
16769,1,0.13708006,0.25186062,0.6110593,c234,c5
16770,4,0.5891743,0.26888886,0.14193685,c234,c1
16771,4,0.12742785,0.32975698,0.5428152,c5,c5
16772,1,0.43860874,0.35526666,0.20612459,c1,c1
16773,4,0.4103085,0.37172502,0.21796641,c1,c1
16774,1,0.60871273,0.2923534,0.09893389,c234,c1
16775,1,0.05539137,0.31068796,0.6339207,c5,c5
16776,1,0.07087437,0.22647895,0.7026467,c234,c5
16777,4,0.31804797,0.45400044,0.22795162,c5,c234
16778,2,0.2858,0.4283825,0.28581747,c1,c234
16779,5,0.52987486,0.3442074,0.12591778,c234,c1
16780,3,0.13203984,0.3002564,0.5677038,c234,c5
16781,1,0.17006293,0.317991,0.51194614,c5,c5
16782,1,0.11087523,0.3846377,0.50448704,c1,c5
16783,1,0.112023145,0.28090513,0.6070717,c234,c5
16784,2,0.15702356,0.3945645,0.44841194,c234,c5
16785,4,0.061907973,0.124205574,0.81388646,c5,c5
16786,2,0.055346686,0.24626657,0.6983867,c5,c5
16787,5,0.36101052,0.3039457,0.33504376,c234,c1
16788,3,0.15365998,0.4005145,0.44582555,c234,c5
16789,5,0.27411863,0.33725402,0.3886274,c5,c5
16790,3,0.12695357,0.21912861,0.6539178,c234,c5
16791,3,0.7074466,0.22028323,0.072270215,c1,c1
16792,5,0.24700245,0.3400526,0.41294494,c1,c5
16793,1,0.23231591,0.37047014,0.39721394,c5,c5
16794,5,0.5310462,0.3364428,0.13251098,c234,c1
16795,4,0.8154591,0.13822031,0.04632062,c1,c1
16796,4,0.08864699,0.25023034,0.66112274,c5,c5
16797,3,0.44872567,0.43886638,0.11240792,c234,c1
16798,2,0.25378978,0.30652153,0.43968865,c5,c5
16799,3,0.22012836,0.4243085,0.3555632,c234,c234
16800,3,0.10705447,0.343138,0.54980755,c5,c5
16801,4,0.7091413,0.22098619,0.0698725,c1,c1
16802,3,0.13618092,0.24931209,0.614507,c5,c5
16803,2,0.64336747,0.27681026,0.07982223,c5,c1
16804,3,0.3354324,0.47038674,0.1941808,c5,c234
16805,4,0.61990875,0.29725403,0.08283718,c234,c1
16806,1,0.5893149,0.30352,0.10716512,c5,c1
16807,4,0.16726038,0.24823049,0.5845092,c5,c5
16808,4,0.68289614,0.2530239,0.06407997,c1,c1
16809,3,0.3091668,0.4050054,0.28582785,c234,c234
16810,2,0.66593957,0.24340563,0.09065476,c5,c1
16811,4,0.46562672,0.34615114,0.1882221,c1,c1
16812,2,0.5295507,0.38272694,0.087722406,c1,c1
16813,1,0.3704694,0.35524008,0.27429056,c1,c1
16814,3,0.39982286,0.3875216,0.21265559,c234,c1
16815,4,0.17358205,0.47012016,0.3562977,c234,c234
16816,4,0.10625735,0.33399552,0.5597471,c5,c5
16817,2,0.06821469,0.24418558,0.6875997,c5,c5
16818,2,0.16048293,0.2782815,0.56123555,c5,c5
16819,2,0.5128747,0.3807176,0.106407665,c234,c1
16820,3,0.097744256,0.34687206,0.5553837,c234,c5
16821,4,0.54084396,0.25231534,0.20684074,c1,c1
16822,1,0.33838508,0.3666863,0.2949286,c5,c234
16823,1,0.09433903,0.24245198,0.663209,c5,c5
16824,1,0.16795099,0.3857599,0.44628915,c1,c5
16825,3,0.18157718,0.3514548,0.46696803,c5,c5
16826,2,0.5892297,0.29199266,0.118777685,c1,c1
16827,5,0.1349247,0.19476275,0.6703126,c5,c5
16828,4,0.27311185,0.32482857,0.40205953,c1,c5
16829,3,0.25801173,0.46260214,0.27938616,c234,c234
16830,2,0.09366661,0.18101054,0.72532284,c5,c5
16831,4,0.16342868,0.33268368,0.5038876,c5,c5
16832,3,0.3648615,0.45407745,0.18106104,c1,c234
16833,4,0.28260592,0.45450643,0.26288766,c1,c234
16834,4,0.40030056,0.30332682,0.29637262,c5,c1
16835,2,0.11125196,0.2029074,0.6858406,c5,c5
16836,1,0.51614296,0.34133187,0.14252517,c1,c1
16837,2,0.08459854,0.27422318,0.6411783,c234,c5
16838,1,0.34093046,0.4885989,0.1704707,c1,c234
16839,1,0.4519875,0.31682143,0.23119105,c234,c1
16840,5,0.6378865,0.25634155,0.105771944,c234,c1
16841,3,0.19606905,0.29697812,0.5069529,c234,c5
16842,2,0.56613827,0.25024292,0.18361878,c1,c1
16843,5,0.55709606,0.34321696,0.099686936,c1,c1
16844,4,0.2748605,0.3213445,0.40379497,c5,c5
16845,2,0.34403744,0.28381047,0.37215212,c5,c5
16846,2,0.14455573,0.23936716,0.6160771,c1,c5
16847,5,0.2655729,0.42336237,0.31106475,c1,c234
16848,5,0.22753061,0.4521673,0.32030213,c234,c234
16849,4,0.2134794,0.31887063,0.46764994,c1,c5
16850,5,0.31586063,0.44093114,0.24320821,c234,c234
16851,2,0.33451784,0.45251197,0.21297018,c1,c234
16852,3,0.14361113,0.19943297,0.6569559,c5,c5
16853,2,0.21094115,0.2981268,0.49093205,c234,c5
16854,4,0.38312274,0.37294796,0.24392928,c1,c1
16855,3,0.4190644,0.30048057,0.280455,c234,c1
16856,3,0.32352054,0.29643267,0.38004676,c234,c5
16857,5,0.27493253,0.38566953,0.33939794,c234,c234
16858,4,0.65544605,0.2409486,0.1036054,c1,c1
16859,4,0.18187845,0.3853188,0.4328027,c5,c5
16860,2,0.38468525,0.39332736,0.22198743,c234,c234
16861,5,0.3153029,0.2721069,0.41259015,c5,c5
16862,2,0.3593403,0.28057286,0.3600868,c5,c5
16863,3,0.29423773,0.3758996,0.32986262,c234,c234
16864,1,0.14433011,0.29148364,0.5641862,c5,c5
16865,2,0.1723343,0.47886026,0.34880546,c234,c234
16866,4,0.5683182,0.30530554,0.12637623,c1,c1
16867,3,0.5095315,0.29156536,0.19890313,c234,c1
16868,5,0.20714734,0.3577875,0.43506515,c234,c5
16869,3,0.45464906,0.4087405,0.13661042,c1,c1
16870,5,0.54091924,0.28945372,0.16962703,c5,c1
16871,1,0.11189406,0.24702355,0.6410824,c5,c5
16872,2,0.22090109,0.24496335,0.5341355,c234,c5
16873,2,0.52333206,0.38147837,0.09518959,c1,c1
16874,4,0.17283021,0.45679444,0.3703753,c234,c234
16875,5,0.38590452,0.3871785,0.22691694,c1,c234
16876,4,0.3081721,0.40761435,0.2842135,c5,c234
16877,3,0.6875355,0.2177203,0.094744146,c1,c1
16878,2,0.36121967,0.4555666,0.18321371,c234,c234
16879,5,0.12875943,0.39864555,0.47259498,c5,c5
16880,1,0.58959466,0.3069437,0.103461646,c1,c1
16881,3,0.48228452,0.33191437,0.18580112,c234,c1
16882,3,0.13076219,0.32962015,0.53961766,c5,c5
16883,4,0.13570914,0.3094302,0.5548606,c5,c5
16884,5,0.53394467,0.34101552,0.1250398,c1,c1
16885,2,0.19535746,0.3189988,0.4856438,c234,c5
16886,1,0.07574398,0.2654396,0.6588164,c1,c5
16887,2,0.5170647,0.37468493,0.10825042,c5,c1
16888,5,0.16808847,0.57730865,0.25460285,c5,c234
16889,1,0.22268963,0.36531454,0.41199586,c234,c5
16890,4,0.21337645,0.4312428,0.35538077,c1,c234
16891,3,0.39958036,0.43756932,0.16285037,c1,c234
16892,4,0.03810362,0.2025206,0.7593758,c1,c5
16893,1,0.35105312,0.3594549,0.28949195,c234,c234
16894,2,0.22273867,0.32101172,0.45624965,c234,c5
16895,3,0.3536187,0.33493233,0.311449,c234,c1
16896,1,0.18070628,0.42718813,0.39210558,c5,c234
16897,3,0.05241304,0.15525873,0.79232824,c5,c5
16898,5,0.34166527,0.43327832,0.22505638,c5,c234
16899,3,0.4257971,0.4496216,0.12458137,c1,c234
16900,4,0.13471174,0.44019565,0.42509267,c5,c234
16901,5,0.16611822,0.36319003,0.4706918,c1,c5
16902,3,0.39154175,0.27919957,0.32925874,c234,c1
16903,1,0.06983862,0.26948938,0.660672,c234,c5
16904,2,0.49479756,0.3911544,0.114048,c234,c1
16905,2,0.511313,0.35330173,0.13538527,c234,c1
16906,1,0.09444782,0.43311214,0.47244,c5,c5
16907,5,0.29255018,0.34059364,0.36685616,c5,c5
16908,2,0.33645788,0.33813056,0.32541153,c1,c234
16909,3,0.15013064,0.421978,0.4278913,c5,c5
16910,1,0.12484762,0.2853259,0.58982646,c5,c5
16911,1,0.3489438,0.39469382,0.25636232,c1,c234
16912,5,0.53589123,0.3072391,0.1568697,c234,c1
16913,4,0.08410624,0.27563912,0.6402546,c1,c5
16914,2,0.270933,0.54803514,0.18103191,c234,c234
16915,5,0.17465056,0.29521075,0.53013873,c234,c5
16916,2,0.41584334,0.37490433,0.20925239,c1,c1
16917,4,0.2450688,0.3665023,0.38842896,c5,c5
16918,4,0.41269413,0.4015624,0.18574353,c234,c1
16919,4,0.13336585,0.32294938,0.5436848,c234,c5
16920,4,0.09358212,0.1742804,0.73213744,c234,c5
16921,2,0.29033974,0.27376214,0.4358981,c5,c5
16922,5,0.19109412,0.4821731,0.32673287,c5,c234
16923,5,0.1434506,0.40055305,0.4559964,c234,c5
16924,4,0.19332762,0.29744622,0.5092261,c5,c5
16925,4,0.10343204,0.2638974,0.6326706,c234,c5
16926,3,0.35356238,0.30834967,0.33808792,c1,c1
16927,4,0.5844638,0.32265335,0.09288288,c234,c1
16928,4,0.50365436,0.26971844,0.22662716,c1,c1
16929,3,0.048557106,0.21453188,0.736911,c234,c5
16930,1,0.22829337,0.3520158,0.41969082,c234,c5
16931,5,0.45633838,0.3416565,0.20200513,c5,c1
16932,2,0.10386189,0.2502032,0.6459349,c1,c5
16933,4,0.15670301,0.43415225,0.4091448,c1,c234
16934,2,0.58249366,0.3235246,0.09398165,c1,c1
16935,3,0.22200987,0.5104238,0.2675663,c1,c234
16936,5,0.42928472,0.28484386,0.28587148,c5,c1
16937,2,0.06435819,0.29133502,0.64430684,c234,c5
16938,5,0.3321707,0.31501156,0.35281777,c234,c5
16939,1,0.44747007,0.36031023,0.1922197,c1,c1
16940,3,0.36325216,0.49348563,0.14326231,c234,c234
16941,1,0.13184792,0.44975358,0.41839844,c5,c234
16942,5,0.6484,0.23809668,0.113503315,c1,c1
16943,3,0.60702515,0.27678218,0.11619268,c1,c1
16944,2,0.23833412,0.5396902,0.22197564,c5,c234
16945,1,0.60131156,0.2892883,0.109400086,c234,c1
16946,2,0.40659967,0.37057495,0.22282542,c1,c1
16947,5,0.36664024,0.2991426,0.33421713,c1,c1
16948,5,0.47647408,0.2636162,0.2599097,c1,c1
16949,5,0.33480835,0.46073967,0.204452,c5,c234
16950,1,0.09508398,0.32017633,0.5847397,c5,c5
16951,2,0.5774337,0.30247155,0.12009477,c234,c1
16952,4,0.13278404,0.25532383,0.61189216,c234,c5
16953,3,0.0490025,0.13979976,0.81119776,c5,c5
16954,2,0.13170317,0.45633465,0.41196218,c5,c234
16955,2,0.61214954,0.28659365,0.101256825,c234,c1
16956,1,0.12176325,0.47457996,0.40365675,c5,c234
16957,1,0.2816183,0.33605412,0.38232753,c5,c5
16958,1,0.4338741,0.37272388,0.19340204,c234,c1
16959,5,0.33880746,0.4107303,0.25046217,c1,c234
16960,2,0.17941362,0.36366636,0.45692,c234,c5
16961,4,0.5856173,0.3072642,0.107118525,c1,c1
16962,1,0.27729124,0.4190548,0.30365393,c234,c234
16963,1,0.29729185,0.38066006,0.3220481,c1,c234
16964,5,0.32782418,0.31497693,0.35719892,c234,c5
16965,3,0.24188337,0.31571618,0.44240046,c1,c5
16966,2,0.23577154,0.44692448,0.31730402,c5,c234
16967,1,0.07391837,0.29895714,0.6271244,c234,c5
16968,2,0.46720955,0.2899908,0.24279968,c5,c1
16969,4,0.10304219,0.3010885,0.59586936,c5,c5
16970,5,0.66461897,0.2632481,0.07213294,c5,c1
16971,1,0.33828652,0.45353642,0.20817709,c234,c234
16972,5,0.0777384,0.2640149,0.6582467,c234,c5
16973,5,0.12818286,0.23031694,0.6415001,c5,c5
16974,2,0.09838644,0.3362675,0.5653461,c5,c5
16975,2,0.35099697,0.42884475,0.22015832,c1,c234
16976,3,0.31274724,0.37303224,0.31422052,c5,c234
16977,4,0.2744444,0.44726533,0.27829024,c234,c234
16978,1,0.58970565,0.27293614,0.13735823,c1,c1
16979,5,0.10957688,0.32793579,0.5624873,c5,c5
16980,3,0.083751544,0.22789668,0.6883518,c5,c5
16981,3,0.6397552,0.25611314,0.10413165,c5,c1
16982,2,0.46689478,0.25119534,0.28190985,c5,c1
16983,5,0.065785535,0.2672037,0.6670107,c5,c5
16984,1,0.11261744,0.25679454,0.63058805,c5,c5
16985,3,0.5862738,0.24385886,0.16986729,c5,c1
16986,5,0.22942351,0.41406536,0.35651118,c1,c234
16987,1,0.15194759,0.29818976,0.5498627,c5,c5
16988,3,0.20549574,0.3891065,0.40539777,c234,c5
16989,5,0.08432909,0.3334466,0.5822243,c234,c5
16990,2,0.32066277,0.35497382,0.32436344,c5,c234
16991,5,0.33712065,0.44492543,0.21795392,c1,c234
16992,5,0.39577046,0.26946405,0.33476546,c234,c1
16993,4,0.6625151,0.24115099,0.096333936,c234,c1
16994,2,0.3761077,0.2715624,0.35232988,c5,c1
16995,3,0.3944748,0.44836473,0.15716043,c5,c234
16996,1,0.2191941,0.30110604,0.47969988,c5,c5
16997,5,0.31959802,0.44344714,0.23695484,c5,c234
16998,4,0.3469862,0.36383823,0.28917557,c234,c234
16999,2,0.3621324,0.44307145,0.19479617,c234,c234
17000,3,0.34993052,0.45262268,0.19744676,c1,c234
17001,3,0.2948737,0.44990325,0.2552231,c1,c234
17002,4,0.23599155,0.3137084,0.45030004,c5,c5
17003,4,0.44597253,0.365283,0.18874447,c1,c1
17004,1,0.15033141,0.3964575,0.45321104,c1,c5
17005,3,0.042916335,0.10679101,0.85029274,c5,c5
17006,2,0.17179976,0.4706629,0.35753733,c5,c234
17007,5,0.07670288,0.34985447,0.57344264,c5,c5
17008,4,0.21573673,0.39332834,0.39093497,c5,c234
17009,2,0.19981316,0.3640744,0.4361125,c234,c5
17010,4,0.066457815,0.20210977,0.73143244,c5,c5
17011,5,0.17691132,0.43402824,0.3890604,c1,c234
17012,1,0.46370873,0.36369157,0.17259976,c5,c1
17013,1,0.5533022,0.33049268,0.116205186,c234,c1
17014,2,0.2550713,0.39496574,0.34996298,c5,c234
17015,4,0.08449552,0.2788484,0.63665617,c5,c5
17016,1,0.24774888,0.3024295,0.4498217,c1,c5
17017,2,0.296229,0.28660724,0.4171638,c234,c5
17018,1,0.4550809,0.36225787,0.18266127,c1,c1
17019,2,0.1892553,0.44218564,0.368559,c5,c234
17020,1,0.33598816,0.31870967,0.3453021,c5,c5
17021,5,0.22015192,0.40462488,0.37522316,c5,c234
17022,4,0.33873385,0.41874027,0.24252585,c234,c234
17023,4,0.4402597,0.30168214,0.25805816,c1,c1
17024,1,0.37761253,0.35289854,0.26948893,c234,c1
17025,4,0.29179958,0.40219173,0.3060087,c1,c234
17026,5,0.42763606,0.36466196,0.20770203,c234,c1
17027,3,0.40609828,0.30197087,0.29193088,c1,c1
17028,3,0.55057967,0.3431536,0.10626672,c5,c1
17029,5,0.10316519,0.28221777,0.61461705,c5,c5
17030,1,0.49231637,0.355914,0.15176961,c1,c1
17031,5,0.44628957,0.37769914,0.1760113,c1,c1
17032,3,0.3933881,0.32894897,0.27766296,c234,c1
17033,1,0.17968181,0.36483297,0.45548525,c1,c5
17034,3,0.36771035,0.45332786,0.17896178,c234,c234
17035,4,0.19977818,0.46483853,0.33538333,c234,c234
17036,2,0.10043581,0.2635493,0.6360149,c5,c5
17037,5,0.28395307,0.46757048,0.24847643,c1,c234
17038,4,0.5055382,0.31889734,0.17556448,c1,c1
17039,3,0.67340744,0.23260976,0.093982846,c234,c1
17040,3,0.702029,0.22677761,0.07119342,c234,c1
17041,3,0.339383,0.38862985,0.27198714,c1,c234
17042,4,0.573257,0.30913574,0.117607154,c1,c1
17043,1,0.14300206,0.28390795,0.57308996,c1,c5
17044,4,0.304443,0.26696488,0.42859215,c5,c5
17045,2,0.32597807,0.42576578,0.24825607,c1,c234
17046,3,0.21180516,0.47766003,0.31053486,c1,c234
17047,1,0.4816714,0.31442592,0.20390272,c5,c1
17048,2,0.20610376,0.4211459,0.37275037,c234,c234
17049,2,0.22170478,0.31948268,0.45881248,c5,c5
17050,3,0.12214719,0.20680515,0.6710476,c1,c5
17051,3,0.3250172,0.4790853,0.1958975,c5,c234
17052,1,0.31651676,0.4388235,0.2446598,c1,c234
17053,3,0.33583426,0.4785419,0.18562387,c234,c234
17054,3,0.21505733,0.29327202,0.49167058,c1,c5
17055,1,0.6147036,0.24042772,0.14486869,c1,c1
17056,2,0.09118138,0.36586154,0.5429571,c5,c5
17057,4,0.30398875,0.33521396,0.36079732,c1,c5
17058,1,0.35906202,0.31675538,0.32418263,c5,c1
17059,1,0.049924146,0.15915325,0.7909226,c5,c5
17060,3,0.41046792,0.3968206,0.1927115,c1,c1
17061,3,0.3115895,0.46295124,0.22545922,c234,c234
17062,5,0.1561156,0.28756148,0.5563229,c5,c5
17063,1,0.28598514,0.48463967,0.22937514,c234,c234
17064,1,0.5811731,0.27990714,0.13891974,c1,c1
17065,2,0.06034861,0.2616948,0.6779566,c5,c5
17066,1,0.548211,0.37030473,0.08148429,c1,c1
17067,1,0.42729506,0.40067223,0.17203273,c5,c1
17068,3,0.2543674,0.37627497,0.36935768,c1,c234
17069,5,0.72701585,0.20099977,0.07198432,c234,c1
17070,1,0.30973998,0.36016095,0.33009905,c234,c234
17071,2,0.17874733,0.28735107,0.5339016,c5,c5
17072,2,0.057174716,0.2604334,0.6823918,c5,c5
17073,1,0.13638628,0.32261285,0.54100084,c5,c5
17074,4,0.674629,0.26144552,0.06392545,c1,c1
17075,5,0.5792001,0.25501832,0.16578162,c1,c1
17076,2,0.068086825,0.17593674,0.75597644,c5,c5
17077,4,0.22228917,0.44488984,0.33282092,c234,c234
17078,1,0.26806048,0.4167034,0.31523612,c234,c234
17079,2,0.3593403,0.28057286,0.3600868,c234,c5
17080,3,0.23349728,0.36403942,0.40246332,c5,c5
17081,4,0.619964,0.27495208,0.1050839,c1,c1
17082,3,0.1423044,0.35661963,0.5010759,c234,c5
17083,1,0.09096802,0.26795802,0.64107394,c234,c5
17084,3,0.6845077,0.21340092,0.10209134,c1,c1
17085,3,0.05060611,0.110831134,0.8385628,c5,c5
17086,1,0.5397036,0.3693511,0.090945326,c234,c1
17087,4,0.3889073,0.42567366,0.18541904,c5,c234
17088,1,0.16017278,0.50778675,0.3320405,c234,c234
17089,2,0.3593403,0.28057286,0.3600868,c5,c5
17090,5,0.24672826,0.3127325,0.44053924,c234,c5
17091,3,0.2470693,0.32748988,0.42544082,c5,c5
17092,3,0.13632767,0.2925071,0.57116514,c5,c5
17093,2,0.04337582,0.21287867,0.74374557,c5,c5
17094,1,0.348096,0.38973603,0.26216793,c5,c234
17095,1,0.16699798,0.30228356,0.5307185,c1,c5
17096,2,0.120338395,0.31473577,0.56492585,c5,c5
17097,1,0.19778307,0.47584894,0.3263679,c1,c234
17098,3,0.15264337,0.41716227,0.43019435,c1,c5
17099,5,0.578379,0.3217985,0.099822484,c234,c1
17100,1,0.07073752,0.2587787,0.6704838,c5,c5
17101,2,0.5128493,0.31864923,0.16850153,c1,c1
17102,5,0.072666764,0.30811226,0.61922103,c234,c5
17103,2,0.48398164,0.34728223,0.16873612,c1,c1
17104,2,0.46268824,0.42117962,0.1161322,c234,c1
17105,2,0.3675605,0.40969315,0.2227463,c1,c234
17106,4,0.42233098,0.27062145,0.30704755,c1,c1
17107,2,0.10527855,0.31323126,0.5814902,c5,c5
17108,2,0.10174571,0.27620238,0.6220519,c234,c5
17109,5,0.09575595,0.3145087,0.5897353,c5,c5
17110,5,0.15531854,0.47399694,0.37068447,c234,c234
17111,4,0.50276864,0.35339662,0.14383477,c1,c1
17112,3,0.12103247,0.42773765,0.45122984,c5,c5
17113,2,0.297672,0.2686822,0.43364584,c5,c5
17114,1,0.17622529,0.3921679,0.4316069,c234,c5
17115,3,0.30476445,0.2869908,0.40824482,c1,c5
17116,3,0.28402892,0.42378342,0.2921877,c234,c234
17117,5,0.52987486,0.3442074,0.12591778,c1,c1
17118,4,0.38295838,0.4150889,0.20195276,c1,c234
17119,2,0.6409823,0.28342906,0.07558868,c1,c1
17120,3,0.2551525,0.45016328,0.2946842,c234,c234
17121,5,0.09707669,0.29027775,0.61264557,c5,c5
17122,2,0.14272377,0.36348045,0.49379575,c234,c5
17123,2,0.2923964,0.42129987,0.28630376,c234,c234
17124,1,0.46709272,0.34482867,0.18807858,c1,c1
17125,5,0.41210115,0.36023167,0.22766721,c234,c1
17126,4,0.24066801,0.36854616,0.39078584,c1,c5
17127,2,0.6947001,0.18835047,0.11694948,c234,c1
17128,1,0.61871314,0.2736656,0.10762127,c234,c1
17129,4,0.09550322,0.27193055,0.6325663,c1,c5
17130,4,0.036882397,0.19655691,0.7665608,c5,c5
17131,3,0.6394137,0.27514273,0.085443586,c234,c1
17132,2,0.06625028,0.15795428,0.77579546,c234,c5
17133,3,0.18246695,0.29646245,0.5210706,c1,c5
17134,1,0.6050334,0.29653466,0.09843197,c1,c1
17135,5,0.54896134,0.27150688,0.17953177,c1,c1
17136,5,0.1720205,0.47810498,0.3498745,c1,c234
17137,5,0.20480616,0.4227045,0.3724894,c5,c234
17138,3,0.079854906,0.22149047,0.69865465,c5,c5
17139,3,0.68244606,0.2079819,0.109572016,c234,c1
17140,4,0.14655112,0.23403081,0.6194181,c5,c5
17141,5,0.49789554,0.36275944,0.13934499,c234,c1
17142,4,0.3919141,0.3626826,0.24540333,c234,c1
17143,4,0.12927228,0.44758397,0.42314368,c5,c234
17144,3,0.10612456,0.34644327,0.5474322,c234,c5
17145,3,0.20960869,0.51299286,0.27739844,c234,c234
17146,2,0.28443173,0.2479344,0.46763387,c234,c5
17147,4,0.16348004,0.3979552,0.43856472,c234,c5
17148,4,0.35186172,0.37751552,0.27062282,c5,c234
17149,2,0.6188292,0.27734938,0.10382149,c1,c1
17150,5,0.63811165,0.26855755,0.093330786,c234,c1
17151,5,0.55778885,0.3175083,0.12470285,c1,c1
17152,1,0.14074153,0.33198154,0.5272769,c1,c5
17153,1,0.5576317,0.31011313,0.13225526,c5,c1
17154,2,0.19023784,0.45926282,0.3504994,c5,c234
17155,3,0.121345356,0.4031563,0.47549832,c5,c5
17156,5,0.23189327,0.47113258,0.29697415,c5,c234
17157,5,0.18597348,0.35821083,0.45581564,c234,c5
17158,3,0.5508868,0.3374939,0.11161928,c234,c1
17159,2,0.54485273,0.32910112,0.12604618,c1,c1
17160,2,0.59316194,0.32279196,0.08404613,c1,c1
17161,1,0.5893149,0.30352,0.10716512,c1,c1
17162,1,0.19082858,0.26142144,0.54775,c5,c5
17163,4,0.1731284,0.35303172,0.47383988,c5,c5
17164,4,0.32909504,0.32805222,0.3428528,c234,c5
17165,1,0.40342236,0.35397145,0.24260612,c234,c1
17166,2,0.2759451,0.42354882,0.30050611,c234,c234
17167,2,0.14202948,0.48212463,0.37584594,c234,c234
17168,1,0.563662,0.33011833,0.10621969,c1,c1
17169,5,0.45515004,0.33999813,0.2048519,c5,c1
17170,4,0.6775892,0.2536287,0.0687821,c234,c1
17171,3,0.555896,0.24019954,0.20390446,c1,c1
17172,3,0.26909608,0.3018335,0.42907044,c1,c5
17173,1,0.6262461,0.23168035,0.14207356,c1,c1
17174,1,0.717272,0.19681068,0.08591727,c234,c1
17175,2,0.5600464,0.33503187,0.10492175,c234,c1
17176,4,0.2890347,0.31549165,0.39547372,c5,c5
17177,1,0.1659031,0.424684,0.40941295,c5,c234
17178,3,0.6284885,0.31356454,0.05794699,c1,c1
17179,2,0.41537836,0.42751887,0.15710272,c234,c234
17180,5,0.10001372,0.28252286,0.6174634,c1,c5
17181,4,0.11755691,0.31776348,0.5646796,c5,c5
17182,1,0.5533788,0.29182383,0.15479738,c234,c1
17183,3,0.39154175,0.27919957,0.32925874,c234,c1
17184,5,0.19741102,0.29823613,0.50435287,c5,c5
17185,5,0.20862165,0.3749625,0.41641587,c1,c5
17186,4,0.42423236,0.38934502,0.18642253,c5,c1
17187,2,0.090072185,0.19275396,0.7171739,c1,c5
17188,5,0.09961279,0.3109768,0.5894103,c5,c5
17189,1,0.33598664,0.31623283,0.3477805,c5,c5
17190,1,0.118982226,0.2904851,0.59053266,c1,c5
17191,1,0.70086527,0.22450276,0.07463201,c234,c1
17192,1,0.34511903,0.34803817,0.3068428,c234,c234
17193,3,0.14698635,0.2892822,0.56373143,c5,c5
17194,4,0.2922526,0.46525437,0.24249305,c234,c234
17195,4,0.14345455,0.41896844,0.43757698,c234,c5
17196,4,0.10794421,0.43492302,0.45713276,c234,c5
17197,5,0.39914334,0.3648911,0.23596555,c5,c1
17198,2,0.24275942,0.5299118,0.22732873,c1,c234
17199,2,0.17052339,0.42567125,0.40380538,c234,c234
17200,1,0.5469029,0.25589058,0.19720657,c5,c1
17201,4,0.19418393,0.4729277,0.33288842,c234,c234
17202,1,0.3736654,0.33859998,0.28773466,c234,c1
17203,2,0.3719825,0.4186398,0.20937772,c234,c234
17204,1,0.08838842,0.26800185,0.64360976,c5,c5
17205,1,0.13577795,0.4213,0.44292212,c1,c5
17206,3,0.68390566,0.21394323,0.10215108,c1,c1
17207,3,0.6201818,0.2323682,0.14745001,c234,c1
17208,5,0.064000964,0.27557477,0.6604243,c234,c5
17209,5,0.25445944,0.38423368,0.36130682,c234,c234
17210,2,0.23147146,0.25335422,0.5151744,c5,c5
17211,1,0.1433573,0.52361166,0.33303103,c234,c234
17212,1,0.13477556,0.4126118,0.4526126,c5,c5
17213,2,0.1837395,0.32298502,0.49327546,c234,c5
17214,1,0.31731012,0.3919094,0.2907805,c5,c234
17215,2,0.13721494,0.38595787,0.47682714,c5,c5
17216,4,0.58202106,0.2930876,0.124891356,c1,c1
17217,3,0.40813097,0.3776899,0.21417913,c5,c1
17218,5,0.66743743,0.26131642,0.07124616,c234,c1
17219,4,0.26031676,0.46028483,0.27939847,c5,c234
17220,5,0.19269837,0.38061574,0.42668584,c1,c5
17221,2,0.040053986,0.16558906,0.79435694,c234,c5
17222,4,0.46381858,0.29170656,0.24447489,c5,c1
17223,5,0.24300767,0.33029222,0.42670006,c5,c5
17224,5,0.17881241,0.31551567,0.5056719,c234,c5
17225,4,0.31147245,0.48434302,0.20418447,c234,c234
17226,3,0.3970003,0.45494092,0.14805871,c5,c234
17227,3,0.13527925,0.28535673,0.57936406,c1,c5
17228,1,0.19375707,0.48013908,0.3261039,c234,c234
17229,4,0.4242292,0.2940344,0.28173646,c5,c1
17230,3,0.3678349,0.40750417,0.22466092,c234,c234
17231,5,0.09218436,0.35754427,0.5502714,c234,c5
17232,4,0.17902516,0.34583908,0.47513574,c234,c5
17233,5,0.26178578,0.44117346,0.29704073,c5,c234
17234,3,0.39632732,0.27526617,0.3284065,c5,c1
17235,5,0.23042686,0.49434772,0.27522546,c5,c234
17236,3,0.21476054,0.29051724,0.49472216,c234,c5
17237,2,0.60335183,0.30104408,0.09560406,c5,c1
17238,4,0.0986998,0.35240743,0.5488928,c1,c5
17239,1,0.556071,0.30045423,0.14347483,c234,c1
17240,5,0.02866993,0.07856336,0.8927668,c5,c5
17241,1,0.49190953,0.3602843,0.14780624,c234,c1
17242,5,0.47676083,0.38750923,0.13572997,c234,c1
17243,2,0.07456819,0.25821158,0.66722023,c1,c5
17244,1,0.10482381,0.2998572,0.595319,c234,c5
17245,1,0.1266909,0.38456076,0.4887484,c234,c5
17246,4,0.08251681,0.21740948,0.7000737,c5,c5
17247,5,0.5922562,0.31190667,0.09583714,c5,c1
17248,5,0.13628839,0.34304747,0.5206641,c5,c5
17249,2,0.15992744,0.44656086,0.3935117,c5,c234
17250,1,0.04541092,0.19916749,0.75542164,c5,c5
17251,4,0.41269413,0.4015624,0.18574353,c234,c1
17252,3,0.1924956,0.5157742,0.29173023,c5,c234
17253,4,0.15125714,0.27286512,0.5758777,c5,c5
17254,5,0.38164747,0.35992783,0.2584248,c1,c1
17255,1,0.18820804,0.43419138,0.3776006,c5,c234
17256,4,0.3552527,0.4293019,0.21544537,c5,c234
17257,4,0.6021705,0.29836905,0.099460386,c234,c1
17258,3,0.22880627,0.49381593,0.27737784,c5,c234
17259,3,0.1530816,0.49851573,0.34840262,c1,c234
17260,2,0.14968586,0.34393337,0.50638074,c1,c5
17261,1,0.101280086,0.32324558,0.57547426,c5,c5
17262,4,0.7223794,0.19813949,0.079481095,c5,c1
17263,5,0.23560813,0.46251062,0.30188128,c5,c234
17264,4,0.08287269,0.35327855,0.56384873,c5,c5
17265,5,0.31265637,0.42571047,0.2616331,c234,c234
17266,1,0.5972034,0.27345303,0.12934363,c5,c1
17267,1,0.67009336,0.22205494,0.10785167,c1,c1
17268,3,0.21875082,0.49622282,0.28502637,c1,c234
17269,2,0.5651176,0.35234883,0.08253362,c1,c1
17270,2,0.5121005,0.355285,0.13261452,c5,c1
17271,1,0.43280596,0.40688148,0.16031258,c1,c1
17272,2,0.09638847,0.3774269,0.5261847,c1,c5
17273,5,0.77733487,0.1676596,0.055005528,c1,c1
17274,2,0.46885702,0.34304407,0.1880989,c234,c1
17275,3,0.55057967,0.3431536,0.10626672,c234,c1
17276,4,0.3881328,0.27335235,0.3385148,c5,c1
17277,2,0.2685893,0.35682338,0.37458733,c5,c5
17278,2,0.060290422,0.25909147,0.68061817,c5,c5
17279,1,0.44608533,0.42342916,0.13048552,c234,c1
17280,2,0.55174875,0.3431536,0.105097614,c1,c1
17281,1,0.27385306,0.46052498,0.26562196,c234,c234
17282,5,0.31421778,0.3081026,0.37767962,c5,c5
17283,2,0.40879303,0.44104052,0.15016642,c1,c234
17284,2,0.16590036,0.3014353,0.5326643,c1,c5
17285,2,0.63334626,0.25018093,0.11647281,c1,c1
17286,4,0.41269413,0.4015624,0.18574353,c1,c1
17287,3,0.18726204,0.34653625,0.46620166,c1,c5
17288,5,0.5315842,0.31265482,0.15576096,c234,c1
17289,5,0.48269236,0.4027142,0.11459352,c1,c1
17290,1,0.78718185,0.16264257,0.05017564,c1,c1
17291,1,0.486587,0.35636425,0.15704876,c5,c1
17292,2,0.49807748,0.35626423,0.1456583,c234,c1
17293,2,0.04497852,0.2326408,0.7223807,c5,c5
17294,4,0.06000955,0.27304605,0.66694444,c5,c5
17295,2,0.22958581,0.351018,0.4193962,c5,c5
17296,5,0.33208084,0.51900405,0.14891511,c234,c234
17297,2,0.44121188,0.41752708,0.141261,c1,c1
17298,5,0.52182823,0.35446858,0.12370323,c234,c1
17299,3,0.35575935,0.39869916,0.24554148,c1,c234
17300,2,0.1452679,0.34496668,0.50976545,c5,c5
17301,4,0.31504607,0.32555923,0.35939473,c1,c5
17302,2,0.5826316,0.30213615,0.11523224,c234,c1
17303,1,0.062400855,0.3073728,0.63022625,c5,c5
17304,1,0.2712336,0.38096294,0.34780347,c5,c234
17305,3,0.41176054,0.45733786,0.13090159,c5,c234
17306,5,0.24618028,0.4537908,0.30002895,c5,c234
17307,5,0.11525156,0.2503459,0.6344025,c234,c5
17308,2,0.79424095,0.15468653,0.051072504,c1,c1
17309,4,0.5441077,0.29379293,0.16209938,c1,c1
17310,4,0.058390595,0.27271155,0.66889787,c234,c5
17311,2,0.5669423,0.2917968,0.14126097,c1,c1
17312,4,0.5533734,0.30901548,0.13761108,c1,c1
17313,5,0.44138655,0.3944026,0.16421089,c1,c1
17314,2,0.41206872,0.41156602,0.17636527,c1,c1
17315,4,0.14279419,0.30336732,0.5538385,c5,c5
17316,3,0.40249974,0.43835172,0.15914854,c234,c234
17317,3,0.14496036,0.34436247,0.5106772,c5,c5
17318,1,0.21998456,0.33876956,0.44124585,c1,c5
17319,3,0.11381572,0.43449318,0.45169112,c5,c5
17320,5,0.3301758,0.42024428,0.24957989,c5,c234
17321,4,0.21110602,0.42979056,0.35910344,c234,c234
17322,4,0.2703681,0.42023933,0.3093926,c234,c234
17323,5,0.19980115,0.36623663,0.4339622,c234,c5
17324,3,0.22208075,0.33636677,0.4415525,c5,c5
17325,4,0.6704171,0.234822,0.09476092,c1,c1
17326,3,0.20140864,0.31685057,0.48174077,c5,c5
17327,1,0.102479525,0.4384634,0.45905712,c234,c5
17328,3,0.22772686,0.4556616,0.3166116,c5,c234
17329,4,0.64053744,0.27548334,0.08397921,c1,c1
17330,1,0.37501538,0.27794033,0.3470443,c234,c1
17331,5,0.22149368,0.5033657,0.27514064,c234,c234
17332,3,0.103534065,0.42538154,0.47108445,c5,c5
17333,2,0.075352,0.13869506,0.785953,c5,c5
17334,1,0.07354348,0.30767044,0.6187861,c5,c5
17335,2,0.32802656,0.49173537,0.18023808,c1,c234
17336,1,0.44584793,0.311423,0.24272902,c5,c1
17337,4,0.64053744,0.27548334,0.08397921,c1,c1
17338,1,0.20552409,0.35489705,0.43957886,c1,c5
17339,3,0.12704737,0.3253787,0.5475739,c5,c5
17340,2,0.24798495,0.3481176,0.40389743,c5,c5
17341,3,0.04295373,0.18217134,0.77487487,c5,c5
17342,2,0.17647266,0.30243376,0.52109355,c5,c5
17343,5,0.3996418,0.38508317,0.215275,c5,c1
17344,2,0.18612058,0.33941543,0.474464,c5,c5
17345,2,0.5718166,0.276074,0.15210934,c1,c1
17346,2,0.4554076,0.41354126,0.13105111,c5,c1
17347,2,0.17591943,0.2220846,0.60199594,c1,c5
17348,2,0.085339636,0.3091258,0.60553455,c5,c5
17349,2,0.18996234,0.3630465,0.44699112,c234,c5
17350,3,0.18538657,0.31691608,0.49769726,c5,c5
17351,2,0.12709393,0.29800168,0.5749044,c1,c5
17352,2,0.19237675,0.42847693,0.3791464,c1,c234
17353,3,0.11256769,0.312407,0.5750254,c5,c5
17354,1,0.17712276,0.403956,0.41892123,c234,c5
17355,3,0.55559975,0.31649393,0.12790634,c5,c1
17356,1,0.33995578,0.36621386,0.29383036,c234,c234
17357,2,0.14067422,0.37380776,0.48551795,c234,c5
17358,5,0.69784516,0.22058074,0.08157419,c1,c1
17359,4,0.09931852,0.25714138,0.64354014,c5,c5
17360,3,0.47351536,0.30390128,0.22258334,c1,c1
17361,3,0.09866525,0.25732785,0.64400685,c5,c5
17362,2,0.1167668,0.25874242,0.6244908,c5,c5
17363,4,0.09628361,0.3089915,0.59472483,c234,c5
17364,5,0.46794122,0.34285498,0.18920386,c1,c1
17365,5,0.13278951,0.32269406,0.5445164,c5,c5
17366,3,0.67791206,0.2173625,0.10472542,c234,c1
17367,2,0.40429243,0.44240525,0.15330231,c234,c234
17368,3,0.48136824,0.3322304,0.18640135,c1,c1
17369,2,0.36790794,0.4485472,0.1835449,c1,c234
17370,5,0.21591756,0.44716334,0.3369191,c234,c234
17371,4,0.36972964,0.39574307,0.23452727,c5,c234
17372,4,0.6920704,0.23354717,0.07438237,c234,c1
17373,2,0.18011257,0.20097916,0.6189083,c234,c5
17374,5,0.033713024,0.13905968,0.82722735,c5,c5
17375,3,0.14229274,0.45697764,0.4007296,c5,c234
17376,1,0.22573806,0.39700562,0.37725636,c234,c234
17377,3,0.2120802,0.30388355,0.4840362,c5,c5
17378,3,0.21300127,0.39157802,0.39542076,c234,c5
17379,4,0.41269413,0.4015624,0.18574353,c234,c1
17380,3,0.08453297,0.2993298,0.61613727,c234,c5
17381,2,0.40759894,0.2640667,0.32833433,c234,c1
17382,3,0.122117914,0.3632441,0.514638,c1,c5
17383,4,0.19684644,0.4189682,0.38418534,c234,c234
17384,3,0.37714118,0.4479209,0.1749379,c1,c234
17385,5,0.3856717,0.27935314,0.33497515,c5,c1
17386,3,0.49638295,0.3940157,0.10960135,c5,c1
17387,2,0.7093935,0.18935235,0.10125409,c234,c1
17388,5,0.29136142,0.34876186,0.35987666,c234,c5
17389,1,0.26059213,0.41877,0.3206378,c5,c234
17390,4,0.18612826,0.20759037,0.6062814,c5,c5
17391,4,0.18784024,0.3633112,0.44884858,c234,c5
17392,3,0.10601617,0.26637825,0.62760556,c1,c5
17393,2,0.72987205,0.21725619,0.052871756,c1,c1
17394,1,0.17194106,0.37637988,0.4516791,c5,c5
17395,1,0.5182627,0.38028157,0.101455756,c1,c1
17396,4,0.59449965,0.30624643,0.09925389,c5,c1
17397,2,0.36158663,0.48032725,0.15808605,c5,c234
17398,1,0.13286059,0.3069555,0.56018394,c234,c5
17399,2,0.06499899,0.20122783,0.7337732,c5,c5
17400,3,0.14311273,0.46947777,0.3874095,c5,c234
17401,2,0.34012753,0.4027544,0.2571181,c1,c234
17402,5,0.37431353,0.47006786,0.15561862,c1,c234
17403,1,0.5342791,0.35017496,0.11554596,c1,c1
17404,1,0.18275802,0.43713117,0.3801108,c1,c234
17405,2,0.38142136,0.47712648,0.14145212,c1,c234
17406,2,0.5434283,0.35914034,0.09743133,c234,c1
17407,3,0.34497988,0.24306464,0.41195548,c1,c5
17408,1,0.06593466,0.35039964,0.58366567,c234,c5
17409,2,0.19461602,0.3012042,0.5041797,c234,c5
17410,1,0.13744004,0.53594285,0.32661706,c234,c234
17411,4,0.21719928,0.36002964,0.4227711,c5,c5
17412,2,0.08063991,0.20760913,0.711751,c234,c5
17413,1,0.33155715,0.37866166,0.28978118,c234,c234
17414,3,0.3579962,0.3596168,0.28238708,c5,c234
17415,5,0.053874213,0.25291127,0.69321454,c234,c5
17416,4,0.07687932,0.25377572,0.6693449,c234,c5
17417,3,0.2660694,0.2670782,0.46685237,c1,c5
17418,1,0.45532855,0.39400595,0.1506655,c234,c1
17419,3,0.14032812,0.40446985,0.45520198,c234,c5
17420,3,0.15325671,0.3118248,0.5349185,c1,c5
17421,4,0.2512184,0.3923379,0.35644364,c234,c234
17422,4,0.20299882,0.33964795,0.4573532,c5,c5
17423,3,0.28039598,0.25589627,0.46370777,c1,c5
17424,3,0.5047239,0.32588422,0.16939186,c234,c1
17425,3,0.46997088,0.42801785,0.102011226,c1,c1
17426,5,0.23926622,0.49100235,0.2697315,c234,c234
17427,5,0.3803909,0.38671148,0.2328976,c1,c234
17428,4,0.45949194,0.39158762,0.14892048,c5,c1
17429,3,0.14406887,0.42645055,0.42948058,c1,c5
17430,5,0.25291494,0.37994847,0.36713657,c1,c234
17431,4,0.22123985,0.3658331,0.41292706,c234,c5
17432,4,0.03669784,0.1608448,0.8024574,c234,c5
17433,1,0.15702891,0.4522754,0.3906957,c1,c234
17434,5,0.18066202,0.3211227,0.4982153,c1,c5
17435,1,0.41539195,0.2937491,0.29085892,c1,c1
17436,5,0.66743743,0.26131642,0.07124616,c234,c1
17437,4,0.13082746,0.462241,0.40693155,c234,c234
17438,2,0.41420922,0.3882121,0.19757867,c234,c1
17439,5,0.585614,0.25730786,0.15707807,c234,c1
17440,4,0.09200213,0.29713154,0.6108663,c234,c5
17441,1,0.73182076,0.21847536,0.04970385,c1,c1
17442,2,0.58880174,0.3102199,0.10097833,c1,c1
17443,3,0.21006472,0.47815043,0.31178477,c5,c234
17444,4,0.34676462,0.43232006,0.22091533,c234,c234
17445,4,0.11079036,0.4520938,0.4371159,c1,c234
17446,5,0.16890794,0.3942598,0.43683222,c234,c5
17447,4,0.29804823,0.44171166,0.26024008,c234,c234
17448,2,0.21094115,0.2981268,0.49093205,c1,c5
17449,2,0.6916793,0.18229502,0.12602568,c5,c1
17450,3,0.32938904,0.4285044,0.2421066,c1,c234
17451,3,0.22218019,0.2772513,0.50056857,c1,c5
17452,5,0.67364794,0.22830363,0.09804843,c234,c1
17453,4,0.64299834,0.22751173,0.12948993,c5,c1
17454,4,0.3797017,0.37122303,0.24907526,c5,c1
17455,2,0.6188292,0.27734938,0.10382149,c234,c1
17456,4,0.5187545,0.280514,0.20073143,c5,c1
17457,4,0.06828293,0.22572976,0.70598733,c5,c5
17458,3,0.2252792,0.48549196,0.28922892,c5,c234
17459,2,0.36417663,0.41793847,0.21788491,c234,c234
17460,5,0.1547552,0.34275317,0.5024916,c5,c5
17461,2,0.68664473,0.23843047,0.074924804,c5,c1
17462,1,0.5810609,0.3457834,0.07315569,c234,c1
17463,2,0.5648073,0.3466957,0.08849703,c5,c1
17464,5,0.13067983,0.34253478,0.5267854,c1,c5
17465,3,0.41752258,0.41407114,0.16840632,c234,c1
17466,4,0.16413984,0.41497114,0.420889,c234,c5
17467,2,0.28366926,0.43027952,0.2860512,c234,c234
17468,3,0.21087556,0.44904697,0.34007746,c5,c234
17469,1,0.59250623,0.25957456,0.14791918,c1,c1
17470,3,0.074030295,0.24719138,0.6787784,c234,c5
17471,2,0.18653056,0.2951625,0.518307,c1,c5
17472,2,0.637278,0.26494452,0.097777486,c1,c1
17473,5,0.070068605,0.25598764,0.6739438,c5,c5
17474,3,0.40289208,0.46930677,0.12780114,c1,c234
17475,3,0.2977099,0.4716049,0.23068513,c1,c234
17476,2,0.28090873,0.47190022,0.24719097,c234,c234
17477,3,0.53725046,0.28820202,0.1745475,c234,c1
17478,5,0.08099643,0.37434086,0.5446628,c5,c5
17479,4,0.63502425,0.269708,0.095267676,c1,c1
17480,4,0.29628253,0.41586626,0.28785124,c1,c234
17481,4,0.41269413,0.4015624,0.18574353,c1,c1
17482,2,0.2019813,0.43263477,0.3653839,c5,c234
17483,1,0.28236887,0.32923728,0.38839385,c5,c5
17484,5,0.62957555,0.28571844,0.08470601,c234,c1
17485,2,0.35384652,0.49126723,0.1548863,c1,c234
17486,3,0.11268969,0.2959931,0.5913173,c5,c5
17487,4,0.1072011,0.21757893,0.67521995,c1,c5
17488,4,0.55723614,0.34305185,0.099712,c234,c1
17489,1,0.1601282,0.35499984,0.48487198,c1,c5
17490,4,0.092601165,0.21543603,0.69196284,c5,c5
17491,2,0.12595259,0.24708532,0.62696207,c234,c5
17492,1,0.23118442,0.4931355,0.27568007,c1,c234
17493,5,0.10493614,0.26806197,0.62700194,c5,c5
17494,4,0.60814524,0.2983647,0.093490064,c1,c1
17495,4,0.5709887,0.29444498,0.13456629,c1,c1
17496,4,0.07930027,0.21217643,0.7085233,c234,c5
17497,2,0.64336747,0.27681026,0.07982223,c234,c1
17498,4,0.3828038,0.36531854,0.25187764,c1,c1
17499,5,0.124026775,0.2854291,0.59054416,c1,c5
17500,2,0.21956927,0.38366634,0.39676437,c5,c5
17501,4,0.1742858,0.40701136,0.4187028,c234,c5
17502,2,0.46694514,0.3578445,0.17521034,c1,c1
17503,4,0.048740037,0.16386709,0.78739285,c5,c5
17504,5,0.39577046,0.26946405,0.33476546,c1,c1
17505,1,0.6799181,0.2641071,0.055974822,c5,c1
17506,2,0.051564895,0.22043435,0.72800076,c5,c5
17507,1,0.5042257,0.29696226,0.19881204,c234,c1
17508,5,0.11841828,0.2763746,0.6052071,c234,c5
17509,2,0.30391037,0.5232145,0.17287515,c234,c234
17510,4,0.2910062,0.33767614,0.37131768,c234,c5
17511,2,0.6409823,0.28342906,0.07558868,c1,c1
17512,5,0.14608228,0.33499852,0.51891917,c234,c5
17513,1,0.26309964,0.4446071,0.29229322,c5,c234
17514,4,0.49507195,0.3278004,0.17712773,c234,c1
17515,2,0.22109419,0.50695527,0.2719505,c5,c234
17516,1,0.58013535,0.27686092,0.14300375,c5,c1
17517,5,0.12347462,0.5363493,0.34017608,c1,c234
17518,4,0.13195378,0.39771003,0.4703362,c234,c5
17519,2,0.38636968,0.38859278,0.22503754,c234,c234
17520,5,0.058668982,0.19302683,0.74830425,c5,c5
17521,4,0.17520562,0.31880927,0.5059851,c5,c5
17522,4,0.095905274,0.37334085,0.5307539,c234,c5
17523,5,0.42037958,0.2964246,0.2831958,c1,c1
17524,4,0.25315198,0.45602703,0.29082096,c5,c234
17525,4,0.18791361,0.4198667,0.39221966,c1,c234
17526,4,0.20434713,0.3583778,0.43727502,c5,c5
17527,2,0.5246073,0.30315417,0.17223854,c1,c1
17528,4,0.12303205,0.3855916,0.4913764,c5,c5
17529,2,0.4444127,0.4232858,0.13230154,c5,c1
17530,3,0.44222093,0.39054453,0.16723457,c234,c1
17531,2,0.57380384,0.23525876,0.19093743,c1,c1
17532,3,0.39253214,0.41066775,0.19680016,c234,c234
17533,3,0.35378668,0.48486945,0.16134386,c1,c234
17534,3,0.13590248,0.27807197,0.58602554,c1,c5
17535,2,0.55289215,0.30074906,0.14635883,c1,c1
17536,3,0.08533263,0.309478,0.6051893,c5,c5
17537,5,0.34526366,0.42220047,0.2325359,c5,c234
17538,1,0.09908744,0.34391257,0.557,c234,c5
17539,5,0.62818635,0.25752407,0.11428957,c5,c1
17540,2,0.11284841,0.28919044,0.5979612,c234,c5
17541,1,0.5434397,0.34214747,0.11441284,c234,c1
17542,2,0.39067933,0.3993098,0.21001092,c5,c234
17543,2,0.4361905,0.42608616,0.13772336,c234,c1
17544,1,0.26229727,0.4343597,0.303343,c1,c234
17545,4,0.69661254,0.23201524,0.07137224,c234,c1
17546,3,0.09706462,0.32268316,0.58025223,c5,c5
17547,5,0.059461456,0.2140244,0.72651416,c5,c5
17548,1,0.52871865,0.31853825,0.15274307,c5,c1
17549,1,0.1949397,0.42506042,0.37999982,c234,c234
17550,3,0.20514315,0.3398379,0.45501888,c234,c5
17551,5,0.27071363,0.33747447,0.3918119,c5,c5
17552,3,0.103053115,0.288667,0.6082799,c5,c5
17553,3,0.0750965,0.29119658,0.63370687,c234,c5
17554,4,0.62040675,0.29147178,0.088121384,c1,c1
17555,2,0.11950472,0.24509554,0.6353997,c1,c5
17556,5,0.12759385,0.42246976,0.44993636,c234,c5
17557,1,0.07920624,0.31518465,0.6056091,c5,c5
17558,1,0.49188063,0.2966158,0.21150357,c1,c1
17559,5,0.26095343,0.4224848,0.31656173,c234,c234
17560,3,0.05054193,0.2009247,0.7485333,c5,c5
17561,4,0.42233098,0.27062145,0.30704755,c5,c1
17562,4,0.20274699,0.4483885,0.34886444,c1,c234
17563,2,0.6036852,0.31850833,0.07780648,c5,c1
17564,4,0.054911174,0.15686718,0.78822166,c5,c5
17565,5,0.7027726,0.2048183,0.092409045,c1,c1
17566,1,0.6964085,0.24507116,0.058520313,c1,c1
17567,4,0.6392155,0.2691453,0.091639176,c1,c1
17568,5,0.1618747,0.38755947,0.45056581,c234,c5
17569,1,0.28941822,0.36550182,0.34507993,c234,c234
17570,1,0.31503195,0.37008986,0.31487817,c5,c234
17571,2,0.56673175,0.25305623,0.18021204,c5,c1
17572,1,0.5442408,0.29749215,0.15826713,c1,c1
17573,2,0.57095265,0.31900975,0.11003758,c5,c1
17574,1,0.27711996,0.44194534,0.28093472,c5,c234
17575,4,0.13211869,0.53206575,0.33581555,c5,c234
17576,3,0.49412164,0.26019317,0.24568525,c1,c1
17577,2,0.17454232,0.25133616,0.57412153,c5,c5
17578,1,0.25901806,0.3038596,0.4371224,c1,c5
17579,1,0.13716431,0.47075313,0.3920826,c5,c234
17580,5,0.24744458,0.4746387,0.2779167,c234,c234
17581,5,0.5042076,0.3566649,0.13912746,c1,c1
17582,4,0.1457267,0.394871,0.4594023,c234,c5
17583,4,0.28712252,0.3291675,0.38371,c234,c5
17584,4,0.3101357,0.43561637,0.2542479,c234,c234
17585,1,0.3468539,0.4821508,0.17099527,c1,c234
17586,3,0.117210634,0.35491657,0.5278728,c234,c5
17587,5,0.66743743,0.26131642,0.07124616,c1,c1
17588,5,0.6222946,0.25420728,0.12349815,c5,c1
17589,3,0.44034347,0.41905177,0.14060485,c1,c1
17590,5,0.4967072,0.3558918,0.14740103,c234,c1
17591,4,0.4587622,0.3699782,0.17125958,c1,c1
17592,3,0.6806662,0.22456951,0.094764255,c5,c1
17593,2,0.15607013,0.21032318,0.63360673,c5,c5
17594,2,0.2837761,0.4596031,0.25662082,c1,c234
17595,5,0.40542495,0.27891648,0.31565857,c5,c1
17596,5,0.5495753,0.3532766,0.097148016,c234,c1
17597,1,0.24003525,0.28283066,0.47713408,c1,c5
17598,3,0.7325034,0.1779369,0.089559704,c1,c1
17599,1,0.09603452,0.42475992,0.47920555,c5,c5
17600,5,0.16318636,0.2617882,0.5750255,c5,c5
17601,5,0.66461897,0.2632481,0.07213294,c1,c1
17602,4,0.095220886,0.28386095,0.62091815,c234,c5
17603,4,0.45646864,0.3712876,0.17224374,c234,c1
17604,3,0.2488077,0.4016424,0.34954986,c234,c234
17605,1,0.19184738,0.334368,0.47378463,c234,c5
17606,3,0.36483985,0.45761168,0.17754847,c234,c234
17607,2,0.09831094,0.3253536,0.5763355,c234,c5
17608,3,0.12407425,0.3688831,0.5070426,c1,c5
17609,2,0.34131095,0.26732635,0.3913627,c234,c5
17610,1,0.12270666,0.32277635,0.5545169,c1,c5
17611,5,0.6660137,0.21328695,0.12069931,c5,c1
17612,1,0.26716533,0.38682985,0.3460048,c1,c234
17613,5,0.40806118,0.39027885,0.20166,c234,c1
17614,5,0.24220946,0.36107832,0.3967122,c5,c5
17615,5,0.50703007,0.35155264,0.14141726,c234,c1
17616,2,0.1907278,0.33351406,0.47575817,c234,c5
17617,3,0.082912445,0.23596503,0.6811225,c1,c5
17618,2,0.30606222,0.30485275,0.389085,c234,c5
17619,1,0.31080154,0.39366406,0.2955344,c234,c234
17620,2,0.060210507,0.28738853,0.652401,c5,c5
17621,3,0.36276644,0.41439345,0.22284013,c234,c234
17622,1,0.762502,0.18788843,0.04960955,c1,c1
17623,2,0.57657444,0.31551275,0.107912764,c1,c1
17624,2,0.05978814,0.22173353,0.7184783,c5,c5
17625,4,0.11371596,0.28107205,0.605212,c5,c5
17626,2,0.3615693,0.29045817,0.34797254,c234,c1
17627,3,0.3435128,0.30237287,0.35411435,c5,c5
17628,5,0.48914656,0.37348834,0.13736513,c5,c1
17629,4,0.6837018,0.25176558,0.064532585,c234,c1
17630,3,0.49033323,0.35484833,0.15481845,c234,c1
17631,5,0.26288915,0.33505213,0.40205872,c5,c5
17632,2,0.68722194,0.24519737,0.067580625,c1,c1
17633,1,0.071553886,0.2755694,0.65287673,c5,c5
17634,3,0.03556746,0.095953405,0.86847913,c5,c5
17635,5,0.5667984,0.34206432,0.09113729,c1,c1
17636,1,0.12683392,0.28697833,0.5861877,c1,c5
17637,1,0.41889673,0.33511707,0.24598627,c5,c1
17638,2,0.64077747,0.22225921,0.13696337,c1,c1
17639,2,0.2095362,0.2591694,0.53129447,c1,c5
17640,2,0.5058417,0.37639174,0.117766544,c234,c1
17641,3,0.35768718,0.47086015,0.17145267,c5,c234
17642,3,0.52670187,0.35782284,0.1154753,c1,c1
17643,1,0.27639195,0.35918725,0.3644208,c1,c5
17644,1,0.5118019,0.34048647,0.14771162,c1,c1
17645,2,0.23738034,0.3332514,0.4293683,c1,c5
17646,4,0.13051115,0.3345763,0.5349125,c5,c5
17647,3,0.06610318,0.20707749,0.7268193,c234,c5
17648,2,0.31544882,0.4537181,0.23083307,c1,c234
17649,3,0.14941539,0.27683717,0.5737474,c5,c5
17650,1,0.09373862,0.3486215,0.5576399,c1,c5
17651,2,0.1837133,0.31384486,0.5024418,c5,c5
17652,1,0.1605479,0.5672496,0.27220255,c1,c234
17653,1,0.44928947,0.34992298,0.20078756,c1,c1
17654,3,0.41252515,0.39749718,0.18997766,c1,c1
17655,4,0.14059126,0.37204003,0.48736873,c234,c5
17656,2,0.2079993,0.43287325,0.35912746,c234,c234
17657,1,0.31651676,0.4388235,0.2446598,c1,c234
17658,3,0.14430273,0.41077924,0.44491798,c1,c5
17659,3,0.20015275,0.38177553,0.41807175,c5,c5
17660,2,0.06656534,0.31409568,0.619339,c5,c5
17661,4,0.1267835,0.36338377,0.5098327,c1,c5
17662,2,0.3451628,0.37207276,0.28276446,c5,c234
17663,2,0.35857743,0.35142735,0.28999522,c1,c1
17664,2,0.47683635,0.27335653,0.24980707,c1,c1
17665,4,0.14527082,0.28087276,0.5738564,c234,c5
17666,3,0.26833898,0.48971006,0.24195103,c5,c234
17667,4,0.6914265,0.23234929,0.07622418,c5,c1
17668,2,0.11696721,0.3290855,0.5539472,c5,c5
17669,3,0.071235515,0.2901182,0.6386463,c234,c5
17670,3,0.4175287,0.4041396,0.17833169,c234,c1
17671,1,0.16883379,0.43515056,0.39601567,c234,c234
17672,1,0.56855595,0.23828581,0.19315825,c1,c1
17673,4,0.20121476,0.47162277,0.32716244,c1,c234
17674,5,0.2880139,0.35694906,0.355037,c234,c234
17675,3,0.3331456,0.36595586,0.30089852,c1,c234
17676,3,0.25475553,0.3081719,0.43707258,c234,c5
17677,2,0.2645077,0.49368316,0.24180914,c1,c234
17678,5,0.3495389,0.38898796,0.26147315,c5,c234
17679,4,0.5336978,0.32795984,0.13834243,c234,c1
17680,4,0.37096366,0.4001293,0.22890706,c1,c234
17681,5,0.26115537,0.3903692,0.3484754,c5,c234
17682,2,0.5169214,0.38677835,0.096300244,c234,c1
17683,1,0.34980816,0.44753438,0.20265745,c1,c234
17684,2,0.31962925,0.36202163,0.31834912,c234,c234
17685,4,0.16369657,0.33306634,0.50323707,c234,c5
17686,1,0.112761505,0.28062472,0.60661376,c5,c5
17687,2,0.13296448,0.2667495,0.600286,c5,c5
17688,5,0.17727798,0.39911216,0.42360982,c5,c5
17689,2,0.26763535,0.4628277,0.26953694,c5,c234
17690,3,0.20936175,0.45074838,0.3398899,c234,c234
17691,2,0.58934546,0.29779088,0.11286365,c1,c1
17692,3,0.34277833,0.33763912,0.31958252,c234,c1
17693,4,0.362943,0.3688836,0.26817334,c1,c234
17694,1,0.31394038,0.47175518,0.21430445,c234,c234
17695,5,0.12558305,0.25687885,0.6175381,c234,c5
17696,3,0.44330803,0.42218208,0.13450992,c1,c1
17697,2,0.25321427,0.27088106,0.4759046,c234,c5
17698,3,0.34211597,0.40606204,0.25182205,c1,c234
17699,1,0.18887986,0.4631652,0.34795496,c5,c234
17700,1,0.1613311,0.31928238,0.5193865,c5,c5
17701,5,0.20888981,0.45558944,0.33552077,c234,c234
17702,2,0.6920735,0.25095093,0.05697553,c234,c1
17703,4,0.21337128,0.41461083,0.3720179,c5,c234
17704,1,0.13747421,0.3789303,0.4835955,c1,c5
17705,3,0.7403808,0.18165974,0.077959396,c1,c1
17706,4,0.18924147,0.4105254,0.40023312,c234,c234
17707,2,0.46694514,0.3578445,0.17521034,c234,c1
17708,1,0.16741243,0.28820097,0.54438657,c234,c5
17709,4,0.163209,0.2956055,0.5411855,c5,c5
17710,5,0.29350162,0.4360501,0.27044827,c1,c234
17711,3,0.25497276,0.38760236,0.35742489,c1,c234
17712,1,0.28664297,0.35677645,0.35658053,c234,c234
17713,2,0.59316194,0.32279196,0.08404613,c1,c1
17714,2,0.31661776,0.5180469,0.16533536,c234,c234
17715,5,0.09824574,0.28805616,0.6136981,c1,c5
17716,3,0.0721304,0.22728646,0.7005832,c5,c5
17717,2,0.16031225,0.28449744,0.5551903,c234,c5
17718,5,0.60933846,0.2562837,0.13437779,c1,c1
17719,3,0.19666827,0.44384846,0.35948333,c1,c234
17720,1,0.62990093,0.23280501,0.13729407,c5,c1
17721,1,0.14333363,0.47551274,0.38115355,c234,c234
17722,1,0.5753965,0.28032315,0.14428037,c234,c1
17723,2,0.6787072,0.24458426,0.07670861,c234,c1
17724,4,0.055754654,0.23588482,0.7083605,c5,c5
17725,3,0.3501062,0.3032322,0.34666154,c5,c1
17726,2,0.5854708,0.3122916,0.10223755,c234,c1
17727,5,0.47897533,0.33161455,0.18941015,c5,c1
17728,3,0.2024504,0.35578895,0.4417607,c234,c5
17729,3,0.56838095,0.32658178,0.10503727,c1,c1
17730,2,0.12560117,0.36361653,0.51078236,c5,c5
17731,2,0.45547545,0.39625567,0.14826886,c234,c1
17732,5,0.17204858,0.562338,0.26561344,c234,c234
17733,3,0.16567516,0.37509063,0.45923415,c1,c5
17734,3,0.40595162,0.44146392,0.15258446,c1,c234
17735,5,0.124643415,0.24019784,0.6351588,c234,c5
17736,3,0.24806105,0.47524068,0.27669832,c1,c234
17737,2,0.46694514,0.3578445,0.17521034,c5,c1
17738,2,0.26801196,0.41389072,0.31809732,c5,c234
17739,2,0.35755607,0.40193748,0.24050643,c1,c234
17740,5,0.15268959,0.45987105,0.3874394,c234,c234
17741,4,0.54092795,0.33282918,0.12624292,c1,c1
17742,4,0.49916276,0.3749983,0.1258389,c5,c1
17743,3,0.16079928,0.460092,0.3791087,c1,c234
17744,3,0.19249679,0.46767554,0.33982772,c5,c234
17745,4,0.15828902,0.3751086,0.4666023,c5,c5
17746,5,0.09717886,0.36212263,0.5406985,c5,c5
17747,1,0.18235548,0.37751836,0.44012618,c234,c5
17748,1,0.1369514,0.40380213,0.4592465,c1,c5
17749,2,0.17138048,0.47481677,0.35380274,c234,c234
17750,2,0.35669687,0.41140842,0.23189466,c1,c234
17751,4,0.040892925,0.23071465,0.72839236,c5,c5
17752,2,0.39973316,0.30252966,0.29773715,c5,c1
17753,2,0.07171713,0.35137042,0.57691246,c1,c5
17754,1,0.16717878,0.33432648,0.49849477,c234,c5
17755,1,0.12892336,0.47551286,0.39556372,c5,c234
17756,1,0.1383732,0.2611477,0.60047907,c5,c5
17757,3,0.47218138,0.2618798,0.26593888,c234,c1
17758,3,0.7445344,0.1861455,0.06932015,c1,c1
17759,2,0.3878163,0.2884822,0.32370156,c234,c1
17760,4,0.41269413,0.4015624,0.18574353,c5,c1
17761,4,0.70500576,0.2396119,0.055382337,c234,c1
17762,4,0.2455605,0.49659112,0.25784832,c1,c234
17763,4,0.44840857,0.30359367,0.24799773,c1,c1
17764,4,0.22388005,0.49199274,0.28412727,c5,c234
17765,5,0.30654588,0.4748165,0.21863765,c234,c234
17766,3,0.100702144,0.34008926,0.55920863,c1,c5
17767,5,0.5389969,0.32196763,0.13903551,c5,c1
17768,5,0.09397358,0.294736,0.61129045,c234,c5
17769,4,0.14719194,0.5016044,0.3512037,c234,c234
17770,1,0.654894,0.26885104,0.07625498,c234,c1
17771,3,0.57044923,0.30095443,0.12859632,c234,c1
17772,5,0.07070093,0.19902526,0.73027384,c5,c5
17773,5,0.42858848,0.25664142,0.31477007,c5,c1
17774,2,0.08555322,0.19002837,0.7244184,c5,c5
17775,5,0.10576482,0.47469988,0.41953528,c5,c234
17776,4,0.19970372,0.36686328,0.43343303,c234,c5
17777,4,0.09637499,0.30308056,0.6005444,c234,c5
17778,4,0.28124014,0.4400828,0.27867708,c234,c234
17779,1,0.16549236,0.43283245,0.40167516,c234,c234
17780,1,0.11702078,0.27815992,0.6048193,c5,c5
17781,3,0.68548673,0.22896554,0.08554773,c234,c1
17782,2,0.67931,0.23462002,0.08606989,c1,c1
17783,1,0.1460888,0.30660117,0.54731005,c1,c5
17784,1,0.28295904,0.39301762,0.3240233,c234,c234
17785,2,0.525522,0.36324164,0.1112364,c1,c1
17786,5,0.14737827,0.34408987,0.50853187,c5,c5
17787,5,0.27065593,0.3671871,0.36215696,c1,c234
17788,3,0.15153004,0.41149932,0.43697062,c234,c5
17789,4,0.12174452,0.2496359,0.6286196,c234,c5
17790,5,0.20039333,0.46433863,0.3352681,c1,c234
17791,5,0.04603482,0.2007733,0.7531918,c234,c5
17792,2,0.109148346,0.39057118,0.5002805,c5,c5
17793,1,0.11987461,0.3000799,0.58004546,c234,c5
17794,1,0.6367103,0.28050235,0.08278738,c1,c1
17795,2,0.06795888,0.2771116,0.6549296,c234,c5
17796,2,0.27667966,0.42384765,0.29947263,c5,c234
17797,3,0.22358291,0.27964956,0.49676752,c5,c5
17798,1,0.05195479,0.26166713,0.6863781,c1,c5
17799,3,0.473419,0.36317134,0.16340962,c5,c1
17800,5,0.2182918,0.3342396,0.44746852,c234,c5
17801,5,0.273493,0.31086487,0.4156421,c5,c5
17802,5,0.2387554,0.3917237,0.36952087,c5,c234
17803,2,0.574468,0.3334317,0.092100285,c1,c1
17804,4,0.32681027,0.4187628,0.25442696,c1,c234
17805,3,0.052638363,0.2063796,0.7409821,c5,c5
17806,5,0.05697293,0.27554423,0.66748285,c5,c5
17807,5,0.5790579,0.32355565,0.097386494,c234,c1
17808,2,0.37445045,0.43986604,0.18568349,c234,c234
17809,5,0.22539413,0.4831377,0.29146814,c5,c234
17810,2,0.2770115,0.29137066,0.43161783,c5,c5
17811,3,0.31442645,0.38179362,0.30377993,c5,c234
17812,5,0.6415117,0.25325176,0.1052365,c5,c1
17813,3,0.43024442,0.41004124,0.15971431,c234,c1
17814,5,0.110172205,0.40774354,0.48208424,c5,c5
17815,3,0.6457477,0.22540948,0.12884273,c1,c1
17816,5,0.16900092,0.3640307,0.4669684,c5,c5
17817,4,0.51020765,0.33585042,0.15394194,c234,c1
17818,4,0.1515687,0.39923283,0.44919842,c234,c5
17819,5,0.3334387,0.38556996,0.28099138,c234,c234
17820,1,0.18454468,0.52571887,0.28973648,c5,c234
17821,2,0.19848871,0.43375096,0.36776036,c1,c234
17822,3,0.22284488,0.43228,0.34487516,c234,c234
17823,1,0.09617464,0.38289374,0.52093166,c5,c5
17824,5,0.107881725,0.28360665,0.6085116,c5,c5
17825,2,0.4254671,0.37883425,0.19569871,c234,c1
17826,4,0.17226702,0.3004708,0.5272622,c5,c5
17827,1,0.6913622,0.21219625,0.09644156,c1,c1
17828,5,0.25451398,0.48151094,0.26397505,c1,c234
17829,4,0.266497,0.39112607,0.34237695,c1,c234
17830,3,0.15134385,0.28469568,0.5639605,c234,c5
17831,2,0.37974274,0.41366866,0.2065886,c5,c234
17832,5,0.7008048,0.21614726,0.083047844,c1,c1
17833,5,0.08988819,0.22282873,0.68728304,c5,c5
17834,5,0.3840304,0.3768785,0.23909113,c1,c1
17835,5,0.59473276,0.23495668,0.17031062,c1,c1
17836,1,0.17034616,0.40338564,0.42626825,c1,c5
17837,4,0.27738407,0.38737276,0.33524317,c1,c234
17838,4,0.41269413,0.4015624,0.18574353,c5,c1
17839,3,0.34491807,0.36884233,0.28623962,c234,c234
17840,2,0.5488587,0.3212842,0.12985712,c234,c1
17841,5,0.096570745,0.28588882,0.6175405,c5,c5
17842,4,0.41269413,0.4015624,0.18574353,c234,c1
17843,2,0.36549133,0.4084823,0.22602639,c1,c234
17844,3,0.1777589,0.5103597,0.31188142,c234,c234
17845,4,0.5981079,0.28571695,0.1161752,c234,c1
17846,3,0.112973996,0.30511478,0.5819112,c1,c5
17847,1,0.62928987,0.27902848,0.09168167,c1,c1
17848,3,0.2003244,0.30265597,0.4970196,c5,c5
17849,5,0.080577336,0.3066304,0.61279225,c5,c5
17850,4,0.12330081,0.3987007,0.47799847,c1,c5
17851,5,0.10165992,0.26051828,0.63782173,c5,c5
17852,1,0.29123878,0.4584627,0.2502985,c234,c234
17853,1,0.33180404,0.3772993,0.29089662,c1,c234
17854,1,0.098535806,0.2682735,0.63319063,c1,c5
17855,1,0.23071136,0.47223464,0.297054,c234,c234
17856,3,0.42769116,0.35667387,0.21563494,c1,c1
17857,5,0.10911606,0.363412,0.52747196,c5,c5
17858,4,0.3268948,0.4504815,0.22262374,c1,c234
17859,5,0.38726696,0.42367136,0.18906169,c1,c234
17860,1,0.116212286,0.36676106,0.5170266,c5,c5
17861,4,0.4683654,0.309203,0.22243166,c5,c1
17862,1,0.49781448,0.35073087,0.15145463,c1,c1
17863,2,0.16781868,0.44246727,0.3897141,c234,c234
17864,3,0.19538593,0.54066455,0.26394954,c234,c234
17865,3,0.16734105,0.405964,0.42669487,c5,c5
17866,5,0.23936686,0.32112184,0.43951127,c234,c5
17867,2,0.35997665,0.38244545,0.25757793,c234,c234
17868,5,0.06103029,0.18006359,0.7589062,c5,c5
17869,1,0.18677594,0.27277002,0.5404541,c234,c5
17870,2,0.2344648,0.35534066,0.41019455,c5,c5
17871,5,0.62769336,0.269186,0.10312062,c1,c1
17872,2,0.22202238,0.50475204,0.27322558,c234,c234
17873,3,0.24897492,0.47034222,0.2806828,c5,c234
17874,5,0.3637203,0.44891533,0.18736432,c5,c234
17875,2,0.2268226,0.35588497,0.41729245,c1,c5
17876,1,0.1970674,0.3409179,0.46201468,c5,c5
17877,5,0.2737172,0.45766318,0.26861966,c1,c234
17878,1,0.35901234,0.3989336,0.24205408,c5,c234
17879,5,0.11596998,0.34962,0.53441,c5,c5
17880,4,0.6943747,0.23077637,0.074848995,c5,c1
17881,3,0.33515328,0.29143512,0.37341157,c234,c5
17882,1,0.31384873,0.34413308,0.3420182,c1,c234
17883,3,0.28498447,0.27399996,0.44101554,c5,c5
17884,1,0.11000756,0.42252648,0.46746588,c234,c5
17885,5,0.35782355,0.3175951,0.32458138,c234,c1
17886,5,0.03329098,0.14583926,0.8208698,c5,c5
17887,5,0.2249581,0.49141365,0.2836283,c5,c234
17888,1,0.08149215,0.22746488,0.6910429,c234,c5
17889,1,0.483641,0.3909002,0.12545882,c5,c1
17890,3,0.25383785,0.39387226,0.35228992,c5,c234
17891,5,0.34214905,0.39347476,0.26437616,c5,c234
17892,1,0.10437222,0.2562704,0.6393573,c5,c5
17893,3,0.3667538,0.4427677,0.19047853,c1,c234
17894,1,0.34417844,0.4461346,0.20968696,c234,c234
17895,1,0.35906202,0.31675538,0.32418263,c234,c1
17896,1,0.563662,0.33011833,0.10621969,c1,c1
17897,5,0.08728082,0.22317886,0.6895403,c234,c5
17898,2,0.6110368,0.2750463,0.11391695,c1,c1
17899,4,0.32782042,0.3677197,0.30445987,c5,c234
17900,1,0.16972698,0.5559702,0.27430284,c5,c234
17901,4,0.37143537,0.29173878,0.33682585,c5,c1
17902,3,0.2892575,0.45835522,0.2523873,c234,c234
17903,1,0.6673466,0.24973477,0.082918674,c5,c1
17904,1,0.563662,0.33011833,0.10621969,c234,c1
17905,3,0.63224256,0.27676323,0.09099427,c234,c1
17906,4,0.25711277,0.3602928,0.38259447,c1,c5
17907,1,0.38932368,0.43015367,0.18052268,c1,c234
17908,4,0.575807,0.33541456,0.08877842,c5,c1
17909,1,0.54119307,0.36024836,0.098558575,c234,c1
17910,3,0.5879615,0.2436669,0.16837156,c234,c1
17911,3,0.28510273,0.44902256,0.2658747,c1,c234
17912,3,0.3698247,0.3416981,0.28847718,c1,c1
17913,2,0.35889956,0.45319334,0.18790713,c5,c234
17914,1,0.13047628,0.4754018,0.39412194,c234,c234
17915,4,0.12571463,0.2582096,0.61607575,c5,c5
17916,4,0.43896174,0.33607098,0.22496733,c234,c1
17917,2,0.07043419,0.34584385,0.583722,c1,c5
17918,3,0.14969133,0.39303842,0.45727023,c5,c5
17919,4,0.4126349,0.40160283,0.18576224,c5,c1
17920,1,0.41889673,0.33511707,0.24598627,c5,c1
17921,2,0.25260067,0.5035844,0.24381495,c1,c234
17922,2,0.49703565,0.2768447,0.22611962,c234,c1
17923,5,0.47647408,0.2636162,0.2599097,c5,c1
17924,3,0.09486558,0.34981087,0.5553235,c234,c5
17925,5,0.1666734,0.43602785,0.39729875,c1,c234
17926,1,0.04517903,0.23416328,0.72065765,c5,c5
17927,4,0.41246128,0.3866683,0.2008704,c234,c1
17928,1,0.41023627,0.3908772,0.1988865,c234,c1
17929,3,0.11698452,0.2989858,0.5840296,c5,c5
17930,2,0.15930589,0.47746095,0.36323315,c5,c234
17931,3,0.519469,0.38486028,0.09567075,c5,c1
17932,5,0.2672871,0.40041366,0.3322992,c5,c234
17933,2,0.16261673,0.44085258,0.39653072,c234,c234
17934,4,0.3594338,0.43770775,0.20285848,c234,c234
17935,4,0.40764534,0.4151783,0.17717636,c1,c234
17936,1,0.3391365,0.39326718,0.2675963,c234,c234
17937,5,0.5890656,0.30313247,0.10780191,c234,c1
17938,1,0.08782967,0.24715272,0.6650176,c5,c5
17939,3,0.70356166,0.20000514,0.09643322,c1,c1
17940,1,0.1576417,0.46141562,0.38094267,c234,c234
17941,5,0.19637552,0.37824658,0.4253779,c5,c5
17942,3,0.24491152,0.36790264,0.38718584,c1,c5
17943,4,0.108043544,0.27745244,0.61450404,c234,c5
17944,3,0.13203984,0.3002564,0.5677038,c5,c5
17945,2,0.23520756,0.22652847,0.538264,c5,c5
17946,3,0.08520917,0.25237715,0.6624137,c234,c5
17947,2,0.16362435,0.27330047,0.5630751,c1,c5
17948,3,0.17863773,0.31395942,0.50740284,c5,c5
17949,4,0.13814603,0.36655238,0.49530157,c1,c5
17950,2,0.6188292,0.27734938,0.10382149,c1,c1
17951,3,0.19691856,0.26910648,0.5339749,c1,c5
17952,2,0.3140771,0.37919632,0.30672663,c234,c234
17953,2,0.23542954,0.4572499,0.30732054,c1,c234
17954,2,0.24146281,0.3170677,0.44146952,c1,c5
17955,5,0.10076495,0.28287843,0.6163567,c1,c5
17956,5,0.052140724,0.19720991,0.7506493,c5,c5
17957,2,0.12613547,0.46048412,0.41338038,c234,c234
17958,5,0.3153029,0.2721069,0.41259015,c5,c5
17959,4,0.68289614,0.2530239,0.06407997,c1,c1
17960,2,0.29017174,0.32464984,0.38517842,c234,c5
17961,1,0.1361523,0.25514343,0.60870427,c1,c5
17962,3,0.187864,0.3581608,0.4539752,c1,c5
17963,4,0.22811823,0.5432338,0.22864792,c234,c234
17964,3,0.55057967,0.3431536,0.10626672,c234,c1
17965,1,0.2074952,0.46068546,0.33181933,c234,c234
17966,4,0.043989975,0.2501956,0.7058144,c234,c5
17967,3,0.07857248,0.23533416,0.6860934,c1,c5
17968,4,0.3688127,0.38065943,0.25052786,c1,c234
17969,5,0.09536213,0.20343396,0.7012039,c5,c5
17970,1,0.18295585,0.38453805,0.43250608,c234,c5
17971,4,0.1333751,0.26975417,0.5968707,c5,c5
17972,5,0.5087485,0.37234464,0.118906856,c234,c1
17973,2,0.5235221,0.3545356,0.121942304,c234,c1
17974,5,0.51919484,0.3063013,0.17450392,c234,c1
17975,3,0.68712926,0.23168164,0.08118904,c1,c1
17976,5,0.3867,0.39403826,0.21926177,c234,c234
17977,3,0.21677771,0.38871905,0.39450324,c234,c5
17978,2,0.266545,0.46991876,0.26353619,c234,c234
17979,4,0.136258,0.3925467,0.47119537,c1,c5
17980,5,0.14954549,0.3866623,0.46379218,c5,c5
17981,1,0.068444595,0.39214444,0.539411,c234,c5
17982,2,0.24440098,0.433358,0.32224095,c1,c234
17983,4,0.38156044,0.40119204,0.21724744,c1,c234
17984,5,0.41551757,0.4563568,0.12812562,c234,c234
17985,1,0.1166745,0.37079078,0.5125347,c1,c5
17986,3,0.1816974,0.24898836,0.5693142,c5,c5
17987,2,0.17969279,0.3824584,0.4378488,c5,c5
17988,2,0.6409823,0.28342906,0.07558868,c1,c1
17989,3,0.21455033,0.33604476,0.4494049,c5,c5
17990,1,0.27799013,0.3644311,0.35757875,c1,c234
17991,5,0.048758917,0.14722246,0.8040187,c234,c5
17992,5,0.66743743,0.26131642,0.07124616,c234,c1
17993,2,0.38563523,0.4140799,0.20028487,c5,c234
17994,1,0.73182076,0.21847536,0.04970385,c1,c1
17995,5,0.5486679,0.3329058,0.11842623,c234,c1
17996,5,0.47647408,0.2636162,0.2599097,c1,c1
17997,3,0.100696295,0.40001562,0.49928808,c234,c5
17998,5,0.2631616,0.5175383,0.21930009,c1,c234
17999,5,0.18831828,0.38678157,0.42490014,c1,c5
18000,4,0.1884769,0.30540583,0.5061173,c234,c5
18001,1,0.10722326,0.33343056,0.5593462,c5,c5
18002,2,0.19406024,0.3520847,0.45385507,c5,c5
18003,1,0.26544908,0.44737434,0.2871766,c1,c234
18004,4,0.48370397,0.3142147,0.20208135,c1,c1
18005,4,0.051530916,0.20876929,0.73969984,c5,c5
18006,4,0.37369287,0.45813763,0.1681695,c1,c234
18007,4,0.51341695,0.31636432,0.17021875,c234,c1
18008,1,0.4279457,0.41691118,0.1551431,c234,c1
18009,1,0.19938205,0.4240543,0.37656367,c5,c234
18010,4,0.34970936,0.38148728,0.2688033,c234,c234
18011,5,0.57705605,0.27796453,0.1449794,c1,c1
18012,2,0.26886943,0.44394064,0.28719,c1,c234
18013,4,0.13728018,0.27736437,0.5853554,c1,c5
18014,4,0.051176462,0.21564513,0.73317844,c5,c5
18015,4,0.6115696,0.2956906,0.09273985,c234,c1
18016,2,0.15775023,0.38645253,0.45579723,c1,c5
18017,3,0.07644111,0.20183851,0.72172046,c5,c5
18018,2,0.47659183,0.29412195,0.2292862,c1,c1
18019,5,0.10219541,0.30132383,0.5964807,c1,c5
18020,5,0.28989977,0.53078413,0.17931613,c1,c234
18021,4,0.26309833,0.4142909,0.32261074,c234,c234
18022,2,0.21633233,0.48882344,0.2948442,c1,c234
18023,5,0.067969926,0.28525728,0.6467728,c5,c5
18024,5,0.26827908,0.39285335,0.33886755,c5,c234
18025,4,0.20287307,0.37450963,0.42261735,c234,c5
18026,1,0.37193146,0.29490522,0.33316332,c234,c1
18027,1,0.6637331,0.22765055,0.108616315,c1,c1
18028,4,0.2699448,0.30162343,0.4284318,c5,c5
18029,4,0.43186048,0.32630137,0.2418381,c5,c1
18030,1,0.1915909,0.51447934,0.2939298,c5,c234
18031,2,0.5076929,0.36922097,0.123086154,c1,c1
18032,3,0.6035603,0.2506817,0.14575797,c1,c1
18033,2,0.115940504,0.29984707,0.5842124,c5,c5
18034,3,0.20462236,0.38434368,0.41103396,c1,c5
18035,4,0.3143019,0.40209642,0.2836017,c1,c234
18036,2,0.3091004,0.42799246,0.26290715,c5,c234
18037,3,0.046063,0.18014815,0.77378887,c5,c5
18038,1,0.33455974,0.48190388,0.18353635,c1,c234
18039,4,0.28514546,0.44529596,0.26955864,c1,c234
18040,1,0.052087493,0.20313829,0.7447743,c5,c5
18041,4,0.29669842,0.4651085,0.23819302,c234,c234
18042,3,0.64369416,0.22974047,0.12656537,c1,c1
18043,1,0.15419194,0.53529984,0.31050825,c234,c234
18044,1,0.17348681,0.48977366,0.33673948,c5,c234
18045,5,0.21823633,0.37414414,0.40761963,c1,c5
18046,2,0.19974318,0.2977346,0.50252223,c234,c5
18047,4,0.31929862,0.40372983,0.27697158,c234,c234
18048,5,0.10316519,0.28221777,0.61461705,c234,c5
18049,4,0.51926136,0.3175053,0.16323335,c1,c1
18050,2,0.488074,0.37273762,0.1391884,c5,c1
18051,5,0.09595306,0.2889565,0.6150904,c5,c5
18052,2,0.16270365,0.43744197,0.39985436,c5,c234
18053,1,0.40144622,0.28863952,0.30991432,c5,c1
18054,2,0.5038187,0.35931653,0.13686483,c234,c1
18055,1,0.27563998,0.46523052,0.25912952,c1,c234
18056,5,0.08220811,0.32961518,0.5881767,c1,c5
18057,5,0.1118451,0.3159832,0.5721717,c5,c5
18058,3,0.12781188,0.43726522,0.43492293,c1,c234
18059,2,0.20033534,0.22979777,0.5698669,c234,c5
18060,4,0.045761384,0.24605854,0.70818007,c5,c5
18061,2,0.68485934,0.18217991,0.13296066,c1,c1
18062,1,0.15539476,0.3685197,0.47608557,c1,c5
18063,2,0.08567891,0.331664,0.58265716,c5,c5
18064,1,0.19589253,0.45501918,0.3490883,c234,c234
18065,1,0.30318,0.45883673,0.23798324,c5,c234
18066,3,0.5454765,0.2573505,0.19717301,c1,c1
18067,2,0.15834866,0.26497582,0.57667553,c5,c5
18068,5,0.13143851,0.43989977,0.4286617,c234,c234
18069,4,0.384793,0.40607527,0.20913173,c1,c234
18070,1,0.3508706,0.42931882,0.21981058,c234,c234
18071,1,0.31947696,0.4826752,0.19784784,c234,c234
18072,4,0.25168014,0.39200485,0.35631502,c1,c234
18073,3,0.2604244,0.5342909,0.20528466,c5,c234
18074,1,0.15849133,0.40719956,0.4343091,c234,c5
18075,5,0.06555896,0.19938837,0.73505265,c5,c5
18076,5,0.6314966,0.30122522,0.0672781,c1,c1
18077,2,0.2212224,0.3168091,0.46196845,c234,c5
18078,2,0.16035558,0.39504713,0.44459736,c5,c5
18079,5,0.47647408,0.2636162,0.2599097,c1,c1
18080,5,0.30174604,0.44818926,0.25006464,c5,c234
18081,3,0.25677466,0.30766156,0.4355638,c5,c5
18082,2,0.31699756,0.40455616,0.27844623,c1,c234
18083,3,0.21633019,0.2192546,0.5644152,c5,c5
18084,2,0.103164144,0.31521806,0.5816178,c234,c5
18085,5,0.47647408,0.2636162,0.2599097,c234,c1
18086,5,0.21140473,0.37357187,0.41502345,c234,c5
18087,5,0.085870445,0.22773471,0.6863948,c5,c5
18088,1,0.14362289,0.44271377,0.4136633,c5,c234
18089,3,0.13233115,0.26614413,0.6015247,c234,c5
18090,3,0.1375815,0.43520963,0.4272089,c234,c234
18091,2,0.24085976,0.48023635,0.27890387,c234,c234
18092,4,0.5893363,0.30432868,0.10633501,c5,c1
18093,5,0.44244894,0.29256138,0.26498967,c1,c1
18094,3,0.37179923,0.34651798,0.28168273,c234,c1
18095,4,0.12142666,0.42454562,0.45402768,c234,c5
18096,5,0.24765705,0.49330702,0.2590359,c1,c234
18097,2,0.6188292,0.27734938,0.10382149,c1,c1
18098,5,0.21406479,0.5324088,0.25352645,c1,c234
18099,5,0.40337238,0.35316157,0.24346602,c234,c1
18100,3,0.17831257,0.28385776,0.5378297,c5,c5
18101,3,0.09019809,0.35700175,0.5528002,c234,c5
18102,4,0.6282568,0.30063245,0.07111072,c1,c1
18103,4,0.19352633,0.31994852,0.48652515,c1,c5
18104,5,0.12119689,0.26780605,0.610997,c5,c5
18105,1,0.19933261,0.4618808,0.33878657,c234,c234
18106,4,0.18216981,0.501026,0.3168042,c234,c234
18107,3,0.19751099,0.39781597,0.40467304,c1,c5
18108,4,0.14057873,0.41754434,0.44187692,c1,c5
18109,4,0.7205525,0.22511856,0.054328952,c1,c1
18110,3,0.34135094,0.44583094,0.21281812,c1,c234
18111,1,0.1371305,0.28326896,0.5796006,c234,c5
18112,4,0.33165395,0.43721664,0.23112938,c1,c234
18113,2,0.52913976,0.37104866,0.09981155,c1,c1
18114,3,0.26291984,0.47166118,0.265419,c5,c234
18115,5,0.6050433,0.23227048,0.16268624,c5,c1
18116,5,0.49577874,0.38254735,0.12167391,c1,c1
18117,2,0.35169956,0.26436105,0.38393942,c1,c5
18118,2,0.13600467,0.3400842,0.5239111,c234,c5
18119,3,0.2611412,0.45264587,0.28621292,c1,c234
18120,5,0.32757944,0.3959812,0.2764394,c234,c234
18121,1,0.3165869,0.39641696,0.2869961,c5,c234
18122,4,0.2624619,0.44673535,0.29080272,c1,c234
18123,1,0.06556415,0.19932507,0.7351108,c5,c5
18124,5,0.5348116,0.3089401,0.15624821,c5,c1
18125,3,0.42550823,0.44326943,0.13122228,c1,c234
18126,3,0.13398325,0.31847993,0.5475368,c234,c5
18127,1,0.1190982,0.3569531,0.5239486,c5,c5
18128,2,0.39454702,0.26353177,0.34192124,c1,c1
18129,2,0.15779997,0.3431555,0.49904457,c5,c5
18130,2,0.33399752,0.4387636,0.22723885,c234,c234
18131,3,0.10500374,0.34963048,0.54536587,c5,c5
18132,2,0.045199864,0.23521692,0.7195832,c5,c5
18133,5,0.59951305,0.30818877,0.09229814,c1,c1
18134,2,0.3593403,0.28057286,0.3600868,c234,c5
18135,5,0.22432677,0.2934715,0.48220173,c1,c5
18136,5,0.07861575,0.21863398,0.7027503,c1,c5
18137,3,0.40620294,0.40839055,0.18540658,c1,c234
18138,5,0.08476021,0.23040214,0.6848376,c1,c5
18139,1,0.11254681,0.44145164,0.44600153,c5,c5
18140,2,0.21039744,0.5032407,0.28636187,c5,c234
18141,3,0.0776299,0.20360216,0.71876794,c5,c5
18142,5,0.11917366,0.4306302,0.45019612,c5,c5
18143,3,0.3707844,0.44839934,0.1808162,c234,c234
18144,2,0.076083854,0.30858046,0.61533576,c5,c5
18145,5,0.39832962,0.35710397,0.24456641,c5,c1
18146,5,0.5182633,0.38958535,0.092151366,c234,c1
18147,4,0.0388563,0.194293,0.76685077,c5,c5
18148,4,0.24515085,0.29617575,0.45867345,c1,c5
18149,2,0.06373351,0.30132136,0.63494515,c5,c5
18150,5,0.66461897,0.2632481,0.07213294,c5,c1
18151,1,0.11395862,0.37631083,0.5097305,c234,c5
18152,5,0.09522239,0.36609572,0.5386819,c5,c5
18153,1,0.34262305,0.44289356,0.2144833,c234,c234
18154,5,0.12847859,0.29233658,0.57918483,c234,c5
18155,4,0.42233098,0.27062145,0.30704755,c1,c1
18156,1,0.3552358,0.44752786,0.19723636,c1,c234
18157,2,0.060019124,0.2617635,0.6782174,c234,c5
18158,5,0.13713713,0.31994507,0.5429178,c5,c5
18159,2,0.20035478,0.48475066,0.31489465,c234,c234
18160,1,0.1063129,0.32842755,0.5652596,c5,c5
18161,5,0.4437083,0.42050502,0.1357867,c234,c1
18162,4,0.42233098,0.27062145,0.30704755,c5,c1
18163,4,0.32669714,0.4331932,0.2401097,c234,c234
18164,2,0.26442778,0.3866706,0.3489016,c234,c234
18165,2,0.39886218,0.43206328,0.16907454,c1,c234
18166,4,0.4586683,0.30232972,0.23900197,c1,c1
18167,4,0.22877075,0.47147444,0.29975486,c234,c234
18168,3,0.13632767,0.2925071,0.57116514,c1,c5
18169,3,0.06011747,0.24376453,0.696118,c234,c5
18170,2,0.15218782,0.36839244,0.4794197,c234,c5
18171,2,0.5507431,0.3535522,0.09570479,c1,c1
18172,3,0.6718057,0.22921301,0.09898122,c234,c1
18173,1,0.16288531,0.49879092,0.3383238,c1,c234
18174,1,0.35331205,0.44606984,0.20061812,c1,c234
18175,4,0.4161657,0.31768373,0.26615053,c234,c1
18176,2,0.3324664,0.49927393,0.16825968,c5,c234
18177,3,0.07285008,0.27402866,0.65312135,c1,c5
18178,5,0.2669226,0.3905093,0.3425681,c5,c234
18179,4,0.1930786,0.31061718,0.49630424,c234,c5
18180,5,0.14084363,0.37636536,0.48279098,c1,c5
18181,3,0.31471184,0.36431533,0.32097283,c234,c234
18182,3,0.1367291,0.3825312,0.48073965,c1,c5
18183,1,0.21344128,0.3980799,0.38847885,c5,c234
18184,3,0.32974154,0.45045573,0.21980274,c1,c234
18185,5,0.07443709,0.22652818,0.69903475,c5,c5
18186,4,0.4479301,0.41204852,0.14002141,c234,c1
18187,2,0.08845297,0.23886038,0.67268664,c1,c5
18188,1,0.12934346,0.26700404,0.6036525,c5,c5
18189,1,0.16515468,0.2914699,0.54337543,c234,c5
18190,5,0.08120495,0.252676,0.66611904,c234,c5
18191,5,0.41821235,0.38438272,0.1974049,c234,c1
18192,2,0.3229341,0.26410255,0.4129634,c5,c5
18193,4,0.39693105,0.41294456,0.19012439,c1,c234
18194,3,0.35211387,0.48553127,0.16235489,c5,c234
18195,1,0.37501538,0.27794033,0.3470443,c234,c1
18196,2,0.58706796,0.3281916,0.084740505,c234,c1
18197,1,0.38104624,0.318692,0.3002618,c5,c1
18198,5,0.43253118,0.39411268,0.17335609,c1,c1
18199,5,0.109020606,0.3861343,0.5048451,c234,c5
18200,4,0.4126349,0.40160283,0.18576224,c234,c1
18201,2,0.7013923,0.21459256,0.08401514,c5,c1
18202,5,0.14833531,0.4634208,0.38824382,c5,c234
18203,3,0.42176852,0.3817315,0.19650005,c5,c1
18204,2,0.46694514,0.3578445,0.17521034,c234,c1
18205,3,0.5801172,0.27526847,0.1446143,c5,c1
18206,2,0.12053293,0.38230547,0.49716163,c5,c5
18207,2,0.51782364,0.33943123,0.14274509,c1,c1
18208,4,0.16763963,0.416231,0.4161294,c234,c234
18209,1,0.2031932,0.47301537,0.3237914,c1,c234
18210,2,0.68722194,0.24519737,0.067580625,c1,c1
18211,1,0.05928057,0.2741106,0.66660887,c5,c5
18212,5,0.06658505,0.17027234,0.76314265,c5,c5
18213,1,0.20527987,0.4393782,0.35534188,c234,c234
18214,2,0.55179673,0.3408663,0.10733692,c1,c1
18215,3,0.19000295,0.45903185,0.3509652,c1,c234
18216,1,0.36544168,0.37882107,0.2557372,c234,c234
18217,4,0.68289614,0.2530239,0.06407997,c234,c1
18218,5,0.48331565,0.37220305,0.14448135,c5,c1
18219,3,0.19694044,0.48695645,0.3161032,c234,c234
18220,1,0.4344246,0.34409893,0.22147648,c1,c1
18221,4,0.23995337,0.3491727,0.41087392,c1,c5
18222,1,0.3415515,0.30742878,0.35101968,c1,c5
18223,1,0.17828095,0.54274625,0.27897286,c234,c234
18224,3,0.3631802,0.43220946,0.20461038,c234,c234
18225,4,0.046107605,0.20611091,0.74778146,c5,c5
18226,5,0.41928616,0.38032246,0.2003914,c1,c1
18227,1,0.59664917,0.2810641,0.1222867,c5,c1
18228,4,0.49197,0.36160642,0.14642358,c1,c1
18229,4,0.5782321,0.29573566,0.12603226,c234,c1
18230,1,0.29828545,0.32978925,0.37192532,c1,c5
18231,5,0.21211731,0.3512626,0.43662006,c5,c5
18232,1,0.13902237,0.27624285,0.58473474,c5,c5
18233,1,0.17061928,0.47282332,0.3565574,c234,c234
18234,5,0.07789969,0.2264306,0.6956697,c5,c5
18235,4,0.13913806,0.40241277,0.45844918,c5,c5
18236,5,0.2546748,0.40886134,0.3364639,c1,c234
18237,4,0.4970413,0.330092,0.1728667,c1,c1
18238,1,0.17061748,0.35308856,0.476294,c5,c5
18239,1,0.089300394,0.28840598,0.62229365,c234,c5
18240,5,0.66743743,0.26131642,0.07124616,c234,c1
18241,2,0.5607664,0.35315326,0.086080335,c1,c1
18242,2,0.47368196,0.35446835,0.17184967,c1,c1
18243,3,0.5528384,0.35593855,0.09122308,c234,c1
18244,3,0.117199995,0.384284,0.49851602,c234,c5
18245,5,0.1593275,0.36639994,0.47427252,c1,c5
18246,4,0.6837018,0.25176558,0.064532585,c234,c1
18247,1,0.3228199,0.2578619,0.4193183,c234,c5
18248,2,0.22902334,0.3507141,0.42026252,c1,c5
18249,1,0.31597295,0.34165865,0.3423684,c234,c5
18250,4,0.4126349,0.40160283,0.18576224,c234,c1
18251,2,0.5347755,0.34378397,0.12144059,c234,c1
18252,2,0.3593403,0.28057286,0.3600868,c5,c5
18253,5,0.55694383,0.33566606,0.10739012,c1,c1
18254,1,0.54021996,0.31466547,0.14511454,c1,c1
18255,2,0.04229339,0.15028208,0.80742455,c5,c5
18256,2,0.33917528,0.46820432,0.19262037,c1,c234
18257,2,0.4720239,0.38970083,0.13827528,c234,c1
18258,1,0.2834333,0.40180856,0.31475818,c5,c234
18259,3,0.15614429,0.2886519,0.55520374,c1,c5
18260,5,0.16348015,0.4801431,0.35637677,c5,c234
18261,1,0.11005166,0.28357685,0.6063715,c5,c5
18262,3,0.26920488,0.2692706,0.46152452,c234,c5
18263,2,0.75212157,0.17369863,0.07417979,c1,c1
18264,4,0.047662318,0.199457,0.7528807,c1,c5
18265,2,0.15618274,0.26451892,0.5792984,c234,c5
18266,2,0.39582017,0.37448063,0.22969916,c234,c1
18267,2,0.1312395,0.26634368,0.6024168,c234,c5
18268,3,0.4083837,0.40993202,0.18168433,c5,c234
18269,4,0.38024515,0.39049983,0.22925496,c234,c234
18270,1,0.19858769,0.30045357,0.50095874,c1,c5
18271,3,0.5838848,0.32005107,0.09606414,c234,c1
18272,3,0.5380692,0.30430815,0.15762267,c1,c1
18273,5,0.22461884,0.44491202,0.33046913,c5,c234
18274,1,0.5684689,0.32445782,0.10707323,c234,c1
18275,1,0.5513892,0.3606841,0.0879267,c234,c1
18276,2,0.20610376,0.4211459,0.37275037,c234,c234
18277,5,0.070540816,0.19834442,0.73111475,c5,c5
18278,4,0.29484868,0.3762665,0.3288848,c234,c234
18279,1,0.6829024,0.21399477,0.10310284,c234,c1
18280,3,0.09718994,0.3492262,0.55358386,c5,c5
18281,5,0.19671948,0.32616192,0.4771186,c234,c5
18282,4,0.18819472,0.33357403,0.47823122,c1,c5
18283,4,0.19677101,0.34784004,0.45538896,c5,c5
18284,5,0.1680939,0.3138875,0.5180186,c5,c5
18285,4,0.111398585,0.32038108,0.5682203,c5,c5
18286,3,0.16486691,0.25856596,0.5765671,c5,c5
18287,5,0.52406615,0.26372617,0.21220765,c5,c1
18288,4,0.24077326,0.29698995,0.46223682,c234,c5
18289,4,0.22029823,0.40519047,0.37451127,c5,c234
18290,1,0.23089795,0.42210212,0.3469999,c1,c234
18291,1,0.23077653,0.3776405,0.39158297,c234,c5
18292,5,0.17364982,0.45239702,0.37395313,c1,c234
18293,5,0.2981804,0.42237952,0.27944005,c5,c234
18294,4,0.57571644,0.31462052,0.10966301,c234,c1
18295,4,0.10654371,0.25248218,0.64097404,c234,c5
18296,2,0.1437215,0.1769532,0.67932534,c5,c5
18297,4,0.09898921,0.3246524,0.5763584,c5,c5
18298,4,0.4126349,0.40160283,0.18576224,c5,c1
18299,5,0.22252136,0.32089436,0.45658422,c234,c5
18300,3,0.6340324,0.26696295,0.09900462,c234,c1
18301,1,0.20953022,0.491593,0.29887682,c234,c234
18302,1,0.23728941,0.38912842,0.37358215,c234,c234
18303,2,0.15466377,0.4353567,0.40997946,c1,c234
18304,4,0.10910528,0.39928544,0.4916093,c1,c5
18305,5,0.66846395,0.23869756,0.09283849,c234,c1
18306,5,0.31756857,0.49093005,0.19150145,c1,c234
18307,3,0.3148408,0.4115456,0.27361357,c234,c234
18308,1,0.44325265,0.3957801,0.16096719,c5,c1
18309,5,0.17362136,0.4687365,0.35764217,c234,c234
18310,5,0.12955362,0.48583648,0.3846099,c234,c234
18311,5,0.1334323,0.4173708,0.44919693,c234,c5
18312,3,0.28582624,0.4445646,0.26960915,c5,c234
18313,5,0.07115435,0.30081692,0.6280287,c234,c5
18314,2,0.10174546,0.24123846,0.6570161,c5,c5
18315,4,0.4393021,0.398138,0.16255993,c5,c1
18316,2,0.35846016,0.46365544,0.1778844,c1,c234
18317,4,0.29444093,0.35126153,0.35429752,c234,c5
18318,5,0.2548956,0.5450009,0.20010345,c234,c234
18319,3,0.30447596,0.3635325,0.33199155,c234,c234
18320,1,0.099320464,0.33330065,0.56737894,c234,c5
18321,5,0.107221164,0.2832498,0.609529,c234,c5
18322,3,0.56731945,0.2947349,0.13794568,c234,c1
18323,2,0.2537111,0.28451604,0.46177286,c5,c5
18324,5,0.11438669,0.33883804,0.5467753,c5,c5
18325,4,0.12313106,0.29458386,0.5822851,c5,c5
18326,5,0.19352745,0.30179718,0.5046754,c5,c5
18327,2,0.24034366,0.5170725,0.2425838,c1,c234
18328,4,0.117206424,0.2826088,0.60018474,c1,c5
18329,1,0.27940878,0.357173,0.3634182,c234,c5
18330,2,0.23866352,0.30699292,0.45434353,c1,c5
18331,5,0.16870059,0.4067718,0.4245276,c1,c5
18332,1,0.08690259,0.2634002,0.6496973,c5,c5
18333,2,0.18342064,0.4152666,0.40131274,c234,c234
18334,5,0.52177554,0.3017364,0.17648803,c234,c1
18335,2,0.1535685,0.5025493,0.34388223,c5,c234
18336,1,0.16932563,0.36633644,0.46433797,c5,c5
18337,3,0.327903,0.50746715,0.16462983,c1,c234
18338,2,0.6409823,0.28342906,0.07558868,c1,c1
18339,5,0.2514443,0.42145,0.32710564,c234,c234
18340,4,0.34470564,0.4110255,0.24426886,c5,c234
18341,3,0.30461097,0.45808533,0.23730366,c234,c234
18342,2,0.18266892,0.25945857,0.55787253,c1,c5
18343,2,0.6249543,0.22507605,0.1499696,c1,c1
18344,4,0.4280428,0.2699632,0.30199406,c234,c1
18345,2,0.14786823,0.31572336,0.53640836,c5,c5
18346,3,0.0895348,0.2638973,0.6465679,c234,c5
18347,4,0.08587584,0.28082088,0.6333033,c5,c5
18348,3,0.21317631,0.49071315,0.29611054,c5,c234
18349,5,0.10088829,0.28260303,0.61650866,c5,c5
18350,3,0.12325402,0.28151205,0.5952339,c5,c5
18351,3,0.19494408,0.33832186,0.46673408,c234,c5
18352,2,0.2921997,0.26115987,0.44664046,c1,c5
18353,5,0.19317468,0.3804403,0.42638507,c5,c5
18354,3,0.46153036,0.38874245,0.14972727,c234,c1
18355,1,0.3864104,0.32342994,0.29015973,c5,c1
18356,5,0.26631513,0.27641732,0.45726755,c1,c5
18357,1,0.59464055,0.28763714,0.117722265,c234,c1
18358,4,0.649299,0.2311194,0.11958159,c1,c1
18359,2,0.2771264,0.48678777,0.23608583,c234,c234
18360,2,0.16938637,0.34405467,0.486559,c1,c5
18361,3,0.19255279,0.44617105,0.36127624,c234,c234
18362,3,0.3167785,0.26735735,0.4158641,c234,c5
18363,2,0.22113478,0.34325364,0.43561155,c234,c5
18364,5,0.31130695,0.44440508,0.24428797,c1,c234
18365,2,0.6226715,0.26141238,0.11591611,c234,c1
18366,1,0.16965692,0.42986265,0.40048042,c5,c234
18367,2,0.088642076,0.2302852,0.6810727,c5,c5
18368,3,0.12618345,0.45662826,0.41718826,c234,c234
18369,5,0.20345397,0.3415124,0.45503363,c5,c5
18370,4,0.08587741,0.34559062,0.568532,c234,c5
18371,4,0.27732792,0.3705527,0.35211936,c234,c234
18372,1,0.37544644,0.3243571,0.3001965,c1,c1
18373,2,0.37835866,0.2852865,0.33635488,c1,c1
18374,5,0.3663835,0.46587387,0.1677426,c234,c234
18375,2,0.3593403,0.28057286,0.3600868,c5,c5
18376,2,0.5721758,0.33755767,0.090266526,c1,c1
18377,5,0.62478536,0.27616593,0.099048674,c234,c1
18378,2,0.17058606,0.36219025,0.46722373,c5,c5
18379,5,0.1120155,0.33230048,0.55568403,c5,c5
18380,2,0.38526347,0.44392297,0.1708136,c1,c234
18381,1,0.33132046,0.41905844,0.24962106,c1,c234
18382,3,0.2504133,0.34525377,0.40433294,c5,c5
18383,5,0.4841078,0.3109081,0.20498414,c1,c1
18384,5,0.46907735,0.3221091,0.20881352,c1,c1
18385,4,0.3061878,0.35714048,0.3366717,c1,c234
18386,2,0.33078492,0.36171418,0.3075009,c234,c234
18387,1,0.14315037,0.30054423,0.55630547,c5,c5
18388,2,0.19657743,0.33369628,0.4697263,c234,c5
18389,5,0.25246918,0.401455,0.3460758,c1,c234
18390,3,0.60108846,0.28630078,0.11261077,c5,c1
18391,3,0.6159061,0.25568447,0.12840937,c1,c1
18392,3,0.4488442,0.4400553,0.11110054,c234,c1
18393,2,0.4715377,0.39451393,0.13394834,c234,c1
18394,4,0.2993919,0.4180306,0.28257757,c5,c234
18395,5,0.486041,0.36243168,0.15152729,c234,c1
18396,5,0.16200359,0.47988957,0.35810685,c234,c234
18397,4,0.08470543,0.27487153,0.64042306,c5,c5
18398,5,0.12463972,0.28852528,0.586835,c234,c5
18399,3,0.5746987,0.28712186,0.13817942,c1,c1
18400,1,0.22431777,0.36188814,0.41379404,c234,c5
18401,2,0.49930343,0.40385497,0.09684166,c5,c1
18402,2,0.5170647,0.37468493,0.10825042,c1,c1
18403,4,0.2686363,0.42082238,0.31054127,c5,c234
18404,3,0.51598006,0.30859512,0.17542484,c5,c1
18405,2,0.6312609,0.27463526,0.09410385,c1,c1
18406,3,0.041362416,0.17894784,0.7796897,c234,c5
18407,4,0.19211905,0.32169956,0.48618147,c5,c5
18408,4,0.31712055,0.42955458,0.25332484,c234,c234
18409,2,0.27716312,0.4071653,0.31567165,c234,c234
18410,1,0.1655739,0.2860686,0.5483575,c5,c5
18411,5,0.11057904,0.41630337,0.47311756,c234,c5
18412,4,0.20113753,0.4925011,0.30636135,c5,c234
18413,1,0.21885535,0.32878152,0.4523631,c5,c5
18414,2,0.36136457,0.42441636,0.21421908,c1,c234
18415,2,0.6188292,0.27734938,0.10382149,c234,c1
18416,4,0.18435425,0.379195,0.43645075,c5,c5
18417,2,0.27770647,0.48864102,0.23365253,c234,c234
18418,1,0.40469313,0.4457181,0.14958873,c234,c234
18419,1,0.049099207,0.17759176,0.7733091,c5,c5
18420,5,0.3809286,0.30805263,0.31101874,c234,c1
18421,1,0.62571913,0.2781361,0.09614474,c1,c1
18422,2,0.49016967,0.3039449,0.20588546,c1,c1
18423,3,0.681013,0.22628033,0.0927067,c1,c1
18424,4,0.31584504,0.5004856,0.1836694,c5,c234
18425,3,0.71321046,0.20735349,0.07943606,c5,c1
18426,3,0.04998023,0.19299118,0.7570286,c5,c5
18427,5,0.05572182,0.2507053,0.6935728,c5,c5
18428,5,0.5021277,0.28374735,0.21412492,c234,c1
18429,1,0.5299996,0.3423815,0.12761886,c1,c1
18430,5,0.2503629,0.38611642,0.3635207,c5,c234
18431,4,0.2701196,0.48354304,0.24633732,c1,c234
18432,2,0.43825573,0.41498283,0.14676145,c1,c1
18433,3,0.13264762,0.302302,0.56505036,c1,c5
18434,4,0.31773418,0.44204655,0.24021922,c234,c234
18435,1,0.1286886,0.27684224,0.5944692,c1,c5
18436,4,0.1633515,0.4082664,0.42838213,c1,c5
18437,3,0.64245516,0.2627955,0.09474931,c234,c1
18438,5,0.14337574,0.37016732,0.48645696,c5,c5
18439,2,0.5052693,0.25027916,0.2444516,c1,c1
18440,1,0.09437759,0.35905847,0.5465639,c1,c5
18441,3,0.5178911,0.32619154,0.15591727,c5,c1
18442,3,0.0675591,0.24207509,0.6903658,c5,c5
18443,5,0.5156568,0.37772343,0.106619835,c234,c1
18444,4,0.41559222,0.44304413,0.14136362,c234,c234
18445,2,0.23788565,0.30797845,0.45413592,c234,c5
18446,1,0.4217734,0.38753742,0.19068922,c1,c1
18447,4,0.05653249,0.1744089,0.7690586,c5,c5
18448,2,0.06024242,0.24219279,0.6975648,c234,c5
18449,1,0.7735674,0.1769801,0.049452506,c1,c1
18450,4,0.039643012,0.12914617,0.83121073,c5,c5
18451,5,0.118427776,0.32180226,0.55977,c5,c5
18452,1,0.44975725,0.3636692,0.18657349,c234,c1
18453,5,0.37342295,0.41974825,0.2068288,c1,c234
18454,2,0.20209706,0.32915905,0.46874395,c1,c5
18455,5,0.17326538,0.5177803,0.30895436,c234,c234
18456,4,0.1665847,0.36747,0.46594536,c5,c5
18457,3,0.19051322,0.3443648,0.46512198,c234,c5
18458,1,0.20329322,0.4131778,0.38352892,c5,c234
18459,4,0.68289614,0.2530239,0.06407997,c5,c1
18460,3,0.33391708,0.2872315,0.37885135,c234,c5
18461,4,0.74098635,0.16517504,0.093838565,c5,c1
18462,3,0.36669,0.3576222,0.27568778,c1,c1
18463,3,0.14858204,0.3408558,0.5105621,c234,c5
18464,3,0.42512795,0.3867056,0.18816641,c234,c1
18465,4,0.17197615,0.37170768,0.4563161,c5,c5
18466,3,0.3667327,0.41409406,0.21917328,c234,c234
18467,5,0.198711,0.43935534,0.36193365,c5,c234
18468,3,0.47115004,0.42027906,0.10857088,c1,c1
18469,2,0.17240366,0.25689837,0.57069796,c1,c5
18470,5,0.054008827,0.20042233,0.7455688,c5,c5
18471,4,0.5386857,0.33796614,0.123348184,c1,c1
18472,3,0.12605229,0.31423745,0.5597103,c5,c5
18473,1,0.36889625,0.40704942,0.22405437,c234,c234
18474,5,0.47647408,0.2636162,0.2599097,c1,c1
18475,5,0.24892873,0.27550536,0.4755659,c5,c5
18476,2,0.12388854,0.3371753,0.5389362,c5,c5
18477,4,0.68289614,0.2530239,0.06407997,c1,c1
18478,1,0.22651817,0.30756065,0.46592122,c234,c5
18479,3,0.47677183,0.33455124,0.18867692,c1,c1
18480,4,0.10982371,0.29444215,0.5957341,c5,c5
18481,4,0.08610906,0.3141291,0.5997618,c5,c5
18482,1,0.21459937,0.29189378,0.49350676,c1,c5
18483,2,0.5608352,0.23683567,0.20232916,c5,c1
18484,4,0.18645439,0.4768259,0.33671975,c5,c234
18485,2,0.73681617,0.16987337,0.09331045,c1,c1
18486,3,0.13252863,0.22462843,0.6428428,c5,c5
18487,3,0.18550546,0.34286687,0.47162765,c5,c5
18488,3,0.33422005,0.33917257,0.3266074,c5,c234
18489,3,0.28328612,0.4313801,0.28533375,c5,c234
18490,3,0.1590591,0.39386734,0.44707355,c5,c5
18491,4,0.27336022,0.3064948,0.42014503,c5,c5
18492,5,0.30492115,0.4367927,0.25828615,c5,c234
18493,1,0.08244513,0.2292697,0.6882852,c5,c5
18494,4,0.21562542,0.4035304,0.38084424,c1,c234
18495,2,0.27444586,0.36800224,0.35755184,c5,c234
18496,1,0.1907898,0.27816144,0.5310488,c234,c5
18497,5,0.7799115,0.16727342,0.052815128,c1,c1
18498,4,0.093152925,0.3226842,0.58416295,c5,c5
18499,4,0.1865263,0.35215464,0.46131906,c5,c5
18500,1,0.1270647,0.253579,0.61935633,c5,c5
18501,5,0.07311852,0.29953703,0.6273445,c5,c5
18502,2,0.41113594,0.38481462,0.20404945,c234,c1
18503,4,0.17715178,0.47131306,0.35153514,c234,c234
18504,1,0.17250606,0.4057175,0.42177644,c234,c5
18505,5,0.33165985,0.3219073,0.34643283,c234,c5
18506,3,0.39852896,0.39620063,0.20527038,c234,c1
18507,4,0.13105814,0.2755263,0.59341556,c5,c5
18508,2,0.36217576,0.3310681,0.3067561,c1,c1
18509,2,0.4939996,0.26025593,0.24574453,c234,c1
18510,2,0.5672452,0.313155,0.11959978,c1,c1
18511,5,0.41304106,0.42584035,0.16111858,c234,c234
18512,2,0.47368196,0.35446835,0.17184967,c234,c1
18513,1,0.2073381,0.5078077,0.28485426,c1,c234
18514,3,0.41692325,0.42302382,0.16005294,c234,c234
18515,3,0.5787087,0.3555325,0.06575886,c5,c1
18516,2,0.4526067,0.28608337,0.26130992,c5,c1
18517,3,0.43736327,0.39924595,0.16339082,c234,c1
18518,3,0.5069479,0.4085392,0.0845129,c1,c1
18519,5,0.6366944,0.27650502,0.086800635,c1,c1
18520,2,0.41337785,0.33751273,0.24910943,c234,c1
18521,5,0.26739907,0.3554157,0.3771852,c1,c5
18522,2,0.20164129,0.26995045,0.5284083,c5,c5
18523,4,0.27413586,0.42108005,0.3047841,c5,c234
18524,2,0.18520197,0.34440154,0.47039643,c5,c5
18525,1,0.27673876,0.42089587,0.30236536,c1,c234
18526,5,0.36135355,0.36965194,0.26899448,c5,c234
18527,3,0.07829637,0.29798678,0.6237169,c5,c5
18528,4,0.12195346,0.32612544,0.5519211,c234,c5
18529,3,0.70131993,0.206552,0.09212801,c1,c1
18530,5,0.08626364,0.29139897,0.6223374,c5,c5
18531,4,0.55605185,0.32716548,0.11678267,c234,c1
18532,1,0.42922044,0.3888586,0.18192096,c234,c1
18533,1,0.27912283,0.45856953,0.26230767,c5,c234
18534,3,0.41734567,0.4078272,0.17482713,c1,c1
18535,5,0.6390169,0.23191737,0.1290657,c1,c1
18536,1,0.5483761,0.28616562,0.16545829,c1,c1
18537,5,0.43831095,0.31668776,0.2450013,c234,c1
18538,5,0.2636361,0.31860813,0.41775575,c1,c5
18539,1,0.28041926,0.46698424,0.25259656,c5,c234
18540,5,0.53396004,0.31790936,0.14813061,c5,c1
18541,4,0.5451005,0.30746967,0.14742993,c5,c1
18542,1,0.16440268,0.31389147,0.52170587,c5,c5
18543,1,0.08366779,0.25630316,0.66002905,c5,c5
18544,5,0.39577046,0.26946405,0.33476546,c5,c1
18545,5,0.30363292,0.458615,0.23775212,c1,c234
18546,3,0.31725278,0.44994488,0.2328023,c5,c234
18547,5,0.28278482,0.4945867,0.22262856,c234,c234
18548,3,0.55855596,0.33857462,0.10286941,c1,c1
18549,5,0.34599912,0.44146052,0.2125403,c1,c234
18550,1,0.07722132,0.32187578,0.6009029,c234,c5
18551,4,0.16272692,0.31198415,0.52528894,c1,c5
18552,2,0.19433846,0.38837993,0.41728166,c5,c5
18553,2,0.29006356,0.4338982,0.27603826,c1,c234
18554,2,0.22330257,0.31112438,0.465573,c1,c5
18555,1,0.34433138,0.31826502,0.3374036,c1,c1
18556,2,0.06854767,0.28866696,0.6427853,c1,c5
18557,3,0.27346742,0.42381322,0.30271932,c5,c234
18558,4,0.4126349,0.40160283,0.18576224,c1,c1
18559,2,0.08129365,0.28796485,0.6307415,c5,c5
18560,4,0.075159475,0.22928566,0.6955548,c234,c5
18561,3,0.31340462,0.2956454,0.39095,c5,c5
18562,1,0.24244499,0.32519177,0.43236324,c234,c5
18563,2,0.40658593,0.4359901,0.157424,c234,c234
18564,1,0.18842396,0.40970114,0.4018749,c5,c234
18565,4,0.70471865,0.2214385,0.07384285,c1,c1
18566,2,0.47518644,0.35241804,0.1723955,c1,c1
18567,1,0.14320162,0.448257,0.40854144,c234,c234
18568,2,0.42783526,0.42336732,0.14879742,c1,c1
18569,5,0.5986762,0.23179848,0.1695253,c1,c1
18570,2,0.42736486,0.39679483,0.17584038,c1,c1
18571,2,0.77536064,0.17078215,0.053857192,c1,c1
18572,1,0.14691356,0.41810927,0.43497717,c1,c5
18573,1,0.27621555,0.39871508,0.3250694,c1,c234
18574,5,0.30329558,0.4542458,0.24245857,c5,c234
18575,1,0.22653368,0.37267116,0.4007951,c234,c5
18576,4,0.53634965,0.34338886,0.120261565,c1,c1
18577,1,0.039252162,0.15049188,0.810256,c5,c5
18578,2,0.4209756,0.32890335,0.25012106,c1,c1
18579,2,0.10657571,0.24469985,0.64872444,c5,c5
18580,1,0.10713482,0.3519683,0.5408969,c5,c5
18581,4,0.21262139,0.35455576,0.43282285,c5,c5
18582,2,0.38299242,0.32134286,0.29566473,c1,c1
18583,5,0.29469827,0.52366424,0.18163748,c1,c234
18584,2,0.3136465,0.3704014,0.31595212,c1,c234
18585,4,0.06939803,0.2310743,0.6995277,c5,c5
18586,4,0.06950887,0.23189586,0.6985953,c234,c5
18587,1,0.40685955,0.47219583,0.12094468,c234,c234
18588,3,0.54963934,0.29817784,0.15218282,c234,c1
18589,4,0.13585125,0.403109,0.46103978,c234,c5
18590,5,0.33821905,0.4082191,0.25356182,c5,c234
18591,2,0.37750185,0.275681,0.3468171,c234,c1
18592,3,0.11044159,0.4550933,0.43446514,c1,c234
18593,4,0.4948057,0.34980062,0.15539372,c1,c1
18594,4,0.41207442,0.37019363,0.21773192,c1,c1
18595,1,0.07115908,0.2871307,0.64171016,c234,c5
18596,3,0.42909876,0.43702817,0.13387308,c234,c234
18597,3,0.4543223,0.33931765,0.20636003,c234,c1
18598,3,0.36571008,0.42682832,0.2074616,c5,c234
18599,1,0.7465269,0.2003372,0.05313594,c234,c1
18600,4,0.6763654,0.23802146,0.08561315,c234,c1
18601,1,0.43087435,0.40284657,0.16627915,c5,c1
18602,4,0.07499891,0.29887992,0.6261211,c5,c5
18603,4,0.09450086,0.28987753,0.6156215,c5,c5
18604,4,0.13917379,0.3512523,0.50957394,c5,c5
18605,3,0.3075063,0.37632793,0.31616578,c234,c234
18606,4,0.42233098,0.27062145,0.30704755,c234,c1
18607,4,0.085964486,0.34908012,0.5649554,c5,c5
18608,5,0.11721091,0.37140578,0.5113833,c5,c5
18609,4,0.4126349,0.40160283,0.18576224,c234,c1
18610,3,0.26886553,0.4374252,0.29370925,c234,c234
18611,4,0.6550954,0.25572613,0.08917853,c5,c1
18612,3,0.28824905,0.35652712,0.35522383,c1,c234
18613,4,0.07046317,0.27393156,0.6556053,c5,c5
18614,2,0.19624391,0.27960485,0.5241512,c5,c5
18615,5,0.66145945,0.24324825,0.09529227,c234,c1
18616,1,0.2458212,0.302596,0.4515828,c234,c5
18617,5,0.20792429,0.4486383,0.34343746,c1,c234
18618,4,0.27839285,0.39727315,0.32433397,c1,c234
18619,4,0.4681495,0.40445784,0.12739265,c5,c1
18620,3,0.20549835,0.36620632,0.42829534,c234,c5
18621,4,0.043264873,0.102878846,0.8538563,c5,c5
18622,5,0.36973688,0.36020327,0.27005985,c1,c1
18623,1,0.5440639,0.30676094,0.14917518,c5,c1
18624,3,0.3501062,0.3032322,0.34666154,c234,c1
18625,3,0.43332586,0.33376685,0.23290727,c234,c1
18626,2,0.22657551,0.52654666,0.24687785,c5,c234
18627,3,0.2384179,0.5505617,0.21102038,c234,c234
18628,5,0.056558102,0.20206387,0.74137807,c5,c5
18629,3,0.042646315,0.15815876,0.799195,c1,c5
18630,3,0.26074287,0.31177208,0.4274851,c1,c5
18631,4,0.3136772,0.310373,0.37594986,c1,c5
18632,2,0.2259394,0.37704018,0.39702034,c234,c5
18633,4,0.22279155,0.33359343,0.44361505,c1,c5
18634,2,0.1166358,0.21348113,0.6698831,c5,c5
18635,4,0.4126349,0.40160283,0.18576224,c234,c1
18636,2,0.4579346,0.3321004,0.20996507,c5,c1
18637,4,0.14057873,0.41754434,0.44187692,c1,c5
18638,2,0.29254717,0.2666763,0.44077656,c234,c5
18639,1,0.27955684,0.57368344,0.1467597,c5,c234
18640,2,0.17530152,0.3227439,0.50195456,c234,c5
18641,5,0.12578872,0.24530725,0.62890404,c5,c5
18642,4,0.2484554,0.49357,0.25797457,c5,c234
18643,3,0.5363388,0.37237367,0.091287516,c1,c1
18644,4,0.31874815,0.46784142,0.21341045,c234,c234
18645,1,0.11396427,0.29959682,0.5864389,c234,c5
18646,3,0.08217629,0.20723526,0.71058846,c5,c5
18647,2,0.50157535,0.37092355,0.12750109,c1,c1
18648,3,0.17979978,0.47870854,0.3414917,c1,c234
18649,5,0.22904177,0.4501972,0.32076105,c5,c234
18650,2,0.28797266,0.43087572,0.2811516,c5,c234
18651,3,0.5512897,0.33868748,0.11002286,c1,c1
18652,5,0.1642698,0.29275322,0.5429769,c234,c5
18653,2,0.3704528,0.37181193,0.2577353,c5,c234
18654,1,0.37883165,0.35155088,0.26961744,c5,c1
18655,4,0.59908074,0.3062234,0.09469582,c5,c1
18656,4,0.35564226,0.42241296,0.22194481,c5,c234
18657,4,0.14022414,0.24858443,0.6111914,c234,c5
18658,5,0.3440294,0.37478757,0.28118306,c5,c234
18659,3,0.48514807,0.36872095,0.14613092,c1,c1
18660,1,0.30888617,0.42579445,0.26531938,c5,c234
18661,4,0.6837018,0.25176558,0.064532585,c1,c1
18662,4,0.49000093,0.29593349,0.21406555,c5,c1
18663,3,0.1411022,0.37992087,0.4789769,c5,c5
18664,1,0.16576871,0.35585007,0.47838122,c234,c5
18665,3,0.16400415,0.402952,0.43304384,c234,c5
18666,4,0.65515363,0.26501718,0.079829186,c1,c1
18667,3,0.5556844,0.35851413,0.0858015,c234,c1
18668,3,0.36123458,0.33676353,0.30200186,c234,c1
18669,1,0.59757954,0.2945981,0.10782236,c1,c1
18670,2,0.245124,0.43804893,0.31682706,c5,c234
18671,3,0.4400698,0.35016963,0.20976053,c1,c1
18672,4,0.32205433,0.40764937,0.2702963,c1,c234
18673,2,0.17610322,0.47788075,0.34601608,c234,c234
18674,3,0.23659848,0.21983522,0.5435662,c5,c5
18675,5,0.13038574,0.35869062,0.51092356,c234,c5
18676,2,0.33983645,0.4176489,0.24251463,c1,c234
18677,2,0.46783543,0.39972147,0.13244316,c5,c1
18678,3,0.19326739,0.37225989,0.43447277,c1,c5
18679,1,0.12181259,0.42934003,0.44884735,c234,c5
18680,1,0.4706872,0.29845744,0.23085536,c234,c1
18681,5,0.2636361,0.31860813,0.41775575,c1,c5
18682,4,0.08375608,0.30576923,0.61047477,c234,c5
18683,4,0.10510338,0.25482184,0.6400748,c5,c5
18684,1,0.5014319,0.26865935,0.22990878,c5,c1
18685,5,0.2891945,0.5075366,0.2032689,c1,c234
18686,4,0.6265261,0.27054498,0.10292887,c1,c1
18687,3,0.12803534,0.3515374,0.5204272,c234,c5
18688,1,0.15366568,0.33604667,0.51028764,c234,c5
18689,4,0.65661156,0.27465358,0.06873487,c234,c1
18690,4,0.43504855,0.3815928,0.18335864,c234,c1
18691,2,0.3593403,0.28057286,0.3600868,c234,c5
18692,3,0.14090893,0.23858486,0.6205062,c5,c5
18693,1,0.11554037,0.2595492,0.6249104,c234,c5
18694,5,0.12439257,0.33394998,0.54165745,c234,c5
18695,2,0.57810456,0.3191038,0.10279163,c5,c1
18696,4,0.3345028,0.4312191,0.23427811,c1,c234
18697,4,0.44840857,0.30359367,0.24799773,c234,c1
18698,3,0.2328443,0.34542626,0.4217295,c5,c5
18699,3,0.07339106,0.29012558,0.6364834,c5,c5
18700,1,0.3854266,0.36429146,0.25028196,c5,c1
18701,4,0.28243083,0.37222394,0.3453452,c1,c234
18702,2,0.15689032,0.40180895,0.44130078,c5,c5
18703,2,0.3836982,0.34833917,0.2679626,c234,c1
18704,1,0.043163557,0.13360389,0.82323253,c5,c5
18705,4,0.4126349,0.40160283,0.18576224,c234,c1
18706,2,0.17908908,0.24533918,0.5755717,c5,c5
18707,1,0.10423814,0.35198796,0.5437739,c1,c5
18708,4,0.09971005,0.3021825,0.59810746,c5,c5
18709,3,0.13594516,0.28834093,0.5757139,c234,c5
18710,2,0.4444334,0.3865077,0.16905895,c5,c1
18711,5,0.16590919,0.4162818,0.41780904,c5,c5
18712,2,0.59330136,0.30006552,0.10663309,c1,c1
18713,2,0.27628633,0.2498173,0.47389635,c234,c5
18714,4,0.24122038,0.4159782,0.34280145,c5,c234
18715,1,0.35138962,0.3879097,0.2607006,c5,c234
18716,5,0.37984204,0.45750627,0.16265166,c234,c234
18717,2,0.6382011,0.2991919,0.06260694,c1,c1
18718,5,0.059776105,0.31061533,0.6296085,c5,c5
18719,5,0.093023315,0.32105732,0.5859194,c234,c5
18720,2,0.36277437,0.42928287,0.2079427,c5,c234
18721,2,0.6051883,0.29882294,0.09598875,c1,c1
18722,4,0.37539083,0.42392212,0.2006871,c1,c234
18723,1,0.33958974,0.32304648,0.33736375,c234,c1
18724,4,0.13195948,0.33061415,0.5374264,c5,c5
18725,4,0.20811294,0.4277504,0.3641366,c5,c234
18726,2,0.39453545,0.4492555,0.15620907,c1,c234
18727,3,0.11188083,0.31099385,0.57712525,c5,c5
18728,3,0.08244744,0.24025,0.67730254,c1,c5
18729,4,0.37271592,0.380392,0.24689208,c234,c234
18730,3,0.10988151,0.3682018,0.52191675,c234,c5
18731,3,0.428326,0.35338667,0.21828736,c234,c1
18732,2,0.3593403,0.28057286,0.3600868,c5,c5
18733,4,0.08759414,0.25014246,0.6622634,c234,c5
18734,1,0.27522343,0.27178463,0.4529919,c5,c5
18735,4,0.716846,0.22573087,0.05742312,c234,c1
18736,2,0.28617573,0.46354613,0.25027815,c5,c234
18737,2,0.19525516,0.28183213,0.52291274,c5,c5
18738,1,0.18031116,0.28661045,0.5330784,c1,c5
18739,2,0.30078536,0.3719421,0.32727253,c5,c234
18740,1,0.1482077,0.33399123,0.5178011,c234,c5
18741,4,0.2343759,0.34143144,0.42419273,c1,c5
18742,3,0.14620565,0.47962397,0.37417042,c5,c234
18743,5,0.23071428,0.36850038,0.4007854,c234,c5
18744,4,0.18628201,0.47673413,0.3369839,c234,c234
18745,4,0.13534309,0.45663184,0.4080251,c5,c234
18746,2,0.34746966,0.45504287,0.19748741,c5,c234
18747,4,0.3441732,0.36230105,0.29352573,c234,c234
18748,3,0.46759748,0.32697403,0.20542851,c234,c1
18749,2,0.11675002,0.39553922,0.48771077,c5,c5
18750,2,0.45477423,0.3975822,0.14764357,c1,c1
18751,4,0.16970232,0.30936128,0.52093637,c5,c5
18752,3,0.55057967,0.3431536,0.10626672,c1,c1
18753,5,0.26718116,0.413492,0.31932688,c1,c234
18754,4,0.4126349,0.40160283,0.18576224,c1,c1
18755,2,0.5491796,0.30272174,0.14809866,c1,c1
18756,2,0.34131095,0.26732635,0.3913627,c234,c5
18757,3,0.32459813,0.41355506,0.26184678,c234,c234
18758,4,0.49821398,0.373145,0.12864102,c1,c1
18759,1,0.50517786,0.34762743,0.14719471,c1,c1
18760,1,0.22223829,0.33183208,0.44592968,c5,c5
18761,2,0.14079134,0.31712326,0.54208535,c5,c5
18762,4,0.6837018,0.25176558,0.064532585,c1,c1
18763,4,0.8363762,0.12655167,0.037072208,c1,c1
18764,4,0.32401255,0.41912428,0.25686315,c234,c234
18765,3,0.63701636,0.2600544,0.10292922,c234,c1
18766,4,0.08247548,0.21540566,0.7021188,c5,c5
18767,5,0.18204895,0.4542202,0.36373088,c5,c234
18768,5,0.1556205,0.3657363,0.47864327,c1,c5
18769,1,0.20524088,0.47117943,0.32357973,c1,c234
18770,2,0.24849884,0.31130713,0.440194,c234,c5
18771,1,0.1921602,0.29883856,0.50900126,c1,c5
18772,4,0.5718943,0.2922689,0.1358368,c234,c1
18773,1,0.09445309,0.25437915,0.65116775,c5,c5
18774,1,0.21845771,0.42792836,0.35361394,c1,c234
18775,3,0.10188733,0.28335336,0.6147594,c5,c5
18776,2,0.20115195,0.37745643,0.4213916,c234,c5
18777,4,0.3273146,0.416806,0.25587934,c5,c234
18778,5,0.4143673,0.28904554,0.29658717,c1,c1
18779,4,0.055004105,0.30995023,0.6350457,c5,c5
18780,5,0.52177554,0.3017364,0.17648803,c234,c1
18781,5,0.6552595,0.25853696,0.086203516,c234,c1
18782,4,0.056370918,0.19453281,0.7490962,c5,c5
18783,5,0.6380035,0.25374928,0.10824725,c234,c1
18784,3,0.62473536,0.26670197,0.10856272,c1,c1
18785,5,0.036043283,0.094961405,0.8689953,c234,c5
18786,3,0.41399178,0.36490074,0.22110747,c1,c1
18787,4,0.09122653,0.3939549,0.5148186,c234,c5
18788,2,0.059650186,0.22352923,0.71682054,c5,c5
18789,5,0.26565298,0.28701153,0.44733554,c1,c5
18790,1,0.19051702,0.5396935,0.2697895,c5,c234
18791,1,0.10051894,0.31820312,0.58127797,c234,c5
18792,5,0.24565981,0.5090699,0.24527028,c5,c234
18793,1,0.34741458,0.3659365,0.2866489,c1,c234
18794,5,0.055208772,0.17367382,0.7711174,c1,c5
18795,1,0.12150264,0.37977707,0.4987203,c5,c5
18796,5,0.45311913,0.4001692,0.1467117,c5,c1
18797,4,0.35099632,0.329047,0.31995663,c5,c1
18798,2,0.09217391,0.26015428,0.6476718,c234,c5
18799,5,0.539075,0.29104888,0.16987613,c234,c1
18800,2,0.053283785,0.19664858,0.75006765,c234,c5
18801,5,0.40323368,0.30735433,0.289412,c1,c1
18802,4,0.4126349,0.40160283,0.18576224,c5,c1
18803,4,0.13947952,0.41671404,0.4438064,c234,c5
18804,4,0.17451257,0.37526098,0.45022643,c5,c5
18805,4,0.09586908,0.24994366,0.65418726,c234,c5
18806,4,0.18501651,0.3058796,0.50910383,c234,c5
18807,3,0.16332427,0.524137,0.31253868,c5,c234
18808,5,0.47350362,0.2654494,0.26104704,c1,c1
18809,3,0.521925,0.30041227,0.17766276,c234,c1
18810,3,0.5736489,0.30101213,0.12533893,c5,c1
18811,1,0.18358469,0.45051038,0.36590487,c5,c234
18812,4,0.12104887,0.28196287,0.59698826,c234,c5
18813,5,0.4757612,0.360661,0.16357785,c234,c1
18814,1,0.54362,0.31275642,0.14362356,c5,c1
18815,1,0.5824999,0.27391353,0.1435866,c234,c1
18816,5,0.087026484,0.24202466,0.67094886,c5,c5
18817,3,0.47218138,0.2618798,0.26593888,c1,c1
18818,3,0.36600566,0.3084523,0.3255421,c5,c1
18819,3,0.07463384,0.2390461,0.68632,c5,c5
18820,2,0.22091658,0.3838122,0.39527127,c234,c5
18821,4,0.40771687,0.3300356,0.26224753,c1,c1
18822,4,0.60808927,0.27815518,0.113755584,c5,c1
18823,3,0.50997895,0.37539282,0.11462819,c1,c1
18824,4,0.3231032,0.3340177,0.34287915,c234,c5
18825,4,0.4795102,0.35802037,0.1624694,c5,c1
18826,4,0.13838692,0.3959639,0.46564916,c234,c5
18827,4,0.30808693,0.32956207,0.36235103,c234,c5
18828,5,0.59150136,0.28151095,0.12698765,c1,c1
18829,1,0.27393922,0.30993104,0.4161297,c1,c5
18830,5,0.43448046,0.38422418,0.18129537,c1,c1
18831,3,0.31407502,0.32836023,0.3575647,c1,c5
18832,5,0.66461897,0.2632481,0.07213294,c1,c1
18833,3,0.11821517,0.28640136,0.59538347,c5,c5
18834,2,0.069861636,0.27182522,0.65831316,c5,c5
18835,1,0.6767217,0.24288836,0.08038994,c1,c1
18836,3,0.4562997,0.36970323,0.17399707,c1,c1
18837,3,0.29487053,0.44038945,0.26474002,c5,c234
18838,5,0.21686974,0.42731416,0.3558161,c5,c234
18839,2,0.22111449,0.39543226,0.38345325,c234,c234
18840,2,0.10275464,0.3246854,0.57255995,c5,c5
18841,4,0.6107471,0.24685453,0.14239833,c1,c1
18842,4,0.2649721,0.43235567,0.3026723,c234,c234
18843,3,0.06783417,0.26162696,0.6705389,c234,c5
18844,2,0.092278644,0.18047446,0.7272469,c234,c5
18845,4,0.20287243,0.40731987,0.3898077,c5,c234
18846,4,0.5744366,0.26565823,0.1599052,c1,c1
18847,2,0.41938636,0.406384,0.17422971,c234,c1
18848,3,0.13656576,0.3909439,0.4724903,c5,c5
18849,1,0.15238212,0.35283163,0.49478617,c5,c5
18850,2,0.3604204,0.49155498,0.1480246,c1,c234
18851,4,0.40073222,0.3230407,0.27622706,c234,c1
18852,3,0.13499321,0.29248628,0.57252055,c5,c5
18853,3,0.12171638,0.3961803,0.4821033,c234,c5
18854,3,0.14474706,0.408638,0.44661495,c1,c5
18855,2,0.33508298,0.34194225,0.3229747,c1,c234
18856,3,0.091676764,0.32265052,0.58567274,c5,c5
18857,2,0.59316194,0.32279196,0.08404613,c5,c1
18858,5,0.36827362,0.4130515,0.21867487,c1,c234
18859,3,0.5759292,0.31088492,0.1131859,c1,c1
18860,2,0.24648263,0.38390943,0.36960796,c234,c234
18861,1,0.10368663,0.36119577,0.53511757,c1,c5
18862,5,0.30056864,0.53474337,0.16468796,c234,c234
18863,3,0.39439088,0.34837815,0.25723094,c5,c1
18864,1,0.762502,0.18788843,0.04960955,c234,c1
18865,3,0.45816374,0.35640472,0.18543153,c1,c1
18866,3,0.08668335,0.21533048,0.69798625,c5,c5
18867,3,0.30476445,0.2869908,0.40824482,c1,c5
18868,1,0.17543417,0.4563767,0.36818916,c5,c234
18869,2,0.5052693,0.25027916,0.2444516,c1,c1
18870,2,0.1023155,0.24436589,0.6533187,c5,c5
18871,5,0.403128,0.29288968,0.30398226,c1,c1
18872,2,0.5218834,0.38509467,0.093021885,c234,c1
18873,5,0.120444,0.32804084,0.5515151,c5,c5
18874,5,0.4211845,0.40872464,0.17009085,c234,c1
18875,4,0.6551787,0.27276927,0.07205203,c1,c1
18876,3,0.4621083,0.37900797,0.15888368,c1,c1
18877,5,0.4898356,0.36920607,0.14095834,c1,c1
18878,1,0.17082532,0.36989698,0.45927775,c234,c5
18879,3,0.14161834,0.39016253,0.46821916,c234,c5
18880,2,0.66798514,0.26109225,0.07092267,c234,c1
18881,5,0.112311974,0.33917123,0.5485168,c5,c5
18882,4,0.6255615,0.2941268,0.080311686,c5,c1
18883,5,0.50405073,0.37733227,0.11861698,c234,c1
18884,3,0.25998372,0.42932144,0.31069484,c234,c234
18885,3,0.18113275,0.43867186,0.38019538,c1,c234
18886,4,0.284621,0.42131063,0.29406834,c1,c234
18887,2,0.25103602,0.31737804,0.43158594,c5,c5
18888,3,0.32168564,0.370337,0.30797735,c234,c234
18889,2,0.16772558,0.37266096,0.45961344,c5,c5
18890,1,0.085203186,0.2623802,0.6524166,c1,c5
18891,3,0.12380242,0.37616014,0.50003743,c5,c5
18892,5,0.1808264,0.42043394,0.3987397,c1,c234
18893,1,0.2654364,0.44484803,0.28971562,c234,c234
18894,5,0.15216973,0.34300348,0.5048267,c234,c5
18895,4,0.19874802,0.45582813,0.34542382,c234,c234
18896,5,0.14523248,0.26630944,0.58845806,c1,c5
18897,4,0.42233098,0.27062145,0.30704755,c5,c1
18898,5,0.25680107,0.3406217,0.40257716,c1,c5
18899,1,0.1613311,0.31928238,0.5193865,c234,c5
18900,2,0.51544577,0.37803003,0.10652418,c234,c1
18901,3,0.13632767,0.2925071,0.57116514,c1,c5
18902,3,0.11881259,0.23448692,0.6467005,c5,c5
18903,2,0.574564,0.19982842,0.22560756,c1,c1
18904,4,0.052692886,0.17525595,0.7720511,c5,c5
18905,1,0.13527964,0.29350075,0.5712196,c5,c5
18906,4,0.2664419,0.4734789,0.2600792,c234,c234
18907,5,0.35341826,0.4210287,0.2255531,c234,c234
18908,3,0.39773718,0.27493337,0.3273295,c5,c1
18909,1,0.3041747,0.37503287,0.3207924,c234,c234
18910,1,0.06299823,0.2490412,0.6879606,c5,c5
18911,1,0.6795678,0.2575612,0.062871054,c1,c1
18912,2,0.13183624,0.23705485,0.63110894,c234,c5
18913,1,0.5812352,0.27202067,0.14674416,c5,c1
18914,1,0.34782296,0.41018596,0.24199103,c5,c234
18915,1,0.762502,0.18788843,0.04960955,c234,c1
18916,5,0.51120466,0.31571388,0.17308143,c234,c1
18917,2,0.55869687,0.33320615,0.10809698,c1,c1
18918,4,0.07746393,0.23008192,0.69245416,c5,c5
18919,1,0.10409057,0.49999464,0.39591473,c234,c234
18920,2,0.62820065,0.2534754,0.11832392,c5,c1
18921,1,0.25157085,0.33091584,0.4175133,c1,c5
18922,2,0.32430837,0.48889917,0.18679245,c5,c234
18923,5,0.095116615,0.46635514,0.43852818,c1,c234
18924,1,0.24383822,0.44925424,0.3069075,c1,c234
18925,2,0.22330257,0.31112438,0.465573,c234,c5
18926,1,0.10302075,0.317869,0.57911026,c1,c5
18927,3,0.20670876,0.35611588,0.4371753,c1,c5
18928,4,0.27159375,0.3152851,0.41312116,c234,c5
18929,1,0.081641175,0.2564637,0.66189516,c234,c5
18930,2,0.23492956,0.46120667,0.30386376,c5,c234
18931,4,0.23710707,0.429293,0.33359993,c234,c234
18932,1,0.28249493,0.44145307,0.27605203,c1,c234
18933,3,0.20076768,0.4003479,0.39888445,c5,c234
18934,4,0.7205525,0.22511856,0.054328952,c1,c1
18935,4,0.1914136,0.34817427,0.46041214,c234,c5
18936,4,0.058259178,0.2264322,0.71530867,c234,c5
18937,3,0.31331754,0.48332477,0.20335762,c234,c234
18938,3,0.5493079,0.2961305,0.1545616,c234,c1
18939,1,0.1264029,0.28596824,0.58762884,c5,c5
18940,1,0.061770488,0.29519457,0.64303493,c5,c5
18941,2,0.68065023,0.22582877,0.09352093,c1,c1
18942,5,0.5289326,0.35745704,0.1136104,c5,c1
18943,4,0.42804402,0.40235567,0.16960035,c234,c1
18944,4,0.1662358,0.35741952,0.47634467,c234,c5
18945,5,0.31778017,0.43685314,0.2453667,c1,c234
18946,3,0.30220848,0.441553,0.2562385,c234,c234
18947,3,0.24026208,0.47746828,0.2822697,c5,c234
18948,1,0.32735342,0.33075762,0.34188896,c234,c5
18949,2,0.40997595,0.4304911,0.15953301,c5,c234
18950,2,0.15855677,0.22088797,0.6205552,c234,c5
18951,1,0.17869458,0.5221442,0.29916126,c1,c234
18952,5,0.35851604,0.46276644,0.17871752,c1,c234
18953,2,0.08960148,0.27555436,0.63484424,c5,c5
18954,3,0.20846346,0.3733997,0.4181368,c5,c5
18955,2,0.48145705,0.31463143,0.20391151,c234,c1
18956,1,0.09518896,0.29163206,0.613179,c234,c5
18957,1,0.39354342,0.43024883,0.17620772,c1,c234
18958,1,0.16462152,0.34414935,0.49122915,c1,c5
18959,4,0.15297185,0.35032707,0.49670103,c5,c5
18960,2,0.46453047,0.40924668,0.1262228,c234,c1
18961,3,0.3342569,0.4796784,0.1860647,c1,c234
18962,5,0.26036763,0.43006042,0.30957192,c5,c234
18963,4,0.22058472,0.35743293,0.4219823,c5,c5
18964,5,0.6415117,0.25325176,0.1052365,c5,c1
18965,1,0.0648449,0.3650468,0.5701083,c5,c5
18966,4,0.22619447,0.36899203,0.40481347,c234,c5
18967,4,0.34373486,0.4428484,0.2134168,c1,c234
18968,4,0.31366315,0.38576514,0.30057177,c234,c234
18969,5,0.21395595,0.2688281,0.51721597,c234,c5
18970,1,0.14776067,0.46672505,0.38551426,c1,c234
18971,4,0.56722474,0.2589347,0.17384052,c234,c1
18972,5,0.5154679,0.3560966,0.12843546,c234,c1
18973,5,0.5179911,0.30123925,0.18076967,c234,c1
18974,3,0.06301242,0.3067692,0.6302183,c234,c5
18975,4,0.0807263,0.24500877,0.6742649,c5,c5
18976,2,0.17633818,0.47781792,0.3458439,c5,c234
18977,1,0.46133214,0.4004211,0.13824674,c1,c1
18978,4,0.5893316,0.2613707,0.14929767,c1,c1
18979,3,0.30274212,0.44188744,0.25537047,c5,c234
18980,4,0.18980801,0.27355614,0.5366359,c234,c5
18981,1,0.6050589,0.29107335,0.10386778,c5,c1
18982,2,0.59942955,0.28476226,0.11580821,c234,c1
18983,1,0.47226155,0.39276317,0.13497527,c234,c1
18984,4,0.111805685,0.24322431,0.64497,c234,c5
18985,2,0.39759684,0.4297735,0.17262973,c1,c234
18986,3,0.54801,0.27394685,0.17804316,c5,c1
18987,5,0.32893267,0.47620487,0.19486238,c5,c234
18988,4,0.1818351,0.46297383,0.35519108,c5,c234
18989,4,0.24976385,0.30291373,0.44732237,c234,c5
18990,2,0.3152532,0.43973073,0.24501607,c234,c234
18991,2,0.23683855,0.44020993,0.3229515,c234,c234
18992,2,0.24648263,0.38390943,0.36960796,c234,c234
18993,2,0.1277671,0.31560954,0.55662334,c5,c5
18994,1,0.28879014,0.40800574,0.30320412,c1,c234
18995,4,0.2202792,0.5207382,0.25898263,c5,c234
18996,5,0.26969558,0.47299835,0.25730604,c5,c234
18997,2,0.1938007,0.3726497,0.43354955,c234,c5
18998,5,0.0906259,0.3550358,0.55433834,c5,c5
18999,3,0.66302073,0.2787047,0.058274563,c1,c1
19000,1,0.5319091,0.30067742,0.1674135,c5,c1
19001,3,0.43123683,0.41725537,0.15150778,c1,c1
19002,5,0.18622114,0.42098984,0.39278907,c234,c234
19003,3,0.3200665,0.45217612,0.22775735,c234,c234
19004,2,0.061402805,0.17431283,0.7642844,c5,c5
19005,4,0.30007985,0.39590147,0.3040187,c1,c234
19006,3,0.50262547,0.38256407,0.11481049,c5,c1
19007,4,0.26316252,0.4826729,0.25416455,c234,c234
19008,2,0.12355893,0.26079315,0.6156479,c234,c5
19009,1,0.07037625,0.25535998,0.67426383,c234,c5
19010,1,0.29558873,0.4443817,0.26002955,c234,c234
19011,5,0.27983943,0.5274804,0.19268017,c234,c234
19012,2,0.4389431,0.41255024,0.14850663,c1,c1
19013,1,0.11249038,0.38947943,0.49803016,c5,c5
19014,2,0.38639715,0.33350202,0.28010076,c5,c1
19015,5,0.3078892,0.37344807,0.31866273,c234,c234
19016,3,0.116291255,0.28821036,0.5954984,c1,c5
19017,5,0.10150792,0.40225652,0.4962356,c234,c5
19018,5,0.20378633,0.3333722,0.46284145,c234,c5
19019,5,0.66743743,0.26131642,0.07124616,c1,c1
19020,5,0.07178618,0.23640004,0.6918138,c5,c5
19021,4,0.2825276,0.5177956,0.19967675,c1,c234
19022,3,0.47828558,0.32992658,0.19178781,c234,c1
19023,4,0.45069826,0.3385788,0.21072294,c234,c1
19024,2,0.31420618,0.31761903,0.36817476,c5,c5
19025,3,0.4750469,0.41545752,0.10949558,c1,c1
19026,3,0.10292881,0.28565633,0.6114149,c5,c5
19027,5,0.21142831,0.48148933,0.30708236,c5,c234
19028,1,0.5530925,0.26286188,0.18404558,c1,c1
19029,5,0.37800488,0.35679734,0.2651978,c234,c1
19030,4,0.16408324,0.44755158,0.38836518,c234,c234
19031,3,0.38108003,0.44694397,0.17197603,c1,c234
19032,2,0.3662521,0.45817897,0.17556888,c234,c234
19033,5,0.5158405,0.33360097,0.15055858,c1,c1
19034,1,0.07288438,0.31566912,0.6114465,c5,c5
19035,2,0.28561112,0.44268727,0.2717016,c234,c234
19036,2,0.32014617,0.38910374,0.29075012,c5,c234
19037,2,0.10339526,0.29075897,0.6058458,c5,c5
19038,4,0.6819146,0.2348736,0.083211765,c5,c1
19039,1,0.34798357,0.29928562,0.35273078,c5,c5
19040,2,0.1587041,0.490996,0.35029987,c5,c234
19041,3,0.4746279,0.35634476,0.16902734,c1,c1
19042,5,0.32174256,0.2900167,0.38824072,c234,c5
19043,4,0.37136424,0.33371267,0.2949231,c1,c1
19044,1,0.49805838,0.3713475,0.13059412,c1,c1
19045,1,0.58856726,0.28593582,0.1254969,c234,c1
19046,2,0.3229341,0.26410255,0.4129634,c234,c5
19047,1,0.12026257,0.50042546,0.37931198,c234,c234
19048,1,0.2570017,0.49188876,0.25110954,c234,c234
19049,4,0.077671714,0.2181151,0.70421314,c234,c5
19050,5,0.2505337,0.5021535,0.24731281,c234,c234
19051,3,0.18769683,0.5337855,0.27851766,c234,c234
19052,3,0.28314742,0.253216,0.46363667,c234,c5
19053,3,0.34746322,0.32912722,0.3234096,c1,c1
19054,2,0.63847595,0.27034774,0.0911763,c1,c1
19055,3,0.18258546,0.37381876,0.4435957,c5,c5
19056,1,0.15015222,0.50597805,0.34386972,c5,c234
19057,3,0.49026468,0.29612893,0.21360636,c234,c1
19058,3,0.16996206,0.44354698,0.38649094,c5,c234
19059,5,0.39577046,0.26946405,0.33476546,c1,c1
19060,1,0.15024103,0.31423962,0.5355193,c5,c5
19061,2,0.40993458,0.27019057,0.31987482,c1,c1
19062,4,0.08022221,0.18206805,0.7377097,c5,c5
19063,5,0.68225914,0.21872962,0.09901128,c1,c1
19064,5,0.25282717,0.54280174,0.20437111,c234,c234
19065,4,0.2957194,0.40216103,0.30211955,c1,c234
19066,3,0.27448902,0.46601048,0.25950056,c5,c234
19067,1,0.4919369,0.3466692,0.16139397,c1,c1
19068,3,0.24924754,0.33068338,0.42006907,c234,c5
19069,4,0.53634965,0.34338886,0.120261565,c1,c1
19070,2,0.47715932,0.37170282,0.15113784,c234,c1
19071,5,0.43872127,0.3333951,0.2278836,c234,c1
19072,5,0.12827009,0.36167973,0.5100502,c1,c5
19073,4,0.49023035,0.3536173,0.1561524,c1,c1
19074,5,0.1353925,0.35488755,0.50971997,c1,c5
19075,5,0.39577046,0.26946405,0.33476546,c1,c1
19076,3,0.16954334,0.24027939,0.5901773,c1,c5
19077,2,0.52937555,0.36855003,0.1020744,c1,c1
19078,4,0.34641305,0.414248,0.23933898,c234,c234
19079,5,0.06723724,0.3102195,0.62254333,c5,c5
19080,5,0.22413243,0.34688896,0.4289786,c5,c5
19081,4,0.24165991,0.43091056,0.32742953,c1,c234
19082,2,0.35022098,0.42410055,0.22567844,c1,c234
19083,2,0.22330257,0.31112438,0.465573,c234,c5
19084,2,0.18210834,0.34910008,0.46879163,c5,c5
19085,1,0.38166392,0.29094,0.327396,c234,c1
19086,1,0.7401699,0.21153222,0.04829788,c1,c1
19087,5,0.21666367,0.2906467,0.49268967,c1,c5
19088,4,0.060964026,0.19051705,0.7485189,c5,c5
19089,3,0.149397,0.33774158,0.51286143,c234,c5
19090,2,0.12385055,0.37346914,0.50268036,c234,c5
19091,4,0.31233174,0.3690402,0.31862804,c5,c234
19092,3,0.12459802,0.35261467,0.52278733,c234,c5
19093,1,0.18953551,0.35495913,0.45550537,c234,c5
19094,5,0.23091638,0.41417322,0.35491037,c234,c234
19095,5,0.39577046,0.26946405,0.33476546,c234,c1
19096,1,0.77950907,0.1709013,0.04958962,c1,c1
19097,1,0.563662,0.33011833,0.10621969,c234,c1
19098,1,0.28726685,0.4875848,0.22514828,c1,c234
19099,2,0.10210861,0.24653007,0.6513613,c5,c5
19100,5,0.1419458,0.21784635,0.6402079,c234,c5
19101,5,0.63984835,0.23335576,0.12679592,c1,c1
19102,1,0.1574666,0.37562755,0.46690574,c1,c5
19103,2,0.06548571,0.26074573,0.6737685,c234,c5
19104,2,0.5631181,0.30009145,0.13679047,c5,c1
19105,2,0.40104315,0.37979272,0.21916413,c234,c1
19106,4,0.25703412,0.38077712,0.36218873,c5,c234
19107,1,0.08341077,0.2911677,0.6254215,c234,c5
19108,2,0.49656844,0.31733316,0.18609847,c234,c1
19109,3,0.13648811,0.41379404,0.44971782,c5,c5
19110,5,0.23414204,0.4800472,0.28581074,c234,c234
19111,4,0.099723324,0.2496813,0.65059537,c1,c5
19112,1,0.07668752,0.2880763,0.63523614,c234,c5
19113,3,0.08679041,0.25990024,0.65330935,c5,c5
19114,2,0.35225764,0.44048375,0.20725861,c234,c234
19115,3,0.23056957,0.39868036,0.37075007,c234,c234
19116,3,0.09195147,0.3177456,0.59030294,c5,c5
19117,3,0.48507637,0.37648883,0.13843489,c234,c1
19118,3,0.32732436,0.24528185,0.42739376,c1,c5
19119,3,0.28506002,0.43612623,0.27881378,c5,c234
19120,4,0.39263704,0.3476873,0.25967568,c234,c1
19121,4,0.33861157,0.32800624,0.33338222,c5,c1
19122,5,0.23253791,0.42885286,0.33860925,c5,c234
19123,4,0.4126349,0.40160283,0.18576224,c1,c1
19124,1,0.58959466,0.3069437,0.103461646,c1,c1
19125,3,0.29753733,0.4612006,0.2412621,c1,c234
19126,1,0.24072878,0.47548482,0.28378636,c1,c234
19127,1,0.28406268,0.45083842,0.26509896,c234,c234
19128,3,0.12210264,0.3309384,0.5469589,c234,c5
19129,3,0.55057967,0.3431536,0.10626672,c1,c1
19130,5,0.22063479,0.34748876,0.43187648,c5,c5
19131,1,0.09279687,0.27397984,0.63322324,c1,c5
19132,1,0.20192091,0.41583484,0.3822442,c5,c234
19133,2,0.61741227,0.2851847,0.09740303,c1,c1
19134,1,0.34642726,0.3676687,0.28590408,c5,c234
19135,4,0.73581403,0.20390458,0.06028144,c1,c1
19136,5,0.24656706,0.24602588,0.5074071,c1,c5
19137,4,0.22014776,0.35716066,0.42269155,c234,c5
19138,1,0.22975308,0.36459863,0.40564832,c234,c5
19139,3,0.16313833,0.33827072,0.49859095,c1,c5
19140,4,0.6763084,0.2558062,0.06788541,c5,c1
19141,4,0.15929957,0.41480884,0.42589164,c5,c5
19142,5,0.15304688,0.33473426,0.5122189,c5,c5
19143,1,0.10220088,0.30274105,0.5950581,c234,c5
19144,5,0.16145562,0.3484579,0.49008647,c5,c5
19145,2,0.4557334,0.3881475,0.15611906,c1,c1
19146,1,0.28620723,0.34859848,0.3651943,c1,c5
19147,5,0.20643966,0.2603795,0.53318083,c5,c5
19148,5,0.101441614,0.29597768,0.6025807,c234,c5
19149,2,0.5178233,0.3613555,0.1208212,c1,c1
19150,2,0.06059985,0.24722485,0.6921753,c234,c5
19151,1,0.4823994,0.32392696,0.1936737,c234,c1
19152,4,0.31789267,0.31567878,0.36642855,c1,c5
19153,1,0.032364666,0.21795613,0.7496792,c5,c5
19154,5,0.35557747,0.42838502,0.21603753,c234,c234
19155,4,0.5595376,0.34174633,0.09871604,c1,c1
19156,4,0.63848203,0.27447367,0.08704434,c234,c1
19157,3,0.37032905,0.42365244,0.20601854,c1,c234
19158,1,0.33056048,0.3958465,0.27359304,c5,c234
19159,1,0.3988898,0.344274,0.25683624,c5,c1
19160,4,0.6423254,0.27226004,0.08541459,c5,c1
19161,4,0.42233098,0.27062145,0.30704755,c5,c1
19162,4,0.44504604,0.31451768,0.24043629,c234,c1
19163,5,0.1163626,0.20909442,0.67454296,c5,c5
19164,5,0.47505587,0.35964307,0.16530105,c1,c1
19165,1,0.14058457,0.38242853,0.47698689,c234,c5
19166,4,0.22649656,0.44497707,0.32852635,c1,c234
19167,3,0.21002038,0.3319244,0.45805523,c234,c5
19168,3,0.1566936,0.30460814,0.53869826,c234,c5
19169,5,0.38904223,0.24557562,0.36538213,c1,c1
19170,2,0.17059794,0.3436511,0.48575106,c1,c5
19171,5,0.3968845,0.40788656,0.1952289,c234,c234
19172,2,0.34017667,0.34513322,0.31469005,c234,c234
19173,4,0.14231077,0.27555296,0.58213633,c5,c5
19174,4,0.18693547,0.47793952,0.33512503,c5,c234
19175,2,0.18767692,0.45730335,0.35501966,c234,c234
19176,4,0.4126349,0.40160283,0.18576224,c1,c1
19177,1,0.086143784,0.21066612,0.7031901,c5,c5
19178,3,0.13597102,0.40179336,0.46223554,c5,c5
19179,4,0.21422246,0.40051347,0.3852641,c234,c234
19180,5,0.54113656,0.31961638,0.13924706,c1,c1
19181,3,0.40345255,0.30196917,0.29457828,c1,c1
19182,4,0.42233098,0.27062145,0.30704755,c5,c1
19183,4,0.19124341,0.43541554,0.37334102,c234,c234
19184,4,0.5658339,0.29611054,0.13805555,c234,c1
19185,2,0.39064702,0.42695197,0.18240102,c5,c234
19186,4,0.5688234,0.30773875,0.123437874,c5,c1
19187,1,0.6256112,0.29812205,0.07626674,c234,c1
19188,3,0.36774775,0.42348182,0.20877041,c234,c234
19189,5,0.69139314,0.19003431,0.118572555,c1,c1
19190,5,0.14713003,0.34183714,0.5110329,c5,c5
19191,4,0.061857343,0.20703745,0.73110527,c5,c5
19192,2,0.14997834,0.47709584,0.3729258,c1,c234
19193,2,0.089575455,0.42071533,0.48970926,c234,c5
19194,4,0.55835867,0.3349205,0.10672083,c1,c1
19195,5,0.08907354,0.33517662,0.5757498,c234,c5
19196,2,0.46694514,0.3578445,0.17521034,c5,c1
19197,4,0.13026892,0.25007087,0.61966014,c234,c5
19198,5,0.40510923,0.3813089,0.21358183,c5,c1
19199,5,0.22304714,0.51727235,0.2596805,c1,c234
19200,3,0.22332524,0.27505964,0.50161517,c1,c5
19201,3,0.18387648,0.37135005,0.44477347,c234,c5
19202,4,0.2020305,0.33211756,0.46585193,c5,c5
19203,5,0.13830036,0.39177495,0.46992466,c234,c5
19204,3,0.3745171,0.38998327,0.23549964,c1,c234
19205,3,0.55758226,0.2681194,0.17429832,c1,c1
19206,4,0.12678286,0.26362604,0.60959107,c5,c5
19207,4,0.086299546,0.23024584,0.68345463,c5,c5
19208,3,0.6522645,0.2455851,0.1021504,c5,c1
19209,1,0.3660724,0.3197816,0.314146,c234,c1
19210,3,0.32462898,0.43896922,0.23640178,c5,c234
19211,5,0.26985535,0.35429084,0.37585378,c5,c5
19212,3,0.21301228,0.27412316,0.5128646,c1,c5
19213,1,0.56794214,0.3324931,0.09956479,c234,c1
19214,4,0.7038065,0.21126945,0.08492406,c1,c1
19215,3,0.067725025,0.13998426,0.79229075,c5,c5
19216,5,0.058503263,0.18503432,0.7564624,c5,c5
19217,2,0.11528146,0.47410992,0.4106086,c1,c234
19218,2,0.58115023,0.2780232,0.14082652,c1,c1
19219,4,0.46782342,0.27751476,0.25466186,c234,c1
19220,4,0.32318398,0.42525834,0.2515577,c1,c234
19221,4,0.16662708,0.25391322,0.5794597,c1,c5
19222,3,0.26665795,0.3764585,0.3568836,c5,c234
19223,3,0.1457146,0.22594906,0.6283363,c5,c5
19224,3,0.71556014,0.20026232,0.084177606,c1,c1
19225,5,0.26071757,0.42562133,0.31366113,c1,c234
19226,4,0.31203756,0.42325673,0.26470566,c234,c234
19227,5,0.6227001,0.29253137,0.08476854,c234,c1
19228,1,0.4681704,0.30449557,0.227334,c1,c1
19229,5,0.089021765,0.32906452,0.58191377,c5,c5
19230,1,0.19054744,0.50918496,0.3002676,c234,c234
19231,1,0.3079963,0.3022973,0.38970637,c1,c5
19232,1,0.070085585,0.36391994,0.56599444,c234,c5
19233,3,0.37277213,0.2775962,0.34963173,c5,c1
19234,1,0.1551724,0.31885985,0.5259677,c234,c5
19235,4,0.20422311,0.32830548,0.46747136,c5,c5
19236,2,0.26681376,0.49451905,0.2386672,c234,c234
19237,2,0.22755946,0.41286254,0.35957798,c5,c234
19238,5,0.5650071,0.27390414,0.16108875,c5,c1
19239,2,0.18760195,0.277317,0.535081,c5,c5
19240,1,0.39367744,0.3680693,0.23825336,c1,c1
19241,2,0.046801917,0.1769145,0.77628356,c5,c5
19242,1,0.042575486,0.2802831,0.6771414,c234,c5
19243,4,0.32808584,0.3972899,0.2746242,c5,c234
19244,5,0.28154454,0.35484284,0.3636126,c1,c5
19245,1,0.42771673,0.34722224,0.22506097,c234,c1
19246,5,0.5714388,0.30731001,0.121251196,c5,c1
19247,2,0.43896183,0.37840876,0.18262948,c1,c1
19248,1,0.053411424,0.32630715,0.62028134,c234,c5
19249,3,0.7325853,0.1916202,0.07579445,c1,c1
19250,3,0.18695807,0.2572,0.5558419,c234,c5
19251,2,0.21726616,0.3709381,0.4117957,c234,c5
19252,1,0.28765622,0.45243627,0.25990745,c234,c234
19253,5,0.38931188,0.43814278,0.17254534,c1,c234
19254,3,0.03679759,0.09572573,0.8674767,c5,c5
19255,1,0.19082858,0.26142144,0.54775,c1,c5
19256,2,0.23112981,0.4144548,0.35441542,c234,c234
19257,4,0.39148557,0.3008961,0.30761832,c1,c1
19258,3,0.48958746,0.3877686,0.122643985,c234,c1
19259,5,0.3748805,0.35828158,0.26683795,c1,c1
19260,4,0.40017536,0.40213412,0.1976905,c5,c234
19261,1,0.063635215,0.24618231,0.6901825,c5,c5
19262,4,0.23404512,0.513077,0.25287783,c1,c234
19263,2,0.04687252,0.19664332,0.75648415,c234,c5
19264,2,0.72638214,0.21113135,0.06248654,c1,c1
19265,1,0.11445786,0.33789203,0.54765004,c234,c5
19266,3,0.4161371,0.45160228,0.13226064,c1,c234
19267,5,0.6805483,0.22207735,0.09737435,c1,c1
19268,1,0.15966544,0.4391317,0.40120292,c5,c234
19269,1,0.5102278,0.37156308,0.118209094,c234,c1
19270,2,0.060191408,0.29332167,0.64648694,c5,c5
19271,5,0.5326491,0.2751902,0.19216065,c5,c1
19272,2,0.5208158,0.3921259,0.0870583,c1,c1
19273,1,0.13556334,0.54380953,0.3206271,c234,c234
19274,2,0.409219,0.23805517,0.35272577,c5,c1
19275,3,0.10867313,0.34586877,0.545458,c234,c5
19276,5,0.64442366,0.25519446,0.10038185,c1,c1
19277,2,0.055556092,0.15317076,0.7912732,c5,c5
19278,5,0.2277939,0.40479973,0.3674064,c1,c234
19279,4,0.19792296,0.48380244,0.31827456,c1,c234
19280,2,0.09842657,0.20420168,0.6973717,c234,c5
19281,4,0.29877,0.4576042,0.2436258,c5,c234
19282,2,0.6188292,0.27734938,0.10382149,c1,c1
19283,2,0.46170792,0.36706522,0.17122683,c5,c1
19284,4,0.42233098,0.27062145,0.30704755,c5,c1
19285,4,0.22385573,0.30090925,0.47523502,c5,c5
19286,2,0.3459519,0.4953113,0.15873672,c5,c234
19287,2,0.43198028,0.28350717,0.28451258,c5,c1
19288,1,0.7486509,0.20353615,0.047812935,c1,c1
19289,2,0.3466937,0.26867783,0.38462842,c5,c5
19290,1,0.3752312,0.4644246,0.16034418,c5,c234
19291,5,0.46136314,0.33360803,0.20502879,c234,c1
19292,1,0.08513071,0.3921058,0.52276355,c234,c5
19293,3,0.33604926,0.46796632,0.1959844,c5,c234
19294,1,0.42302006,0.43358064,0.14339922,c234,c234
19295,1,0.31068906,0.51024264,0.17906828,c1,c234
19296,2,0.65248156,0.2830716,0.06444688,c1,c1
19297,3,0.09596382,0.2310498,0.6729864,c5,c5
19298,2,0.5318847,0.3282426,0.13987277,c1,c1
19299,4,0.10000453,0.41939336,0.48060212,c234,c5
19300,1,0.762502,0.18788843,0.04960955,c234,c1
19301,2,0.66814446,0.2541336,0.077721916,c234,c1
19302,5,0.4106846,0.41319886,0.17611651,c234,c234
19303,1,0.088710375,0.37157473,0.5397149,c1,c5
19304,3,0.33711028,0.31947657,0.34341317,c1,c5
19305,1,0.29275757,0.39406863,0.3131738,c234,c234
19306,1,0.17901258,0.32015845,0.500829,c5,c5
19307,3,0.10842751,0.34787852,0.54369396,c1,c5
19308,2,0.23969543,0.29607472,0.46422988,c5,c5
19309,3,0.3435128,0.30237287,0.35411435,c5,c5
19310,4,0.6010911,0.3107779,0.088131025,c1,c1
19311,5,0.20103036,0.50489694,0.2940727,c234,c234
19312,1,0.5636402,0.27503183,0.16132799,c1,c1
19313,2,0.24456048,0.46205926,0.29338023,c5,c234
19314,4,0.1526292,0.31981975,0.5275511,c234,c5
19315,3,0.16621792,0.36863557,0.46514648,c1,c5
19316,1,0.10721805,0.31907964,0.57370234,c234,c5
19317,1,0.1783137,0.35713878,0.46454754,c234,c5
19318,1,0.13363859,0.30344716,0.56291425,c5,c5
19319,5,0.15987997,0.50909084,0.33102918,c234,c234
19320,1,0.06801654,0.25569096,0.6762926,c234,c5
19321,4,0.21226983,0.31908292,0.46864727,c5,c5
19322,1,0.045342546,0.22215094,0.7325066,c1,c5
19323,5,0.100013345,0.27950314,0.62048346,c1,c5
19324,1,0.0654761,0.21107578,0.7234481,c234,c5
19325,2,0.21632785,0.4249995,0.3586727,c234,c234
19326,2,0.0678962,0.16935752,0.7627462,c5,c5
19327,1,0.23417751,0.3120579,0.45376453,c234,c5
19328,5,0.266884,0.36036128,0.3727547,c234,c5
19329,3,0.32550812,0.34412003,0.3303719,c5,c234
19330,3,0.07251854,0.2754249,0.6520566,c5,c5
19331,3,0.31446135,0.44721258,0.23832603,c1,c234
19332,1,0.14200453,0.49154732,0.36644816,c234,c234
19333,3,0.50141937,0.27990073,0.21867986,c1,c1
19334,3,0.26535815,0.24038312,0.49425876,c234,c5
19335,3,0.36640584,0.27578536,0.35780883,c234,c1
19336,4,0.5959256,0.33596122,0.06811317,c1,c1
19337,3,0.34810793,0.40140405,0.25048798,c1,c234
19338,5,0.51650465,0.358822,0.124673404,c1,c1
19339,5,0.3785793,0.43446735,0.18695335,c234,c234
19340,4,0.17164162,0.41094348,0.41741487,c5,c5
19341,4,0.3091416,0.48184216,0.20901616,c1,c234
19342,3,0.22159888,0.40788132,0.37051982,c1,c234
19343,2,0.26763535,0.4628277,0.26953694,c1,c234
19344,1,0.39503664,0.3820656,0.22289771,c234,c1
19345,5,0.050953865,0.125889,0.8231572,c5,c5
19346,2,0.51400286,0.3535059,0.13249117,c234,c1
19347,1,0.100223176,0.39253822,0.5072386,c5,c5
19348,4,0.087185115,0.33421472,0.57860017,c5,c5
19349,4,0.33698064,0.41943678,0.24358253,c234,c234
19350,2,0.68180007,0.22907242,0.08912755,c234,c1
19351,1,0.2223993,0.40845618,0.36914456,c5,c234
19352,1,0.07188023,0.24480578,0.68331397,c5,c5
19353,3,0.2622915,0.44027555,0.29743296,c5,c234
19354,3,0.43682703,0.34871554,0.2144575,c1,c1
19355,4,0.4602205,0.27504513,0.26473445,c5,c1
19356,5,0.66743743,0.26131642,0.07124616,c1,c1
19357,2,0.12407318,0.27936438,0.5965625,c234,c5
19358,3,0.2805597,0.36273897,0.35670134,c234,c234
19359,1,0.094675906,0.29455605,0.6107681,c5,c5
19360,4,0.68225926,0.24434122,0.07339953,c5,c1
19361,5,0.26732388,0.29533672,0.43733937,c5,c5
19362,2,0.32694358,0.291287,0.38176945,c5,c5
19363,2,0.22091658,0.3838122,0.39527127,c5,c5
19364,5,0.33954954,0.3260835,0.33436692,c234,c1
19365,1,0.17142224,0.36020866,0.46836913,c234,c5
19366,4,0.27440912,0.4256622,0.29992864,c1,c234
19367,5,0.47371003,0.37227345,0.15401657,c1,c1
19368,2,0.14424372,0.27144715,0.5843091,c5,c5
19369,4,0.041116618,0.19658789,0.7622955,c234,c5
19370,4,0.37808904,0.4322131,0.18969783,c1,c234
19371,4,0.650804,0.25872186,0.090474136,c1,c1
19372,5,0.22707911,0.3223114,0.4506095,c234,c5
19373,2,0.17108132,0.50406516,0.32485354,c5,c234
19374,5,0.14242384,0.46471512,0.39286098,c1,c234
19375,4,0.62408787,0.30613032,0.0697818,c1,c1
19376,1,0.563662,0.33011833,0.10621969,c1,c1
19377,2,0.36124468,0.3525858,0.28616953,c5,c1
19378,5,0.2440613,0.38424367,0.37169507,c5,c234
19379,2,0.6503741,0.28318602,0.0664399,c234,c1
19380,5,0.11777821,0.3947592,0.48746252,c234,c5
19381,1,0.6463026,0.24813984,0.10555753,c1,c1
19382,5,0.110770114,0.2033523,0.68587756,c5,c5
19383,2,0.2298386,0.31279367,0.4573677,c234,c5
19384,5,0.41128168,0.41148254,0.17723587,c1,c234
19385,2,0.21705993,0.39352486,0.3894152,c5,c234
19386,2,0.389169,0.32659498,0.28423598,c5,c1
19387,4,0.49305657,0.366677,0.14026645,c1,c1
19388,3,0.35678056,0.42021066,0.22300881,c234,c234
19389,2,0.5465362,0.2746815,0.1787823,c1,c1
19390,4,0.25301808,0.37631765,0.37066433,c5,c234
19391,2,0.24333318,0.4793985,0.27726835,c1,c234
19392,5,0.49682048,0.35415256,0.14902696,c1,c1
19393,1,0.22243734,0.51328284,0.26427987,c234,c234
19394,4,0.2713845,0.46503416,0.2635813,c5,c234
19395,1,0.08375798,0.2685977,0.6476443,c1,c5
19396,4,0.088480644,0.34460643,0.5669129,c5,c5
19397,5,0.3959795,0.3974323,0.20658827,c234,c234
19398,2,0.37813446,0.38259178,0.23927373,c1,c234
19399,1,0.18676743,0.4537559,0.35947666,c5,c234
19400,3,0.057268742,0.2538564,0.6888749,c5,c5
19401,2,0.6240623,0.22807132,0.14786635,c234,c1
19402,5,0.13519055,0.4074657,0.45734373,c1,c5
19403,2,0.09311702,0.25386095,0.65302205,c234,c5
19404,5,0.08336949,0.30450654,0.61212397,c5,c5
19405,3,0.47229668,0.2835747,0.24412861,c5,c1
19406,3,0.13009651,0.33695075,0.5329527,c234,c5
19407,5,0.15409806,0.32140332,0.52449864,c5,c5
19408,1,0.38784018,0.3490424,0.26311743,c1,c1
19409,4,0.33006197,0.5028238,0.16711418,c5,c234
19410,5,0.5174077,0.23653977,0.24605252,c234,c1
19411,4,0.3603765,0.38837773,0.25124574,c5,c234
19412,5,0.4204918,0.3409406,0.23856755,c5,c1
19413,5,0.66461897,0.2632481,0.07213294,c1,c1
19414,3,0.5812639,0.32001925,0.09871685,c1,c1
19415,3,0.48676622,0.36557376,0.14766008,c5,c1
19416,3,0.59931654,0.29679185,0.10389165,c1,c1
19417,4,0.14711867,0.22342734,0.629454,c5,c5
19418,5,0.10172632,0.3443038,0.55396986,c1,c5
19419,1,0.29324546,0.39197043,0.31478414,c5,c234
19420,1,0.11483464,0.38292485,0.5022405,c5,c5
19421,5,0.05017015,0.2415203,0.7083096,c5,c5
19422,4,0.13746415,0.40314284,0.45939305,c5,c5
19423,5,0.107153095,0.2922696,0.6005773,c234,c5
19424,2,0.24777856,0.3723231,0.37989834,c5,c5
19425,3,0.09116408,0.3402074,0.5686285,c234,c5
19426,5,0.45476905,0.34298447,0.20224646,c234,c1
19427,5,0.39577046,0.26946405,0.33476546,c234,c1
19428,5,0.26945144,0.22530007,0.5052485,c1,c5
19429,3,0.26421028,0.46495044,0.27083927,c234,c234
19430,4,0.20288928,0.42941174,0.36769906,c234,c234
19431,5,0.13768782,0.24944218,0.61287004,c5,c5
19432,1,0.10798815,0.4183295,0.47368237,c5,c5
19433,4,0.04168186,0.22952193,0.7287962,c234,c5
19434,3,0.44872567,0.43886638,0.11240792,c5,c1
19435,5,0.3337105,0.3795772,0.28671232,c234,c234
19436,4,0.2627777,0.47085977,0.2663625,c5,c234
19437,4,0.6051654,0.29880252,0.096032,c1,c1
19438,2,0.43987688,0.37263572,0.18748741,c5,c1
19439,5,0.15714377,0.33385316,0.5090031,c5,c5
19440,3,0.6633979,0.2553727,0.0812294,c234,c1
19441,4,0.20044388,0.37810728,0.42144886,c5,c5
19442,2,0.12328716,0.28595224,0.5907606,c5,c5
19443,5,0.3153029,0.2721069,0.41259015,c5,c5
19444,3,0.49178132,0.38424063,0.12397803,c1,c1
19445,5,0.39577046,0.26946405,0.33476546,c1,c1
19446,4,0.25108743,0.3911294,0.35778317,c234,c234
19447,3,0.52507395,0.26499245,0.20993358,c5,c1
19448,5,0.34173003,0.40904722,0.24922279,c5,c234
19449,1,0.5958146,0.30711117,0.09707427,c1,c1
19450,4,0.38897738,0.3995651,0.21145752,c234,c234
19451,2,0.2075373,0.29094687,0.50151587,c5,c5
19452,2,0.073134206,0.18025921,0.7466066,c5,c5
19453,4,0.3003639,0.3947004,0.30493566,c5,c234
19454,5,0.18055779,0.32187903,0.49756324,c234,c5
19455,1,0.762502,0.18788843,0.04960955,c234,c1
19456,1,0.19082858,0.26142144,0.54775,c1,c5
19457,2,0.23778757,0.4581238,0.30408856,c1,c234
19458,5,0.10657334,0.29580706,0.59761965,c5,c5
19459,2,0.13850036,0.27782154,0.58367807,c234,c5
19460,2,0.07369478,0.24163592,0.6846693,c5,c5
19461,2,0.23453514,0.2669499,0.498515,c1,c5
19462,4,0.10398738,0.24039471,0.6556179,c234,c5
19463,2,0.082474194,0.23235168,0.6851741,c5,c5
19464,4,0.08870485,0.35066321,0.5606319,c5,c5
19465,4,0.2283353,0.43585065,0.335814,c5,c234
19466,5,0.14747596,0.4986612,0.3538628,c5,c234
19467,3,0.26787215,0.52498066,0.20714723,c5,c234
19468,5,0.10420775,0.3319,0.5638922,c234,c5
19469,5,0.3153144,0.43516,0.24952558,c234,c234
19470,2,0.49410626,0.3874972,0.118396565,c234,c1
19471,3,0.17766227,0.547773,0.27456474,c5,c234
19472,3,0.10011815,0.2880793,0.6118025,c5,c5
19473,2,0.60122836,0.30861816,0.09015351,c1,c1
19474,2,0.44984934,0.43430912,0.11584155,c234,c1
19475,4,0.6163467,0.26584896,0.117804274,c1,c1
19476,5,0.7904146,0.15983929,0.049746126,c1,c1
19477,3,0.6101632,0.2554741,0.1343627,c1,c1
19478,2,0.21272695,0.4240404,0.36323264,c234,c234
19479,2,0.46689478,0.25119534,0.28190985,c234,c1
19480,2,0.46694514,0.3578445,0.17521034,c1,c1
19481,5,0.025000721,0.10904985,0.86594945,c5,c5
19482,2,0.11756845,0.3430312,0.5394004,c5,c5
19483,1,0.20567156,0.5964395,0.19788899,c234,c234
19484,1,0.3381842,0.31956163,0.34225416,c1,c5
19485,4,0.4126349,0.40160283,0.18576224,c1,c1
19486,1,0.59880817,0.24725491,0.15393692,c234,c1
19487,4,0.68289614,0.2530239,0.06407997,c234,c1
19488,2,0.28570998,0.3155821,0.39870796,c1,c5
19489,5,0.3153029,0.2721069,0.41259015,c234,c5
19490,4,0.07779209,0.20858943,0.7136184,c1,c5
19491,3,0.3918386,0.3012226,0.3069388,c1,c1
19492,5,0.5495829,0.30443615,0.14598094,c234,c1
19493,3,0.17310187,0.49239954,0.33449858,c1,c234
19494,1,0.22696142,0.25881866,0.51421994,c5,c5
19495,2,0.42825195,0.35477343,0.21697456,c1,c1
19496,3,0.094218425,0.3510053,0.5547763,c234,c5
19497,5,0.10406156,0.45114082,0.44479764,c1,c234
19498,2,0.08812303,0.395519,0.51635796,c5,c5
19499,5,0.09712264,0.23461187,0.66826546,c5,c5
19500,1,0.27654922,0.41537765,0.3080731,c1,c234
19501,1,0.12519647,0.3253698,0.5494337,c5,c5
19502,5,0.15729852,0.5406459,0.30205563,c5,c234
19503,3,0.15869175,0.27814746,0.56316084,c234,c5
19504,1,0.20063192,0.29052684,0.5088412,c5,c5
19505,5,0.455722,0.34606078,0.19821721,c1,c1
19506,5,0.5834853,0.29878005,0.11773464,c1,c1
19507,3,0.117238306,0.28124008,0.6015217,c1,c5
19508,2,0.057961814,0.15276496,0.7892732,c5,c5
19509,5,0.47097155,0.28730232,0.24172617,c234,c1
19510,1,0.262673,0.34684014,0.39048684,c1,c5
19511,4,0.35632297,0.32095456,0.32272246,c1,c1
19512,4,0.3868392,0.4517643,0.16139644,c5,c234
19513,5,0.20005774,0.37992105,0.42002124,c1,c5
19514,2,0.07401489,0.25982377,0.66616136,c234,c5
19515,4,0.24584533,0.4345377,0.31961697,c234,c234
19516,2,0.30716157,0.50945044,0.183388,c234,c234
19517,5,0.21115497,0.50907594,0.27976906,c5,c234
19518,4,0.27070075,0.36631885,0.36298043,c234,c234
19519,4,0.04968968,0.2398213,0.7104891,c5,c5
19520,4,0.53581816,0.32910213,0.13507971,c5,c1
19521,1,0.3787916,0.27875844,0.34244996,c1,c1
19522,3,0.24081174,0.3131207,0.4460676,c1,c5
19523,1,0.42614442,0.36677694,0.20707865,c5,c1
19524,2,0.36678174,0.33466256,0.29855567,c5,c1
19525,5,0.3393481,0.4178641,0.24278773,c1,c234
19526,4,0.34105095,0.38432086,0.27462822,c234,c234
19527,5,0.34555554,0.48630118,0.16814327,c1,c234
19528,4,0.4636008,0.3334711,0.20292816,c234,c1
19529,4,0.14937842,0.35939154,0.49123,c234,c5
19530,2,0.1347155,0.39162466,0.4736598,c5,c5
19531,3,0.11592745,0.2944813,0.5895912,c5,c5
19532,3,0.66799825,0.22594716,0.106054544,c1,c1
19533,5,0.19243862,0.59667283,0.21088858,c234,c234
19534,1,0.565039,0.353161,0.08180002,c234,c1
19535,1,0.58214533,0.32901466,0.08884003,c1,c1
19536,5,0.22277866,0.46995583,0.30726543,c234,c234
19537,5,0.12600198,0.35807094,0.51592714,c5,c5
19538,5,0.16541983,0.433277,0.40130314,c1,c234
19539,4,0.07447694,0.26559538,0.6599276,c234,c5
19540,5,0.3368767,0.45392627,0.20919703,c1,c234
19541,2,0.05820875,0.2697466,0.67204463,c5,c5
19542,2,0.5076929,0.36922097,0.123086154,c1,c1
19543,1,0.4162848,0.39979997,0.18391526,c5,c1
19544,5,0.5502915,0.32583797,0.12387056,c1,c1
19545,4,0.12300429,0.27655226,0.6004434,c1,c5
19546,4,0.2474767,0.5036531,0.24887024,c1,c234
19547,2,0.7019737,0.21471803,0.0833083,c1,c1
19548,2,0.52589357,0.30412245,0.169984,c234,c1
19549,5,0.39577046,0.26946405,0.33476546,c234,c1
19550,2,0.42642948,0.38344064,0.19012994,c5,c1
19551,1,0.29929253,0.37475592,0.32595152,c5,c234
19552,2,0.19525036,0.24730967,0.55744,c234,c5
19553,1,0.60623294,0.3094068,0.08436025,c234,c1
19554,1,0.69639665,0.23280852,0.07079487,c234,c1
19555,3,0.10908004,0.34261698,0.548303,c1,c5
19556,1,0.26011303,0.51170695,0.22818004,c1,c234
19557,2,0.5379061,0.26221853,0.19987534,c234,c1
19558,4,0.05169727,0.23044999,0.71785265,c1,c5
19559,5,0.055962466,0.20759608,0.7364414,c5,c5
19560,1,0.5149222,0.28877467,0.19630319,c234,c1
19561,2,0.18128613,0.26479405,0.55391985,c5,c5
19562,2,0.676617,0.2046507,0.118732266,c1,c1
19563,4,0.24109866,0.27724892,0.4816525,c234,c5
19564,2,0.1510931,0.4449555,0.40395144,c234,c234
19565,2,0.64336747,0.27681026,0.07982223,c1,c1
19566,5,0.5947198,0.27778846,0.12749171,c1,c1
19567,5,0.1626353,0.53196025,0.30540448,c234,c234
19568,3,0.079109296,0.26174313,0.6591476,c5,c5
19569,5,0.119070984,0.23377083,0.6471582,c5,c5
19570,2,0.39712656,0.26441416,0.3384593,c5,c1
19571,4,0.12585378,0.4090476,0.46509868,c5,c5
19572,1,0.4582531,0.37946486,0.16228203,c234,c1
19573,4,0.40909258,0.39332446,0.19758292,c1,c1
19574,2,0.62096006,0.3095061,0.06953385,c234,c1
19575,2,0.15461925,0.22709425,0.61828655,c234,c5
19576,1,0.1865238,0.34774995,0.4657262,c5,c5
19577,4,0.45660073,0.34196767,0.2014316,c1,c1
19578,4,0.061749607,0.33849308,0.5997573,c5,c5
19579,2,0.52645206,0.35547683,0.118071124,c1,c1
19580,5,0.20611572,0.37578744,0.41809687,c5,c5
19581,5,0.37370414,0.27304092,0.3532549,c234,c1
19582,3,0.28859076,0.34981078,0.3615985,c5,c5
19583,3,0.5234701,0.33180496,0.144725,c234,c1
19584,4,0.4126349,0.40160283,0.18576224,c1,c1
19585,3,0.075257555,0.30590054,0.61884195,c1,c5
19586,2,0.14850476,0.39674076,0.4547545,c234,c5
19587,4,0.4126349,0.40160283,0.18576224,c5,c1
19588,3,0.062597305,0.26704198,0.67036074,c5,c5
19589,3,0.28806552,0.50261706,0.20931746,c234,c234
19590,3,0.17548345,0.5193124,0.30520418,c234,c234
19591,2,0.22330257,0.31112438,0.465573,c5,c5
19592,1,0.30812213,0.30550048,0.3863774,c1,c5
19593,2,0.1405815,0.37255946,0.4868591,c5,c5
19594,2,0.30084902,0.42125905,0.27789196,c234,c234
19595,1,0.05411091,0.16611475,0.7797743,c5,c5
19596,4,0.035089474,0.1817248,0.7831858,c5,c5
19597,3,0.62418574,0.2320484,0.1437659,c1,c1
19598,3,0.04918766,0.16850767,0.7823047,c5,c5
19599,4,0.25242928,0.49957025,0.24800053,c234,c234
19600,3,0.08641106,0.2812977,0.6322912,c5,c5
19601,4,0.22146443,0.31459156,0.46394402,c5,c5
19602,4,0.50488776,0.36807844,0.12703381,c1,c1
19603,3,0.044257544,0.20645137,0.749291,c5,c5
19604,3,0.30448288,0.41052753,0.28498963,c234,c234
19605,4,0.2366169,0.39231205,0.37107104,c1,c234
19606,1,0.14435302,0.40356514,0.4520819,c1,c5
19607,1,0.4825874,0.4216402,0.0957724,c234,c1
19608,5,0.15570155,0.2395124,0.604786,c5,c5
19609,3,0.44588792,0.37941462,0.1746975,c5,c1
19610,5,0.4386835,0.3669367,0.19437969,c1,c1
19611,5,0.031758655,0.12646951,0.8417719,c5,c5
19612,1,0.49279842,0.2956135,0.21158805,c234,c1
19613,5,0.19140068,0.31660816,0.4919912,c5,c5
19614,4,0.4026039,0.30341947,0.29397655,c234,c1
19615,4,0.58604515,0.3118167,0.10213817,c1,c1
19616,5,0.48949927,0.32763287,0.18286787,c1,c1
19617,5,0.1720699,0.2408297,0.5871003,c234,c5
19618,4,0.08359952,0.25206208,0.66433835,c234,c5
19619,2,0.1681303,0.5129702,0.3188995,c1,c234
19620,2,0.2917161,0.46348,0.24480394,c234,c234
19621,4,0.34126732,0.3450899,0.31364274,c1,c234
19622,1,0.43137988,0.44812626,0.12049382,c234,c234
19623,2,0.40478882,0.36070848,0.2345027,c1,c1
19624,1,0.16882756,0.33204466,0.49912784,c5,c5
19625,4,0.36368504,0.3518293,0.28448564,c234,c1
19626,1,0.07429688,0.2327383,0.69296473,c1,c5
19627,5,0.4070693,0.36946633,0.22346435,c234,c1
19628,4,0.5856977,0.32758552,0.08671679,c234,c1
19629,3,0.1709508,0.3601401,0.4689091,c234,c5
19630,5,0.21754871,0.52828175,0.2541695,c234,c234
19631,5,0.27862895,0.538976,0.18239506,c5,c234
19632,3,0.53516567,0.34898365,0.11585078,c5,c1
19633,4,0.6652792,0.24146344,0.09325737,c1,c1
19634,2,0.6409823,0.28342906,0.07558868,c1,c1
19635,2,0.48651695,0.36942294,0.14406013,c234,c1
19636,1,0.5905559,0.2440857,0.16535836,c234,c1
19637,5,0.48925543,0.3599186,0.15082599,c1,c1
19638,4,0.03906815,0.17546038,0.78547144,c5,c5
19639,5,0.50932175,0.309561,0.18111722,c1,c1
19640,2,0.21352138,0.3376429,0.4488357,c234,c5
19641,4,0.6697766,0.25108463,0.0791387,c1,c1
19642,1,0.35330218,0.42746302,0.21923478,c234,c234
19643,4,0.2018474,0.3990763,0.3990763,c234,c234
19644,5,0.6095233,0.27505246,0.11542427,c234,c1
19645,4,0.22325657,0.39562437,0.38111904,c5,c234
19646,2,0.615668,0.28289023,0.1014418,c5,c1
19647,3,0.16403702,0.35641405,0.47954896,c5,c5
19648,1,0.7794622,0.15754753,0.0629902,c1,c1
19649,3,0.55855596,0.33857462,0.10286941,c1,c1
19650,5,0.14625673,0.22705978,0.6266835,c5,c5
19651,3,0.15462117,0.4629679,0.38241085,c234,c234
19652,1,0.21180595,0.3310687,0.45712537,c1,c5
19653,4,0.198851,0.38264087,0.41850817,c5,c5
19654,2,0.40398455,0.38765544,0.20835999,c1,c1
19655,4,0.12694976,0.26086584,0.61218446,c5,c5
19656,1,0.40315813,0.31172666,0.2851152,c234,c1
19657,5,0.41310787,0.4198183,0.16707376,c1,c234
19658,5,0.12030492,0.44199523,0.43769985,c234,c234
19659,4,0.15444358,0.5059067,0.3396497,c234,c234
19660,3,0.43814805,0.4205407,0.14131127,c1,c1
19661,5,0.12521265,0.31826195,0.55652535,c5,c5
19662,4,0.16759314,0.27749744,0.5549094,c234,c5
19663,1,0.09037882,0.32514897,0.5844722,c5,c5
19664,4,0.35912362,0.32317135,0.317705,c5,c1
19665,4,0.6649905,0.24946895,0.08554062,c1,c1
19666,2,0.3162109,0.3352784,0.3485107,c1,c5
19667,4,0.17003557,0.39893195,0.43103245,c234,c5
19668,3,0.29499316,0.47558817,0.22941862,c5,c234
19669,4,0.16957182,0.30619398,0.52423424,c234,c5
19670,4,0.5729512,0.31608558,0.11096324,c234,c1
19671,5,0.15591286,0.49986413,0.34422293,c1,c234
19672,3,0.7325034,0.1779369,0.089559704,c1,c1
19673,3,0.47542652,0.36664194,0.1579315,c1,c1
19674,4,0.20370264,0.39197665,0.40432063,c5,c5
19675,2,0.14845897,0.38999307,0.46154794,c234,c5
19676,5,0.25475818,0.3416032,0.4036386,c234,c5
19677,2,0.45740688,0.42112583,0.12146737,c234,c1
19678,1,0.23894063,0.29733014,0.4637293,c234,c5
19679,3,0.6627891,0.22027886,0.11693212,c234,c1
19680,4,0.39458278,0.36977234,0.23564492,c5,c1
19681,3,0.65315914,0.27019137,0.07664947,c1,c1
19682,2,0.4817245,0.26655367,0.25172183,c5,c1
19683,2,0.3026819,0.35760552,0.3397126,c5,c234
19684,2,0.46694514,0.3578445,0.17521034,c1,c1
19685,2,0.5764107,0.29634884,0.12724042,c5,c1
19686,4,0.28040692,0.4606229,0.2589702,c1,c234
19687,3,0.31442773,0.33020198,0.35537028,c5,c5
19688,3,0.39624545,0.43418232,0.16957222,c5,c234
19689,3,0.37243462,0.44049904,0.18706629,c234,c234
19690,4,0.39280725,0.38733152,0.21986127,c5,c1
19691,4,0.16157566,0.28699562,0.55142874,c1,c5
19692,1,0.4579395,0.32263362,0.21942693,c234,c1
19693,2,0.5191124,0.35024288,0.13064474,c1,c1
19694,2,0.27197596,0.4249114,0.30311266,c1,c234
19695,3,0.1519779,0.2918386,0.5561835,c5,c5
19696,3,0.11263747,0.39352748,0.4938351,c234,c5
19697,4,0.4126349,0.40160283,0.18576224,c234,c1
19698,3,0.2697378,0.41115046,0.3191117,c1,c234
19699,5,0.28859866,0.28153497,0.4298664,c1,c5
19700,3,0.62855375,0.31153673,0.05990953,c1,c1
19701,4,0.10394226,0.3434027,0.55265504,c234,c5
19702,5,0.22741398,0.47850594,0.2940801,c5,c234
19703,4,0.4126349,0.40160283,0.18576224,c1,c1
19704,4,0.5375488,0.31959707,0.14285415,c5,c1
19705,2,0.24350394,0.27341145,0.48308456,c5,c5
19706,2,0.049252253,0.21559368,0.7351541,c5,c5
19707,1,0.2535993,0.51265997,0.23374073,c234,c234
19708,1,0.10860648,0.26334718,0.62804633,c5,c5
19709,5,0.38101637,0.44949535,0.16948827,c1,c234
19710,3,0.13512097,0.44969207,0.41518703,c234,c234
19711,5,0.23888728,0.3720566,0.38905618,c1,c5
19712,1,0.4198006,0.42651564,0.15368378,c234,c234
19713,2,0.27177653,0.38044623,0.34777722,c1,c234
19714,5,0.20525213,0.43240225,0.3623456,c1,c234
19715,4,0.21145825,0.32667446,0.46186727,c234,c5
19716,5,0.46723747,0.2826683,0.2500942,c234,c1
19717,1,0.12812702,0.35411572,0.5177573,c1,c5
19718,3,0.15228535,0.32646716,0.52124745,c5,c5
19719,5,0.28415295,0.5191401,0.19670692,c1,c234
19720,4,0.22537164,0.31309813,0.46153027,c234,c5
19721,1,0.30238888,0.39366794,0.30394316,c5,c234
19722,5,0.19382985,0.47949928,0.3266709,c1,c234
19723,1,0.116533004,0.38754603,0.49592102,c5,c5
19724,2,0.18329671,0.2887713,0.527932,c5,c5
19725,4,0.23614375,0.3984221,0.36543417,c5,c234
19726,5,0.27693892,0.47623488,0.24682625,c234,c234
19727,1,0.53179115,0.29881808,0.16939071,c1,c1
19728,2,0.23487322,0.443053,0.32207382,c1,c234
19729,1,0.10000342,0.39436415,0.5056324,c234,c5
19730,3,0.04232047,0.1560255,0.80165404,c5,c5
19731,3,0.451898,0.37074688,0.17735507,c5,c1
19732,4,0.1503836,0.4182748,0.4313416,c5,c5
19733,4,0.22601017,0.469897,0.3040928,c234,c234
19734,1,0.5826864,0.2986443,0.1186693,c234,c1
19735,2,0.09086928,0.23044094,0.67868984,c5,c5
19736,1,0.70072925,0.22627488,0.072995864,c234,c1
19737,4,0.22342946,0.3118122,0.46475834,c234,c5
19738,5,0.39757845,0.37201157,0.23040995,c1,c1
19739,5,0.41310787,0.4198183,0.16707376,c1,c234
19740,3,0.13203984,0.3002564,0.5677038,c5,c5
19741,4,0.7159881,0.17774555,0.10626635,c234,c1
19742,1,0.30136642,0.40431565,0.29431793,c1,c234
19743,4,0.36463812,0.37428913,0.26107273,c234,c234
19744,2,0.3128118,0.4427808,0.24440742,c1,c234
19745,4,0.5173839,0.37553462,0.10708146,c5,c1
19746,3,0.58631665,0.27021062,0.14347276,c1,c1
19747,3,0.33968928,0.30056253,0.3597482,c234,c5
19748,1,0.06988221,0.30969274,0.6204251,c5,c5
19749,4,0.18409634,0.33051902,0.4853846,c5,c5
19750,4,0.3206456,0.46439168,0.21496272,c234,c234
19751,5,0.5379612,0.34484127,0.11719752,c234,c1
19752,1,0.36087793,0.312638,0.32648402,c5,c1
19753,2,0.22704242,0.247447,0.52551055,c5,c5
19754,5,0.14057283,0.3504787,0.5089485,c5,c5
19755,5,0.097848125,0.24256107,0.65959084,c234,c5
19756,5,0.11356055,0.33344722,0.5529922,c234,c5
19757,3,0.099259995,0.2782796,0.6224604,c5,c5
19758,2,0.6409823,0.28342906,0.07558868,c1,c1
19759,3,0.4092356,0.37339443,0.21736993,c1,c1
19760,4,0.10667654,0.22075094,0.6725725,c5,c5
19761,3,0.26011264,0.2930242,0.44686314,c1,c5
19762,2,0.74832267,0.17014195,0.08153541,c234,c1
19763,5,0.18191026,0.41074255,0.40734714,c1,c234
19764,1,0.7393875,0.21117325,0.049439218,c1,c1
19765,1,0.37193146,0.29490522,0.33316332,c5,c1
19766,1,0.09515837,0.19133556,0.71350604,c234,c5
19767,2,0.14239994,0.3552075,0.50239253,c5,c5
19768,3,0.14287308,0.43442237,0.42270455,c234,c234
19769,2,0.18169679,0.28400576,0.5342974,c1,c5
19770,5,0.2334379,0.33499715,0.43156493,c5,c5
19771,5,0.13057195,0.26123118,0.60819685,c5,c5
19772,2,0.27780098,0.38317782,0.3390212,c1,c234
19773,2,0.14632179,0.31425747,0.5394207,c1,c5
19774,4,0.11219019,0.30795732,0.57985246,c234,c5
19775,1,0.0925864,0.27624327,0.63117033,c5,c5
19776,4,0.08059643,0.20035358,0.71905005,c5,c5
19777,2,0.6550036,0.27327952,0.07171691,c234,c1
19778,2,0.30486822,0.44138628,0.25374547,c5,c234
19779,5,0.5690495,0.3057637,0.12518682,c1,c1
19780,1,0.42355835,0.3647849,0.21165672,c234,c1
19781,4,0.20876782,0.33121592,0.4600162,c5,c5
19782,3,0.33251747,0.42140752,0.24607503,c234,c234
19783,2,0.54177886,0.31723428,0.14098684,c5,c1
19784,3,0.4118614,0.41844943,0.16968915,c1,c234
19785,2,0.34165388,0.40841353,0.24993262,c5,c234
19786,5,0.11708215,0.2742253,0.6086925,c234,c5
19787,5,0.036461815,0.17321856,0.7903196,c234,c5
19788,3,0.5838848,0.32005107,0.09606414,c1,c1
19789,5,0.3287779,0.42583397,0.24538809,c1,c234
19790,3,0.39484227,0.3354052,0.26975253,c234,c1
19791,3,0.32271582,0.47174627,0.20553796,c234,c234
19792,1,0.39766812,0.43140125,0.17093056,c234,c234
19793,4,0.46671388,0.32749358,0.20579256,c234,c1
19794,5,0.44539756,0.36879706,0.18580537,c5,c1
19795,3,0.2413943,0.39253974,0.36606598,c5,c234
19796,5,0.50516486,0.3330591,0.16177605,c5,c1
19797,4,0.42846736,0.39646107,0.17507161,c234,c1
19798,1,0.13644548,0.48256168,0.38099286,c234,c234
19799,3,0.1110787,0.27897924,0.609942,c5,c5
19800,1,0.38166392,0.29094,0.327396,c1,c1
19801,1,0.37906453,0.30017602,0.32075942,c5,c1
19802,4,0.1659187,0.4214186,0.4126627,c5,c234
19803,5,0.53222495,0.36884147,0.09893361,c5,c1
19804,4,0.64890194,0.25770608,0.09339195,c234,c1
19805,1,0.089244746,0.22203182,0.6887234,c1,c5
19806,5,0.088258855,0.30416754,0.60757357,c234,c5
19807,2,0.444166,0.4291363,0.12669767,c5,c1
19808,5,0.6031024,0.31077278,0.086124845,c5,c1
19809,3,0.35576567,0.4255879,0.21864642,c234,c234
19810,3,0.20140095,0.47344416,0.3251549,c5,c234
19811,5,0.58901495,0.26379383,0.14719126,c1,c1
19812,5,0.117659375,0.45635113,0.42598954,c1,c234
19813,4,0.5332434,0.31020397,0.15655261,c234,c1
19814,5,0.29633746,0.45209512,0.2515674,c1,c234
19815,1,0.0904676,0.27601916,0.6335132,c234,c5
19816,4,0.05653249,0.1744089,0.7690586,c5,c5
19817,3,0.51484317,0.31173497,0.17342195,c234,c1
19818,5,0.10559875,0.39842823,0.49597302,c5,c5
19819,5,0.20118682,0.33081138,0.46800184,c234,c5
19820,3,0.13203984,0.3002564,0.5677038,c5,c5
19821,3,0.7497761,0.16860981,0.08161403,c1,c1
19822,2,0.3229341,0.26410255,0.4129634,c5,c5
19823,4,0.7359263,0.20676826,0.05730544,c5,c1
19824,3,0.045071755,0.18285756,0.77207065,c1,c5
19825,5,0.07438509,0.26650116,0.65911376,c5,c5
19826,1,0.47566897,0.32897386,0.19535719,c1,c1
19827,5,0.1215446,0.44437465,0.43408072,c1,c234
19828,1,0.06969378,0.35749486,0.57281137,c234,c5
19829,3,0.2086493,0.4086152,0.38273552,c1,c234
19830,3,0.15816109,0.37034836,0.4714906,c234,c5
19831,5,0.29537243,0.5028442,0.20178334,c234,c234
19832,1,0.5858014,0.30294096,0.11125757,c1,c1
19833,5,0.232579,0.46389562,0.30352542,c5,c234
19834,4,0.20108575,0.39112005,0.4077942,c234,c5
19835,3,0.07659816,0.3290918,0.59431005,c234,c5
19836,5,0.13399673,0.4277162,0.438287,c234,c5
19837,2,0.49641752,0.29033643,0.21324605,c5,c1
19838,2,0.47515458,0.37227082,0.15257463,c234,c1
19839,2,0.5483671,0.35615474,0.09547821,c1,c1
19840,2,0.51465255,0.333402,0.15194541,c234,c1
19841,2,0.08934902,0.34952107,0.56113,c1,c5
19842,2,0.22511278,0.38763282,0.38725445,c234,c234
19843,5,0.0784561,0.17060205,0.7509419,c1,c5
19844,4,0.54969543,0.31460562,0.13569891,c234,c1
19845,1,0.34067264,0.31652716,0.34280017,c234,c5
19846,3,0.23197977,0.3666075,0.40141267,c234,c5
19847,2,0.49215266,0.35971513,0.14813223,c1,c1
19848,3,0.15492609,0.47546154,0.36961243,c5,c234
19849,5,0.3572168,0.32700124,0.31578195,c234,c1
19850,5,0.3004534,0.39207143,0.3074752,c5,c234
19851,4,0.42233098,0.27062145,0.30704755,c1,c1
19852,2,0.2710262,0.29976982,0.429204,c234,c5
19853,3,0.51686496,0.34564334,0.13749161,c1,c1
19854,3,0.3225648,0.51155895,0.16587625,c234,c234
19855,4,0.47775078,0.36634895,0.15590021,c1,c1
19856,3,0.07533263,0.27958736,0.64508,c5,c5
19857,1,0.06120579,0.29349738,0.6452969,c234,c5
19858,1,0.15880138,0.49611828,0.34508035,c234,c234
19859,5,0.07128472,0.25764796,0.6710673,c234,c5
19860,4,0.15028256,0.26683465,0.5828827,c5,c5
19861,5,0.027036369,0.0750152,0.8979484,c5,c5
19862,1,0.11046419,0.3385963,0.5509395,c234,c5
19863,3,0.55057967,0.3431536,0.10626672,c1,c1
19864,2,0.35487568,0.4794357,0.16568856,c234,c234
19865,2,0.24606098,0.47388983,0.28004926,c1,c234
19866,5,0.112543315,0.33995286,0.5475038,c5,c5
19867,3,0.092149116,0.26820922,0.6396416,c5,c5
19868,5,0.300707,0.3113646,0.3879284,c5,c5
19869,1,0.10925715,0.37305716,0.5176857,c1,c5
19870,5,0.26446196,0.5185346,0.21700339,c5,c234
19871,5,0.11445033,0.2443855,0.6411641,c5,c5
19872,5,0.10487994,0.26906553,0.62605447,c5,c5
19873,2,0.5155643,0.37293705,0.11149861,c1,c1
19874,3,0.5013565,0.34891543,0.14972813,c1,c1
19875,2,0.4945906,0.36833456,0.13707487,c1,c1
19876,4,0.14893717,0.29579946,0.55526334,c5,c5
19877,4,0.07920726,0.34347317,0.5773196,c234,c5
19878,1,0.51194763,0.26527092,0.22278142,c5,c1
19879,4,0.27828002,0.48809865,0.23362124,c1,c234
19880,4,0.2367135,0.37633267,0.3869539,c1,c5
19881,5,0.14973189,0.46369055,0.38657758,c1,c234
19882,2,0.5985967,0.33029413,0.07110921,c5,c1
19883,2,0.2739198,0.3626191,0.3634611,c5,c5
19884,2,0.38088652,0.4069888,0.21212472,c234,c234
19885,4,0.6057809,0.30591932,0.088299744,c234,c1
19886,3,0.095817804,0.24296054,0.6612217,c234,c5
19887,4,0.34126732,0.3450899,0.31364274,c1,c234
19888,2,0.3593403,0.28057286,0.3600868,c5,c5
19889,1,0.17708206,0.2968237,0.52609426,c234,c5
19890,3,0.22462244,0.32112896,0.4542486,c1,c5
19891,4,0.8325953,0.12267132,0.04473336,c1,c1
19892,1,0.23144698,0.37093633,0.3976167,c1,c5
19893,4,0.4126349,0.40160283,0.18576224,c234,c1
19894,5,0.63984835,0.23335576,0.12679592,c1,c1
19895,4,0.2430317,0.3423951,0.4145732,c5,c5
19896,3,0.11419655,0.36442524,0.52137816,c234,c5
19897,3,0.4834727,0.25846857,0.25805873,c234,c1
19898,5,0.20130299,0.41975638,0.37894067,c1,c234
19899,4,0.17293479,0.35675013,0.47031507,c5,c5
19900,4,0.50481236,0.33305016,0.16213746,c234,c1
19901,1,0.24537767,0.50176436,0.25285795,c5,c234
19902,4,0.17601345,0.27369237,0.55029416,c5,c5
19903,4,0.36544827,0.3931231,0.24142863,c234,c234
19904,3,0.14023928,0.25355625,0.60620445,c234,c5
19905,4,0.063685566,0.26487312,0.6714413,c5,c5
19906,4,0.13161503,0.2520278,0.6163571,c5,c5
19907,5,0.09808483,0.43829978,0.46361545,c1,c5
19908,1,0.11595508,0.28209418,0.6019507,c5,c5
19909,2,0.12887403,0.28759977,0.5835262,c234,c5
19910,5,0.53447187,0.33733416,0.128194,c1,c1
19911,2,0.15914184,0.38872114,0.452137,c234,c5
19912,3,0.08913482,0.34613872,0.5647265,c234,c5
19913,5,0.22309469,0.42678392,0.35012135,c1,c234
19914,4,0.1322331,0.4116051,0.45616177,c1,c5
19915,4,0.2686363,0.42082238,0.31054127,c1,c234
19916,2,0.5949634,0.2996598,0.10537683,c234,c1
19917,3,0.25120404,0.48764887,0.2611471,c5,c234
19918,1,0.20845395,0.43302578,0.3585202,c234,c234
19919,1,0.47822386,0.41285908,0.10891707,c1,c1
19920,4,0.2375494,0.3473665,0.41508406,c5,c5
19921,4,0.10601981,0.24579734,0.64818287,c5,c5
19922,4,0.45163924,0.41102147,0.13733923,c234,c1
19923,1,0.4815608,0.31587312,0.202566,c1,c1
19924,3,0.3019174,0.4979296,0.20015293,c1,c234
19925,1,0.30017298,0.43845853,0.26136848,c5,c234
19926,3,0.16728023,0.41859618,0.41412362,c5,c234
19927,5,0.25597158,0.44923383,0.2947946,c1,c234
19928,2,0.14522636,0.28569633,0.5690773,c5,c5
19929,2,0.19256906,0.28397396,0.52345693,c1,c5
19930,2,0.29809076,0.30905858,0.39285064,c234,c5
19931,3,0.48166752,0.38063523,0.13769718,c5,c1
19932,5,0.4284086,0.39111942,0.18047199,c5,c1
19933,2,0.15690249,0.44457927,0.39851826,c234,c234
19934,3,0.07038889,0.24125318,0.6883579,c5,c5
19935,2,0.28946468,0.27972096,0.43081436,c234,c5
19936,5,0.5288465,0.2541153,0.21703817,c5,c1
19937,3,0.6033259,0.29188293,0.10479114,c5,c1
19938,3,0.704241,0.18438625,0.11137271,c234,c1
19939,1,0.19296943,0.3969154,0.41011515,c234,c5
19940,4,0.340013,0.45472565,0.20526138,c5,c234
19941,4,0.16677515,0.29749036,0.5357345,c5,c5
19942,3,0.530307,0.32852232,0.1411707,c1,c1
19943,2,0.29285985,0.4737943,0.23334578,c234,c234
19944,3,0.39632288,0.35765475,0.24602242,c234,c1
19945,5,0.2681967,0.39857668,0.33322662,c1,c234
19946,2,0.24265632,0.37395716,0.38338646,c234,c5
19947,2,0.31938118,0.26463896,0.4159799,c1,c5
19948,5,0.23819996,0.5473124,0.21448764,c234,c234
19949,4,0.4126349,0.40160283,0.18576224,c1,c1
19950,3,0.34300494,0.37874606,0.278249,c1,c234
19951,1,0.15491796,0.37610134,0.46898076,c5,c5
19952,4,0.33045375,0.49895456,0.17059168,c5,c234
19953,4,0.5601732,0.31574747,0.124079406,c234,c1
19954,1,0.37501538,0.27794033,0.3470443,c5,c1
19955,3,0.3469842,0.29981363,0.3532021,c234,c5
19956,5,0.07927397,0.39153615,0.5291899,c234,c5
19957,3,0.12125205,0.44634587,0.43240207,c234,c234
19958,2,0.28240082,0.4222682,0.295331,c234,c234
19959,5,0.14847803,0.53468996,0.31683198,c234,c234
19960,4,0.3965685,0.34851035,0.25492114,c234,c1
19961,3,0.24185687,0.29546684,0.4626763,c234,c5
19962,1,0.09130135,0.3095479,0.5991508,c1,c5
19963,2,0.44363385,0.4209994,0.13536677,c234,c1
19964,4,0.41600204,0.41803825,0.16595967,c234,c234
19965,1,0.37632576,0.4086474,0.21502684,c1,c234
19966,5,0.13693805,0.40832278,0.45473918,c1,c5
19967,3,0.10391168,0.31196985,0.5841185,c5,c5
19968,5,0.087587975,0.2690007,0.64341134,c5,c5
19969,2,0.35238117,0.37995824,0.26766056,c1,c234
19970,4,0.3479497,0.34550545,0.3065449,c5,c1
19971,5,0.355828,0.41937023,0.22480176,c234,c234
19972,3,0.54182684,0.31610268,0.1420705,c1,c1
19973,2,0.069218114,0.22759557,0.70318633,c234,c5
19974,2,0.44729352,0.44381264,0.10889382,c234,c1
19975,3,0.5681363,0.25960425,0.1722595,c1,c1
19976,5,0.102361105,0.31885526,0.57878363,c234,c5
19977,1,0.45438832,0.3923293,0.15328245,c1,c1
19978,4,0.04787837,0.12473399,0.8273876,c5,c5
19979,1,0.16569035,0.3750334,0.45927623,c5,c5
19980,3,0.14412856,0.33302912,0.5228423,c5,c5
19981,2,0.39757282,0.2748533,0.32757387,c234,c1
19982,5,0.44312716,0.30386207,0.25301075,c1,c1
19983,5,0.66461897,0.2632481,0.07213294,c1,c1
19984,4,0.36772057,0.40420726,0.22807218,c234,c234
19985,1,0.057139486,0.27080622,0.6720543,c5,c5
19986,2,0.30924085,0.38336483,0.30739433,c1,c234
19987,2,0.14197604,0.35122254,0.5068014,c5,c5
19988,5,0.07936449,0.24202509,0.6786104,c1,c5
19989,1,0.3328239,0.39243177,0.27474436,c5,c234
19990,1,0.79458976,0.14619699,0.059213303,c1,c1
19991,3,0.3043248,0.42778072,0.26789448,c234,c234
19992,1,0.5351704,0.3126197,0.15220995,c5,c1
19993,3,0.4551197,0.41307807,0.13180225,c5,c1
19994,3,0.66286707,0.25261152,0.084521346,c234,c1
19995,1,0.44627067,0.30733547,0.24639392,c234,c1
19996,2,0.03796725,0.19045097,0.7715817,c5,c5
19997,4,0.29844415,0.36282685,0.33872893,c234,c234
19998,1,0.16557784,0.36227387,0.47214827,c234,c5
19999,3,0.09393199,0.24829485,0.6577731,c5,c5
20000,1,0.3420688,0.36747935,0.29045182,c1,c234
20001,5,0.31292006,0.45432442,0.23275545,c1,c234
20002,3,0.42845595,0.32842836,0.24311571,c5,c1
20003,3,0.5838811,0.30715832,0.108960606,c1,c1
20004,4,0.24656531,0.4088066,0.34462807,c234,c234
20005,4,0.19816595,0.45216897,0.3496651,c234,c234
20006,5,0.12437529,0.3061081,0.5695166,c234,c5
20007,4,0.32069394,0.48105884,0.19824725,c5,c234
20008,1,0.4756778,0.2905631,0.2337592,c234,c1
20009,1,0.303541,0.4745733,0.22188567,c234,c234
20010,4,0.42233098,0.27062145,0.30704755,c1,c1
20011,1,0.4950889,0.32018065,0.18473041,c1,c1
20012,2,0.21713892,0.4110525,0.37180856,c1,c234
20013,4,0.08327254,0.22559617,0.69113123,c5,c5
20014,3,0.497445,0.37297863,0.12957634,c234,c1
20015,2,0.3593403,0.28057286,0.3600868,c234,c5
20016,3,0.15153955,0.26413622,0.58432424,c1,c5
20017,5,0.21557182,0.3592564,0.4251718,c234,c5
20018,3,0.054081924,0.1956859,0.7502322,c5,c5
20019,3,0.71859795,0.2073446,0.074057445,c1,c1
20020,3,0.7325034,0.1779369,0.089559704,c1,c1
20021,1,0.22772883,0.28910878,0.48316237,c234,c5
20022,3,0.12501103,0.27508998,0.599899,c5,c5
20023,3,0.06316273,0.2876037,0.6492336,c5,c5
20024,5,0.3153029,0.2721069,0.41259015,c5,c5
20025,3,0.24730262,0.5091694,0.243528,c234,c234
20026,2,0.34958383,0.28692868,0.36348748,c1,c5
20027,4,0.5901944,0.27977675,0.13002889,c234,c1
20028,4,0.41351104,0.3994211,0.18706784,c234,c1
20029,3,0.13733768,0.3925782,0.47008407,c234,c5
20030,5,0.16083808,0.5583729,0.280789,c5,c234
20031,3,0.45812342,0.41580433,0.12607227,c1,c1
20032,5,0.117062636,0.31953266,0.5634047,c5,c5
20033,3,0.34918267,0.46346793,0.18734942,c234,c234
20034,3,0.17221688,0.34784517,0.47993794,c1,c5
20035,5,0.08701659,0.2967546,0.6162288,c5,c5
20036,5,0.23616472,0.4487641,0.3150712,c234,c234
20037,2,0.27184764,0.39334518,0.33480716,c5,c234
20038,1,0.21033423,0.2566082,0.5330576,c1,c5
20039,2,0.20022297,0.32005304,0.479724,c1,c5
20040,3,0.19653358,0.38465318,0.41881323,c1,c5
20041,1,0.62928987,0.27902848,0.09168167,c1,c1
20042,1,0.34433138,0.31826502,0.3374036,c234,c1
20043,2,0.43265057,0.32946476,0.23788463,c234,c1
20044,5,0.09662193,0.35033566,0.5530424,c234,c5
20045,5,0.4814414,0.32705447,0.19150417,c1,c1
20046,4,0.46831745,0.36534983,0.16633274,c1,c1
20047,1,0.3828471,0.31203237,0.30512056,c234,c1
20048,3,0.24877422,0.36914852,0.38207728,c5,c5
20049,5,0.22542354,0.33149117,0.4430853,c5,c5
20050,4,0.33743876,0.41571593,0.24684533,c1,c234
20051,2,0.16509157,0.25132012,0.58358824,c1,c5
20052,4,0.65515363,0.26501718,0.079829186,c5,c1
20053,4,0.38782877,0.42787477,0.18429641,c234,c234
20054,5,0.5502246,0.308535,0.14124039,c5,c1
20055,3,0.32590488,0.4489529,0.22514227,c1,c234
20056,5,0.17875938,0.31262383,0.5086168,c1,c5
20057,5,0.42142704,0.3825912,0.19598179,c1,c1
20058,5,0.21979529,0.4534195,0.32678524,c234,c234
20059,3,0.14619398,0.37772,0.47608596,c234,c5
20060,3,0.2732442,0.46237066,0.26438513,c234,c234
20061,5,0.38937044,0.36288887,0.24774072,c1,c1
20062,5,0.04242848,0.20917198,0.74839956,c5,c5
20063,2,0.15082042,0.3997916,0.44938806,c234,c5
20064,3,0.5615609,0.28751832,0.15092084,c5,c1
20065,1,0.354954,0.45319712,0.19184889,c234,c234
20066,4,0.6741352,0.2591815,0.06668327,c234,c1
20067,5,0.030208083,0.07657611,0.89321584,c234,c5
20068,2,0.4628764,0.403728,0.13339563,c1,c1
20069,4,0.5526126,0.3555761,0.09181129,c1,c1
20070,3,0.31074113,0.28085974,0.40839916,c234,c5
20071,3,0.41633603,0.36516565,0.2184983,c234,c1
20072,4,0.16946618,0.25681704,0.57371676,c5,c5
20073,3,0.22605568,0.4124437,0.3615006,c1,c234
20074,2,0.36391988,0.2552071,0.380873,c1,c5
20075,2,0.470432,0.3904067,0.13916132,c5,c1
20076,4,0.12531078,0.30451983,0.5701694,c5,c5
20077,2,0.54816884,0.31180388,0.14002728,c5,c1
20078,5,0.66743743,0.26131642,0.07124616,c1,c1
20079,1,0.65115184,0.27387562,0.074972525,c234,c1
20080,1,0.12878084,0.52243614,0.34878302,c5,c234
20081,5,0.3685895,0.43271697,0.19869353,c234,c234
20082,4,0.34210104,0.44409183,0.21380714,c234,c234
20083,2,0.56907845,0.29836792,0.13255359,c1,c1
20084,5,0.0895854,0.2903879,0.6200267,c234,c5
20085,1,0.11196735,0.37758037,0.5104523,c234,c5
20086,5,0.3385834,0.35604727,0.30536935,c5,c234
20087,2,0.33377793,0.2703346,0.39588752,c1,c5
20088,4,0.65452087,0.25763157,0.08784753,c1,c1
20089,1,0.24030627,0.3628181,0.3968757,c1,c5
20090,1,0.39656836,0.32263416,0.28079745,c1,c1
20091,1,0.08515582,0.40329105,0.51155317,c5,c5
