indice,fold,p_c1,p_c234,p_c5,rotulo,previsto
1,5,0.2061077,0.54781514,0.24607712,c1,c234
3,5,0.5319608,0.34358552,0.12445361,c234,c1
23,5,0.10671461,0.31526387,0.5780215,c5,c5
28,5,0.36295176,0.4161262,0.22092204,c1,c234
34,5,0.061865382,0.33607808,0.60205656,c5,c5
36,5,0.3153029,0.2721069,0.41259015,c5,c5
39,5,0.18958686,0.22829491,0.58211815,c5,c5
40,5,0.1301906,0.35815376,0.5116557,c234,c5
55,5,0.41895342,0.384735,0.1963116,c1,c1
58,5,0.23948783,0.26101092,0.4995012,c234,c5
61,5,0.2798348,0.33500275,0.3851624,c5,c5
70,5,0.026736218,0.083548166,0.8897156,c5,c5
80,5,0.13915427,0.47653458,0.38431108,c1,c234
84,5,0.11833656,0.32938075,0.5522827,c234,c5
90,5,0.2202452,0.50095624,0.27879858,c5,c234
92,5,0.45254186,0.2754791,0.27197903,c1,c1
102,5,0.17184749,0.53360933,0.2945432,c234,c234
103,5,0.22958869,0.53007597,0.24033533,c5,c234
104,5,0.5223593,0.2795689,0.19807172,c234,c1
105,5,0.11856808,0.4174966,0.4639353,c1,c5
109,5,0.1826648,0.3387724,0.47856283,c234,c5
111,5,0.1165123,0.29352036,0.5899673,c5,c5
112,5,0.025452286,0.088642225,0.8859055,c234,c5
118,5,0.5759608,0.31971073,0.1043284,c5,c1
122,5,0.58673525,0.31762305,0.095641695,c234,c1
123,5,0.66743743,0.26131642,0.07124616,c234,c1
124,5,0.66743743,0.26131642,0.07124616,c1,c1
131,5,0.46122912,0.3771802,0.16159073,c5,c1
136,5,0.3015585,0.463096,0.23534547,c1,c234
142,5,0.36579266,0.41230223,0.2219051,c234,c234
144,5,0.5315006,0.34182474,0.1266747,c1,c1
150,5,0.31997457,0.44712415,0.23290128,c234,c234
155,5,0.14110656,0.43442664,0.42446676,c234,c234
157,5,0.39577046,0.26946405,0.33476546,c5,c1
158,5,0.66743743,0.26131642,0.07124616,c1,c1
172,5,0.13306314,0.31135115,0.55558574,c5,c5
173,5,0.5672159,0.32510898,0.10767515,c234,c1
175,5,0.5149647,0.34878296,0.13625233,c1,c1
176,5,0.19922477,0.35672072,0.4440545,c5,c5
181,5,0.29218447,0.41429052,0.29352504,c1,c234
182,5,0.14335951,0.47120672,0.38543373,c1,c234
184,5,0.12735939,0.334076,0.5385646,c234,c5
187,5,0.22522861,0.38284624,0.39192516,c5,c5
192,5,0.2287534,0.40854442,0.3627022,c234,c234
200,5,0.1033372,0.47805974,0.41860312,c234,c234
205,5,0.10458299,0.25508133,0.6403357,c234,c5
208,5,0.17902306,0.34931412,0.4716629,c5,c5
211,5,0.26732388,0.29533672,0.43733937,c1,c5
218,5,0.4037797,0.41904518,0.17717516,c5,c234
224,5,0.25284335,0.46083996,0.28631672,c5,c234
226,5,0.10255874,0.38216993,0.51527125,c234,c5
230,5,0.25021392,0.43678677,0.31299928,c234,c234
232,5,0.39577046,0.26946405,0.33476546,c1,c1
233,5,0.59566903,0.28206623,0.12226479,c234,c1
239,5,0.25950992,0.37277597,0.3677141,c5,c234
249,5,0.1368045,0.32053563,0.5426598,c5,c5
254,5,0.2712747,0.35404652,0.37467873,c234,c5
258,5,0.03677592,0.10048116,0.8627429,c5,c5
266,5,0.21406999,0.5071728,0.27875718,c234,c234
279,5,0.50907147,0.32814005,0.16278848,c234,c1
282,5,0.18277411,0.47663313,0.3405928,c1,c234
286,5,0.18487246,0.51747596,0.29765156,c234,c234
291,5,0.31720448,0.49460548,0.18818997,c234,c234
298,5,0.13417314,0.38757992,0.47824693,c234,c5
302,5,0.29999056,0.4928831,0.20712627,c234,c234
306,5,0.41821235,0.38438272,0.1974049,c234,c1
309,5,0.10780352,0.38463044,0.507566,c1,c5
310,5,0.34309405,0.46496385,0.19194217,c1,c234
314,5,0.19593762,0.39619157,0.40787086,c234,c5
318,5,0.42800382,0.39923576,0.1727604,c234,c1
328,5,0.3586707,0.345689,0.29564032,c1,c1
329,5,0.3410664,0.321058,0.33787557,c5,c1
330,5,0.04941923,0.23353176,0.71704906,c1,c5
338,5,0.17542154,0.37629575,0.44828278,c234,c5
352,5,0.5375508,0.2609918,0.2014574,c1,c1
353,5,0.4140689,0.38803324,0.19789788,c1,c1
358,5,0.5644183,0.28544033,0.15014131,c234,c1
366,5,0.73697823,0.19305183,0.06996997,c1,c1
375,5,0.6151903,0.28921518,0.095594496,c1,c1
377,5,0.35984495,0.39714685,0.2430082,c1,c234
388,5,0.111336865,0.43077582,0.45788726,c5,c5
389,5,0.5218142,0.3702928,0.107892975,c234,c1
399,5,0.25740248,0.39833227,0.34426528,c234,c234
404,5,0.11938239,0.32562608,0.55499154,c5,c5
408,5,0.34062162,0.36367586,0.2957025,c5,c234
413,5,0.57705605,0.27796453,0.1449794,c1,c1
418,5,0.23949206,0.44972986,0.31077814,c234,c234
430,5,0.47871175,0.3982248,0.123063475,c234,c1
433,5,0.21953313,0.5536607,0.2268062,c234,c234
437,5,0.52996707,0.34939003,0.12064285,c1,c1
442,5,0.23466511,0.31712842,0.4482065,c1,c5
451,5,0.52111834,0.31490448,0.16397716,c1,c1
460,5,0.31104663,0.49930117,0.1896522,c1,c234
462,5,0.116679616,0.30816126,0.57515913,c234,c5
466,5,0.14004588,0.37542328,0.4845308,c5,c5
473,5,0.15240236,0.37563717,0.47196046,c234,c5
476,5,0.82111293,0.14206237,0.036824692,c1,c1
479,5,0.1932374,0.38345495,0.4233076,c1,c5
481,5,0.32788923,0.3226482,0.3494626,c234,c5
482,5,0.14205581,0.4496924,0.40825182,c5,c234
484,5,0.2121974,0.28371438,0.5040882,c1,c5
486,5,0.07024742,0.25770828,0.67204434,c1,c5
489,5,0.42275074,0.3985946,0.17865464,c5,c1
490,5,0.18079412,0.320261,0.4989449,c5,c5
499,5,0.10912107,0.52904385,0.3618351,c1,c234
503,5,0.29633746,0.45209512,0.2515674,c1,c234
511,5,0.108319335,0.35222948,0.53945124,c5,c5
512,5,0.6512375,0.22894098,0.11982153,c1,c1
525,5,0.106886454,0.20256265,0.6905509,c5,c5
528,5,0.21465845,0.36093634,0.42440528,c1,c5
531,5,0.14136173,0.37784213,0.4807961,c5,c5
532,5,0.18624803,0.43696913,0.37678292,c1,c234
542,5,0.11581334,0.4132085,0.47097817,c234,c5
543,5,0.31497857,0.42613265,0.2588888,c234,c234
545,5,0.12913923,0.3175227,0.5533381,c1,c5
547,5,0.2564279,0.3278562,0.4157158,c1,c5
549,5,0.3046604,0.49760085,0.19773877,c1,c234
552,5,0.5671275,0.29750848,0.13536395,c1,c1
553,5,0.1836089,0.28523082,0.5311603,c234,c5
556,5,0.5391223,0.2686008,0.19227691,c234,c1
560,5,0.44491166,0.4311179,0.1239705,c1,c1
564,5,0.4510664,0.2731518,0.27578187,c1,c1
565,5,0.2122784,0.38419887,0.40352264,c234,c5
576,5,0.076640286,0.30924764,0.6141121,c234,c5
578,5,0.080860324,0.2966426,0.6224971,c5,c5
581,5,0.5056256,0.3640107,0.13036364,c234,c1
583,5,0.16534829,0.29447743,0.5401743,c5,c5
589,5,0.25373203,0.4714658,0.27480224,c1,c234
592,5,0.43537238,0.27628383,0.28834376,c234,c1
603,5,0.59453505,0.28029478,0.12517017,c5,c1
604,5,0.26402807,0.46397805,0.27199388,c234,c234
606,5,0.25862974,0.4737805,0.26758975,c1,c234
617,5,0.23098288,0.39262745,0.37638962,c234,c234
618,5,0.25354803,0.5316098,0.21484222,c1,c234
627,5,0.6370091,0.2743047,0.08868619,c234,c1
634,5,0.104070164,0.2885068,0.607423,c234,c5
638,5,0.5211419,0.30146194,0.17739618,c1,c1
642,5,0.4418027,0.38694987,0.17124745,c5,c1
647,5,0.055417906,0.20164904,0.742933,c5,c5
649,5,0.27815104,0.29952103,0.4223279,c234,c5
660,5,0.08899111,0.32758877,0.5834201,c5,c5
668,5,0.24765705,0.49330702,0.2590359,c1,c234
669,5,0.17663266,0.25969535,0.563672,c5,c5
670,5,0.179497,0.36615226,0.45435074,c234,c5
675,5,0.4279371,0.34306055,0.2290023,c5,c1
676,5,0.12615927,0.31392878,0.5599119,c1,c5
680,5,0.403128,0.29288968,0.30398226,c1,c1
685,5,0.17219312,0.44315922,0.3846476,c5,c234
693,5,0.090631776,0.4026291,0.50673914,c234,c5
695,5,0.5222327,0.3311823,0.146585,c234,c1
703,5,0.17289415,0.45396107,0.3731448,c234,c234
704,5,0.6690649,0.23650376,0.09443136,c1,c1
705,5,0.5131795,0.34143418,0.14538641,c1,c1
714,5,0.2195141,0.3396997,0.44078624,c5,c5
718,5,0.10259865,0.31897163,0.57842964,c5,c5
721,5,0.18723834,0.3130298,0.49973193,c5,c5
729,5,0.28964883,0.321916,0.38843518,c1,c5
737,5,0.2636361,0.31860813,0.41775575,c234,c5
740,5,0.053245712,0.25827342,0.68848085,c234,c5
742,5,0.57451063,0.3257518,0.09973753,c1,c1
744,5,0.32384488,0.3134218,0.36273333,c5,c5
747,5,0.5504794,0.32254532,0.12697531,c1,c1
751,5,0.20136736,0.38231474,0.4163179,c5,c5
760,5,0.66743743,0.26131642,0.07124616,c234,c1
785,5,0.19686197,0.48486474,0.3182733,c1,c234
787,5,0.40487233,0.3557753,0.2393524,c1,c1
792,5,0.12626877,0.4360124,0.43771887,c234,c5
796,5,0.0535625,0.2346615,0.71177596,c5,c5
798,5,0.5611755,0.32119563,0.11762878,c1,c1
802,5,0.27483046,0.40173516,0.32343435,c5,c234
824,5,0.5607876,0.27932665,0.15988575,c1,c1
825,5,0.30118322,0.34049594,0.3583208,c234,c5
828,5,0.48394033,0.39827287,0.117786735,c234,c1
829,5,0.20723948,0.3032666,0.4894939,c1,c5
840,5,0.49741024,0.3015197,0.20107007,c5,c1
849,5,0.18814331,0.34448907,0.4673676,c5,c5
853,5,0.19636007,0.5734825,0.23015745,c5,c234
859,5,0.27181703,0.44890338,0.27927962,c5,c234
861,5,0.5927461,0.32148466,0.085769266,c1,c1
869,5,0.4927053,0.3413703,0.1659244,c1,c1
876,5,0.12129096,0.37351122,0.5051978,c5,c5
878,5,0.2701528,0.52149653,0.2083506,c5,c234
879,5,0.25971296,0.30508417,0.4352029,c234,c5
886,5,0.26121363,0.5563492,0.18243718,c5,c234
888,5,0.31265295,0.39441106,0.292936,c1,c234
890,5,0.43964177,0.29879576,0.26156247,c1,c1
891,5,0.17255875,0.36361626,0.463825,c5,c5
892,5,0.13860817,0.50257105,0.35882074,c234,c234
900,5,0.14824717,0.403076,0.44867682,c5,c5
901,5,0.20537774,0.5111147,0.28350753,c234,c234
908,5,0.36654007,0.38104832,0.25241157,c5,c234
915,5,0.34383142,0.45295203,0.20321663,c1,c234
916,5,0.29877904,0.43384624,0.26737466,c234,c234
918,5,0.15102914,0.34251672,0.5064541,c1,c5
920,5,0.33905527,0.45358318,0.20736153,c234,c234
923,5,0.07395949,0.28400066,0.64203984,c234,c5
925,5,0.1913863,0.40934068,0.39927304,c1,c234
930,5,0.66743743,0.26131642,0.07124616,c1,c1
939,5,0.41310787,0.4198183,0.16707376,c1,c234
942,5,0.18032686,0.40518406,0.41448903,c1,c5
945,5,0.5991243,0.29171374,0.109161936,c5,c1
962,5,0.47647408,0.2636162,0.2599097,c5,c1
969,5,0.2476878,0.43142802,0.32088414,c5,c234
971,5,0.3204926,0.4639576,0.21554974,c5,c234
975,5,0.41591543,0.41117024,0.17291434,c1,c1
978,5,0.08423331,0.3559366,0.5598301,c234,c5
979,5,0.3950883,0.29655385,0.3083578,c5,c1
984,5,0.5827359,0.29018816,0.12707594,c1,c1
985,5,0.66461897,0.2632481,0.07213294,c1,c1
986,5,0.4731663,0.4001031,0.12673065,c234,c1
988,5,0.19146882,0.3225736,0.48595762,c234,c5
990,5,0.4848366,0.3402518,0.1749116,c234,c1
998,5,0.66743743,0.26131642,0.07124616,c234,c1
1001,5,0.10038549,0.4814916,0.41812292,c234,c234
1002,5,0.09706572,0.34463233,0.558302,c1,c5
1006,5,0.3231519,0.48051137,0.19633676,c1,c234
1007,5,0.22004165,0.4006876,0.3792708,c5,c234
1016,5,0.34150663,0.40131396,0.25717944,c1,c234
1017,5,0.18402147,0.4483963,0.3675822,c5,c234
1029,5,0.22557402,0.47631764,0.29810834,c1,c234
1033,5,0.32174256,0.2900167,0.38824072,c1,c5
1037,5,0.46173406,0.40204394,0.136222,c234,c1
1038,5,0.21861799,0.5401608,0.24122122,c1,c234
1043,5,0.22577426,0.4071311,0.36709464,c234,c234
1054,5,0.25190592,0.5186471,0.22944698,c5,c234
1064,5,0.5283702,0.29790148,0.17372827,c1,c1
1070,5,0.504878,0.28383386,0.21128818,c1,c1
1083,5,0.20069131,0.30356216,0.49574658,c1,c5
1084,5,0.35635567,0.4171309,0.22651345,c1,c234
1086,5,0.47005948,0.31064767,0.21929285,c1,c1
1087,5,0.5378526,0.3181618,0.14398561,c234,c1
1089,5,0.5550014,0.3472262,0.09777242,c1,c1
1098,5,0.13618578,0.3126851,0.5511291,c234,c5
1116,5,0.66743743,0.26131642,0.07124616,c234,c1
1124,5,0.51732,0.37334007,0.109340005,c234,c1
1126,5,0.11193135,0.32570788,0.56236076,c5,c5
1130,5,0.47647408,0.2636162,0.2599097,c1,c1
1132,5,0.2982589,0.44390294,0.25783816,c1,c234
1136,5,0.22536306,0.34540397,0.42923295,c1,c5
1139,5,0.09693733,0.1857373,0.7173254,c5,c5
1141,5,0.24478509,0.3102316,0.44498333,c1,c5
1145,5,0.51722157,0.35962725,0.12315119,c234,c1
1146,5,0.24497552,0.48860654,0.26641798,c1,c234
1153,5,0.25402933,0.30897197,0.4369987,c5,c5
1155,5,0.116120525,0.3258271,0.5580524,c5,c5
1159,5,0.44376633,0.36113197,0.19510168,c234,c1
1162,5,0.27482855,0.4561681,0.26900342,c5,c234
1166,5,0.2673685,0.46159083,0.27104077,c5,c234
1167,5,0.52177554,0.3017364,0.17648803,c1,c1
1170,5,0.30056864,0.53474337,0.16468796,c5,c234
1174,5,0.69884545,0.19208263,0.10907195,c1,c1
1175,5,0.08214507,0.23408096,0.683774,c5,c5
1179,5,0.28583676,0.46758345,0.24657972,c5,c234
1182,5,0.16788344,0.47557744,0.35653907,c234,c234
1184,5,0.27045563,0.42408636,0.30545795,c234,c234
1190,5,0.32549778,0.4488576,0.2256447,c234,c234
1197,5,0.39440086,0.42137787,0.18422125,c5,c234
1198,5,0.4509118,0.33718184,0.21190643,c1,c1
1206,5,0.33776847,0.3161153,0.34611624,c234,c5
1209,5,0.14886042,0.29044235,0.5606972,c5,c5
1220,5,0.13224044,0.40121007,0.46654946,c5,c5
1227,5,0.47647408,0.2636162,0.2599097,c5,c1
1236,5,0.08906767,0.30345294,0.6074794,c5,c5
1237,5,0.12932804,0.22973046,0.64094144,c234,c5
1243,5,0.14750484,0.4271321,0.425363,c234,c234
1246,5,0.07037878,0.28683904,0.64278215,c5,c5
1251,5,0.58808416,0.30585852,0.10605729,c5,c1
1255,5,0.22870883,0.5287218,0.24256934,c234,c234
1257,5,0.6536242,0.2564805,0.08989531,c1,c1
1259,5,0.4274765,0.43357268,0.13895081,c234,c234
1261,5,0.1835337,0.46536317,0.3511031,c5,c234
1266,5,0.32724938,0.31752476,0.35522583,c234,c5
1267,5,0.17738679,0.2875759,0.5350373,c5,c5
1277,5,0.11905786,0.2934864,0.5874558,c234,c5
1280,5,0.5037838,0.33448812,0.16172813,c1,c1
1288,5,0.26517907,0.2905941,0.4442269,c1,c5
1299,5,0.45844603,0.40015677,0.14139722,c1,c1
1301,5,0.22412232,0.44452503,0.33135262,c5,c234
1306,5,0.22360097,0.50149935,0.27489963,c234,c234
1308,5,0.49120677,0.37378162,0.13501167,c234,c1
1312,5,0.48994493,0.29168585,0.21836928,c5,c1
1320,5,0.48348087,0.38330618,0.13321298,c234,c1
1327,5,0.66846395,0.23869756,0.09283849,c1,c1
1337,5,0.05252865,0.25823966,0.6892317,c5,c5
1338,5,0.25222436,0.44258648,0.30518916,c234,c234
1345,5,0.07567605,0.27945974,0.6448642,c5,c5
1346,5,0.6674395,0.25071648,0.08184408,c5,c1
1349,5,0.23167092,0.39054167,0.3777874,c5,c234
1351,5,0.5383219,0.31812862,0.14354944,c1,c1
1352,5,0.3385834,0.35604727,0.30536935,c5,c234
1354,5,0.054243308,0.22422929,0.72152734,c5,c5
1357,5,0.32572305,0.454352,0.21992493,c234,c234
1360,5,0.10316519,0.28221777,0.61461705,c5,c5
1368,5,0.66395587,0.2257342,0.11030991,c1,c1
1373,5,0.28488317,0.46378893,0.25132796,c5,c234
1380,5,0.062869854,0.30772346,0.6294067,c1,c5
1388,5,0.21098165,0.50525445,0.28376392,c234,c234
1390,5,0.5185469,0.35665286,0.124800205,c1,c1
1402,5,0.380911,0.3583136,0.2607754,c5,c1
1412,5,0.12776178,0.2268859,0.6453523,c5,c5
1417,5,0.17820378,0.34941748,0.47237876,c5,c5
1421,5,0.22378007,0.4496267,0.32659325,c5,c234
1425,5,0.118301764,0.24745156,0.63424665,c234,c5
1426,5,0.173329,0.4341562,0.39251485,c5,c234
1437,5,0.37741593,0.4027884,0.2197957,c1,c234
1439,5,0.040539697,0.18248652,0.77697384,c234,c5
1441,5,0.13041666,0.44879863,0.42078465,c5,c234
1445,5,0.066400066,0.20919795,0.72440195,c5,c5
1450,5,0.22304644,0.4734591,0.30349445,c1,c234
1454,5,0.25126404,0.43563175,0.31310424,c1,c234
1458,5,0.47599098,0.29612732,0.22788171,c234,c1
1463,5,0.1316109,0.34556538,0.5228237,c234,c5
1465,5,0.102140166,0.31208935,0.58577055,c234,c5
1477,5,0.34731144,0.43850717,0.21418142,c234,c234
1486,5,0.21843195,0.31824362,0.46332446,c5,c5
1492,5,0.2522656,0.48379758,0.2639368,c234,c234
1502,5,0.39844245,0.3578161,0.24374144,c234,c1
1505,5,0.30056864,0.53474337,0.16468796,c1,c234
1506,5,0.19056721,0.43504277,0.37438995,c5,c234
1507,5,0.5767258,0.2899196,0.13335457,c1,c1
1508,5,0.043630976,0.20605344,0.7503156,c5,c5
1516,5,0.44667912,0.31782258,0.23549832,c5,c1
1523,5,0.08608561,0.21257035,0.7013441,c5,c5
1525,5,0.037707586,0.17397542,0.7883171,c5,c5
1536,5,0.113811456,0.46125787,0.42493066,c5,c234
1539,5,0.31923965,0.3917379,0.28902248,c1,c234
1543,5,0.271304,0.46848527,0.26021075,c1,c234
1554,5,0.21073782,0.4571579,0.33210424,c234,c234
1573,5,0.23546062,0.54662764,0.21791174,c5,c234
1599,5,0.15397628,0.29112753,0.5548961,c5,c5
1601,5,0.51070315,0.32276556,0.16653128,c5,c1
1609,5,0.14239974,0.20411518,0.6534851,c5,c5
1610,5,0.39577046,0.26946405,0.33476546,c1,c1
1611,5,0.17747496,0.2807795,0.5417455,c5,c5
1613,5,0.23715611,0.47977078,0.28307313,c1,c234
1616,5,0.3385834,0.35604727,0.30536935,c234,c234
1622,5,0.41605374,0.40790695,0.17603926,c5,c1
1634,5,0.17555355,0.31035203,0.5140944,c5,c5
1645,5,0.3278546,0.45802367,0.21412176,c5,c234
1649,5,0.16672437,0.5847736,0.24850202,c1,c234
1651,5,0.52127355,0.3867162,0.09201025,c1,c1
1655,5,0.4933944,0.28632268,0.22028287,c5,c1
1660,5,0.78505903,0.14661065,0.06833025,c1,c1
1661,5,0.38937044,0.36288887,0.24774072,c234,c1
1663,5,0.04181131,0.17921947,0.7789692,c234,c5
1667,5,0.15927714,0.47273564,0.3679872,c1,c234
1681,5,0.16591686,0.53467166,0.29941148,c234,c234
1682,5,0.05412694,0.2514441,0.694429,c5,c5
1686,5,0.31845894,0.49363035,0.18791066,c1,c234
1699,5,0.3385834,0.35604727,0.30536935,c234,c234
1700,5,0.30664986,0.50824094,0.18510918,c1,c234
1702,5,0.4628316,0.33931825,0.19785011,c234,c1
1704,5,0.4944299,0.2873968,0.21817338,c5,c1
1705,5,0.12148447,0.46683592,0.41167957,c1,c234
1709,5,0.21499267,0.360045,0.4249623,c1,c5
1722,5,0.43619567,0.30693945,0.25686482,c1,c1
1732,5,0.17187425,0.3754079,0.45271784,c5,c5
1735,5,0.5319608,0.34358552,0.12445361,c1,c1
1736,5,0.09794962,0.26644975,0.6356006,c1,c5
1739,5,0.39577046,0.26946405,0.33476546,c5,c1
1743,5,0.46971363,0.37797877,0.15230764,c234,c1
1744,5,0.1000115,0.4153466,0.48464188,c234,c5
1746,5,0.3935371,0.43966594,0.16679691,c234,c234
1750,5,0.06687436,0.2596943,0.67343134,c5,c5
1751,5,0.41630805,0.2961586,0.28753334,c234,c1
1753,5,0.50220734,0.3314529,0.16633978,c1,c1
1759,5,0.5364441,0.32652366,0.13703226,c234,c1
1760,5,0.19400977,0.3471287,0.45886147,c234,c5
1763,5,0.23695745,0.42646363,0.33657897,c234,c234
1769,5,0.28964883,0.321916,0.38843518,c5,c5
1776,5,0.049881976,0.21567465,0.73444337,c5,c5
1778,5,0.10159722,0.2957811,0.6026217,c5,c5
1785,5,0.11675389,0.2588244,0.6244218,c5,c5
1786,5,0.16825238,0.341793,0.48995462,c1,c5
1794,5,0.5481034,0.34657174,0.105324894,c1,c1
1801,5,0.23547733,0.3549635,0.40955916,c234,c5
1803,5,0.08655239,0.3322756,0.58117205,c5,c5
1809,5,0.17734532,0.35174736,0.4709073,c5,c5
1816,5,0.5736867,0.29346693,0.13284631,c234,c1
1832,5,0.48298055,0.4032499,0.11376963,c1,c1
1835,5,0.70340216,0.22543919,0.07115874,c1,c1
1838,5,0.48707604,0.35155654,0.16136742,c234,c1
1846,5,0.05575072,0.23108032,0.71316904,c5,c5
1848,5,0.15317951,0.43828964,0.4085309,c234,c234
1853,5,0.41595843,0.37195355,0.21208802,c234,c1
1863,5,0.12454707,0.4323834,0.44306955,c234,c5
1864,5,0.12984338,0.3699797,0.5001769,c5,c5
1876,5,0.21395044,0.29047877,0.49557078,c5,c5
1877,5,0.29903606,0.35523063,0.34573328,c1,c234
1878,5,0.4974621,0.3365586,0.16597931,c5,c1
1879,5,0.32728705,0.49227655,0.18043645,c5,c234
1887,5,0.40727648,0.38853106,0.20419239,c234,c1
1889,5,0.56883883,0.32474822,0.106412984,c1,c1
1890,5,0.48442593,0.31802407,0.19755004,c234,c1
1905,5,0.52987486,0.3442074,0.12591778,c1,c1
1907,5,0.28948238,0.4266733,0.2838443,c1,c234
1915,5,0.31124175,0.45020837,0.23854993,c1,c234
1927,5,0.25850865,0.3870503,0.35444105,c234,c234
1932,5,0.3846665,0.43609717,0.17923628,c234,c234
1935,5,0.06849165,0.3257995,0.60570884,c5,c5
1947,5,0.32174256,0.2900167,0.38824072,c5,c5
1952,5,0.08337515,0.36948857,0.54713625,c5,c5
1955,5,0.16376814,0.539867,0.29636487,c1,c234
1957,5,0.52953124,0.3326691,0.13779965,c1,c1
1960,5,0.229331,0.4149101,0.35575894,c234,c234
1965,5,0.270636,0.34171945,0.38764453,c5,c5
1967,5,0.6538545,0.2092908,0.13685472,c1,c1
1987,5,0.5172064,0.32381752,0.15897618,c234,c1
1998,5,0.17748602,0.45422336,0.36829063,c5,c234
2014,5,0.4887597,0.3544119,0.15682839,c1,c1
2015,5,0.4536406,0.39625242,0.15010698,c234,c1
2016,5,0.4762252,0.3408001,0.18297471,c1,c1
2020,5,0.25572607,0.51582474,0.22844921,c5,c234
2023,5,0.100098416,0.31935716,0.5805444,c5,c5
2028,5,0.4182557,0.35583666,0.22590761,c234,c1
2042,5,0.3069894,0.29206768,0.40094292,c1,c5
2044,5,0.21540403,0.46648252,0.31811345,c5,c234
2051,5,0.07915687,0.34050027,0.5803428,c5,c5
2054,5,0.38098136,0.39461344,0.22440524,c234,c234
2063,5,0.1452414,0.25009835,0.6046602,c234,c5
2065,5,0.46547222,0.35450184,0.180026,c234,c1
2069,5,0.051302977,0.22580738,0.72288966,c1,c5
2070,5,0.21820174,0.4295191,0.3522792,c5,c234
2071,5,0.039584458,0.17152777,0.78888774,c5,c5
2075,5,0.4017387,0.32720986,0.27105138,c5,c1
2081,5,0.39577046,0.26946405,0.33476546,c1,c1
2088,5,0.13342504,0.39813915,0.46843585,c5,c5
2095,5,0.35550106,0.44529986,0.19919905,c1,c234
2097,5,0.2865091,0.3735643,0.33992663,c5,c234
2103,5,0.104407065,0.24372612,0.6518668,c1,c5
2105,5,0.66743743,0.26131642,0.07124616,c1,c1
2117,5,0.51884896,0.35773292,0.12341809,c234,c1
2138,5,0.24535874,0.31627992,0.43836138,c5,c5
2140,5,0.22958869,0.53007597,0.24033533,c234,c234
2143,5,0.281755,0.34849483,0.36975014,c5,c5
2146,5,0.37726566,0.40772232,0.21501201,c234,c234
2150,5,0.2086669,0.5059103,0.2854228,c234,c234
2158,5,0.36968976,0.41146332,0.21884686,c234,c234
2159,5,0.63854706,0.27895206,0.08250086,c1,c1
2173,5,0.08833123,0.3805216,0.5311471,c234,c5
2200,5,0.49266002,0.30246955,0.20487048,c5,c1
2205,5,0.18542956,0.3400179,0.4745525,c234,c5
2210,5,0.2988205,0.49630097,0.20487848,c234,c234
2213,5,0.31284073,0.3918995,0.2952598,c5,c234
2218,5,0.6813414,0.22192943,0.09672918,c1,c1
2220,5,0.21632352,0.5645357,0.2191408,c5,c234
2221,5,0.52177554,0.3017364,0.17648803,c5,c1
2229,5,0.2636361,0.31860813,0.41775575,c5,c5
2233,5,0.47647408,0.2636162,0.2599097,c5,c1
2236,5,0.1502709,0.45236552,0.39736363,c234,c234
2237,5,0.51884896,0.35773292,0.12341809,c1,c1
2244,5,0.2752323,0.38357097,0.34119675,c1,c234
2248,5,0.18329664,0.5290931,0.28761026,c1,c234
2249,5,0.07680179,0.3089927,0.6142055,c5,c5
2253,5,0.5067896,0.37441382,0.11879655,c1,c1
2254,5,0.6049689,0.28619474,0.10883632,c234,c1
2256,5,0.13903686,0.4017276,0.45923555,c5,c5
2259,5,0.33082476,0.43068746,0.2384878,c5,c234
2267,5,0.44479924,0.28404614,0.27115455,c234,c1
2272,5,0.23288198,0.50334895,0.26376906,c234,c234
2273,5,0.39577046,0.26946405,0.33476546,c1,c1
2275,5,0.07147112,0.22065774,0.7078712,c5,c5
2285,5,0.66743743,0.26131642,0.07124616,c234,c1
2287,5,0.4295174,0.41427475,0.15620787,c5,c1
2288,5,0.1271044,0.37312487,0.49977076,c1,c5
2298,5,0.30740467,0.3477138,0.34488153,c234,c234
2303,5,0.115706265,0.29869384,0.58559996,c1,c5
2308,5,0.12527744,0.28083906,0.5938835,c234,c5
2313,5,0.25316247,0.51569647,0.23114105,c5,c234
2316,5,0.15051652,0.31324413,0.5362394,c5,c5
2322,5,0.38937044,0.36288887,0.24774072,c234,c1
2331,5,0.39117938,0.44543394,0.16338663,c234,c234
2333,5,0.30131406,0.3847755,0.31391042,c1,c234
2335,5,0.5915141,0.2713775,0.13710836,c1,c1
2356,5,0.56030697,0.31534135,0.12435169,c5,c1
2362,5,0.6610208,0.22572613,0.1132531,c1,c1
2370,5,0.18233094,0.47293046,0.34473857,c5,c234
2372,5,0.4628156,0.32005513,0.21712926,c1,c1
2373,5,0.1401287,0.21759266,0.6422786,c5,c5
2380,5,0.23282321,0.4044983,0.3626785,c234,c234
2383,5,0.12709692,0.37438035,0.49852273,c1,c5
2385,5,0.23941928,0.52242935,0.23815134,c5,c234
2387,5,0.20497999,0.5230515,0.27196854,c5,c234
2388,5,0.47647408,0.2636162,0.2599097,c5,c1
2392,5,0.16607615,0.3428105,0.49111336,c234,c5
2400,5,0.17318308,0.51138,0.3154369,c5,c234
2401,5,0.22424185,0.43615964,0.33959854,c5,c234
2421,5,0.2841038,0.44110417,0.27479202,c234,c234
2430,5,0.4444014,0.3631529,0.19244573,c1,c1
2433,5,0.43807742,0.291965,0.26995757,c1,c1
2434,5,0.5118643,0.27455038,0.21358527,c5,c1
2443,5,0.10316519,0.28221777,0.61461705,c234,c5
2447,5,0.41858155,0.41088653,0.17053193,c1,c1
2448,5,0.2469164,0.46685222,0.28623143,c234,c234
2462,5,0.6298451,0.26828498,0.1018699,c234,c1
2469,5,0.15124898,0.47622958,0.37252146,c5,c234
2471,5,0.12552796,0.3410538,0.53341824,c5,c5
2473,5,0.55064416,0.32203197,0.12732379,c234,c1
2477,5,0.30918482,0.37660798,0.31420714,c234,c234
2478,5,0.61592406,0.27818802,0.10588795,c5,c1
2479,5,0.062232606,0.18109834,0.75666904,c5,c5
2484,5,0.56888014,0.2947396,0.13638027,c1,c1
2486,5,0.59127396,0.24088757,0.16783848,c1,c1
2487,5,0.30757412,0.36877015,0.32365572,c5,c234
2493,5,0.27207008,0.46311763,0.26481226,c234,c234
2494,5,0.053755317,0.21066883,0.7355758,c5,c5
2498,5,0.25604516,0.50768596,0.2362689,c234,c234
2510,5,0.214497,0.46169168,0.32381132,c234,c234
2517,5,0.15370607,0.33885407,0.50743985,c5,c5
2518,5,0.10200247,0.27437586,0.62362164,c5,c5
2535,5,0.44637123,0.29237133,0.26125747,c234,c1
2539,5,0.10604636,0.33858162,0.555372,c5,c5
2541,5,0.310899,0.3225152,0.3665858,c234,c5
2546,5,0.23786566,0.3122299,0.44990444,c234,c5
2551,5,0.13937715,0.3445409,0.5160819,c1,c5
2552,5,0.049508225,0.21007223,0.74041957,c5,c5
2554,5,0.06830639,0.22649746,0.7051961,c234,c5
2556,5,0.2541105,0.4477507,0.29813883,c5,c234
2562,5,0.24486895,0.46264204,0.29248896,c5,c234
2582,5,0.2626523,0.4612365,0.2761112,c5,c234
2593,5,0.45376405,0.44498748,0.10124845,c5,c1
2594,5,0.36608133,0.4262718,0.20764688,c5,c234
2606,5,0.24656706,0.24602588,0.5074071,c5,c5
2620,5,0.5375508,0.2609918,0.2014574,c1,c1
2627,5,0.66461897,0.2632481,0.07213294,c1,c1
2647,5,0.27368337,0.32966208,0.3966545,c1,c5
2652,5,0.22369626,0.46667856,0.30962515,c234,c234
2661,5,0.2636361,0.31860813,0.41775575,c5,c5
2663,5,0.18126698,0.5124881,0.30624485,c1,c234
2664,5,0.08867619,0.23098628,0.68033755,c5,c5
2672,5,0.055199627,0.29935497,0.64544535,c5,c5
2673,5,0.09837945,0.33493268,0.5666878,c234,c5
2680,5,0.10888355,0.30821773,0.58289874,c5,c5
2682,5,0.14453627,0.47670117,0.3787625,c5,c234
2687,5,0.32641134,0.47359413,0.19999456,c1,c234
2688,5,0.21104999,0.32904246,0.4599076,c1,c5
2697,5,0.13899909,0.54787624,0.3131246,c234,c234
2700,5,0.07693671,0.23465009,0.68841326,c5,c5
2702,5,0.32338065,0.43462533,0.24199402,c234,c234
2710,5,0.4762623,0.40518656,0.11855107,c234,c1
2723,5,0.6429397,0.22952724,0.127533,c1,c1
2726,5,0.17307076,0.56278616,0.2641431,c234,c234
2727,5,0.0909589,0.2770443,0.6319968,c5,c5
2739,5,0.4933944,0.28632268,0.22028287,c1,c1
2744,5,0.07945502,0.30044636,0.62009865,c5,c5
2745,5,0.19167522,0.39099428,0.4173305,c5,c5
2748,5,0.3303911,0.42134047,0.24826843,c234,c234
2760,5,0.4062438,0.4659883,0.12776788,c5,c234
2769,5,0.66743743,0.26131642,0.07124616,c234,c1
2779,5,0.44942725,0.40021715,0.15035562,c5,c1
2781,5,0.21699528,0.48793307,0.2950716,c234,c234
2785,5,0.27258438,0.4600627,0.2673529,c5,c234
2790,5,0.1113655,0.409352,0.47928253,c5,c5
2792,5,0.1253796,0.2705977,0.6040227,c234,c5
2801,5,0.39258996,0.31816196,0.2892481,c5,c1
2804,5,0.13371323,0.3680242,0.49826255,c5,c5
2808,5,0.20665975,0.3925544,0.4007858,c5,c5
2817,5,0.1277763,0.45367035,0.41855338,c5,c234
2832,5,0.11681907,0.29798043,0.5852005,c5,c5
2834,5,0.43835187,0.37316144,0.18848675,c5,c1
2848,5,0.5049769,0.30902553,0.18599755,c1,c1
2861,5,0.28381315,0.3314671,0.38471982,c5,c5
2862,5,0.66743743,0.26131642,0.07124616,c1,c1
2865,5,0.33736095,0.38789737,0.27474162,c1,c234
2870,5,0.28676274,0.41328976,0.29994753,c1,c234
2876,5,0.12950139,0.25448942,0.6160092,c5,c5
2878,5,0.117183074,0.33431292,0.548504,c5,c5
2879,5,0.66743743,0.26131642,0.07124616,c234,c1
2899,5,0.13987048,0.42208597,0.43804356,c5,c5
2902,5,0.80359703,0.13634278,0.060060233,c1,c1
2909,5,0.54648936,0.31060198,0.14290874,c5,c1
2910,5,0.49268764,0.30737185,0.19994053,c5,c1
2911,5,0.11867662,0.47630134,0.405022,c1,c234
2913,5,0.113336116,0.3136194,0.5730445,c5,c5
2919,5,0.8126137,0.1405919,0.046794403,c1,c1
2922,5,0.4770064,0.33073553,0.19225806,c234,c1
2925,5,0.06494383,0.24632518,0.688731,c234,c5
2927,5,0.3627089,0.36806113,0.26922998,c1,c234
2937,5,0.28893957,0.41421536,0.29684505,c234,c234
2938,5,0.49317044,0.35172233,0.1551072,c234,c1
2939,5,0.13603844,0.32801673,0.5359449,c5,c5
2946,5,0.048002876,0.18554766,0.7664495,c5,c5
2950,5,0.14329106,0.39007643,0.46663246,c1,c5
2957,5,0.19326016,0.55785316,0.24888662,c234,c234
2959,5,0.37976232,0.30198395,0.3182537,c5,c1
2965,5,0.20533493,0.43490636,0.3597587,c5,c234
2971,5,0.33730936,0.43221596,0.23047474,c5,c234
2972,5,0.053671405,0.248265,0.69806355,c234,c5
2974,5,0.4294669,0.2903093,0.28022376,c1,c1
2983,5,0.35248855,0.3600995,0.28741193,c234,c234
2988,5,0.66743743,0.26131642,0.07124616,c1,c1
3003,5,0.036098134,0.16291021,0.80099165,c234,c5
3007,5,0.12773249,0.24200933,0.6302582,c234,c5
3015,5,0.30863294,0.44921246,0.24215454,c1,c234
3017,5,0.66743743,0.26131642,0.07124616,c5,c1
3019,5,0.14110856,0.37068397,0.48820746,c234,c5
3023,5,0.10291464,0.349092,0.54799336,c5,c5
3041,5,0.5194828,0.30617204,0.17434514,c234,c1
3042,5,0.22160812,0.2965365,0.4818554,c1,c5
3048,5,0.3946697,0.44776565,0.15756473,c234,c234
3054,5,0.12522756,0.26168254,0.6130899,c234,c5
3056,5,0.3131704,0.41361916,0.27321044,c234,c234
3058,5,0.54181236,0.26864254,0.18954507,c1,c1
3059,5,0.08560102,0.25282687,0.66157216,c5,c5
3072,5,0.20732212,0.41070184,0.38197598,c5,c234
3074,5,0.42037958,0.2964246,0.2831958,c1,c1
3081,5,0.47370988,0.3747354,0.15155472,c1,c1
3086,5,0.19340533,0.48752847,0.31906614,c1,c234
3090,5,0.51392967,0.2827383,0.20333204,c1,c1
3094,5,0.52987486,0.3442074,0.12591778,c1,c1
3101,5,0.21537918,0.45947775,0.32514307,c234,c234
3104,5,0.39577046,0.26946405,0.33476546,c234,c1
3107,5,0.11756337,0.29293224,0.5895044,c5,c5
3114,5,0.12475949,0.4715276,0.403713,c1,c234
3122,5,0.4388853,0.39485762,0.16625702,c1,c1
3132,5,0.108283564,0.3037629,0.5879535,c5,c5
3136,5,0.5319608,0.34358552,0.12445361,c234,c1
3137,5,0.17731223,0.39032304,0.43236476,c5,c5
3139,5,0.5246641,0.34682417,0.12851171,c234,c1
3141,5,0.16240597,0.49708024,0.34051377,c234,c234
3142,5,0.82420254,0.1391577,0.0366398,c1,c1
3147,5,0.47647408,0.2636162,0.2599097,c234,c1
3149,5,0.49577582,0.29684645,0.2073777,c1,c1
3157,5,0.22767182,0.4553291,0.31699905,c5,c234
3166,5,0.11877678,0.3760002,0.505223,c1,c5
3180,5,0.4624069,0.41268137,0.12491173,c1,c1
3186,5,0.26388076,0.48493645,0.2511828,c1,c234
3192,5,0.2644802,0.47027984,0.26523998,c234,c234
3218,5,0.32897934,0.30607274,0.36494794,c5,c5
3240,5,0.23486774,0.38912684,0.37600544,c5,c234
3250,5,0.445746,0.39083266,0.16342127,c234,c1
3254,5,0.026134463,0.082680866,0.89118475,c5,c5
3255,5,0.13239792,0.37496307,0.49263903,c5,c5
3258,5,0.30825406,0.31768987,0.3740561,c234,c5
3266,5,0.2781042,0.412853,0.3090428,c234,c234
3269,5,0.5688363,0.32174793,0.109415784,c1,c1
3279,5,0.21731395,0.35187522,0.43081087,c234,c5
3280,5,0.12589262,0.50625014,0.36785725,c234,c234
3285,5,0.3009447,0.41155764,0.2874977,c234,c234
3297,5,0.10532959,0.2786947,0.61597574,c5,c5
3300,5,0.42701578,0.30602545,0.2669588,c1,c1
3302,5,0.10026299,0.43340117,0.4663358,c1,c5
3309,5,0.063068695,0.23324417,0.70368713,c5,c5
3315,5,0.11054519,0.38499373,0.5044611,c5,c5
3316,5,0.19256808,0.4994836,0.30794838,c5,c234
3317,5,0.059827946,0.22681041,0.7133617,c234,c5
3318,5,0.6257233,0.22153448,0.15274228,c5,c1
3326,5,0.21560921,0.50907654,0.27531427,c5,c234
3327,5,0.52987486,0.3442074,0.12591778,c234,c1
3332,5,0.104623176,0.25291556,0.6424613,c5,c5
3338,5,0.29343674,0.34439972,0.36216357,c234,c5
3349,5,0.21720694,0.53301823,0.24977487,c234,c234
3353,5,0.14695568,0.29354343,0.5595009,c234,c5
3364,5,0.20414889,0.4652524,0.3305987,c234,c234
3370,5,0.49723879,0.34266588,0.16009533,c234,c1
3378,5,0.28965232,0.31204045,0.3983073,c5,c5
3379,5,0.05130437,0.19183269,0.75686294,c5,c5
3385,5,0.12973493,0.32031405,0.5499511,c234,c5
3386,5,0.23226239,0.5255882,0.24214935,c5,c234
3392,5,0.47647408,0.2636162,0.2599097,c1,c1
3394,5,0.5315119,0.3315172,0.13697092,c1,c1
3401,5,0.24834953,0.47402522,0.27762523,c234,c234
3404,5,0.28937164,0.3265557,0.38407275,c234,c5
3409,5,0.58278406,0.30467853,0.11253738,c5,c1
3411,5,0.45373553,0.38857463,0.15768978,c1,c1
3415,5,0.33388743,0.4324518,0.23366076,c234,c234
3416,5,0.46295354,0.33798125,0.19906522,c5,c1
3427,5,0.2636361,0.31860813,0.41775575,c5,c5
3432,5,0.5372239,0.34889615,0.11388001,c234,c1
3433,5,0.37877133,0.3466056,0.27462307,c5,c1
3440,5,0.44138655,0.3944026,0.16421089,c1,c1
3442,5,0.52987486,0.3442074,0.12591778,c234,c1
3444,5,0.4602064,0.3225136,0.21727999,c1,c1
3448,5,0.16487373,0.3003022,0.534824,c234,c5
3450,5,0.08298517,0.22014996,0.69686496,c1,c5
3452,5,0.5167604,0.38566795,0.097571656,c1,c1
3462,5,0.28964883,0.321916,0.38843518,c234,c5
3466,5,0.4723993,0.3715154,0.15608531,c234,c1
3467,5,0.10648329,0.40186372,0.491653,c234,c5
3468,5,0.17264985,0.3052001,0.52215004,c234,c5
3471,5,0.20757017,0.34706345,0.44536635,c234,c5
3482,5,0.19800636,0.3378909,0.4641027,c234,c5
3491,5,0.61558187,0.29808503,0.08633305,c1,c1
3501,5,0.4963372,0.297364,0.20629886,c234,c1
3505,5,0.059677683,0.24183366,0.6984887,c5,c5
3506,5,0.38764614,0.39164147,0.22071241,c1,c234
3514,5,0.52987486,0.3442074,0.12591778,c5,c1
3515,5,0.3153029,0.2721069,0.41259015,c1,c5
3516,5,0.043400474,0.17213482,0.7844648,c234,c5
3525,5,0.22734055,0.2877232,0.4849362,c1,c5
3529,5,0.61374754,0.22457564,0.16167681,c1,c1
3535,5,0.15832473,0.4620593,0.37961596,c5,c234
3538,5,0.0955186,0.3244792,0.5800022,c5,c5
3546,5,0.24165663,0.42791688,0.33042645,c234,c234
3547,5,0.39575177,0.3996355,0.20461276,c1,c234
3550,5,0.3081542,0.39802733,0.29381853,c234,c234
3554,5,0.6680361,0.22851191,0.10345201,c234,c1
3557,5,0.17201611,0.31731427,0.51066965,c234,c5
3558,5,0.27399322,0.29301363,0.43299323,c5,c5
3564,5,0.22240539,0.44425398,0.33334064,c5,c234
3573,5,0.24785428,0.3354434,0.41670233,c1,c5
3575,5,0.47647408,0.2636162,0.2599097,c1,c1
3576,5,0.059904046,0.20459154,0.7355044,c5,c5
3577,5,0.0671711,0.30540764,0.6274212,c234,c5
3582,5,0.120375514,0.26110122,0.61852324,c5,c5
3583,5,0.5712565,0.34886128,0.07988221,c1,c1
3595,5,0.08669586,0.3337214,0.57958275,c5,c5
3599,5,0.3182319,0.40792015,0.2738479,c1,c234
3600,5,0.67845374,0.23486838,0.08667791,c1,c1
3608,5,0.45776972,0.32349974,0.21873061,c1,c1
3609,5,0.17932963,0.3368773,0.48379308,c234,c5
3615,5,0.5514758,0.32261676,0.12590747,c234,c1
3617,5,0.09592162,0.22012699,0.6839514,c1,c5
3619,5,0.42049906,0.30336034,0.27614057,c1,c1
3637,5,0.17052247,0.2941333,0.53534424,c234,c5
3644,5,0.4731405,0.33517936,0.19168013,c1,c1
3648,5,0.10468614,0.4091181,0.4861957,c5,c5
3658,5,0.124940105,0.48530042,0.3897595,c234,c234
3663,5,0.10475874,0.2882612,0.60698,c5,c5
3667,5,0.2115781,0.36008224,0.42833966,c1,c5
3668,5,0.18681514,0.37978002,0.43340483,c5,c5
3670,5,0.09033298,0.42489517,0.48477188,c5,c5
3672,5,0.45835605,0.41006604,0.13157795,c1,c1
3686,5,0.24620241,0.41814035,0.33565727,c5,c234
3691,5,0.675312,0.23369516,0.09099279,c1,c1
3705,5,0.054629885,0.23345134,0.71191883,c234,c5
3709,5,0.14718007,0.2583603,0.59445965,c5,c5
3714,5,0.33730936,0.43221596,0.23047474,c5,c234
3715,5,0.21419863,0.40090916,0.38489223,c5,c234
3718,5,0.48763645,0.34334648,0.16901709,c5,c1
3728,5,0.21680082,0.31916165,0.46403748,c5,c5
3729,5,0.563934,0.2931326,0.14293338,c1,c1
3741,5,0.1287506,0.34329495,0.52795446,c5,c5
3744,5,0.39009467,0.30952874,0.30037656,c5,c1
3747,5,0.07127145,0.24288063,0.685848,c5,c5
3752,5,0.4546189,0.33447924,0.2109019,c1,c1
3765,5,0.26484957,0.3287066,0.40644383,c5,c5
3767,5,0.11205515,0.27234042,0.6156044,c1,c5
3769,5,0.3091224,0.4433383,0.24753933,c1,c234
3773,5,0.04003512,0.13031216,0.82965267,c5,c5
3779,5,0.37461486,0.39557558,0.22980957,c234,c234
3783,5,0.259821,0.58477455,0.15540446,c234,c234
3786,5,0.620802,0.26226765,0.116930366,c1,c1
3795,5,0.21906182,0.4717475,0.30919078,c234,c234
3796,5,0.2808574,0.51629215,0.20285039,c234,c234
3801,5,0.6830167,0.23500924,0.08197401,c1,c1
3806,5,0.38938332,0.41733956,0.19327709,c1,c234
3810,5,0.12834601,0.24052945,0.6311245,c1,c5
3816,5,0.20176882,0.2622102,0.53602093,c234,c5
3835,5,0.17792626,0.53771365,0.28436008,c5,c234
3841,5,0.46269757,0.31036568,0.22693674,c1,c1
3850,5,0.08318008,0.24507745,0.6717425,c5,c5
3851,5,0.17317693,0.5376062,0.2892169,c5,c234
3852,5,0.5199831,0.34176338,0.13825355,c1,c1
3860,5,0.11891064,0.38216513,0.49892426,c5,c5
3861,5,0.24603157,0.41611955,0.33784884,c1,c234
3864,5,0.5313083,0.31780136,0.15089035,c234,c1
3865,5,0.49220255,0.37058276,0.13721466,c1,c1
3877,5,0.07765557,0.35050094,0.57184345,c5,c5
3879,5,0.21434194,0.298248,0.48741007,c1,c5
3887,5,0.34703258,0.4245708,0.22839661,c1,c234
3896,5,0.14176762,0.5185644,0.33966795,c1,c234
3900,5,0.24375619,0.5022354,0.2540084,c234,c234
3903,5,0.08829352,0.34488654,0.56681997,c234,c5
3904,5,0.39577046,0.26946405,0.33476546,c1,c1
3905,5,0.14545977,0.42638344,0.4281568,c234,c5
3906,5,0.14648058,0.45163277,0.4018867,c234,c234
3914,5,0.045974415,0.18548658,0.768539,c5,c5
3916,5,0.07458665,0.26192683,0.6634865,c234,c5
3919,5,0.47606888,0.39961985,0.12431133,c1,c1
3920,5,0.4886549,0.34431568,0.16702946,c5,c1
3937,5,0.13995825,0.35331836,0.5067234,c5,c5
3951,5,0.39577046,0.26946405,0.33476546,c1,c1
3955,5,0.66743743,0.26131642,0.07124616,c1,c1
3970,5,0.5096771,0.36926398,0.121058926,c234,c1
3979,5,0.45437247,0.33770218,0.20792532,c234,c1
3982,5,0.13243045,0.4149456,0.4526239,c234,c5
3986,5,0.28964883,0.321916,0.38843518,c234,c5
3998,5,0.21438627,0.5691236,0.21649013,c1,c234
4006,5,0.121142335,0.41831046,0.46054718,c5,c5
4009,5,0.6916513,0.22578314,0.08256564,c5,c1
4017,5,0.33817312,0.40941122,0.25241575,c5,c234
4020,5,0.47418407,0.3278568,0.1979591,c234,c1
4027,5,0.11620381,0.2802597,0.6035365,c5,c5
4031,5,0.66743743,0.26131642,0.07124616,c1,c1
4032,5,0.16732207,0.49202713,0.34065086,c234,c234
4038,5,0.2779211,0.4076812,0.31439772,c234,c234
4041,5,0.36052954,0.4628161,0.17665435,c1,c234
4047,5,0.60238904,0.25460094,0.1430101,c1,c1
4052,5,0.12108648,0.35728583,0.5216277,c5,c5
4061,5,0.41162354,0.2959299,0.29244652,c5,c1
4075,5,0.194761,0.42167464,0.38356438,c5,c234
4076,5,0.18496048,0.3435329,0.47150666,c234,c5
4077,5,0.3594541,0.42525002,0.21529587,c234,c234
4099,5,0.3136474,0.3417101,0.3446425,c5,c5
4103,5,0.3579193,0.47567335,0.1664073,c5,c234
4107,5,0.11466282,0.30132285,0.5840143,c234,c5
4109,5,0.18599555,0.29211238,0.52189213,c5,c5
4113,5,0.18276237,0.4802233,0.33701426,c5,c234
4117,5,0.09533709,0.34357363,0.5610892,c5,c5
4118,5,0.44395134,0.3594789,0.19656982,c1,c1
4125,5,0.43593097,0.2981422,0.26592684,c1,c1
4129,5,0.32724556,0.4964987,0.17625579,c5,c234
4133,5,0.5103921,0.34856743,0.14104041,c1,c1
4139,5,0.1181061,0.2636662,0.6182277,c5,c5
4143,5,0.5900959,0.24913137,0.16077277,c1,c1
4155,5,0.20001456,0.32157913,0.4784063,c5,c5
4163,5,0.065882735,0.288567,0.64555025,c5,c5
4164,5,0.47976634,0.35779646,0.16243719,c5,c1
4171,5,0.26398072,0.4953832,0.24063607,c234,c234
4186,5,0.3385834,0.35604727,0.30536935,c234,c234
4199,5,0.5436199,0.30221933,0.15416081,c234,c1
4201,5,0.66743743,0.26131642,0.07124616,c1,c1
4202,5,0.1486337,0.47559702,0.37576926,c234,c234
4205,5,0.09037057,0.26933601,0.6402934,c5,c5
4222,5,0.2630813,0.5067467,0.23017198,c5,c234
4224,5,0.577447,0.3474713,0.07508175,c1,c1
4227,5,0.2128244,0.4297597,0.3574159,c5,c234
4233,5,0.2608616,0.31429443,0.42484394,c5,c5
4237,5,0.35298842,0.46134004,0.18567154,c234,c234
4242,5,0.5437107,0.36258757,0.09370172,c234,c1
4247,5,0.62829226,0.22819217,0.1435155,c1,c1
4253,5,0.66743743,0.26131642,0.07124616,c5,c1
4262,5,0.46482065,0.36609104,0.1690883,c234,c1
4269,5,0.66743743,0.26131642,0.07124616,c1,c1
4284,5,0.05188562,0.24227108,0.70584327,c5,c5
4289,5,0.08418595,0.22658958,0.6892245,c5,c5
4303,5,0.15426594,0.39847812,0.44725597,c5,c5
4305,5,0.14908849,0.48173374,0.3691778,c234,c234
4318,5,0.5237576,0.2565711,0.21967132,c5,c1
4323,5,0.09393424,0.2713105,0.63475525,c5,c5
4328,5,0.57456166,0.26017934,0.16525896,c1,c1
4329,5,0.5084704,0.33082762,0.16070198,c5,c1
4334,5,0.18866315,0.4690023,0.3423345,c1,c234
4335,5,0.053856224,0.1585872,0.7875566,c5,c5
4340,5,0.47647408,0.2636162,0.2599097,c1,c1
4341,5,0.11329403,0.43642616,0.45027983,c5,c5
4343,5,0.038863104,0.16825815,0.79287875,c5,c5
4354,5,0.39662415,0.41413912,0.18923675,c5,c234
4361,5,0.52177554,0.3017364,0.17648803,c234,c1
4377,5,0.17661403,0.29624256,0.5271434,c234,c5
4385,5,0.15431188,0.37153307,0.47415504,c234,c5
4386,5,0.20801027,0.4502506,0.3417391,c234,c234
4387,5,0.2749135,0.27417618,0.45091036,c1,c5
4390,5,0.30379736,0.48456395,0.21163864,c1,c234
4400,5,0.41554496,0.43136054,0.15309453,c5,c234
4402,5,0.39920557,0.4312228,0.1695716,c1,c234
4405,5,0.09670661,0.41884553,0.48444793,c5,c5
4406,5,0.44867855,0.38508907,0.16623239,c1,c1
4407,5,0.30549955,0.37813485,0.3163656,c1,c234
4413,5,0.08647168,0.250428,0.6631003,c5,c5
4417,5,0.14614971,0.30228704,0.5515632,c5,c5
4429,5,0.09406522,0.2712249,0.6347099,c5,c5
4430,5,0.6310952,0.2627667,0.106138185,c1,c1
4432,5,0.2518301,0.29885036,0.44931948,c1,c5
4433,5,0.24347849,0.5568518,0.19966969,c1,c234
4443,5,0.10439451,0.27427173,0.6213338,c5,c5
4451,5,0.270558,0.42362592,0.30581614,c234,c234
4455,5,0.08787361,0.2583695,0.65375686,c234,c5
4460,5,0.66743743,0.26131642,0.07124616,c1,c1
4461,5,0.13075893,0.38695803,0.48228303,c234,c5
4468,5,0.66461897,0.2632481,0.07213294,c234,c1
4476,5,0.087571055,0.36085132,0.55157757,c234,c5
4484,5,0.17406145,0.34050468,0.48543388,c1,c5
4490,5,0.26331997,0.4263943,0.3102857,c1,c234
4498,5,0.3039483,0.4680712,0.2279805,c5,c234
4511,5,0.17401883,0.30429617,0.521685,c1,c5
4512,5,0.111937635,0.41885382,0.46920854,c5,c5
4515,5,0.28565744,0.4429077,0.27143484,c234,c234
4533,5,0.4274765,0.43357268,0.13895081,c1,c234
4535,5,0.48865402,0.29296643,0.21837959,c234,c1
4537,5,0.27276653,0.27291018,0.45432335,c1,c5
4540,5,0.055883102,0.23481756,0.7092993,c234,c5
4543,5,0.07798259,0.34804615,0.5739712,c1,c5
4562,5,0.44016537,0.38967937,0.17015521,c234,c1
4563,5,0.19875634,0.33731264,0.463931,c5,c5
4565,5,0.46507943,0.3512747,0.18364583,c234,c1
4570,5,0.48519325,0.37110347,0.14370325,c5,c1
4575,5,0.42432246,0.40746963,0.1682079,c234,c1
4577,5,0.30816242,0.486319,0.20551863,c1,c234
4581,5,0.27103582,0.45229566,0.2766685,c5,c234
4582,5,0.2581577,0.4253574,0.3164849,c234,c234
4583,5,0.440567,0.3483045,0.21112847,c234,c1
4585,5,0.29884785,0.3900864,0.3110657,c234,c234
4591,5,0.2124096,0.37635696,0.41123345,c1,c5
4605,5,0.280098,0.38818982,0.33171225,c234,c234
4606,5,0.37631622,0.32919186,0.29449192,c1,c1
4608,5,0.2296375,0.38508722,0.38527527,c234,c5
4614,5,0.23777871,0.37952888,0.3826924,c234,c5
4619,5,0.22241922,0.3899769,0.3876039,c1,c234
4620,5,0.08247005,0.24334167,0.6741883,c234,c5
4625,5,0.51297396,0.3641084,0.1229176,c1,c1
4627,5,0.42281917,0.29982367,0.27735716,c5,c1
4636,5,0.22677837,0.41255188,0.36066973,c1,c234
4641,5,0.12371508,0.4141521,0.4621328,c234,c5
4646,5,0.22539905,0.47293654,0.30166447,c234,c234
4649,5,0.39577046,0.26946405,0.33476546,c5,c1
4651,5,0.235001,0.32132596,0.443673,c5,c5
4657,5,0.5140416,0.36557955,0.12037888,c234,c1
4667,5,0.18446861,0.49656466,0.31896672,c1,c234
4668,5,0.090765335,0.31097817,0.59825647,c5,c5
4686,5,0.33875892,0.33167994,0.3295611,c234,c1
4690,5,0.17876019,0.34448516,0.47675472,c5,c5
4698,5,0.60129154,0.25128365,0.1474248,c234,c1
4704,5,0.8217347,0.14729294,0.030972423,c1,c1
4710,5,0.37858847,0.3851611,0.2362504,c234,c234
4711,5,0.39707962,0.35132098,0.25159937,c1,c1
4720,5,0.6199972,0.23824371,0.14175908,c1,c1
4723,5,0.104442455,0.2463291,0.64922845,c234,c5
4725,5,0.035722405,0.15756656,0.8067111,c234,c5
4728,5,0.58968544,0.27282685,0.13748771,c1,c1
4729,5,0.39981988,0.29470974,0.3054704,c5,c1
4733,5,0.17685404,0.51727104,0.30587494,c234,c234
4737,5,0.65190357,0.27727446,0.07082203,c234,c1
4745,5,0.2593636,0.42900383,0.31163254,c1,c234
4746,5,0.22149628,0.44798133,0.3305224,c5,c234
4751,5,0.23033036,0.4464734,0.32319623,c1,c234
4754,5,0.37149304,0.4280036,0.20050333,c234,c234
4755,5,0.61479616,0.23432079,0.15088314,c234,c1
4762,5,0.53074664,0.27323833,0.19601499,c1,c1
4763,5,0.15835303,0.35554963,0.48609734,c5,c5
4766,5,0.44743267,0.40284246,0.14972487,c1,c1
4773,5,0.12975161,0.32875392,0.5414945,c1,c5
4777,5,0.15946123,0.47792655,0.36261222,c1,c234
4782,5,0.10764399,0.2643804,0.6279756,c234,c5
4783,5,0.55393535,0.35939816,0.0866665,c1,c1
4789,5,0.24720484,0.42231005,0.33048508,c1,c234
4798,5,0.07422623,0.29078844,0.6349853,c234,c5
4799,5,0.6608551,0.25100842,0.08813645,c234,c1
4802,5,0.5656954,0.26911423,0.1651904,c5,c1
4812,5,0.6801543,0.24099667,0.078848995,c1,c1
4815,5,0.39575422,0.40144703,0.20279877,c5,c234
4816,5,0.20908572,0.34480822,0.44610608,c5,c5
4828,5,0.28964883,0.321916,0.38843518,c234,c5
4834,5,0.2775205,0.4424348,0.28004465,c234,c234
4839,5,0.11412106,0.28529382,0.6005851,c5,c5
4841,5,0.4210107,0.4179384,0.16105095,c234,c1
4842,5,0.07190204,0.21107404,0.71702397,c5,c5
4853,5,0.30782124,0.4938222,0.19835655,c1,c234
4857,5,0.18074065,0.38979378,0.4294656,c234,c5
4864,5,0.60114413,0.2774396,0.12141633,c234,c1
4865,5,0.3342425,0.4356152,0.23014228,c1,c234
4868,5,0.2121818,0.30319524,0.48462296,c5,c5
4874,5,0.3021381,0.45890942,0.23895253,c1,c234
4877,5,0.3153029,0.2721069,0.41259015,c1,c5
4884,5,0.3470208,0.3937064,0.25927284,c1,c234
4898,5,0.36334252,0.40986565,0.22679184,c5,c234
4899,5,0.6397333,0.2574522,0.1028145,c1,c1
4905,5,0.44482657,0.37417024,0.18100317,c234,c1
4922,5,0.34660584,0.46549907,0.18789506,c1,c234
4924,5,0.44145685,0.37415683,0.18438636,c1,c1
4927,5,0.4233769,0.42680165,0.14982148,c234,c234
4941,5,0.33287638,0.43449724,0.2326264,c234,c234
4945,5,0.031057416,0.15693514,0.81200737,c5,c5
4947,5,0.33961257,0.4078547,0.25253275,c5,c234
4963,5,0.10316408,0.323956,0.57287997,c234,c5
4964,5,0.1298605,0.48508883,0.38505068,c5,c234
4974,5,0.59171903,0.25444856,0.15383242,c1,c1
4977,5,0.35596484,0.31227994,0.3317552,c5,c1
4979,5,0.4133215,0.43869132,0.14798725,c1,c234
4984,5,0.25151703,0.3308551,0.41762784,c234,c5
4985,5,0.52923536,0.34725055,0.12351408,c5,c1
4992,5,0.5107069,0.2596047,0.22968839,c234,c1
4993,5,0.23978017,0.5037258,0.25649402,c5,c234
4994,5,0.23267065,0.4980355,0.26929384,c234,c234
4996,5,0.28552637,0.4535869,0.26088673,c234,c234
4997,5,0.28657445,0.34648275,0.36694282,c234,c5
4998,5,0.4566722,0.37532747,0.16800033,c5,c1
5012,5,0.27704912,0.32203057,0.4009203,c5,c5
5014,5,0.094231956,0.45752773,0.4482404,c234,c234
5015,5,0.66743743,0.26131642,0.07124616,c1,c1
5018,5,0.26676226,0.43245643,0.30078128,c1,c234
5028,5,0.66743743,0.26131642,0.07124616,c1,c1
5031,5,0.1694039,0.459589,0.37100714,c5,c234
5032,5,0.42340192,0.3255264,0.25107178,c1,c1
5042,5,0.513852,0.35424435,0.13190368,c234,c1
5044,5,0.14523248,0.26630944,0.58845806,c1,c5
5048,5,0.17783675,0.2571372,0.56502604,c1,c5
5057,5,0.16881706,0.28142416,0.5497588,c234,c5
5061,5,0.66743743,0.26131642,0.07124616,c1,c1
5066,5,0.07112246,0.18559006,0.7432875,c234,c5
5070,5,0.29699138,0.476045,0.22696362,c234,c234
5073,5,0.41821235,0.38438272,0.1974049,c5,c1
5075,5,0.06576184,0.194025,0.7402131,c234,c5
5085,5,0.42037958,0.2964246,0.2831958,c1,c1
5087,5,0.16221283,0.46675014,0.37103704,c1,c234
5094,5,0.34062162,0.36367586,0.2957025,c5,c234
5099,5,0.66743743,0.26131642,0.07124616,c234,c1
5113,5,0.2395167,0.39504093,0.36544234,c5,c234
5114,5,0.1530393,0.4571141,0.38984662,c5,c234
5116,5,0.69177943,0.22535686,0.08286368,c1,c1
5122,5,0.09922036,0.28431353,0.61646616,c234,c5
5126,5,0.13816561,0.29637825,0.5654561,c5,c5
5127,5,0.1561156,0.28756148,0.5563229,c234,c5
5129,5,0.07200336,0.24784331,0.6801533,c5,c5
5135,5,0.19813636,0.27356148,0.5283022,c1,c5
5138,5,0.22962682,0.42121568,0.34915745,c1,c234
5140,5,0.118433416,0.2567633,0.62480325,c5,c5
5142,5,0.31187624,0.47385952,0.21426417,c5,c234
5150,5,0.24214622,0.3752266,0.38262725,c234,c5
5154,5,0.09068963,0.2967796,0.61253077,c234,c5
5162,5,0.17582443,0.24710615,0.5770694,c234,c5
5165,5,0.278682,0.4623454,0.25897262,c5,c234
5190,5,0.3060948,0.4343122,0.25959307,c234,c234
5193,5,0.42602262,0.45471826,0.11925918,c234,c234
5198,5,0.122650556,0.5234865,0.35386294,c234,c234
5208,5,0.100889854,0.30736718,0.59174293,c5,c5
5210,5,0.33326545,0.4142496,0.25248492,c1,c234
5214,5,0.3153029,0.2721069,0.41259015,c1,c5
5234,5,0.2950746,0.46556532,0.23936012,c5,c234
5235,5,0.34572065,0.43724525,0.21703418,c1,c234
5238,5,0.09524096,0.41776782,0.48699123,c234,c5
5239,5,0.63882387,0.21439752,0.14677864,c1,c1
5245,5,0.05775877,0.1975901,0.74465114,c1,c5
5246,5,0.10316519,0.28221777,0.61461705,c1,c5
5249,5,0.37679026,0.35617217,0.2670376,c5,c1
5258,5,0.5319608,0.34358552,0.12445361,c1,c1
5261,5,0.11899074,0.30185717,0.5791521,c5,c5
5262,5,0.09438895,0.21359342,0.6920176,c1,c5
5274,5,0.16113637,0.27616772,0.5626959,c5,c5
5275,5,0.16999263,0.23754328,0.5924641,c5,c5
5281,5,0.5353797,0.31070626,0.15391405,c234,c1
5282,5,0.1417276,0.53123045,0.32704195,c5,c234
5286,5,0.39577046,0.26946405,0.33476546,c1,c1
5287,5,0.15480459,0.34936893,0.4958265,c1,c5
5292,5,0.3609587,0.30073753,0.33830377,c234,c1
5293,5,0.052517753,0.1817453,0.765737,c234,c5
5294,5,0.41177684,0.36330307,0.22492011,c5,c1
5295,5,0.20486075,0.56812984,0.22700945,c234,c234
5296,5,0.068968184,0.25524887,0.6757829,c5,c5
5304,5,0.48151204,0.38652813,0.13195984,c1,c1
5306,5,0.8186116,0.13710466,0.044283744,c5,c1
5311,5,0.40763783,0.39994866,0.19241352,c1,c1
5314,5,0.24597025,0.46043134,0.29359832,c5,c234
5322,5,0.34835386,0.4610434,0.19060273,c1,c234
5326,5,0.42985997,0.4139983,0.15614174,c5,c1
5329,5,0.54656065,0.31851426,0.13492507,c234,c1
5333,5,0.47607425,0.40443376,0.11949202,c234,c1
5350,5,0.18456274,0.4672874,0.34814984,c5,c234
5353,5,0.45027602,0.37898532,0.17073868,c234,c1
5357,5,0.20665082,0.49949566,0.2938535,c234,c234
5365,5,0.3077538,0.4224635,0.2697827,c234,c234
5369,5,0.33276194,0.2743581,0.39287993,c5,c5
5374,5,0.336526,0.35215995,0.31131402,c1,c234
5376,5,0.3153029,0.2721069,0.41259015,c5,c5
5380,5,0.135733,0.37403956,0.49022743,c234,c5
5384,5,0.42856964,0.3557741,0.21565627,c234,c1
5386,5,0.09041339,0.29292879,0.61665785,c234,c5
5387,5,0.18757932,0.45384088,0.35857973,c234,c234
5388,5,0.2257643,0.42732856,0.3469071,c234,c234
5406,5,0.25102124,0.357427,0.39155173,c1,c5
5407,5,0.66743743,0.26131642,0.07124616,c234,c1
5408,5,0.42932907,0.33838576,0.23228519,c1,c1
5417,5,0.096170135,0.3460684,0.55776143,c5,c5
5418,5,0.25614396,0.51264685,0.23120913,c1,c234
5425,5,0.56569725,0.21943095,0.2148718,c1,c1
5426,5,0.18755102,0.43543088,0.3770181,c5,c234
5428,5,0.21359503,0.32945228,0.4569527,c1,c5
5429,5,0.2691094,0.38182846,0.34906211,c5,c234
5437,5,0.52584887,0.28978604,0.1843651,c1,c1
5439,5,0.6128678,0.29273206,0.09440025,c5,c1
5443,5,0.59183186,0.24470268,0.16346543,c234,c1
5450,5,0.17220673,0.29202306,0.53577024,c5,c5
5455,5,0.20587036,0.32092786,0.47320184,c5,c5
5462,5,0.52177554,0.3017364,0.17648803,c1,c1
5467,5,0.04450833,0.21363734,0.74185437,c234,c5
5472,5,0.26034078,0.41974714,0.31991202,c234,c234
5475,5,0.19950958,0.52640826,0.2740822,c1,c234
5481,5,0.064108886,0.20148692,0.73440415,c5,c5
5484,5,0.42200157,0.4195361,0.15846232,c234,c1
5487,5,0.20582387,0.30259544,0.49158072,c5,c5
5491,5,0.29925692,0.42979226,0.2709508,c1,c234
5497,5,0.15630615,0.42915848,0.41453537,c5,c234
5499,5,0.48160857,0.42346448,0.094927005,c1,c1
5505,5,0.5419317,0.26912844,0.1889399,c5,c1
5506,5,0.33459958,0.48654246,0.17885794,c5,c234
5511,5,0.22707064,0.5252552,0.2476742,c1,c234
5512,5,0.3153029,0.2721069,0.41259015,c234,c5
5514,5,0.2630219,0.51359075,0.22338733,c5,c234
5515,5,0.27936545,0.45581353,0.26482096,c5,c234
5528,5,0.50597155,0.3043597,0.18966877,c5,c1
5532,5,0.20118682,0.33081138,0.46800184,c5,c5
5539,5,0.44237965,0.41588172,0.14173865,c234,c1
5550,5,0.23578428,0.52164364,0.24257202,c1,c234
5556,5,0.33307353,0.4491305,0.21779595,c1,c234
5560,5,0.47032693,0.32998854,0.1996845,c1,c1
5578,5,0.18540345,0.37070456,0.44389194,c234,c5
5582,5,0.21486275,0.4462844,0.33885282,c234,c234
5588,5,0.53028154,0.37620956,0.09350889,c1,c1
5596,5,0.40677455,0.41267624,0.18054919,c1,c234
5598,5,0.72492754,0.1921336,0.0829388,c1,c1
5615,5,0.17139474,0.52216464,0.30644062,c234,c234
5617,5,0.21914305,0.46048412,0.3203728,c234,c234
5620,5,0.07652391,0.36489698,0.5585791,c1,c5
5621,5,0.10674241,0.37751192,0.5157457,c5,c5
5625,5,0.37134823,0.40181738,0.22683443,c234,c234
5627,5,0.6228889,0.25421718,0.122893885,c5,c1
5643,5,0.42037958,0.2964246,0.2831958,c1,c1
5647,5,0.1974242,0.4354458,0.36713,c234,c234
5651,5,0.09397729,0.23691589,0.66910684,c1,c5
5653,5,0.33984888,0.39841637,0.26173475,c234,c234
5659,5,0.52463263,0.33997104,0.1353963,c1,c1
5662,5,0.09840728,0.23758455,0.6640082,c234,c5
5663,5,0.53580135,0.3283294,0.13586925,c1,c1
5665,5,0.23697914,0.5230726,0.23994827,c234,c234
5669,5,0.169073,0.3919565,0.43897048,c1,c5
5680,5,0.26599485,0.45373082,0.28027433,c5,c234
5686,5,0.50723886,0.3467947,0.14596641,c5,c1
5691,5,0.06576093,0.22030438,0.71393466,c234,c5
5696,5,0.12995498,0.30333698,0.5667081,c1,c5
5703,5,0.35604978,0.30917624,0.33477396,c234,c1
5727,5,0.3402687,0.43848985,0.22124146,c234,c234
5730,5,0.45139396,0.36439162,0.18421438,c1,c1
5738,5,0.30622897,0.3979652,0.29580584,c1,c234
5739,5,0.32174256,0.2900167,0.38824072,c234,c5
5748,5,0.07178363,0.29833502,0.6298813,c234,c5
5749,5,0.10398776,0.45948812,0.43652406,c5,c234
5758,5,0.23657703,0.5650303,0.1983927,c234,c234
5764,5,0.09012539,0.37110505,0.53876954,c5,c5
5765,5,0.3344578,0.45364743,0.21189478,c5,c234
5767,5,0.2861496,0.5270973,0.18675311,c234,c234
5770,5,0.42984727,0.39841822,0.17173447,c234,c1
5772,5,0.28083384,0.5042438,0.21492232,c1,c234
5777,5,0.26484957,0.3287066,0.40644383,c5,c5
5778,5,0.06027677,0.17614976,0.76357347,c234,c5
5779,5,0.22018947,0.38876298,0.39104757,c1,c5
5781,5,0.49945682,0.34490946,0.15563375,c1,c1
5783,5,0.47647408,0.2636162,0.2599097,c5,c1
5790,5,0.26350793,0.45934823,0.27714384,c234,c234
5793,5,0.32765403,0.37500432,0.29734167,c1,c234
5794,5,0.2706675,0.42454812,0.3047844,c5,c234
5804,5,0.12555027,0.3512558,0.52319396,c5,c5
5811,5,0.5003017,0.28603932,0.21365899,c5,c1
5823,5,0.5445444,0.32023838,0.13521728,c5,c1
5828,5,0.27161047,0.39902037,0.32936913,c1,c234
5843,5,0.66743743,0.26131642,0.07124616,c234,c1
5849,5,0.48392814,0.3778971,0.13817465,c1,c1
5850,5,0.19650084,0.3080468,0.49545243,c234,c5
5854,5,0.17102486,0.5485817,0.28039342,c234,c234
5860,5,0.42965582,0.4133978,0.1569464,c234,c1
5862,5,0.08217343,0.31300974,0.60481685,c5,c5
5864,5,0.2425341,0.3311813,0.42628464,c1,c5
5875,5,0.16814795,0.38087496,0.45097706,c234,c5
5881,5,0.37502515,0.39731613,0.2276587,c234,c234
5888,5,0.20788512,0.3219198,0.4701951,c1,c5
5894,5,0.2645919,0.4850428,0.25036535,c234,c234
5895,5,0.37859342,0.35556877,0.26583776,c234,c1
5896,5,0.2751148,0.5184561,0.2064291,c234,c234
5900,5,0.4652296,0.38672608,0.1480443,c234,c1
5901,5,0.1876387,0.30441898,0.5079423,c1,c5
5906,5,0.09153972,0.2589326,0.6495277,c5,c5
5912,5,0.39947465,0.3562121,0.24431323,c1,c1
5914,5,0.60826784,0.28690484,0.10482734,c1,c1
5922,5,0.3532249,0.3107321,0.33604303,c5,c1
5930,5,0.093526006,0.23108384,0.67539006,c5,c5
5934,5,0.3774747,0.31031278,0.31221256,c1,c1
5937,5,0.17499657,0.3016665,0.5233369,c5,c5
5944,5,0.4668952,0.35458863,0.17851615,c234,c1
5946,5,0.09636282,0.24640173,0.6572355,c234,c5
5947,5,0.6110123,0.25291854,0.13606925,c1,c1
5961,5,0.5220775,0.3422614,0.13566108,c5,c1
5962,5,0.19351427,0.39561406,0.41087165,c1,c5
5968,5,0.08824234,0.34747484,0.56428283,c5,c5
5971,5,0.28799474,0.3634545,0.3485508,c1,c234
5973,5,0.26484957,0.3287066,0.40644383,c234,c5
5974,5,0.22357343,0.31442428,0.46200234,c5,c5
5976,5,0.48004842,0.40631914,0.11363244,c234,c1
5980,5,0.41123807,0.3592579,0.22950397,c234,c1
5982,5,0.2719541,0.3686219,0.35942405,c234,c234
5985,5,0.09453387,0.42491442,0.48055166,c5,c5
5988,5,0.48005742,0.3555311,0.16441151,c234,c1
5992,5,0.053344127,0.16506283,0.781593,c5,c5
5993,5,0.12998609,0.42247847,0.4475354,c5,c5
5995,5,0.45099893,0.42047986,0.1285212,c234,c1
5996,5,0.16902784,0.46465442,0.36631772,c1,c234
6006,5,0.10056633,0.26847318,0.63096046,c234,c5
6007,5,0.087442726,0.27271715,0.6398401,c1,c5
6014,5,0.112075895,0.3316689,0.55625516,c5,c5
6018,5,0.22801009,0.54224765,0.2297423,c5,c234
6022,5,0.33901608,0.4956194,0.16536449,c5,c234
6024,5,0.14888619,0.4333482,0.41776562,c234,c234
6038,5,0.08456079,0.24738778,0.6680515,c234,c5
6062,5,0.21718585,0.49677935,0.2860348,c1,c234
6064,5,0.092152424,0.22259212,0.68525547,c5,c5
6066,5,0.30167243,0.34267524,0.3556523,c234,c5
6067,5,0.10316519,0.28221777,0.61461705,c1,c5
6070,5,0.17922512,0.34336334,0.47741157,c5,c5
6071,5,0.68722165,0.23240681,0.08037159,c1,c1
6074,5,0.09816535,0.3737426,0.528092,c5,c5
6077,5,0.34532785,0.38954434,0.2651278,c234,c234
6078,5,0.1766895,0.4472443,0.37606618,c5,c234
6084,5,0.33730936,0.43221596,0.23047474,c5,c234
6090,5,0.17247829,0.43329293,0.39422885,c5,c234
6105,5,0.09423516,0.38831198,0.51745284,c5,c5
6106,5,0.1982106,0.27688983,0.5248996,c5,c5
6115,5,0.41821235,0.38438272,0.1974049,c1,c1
6117,5,0.47647408,0.2636162,0.2599097,c1,c1
6124,5,0.5641505,0.2784238,0.15742575,c1,c1
6143,5,0.0897734,0.29673678,0.61348987,c234,c5
6149,5,0.30830503,0.29405877,0.3976362,c1,c5
6164,5,0.19399078,0.49816224,0.3078469,c5,c234
6167,5,0.3008625,0.36741146,0.33172607,c5,c234
6168,5,0.17419292,0.3335596,0.49224755,c1,c5
6171,5,0.19106989,0.3038045,0.50512564,c1,c5
6176,5,0.49383277,0.24946924,0.25669795,c1,c1
6177,5,0.10316519,0.28221777,0.61461705,c5,c5
6179,5,0.31949055,0.27579656,0.4047129,c5,c5
6185,5,0.16135304,0.4250049,0.41364208,c1,c234
6188,5,0.21040027,0.49411663,0.29548302,c234,c234
6206,5,0.06810828,0.26322985,0.6686619,c234,c5
6207,5,0.47111174,0.30819044,0.22069784,c1,c1
6209,5,0.47677684,0.3656914,0.1575317,c1,c1
6211,5,0.66461897,0.2632481,0.07213294,c1,c1
6212,5,0.50263166,0.37188628,0.125482,c1,c1
6213,5,0.17977744,0.4036538,0.41656882,c5,c5
6215,5,0.30188787,0.34796953,0.3501426,c234,c5
6222,5,0.66743743,0.26131642,0.07124616,c234,c1
6223,5,0.30862927,0.4481767,0.24319401,c234,c234
6235,5,0.31659263,0.34641683,0.3369905,c234,c234
6245,5,0.10677245,0.30978718,0.5834403,c234,c5
6257,5,0.4057054,0.3168327,0.27746183,c234,c1
6260,5,0.22263977,0.43654647,0.34081376,c234,c234
6268,5,0.4299805,0.32186365,0.2481559,c1,c1
6272,5,0.44138655,0.3944026,0.16421089,c234,c1
6274,5,0.66846395,0.23869756,0.09283849,c1,c1
6278,5,0.15561011,0.2838795,0.56051034,c1,c5
6286,5,0.110660344,0.51268864,0.37665102,c5,c234
6296,5,0.5260456,0.36358142,0.11037289,c5,c1
6297,5,0.07947748,0.22516996,0.69535255,c5,c5
6303,5,0.3385834,0.35604727,0.30536935,c5,c234
6310,5,0.34370542,0.4534498,0.20284481,c5,c234
6316,5,0.46055886,0.26586857,0.2735725,c234,c1
6321,5,0.16825852,0.3023427,0.52939874,c5,c5
6322,5,0.36756527,0.4425573,0.1898774,c234,c234
6327,5,0.49976903,0.29497597,0.20525508,c5,c1
6332,5,0.1063195,0.3177991,0.5758814,c234,c5
6335,5,0.4368297,0.32895237,0.23421802,c1,c1
6356,5,0.21652673,0.3390265,0.44444674,c5,c5
6359,5,0.6509669,0.24653687,0.10249622,c1,c1
6368,5,0.15629067,0.26259366,0.5811157,c5,c5
6371,5,0.2127366,0.3311461,0.45611733,c1,c5
6376,5,0.2999349,0.43555114,0.26451394,c1,c234
6384,5,0.10509101,0.20761895,0.6872901,c5,c5
6394,5,0.6226027,0.24056274,0.13683447,c234,c1
6407,5,0.064867385,0.31364843,0.6214843,c5,c5
6417,5,0.37149304,0.4280036,0.20050333,c234,c234
6421,5,0.22234575,0.30798137,0.46967286,c234,c5
6422,5,0.095197864,0.27086264,0.6339395,c1,c5
6426,5,0.17997469,0.42122114,0.39880416,c5,c234
6429,5,0.07300516,0.33453682,0.59245807,c5,c5
6435,5,0.4371231,0.36623454,0.19664238,c234,c1
6440,5,0.39010927,0.39975065,0.21014011,c5,c234
6443,5,0.07009349,0.15354744,0.776359,c5,c5
6449,5,0.3369365,0.3680027,0.29506075,c234,c234
6450,5,0.5663458,0.3276558,0.10599836,c1,c1
6467,5,0.16534528,0.5083056,0.32634908,c5,c234
6469,5,0.48275742,0.27199504,0.24524756,c1,c1
6473,5,0.4143458,0.24681388,0.33884034,c1,c1
6474,5,0.48538226,0.41324806,0.10136973,c1,c1
6478,5,0.35322908,0.44256204,0.20420885,c1,c234
6481,5,0.5683759,0.3166579,0.11496623,c234,c1
6482,5,0.3803442,0.34308323,0.27657253,c5,c1
6484,5,0.11387333,0.18822728,0.6978994,c5,c5
6490,5,0.52987486,0.3442074,0.12591778,c5,c1
6493,5,0.49207228,0.3700779,0.1378498,c1,c1
6497,5,0.05731233,0.20523396,0.73745376,c5,c5
6501,5,0.32641134,0.47359413,0.19999456,c1,c234
6502,5,0.34486946,0.33364746,0.3214831,c1,c1
6505,5,0.6127188,0.2506319,0.13664931,c234,c1
6536,5,0.47090995,0.4035781,0.12551199,c1,c1
6541,5,0.55186725,0.3445917,0.103541,c5,c1
6550,5,0.63961357,0.26329917,0.09708727,c234,c1
6555,5,0.27838618,0.4165352,0.30507863,c1,c234
6556,5,0.22411127,0.32350293,0.45238575,c1,c5
6557,5,0.21968566,0.34079614,0.43951818,c5,c5
6563,5,0.41310787,0.4198183,0.16707376,c1,c234
6585,5,0.35186192,0.38240904,0.26572904,c1,c234
6591,5,0.7774373,0.1682969,0.05426577,c1,c1
6596,5,0.49592018,0.35007536,0.15400444,c1,c1
6605,5,0.3119317,0.30071506,0.3873532,c1,c5
6626,5,0.31004444,0.41152,0.27843562,c1,c234
6628,5,0.40806708,0.29954302,0.29238987,c1,c1
6631,5,0.15512145,0.29007044,0.55480814,c1,c5
6632,5,0.38897476,0.3196789,0.29134643,c234,c1
6638,5,0.14373183,0.2908429,0.5654253,c5,c5
6641,5,0.33154303,0.3897868,0.2786701,c1,c234
6655,5,0.41501084,0.4470934,0.13789576,c1,c234
6657,5,0.14779249,0.37091586,0.48129156,c5,c5
6662,5,0.3038215,0.3223177,0.3738608,c234,c5
6663,5,0.5368376,0.31625578,0.14690661,c234,c1
6672,5,0.3035618,0.5412235,0.15521465,c234,c234
6680,5,0.29525408,0.44125843,0.26348743,c1,c234
6688,5,0.06924847,0.18880065,0.74195087,c5,c5
6692,5,0.15786253,0.41469562,0.42744187,c234,c5
6696,5,0.1687213,0.3541439,0.4771348,c1,c5
6702,5,0.3834721,0.41524005,0.20128779,c1,c234
6708,5,0.1440491,0.32852635,0.5274245,c1,c5
6721,5,0.16753839,0.31565046,0.5168111,c5,c5
6726,5,0.26388118,0.49134928,0.24476948,c1,c234
6731,5,0.3950883,0.29655385,0.3083578,c234,c1
6734,5,0.11062082,0.5664615,0.32291767,c5,c234
6735,5,0.16377878,0.4592168,0.37700438,c234,c234
6736,5,0.49999404,0.3206799,0.17932604,c1,c1
6737,5,0.30306733,0.33668798,0.36024472,c1,c5
6740,5,0.1158297,0.3609862,0.5231841,c1,c5
6743,5,0.40123835,0.4430474,0.15571423,c234,c234
6744,5,0.09378949,0.3430677,0.56314284,c234,c5
6745,5,0.11923171,0.29560608,0.5851622,c5,c5
6751,5,0.4240841,0.383596,0.19231993,c1,c1
6754,5,0.108753785,0.51681256,0.37443367,c234,c234
6765,5,0.3745006,0.41135862,0.21414074,c234,c234
6767,5,0.430774,0.3956867,0.17353928,c234,c1
6775,5,0.2959924,0.33971962,0.364288,c234,c5
6778,5,0.41847035,0.3600401,0.22148958,c1,c1
6780,5,0.13535151,0.27699533,0.58765316,c5,c5
6800,5,0.3748805,0.35828158,0.26683795,c5,c1
6810,5,0.3311007,0.3401546,0.3287447,c5,c234
6811,5,0.51657665,0.28821275,0.19521064,c1,c1
6812,5,0.37275293,0.34195295,0.28529418,c234,c1
6814,5,0.6779184,0.22588542,0.09619623,c5,c1
6817,5,0.19831242,0.3315032,0.47018436,c234,c5
6820,5,0.080562375,0.19787835,0.72155935,c5,c5
6822,5,0.17585176,0.45791,0.36623824,c234,c234
6825,5,0.61374015,0.26576078,0.12049906,c234,c1
6826,5,0.6134389,0.2939004,0.09266066,c1,c1
6827,5,0.09310254,0.33741012,0.56948733,c234,c5
6830,5,0.5694711,0.34033743,0.09019145,c1,c1
6832,5,0.097724594,0.39644763,0.5058278,c5,c5
6833,5,0.25098243,0.2856965,0.46332097,c1,c5
6835,5,0.04156829,0.13323742,0.82519436,c234,c5
6836,5,0.17586255,0.3903587,0.4337788,c234,c5
6837,5,0.15309954,0.43042782,0.4164726,c234,c234
6846,5,0.22346689,0.42995572,0.34657738,c234,c234
6856,5,0.39577046,0.26946405,0.33476546,c5,c1
6864,5,0.07359101,0.31264117,0.6137678,c5,c5
6868,5,0.19114561,0.523535,0.28531936,c234,c234
6878,5,0.5379064,0.31561148,0.14648211,c1,c1
6880,5,0.042748272,0.1716409,0.78561085,c5,c5
6881,5,0.44311357,0.36834195,0.18854448,c5,c1
6890,5,0.3699896,0.30856764,0.32144272,c5,c1
6897,5,0.43774906,0.41052502,0.15172589,c234,c1
6898,5,0.3153029,0.2721069,0.41259015,c5,c5
6907,5,0.372377,0.4568031,0.17081992,c5,c234
6913,5,0.3656245,0.40391973,0.23045576,c234,c234
6920,5,0.1664779,0.4438894,0.38963264,c234,c234
6925,5,0.5735947,0.33408508,0.09232019,c1,c1
6927,5,0.66743743,0.26131642,0.07124616,c1,c1
6928,5,0.64297396,0.23207515,0.12495088,c1,c1
6931,5,0.43835187,0.37316144,0.18848675,c1,c1
6934,5,0.13693404,0.4781802,0.3848858,c234,c234
6938,5,0.37089905,0.40574005,0.2233609,c5,c234
6945,5,0.05989356,0.22526467,0.7148418,c1,c5
6946,5,0.456648,0.32901162,0.21434036,c1,c1
6949,5,0.09825763,0.17995295,0.7217894,c234,c5
6950,5,0.16044602,0.3769851,0.46256888,c5,c5
6972,5,0.14464453,0.5558345,0.29952097,c5,c234
6980,5,0.3465847,0.47837403,0.17504127,c5,c234
6991,5,0.39870954,0.36807144,0.23321907,c1,c1
7012,5,0.3098642,0.47966346,0.21047235,c5,c234
7013,5,0.40104797,0.40104797,0.19790404,c234,c1
7014,5,0.22942351,0.41406536,0.35651118,c5,c234
7034,5,0.5176703,0.39276657,0.08956315,c1,c1
7035,5,0.37801975,0.43113282,0.19084752,c5,c234
7042,5,0.6599423,0.24258667,0.09747099,c1,c1
7046,5,0.17505349,0.40960333,0.41534323,c234,c5
7047,5,0.19424194,0.28473267,0.5210254,c1,c5
7054,5,0.54428893,0.3619555,0.09375557,c234,c1
7056,5,0.5274592,0.29970375,0.17283699,c234,c1
7058,5,0.5230594,0.2521951,0.22474547,c1,c1
7062,5,0.55325454,0.31906766,0.12767777,c5,c1
7063,5,0.4143673,0.28904554,0.29658717,c1,c1
7066,5,0.31429026,0.31658134,0.36912844,c5,c5
7067,5,0.12147131,0.34309527,0.53543335,c5,c5
7072,5,0.15374583,0.48991713,0.35633698,c234,c234
7085,5,0.06302954,0.2878393,0.6491311,c234,c5
7088,5,0.6961426,0.22279952,0.081057906,c1,c1
7093,5,0.44789508,0.37537414,0.17673075,c234,c1
7095,5,0.35308766,0.37968737,0.267225,c234,c234
7096,5,0.18530503,0.5101468,0.3045482,c1,c234
7099,5,0.06536804,0.20315,0.73148197,c5,c5
7106,5,0.0587387,0.2503976,0.6908637,c234,c5
7110,5,0.7678134,0.1772144,0.054972224,c234,c1
7118,5,0.48329976,0.2738005,0.24289976,c234,c1
7124,5,0.65425265,0.27052808,0.07521929,c5,c1
7126,5,0.11363691,0.3106745,0.57568866,c5,c5
7127,5,0.07936449,0.24202509,0.6786104,c5,c5
7137,5,0.59169257,0.3172132,0.091094136,c1,c1
7138,5,0.46107325,0.36460543,0.17432138,c1,c1
7143,5,0.3310106,0.43600908,0.23298033,c1,c234
7145,5,0.22011538,0.33339003,0.44649458,c5,c5
7152,5,0.26324317,0.31490943,0.42184734,c1,c5
7156,5,0.39380777,0.43590546,0.17028677,c1,c234
7169,5,0.5065637,0.29247954,0.20095672,c1,c1
7174,5,0.60124,0.27535173,0.12340826,c234,c1
7181,5,0.4100451,0.38482574,0.20512922,c234,c1
7184,5,0.07669405,0.22829632,0.6950096,c234,c5
7186,5,0.107136056,0.29530704,0.5975569,c5,c5
7190,5,0.21610971,0.31872734,0.46516293,c1,c5
7194,5,0.11390327,0.37111127,0.51498544,c5,c5
7196,5,0.08899822,0.34493387,0.56606793,c5,c5
7197,5,0.15072688,0.36414406,0.485129,c5,c5
7198,5,0.36574307,0.3348063,0.2994506,c1,c1
7201,5,0.11427623,0.23640524,0.6493185,c234,c5
7206,5,0.07459248,0.24114046,0.6842671,c5,c5
7209,5,0.2524654,0.33694154,0.41059297,c1,c5
7220,5,0.05999985,0.17919208,0.76080805,c234,c5
7221,5,0.42264643,0.39289325,0.18446034,c234,c1
7238,5,0.66743743,0.26131642,0.07124616,c1,c1
7242,5,0.28964883,0.321916,0.38843518,c5,c5
7250,5,0.3330987,0.5189452,0.14795607,c234,c234
7252,5,0.12944245,0.38985527,0.4807023,c234,c5
7256,5,0.67951673,0.21494474,0.10553864,c1,c1
7265,5,0.41419104,0.3614403,0.2243686,c234,c1
7266,5,0.3714673,0.4229879,0.20554477,c1,c234
7267,5,0.0955186,0.3244792,0.5800022,c5,c5
7270,5,0.52820766,0.34797516,0.123817146,c5,c1
7280,5,0.22200319,0.32046968,0.4575272,c5,c5
7286,5,0.22322598,0.30148545,0.47528848,c5,c5
7307,5,0.47647408,0.2636162,0.2599097,c1,c1
7313,5,0.16510989,0.35525885,0.47963122,c1,c5
7316,5,0.10231082,0.25672317,0.64096594,c234,c5
7328,5,0.13596268,0.2546948,0.60934246,c234,c5
7331,5,0.1813487,0.28171962,0.5369317,c1,c5
7341,5,0.078594975,0.36698586,0.55441916,c5,c5
7350,5,0.23912436,0.4065657,0.35431,c5,c234
7351,5,0.20490322,0.50013185,0.29496497,c1,c234
7355,5,0.6267542,0.27147898,0.10176675,c234,c1
7358,5,0.1330121,0.25643447,0.61055344,c5,c5
7361,5,0.2287791,0.31362143,0.45759946,c1,c5
7370,5,0.13557522,0.28180522,0.5826196,c5,c5
7374,5,0.100075044,0.307201,0.59272397,c5,c5
7381,5,0.25944787,0.49919924,0.2413528,c1,c234
7382,5,0.5044775,0.35218206,0.14334044,c234,c1
7383,5,0.2160526,0.38666287,0.39728457,c5,c5
7386,5,0.5049285,0.28571343,0.20935804,c5,c1
7397,5,0.22324438,0.47999227,0.29676336,c234,c234
7398,5,0.13769092,0.21085253,0.65145653,c1,c5
7408,5,0.3958354,0.43283385,0.1713308,c1,c234
7413,5,0.1220448,0.3226461,0.5553091,c5,c5
7414,5,0.087901644,0.24131577,0.6707826,c5,c5
7430,5,0.047373883,0.22020747,0.73241866,c5,c5
7435,5,0.50758874,0.36569172,0.12671953,c234,c1
7438,5,0.20155954,0.4493682,0.3490723,c5,c234
7439,5,0.34549534,0.51751155,0.13699307,c234,c234
7442,5,0.09976774,0.34132168,0.55891055,c5,c5
7444,5,0.2881243,0.47951546,0.23236021,c234,c234
7455,5,0.6481299,0.24580725,0.10606292,c1,c1
7456,5,0.32774815,0.42491496,0.2473369,c5,c234
7465,5,0.23032542,0.3913665,0.37830812,c1,c234
7476,5,0.18647811,0.4977029,0.315819,c1,c234
7483,5,0.45461595,0.41870958,0.12667452,c5,c1
7486,5,0.42110026,0.3877464,0.19115336,c1,c1
7487,5,0.0956116,0.3328223,0.5715661,c234,c5
7492,5,0.12535667,0.24143969,0.6332036,c234,c5
7495,5,0.28003317,0.44591716,0.2740496,c1,c234
7497,5,0.17264985,0.3052001,0.52215004,c1,c5
7501,5,0.40489078,0.3887148,0.20639448,c234,c1
7514,5,0.6235968,0.25094298,0.12546018,c234,c1
7515,5,0.29301023,0.4927105,0.21427928,c1,c234
7518,5,0.2891945,0.5075366,0.2032689,c5,c234
7528,5,0.13161851,0.3044201,0.56396145,c5,c5
7532,5,0.32864434,0.43933377,0.23202188,c5,c234
7535,5,0.10423367,0.34210294,0.55366343,c234,c5
7545,5,0.3960511,0.40489915,0.19904979,c234,c234
7548,5,0.2982589,0.44390294,0.25783816,c1,c234
7549,5,0.4279371,0.34306055,0.2290023,c5,c1
7550,5,0.11962206,0.47173038,0.4086475,c5,c234
7556,5,0.32486936,0.37013036,0.3050003,c5,c234
7562,5,0.16400577,0.5307112,0.30528307,c5,c234
7563,5,0.12301323,0.30371824,0.5732686,c5,c5
7573,5,0.12166971,0.44591933,0.43241093,c1,c234
7577,5,0.15718572,0.31892234,0.5238919,c234,c5
7584,5,0.5765315,0.32777676,0.0956917,c234,c1
7587,5,0.33501717,0.2909703,0.37401253,c1,c5
7589,5,0.17747001,0.26114157,0.56138843,c234,c5
7590,5,0.56009835,0.24905844,0.19084321,c234,c1
7595,5,0.043125123,0.18269743,0.77417743,c5,c5
7598,5,0.24293928,0.37950072,0.37756,c5,c234
7602,5,0.3726106,0.40033883,0.22705053,c234,c234
7603,5,0.11049775,0.298828,0.5906742,c5,c5
7608,5,0.09647727,0.35880676,0.54471594,c1,c5
7609,5,0.0338351,0.13998604,0.8261788,c5,c5
7613,5,0.16303857,0.4160287,0.4209327,c1,c5
7625,5,0.40737364,0.41277987,0.17984654,c234,c234
7631,5,0.35286555,0.37025163,0.27688283,c5,c234
7636,5,0.6248987,0.21802528,0.15707606,c1,c1
7638,5,0.55670124,0.35750794,0.08579078,c1,c1
7639,5,0.3325598,0.25434515,0.413095,c1,c5
7640,5,0.30925184,0.49072647,0.20002171,c5,c234
7647,5,0.43945536,0.2879469,0.27259773,c234,c1
7655,5,0.27657902,0.31174052,0.41168043,c5,c5
7656,5,0.37265,0.33797887,0.2893711,c1,c1
7660,5,0.55738336,0.29700136,0.14561528,c1,c1
7662,5,0.110902965,0.31841102,0.57068604,c5,c5
7663,5,0.35277635,0.33963463,0.30758902,c234,c1
7669,5,0.6106475,0.27269453,0.11665797,c1,c1
7677,5,0.8103732,0.14986737,0.039759405,c1,c1
7681,5,0.5336995,0.35344347,0.11285705,c1,c1
7685,5,0.5795465,0.30510145,0.11535198,c1,c1
7690,5,0.18187447,0.40776446,0.41036105,c5,c5
7693,5,0.49424168,0.36621478,0.13954347,c234,c1
7697,5,0.31704217,0.4025194,0.28043842,c234,c234
7700,5,0.35888574,0.41570535,0.22540891,c1,c234
7701,5,0.69139314,0.19003431,0.118572555,c1,c1
7709,5,0.124539316,0.47764114,0.39781952,c1,c234
7717,5,0.6588564,0.23033649,0.11080709,c1,c1
7721,5,0.17307606,0.42617673,0.40074718,c5,c234
7724,5,0.22397967,0.48784494,0.2881754,c1,c234
7730,5,0.34676728,0.5133653,0.1398674,c1,c234
7734,5,0.1493454,0.43098626,0.4196684,c1,c234
7735,5,0.53975093,0.33513898,0.12511005,c234,c1
7740,5,0.15299983,0.5242047,0.32279548,c234,c234
7741,5,0.36908045,0.36692417,0.2639954,c5,c1
7743,5,0.11689183,0.291508,0.5916002,c5,c5
7758,5,0.48965266,0.3049801,0.20536725,c5,c1
7759,5,0.1168875,0.2533808,0.6297317,c5,c5
7760,5,0.099598475,0.2368336,0.6635679,c5,c5
7761,5,0.36864525,0.45322004,0.17813466,c1,c234
7762,5,0.07860261,0.20978737,0.71161,c234,c5
7765,5,0.060085475,0.2747297,0.66518486,c5,c5
7777,5,0.42315835,0.39404196,0.1827997,c1,c1
7785,5,0.66743743,0.26131642,0.07124616,c1,c1
7786,5,0.07766071,0.23822106,0.6841182,c234,c5
7788,5,0.049980145,0.21628383,0.733736,c234,c5
7789,5,0.30094555,0.4134818,0.28557262,c1,c234
7799,5,0.36915725,0.43822452,0.19261819,c234,c234
7824,5,0.618535,0.29585397,0.085611075,c234,c1
7828,5,0.16588825,0.546589,0.28752276,c234,c234
7829,5,0.63984835,0.23335576,0.12679592,c234,c1
7841,5,0.16161844,0.48854882,0.3498327,c1,c234
7843,5,0.45344797,0.29262513,0.25392693,c234,c1
7851,5,0.66743743,0.26131642,0.07124616,c5,c1
7860,5,0.22654277,0.4331686,0.34028858,c5,c234
7862,5,0.33165985,0.3219073,0.34643283,c5,c5
7869,5,0.17004387,0.39286214,0.43709397,c5,c5
7871,5,0.15369023,0.46731317,0.37899652,c234,c234
7874,5,0.49266425,0.3414252,0.16591059,c1,c1
7881,5,0.37750998,0.4695894,0.15290067,c1,c234
7888,5,0.52177554,0.3017364,0.17648803,c5,c1
7899,5,0.13428861,0.43179893,0.4339125,c234,c5
7910,5,0.37026393,0.40774894,0.22198713,c5,c234
7917,5,0.31689775,0.39234486,0.29075736,c5,c234
7918,5,0.07956757,0.3185609,0.60187155,c5,c5
7923,5,0.67563975,0.2368536,0.087506644,c234,c1
7932,5,0.1738844,0.3468251,0.4792905,c5,c5
7944,5,0.08376342,0.17943934,0.7367973,c234,c5
7948,5,0.45006382,0.30826858,0.24166761,c5,c1
7949,5,0.15685976,0.315977,0.52716327,c234,c5
7952,5,0.19314294,0.320584,0.48627305,c234,c5
7955,5,0.11732992,0.3563201,0.5263499,c234,c5
7960,5,0.6382611,0.25339508,0.10834384,c234,c1
7962,5,0.1842612,0.5389358,0.27680302,c5,c234
7964,5,0.4329717,0.33245754,0.23457074,c234,c1
7968,5,0.29173684,0.40238762,0.3058755,c5,c234
7974,5,0.28964883,0.321916,0.38843518,c1,c5
7977,5,0.3377427,0.46673918,0.19551818,c234,c234
7979,5,0.4223749,0.33158657,0.24603851,c234,c1
7982,5,0.35534182,0.45371306,0.1909452,c234,c234
7986,5,0.47701618,0.3705947,0.15238911,c234,c1
7992,5,0.54691666,0.26481086,0.18827246,c1,c1
8004,5,0.22867478,0.4208027,0.3505225,c1,c234
8006,5,0.53391457,0.31266758,0.1534179,c234,c1
8009,5,0.11449673,0.27732494,0.6081783,c234,c5
8010,5,0.18220739,0.41433662,0.403456,c5,c234
8011,5,0.15790841,0.30841577,0.53367585,c1,c5
8012,5,0.046781864,0.18405719,0.769161,c5,c5
8021,5,0.13666083,0.28895804,0.5743812,c234,c5
8023,5,0.13211212,0.25849724,0.6093906,c1,c5
8024,5,0.32393295,0.4995172,0.17654979,c1,c234
8035,5,0.26960218,0.42086557,0.3095323,c5,c234
8036,5,0.28386328,0.36785683,0.34827986,c5,c234
8038,5,0.4258078,0.37476626,0.19942598,c1,c1
8039,5,0.052402385,0.23750356,0.71009403,c5,c5
8041,5,0.19046979,0.4736091,0.33592114,c234,c234
8048,5,0.46636137,0.35783365,0.17580491,c1,c1
8049,5,0.057106398,0.22790968,0.7149838,c5,c5
8058,5,0.48155448,0.33360374,0.18484172,c1,c1
8059,5,0.09362851,0.39074138,0.5156301,c234,c5
8063,5,0.11790699,0.3376947,0.54439837,c5,c5
8064,5,0.16779387,0.5606154,0.27159068,c5,c234
8068,5,0.3385834,0.35604727,0.30536935,c5,c234
8070,5,0.26082316,0.37274644,0.36643037,c234,c234
8079,5,0.41310787,0.4198183,0.16707376,c1,c234
8083,5,0.17610876,0.33058456,0.49330667,c1,c5
8096,5,0.32174256,0.2900167,0.38824072,c5,c5
8098,5,0.24992757,0.3308578,0.41921464,c234,c5
8100,5,0.16992544,0.33027002,0.4998046,c1,c5
8107,5,0.108368814,0.3927361,0.49889505,c234,c5
8108,5,0.15595089,0.33095506,0.51309407,c1,c5
8113,5,0.1472739,0.28484982,0.5678763,c5,c5
8114,5,0.12820947,0.46464005,0.40715054,c234,c234
8118,5,0.30536032,0.41679257,0.27784714,c5,c234
8127,5,0.39577046,0.26946405,0.33476546,c234,c1
8131,5,0.694164,0.20524459,0.10059148,c5,c1
8132,5,0.34388745,0.38678464,0.2693279,c234,c234
8133,5,0.07127563,0.2745648,0.6541596,c234,c5
8137,5,0.22882907,0.35131606,0.4198548,c234,c5
8140,5,0.09703075,0.2504833,0.652486,c5,c5
8141,5,0.28824612,0.4007767,0.31097716,c1,c234
8145,5,0.2775123,0.36014143,0.36234626,c1,c5
8157,5,0.13988504,0.40546316,0.45465183,c234,c5
8160,5,0.025621423,0.082585916,0.8917926,c5,c5
8165,5,0.18172795,0.33051604,0.48775604,c5,c5
8169,5,0.21389244,0.57851726,0.20759025,c1,c234
8170,5,0.37587464,0.4201895,0.20393583,c5,c234
8173,5,0.29940033,0.32845587,0.3721438,c234,c5
8174,5,0.6761636,0.23330538,0.09053104,c1,c1
8180,5,0.1097527,0.30240873,0.5878386,c5,c5
8204,5,0.2669797,0.42119887,0.31182143,c5,c234
8206,5,0.47520858,0.33170855,0.1930828,c1,c1
8217,5,0.17004512,0.52943265,0.30052224,c5,c234
8221,5,0.08277041,0.31482226,0.60240734,c5,c5
8222,5,0.20542967,0.2741967,0.52037364,c234,c5
8224,5,0.3385834,0.35604727,0.30536935,c234,c234
8225,5,0.14805451,0.30985546,0.54209006,c1,c5
8229,5,0.3965951,0.3404703,0.26293454,c5,c1
8230,5,0.36576137,0.3454093,0.2888294,c5,c1
8234,5,0.19142479,0.34925884,0.4593163,c234,c5
8242,5,0.3142109,0.41930896,0.2664802,c234,c234
8254,5,0.17345506,0.2995206,0.5270243,c234,c5
8267,5,0.21133238,0.3807166,0.407951,c1,c5
8271,5,0.15344088,0.28254846,0.5640107,c1,c5
8281,5,0.1318677,0.3491257,0.51900655,c5,c5
8285,5,0.262353,0.33953074,0.3981163,c234,c5
8288,5,0.6591954,0.21639997,0.124404654,c234,c1
8291,5,0.3697752,0.3261674,0.30405742,c234,c1
8300,5,0.13019508,0.5054652,0.3643397,c234,c234
8302,5,0.78235215,0.16125053,0.056397352,c234,c1
8304,5,0.0797677,0.2958669,0.62436545,c234,c5
8310,5,0.24055378,0.42920005,0.33024612,c5,c234
8312,5,0.55682516,0.33379686,0.10937802,c5,c1
8317,5,0.48004165,0.39151174,0.12844664,c234,c1
8322,5,0.66743743,0.26131642,0.07124616,c1,c1
8337,5,0.685867,0.21327724,0.100855775,c1,c1
8339,5,0.22075076,0.55496734,0.22428185,c234,c234
8343,5,0.100950606,0.36647782,0.53257155,c5,c5
8357,5,0.6916513,0.22578314,0.08256564,c5,c1
8361,5,0.44480652,0.3533775,0.20181598,c234,c1
8366,5,0.2577615,0.45521075,0.28702775,c1,c234
8370,5,0.2814342,0.47315824,0.24540757,c5,c234
8371,5,0.2706258,0.3672023,0.36217192,c234,c234
8376,5,0.18038513,0.3448272,0.47478765,c5,c5
8378,5,0.27936473,0.3542484,0.36638686,c234,c5
8397,5,0.5347729,0.24778342,0.21744367,c234,c1
8400,5,0.56224555,0.3276348,0.110119656,c1,c1
8403,5,0.63984835,0.23335576,0.12679592,c1,c1
8410,5,0.3385834,0.35604727,0.30536935,c1,c234
8415,5,0.26905236,0.4892918,0.24165586,c1,c234
8418,5,0.13514227,0.32957616,0.53528154,c5,c5
8424,5,0.07702681,0.22255822,0.700415,c234,c5
8426,5,0.2967207,0.48611423,0.21716502,c1,c234
8437,5,0.13466194,0.27839053,0.58694756,c234,c5
8438,5,0.39409214,0.3938036,0.21210425,c1,c1
8443,5,0.1180129,0.42560378,0.4563833,c1,c5
8454,5,0.4461129,0.3458674,0.20801967,c5,c1
8469,5,0.14760852,0.5372996,0.31509194,c234,c234
8475,5,0.66743743,0.26131642,0.07124616,c1,c1
8479,5,0.10458299,0.25508133,0.6403357,c234,c5
8481,5,0.12103824,0.3115822,0.56737953,c5,c5
8484,5,0.19710559,0.43965295,0.36324143,c234,c234
8489,5,0.20745844,0.50144774,0.29109383,c1,c234
8491,5,0.17313722,0.38430932,0.44255337,c1,c5
8493,5,0.24764372,0.32976097,0.4225953,c5,c5
8499,5,0.15338777,0.47431678,0.37229547,c5,c234
8508,5,0.47647408,0.2636162,0.2599097,c5,c1
8509,5,0.12435397,0.27039003,0.6052561,c5,c5
8510,5,0.39577046,0.26946405,0.33476546,c1,c1
8522,5,0.6695071,0.22965898,0.100833975,c1,c1
8526,5,0.57909423,0.2505596,0.17034614,c5,c1
8528,5,0.63984835,0.23335576,0.12679592,c234,c1
8532,5,0.62686497,0.270902,0.10223301,c1,c1
8535,5,0.17993735,0.40767887,0.41238376,c1,c5
8540,5,0.09176491,0.34665552,0.5615795,c5,c5
8556,5,0.056158155,0.19465208,0.7491897,c5,c5
8558,5,0.57272327,0.25548193,0.17179486,c1,c1
8575,5,0.13341469,0.48920354,0.3773817,c234,c234
8583,5,0.66461897,0.2632481,0.07213294,c234,c1
8585,5,0.4102646,0.3956086,0.19412675,c5,c1
8590,5,0.17024963,0.34475434,0.48499605,c5,c5
8593,5,0.12167703,0.29811773,0.58020526,c1,c5
8594,5,0.27434498,0.3625618,0.3630933,c234,c5
8595,5,0.2229828,0.46050072,0.31651652,c5,c234
8596,5,0.35541093,0.3927802,0.25180882,c5,c234
8608,5,0.087502815,0.32408214,0.5884151,c5,c5
8609,5,0.39755464,0.44361252,0.15883277,c234,c234
8611,5,0.434191,0.33138028,0.23442869,c5,c1
8614,5,0.37605754,0.44734323,0.17659922,c5,c234
8622,5,0.20344652,0.44916725,0.34738627,c234,c234
8627,5,0.51440686,0.3526412,0.13295189,c5,c1
8635,5,0.30236965,0.46464646,0.23298386,c1,c234
8641,5,0.47647408,0.2636162,0.2599097,c234,c1
8644,5,0.15037206,0.3836137,0.4660142,c1,c5
8648,5,0.3052745,0.46676826,0.22795726,c5,c234
8650,5,0.29554513,0.40835002,0.29610485,c5,c234
8652,5,0.41866925,0.30899718,0.27233353,c1,c1
8653,5,0.44424108,0.40163246,0.1541265,c234,c1
8655,5,0.05285019,0.20897551,0.7381743,c5,c5
8656,5,0.66743743,0.26131642,0.07124616,c234,c1
8657,5,0.3745246,0.32151824,0.30395716,c234,c1
8668,5,0.11139096,0.3314173,0.5571918,c5,c5
8674,5,0.048475496,0.19471978,0.75680476,c234,c5
8677,5,0.48152137,0.37762764,0.14085099,c1,c1
8679,5,0.3903922,0.32153973,0.2880681,c234,c1
8682,5,0.15511984,0.3564626,0.48841757,c234,c5
8683,5,0.45975485,0.42354602,0.11669918,c234,c1
8684,5,0.19779058,0.52699405,0.2752154,c234,c234
8687,5,0.2248788,0.52528983,0.24983136,c234,c234
8691,5,0.4935009,0.35264614,0.15385295,c5,c1
8695,5,0.091871075,0.23127422,0.67685467,c1,c5
8701,5,0.25724533,0.4229884,0.3197662,c234,c234
8711,5,0.49682048,0.35415256,0.14902696,c234,c1
8724,5,0.115676805,0.2962939,0.58802927,c5,c5
8726,5,0.5391136,0.3023784,0.158508,c1,c1
8730,5,0.054653633,0.33316332,0.61218303,c1,c5
8731,5,0.10016926,0.25046125,0.64936954,c234,c5
8743,5,0.13152507,0.35534674,0.51312816,c1,c5
8746,5,0.43040085,0.39399493,0.1756042,c234,c1
8754,5,0.17091087,0.28818512,0.540904,c234,c5
8759,5,0.5523842,0.33418018,0.11343568,c5,c1
8763,5,0.061757278,0.2129388,0.7253039,c5,c5
8766,5,0.3494476,0.38496616,0.26558623,c5,c234
8773,5,0.3958853,0.33336884,0.27074587,c5,c1
8776,5,0.64297396,0.23207515,0.12495088,c1,c1
8782,5,0.8145123,0.13826223,0.047225468,c5,c1
8786,5,0.15163122,0.45246622,0.3959026,c234,c234
8794,5,0.063448295,0.25840348,0.67814827,c5,c5
8796,5,0.57970345,0.24018589,0.18011065,c5,c1
8798,5,0.57228273,0.27057484,0.15714245,c1,c1
8810,5,0.37914318,0.39218253,0.22867431,c1,c234
8811,5,0.14890169,0.42149743,0.4296009,c234,c5
8814,5,0.39154503,0.33862656,0.26982838,c1,c1
8823,5,0.35160083,0.47117102,0.17722815,c5,c234
8833,5,0.29483047,0.4553621,0.24980734,c234,c234
8841,5,0.35390383,0.31818876,0.3279074,c5,c1
8844,5,0.25075787,0.46676493,0.28247723,c234,c234
8846,5,0.41024554,0.39869288,0.19106156,c234,c1
8848,5,0.16781855,0.58317584,0.24900562,c1,c234
8851,5,0.05924671,0.16791509,0.7728382,c5,c5
8866,5,0.11736287,0.19124432,0.6913928,c1,c5
8870,5,0.24099626,0.52139604,0.23760776,c5,c234
8880,5,0.61618924,0.23852102,0.14528975,c234,c1
8889,5,0.6353953,0.22087714,0.14372751,c1,c1
8890,5,0.3972902,0.42654243,0.17616737,c1,c234
8891,5,0.4620751,0.32293501,0.21498984,c234,c1
8894,5,0.4589426,0.33794898,0.20310836,c1,c1
8895,5,0.15319501,0.3122324,0.5345726,c234,c5
8900,5,0.076593794,0.24967416,0.67373204,c1,c5
8912,5,0.16776511,0.49080712,0.34142774,c234,c234
8922,5,0.40169752,0.40603587,0.1922666,c1,c234
8924,5,0.6858147,0.22303224,0.09115315,c234,c1
8948,5,0.5427271,0.30463746,0.15263538,c1,c1
8954,5,0.13099281,0.31209466,0.5569125,c1,c5
8957,5,0.525597,0.31666723,0.1577358,c234,c1
8961,5,0.29198223,0.43592274,0.27209508,c5,c234
8970,5,0.10362435,0.2531755,0.6432001,c234,c5
8973,5,0.07936449,0.24202509,0.6786104,c1,c5
8991,5,0.5118892,0.37864327,0.109467514,c1,c1
8995,5,0.64758223,0.20657586,0.14584191,c1,c1
9016,5,0.29411584,0.41411647,0.29176775,c1,c234
9017,5,0.26708436,0.47578073,0.25713485,c1,c234
9019,5,0.17007896,0.44897443,0.38094664,c1,c234
9021,5,0.49741337,0.29774967,0.20483698,c1,c1
9023,5,0.63984835,0.23335576,0.12679592,c1,c1
9029,5,0.54777056,0.2965118,0.1557176,c234,c1
9032,5,0.3073184,0.42272925,0.2699524,c234,c234
9039,5,0.13950266,0.3920098,0.4684875,c234,c5
9040,5,0.53301316,0.33547032,0.13151647,c234,c1
9044,5,0.66743743,0.26131642,0.07124616,c5,c1
9046,5,0.5836665,0.26496452,0.15136898,c234,c1
9049,5,0.42662323,0.40263882,0.17073792,c234,c1
9055,5,0.44654483,0.43588126,0.11757391,c5,c1
9061,5,0.076104075,0.22848417,0.69541174,c1,c5
9079,5,0.107925266,0.23192003,0.6601547,c1,c5
9083,5,0.5683759,0.3166579,0.11496623,c234,c1
9084,5,0.5114457,0.3081412,0.1804131,c1,c1
9087,5,0.256729,0.5291583,0.2141127,c5,c234
9089,5,0.13921523,0.45736158,0.40342313,c234,c234
9094,5,0.18831757,0.5329422,0.27874032,c5,c234
9100,5,0.49451056,0.38203487,0.12345456,c1,c1
9107,5,0.15605234,0.41054133,0.43340638,c234,c5
9111,5,0.3217706,0.40688655,0.2713428,c1,c234
9117,5,0.43008608,0.36625904,0.20365489,c1,c1
9120,5,0.15511978,0.4708545,0.37402573,c234,c234
9122,5,0.14453876,0.36036664,0.49509463,c234,c5
9125,5,0.16670446,0.4862774,0.3470181,c234,c234
9127,5,0.41517568,0.43372166,0.15110268,c234,c234
9134,5,0.26732388,0.29533672,0.43733937,c234,c5
9135,5,0.0603921,0.31581452,0.62379336,c5,c5
9137,5,0.14327557,0.30990142,0.5468231,c234,c5
9138,5,0.5044111,0.34901172,0.14657713,c234,c1
9140,5,0.09661278,0.23667955,0.6667077,c234,c5
9143,5,0.547105,0.2985016,0.15439342,c234,c1
9144,5,0.23593457,0.32317397,0.44089144,c1,c5
9147,5,0.19385658,0.34348384,0.4626596,c1,c5
9157,5,0.1228698,0.4756303,0.4014999,c234,c234
9158,5,0.15824707,0.3154812,0.52627176,c5,c5
9170,5,0.41048166,0.41562462,0.17389378,c234,c234
9186,5,0.66743743,0.26131642,0.07124616,c1,c1
9195,5,0.08136779,0.29952627,0.61910594,c5,c5
9198,5,0.43146306,0.4527217,0.11581527,c1,c234
9203,5,0.101377286,0.41733453,0.4812882,c234,c5
9205,5,0.19649571,0.31407592,0.4894284,c5,c5
9209,5,0.07491143,0.18278114,0.7423075,c5,c5
9210,5,0.4565794,0.37092468,0.17249598,c5,c1
9213,5,0.39577046,0.26946405,0.33476546,c5,c1
9224,5,0.29818437,0.4289451,0.2728705,c5,c234
9225,5,0.118347205,0.26548147,0.6161713,c5,c5
9226,5,0.14425775,0.3294845,0.5262577,c234,c5
9251,5,0.12375487,0.37272534,0.50351983,c5,c5
9252,5,0.31667063,0.42143238,0.26189703,c234,c234
9253,5,0.09657931,0.24919622,0.65422446,c5,c5
9259,5,0.47616383,0.3692107,0.15462552,c1,c1
9269,5,0.7088829,0.21933378,0.07178327,c1,c1
9274,5,0.25134254,0.26721817,0.48143923,c234,c5
9277,5,0.38862908,0.41268474,0.19868626,c1,c234
9280,5,0.027843669,0.08628961,0.88586676,c5,c5
9282,5,0.46350816,0.38571864,0.15077326,c234,c1
9283,5,0.23649013,0.3634548,0.40005508,c5,c5
9285,5,0.31231678,0.29438102,0.3933022,c234,c5
9294,5,0.14890358,0.43552017,0.41557628,c5,c234
9295,5,0.42037958,0.2964246,0.2831958,c1,c1
9297,5,0.35693714,0.37415826,0.2689046,c1,c234
9301,5,0.10410124,0.37745443,0.5184443,c234,c5
9304,5,0.2605063,0.50216967,0.23732403,c234,c234
9310,5,0.14224823,0.36439827,0.49335352,c1,c5
9314,5,0.11988557,0.40964767,0.47046673,c234,c5
9318,5,0.101505525,0.17860502,0.7198894,c5,c5
9330,5,0.16441837,0.44270015,0.39288142,c5,c234
9336,5,0.11827064,0.2550369,0.62669253,c5,c5
9338,5,0.3099758,0.482715,0.20730925,c1,c234
9345,5,0.1200001,0.31473342,0.5652665,c1,c5
9347,5,0.6415117,0.25325176,0.1052365,c5,c1
9355,5,0.16721307,0.46090174,0.3718852,c234,c234
9358,5,0.45465645,0.3584794,0.18686417,c234,c1
9359,5,0.34467626,0.32659194,0.32873183,c1,c1
9371,5,0.3237598,0.46201283,0.2142274,c1,c234
9374,5,0.16178297,0.3187727,0.5194443,c5,c5
9382,5,0.091300696,0.22778542,0.68091387,c5,c5
9385,5,0.4587773,0.31823215,0.22299053,c234,c1
9387,5,0.46470046,0.36666718,0.16863239,c1,c1
9395,5,0.559211,0.322306,0.11848295,c1,c1
9396,5,0.4560001,0.24596359,0.2980363,c1,c1
9403,5,0.13126838,0.29545695,0.5732747,c5,c5
9406,5,0.096045114,0.2059567,0.6979982,c5,c5
9418,5,0.3153029,0.2721069,0.41259015,c5,c5
9419,5,0.45756835,0.39725125,0.14518039,c1,c1
9420,5,0.15931842,0.3823717,0.4583099,c5,c5
9421,5,0.042114478,0.20185108,0.75603443,c5,c5
9424,5,0.34085613,0.34239912,0.31674474,c234,c234
9425,5,0.2676646,0.3654078,0.36692753,c1,c5
9426,5,0.57384986,0.29011488,0.13603534,c5,c1
9428,5,0.31893831,0.2908623,0.3901994,c5,c5
9429,5,0.077051505,0.34718063,0.5757679,c234,c5
9433,5,0.3406585,0.41712886,0.24221264,c234,c234
9435,5,0.66743743,0.26131642,0.07124616,c1,c1
9436,5,0.32945114,0.40656963,0.26397923,c234,c234
9437,5,0.4835049,0.3011013,0.21539375,c1,c1
9446,5,0.07936449,0.24202509,0.6786104,c5,c5
9450,5,0.3169252,0.35029072,0.33278406,c1,c234
9457,5,0.49220255,0.37058276,0.13721466,c1,c1
9459,5,0.25354138,0.32377017,0.42268845,c234,c5
9461,5,0.6748,0.22808072,0.09711927,c5,c1
9467,5,0.23073569,0.54839486,0.22086944,c234,c234
9472,5,0.45737067,0.39990094,0.14272837,c234,c1
9475,5,0.39577046,0.26946405,0.33476546,c5,c1
9479,5,0.5714833,0.23322298,0.19529374,c1,c1
9480,5,0.09691509,0.32089078,0.5821941,c5,c5
9485,5,0.3153029,0.2721069,0.41259015,c5,c5
9487,5,0.073756374,0.29342642,0.63281715,c5,c5
9489,5,0.66743743,0.26131642,0.07124616,c1,c1
9491,5,0.66743743,0.26131642,0.07124616,c234,c1
9492,5,0.08790403,0.30696502,0.6051309,c5,c5
9494,5,0.6156787,0.23908101,0.14524026,c1,c1
9507,5,0.5211055,0.33538488,0.14350958,c5,c1
9511,5,0.07647947,0.29677656,0.626744,c5,c5
9516,5,0.09956103,0.23712055,0.6633184,c5,c5
9525,5,0.0879827,0.23336509,0.6786523,c5,c5
9530,5,0.23319255,0.41434276,0.35246468,c5,c234
9533,5,0.095867425,0.36074147,0.54339117,c1,c5
9534,5,0.2636361,0.31860813,0.41775575,c5,c5
9537,5,0.5067875,0.29221612,0.20099643,c1,c1
9545,5,0.36553034,0.37269428,0.2617754,c234,c234
9549,5,0.5025832,0.29593506,0.20148174,c234,c1
9553,5,0.16152208,0.5963299,0.24214798,c1,c234
9554,5,0.593516,0.28483945,0.12164454,c1,c1
9560,5,0.15442003,0.35746297,0.48811707,c234,c5
9562,5,0.11467898,0.4200932,0.4652279,c5,c5
9564,5,0.39577046,0.26946405,0.33476546,c234,c1
9565,5,0.14024146,0.37002867,0.48972985,c5,c5
9571,5,0.46126664,0.39195007,0.14678322,c5,c1
9572,5,0.29203328,0.28719005,0.42077667,c5,c5
9577,5,0.05046813,0.2107995,0.7387324,c5,c5
9578,5,0.18422057,0.2625664,0.55321306,c5,c5
9584,5,0.54139394,0.32245344,0.13615258,c234,c1
9587,5,0.15653977,0.3329355,0.5105247,c5,c5
9588,5,0.35074174,0.45572567,0.19353256,c1,c234
9596,5,0.17295766,0.48012325,0.34691915,c234,c234
9603,5,0.190204,0.5097585,0.30003756,c1,c234
9625,5,0.66868955,0.23567958,0.09563087,c1,c1
9631,5,0.116892315,0.3788098,0.5042979,c5,c5
9644,5,0.44018087,0.39621663,0.1636025,c1,c1
9645,5,0.5487173,0.33727178,0.11401093,c234,c1
9648,5,0.23929717,0.3202455,0.4404573,c1,c5
9651,5,0.16194089,0.3538842,0.4841749,c234,c5
9653,5,0.15021782,0.5291986,0.32058358,c5,c234
9663,5,0.2722762,0.45284277,0.27488106,c5,c234
9665,5,0.11603794,0.38261622,0.5013458,c5,c5
9669,5,0.32269466,0.349769,0.32753637,c1,c234
9674,5,0.2304808,0.38471267,0.38480657,c5,c5
9675,5,0.085073076,0.21911937,0.6958076,c5,c5
9682,5,0.086042814,0.27131557,0.64264166,c5,c5
9684,5,0.09316643,0.23140688,0.67542666,c5,c5
9692,5,0.2284522,0.3616944,0.40985343,c1,c5
9725,5,0.16571829,0.2959301,0.53835166,c234,c5
9726,5,0.18947715,0.50818247,0.3023404,c234,c234
9730,5,0.2112011,0.5629312,0.2258677,c5,c234
9734,5,0.17871508,0.45170933,0.3695756,c5,c234
9739,5,0.18891189,0.48749435,0.32359368,c234,c234
9747,5,0.18046781,0.3435983,0.47593388,c234,c5
9748,5,0.52177554,0.3017364,0.17648803,c5,c1
9756,5,0.56604975,0.310814,0.12313624,c234,c1
9758,5,0.33899292,0.47012827,0.19087876,c5,c234
9763,5,0.22498828,0.37166822,0.40334353,c5,c5
9768,5,0.4831138,0.37386864,0.1430175,c234,c1
9770,5,0.36510465,0.4435294,0.19136602,c1,c234
9775,5,0.8358843,0.13330968,0.030805985,c1,c1
9776,5,0.33683434,0.43377283,0.22939286,c5,c234
9780,5,0.19896778,0.48873702,0.3122951,c1,c234
9781,5,0.28467384,0.28938633,0.42593986,c234,c5
9785,5,0.11839191,0.23499103,0.64661705,c5,c5
9786,5,0.13375002,0.43175036,0.43449968,c5,c5
9791,5,0.20912138,0.4283565,0.36252218,c234,c234
9793,5,0.13811444,0.4043583,0.45752728,c1,c5
9798,5,0.10316519,0.28221777,0.61461705,c5,c5
9804,5,0.355478,0.29579183,0.34873012,c5,c1
9805,5,0.6435221,0.27300882,0.08346905,c1,c1
9807,5,0.19555688,0.4505946,0.35384852,c1,c234
9808,5,0.041005094,0.13939743,0.81959754,c234,c5
9813,5,0.6281951,0.24355458,0.12825027,c1,c1
9814,5,0.25906914,0.4182582,0.3226727,c234,c234
9817,5,0.108006336,0.30783173,0.58416194,c5,c5
9820,5,0.08120541,0.32575384,0.59304076,c234,c5
9824,5,0.22915046,0.26672116,0.50412834,c5,c5
9826,5,0.22316472,0.4755062,0.30132914,c1,c234
9830,5,0.04626025,0.21367034,0.7400694,c234,c5
9832,5,0.21251525,0.33494616,0.4525386,c234,c5
9835,5,0.2983383,0.46005628,0.2416054,c1,c234
9838,5,0.50306696,0.36376372,0.13316935,c234,c1
9866,5,0.11406536,0.29840198,0.58753264,c5,c5
9878,5,0.30181316,0.3051845,0.39300236,c5,c5
9882,5,0.14220726,0.24726921,0.6105235,c5,c5
9883,5,0.094672665,0.28828534,0.617042,c5,c5
9895,5,0.22350682,0.45894226,0.31755093,c1,c234
9903,5,0.45044944,0.3368772,0.21267338,c1,c1
9911,5,0.3153029,0.2721069,0.41259015,c234,c5
9914,5,0.3516135,0.41450426,0.23388222,c5,c234
9932,5,0.06906395,0.19528532,0.7356508,c5,c5
9936,5,0.11308119,0.2671925,0.6197263,c234,c5
9946,5,0.24737257,0.51837695,0.23425052,c5,c234
9956,5,0.23036781,0.54605204,0.22358015,c1,c234
9960,5,0.53711957,0.31596836,0.14691204,c1,c1
9961,5,0.1069594,0.30686393,0.5861767,c234,c5
9963,5,0.17858234,0.5332786,0.2881391,c234,c234
9968,5,0.52177554,0.3017364,0.17648803,c5,c1
9971,5,0.4337596,0.41157869,0.15466176,c1,c1
9979,5,0.15916291,0.42221478,0.41862234,c5,c234
9981,5,0.5584684,0.27261636,0.16891527,c1,c1
9985,5,0.20125209,0.4551925,0.34355542,c5,c234
9986,5,0.3794032,0.4830183,0.13757856,c1,c234
9991,5,0.07791959,0.15709478,0.7649857,c5,c5
9993,5,0.12516576,0.21419148,0.66064274,c234,c5
10002,5,0.4591764,0.38178745,0.15903617,c1,c1
10013,5,0.1944376,0.40091282,0.40464956,c5,c5
10018,5,0.41232744,0.3685267,0.21914591,c5,c1
10019,5,0.06610114,0.23289445,0.7010044,c234,c5
10021,5,0.50683933,0.34787783,0.14528283,c5,c1
10023,5,0.36608797,0.3895084,0.24440362,c1,c234
10025,5,0.2911646,0.33127207,0.3775633,c1,c5
10027,5,0.11733154,0.237132,0.6455364,c234,c5
10028,5,0.40939137,0.41401497,0.17659365,c234,c234
10030,5,0.23974717,0.5142803,0.24597248,c234,c234
10032,5,0.5967551,0.29171857,0.11152634,c1,c1
10039,5,0.18977484,0.3703837,0.4398415,c1,c5
10040,5,0.37461486,0.39557558,0.22980957,c5,c234
10041,5,0.19649218,0.50891596,0.2945919,c5,c234
10044,5,0.069000535,0.19134398,0.73965555,c5,c5
10045,5,0.06270103,0.22321898,0.71408004,c1,c5
10051,5,0.084862284,0.23214856,0.6829892,c1,c5
10054,5,0.1268007,0.42562303,0.4475763,c5,c5
10065,5,0.29267582,0.44245318,0.2648709,c1,c234
10066,5,0.55242854,0.3540719,0.09349957,c234,c1
10076,5,0.46092144,0.32146093,0.21761759,c234,c1
10079,5,0.5783121,0.32250845,0.09917938,c1,c1
10083,5,0.4883465,0.3088245,0.20282897,c234,c1
10084,5,0.09264737,0.26299512,0.6443575,c234,c5
10088,5,0.22503254,0.47436285,0.3006046,c234,c234
10094,5,0.52987486,0.3442074,0.12591778,c234,c1
10096,5,0.17640167,0.33902842,0.48456988,c5,c5
10098,5,0.097856276,0.23991613,0.6622276,c5,c5
10101,5,0.28964883,0.321916,0.38843518,c234,c5
10102,5,0.15642627,0.31128067,0.532293,c234,c5
10106,5,0.19038047,0.3985345,0.41108495,c234,c5
10107,5,0.328708,0.34986514,0.32142684,c1,c234
10112,5,0.11740771,0.30834794,0.5742443,c5,c5
10115,5,0.3950883,0.29655385,0.3083578,c5,c1
10119,5,0.4342122,0.4091014,0.15668638,c234,c1
10123,5,0.12704991,0.37800673,0.49494332,c234,c5
10134,5,0.49113923,0.3301985,0.17866226,c1,c1
10135,5,0.053221487,0.27520838,0.6715701,c5,c5
10141,5,0.10734106,0.24245849,0.6502004,c5,c5
10155,5,0.51208097,0.4018388,0.08608022,c234,c1
10158,5,0.24554728,0.4897618,0.2646909,c1,c234
10159,5,0.1812704,0.4633425,0.35538715,c234,c234
10176,5,0.18681514,0.37978002,0.43340483,c234,c5
10181,5,0.41352034,0.41210935,0.17437032,c5,c1
10188,5,0.3737878,0.38570014,0.24051206,c1,c234
10189,5,0.3467703,0.47676414,0.17646551,c1,c234
10195,5,0.08443821,0.36144924,0.5541125,c1,c5
10198,5,0.18898138,0.30019045,0.5108282,c234,c5
10211,5,0.5467717,0.26148072,0.19174758,c1,c1
10213,5,0.07762773,0.22301131,0.6993609,c5,c5
10215,5,0.1356437,0.56746775,0.29688856,c5,c234
10219,5,0.28091305,0.51233673,0.20675021,c5,c234
10231,5,0.4426875,0.42406866,0.13324381,c1,c1
10232,5,0.39577046,0.26946405,0.33476546,c1,c1
10236,5,0.2778325,0.42937088,0.29279658,c1,c234
10241,5,0.2636361,0.31860813,0.41775575,c234,c5
10253,5,0.57825917,0.3125573,0.1091835,c234,c1
10254,5,0.17515287,0.33205727,0.49278986,c5,c5
10263,5,0.5207359,0.35058853,0.12867552,c1,c1
10270,5,0.22429805,0.437549,0.33815295,c5,c234
10272,5,0.17103432,0.4109918,0.41797385,c234,c5
10278,5,0.4551509,0.42383322,0.121015914,c234,c1
10279,5,0.08916342,0.39244816,0.5183884,c5,c5
10281,5,0.12883905,0.21590313,0.6552578,c5,c5
10283,5,0.4687042,0.33490646,0.19638929,c5,c1
10303,5,0.3153029,0.2721069,0.41259015,c5,c5
10306,5,0.35786778,0.4157932,0.22633898,c1,c234
10307,5,0.52463263,0.33997104,0.1353963,c1,c1
10309,5,0.110961005,0.29964158,0.58939743,c5,c5
10310,5,0.16703755,0.44986218,0.38310027,c234,c234
10312,5,0.10175083,0.3500663,0.5481829,c5,c5
10315,5,0.09096588,0.22729665,0.6817375,c5,c5
10319,5,0.11199075,0.3447874,0.5432219,c234,c5
10328,5,0.47019383,0.36627677,0.16352938,c234,c1
10335,5,0.32976854,0.46835244,0.20187898,c1,c234
10341,5,0.21828616,0.44642034,0.33529344,c234,c234
10351,5,0.052278455,0.24137928,0.7063423,c5,c5
10366,5,0.14699599,0.49148753,0.3615165,c5,c234
10375,5,0.044531826,0.1791189,0.7763493,c5,c5
10382,5,0.47647408,0.2636162,0.2599097,c234,c1
10383,5,0.2612257,0.52451146,0.21426286,c1,c234
10384,5,0.13159202,0.28609324,0.5823147,c234,c5
10385,5,0.15173677,0.35073745,0.49752572,c234,c5
10390,5,0.20673391,0.5630596,0.23020642,c234,c234
10393,5,0.6483523,0.25452292,0.0971248,c1,c1
10396,5,0.32722193,0.38316292,0.28961518,c234,c234
10401,5,0.05779369,0.30984706,0.6323593,c5,c5
10403,5,0.15600333,0.27336022,0.57063645,c5,c5
10404,5,0.34817386,0.41255918,0.23926696,c1,c234
10406,5,0.15996355,0.41735214,0.4226843,c5,c5
10408,5,0.17836511,0.4378086,0.38382626,c5,c234
10416,5,0.17418416,0.5626854,0.26313043,c234,c234
10422,5,0.15186669,0.40502957,0.4431037,c1,c5
10439,5,0.47647408,0.2636162,0.2599097,c1,c1
10441,5,0.07372181,0.26920274,0.6570754,c5,c5
10444,5,0.618535,0.29585397,0.085611075,c1,c1
10446,5,0.58521533,0.31864247,0.09614213,c1,c1
10459,5,0.069149606,0.34903383,0.58181655,c5,c5
10463,5,0.5545332,0.2977388,0.14772801,c1,c1
10465,5,0.4584333,0.36478174,0.17678495,c5,c1
10466,5,0.30656034,0.5061117,0.18732797,c1,c234
10468,5,0.42215627,0.38437766,0.19346607,c1,c1
10473,5,0.39577046,0.26946405,0.33476546,c5,c1
10491,5,0.52987486,0.3442074,0.12591778,c1,c1
10493,5,0.21329637,0.49134928,0.29535428,c1,c234
10496,5,0.21174791,0.46351728,0.32473475,c5,c234
10503,5,0.17433007,0.4854714,0.3401986,c5,c234
10504,5,0.065068185,0.27454987,0.660382,c234,c5
10518,5,0.23231806,0.3654876,0.40219435,c234,c5
10528,5,0.3950883,0.29655385,0.3083578,c234,c1
10533,5,0.11682261,0.40994695,0.4732304,c5,c5
10534,5,0.49699685,0.35242352,0.1505796,c1,c1
10542,5,0.15653697,0.3067465,0.53671646,c1,c5
10545,5,0.34735328,0.38918346,0.26346332,c234,c234
10546,5,0.070979714,0.1546559,0.77436435,c5,c5
10562,5,0.22060044,0.47413394,0.3052656,c234,c234
10569,5,0.20672926,0.3582879,0.4349828,c5,c5
10586,5,0.19106989,0.3038045,0.50512564,c5,c5
10588,5,0.15797436,0.34800878,0.4940168,c1,c5
10592,5,0.18051712,0.43760803,0.38187492,c234,c234
10596,5,0.5319608,0.34358552,0.12445361,c1,c1
10598,5,0.1707559,0.4896554,0.33958864,c234,c234
10612,5,0.1232909,0.32253656,0.5541726,c5,c5
10618,5,0.21200234,0.41245398,0.37554362,c5,c234
10621,5,0.3698318,0.36205932,0.26810884,c5,c1
10622,5,0.41408086,0.42921153,0.15670758,c1,c234
10626,5,0.27986664,0.46698228,0.25315112,c5,c234
10627,5,0.16227527,0.27105176,0.566673,c5,c5
10632,5,0.27209798,0.29660606,0.43129596,c5,c5
10641,5,0.6527438,0.26410687,0.08314931,c1,c1
10644,5,0.39209026,0.36125457,0.24665514,c234,c1
10652,5,0.2825624,0.37637335,0.34106427,c1,c234
10662,5,0.115235336,0.25845346,0.62631124,c5,c5
10680,5,0.29871842,0.42671424,0.27456737,c5,c234
10687,5,0.67403525,0.22137964,0.1045851,c1,c1
10692,5,0.25152752,0.54265475,0.20581773,c234,c234
10696,5,0.5820567,0.31952527,0.09841804,c234,c1
10701,5,0.08322964,0.29877168,0.6179987,c1,c5
10725,5,0.34852004,0.3638663,0.28761363,c234,c234
10731,5,0.3153029,0.2721069,0.41259015,c234,c5
10733,5,0.16684093,0.5188227,0.31433633,c234,c234
10735,5,0.2305671,0.43855545,0.33087742,c234,c234
10741,5,0.17277977,0.3520199,0.47520033,c1,c5
10744,5,0.5495753,0.3532766,0.097148016,c234,c1
10750,5,0.5459553,0.31647652,0.13756812,c1,c1
10755,5,0.40913305,0.3831738,0.20769319,c234,c1
10761,5,0.141179,0.36024928,0.49857166,c234,c5
10769,5,0.20525153,0.46028847,0.33446005,c234,c234
10773,5,0.12212641,0.43807954,0.4397941,c5,c5
10775,5,0.17014301,0.58894837,0.24090862,c234,c234
10779,5,0.44385663,0.4193127,0.13683061,c234,c1
10781,5,0.52987486,0.3442074,0.12591778,c234,c1
10784,5,0.33789536,0.5313245,0.13078013,c234,c234
10789,5,0.33589962,0.4758387,0.18826167,c1,c234
10792,5,0.49485198,0.36577287,0.1393751,c5,c1
10795,5,0.29555112,0.5230639,0.18138495,c1,c234
10802,5,0.48069337,0.35237032,0.16693631,c5,c1
10806,5,0.24824382,0.29971346,0.4520427,c234,c5
10807,5,0.17037138,0.38761097,0.44201764,c234,c5
10812,5,0.35444462,0.45689717,0.1886582,c234,c234
10816,5,0.36212277,0.44623494,0.19164233,c234,c234
10818,5,0.14210542,0.42570093,0.4321937,c5,c5
10832,5,0.32005268,0.39432076,0.28562662,c234,c234
10834,5,0.25976542,0.4412829,0.29895166,c5,c234
10840,5,0.32495376,0.52009934,0.15494688,c5,c234
10845,5,0.5055073,0.31495124,0.17954147,c1,c1
10847,5,0.28681645,0.358877,0.3543065,c1,c234
10858,5,0.12877259,0.38500744,0.48621994,c1,c5
10863,5,0.25694144,0.229584,0.5134746,c1,c5
10880,5,0.33164948,0.44805723,0.22029334,c234,c234
10887,5,0.4964107,0.26444754,0.23914187,c1,c1
10891,5,0.14748974,0.31063908,0.54187113,c234,c5
10895,5,0.28449252,0.3402229,0.37528455,c5,c5
10899,5,0.14019397,0.28716817,0.5726379,c1,c5
10907,5,0.19549522,0.35712108,0.44738373,c5,c5
10909,5,0.20877495,0.46636465,0.3248604,c1,c234
10912,5,0.09083833,0.20882449,0.7003371,c5,c5
10913,5,0.3979322,0.30705273,0.29501504,c234,c1
10914,5,0.52177554,0.3017364,0.17648803,c234,c1
10919,5,0.12978032,0.22325704,0.64696264,c5,c5
10923,5,0.49647143,0.34799194,0.15553667,c234,c1
10931,5,0.27222332,0.47422245,0.25355425,c234,c234
10932,5,0.17140293,0.30410758,0.52448946,c5,c5
10933,5,0.23850502,0.33161685,0.42987812,c1,c5
10938,5,0.40620324,0.3949572,0.19883955,c234,c1
10941,5,0.18810931,0.34220564,0.46968502,c5,c5
10946,5,0.37248293,0.35992277,0.26759434,c234,c1
10951,5,0.41310787,0.4198183,0.16707376,c1,c234
10953,5,0.37955955,0.41271272,0.20772773,c1,c234
10964,5,0.46352026,0.3424048,0.194075,c234,c1
10965,5,0.48993337,0.35301504,0.15705156,c1,c1
10970,5,0.29381475,0.45257628,0.253609,c1,c234
10976,5,0.07635721,0.3015566,0.6220863,c1,c5
10984,5,0.192074,0.2896248,0.5183012,c1,c5
11001,5,0.32939854,0.3675155,0.30308595,c234,c234
11006,5,0.41422448,0.29304865,0.29272687,c5,c1
11007,5,0.3153029,0.2721069,0.41259015,c1,c5
11008,5,0.08594019,0.35009083,0.56396896,c5,c5
11012,5,0.20264617,0.34290805,0.45444575,c5,c5
11019,5,0.0698454,0.27583957,0.65431505,c5,c5
11021,5,0.4500742,0.3941944,0.15573147,c5,c1
11024,5,0.55136555,0.32008123,0.12855327,c1,c1
11027,5,0.14983691,0.2628757,0.58728737,c5,c5
11029,5,0.54108936,0.32487893,0.13403173,c5,c1
11041,5,0.46165588,0.41201112,0.126333,c234,c1
11047,5,0.4017387,0.32720986,0.27105138,c5,c1
11051,5,0.15080431,0.4097285,0.4394672,c234,c5
11058,5,0.20083275,0.46365574,0.33551145,c1,c234
11061,5,0.17833115,0.261673,0.55999583,c5,c5
11065,5,0.48873606,0.31851226,0.19275168,c5,c1
11068,5,0.051497266,0.23551917,0.71298355,c5,c5
11071,5,0.17677806,0.3044029,0.51881903,c5,c5
11074,5,0.39562356,0.37197164,0.2324048,c234,c1
11085,5,0.42350695,0.38354188,0.19295116,c1,c1
11086,5,0.2275676,0.5593298,0.21310256,c234,c234
11089,5,0.28964883,0.321916,0.38843518,c5,c5
11094,5,0.834374,0.13478538,0.030840546,c1,c1
11095,5,0.5212588,0.33865172,0.14008954,c1,c1
11102,5,0.2571784,0.3129167,0.42990485,c5,c5
11115,5,0.39984304,0.35355008,0.24660695,c1,c1
11117,5,0.14817028,0.33718365,0.51464605,c5,c5
11118,5,0.4180817,0.37540704,0.2065112,c234,c1
11121,5,0.3931535,0.45042264,0.15642382,c234,c234
11129,5,0.123111,0.26347294,0.6134161,c5,c5
11132,5,0.3153029,0.2721069,0.41259015,c1,c5
11133,5,0.33758998,0.4036972,0.25871286,c5,c234
11141,5,0.11802004,0.29793638,0.58404356,c1,c5
11143,5,0.5429006,0.28118935,0.17591012,c1,c1
11157,5,0.26343665,0.470947,0.26561627,c5,c234
11165,5,0.43058258,0.4051868,0.16423066,c234,c1
11167,5,0.66743743,0.26131642,0.07124616,c1,c1
11169,5,0.121496096,0.25483206,0.6236718,c1,c5
11172,5,0.12866679,0.3027965,0.5685367,c234,c5
11177,5,0.07841595,0.27329794,0.6482861,c5,c5
11184,5,0.32523116,0.44312963,0.23163916,c1,c234
11189,5,0.07813022,0.33461034,0.5872595,c234,c5
11195,5,0.51884896,0.35773292,0.12341809,c1,c1
11200,5,0.5592897,0.32774755,0.11296276,c234,c1
11204,5,0.3025227,0.48472992,0.2127474,c234,c234
11208,5,0.04982501,0.1925438,0.75763124,c5,c5
11210,5,0.29918268,0.3392697,0.3615477,c234,c5
11217,5,0.41191855,0.41707948,0.171002,c1,c234
11223,5,0.2370606,0.39347976,0.36945963,c5,c234
11224,5,0.064186305,0.2531191,0.6826946,c1,c5
11234,5,0.5697042,0.28820804,0.14208783,c234,c1
11238,5,0.08350427,0.26860255,0.6478932,c1,c5
11244,5,0.66846395,0.23869756,0.09283849,c234,c1
11245,5,0.09262252,0.34742677,0.5599507,c5,c5
11251,5,0.37945625,0.3117419,0.3088019,c5,c1
11258,5,0.20682584,0.50396264,0.28921154,c1,c234
11259,5,0.105203584,0.19627644,0.69851995,c5,c5
11269,5,0.32641134,0.47359413,0.19999456,c234,c234
11275,5,0.5319608,0.34358552,0.12445361,c234,c1
11285,5,0.6086723,0.29123425,0.100093454,c1,c1
11286,5,0.0644087,0.17729893,0.7582924,c5,c5
11288,5,0.08039868,0.21515803,0.70444334,c5,c5
11295,5,0.5207359,0.35058853,0.12867552,c1,c1
11296,5,0.66743743,0.26131642,0.07124616,c1,c1
11306,5,0.07439337,0.35009164,0.575515,c1,c5
11308,5,0.32335904,0.33745322,0.33918777,c234,c5
11311,5,0.091648936,0.46271253,0.4456386,c234,c234
11317,5,0.14066495,0.46212435,0.3972107,c5,c234
11326,5,0.12791297,0.36146617,0.5106209,c234,c5
11330,5,0.15113685,0.3619394,0.48692378,c1,c5
11341,5,0.18540192,0.5192114,0.29538667,c1,c234
11349,5,0.128943,0.380375,0.49068198,c234,c5
11350,5,0.37819564,0.40773073,0.2140736,c5,c234
11353,5,0.4611353,0.3983979,0.14046675,c1,c1
11360,5,0.24656706,0.24602588,0.5074071,c234,c5
11361,5,0.3063445,0.494945,0.19871052,c234,c234
11379,5,0.33414075,0.33261466,0.3332446,c234,c1
11386,5,0.7796144,0.16733222,0.053053424,c1,c1
11387,5,0.30347264,0.31212565,0.38440174,c234,c5
11393,5,0.14777075,0.50604177,0.3461875,c234,c234
11394,5,0.17531455,0.44539198,0.37929347,c234,c234
11395,5,0.2806517,0.5434689,0.17587943,c234,c234
11406,5,0.4692831,0.35854033,0.17217661,c1,c1
11409,5,0.23660778,0.46269038,0.30070192,c234,c234
11412,5,0.22251965,0.5119707,0.26550964,c234,c234
11415,5,0.15705766,0.5172403,0.32570207,c5,c234
11421,5,0.66743743,0.26131642,0.07124616,c1,c1
11424,5,0.36128825,0.3930853,0.24562642,c1,c234
11425,5,0.04256567,0.165185,0.79224926,c5,c5
11435,5,0.1561156,0.28756148,0.5563229,c5,c5
11436,5,0.20355193,0.39341176,0.40303633,c234,c5
11437,5,0.1283247,0.46166393,0.41001135,c234,c234
11441,5,0.44503108,0.40699002,0.14797893,c1,c1
11442,5,0.14600107,0.39764795,0.456351,c1,c5
11451,5,0.18496585,0.534694,0.28034016,c5,c234
11458,5,0.2185219,0.44153413,0.33994395,c234,c234
11462,5,0.22831824,0.2906277,0.4810541,c5,c5
11465,5,0.4057783,0.4269164,0.16730535,c234,c234
11466,5,0.37938294,0.43147442,0.1891426,c5,c234
11469,5,0.07974547,0.31997547,0.60027903,c234,c5
11481,5,0.41821235,0.38438272,0.1974049,c5,c1
11484,5,0.23591416,0.34342068,0.42066514,c5,c5
11491,5,0.19401069,0.45953628,0.34645304,c234,c234
11501,5,0.60553235,0.31041032,0.08405729,c1,c1
11503,5,0.08146759,0.33422902,0.5843033,c5,c5
11506,5,0.333747,0.3691087,0.29714435,c5,c234
11509,5,0.39577046,0.26946405,0.33476546,c1,c1
11510,5,0.3404828,0.426462,0.23305516,c5,c234
11517,5,0.35371587,0.4279668,0.21831739,c1,c234
11519,5,0.52872366,0.3596351,0.11164119,c1,c1
11520,5,0.15693572,0.48339608,0.35966825,c234,c234
11522,5,0.22111669,0.32672945,0.45215392,c5,c5
11524,5,0.12093439,0.311619,0.5674466,c5,c5
11530,5,0.2152931,0.5028988,0.2818081,c1,c234
11543,5,0.15301943,0.37817234,0.46880823,c5,c5
11561,5,0.36958823,0.38370153,0.24671026,c1,c234
11565,5,0.18237142,0.49211928,0.3255093,c1,c234
11568,5,0.1684068,0.45134065,0.38025257,c234,c234
11569,5,0.10271059,0.29427877,0.6030106,c234,c5
11572,5,0.1035355,0.23632345,0.66014105,c5,c5
11573,5,0.066326536,0.18965152,0.74402195,c1,c5
11580,5,0.08423733,0.32008904,0.5956736,c5,c5
11582,5,0.2729877,0.31688395,0.41012836,c234,c5
11583,5,0.4752385,0.33724147,0.18751994,c5,c1
11590,5,0.4558644,0.3287479,0.21538769,c5,c1
11600,5,0.28806227,0.40377024,0.3081675,c1,c234
11612,5,0.39577046,0.26946405,0.33476546,c1,c1
11619,5,0.55072683,0.2530971,0.19617604,c5,c1
11625,5,0.4785809,0.38295782,0.1384613,c1,c1
11626,5,0.5262597,0.25855318,0.21518707,c5,c1
11633,5,0.58553326,0.27243954,0.14202726,c1,c1
11636,5,0.03380099,0.10208815,0.8641108,c5,c5
11643,5,0.3644685,0.46764413,0.16788742,c1,c234
11648,5,0.12104955,0.26630765,0.6126428,c5,c5
11649,5,0.33004835,0.4469022,0.22304946,c5,c234
11656,5,0.39313218,0.31631503,0.2905528,c5,c1
11669,5,0.3338857,0.473159,0.19295534,c1,c234
11673,5,0.3153029,0.2721069,0.41259015,c234,c5
11679,5,0.056942757,0.16766058,0.7753966,c1,c5
11684,5,0.048079584,0.16680837,0.785112,c5,c5
11688,5,0.10058886,0.35083255,0.54857856,c234,c5
11690,5,0.68344945,0.23448451,0.082066,c234,c1
11702,5,0.19923566,0.48016366,0.3206007,c234,c234
11703,5,0.22415446,0.38958016,0.38626537,c234,c234
11705,5,0.064143,0.29870164,0.63715535,c234,c5
11720,5,0.3153029,0.2721069,0.41259015,c1,c5
11721,5,0.05701903,0.1808194,0.7621615,c5,c5
11725,5,0.1725836,0.5040418,0.3233746,c234,c234
11726,5,0.30056864,0.53474337,0.16468796,c1,c234
11735,5,0.17980775,0.3819563,0.43823588,c5,c5
11740,5,0.17688085,0.31142238,0.51169676,c5,c5
11741,5,0.15607864,0.45240098,0.3915204,c234,c234
11745,5,0.15435828,0.3949383,0.45070344,c234,c5
11746,5,0.3044036,0.40130493,0.2942915,c1,c234
11748,5,0.2362983,0.44060194,0.32309976,c5,c234
11750,5,0.4471798,0.3188355,0.23398468,c1,c1
11751,5,0.08111895,0.34749508,0.571386,c5,c5
11753,5,0.24169739,0.44235715,0.3159455,c1,c234
11754,5,0.05692689,0.20914699,0.7339262,c5,c5
11756,5,0.15956849,0.50328416,0.33714736,c5,c234
11757,5,0.20147586,0.41158888,0.3869353,c1,c234
11760,5,0.10757205,0.46363536,0.4287926,c234,c234
11761,5,0.18767595,0.462127,0.35019705,c5,c234
11765,5,0.060673833,0.15709284,0.78223336,c5,c5
11779,5,0.18923494,0.40483817,0.40592682,c5,c5
11780,5,0.06753629,0.2477018,0.6847619,c1,c5
11781,5,0.33430457,0.40537053,0.2603249,c5,c234
11787,5,0.33277252,0.28806973,0.37915775,c1,c5
11793,5,0.13484378,0.46562228,0.39953387,c5,c234
11800,5,0.37652686,0.4346513,0.18882182,c234,c234
11804,5,0.2644802,0.47027984,0.26523998,c234,c234
11809,5,0.45855826,0.33485422,0.2065875,c1,c1
11816,5,0.1427954,0.4045084,0.45269623,c5,c5
11824,5,0.22124913,0.4806639,0.2980869,c5,c234
11829,5,0.17015022,0.4759183,0.35393158,c5,c234
11843,5,0.49722674,0.33792222,0.16485104,c1,c1
11847,5,0.61091125,0.22125739,0.16783133,c5,c1
11863,5,0.5375508,0.2609918,0.2014574,c1,c1
11864,5,0.12428576,0.36307335,0.5126409,c234,c5
11867,5,0.1767583,0.26219025,0.5610514,c1,c5
11886,5,0.29390234,0.4474096,0.25868806,c234,c234
11891,5,0.20493346,0.45211887,0.3429477,c234,c234
11892,5,0.4470303,0.3862119,0.1667578,c234,c1
11900,5,0.16517094,0.4065129,0.4283162,c234,c5
11902,5,0.25101012,0.3502202,0.39876962,c1,c5
11906,5,0.7380761,0.20611042,0.05581349,c1,c1
11910,5,0.17689748,0.4800361,0.34306636,c5,c234
11913,5,0.15515427,0.42257756,0.42226818,c5,c234
11919,5,0.23054399,0.5252461,0.24420995,c5,c234
11925,5,0.64090616,0.26730198,0.09179187,c1,c1
11926,5,0.22274917,0.36640054,0.41085032,c234,c5
11927,5,0.19777276,0.32535642,0.47687078,c1,c5
11932,5,0.06709818,0.34125218,0.5916497,c5,c5
11934,5,0.34267592,0.4065405,0.2507836,c234,c234
11939,5,0.2501513,0.33489397,0.41495475,c5,c5
11942,5,0.66743743,0.26131642,0.07124616,c1,c1
11945,5,0.09429336,0.31612182,0.5895848,c1,c5
11946,5,0.11569796,0.26613158,0.6181705,c5,c5
11949,5,0.33513677,0.30494073,0.35992253,c234,c5
11954,5,0.16301873,0.3204244,0.51655686,c5,c5
11955,5,0.33427566,0.44149393,0.22423036,c1,c234
11957,5,0.086524025,0.27601534,0.6374606,c234,c5
11958,5,0.42037958,0.2964246,0.2831958,c1,c1
11963,5,0.096965216,0.2183612,0.6846736,c1,c5
11974,5,0.11746584,0.39991227,0.48262188,c5,c5
11978,5,0.11003468,0.3475617,0.5424037,c5,c5
11981,5,0.089063056,0.3349736,0.57596326,c5,c5
11982,5,0.40227714,0.3515154,0.24620746,c1,c1
11983,5,0.30056864,0.53474337,0.16468796,c1,c234
11986,5,0.1716094,0.4700266,0.35836393,c1,c234
11993,5,0.19201134,0.32550782,0.4824808,c5,c5
11996,5,0.06085813,0.22892044,0.7102214,c234,c5
11997,5,0.104584835,0.19692267,0.69849247,c5,c5
12001,5,0.072389536,0.38003558,0.54757494,c5,c5
12005,5,0.13359144,0.4888958,0.37751278,c5,c234
12010,5,0.3686369,0.35184172,0.27952138,c234,c1
12011,5,0.23086157,0.2887446,0.48039386,c5,c5
12016,5,0.48406604,0.39354295,0.12239106,c234,c1
12018,5,0.2655082,0.31841725,0.41607454,c234,c5
12025,5,0.41407374,0.34537023,0.24055608,c234,c1
12029,5,0.39186892,0.37456352,0.23356755,c234,c1
12032,5,0.16890955,0.2978238,0.53326666,c5,c5
12036,5,0.20106862,0.31233487,0.48659652,c234,c5
12049,5,0.06295263,0.22080174,0.7162456,c234,c5
12052,5,0.1314234,0.5154928,0.3530838,c5,c234
12067,5,0.18591882,0.34827614,0.46580502,c5,c5
12069,5,0.5403668,0.3351121,0.12452106,c234,c1
12081,5,0.3611087,0.42321083,0.21568051,c1,c234
12083,5,0.10365285,0.24315731,0.6531898,c5,c5
12096,5,0.088477865,0.24159655,0.6699256,c5,c5
12101,5,0.074453205,0.3664715,0.5590753,c5,c5
12107,5,0.2074521,0.33476073,0.45778716,c1,c5
12113,5,0.11833602,0.46620342,0.41546056,c234,c234
12121,5,0.2527781,0.45934525,0.28787667,c234,c234
12123,5,0.20060539,0.46528414,0.33411044,c234,c234
12133,5,0.2920757,0.48530233,0.22262199,c234,c234
12135,5,0.48140875,0.3807327,0.13785858,c1,c1
12139,5,0.26072842,0.31157526,0.42769632,c1,c5
12142,5,0.55694383,0.33566606,0.10739012,c1,c1
12146,5,0.40709862,0.42861933,0.16428205,c234,c234
12150,5,0.25039274,0.32569784,0.42390943,c5,c5
12159,5,0.14679237,0.49804914,0.35515845,c5,c234
12163,5,0.070540816,0.19834442,0.73111475,c5,c5
12166,5,0.31092918,0.34922454,0.33984625,c1,c234
12167,5,0.25955138,0.47762123,0.2628274,c1,c234
12169,5,0.19893862,0.38103786,0.42002356,c234,c5
12175,5,0.40766934,0.41449377,0.17783687,c1,c234
12176,5,0.2503076,0.5199692,0.22972319,c1,c234
12180,5,0.45648298,0.320882,0.22263505,c234,c1
12181,5,0.39366096,0.44990432,0.15643467,c5,c234
12182,5,0.46839648,0.36980912,0.16179445,c234,c1
12186,5,0.23704575,0.45391566,0.3090386,c234,c234
12189,5,0.52301216,0.31055608,0.16643174,c234,c1
12191,5,0.5324356,0.3484134,0.11915101,c234,c1
12200,5,0.35527417,0.40277502,0.24195084,c234,c234
12202,5,0.122118674,0.2389618,0.63891953,c5,c5
12203,5,0.114515185,0.23289956,0.6525852,c5,c5
12204,5,0.18417178,0.42498356,0.3908447,c5,c234
12209,5,0.20626813,0.37450776,0.41922405,c5,c5
12212,5,0.18817791,0.27947018,0.5323519,c234,c5
12214,5,0.289137,0.39636296,0.31450003,c1,c234
12220,5,0.35310987,0.40375668,0.24313341,c234,c234
12223,5,0.4320077,0.3045874,0.2634049,c5,c1
12228,5,0.39577046,0.26946405,0.33476546,c234,c1
12230,5,0.3304448,0.3254012,0.34415394,c1,c5
12232,5,0.07249856,0.28132874,0.6461727,c5,c5
12240,5,0.18290773,0.5024418,0.31465045,c234,c234
12241,5,0.18386365,0.30896795,0.50716835,c5,c5
12242,5,0.2636361,0.31860813,0.41775575,c5,c5
12244,5,0.5192401,0.35005113,0.1307088,c1,c1
12250,5,0.32698846,0.46807495,0.20493661,c1,c234
12252,5,0.21472847,0.5168074,0.26846412,c1,c234
12253,5,0.27926543,0.41751617,0.30321836,c234,c234
12254,5,0.39577046,0.26946405,0.33476546,c1,c1
12263,5,0.24198326,0.4791895,0.2788272,c234,c234
12266,5,0.12985978,0.23437196,0.6357683,c234,c5
12277,5,0.2982589,0.44390294,0.25783816,c1,c234
12286,5,0.11224047,0.3805398,0.50721973,c1,c5
12295,5,0.2772954,0.37680355,0.34590104,c1,c234
12296,5,0.099126466,0.33321863,0.5676549,c234,c5
12305,5,0.15286842,0.28959793,0.5575337,c234,c5
12341,5,0.10983115,0.47708476,0.41308415,c5,c234
12344,5,0.23345223,0.45791495,0.3086328,c5,c234
12346,5,0.085656166,0.36230266,0.5520411,c234,c5
12356,5,0.39485353,0.3687635,0.236383,c234,c1
12363,5,0.47678864,0.33943778,0.18377353,c1,c1
12367,5,0.13939632,0.28759816,0.5730055,c1,c5
12374,5,0.16490829,0.39280346,0.44228822,c234,c5
12375,5,0.10067016,0.3656382,0.5336916,c5,c5
12379,5,0.40595514,0.3560362,0.23800866,c1,c1
12383,5,0.66461897,0.2632481,0.07213294,c1,c1
12384,5,0.17106766,0.46968812,0.35924423,c5,c234
12386,5,0.41512233,0.41279787,0.17207976,c234,c1
12388,5,0.35903263,0.42036697,0.22060035,c1,c234
12391,5,0.33863336,0.39587834,0.2654883,c1,c234
12398,5,0.14382836,0.39029843,0.46587327,c234,c5
12400,5,0.09811473,0.2238205,0.67806476,c5,c5
12405,5,0.17271495,0.26138914,0.5658959,c5,c5
12407,5,0.07529346,0.21762964,0.7070769,c234,c5
12408,5,0.10362335,0.3560737,0.54030293,c234,c5
12411,5,0.18995354,0.26187178,0.5481747,c234,c5
12414,5,0.11991128,0.2585116,0.6215771,c5,c5
12417,5,0.26689616,0.3603777,0.37272617,c5,c5
12420,5,0.15129812,0.579136,0.26956585,c5,c234
12425,5,0.6234657,0.30112055,0.07541371,c1,c1
12426,5,0.66743743,0.26131642,0.07124616,c234,c1
12431,5,0.24656706,0.24602588,0.5074071,c5,c5
12439,5,0.086064614,0.41624346,0.4976919,c5,c5
12441,5,0.31127584,0.43718123,0.2515429,c234,c234
12445,5,0.2513673,0.41613287,0.33249986,c234,c234
12448,5,0.4891923,0.38566253,0.12514518,c1,c1
12453,5,0.5191389,0.2625414,0.21831971,c5,c1
12457,5,0.5753991,0.31606337,0.10853744,c234,c1
12470,5,0.71349186,0.20277852,0.08372963,c234,c1
12475,5,0.06971213,0.26564023,0.6646477,c1,c5
12477,5,0.13433456,0.47695553,0.38870993,c5,c234
12478,5,0.64155704,0.27559364,0.08284929,c1,c1
12479,5,0.6342008,0.24207094,0.12372833,c1,c1
12482,5,0.05212117,0.2759101,0.67196876,c234,c5
12486,5,0.36622417,0.34228164,0.29149416,c234,c1
12488,5,0.39262226,0.41784218,0.18953553,c1,c234
12490,5,0.38966542,0.43661767,0.17371692,c1,c234
12491,5,0.044613622,0.20227656,0.7531098,c5,c5
12498,5,0.66743743,0.26131642,0.07124616,c1,c1
12500,5,0.66461897,0.2632481,0.07213294,c1,c1
12510,5,0.24049295,0.43499833,0.32450873,c5,c234
12516,5,0.443153,0.3888913,0.1679557,c5,c1
12529,5,0.66743743,0.26131642,0.07124616,c1,c1
12536,5,0.21175505,0.4679675,0.3202774,c1,c234
12542,5,0.8319049,0.12707938,0.041015603,c1,c1
12543,5,0.43835187,0.37316144,0.18848675,c1,c1
12551,5,0.34254482,0.42448643,0.23296876,c234,c234
12552,5,0.17920782,0.3559625,0.4648297,c234,c5
12555,5,0.47503173,0.35275513,0.17221318,c234,c1
12559,5,0.30617636,0.34147063,0.35235307,c234,c5
12562,5,0.6421866,0.264754,0.09305943,c234,c1
12566,5,0.4061186,0.33955267,0.25432873,c1,c1
12580,5,0.259864,0.49731824,0.24281776,c5,c234
12581,5,0.15358362,0.5003949,0.34602153,c234,c234
12583,5,0.1980492,0.46025342,0.34169745,c234,c234
12584,5,0.2230781,0.32832256,0.4485994,c234,c5
12587,5,0.081173986,0.3371969,0.58162916,c5,c5
12591,5,0.08765407,0.44492686,0.46741912,c5,c5
12593,5,0.2804838,0.45942938,0.2600868,c5,c234
12600,5,0.30871665,0.33127284,0.36001053,c5,c5
12604,5,0.35460523,0.2991731,0.34622172,c1,c1
12609,5,0.52987486,0.3442074,0.12591778,c1,c1
12610,5,0.12382329,0.46798924,0.4081875,c234,c234
12620,5,0.07839439,0.3001498,0.62145585,c234,c5
12630,5,0.45563897,0.37723112,0.16712986,c1,c1
12642,5,0.3925317,0.46523336,0.142235,c1,c234
12648,5,0.35006928,0.37178352,0.27814725,c5,c234
12651,5,0.16893676,0.39298156,0.43808165,c5,c5
12655,5,0.20538731,0.5358648,0.25874797,c1,c234
12657,5,0.21453594,0.28237247,0.5030916,c5,c5
12662,5,0.35050088,0.44780523,0.20169386,c1,c234
12668,5,0.3419286,0.49738175,0.16068968,c234,c234
12669,5,0.3385834,0.35604727,0.30536935,c5,c234
12671,5,0.609239,0.2985549,0.092206165,c234,c1
12672,5,0.1756199,0.44627672,0.3781034,c5,c234
12681,5,0.52177554,0.3017364,0.17648803,c5,c1
12682,5,0.22630973,0.21907935,0.55461097,c5,c5
12684,5,0.2593516,0.4515238,0.28912464,c5,c234
12685,5,0.20844328,0.3406992,0.45085752,c234,c5
12691,5,0.52177554,0.3017364,0.17648803,c1,c1
12693,5,0.52134407,0.3526299,0.12602602,c234,c1
12694,5,0.38758576,0.2611037,0.35131052,c234,c1
12700,5,0.14640008,0.42372614,0.4298738,c5,c5
12704,5,0.26910046,0.5393758,0.1915238,c1,c234
12707,5,0.22510359,0.48122084,0.29367554,c1,c234
12713,5,0.40541214,0.33952108,0.25506675,c5,c1
12714,5,0.11840679,0.4395052,0.44208798,c5,c5
12715,5,0.39577046,0.26946405,0.33476546,c5,c1
12725,5,0.28652978,0.3043109,0.40915936,c5,c5
12729,5,0.034762617,0.14892876,0.8163086,c5,c5
12730,5,0.3932082,0.3451462,0.26164553,c1,c1
12733,5,0.12497295,0.39852303,0.47650406,c5,c5
12741,5,0.24022049,0.3703389,0.38944066,c234,c5
12752,5,0.36794725,0.32004908,0.31200367,c5,c1
12759,5,0.3153029,0.2721069,0.41259015,c1,c5
12761,5,0.16510803,0.3261992,0.50869274,c234,c5
12764,5,0.52987486,0.3442074,0.12591778,c234,c1
12765,5,0.3153029,0.2721069,0.41259015,c1,c5
12767,5,0.4619891,0.3940523,0.14395858,c5,c1
12771,5,0.6163343,0.3039181,0.07974768,c1,c1
12775,5,0.31480625,0.31098676,0.37420693,c1,c5
12782,5,0.0652145,0.26052314,0.6742624,c5,c5
12786,5,0.10228826,0.41233578,0.485376,c234,c5
12787,5,0.52177554,0.3017364,0.17648803,c1,c1
12792,5,0.41974366,0.38971877,0.19053754,c1,c1
12794,5,0.09303912,0.38114366,0.5258172,c5,c5
12795,5,0.49019763,0.34866458,0.1611378,c234,c1
12801,5,0.18617378,0.29207125,0.5217549,c1,c5
12815,5,0.16612265,0.45278245,0.3810949,c234,c234
12820,5,0.20383729,0.47544247,0.32072023,c1,c234
12831,5,0.08059855,0.36780286,0.55159855,c234,c5
12835,5,0.4930517,0.31686002,0.19008836,c1,c1
12842,5,0.5038571,0.3076353,0.18850762,c234,c1
12857,5,0.66743743,0.26131642,0.07124616,c234,c1
12862,5,0.09225533,0.2745173,0.6332274,c234,c5
12875,5,0.5450893,0.31347734,0.14143334,c1,c1
12878,5,0.2243229,0.5738084,0.20186876,c234,c234
12888,5,0.09206823,0.40188372,0.506048,c5,c5
12893,5,0.08929211,0.35592696,0.5547809,c234,c5
12899,5,0.19696134,0.45062888,0.35240972,c5,c234
12901,5,0.21231787,0.5254276,0.26225457,c5,c234
12906,5,0.05378143,0.25216767,0.69405097,c5,c5
12908,5,0.39577046,0.26946405,0.33476546,c234,c1
12910,5,0.2913698,0.42497686,0.28365338,c5,c234
12911,5,0.2697711,0.4615506,0.26867837,c234,c234
12914,5,0.21593678,0.49767467,0.28638858,c5,c234
12915,5,0.16185348,0.4448236,0.39332289,c1,c234
12921,5,0.19337776,0.39130196,0.41532022,c5,c5
12925,5,0.06371869,0.21273436,0.7235469,c234,c5
12927,5,0.11205717,0.27681988,0.61112297,c5,c5
12937,5,0.057368238,0.21020322,0.73242855,c5,c5
12941,5,0.12985124,0.28791174,0.582237,c234,c5
12943,5,0.39688012,0.3604823,0.24263757,c5,c1
12946,5,0.27094814,0.4085327,0.32051915,c234,c234
12949,5,0.12393243,0.39655802,0.47950953,c5,c5
12953,5,0.1580064,0.26712617,0.5748675,c5,c5
12956,5,0.07377119,0.30975538,0.61647344,c234,c5
12960,5,0.33042827,0.4584463,0.21112545,c1,c234
12967,5,0.13216278,0.35222107,0.5156161,c5,c5
12973,5,0.36929405,0.40302378,0.22768216,c234,c234
12982,5,0.59239084,0.31369603,0.09391309,c1,c1
12995,5,0.5908398,0.31617653,0.09298366,c1,c1
12999,5,0.3791532,0.27960417,0.3412426,c5,c1
13006,5,0.35019055,0.29170802,0.35810146,c5,c5
13007,5,0.25126284,0.45759612,0.2911411,c234,c234
13009,5,0.046700716,0.1603251,0.79297423,c5,c5
13025,5,0.34397766,0.40102312,0.25499916,c1,c234
13032,5,0.18814397,0.42316166,0.38869438,c234,c234
13039,5,0.33747816,0.4303784,0.23214342,c5,c234
13050,5,0.41135183,0.3597523,0.22889587,c1,c1
13053,5,0.23825675,0.5473092,0.21443404,c5,c234
13064,5,0.07085073,0.23084062,0.69830865,c1,c5
13066,5,0.07119197,0.37047797,0.55833006,c1,c5
13075,5,0.5393075,0.3467609,0.11393161,c234,c1
13086,5,0.5103226,0.3706354,0.11904204,c1,c1
13091,5,0.5336067,0.28546223,0.18093106,c234,c1
13101,5,0.5144689,0.3464538,0.13907726,c1,c1
13108,5,0.12378824,0.48673165,0.38948002,c5,c234
13111,5,0.5366246,0.34664014,0.11673522,c5,c1
13115,5,0.05696128,0.148996,0.7940427,c5,c5
13119,5,0.16165271,0.5361559,0.3021914,c5,c234
13121,5,0.43674645,0.4325021,0.13075145,c234,c1
13122,5,0.18603858,0.36406803,0.44989341,c5,c5
13123,5,0.07691316,0.31988773,0.6031991,c234,c5
13128,5,0.114804074,0.24580756,0.6393884,c5,c5
13129,5,0.11063169,0.25303763,0.63633066,c5,c5
13135,5,0.053792063,0.23486315,0.7113448,c1,c5
13137,5,0.079549335,0.3172462,0.6032045,c5,c5
13139,5,0.3293755,0.41774422,0.25288028,c234,c234
13141,5,0.41310787,0.4198183,0.16707376,c1,c234
13148,5,0.29318517,0.4759737,0.23084114,c5,c234
13151,5,0.13830562,0.27052495,0.5911694,c234,c5
13157,5,0.28319862,0.37446803,0.3423333,c5,c234
13165,5,0.34501356,0.44582722,0.20915917,c234,c234
13168,5,0.16005796,0.48030102,0.35964102,c5,c234
13175,5,0.10185519,0.2195417,0.6786031,c234,c5
13179,5,0.50899273,0.35481405,0.1361932,c5,c1
13182,5,0.31964308,0.4387977,0.24155922,c234,c234
13183,5,0.64297396,0.23207515,0.12495088,c1,c1
13196,5,0.14865226,0.5019028,0.34944493,c234,c234
13212,5,0.16116108,0.531662,0.30717695,c5,c234
13216,5,0.038267855,0.1900934,0.7716387,c5,c5
13229,5,0.130467,0.23576266,0.63377035,c1,c5
13234,5,0.18432152,0.42346412,0.3922144,c234,c234
13240,5,0.10841647,0.2673851,0.6241984,c5,c5
13245,5,0.29585642,0.5510483,0.15309532,c1,c234
13252,5,0.41821235,0.38438272,0.1974049,c5,c1
13253,5,0.111811884,0.24820183,0.6399863,c5,c5
13254,5,0.16711788,0.28692672,0.5459554,c5,c5
13255,5,0.3153029,0.2721069,0.41259015,c1,c5
13257,5,0.42025802,0.40802473,0.17171726,c5,c1
13259,5,0.32879767,0.4463514,0.22485095,c1,c234
13263,5,0.51998705,0.35559732,0.124415666,c1,c1
13264,5,0.49087834,0.32024053,0.18888119,c1,c1
13265,5,0.19421175,0.23021024,0.57557803,c1,c5
13269,5,0.78895456,0.16056,0.05048545,c1,c1
13277,5,0.2107008,0.34220996,0.4470893,c5,c5
13282,5,0.14723091,0.24962364,0.6031455,c5,c5
13307,5,0.63984835,0.23335576,0.12679592,c1,c1
13310,5,0.07562146,0.18448827,0.7398903,c5,c5
13314,5,0.3403452,0.41370404,0.24595074,c1,c234
13319,5,0.22501388,0.4508932,0.32409295,c5,c234
13325,5,0.06268286,0.24743178,0.68988544,c5,c5
13333,5,0.2636308,0.42687163,0.30949754,c5,c234
13338,5,0.0643994,0.2233537,0.7122469,c5,c5
13345,5,0.67513806,0.23486456,0.08999737,c234,c1
13349,5,0.103744656,0.30964872,0.5866067,c234,c5
13350,5,0.51636904,0.3261473,0.15748365,c1,c1
13352,5,0.106805794,0.30355653,0.5896377,c234,c5
13353,5,0.47647408,0.2636162,0.2599097,c234,c1
13360,5,0.23541111,0.2513444,0.5132445,c234,c5
13361,5,0.6272256,0.30598402,0.066790454,c234,c1
13362,5,0.21790203,0.47710517,0.30499282,c234,c234
13364,5,0.3173693,0.40043405,0.2821966,c1,c234
13367,5,0.27715325,0.32770446,0.39514226,c234,c5
13371,5,0.36173317,0.44608146,0.1921854,c1,c234
13375,5,0.08132026,0.17958467,0.73909503,c234,c5
13377,5,0.17264985,0.3052001,0.52215004,c5,c5
13383,5,0.35179222,0.41274533,0.23546243,c5,c234
13390,5,0.37461486,0.39557558,0.22980957,c234,c234
13398,5,0.53200877,0.32764107,0.14035016,c1,c1
13400,5,0.2541829,0.45587635,0.28994069,c234,c234
13403,5,0.15797047,0.45889178,0.3831377,c234,c234
13405,5,0.3441022,0.3909197,0.26497808,c5,c234
13406,5,0.1305084,0.31653184,0.55295974,c5,c5
13407,5,0.2953466,0.46976396,0.23488949,c1,c234
13409,5,0.2129304,0.4491259,0.33794373,c234,c234
13413,5,0.049937423,0.18775006,0.7623126,c5,c5
13421,5,0.07060538,0.24161148,0.6877831,c234,c5
13429,5,0.21272038,0.51272476,0.27455488,c1,c234
13438,5,0.15384845,0.40573275,0.44041872,c234,c5
13439,5,0.22046106,0.2831467,0.4963923,c5,c5
13450,5,0.45389885,0.42091668,0.12518448,c5,c1
13457,5,0.30024976,0.38460588,0.31514436,c5,c234
13458,5,0.30426937,0.3686691,0.32706156,c5,c234
13460,5,0.111350775,0.4787514,0.40989786,c234,c234
13471,5,0.27456933,0.3852012,0.34022945,c5,c234
13477,5,0.22710532,0.4075366,0.36535808,c234,c234
13486,5,0.38595662,0.35577697,0.2582664,c5,c1
13489,5,0.39577046,0.26946405,0.33476546,c234,c1
13491,5,0.26058435,0.34526032,0.39415526,c1,c5
13497,5,0.40504318,0.37735745,0.2175994,c234,c1
13498,5,0.08199933,0.3067543,0.6112464,c234,c5
13501,5,0.21070582,0.4128442,0.37644997,c5,c234
13509,5,0.058224585,0.18818083,0.7535946,c5,c5
13511,5,0.261857,0.37893566,0.3592073,c234,c234
13513,5,0.5006119,0.32023457,0.17915355,c1,c1
13515,5,0.4426664,0.33942482,0.21790873,c1,c1
13521,5,0.48310617,0.3250556,0.19183823,c5,c1
13526,5,0.55955946,0.3206618,0.11977871,c234,c1
13534,5,0.13066237,0.45561132,0.41372624,c5,c234
13538,5,0.114929125,0.28640348,0.5986674,c5,c5
13539,5,0.116952546,0.4928697,0.39017773,c5,c234
13541,5,0.14378415,0.4826302,0.37358564,c5,c234
13542,5,0.044484988,0.21981978,0.7356951,c5,c5
13543,5,0.05629375,0.24232998,0.70137626,c1,c5
13550,5,0.110085085,0.24926443,0.64065045,c5,c5
13558,5,0.07387555,0.27088606,0.6552384,c5,c5
13564,5,0.4762623,0.40518656,0.11855107,c1,c1
13589,5,0.13267401,0.5267896,0.3405364,c234,c234
13590,5,0.11020399,0.30584705,0.58394897,c5,c5
13592,5,0.093820915,0.28201878,0.62416035,c5,c5
13593,5,0.66461897,0.2632481,0.07213294,c234,c1
13594,5,0.4510664,0.2731518,0.27578187,c5,c1
13596,5,0.1332985,0.23232049,0.634381,c5,c5
13608,5,0.09581011,0.2510432,0.6531467,c5,c5
13617,5,0.0349575,0.14974996,0.8152926,c5,c5
13620,5,0.45505187,0.4311501,0.11379801,c234,c1
13636,5,0.16183797,0.42337805,0.41478392,c234,c234
13641,5,0.3385292,0.4182319,0.24323885,c234,c234
13648,5,0.14191371,0.55015475,0.3079315,c234,c234
13650,5,0.41185102,0.25243652,0.33571243,c5,c1
13653,5,0.40999678,0.3436541,0.24634917,c1,c1
13657,5,0.21713679,0.52126575,0.26159745,c234,c234
13666,5,0.54111415,0.3184154,0.14047047,c1,c1
13668,5,0.10941429,0.23682648,0.6537592,c5,c5
13669,5,0.09529889,0.32603303,0.5786681,c234,c5
13676,5,0.3274762,0.29899055,0.3735333,c5,c5
13677,5,0.68787163,0.24368648,0.06844189,c1,c1
13678,5,0.3931576,0.46110898,0.1457334,c5,c234
13679,5,0.3785737,0.43456703,0.18685931,c234,c234
13680,5,0.52987486,0.3442074,0.12591778,c234,c1
13696,5,0.42075512,0.41911477,0.1601301,c5,c1
13698,5,0.49607274,0.2630445,0.2408828,c1,c1
13699,5,0.2791129,0.45653552,0.26435152,c1,c234
13700,5,0.15761237,0.28876334,0.5536243,c5,c5
13712,5,0.08290797,0.3443999,0.57269216,c5,c5
13713,5,0.06530499,0.29605436,0.63864064,c234,c5
13718,5,0.10409157,0.38778713,0.5081213,c1,c5
13722,5,0.18439804,0.3991405,0.4164615,c5,c5
13730,5,0.27733928,0.36869532,0.35396537,c1,c234
13737,5,0.19398373,0.33114767,0.47486854,c5,c5
13738,5,0.03901118,0.16353299,0.7974558,c234,c5
13742,5,0.46227792,0.39367345,0.14404859,c1,c1
13745,5,0.5720806,0.28731364,0.1406057,c1,c1
13746,5,0.2175989,0.46031964,0.32208145,c1,c234
13749,5,0.37243462,0.4065008,0.2210646,c5,c234
13754,5,0.66743743,0.26131642,0.07124616,c1,c1
13755,5,0.08346528,0.2885618,0.62797296,c5,c5
13772,5,0.11342649,0.27369502,0.6128785,c234,c5
13777,5,0.15935025,0.28310323,0.55754656,c234,c5
13781,5,0.66743743,0.26131642,0.07124616,c234,c1
13787,5,0.09880269,0.35200053,0.5491968,c234,c5
13796,5,0.35607263,0.41720676,0.22672065,c1,c234
13797,5,0.43936235,0.40278798,0.15784962,c5,c1
13802,5,0.48831424,0.3805782,0.13110752,c234,c1
13803,5,0.60405725,0.25633657,0.13960615,c1,c1
13807,5,0.19177285,0.27326795,0.53495914,c5,c5
13811,5,0.46707967,0.36867946,0.16424082,c234,c1
13812,5,0.5486152,0.28913522,0.16224957,c234,c1
13814,5,0.19772086,0.4127905,0.38948867,c5,c234
13818,5,0.39174488,0.30275625,0.30549884,c1,c1
13819,5,0.4965374,0.36154917,0.14191346,c234,c1
13827,5,0.1187712,0.46586606,0.4153627,c1,c234
13836,5,0.47647408,0.2636162,0.2599097,c5,c1
13842,5,0.5526,0.31309897,0.13430102,c1,c1
13843,5,0.5218558,0.36311528,0.115028985,c5,c1
13845,5,0.25026047,0.3358181,0.4139214,c234,c5
13849,5,0.12192076,0.30823472,0.5698445,c234,c5
13853,5,0.3102576,0.40644678,0.28329566,c1,c234
13857,5,0.63008887,0.22134405,0.1485671,c1,c1
13861,5,0.14766295,0.30956456,0.5427725,c234,c5
13862,5,0.21778932,0.43482098,0.34738967,c5,c234
13867,5,0.080034405,0.2531099,0.66685575,c5,c5
13893,5,0.32680976,0.47362268,0.19956763,c5,c234
13894,5,0.2784606,0.37760246,0.3439369,c1,c234
13897,5,0.06304281,0.2889562,0.648001,c5,c5
13905,5,0.29537585,0.4223549,0.28226924,c234,c234
13906,5,0.58410746,0.25837478,0.15751775,c1,c1
13910,5,0.16369618,0.4012146,0.43508926,c5,c5
13916,5,0.049622856,0.15728778,0.7930894,c5,c5
13921,5,0.4530735,0.3070049,0.2399216,c1,c1
13942,5,0.1986442,0.49104935,0.31030646,c1,c234
13947,5,0.52856517,0.38425964,0.08717521,c1,c1
13954,5,0.14309339,0.35624078,0.50066584,c234,c5
13959,5,0.5977364,0.28890535,0.11335815,c1,c1
13972,5,0.5319418,0.22028944,0.24776879,c5,c1
13973,5,0.39959,0.27193183,0.3284782,c1,c1
13975,5,0.35853544,0.36400378,0.27746084,c234,c234
13978,5,0.25638834,0.41468874,0.32892293,c1,c234
13979,5,0.26681072,0.30786672,0.42532265,c1,c5
13980,5,0.24764372,0.32976097,0.4225953,c234,c5
13981,5,0.1335083,0.32089588,0.5455958,c234,c5
13983,5,0.30083293,0.39430463,0.3048624,c234,c234
13994,5,0.20603037,0.2996078,0.49436188,c234,c5
14009,5,0.44465068,0.416387,0.13896234,c1,c1
14017,5,0.06720148,0.3118004,0.6209981,c234,c5
14025,5,0.07276349,0.16419539,0.76304114,c5,c5
14026,5,0.52177554,0.3017364,0.17648803,c234,c1
14041,5,0.47647408,0.2636162,0.2599097,c1,c1
14048,5,0.23623583,0.53269064,0.2310735,c1,c234
14052,5,0.20884,0.4926124,0.29854754,c1,c234
14055,5,0.30347115,0.48123038,0.21529838,c1,c234
14056,5,0.14643776,0.41573894,0.43782327,c5,c5
14057,5,0.43835187,0.37316144,0.18848675,c234,c1
14059,5,0.08938916,0.49808607,0.41252482,c234,c234
14060,5,0.59701705,0.3055226,0.09746035,c1,c1
14063,5,0.4735999,0.33293456,0.1934655,c1,c1
14067,5,0.47647408,0.2636162,0.2599097,c1,c1
14069,5,0.3654694,0.47179928,0.16273132,c1,c234
14072,5,0.20197128,0.31186604,0.48616275,c234,c5
14094,5,0.32998633,0.39127097,0.2787427,c234,c234
14107,5,0.09899264,0.24147578,0.6595316,c234,c5
14109,5,0.60022014,0.29435074,0.10542909,c1,c1
14114,5,0.23259582,0.24681236,0.5205918,c5,c5
14117,5,0.12796286,0.56130004,0.31073704,c5,c234
14119,5,0.08070485,0.19822225,0.72107285,c234,c5
14126,5,0.16030309,0.4152873,0.42440963,c1,c5
14135,5,0.10436395,0.2650104,0.6306256,c5,c5
14138,5,0.51367825,0.3589556,0.12736613,c1,c1
14140,5,0.034082666,0.14097586,0.8249414,c234,c5
14144,5,0.09381547,0.29173654,0.61444795,c234,c5
14150,5,0.37149304,0.4280036,0.20050333,c234,c234
14170,5,0.51380134,0.34352118,0.14267747,c1,c1
14174,5,0.120290734,0.39692974,0.48277953,c1,c5
14176,5,0.12778991,0.32008946,0.5521206,c1,c5
14178,5,0.117943764,0.50290596,0.37915024,c234,c234
14179,5,0.037480354,0.13652335,0.82599634,c5,c5
14181,5,0.10882673,0.30084726,0.590326,c5,c5
14182,5,0.116335265,0.35355833,0.5301064,c5,c5
14186,5,0.11915691,0.48956984,0.3912732,c234,c234
14197,5,0.38937044,0.36288887,0.24774072,c1,c1
14210,5,0.5572181,0.30656272,0.13621917,c1,c1
14213,5,0.53044003,0.29701462,0.17254534,c1,c1
14218,5,0.15560272,0.43363723,0.41076,c5,c234
14219,5,0.6130217,0.24837953,0.13859887,c1,c1
14220,5,0.49766988,0.33424214,0.16808802,c234,c1
14223,5,0.36334777,0.40391132,0.23274091,c1,c234
14233,5,0.26809287,0.40571058,0.3261966,c5,c234
14242,5,0.16156691,0.47371364,0.36471945,c234,c234
14247,5,0.266884,0.36036128,0.3727547,c1,c5
14248,5,0.066999786,0.20419376,0.72880644,c5,c5
14253,5,0.28594244,0.5512021,0.16285549,c1,c234
14254,5,0.08946735,0.30773076,0.6028019,c5,c5
14264,5,0.16594525,0.42313576,0.41091904,c234,c234
14273,5,0.26575235,0.42959827,0.30464938,c234,c234
14277,5,0.08304955,0.26753148,0.649419,c5,c5
14283,5,0.39816865,0.4379438,0.16388753,c234,c234
14288,5,0.117943764,0.50290596,0.37915024,c234,c234
14293,5,0.66743743,0.26131642,0.07124616,c1,c1
14300,5,0.29546466,0.43316785,0.2713675,c234,c234
14301,5,0.24609098,0.46896946,0.2849396,c234,c234
14306,5,0.5154443,0.3566893,0.12786643,c1,c1
14310,5,0.20739011,0.37723497,0.41537496,c234,c5
14312,5,0.1941559,0.43946406,0.36638004,c5,c234
14315,5,0.10892485,0.31418577,0.57688934,c234,c5
14318,5,0.22558704,0.29215857,0.48225436,c234,c5
14319,5,0.10349514,0.3381071,0.55839777,c5,c5
14320,5,0.2600953,0.40965277,0.3302519,c234,c234
14330,5,0.46017644,0.2893243,0.2504992,c234,c1
14333,5,0.21225691,0.41284844,0.37489462,c1,c234
14334,5,0.15632658,0.5726571,0.27101636,c1,c234
14342,5,0.25986183,0.50605935,0.23407884,c234,c234
14349,5,0.066129975,0.32693672,0.60693336,c234,c5
14359,5,0.075530745,0.21238789,0.7120813,c234,c5
14381,5,0.14997204,0.3344378,0.5155902,c5,c5
14382,5,0.12096321,0.46962368,0.4094131,c5,c234
14385,5,0.114137,0.36450207,0.5213609,c5,c5
14395,5,0.42291036,0.35395923,0.22313033,c234,c1
14396,5,0.40673414,0.39605317,0.1972127,c1,c1
14397,5,0.46786955,0.2579724,0.274158,c5,c1
14408,5,0.2957337,0.5443692,0.15989703,c5,c234
14410,5,0.66461897,0.2632481,0.07213294,c234,c1
14412,5,0.52987486,0.3442074,0.12591778,c234,c1
14414,5,0.23418747,0.32957265,0.4362399,c1,c5
14420,5,0.36978766,0.4096175,0.22059476,c5,c234
14423,5,0.19835144,0.4735027,0.3281459,c1,c234
14429,5,0.2780354,0.33860388,0.38336074,c1,c5
14451,5,0.35067862,0.41914412,0.23017724,c1,c234
14453,5,0.1423257,0.36477476,0.4928996,c234,c5
14456,5,0.23611775,0.36754122,0.396341,c5,c5
14462,5,0.38937044,0.36288887,0.24774072,c234,c1
14468,5,0.120950215,0.31014174,0.5689081,c234,c5
14469,5,0.5713263,0.24413973,0.18453397,c234,c1
14472,5,0.15808676,0.42794454,0.41396874,c5,c234
14479,5,0.5439415,0.2758076,0.18025085,c5,c1
14482,5,0.3701652,0.29488736,0.3349475,c1,c1
14498,5,0.16253753,0.31188744,0.525575,c234,c5
14507,5,0.195919,0.5449263,0.25915477,c5,c234
14513,5,0.44016707,0.43291992,0.12691303,c234,c1
14524,5,0.1250547,0.5695602,0.30538508,c234,c234
14525,5,0.47835112,0.28703463,0.23461424,c1,c1
14537,5,0.1498253,0.39204794,0.45812672,c234,c5
14540,5,0.6916513,0.22578314,0.08256564,c1,c1
14543,5,0.36056808,0.42839435,0.21103759,c234,c234
14546,5,0.38185924,0.4013592,0.21678151,c234,c234
14548,5,0.3921777,0.4441786,0.16364373,c1,c234
14550,5,0.10743287,0.38896418,0.50360286,c5,c5
14554,5,0.069743566,0.26465932,0.66559714,c5,c5
14556,5,0.4255075,0.33763295,0.2368595,c234,c1
14557,5,0.6397333,0.2574522,0.1028145,c1,c1
14562,5,0.52987486,0.3442074,0.12591778,c1,c1
14566,5,0.10627673,0.41462496,0.47909826,c1,c5
14570,5,0.34372732,0.39686114,0.25941148,c1,c234
14573,5,0.15069772,0.36141682,0.48788548,c5,c5
14576,5,0.26583883,0.3849679,0.3491933,c1,c234
14583,5,0.49849465,0.30043915,0.20106614,c5,c1
14584,5,0.5013459,0.303757,0.19489715,c5,c1
14585,5,0.32548827,0.38539615,0.2891156,c1,c234
14588,5,0.06558822,0.21255003,0.7218617,c234,c5
14597,5,0.30955404,0.4280193,0.26242664,c234,c234
14598,5,0.50335985,0.3679963,0.12864383,c1,c1
14605,5,0.09266977,0.2890193,0.6183109,c5,c5
14609,5,0.120196395,0.3331718,0.54663175,c234,c5
14610,5,0.17578726,0.4038573,0.42035544,c234,c5
14614,5,0.5259869,0.36327466,0.11073843,c1,c1
14627,5,0.31493703,0.47089016,0.21417278,c5,c234
14629,5,0.2636361,0.31860813,0.41775575,c5,c5
14631,5,0.47228846,0.41903773,0.1086739,c1,c1
14632,5,0.7910265,0.16766028,0.041313242,c5,c1
14634,5,0.1834609,0.35924283,0.4572963,c234,c5
14636,5,0.28899288,0.5134433,0.19756378,c5,c234
14640,5,0.33730936,0.43221596,0.23047474,c1,c234
14641,5,0.21856819,0.3682288,0.41320294,c234,c5
14650,5,0.120973594,0.36846355,0.5105628,c234,c5
14651,5,0.17912911,0.42866057,0.39221033,c1,c234
14658,5,0.47647408,0.2636162,0.2599097,c1,c1
14660,5,0.05114723,0.23096743,0.7178854,c234,c5
14663,5,0.34660584,0.46549907,0.18789506,c5,c234
14668,5,0.3713032,0.41411752,0.21457925,c234,c234
14674,5,0.05767518,0.2712179,0.6711069,c5,c5
14684,5,0.44680917,0.29919636,0.2539944,c5,c1
14689,5,0.32764477,0.29408005,0.3782752,c5,c5
14691,5,0.062656455,0.29457048,0.64277303,c5,c5
14693,5,0.66743743,0.26131642,0.07124616,c1,c1
14694,5,0.12531106,0.27686328,0.59782565,c234,c5
14697,5,0.11209479,0.4691795,0.4187257,c5,c234
14700,5,0.36667812,0.40163708,0.23168485,c234,c234
14701,5,0.39577046,0.26946405,0.33476546,c1,c1
14703,5,0.287878,0.36397022,0.34815174,c5,c234
14704,5,0.42609072,0.35670814,0.21720122,c1,c1
14711,5,0.21881694,0.41585025,0.3653328,c234,c234
14716,5,0.4299805,0.32186365,0.2481559,c234,c1
14720,5,0.2770575,0.31616828,0.4067742,c5,c5
14721,5,0.114977956,0.32073632,0.56428576,c5,c5
14722,5,0.13570821,0.3741539,0.49013788,c234,c5
14729,5,0.06263768,0.29853597,0.6388263,c5,c5
14730,5,0.069373675,0.24016562,0.6904607,c234,c5
14732,5,0.27556396,0.3176323,0.40680373,c1,c5
14735,5,0.25245336,0.3222824,0.4252643,c1,c5
14738,5,0.42888376,0.3946724,0.1764438,c234,c1
14739,5,0.42827323,0.43544257,0.13628413,c234,c234
14740,5,0.10178482,0.37928608,0.51892906,c1,c5
14742,5,0.38780645,0.47156784,0.14062573,c1,c234
14748,5,0.12473351,0.48002386,0.39524263,c234,c234
14760,5,0.1962059,0.60185355,0.2019405,c1,c234
14763,5,0.13585392,0.30488348,0.55926263,c234,c5
14770,5,0.28310663,0.42976695,0.28712645,c5,c234
14781,5,0.53358823,0.31932095,0.14709082,c1,c1
14791,5,0.081259966,0.25896972,0.6597703,c5,c5
14793,5,0.7451248,0.19183165,0.06304351,c1,c1
14801,5,0.32174256,0.2900167,0.38824072,c5,c5
14808,5,0.52177554,0.3017364,0.17648803,c1,c1
14814,5,0.07023142,0.27087283,0.6588958,c5,c5
14821,5,0.26753303,0.438029,0.29443794,c234,c234
14851,5,0.50518966,0.33891997,0.15589033,c234,c1
14857,5,0.66743743,0.26131642,0.07124616,c5,c1
14862,5,0.6303521,0.23405494,0.13559295,c1,c1
14870,5,0.266884,0.36036128,0.3727547,c1,c5
14874,5,0.073394455,0.24804789,0.67855763,c5,c5
14896,5,0.309135,0.45066816,0.24019685,c1,c234
14897,5,0.08550729,0.2591078,0.6553849,c234,c5
14900,5,0.5282305,0.32219213,0.14957741,c1,c1
14909,5,0.27647725,0.29976538,0.42375734,c1,c5
14911,5,0.39073938,0.3909302,0.2183304,c1,c234
14917,5,0.105005994,0.3974512,0.49754277,c5,c5
14941,5,0.37035304,0.3780727,0.2515742,c5,c234
14945,5,0.12569319,0.5166771,0.35762975,c1,c234
14949,5,0.5319608,0.34358552,0.12445361,c1,c1
14950,5,0.122017205,0.3414546,0.53652817,c5,c5
14951,5,0.1287972,0.25192654,0.61927634,c5,c5
14954,5,0.29866436,0.3710846,0.33025098,c234,c234
14961,5,0.19539447,0.5043461,0.30025947,c1,c234
14967,5,0.587792,0.2616922,0.15051585,c234,c1
14969,5,0.23090781,0.4135011,0.35559106,c1,c234
14973,5,0.25475284,0.529575,0.21567215,c1,c234
14977,5,0.39577046,0.26946405,0.33476546,c5,c1
14978,5,0.3442544,0.43023965,0.22550589,c234,c234
14980,5,0.46652222,0.3858174,0.1476604,c234,c1
14982,5,0.10843563,0.29526275,0.5963016,c5,c5
14983,5,0.2392106,0.35178688,0.4090025,c5,c5
14996,5,0.0672735,0.20094272,0.7317838,c234,c5
14999,5,0.34102833,0.46335062,0.19562104,c1,c234
15012,5,0.16298456,0.5926898,0.2443256,c234,c234
15017,5,0.26491585,0.38478038,0.35030377,c234,c234
15034,5,0.14108914,0.3130199,0.5458909,c5,c5
15058,5,0.21804656,0.5228112,0.25914225,c234,c234
15065,5,0.086712554,0.27848017,0.6348073,c5,c5
15071,5,0.09042414,0.25530913,0.6542668,c1,c5
15076,5,0.1124631,0.32717532,0.56036156,c1,c5
15082,5,0.34762907,0.35626405,0.29610687,c1,c234
15083,5,0.09404446,0.33685297,0.5691025,c5,c5
15085,5,0.3295421,0.3827892,0.28766868,c1,c234
15093,5,0.40033543,0.45463732,0.1450273,c234,c234
15100,5,0.06457466,0.23505375,0.7003716,c234,c5
15104,5,0.38356158,0.3961238,0.22031467,c1,c234
15110,5,0.4175556,0.42216828,0.16027613,c5,c234
15113,5,0.22825348,0.49600193,0.2757446,c234,c234
15116,5,0.16978665,0.39121583,0.43899754,c1,c5
15117,5,0.33730936,0.43221596,0.23047474,c1,c234
15123,5,0.55072683,0.2530971,0.19617604,c5,c1
15125,5,0.09996602,0.29124543,0.60878855,c234,c5
15130,5,0.25236687,0.3621614,0.38547173,c234,c5
15132,5,0.34678054,0.2874824,0.3657371,c5,c5
15145,5,0.5021969,0.36939383,0.1284093,c5,c1
15150,5,0.16597654,0.41808075,0.41594276,c234,c234
15155,5,0.0769002,0.27985078,0.64324903,c1,c5
15159,5,0.20135248,0.47022042,0.32842708,c234,c234
15163,5,0.44723418,0.33426854,0.21849734,c1,c1
15175,5,0.18946834,0.45785207,0.35267952,c234,c234
15188,5,0.5247352,0.331108,0.1441568,c234,c1
15190,5,0.47034118,0.36402872,0.16563013,c1,c1
15191,5,0.044100676,0.2208397,0.7350596,c5,c5
15196,5,0.17071636,0.4645086,0.36477506,c234,c234
15204,5,0.09089801,0.16999613,0.7391059,c1,c5
15206,5,0.1267631,0.50455034,0.3686866,c234,c234
15210,5,0.31977087,0.36797538,0.31225374,c1,c234
15232,5,0.10388354,0.50291383,0.39320263,c234,c234
15234,5,0.66743743,0.26131642,0.07124616,c1,c1
15237,5,0.13978195,0.46259925,0.39761886,c5,c234
15240,5,0.03731898,0.12483857,0.83784246,c5,c5
15245,5,0.6916513,0.22578314,0.08256564,c5,c1
15252,5,0.3866846,0.3613107,0.2520047,c1,c1
15254,5,0.1847024,0.42902675,0.38627085,c234,c234
15255,5,0.2055595,0.5118794,0.28256106,c1,c234
15257,5,0.3663291,0.38162008,0.25205082,c234,c234
15265,5,0.35212174,0.42969415,0.21818411,c1,c234
15268,5,0.33659327,0.3875584,0.27584833,c1,c234
15269,5,0.52987486,0.3442074,0.12591778,c1,c1
15272,5,0.080492206,0.29406908,0.6254387,c1,c5
15282,5,0.16638403,0.4568286,0.37678745,c5,c234
15287,5,0.47352916,0.30164173,0.22482908,c234,c1
15291,5,0.13837379,0.48914263,0.37248364,c234,c234
15295,5,0.2429926,0.44199452,0.31501284,c234,c234
15300,5,0.61832,0.27814636,0.10353365,c234,c1
15302,5,0.46736306,0.28305507,0.24958187,c234,c1
15305,5,0.6916513,0.22578314,0.08256564,c5,c1
15310,5,0.6761636,0.23330538,0.09053104,c1,c1
15315,5,0.1035355,0.23632345,0.66014105,c1,c5
15318,5,0.039640233,0.19241963,0.76794016,c1,c5
15319,5,0.22566597,0.4566375,0.31769657,c5,c234
15323,5,0.13637348,0.44151056,0.42211595,c234,c234
15329,5,0.36656585,0.42563927,0.20779485,c234,c234
15331,5,0.1503601,0.34764016,0.50199974,c1,c5
15333,5,0.66213846,0.25666758,0.081194036,c1,c1
15335,5,0.23251277,0.50501084,0.26247635,c5,c234
15344,5,0.22420105,0.39358118,0.38221774,c5,c234
15346,5,0.050730076,0.13052794,0.8187419,c5,c5
15352,5,0.42319584,0.4209289,0.15587522,c1,c1
15358,5,0.4941893,0.3488961,0.1569146,c1,c1
15368,5,0.564122,0.31923726,0.11664074,c1,c1
15372,5,0.124454536,0.45390406,0.42164147,c234,c234
15373,5,0.4066399,0.36531144,0.22804864,c5,c1
15387,5,0.57316905,0.32321078,0.10362013,c1,c1
15394,5,0.510597,0.3467124,0.14269055,c5,c1
15399,5,0.24936791,0.46673444,0.28389767,c5,c234
15420,5,0.23300254,0.52004004,0.24695742,c5,c234
15423,5,0.03732296,0.12474526,0.8379319,c5,c5
15424,5,0.23036781,0.54605204,0.22358015,c1,c234
15439,5,0.15724836,0.36938167,0.47337002,c234,c5
15446,5,0.07954516,0.21355057,0.70690423,c5,c5
15449,5,0.23198487,0.39471593,0.3732992,c5,c234
15456,5,0.3828769,0.44327834,0.17384475,c5,c234
15457,5,0.37461486,0.39557558,0.22980957,c234,c234
15458,5,0.36053708,0.36796233,0.27150065,c1,c234
15464,5,0.22088248,0.5161439,0.26297367,c234,c234
15473,5,0.42251247,0.43011013,0.14737734,c234,c234
15477,5,0.5825659,0.27473992,0.14269422,c1,c1
15482,5,0.10443322,0.27672803,0.6188387,c5,c5
15486,5,0.28158912,0.45410633,0.26430458,c1,c234
15487,5,0.12496203,0.4834932,0.39154473,c5,c234
15490,5,0.06781455,0.27094305,0.6612424,c5,c5
15500,5,0.37429512,0.3462932,0.27941167,c5,c1
15508,5,0.66461897,0.2632481,0.07213294,c1,c1
15510,5,0.1233293,0.42752898,0.4491417,c234,c5
15511,5,0.6380065,0.26963004,0.092363454,c1,c1
15516,5,0.39607385,0.31614402,0.28778213,c5,c1
15524,5,0.5224328,0.28607744,0.19148976,c234,c1
15526,5,0.5409131,0.30546874,0.15361808,c234,c1
15536,5,0.34914067,0.3712955,0.27956378,c5,c234
15544,5,0.08836073,0.32495078,0.58668846,c5,c5
15545,5,0.13445829,0.33400843,0.53153324,c234,c5
15549,5,0.34011674,0.42255938,0.23732387,c5,c234
15550,5,0.38373047,0.37704414,0.2392254,c234,c1
15559,5,0.49529505,0.30380443,0.20090054,c1,c1
15562,5,0.3539282,0.28553724,0.36053455,c234,c5
15563,5,0.3133845,0.44089225,0.24572322,c234,c234
15567,5,0.06687194,0.27274606,0.660382,c5,c5
15570,5,0.40232915,0.41418934,0.18348156,c5,c234
15573,5,0.21793096,0.35725185,0.42481712,c1,c5
15584,5,0.7960794,0.14675742,0.057163175,c1,c1
15586,5,0.17692252,0.36417544,0.4589021,c1,c5
15591,5,0.48625553,0.3662393,0.14750515,c234,c1
15597,5,0.17709735,0.30945265,0.51345,c5,c5
15599,5,0.20763454,0.45595792,0.33640754,c5,c234
15601,5,0.11983257,0.3433773,0.53679013,c5,c5
15603,5,0.07560489,0.27126846,0.6531266,c5,c5
15614,5,0.120242886,0.3119625,0.5677947,c5,c5
15615,5,0.18058382,0.2619553,0.5574609,c5,c5
15624,5,0.17268392,0.28743142,0.5398846,c5,c5
15627,5,0.41868734,0.40000224,0.18131039,c1,c1
15637,5,0.27604714,0.4771996,0.24675328,c1,c234
15648,5,0.25140783,0.5569222,0.19167,c1,c234
15659,5,0.48463413,0.37294516,0.14242063,c1,c1
15664,5,0.47187108,0.33099112,0.19713783,c1,c1
15673,5,0.46670273,0.42163077,0.1116665,c1,c1
15678,5,0.44219804,0.38147783,0.17632419,c1,c1
15679,5,0.10683156,0.3420893,0.55107915,c234,c5
15683,5,0.06995899,0.23511331,0.69492763,c1,c5
15684,5,0.2844675,0.42734265,0.28818986,c5,c234
15685,5,0.12687646,0.28011665,0.5930069,c5,c5
15688,5,0.43273273,0.37826645,0.18900079,c1,c1
15689,5,0.40979305,0.35926506,0.23094185,c1,c1
15691,5,0.4094168,0.34818935,0.24239384,c5,c1
15693,5,0.16630514,0.35223994,0.48145494,c5,c5
15695,5,0.26456192,0.32258883,0.4128493,c234,c5
15701,5,0.10439451,0.27427173,0.6213338,c5,c5
15703,5,0.14823024,0.32982808,0.52194166,c234,c5
15705,5,0.2525786,0.32132244,0.42609897,c5,c5
15710,5,0.716672,0.21298875,0.0703392,c5,c1
15725,5,0.09116534,0.3657079,0.54312676,c5,c5
15727,5,0.39577046,0.26946405,0.33476546,c234,c1
15728,5,0.12784222,0.3083668,0.563791,c5,c5
15732,5,0.1564577,0.3763318,0.46721047,c5,c5
15733,5,0.5446105,0.32884443,0.12654503,c5,c1
15734,5,0.5251496,0.35790238,0.116948076,c234,c1
15744,5,0.66743743,0.26131642,0.07124616,c1,c1
15746,5,0.47647408,0.2636162,0.2599097,c1,c1
15751,5,0.32593164,0.39938855,0.27467984,c5,c234
15760,5,0.66068524,0.241972,0.097342774,c1,c1
15761,5,0.2662998,0.43014184,0.30355835,c5,c234
15766,5,0.106385656,0.3760665,0.51754785,c1,c5
15769,5,0.21092567,0.452345,0.33672926,c234,c234
15770,5,0.4354401,0.3817964,0.18276353,c234,c1
15773,5,0.11903457,0.30244794,0.5785175,c5,c5
15786,5,0.16985759,0.3448434,0.48529896,c1,c5
15789,5,0.3904792,0.3947446,0.21477616,c234,c234
15801,5,0.64365876,0.2088124,0.14752892,c1,c1
15805,5,0.065752335,0.17547974,0.7587679,c5,c5
15807,5,0.1720833,0.2903038,0.5376129,c5,c5
15809,5,0.11418113,0.2893027,0.5965162,c5,c5
15810,5,0.39124942,0.37589362,0.23285696,c1,c1
15812,5,0.14646739,0.25920093,0.5943317,c5,c5
15816,5,0.53747725,0.30035293,0.16216984,c234,c1
15819,5,0.49266425,0.3414252,0.16591059,c1,c1
15826,5,0.64631474,0.2467249,0.10696038,c234,c1
15829,5,0.64268076,0.25393015,0.103389114,c234,c1
15831,5,0.19743703,0.44809255,0.3544704,c5,c234
15834,5,0.33730936,0.43221596,0.23047474,c234,c234
15839,5,0.17070279,0.46685907,0.3624381,c5,c234
15849,5,0.18435994,0.41394284,0.40169722,c5,c234
15856,5,0.2799124,0.4448111,0.27527648,c234,c234
15867,5,0.10554448,0.3074979,0.58695763,c5,c5
15870,5,0.2814991,0.39420068,0.32430026,c1,c234
15872,5,0.43835187,0.37316144,0.18848675,c5,c1
15873,5,0.24215586,0.52198976,0.23585434,c234,c234
15879,5,0.5351352,0.32916448,0.13570033,c234,c1
15883,5,0.498086,0.41111717,0.09079682,c234,c1
15885,5,0.6862452,0.2229,0.09085478,c1,c1
15890,5,0.09323817,0.35507017,0.55169165,c5,c5
15891,5,0.16674866,0.4317746,0.40147677,c5,c234
15894,5,0.10463219,0.27806872,0.6172991,c5,c5
15916,5,0.07305135,0.22397266,0.70297605,c5,c5
15925,5,0.2110736,0.48896685,0.29995945,c5,c234
15926,5,0.16769302,0.44202802,0.3902789,c234,c234
15931,5,0.028606253,0.12966213,0.8417316,c5,c5
15934,5,0.08883002,0.36221653,0.5489534,c234,c5
15936,5,0.1642698,0.29275322,0.5429769,c1,c5
15938,5,0.22504857,0.40232044,0.372631,c234,c234
15939,5,0.1426429,0.40953887,0.4478182,c1,c5
15942,5,0.30856666,0.52297086,0.16846251,c5,c234
15951,5,0.3153029,0.2721069,0.41259015,c5,c5
15960,5,0.36692733,0.49015152,0.14292109,c234,c234
15962,5,0.52232623,0.2972948,0.18037896,c234,c1
15964,5,0.36687386,0.49067873,0.14244744,c5,c234
15969,5,0.19289605,0.43800038,0.36910355,c1,c234
15971,5,0.117809094,0.27921456,0.6029764,c5,c5
15974,5,0.04070205,0.22360736,0.73569065,c234,c5
15978,5,0.6271518,0.28372523,0.089122936,c234,c1
15979,5,0.6916513,0.22578314,0.08256564,c234,c1
15984,5,0.14293045,0.317919,0.53915054,c1,c5
15985,5,0.4510664,0.2731518,0.27578187,c1,c1
15988,5,0.5414915,0.27597663,0.18253191,c1,c1
15992,5,0.39577046,0.26946405,0.33476546,c5,c1
15994,5,0.6106475,0.27269453,0.11665797,c1,c1
15996,5,0.07870553,0.25907552,0.6622189,c5,c5
16004,5,0.091771275,0.2792458,0.6289829,c5,c5
16020,5,0.12667052,0.47875035,0.3945792,c234,c234
16023,5,0.2680981,0.40564144,0.3262605,c5,c234
16024,5,0.3309108,0.50052977,0.1685594,c1,c234
16027,5,0.33587822,0.35935637,0.30476546,c234,c234
16030,5,0.117261335,0.24416995,0.6385687,c5,c5
16034,5,0.5423739,0.3322758,0.12535025,c1,c1
16035,5,0.31246358,0.45483306,0.23270334,c1,c234
16037,5,0.18487442,0.36476094,0.45036465,c5,c5
16038,5,0.14364834,0.4040538,0.4522979,c5,c5
16043,5,0.6277867,0.27546787,0.09674545,c234,c1
16046,5,0.10535668,0.21596688,0.6786765,c5,c5
16050,5,0.20527357,0.5175718,0.2771546,c234,c234
16054,5,0.48050448,0.220852,0.29864353,c234,c1
16055,5,0.2932563,0.42069253,0.28605118,c234,c234
16056,5,0.18081447,0.43311644,0.38606912,c234,c234
16060,5,0.18544883,0.26360005,0.5509511,c5,c5
16065,5,0.5194448,0.35100234,0.12955283,c1,c1
16067,5,0.27072683,0.53523463,0.19403853,c1,c234
16069,5,0.23644476,0.4223324,0.34122288,c1,c234
16072,5,0.43835187,0.37316144,0.18848675,c5,c1
16082,5,0.66743743,0.26131642,0.07124616,c234,c1
16086,5,0.36695388,0.4325357,0.20051038,c1,c234
16089,5,0.4021237,0.44554523,0.15233113,c1,c234
16096,5,0.10157804,0.4262003,0.47222167,c234,c5
16098,5,0.3607215,0.40458113,0.2346973,c234,c234
16099,5,0.12871745,0.44446772,0.42681476,c5,c234
16100,5,0.047563173,0.18929078,0.76314604,c5,c5
16104,5,0.40171325,0.46519983,0.13308689,c1,c234
16105,5,0.12693562,0.5126924,0.36037204,c5,c234
16107,5,0.090972304,0.36333334,0.54569435,c234,c5
16110,5,0.42305315,0.40903732,0.16790958,c234,c1
16116,5,0.18561995,0.58373857,0.23064145,c1,c234
16127,5,0.3851949,0.32480246,0.29000267,c1,c1
16128,5,0.20450237,0.54063666,0.25486094,c234,c234
16130,5,0.1624102,0.53512913,0.3024607,c234,c234
16132,5,0.3611094,0.39660108,0.24228947,c5,c234
16135,5,0.10597142,0.31722298,0.5768056,c1,c5
16139,5,0.53422296,0.30506063,0.16071641,c5,c1
16157,5,0.4088135,0.41363248,0.177554,c234,c234
16159,5,0.66743743,0.26131642,0.07124616,c5,c1
16169,5,0.05217029,0.20767677,0.74015296,c5,c5
16175,5,0.32521212,0.45054883,0.224239,c1,c234
16177,5,0.2558304,0.45961592,0.28455368,c1,c234
16181,5,0.36544284,0.46740854,0.16714863,c5,c234
16182,5,0.13874896,0.32205018,0.5392009,c234,c5
16190,5,0.031125214,0.14227952,0.8265952,c5,c5
16196,5,0.5028433,0.3854492,0.11170753,c234,c1
16199,5,0.32672554,0.38835156,0.28492293,c1,c234
16202,5,0.17159162,0.47273982,0.35566857,c1,c234
16206,5,0.30899218,0.41724345,0.2737644,c1,c234
16210,5,0.3385834,0.35604727,0.30536935,c5,c234
16214,5,0.66743743,0.26131642,0.07124616,c234,c1
16215,5,0.56697214,0.28699008,0.14603771,c1,c1
16226,5,0.55249715,0.33531106,0.112191804,c1,c1
16227,5,0.28964883,0.321916,0.38843518,c234,c5
16238,5,0.17174943,0.3667137,0.46153688,c1,c5
16240,5,0.4299805,0.32186365,0.2481559,c1,c1
16253,5,0.07733302,0.31765398,0.60501295,c234,c5
16261,5,0.4254886,0.40809095,0.16642046,c234,c1
16266,5,0.4222161,0.30911207,0.2686719,c234,c1
16290,5,0.09910006,0.36569297,0.535207,c234,c5
16292,5,0.084915966,0.22495613,0.69012797,c5,c5
16302,5,0.34026268,0.42405862,0.23567867,c234,c234
16303,5,0.43045717,0.43098295,0.13855991,c234,c234
16311,5,0.39115587,0.39731565,0.21152854,c5,c234
16313,5,0.40681612,0.37436506,0.21881881,c1,c1
16314,5,0.2868389,0.39381304,0.31934807,c1,c234
16315,5,0.20794103,0.30686706,0.4851919,c1,c5
16322,5,0.10316519,0.28221777,0.61461705,c234,c5
16324,5,0.45774612,0.3577136,0.18454024,c234,c1
16325,5,0.26017714,0.51929456,0.2205283,c234,c234
16326,5,0.50696343,0.29972035,0.19331627,c234,c1
16330,5,0.10316519,0.28221777,0.61461705,c5,c5
16335,5,0.41843918,0.4333058,0.14825502,c1,c234
16336,5,0.29425615,0.4883139,0.21742989,c1,c234
16348,5,0.50387824,0.36306283,0.13305888,c1,c1
16354,5,0.20582847,0.49303406,0.30113748,c234,c234
16359,5,0.33595216,0.42879862,0.23524924,c1,c234
16360,5,0.47894278,0.36681494,0.15424226,c234,c1
16370,5,0.07951723,0.21829809,0.7021847,c234,c5
16373,5,0.3950883,0.29655385,0.3083578,c234,c1
16374,5,0.27902588,0.30980697,0.41116717,c1,c5
16375,5,0.1067911,0.29641148,0.5967974,c5,c5
16383,5,0.11432835,0.4759649,0.4097068,c234,c234
16392,5,0.2982589,0.44390294,0.25783816,c234,c234
16397,5,0.15406418,0.3330742,0.51286155,c234,c5
16401,5,0.11562059,0.272028,0.6123514,c5,c5
16402,5,0.2431671,0.5006548,0.2561781,c234,c234
16403,5,0.18329474,0.35206133,0.46464387,c5,c5
16407,5,0.13627003,0.40385842,0.4598715,c5,c5
16412,5,0.09430954,0.33134964,0.5743408,c5,c5
16417,5,0.3673597,0.4178768,0.21476348,c234,c234
16435,5,0.36520487,0.43773377,0.19706136,c234,c234
16439,5,0.41746214,0.40521133,0.1773265,c234,c1
16451,5,0.062761396,0.31563118,0.6216075,c1,c5
16454,5,0.3718395,0.41603398,0.21212654,c5,c234
16457,5,0.4784095,0.37185872,0.14973184,c234,c1
16459,5,0.43835187,0.37316144,0.18848675,c5,c1
16460,5,0.4193334,0.34033352,0.24033307,c1,c1
16464,5,0.2773861,0.5059582,0.21665572,c1,c234
16469,5,0.42394394,0.46074888,0.11530712,c1,c234
16470,5,0.26611367,0.37592235,0.357964,c1,c234
16471,5,0.07954516,0.21355057,0.70690423,c5,c5
16475,5,0.21634075,0.41457146,0.36908776,c234,c234
16490,5,0.39715824,0.47071677,0.13212505,c234,c234
16491,5,0.49585494,0.3873998,0.11674527,c1,c1
16495,5,0.3819737,0.40001193,0.21801433,c234,c234
16498,5,0.49604413,0.34633687,0.15761897,c1,c1
16499,5,0.06408046,0.14451334,0.7914062,c5,c5
16502,5,0.08122257,0.28950986,0.6292676,c234,c5
16503,5,0.03723443,0.19640872,0.7663568,c234,c5
16505,5,0.5946992,0.26168275,0.14361805,c1,c1
16506,5,0.38347164,0.44985875,0.16666965,c234,c234
16508,5,0.21749786,0.39039144,0.3921108,c5,c5
16510,5,0.3121069,0.42178395,0.2661092,c234,c234
16518,5,0.37337548,0.41440037,0.21222417,c234,c234
16520,5,0.15583465,0.44806927,0.3960961,c234,c234
16521,5,0.050184477,0.18820731,0.76160824,c5,c5
16526,5,0.2559269,0.50273865,0.24133445,c234,c234
16529,5,0.10251715,0.23902969,0.65845317,c1,c5
16531,5,0.39577046,0.26946405,0.33476546,c1,c1
16534,5,0.21044311,0.48418513,0.3053717,c1,c234
16536,5,0.19996968,0.4278034,0.3722269,c234,c234
16538,5,0.55778307,0.32443976,0.11777715,c1,c1
16551,5,0.24861635,0.56790876,0.18347491,c234,c234
16554,5,0.66743743,0.26131642,0.07124616,c1,c1
16558,5,0.81252617,0.15377265,0.033701118,c1,c1
16560,5,0.45855194,0.33786747,0.20358057,c5,c1
16566,5,0.66743743,0.26131642,0.07124616,c234,c1
16576,5,0.120725565,0.24733509,0.63193935,c5,c5
16584,5,0.20972706,0.43823066,0.3520423,c234,c234
16585,5,0.2831705,0.470416,0.2464135,c234,c234
16594,5,0.5207359,0.35058853,0.12867552,c234,c1
16599,5,0.12976886,0.5099982,0.36023295,c234,c234
16611,5,0.1287325,0.42106843,0.45019907,c5,c5
16613,5,0.05871495,0.30756924,0.6337158,c5,c5
16615,5,0.49248156,0.36813197,0.13938642,c5,c1
16617,5,0.13057359,0.31510893,0.55431753,c234,c5
16620,5,0.47827944,0.3919838,0.12973678,c234,c1
16623,5,0.3135271,0.5172344,0.16923845,c234,c234
16629,5,0.22942725,0.48091874,0.28965396,c5,c234
16632,5,0.047380827,0.2092838,0.74333537,c234,c5
16634,5,0.57264185,0.28418854,0.14316961,c234,c1
16638,5,0.15433267,0.3109244,0.53474295,c234,c5
16642,5,0.39577046,0.26946405,0.33476546,c1,c1
16644,5,0.599749,0.2987423,0.101508655,c1,c1
16651,5,0.5953335,0.32901528,0.07565121,c234,c1
16660,5,0.10316519,0.28221777,0.61461705,c5,c5
16662,5,0.26764244,0.33971816,0.3926394,c234,c5
16669,5,0.12266061,0.33375186,0.5435875,c5,c5
16673,5,0.32903728,0.3679873,0.30297536,c234,c234
16683,5,0.6454644,0.23331559,0.12121996,c1,c1
16695,5,0.43159336,0.40475214,0.16365446,c234,c1
16698,5,0.39577046,0.26946405,0.33476546,c5,c1
16699,5,0.6016464,0.26612484,0.13222873,c234,c1
16700,5,0.41491035,0.4587036,0.12638612,c5,c234
16703,5,0.086714394,0.24278127,0.6705043,c5,c5
16707,5,0.47165298,0.3187966,0.2095504,c5,c1
16711,5,0.66743743,0.26131642,0.07124616,c1,c1
16721,5,0.6847347,0.23093064,0.08433468,c1,c1
16743,5,0.38216844,0.39778057,0.22005102,c5,c234
16744,5,0.5035865,0.36245415,0.13395938,c1,c1
16747,5,0.12359354,0.23730402,0.63910246,c5,c5
16748,5,0.59715205,0.2518643,0.15098368,c234,c1
16756,5,0.22110863,0.44894752,0.3299439,c234,c234
16760,5,0.43121833,0.4115719,0.15720981,c234,c1
16761,5,0.3880435,0.42070335,0.19125314,c1,c234
16762,5,0.28842592,0.25891247,0.4526616,c1,c5
16765,5,0.053794477,0.20793419,0.73827136,c5,c5
16779,5,0.52987486,0.3442074,0.12591778,c234,c1
16787,5,0.36101052,0.3039457,0.33504376,c234,c1
16789,5,0.27411863,0.33725402,0.3886274,c5,c5
16792,5,0.24700245,0.3400526,0.41294494,c1,c5
16794,5,0.5310462,0.3364428,0.13251098,c234,c1
16827,5,0.1349247,0.19476275,0.6703126,c5,c5
16840,5,0.6378865,0.25634155,0.105771944,c234,c1
16843,5,0.55709606,0.34321696,0.099686936,c1,c1
16847,5,0.2655729,0.42336237,0.31106475,c1,c234
16848,5,0.22753061,0.4521673,0.32030213,c234,c234
16850,5,0.31586063,0.44093114,0.24320821,c234,c234
16857,5,0.27493253,0.38566953,0.33939794,c234,c234
16861,5,0.3153029,0.2721069,0.41259015,c5,c5
16868,5,0.20714734,0.3577875,0.43506515,c234,c5
16870,5,0.54091924,0.28945372,0.16962703,c5,c1
16875,5,0.38590452,0.3871785,0.22691694,c1,c234
16879,5,0.12875943,0.39864555,0.47259498,c5,c5
16884,5,0.53394467,0.34101552,0.1250398,c1,c1
16888,5,0.16808847,0.57730865,0.25460285,c5,c234
16898,5,0.34166527,0.43327832,0.22505638,c5,c234
16901,5,0.16611822,0.36319003,0.4706918,c1,c5
16907,5,0.29255018,0.34059364,0.36685616,c5,c5
16912,5,0.53589123,0.3072391,0.1568697,c234,c1
16915,5,0.17465056,0.29521075,0.53013873,c234,c5
16922,5,0.19109412,0.4821731,0.32673287,c5,c234
16923,5,0.1434506,0.40055305,0.4559964,c234,c5
16931,5,0.45633838,0.3416565,0.20200513,c5,c1
16936,5,0.42928472,0.28484386,0.28587148,c5,c1
16938,5,0.3321707,0.31501156,0.35281777,c234,c5
16942,5,0.6484,0.23809668,0.113503315,c1,c1
16947,5,0.36664024,0.2991426,0.33421713,c1,c1
16948,5,0.47647408,0.2636162,0.2599097,c1,c1
16949,5,0.33480835,0.46073967,0.204452,c5,c234
16959,5,0.33880746,0.4107303,0.25046217,c1,c234
16964,5,0.32782418,0.31497693,0.35719892,c234,c5
16970,5,0.66461897,0.2632481,0.07213294,c5,c1
16972,5,0.0777384,0.2640149,0.6582467,c234,c5
16973,5,0.12818286,0.23031694,0.6415001,c5,c5
16979,5,0.10957688,0.32793579,0.5624873,c5,c5
16983,5,0.065785535,0.2672037,0.6670107,c5,c5
16986,5,0.22942351,0.41406536,0.35651118,c1,c234
16989,5,0.08432909,0.3334466,0.5822243,c234,c5
16991,5,0.33712065,0.44492543,0.21795392,c1,c234
16992,5,0.39577046,0.26946405,0.33476546,c234,c1
16997,5,0.31959802,0.44344714,0.23695484,c5,c234
17007,5,0.07670288,0.34985447,0.57344264,c5,c5
17011,5,0.17691132,0.43402824,0.3890604,c1,c234
17021,5,0.22015192,0.40462488,0.37522316,c5,c234
17026,5,0.42763606,0.36466196,0.20770203,c234,c1
17029,5,0.10316519,0.28221777,0.61461705,c5,c5
17031,5,0.44628957,0.37769914,0.1760113,c1,c1
17037,5,0.28395307,0.46757048,0.24847643,c1,c234
17062,5,0.1561156,0.28756148,0.5563229,c5,c5
17069,5,0.72701585,0.20099977,0.07198432,c234,c1
17075,5,0.5792001,0.25501832,0.16578162,c1,c1
17090,5,0.24672826,0.3127325,0.44053924,c234,c5
17099,5,0.578379,0.3217985,0.099822484,c234,c1
17102,5,0.072666764,0.30811226,0.61922103,c234,c5
17109,5,0.09575595,0.3145087,0.5897353,c5,c5
17110,5,0.15531854,0.47399694,0.37068447,c234,c234
17117,5,0.52987486,0.3442074,0.12591778,c1,c1
17121,5,0.09707669,0.29027775,0.61264557,c5,c5
17125,5,0.41210115,0.36023167,0.22766721,c234,c1
17135,5,0.54896134,0.27150688,0.17953177,c1,c1
17136,5,0.1720205,0.47810498,0.3498745,c1,c234
17137,5,0.20480616,0.4227045,0.3724894,c5,c234
17141,5,0.49789554,0.36275944,0.13934499,c234,c1
17150,5,0.63811165,0.26855755,0.093330786,c234,c1
17151,5,0.55778885,0.3175083,0.12470285,c1,c1
17156,5,0.23189327,0.47113258,0.29697415,c5,c234
17157,5,0.18597348,0.35821083,0.45581564,c234,c5
17169,5,0.45515004,0.33999813,0.2048519,c5,c1
17180,5,0.10001372,0.28252286,0.6174634,c1,c5
17184,5,0.19741102,0.29823613,0.50435287,c5,c5
17185,5,0.20862165,0.3749625,0.41641587,c1,c5
17188,5,0.09961279,0.3109768,0.5894103,c5,c5
17197,5,0.39914334,0.3648911,0.23596555,c5,c1
17208,5,0.064000964,0.27557477,0.6604243,c234,c5
17209,5,0.25445944,0.38423368,0.36130682,c234,c234
17218,5,0.66743743,0.26131642,0.07124616,c234,c1
17220,5,0.19269837,0.38061574,0.42668584,c1,c5
17223,5,0.24300767,0.33029222,0.42670006,c5,c5
17224,5,0.17881241,0.31551567,0.5056719,c234,c5
17231,5,0.09218436,0.35754427,0.5502714,c234,c5
17233,5,0.26178578,0.44117346,0.29704073,c5,c234
17235,5,0.23042686,0.49434772,0.27522546,c5,c234
17240,5,0.02866993,0.07856336,0.8927668,c5,c5
17242,5,0.47676083,0.38750923,0.13572997,c234,c1
17247,5,0.5922562,0.31190667,0.09583714,c5,c1
17248,5,0.13628839,0.34304747,0.5206641,c5,c5
17254,5,0.38164747,0.35992783,0.2584248,c1,c1
17263,5,0.23560813,0.46251062,0.30188128,c5,c234
17265,5,0.31265637,0.42571047,0.2616331,c234,c234
17273,5,0.77733487,0.1676596,0.055005528,c1,c1
17282,5,0.31421778,0.3081026,0.37767962,c5,c5
17288,5,0.5315842,0.31265482,0.15576096,c234,c1
17289,5,0.48269236,0.4027142,0.11459352,c1,c1
17296,5,0.33208084,0.51900405,0.14891511,c234,c234
17298,5,0.52182823,0.35446858,0.12370323,c234,c1
17306,5,0.24618028,0.4537908,0.30002895,c5,c234
17307,5,0.11525156,0.2503459,0.6344025,c234,c5
17313,5,0.44138655,0.3944026,0.16421089,c1,c1
17320,5,0.3301758,0.42024428,0.24957989,c5,c234
17323,5,0.19980115,0.36623663,0.4339622,c234,c5
17331,5,0.22149368,0.5033657,0.27514064,c234,c234
17343,5,0.3996418,0.38508317,0.215275,c5,c1
17358,5,0.69784516,0.22058074,0.08157419,c1,c1
17364,5,0.46794122,0.34285498,0.18920386,c1,c1
17365,5,0.13278951,0.32269406,0.5445164,c5,c5
17370,5,0.21591756,0.44716334,0.3369191,c234,c234
17374,5,0.033713024,0.13905968,0.82722735,c5,c5
17385,5,0.3856717,0.27935314,0.33497515,c5,c1
17388,5,0.29136142,0.34876186,0.35987666,c234,c5
17402,5,0.37431353,0.47006786,0.15561862,c1,c234
17415,5,0.053874213,0.25291127,0.69321454,c234,c5
17426,5,0.23926622,0.49100235,0.2697315,c234,c234
17427,5,0.3803909,0.38671148,0.2328976,c1,c234
17430,5,0.25291494,0.37994847,0.36713657,c1,c234
17434,5,0.18066202,0.3211227,0.4982153,c1,c5
17436,5,0.66743743,0.26131642,0.07124616,c234,c1
17439,5,0.585614,0.25730786,0.15707807,c234,c1
17446,5,0.16890794,0.3942598,0.43683222,c234,c5
17452,5,0.67364794,0.22830363,0.09804843,c234,c1
17460,5,0.1547552,0.34275317,0.5024916,c5,c5
17464,5,0.13067983,0.34253478,0.5267854,c1,c5
17473,5,0.070068605,0.25598764,0.6739438,c5,c5
17478,5,0.08099643,0.37434086,0.5446628,c5,c5
17484,5,0.62957555,0.28571844,0.08470601,c234,c1
17493,5,0.10493614,0.26806197,0.62700194,c5,c5
17499,5,0.124026775,0.2854291,0.59054416,c1,c5
17504,5,0.39577046,0.26946405,0.33476546,c1,c1
17508,5,0.11841828,0.2763746,0.6052071,c234,c5
17512,5,0.14608228,0.33499852,0.51891917,c234,c5
17517,5,0.12347462,0.5363493,0.34017608,c1,c234
17520,5,0.058668982,0.19302683,0.74830425,c5,c5
17523,5,0.42037958,0.2964246,0.2831958,c1,c1
17537,5,0.34526366,0.42220047,0.2325359,c5,c234
17539,5,0.62818635,0.25752407,0.11428957,c5,c1
17547,5,0.059461456,0.2140244,0.72651416,c5,c5
17551,5,0.27071363,0.33747447,0.3918119,c5,c5
17556,5,0.12759385,0.42246976,0.44993636,c234,c5
17559,5,0.26095343,0.4224848,0.31656173,c234,c234
17565,5,0.7027726,0.2048183,0.092409045,c1,c1
17568,5,0.1618747,0.38755947,0.45056581,c234,c5
17580,5,0.24744458,0.4746387,0.2779167,c234,c234
17581,5,0.5042076,0.3566649,0.13912746,c1,c1
17587,5,0.66743743,0.26131642,0.07124616,c1,c1
17588,5,0.6222946,0.25420728,0.12349815,c5,c1
17590,5,0.4967072,0.3558918,0.14740103,c234,c1
17595,5,0.40542495,0.27891648,0.31565857,c5,c1
17596,5,0.5495753,0.3532766,0.097148016,c234,c1
17600,5,0.16318636,0.2617882,0.5750255,c5,c5
17601,5,0.66461897,0.2632481,0.07213294,c1,c1
17611,5,0.6660137,0.21328695,0.12069931,c5,c1
17613,5,0.40806118,0.39027885,0.20166,c234,c1
17614,5,0.24220946,0.36107832,0.3967122,c5,c5
17615,5,0.50703007,0.35155264,0.14141726,c234,c1
17628,5,0.48914656,0.37348834,0.13736513,c5,c1
17631,5,0.26288915,0.33505213,0.40205872,c5,c5
17635,5,0.5667984,0.34206432,0.09113729,c1,c1
17674,5,0.2880139,0.35694906,0.355037,c234,c234
17678,5,0.3495389,0.38898796,0.26147315,c5,c234
17681,5,0.26115537,0.3903692,0.3484754,c5,c234
17688,5,0.17727798,0.39911216,0.42360982,c5,c5
17695,5,0.12558305,0.25687885,0.6175381,c234,c5
17701,5,0.20888981,0.45558944,0.33552077,c234,c234
17710,5,0.29350162,0.4360501,0.27044827,c1,c234
17715,5,0.09824574,0.28805616,0.6136981,c1,c5
17718,5,0.60933846,0.2562837,0.13437779,c1,c1
17727,5,0.47897533,0.33161455,0.18941015,c5,c1
17732,5,0.17204858,0.562338,0.26561344,c234,c234
17735,5,0.124643415,0.24019784,0.6351588,c234,c5
17740,5,0.15268959,0.45987105,0.3874394,c234,c234
17746,5,0.09717886,0.36212263,0.5406985,c5,c5
17765,5,0.30654588,0.4748165,0.21863765,c234,c234
17767,5,0.5389969,0.32196763,0.13903551,c5,c1
17768,5,0.09397358,0.294736,0.61129045,c234,c5
17772,5,0.07070093,0.19902526,0.73027384,c5,c5
17773,5,0.42858848,0.25664142,0.31477007,c5,c1
17775,5,0.10576482,0.47469988,0.41953528,c5,c234
17786,5,0.14737827,0.34408987,0.50853187,c5,c5
17787,5,0.27065593,0.3671871,0.36215696,c1,c234
17790,5,0.20039333,0.46433863,0.3352681,c1,c234
17791,5,0.04603482,0.2007733,0.7531918,c234,c5
17800,5,0.2182918,0.3342396,0.44746852,c234,c5
17801,5,0.273493,0.31086487,0.4156421,c5,c5
17802,5,0.2387554,0.3917237,0.36952087,c5,c234
17806,5,0.05697293,0.27554423,0.66748285,c5,c5
17807,5,0.5790579,0.32355565,0.097386494,c234,c1
17809,5,0.22539413,0.4831377,0.29146814,c5,c234
17812,5,0.6415117,0.25325176,0.1052365,c5,c1
17814,5,0.110172205,0.40774354,0.48208424,c5,c5
17816,5,0.16900092,0.3640307,0.4669684,c5,c5
17819,5,0.3334387,0.38556996,0.28099138,c234,c234
17824,5,0.107881725,0.28360665,0.6085116,c5,c5
17828,5,0.25451398,0.48151094,0.26397505,c1,c234
17832,5,0.7008048,0.21614726,0.083047844,c1,c1
17833,5,0.08988819,0.22282873,0.68728304,c5,c5
17834,5,0.3840304,0.3768785,0.23909113,c1,c1
17835,5,0.59473276,0.23495668,0.17031062,c1,c1
17841,5,0.096570745,0.28588882,0.6175405,c5,c5
17849,5,0.080577336,0.3066304,0.61279225,c5,c5
17851,5,0.10165992,0.26051828,0.63782173,c5,c5
17857,5,0.10911606,0.363412,0.52747196,c5,c5
17859,5,0.38726696,0.42367136,0.18906169,c1,c234
17866,5,0.23936686,0.32112184,0.43951127,c234,c5
17868,5,0.06103029,0.18006359,0.7589062,c5,c5
17871,5,0.62769336,0.269186,0.10312062,c1,c1
17874,5,0.3637203,0.44891533,0.18736432,c5,c234
17877,5,0.2737172,0.45766318,0.26861966,c1,c234
17879,5,0.11596998,0.34962,0.53441,c5,c5
17885,5,0.35782355,0.3175951,0.32458138,c234,c1
17886,5,0.03329098,0.14583926,0.8208698,c5,c5
17887,5,0.2249581,0.49141365,0.2836283,c5,c234
17891,5,0.34214905,0.39347476,0.26437616,c5,c234
17897,5,0.08728082,0.22317886,0.6895403,c234,c5
17923,5,0.47647408,0.2636162,0.2599097,c5,c1
17925,5,0.1666734,0.43602785,0.39729875,c1,c234
17932,5,0.2672871,0.40041366,0.3322992,c5,c234
17937,5,0.5890656,0.30313247,0.10780191,c234,c1
17941,5,0.19637552,0.37824658,0.4253779,c5,c5
17955,5,0.10076495,0.28287843,0.6163567,c1,c5
17956,5,0.052140724,0.19720991,0.7506493,c5,c5
17958,5,0.3153029,0.2721069,0.41259015,c5,c5
17969,5,0.09536213,0.20343396,0.7012039,c5,c5
17972,5,0.5087485,0.37234464,0.118906856,c234,c1
17974,5,0.51919484,0.3063013,0.17450392,c234,c1
17976,5,0.3867,0.39403826,0.21926177,c234,c234
17980,5,0.14954549,0.3866623,0.46379218,c5,c5
17984,5,0.41551757,0.4563568,0.12812562,c234,c234
17991,5,0.048758917,0.14722246,0.8040187,c234,c5
17992,5,0.66743743,0.26131642,0.07124616,c234,c1
17995,5,0.5486679,0.3329058,0.11842623,c234,c1
17996,5,0.47647408,0.2636162,0.2599097,c1,c1
17998,5,0.2631616,0.5175383,0.21930009,c1,c234
17999,5,0.18831828,0.38678157,0.42490014,c1,c5
18011,5,0.57705605,0.27796453,0.1449794,c1,c1
18019,5,0.10219541,0.30132383,0.5964807,c1,c5
18020,5,0.28989977,0.53078413,0.17931613,c1,c234
18023,5,0.067969926,0.28525728,0.6467728,c5,c5
18024,5,0.26827908,0.39285335,0.33886755,c5,c234
18045,5,0.21823633,0.37414414,0.40761963,c1,c5
18048,5,0.10316519,0.28221777,0.61461705,c234,c5
18051,5,0.09595306,0.2889565,0.6150904,c5,c5
18056,5,0.08220811,0.32961518,0.5881767,c1,c5
18057,5,0.1118451,0.3159832,0.5721717,c5,c5
18068,5,0.13143851,0.43989977,0.4286617,c234,c234
18075,5,0.06555896,0.19938837,0.73505265,c5,c5
18076,5,0.6314966,0.30122522,0.0672781,c1,c1
18079,5,0.47647408,0.2636162,0.2599097,c1,c1
18080,5,0.30174604,0.44818926,0.25006464,c5,c234
18085,5,0.47647408,0.2636162,0.2599097,c234,c1
18086,5,0.21140473,0.37357187,0.41502345,c234,c5
18087,5,0.085870445,0.22773471,0.6863948,c5,c5
18093,5,0.44244894,0.29256138,0.26498967,c1,c1
18096,5,0.24765705,0.49330702,0.2590359,c1,c234
18098,5,0.21406479,0.5324088,0.25352645,c1,c234
18099,5,0.40337238,0.35316157,0.24346602,c234,c1
18104,5,0.12119689,0.26780605,0.610997,c5,c5
18115,5,0.6050433,0.23227048,0.16268624,c5,c1
18116,5,0.49577874,0.38254735,0.12167391,c1,c1
18120,5,0.32757944,0.3959812,0.2764394,c234,c234
18124,5,0.5348116,0.3089401,0.15624821,c5,c1
18133,5,0.59951305,0.30818877,0.09229814,c1,c1
18135,5,0.22432677,0.2934715,0.48220173,c1,c5
18136,5,0.07861575,0.21863398,0.7027503,c1,c5
18138,5,0.08476021,0.23040214,0.6848376,c1,c5
18142,5,0.11917366,0.4306302,0.45019612,c5,c5
18145,5,0.39832962,0.35710397,0.24456641,c5,c1
18146,5,0.5182633,0.38958535,0.092151366,c234,c1
18150,5,0.66461897,0.2632481,0.07213294,c5,c1
18152,5,0.09522239,0.36609572,0.5386819,c5,c5
18154,5,0.12847859,0.29233658,0.57918483,c234,c5
18158,5,0.13713713,0.31994507,0.5429178,c5,c5
18161,5,0.4437083,0.42050502,0.1357867,c234,c1
18178,5,0.2669226,0.3905093,0.3425681,c5,c234
18180,5,0.14084363,0.37636536,0.48279098,c1,c5
18185,5,0.07443709,0.22652818,0.69903475,c5,c5
18190,5,0.08120495,0.252676,0.66611904,c234,c5
18191,5,0.41821235,0.38438272,0.1974049,c234,c1
18198,5,0.43253118,0.39411268,0.17335609,c1,c1
18199,5,0.109020606,0.3861343,0.5048451,c234,c5
18202,5,0.14833531,0.4634208,0.38824382,c5,c234
18212,5,0.06658505,0.17027234,0.76314265,c5,c5
18218,5,0.48331565,0.37220305,0.14448135,c5,c1
18226,5,0.41928616,0.38032246,0.2003914,c1,c1
18231,5,0.21211731,0.3512626,0.43662006,c5,c5
18234,5,0.07789969,0.2264306,0.6956697,c5,c5
18236,5,0.2546748,0.40886134,0.3364639,c1,c234
18240,5,0.66743743,0.26131642,0.07124616,c234,c1
18245,5,0.1593275,0.36639994,0.47427252,c1,c5
18253,5,0.55694383,0.33566606,0.10739012,c1,c1
18260,5,0.16348015,0.4801431,0.35637677,c5,c234
18273,5,0.22461884,0.44491202,0.33046913,c5,c234
18277,5,0.070540816,0.19834442,0.73111475,c5,c5
18281,5,0.19671948,0.32616192,0.4771186,c234,c5
18284,5,0.1680939,0.3138875,0.5180186,c5,c5
18287,5,0.52406615,0.26372617,0.21220765,c5,c1
18292,5,0.17364982,0.45239702,0.37395313,c1,c234
18293,5,0.2981804,0.42237952,0.27944005,c5,c234
18299,5,0.22252136,0.32089436,0.45658422,c234,c5
18305,5,0.66846395,0.23869756,0.09283849,c234,c1
18306,5,0.31756857,0.49093005,0.19150145,c1,c234
18309,5,0.17362136,0.4687365,0.35764217,c234,c234
18310,5,0.12955362,0.48583648,0.3846099,c234,c234
18311,5,0.1334323,0.4173708,0.44919693,c234,c5
18313,5,0.07115435,0.30081692,0.6280287,c234,c5
18318,5,0.2548956,0.5450009,0.20010345,c234,c234
18321,5,0.107221164,0.2832498,0.609529,c234,c5
18324,5,0.11438669,0.33883804,0.5467753,c5,c5
18326,5,0.19352745,0.30179718,0.5046754,c5,c5
18331,5,0.16870059,0.4067718,0.4245276,c1,c5
18334,5,0.52177554,0.3017364,0.17648803,c234,c1
18339,5,0.2514443,0.42145,0.32710564,c234,c234
18349,5,0.10088829,0.28260303,0.61650866,c5,c5
18353,5,0.19317468,0.3804403,0.42638507,c5,c5
18356,5,0.26631513,0.27641732,0.45726755,c1,c5
18364,5,0.31130695,0.44440508,0.24428797,c1,c234
18369,5,0.20345397,0.3415124,0.45503363,c5,c5
18374,5,0.3663835,0.46587387,0.1677426,c234,c234
18377,5,0.62478536,0.27616593,0.099048674,c234,c1
18379,5,0.1120155,0.33230048,0.55568403,c5,c5
18383,5,0.4841078,0.3109081,0.20498414,c1,c1
18384,5,0.46907735,0.3221091,0.20881352,c1,c1
18389,5,0.25246918,0.401455,0.3460758,c1,c234
18395,5,0.486041,0.36243168,0.15152729,c234,c1
18396,5,0.16200359,0.47988957,0.35810685,c234,c234
18398,5,0.12463972,0.28852528,0.586835,c234,c5
18411,5,0.11057904,0.41630337,0.47311756,c234,c5
18420,5,0.3809286,0.30805263,0.31101874,c234,c1
18427,5,0.05572182,0.2507053,0.6935728,c5,c5
18428,5,0.5021277,0.28374735,0.21412492,c234,c1
18430,5,0.2503629,0.38611642,0.3635207,c5,c234
18438,5,0.14337574,0.37016732,0.48645696,c5,c5
18443,5,0.5156568,0.37772343,0.106619835,c234,c1
18451,5,0.118427776,0.32180226,0.55977,c5,c5
18453,5,0.37342295,0.41974825,0.2068288,c1,c234
18455,5,0.17326538,0.5177803,0.30895436,c234,c234
18467,5,0.198711,0.43935534,0.36193365,c5,c234
18470,5,0.054008827,0.20042233,0.7455688,c5,c5
18474,5,0.47647408,0.2636162,0.2599097,c1,c1
18475,5,0.24892873,0.27550536,0.4755659,c5,c5
18492,5,0.30492115,0.4367927,0.25828615,c5,c234
18497,5,0.7799115,0.16727342,0.052815128,c1,c1
18501,5,0.07311852,0.29953703,0.6273445,c5,c5
18505,5,0.33165985,0.3219073,0.34643283,c234,c5
18511,5,0.41304106,0.42584035,0.16111858,c234,c234
18519,5,0.6366944,0.27650502,0.086800635,c1,c1
18521,5,0.26739907,0.3554157,0.3771852,c1,c5
18526,5,0.36135355,0.36965194,0.26899448,c5,c234
18530,5,0.08626364,0.29139897,0.6223374,c5,c5
18535,5,0.6390169,0.23191737,0.1290657,c1,c1
18537,5,0.43831095,0.31668776,0.2450013,c234,c1
18538,5,0.2636361,0.31860813,0.41775575,c1,c5
18540,5,0.53396004,0.31790936,0.14813061,c5,c1
18544,5,0.39577046,0.26946405,0.33476546,c5,c1
18545,5,0.30363292,0.458615,0.23775212,c1,c234
18547,5,0.28278482,0.4945867,0.22262856,c234,c234
18549,5,0.34599912,0.44146052,0.2125403,c1,c234
18569,5,0.5986762,0.23179848,0.1695253,c1,c1
18574,5,0.30329558,0.4542458,0.24245857,c5,c234
18583,5,0.29469827,0.52366424,0.18163748,c1,c234
18590,5,0.33821905,0.4082191,0.25356182,c5,c234
18608,5,0.11721091,0.37140578,0.5113833,c5,c5
18615,5,0.66145945,0.24324825,0.09529227,c234,c1
18617,5,0.20792429,0.4486383,0.34343746,c1,c234
18622,5,0.36973688,0.36020327,0.27005985,c1,c1
18628,5,0.056558102,0.20206387,0.74137807,c5,c5
18641,5,0.12578872,0.24530725,0.62890404,c5,c5
18649,5,0.22904177,0.4501972,0.32076105,c5,c234
18652,5,0.1642698,0.29275322,0.5429769,c234,c5
18658,5,0.3440294,0.37478757,0.28118306,c5,c234
18675,5,0.13038574,0.35869062,0.51092356,c234,c5
18681,5,0.2636361,0.31860813,0.41775575,c1,c5
18685,5,0.2891945,0.5075366,0.2032689,c1,c234
18694,5,0.12439257,0.33394998,0.54165745,c234,c5
18711,5,0.16590919,0.4162818,0.41780904,c5,c5
18716,5,0.37984204,0.45750627,0.16265166,c234,c234
18718,5,0.059776105,0.31061533,0.6296085,c5,c5
18719,5,0.093023315,0.32105732,0.5859194,c234,c5
18743,5,0.23071428,0.36850038,0.4007854,c234,c5
18753,5,0.26718116,0.413492,0.31932688,c1,c234
18767,5,0.18204895,0.4542202,0.36373088,c5,c234
18768,5,0.1556205,0.3657363,0.47864327,c1,c5
18778,5,0.4143673,0.28904554,0.29658717,c1,c1
18780,5,0.52177554,0.3017364,0.17648803,c234,c1
18781,5,0.6552595,0.25853696,0.086203516,c234,c1
18783,5,0.6380035,0.25374928,0.10824725,c234,c1
18785,5,0.036043283,0.094961405,0.8689953,c234,c5
18789,5,0.26565298,0.28701153,0.44733554,c1,c5
18792,5,0.24565981,0.5090699,0.24527028,c5,c234
18794,5,0.055208772,0.17367382,0.7711174,c1,c5
18796,5,0.45311913,0.4001692,0.1467117,c5,c1
18799,5,0.539075,0.29104888,0.16987613,c234,c1
18801,5,0.40323368,0.30735433,0.289412,c1,c1
18808,5,0.47350362,0.2654494,0.26104704,c1,c1
18813,5,0.4757612,0.360661,0.16357785,c234,c1
18816,5,0.087026484,0.24202466,0.67094886,c5,c5
18828,5,0.59150136,0.28151095,0.12698765,c1,c1
18830,5,0.43448046,0.38422418,0.18129537,c1,c1
18832,5,0.66461897,0.2632481,0.07213294,c1,c1
18838,5,0.21686974,0.42731416,0.3558161,c5,c234
18858,5,0.36827362,0.4130515,0.21867487,c1,c234
18862,5,0.30056864,0.53474337,0.16468796,c234,c234
18871,5,0.403128,0.29288968,0.30398226,c1,c1
18873,5,0.120444,0.32804084,0.5515151,c5,c5
18874,5,0.4211845,0.40872464,0.17009085,c234,c1
18877,5,0.4898356,0.36920607,0.14095834,c1,c1
18881,5,0.112311974,0.33917123,0.5485168,c5,c5
18883,5,0.50405073,0.37733227,0.11861698,c234,c1
18892,5,0.1808264,0.42043394,0.3987397,c1,c234
18894,5,0.15216973,0.34300348,0.5048267,c234,c5
18896,5,0.14523248,0.26630944,0.58845806,c1,c5
18898,5,0.25680107,0.3406217,0.40257716,c1,c5
18907,5,0.35341826,0.4210287,0.2255531,c234,c234
18916,5,0.51120466,0.31571388,0.17308143,c234,c1
18923,5,0.095116615,0.46635514,0.43852818,c1,c234
18942,5,0.5289326,0.35745704,0.1136104,c5,c1
18945,5,0.31778017,0.43685314,0.2453667,c1,c234
18952,5,0.35851604,0.46276644,0.17871752,c1,c234
18962,5,0.26036763,0.43006042,0.30957192,c5,c234
18964,5,0.6415117,0.25325176,0.1052365,c5,c1
18969,5,0.21395595,0.2688281,0.51721597,c234,c5
18972,5,0.5154679,0.3560966,0.12843546,c234,c1
18973,5,0.5179911,0.30123925,0.18076967,c234,c1
18987,5,0.32893267,0.47620487,0.19486238,c5,c234
18996,5,0.26969558,0.47299835,0.25730604,c5,c234
18998,5,0.0906259,0.3550358,0.55433834,c5,c5
19002,5,0.18622114,0.42098984,0.39278907,c234,c234
19011,5,0.27983943,0.5274804,0.19268017,c234,c234
19015,5,0.3078892,0.37344807,0.31866273,c234,c234
19017,5,0.10150792,0.40225652,0.4962356,c234,c5
19018,5,0.20378633,0.3333722,0.46284145,c234,c5
19019,5,0.66743743,0.26131642,0.07124616,c1,c1
19020,5,0.07178618,0.23640004,0.6918138,c5,c5
19027,5,0.21142831,0.48148933,0.30708236,c5,c234
19029,5,0.37800488,0.35679734,0.2651978,c234,c1
19033,5,0.5158405,0.33360097,0.15055858,c1,c1
19042,5,0.32174256,0.2900167,0.38824072,c234,c5
19050,5,0.2505337,0.5021535,0.24731281,c234,c234
19059,5,0.39577046,0.26946405,0.33476546,c1,c1
19063,5,0.68225914,0.21872962,0.09901128,c1,c1
19064,5,0.25282717,0.54280174,0.20437111,c234,c234
19071,5,0.43872127,0.3333951,0.2278836,c234,c1
19072,5,0.12827009,0.36167973,0.5100502,c1,c5
19074,5,0.1353925,0.35488755,0.50971997,c1,c5
19075,5,0.39577046,0.26946405,0.33476546,c1,c1
19079,5,0.06723724,0.3102195,0.62254333,c5,c5
19080,5,0.22413243,0.34688896,0.4289786,c5,c5
19087,5,0.21666367,0.2906467,0.49268967,c1,c5
19094,5,0.23091638,0.41417322,0.35491037,c234,c234
19095,5,0.39577046,0.26946405,0.33476546,c234,c1
19100,5,0.1419458,0.21784635,0.6402079,c234,c5
19101,5,0.63984835,0.23335576,0.12679592,c1,c1
19110,5,0.23414204,0.4800472,0.28581074,c234,c234
19122,5,0.23253791,0.42885286,0.33860925,c5,c234
19130,5,0.22063479,0.34748876,0.43187648,c5,c5
19136,5,0.24656706,0.24602588,0.5074071,c1,c5
19142,5,0.15304688,0.33473426,0.5122189,c5,c5
19144,5,0.16145562,0.3484579,0.49008647,c5,c5
19147,5,0.20643966,0.2603795,0.53318083,c5,c5
19148,5,0.101441614,0.29597768,0.6025807,c234,c5
19154,5,0.35557747,0.42838502,0.21603753,c234,c234
19163,5,0.1163626,0.20909442,0.67454296,c5,c5
19164,5,0.47505587,0.35964307,0.16530105,c1,c1
19169,5,0.38904223,0.24557562,0.36538213,c1,c1
19171,5,0.3968845,0.40788656,0.1952289,c234,c234
19180,5,0.54113656,0.31961638,0.13924706,c1,c1
19189,5,0.69139314,0.19003431,0.118572555,c1,c1
19190,5,0.14713003,0.34183714,0.5110329,c5,c5
19195,5,0.08907354,0.33517662,0.5757498,c234,c5
19198,5,0.40510923,0.3813089,0.21358183,c5,c1
19199,5,0.22304714,0.51727235,0.2596805,c1,c234
19203,5,0.13830036,0.39177495,0.46992466,c234,c5
19211,5,0.26985535,0.35429084,0.37585378,c5,c5
19216,5,0.058503263,0.18503432,0.7564624,c5,c5
19225,5,0.26071757,0.42562133,0.31366113,c1,c234
19227,5,0.6227001,0.29253137,0.08476854,c234,c1
19229,5,0.089021765,0.32906452,0.58191377,c5,c5
19238,5,0.5650071,0.27390414,0.16108875,c5,c1
19244,5,0.28154454,0.35484284,0.3636126,c1,c5
19246,5,0.5714388,0.30731001,0.121251196,c5,c1
19253,5,0.38931188,0.43814278,0.17254534,c1,c234
19259,5,0.3748805,0.35828158,0.26683795,c1,c1
19267,5,0.6805483,0.22207735,0.09737435,c1,c1
19271,5,0.5326491,0.2751902,0.19216065,c5,c1
19276,5,0.64442366,0.25519446,0.10038185,c1,c1
19278,5,0.2277939,0.40479973,0.3674064,c1,c234
19291,5,0.46136314,0.33360803,0.20502879,c234,c1
19302,5,0.4106846,0.41319886,0.17611651,c234,c234
19311,5,0.20103036,0.50489694,0.2940727,c234,c234
19319,5,0.15987997,0.50909084,0.33102918,c234,c234
19323,5,0.100013345,0.27950314,0.62048346,c1,c5
19328,5,0.266884,0.36036128,0.3727547,c234,c5
19338,5,0.51650465,0.358822,0.124673404,c1,c1
19339,5,0.3785793,0.43446735,0.18695335,c234,c234
19345,5,0.050953865,0.125889,0.8231572,c5,c5
19356,5,0.66743743,0.26131642,0.07124616,c1,c1
19361,5,0.26732388,0.29533672,0.43733937,c5,c5
19364,5,0.33954954,0.3260835,0.33436692,c234,c1
19367,5,0.47371003,0.37227345,0.15401657,c1,c1
19372,5,0.22707911,0.3223114,0.4506095,c234,c5
19374,5,0.14242384,0.46471512,0.39286098,c1,c234
19378,5,0.2440613,0.38424367,0.37169507,c5,c234
19380,5,0.11777821,0.3947592,0.48746252,c234,c5
19382,5,0.110770114,0.2033523,0.68587756,c5,c5
19384,5,0.41128168,0.41148254,0.17723587,c1,c234
19392,5,0.49682048,0.35415256,0.14902696,c1,c1
19397,5,0.3959795,0.3974323,0.20658827,c234,c234
19402,5,0.13519055,0.4074657,0.45734373,c1,c5
19404,5,0.08336949,0.30450654,0.61212397,c5,c5
19407,5,0.15409806,0.32140332,0.52449864,c5,c5
19410,5,0.5174077,0.23653977,0.24605252,c234,c1
19412,5,0.4204918,0.3409406,0.23856755,c5,c1
19413,5,0.66461897,0.2632481,0.07213294,c1,c1
19418,5,0.10172632,0.3443038,0.55396986,c1,c5
19421,5,0.05017015,0.2415203,0.7083096,c5,c5
19423,5,0.107153095,0.2922696,0.6005773,c234,c5
19426,5,0.45476905,0.34298447,0.20224646,c234,c1
19427,5,0.39577046,0.26946405,0.33476546,c234,c1
19428,5,0.26945144,0.22530007,0.5052485,c1,c5
19431,5,0.13768782,0.24944218,0.61287004,c5,c5
19435,5,0.3337105,0.3795772,0.28671232,c234,c234
19439,5,0.15714377,0.33385316,0.5090031,c5,c5
19443,5,0.3153029,0.2721069,0.41259015,c5,c5
19445,5,0.39577046,0.26946405,0.33476546,c1,c1
19448,5,0.34173003,0.40904722,0.24922279,c5,c234
19454,5,0.18055779,0.32187903,0.49756324,c234,c5
19458,5,0.10657334,0.29580706,0.59761965,c5,c5
19466,5,0.14747596,0.4986612,0.3538628,c5,c234
19468,5,0.10420775,0.3319,0.5638922,c234,c5
19469,5,0.3153144,0.43516,0.24952558,c234,c234
19476,5,0.7904146,0.15983929,0.049746126,c1,c1
19481,5,0.025000721,0.10904985,0.86594945,c5,c5
19489,5,0.3153029,0.2721069,0.41259015,c234,c5
19492,5,0.5495829,0.30443615,0.14598094,c234,c1
19497,5,0.10406156,0.45114082,0.44479764,c1,c234
19499,5,0.09712264,0.23461187,0.66826546,c5,c5
19502,5,0.15729852,0.5406459,0.30205563,c5,c234
19505,5,0.455722,0.34606078,0.19821721,c1,c1
19506,5,0.5834853,0.29878005,0.11773464,c1,c1
19509,5,0.47097155,0.28730232,0.24172617,c234,c1
19513,5,0.20005774,0.37992105,0.42002124,c1,c5
19517,5,0.21115497,0.50907594,0.27976906,c5,c234
19525,5,0.3393481,0.4178641,0.24278773,c1,c234
19527,5,0.34555554,0.48630118,0.16814327,c1,c234
19533,5,0.19243862,0.59667283,0.21088858,c234,c234
19536,5,0.22277866,0.46995583,0.30726543,c234,c234
19537,5,0.12600198,0.35807094,0.51592714,c5,c5
19538,5,0.16541983,0.433277,0.40130314,c1,c234
19540,5,0.3368767,0.45392627,0.20919703,c1,c234
19544,5,0.5502915,0.32583797,0.12387056,c1,c1
19549,5,0.39577046,0.26946405,0.33476546,c234,c1
19559,5,0.055962466,0.20759608,0.7364414,c5,c5
19566,5,0.5947198,0.27778846,0.12749171,c1,c1
19567,5,0.1626353,0.53196025,0.30540448,c234,c234
19569,5,0.119070984,0.23377083,0.6471582,c5,c5
19580,5,0.20611572,0.37578744,0.41809687,c5,c5
19581,5,0.37370414,0.27304092,0.3532549,c234,c1
19608,5,0.15570155,0.2395124,0.604786,c5,c5
19610,5,0.4386835,0.3669367,0.19437969,c1,c1
19611,5,0.031758655,0.12646951,0.8417719,c5,c5
19613,5,0.19140068,0.31660816,0.4919912,c5,c5
19616,5,0.48949927,0.32763287,0.18286787,c1,c1
19617,5,0.1720699,0.2408297,0.5871003,c234,c5
19627,5,0.4070693,0.36946633,0.22346435,c234,c1
19630,5,0.21754871,0.52828175,0.2541695,c234,c234
19631,5,0.27862895,0.538976,0.18239506,c5,c234
19637,5,0.48925543,0.3599186,0.15082599,c1,c1
19639,5,0.50932175,0.309561,0.18111722,c1,c1
19644,5,0.6095233,0.27505246,0.11542427,c234,c1
19650,5,0.14625673,0.22705978,0.6266835,c5,c5
19657,5,0.41310787,0.4198183,0.16707376,c1,c234
19658,5,0.12030492,0.44199523,0.43769985,c234,c234
19661,5,0.12521265,0.31826195,0.55652535,c5,c5
19671,5,0.15591286,0.49986413,0.34422293,c1,c234
19676,5,0.25475818,0.3416032,0.4036386,c234,c5
19699,5,0.28859866,0.28153497,0.4298664,c1,c5
19702,5,0.22741398,0.47850594,0.2940801,c5,c234
19709,5,0.38101637,0.44949535,0.16948827,c1,c234
19711,5,0.23888728,0.3720566,0.38905618,c1,c5
19714,5,0.20525213,0.43240225,0.3623456,c1,c234
19716,5,0.46723747,0.2826683,0.2500942,c234,c1
19719,5,0.28415295,0.5191401,0.19670692,c1,c234
19722,5,0.19382985,0.47949928,0.3266709,c1,c234
19726,5,0.27693892,0.47623488,0.24682625,c234,c234
19738,5,0.39757845,0.37201157,0.23040995,c1,c1
19739,5,0.41310787,0.4198183,0.16707376,c1,c234
19751,5,0.5379612,0.34484127,0.11719752,c234,c1
19754,5,0.14057283,0.3504787,0.5089485,c5,c5
19755,5,0.097848125,0.24256107,0.65959084,c234,c5
19756,5,0.11356055,0.33344722,0.5529922,c234,c5
19763,5,0.18191026,0.41074255,0.40734714,c1,c234
19770,5,0.2334379,0.33499715,0.43156493,c5,c5
19771,5,0.13057195,0.26123118,0.60819685,c5,c5
19779,5,0.5690495,0.3057637,0.12518682,c1,c1
19786,5,0.11708215,0.2742253,0.6086925,c234,c5
19787,5,0.036461815,0.17321856,0.7903196,c234,c5
19789,5,0.3287779,0.42583397,0.24538809,c1,c234
19794,5,0.44539756,0.36879706,0.18580537,c5,c1
19796,5,0.50516486,0.3330591,0.16177605,c5,c1
19803,5,0.53222495,0.36884147,0.09893361,c5,c1
19806,5,0.088258855,0.30416754,0.60757357,c234,c5
19808,5,0.6031024,0.31077278,0.086124845,c5,c1
19811,5,0.58901495,0.26379383,0.14719126,c1,c1
19812,5,0.117659375,0.45635113,0.42598954,c1,c234
19814,5,0.29633746,0.45209512,0.2515674,c1,c234
19818,5,0.10559875,0.39842823,0.49597302,c5,c5
19819,5,0.20118682,0.33081138,0.46800184,c234,c5
19825,5,0.07438509,0.26650116,0.65911376,c5,c5
19827,5,0.1215446,0.44437465,0.43408072,c1,c234
19831,5,0.29537243,0.5028442,0.20178334,c234,c234
19833,5,0.232579,0.46389562,0.30352542,c5,c234
19836,5,0.13399673,0.4277162,0.438287,c234,c5
19843,5,0.0784561,0.17060205,0.7509419,c1,c5
19849,5,0.3572168,0.32700124,0.31578195,c234,c1
19850,5,0.3004534,0.39207143,0.3074752,c5,c234
19859,5,0.07128472,0.25764796,0.6710673,c234,c5
19861,5,0.027036369,0.0750152,0.8979484,c5,c5
19866,5,0.112543315,0.33995286,0.5475038,c5,c5
19868,5,0.300707,0.3113646,0.3879284,c5,c5
19870,5,0.26446196,0.5185346,0.21700339,c5,c234
19871,5,0.11445033,0.2443855,0.6411641,c5,c5
19872,5,0.10487994,0.26906553,0.62605447,c5,c5
19881,5,0.14973189,0.46369055,0.38657758,c1,c234
19894,5,0.63984835,0.23335576,0.12679592,c1,c1
19898,5,0.20130299,0.41975638,0.37894067,c1,c234
19907,5,0.09808483,0.43829978,0.46361545,c1,c5
19910,5,0.53447187,0.33733416,0.128194,c1,c1
19913,5,0.22309469,0.42678392,0.35012135,c1,c234
19927,5,0.25597158,0.44923383,0.2947946,c1,c234
19932,5,0.4284086,0.39111942,0.18047199,c5,c1
19936,5,0.5288465,0.2541153,0.21703817,c5,c1
19945,5,0.2681967,0.39857668,0.33322662,c1,c234
19948,5,0.23819996,0.5473124,0.21448764,c234,c234
19956,5,0.07927397,0.39153615,0.5291899,c234,c5
19959,5,0.14847803,0.53468996,0.31683198,c234,c234
19966,5,0.13693805,0.40832278,0.45473918,c1,c5
19968,5,0.087587975,0.2690007,0.64341134,c5,c5
19971,5,0.355828,0.41937023,0.22480176,c234,c234
19976,5,0.102361105,0.31885526,0.57878363,c234,c5
19982,5,0.44312716,0.30386207,0.25301075,c1,c1
19983,5,0.66461897,0.2632481,0.07213294,c1,c1
19988,5,0.07936449,0.24202509,0.6786104,c1,c5
20001,5,0.31292006,0.45432442,0.23275545,c1,c234
20006,5,0.12437529,0.3061081,0.5695166,c234,c5
20017,5,0.21557182,0.3592564,0.4251718,c234,c5
20024,5,0.3153029,0.2721069,0.41259015,c5,c5
20030,5,0.16083808,0.5583729,0.280789,c5,c234
20032,5,0.117062636,0.31953266,0.5634047,c5,c5
20035,5,0.08701659,0.2967546,0.6162288,c5,c5
20036,5,0.23616472,0.4487641,0.3150712,c234,c234
20044,5,0.09662193,0.35033566,0.5530424,c234,c5
20045,5,0.4814414,0.32705447,0.19150417,c1,c1
20049,5,0.22542354,0.33149117,0.4430853,c5,c5
20054,5,0.5502246,0.308535,0.14124039,c5,c1
20056,5,0.17875938,0.31262383,0.5086168,c1,c5
20057,5,0.42142704,0.3825912,0.19598179,c1,c1
20058,5,0.21979529,0.4534195,0.32678524,c234,c234
20061,5,0.38937044,0.36288887,0.24774072,c1,c1
20062,5,0.04242848,0.20917198,0.74839956,c5,c5
20067,5,0.030208083,0.07657611,0.89321584,c234,c5
20078,5,0.66743743,0.26131642,0.07124616,c1,c1
20081,5,0.3685895,0.43271697,0.19869353,c234,c234
20084,5,0.0895854,0.2903879,0.6200267,c234,c5
20086,5,0.3385834,0.35604727,0.30536935,c5,c234
