indice,fold,p_c1,p_c234,p_c5,rotulo,previsto
6,2,0.048592683,0.25931242,0.69209486,c234,c5
11,2,0.33599967,0.4422297,0.22177067,c234,c234
18,2,0.315761,0.3204009,0.3638382,c1,c5
19,2,0.73651356,0.19396915,0.06951733,c1,c1
25,2,0.2873003,0.51154333,0.20115638,c1,c234
29,2,0.5037493,0.2625568,0.23369394,c1,c1
35,2,0.19046159,0.4593542,0.3501842,c5,c234
38,2,0.22330257,0.31112438,0.465573,c5,c5
41,2,0.3730599,0.29371303,0.333227,c5,c1
43,2,0.04487741,0.18862984,0.7664927,c5,c5
44,2,0.30322552,0.48600435,0.21077019,c234,c234
54,2,0.28653857,0.277295,0.4361664,c5,c5
64,2,0.49969274,0.36141208,0.13889524,c1,c1
65,2,0.6564391,0.27878633,0.0647745,c234,c1
71,2,0.63043797,0.25156808,0.11799396,c1,c1
75,2,0.3466576,0.39770576,0.2556366,c234,c234
81,2,0.5519806,0.3336101,0.11440931,c1,c1
86,2,0.15918675,0.4097858,0.43102744,c1,c5
89,2,0.11148341,0.31875184,0.5697647,c1,c5
91,2,0.4508488,0.41998085,0.12917034,c1,c1
93,2,0.21804136,0.42513612,0.3568225,c1,c234
95,2,0.6892078,0.22282629,0.08796589,c1,c1
96,2,0.4254474,0.36644533,0.20810723,c234,c1
99,2,0.299809,0.3297333,0.37045768,c5,c5
113,2,0.20991899,0.39055598,0.39952502,c5,c5
115,2,0.33416083,0.41258317,0.25325596,c234,c234
119,2,0.41441524,0.4022047,0.18338005,c234,c1
128,2,0.28865314,0.40320867,0.30813825,c234,c234
134,2,0.4070312,0.36561838,0.22735038,c1,c1
147,2,0.07510574,0.30880666,0.6160876,c5,c5
149,2,0.19238195,0.40499207,0.402626,c234,c234
152,2,0.60570407,0.30509743,0.08919851,c1,c1
167,2,0.38955826,0.34250638,0.26793537,c1,c1
170,2,0.2949562,0.47280818,0.23223557,c5,c234
171,2,0.28837687,0.4605718,0.25105128,c234,c234
195,2,0.5186537,0.3006986,0.18064772,c234,c1
197,2,0.619731,0.28373355,0.096535474,c1,c1
202,2,0.06121443,0.2742101,0.66457546,c5,c5
220,2,0.11593088,0.41901478,0.46505433,c5,c5
223,2,0.28133336,0.44705206,0.27161458,c5,c234
227,2,0.5746781,0.2806576,0.14466427,c1,c1
236,2,0.1405426,0.28595594,0.57350147,c234,c5
240,2,0.28492424,0.47887966,0.23619607,c234,c234
245,2,0.058979895,0.19533311,0.74568707,c5,c5
259,2,0.31448013,0.34768635,0.33783352,c5,c234
261,2,0.17150174,0.26808447,0.56041384,c1,c5
262,2,0.40760073,0.42601627,0.16638294,c5,c234
268,2,0.17230982,0.39163843,0.43605173,c5,c5
269,2,0.7134658,0.2326344,0.053899795,c1,c1
273,2,0.30966017,0.31545946,0.3748804,c5,c5
275,2,0.22330257,0.31112438,0.465573,c5,c5
280,2,0.22960056,0.42665255,0.34374687,c5,c234
292,2,0.5052443,0.3186925,0.17606317,c234,c1
295,2,0.21094115,0.2981268,0.49093205,c1,c5
303,2,0.14649026,0.252372,0.60113776,c5,c5
304,2,0.3001431,0.33461925,0.36523768,c5,c5
308,2,0.052165616,0.24644972,0.70138466,c1,c5
313,2,0.64564705,0.22653279,0.12782013,c1,c1
316,2,0.1715502,0.32620144,0.50224835,c5,c5
322,2,0.07472348,0.27533638,0.64994013,c5,c5
327,2,0.08244939,0.2487765,0.6687741,c5,c5
340,2,0.6278456,0.24093582,0.13121858,c1,c1
349,2,0.46693954,0.2511581,0.28190243,c5,c1
357,2,0.6168662,0.30182245,0.0813113,c1,c1
365,2,0.2631057,0.31573346,0.42116088,c1,c5
367,2,0.39082095,0.46185073,0.14732833,c1,c234
373,2,0.084987156,0.3426766,0.57233626,c5,c5
374,2,0.23535463,0.30575192,0.45889345,c234,c5
376,2,0.15278108,0.4070706,0.44014826,c1,c5
380,2,0.103880934,0.2997833,0.5963358,c5,c5
383,2,0.2578723,0.4804182,0.26170948,c1,c234
385,2,0.20880274,0.5142745,0.27692276,c234,c234
390,2,0.07751016,0.18060192,0.74188787,c5,c5
396,2,0.35196146,0.428739,0.21929947,c234,c234
402,2,0.19825263,0.44113317,0.36061424,c234,c234
409,2,0.46693954,0.2511581,0.28190243,c1,c1
414,2,0.06847784,0.23924468,0.69227743,c234,c5
421,2,0.3994082,0.44318527,0.15740651,c1,c234
428,2,0.41841382,0.44220287,0.13938332,c1,c234
436,2,0.5197568,0.3137129,0.16653033,c1,c1
440,2,0.529767,0.34129253,0.12894052,c1,c1
447,2,0.49683672,0.36496073,0.13820256,c234,c1
448,2,0.38253945,0.3362532,0.2812074,c234,c1
452,2,0.33399752,0.4387636,0.22723885,c5,c234
454,2,0.7045,0.24416625,0.051333718,c1,c1
457,2,0.30072066,0.46107006,0.23820926,c234,c234
459,2,0.25344795,0.49251556,0.25403646,c234,c234
463,2,0.12923962,0.33768633,0.5330741,c1,c5
478,2,0.5357856,0.32563552,0.13857882,c1,c1
492,2,0.17011188,0.359161,0.47072715,c234,c5
506,2,0.46694514,0.3578445,0.17521034,c5,c1
516,2,0.34926027,0.37385917,0.27688053,c234,c234
517,2,0.5375398,0.35956794,0.10289226,c5,c1
519,2,0.5559644,0.322916,0.12111962,c1,c1
520,2,0.54835665,0.3236042,0.12803915,c1,c1
522,2,0.6218236,0.24910179,0.12907463,c1,c1
523,2,0.20031679,0.30377334,0.49590987,c5,c5
527,2,0.38173905,0.42435578,0.19390514,c1,c234
534,2,0.24440098,0.433358,0.32224095,c1,c234
559,2,0.106004916,0.3546052,0.53938985,c1,c5
569,2,0.28464177,0.29760188,0.41775638,c5,c5
570,2,0.08211673,0.17409597,0.7437873,c5,c5
574,2,0.08683319,0.3074748,0.605692,c234,c5
585,2,0.36451602,0.40299022,0.23249377,c234,c234
586,2,0.24194391,0.42942038,0.3286357,c234,c234
587,2,0.81997615,0.12519604,0.054827783,c1,c1
593,2,0.15131235,0.27372384,0.57496387,c234,c5
607,2,0.78115076,0.17270984,0.04613937,c5,c1
610,2,0.66491127,0.25709823,0.07799052,c1,c1
620,2,0.41065744,0.33031258,0.25903,c5,c1
622,2,0.16102077,0.43154562,0.40743363,c5,c234
626,2,0.2243374,0.50272125,0.27294138,c5,c234
633,2,0.17059794,0.3436511,0.48575106,c1,c5
644,2,0.66631836,0.27752557,0.056156073,c5,c1
646,2,0.43845922,0.3915478,0.16999297,c234,c1
648,2,0.64336747,0.27681026,0.07982223,c1,c1
650,2,0.33920267,0.46818492,0.1926124,c5,c234
651,2,0.33921668,0.41195494,0.24882841,c1,c234
656,2,0.17507654,0.40360162,0.42132187,c5,c5
657,2,0.4039537,0.4164206,0.17962575,c234,c234
658,2,0.26448876,0.40608835,0.3294229,c1,c234
665,2,0.35716873,0.4297772,0.213054,c5,c234
679,2,0.28993887,0.52703214,0.18302895,c234,c234
681,2,0.17090622,0.33298823,0.4961056,c1,c5
684,2,0.5040168,0.39997756,0.096005596,c234,c1
687,2,0.25096378,0.41074985,0.3382863,c234,c234
694,2,0.45727023,0.31845495,0.22427483,c5,c1
697,2,0.1575915,0.30536428,0.5370443,c234,c5
699,2,0.22983067,0.29244572,0.47772357,c5,c5
702,2,0.2490344,0.47275734,0.2782082,c234,c234
708,2,0.18901719,0.49135172,0.31963107,c5,c234
709,2,0.4796249,0.4318265,0.08854858,c1,c1
711,2,0.15685464,0.35046986,0.49267554,c5,c5
712,2,0.23109776,0.45685196,0.3120503,c1,c234
715,2,0.3229341,0.26410255,0.4129634,c234,c5
716,2,0.34019116,0.28606784,0.37374094,c234,c5
717,2,0.22057483,0.34629354,0.4331316,c5,c5
730,2,0.087743856,0.19530496,0.7169512,c5,c5
732,2,0.44300064,0.37253204,0.18446736,c1,c1
733,2,0.29098046,0.45292678,0.25609282,c1,c234
741,2,0.20327762,0.37470716,0.4220152,c5,c5
748,2,0.22330257,0.31112438,0.465573,c1,c5
754,2,0.4419725,0.39924014,0.15878738,c5,c1
755,2,0.6188292,0.27734938,0.10382149,c1,c1
756,2,0.13120592,0.26476434,0.6040297,c234,c5
762,2,0.2513524,0.290497,0.45815054,c1,c5
775,2,0.60835344,0.24966775,0.14197883,c234,c1
777,2,0.6714128,0.25691667,0.07167052,c5,c1
781,2,0.23387429,0.46160766,0.304518,c1,c234
784,2,0.12788323,0.48051,0.39160678,c234,c234
786,2,0.11873034,0.28474975,0.59651995,c234,c5
793,2,0.2602288,0.25867692,0.48109427,c1,c5
795,2,0.3229341,0.26410255,0.4129634,c5,c5
804,2,0.12719512,0.30857125,0.5642336,c5,c5
805,2,0.27400073,0.43364978,0.29234955,c1,c234
807,2,0.043328587,0.23377511,0.7228963,c5,c5
812,2,0.35995623,0.32618976,0.31385404,c1,c1
819,2,0.39702204,0.41321573,0.18976218,c5,c234
823,2,0.0698845,0.16059333,0.76952213,c5,c5
830,2,0.40011796,0.45245314,0.14742894,c5,c234
832,2,0.7456454,0.1767176,0.07763693,c1,c1
834,2,0.15259925,0.41490903,0.43249175,c234,c5
837,2,0.46694514,0.3578445,0.17521034,c234,c1
848,2,0.108920895,0.23963204,0.65144706,c234,c5
855,2,0.50088996,0.40110308,0.09800698,c234,c1
856,2,0.11965338,0.28532183,0.59502476,c1,c5
857,2,0.18306768,0.43937105,0.3775613,c234,c234
873,2,0.2387371,0.40388083,0.35738206,c5,c234
874,2,0.3359115,0.41901934,0.24506909,c234,c234
877,2,0.117080644,0.42008242,0.46283692,c5,c5
881,2,0.15042436,0.44613364,0.40344194,c234,c234
884,2,0.29152137,0.4522618,0.25621676,c234,c234
893,2,0.10119806,0.32097924,0.5778227,c234,c5
903,2,0.25212684,0.27441707,0.47345608,c5,c5
905,2,0.5294633,0.2835397,0.18699697,c1,c1
909,2,0.1185414,0.1790193,0.70243937,c5,c5
913,2,0.06144584,0.21726017,0.7212939,c1,c5
922,2,0.14160676,0.32083437,0.53755885,c234,c5
927,2,0.71013576,0.21233831,0.077525936,c5,c1
933,2,0.12799896,0.28760627,0.5843948,c234,c5
937,2,0.3450277,0.2533383,0.401634,c234,c5
943,2,0.12797672,0.30543023,0.56659305,c5,c5
948,2,0.4107488,0.39617223,0.19307894,c234,c1
950,2,0.37148768,0.41295993,0.21555242,c234,c234
954,2,0.4113231,0.3670013,0.22167559,c1,c1
960,2,0.34986988,0.43931752,0.2108126,c5,c234
972,2,0.33120736,0.41084418,0.25794852,c1,c234
980,2,0.20479748,0.24860598,0.5465966,c5,c5
981,2,0.45993847,0.3190571,0.22100438,c5,c1
989,2,0.18189469,0.46132,0.35678524,c234,c234
991,2,0.11002602,0.3379951,0.55197895,c1,c5
992,2,0.23603037,0.3128803,0.45108938,c234,c5
995,2,0.3395422,0.31729564,0.34316215,c1,c5
997,2,0.45056614,0.4117503,0.13768356,c234,c1
1003,2,0.727083,0.210614,0.062302988,c234,c1
1004,2,0.21658923,0.31584796,0.46756285,c1,c5
1009,2,0.06251089,0.28228274,0.6552063,c234,c5
1018,2,0.5841397,0.30328128,0.11257906,c234,c1
1020,2,0.35929027,0.28058514,0.36012456,c1,c5
1024,2,0.25147203,0.4343986,0.31412935,c234,c234
1027,2,0.39053378,0.37870318,0.23076306,c1,c1
1028,2,0.74011177,0.19793794,0.0619503,c1,c1
1031,2,0.076852776,0.27080882,0.6523384,c5,c5
1034,2,0.2600145,0.40036556,0.33961996,c1,c234
1035,2,0.5600464,0.33503187,0.10492175,c234,c1
1040,2,0.3256477,0.28526852,0.38908377,c5,c5
1047,2,0.18376961,0.37495932,0.44127107,c234,c5
1049,2,0.15455915,0.35997546,0.48546544,c1,c5
1050,2,0.34703955,0.37496448,0.2779959,c1,c234
1051,2,0.3152901,0.42305386,0.26165602,c5,c234
1060,2,0.21759023,0.43559173,0.346818,c234,c234
1065,2,0.22952308,0.37837335,0.39210355,c5,c5
1072,2,0.46492726,0.2881518,0.24692099,c1,c1
1078,2,0.17238012,0.37918797,0.44843182,c1,c5
1081,2,0.14074743,0.4536732,0.4055794,c234,c234
1085,2,0.68722194,0.24519737,0.067580625,c234,c1
1101,2,0.2923698,0.3703126,0.33731756,c5,c234
1106,2,0.059475444,0.29039928,0.6501252,c234,c5
1110,2,0.20685042,0.41703403,0.3761155,c1,c234
1112,2,0.23196366,0.41190776,0.35612854,c5,c234
1131,2,0.5077683,0.36343977,0.12879203,c1,c1
1133,2,0.21197644,0.5008659,0.28715768,c234,c234
1138,2,0.14966393,0.44031656,0.41001955,c234,c234
1148,2,0.5663628,0.32794574,0.10569145,c1,c1
1152,2,0.62997276,0.30198762,0.06803965,c5,c1
1156,2,0.16775043,0.33606398,0.4961856,c234,c5
1157,2,0.19865768,0.2746162,0.5267261,c234,c5
1161,2,0.45840043,0.41707277,0.12452674,c234,c1
1164,2,0.34087503,0.48777455,0.17135043,c5,c234
1165,2,0.17359471,0.28894743,0.5374578,c234,c5
1168,2,0.04458299,0.18271653,0.7727005,c234,c5
1177,2,0.48136163,0.39770114,0.12093717,c1,c1
1185,2,0.35227475,0.42433482,0.22339047,c234,c234
1188,2,0.12172656,0.2579784,0.62029505,c234,c5
1194,2,0.10231355,0.29612637,0.6015601,c234,c5
1195,2,0.30008996,0.458792,0.241118,c234,c234
1196,2,0.5362317,0.265292,0.19847633,c5,c1
1202,2,0.13396534,0.37361127,0.49242342,c234,c5
1210,2,0.46694514,0.3578445,0.17521034,c5,c1
1212,2,0.6409823,0.28342906,0.07558868,c1,c1
1215,2,0.49603838,0.38782707,0.116134495,c1,c1
1216,2,0.5595733,0.24356587,0.19686079,c234,c1
1223,2,0.6483465,0.28717571,0.06447772,c234,c1
1224,2,0.13224167,0.2916413,0.576117,c234,c5
1226,2,0.092019334,0.3640324,0.54394823,c5,c5
1235,2,0.3149048,0.40152985,0.2835653,c5,c234
1238,2,0.50328535,0.39890984,0.09780481,c1,c1
1241,2,0.27803078,0.3255274,0.39644176,c5,c5
1242,2,0.7091936,0.22925988,0.06154647,c5,c1
1248,2,0.5343431,0.369948,0.09570894,c1,c1
1250,2,0.2662729,0.48349142,0.25023568,c234,c234
1254,2,0.22472984,0.43064737,0.34462273,c5,c234
1262,2,0.511044,0.37093294,0.11802301,c5,c1
1268,2,0.07313377,0.31092626,0.61594,c5,c5
1283,2,0.45983288,0.39254844,0.14761871,c234,c1
1291,2,0.11179284,0.22866239,0.6595448,c5,c5
1297,2,0.13267642,0.29156607,0.5757575,c234,c5
1298,2,0.20946752,0.46574625,0.32478628,c5,c234
1303,2,0.13118266,0.22248283,0.64633447,c234,c5
1304,2,0.67093897,0.26285574,0.06620528,c1,c1
1307,2,0.43612808,0.39480332,0.16906855,c1,c1
1311,2,0.5762692,0.2944553,0.12927553,c1,c1
1317,2,0.4216206,0.36655635,0.21182308,c1,c1
1319,2,0.44066814,0.31370354,0.24562831,c1,c1
1324,2,0.3383376,0.37372923,0.28793314,c234,c234
1328,2,0.053619407,0.22333412,0.72304654,c5,c5
1330,2,0.13768634,0.4430485,0.41926512,c5,c234
1336,2,0.5052693,0.25027916,0.2444516,c1,c1
1340,2,0.16619052,0.24948344,0.584326,c5,c5
1341,2,0.668474,0.25168815,0.07983784,c1,c1
1347,2,0.10860089,0.4520103,0.4393888,c234,c234
1348,2,0.48998484,0.39482084,0.115194336,c5,c1
1350,2,0.15079792,0.36762154,0.48158053,c5,c5
1366,2,0.21491456,0.34259963,0.44248587,c5,c5
1367,2,0.28727588,0.2914683,0.4212558,c234,c5
1369,2,0.18783888,0.38626817,0.42589298,c1,c5
1382,2,0.34889743,0.45568725,0.19541529,c1,c234
1385,2,0.41537836,0.42751887,0.15710272,c234,c234
1386,2,0.09236388,0.27520958,0.63242656,c5,c5
1387,2,0.3070135,0.3533272,0.33965927,c5,c234
1391,2,0.27689874,0.28040224,0.44269902,c1,c5
1392,2,0.3071267,0.46962535,0.22324792,c234,c234
1393,2,0.34502378,0.46998248,0.18499382,c234,c234
1398,2,0.46693954,0.2511581,0.28190243,c234,c1
1399,2,0.17335299,0.3686945,0.45795244,c5,c5
1406,2,0.8179111,0.12653801,0.05555094,c1,c1
1409,2,0.4444334,0.3865077,0.16905895,c5,c1
1418,2,0.040722888,0.15558837,0.8036888,c234,c5
1428,2,0.53006095,0.37167192,0.0982671,c1,c1
1434,2,0.48066038,0.3801408,0.13919881,c1,c1
1442,2,0.10018437,0.25288013,0.64693546,c5,c5
1451,2,0.31032884,0.41616186,0.2735093,c1,c234
1453,2,0.22487865,0.387608,0.38751337,c234,c234
1461,2,0.26448876,0.40608835,0.3294229,c234,c234
1464,2,0.39868993,0.36971945,0.23159058,c1,c1
1467,2,0.14342715,0.40739062,0.44918224,c5,c5
1469,2,0.44984934,0.33181962,0.21833101,c5,c1
1470,2,0.65787995,0.25848,0.08364004,c1,c1
1474,2,0.68447375,0.24141951,0.07410669,c234,c1
1478,2,0.66814446,0.2541336,0.077721916,c234,c1
1485,2,0.24759257,0.45834818,0.2940593,c234,c234
1488,2,0.10428865,0.3964745,0.4992368,c234,c5
1493,2,0.0705245,0.29224458,0.6372309,c5,c5
1494,2,0.23147146,0.25335422,0.5151744,c5,c5
1495,2,0.2501729,0.32601824,0.4238088,c1,c5
1497,2,0.043130778,0.13666834,0.8202009,c5,c5
1503,2,0.14774922,0.3791376,0.47311324,c234,c5
1522,2,0.6594403,0.2491978,0.09136193,c234,c1
1527,2,0.8190562,0.12493351,0.056010287,c1,c1
1530,2,0.46693954,0.2511581,0.28190243,c5,c1
1537,2,0.5052693,0.25027916,0.2444516,c1,c1
1545,2,0.6188292,0.27734938,0.10382149,c1,c1
1546,2,0.3122382,0.44595215,0.24180971,c5,c234
1547,2,0.32388347,0.24588676,0.43022972,c5,c5
1549,2,0.5057695,0.32662904,0.16760144,c5,c1
1562,2,0.28893167,0.42576414,0.28530422,c5,c234
1563,2,0.09039483,0.29487753,0.6147276,c1,c5
1568,2,0.051519293,0.17873672,0.769744,c234,c5
1583,2,0.14589384,0.30511925,0.54898685,c1,c5
1588,2,0.10871218,0.28641847,0.6048693,c5,c5
1590,2,0.4171008,0.4215026,0.16139665,c234,c234
1591,2,0.10941259,0.32426196,0.5663254,c5,c5
1598,2,0.2306814,0.47344306,0.29587552,c5,c234
1602,2,0.47376022,0.3970998,0.12913993,c234,c1
1605,2,0.28651822,0.33499417,0.37848765,c5,c5
1606,2,0.2095362,0.2591694,0.53129447,c1,c5
1614,2,0.200838,0.25362745,0.54553455,c234,c5
1620,2,0.101269566,0.23675576,0.66197467,c234,c5
1625,2,0.047868215,0.21711227,0.7350195,c5,c5
1631,2,0.67688715,0.26329914,0.05981372,c1,c1
1635,2,0.5548765,0.31300664,0.13211688,c234,c1
1636,2,0.43549773,0.3307132,0.23378906,c5,c1
1642,2,0.42812538,0.37791157,0.19396311,c234,c1
1643,2,0.57081056,0.3144053,0.11478416,c234,c1
1650,2,0.056072205,0.1366785,0.80724925,c5,c5
1652,2,0.20878926,0.3915007,0.39971003,c234,c5
1653,2,0.337118,0.35041893,0.31246307,c234,c234
1662,2,0.15585907,0.49170452,0.35243642,c5,c234
1670,2,0.17023687,0.34645817,0.48330495,c1,c5
1677,2,0.22330257,0.31112438,0.465573,c234,c5
1678,2,0.20412399,0.28220707,0.513669,c234,c5
1688,2,0.35693538,0.49504173,0.14802286,c1,c234
1690,2,0.19989723,0.41601178,0.38409105,c5,c234
1694,2,0.2962814,0.3031502,0.40056837,c1,c5
1697,2,0.25367272,0.3319033,0.414424,c5,c5
1698,2,0.40068483,0.41965786,0.1796573,c234,c234
1707,2,0.31769776,0.3998222,0.28248003,c5,c234
1711,2,0.29413366,0.43010923,0.27575704,c5,c234
1712,2,0.13178492,0.33619612,0.5320189,c234,c5
1719,2,0.07293359,0.25375658,0.6733098,c5,c5
1720,2,0.23900265,0.25915006,0.5018473,c1,c5
1729,2,0.4760696,0.37139753,0.15253292,c5,c1
1742,2,0.077683024,0.28757238,0.6347446,c5,c5
1745,2,0.69041806,0.22720374,0.08237819,c234,c1
1757,2,0.67676157,0.25655633,0.06668208,c1,c1
1761,2,0.3099497,0.4224245,0.26762584,c234,c234
1764,2,0.57360697,0.29871616,0.12767692,c5,c1
1773,2,0.15940087,0.25367895,0.58692026,c5,c5
1779,2,0.09511133,0.2079151,0.6969735,c5,c5
1787,2,0.15584701,0.39429426,0.44985867,c1,c5
1796,2,0.33216769,0.45233214,0.21550016,c5,c234
1798,2,0.49967173,0.3493811,0.15094715,c1,c1
1806,2,0.24510925,0.48148495,0.27340573,c5,c234
1808,2,0.104715966,0.25974458,0.6355395,c5,c5
1810,2,0.3766277,0.47101504,0.15235722,c5,c234
1812,2,0.4365929,0.38033855,0.18306853,c1,c1
1820,2,0.46745235,0.34895363,0.18359405,c5,c1
1823,2,0.104432754,0.31987426,0.575693,c5,c5
1824,2,0.36391485,0.4511887,0.18489644,c1,c234
1826,2,0.11098529,0.28196153,0.60705316,c234,c5
1841,2,0.08208866,0.2523883,0.66552305,c5,c5
1843,2,0.11791123,0.3771073,0.5049815,c234,c5
1849,2,0.13075902,0.37286168,0.49637932,c234,c5
1850,2,0.11680756,0.21428542,0.668907,c1,c5
1860,2,0.12729578,0.42665935,0.44604486,c234,c5
1868,2,0.18221647,0.4184235,0.39936,c234,c234
1871,2,0.6675829,0.21509832,0.1173187,c234,c1
1872,2,0.33556506,0.43958688,0.22484814,c234,c234
1875,2,0.1675158,0.5167414,0.31574276,c234,c234
1881,2,0.1599646,0.25247556,0.5875598,c234,c5
1893,2,0.19024554,0.23326448,0.57649004,c5,c5
1897,2,0.60570407,0.30509743,0.08919851,c1,c1
1901,2,0.36386847,0.3579431,0.27818847,c5,c1
1906,2,0.32079032,0.4646154,0.21459426,c234,c234
1910,2,0.23743191,0.26401898,0.49854916,c234,c5
1912,2,0.5200159,0.35652983,0.12345431,c234,c1
1913,2,0.12720753,0.24266793,0.63012457,c5,c5
1916,2,0.21284948,0.29238155,0.49476904,c234,c5
1919,2,0.3050205,0.44602898,0.24895048,c1,c234
1921,2,0.17148417,0.30798844,0.52052736,c1,c5
1922,2,0.1467675,0.49324593,0.35998648,c5,c234
1924,2,0.2596464,0.43107352,0.30928013,c1,c234
1930,2,0.22427538,0.49165967,0.28406492,c234,c234
1931,2,0.23323242,0.3368439,0.42992368,c1,c5
1940,2,0.3005871,0.30020204,0.39921093,c1,c5
1950,2,0.29547006,0.28611737,0.41841257,c5,c5
1951,2,0.41551906,0.41567123,0.16880964,c234,c234
1954,2,0.13741921,0.4228678,0.43971294,c1,c5
1956,2,0.1326688,0.25057307,0.61675805,c5,c5
1958,2,0.5451637,0.32356608,0.13127023,c234,c1
1959,2,0.27271795,0.2735661,0.45371595,c234,c5
1968,2,0.091062106,0.25868452,0.65025336,c5,c5
1969,2,0.21016857,0.50675964,0.28307176,c5,c234
1973,2,0.21382825,0.3628915,0.42328027,c1,c5
1975,2,0.20177631,0.44787896,0.35034472,c234,c234
1978,2,0.1441891,0.23253272,0.62327814,c5,c5
1989,2,0.35929027,0.28058514,0.36012456,c1,c5
1990,2,0.30384892,0.43378487,0.26236618,c234,c234
1999,2,0.6714128,0.25691667,0.07167052,c234,c1
2000,2,0.6409823,0.28342906,0.07558868,c1,c1
2001,2,0.40912512,0.3706529,0.22022201,c5,c1
2002,2,0.6352276,0.28071305,0.08405929,c1,c1
2004,2,0.523457,0.35077614,0.12576683,c5,c1
2007,2,0.1543875,0.42368367,0.42192885,c1,c234
2009,2,0.4922822,0.3657438,0.14197402,c234,c1
2013,2,0.3229341,0.26410255,0.4129634,c5,c5
2017,2,0.07462224,0.18593599,0.7394418,c5,c5
2019,2,0.10987364,0.21870995,0.6714164,c1,c5
2021,2,0.46693954,0.2511581,0.28190243,c234,c1
2026,2,0.13291709,0.21284212,0.65424085,c5,c5
2034,2,0.1731312,0.47849762,0.34837118,c1,c234
2043,2,0.552329,0.33184,0.115830995,c5,c1
2046,2,0.25368556,0.4832948,0.26301956,c234,c234
2049,2,0.35517508,0.37916806,0.2656569,c234,c234
2057,2,0.6158816,0.24756615,0.13655221,c1,c1
2058,2,0.4932754,0.34445632,0.16226833,c234,c1
2060,2,0.19874197,0.21982624,0.5814318,c5,c5
2062,2,0.13507968,0.39067522,0.47424507,c5,c5
2064,2,0.0425866,0.20107213,0.75634134,c5,c5
2066,2,0.07697698,0.2866333,0.6363897,c5,c5
2080,2,0.237618,0.3757471,0.38663486,c5,c5
2082,2,0.11507919,0.26280862,0.6221122,c5,c5
2083,2,0.17322057,0.45592996,0.3708495,c5,c234
2084,2,0.5600464,0.33503187,0.10492175,c234,c1
2089,2,0.38536915,0.46972087,0.14491005,c234,c234
2091,2,0.10238315,0.26118934,0.6364275,c234,c5
2099,2,0.49498266,0.38356838,0.12144888,c1,c1
2104,2,0.27782026,0.26420146,0.4579783,c5,c5
2110,2,0.06262612,0.2015067,0.7358672,c1,c5
2119,2,0.08751997,0.4197831,0.492697,c234,c5
2120,2,0.33464205,0.4449009,0.2204571,c5,c234
2123,2,0.2932609,0.43612483,0.27061433,c234,c234
2129,2,0.46156958,0.38532645,0.15310396,c234,c1
2135,2,0.12273861,0.39063427,0.4866272,c5,c5
2156,2,0.19386066,0.4404057,0.36573365,c234,c234
2171,2,0.14853868,0.40485582,0.44660544,c234,c5
2172,2,0.20958278,0.4446627,0.34575453,c234,c234
2180,2,0.33439404,0.34090614,0.32469982,c234,c234
2181,2,0.4444334,0.3865077,0.16905895,c1,c1
2182,2,0.31390762,0.2706383,0.4154541,c234,c5
2184,2,0.2216705,0.51565105,0.26267844,c234,c234
2193,2,0.33511883,0.41584203,0.24903914,c5,c234
2224,2,0.08390205,0.29644364,0.6196543,c5,c5
2225,2,0.4298687,0.4074886,0.16264272,c234,c1
2230,2,0.053338196,0.19656122,0.75010055,c5,c5
2234,2,0.13004322,0.18054712,0.6894096,c5,c5
2238,2,0.25687966,0.41726235,0.32585803,c5,c234
2242,2,0.11059978,0.2029033,0.68649685,c5,c5
2245,2,0.3971327,0.447272,0.15559535,c234,c234
2250,2,0.39022687,0.47007185,0.1397013,c1,c234
2252,2,0.20586757,0.39881113,0.39532134,c234,c234
2271,2,0.12418636,0.29111314,0.5847005,c5,c5
2278,2,0.50203747,0.3595353,0.13842721,c5,c1
2292,2,0.45388576,0.4329951,0.11311911,c5,c1
2294,2,0.2163993,0.20150945,0.5820913,c234,c5
2295,2,0.18829946,0.2855321,0.52616847,c234,c5
2299,2,0.5526656,0.30393523,0.14339915,c234,c1
2307,2,0.37808904,0.41578215,0.20612882,c5,c234
2309,2,0.48200616,0.3253266,0.19266729,c234,c1
2315,2,0.255771,0.4448554,0.29937357,c5,c234
2318,2,0.64704067,0.28117412,0.07178523,c1,c1
2325,2,0.37460625,0.37947336,0.24592033,c5,c234
2326,2,0.04484062,0.17723449,0.77792495,c234,c5
2329,2,0.35216984,0.25586644,0.3919637,c234,c5
2336,2,0.52292275,0.25754178,0.21953548,c234,c1
2341,2,0.47377115,0.33513483,0.191094,c1,c1
2350,2,0.067513876,0.21229206,0.720194,c5,c5
2353,2,0.3325513,0.42174634,0.24570236,c5,c234
2357,2,0.08441291,0.20742466,0.7081624,c5,c5
2360,2,0.16761802,0.21157888,0.6208031,c1,c5
2364,2,0.46415797,0.3449329,0.19090907,c1,c1
2378,2,0.19354753,0.320942,0.48551047,c1,c5
2382,2,0.1501205,0.26477545,0.5851041,c234,c5
2395,2,0.42366618,0.42077988,0.15555398,c234,c1
2399,2,0.057361007,0.27843893,0.66420007,c234,c5
2416,2,0.8194885,0.12408727,0.056424253,c1,c1
2422,2,0.29755765,0.35529402,0.3471484,c5,c234
2423,2,0.67681116,0.24333599,0.07985283,c5,c1
2424,2,0.22101185,0.46708316,0.31190503,c5,c234
2427,2,0.30656585,0.41767254,0.27576157,c1,c234
2432,2,0.21367963,0.3621968,0.4241235,c1,c5
2439,2,0.06796192,0.28217614,0.649862,c234,c5
2441,2,0.30801967,0.497014,0.19496639,c234,c234
2442,2,0.13275115,0.2581907,0.60905814,c234,c5
2445,2,0.05832514,0.32914618,0.6125286,c234,c5
2446,2,0.15998638,0.35816613,0.48184752,c1,c5
2449,2,0.3229341,0.26410255,0.4129634,c5,c5
2457,2,0.26224482,0.303058,0.43469715,c5,c5
2459,2,0.45288813,0.33915612,0.20795566,c1,c1
2461,2,0.06454189,0.29684,0.6386181,c234,c5
2467,2,0.42684266,0.2607963,0.31236103,c5,c1
2489,2,0.27535665,0.4839153,0.240728,c5,c234
2490,2,0.40209565,0.2801261,0.3177782,c1,c1
2499,2,0.53267515,0.3457098,0.12161508,c1,c1
2502,2,0.20735376,0.41247284,0.3801734,c234,c234
2503,2,0.1550624,0.43339938,0.41153818,c5,c234
2505,2,0.620999,0.25060016,0.1284009,c1,c1
2514,2,0.36531925,0.3447708,0.28991,c234,c1
2516,2,0.14589384,0.30511925,0.54898685,c1,c5
2520,2,0.36248714,0.31924036,0.31827247,c1,c1
2530,2,0.6414844,0.2779102,0.08060544,c1,c1
2531,2,0.121146314,0.35798645,0.5208672,c5,c5
2534,2,0.12292845,0.32641345,0.5506581,c5,c5
2538,2,0.2537111,0.28451604,0.46177286,c234,c5
2547,2,0.18381685,0.3391657,0.47701746,c5,c5
2558,2,0.14583242,0.303533,0.55063456,c5,c5
2566,2,0.17482731,0.31395444,0.5112183,c5,c5
2570,2,0.12453499,0.3216813,0.5537837,c5,c5
2573,2,0.18715411,0.4477553,0.36509052,c234,c234
2574,2,0.2547576,0.4115736,0.33366883,c5,c234
2578,2,0.040930513,0.21635377,0.7427157,c234,c5
2581,2,0.28734592,0.37444964,0.33820447,c234,c234
2587,2,0.2504092,0.5233649,0.22622585,c234,c234
2588,2,0.4351368,0.36158976,0.20327343,c234,c1
2597,2,0.6457917,0.27647457,0.07773374,c234,c1
2599,2,0.30609876,0.30798215,0.38591906,c234,c5
2600,2,0.61985594,0.30839053,0.07175353,c234,c1
2601,2,0.14497167,0.4201044,0.43492395,c234,c5
2604,2,0.15629393,0.38522902,0.45847705,c234,c5
2610,2,0.77752477,0.17109168,0.051383577,c1,c1
2618,2,0.52824205,0.34628955,0.12546848,c1,c1
2624,2,0.09358783,0.19397935,0.71243274,c5,c5
2626,2,0.63522935,0.2500991,0.11467156,c1,c1
2629,2,0.2722381,0.27445704,0.45330483,c234,c5
2631,2,0.3229341,0.26410255,0.4129634,c234,c5
2635,2,0.5578254,0.3082485,0.13392611,c1,c1
2642,2,0.15549062,0.3757446,0.46876475,c1,c5
2644,2,0.09696967,0.25031796,0.65271235,c1,c5
2658,2,0.3798231,0.40166315,0.21851379,c234,c234
2667,2,0.2285248,0.3759926,0.39548254,c5,c5
2670,2,0.049811326,0.20305051,0.7471382,c1,c5
2671,2,0.09472348,0.2636234,0.6416531,c234,c5
2679,2,0.15376198,0.5161221,0.33011594,c234,c234
2681,2,0.21115787,0.40503493,0.38380718,c5,c234
2683,2,0.35929027,0.28058514,0.36012456,c234,c5
2686,2,0.15028134,0.33808598,0.5116326,c1,c5
2689,2,0.23333925,0.46940598,0.2972547,c1,c234
2696,2,0.64346987,0.26459578,0.09193432,c5,c1
2704,2,0.15826045,0.40177113,0.43996838,c1,c5
2707,2,0.06340975,0.21655144,0.72003883,c234,c5
2713,2,0.096307896,0.31632155,0.5873705,c234,c5
2716,2,0.4444334,0.3865077,0.16905895,c1,c1
2721,2,0.13339655,0.2267767,0.6398267,c5,c5
2722,2,0.13164885,0.4255907,0.4427604,c234,c5
2728,2,0.59644526,0.26421905,0.13933568,c1,c1
2734,2,0.46170792,0.36706522,0.17122683,c5,c1
2738,2,0.14782593,0.31748793,0.53468615,c5,c5
2743,2,0.22330257,0.31112438,0.465573,c5,c5
2751,2,0.22054876,0.35676447,0.4226868,c234,c5
2753,2,0.38648129,0.34214228,0.2713764,c1,c1
2754,2,0.12334403,0.43030286,0.44635308,c5,c5
2756,2,0.1150244,0.37248364,0.5124919,c1,c5
2767,2,0.16124125,0.38444397,0.45431477,c5,c5
2770,2,0.14381532,0.30434558,0.5518391,c5,c5
2771,2,0.10662824,0.3330406,0.5603312,c5,c5
2772,2,0.59944654,0.27876854,0.121784955,c234,c1
2774,2,0.29733184,0.3602742,0.34239396,c234,c234
2775,2,0.6409823,0.28342906,0.07558868,c5,c1
2776,2,0.59235996,0.29453093,0.11310909,c1,c1
2778,2,0.33451036,0.35028577,0.31520385,c234,c234
2784,2,0.10120622,0.37851363,0.52028006,c234,c5
2786,2,0.067323856,0.2067528,0.72592324,c5,c5
2795,2,0.6943357,0.1844754,0.12118886,c234,c1
2797,2,0.18142635,0.4634015,0.35517216,c234,c234
2798,2,0.13645563,0.30672023,0.55682415,c234,c5
2799,2,0.4949255,0.38587207,0.11920244,c234,c1
2807,2,0.66140753,0.2690166,0.06957582,c234,c1
2810,2,0.29146126,0.2993398,0.40919894,c5,c5
2811,2,0.06932059,0.1766278,0.75405157,c5,c5
2813,2,0.2889876,0.51285446,0.19815795,c234,c234
2820,2,0.22330257,0.31112438,0.465573,c1,c5
2831,2,0.46694514,0.3578445,0.17521034,c234,c1
2849,2,0.14122641,0.34319675,0.51557684,c5,c5
2850,2,0.118439555,0.37183335,0.50972706,c5,c5
2853,2,0.34108296,0.3020537,0.35686332,c234,c5
2858,2,0.07611013,0.22740322,0.6964866,c234,c5
2868,2,0.5771722,0.3425899,0.08023792,c234,c1
2872,2,0.19871545,0.36746204,0.43382254,c1,c5
2881,2,0.25149766,0.27915883,0.46934354,c234,c5
2882,2,0.08637832,0.2119516,0.7016701,c234,c5
2891,2,0.043979876,0.19896553,0.75705457,c5,c5
2896,2,0.15729412,0.41471845,0.4279875,c5,c5
2897,2,0.35929027,0.28058514,0.36012456,c5,c5
2901,2,0.348418,0.33286884,0.3187132,c5,c1
2905,2,0.2966224,0.35553098,0.3478467,c5,c234
2906,2,0.082442544,0.20501472,0.7125427,c1,c5
2934,2,0.42702964,0.2748374,0.29813293,c1,c1
2935,2,0.64336747,0.27681026,0.07982223,c1,c1
2942,2,0.2556082,0.41697475,0.3274171,c234,c234
2948,2,0.28063235,0.4168287,0.302539,c1,c234
2951,2,0.37835866,0.2852865,0.33635488,c234,c1
2953,2,0.32600948,0.4825907,0.19139977,c5,c234
2955,2,0.17316842,0.42380953,0.403022,c5,c234
2956,2,0.51209176,0.31273943,0.17516878,c5,c1
2958,2,0.22511889,0.40629634,0.36858478,c1,c234
2969,2,0.22349682,0.386498,0.39000514,c5,c5
2976,2,0.5356004,0.34433532,0.12006425,c1,c1
2982,2,0.44950208,0.25800133,0.29249656,c1,c1
2985,2,0.46694514,0.3578445,0.17521034,c234,c1
2987,2,0.13699369,0.23386945,0.62913686,c5,c5
2996,2,0.16028467,0.43230826,0.40740702,c234,c234
3014,2,0.3006325,0.4311622,0.26820534,c234,c234
3016,2,0.0965652,0.28562823,0.61780655,c5,c5
3020,2,0.05451417,0.18481344,0.76067245,c5,c5
3021,2,0.31131437,0.2840221,0.40466353,c1,c5
3027,2,0.24686816,0.50784075,0.24529111,c234,c234
3032,2,0.38227615,0.3373781,0.28034574,c234,c1
3033,2,0.26713866,0.41664132,0.31622005,c1,c234
3034,2,0.36204293,0.40189624,0.2360608,c234,c234
3035,2,0.4363097,0.28537148,0.27831882,c1,c1
3036,2,0.74281764,0.20337275,0.053809535,c1,c1
3037,2,0.45465812,0.35856825,0.18677363,c234,c1
3045,2,0.5958882,0.31963807,0.08447367,c1,c1
3047,2,0.6902882,0.21773978,0.091972,c1,c1
3052,2,0.6409823,0.28342906,0.07558868,c1,c1
3057,2,0.48679233,0.36686748,0.1463401,c234,c1
3062,2,0.26792958,0.4265331,0.30553728,c1,c234
3065,2,0.33266562,0.4566329,0.21070148,c1,c234
3070,2,0.20188366,0.35087353,0.44724283,c234,c5
3076,2,0.40759894,0.2640667,0.32833433,c1,c1
3088,2,0.14639898,0.4147166,0.43888438,c5,c5
3091,2,0.6301511,0.21413656,0.15571237,c1,c1
3092,2,0.24414316,0.48464838,0.27120844,c5,c234
3096,2,0.3446894,0.37670028,0.27861032,c1,c234
3108,2,0.15890275,0.29560378,0.5454935,c5,c5
3112,2,0.45842373,0.41283897,0.12873736,c1,c1
3113,2,0.39051652,0.2688897,0.34059379,c5,c1
3124,2,0.07283473,0.2131475,0.71401775,c234,c5
3128,2,0.43468007,0.3985928,0.16672711,c5,c1
3133,2,0.5363052,0.3662645,0.097430274,c234,c1
3138,2,0.06495104,0.2018171,0.73323184,c5,c5
3151,2,0.12138089,0.33727747,0.54134166,c234,c5
3162,2,0.16658331,0.37503487,0.45838186,c5,c5
3171,2,0.25683424,0.27241588,0.47074986,c5,c5
3174,2,0.09358783,0.19397935,0.71243274,c1,c5
3176,2,0.14814167,0.47171363,0.38014463,c5,c234
3177,2,0.17118274,0.39530027,0.43351692,c5,c5
3181,2,0.467206,0.3419404,0.19085358,c1,c1
3187,2,0.1282637,0.18909922,0.68263704,c5,c5
3190,2,0.13868879,0.32392085,0.53739035,c5,c5
3191,2,0.24452552,0.4773572,0.27811727,c5,c234
3195,2,0.22330257,0.31112438,0.465573,c5,c5
3198,2,0.4949574,0.3767736,0.12826903,c1,c1
3201,2,0.17977214,0.3045919,0.515636,c5,c5
3205,2,0.3000975,0.45003247,0.24987002,c5,c234
3208,2,0.61019146,0.25745827,0.13235034,c234,c1
3210,2,0.051268976,0.26074705,0.687984,c5,c5
3220,2,0.1690719,0.4183548,0.4125733,c5,c234
3225,2,0.34049332,0.48396814,0.1755386,c1,c234
3230,2,0.16088977,0.51556855,0.32354167,c234,c234
3233,2,0.17708947,0.315465,0.5074456,c234,c5
3234,2,0.46979865,0.36969566,0.16050573,c234,c1
3241,2,0.037765678,0.1388427,0.82339156,c5,c5
3242,2,0.67655915,0.2441229,0.07931801,c5,c1
3244,2,0.2055302,0.3530496,0.4414202,c234,c5
3246,2,0.46893284,0.3929576,0.1381096,c1,c1
3247,2,0.10256566,0.23544511,0.6619892,c234,c5
3251,2,0.29679775,0.4635988,0.23960346,c1,c234
3253,2,0.2556594,0.44303587,0.30130476,c5,c234
3259,2,0.5870061,0.33265406,0.080339834,c1,c1
3265,2,0.42199674,0.45678884,0.12121442,c1,c234
3270,2,0.16466257,0.23727608,0.5980613,c5,c5
3272,2,0.13920473,0.37325948,0.48753577,c5,c5
3273,2,0.14303143,0.3688279,0.48814064,c234,c5
3274,2,0.46694514,0.3578445,0.17521034,c1,c1
3296,2,0.22548431,0.3948205,0.37969518,c5,c234
3299,2,0.41671202,0.41256166,0.17072625,c234,c1
3312,2,0.11055731,0.25198546,0.6374572,c234,c5
3319,2,0.5102517,0.33832788,0.15142044,c5,c1
3329,2,0.6521274,0.27587542,0.07199716,c1,c1
3330,2,0.11189828,0.26154053,0.62656116,c1,c5
3331,2,0.17015043,0.407075,0.42277458,c234,c5
3336,2,0.22026728,0.350571,0.42916173,c234,c5
3340,2,0.23913068,0.24959931,0.51127,c234,c5
3342,2,0.11651522,0.27833083,0.6051539,c1,c5
3359,2,0.408867,0.25248057,0.33865246,c234,c1
3360,2,0.45475337,0.43775934,0.10748727,c5,c1
3361,2,0.28217056,0.25094473,0.4668847,c234,c5
3362,2,0.36982343,0.42962497,0.20055166,c1,c234
3363,2,0.05018507,0.15242603,0.7973889,c1,c5
3366,2,0.58795625,0.3343537,0.07769002,c1,c1
3367,2,0.37101355,0.27647215,0.35251427,c234,c1
3369,2,0.3083299,0.3831143,0.3085558,c234,c234
3375,2,0.62564284,0.3205629,0.05379424,c5,c1
3376,2,0.17036271,0.42433676,0.4053006,c5,c234
3384,2,0.70527565,0.22189775,0.07282658,c234,c1
3387,2,0.3353198,0.37006804,0.2946121,c234,c234
3388,2,0.4716206,0.31590718,0.21247227,c234,c1
3397,2,0.41278988,0.39038056,0.19682954,c234,c1
3402,2,0.25490224,0.38768443,0.35741332,c5,c234
3403,2,0.45860142,0.3261413,0.21525726,c234,c1
3405,2,0.40879303,0.44104052,0.15016642,c1,c234
3414,2,0.34439287,0.44562304,0.20998415,c1,c234
3423,2,0.26923916,0.474321,0.25643983,c5,c234
3426,2,0.245163,0.38962322,0.36521378,c1,c234
3428,2,0.1142153,0.27583396,0.6099507,c234,c5
3435,2,0.08550427,0.22600366,0.6884921,c1,c5
3439,2,0.25005403,0.42209762,0.32784835,c234,c234
3443,2,0.06037959,0.25732973,0.68229073,c5,c5
3455,2,0.26609007,0.24008444,0.49382547,c234,c5
3456,2,0.19097057,0.42513737,0.3838921,c234,c234
3458,2,0.7405316,0.16923599,0.09023233,c234,c1
3470,2,0.1731864,0.35500857,0.471805,c234,c5
3472,2,0.4405664,0.3988941,0.16053945,c5,c1
3475,2,0.5158506,0.37223423,0.11191516,c1,c1
3476,2,0.3226252,0.38010186,0.29727295,c5,c234
3479,2,0.042917117,0.20522155,0.7518614,c234,c5
3484,2,0.74829936,0.20012765,0.051573012,c234,c1
3486,2,0.349839,0.35887915,0.29128185,c234,c234
3487,2,0.14159854,0.3371573,0.5212441,c1,c5
3493,2,0.2488038,0.45717356,0.29402268,c234,c234
3494,2,0.20797597,0.28883415,0.5031898,c5,c5
3498,2,0.15407877,0.24156547,0.6043558,c234,c5
3499,2,0.23959535,0.4407371,0.31966755,c1,c234
3508,2,0.088836744,0.28173736,0.62942594,c5,c5
3534,2,0.46660936,0.37233147,0.16105914,c1,c1
3540,2,0.27397245,0.49260002,0.23342746,c234,c234
3543,2,0.101141095,0.3286467,0.57021224,c1,c5
3548,2,0.44996762,0.35588855,0.19414388,c234,c1
3549,2,0.10692073,0.20600706,0.68707216,c5,c5
3551,2,0.2656005,0.35375848,0.38064098,c5,c5
3552,2,0.12857948,0.41556662,0.45585385,c234,c5
3556,2,0.08956969,0.18920286,0.72122747,c234,c5
3559,2,0.08067512,0.27728596,0.6420389,c5,c5
3561,2,0.12364756,0.21570751,0.66064495,c5,c5
3566,2,0.36595336,0.2673779,0.3666688,c5,c5
3567,2,0.50114715,0.37447235,0.12438046,c234,c1
3568,2,0.25774,0.35207385,0.39018622,c234,c5
3578,2,0.22052595,0.28323868,0.49623543,c234,c5
3589,2,0.17601931,0.39685935,0.4271214,c5,c5
3594,2,0.44456357,0.42628193,0.12915447,c234,c1
3603,2,0.11684872,0.22502571,0.65812564,c5,c5
3610,2,0.35684198,0.3974548,0.24570318,c5,c234
3616,2,0.38687605,0.372555,0.24056894,c1,c1
3620,2,0.6454042,0.27181748,0.0827783,c234,c1
3625,2,0.15214916,0.2918556,0.5559953,c5,c5
3629,2,0.6833383,0.25037548,0.066286236,c1,c1
3630,2,0.57360697,0.29871616,0.12767692,c1,c1
3632,2,0.32377177,0.40983582,0.2663924,c1,c234
3634,2,0.55249023,0.36144838,0.08606138,c234,c1
3636,2,0.3436128,0.41047326,0.24591397,c234,c234
3638,2,0.5092353,0.30392987,0.1868348,c234,c1
3642,2,0.25937954,0.232904,0.5077165,c5,c5
3647,2,0.31392148,0.46064454,0.22543392,c234,c234
3649,2,0.4295618,0.3660359,0.20440225,c234,c1
3651,2,0.46300852,0.3112289,0.22576256,c1,c1
3652,2,0.05571382,0.2747692,0.6695169,c234,c5
3661,2,0.4416778,0.3881649,0.1701573,c1,c1
3666,2,0.46694514,0.3578445,0.17521034,c234,c1
3677,2,0.5076929,0.36922097,0.123086154,c1,c1
3679,2,0.35929027,0.28058514,0.36012456,c1,c5
3690,2,0.5800093,0.3191017,0.100888975,c1,c1
3692,2,0.47329208,0.29626903,0.23043899,c234,c1
3699,2,0.44331643,0.36564276,0.19104078,c234,c1
3700,2,0.20549905,0.37201992,0.42248106,c5,c5
3702,2,0.17160745,0.38142547,0.44696707,c1,c5
3703,2,0.46693954,0.2511581,0.28190243,c234,c1
3723,2,0.32308075,0.34961087,0.3273084,c234,c234
3724,2,0.20062864,0.25877842,0.5405929,c1,c5
3731,2,0.22040018,0.44598213,0.33361766,c5,c234
3732,2,0.295709,0.45602262,0.24826835,c1,c234
3746,2,0.6304424,0.25914392,0.11041371,c1,c1
3753,2,0.08896477,0.2510967,0.6599385,c5,c5
3754,2,0.35929027,0.28058514,0.36012456,c234,c5
3757,2,0.16483086,0.4760233,0.35914582,c234,c234
3759,2,0.6579475,0.24638279,0.09566977,c5,c1
3777,2,0.34522396,0.28863034,0.36614567,c234,c5
3782,2,0.20682652,0.5275057,0.26566777,c5,c234
3794,2,0.10336651,0.39229783,0.50433564,c5,c5
3797,2,0.40139803,0.43306217,0.16553976,c234,c234
3799,2,0.21051574,0.30371097,0.4857733,c234,c5
3800,2,0.13628688,0.26531628,0.5983969,c234,c5
3805,2,0.12199472,0.35655466,0.5214506,c234,c5
3807,2,0.68377465,0.23633504,0.0798904,c234,c1
3809,2,0.19064902,0.4545603,0.35479063,c5,c234
3812,2,0.56805784,0.322034,0.10990815,c234,c1
3813,2,0.6155262,0.28896713,0.09550668,c5,c1
3815,2,0.19782688,0.4645885,0.33758458,c5,c234
3832,2,0.2518148,0.35388243,0.3943028,c234,c5
3842,2,0.45547545,0.39625567,0.14826886,c1,c1
3843,2,0.35929027,0.28058514,0.36012456,c5,c5
3874,2,0.21265115,0.32604036,0.46130848,c1,c5
3880,2,0.6137804,0.25881454,0.12740506,c1,c1
3882,2,0.48515937,0.2633583,0.25148237,c234,c1
3884,2,0.34627193,0.44326717,0.21046086,c1,c234
3885,2,0.47004277,0.33379883,0.19615836,c234,c1
3888,2,0.2407402,0.4614405,0.29781932,c5,c234
3894,2,0.23109522,0.48512518,0.2837796,c1,c234
3897,2,0.18363553,0.27938977,0.5369747,c5,c5
3911,2,0.059907265,0.23754601,0.7025467,c5,c5
3913,2,0.1259854,0.35916194,0.5148527,c1,c5
3929,2,0.24395402,0.4194616,0.33658433,c234,c234
3936,2,0.4062494,0.30238762,0.29136297,c1,c1
3938,2,0.34371,0.29875717,0.3575328,c5,c5
3943,2,0.08527055,0.2138931,0.7008364,c5,c5
3944,2,0.19802994,0.33257014,0.4694,c5,c5
3945,2,0.100714564,0.20427218,0.69501334,c5,c5
3947,2,0.19787842,0.26291746,0.5392041,c5,c5
3950,2,0.41670328,0.32707414,0.25622252,c234,c1
3959,2,0.363134,0.44237572,0.1944903,c5,c234
3963,2,0.5572134,0.36663586,0.07615068,c1,c1
3964,2,0.29348844,0.508218,0.19829354,c234,c234
3969,2,0.27315786,0.33908013,0.38776198,c1,c5
3978,2,0.17482427,0.500588,0.32458773,c234,c234
3983,2,0.7320822,0.20306867,0.064849205,c234,c1
3985,2,0.29974896,0.5062928,0.1939582,c234,c234
3991,2,0.46693954,0.2511581,0.28190243,c1,c1
3992,2,0.065174945,0.21329646,0.72152865,c5,c5
3997,2,0.12157197,0.3818538,0.49657425,c234,c5
3999,2,0.264238,0.28170082,0.45406118,c1,c5
4000,2,0.5656351,0.2831634,0.15120149,c234,c1
4012,2,0.57377857,0.29825664,0.12796481,c1,c1
4013,2,0.5010806,0.34070763,0.15821183,c1,c1
4018,2,0.29740638,0.4769249,0.2256687,c5,c234
4023,2,0.37742037,0.46781892,0.15476072,c5,c234
4024,2,0.46693954,0.2511581,0.28190243,c1,c1
4025,2,0.109282956,0.47424012,0.41647694,c5,c234
4044,2,0.045161966,0.17591557,0.7789225,c5,c5
4059,2,0.31717876,0.39306444,0.2897568,c5,c234
4060,2,0.52846307,0.29045892,0.181078,c1,c1
4063,2,0.6458826,0.24324161,0.1108758,c1,c1
4068,2,0.45469555,0.3343927,0.21091172,c1,c1
4080,2,0.20070824,0.3149884,0.4843034,c234,c5
4082,2,0.571415,0.30566978,0.1229152,c1,c1
4087,2,0.51947016,0.34841537,0.13211447,c1,c1
4090,2,0.18926749,0.47038978,0.3403428,c5,c234
4091,2,0.10174429,0.26734158,0.6309141,c5,c5
4093,2,0.120041095,0.17140605,0.7085529,c5,c5
4094,2,0.24301916,0.46997815,0.2870027,c1,c234
4098,2,0.3229341,0.26410255,0.4129634,c5,c5
4108,2,0.5468987,0.32999438,0.12310685,c234,c1
4112,2,0.5253625,0.34614307,0.12849441,c5,c1
4119,2,0.40965152,0.36860147,0.22174706,c5,c1
4123,2,0.5052693,0.25027916,0.2444516,c1,c1
4128,2,0.29529214,0.31617442,0.3885334,c1,c5
4130,2,0.14111479,0.2728372,0.586048,c234,c5
4137,2,0.46706018,0.33117506,0.20176479,c1,c1
4138,2,0.25882444,0.36066046,0.38051513,c1,c5
4141,2,0.098168865,0.22537693,0.67645425,c234,c5
4145,2,0.17483704,0.4080993,0.41706374,c1,c5
4153,2,0.13169943,0.353739,0.5145616,c5,c5
4156,2,0.52221096,0.3425893,0.13519974,c1,c1
4157,2,0.16782334,0.46201953,0.3701571,c5,c234
4158,2,0.5052693,0.25027916,0.2444516,c1,c1
4159,2,0.47757223,0.40392733,0.118500434,c1,c1
4169,2,0.4556083,0.27576753,0.26862413,c5,c1
4170,2,0.04873526,0.2007361,0.75052863,c5,c5
4176,2,0.6679902,0.23745352,0.0945563,c234,c1
4177,2,0.3498682,0.38978246,0.26034936,c5,c234
4192,2,0.3898989,0.4036899,0.20641127,c5,c234
4203,2,0.67779773,0.24845915,0.07374309,c234,c1
4204,2,0.46694514,0.3578445,0.17521034,c234,c1
4206,2,0.14091022,0.4685014,0.39058837,c234,c234
4213,2,0.31527612,0.5176495,0.16707437,c5,c234
4218,2,0.6953982,0.25422725,0.050374478,c234,c1
4223,2,0.0725217,0.17215374,0.7553246,c5,c5
4225,2,0.48948467,0.37000144,0.14051388,c234,c1
4234,2,0.24181218,0.44043842,0.31774944,c5,c234
4235,2,0.38569173,0.36659062,0.2477176,c234,c1
4238,2,0.33945265,0.28393507,0.3766123,c234,c5
4239,2,0.2636611,0.46500468,0.27133417,c234,c234
4250,2,0.25685427,0.32972693,0.4134188,c234,c5
4255,2,0.25281903,0.3270324,0.4201486,c1,c5
4256,2,0.07465027,0.22259946,0.7027503,c234,c5
4260,2,0.1144239,0.38586447,0.49971157,c5,c5
4265,2,0.18916588,0.34412774,0.4667064,c5,c5
4267,2,0.3704933,0.44630054,0.18320611,c234,c234
4268,2,0.1363375,0.37460634,0.48905608,c234,c5
4272,2,0.3726479,0.42474687,0.20260516,c1,c234
4273,2,0.35929027,0.28058514,0.36012456,c1,c5
4274,2,0.1309435,0.4162392,0.45281726,c234,c5
4275,2,0.26054716,0.3541775,0.38527527,c5,c5
4278,2,0.26577792,0.41746435,0.3167577,c5,c234
4281,2,0.2541985,0.419256,0.32654557,c1,c234
4282,2,0.5600464,0.33503187,0.10492175,c234,c1
4283,2,0.40759894,0.2640667,0.32833433,c234,c1
4285,2,0.45741302,0.31606817,0.2265188,c1,c1
4286,2,0.30350912,0.46890923,0.22758158,c234,c234
4290,2,0.718496,0.22965916,0.05184477,c1,c1
4308,2,0.25065586,0.43320018,0.3161439,c234,c234
4316,2,0.67418224,0.24868475,0.07713304,c1,c1
4317,2,0.47035515,0.3887974,0.14084746,c1,c1
4320,2,0.15445006,0.31222627,0.5333237,c1,c5
4325,2,0.15648058,0.2572774,0.586242,c5,c5
4333,2,0.24289255,0.412519,0.3445884,c234,c234
4336,2,0.09835753,0.36339626,0.5382462,c234,c5
4338,2,0.43346828,0.37262535,0.19390634,c5,c1
4345,2,0.22330257,0.31112438,0.465573,c5,c5
4349,2,0.19144921,0.38400957,0.4245413,c1,c5
4350,2,0.17235655,0.49063858,0.3370049,c234,c234
4351,2,0.23156153,0.28464308,0.48379534,c234,c5
4356,2,0.20900829,0.38772407,0.40326768,c1,c5
4360,2,0.14495914,0.23376563,0.62127525,c5,c5
4365,2,0.700299,0.24658884,0.053112157,c234,c1
4370,2,0.14204307,0.24694607,0.61101085,c5,c5
4371,2,0.22615615,0.54053724,0.23330662,c1,c234
4374,2,0.31604016,0.28430125,0.39965853,c5,c5
4381,2,0.3174994,0.25089455,0.43160605,c234,c5
4382,2,0.19621545,0.35530028,0.44848418,c234,c5
4391,2,0.42469323,0.35259923,0.22270751,c234,c1
4392,2,0.58852166,0.3330654,0.07841293,c234,c1
4403,2,0.07663033,0.20549312,0.71787655,c1,c5
4412,2,0.46694514,0.3578445,0.17521034,c234,c1
4421,2,0.18557462,0.4956544,0.31877095,c5,c234
4425,2,0.6409823,0.28342906,0.07558868,c1,c1
4427,2,0.08586382,0.20945665,0.70467955,c5,c5
4431,2,0.16018693,0.22963932,0.61017376,c5,c5
4442,2,0.67694664,0.22981396,0.09323941,c234,c1
4446,2,0.04973207,0.23847798,0.7117899,c234,c5
4447,2,0.045350406,0.17780565,0.77684397,c234,c5
4456,2,0.40960008,0.30874863,0.28165123,c1,c1
4458,2,0.5706688,0.32820797,0.101123266,c1,c1
4465,2,0.26662886,0.3622208,0.37115029,c5,c5
4467,2,0.07396415,0.16354668,0.76248914,c1,c5
4469,2,0.14700606,0.32515338,0.5278405,c5,c5
4474,2,0.17682949,0.40565705,0.41751343,c1,c5
4480,2,0.41134405,0.4134584,0.17519759,c234,c234
4489,2,0.6174012,0.26366752,0.11893133,c234,c1
4491,2,0.22091658,0.3838122,0.39527127,c234,c5
4492,2,0.19819418,0.23333037,0.5684755,c5,c5
4493,2,0.37148768,0.41295993,0.21555242,c5,c234
4494,2,0.47565857,0.37275666,0.15158485,c234,c1
4496,2,0.5545309,0.28821412,0.157255,c5,c1
4500,2,0.46693954,0.2511581,0.28190243,c5,c1
4501,2,0.31367776,0.5253836,0.16093864,c234,c234
4506,2,0.14588979,0.44783884,0.40627137,c5,c234
4509,2,0.19954583,0.2781751,0.5222791,c5,c5
4514,2,0.21732028,0.44319895,0.33948076,c234,c234
4524,2,0.18571126,0.54490376,0.26938495,c234,c234
4527,2,0.1455439,0.37466583,0.4797902,c5,c5
4529,2,0.09877118,0.3199289,0.5812999,c234,c5
4530,2,0.15547028,0.3616558,0.48287383,c234,c5
4534,2,0.52812606,0.3361074,0.13576652,c1,c1
4536,2,0.45320383,0.35583234,0.19096385,c234,c1
4539,2,0.3295397,0.4614503,0.20901002,c5,c234
4544,2,0.68027264,0.21732207,0.102405354,c1,c1
4547,2,0.46693954,0.2511581,0.28190243,c5,c1
4549,2,0.114377305,0.28691342,0.5987093,c5,c5
4550,2,0.08987716,0.34842545,0.5616974,c234,c5
4554,2,0.06037874,0.22529474,0.71432656,c234,c5
4556,2,0.07312367,0.24185035,0.685026,c234,c5
4558,2,0.080836184,0.30440298,0.6147608,c5,c5
4560,2,0.2962814,0.3031502,0.40056837,c5,c5
4569,2,0.23248203,0.54152757,0.22599041,c1,c234
4571,2,0.26540917,0.41490516,0.3196857,c234,c234
4573,2,0.08755922,0.2754912,0.63694954,c234,c5
4590,2,0.25730857,0.46589723,0.27679417,c1,c234
4594,2,0.09853393,0.17445906,0.727007,c5,c5
4595,2,0.1364021,0.30889145,0.5547065,c234,c5
4596,2,0.22330257,0.31112438,0.465573,c1,c5
4601,2,0.2381573,0.25544316,0.5063995,c1,c5
4621,2,0.20795116,0.39757136,0.39447743,c1,c234
4623,2,0.51247305,0.35741463,0.13011236,c1,c1
4629,2,0.047017217,0.18596806,0.76701474,c5,c5
4630,2,0.06822199,0.26850888,0.66326916,c5,c5
4650,2,0.6788222,0.22276144,0.09841635,c1,c1
4655,2,0.13809924,0.4180657,0.44383508,c5,c5
4664,2,0.11189804,0.28436717,0.6037348,c234,c5
4671,2,0.042851552,0.24846704,0.70868134,c5,c5
4672,2,0.35929027,0.28058514,0.36012456,c5,c5
4673,2,0.59979033,0.29948404,0.10072565,c1,c1
4682,2,0.27718052,0.39650998,0.32630953,c5,c234
4692,2,0.5621386,0.33873487,0.09912651,c1,c1
4695,2,0.46919882,0.32055223,0.21024893,c234,c1
4699,2,0.3015708,0.45246068,0.24596858,c1,c234
4701,2,0.14987326,0.29626295,0.5538638,c5,c5
4708,2,0.08444502,0.21912731,0.6964277,c5,c5
4718,2,0.07181444,0.2320322,0.6961534,c1,c5
4730,2,0.44571245,0.35265216,0.2016354,c1,c1
4731,2,0.47548452,0.38206255,0.142453,c234,c1
4734,2,0.31211784,0.36959863,0.31828353,c5,c234
4740,2,0.3102103,0.34553692,0.3442528,c1,c234
4744,2,0.056038853,0.1188662,0.82509494,c5,c5
4759,2,0.08314296,0.17797978,0.73887724,c5,c5
4764,2,0.16731022,0.43919238,0.39349735,c234,c234
4767,2,0.24768008,0.3168843,0.43543556,c1,c5
4774,2,0.094194345,0.34572825,0.5600774,c5,c5
4779,2,0.52535635,0.35569093,0.11895263,c1,c1
4785,2,0.14285691,0.43767315,0.41946992,c5,c234
4786,2,0.19089314,0.4100841,0.39902276,c5,c234
4787,2,0.27618253,0.37717432,0.34664312,c234,c234
4788,2,0.4543383,0.3426178,0.2030439,c234,c1
4792,2,0.2579559,0.35494822,0.3870959,c234,c5
4794,2,0.11521225,0.27934766,0.60544014,c5,c5
4797,2,0.20138498,0.25532138,0.54329365,c1,c5
4806,2,0.46693954,0.2511581,0.28190243,c1,c1
4807,2,0.06727775,0.24657294,0.68614936,c5,c5
4808,2,0.24927004,0.3794887,0.37124127,c1,c234
4811,2,0.09663951,0.2961484,0.6072121,c1,c5
4819,2,0.6429233,0.27858457,0.078492105,c5,c1
4822,2,0.21307397,0.32700783,0.45991814,c234,c5
4826,2,0.22330257,0.31112438,0.465573,c1,c5
4827,2,0.15577605,0.42510048,0.41912344,c1,c234
4843,2,0.14974685,0.5093153,0.34093782,c1,c234
4847,2,0.08660486,0.2731545,0.6402407,c5,c5
4849,2,0.46694514,0.3578445,0.17521034,c234,c1
4852,2,0.0643559,0.18680054,0.7488436,c5,c5
4854,2,0.6169103,0.29166245,0.09142728,c234,c1
4863,2,0.49652627,0.38312414,0.12034951,c234,c1
4876,2,0.0852089,0.24751005,0.6672811,c5,c5
4882,2,0.14403288,0.31398287,0.5419842,c1,c5
4888,2,0.46693954,0.2511581,0.28190243,c234,c1
4891,2,0.24746142,0.3131644,0.43937418,c234,c5
4895,2,0.25843707,0.34365058,0.39791238,c1,c5
4900,2,0.35929027,0.28058514,0.36012456,c1,c5
4904,2,0.15007634,0.4304603,0.41946337,c1,c234
4906,2,0.46693954,0.2511581,0.28190243,c234,c1
4907,2,0.4414332,0.3978292,0.16073754,c1,c1
4912,2,0.22097518,0.3391339,0.43989095,c234,c5
4916,2,0.15105154,0.32326916,0.5256793,c234,c5
4919,2,0.16123672,0.39595914,0.44280407,c234,c5
4929,2,0.5892152,0.31327385,0.09751083,c234,c1
4930,2,0.71605283,0.19291128,0.091035895,c1,c1
4931,2,0.5089998,0.37811804,0.11288212,c5,c1
4932,2,0.33820617,0.26126572,0.40052816,c5,c5
4939,2,0.22091658,0.3838122,0.39527127,c5,c5
4957,2,0.07540867,0.21400791,0.7105834,c234,c5
4959,2,0.5590565,0.3759748,0.06496877,c1,c1
4960,2,0.32515034,0.28211647,0.3927332,c234,c5
4961,2,0.66302043,0.27584875,0.061130855,c1,c1
4966,2,0.3229341,0.26410255,0.4129634,c5,c5
4968,2,0.4689752,0.38349128,0.14753357,c1,c1
4981,2,0.09705795,0.18892005,0.714022,c234,c5
4988,2,0.15619864,0.31975633,0.5240451,c1,c5
5004,2,0.6188292,0.27734938,0.10382149,c1,c1
5005,2,0.7262024,0.19800025,0.075797334,c1,c1
5007,2,0.06405811,0.28071213,0.65522975,c5,c5
5016,2,0.5130655,0.38511357,0.10182097,c234,c1
5020,2,0.26079082,0.413449,0.32576016,c5,c234
5024,2,0.15438043,0.27454183,0.57107776,c5,c5
5029,2,0.4044844,0.33272994,0.26278567,c1,c1
5034,2,0.70361996,0.23817042,0.05820963,c234,c1
5036,2,0.31773406,0.4340657,0.24820027,c1,c234
5037,2,0.1304464,0.29117984,0.57837373,c1,c5
5045,2,0.5345057,0.30979222,0.15570201,c234,c1
5051,2,0.22330257,0.31112438,0.465573,c1,c5
5052,2,0.47990996,0.381312,0.13877805,c5,c1
5055,2,0.5502306,0.3347722,0.11499719,c234,c1
5062,2,0.2631995,0.48605198,0.2507485,c234,c234
5063,2,0.043486625,0.21013933,0.746374,c5,c5
5065,2,0.49282384,0.23444755,0.27272856,c1,c1
5067,2,0.12859799,0.37384075,0.4975612,c1,c5
5071,2,0.6947001,0.18835047,0.11694948,c1,c1
5074,2,0.23460822,0.35223168,0.41316003,c1,c5
5078,2,0.17611316,0.45059994,0.373287,c234,c234
5079,2,0.23508976,0.4710837,0.2938266,c234,c234
5091,2,0.10772074,0.31560564,0.5766737,c5,c5
5092,2,0.22085382,0.41701454,0.36213166,c1,c234
5093,2,0.33783448,0.5057277,0.1564378,c234,c234
5096,2,0.06593599,0.2635662,0.6704978,c234,c5
5100,2,0.46520323,0.4241933,0.110603414,c1,c1
5106,2,0.25763008,0.49297103,0.24939896,c234,c234
5109,2,0.27181485,0.4721833,0.25600183,c1,c234
5119,2,0.117196426,0.29571277,0.58709085,c234,c5
5123,2,0.056038853,0.1188662,0.82509494,c5,c5
5124,2,0.16098689,0.39255643,0.4464567,c1,c5
5125,2,0.19779894,0.4361658,0.36603522,c234,c234
5132,2,0.3910369,0.25905973,0.34990335,c5,c1
5141,2,0.34418058,0.42849654,0.22732292,c1,c234
5146,2,0.2063316,0.32903343,0.46463495,c1,c5
5147,2,0.5025811,0.362283,0.13513584,c234,c1
5149,2,0.23882325,0.49285305,0.2683237,c5,c234
5153,2,0.27024508,0.49815014,0.23160477,c234,c234
5156,2,0.046897974,0.17065392,0.7824481,c5,c5
5163,2,0.516628,0.36194354,0.12142844,c234,c1
5164,2,0.22091658,0.3838122,0.39527127,c234,c5
5166,2,0.7120751,0.2215621,0.06636279,c1,c1
5168,2,0.50750536,0.38608974,0.10640488,c234,c1
5175,2,0.102271244,0.30689493,0.59083384,c5,c5
5180,2,0.1066191,0.27047262,0.62290835,c234,c5
5185,2,0.3236353,0.38781387,0.28855082,c1,c234
5200,2,0.11345413,0.17542115,0.7111247,c234,c5
5201,2,0.35929027,0.28058514,0.36012456,c1,c5
5202,2,0.124182686,0.42818132,0.44763598,c5,c5
5203,2,0.44067016,0.3791402,0.1801896,c5,c1
5205,2,0.23343809,0.32964283,0.4369191,c1,c5
5220,2,0.041783553,0.1728923,0.78532416,c5,c5
5221,2,0.46170792,0.36706522,0.17122683,c5,c1
5222,2,0.14332819,0.26084995,0.59582186,c5,c5
5223,2,0.6409823,0.28342906,0.07558868,c5,c1
5236,2,0.29824957,0.51693565,0.18481475,c1,c234
5240,2,0.3604071,0.32172877,0.3178641,c234,c1
5242,2,0.48428446,0.36235827,0.15335725,c1,c1
5244,2,0.40980235,0.313689,0.27650872,c1,c1
5256,2,0.24455744,0.46194068,0.29350194,c1,c234
5269,2,0.14802897,0.44074765,0.41122338,c5,c234
5271,2,0.13117634,0.21745124,0.65137243,c5,c5
5272,2,0.60698384,0.24728782,0.14572836,c1,c1
5284,2,0.2777259,0.37674412,0.34553,c234,c234
5289,2,0.67193586,0.23809919,0.08996499,c1,c1
5291,2,0.2181758,0.39938083,0.38244334,c5,c234
5298,2,0.29160798,0.2769496,0.43144235,c1,c5
5299,2,0.4126799,0.4369423,0.1503778,c5,c234
5309,2,0.17193227,0.33286768,0.49520007,c1,c5
5319,2,0.08164142,0.24603806,0.67232054,c1,c5
5325,2,0.15839429,0.24002536,0.6015804,c234,c5
5331,2,0.3776591,0.4199229,0.202418,c5,c234
5332,2,0.5587817,0.33920795,0.102010444,c234,c1
5335,2,0.09194528,0.17988832,0.7281664,c234,c5
5343,2,0.20907415,0.24196838,0.54895747,c5,c5
5355,2,0.14153662,0.26518485,0.5932785,c1,c5
5356,2,0.41537836,0.42751887,0.15710272,c234,c234
5360,2,0.065866046,0.21062906,0.72350496,c234,c5
5375,2,0.2945704,0.41953865,0.28589103,c1,c234
5377,2,0.37835866,0.2852865,0.33635488,c5,c1
5390,2,0.5265605,0.31510565,0.15833388,c5,c1
5391,2,0.46694514,0.3578445,0.17521034,c234,c1
5394,2,0.49004117,0.38538972,0.12456908,c234,c1
5396,2,0.1395245,0.27734214,0.5831334,c1,c5
5400,2,0.26448876,0.40608835,0.3294229,c234,c234
5402,2,0.18437703,0.2781884,0.5374345,c234,c5
5421,2,0.2714106,0.44497475,0.2836146,c1,c234
5422,2,0.40250212,0.34748718,0.25001076,c234,c1
5431,2,0.29209924,0.39129117,0.3166096,c5,c234
5440,2,0.59108776,0.31265515,0.09625713,c1,c1
5444,2,0.29874262,0.38406166,0.3171957,c5,c234
5451,2,0.058815468,0.27070135,0.6704832,c5,c5
5466,2,0.1807172,0.3790454,0.44023743,c5,c5
5469,2,0.61805224,0.30813196,0.073815815,c1,c1
5473,2,0.5946759,0.3126462,0.092677884,c1,c1
5478,2,0.15221559,0.407549,0.4402354,c1,c5
5483,2,0.31390762,0.2706383,0.4154541,c234,c5
5492,2,0.572595,0.3264839,0.10092108,c234,c1
5495,2,0.33433297,0.46502602,0.20064099,c1,c234
5496,2,0.28913093,0.4288493,0.28201976,c234,c234
5502,2,0.3494554,0.34428966,0.30625495,c234,c1
5504,2,0.07680888,0.354814,0.5683771,c5,c5
5508,2,0.106793694,0.19238949,0.7008168,c5,c5
5510,2,0.3556495,0.43954393,0.20480654,c234,c234
5513,2,0.36582115,0.40510014,0.22907875,c234,c234
5520,2,0.41537836,0.42751887,0.15710272,c234,c234
5536,2,0.44307312,0.42278334,0.13414358,c234,c1
5537,2,0.30134892,0.44909078,0.24956031,c1,c234
5543,2,0.098909065,0.29074544,0.6103455,c234,c5
5554,2,0.46694514,0.3578445,0.17521034,c1,c1
5559,2,0.55125135,0.30613482,0.14261378,c234,c1
5561,2,0.37475955,0.45720744,0.16803305,c5,c234
5562,2,0.3659746,0.40902242,0.225003,c1,c234
5566,2,0.510603,0.37347397,0.115923025,c1,c1
5568,2,0.2890111,0.28973526,0.42125368,c1,c5
5571,2,0.19045907,0.29697594,0.512565,c5,c5
5575,2,0.14690417,0.3635913,0.48950455,c5,c5
5583,2,0.36075944,0.48872513,0.15051547,c234,c234
5584,2,0.27676576,0.5038263,0.21940796,c1,c234
5586,2,0.16679828,0.39019188,0.44300976,c5,c5
5587,2,0.18684362,0.29864818,0.5145082,c5,c5
5592,2,0.42187,0.39231512,0.18581487,c234,c1
5600,2,0.43975127,0.43771616,0.122532606,c234,c1
5605,2,0.4192388,0.4342398,0.14652136,c1,c234
5607,2,0.43725687,0.34948504,0.21325812,c5,c1
5624,2,0.1616803,0.40458316,0.43373656,c234,c5
5626,2,0.46694514,0.3578445,0.17521034,c234,c1
5630,2,0.23662935,0.3042951,0.4590755,c5,c5
5632,2,0.2298145,0.36487424,0.40531126,c234,c5
5657,2,0.18887085,0.27675167,0.53437746,c234,c5
5661,2,0.06885723,0.22819862,0.70294416,c234,c5
5664,2,0.17082982,0.46120003,0.36797014,c5,c234
5670,2,0.39756346,0.4424326,0.16000393,c5,c234
5673,2,0.58621687,0.31344432,0.10033886,c234,c1
5679,2,0.051309615,0.21718493,0.73150545,c5,c5
5684,2,0.34257558,0.26076892,0.39665556,c1,c5
5688,2,0.34958383,0.28692868,0.36348748,c5,c5
5689,2,0.16868185,0.32797304,0.50334513,c5,c5
5693,2,0.5471416,0.3385068,0.1143516,c234,c1
5695,2,0.46693954,0.2511581,0.28190243,c5,c1
5699,2,0.3307118,0.3735809,0.29570726,c234,c234
5704,2,0.15228222,0.407827,0.43989083,c5,c5
5706,2,0.46694514,0.3578445,0.17521034,c1,c1
5714,2,0.35929027,0.28058514,0.36012456,c234,c5
5717,2,0.35166562,0.33848265,0.30985174,c1,c1
5724,2,0.37841335,0.48399806,0.13758865,c1,c234
5728,2,0.44175354,0.40031084,0.15793565,c1,c1
5735,2,0.6409823,0.28342906,0.07558868,c1,c1
5736,2,0.35381562,0.4227904,0.22339404,c1,c234
5747,2,0.41841382,0.44220287,0.13938332,c1,c234
5750,2,0.29205358,0.5004825,0.2074639,c5,c234
5752,2,0.1404664,0.37425926,0.48527437,c1,c5
5753,2,0.25211427,0.46597883,0.28190684,c5,c234
5754,2,0.48072925,0.38966298,0.12960783,c1,c1
5756,2,0.45321584,0.33969167,0.20709246,c5,c1
5769,2,0.18709478,0.30853304,0.5043722,c5,c5
5775,2,0.10160796,0.3972824,0.50110966,c5,c5
5776,2,0.45665312,0.38698915,0.15635775,c234,c1
5786,2,0.22945228,0.25761825,0.5129295,c5,c5
5789,2,0.21290004,0.40233997,0.38475996,c5,c234
5791,2,0.71789694,0.1851832,0.09691988,c1,c1
5796,2,0.1063431,0.34052512,0.5531318,c234,c5
5803,2,0.2687787,0.43414587,0.29707542,c234,c234
5807,2,0.28390777,0.37888157,0.3372106,c1,c234
5816,2,0.23020615,0.45714945,0.31264442,c234,c234
5818,2,0.089425355,0.29826853,0.6123062,c5,c5
5821,2,0.41669604,0.41547704,0.16782692,c234,c1
5824,2,0.34370837,0.45807138,0.19822021,c234,c234
5827,2,0.0673125,0.17723663,0.75545084,c5,c5
5830,2,0.51494837,0.33701128,0.14804032,c1,c1
5831,2,0.6122739,0.28158835,0.106137805,c1,c1
5832,2,0.6632181,0.27338293,0.06339897,c1,c1
5838,2,0.22681184,0.39051086,0.38267732,c234,c234
5842,2,0.17250615,0.26324722,0.5642466,c234,c5
5852,2,0.16215697,0.42858484,0.40925816,c234,c234
5856,2,0.11048123,0.20643128,0.68308747,c5,c5
5861,2,0.14420417,0.41828853,0.43750727,c1,c5
5867,2,0.098237716,0.31219882,0.5895635,c5,c5
5868,2,0.12729095,0.32032207,0.55238694,c5,c5
5871,2,0.19786075,0.40410504,0.39803427,c1,c234
5874,2,0.15522346,0.18677866,0.65799785,c5,c5
5883,2,0.09111064,0.27491024,0.6339791,c5,c5
5887,2,0.4615102,0.39015162,0.14833815,c1,c1
5892,2,0.18239233,0.47355193,0.3440557,c5,c234
5899,2,0.27983212,0.29012817,0.43003964,c5,c5
5905,2,0.3027521,0.2222294,0.47501853,c5,c5
5909,2,0.22330257,0.31112438,0.465573,c1,c5
5910,2,0.1727561,0.3597032,0.46754065,c1,c5
5911,2,0.054931242,0.22571887,0.71934986,c5,c5
5916,2,0.393171,0.427983,0.17884597,c5,c234
5917,2,0.52623194,0.35783106,0.11593699,c234,c1
5921,2,0.4811781,0.30140778,0.21741413,c5,c1
5923,2,0.28694203,0.43040937,0.28264862,c1,c234
5925,2,0.6551661,0.26858437,0.07624943,c5,c1
5928,2,0.4490424,0.24182658,0.30913103,c1,c1
5933,2,0.22693369,0.35311595,0.4199503,c1,c5
5935,2,0.39504293,0.42944366,0.17551334,c234,c234
5939,2,0.33592668,0.37340623,0.2906671,c234,c234
5942,2,0.23832858,0.47264406,0.2890274,c234,c234
5948,2,0.0825129,0.28905493,0.62843215,c234,c5
5950,2,0.10790471,0.3666446,0.5254507,c5,c5
5951,2,0.18835929,0.28646028,0.5251804,c234,c5
5965,2,0.59625804,0.23190728,0.17183468,c1,c1
5967,2,0.4228856,0.4318584,0.14525606,c234,c234
5972,2,0.11718449,0.43709728,0.44571823,c234,c5
5977,2,0.30137286,0.25853023,0.44009694,c1,c5
5978,2,0.34755766,0.45672527,0.19571704,c1,c234
5989,2,0.3392257,0.44535977,0.21541452,c1,c234
5990,2,0.22354819,0.5011974,0.2752544,c5,c234
5991,2,0.36626044,0.42778388,0.2059557,c234,c234
5994,2,0.10787517,0.35172847,0.5403964,c234,c5
6002,2,0.05308726,0.3411385,0.6057742,c5,c5
6011,2,0.73101187,0.19965245,0.069335766,c1,c1
6013,2,0.39208877,0.4634055,0.14450572,c5,c234
6016,2,0.30618942,0.3160343,0.3777763,c234,c5
6020,2,0.53856266,0.30443856,0.15699875,c5,c1
6025,2,0.32825804,0.48679492,0.18494703,c234,c234
6028,2,0.55890775,0.28720978,0.15388252,c1,c1
6041,2,0.061634753,0.21343926,0.724926,c5,c5
6042,2,0.051390786,0.12806588,0.82054335,c5,c5
6043,2,0.2890111,0.28973526,0.42125368,c5,c5
6047,2,0.07164036,0.2565736,0.671786,c234,c5
6050,2,0.48991334,0.30017343,0.20991325,c5,c1
6052,2,0.31790322,0.2704357,0.4116611,c234,c5
6056,2,0.547453,0.2540305,0.1985165,c1,c1
6057,2,0.13936839,0.3891544,0.47147718,c234,c5
6059,2,0.3965084,0.2869572,0.31653434,c5,c1
6063,2,0.4949255,0.38587207,0.11920244,c234,c1
6073,2,0.45727023,0.31845495,0.22427483,c234,c1
6082,2,0.46694514,0.3578445,0.17521034,c234,c1
6083,2,0.16098739,0.5018438,0.33716884,c5,c234
6085,2,0.37396398,0.37538183,0.25065413,c1,c234
6086,2,0.28339913,0.47887433,0.2377265,c5,c234
6098,2,0.1510898,0.2597406,0.5891696,c5,c5
6101,2,0.7295279,0.20307776,0.06739438,c234,c1
6119,2,0.5881403,0.32113546,0.09072427,c1,c1
6130,2,0.60246307,0.28000042,0.117536515,c1,c1
6131,2,0.22293815,0.34227186,0.43479002,c234,c5
6150,2,0.3070135,0.3533272,0.33965927,c5,c234
6154,2,0.49758622,0.391658,0.110755764,c1,c1
6165,2,0.15648058,0.2572774,0.586242,c234,c5
6166,2,0.07012471,0.29995856,0.6299167,c5,c5
6172,2,0.09691888,0.3742592,0.52882195,c5,c5
6182,2,0.39176163,0.4384845,0.16975391,c234,c234
6191,2,0.54797053,0.34402227,0.10800722,c1,c1
6192,2,0.17082545,0.3370421,0.49213243,c234,c5
6194,2,0.0776047,0.30055535,0.62183994,c234,c5
6196,2,0.3657976,0.42569453,0.2085079,c1,c234
6197,2,0.7037189,0.21805519,0.07822597,c1,c1
6205,2,0.07430695,0.29619467,0.62949836,c5,c5
6208,2,0.30437252,0.42698687,0.26864058,c234,c234
6217,2,0.3269099,0.26965657,0.40343353,c234,c5
6218,2,0.6104301,0.30759996,0.08196984,c234,c1
6221,2,0.10417924,0.23899323,0.65682757,c5,c5
6225,2,0.56112045,0.34325737,0.09562214,c1,c1
6226,2,0.39188594,0.45365328,0.15446085,c1,c234
6229,2,0.20275263,0.329502,0.46774542,c5,c5
6238,2,0.5670848,0.35005382,0.08286137,c5,c1
6240,2,0.66023713,0.25370654,0.08605628,c1,c1
6244,2,0.314393,0.43572623,0.24988076,c234,c234
6249,2,0.61198574,0.23971559,0.14829871,c1,c1
6254,2,0.46385756,0.29593658,0.2402059,c1,c1
6255,2,0.5094629,0.3292855,0.1612517,c1,c1
6256,2,0.6414844,0.2779102,0.08060544,c234,c1
6259,2,0.600514,0.29553923,0.10394684,c234,c1
6282,2,0.35929027,0.28058514,0.36012456,c234,c5
6284,2,0.10475455,0.28143492,0.6138106,c234,c5
6294,2,0.3755533,0.29237413,0.33207256,c5,c1
6304,2,0.6016574,0.24673891,0.15160374,c5,c1
6311,2,0.34601787,0.4218238,0.23215835,c1,c234
6312,2,0.31981742,0.3860561,0.2941265,c234,c234
6314,2,0.3229341,0.26410255,0.4129634,c5,c5
6324,2,0.2953457,0.47155792,0.23309639,c234,c234
6329,2,0.34760526,0.33561754,0.31677723,c234,c1
6330,2,0.2861512,0.45665476,0.25719407,c234,c234
6331,2,0.31519237,0.44193608,0.24287151,c1,c234
6333,2,0.17760631,0.4805497,0.34184402,c234,c234
6340,2,0.3215279,0.29742822,0.3810439,c5,c5
6341,2,0.3593403,0.28057286,0.3600868,c5,c5
6344,2,0.17223571,0.48422772,0.3435366,c234,c234
6367,2,0.37604073,0.4186341,0.20532516,c1,c234
6374,2,0.772302,0.17555113,0.05214682,c1,c1
6375,2,0.10454561,0.2160576,0.67939687,c5,c5
6386,2,0.20089054,0.50270146,0.29640806,c234,c234
6396,2,0.41061556,0.2944944,0.2948901,c1,c1
6405,2,0.5249356,0.37786624,0.09719819,c1,c1
6419,2,0.29894602,0.3746192,0.32643473,c234,c234
6424,2,0.6938407,0.23096514,0.075194225,c1,c1
6453,2,0.49398434,0.33687577,0.16913994,c234,c1
6461,2,0.27999184,0.48239666,0.23761147,c234,c234
6463,2,0.21184094,0.28773546,0.5004236,c5,c5
6465,2,0.3198734,0.45296994,0.22715673,c234,c234
6487,2,0.25446874,0.31308788,0.4324434,c1,c5
6496,2,0.39571238,0.4299089,0.17437877,c1,c234
6504,2,0.07659494,0.3024216,0.6209835,c5,c5
6509,2,0.22336614,0.37580714,0.40082672,c5,c5
6516,2,0.23141344,0.31083116,0.45775533,c5,c5
6525,2,0.07982777,0.3493051,0.5708672,c234,c5
6526,2,0.23643278,0.29884255,0.4647247,c5,c5
6529,2,0.63683754,0.27458668,0.088575765,c1,c1
6546,2,0.09169952,0.23992822,0.6683723,c234,c5
6548,2,0.13266328,0.2487949,0.6185419,c1,c5
6553,2,0.5078821,0.37089476,0.121223055,c234,c1
6558,2,0.43472803,0.43621644,0.12905556,c234,c234
6559,2,0.21759282,0.27239624,0.51001096,c234,c5
6564,2,0.117423095,0.38164642,0.5009304,c5,c5
6584,2,0.46694514,0.3578445,0.17521034,c1,c1
6592,2,0.46904278,0.38049215,0.1504651,c234,c1
6594,2,0.11085097,0.25373268,0.6354164,c5,c5
6608,2,0.25740516,0.2934192,0.44917566,c1,c5
6617,2,0.46694514,0.3578445,0.17521034,c1,c1
6618,2,0.33444566,0.48521423,0.1803401,c234,c234
6627,2,0.07648721,0.25530168,0.66821104,c5,c5
6636,2,0.22330257,0.31112438,0.465573,c5,c5
6646,2,0.31091046,0.2943911,0.3946984,c234,c5
6648,2,0.32708338,0.30386275,0.36905387,c1,c5
6649,2,0.40398112,0.3169058,0.2791131,c1,c1
6650,2,0.0770187,0.2673164,0.65566486,c5,c5
6651,2,0.4316574,0.34916168,0.21918099,c1,c1
6678,2,0.3131094,0.4314317,0.25545886,c1,c234
6684,2,0.35395086,0.43605843,0.20999074,c1,c234
6693,2,0.15800248,0.41729864,0.42469883,c1,c5
6699,2,0.48824787,0.31725582,0.19449629,c1,c1
6703,2,0.10862976,0.18921371,0.70215654,c5,c5
6711,2,0.07029747,0.23752315,0.6921794,c234,c5
6713,2,0.15129194,0.381557,0.4671511,c234,c5
6714,2,0.6409823,0.28342906,0.07558868,c1,c1
6719,2,0.2567557,0.43208954,0.31115478,c5,c234
6720,2,0.24296224,0.29473665,0.46230116,c5,c5
6722,2,0.7318854,0.18929923,0.07881539,c1,c1
6725,2,0.12894696,0.35655585,0.5144972,c5,c5
6727,2,0.22330257,0.31112438,0.465573,c5,c5
6728,2,0.20450436,0.49473,0.30076566,c234,c234
6733,2,0.505525,0.3753076,0.119167395,c1,c1
6741,2,0.05982338,0.24543144,0.6947451,c234,c5
6748,2,0.14775552,0.3858775,0.46636707,c1,c5
6756,2,0.64336747,0.27681026,0.07982223,c1,c1
6757,2,0.23623328,0.25217602,0.51159066,c1,c5
6768,2,0.4893548,0.3950358,0.11560934,c1,c1
6769,2,0.13502342,0.30831805,0.5566586,c5,c5
6773,2,0.67854357,0.2215313,0.09992515,c234,c1
6781,2,0.27551675,0.2537134,0.47076982,c5,c5
6793,2,0.58184576,0.32676464,0.09138955,c1,c1
6794,2,0.24455744,0.46194068,0.29350194,c1,c234
6796,2,0.39263555,0.43662858,0.17073594,c234,c234
6815,2,0.13599035,0.36875874,0.49525088,c5,c5
6823,2,0.3426171,0.35840276,0.29898018,c1,c234
6840,2,0.51931757,0.32623264,0.15444979,c1,c1
6841,2,0.24146849,0.41281268,0.34571883,c234,c234
6850,2,0.2277388,0.3146247,0.45763656,c1,c5
6851,2,0.28963435,0.43734774,0.27301788,c5,c234
6853,2,0.29521197,0.50027573,0.20451231,c5,c234
6857,2,0.20658442,0.3644306,0.428985,c5,c5
6858,2,0.47868228,0.40625238,0.115065314,c1,c1
6860,2,0.13841158,0.24338737,0.618201,c1,c5
6863,2,0.29906,0.35083365,0.35010636,c234,c234
6874,2,0.28865883,0.36888495,0.34245625,c5,c234
6887,2,0.409105,0.35929728,0.23159775,c1,c1
6891,2,0.1517139,0.2976584,0.5506277,c5,c5
6910,2,0.3593403,0.28057286,0.3600868,c1,c5
6911,2,0.17608234,0.58587134,0.23804636,c5,c234
6916,2,0.46148655,0.3687835,0.16972998,c1,c1
6917,2,0.14941879,0.32342586,0.52715534,c1,c5
6922,2,0.265792,0.4356435,0.29856452,c1,c234
6930,2,0.48362082,0.29866022,0.21771905,c234,c1
6935,2,0.1881167,0.22846851,0.5834148,c5,c5
6940,2,0.10847828,0.42987868,0.4616431,c5,c5
6951,2,0.2896154,0.4593146,0.25106993,c5,c234
6952,2,0.13576438,0.28590852,0.5783271,c5,c5
6953,2,0.29824957,0.51693565,0.18481475,c1,c234
6958,2,0.4493065,0.40056163,0.15013184,c234,c1
6960,2,0.2965197,0.3549174,0.3485629,c5,c234
6961,2,0.37263203,0.28362197,0.34374598,c1,c1
6963,2,0.41358513,0.328546,0.25786886,c5,c1
6970,2,0.23079292,0.40673885,0.36246827,c234,c234
6974,2,0.24618308,0.22740437,0.52641255,c234,c5
6975,2,0.69722223,0.24158677,0.061190918,c1,c1
6978,2,0.58261853,0.25646085,0.16092068,c1,c1
6995,2,0.23900683,0.3593616,0.40163153,c5,c5
7002,2,0.051750056,0.24356301,0.70468694,c5,c5
7003,2,0.22766837,0.31489238,0.4574392,c5,c5
7008,2,0.13491677,0.4233557,0.44172752,c234,c5
7015,2,0.5935503,0.3180538,0.08839586,c1,c1
7020,2,0.5504318,0.3400646,0.109503545,c5,c1
7022,2,0.32531524,0.36053097,0.31415376,c5,c234
7024,2,0.26821828,0.26158956,0.47019216,c5,c5
7025,2,0.46693954,0.2511581,0.28190243,c234,c1
7032,2,0.111818284,0.44289824,0.44528347,c234,c5
7050,2,0.16480048,0.32559156,0.509608,c234,c5
7053,2,0.22091658,0.3838122,0.39527127,c234,c5
7060,2,0.2222332,0.4106499,0.36711696,c234,c234
7065,2,0.21142696,0.26464716,0.5239259,c5,c5
7068,2,0.37704855,0.42688704,0.19606441,c234,c234
7069,2,0.49089366,0.3644229,0.14468339,c1,c1
7074,2,0.28059927,0.49494553,0.22445524,c1,c234
7078,2,0.10312773,0.20945528,0.6874169,c234,c5
7080,2,0.2694454,0.34614366,0.384411,c234,c5
7083,2,0.20477548,0.3005034,0.4947211,c5,c5
7086,2,0.45795164,0.40104482,0.14100355,c5,c1
7090,2,0.13671857,0.4296385,0.43364295,c5,c5
7091,2,0.13529374,0.3561036,0.5086026,c5,c5
7100,2,0.3705676,0.45650193,0.1729305,c1,c234
7101,2,0.5820965,0.26154006,0.15636347,c234,c1
7103,2,0.2356931,0.41173992,0.35256693,c234,c234
7105,2,0.100961626,0.27022028,0.6288181,c5,c5
7111,2,0.16200502,0.43673497,0.40126008,c234,c234
7114,2,0.2913361,0.5061487,0.2025152,c5,c234
7117,2,0.6409823,0.28342906,0.07558868,c234,c1
7120,2,0.4034007,0.4477793,0.14882006,c1,c234
7121,2,0.16616844,0.3667755,0.467056,c234,c5
7123,2,0.41791445,0.3794023,0.20268317,c1,c1
7128,2,0.32430518,0.4172111,0.2584837,c234,c234
7135,2,0.36726907,0.36301243,0.26971853,c234,c1
7140,2,0.21824479,0.55014277,0.23161246,c5,c234
7144,2,0.41537836,0.42751887,0.15710272,c234,c234
7147,2,0.054062985,0.18712708,0.7588099,c1,c5
7149,2,0.120177306,0.45177624,0.42804652,c234,c234
7159,2,0.67779773,0.24845915,0.07374309,c1,c1
7160,2,0.08479589,0.3283259,0.5868782,c1,c5
7161,2,0.31002402,0.2592087,0.43076733,c5,c5
7164,2,0.46144822,0.40101105,0.13754079,c234,c1
7167,2,0.46694514,0.3578445,0.17521034,c1,c1
7168,2,0.5257555,0.34228274,0.13196175,c234,c1
7170,2,0.22328371,0.5044076,0.27230868,c5,c234
7177,2,0.12900649,0.33914083,0.5318527,c234,c5
7182,2,0.15214838,0.35862532,0.48922625,c234,c5
7188,2,0.41026694,0.3548831,0.23484991,c1,c1
7199,2,0.05284831,0.33100796,0.6161438,c234,c5
7200,2,0.23859666,0.5256152,0.23578814,c5,c234
7207,2,0.60773444,0.25008443,0.14218105,c1,c1
7211,2,0.45685515,0.39248994,0.15065485,c5,c1
7215,2,0.6628627,0.26965266,0.06748464,c1,c1
7216,2,0.12778606,0.33421457,0.5379994,c5,c5
7218,2,0.7235275,0.19984008,0.0766325,c1,c1
7231,2,0.06552742,0.24361251,0.6908601,c234,c5
7237,2,0.46693954,0.2511581,0.28190243,c5,c1
7240,2,0.12639387,0.3670746,0.50653154,c1,c5
7253,2,0.13640553,0.2921031,0.57149136,c1,c5
7260,2,0.46694514,0.3578445,0.17521034,c234,c1
7261,2,0.16157141,0.27048212,0.5679465,c234,c5
7262,2,0.26688087,0.4798933,0.2532258,c234,c234
7264,2,0.64621574,0.24906233,0.10472199,c234,c1
7268,2,0.14095184,0.214572,0.6444761,c234,c5
7271,2,0.08126349,0.16889282,0.7498437,c5,c5
7274,2,0.41061556,0.2944944,0.2948901,c5,c1
7278,2,0.1085349,0.29781467,0.5936504,c5,c5
7279,2,0.30846786,0.44432086,0.24721125,c5,c234
7281,2,0.113396496,0.32461777,0.56198573,c234,c5
7287,2,0.32476985,0.24558349,0.4296466,c234,c5
7292,2,0.45798415,0.41781455,0.12420122,c1,c1
7297,2,0.34579352,0.47973523,0.17447121,c1,c234
7302,2,0.47257447,0.3121716,0.21525393,c5,c1
7308,2,0.44555035,0.27279204,0.2816576,c5,c1
7310,2,0.1132042,0.42597842,0.46081743,c5,c5
7324,2,0.3155286,0.4385931,0.24587832,c234,c234
7325,2,0.5902289,0.3036384,0.1061327,c234,c1
7327,2,0.28239357,0.45823017,0.25937626,c234,c234
7332,2,0.25553042,0.32868883,0.41578066,c234,c5
7342,2,0.29210094,0.37212357,0.3357755,c1,c234
7344,2,0.32674658,0.36962017,0.30363327,c234,c234
7345,2,0.10384635,0.3029201,0.5932336,c234,c5
7349,2,0.22091658,0.3838122,0.39527127,c1,c5
7360,2,0.5567067,0.2610506,0.18224269,c1,c1
7364,2,0.19389847,0.35472348,0.45137808,c5,c5
7365,2,0.13296942,0.26407835,0.6029522,c234,c5
7366,2,0.04231236,0.18989725,0.76779044,c5,c5
7377,2,0.20308469,0.23659103,0.56032425,c234,c5
7384,2,0.12286197,0.28755188,0.58958614,c234,c5
7392,2,0.5786383,0.2920608,0.12930094,c1,c1
7402,2,0.64678794,0.25957733,0.093634725,c5,c1
7403,2,0.41496062,0.4352999,0.14973943,c234,c234
7409,2,0.1546762,0.32308197,0.5222418,c1,c5
7411,2,0.56182086,0.3393502,0.098828904,c1,c1
7419,2,0.68722194,0.24519737,0.067580625,c5,c1
7420,2,0.5770378,0.32802457,0.094937645,c1,c1
7422,2,0.29370004,0.29503858,0.41126135,c234,c5
7425,2,0.48640507,0.37389696,0.13969803,c234,c1
7428,2,0.20946996,0.39000607,0.400524,c5,c5
7436,2,0.67390144,0.2394963,0.08660228,c1,c1
7447,2,0.06157034,0.16529457,0.77313507,c1,c5
7448,2,0.060513936,0.22635116,0.7131349,c5,c5
7449,2,0.2406191,0.50069803,0.25868285,c5,c234
7451,2,0.25794235,0.3188542,0.42320353,c5,c5
7454,2,0.14589384,0.30511925,0.54898685,c1,c5
7461,2,0.29142216,0.4471613,0.26141655,c234,c234
7463,2,0.6713322,0.26121604,0.06745175,c5,c1
7468,2,0.16336964,0.2857094,0.550921,c1,c5
7471,2,0.15871876,0.3407994,0.50048184,c234,c5
7480,2,0.37236205,0.3668689,0.260769,c234,c1
7485,2,0.10540488,0.17849176,0.71610343,c5,c5
7498,2,0.3954384,0.30551285,0.29904875,c1,c1
7503,2,0.13495947,0.40399808,0.4610425,c5,c5
7512,2,0.25168994,0.40342867,0.34488136,c5,c234
7517,2,0.22228147,0.24592306,0.53179544,c5,c5
7520,2,0.276165,0.47757828,0.24625674,c1,c234
7526,2,0.64336747,0.27681026,0.07982223,c1,c1
7536,2,0.58621687,0.31344432,0.10033886,c1,c1
7542,2,0.46693954,0.2511581,0.28190243,c1,c1
7551,2,0.57009506,0.3529015,0.077003434,c5,c1
7559,2,0.26553643,0.38597608,0.34848756,c234,c234
7564,2,0.48170945,0.34977165,0.16851895,c5,c1
7574,2,0.13609192,0.27304035,0.59086776,c5,c5
7580,2,0.21094115,0.2981268,0.49093205,c234,c5
7594,2,0.364986,0.44371012,0.19130383,c234,c234
7597,2,0.6408562,0.2836069,0.075536914,c1,c1
7601,2,0.33608463,0.4685479,0.19536752,c5,c234
7610,2,0.46693954,0.2511581,0.28190243,c1,c1
7622,2,0.51393384,0.35766858,0.1283976,c1,c1
7626,2,0.5357874,0.34378344,0.12042916,c234,c1
7635,2,0.64001936,0.27611026,0.08387033,c1,c1
7643,2,0.07534277,0.43932152,0.48533574,c234,c5
7646,2,0.6581108,0.25084487,0.091044284,c5,c1
7664,2,0.4181331,0.37376124,0.20810564,c234,c1
7667,2,0.5711196,0.30530673,0.123573616,c1,c1
7675,2,0.1600457,0.3864688,0.4534855,c5,c5
7679,2,0.5196699,0.37503597,0.10529419,c1,c1
7684,2,0.34772244,0.33220944,0.32006818,c234,c1
7687,2,0.15420885,0.40282932,0.44296187,c1,c5
7688,2,0.38570032,0.37258077,0.24171892,c5,c1
7689,2,0.46693954,0.2511581,0.28190243,c234,c1
7694,2,0.6899093,0.24810575,0.06198498,c1,c1
7696,2,0.1530377,0.42441162,0.42255065,c5,c234
7698,2,0.46420327,0.38655654,0.14924017,c1,c1
7704,2,0.15513678,0.35519835,0.48966488,c234,c5
7708,2,0.19951342,0.43855232,0.36193424,c234,c234
7722,2,0.10923833,0.40547347,0.48528817,c234,c5
7723,2,0.39795777,0.43240115,0.16964105,c5,c234
7728,2,0.18863347,0.4341117,0.37725487,c5,c234
7731,2,0.41061556,0.2944944,0.2948901,c1,c1
7733,2,0.055230882,0.2646523,0.6801168,c234,c5
7738,2,0.136697,0.33569542,0.52760756,c1,c5
7739,2,0.27761117,0.48338687,0.23900193,c1,c234
7744,2,0.53876626,0.3128243,0.14840947,c234,c1
7745,2,0.4383207,0.4011959,0.16048333,c234,c1
7746,2,0.41318867,0.4284436,0.15836775,c5,c234
7750,2,0.388525,0.41322947,0.19824547,c1,c234
7751,2,0.6150819,0.29209995,0.09281815,c1,c1
7756,2,0.07468337,0.37293783,0.5523787,c234,c5
7770,2,0.16289525,0.39181623,0.44528857,c234,c5
7800,2,0.19179976,0.5048318,0.30336842,c234,c234
7809,2,0.16256967,0.26205495,0.5753754,c5,c5
7811,2,0.39563084,0.38448974,0.21987939,c5,c1
7815,2,0.04267382,0.14818911,0.80913717,c5,c5
7818,2,0.20722952,0.23493652,0.55783397,c1,c5
7821,2,0.043298103,0.21356347,0.74313843,c5,c5
7823,2,0.29851753,0.31744072,0.38404176,c5,c5
7825,2,0.24265864,0.4703706,0.28697073,c1,c234
7830,2,0.11272889,0.32995632,0.5573148,c5,c5
7836,2,0.22449121,0.2642087,0.5113001,c234,c5
7837,2,0.07501665,0.22084986,0.70413345,c5,c5
7840,2,0.10491073,0.17990275,0.71518654,c5,c5
7848,2,0.2777764,0.31533876,0.40688488,c234,c5
7866,2,0.25027713,0.49007866,0.25964415,c1,c234
7867,2,0.7429044,0.20549282,0.05160276,c234,c1
7868,2,0.22391891,0.32568085,0.45040023,c1,c5
7882,2,0.34156036,0.4707688,0.18767081,c234,c234
7891,2,0.27372855,0.46517345,0.26109797,c5,c234
7895,2,0.31137264,0.4459765,0.24265085,c1,c234
7900,2,0.2709284,0.46663895,0.26243263,c1,c234
7901,2,0.30718514,0.46673197,0.22608286,c234,c234
7902,2,0.5239999,0.38001186,0.09598826,c5,c1
7907,2,0.15046364,0.30782822,0.5417082,c5,c5
7912,2,0.4070312,0.36561838,0.22735038,c5,c1
7915,2,0.2752173,0.33376327,0.3910194,c5,c5
7916,2,0.27972698,0.31199133,0.40828168,c5,c5
7919,2,0.58359754,0.2783263,0.13807616,c234,c1
7926,2,0.54593134,0.35048464,0.10358409,c1,c1
7928,2,0.1139364,0.28086162,0.605202,c5,c5
7929,2,0.1565861,0.48279035,0.3606235,c1,c234
7933,2,0.20044006,0.32733816,0.47222182,c234,c5
7935,2,0.39961952,0.40854728,0.1918332,c5,c234
7940,2,0.34352633,0.38841197,0.26806164,c1,c234
7941,2,0.5397295,0.33034056,0.12992999,c234,c1
7945,2,0.5094881,0.2711161,0.21939577,c5,c1
7953,2,0.3221806,0.35037538,0.32744402,c5,c234
7966,2,0.2328885,0.2463098,0.52080166,c5,c5
7967,2,0.4334837,0.4042979,0.16221848,c1,c1
7969,2,0.072928645,0.19051816,0.7365532,c5,c5
7973,2,0.34788102,0.40644112,0.24567783,c5,c234
7978,2,0.16748033,0.43717718,0.39534253,c5,c234
7983,2,0.35071328,0.38415018,0.26513654,c234,c234
7989,2,0.26140004,0.5007958,0.23780414,c234,c234
7990,2,0.48158324,0.2551744,0.26324236,c1,c1
7994,2,0.5867077,0.3299982,0.08329415,c234,c1
7998,2,0.46122554,0.35292232,0.18585218,c1,c1
8001,2,0.27406347,0.39696306,0.32897344,c1,c234
8003,2,0.5858859,0.28851616,0.12559795,c234,c1
8013,2,0.4556815,0.282387,0.26193154,c1,c1
8014,2,0.19591534,0.4029748,0.40110987,c234,c234
8026,2,0.46361238,0.25911236,0.27727526,c1,c1
8030,2,0.10902419,0.4333096,0.45766616,c5,c5
8031,2,0.5322354,0.35411268,0.11365193,c1,c1
8033,2,0.5218208,0.32735533,0.15082395,c1,c1
8034,2,0.33941746,0.2839403,0.37664223,c234,c5
8050,2,0.46741083,0.33798108,0.19460812,c1,c1
8055,2,0.64191395,0.25858217,0.09950387,c1,c1
8061,2,0.1939519,0.27521574,0.5308323,c5,c5
8073,2,0.731353,0.20826115,0.0603859,c1,c1
8074,2,0.05222503,0.2296414,0.7181336,c234,c5
8076,2,0.35285506,0.41467515,0.23246975,c234,c234
8078,2,0.11272875,0.24643274,0.6408385,c1,c5
8080,2,0.668352,0.22728431,0.10436365,c5,c1
8095,2,0.079186216,0.22121069,0.69960314,c234,c5
8103,2,0.5973827,0.26873612,0.13388117,c1,c1
8110,2,0.29163843,0.30442435,0.40393722,c234,c5
8134,2,0.2167051,0.4121386,0.37115633,c234,c234
8135,2,0.510877,0.39748305,0.09163994,c1,c1
8153,2,0.2949562,0.47280818,0.23223557,c234,c234
8154,2,0.2031767,0.24681921,0.55000407,c5,c5
8164,2,0.3658564,0.28756738,0.34657618,c5,c1
8167,2,0.54898995,0.34390578,0.107104264,c1,c1
8175,2,0.5678542,0.29916507,0.13298078,c1,c1
8181,2,0.2365553,0.45319772,0.31024703,c1,c234
8187,2,0.4684175,0.3312467,0.20033577,c5,c1
8190,2,0.36263388,0.43074355,0.20662257,c234,c234
8193,2,0.5378835,0.35283875,0.10927767,c1,c1
8196,2,0.32491696,0.45843014,0.21665284,c234,c234
8207,2,0.2432251,0.37164444,0.38513047,c1,c5
8209,2,0.64632356,0.25774965,0.0959268,c234,c1
8215,2,0.16690195,0.2529658,0.58013225,c234,c5
8216,2,0.67779773,0.24845915,0.07374309,c1,c1
8228,2,0.6409823,0.28342906,0.07558868,c1,c1
8232,2,0.456619,0.342138,0.20124306,c5,c1
8236,2,0.11621446,0.2889709,0.59481466,c1,c5
8237,2,0.31955442,0.28773463,0.39271092,c5,c5
8239,2,0.07227863,0.21603452,0.7116868,c5,c5
8240,2,0.12428063,0.27376667,0.60195273,c1,c5
8241,2,0.17372943,0.38940817,0.43686238,c5,c5
8243,2,0.3593403,0.28057286,0.3600868,c1,c5
8245,2,0.10569385,0.39423728,0.5000689,c5,c5
8247,2,0.58618057,0.31609768,0.097721726,c234,c1
8252,2,0.27954265,0.50096136,0.21949595,c234,c234
8257,2,0.31045845,0.43094996,0.25859156,c234,c234
8259,2,0.37351626,0.43201888,0.19446486,c1,c234
8263,2,0.09562328,0.39867666,0.50570005,c234,c5
8264,2,0.12428349,0.43336862,0.44234782,c234,c5
8266,2,0.12236984,0.27087694,0.60675323,c5,c5
8272,2,0.17372943,0.38940817,0.43686238,c1,c5
8280,2,0.39451438,0.42865974,0.17682587,c234,c234
8286,2,0.31534347,0.2656431,0.41901347,c5,c5
8287,2,0.42099145,0.40600184,0.1730067,c234,c1
8290,2,0.12679927,0.35070285,0.5224979,c5,c5
8294,2,0.25627118,0.38758394,0.3561449,c234,c234
8295,2,0.21094115,0.2981268,0.49093205,c1,c5
8297,2,0.30832624,0.4403246,0.2513492,c1,c234
8301,2,0.2860816,0.48192486,0.23199345,c234,c234
8305,2,0.35089716,0.45871884,0.19038399,c234,c234
8309,2,0.22330257,0.31112438,0.465573,c5,c5
8313,2,0.27878183,0.4074116,0.31380653,c234,c234
8318,2,0.17087121,0.34932333,0.47980547,c1,c5
8319,2,0.42922172,0.42598546,0.1447928,c234,c1
8320,2,0.06260835,0.14311963,0.79427207,c5,c5
8323,2,0.42466408,0.336101,0.23923492,c5,c1
8325,2,0.25614643,0.306642,0.43721157,c1,c5
8330,2,0.3685752,0.31760564,0.3138192,c5,c1
8334,2,0.58322257,0.32063466,0.0961428,c5,c1
8338,2,0.67526406,0.25054756,0.07418839,c5,c1
8342,2,0.46694514,0.3578445,0.17521034,c234,c1
8345,2,0.34336138,0.35543036,0.3012083,c5,c234
8346,2,0.3206559,0.5171056,0.1622385,c1,c234
8349,2,0.6215315,0.25944102,0.11902749,c1,c1
8363,2,0.26834267,0.43222633,0.29943097,c234,c234
8383,2,0.11991146,0.36854264,0.5115459,c5,c5
8390,2,0.25183058,0.42431882,0.32385066,c1,c234
8391,2,0.28198877,0.48967758,0.2283336,c1,c234
8394,2,0.61578006,0.26105615,0.12316376,c1,c1
8395,2,0.50995904,0.35338923,0.13665175,c234,c1
8396,2,0.1787531,0.32853657,0.49271038,c5,c5
8401,2,0.15977973,0.4779467,0.36227354,c234,c234
8405,2,0.20610376,0.4211459,0.37275037,c1,c234
8409,2,0.3265105,0.4599199,0.21356955,c1,c234
8413,2,0.07584944,0.3001369,0.62401366,c234,c5
8423,2,0.47364163,0.35448146,0.171877,c1,c1
8425,2,0.24779497,0.43574396,0.31646103,c1,c234
8427,2,0.49670526,0.36970624,0.13358854,c1,c1
8433,2,0.22356929,0.37660834,0.39982232,c234,c5
8439,2,0.3733224,0.4735973,0.15308033,c234,c234
8448,2,0.17891806,0.41925967,0.4018223,c5,c234
8453,2,0.64621574,0.24906233,0.10472199,c234,c1
8455,2,0.55123156,0.29584643,0.15292205,c1,c1
8456,2,0.11628682,0.41927645,0.46443674,c5,c5
8459,2,0.09358783,0.19397935,0.71243274,c5,c5
8460,2,0.3080747,0.3858466,0.30607864,c234,c234
8462,2,0.13803723,0.2558806,0.6060822,c234,c5
8463,2,0.37661552,0.41317704,0.21020745,c5,c234
8470,2,0.3563873,0.34376088,0.29985183,c1,c1
8473,2,0.20533776,0.24982539,0.5448368,c1,c5
8480,2,0.22520193,0.37558022,0.39921784,c234,c5
8487,2,0.16196123,0.34207764,0.4959612,c5,c5
8495,2,0.12674542,0.40210828,0.4711463,c5,c5
8501,2,0.5597051,0.30087122,0.13942368,c1,c1
8504,2,0.17333269,0.45734024,0.36932704,c1,c234
8506,2,0.24125727,0.4337784,0.32496434,c234,c234
8512,2,0.041142765,0.1810325,0.77782476,c5,c5
8515,2,0.32253256,0.3671205,0.31034696,c5,c234
8517,2,0.1288928,0.29906347,0.5720437,c5,c5
8518,2,0.51147795,0.36712432,0.12139772,c1,c1
8520,2,0.17741805,0.48239002,0.34019187,c234,c234
8548,2,0.25836393,0.512878,0.22875807,c5,c234
8554,2,0.06487402,0.26765093,0.66747504,c234,c5
8559,2,0.29998052,0.4076044,0.29241508,c5,c234
8560,2,0.2962814,0.3031502,0.40056837,c234,c5
8563,2,0.14085828,0.34163424,0.51750743,c5,c5
8564,2,0.46694514,0.3578445,0.17521034,c5,c1
8568,2,0.11195906,0.29710498,0.5909359,c5,c5
8572,2,0.2915439,0.391263,0.3171931,c1,c234
8577,2,0.15137741,0.3510619,0.49756065,c5,c5
8578,2,0.08642459,0.21903062,0.6945448,c1,c5
8580,2,0.33485976,0.40101933,0.26412094,c1,c234
8581,2,0.42246285,0.3131344,0.26440275,c5,c1
8588,2,0.11351832,0.26070383,0.62577784,c234,c5
8598,2,0.25931928,0.31323993,0.42744082,c5,c5
8600,2,0.09687662,0.17708834,0.7260351,c1,c5
8604,2,0.10089324,0.4061169,0.49298993,c234,c5
8610,2,0.5649269,0.33113185,0.1039412,c1,c1
8616,2,0.487395,0.3827943,0.12981065,c1,c1
8617,2,0.1371698,0.24174175,0.62108845,c5,c5
8620,2,0.20906249,0.420466,0.37047157,c1,c234
8628,2,0.09396084,0.25826505,0.6477741,c5,c5
8631,2,0.3071267,0.46962535,0.22324792,c5,c234
8632,2,0.04809926,0.17561793,0.7762828,c5,c5
8633,2,0.27160904,0.2875529,0.44083807,c234,c5
8646,2,0.19118087,0.25764108,0.55117804,c234,c5
8649,2,0.59225035,0.2933284,0.11442121,c5,c1
8663,2,0.080149755,0.26174444,0.65810573,c5,c5
8665,2,0.2800369,0.5109025,0.2090606,c234,c234
8669,2,0.5146199,0.36049262,0.12488745,c5,c1
8673,2,0.18820849,0.3695755,0.44221598,c1,c5
8676,2,0.3107685,0.426205,0.26302645,c234,c234
8681,2,0.22330257,0.31112438,0.465573,c234,c5
8686,2,0.11883775,0.3270818,0.5540804,c1,c5
8690,2,0.09920002,0.3158348,0.58496517,c1,c5
8692,2,0.37085924,0.45228335,0.17685746,c1,c234
8696,2,0.21997759,0.34158248,0.43843997,c1,c5
8702,2,0.4723477,0.38359433,0.1440579,c234,c1
8704,2,0.651866,0.28384212,0.06429184,c234,c1
8706,2,0.072498664,0.18593584,0.74156547,c234,c5
8708,2,0.08537628,0.25896358,0.6556601,c1,c5
8709,2,0.21612856,0.49387842,0.28999302,c1,c234
8710,2,0.2266973,0.425132,0.34817067,c1,c234
8719,2,0.71251774,0.22945045,0.05803187,c1,c1
8720,2,0.22379276,0.3737316,0.40247563,c5,c5
8723,2,0.72051936,0.2016995,0.077781074,c1,c1
8729,2,0.46694514,0.3578445,0.17521034,c1,c1
8733,2,0.2690347,0.35290632,0.37805903,c1,c5
8735,2,0.40533072,0.41241798,0.18225138,c234,c234
8736,2,0.28617573,0.46354613,0.25027815,c234,c234
8747,2,0.115612075,0.1671298,0.7172581,c5,c5
8748,2,0.6077337,0.29947597,0.09279032,c234,c1
8750,2,0.17004871,0.30718637,0.5227649,c5,c5
8751,2,0.46694514,0.3578445,0.17521034,c234,c1
8757,2,0.40759894,0.2640667,0.32833433,c234,c1
8758,2,0.4046888,0.3987066,0.19660458,c234,c1
8760,2,0.09476948,0.32469708,0.58053344,c234,c5
8764,2,0.3098135,0.41855687,0.2716297,c5,c234
8765,2,0.29091612,0.39606076,0.31302312,c1,c234
8767,2,0.44969553,0.39424753,0.15605699,c234,c1
8771,2,0.47364163,0.35448146,0.171877,c5,c1
8774,2,0.44555035,0.27279204,0.2816576,c5,c1
8779,2,0.73368466,0.20393594,0.062379435,c1,c1
8792,2,0.18076755,0.43448657,0.38474584,c1,c234
8802,2,0.2501737,0.3997276,0.3500987,c1,c234
8813,2,0.16775043,0.33606398,0.4961856,c1,c5
8815,2,0.2129915,0.4152899,0.37171856,c1,c234
8825,2,0.20118617,0.41879642,0.38001737,c5,c234
8828,2,0.23776123,0.29842654,0.46381226,c5,c5
8830,2,0.23166938,0.3288067,0.43952394,c234,c5
8831,2,0.6504034,0.278279,0.07131763,c1,c1
8837,2,0.15022616,0.3622262,0.48754764,c5,c5
8838,2,0.18160263,0.26621327,0.5521841,c5,c5
8842,2,0.08105297,0.26820675,0.6507403,c234,c5
8849,2,0.29502505,0.46343186,0.24154314,c234,c234
8850,2,0.68216074,0.2373945,0.08044471,c234,c1
8855,2,0.056026746,0.26275954,0.68121374,c234,c5
8859,2,0.09393187,0.2550062,0.65106195,c5,c5
8860,2,0.26448876,0.40608835,0.3294229,c234,c234
8868,2,0.29379067,0.3179253,0.38828403,c5,c5
8877,2,0.21539538,0.42878336,0.3558212,c234,c234
8888,2,0.21617633,0.40209964,0.38172406,c5,c234
8903,2,0.61666,0.2879838,0.09535612,c1,c1
8908,2,0.25076392,0.3047584,0.4444776,c1,c5
8909,2,0.44588482,0.3587271,0.19538803,c1,c1
8939,2,0.14532335,0.42806867,0.42660803,c234,c234
8941,2,0.33118275,0.4080585,0.26075876,c5,c234
8944,2,0.5355061,0.3688572,0.09563665,c234,c1
8952,2,0.1676536,0.25793537,0.5744111,c5,c5
8956,2,0.14825305,0.26768062,0.58406633,c5,c5
8963,2,0.46361238,0.25911236,0.27727526,c234,c1
8964,2,0.542101,0.26413444,0.19376454,c5,c1
8966,2,0.17578125,0.3714935,0.45272517,c234,c5
8969,2,0.06315067,0.22672133,0.710128,c234,c5
8975,2,0.5757012,0.31543893,0.10885986,c234,c1
8978,2,0.70552605,0.20327485,0.091199115,c1,c1
8985,2,0.32148063,0.43713817,0.24138117,c234,c234
8988,2,0.13436075,0.25726983,0.6083694,c5,c5
8996,2,0.3068048,0.23960795,0.45358723,c5,c5
9003,2,0.5355495,0.33952376,0.12492669,c1,c1
9004,2,0.49164867,0.23360315,0.2747482,c5,c1
9008,2,0.5093853,0.31940788,0.17120688,c234,c1
9009,2,0.37133673,0.3607256,0.26793766,c5,c1
9011,2,0.59712535,0.25625673,0.14661795,c5,c1
9013,2,0.15862049,0.37607768,0.46530187,c234,c5
9042,2,0.69180393,0.2475696,0.060626507,c1,c1
9047,2,0.5775497,0.31010386,0.11234645,c1,c1
9056,2,0.31543818,0.36333868,0.3212231,c234,c234
9065,2,0.3478023,0.42809147,0.2241062,c234,c234
9068,2,0.20366055,0.36138394,0.43495548,c5,c5
9072,2,0.3942388,0.44249773,0.16326343,c234,c234
9075,2,0.30637667,0.44330636,0.25031695,c234,c234
9095,2,0.5880454,0.31095812,0.10099646,c1,c1
9101,2,0.35331523,0.41347095,0.23321377,c5,c234
9104,2,0.119690895,0.42103878,0.45927036,c234,c5
9106,2,0.0982193,0.30625242,0.5955282,c5,c5
9108,2,0.14154571,0.34947476,0.50897956,c234,c5
9115,2,0.16013122,0.25270137,0.5871674,c234,c5
9128,2,0.47121784,0.2670536,0.26172853,c5,c1
9145,2,0.27112406,0.43967512,0.2892008,c5,c234
9148,2,0.3681178,0.36587784,0.26600438,c234,c1
9152,2,0.20144215,0.39133534,0.40722248,c1,c5
9164,2,0.3150109,0.3166591,0.36833003,c5,c5
9171,2,0.28965837,0.4651402,0.24520144,c5,c234
9172,2,0.12064747,0.40705046,0.4723021,c5,c5
9176,2,0.3637753,0.43170393,0.20452079,c234,c234
9189,2,0.14786841,0.47453642,0.3775952,c234,c234
9193,2,0.6277469,0.28399876,0.088254355,c1,c1
9196,2,0.31059322,0.48660788,0.20279881,c234,c234
9202,2,0.29607412,0.41903773,0.28488815,c1,c234
9206,2,0.49336678,0.3936345,0.112998664,c5,c1
9207,2,0.5314973,0.36883217,0.099670514,c1,c1
9215,2,0.45988354,0.40337625,0.1367402,c1,c1
9217,2,0.104726255,0.26554117,0.62973255,c234,c5
9223,2,0.11821032,0.3483738,0.53341585,c5,c5
9231,2,0.19980294,0.39282215,0.40737492,c5,c5
9234,2,0.27682325,0.46905637,0.25412032,c234,c234
9239,2,0.66006225,0.27860233,0.06133543,c1,c1
9242,2,0.67643434,0.24939369,0.07417196,c5,c1
9245,2,0.16931063,0.40191352,0.42877582,c1,c5
9247,2,0.5132064,0.36710805,0.11968552,c1,c1
9249,2,0.39887428,0.2414869,0.35963878,c234,c1
9254,2,0.2922765,0.32578945,0.38193402,c5,c5
9256,2,0.28817254,0.44613972,0.2656877,c1,c234
9264,2,0.29345948,0.37515718,0.33138335,c1,c234
9268,2,0.31726712,0.44564682,0.23708607,c234,c234
9273,2,0.23314384,0.24382612,0.52303004,c1,c5
9275,2,0.4304679,0.42858034,0.14095175,c5,c1
9278,2,0.14600968,0.3703087,0.4836816,c5,c5
9284,2,0.38436377,0.27375513,0.34188107,c234,c1
9293,2,0.10674164,0.289411,0.6038473,c5,c5
9296,2,0.12503587,0.39658785,0.47837627,c234,c5
9303,2,0.22330257,0.31112438,0.465573,c5,c5
9305,2,0.099051066,0.24998899,0.6509599,c234,c5
9306,2,0.45553347,0.3721134,0.1723531,c5,c1
9307,2,0.4592055,0.39644018,0.14435439,c234,c1
9309,2,0.21726952,0.39208186,0.39064863,c5,c234
9313,2,0.16850875,0.4224948,0.40899643,c234,c234
9315,2,0.14911719,0.46021125,0.3906716,c5,c234
9319,2,0.18198064,0.38253504,0.43548435,c1,c5
9327,2,0.254988,0.32955635,0.4154556,c234,c5
9331,2,0.40759894,0.2640667,0.32833433,c1,c1
9342,2,0.04976037,0.16728221,0.78295743,c5,c5
9350,2,0.09011041,0.404834,0.5050556,c234,c5
9351,2,0.14458956,0.46514824,0.39026228,c5,c234
9353,2,0.052478567,0.16650192,0.7810195,c234,c5
9375,2,0.061489638,0.16864744,0.7698629,c234,c5
9390,2,0.045238085,0.23737806,0.71738386,c5,c5
9392,2,0.6767685,0.20579892,0.11743257,c1,c1
9408,2,0.18780439,0.49154773,0.32064784,c234,c234
9412,2,0.41067708,0.41132927,0.17799361,c234,c234
9438,2,0.22714904,0.34920534,0.42364565,c1,c5
9449,2,0.26153877,0.25844443,0.4800169,c234,c5
9455,2,0.5557929,0.30247462,0.1417324,c1,c1
9463,2,0.21935578,0.33753332,0.44311085,c5,c5
9468,2,0.46694514,0.3578445,0.17521034,c1,c1
9470,2,0.68722194,0.24519737,0.067580625,c5,c1
9486,2,0.20064136,0.24941279,0.5499459,c5,c5
9488,2,0.26884493,0.40879023,0.32236484,c1,c234
9495,2,0.72335243,0.20943105,0.06721658,c1,c1
9512,2,0.067552134,0.18240815,0.75003976,c5,c5
9513,2,0.67779773,0.24845915,0.07374309,c1,c1
9517,2,0.44845867,0.33913478,0.21240655,c234,c1
9524,2,0.31390762,0.2706383,0.4154541,c1,c5
9526,2,0.28829244,0.47121215,0.24049541,c1,c234
9527,2,0.45744315,0.35371935,0.18883754,c5,c1
9538,2,0.17372943,0.38940817,0.43686238,c5,c5
9544,2,0.5446198,0.29842705,0.15695314,c234,c1
9555,2,0.42762825,0.42063892,0.15173286,c1,c1
9556,2,0.3457315,0.46979812,0.18447033,c1,c234
9559,2,0.25567293,0.45284697,0.29148015,c234,c234
9563,2,0.40448827,0.4384787,0.15703297,c5,c234
9567,2,0.05098659,0.20050222,0.74851114,c234,c5
9573,2,0.1891027,0.32528755,0.4856098,c1,c5
9575,2,0.3229341,0.26410255,0.4129634,c5,c5
9579,2,0.36938918,0.3875894,0.24302143,c234,c234
9582,2,0.29145268,0.46884885,0.23969853,c234,c234
9586,2,0.33698925,0.45153534,0.2114754,c1,c234
9592,2,0.51106757,0.3846455,0.10428696,c1,c1
9597,2,0.54559314,0.2945411,0.15986575,c1,c1
9604,2,0.40471238,0.2899065,0.3053811,c234,c1
9616,2,0.6443314,0.2906446,0.06502399,c1,c1
9628,2,0.46015206,0.29718718,0.24266078,c5,c1
9633,2,0.4704686,0.35148406,0.17804737,c1,c1
9634,2,0.16296104,0.40758893,0.42944998,c1,c5
9635,2,0.047049254,0.18466347,0.7682873,c5,c5
9636,2,0.08727879,0.21336363,0.69935757,c234,c5
9637,2,0.13369724,0.23651521,0.62978756,c234,c5
9642,2,0.13485101,0.2578306,0.60731846,c5,c5
9643,2,0.6367992,0.27056095,0.09263991,c234,c1
9649,2,0.1725252,0.44293118,0.38454357,c5,c234
9655,2,0.6974594,0.23814014,0.06440041,c234,c1
9664,2,0.3104651,0.35240477,0.3371301,c5,c234
9670,2,0.352166,0.32468802,0.32314596,c234,c1
9701,2,0.46694514,0.3578445,0.17521034,c5,c1
9702,2,0.1528184,0.31768546,0.5294962,c1,c5
9705,2,0.28031167,0.2511653,0.4685231,c5,c5
9709,2,0.23552202,0.4036801,0.36079794,c1,c234
9710,2,0.2965758,0.3742211,0.32920307,c234,c234
9713,2,0.14468965,0.33781266,0.5174977,c234,c5
9717,2,0.39821655,0.40815789,0.19362563,c5,c234
9718,2,0.13304257,0.3922769,0.47468045,c234,c5
9719,2,0.36206064,0.37359926,0.26434007,c1,c234
9721,2,0.05213896,0.21247403,0.73538697,c234,c5
9724,2,0.2916034,0.3977969,0.31059974,c1,c234
9729,2,0.31734094,0.4612073,0.2214518,c5,c234
9737,2,0.22330257,0.31112438,0.465573,c234,c5
9740,2,0.27217865,0.23614122,0.49168015,c5,c5
9741,2,0.75208694,0.20099336,0.046919715,c1,c1
9743,2,0.6409823,0.28342906,0.07558868,c234,c1
9749,2,0.40177423,0.28908703,0.30913872,c1,c1
9755,2,0.35240194,0.44520596,0.2023921,c5,c234
9769,2,0.15873395,0.5470467,0.29421932,c5,c234
9773,2,0.09402378,0.23751828,0.66845804,c234,c5
9783,2,0.5360793,0.38612345,0.07779727,c234,c1
9784,2,0.068321414,0.22667174,0.70500684,c234,c5
9787,2,0.26497203,0.43114334,0.30388466,c234,c234
9794,2,0.14160854,0.2917169,0.5666746,c234,c5
9795,2,0.22605583,0.41791746,0.35602665,c234,c234
9797,2,0.13672407,0.34196654,0.52130944,c5,c5
9812,2,0.3593403,0.28057286,0.3600868,c5,c5
9815,2,0.093777,0.21329944,0.69292355,c5,c5
9828,2,0.20802756,0.4231097,0.3688627,c5,c234
9843,2,0.46968696,0.3200251,0.2102879,c234,c1
9844,2,0.062162425,0.17906372,0.75877386,c5,c5
9850,2,0.46170792,0.36706522,0.17122683,c5,c1
9853,2,0.20785615,0.41095632,0.3811876,c5,c234
9856,2,0.17509376,0.25121626,0.57369,c234,c5
9858,2,0.098036356,0.33003727,0.5719264,c234,c5
9859,2,0.1646716,0.32760856,0.5077198,c234,c5
9861,2,0.14791739,0.40100282,0.4510798,c5,c5
9862,2,0.19030479,0.4042546,0.40544066,c234,c5
9868,2,0.62610793,0.2539296,0.11996248,c1,c1
9872,2,0.31366843,0.41261145,0.2737201,c5,c234
9881,2,0.5681942,0.3508243,0.08098154,c1,c1
9892,2,0.34522396,0.28863034,0.36614567,c5,c5
9898,2,0.21878359,0.46942607,0.31179038,c234,c234
9904,2,0.54665583,0.34612092,0.10722325,c234,c1
9909,2,0.35248888,0.3074275,0.3400836,c234,c1
9917,2,0.06218382,0.19925484,0.73856133,c5,c5
9923,2,0.53547764,0.35203323,0.112489104,c1,c1
9925,2,0.3047464,0.42290482,0.27234882,c5,c234
9934,2,0.15608253,0.30548283,0.5384346,c5,c5
9942,2,0.2458546,0.29522085,0.45892453,c1,c5
9947,2,0.6194592,0.28674206,0.09379875,c1,c1
9952,2,0.2535872,0.48582774,0.26058507,c1,c234
9954,2,0.24697982,0.3632789,0.38974136,c5,c5
9962,2,0.72638214,0.21113135,0.06248654,c1,c1
9966,2,0.059855424,0.26904047,0.6711041,c234,c5
9967,2,0.32426423,0.26792356,0.4078122,c1,c5
9973,2,0.20244657,0.3795149,0.4180385,c1,c5
9980,2,0.6409823,0.28342906,0.07558868,c5,c1
9994,2,0.3403565,0.31816337,0.3414801,c1,c5
10001,2,0.7405316,0.16923599,0.09023233,c234,c1
10004,2,0.33064878,0.41352582,0.25582546,c1,c234
10006,2,0.25377467,0.34138694,0.40483832,c5,c5
10009,2,0.5518004,0.21346635,0.2347333,c1,c1
10011,2,0.057119224,0.24498463,0.69789624,c234,c5
10015,2,0.0669876,0.17457111,0.7584412,c5,c5
10037,2,0.18481158,0.39595467,0.41923374,c234,c5
10052,2,0.3229341,0.26410255,0.4129634,c5,c5
10057,2,0.41537836,0.42751887,0.15710272,c234,c234
10068,2,0.48454916,0.38740245,0.1280484,c1,c1
10073,2,0.25439116,0.48499414,0.2606147,c5,c234
10075,2,0.18421099,0.34676597,0.4690231,c5,c5
10087,2,0.5928708,0.33281404,0.07431526,c234,c1
10090,2,0.08434424,0.31776834,0.5978875,c234,c5
10095,2,0.15286309,0.2716444,0.5754925,c1,c5
10105,2,0.39712656,0.26441416,0.3384593,c234,c1
10108,2,0.24316888,0.47709063,0.2797405,c5,c234
10120,2,0.106737435,0.2432364,0.65002614,c1,c5
10122,2,0.5354918,0.36477274,0.09973549,c234,c1
10124,2,0.0489893,0.20754069,0.74347,c5,c5
10125,2,0.63062215,0.259202,0.11017587,c1,c1
10126,2,0.21094115,0.2981268,0.49093205,c5,c5
10130,2,0.16992772,0.37819958,0.45187268,c234,c5
10144,2,0.6647058,0.25520554,0.08008861,c234,c1
10145,2,0.23363227,0.24676487,0.5196029,c5,c5
10148,2,0.37589315,0.47291666,0.15119016,c5,c234
10149,2,0.23724581,0.35497627,0.40777794,c234,c5
10151,2,0.5247191,0.34447643,0.13080439,c5,c1
10163,2,0.17666338,0.4822181,0.34111848,c5,c234
10164,2,0.27712747,0.35070705,0.37216544,c5,c5
10166,2,0.16245696,0.46540284,0.37214017,c234,c234
10167,2,0.60117537,0.29835817,0.10046649,c1,c1
10173,2,0.35290772,0.45853996,0.18855232,c1,c234
10175,2,0.34965578,0.32595482,0.3243894,c234,c1
10180,2,0.5052886,0.4080977,0.086613685,c1,c1
10183,2,0.07840615,0.26382375,0.65777004,c5,c5
10187,2,0.47996816,0.37425613,0.14577574,c1,c1
10200,2,0.05570269,0.2427899,0.70150745,c234,c5
10201,2,0.09095283,0.30896914,0.6000781,c234,c5
10206,2,0.41061556,0.2944944,0.2948901,c1,c1
10214,2,0.04710334,0.24291821,0.7099784,c5,c5
10222,2,0.17657456,0.3782147,0.44521078,c1,c5
10225,2,0.13202047,0.300359,0.5676205,c234,c5
10237,2,0.17212361,0.28539053,0.5424859,c5,c5
10242,2,0.47364163,0.35448146,0.171877,c1,c1
10245,2,0.35395497,0.35328588,0.29275918,c234,c1
10248,2,0.32053939,0.4232484,0.2562122,c1,c234
10251,2,0.38753763,0.3725094,0.23995295,c5,c1
10260,2,0.13652211,0.19639622,0.66708165,c5,c5
10261,2,0.3707388,0.31120172,0.3180595,c5,c1
10277,2,0.5741743,0.29820967,0.12761612,c5,c1
10288,2,0.32754114,0.40890238,0.26355645,c5,c234
10292,2,0.79103035,0.15466419,0.054305494,c1,c1
10293,2,0.62084955,0.2955777,0.08357276,c234,c1
10298,2,0.6042643,0.30378988,0.09194579,c1,c1
10302,2,0.52496713,0.34037468,0.13465823,c1,c1
10304,2,0.34131095,0.26732635,0.3913627,c234,c5
10311,2,0.15037313,0.3188455,0.5307814,c5,c5
10313,2,0.15753974,0.33984053,0.50261974,c234,c5
10314,2,0.17813005,0.3853849,0.43648508,c5,c5
10321,2,0.48172557,0.3665446,0.15172978,c234,c1
10326,2,0.06756904,0.1959954,0.7364356,c5,c5
10331,2,0.20757101,0.45315546,0.3392735,c234,c234
10340,2,0.30164474,0.44554362,0.25281164,c234,c234
10345,2,0.67396426,0.2647995,0.06123627,c5,c1
10349,2,0.36954567,0.386289,0.24416533,c1,c234
10350,2,0.741548,0.18721825,0.071233734,c1,c1
10354,2,0.34903294,0.31989986,0.33106717,c234,c1
10357,2,0.1775762,0.31667978,0.50574404,c5,c5
10360,2,0.22068883,0.34706515,0.43224603,c5,c5
10378,2,0.5347755,0.34378397,0.12144059,c1,c1
10381,2,0.5910281,0.2810283,0.12794368,c1,c1
10386,2,0.17769042,0.4010185,0.42129108,c234,c5
10389,2,0.26377794,0.42131022,0.31491184,c1,c234
10397,2,0.10846857,0.37126988,0.5202615,c234,c5
10399,2,0.6409823,0.28342906,0.07558868,c1,c1
10402,2,0.6191802,0.22834045,0.15247935,c1,c1
10407,2,0.24829009,0.45717734,0.2945325,c5,c234
10409,2,0.58115023,0.2780232,0.14082652,c1,c1
10419,2,0.50991786,0.39897084,0.091111295,c234,c1
10421,2,0.17287873,0.26591945,0.5612018,c1,c5
10423,2,0.2661021,0.371708,0.3621899,c234,c234
10427,2,0.19784889,0.3431483,0.45900276,c5,c5
10434,2,0.41537836,0.42751887,0.15710272,c234,c234
10440,2,0.12975974,0.2324753,0.637765,c5,c5
10443,2,0.12965783,0.24111722,0.62922496,c5,c5
10454,2,0.31997052,0.41900468,0.26102483,c1,c234
10456,2,0.28114104,0.32330507,0.3955539,c1,c5
10458,2,0.38107735,0.4585462,0.16037644,c234,c234
10461,2,0.04780116,0.23451136,0.7176875,c5,c5
10476,2,0.5661774,0.30436906,0.12945348,c234,c1
10482,2,0.42523158,0.397765,0.17700341,c1,c1
10487,2,0.19936982,0.36335534,0.43727478,c5,c5
10492,2,0.6409823,0.28342906,0.07558868,c234,c1
10494,2,0.25354534,0.29638833,0.4500664,c1,c5
10495,2,0.043793898,0.18973342,0.76647276,c5,c5
10497,2,0.20578963,0.49173906,0.30247128,c234,c234
10505,2,0.22137608,0.5020555,0.27656838,c234,c234
10508,2,0.07327413,0.17024271,0.75648314,c5,c5
10514,2,0.13582006,0.41227165,0.45190832,c234,c5
10519,2,0.5578845,0.26099688,0.1811186,c1,c1
10521,2,0.42403808,0.38082516,0.19513668,c234,c1
10529,2,0.24395993,0.31174397,0.44429615,c1,c5
10530,2,0.30832466,0.47990933,0.21176602,c234,c234
10531,2,0.60424894,0.21056344,0.18518755,c5,c1
10535,2,0.68722194,0.24519737,0.067580625,c5,c1
10537,2,0.14768513,0.47766545,0.37464944,c234,c234
10544,2,0.3068048,0.23960795,0.45358723,c5,c5
10548,2,0.81837106,0.12550128,0.05612764,c1,c1
10556,2,0.22091658,0.3838122,0.39527127,c5,c5
10565,2,0.43376324,0.35411364,0.21212311,c5,c1
10572,2,0.22793572,0.506068,0.26599634,c234,c234
10574,2,0.3334423,0.46759596,0.19896172,c1,c234
10575,2,0.10780004,0.3223819,0.569818,c5,c5
10577,2,0.5364381,0.32699868,0.13656315,c234,c1
10578,2,0.49881455,0.2769551,0.22423035,c1,c1
10584,2,0.19255333,0.27109656,0.53635013,c1,c5
10593,2,0.2690615,0.47763816,0.2533004,c5,c234
10594,2,0.11227991,0.23397751,0.6537426,c5,c5
10601,2,0.7429785,0.19865614,0.058365315,c5,c1
10605,2,0.078905724,0.2610696,0.6600247,c5,c5
10607,2,0.13489924,0.30841073,0.55669004,c5,c5
10608,2,0.16868849,0.33478168,0.49652988,c5,c5
10623,2,0.1416656,0.28810012,0.5702343,c5,c5
10636,2,0.3424621,0.38968623,0.26785168,c234,c234
10639,2,0.110604264,0.28825468,0.6011411,c234,c5
10640,2,0.3510396,0.44969955,0.19926086,c234,c234
10643,2,0.13644998,0.5484364,0.3151136,c234,c234
10649,2,0.27683926,0.31371912,0.40944165,c1,c5
10651,2,0.56621,0.32709023,0.10669984,c5,c1
10653,2,0.12797451,0.3191073,0.5529182,c234,c5
10655,2,0.3862228,0.38542214,0.22835506,c1,c1
10664,2,0.20258918,0.31720382,0.48020703,c5,c5
10670,2,0.15541148,0.38174695,0.4628416,c1,c5
10671,2,0.2977263,0.41900378,0.28326997,c1,c234
10673,2,0.32835528,0.43803734,0.23360743,c234,c234
10675,2,0.59335047,0.2154226,0.19122696,c1,c1
10682,2,0.33917952,0.37452203,0.28629848,c5,c234
10683,2,0.2795018,0.44208613,0.2784121,c5,c234
10693,2,0.46693954,0.2511581,0.28190243,c234,c1
10694,2,0.09006578,0.2566675,0.6532667,c5,c5
10698,2,0.059520584,0.21749148,0.72298795,c5,c5
10699,2,0.10181637,0.37297475,0.52520883,c234,c5
10700,2,0.4281647,0.3542684,0.2175668,c234,c1
10702,2,0.516628,0.36194354,0.12142844,c234,c1
10703,2,0.21463247,0.37816605,0.40720144,c5,c5
10704,2,0.32245466,0.28395796,0.39358744,c234,c5
10708,2,0.46495667,0.37214667,0.16289666,c5,c1
10710,2,0.71185577,0.20939922,0.07874503,c1,c1
10712,2,0.49315274,0.35201043,0.1548368,c1,c1
10714,2,0.30842105,0.37073475,0.32084417,c1,c234
10723,2,0.14034823,0.31156626,0.5480855,c234,c5
10737,2,0.6429938,0.29441997,0.06258623,c234,c1
10740,2,0.30871525,0.36552477,0.32575995,c1,c234
10745,2,0.22330257,0.31112438,0.465573,c234,c5
10746,2,0.5430042,0.27941224,0.17758355,c5,c1
10753,2,0.12252187,0.39666584,0.48081234,c1,c5
10758,2,0.07074372,0.20705353,0.7222027,c5,c5
10760,2,0.2890111,0.28973526,0.42125368,c1,c5
10764,2,0.084415466,0.2625376,0.65304697,c5,c5
10765,2,0.50654906,0.37377954,0.11967146,c234,c1
10778,2,0.42276347,0.26948035,0.30775622,c5,c1
10788,2,0.13365777,0.2573021,0.60904014,c5,c5
10794,2,0.3971062,0.45681545,0.14607829,c234,c234
10800,2,0.55556726,0.33845267,0.105980106,c234,c1
10803,2,0.479724,0.30946854,0.21080749,c1,c1
10805,2,0.43052056,0.39391217,0.17556731,c234,c1
10808,2,0.4862239,0.3452898,0.16848636,c1,c1
10811,2,0.22330257,0.31112438,0.465573,c234,c5
10824,2,0.5879248,0.2841804,0.12789485,c1,c1
10825,2,0.105029024,0.33681032,0.55816066,c5,c5
10831,2,0.574099,0.3321819,0.09371908,c234,c1
10835,2,0.4047477,0.3029663,0.29228604,c1,c1
10837,2,0.16947608,0.3350743,0.4954496,c1,c5
10842,2,0.2872317,0.3666917,0.3460766,c234,c234
10848,2,0.34523094,0.30755177,0.34721732,c5,c5
10856,2,0.22937168,0.35957715,0.4110512,c1,c5
10862,2,0.09287806,0.28832835,0.6187936,c5,c5
10866,2,0.51890683,0.36567637,0.11541687,c1,c1
10871,2,0.31068546,0.3487565,0.34055802,c234,c234
10872,2,0.40363756,0.26367998,0.33268246,c5,c1
10882,2,0.45473975,0.34613788,0.1991224,c234,c1
10892,2,0.32822677,0.3268274,0.34494582,c1,c5
10893,2,0.21090396,0.43667358,0.35242242,c5,c234
10896,2,0.12329438,0.3203483,0.5563573,c5,c5
10897,2,0.41584334,0.37490433,0.20925239,c1,c1
10905,2,0.27738962,0.46886992,0.2537404,c5,c234
10906,2,0.2712857,0.44580275,0.2829115,c234,c234
10910,2,0.3462032,0.3491209,0.30467597,c5,c234
10915,2,0.41791445,0.3794023,0.20268317,c1,c1
10916,2,0.22330257,0.31112438,0.465573,c234,c5
10917,2,0.079704374,0.3407692,0.5795264,c234,c5
10918,2,0.22054876,0.35676447,0.4226868,c1,c5
10920,2,0.31737733,0.37819687,0.3044258,c1,c234
10926,2,0.36837566,0.28926495,0.3423594,c1,c1
10928,2,0.5308249,0.34556195,0.12361314,c234,c1
10936,2,0.044813614,0.20385411,0.7513322,c234,c5
10943,2,0.21775083,0.23868585,0.54356337,c5,c5
10948,2,0.36322477,0.45407298,0.18270221,c234,c234
10952,2,0.18551938,0.41603795,0.39844266,c5,c234
10959,2,0.58781236,0.3054001,0.106787555,c234,c1
10973,2,0.48453376,0.35754547,0.15792075,c5,c1
10975,2,0.058186404,0.20974204,0.73207164,c5,c5
10978,2,0.5170647,0.37468493,0.10825042,c1,c1
10982,2,0.5703713,0.35251263,0.07711603,c1,c1
10988,2,0.22330257,0.31112438,0.465573,c5,c5
10990,2,0.11139959,0.33946863,0.5491318,c234,c5
11005,2,0.056860425,0.27305996,0.6700795,c234,c5
11009,2,0.24440098,0.433358,0.32224095,c5,c234
11017,2,0.28524378,0.29906982,0.4156864,c5,c5
11018,2,0.14688285,0.3140025,0.53911465,c5,c5
11032,2,0.46693954,0.2511581,0.28190243,c5,c1
11034,2,0.10718441,0.25643244,0.6363832,c5,c5
11037,2,0.34012753,0.4027544,0.2571181,c5,c234
11039,2,0.46694514,0.3578445,0.17521034,c234,c1
11042,2,0.3833293,0.35234287,0.26432788,c234,c1
11044,2,0.40759894,0.2640667,0.32833433,c1,c1
11045,2,0.3229341,0.26410255,0.4129634,c234,c5
11049,2,0.20483153,0.32836035,0.4668081,c234,c5
11054,2,0.7207223,0.18778227,0.09149544,c1,c1
11057,2,0.30745605,0.32588995,0.36665398,c5,c5
11059,2,0.27834758,0.42749724,0.29415518,c234,c234
11063,2,0.2254021,0.4678326,0.3067653,c5,c234
11064,2,0.61644197,0.29374814,0.08980985,c234,c1
11091,2,0.5170647,0.37468493,0.10825042,c1,c1
11093,2,0.39122188,0.40216517,0.20661296,c1,c234
11096,2,0.773137,0.17204753,0.054815434,c1,c1
11097,2,0.29948494,0.35508865,0.34542638,c1,c234
11103,2,0.40229917,0.3604206,0.23728025,c234,c1
11104,2,0.23290864,0.421949,0.3451423,c5,c234
11109,2,0.6030173,0.29546764,0.101515114,c1,c1
11110,2,0.10391864,0.2444065,0.65167487,c5,c5
11114,2,0.07192384,0.31757534,0.6105008,c1,c5
11135,2,0.6409823,0.28342906,0.07558868,c1,c1
11136,2,0.32825938,0.27780908,0.39393157,c1,c5
11138,2,0.5426905,0.33370993,0.12359957,c1,c1
11139,2,0.06932059,0.1766278,0.75405157,c5,c5
11149,2,0.19752361,0.44037026,0.36210606,c234,c234
11152,2,0.13813335,0.42714596,0.43472075,c5,c5
11154,2,0.42091876,0.36654973,0.2125315,c1,c1
11159,2,0.4830556,0.3564003,0.16054417,c1,c1
11160,2,0.19099876,0.4609873,0.34801394,c234,c234
11161,2,0.5430869,0.3436304,0.113282695,c1,c1
11164,2,0.08968135,0.3066647,0.6036539,c5,c5
11166,2,0.47130528,0.4226817,0.1060131,c5,c1
11170,2,0.40759894,0.2640667,0.32833433,c5,c1
11174,2,0.31621602,0.44054908,0.24323493,c5,c234
11183,2,0.36105222,0.4452417,0.19370607,c234,c234
11197,2,0.5052693,0.25027916,0.2444516,c1,c1
11205,2,0.10508259,0.2285011,0.6664163,c5,c5
11206,2,0.42499545,0.41629228,0.1587123,c1,c1
11212,2,0.25668454,0.4959818,0.24733372,c1,c234
11213,2,0.69627684,0.24679214,0.056931056,c234,c1
11215,2,0.12069846,0.2309405,0.648361,c234,c5
11221,2,0.29538465,0.26906982,0.43554553,c234,c5
11235,2,0.059110012,0.2991611,0.6417288,c234,c5
11236,2,0.53013176,0.32279965,0.14706858,c1,c1
11239,2,0.08091725,0.38181672,0.5372661,c5,c5
11247,2,0.4983014,0.39164677,0.1100518,c1,c1
11248,2,0.2798231,0.421451,0.29872587,c5,c234
11249,2,0.26549822,0.4558371,0.27866462,c1,c234
11256,2,0.61961687,0.29424462,0.08613853,c1,c1
11263,2,0.22091658,0.3838122,0.39527127,c5,c5
11264,2,0.34016502,0.3847054,0.27512962,c234,c234
11266,2,0.2584693,0.4280207,0.31350997,c1,c234
11271,2,0.0958885,0.35713986,0.5469717,c234,c5
11273,2,0.46201298,0.37369308,0.16429399,c234,c1
11278,2,0.075996526,0.19660333,0.7274001,c5,c5
11279,2,0.16195676,0.17295013,0.6650931,c5,c5
11287,2,0.3296779,0.23867138,0.4316508,c5,c5
11289,2,0.43144315,0.2896219,0.27893496,c234,c1
11294,2,0.27100572,0.41449738,0.31449687,c1,c234
11301,2,0.12169574,0.31228206,0.5660222,c1,c5
11315,2,0.2332592,0.5072509,0.2594899,c5,c234
11319,2,0.24440098,0.433358,0.32224095,c234,c234
11322,2,0.4834733,0.30919576,0.20733097,c234,c1
11328,2,0.3593072,0.40596664,0.23472613,c234,c234
11333,2,0.31838042,0.4133814,0.26823825,c5,c234
11335,2,0.15559526,0.47576973,0.36863503,c234,c234
11336,2,0.3532445,0.4396065,0.20714906,c234,c234
11339,2,0.7391063,0.20990449,0.050989185,c234,c1
11340,2,0.35521445,0.26834276,0.3764428,c1,c5
11343,2,0.15559052,0.43318,0.4112295,c234,c234
11344,2,0.21899942,0.2816603,0.49934027,c5,c5
11345,2,0.30173707,0.43813646,0.26012653,c234,c234
11348,2,0.13521323,0.33339196,0.53139484,c5,c5
11352,2,0.17373386,0.32636547,0.49990067,c5,c5
11354,2,0.1261682,0.25764295,0.6161888,c5,c5
11355,2,0.049403515,0.15092482,0.7996717,c5,c5
11357,2,0.41537836,0.42751887,0.15710272,c234,c234
11368,2,0.4997571,0.28733692,0.21290599,c1,c1
11369,2,0.46308517,0.31510353,0.2218113,c1,c1
11372,2,0.22335216,0.227813,0.54883486,c5,c5
11380,2,0.5198889,0.3505741,0.129537,c1,c1
11382,2,0.67651993,0.23905142,0.08442868,c1,c1
11383,2,0.3153251,0.31487316,0.36980176,c234,c5
11390,2,0.38299242,0.32134286,0.29566473,c1,c1
11400,2,0.42997184,0.4224282,0.14759998,c1,c1
11405,2,0.41712755,0.33732632,0.24554613,c5,c1
11413,2,0.37412122,0.44322366,0.18265516,c1,c234
11426,2,0.47368196,0.35446835,0.17184967,c1,c1
11439,2,0.22229186,0.3620065,0.41570163,c5,c5
11444,2,0.18264082,0.2715616,0.5457975,c5,c5
11446,2,0.47914204,0.31286073,0.20799716,c1,c1
11452,2,0.22106408,0.30252782,0.4764081,c5,c5
11456,2,0.10242262,0.21519384,0.68238354,c5,c5
11457,2,0.15056954,0.407098,0.44233248,c1,c5
11459,2,0.39546216,0.46053958,0.14399825,c1,c234
11473,2,0.38709018,0.35296628,0.25994352,c5,c1
11474,2,0.31634727,0.4164148,0.2672379,c234,c234
11477,2,0.34083888,0.38097662,0.27818456,c234,c234
11486,2,0.10438522,0.23909336,0.65652144,c1,c5
11493,2,0.39102268,0.2778187,0.33115858,c234,c1
11498,2,0.59378564,0.28046736,0.12574704,c234,c1
11499,2,0.23305313,0.40559033,0.36135653,c5,c234
11521,2,0.1766617,0.27209517,0.5512432,c234,c5
11525,2,0.14766827,0.38395864,0.46837315,c5,c5
11526,2,0.47135526,0.3198902,0.20875451,c1,c1
11534,2,0.18120874,0.25953785,0.55925345,c5,c5
11536,2,0.48793837,0.3735221,0.13853955,c5,c1
11539,2,0.5904674,0.2992891,0.11024352,c1,c1
11546,2,0.50046086,0.33993337,0.15960582,c234,c1
11548,2,0.37210068,0.38485083,0.2430485,c1,c234
11552,2,0.40759894,0.2640667,0.32833433,c1,c1
11566,2,0.05175406,0.20097737,0.7472686,c234,c5
11570,2,0.0950605,0.26288727,0.64205223,c234,c5
11574,2,0.06532113,0.3155341,0.61914474,c5,c5
11578,2,0.7332923,0.21791486,0.048792835,c234,c1
11586,2,0.6409823,0.28342906,0.07558868,c234,c1
11588,2,0.108804025,0.30957568,0.58162034,c1,c5
11595,2,0.24648263,0.38390943,0.36960796,c234,c234
11597,2,0.08302897,0.33355728,0.5834138,c5,c5
11598,2,0.35190624,0.42357415,0.22451958,c234,c234
11602,2,0.42075494,0.3621825,0.21706252,c1,c1
11605,2,0.044904362,0.16456941,0.7905263,c5,c5
11607,2,0.6180196,0.30091387,0.08106653,c234,c1
11610,2,0.15168935,0.4100255,0.43828517,c1,c5
11615,2,0.44555035,0.27279204,0.2816576,c234,c1
11624,2,0.420437,0.43686527,0.14269768,c234,c234
11630,2,0.5403618,0.27257472,0.18706346,c1,c1
11635,2,0.55137837,0.284276,0.16434567,c1,c1
11638,2,0.57758826,0.33030728,0.0921045,c1,c1
11641,2,0.2075219,0.2876829,0.5047952,c5,c5
11644,2,0.3205526,0.34134102,0.33810636,c1,c234
11654,2,0.100907035,0.37730253,0.52179044,c5,c5
11658,2,0.6409823,0.28342906,0.07558868,c1,c1
11661,2,0.30425876,0.34076408,0.35497713,c234,c5
11666,2,0.1561105,0.4934606,0.35042888,c5,c234
11677,2,0.47876942,0.4017641,0.11946644,c234,c1
11680,2,0.382242,0.4681612,0.14959678,c1,c234
11683,2,0.6602609,0.26390308,0.075835966,c5,c1
11693,2,0.124798134,0.45783198,0.4173699,c234,c234
11696,2,0.34488505,0.4256943,0.22942069,c234,c234
11701,2,0.3038947,0.45533764,0.24076763,c234,c234
11704,2,0.07155699,0.1673527,0.76109034,c5,c5
11714,2,0.5813063,0.30344257,0.11525116,c234,c1
11715,2,0.47383383,0.39267823,0.13348792,c234,c1
11728,2,0.17817141,0.4568689,0.36495975,c234,c234
11729,2,0.59544724,0.24876535,0.15578744,c234,c1
11752,2,0.2338999,0.27214134,0.49395868,c1,c5
11758,2,0.062597886,0.25046727,0.68693477,c234,c5
11759,2,0.35479838,0.31738958,0.32781205,c234,c1
11767,2,0.5364236,0.28208938,0.18148698,c1,c1
11774,2,0.17495935,0.21971624,0.60532445,c5,c5
11775,2,0.174942,0.27984676,0.54521126,c234,c5
11776,2,0.6913082,0.23953755,0.06915426,c1,c1
11789,2,0.5321418,0.34345338,0.12440481,c1,c1
11790,2,0.41537836,0.42751887,0.15710272,c234,c234
11801,2,0.24673702,0.3859511,0.36731184,c234,c234
11807,2,0.09779963,0.34269032,0.55951005,c5,c5
11808,2,0.06652672,0.22519438,0.70827895,c5,c5
11814,2,0.07863324,0.20878392,0.71258277,c5,c5
11825,2,0.4081695,0.38442397,0.20740648,c1,c1
11840,2,0.46693954,0.2511581,0.28190243,c1,c1
11845,2,0.51762176,0.35372064,0.12865764,c1,c1
11859,2,0.7048789,0.19727299,0.09784813,c1,c1
11868,2,0.13585927,0.21630889,0.6478319,c5,c5
11875,2,0.6334004,0.28689334,0.079706326,c234,c1
11877,2,0.3593403,0.28057286,0.3600868,c5,c5
11880,2,0.104469344,0.20661135,0.6889193,c5,c5
11883,2,0.095412776,0.30537564,0.59921163,c234,c5
11884,2,0.40511978,0.2716859,0.32319427,c5,c1
11885,2,0.20620184,0.24452724,0.5492709,c234,c5
11887,2,0.50540966,0.38534117,0.10924915,c1,c1
11888,2,0.28535685,0.43395028,0.28069288,c234,c234
11894,2,0.454263,0.34997898,0.19575806,c234,c1
11897,2,0.53265786,0.35870257,0.108639546,c1,c1
11903,2,0.590959,0.30699745,0.10204349,c1,c1
11914,2,0.20503566,0.2923051,0.50265926,c1,c5
11918,2,0.20758495,0.36512434,0.42729068,c5,c5
11921,2,0.3229341,0.26410255,0.4129634,c1,c5
11924,2,0.301884,0.3300304,0.36808562,c234,c5
11936,2,0.5052693,0.25027916,0.2444516,c1,c1
11944,2,0.10236719,0.24589612,0.6517367,c5,c5
11947,2,0.07643085,0.32210034,0.60146886,c5,c5
11953,2,0.19082013,0.2802465,0.52893335,c234,c5
11966,2,0.6889381,0.23056825,0.08049368,c5,c1
11970,2,0.12442106,0.49233514,0.38324383,c234,c234
11972,2,0.18585923,0.32255033,0.4915904,c1,c5
11973,2,0.10722911,0.38220757,0.5105633,c1,c5
11984,2,0.25072157,0.44223788,0.3070405,c234,c234
11985,2,0.20047893,0.4482704,0.35125068,c234,c234
11987,2,0.42492372,0.29618326,0.27889296,c5,c1
11991,2,0.20360132,0.2905084,0.50589037,c5,c5
11995,2,0.24481674,0.3267735,0.42840979,c234,c5
12012,2,0.49715266,0.33729494,0.1655524,c1,c1
12027,2,0.3229341,0.26410255,0.4129634,c5,c5
12035,2,0.21142696,0.26464716,0.5239259,c1,c5
12037,2,0.6409823,0.28342906,0.07558868,c1,c1
12046,2,0.24260975,0.43044454,0.32694566,c5,c234
12056,2,0.60570407,0.30509743,0.08919851,c1,c1
12061,2,0.4993332,0.39288914,0.10777767,c234,c1
12065,2,0.22136116,0.2793063,0.4993325,c234,c5
12066,2,0.53344065,0.351251,0.115308315,c234,c1
12068,2,0.5802458,0.31713444,0.1026197,c234,c1
12070,2,0.3633999,0.33402446,0.30257574,c234,c1
12071,2,0.39927667,0.26535946,0.33536386,c5,c1
12076,2,0.3505641,0.3802551,0.26918083,c234,c234
12077,2,0.6237722,0.27849185,0.097735964,c5,c1
12084,2,0.27325398,0.4743357,0.2524103,c234,c234
12085,2,0.13358444,0.28982285,0.5765927,c234,c5
12092,2,0.41061556,0.2944944,0.2948901,c234,c1
12094,2,0.21326008,0.52589434,0.26084554,c234,c234
12095,2,0.06733578,0.25986326,0.67280096,c234,c5
12099,2,0.3714767,0.29216328,0.33635998,c5,c1
12105,2,0.108271345,0.41494516,0.47678345,c1,c5
12112,2,0.81643957,0.12767452,0.055885907,c234,c1
12119,2,0.07598051,0.25339377,0.67062575,c234,c5
12122,2,0.3593403,0.28057286,0.3600868,c1,c5
12128,2,0.0739355,0.21492758,0.71113694,c234,c5
12131,2,0.39277,0.4193282,0.18790181,c234,c234
12132,2,0.15718204,0.35795337,0.4848645,c234,c5
12144,2,0.08780754,0.24114572,0.6710468,c234,c5
12145,2,0.49393898,0.2740473,0.23201378,c5,c1
12155,2,0.35163558,0.32887006,0.31949437,c5,c1
12160,2,0.05326736,0.21355054,0.7331821,c5,c5
12161,2,0.17294878,0.42049104,0.40656012,c5,c234
12162,2,0.4210677,0.45284393,0.12608838,c1,c234
12170,2,0.48245248,0.38169792,0.13584961,c1,c1
12187,2,0.057962533,0.27283552,0.66920197,c5,c5
12188,2,0.39767513,0.43241063,0.16991422,c5,c234
12196,2,0.08675029,0.32675332,0.5864964,c234,c5
12206,2,0.48072925,0.38966298,0.12960783,c1,c1
12211,2,0.12869453,0.48521397,0.38609147,c1,c234
12219,2,0.22510651,0.28584945,0.48904407,c1,c5
12224,2,0.43077397,0.35404235,0.21518363,c5,c1
12225,2,0.43911853,0.40308082,0.15780056,c5,c1
12237,2,0.46293092,0.39302826,0.1440409,c5,c1
12251,2,0.13819677,0.40086305,0.46094018,c1,c5
12258,2,0.2890111,0.28973526,0.42125368,c1,c5
12262,2,0.6658914,0.20658593,0.1275227,c1,c1
12267,2,0.24037954,0.2848834,0.47473708,c1,c5
12269,2,0.0448066,0.27387127,0.6813221,c234,c5
12282,2,0.44923672,0.41264555,0.13811775,c234,c1
12288,2,0.6409823,0.28342906,0.07558868,c1,c1
12289,2,0.058538463,0.26030955,0.68115205,c5,c5
12302,2,0.3834659,0.37950766,0.23702642,c234,c1
12307,2,0.46694514,0.3578445,0.17521034,c1,c1
12308,2,0.23381653,0.29472512,0.47145832,c5,c5
12310,2,0.30054024,0.44433233,0.25512746,c1,c234
12313,2,0.3084717,0.25286067,0.4386676,c1,c5
12315,2,0.22330257,0.31112438,0.465573,c234,c5
12318,2,0.30642855,0.3349373,0.35863414,c5,c5
12320,2,0.22330257,0.31112438,0.465573,c5,c5
12325,2,0.16434929,0.39367637,0.4419743,c5,c5
12326,2,0.772302,0.17555113,0.05214682,c1,c1
12328,2,0.567673,0.3022777,0.1300492,c1,c1
12329,2,0.09558594,0.26164374,0.64277035,c234,c5
12336,2,0.20238277,0.3798124,0.4178048,c5,c5
12338,2,0.45607215,0.30043507,0.24349283,c1,c1
12340,2,0.23686011,0.38861412,0.3745258,c5,c234
12342,2,0.67779773,0.24845915,0.07374309,c1,c1
12349,2,0.27069122,0.24580614,0.4835027,c1,c5
12351,2,0.23794076,0.33151954,0.4305396,c5,c5
12354,2,0.6868088,0.20436299,0.10882823,c5,c1
12357,2,0.06721412,0.16506195,0.767724,c5,c5
12373,2,0.10322023,0.38071105,0.5160687,c234,c5
12381,2,0.20301224,0.3945781,0.4024096,c234,c5
12387,2,0.19255333,0.27109656,0.53635013,c1,c5
12389,2,0.47603783,0.26122957,0.26273263,c5,c1
12390,2,0.46693954,0.2511581,0.28190243,c5,c1
12396,2,0.40759894,0.2640667,0.32833433,c5,c1
12399,2,0.6417794,0.26882657,0.08939398,c5,c1
12401,2,0.13836698,0.24332938,0.61830366,c234,c5
12403,2,0.09726919,0.27584544,0.6268853,c1,c5
12404,2,0.28082997,0.3667187,0.35245135,c5,c234
12410,2,0.13276441,0.20797728,0.6592583,c234,c5
12421,2,0.63970226,0.27291647,0.0873812,c1,c1
12424,2,0.20290238,0.5298987,0.26719895,c1,c234
12428,2,0.2970759,0.34905952,0.3538646,c1,c5
12430,2,0.34019116,0.28606784,0.37374094,c1,c5
12437,2,0.44353494,0.34843215,0.20803295,c1,c1
12444,2,0.35444254,0.43605492,0.20950256,c5,c234
12449,2,0.22420622,0.4426335,0.33316022,c5,c234
12459,2,0.75948924,0.18061484,0.059895843,c1,c1
12462,2,0.51340723,0.36974823,0.11684459,c5,c1
12463,2,0.22517437,0.4301319,0.34469378,c234,c234
12464,2,0.6409823,0.28342906,0.07558868,c234,c1
12465,2,0.4234723,0.3398207,0.23670697,c5,c1
12473,2,0.3660375,0.33446285,0.29949963,c1,c1
12476,2,0.07192205,0.24236056,0.6857174,c5,c5
12480,2,0.22330257,0.31112438,0.465573,c5,c5
12481,2,0.23776092,0.4552851,0.30695397,c5,c234
12484,2,0.34918436,0.2613674,0.3894482,c1,c5
12485,2,0.43110207,0.38577753,0.18312037,c1,c1
12489,2,0.55523807,0.33201355,0.11274839,c234,c1
12492,2,0.14687142,0.32628632,0.52684224,c234,c5
12493,2,0.24309173,0.49081904,0.2660893,c5,c234
12507,2,0.12458945,0.23959611,0.6358144,c234,c5
12509,2,0.43566248,0.35553393,0.20880364,c234,c1
12512,2,0.057763338,0.29141912,0.6508176,c1,c5
12514,2,0.25157574,0.2835543,0.46487,c234,c5
12519,2,0.32789427,0.3661387,0.305967,c5,c234
12520,2,0.6682101,0.25306728,0.07872264,c1,c1
12522,2,0.650328,0.26949677,0.08017527,c1,c1
12523,2,0.14242893,0.45909324,0.39847782,c5,c234
12527,2,0.15355632,0.27979958,0.56664413,c5,c5
12533,2,0.13590841,0.20934594,0.65474564,c1,c5
12535,2,0.20758948,0.36651662,0.42589393,c234,c5
12540,2,0.13255213,0.2757065,0.59174144,c234,c5
12544,2,0.38316455,0.38440606,0.23242941,c234,c234
12546,2,0.37035036,0.44924337,0.18040626,c5,c234
12554,2,0.29197565,0.39072,0.31730434,c234,c234
12558,2,0.48951626,0.3805847,0.12989904,c1,c1
12561,2,0.50924987,0.32642692,0.16432321,c1,c1
12563,2,0.34935305,0.46542376,0.1852232,c1,c234
12567,2,0.42684266,0.2607963,0.31236103,c234,c1
12570,2,0.5192848,0.35104412,0.1296711,c1,c1
12573,2,0.30693814,0.481087,0.21197493,c234,c234
12574,2,0.1966727,0.43463632,0.368691,c5,c234
12578,2,0.573452,0.33980054,0.08674756,c1,c1
12588,2,0.42790675,0.4039488,0.16814443,c234,c1
12589,2,0.4454701,0.275285,0.27924487,c1,c1
12594,2,0.2967668,0.43163505,0.27159816,c234,c234
12596,2,0.17458351,0.3157828,0.5096337,c234,c5
12605,2,0.15661651,0.47772464,0.3656588,c5,c234
12606,2,0.35312268,0.4015962,0.24528116,c234,c234
12607,2,0.19025475,0.35932535,0.45041993,c234,c5
12608,2,0.10171596,0.20046113,0.6978229,c1,c5
12614,2,0.25697526,0.2680614,0.4749633,c5,c5
12615,2,0.3256477,0.28526852,0.38908377,c234,c5
12617,2,0.050230216,0.25974056,0.6900292,c5,c5
12626,2,0.6582347,0.27569407,0.066071235,c1,c1
12640,2,0.38974664,0.3482383,0.2620151,c1,c1
12644,2,0.19699122,0.33022055,0.47278818,c5,c5
12656,2,0.250101,0.41355667,0.33634233,c1,c234
12658,2,0.5159486,0.35180342,0.132248,c1,c1
12660,2,0.21888569,0.43519992,0.34591436,c234,c234
12663,2,0.18120894,0.2482281,0.57056296,c1,c5
12666,2,0.22330257,0.31112438,0.465573,c234,c5
12667,2,0.23782878,0.4418347,0.32033652,c5,c234
12677,2,0.07999028,0.28435278,0.6356569,c5,c5
12679,2,0.090143405,0.20358814,0.7062685,c5,c5
12689,2,0.073602736,0.27675843,0.64963883,c5,c5
12692,2,0.2962814,0.3031502,0.40056837,c1,c5
12701,2,0.18958807,0.46581075,0.3446012,c1,c234
12709,2,0.19104043,0.35612714,0.45283246,c1,c5
12711,2,0.093751594,0.22624762,0.6800008,c5,c5
12719,2,0.46693954,0.2511581,0.28190243,c234,c1
12723,2,0.1180238,0.2884267,0.5935495,c234,c5
12728,2,0.7273733,0.2097486,0.06287808,c234,c1
12736,2,0.11357779,0.27212656,0.61429566,c234,c5
12737,2,0.32029527,0.4387949,0.24090984,c234,c234
12749,2,0.5102446,0.37148464,0.118270725,c5,c1
12755,2,0.32701543,0.45978853,0.21319601,c234,c234
12772,2,0.35792783,0.4229278,0.21914439,c234,c234
12779,2,0.23169202,0.24675532,0.5215527,c5,c5
12781,2,0.30167496,0.47949287,0.2188322,c5,c234
12783,2,0.15852036,0.29809543,0.5433842,c1,c5
12791,2,0.63683754,0.27458668,0.088575765,c1,c1
12800,2,0.33734164,0.26908356,0.39357474,c5,c5
12804,2,0.27027258,0.51157415,0.21815322,c1,c234
12807,2,0.3593403,0.28057286,0.3600868,c5,c5
12808,2,0.37276742,0.32578903,0.30144358,c1,c1
12810,2,0.07028751,0.17626116,0.75345135,c5,c5
12811,2,0.20160636,0.41711745,0.38127622,c1,c234
12816,2,0.5796146,0.28675497,0.13363045,c234,c1
12817,2,0.111227445,0.17332712,0.7154454,c1,c5
12824,2,0.4738965,0.38304764,0.14305584,c1,c1
12829,2,0.6967611,0.22739567,0.075843275,c234,c1
12836,2,0.5335414,0.3273439,0.13911465,c234,c1
12841,2,0.35386118,0.35864478,0.28749403,c5,c234
12844,2,0.069759265,0.20616643,0.7240743,c5,c5
12846,2,0.20804577,0.28291067,0.5090436,c5,c5
12855,2,0.0586344,0.29351163,0.647854,c234,c5
12858,2,0.08219509,0.3042012,0.6136038,c5,c5
12859,2,0.62800723,0.2955833,0.076409444,c1,c1
12880,2,0.22330257,0.31112438,0.465573,c234,c5
12881,2,0.4488025,0.38795605,0.16324146,c1,c1
12885,2,0.37198466,0.4446099,0.18340546,c234,c234
12891,2,0.27155697,0.4201082,0.3083348,c234,c234
12896,2,0.1834263,0.29058495,0.52598876,c1,c5
12898,2,0.768187,0.17275004,0.059062924,c1,c1
12907,2,0.41061556,0.2944944,0.2948901,c234,c1
12916,2,0.13577351,0.37671766,0.48750886,c5,c5
12919,2,0.4444334,0.3865077,0.16905895,c1,c1
12924,2,0.10785975,0.23206411,0.66007614,c234,c5
12931,2,0.39577878,0.37887838,0.22534283,c1,c1
12935,2,0.35553297,0.31842065,0.3260464,c5,c1
12936,2,0.21934484,0.2555651,0.5250901,c234,c5
12942,2,0.14150058,0.35708117,0.50141823,c234,c5
12948,2,0.13620006,0.4084091,0.45539084,c5,c5
12952,2,0.7229896,0.19449505,0.08251538,c234,c1
12965,2,0.16588846,0.47442186,0.35968962,c1,c234
12969,2,0.25318062,0.37085715,0.3759623,c234,c5
12978,2,0.25476766,0.250726,0.49450636,c234,c5
12983,2,0.37813678,0.4517977,0.17006552,c234,c234
12984,2,0.072847545,0.1939288,0.73322374,c5,c5
12993,2,0.19788437,0.47877356,0.32334206,c1,c234
13005,2,0.38271326,0.27863517,0.3386515,c1,c1
13013,2,0.12589404,0.45049322,0.4236127,c5,c234
13014,2,0.56299955,0.34035283,0.096647635,c234,c1
13018,2,0.6828088,0.2352821,0.081909046,c5,c1
13019,2,0.33194524,0.3382754,0.3297794,c5,c234
13023,2,0.26721627,0.45805937,0.27472436,c5,c234
13024,2,0.33992928,0.31082487,0.34924588,c1,c5
13026,2,0.04873782,0.154624,0.7966382,c5,c5
13028,2,0.49614412,0.3237252,0.18013072,c1,c1
13029,2,0.46693954,0.2511581,0.28190243,c1,c1
13036,2,0.24994884,0.4529305,0.2971207,c234,c234
13040,2,0.1159431,0.28216836,0.6018885,c5,c5
13048,2,0.25241622,0.45378673,0.29379705,c234,c234
13052,2,0.097620554,0.32560268,0.57677674,c234,c5
13055,2,0.32888377,0.41306695,0.2580493,c234,c234
13056,2,0.79039013,0.1478226,0.06178734,c234,c1
13059,2,0.24648263,0.38390943,0.36960796,c234,c234
13061,2,0.05218567,0.24065693,0.7071574,c5,c5
13062,2,0.20665213,0.4070823,0.38626555,c5,c234
13063,2,0.20512372,0.33666784,0.45820844,c234,c5
13067,2,0.2368113,0.48531243,0.2778762,c234,c234
13069,2,0.11562141,0.23602112,0.6483575,c1,c5
13072,2,0.534261,0.3518771,0.11386187,c234,c1
13077,2,0.07040352,0.1440712,0.7855252,c5,c5
13079,2,0.1755573,0.25035626,0.5740864,c5,c5
13084,2,0.3539836,0.47572687,0.17028955,c1,c234
13085,2,0.123556636,0.41737485,0.4590686,c5,c5
13089,2,0.2667862,0.2965143,0.4366995,c1,c5
13093,2,0.13439925,0.30361372,0.5619871,c1,c5
13095,2,0.11147082,0.29642376,0.59210545,c234,c5
13099,2,0.56086504,0.33714333,0.1019916,c1,c1
13104,2,0.2230258,0.2907917,0.4861826,c5,c5
13113,2,0.17759115,0.39084157,0.43156728,c234,c5
13132,2,0.104418665,0.19512735,0.700454,c5,c5
13145,2,0.12282827,0.31418946,0.56298226,c5,c5
13149,2,0.20181403,0.39388055,0.4043055,c234,c5
13150,2,0.4336064,0.3968809,0.16951275,c1,c1
13152,2,0.68779707,0.18233709,0.1298658,c1,c1
13160,2,0.34407812,0.38609082,0.2698311,c1,c234
13169,2,0.2234783,0.4639529,0.31256878,c1,c234
13172,2,0.5808163,0.3192338,0.09994989,c1,c1
13191,2,0.6893252,0.24461913,0.0660557,c234,c1
13193,2,0.22330257,0.31112438,0.465573,c234,c5
13194,2,0.039287057,0.16852294,0.79219,c5,c5
13199,2,0.38436165,0.41155526,0.2040831,c5,c234
13203,2,0.08207009,0.2387712,0.67915875,c1,c5
13207,2,0.772302,0.17555113,0.05214682,c1,c1
13220,2,0.6368024,0.26268652,0.100511074,c1,c1
13221,2,0.12637201,0.29468578,0.5789422,c234,c5
13223,2,0.1531114,0.24866848,0.59822005,c234,c5
13227,2,0.62778544,0.26486558,0.10734901,c1,c1
13228,2,0.39247704,0.31641012,0.29111284,c234,c1
13237,2,0.6710396,0.2507109,0.07824949,c1,c1
13242,2,0.083102345,0.30434704,0.61255056,c234,c5
13268,2,0.060260028,0.28552598,0.654214,c5,c5
13283,2,0.38647082,0.26480788,0.34872136,c1,c1
13303,2,0.48151314,0.35593513,0.16255169,c234,c1
13305,2,0.17349443,0.2982021,0.52830344,c5,c5
13306,2,0.67020184,0.20157528,0.12822291,c234,c1
13308,2,0.15679125,0.448843,0.3943657,c5,c234
13309,2,0.16309588,0.3185865,0.51831764,c5,c5
13315,2,0.13628593,0.46285388,0.40086013,c234,c234
13321,2,0.42289183,0.27340636,0.30370185,c1,c1
13327,2,0.27751753,0.28106314,0.44141936,c1,c5
13331,2,0.3229341,0.26410255,0.4129634,c234,c5
13337,2,0.5052693,0.25027916,0.2444516,c1,c1
13340,2,0.66954887,0.2239425,0.10650855,c5,c1
13341,2,0.29914454,0.41527036,0.2855851,c1,c234
13346,2,0.08952016,0.22701266,0.6834672,c5,c5
13355,2,0.25472456,0.35429817,0.39097732,c5,c5
13359,2,0.23122135,0.32314217,0.44563645,c5,c5
13363,2,0.36311805,0.29913062,0.33775127,c234,c1
13370,2,0.32891056,0.40367892,0.26741055,c1,c234
13374,2,0.13784406,0.37178308,0.49037284,c5,c5
13376,2,0.12720753,0.24266793,0.63012457,c5,c5
13378,2,0.42063087,0.36114872,0.21822043,c234,c1
13389,2,0.26322457,0.482551,0.25422442,c5,c234
13391,2,0.23428255,0.4270366,0.33868086,c1,c234
13401,2,0.08875088,0.34204912,0.5691999,c5,c5
13411,2,0.48871005,0.38023624,0.1310537,c1,c1
13423,2,0.07306711,0.21238378,0.7145491,c5,c5
13431,2,0.4970138,0.38987258,0.113113664,c234,c1
13440,2,0.33591032,0.38485283,0.27923682,c234,c234
13442,2,0.1662475,0.41652006,0.4172325,c234,c5
13443,2,0.44486994,0.27055284,0.28457722,c234,c1
13448,2,0.6682617,0.25777942,0.073958784,c1,c1
13472,2,0.15190871,0.44845095,0.39964032,c5,c234
13473,2,0.08501371,0.28865284,0.6263335,c5,c5
13483,2,0.06932059,0.1766278,0.75405157,c5,c5
13490,2,0.31154543,0.38957483,0.29887977,c5,c234
13493,2,0.7405316,0.16923599,0.09023233,c234,c1
13494,2,0.6942763,0.2492879,0.05643583,c1,c1
13499,2,0.40759894,0.2640667,0.32833433,c234,c1
13502,2,0.22076268,0.46394408,0.31529322,c234,c234
13503,2,0.12884322,0.2674854,0.6036713,c5,c5
13518,2,0.32653248,0.46710142,0.20636612,c234,c234
13519,2,0.4315004,0.41486862,0.15363102,c234,c1
13527,2,0.118092835,0.27659252,0.6053147,c5,c5
13531,2,0.6010507,0.3129077,0.08604166,c234,c1
13532,2,0.47746634,0.3342267,0.18830703,c5,c1
13537,2,0.37855488,0.42510143,0.19634373,c1,c234
13553,2,0.35863358,0.45662525,0.18474118,c5,c234
13555,2,0.35592505,0.3355771,0.30849785,c5,c1
13559,2,0.18974079,0.4193172,0.390942,c234,c234
13560,2,0.21307807,0.3435875,0.44333452,c234,c5
13561,2,0.2329465,0.4881765,0.27887702,c234,c234
13565,2,0.66216326,0.2599407,0.077896066,c1,c1
13566,2,0.58322257,0.32063466,0.0961428,c1,c1
13577,2,0.5367863,0.35053226,0.11268147,c234,c1
13578,2,0.12445163,0.39473474,0.48081356,c234,c5
13580,2,0.2444987,0.46687457,0.28862667,c234,c234
13583,2,0.12902829,0.42586547,0.4451062,c5,c5
13585,2,0.29647255,0.4776524,0.22587503,c234,c234
13591,2,0.6313841,0.2835836,0.08503233,c234,c1
13601,2,0.24422635,0.25855342,0.4972202,c5,c5
13602,2,0.19194171,0.45764244,0.3504158,c5,c234
13605,2,0.6209104,0.24309267,0.13599692,c234,c1
13633,2,0.12346045,0.41603303,0.46050656,c1,c5
13637,2,0.09414577,0.3266015,0.5792527,c5,c5
13644,2,0.126181,0.23113881,0.6426801,c1,c5
13645,2,0.46941766,0.4161349,0.11444747,c1,c1
13646,2,0.15204976,0.33105484,0.5168954,c1,c5
13651,2,0.22565229,0.4028092,0.3715385,c5,c234
13652,2,0.23676307,0.498786,0.26445094,c1,c234
13654,2,0.19096294,0.3243634,0.48467368,c5,c5
13658,2,0.37196803,0.4379913,0.19004068,c5,c234
13659,2,0.21643023,0.50902283,0.27454692,c5,c234
13662,2,0.22908342,0.4522622,0.31865442,c234,c234
13663,2,0.19202842,0.27477854,0.53319305,c5,c5
13685,2,0.28693423,0.37723696,0.33582884,c1,c234
13686,2,0.58621687,0.31344432,0.10033886,c1,c1
13705,2,0.25367737,0.30316535,0.44315723,c5,c5
13708,2,0.58621687,0.31344432,0.10033886,c1,c1
13709,2,0.11959306,0.42763272,0.45277423,c5,c5
13710,2,0.3486434,0.36934376,0.2820128,c1,c234
13714,2,0.24843122,0.49860853,0.25296026,c234,c234
13719,2,0.54240423,0.38237515,0.07522063,c1,c1
13724,2,0.40759715,0.41563627,0.17676657,c1,c234
13732,2,0.172051,0.22005658,0.60789245,c5,c5
13736,2,0.5015711,0.4031221,0.09530676,c1,c1
13743,2,0.074423335,0.31119928,0.6143774,c5,c5
13748,2,0.24218085,0.29106027,0.46675885,c234,c5
13756,2,0.34196064,0.32661998,0.3314194,c1,c1
13757,2,0.5692542,0.22472645,0.20601928,c234,c1
13771,2,0.61961687,0.29424462,0.08613853,c234,c1
13775,2,0.6815948,0.23818406,0.08022113,c1,c1
13778,2,0.11518267,0.308659,0.57615834,c1,c5
13779,2,0.40868348,0.41435987,0.17695664,c5,c234
13782,2,0.6033868,0.27044487,0.12616834,c5,c1
13790,2,0.20803833,0.4210706,0.3708911,c234,c234
13795,2,0.24187677,0.44629365,0.31182954,c1,c234
13799,2,0.13578184,0.27670822,0.58750993,c5,c5
13801,2,0.31864858,0.4611615,0.22018994,c234,c234
13815,2,0.50300246,0.31235945,0.18463813,c5,c1
13821,2,0.15740517,0.2543269,0.5882679,c1,c5
13822,2,0.33769011,0.45246056,0.2098494,c234,c234
13823,2,0.7012609,0.23170342,0.0670356,c5,c1
13826,2,0.8143438,0.13339312,0.05226301,c234,c1
13840,2,0.13485101,0.2578306,0.60731846,c5,c5
13855,2,0.22971007,0.33095792,0.439332,c234,c5
13865,2,0.32207036,0.35509598,0.32283363,c5,c234
13869,2,0.08089314,0.3207989,0.5983079,c5,c5
13870,2,0.20884162,0.52940404,0.2617543,c5,c234
13874,2,0.37612987,0.47223347,0.15163665,c1,c234
13882,2,0.1522797,0.34400648,0.5037137,c5,c5
13884,2,0.46265796,0.39222157,0.14512049,c234,c1
13886,2,0.60570407,0.30509743,0.08919851,c1,c1
13889,2,0.10641865,0.20873308,0.68484825,c5,c5
13898,2,0.39448902,0.31621757,0.28929335,c5,c1
13902,2,0.25933334,0.2640289,0.4766378,c234,c5
13904,2,0.21515717,0.3224081,0.46243474,c234,c5
13907,2,0.5648678,0.34527573,0.0898564,c1,c1
13911,2,0.5831953,0.30871353,0.1080912,c234,c1
13918,2,0.8193229,0.12546332,0.055213783,c1,c1
13924,2,0.2962814,0.3031502,0.40056837,c1,c5
13928,2,0.12137635,0.29474282,0.58388084,c1,c5
13935,2,0.17986572,0.4079147,0.41221955,c234,c5
13943,2,0.42267427,0.40386054,0.17346516,c234,c1
13944,2,0.06999717,0.3619555,0.5680474,c5,c5
13945,2,0.23517966,0.24317881,0.5216415,c5,c5
13949,2,0.6476494,0.24932563,0.10302489,c1,c1
13950,2,0.54337394,0.33104464,0.12558138,c5,c1
13953,2,0.10422215,0.39294633,0.5028315,c5,c5
13956,2,0.45638773,0.36765915,0.17595313,c1,c1
13964,2,0.589002,0.31739387,0.093604095,c5,c1
13965,2,0.14323641,0.33486912,0.52189445,c1,c5
13967,2,0.06932059,0.1766278,0.75405157,c5,c5
13974,2,0.081808195,0.30328718,0.61490464,c234,c5
13987,2,0.6226555,0.24353793,0.13380663,c234,c1
13988,2,0.68722194,0.24519737,0.067580625,c5,c1
13990,2,0.2343598,0.24765417,0.51798606,c1,c5
13996,2,0.2883085,0.38162047,0.33007106,c234,c234
13999,2,0.35967392,0.35567892,0.2846471,c5,c1
14004,2,0.17148821,0.40116307,0.42734873,c234,c5
14015,2,0.31704488,0.38346925,0.29948583,c234,c234
14027,2,0.20117852,0.39794806,0.40087342,c5,c5
14038,2,0.18144487,0.3939967,0.42455837,c234,c5
14049,2,0.33930075,0.42211524,0.23858404,c234,c234
14064,2,0.099912584,0.24250308,0.6575843,c5,c5
14068,2,0.34125492,0.38648602,0.27225903,c234,c234
14071,2,0.21970084,0.278135,0.50216407,c5,c5
14079,2,0.635742,0.26547,0.09878802,c1,c1
14080,2,0.37642637,0.42973498,0.19383866,c5,c234
14081,2,0.094155684,0.3087246,0.5971197,c1,c5
14083,2,0.15219055,0.39687818,0.45093128,c5,c5
14085,2,0.3229341,0.26410255,0.4129634,c234,c5
14090,2,0.3190712,0.48501343,0.19591531,c5,c234
14091,2,0.25504473,0.46036288,0.28459242,c1,c234
14093,2,0.3761311,0.43039498,0.19347394,c5,c234
14100,2,0.18729292,0.50601697,0.3066901,c5,c234
14101,2,0.71343905,0.2153669,0.07119407,c234,c1
14102,2,0.37439197,0.32633227,0.29927576,c234,c1
14108,2,0.4921474,0.37674418,0.13110839,c1,c1
14110,2,0.59536535,0.32492173,0.07971302,c234,c1
14112,2,0.11295163,0.3092159,0.57783246,c5,c5
14115,2,0.58610076,0.33945763,0.07444162,c234,c1
14118,2,0.18572794,0.5145671,0.29970497,c5,c234
14121,2,0.41282788,0.32565814,0.261514,c234,c1
14123,2,0.2953162,0.45005783,0.25462604,c5,c234
14125,2,0.44918138,0.435149,0.11566955,c1,c1
14131,2,0.042567674,0.20068856,0.7567438,c5,c5
14141,2,0.17642586,0.36067912,0.46289504,c1,c5
14152,2,0.5170647,0.37468493,0.10825042,c1,c1
14153,2,0.6428884,0.26597515,0.09113646,c1,c1
14154,2,0.66283697,0.21383002,0.12333305,c1,c1
14156,2,0.19230005,0.38562205,0.42207783,c1,c5
14164,2,0.12736772,0.4161977,0.45643467,c5,c5
14166,2,0.30714363,0.42084178,0.2720146,c234,c234
14173,2,0.14927986,0.46285534,0.38786477,c5,c234
14175,2,0.603878,0.2567615,0.13936044,c1,c1
14177,2,0.12444484,0.3229824,0.5525728,c5,c5
14184,2,0.045587737,0.1526387,0.80177355,c5,c5
14187,2,0.2112579,0.28614995,0.5025921,c234,c5
14200,2,0.24959272,0.47087663,0.2795306,c1,c234
14201,2,0.25485995,0.3299945,0.41514555,c234,c5
14202,2,0.2713205,0.44601646,0.28266302,c1,c234
14203,2,0.28319588,0.40203598,0.31476817,c5,c234
14207,2,0.4355421,0.32938582,0.23507208,c1,c1
14208,2,0.13459186,0.38379112,0.48161703,c5,c5
14211,2,0.57258224,0.35361996,0.073797755,c1,c1
14222,2,0.41537836,0.42751887,0.15710272,c234,c234
14229,2,0.28098816,0.49263814,0.22637367,c5,c234
14232,2,0.08282428,0.3134927,0.6036831,c1,c5
14234,2,0.1531114,0.24866848,0.59822005,c1,c5
14240,2,0.3190108,0.45978752,0.22120172,c5,c234
14243,2,0.53603464,0.26194492,0.2020204,c1,c1
14252,2,0.45527205,0.4273754,0.11735251,c1,c1
14255,2,0.66814446,0.2541336,0.077721916,c1,c1
14266,2,0.7012324,0.23797147,0.06079617,c1,c1
14271,2,0.18846177,0.2488953,0.56264293,c1,c5
14275,2,0.049232982,0.16774155,0.7830255,c5,c5
14279,2,0.5509927,0.29434967,0.15465763,c234,c1
14284,2,0.14456618,0.28002256,0.57541126,c5,c5
14286,2,0.1446176,0.25537348,0.60000896,c5,c5
14290,2,0.0632291,0.19091077,0.7458601,c5,c5
14291,2,0.15039931,0.39039198,0.4592087,c5,c5
14302,2,0.27054247,0.36012092,0.36933658,c5,c5
14304,2,0.20756821,0.34999576,0.44243607,c234,c5
14307,2,0.23288126,0.46189758,0.30522114,c234,c234
14313,2,0.06266691,0.23195639,0.7053767,c234,c5
14323,2,0.3593403,0.28057286,0.3600868,c234,c5
14326,2,0.14866675,0.44622725,0.40510598,c5,c234
14328,2,0.6732169,0.22632672,0.100456394,c1,c1
14332,2,0.6467444,0.27175084,0.08150481,c234,c1
14341,2,0.22070916,0.349478,0.4298128,c5,c5
14344,2,0.5599798,0.33125094,0.108769275,c234,c1
14345,2,0.40013474,0.39103267,0.20883256,c1,c1
14346,2,0.12980363,0.33974013,0.5304563,c234,c5
14353,2,0.13629565,0.41757125,0.4461331,c5,c5
14355,2,0.118601955,0.35063905,0.53075904,c234,c5
14364,2,0.16348797,0.34830797,0.4882041,c1,c5
14370,2,0.24602656,0.45207042,0.30190295,c1,c234
14373,2,0.46694514,0.3578445,0.17521034,c1,c1
14379,2,0.5889491,0.33977747,0.07127341,c5,c1
14392,2,0.55824614,0.33614305,0.105610825,c234,c1
14405,2,0.5901984,0.2935278,0.116273716,c1,c1
14409,2,0.24470519,0.3870958,0.36819896,c1,c234
14413,2,0.09859958,0.3536001,0.54780024,c1,c5
14416,2,0.16542326,0.39586213,0.43871462,c5,c5
14419,2,0.27731693,0.46341324,0.25926992,c5,c234
14421,2,0.66220427,0.25458673,0.08320899,c5,c1
14422,2,0.513787,0.32763106,0.15858196,c234,c1
14439,2,0.24636725,0.49919662,0.2544361,c234,c234
14440,2,0.48857278,0.37989753,0.13152969,c1,c1
14450,2,0.5290198,0.25650516,0.21447513,c1,c1
14459,2,0.51962835,0.3663637,0.11400795,c234,c1
14464,2,0.3593403,0.28057286,0.3600868,c1,c5
14471,2,0.14589384,0.30511925,0.54898685,c1,c5
14473,2,0.3593403,0.28057286,0.3600868,c5,c5
14474,2,0.28094232,0.3264762,0.39258152,c234,c5
14475,2,0.3532237,0.37761462,0.26916164,c234,c234
14478,2,0.7232358,0.20384867,0.07291553,c1,c1
14481,2,0.31044963,0.45738888,0.23216152,c1,c234
14489,2,0.11678675,0.34266922,0.54054403,c1,c5
14499,2,0.34131095,0.26732635,0.3913627,c1,c5
14500,2,0.32094437,0.471259,0.20779668,c1,c234
14502,2,0.2651492,0.43731725,0.29753357,c5,c234
14508,2,0.3229341,0.26410255,0.4129634,c234,c5
14509,2,0.25672242,0.47063106,0.2726465,c234,c234
14514,2,0.11271874,0.35214955,0.5351317,c234,c5
14517,2,0.550437,0.33116028,0.11840268,c1,c1
14522,2,0.39032543,0.30677226,0.30290228,c1,c1
14529,2,0.32785118,0.47065815,0.20149074,c1,c234
14533,2,0.70290226,0.24252392,0.054573793,c1,c1
14549,2,0.3903833,0.39643416,0.21318252,c5,c234
14553,2,0.19220728,0.42684713,0.38094556,c1,c234
14555,2,0.43286863,0.45088205,0.1162493,c234,c234
14559,2,0.21033727,0.35106814,0.4385946,c234,c5
14575,2,0.59479064,0.26448503,0.14072438,c234,c1
14577,2,0.42451406,0.33583876,0.23964718,c234,c1
14579,2,0.08244936,0.18805008,0.7295006,c5,c5
14581,2,0.07537184,0.25937468,0.66525346,c5,c5
14589,2,0.57369375,0.31888017,0.107426055,c1,c1
14590,2,0.6258274,0.27630594,0.097866654,c1,c1
14592,2,0.6840748,0.21795063,0.09797457,c1,c1
14593,2,0.48640546,0.39952055,0.11407399,c234,c1
14599,2,0.31691477,0.37429252,0.30879268,c234,c234
14603,2,0.5370318,0.37171873,0.0912494,c1,c1
14604,2,0.30753845,0.3855513,0.30691028,c234,c234
14616,2,0.10596762,0.1918123,0.7022201,c5,c5
14619,2,0.6935202,0.23696865,0.06951117,c1,c1
14620,2,0.2832009,0.41788012,0.298919,c1,c234
14628,2,0.11010097,0.32140014,0.5684989,c234,c5
14639,2,0.3699392,0.45035318,0.17970759,c234,c234
14647,2,0.09729861,0.33729193,0.56540954,c234,c5
14648,2,0.47973502,0.3254381,0.1948268,c5,c1
14659,2,0.14833331,0.4230784,0.42858836,c5,c5
14665,2,0.38799876,0.3714986,0.24050257,c234,c1
14675,2,0.2596464,0.43107352,0.30928013,c1,c234
14677,2,0.18243705,0.36326256,0.4543004,c5,c5
14681,2,0.35483497,0.36591995,0.2792451,c5,c234
14688,2,0.20265064,0.25555754,0.54179186,c1,c5
14699,2,0.0943015,0.23428336,0.6714152,c1,c5
14710,2,0.43997124,0.37724724,0.1827815,c1,c1
14718,2,0.51053107,0.33954775,0.14992118,c234,c1
14719,2,0.1388766,0.39678338,0.46434003,c1,c5
14736,2,0.46694514,0.3578445,0.17521034,c234,c1
14750,2,0.6519947,0.24816506,0.099840276,c1,c1
14752,2,0.15409626,0.4017498,0.44415396,c1,c5
14753,2,0.5499161,0.37159255,0.078491345,c5,c1
14761,2,0.060663942,0.22652477,0.71281123,c5,c5
14768,2,0.38309088,0.42456087,0.19234821,c1,c234
14773,2,0.26058897,0.38578424,0.3536268,c1,c234
14776,2,0.14842558,0.36798516,0.4835893,c1,c5
14778,2,0.4216613,0.42793566,0.15040304,c1,c234
14789,2,0.12349949,0.23788449,0.6386161,c5,c5
14795,2,0.2726301,0.3104899,0.41688004,c1,c5
14799,2,0.5060076,0.35743606,0.13655634,c1,c1
14800,2,0.5052693,0.25027916,0.2444516,c1,c1
14802,2,0.5972273,0.30374265,0.09902999,c1,c1
14805,2,0.4759852,0.27995393,0.24406095,c5,c1
14806,2,0.30810213,0.23984772,0.45205015,c5,c5
14807,2,0.22335216,0.227813,0.54883486,c5,c5
14809,2,0.48555037,0.3920125,0.12243711,c1,c1
14819,2,0.1929718,0.38171446,0.42531377,c234,c5
14828,2,0.4730514,0.33401355,0.19293502,c234,c1
14829,2,0.58289737,0.31733197,0.09977069,c234,c1
14834,2,0.08129365,0.28796485,0.6307415,c5,c5
14840,2,0.07312773,0.27190158,0.6549707,c234,c5
14845,2,0.54177886,0.31723428,0.14098684,c5,c1
14847,2,0.41375718,0.41751167,0.16873117,c1,c234
14850,2,0.07908278,0.37170577,0.54921144,c234,c5
14855,2,0.107907504,0.28313822,0.6089543,c5,c5
14858,2,0.51774645,0.33628774,0.14596581,c1,c1
14859,2,0.38533667,0.43931687,0.1753465,c234,c234
14861,2,0.15335245,0.28966507,0.5569825,c5,c5
14864,2,0.29870668,0.4776816,0.22361174,c1,c234
14865,2,0.62504554,0.26644382,0.108510606,c1,c1
14866,2,0.46985322,0.3920024,0.13814434,c234,c1
14867,2,0.048859738,0.15406755,0.79707265,c5,c5
14869,2,0.40973172,0.40918192,0.1810864,c234,c1
14876,2,0.13020691,0.25223967,0.61755335,c5,c5
14880,2,0.5014048,0.28446516,0.21413007,c1,c1
14882,2,0.30059975,0.42076874,0.27863148,c5,c234
14883,2,0.735311,0.20247586,0.062213186,c1,c1
14884,2,0.25757408,0.44396284,0.29846308,c234,c234
14888,2,0.46694514,0.3578445,0.17521034,c5,c1
14891,2,0.6409823,0.28342906,0.07558868,c234,c1
14899,2,0.35790804,0.26454994,0.37754205,c234,c5
14910,2,0.11300089,0.27998734,0.60701174,c1,c5
14912,2,0.3229341,0.26410255,0.4129634,c234,c5
14915,2,0.46694514,0.3578445,0.17521034,c1,c1
14916,2,0.22330257,0.31112438,0.465573,c1,c5
14921,2,0.22330257,0.31112438,0.465573,c5,c5
14923,2,0.44640404,0.41864175,0.13495418,c234,c1
14927,2,0.22330257,0.31112438,0.465573,c5,c5
14928,2,0.5114311,0.37108925,0.117479704,c5,c1
14932,2,0.30568826,0.52837545,0.1659363,c234,c234
14933,2,0.060144227,0.27010763,0.66974807,c5,c5
14936,2,0.16980606,0.34799436,0.48219958,c234,c5
14943,2,0.13808788,0.278265,0.5836471,c5,c5
14944,2,0.064398766,0.25994766,0.6756536,c234,c5
14956,2,0.13610473,0.2345533,0.6293419,c234,c5
14965,2,0.051354818,0.22077252,0.7278726,c5,c5
14988,2,0.73410505,0.18802813,0.07786681,c5,c1
14990,2,0.1907955,0.30443475,0.5047698,c5,c5
15004,2,0.28368127,0.45881894,0.2574998,c1,c234
15010,2,0.19538294,0.45151466,0.35310245,c5,c234
15014,2,0.30238774,0.46567506,0.23193718,c5,c234
15018,2,0.12083687,0.26219794,0.6169652,c5,c5
15032,2,0.7156297,0.21104968,0.073320664,c1,c1
15033,2,0.3622914,0.2782366,0.359472,c5,c1
15040,2,0.34522396,0.28863034,0.36614567,c234,c5
15046,2,0.60248846,0.23941945,0.15809211,c234,c1
15062,2,0.3593403,0.28057286,0.3600868,c234,c5
15077,2,0.58322257,0.32063466,0.0961428,c1,c1
15086,2,0.2095362,0.2591694,0.53129447,c5,c5
15090,2,0.5183205,0.37534285,0.10633659,c1,c1
15095,2,0.25600913,0.3675228,0.37646806,c5,c5
15097,2,0.29099756,0.4792325,0.22976992,c1,c234
15102,2,0.054083638,0.1449298,0.8009865,c5,c5
15103,2,0.5478313,0.3528871,0.099281535,c234,c1
15111,2,0.49583083,0.34417596,0.1599932,c1,c1
15112,2,0.18204163,0.22960307,0.58835536,c234,c5
15119,2,0.21512517,0.3681806,0.4166943,c5,c5
15124,2,0.67779773,0.24845915,0.07374309,c1,c1
15133,2,0.43731752,0.40549076,0.15719172,c234,c1
15136,2,0.5774657,0.30492824,0.11760606,c5,c1
15137,2,0.18854617,0.34763718,0.46381667,c5,c5
15139,2,0.6450337,0.2745849,0.080381416,c5,c1
15151,2,0.44555035,0.27279204,0.2816576,c5,c1
15154,2,0.2359153,0.31819588,0.44588876,c5,c5
15156,2,0.24648263,0.38390943,0.36960796,c234,c234
15158,2,0.5371833,0.31681696,0.14599976,c5,c1
15161,2,0.09047458,0.3067448,0.60278064,c5,c5
15162,2,0.5396736,0.32374227,0.13658418,c1,c1
15165,2,0.38514414,0.2743444,0.3405114,c234,c1
15168,2,0.60570407,0.30509743,0.08919851,c1,c1
15176,2,0.60570407,0.30509743,0.08919851,c1,c1
15178,2,0.49789566,0.3616321,0.14047222,c1,c1
15180,2,0.10578724,0.31559116,0.57862157,c1,c5
15192,2,0.55060846,0.29694036,0.15245116,c1,c1
15199,2,0.2782971,0.4757165,0.24598639,c234,c234
15208,2,0.47673056,0.38493878,0.13833064,c1,c1
15211,2,0.060879935,0.20823567,0.7308843,c5,c5
15214,2,0.2809687,0.32269302,0.39633822,c1,c5
15219,2,0.1571762,0.40362358,0.4392002,c234,c5
15221,2,0.24456048,0.46205926,0.29338023,c5,c234
15223,2,0.46361238,0.25911236,0.27727526,c234,c1
15224,2,0.65313655,0.27514118,0.07172231,c1,c1
15228,2,0.1913876,0.49533206,0.31328037,c234,c234
15231,2,0.10824008,0.30804634,0.58371353,c234,c5
15242,2,0.38157395,0.32043862,0.29798743,c234,c1
15244,2,0.38158455,0.33475938,0.28365612,c1,c1
15248,2,0.14425002,0.35667375,0.49907628,c234,c5
15256,2,0.037165526,0.16975108,0.7930835,c5,c5
15261,2,0.22766587,0.30325115,0.46908292,c1,c5
15266,2,0.25344795,0.49251556,0.25403646,c234,c234
15274,2,0.47554857,0.41569322,0.10875822,c5,c1
15276,2,0.20394963,0.42475635,0.371294,c5,c234
15277,2,0.46694514,0.3578445,0.17521034,c5,c1
15281,2,0.7350536,0.20078082,0.06416558,c234,c1
15289,2,0.43933675,0.35022703,0.21043614,c1,c1
15290,2,0.47908106,0.32918692,0.19173196,c1,c1
15292,2,0.2962814,0.3031502,0.40056837,c234,c5
15293,2,0.27359146,0.37308887,0.3533197,c5,c234
15294,2,0.1848495,0.38620114,0.42894936,c234,c5
15304,2,0.08566247,0.19252713,0.72181046,c5,c5
15309,2,0.21715434,0.38683605,0.3960096,c5,c5
15312,2,0.2584131,0.23017429,0.51141256,c1,c5
15320,2,0.4068617,0.41478506,0.17835328,c5,c234
15334,2,0.16242418,0.31937265,0.5182032,c234,c5
15341,2,0.46694514,0.3578445,0.17521034,c234,c1
15345,2,0.27984822,0.2785701,0.4415817,c234,c5
15348,2,0.24274062,0.42433628,0.33292308,c234,c234
15353,2,0.10763675,0.29755762,0.5948057,c5,c5
15354,2,0.24456048,0.46205926,0.29338023,c5,c234
15374,2,0.27236676,0.50674057,0.22089268,c234,c234
15376,2,0.3229341,0.26410255,0.4129634,c234,c5
15377,2,0.16224267,0.22560938,0.6121479,c5,c5
15379,2,0.055456646,0.24681613,0.6977272,c5,c5
15383,2,0.10386189,0.2502032,0.6459349,c1,c5
15392,2,0.37533265,0.27624667,0.34842074,c234,c1
15395,2,0.16823225,0.49001563,0.34175214,c1,c234
15397,2,0.59443647,0.3084296,0.097133905,c1,c1
15405,2,0.17504035,0.58811975,0.23683996,c234,c234
15407,2,0.09240018,0.32046765,0.58713216,c5,c5
15416,2,0.11182704,0.24150288,0.64667004,c234,c5
15418,2,0.2372496,0.38868338,0.374067,c1,c234
15422,2,0.047723133,0.21084726,0.7414296,c5,c5
15425,2,0.1824274,0.23427005,0.5833025,c5,c5
15427,2,0.27666765,0.2642238,0.4591086,c1,c5
15431,2,0.12636338,0.26754394,0.6060927,c234,c5
15437,2,0.462351,0.35913557,0.17851348,c5,c1
15441,2,0.34169626,0.4831795,0.17512426,c1,c234
15442,2,0.4210312,0.37392476,0.20504399,c5,c1
15443,2,0.44319582,0.4441707,0.11263343,c1,c234
15444,2,0.081784785,0.3076745,0.61054075,c1,c5
15448,2,0.3395672,0.38808206,0.27235076,c5,c234
15461,2,0.052537993,0.2451975,0.7022645,c234,c5
15462,2,0.13771741,0.47415394,0.38812858,c1,c234
15463,2,0.4147087,0.42975742,0.15553388,c5,c234
15465,2,0.40759894,0.2640667,0.32833433,c1,c1
15466,2,0.093697295,0.36367857,0.5426242,c1,c5
15469,2,0.5216528,0.37244457,0.105902605,c234,c1
15471,2,0.49486536,0.26731855,0.2378161,c1,c1
15472,2,0.16445094,0.30663535,0.5289137,c5,c5
15481,2,0.4035129,0.35860717,0.23787993,c234,c1
15488,2,0.1560443,0.36704582,0.47690988,c1,c5
15495,2,0.4251706,0.40131685,0.1735126,c1,c1
15496,2,0.3535361,0.4739958,0.17246808,c1,c234
15498,2,0.2055585,0.38071978,0.4137217,c234,c5
15505,2,0.61843985,0.2485945,0.13296562,c234,c1
15507,2,0.64382344,0.23789254,0.11828402,c1,c1
15509,2,0.20032242,0.25434655,0.545331,c1,c5
15512,2,0.3874049,0.33417034,0.27842483,c1,c1
15515,2,0.2281298,0.30662644,0.4652437,c1,c5
15518,2,0.46694514,0.3578445,0.17521034,c5,c1
15520,2,0.5515653,0.27856594,0.16986872,c5,c1
15528,2,0.10275257,0.24081741,0.65643,c234,c5
15534,2,0.32410938,0.4320302,0.24386044,c1,c234
15542,2,0.1086348,0.35007864,0.5412866,c5,c5
15548,2,0.47829148,0.2916608,0.23004773,c1,c1
15552,2,0.26999503,0.4494601,0.28054485,c234,c234
15553,2,0.38251102,0.41724417,0.20024483,c5,c234
15555,2,0.20665213,0.4070823,0.38626555,c5,c234
15560,2,0.14589384,0.30511925,0.54898685,c1,c5
15566,2,0.58804536,0.32173094,0.09022372,c234,c1
15568,2,0.46550125,0.36729902,0.16719973,c234,c1
15575,2,0.5833625,0.32301986,0.093617655,c1,c1
15604,2,0.19310288,0.26783305,0.53906405,c5,c5
15611,2,0.3547411,0.34924135,0.29601762,c1,c1
15639,2,0.10091584,0.3888384,0.51024574,c1,c5
15651,2,0.25266644,0.42666364,0.32066998,c1,c234
15654,2,0.46693954,0.2511581,0.28190243,c234,c1
15655,2,0.5383063,0.29831928,0.16337447,c5,c1
15661,2,0.28837687,0.4605718,0.25105128,c234,c234
15663,2,0.3593403,0.28057286,0.3600868,c234,c5
15665,2,0.2936515,0.29507983,0.41126865,c5,c5
15668,2,0.17778046,0.3496956,0.47252396,c5,c5
15682,2,0.56802225,0.29850224,0.13347557,c1,c1
15687,2,0.16983286,0.36147246,0.46869466,c234,c5
15700,2,0.13751085,0.4566413,0.40584782,c234,c234
15724,2,0.47133982,0.3053618,0.2232984,c1,c1
15742,2,0.32063758,0.37298045,0.30638197,c1,c234
15752,2,0.36517358,0.4375894,0.197237,c1,c234
15755,2,0.43570223,0.3853987,0.17889917,c234,c1
15759,2,0.6361208,0.3001523,0.06372693,c234,c1
15765,2,0.37235585,0.4044846,0.22315958,c5,c234
15767,2,0.24369368,0.31325287,0.44305342,c234,c5
15772,2,0.18474144,0.3946465,0.4206121,c5,c5
15777,2,0.28346318,0.39187178,0.32466498,c5,c234
15784,2,0.45406017,0.4111617,0.13477814,c5,c1
15803,2,0.14090948,0.294938,0.56415254,c5,c5
15815,2,0.36456668,0.45216244,0.1832709,c1,c234
15822,2,0.1035248,0.24790385,0.6485713,c5,c5
15836,2,0.20361525,0.29927534,0.49710947,c234,c5
15843,2,0.3139971,0.38235298,0.30364993,c234,c234
15844,2,0.5548062,0.2657768,0.17941698,c234,c1
15846,2,0.14004374,0.26833153,0.5916248,c5,c5
15852,2,0.10184815,0.22025798,0.67789394,c1,c5
15857,2,0.3051302,0.4864968,0.20837304,c1,c234
15859,2,0.58909214,0.329967,0.080940895,c234,c1
15862,2,0.3025834,0.3677805,0.3296361,c1,c234
15865,2,0.5519089,0.30305862,0.1450324,c1,c1
15871,2,0.45861265,0.27142066,0.26996675,c1,c1
15874,2,0.16542248,0.31878233,0.5157952,c1,c5
15876,2,0.36729538,0.40924776,0.22345683,c234,c234
15886,2,0.055503648,0.1616525,0.78284377,c234,c5
15887,2,0.1425184,0.44709972,0.4103819,c234,c234
15889,2,0.14208755,0.37747115,0.4804413,c5,c5
15898,2,0.06800782,0.18568996,0.7463022,c5,c5
15906,2,0.5450073,0.32503548,0.12995723,c5,c1
15909,2,0.122884795,0.29826015,0.578855,c234,c5
15918,2,0.38040012,0.2537726,0.36582723,c234,c1
15928,2,0.2160346,0.27294958,0.5110158,c5,c5
15935,2,0.3607261,0.36972022,0.2695537,c1,c234
15937,2,0.28129506,0.27103114,0.44767377,c234,c5
15945,2,0.25403053,0.39470088,0.35126856,c1,c234
15949,2,0.46771866,0.4111009,0.121180475,c234,c1
15956,2,0.09018249,0.42253357,0.48728397,c234,c5
15967,2,0.6409823,0.28342906,0.07558868,c1,c1
15968,2,0.11196466,0.3285205,0.5595148,c234,c5
15972,2,0.5495991,0.3063277,0.14407325,c1,c1
15975,2,0.46689478,0.25119534,0.28190985,c5,c1
15990,2,0.6754191,0.23752892,0.087051965,c234,c1
15997,2,0.42044973,0.41045943,0.16909087,c234,c1
16001,2,0.3235119,0.28132087,0.39516726,c1,c5
16003,2,0.17175528,0.3236743,0.5045704,c234,c5
16005,2,0.43808842,0.34235173,0.21955983,c1,c1
16016,2,0.22652425,0.32270345,0.4507723,c1,c5
16017,2,0.52589357,0.30412245,0.169984,c1,c1
16022,2,0.38023302,0.36501986,0.25474718,c1,c1
16028,2,0.20633142,0.34101453,0.45265406,c234,c5
16032,2,0.078418314,0.26177934,0.6598024,c5,c5
16039,2,0.07022089,0.19877492,0.7310042,c5,c5
16045,2,0.4015277,0.43628007,0.16219226,c234,c234
16062,2,0.09798014,0.22356126,0.6784586,c5,c5
16063,2,0.22511278,0.38763282,0.38725445,c234,c234
16064,2,0.44214922,0.4006205,0.15723035,c234,c1
16068,2,0.45165753,0.39106795,0.15727448,c5,c1
16071,2,0.52958596,0.36123446,0.10917958,c5,c1
16074,2,0.3229341,0.26410255,0.4129634,c234,c5
16077,2,0.66027915,0.26563954,0.074081264,c234,c1
16078,2,0.39713246,0.4094388,0.1934288,c234,c234
16079,2,0.22091658,0.3838122,0.39527127,c5,c5
16080,2,0.21699725,0.43133992,0.3516628,c1,c234
16081,2,0.05206184,0.19032975,0.7576084,c5,c5
16084,2,0.55323184,0.31109354,0.13567464,c1,c1
16088,2,0.1874972,0.4619124,0.35059035,c1,c234
16092,2,0.39712656,0.26441416,0.3384593,c5,c1
16093,2,0.44698468,0.38508976,0.1679255,c1,c1
16108,2,0.56703466,0.27756774,0.15539756,c1,c1
16113,2,0.40799007,0.3674652,0.2245447,c5,c1
16114,2,0.44555035,0.27279204,0.2816576,c5,c1
16118,2,0.55919677,0.3430345,0.09776874,c1,c1
16124,2,0.6251619,0.30648875,0.068349324,c1,c1
16138,2,0.46689478,0.25119534,0.28190985,c234,c1
16140,2,0.073619224,0.2427474,0.6836334,c234,c5
16142,2,0.2962814,0.3031502,0.40056837,c234,c5
16148,2,0.5469122,0.35507974,0.09800809,c5,c1
16153,2,0.084893145,0.24213347,0.6729734,c234,c5
16156,2,0.17456658,0.35449004,0.47094336,c5,c5
16160,2,0.14515488,0.4685657,0.38627946,c234,c234
16161,2,0.19830546,0.45459113,0.3471035,c5,c234
16170,2,0.19080992,0.252597,0.55659306,c234,c5
16171,2,0.29736808,0.49030703,0.21232492,c234,c234
16172,2,0.29480293,0.39929992,0.3058971,c5,c234
16179,2,0.57885844,0.3030791,0.1180625,c1,c1
16186,2,0.09728719,0.3228314,0.57988137,c5,c5
16189,2,0.48651695,0.36942294,0.14406013,c1,c1
16193,2,0.47689876,0.35744238,0.16565894,c5,c1
16195,2,0.3229341,0.26410255,0.4129634,c1,c5
16207,2,0.65831894,0.21677278,0.12490833,c1,c1
16208,2,0.08161344,0.19416355,0.724223,c5,c5
16212,2,0.57676965,0.25323626,0.16999403,c234,c1
16216,2,0.2159286,0.37868902,0.40538234,c1,c5
16219,2,0.12592377,0.25607097,0.6180053,c1,c5
16220,2,0.69467884,0.21896428,0.0863569,c234,c1
16222,2,0.19821703,0.41952303,0.38225996,c5,c234
16230,2,0.41026694,0.3548831,0.23484991,c1,c1
16236,2,0.15180127,0.2305669,0.61763185,c5,c5
16246,2,0.23675345,0.3330211,0.43022543,c234,c5
16248,2,0.06354913,0.34111965,0.59533125,c5,c5
16251,2,0.106875084,0.16276626,0.7303587,c234,c5
16255,2,0.49483132,0.38906187,0.11610674,c5,c1
16258,2,0.3624717,0.4276177,0.2099106,c1,c234
16264,2,0.14717925,0.47835928,0.3744615,c5,c234
16267,2,0.11898585,0.40370488,0.47730926,c1,c5
16269,2,0.5855457,0.3208526,0.09360167,c234,c1
16270,2,0.18749556,0.27234694,0.5401575,c234,c5
16275,2,0.34367386,0.2941752,0.362151,c234,c5
16280,2,0.12147324,0.31243488,0.5660919,c1,c5
16283,2,0.06725242,0.25749037,0.6752572,c5,c5
16284,2,0.35334677,0.43884894,0.20780428,c5,c234
16288,2,0.4953484,0.3992889,0.1053628,c1,c1
16295,2,0.2988054,0.45868608,0.24250853,c1,c234
16301,2,0.35804757,0.3006346,0.3413179,c1,c1
16309,2,0.68722194,0.24519737,0.067580625,c234,c1
16318,2,0.2874362,0.47096103,0.24160276,c5,c234
16323,2,0.25198784,0.46888265,0.27912948,c5,c234
16327,2,0.25784355,0.31880507,0.4233514,c5,c5
16334,2,0.23491709,0.46810174,0.29698113,c234,c234
16339,2,0.34566748,0.48126104,0.1730715,c234,c234
16343,2,0.096433416,0.33185315,0.5717134,c234,c5
16344,2,0.5357874,0.34378344,0.12042916,c234,c1
16352,2,0.2504399,0.43991145,0.30964866,c5,c234
16363,2,0.6833046,0.25235757,0.06433783,c1,c1
16367,2,0.2861553,0.30042863,0.41341612,c1,c5
16368,2,0.23511888,0.4462862,0.31859496,c5,c234
16371,2,0.5471869,0.3180628,0.13475028,c234,c1
16372,2,0.19239493,0.34910592,0.4584991,c1,c5
16376,2,0.05970209,0.18104437,0.7592536,c5,c5
16377,2,0.1651166,0.3366124,0.49827096,c5,c5
16379,2,0.46447685,0.30179843,0.23372477,c5,c1
16380,2,0.05720916,0.31253362,0.63025725,c234,c5
16385,2,0.46335065,0.31132585,0.22532345,c1,c1
16386,2,0.40879303,0.44104052,0.15016642,c1,c234
16390,2,0.17540054,0.4807623,0.34383708,c1,c234
16391,2,0.31430137,0.41261214,0.27308643,c5,c234
16395,2,0.48594347,0.3513256,0.16273093,c5,c1
16396,2,0.16294071,0.4251197,0.41193956,c5,c234
16398,2,0.47024545,0.39743918,0.1323154,c5,c1
16400,2,0.08037321,0.18663822,0.7329886,c234,c5
16411,2,0.12360993,0.41329527,0.46309477,c234,c5
16415,2,0.043567974,0.16353805,0.79289395,c5,c5
16418,2,0.15569137,0.2416257,0.60268295,c5,c5
16421,2,0.46689478,0.25119534,0.28190985,c1,c1
16434,2,0.4384282,0.40409625,0.15747556,c5,c1
16441,2,0.6782427,0.24588321,0.07587411,c1,c1
16445,2,0.34742522,0.39889672,0.25367802,c5,c234
16448,2,0.29561093,0.4927641,0.21162498,c1,c234
16467,2,0.06216373,0.2576615,0.68017477,c234,c5
16478,2,0.30547532,0.3863809,0.30814376,c1,c234
16480,2,0.29642215,0.45509017,0.24848765,c5,c234
16481,2,0.57911915,0.30921486,0.11166598,c5,c1
16485,2,0.09559491,0.3835707,0.5208344,c5,c5
16487,2,0.28657,0.27502036,0.43840963,c5,c5
16488,2,0.77190655,0.17772466,0.050368775,c1,c1
16489,2,0.2754005,0.46267515,0.26192427,c234,c234
16511,2,0.08379178,0.19658656,0.71962166,c1,c5
16513,2,0.4834703,0.24962981,0.26689988,c1,c1
16514,2,0.19493856,0.32045907,0.48460245,c5,c5
16515,2,0.37153405,0.47404054,0.15442535,c1,c234
16516,2,0.19693565,0.31170103,0.49136323,c1,c5
16524,2,0.6414844,0.2779102,0.08060544,c234,c1
16528,2,0.696746,0.24790232,0.05535163,c1,c1
16537,2,0.5132064,0.36710805,0.11968552,c1,c1
16539,2,0.5321483,0.34905532,0.11879634,c234,c1
16540,2,0.25601545,0.49024042,0.25374418,c234,c234
16541,2,0.15617199,0.26598197,0.577846,c1,c5
16542,2,0.12450093,0.47262278,0.4028763,c234,c234
16543,2,0.259653,0.332304,0.40804297,c1,c5
16548,2,0.5077081,0.34540364,0.14688829,c234,c1
16561,2,0.111080185,0.35691178,0.53200805,c234,c5
16563,2,0.35396016,0.4556048,0.19043507,c5,c234
16564,2,0.09755122,0.2697424,0.6327064,c1,c5
16565,2,0.23953211,0.53768945,0.22277842,c1,c234
16567,2,0.25980932,0.34184662,0.3983441,c234,c5
16572,2,0.6484725,0.24967295,0.1018545,c234,c1
16575,2,0.55149716,0.3506813,0.09782151,c1,c1
16577,2,0.29780445,0.45268628,0.2495093,c5,c234
16578,2,0.5863652,0.2140853,0.19954944,c234,c1
16586,2,0.23971349,0.37657022,0.3837163,c5,c5
16593,2,0.17349242,0.43829474,0.38821283,c5,c234
16596,2,0.5378746,0.25955996,0.20256542,c5,c1
16609,2,0.3797875,0.28333873,0.33687377,c5,c1
16618,2,0.22248666,0.5485799,0.22893348,c234,c234
16619,2,0.6409823,0.28342906,0.07558868,c1,c1
16624,2,0.31585044,0.42148405,0.26266554,c234,c234
16626,2,0.68649584,0.25759166,0.055912483,c1,c1
16627,2,0.69186413,0.24033085,0.067804985,c1,c1
16647,2,0.22359742,0.37486687,0.40153572,c234,c5
16649,2,0.42855918,0.4000955,0.17134531,c234,c1
16650,2,0.12981027,0.23155312,0.63863665,c234,c5
16654,2,0.08551505,0.30503333,0.60945165,c5,c5
16661,2,0.3584008,0.42078137,0.2208178,c1,c234
16663,2,0.33655885,0.4728891,0.19055204,c5,c234
16664,2,0.062727325,0.19733149,0.7399412,c234,c5
16667,2,0.14450471,0.32640257,0.5290927,c234,c5
16668,2,0.44925004,0.43341297,0.11733702,c1,c1
16671,2,0.39183667,0.3555757,0.25258762,c1,c1
16676,2,0.123325065,0.418019,0.4586559,c234,c5
16678,2,0.4432951,0.35532907,0.20137589,c1,c1
16684,2,0.12689678,0.22866814,0.64443505,c234,c5
16690,2,0.07111857,0.16838042,0.76050097,c1,c5
16693,2,0.13115041,0.2456052,0.62324435,c1,c5
16708,2,0.5793238,0.3498796,0.070796594,c234,c1
16713,2,0.31420618,0.31761903,0.36817476,c5,c5
16717,2,0.3683389,0.40896016,0.22270091,c234,c234
16718,2,0.06821162,0.26991397,0.6618745,c234,c5
16720,2,0.19985156,0.30053505,0.4996134,c234,c5
16723,2,0.22709507,0.43274304,0.34016183,c234,c234
16727,2,0.4011773,0.39795813,0.20086458,c1,c1
16736,2,0.34703955,0.37496448,0.2779959,c234,c234
16738,2,0.74280316,0.20401524,0.053181592,c5,c1
16740,2,0.5390859,0.32701954,0.13389456,c1,c1
16745,2,0.4320324,0.24217075,0.32579684,c234,c1
16750,2,0.19354753,0.320942,0.48551047,c1,c5
16755,2,0.32464796,0.39284503,0.282507,c1,c234
16757,2,0.66814446,0.2541336,0.077721916,c1,c1
16759,2,0.043139268,0.2321861,0.72467464,c234,c5
16763,2,0.53888506,0.24853322,0.21258172,c1,c1
16764,2,0.176563,0.39258382,0.43085328,c1,c5
16768,2,0.42173523,0.4143361,0.16392867,c1,c1
16778,2,0.2858,0.4283825,0.28581747,c1,c234
16784,2,0.15702356,0.3945645,0.44841194,c234,c5
16786,2,0.055346686,0.24626657,0.6983867,c5,c5
16798,2,0.25378978,0.30652153,0.43968865,c5,c5
16803,2,0.64336747,0.27681026,0.07982223,c5,c1
16810,2,0.66593957,0.24340563,0.09065476,c5,c1
16812,2,0.5295507,0.38272694,0.087722406,c1,c1
16817,2,0.06821469,0.24418558,0.6875997,c5,c5
16818,2,0.16048293,0.2782815,0.56123555,c5,c5
16819,2,0.5128747,0.3807176,0.106407665,c234,c1
16826,2,0.5892297,0.29199266,0.118777685,c1,c1
16830,2,0.09366661,0.18101054,0.72532284,c5,c5
16835,2,0.11125196,0.2029074,0.6858406,c5,c5
16837,2,0.08459854,0.27422318,0.6411783,c234,c5
16842,2,0.56613827,0.25024292,0.18361878,c1,c1
16845,2,0.34403744,0.28381047,0.37215212,c5,c5
16846,2,0.14455573,0.23936716,0.6160771,c1,c5
16851,2,0.33451784,0.45251197,0.21297018,c1,c234
16853,2,0.21094115,0.2981268,0.49093205,c234,c5
16860,2,0.38468525,0.39332736,0.22198743,c234,c234
16862,2,0.3593403,0.28057286,0.3600868,c5,c5
16865,2,0.1723343,0.47886026,0.34880546,c234,c234
16872,2,0.22090109,0.24496335,0.5341355,c234,c5
16873,2,0.52333206,0.38147837,0.09518959,c1,c1
16878,2,0.36121967,0.4555666,0.18321371,c234,c234
16885,2,0.19535746,0.3189988,0.4856438,c234,c5
16887,2,0.5170647,0.37468493,0.10825042,c5,c1
16894,2,0.22273867,0.32101172,0.45624965,c234,c5
16904,2,0.49479756,0.3911544,0.114048,c234,c1
16905,2,0.511313,0.35330173,0.13538527,c234,c1
16908,2,0.33645788,0.33813056,0.32541153,c1,c234
16914,2,0.270933,0.54803514,0.18103191,c234,c234
16916,2,0.41584334,0.37490433,0.20925239,c1,c1
16921,2,0.29033974,0.27376214,0.4358981,c5,c5
16932,2,0.10386189,0.2502032,0.6459349,c1,c5
16934,2,0.58249366,0.3235246,0.09398165,c1,c1
16937,2,0.06435819,0.29133502,0.64430684,c234,c5
16944,2,0.23833412,0.5396902,0.22197564,c5,c234
16946,2,0.40659967,0.37057495,0.22282542,c1,c1
16951,2,0.5774337,0.30247155,0.12009477,c234,c1
16954,2,0.13170317,0.45633465,0.41196218,c5,c234
16955,2,0.61214954,0.28659365,0.101256825,c234,c1
16960,2,0.17941362,0.36366636,0.45692,c234,c5
16966,2,0.23577154,0.44692448,0.31730402,c5,c234
16968,2,0.46720955,0.2899908,0.24279968,c5,c1
16974,2,0.09838644,0.3362675,0.5653461,c5,c5
16975,2,0.35099697,0.42884475,0.22015832,c1,c234
16982,2,0.46689478,0.25119534,0.28190985,c5,c1
16990,2,0.32066277,0.35497382,0.32436344,c5,c234
16994,2,0.3761077,0.2715624,0.35232988,c5,c1
16999,2,0.3621324,0.44307145,0.19479617,c234,c234
17006,2,0.17179976,0.4706629,0.35753733,c5,c234
17009,2,0.19981316,0.3640744,0.4361125,c234,c5
17014,2,0.2550713,0.39496574,0.34996298,c5,c234
17017,2,0.296229,0.28660724,0.4171638,c234,c5
17019,2,0.1892553,0.44218564,0.368559,c5,c234
17036,2,0.10043581,0.2635493,0.6360149,c5,c5
17045,2,0.32597807,0.42576578,0.24825607,c1,c234
17048,2,0.20610376,0.4211459,0.37275037,c234,c234
17049,2,0.22170478,0.31948268,0.45881248,c5,c5
17056,2,0.09118138,0.36586154,0.5429571,c5,c5
17065,2,0.06034861,0.2616948,0.6779566,c5,c5
17071,2,0.17874733,0.28735107,0.5339016,c5,c5
17072,2,0.057174716,0.2604334,0.6823918,c5,c5
17076,2,0.068086825,0.17593674,0.75597644,c5,c5
17079,2,0.3593403,0.28057286,0.3600868,c234,c5
17089,2,0.3593403,0.28057286,0.3600868,c5,c5
17093,2,0.04337582,0.21287867,0.74374557,c5,c5
17096,2,0.120338395,0.31473577,0.56492585,c5,c5
17101,2,0.5128493,0.31864923,0.16850153,c1,c1
17103,2,0.48398164,0.34728223,0.16873612,c1,c1
17104,2,0.46268824,0.42117962,0.1161322,c234,c1
17105,2,0.3675605,0.40969315,0.2227463,c1,c234
17107,2,0.10527855,0.31323126,0.5814902,c5,c5
17108,2,0.10174571,0.27620238,0.6220519,c234,c5
17113,2,0.297672,0.2686822,0.43364584,c5,c5
17119,2,0.6409823,0.28342906,0.07558868,c1,c1
17122,2,0.14272377,0.36348045,0.49379575,c234,c5
17123,2,0.2923964,0.42129987,0.28630376,c234,c234
17127,2,0.6947001,0.18835047,0.11694948,c234,c1
17132,2,0.06625028,0.15795428,0.77579546,c234,c5
17146,2,0.28443173,0.2479344,0.46763387,c234,c5
17149,2,0.6188292,0.27734938,0.10382149,c1,c1
17154,2,0.19023784,0.45926282,0.3504994,c5,c234
17159,2,0.54485273,0.32910112,0.12604618,c1,c1
17160,2,0.59316194,0.32279196,0.08404613,c1,c1
17166,2,0.2759451,0.42354882,0.30050611,c234,c234
17167,2,0.14202948,0.48212463,0.37584594,c234,c234
17175,2,0.5600464,0.33503187,0.10492175,c234,c1
17179,2,0.41537836,0.42751887,0.15710272,c234,c234
17187,2,0.090072185,0.19275396,0.7171739,c1,c5
17198,2,0.24275942,0.5299118,0.22732873,c1,c234
17199,2,0.17052339,0.42567125,0.40380538,c234,c234
17203,2,0.3719825,0.4186398,0.20937772,c234,c234
17210,2,0.23147146,0.25335422,0.5151744,c5,c5
17213,2,0.1837395,0.32298502,0.49327546,c234,c5
17215,2,0.13721494,0.38595787,0.47682714,c5,c5
17221,2,0.040053986,0.16558906,0.79435694,c234,c5
17237,2,0.60335183,0.30104408,0.09560406,c5,c1
17243,2,0.07456819,0.25821158,0.66722023,c1,c5
17249,2,0.15992744,0.44656086,0.3935117,c5,c234
17260,2,0.14968586,0.34393337,0.50638074,c1,c5
17269,2,0.5651176,0.35234883,0.08253362,c1,c1
17270,2,0.5121005,0.355285,0.13261452,c5,c1
17272,2,0.09638847,0.3774269,0.5261847,c1,c5
17274,2,0.46885702,0.34304407,0.1880989,c234,c1
17277,2,0.2685893,0.35682338,0.37458733,c5,c5
17278,2,0.060290422,0.25909147,0.68061817,c5,c5
17280,2,0.55174875,0.3431536,0.105097614,c1,c1
17283,2,0.40879303,0.44104052,0.15016642,c1,c234
17284,2,0.16590036,0.3014353,0.5326643,c1,c5
17285,2,0.63334626,0.25018093,0.11647281,c1,c1
17292,2,0.49807748,0.35626423,0.1456583,c234,c1
17293,2,0.04497852,0.2326408,0.7223807,c5,c5
17295,2,0.22958581,0.351018,0.4193962,c5,c5
17297,2,0.44121188,0.41752708,0.141261,c1,c1
17300,2,0.1452679,0.34496668,0.50976545,c5,c5
17302,2,0.5826316,0.30213615,0.11523224,c234,c1
17308,2,0.79424095,0.15468653,0.051072504,c1,c1
17311,2,0.5669423,0.2917968,0.14126097,c1,c1
17314,2,0.41206872,0.41156602,0.17636527,c1,c1
17333,2,0.075352,0.13869506,0.785953,c5,c5
17335,2,0.32802656,0.49173537,0.18023808,c1,c234
17340,2,0.24798495,0.3481176,0.40389743,c5,c5
17342,2,0.17647266,0.30243376,0.52109355,c5,c5
17344,2,0.18612058,0.33941543,0.474464,c5,c5
17345,2,0.5718166,0.276074,0.15210934,c1,c1
17346,2,0.4554076,0.41354126,0.13105111,c5,c1
17347,2,0.17591943,0.2220846,0.60199594,c1,c5
17348,2,0.085339636,0.3091258,0.60553455,c5,c5
17349,2,0.18996234,0.3630465,0.44699112,c234,c5
17351,2,0.12709393,0.29800168,0.5749044,c1,c5
17352,2,0.19237675,0.42847693,0.3791464,c1,c234
17357,2,0.14067422,0.37380776,0.48551795,c234,c5
17362,2,0.1167668,0.25874242,0.6244908,c5,c5
17367,2,0.40429243,0.44240525,0.15330231,c234,c234
17369,2,0.36790794,0.4485472,0.1835449,c1,c234
17373,2,0.18011257,0.20097916,0.6189083,c234,c5
17381,2,0.40759894,0.2640667,0.32833433,c234,c1
17387,2,0.7093935,0.18935235,0.10125409,c234,c1
17393,2,0.72987205,0.21725619,0.052871756,c1,c1
17397,2,0.36158663,0.48032725,0.15808605,c5,c234
17399,2,0.06499899,0.20122783,0.7337732,c5,c5
17401,2,0.34012753,0.4027544,0.2571181,c1,c234
17405,2,0.38142136,0.47712648,0.14145212,c1,c234
17406,2,0.5434283,0.35914034,0.09743133,c234,c1
17409,2,0.19461602,0.3012042,0.5041797,c234,c5
17412,2,0.08063991,0.20760913,0.711751,c234,c5
17438,2,0.41420922,0.3882121,0.19757867,c234,c1
17442,2,0.58880174,0.3102199,0.10097833,c1,c1
17448,2,0.21094115,0.2981268,0.49093205,c1,c5
17449,2,0.6916793,0.18229502,0.12602568,c5,c1
17455,2,0.6188292,0.27734938,0.10382149,c234,c1
17459,2,0.36417663,0.41793847,0.21788491,c234,c234
17461,2,0.68664473,0.23843047,0.074924804,c5,c1
17463,2,0.5648073,0.3466957,0.08849703,c5,c1
17467,2,0.28366926,0.43027952,0.2860512,c234,c234
17471,2,0.18653056,0.2951625,0.518307,c1,c5
17472,2,0.637278,0.26494452,0.097777486,c1,c1
17476,2,0.28090873,0.47190022,0.24719097,c234,c234
17482,2,0.2019813,0.43263477,0.3653839,c5,c234
17485,2,0.35384652,0.49126723,0.1548863,c1,c234
17491,2,0.12595259,0.24708532,0.62696207,c234,c5
17497,2,0.64336747,0.27681026,0.07982223,c234,c1
17500,2,0.21956927,0.38366634,0.39676437,c5,c5
17502,2,0.46694514,0.3578445,0.17521034,c1,c1
17506,2,0.051564895,0.22043435,0.72800076,c5,c5
17509,2,0.30391037,0.5232145,0.17287515,c234,c234
17511,2,0.6409823,0.28342906,0.07558868,c1,c1
17515,2,0.22109419,0.50695527,0.2719505,c5,c234
17519,2,0.38636968,0.38859278,0.22503754,c234,c234
17527,2,0.5246073,0.30315417,0.17223854,c1,c1
17529,2,0.4444127,0.4232858,0.13230154,c5,c1
17531,2,0.57380384,0.23525876,0.19093743,c1,c1
17535,2,0.55289215,0.30074906,0.14635883,c1,c1
17540,2,0.11284841,0.28919044,0.5979612,c234,c5
17542,2,0.39067933,0.3993098,0.21001092,c5,c234
17543,2,0.4361905,0.42608616,0.13772336,c234,c1
17555,2,0.11950472,0.24509554,0.6353997,c1,c5
17563,2,0.6036852,0.31850833,0.07780648,c5,c1
17571,2,0.56673175,0.25305623,0.18021204,c5,c1
17573,2,0.57095265,0.31900975,0.11003758,c5,c1
17577,2,0.17454232,0.25133616,0.57412153,c5,c5
17593,2,0.15607013,0.21032318,0.63360673,c5,c5
17594,2,0.2837761,0.4596031,0.25662082,c1,c234
17607,2,0.09831094,0.3253536,0.5763355,c234,c5
17609,2,0.34131095,0.26732635,0.3913627,c234,c5
17616,2,0.1907278,0.33351406,0.47575817,c234,c5
17618,2,0.30606222,0.30485275,0.389085,c234,c5
17620,2,0.060210507,0.28738853,0.652401,c5,c5
17623,2,0.57657444,0.31551275,0.107912764,c1,c1
17624,2,0.05978814,0.22173353,0.7184783,c5,c5
17626,2,0.3615693,0.29045817,0.34797254,c234,c1
17632,2,0.68722194,0.24519737,0.067580625,c1,c1
17638,2,0.64077747,0.22225921,0.13696337,c1,c1
17639,2,0.2095362,0.2591694,0.53129447,c1,c5
17640,2,0.5058417,0.37639174,0.117766544,c234,c1
17645,2,0.23738034,0.3332514,0.4293683,c1,c5
17648,2,0.31544882,0.4537181,0.23083307,c1,c234
17651,2,0.1837133,0.31384486,0.5024418,c5,c5
17656,2,0.2079993,0.43287325,0.35912746,c234,c234
17660,2,0.06656534,0.31409568,0.619339,c5,c5
17662,2,0.3451628,0.37207276,0.28276446,c5,c234
17663,2,0.35857743,0.35142735,0.28999522,c1,c1
17664,2,0.47683635,0.27335653,0.24980707,c1,c1
17668,2,0.11696721,0.3290855,0.5539472,c5,c5
17677,2,0.2645077,0.49368316,0.24180914,c1,c234
17682,2,0.5169214,0.38677835,0.096300244,c234,c1
17684,2,0.31962925,0.36202163,0.31834912,c234,c234
17687,2,0.13296448,0.2667495,0.600286,c5,c5
17689,2,0.26763535,0.4628277,0.26953694,c5,c234
17691,2,0.58934546,0.29779088,0.11286365,c1,c1
17697,2,0.25321427,0.27088106,0.4759046,c234,c5
17702,2,0.6920735,0.25095093,0.05697553,c234,c1
17707,2,0.46694514,0.3578445,0.17521034,c234,c1
17713,2,0.59316194,0.32279196,0.08404613,c1,c1
17714,2,0.31661776,0.5180469,0.16533536,c234,c234
17717,2,0.16031225,0.28449744,0.5551903,c234,c5
17723,2,0.6787072,0.24458426,0.07670861,c234,c1
17726,2,0.5854708,0.3122916,0.10223755,c234,c1
17730,2,0.12560117,0.36361653,0.51078236,c5,c5
17731,2,0.45547545,0.39625567,0.14826886,c234,c1
17737,2,0.46694514,0.3578445,0.17521034,c5,c1
17738,2,0.26801196,0.41389072,0.31809732,c5,c234
17739,2,0.35755607,0.40193748,0.24050643,c1,c234
17749,2,0.17138048,0.47481677,0.35380274,c234,c234
17750,2,0.35669687,0.41140842,0.23189466,c1,c234
17752,2,0.39973316,0.30252966,0.29773715,c5,c1
17753,2,0.07171713,0.35137042,0.57691246,c1,c5
17759,2,0.3878163,0.2884822,0.32370156,c234,c1
17774,2,0.08555322,0.19002837,0.7244184,c5,c5
17782,2,0.67931,0.23462002,0.08606989,c1,c1
17785,2,0.525522,0.36324164,0.1112364,c1,c1
17792,2,0.109148346,0.39057118,0.5002805,c5,c5
17795,2,0.06795888,0.2771116,0.6549296,c234,c5
17796,2,0.27667966,0.42384765,0.29947263,c5,c234
17803,2,0.574468,0.3334317,0.092100285,c1,c1
17808,2,0.37445045,0.43986604,0.18568349,c234,c234
17810,2,0.2770115,0.29137066,0.43161783,c5,c5
17821,2,0.19848871,0.43375096,0.36776036,c1,c234
17825,2,0.4254671,0.37883425,0.19569871,c234,c1
17831,2,0.37974274,0.41366866,0.2065886,c5,c234
17840,2,0.5488587,0.3212842,0.12985712,c234,c1
17843,2,0.36549133,0.4084823,0.22602639,c1,c234
17863,2,0.16781868,0.44246727,0.3897141,c234,c234
17867,2,0.35997665,0.38244545,0.25757793,c234,c234
17870,2,0.2344648,0.35534066,0.41019455,c5,c5
17872,2,0.22202238,0.50475204,0.27322558,c234,c234
17875,2,0.2268226,0.35588497,0.41729245,c1,c5
17898,2,0.6110368,0.2750463,0.11391695,c1,c1
17913,2,0.35889956,0.45319334,0.18790713,c5,c234
17917,2,0.07043419,0.34584385,0.583722,c1,c5
17921,2,0.25260067,0.5035844,0.24381495,c1,c234
17922,2,0.49703565,0.2768447,0.22611962,c234,c1
17930,2,0.15930589,0.47746095,0.36323315,c5,c234
17933,2,0.16261673,0.44085258,0.39653072,c234,c234
17945,2,0.23520756,0.22652847,0.538264,c5,c5
17947,2,0.16362435,0.27330047,0.5630751,c1,c5
17950,2,0.6188292,0.27734938,0.10382149,c1,c1
17952,2,0.3140771,0.37919632,0.30672663,c234,c234
17953,2,0.23542954,0.4572499,0.30732054,c1,c234
17954,2,0.24146281,0.3170677,0.44146952,c1,c5
17957,2,0.12613547,0.46048412,0.41338038,c234,c234
17960,2,0.29017174,0.32464984,0.38517842,c234,c5
17973,2,0.5235221,0.3545356,0.121942304,c234,c1
17978,2,0.266545,0.46991876,0.26353619,c234,c234
17982,2,0.24440098,0.433358,0.32224095,c1,c234
17987,2,0.17969279,0.3824584,0.4378488,c5,c5
17988,2,0.6409823,0.28342906,0.07558868,c1,c1
17993,2,0.38563523,0.4140799,0.20028487,c5,c234
18002,2,0.19406024,0.3520847,0.45385507,c5,c5
18012,2,0.26886943,0.44394064,0.28719,c1,c234
18016,2,0.15775023,0.38645253,0.45579723,c1,c5
18018,2,0.47659183,0.29412195,0.2292862,c1,c1
18022,2,0.21633233,0.48882344,0.2948442,c1,c234
18031,2,0.5076929,0.36922097,0.123086154,c1,c1
18033,2,0.115940504,0.29984707,0.5842124,c5,c5
18036,2,0.3091004,0.42799246,0.26290715,c5,c234
18046,2,0.19974318,0.2977346,0.50252223,c234,c5
18050,2,0.488074,0.37273762,0.1391884,c5,c1
18052,2,0.16270365,0.43744197,0.39985436,c5,c234
18054,2,0.5038187,0.35931653,0.13686483,c234,c1
18059,2,0.20033534,0.22979777,0.5698669,c234,c5
18061,2,0.68485934,0.18217991,0.13296066,c1,c1
18063,2,0.08567891,0.331664,0.58265716,c5,c5
18067,2,0.15834866,0.26497582,0.57667553,c5,c5
18077,2,0.2212224,0.3168091,0.46196845,c234,c5
18078,2,0.16035558,0.39504713,0.44459736,c5,c5
18082,2,0.31699756,0.40455616,0.27844623,c1,c234
18084,2,0.103164144,0.31521806,0.5816178,c234,c5
18091,2,0.24085976,0.48023635,0.27890387,c234,c234
18097,2,0.6188292,0.27734938,0.10382149,c1,c1
18113,2,0.52913976,0.37104866,0.09981155,c1,c1
18117,2,0.35169956,0.26436105,0.38393942,c1,c5
18118,2,0.13600467,0.3400842,0.5239111,c234,c5
18128,2,0.39454702,0.26353177,0.34192124,c1,c1
18129,2,0.15779997,0.3431555,0.49904457,c5,c5
18130,2,0.33399752,0.4387636,0.22723885,c234,c234
18132,2,0.045199864,0.23521692,0.7195832,c5,c5
18134,2,0.3593403,0.28057286,0.3600868,c234,c5
18140,2,0.21039744,0.5032407,0.28636187,c5,c234
18144,2,0.076083854,0.30858046,0.61533576,c5,c5
18149,2,0.06373351,0.30132136,0.63494515,c5,c5
18157,2,0.060019124,0.2617635,0.6782174,c234,c5
18159,2,0.20035478,0.48475066,0.31489465,c234,c234
18164,2,0.26442778,0.3866706,0.3489016,c234,c234
18165,2,0.39886218,0.43206328,0.16907454,c1,c234
18170,2,0.15218782,0.36839244,0.4794197,c234,c5
18171,2,0.5507431,0.3535522,0.09570479,c1,c1
18176,2,0.3324664,0.49927393,0.16825968,c5,c234
18187,2,0.08845297,0.23886038,0.67268664,c1,c5
18192,2,0.3229341,0.26410255,0.4129634,c5,c5
18196,2,0.58706796,0.3281916,0.084740505,c234,c1
18201,2,0.7013923,0.21459256,0.08401514,c5,c1
18204,2,0.46694514,0.3578445,0.17521034,c234,c1
18206,2,0.12053293,0.38230547,0.49716163,c5,c5
18207,2,0.51782364,0.33943123,0.14274509,c1,c1
18210,2,0.68722194,0.24519737,0.067580625,c1,c1
18214,2,0.55179673,0.3408663,0.10733692,c1,c1
18241,2,0.5607664,0.35315326,0.086080335,c1,c1
18242,2,0.47368196,0.35446835,0.17184967,c1,c1
18248,2,0.22902334,0.3507141,0.42026252,c1,c5
18251,2,0.5347755,0.34378397,0.12144059,c234,c1
18252,2,0.3593403,0.28057286,0.3600868,c5,c5
18255,2,0.04229339,0.15028208,0.80742455,c5,c5
18256,2,0.33917528,0.46820432,0.19262037,c1,c234
18257,2,0.4720239,0.38970083,0.13827528,c234,c1
18263,2,0.75212157,0.17369863,0.07417979,c1,c1
18265,2,0.15618274,0.26451892,0.5792984,c234,c5
18266,2,0.39582017,0.37448063,0.22969916,c234,c1
18267,2,0.1312395,0.26634368,0.6024168,c234,c5
18276,2,0.20610376,0.4211459,0.37275037,c234,c234
18296,2,0.1437215,0.1769532,0.67932534,c5,c5
18303,2,0.15466377,0.4353567,0.40997946,c1,c234
18314,2,0.10174546,0.24123846,0.6570161,c5,c5
18316,2,0.35846016,0.46365544,0.1778844,c1,c234
18323,2,0.2537111,0.28451604,0.46177286,c5,c5
18327,2,0.24034366,0.5170725,0.2425838,c1,c234
18330,2,0.23866352,0.30699292,0.45434353,c1,c5
18333,2,0.18342064,0.4152666,0.40131274,c234,c234
18335,2,0.1535685,0.5025493,0.34388223,c5,c234
18338,2,0.6409823,0.28342906,0.07558868,c1,c1
18342,2,0.18266892,0.25945857,0.55787253,c1,c5
18343,2,0.6249543,0.22507605,0.1499696,c1,c1
18345,2,0.14786823,0.31572336,0.53640836,c5,c5
18352,2,0.2921997,0.26115987,0.44664046,c1,c5
18359,2,0.2771264,0.48678777,0.23608583,c234,c234
18360,2,0.16938637,0.34405467,0.486559,c1,c5
18363,2,0.22113478,0.34325364,0.43561155,c234,c5
18365,2,0.6226715,0.26141238,0.11591611,c234,c1
18367,2,0.088642076,0.2302852,0.6810727,c5,c5
18373,2,0.37835866,0.2852865,0.33635488,c1,c1
18375,2,0.3593403,0.28057286,0.3600868,c5,c5
18376,2,0.5721758,0.33755767,0.090266526,c1,c1
18378,2,0.17058606,0.36219025,0.46722373,c5,c5
18380,2,0.38526347,0.44392297,0.1708136,c1,c234
18386,2,0.33078492,0.36171418,0.3075009,c234,c234
18388,2,0.19657743,0.33369628,0.4697263,c234,c5
18393,2,0.4715377,0.39451393,0.13394834,c234,c1
18401,2,0.49930343,0.40385497,0.09684166,c5,c1
18402,2,0.5170647,0.37468493,0.10825042,c1,c1
18405,2,0.6312609,0.27463526,0.09410385,c1,c1
18409,2,0.27716312,0.4071653,0.31567165,c234,c234
18414,2,0.36136457,0.42441636,0.21421908,c1,c234
18415,2,0.6188292,0.27734938,0.10382149,c234,c1
18417,2,0.27770647,0.48864102,0.23365253,c234,c234
18422,2,0.49016967,0.3039449,0.20588546,c1,c1
18432,2,0.43825573,0.41498283,0.14676145,c1,c1
18439,2,0.5052693,0.25027916,0.2444516,c1,c1
18445,2,0.23788565,0.30797845,0.45413592,c234,c5
18448,2,0.06024242,0.24219279,0.6975648,c234,c5
18454,2,0.20209706,0.32915905,0.46874395,c1,c5
18469,2,0.17240366,0.25689837,0.57069796,c1,c5
18476,2,0.12388854,0.3371753,0.5389362,c5,c5
18483,2,0.5608352,0.23683567,0.20232916,c5,c1
18485,2,0.73681617,0.16987337,0.09331045,c1,c1
18495,2,0.27444586,0.36800224,0.35755184,c5,c234
18502,2,0.41113594,0.38481462,0.20404945,c234,c1
18508,2,0.36217576,0.3310681,0.3067561,c1,c1
18509,2,0.4939996,0.26025593,0.24574453,c234,c1
18510,2,0.5672452,0.313155,0.11959978,c1,c1
18512,2,0.47368196,0.35446835,0.17184967,c234,c1
18516,2,0.4526067,0.28608337,0.26130992,c5,c1
18520,2,0.41337785,0.33751273,0.24910943,c234,c1
18522,2,0.20164129,0.26995045,0.5284083,c5,c5
18524,2,0.18520197,0.34440154,0.47039643,c5,c5
18552,2,0.19433846,0.38837993,0.41728166,c5,c5
18553,2,0.29006356,0.4338982,0.27603826,c1,c234
18554,2,0.22330257,0.31112438,0.465573,c1,c5
18556,2,0.06854767,0.28866696,0.6427853,c1,c5
18559,2,0.08129365,0.28796485,0.6307415,c5,c5
18563,2,0.40658593,0.4359901,0.157424,c234,c234
18566,2,0.47518644,0.35241804,0.1723955,c1,c1
18568,2,0.42783526,0.42336732,0.14879742,c1,c1
18570,2,0.42736486,0.39679483,0.17584038,c1,c1
18571,2,0.77536064,0.17078215,0.053857192,c1,c1
18578,2,0.4209756,0.32890335,0.25012106,c1,c1
18579,2,0.10657571,0.24469985,0.64872444,c5,c5
18582,2,0.38299242,0.32134286,0.29566473,c1,c1
18584,2,0.3136465,0.3704014,0.31595212,c1,c234
18591,2,0.37750185,0.275681,0.3468171,c234,c1
18614,2,0.19624391,0.27960485,0.5241512,c5,c5
18626,2,0.22657551,0.52654666,0.24687785,c5,c234
18632,2,0.2259394,0.37704018,0.39702034,c234,c5
18634,2,0.1166358,0.21348113,0.6698831,c5,c5
18636,2,0.4579346,0.3321004,0.20996507,c5,c1
18638,2,0.29254717,0.2666763,0.44077656,c234,c5
18640,2,0.17530152,0.3227439,0.50195456,c234,c5
18647,2,0.50157535,0.37092355,0.12750109,c1,c1
18650,2,0.28797266,0.43087572,0.2811516,c5,c234
18653,2,0.3704528,0.37181193,0.2577353,c5,c234
18670,2,0.245124,0.43804893,0.31682706,c5,c234
18673,2,0.17610322,0.47788075,0.34601608,c234,c234
18676,2,0.33983645,0.4176489,0.24251463,c1,c234
18677,2,0.46783543,0.39972147,0.13244316,c5,c1
18691,2,0.3593403,0.28057286,0.3600868,c234,c5
18695,2,0.57810456,0.3191038,0.10279163,c5,c1
18702,2,0.15689032,0.40180895,0.44130078,c5,c5
18703,2,0.3836982,0.34833917,0.2679626,c234,c1
18706,2,0.17908908,0.24533918,0.5755717,c5,c5
18710,2,0.4444334,0.3865077,0.16905895,c5,c1
18712,2,0.59330136,0.30006552,0.10663309,c1,c1
18713,2,0.27628633,0.2498173,0.47389635,c234,c5
18717,2,0.6382011,0.2991919,0.06260694,c1,c1
18720,2,0.36277437,0.42928287,0.2079427,c5,c234
18721,2,0.6051883,0.29882294,0.09598875,c1,c1
18726,2,0.39453545,0.4492555,0.15620907,c1,c234
18732,2,0.3593403,0.28057286,0.3600868,c5,c5
18736,2,0.28617573,0.46354613,0.25027815,c5,c234
18737,2,0.19525516,0.28183213,0.52291274,c5,c5
18739,2,0.30078536,0.3719421,0.32727253,c5,c234
18746,2,0.34746966,0.45504287,0.19748741,c5,c234
18749,2,0.11675002,0.39553922,0.48771077,c5,c5
18750,2,0.45477423,0.3975822,0.14764357,c1,c1
18755,2,0.5491796,0.30272174,0.14809866,c1,c1
18756,2,0.34131095,0.26732635,0.3913627,c234,c5
18761,2,0.14079134,0.31712326,0.54208535,c5,c5
18770,2,0.24849884,0.31130713,0.440194,c234,c5
18776,2,0.20115195,0.37745643,0.4213916,c234,c5
18788,2,0.059650186,0.22352923,0.71682054,c5,c5
18798,2,0.09217391,0.26015428,0.6476718,c234,c5
18800,2,0.053283785,0.19664858,0.75006765,c234,c5
18820,2,0.22091658,0.3838122,0.39527127,c234,c5
18834,2,0.069861636,0.27182522,0.65831316,c5,c5
18839,2,0.22111449,0.39543226,0.38345325,c234,c234
18840,2,0.10275464,0.3246854,0.57255995,c5,c5
18844,2,0.092278644,0.18047446,0.7272469,c234,c5
18847,2,0.41938636,0.406384,0.17422971,c234,c1
18850,2,0.3604204,0.49155498,0.1480246,c1,c234
18855,2,0.33508298,0.34194225,0.3229747,c1,c234
18857,2,0.59316194,0.32279196,0.08404613,c5,c1
18860,2,0.24648263,0.38390943,0.36960796,c234,c234
18869,2,0.5052693,0.25027916,0.2444516,c1,c1
18870,2,0.1023155,0.24436589,0.6533187,c5,c5
18872,2,0.5218834,0.38509467,0.093021885,c234,c1
18880,2,0.66798514,0.26109225,0.07092267,c234,c1
18887,2,0.25103602,0.31737804,0.43158594,c5,c5
18889,2,0.16772558,0.37266096,0.45961344,c5,c5
18900,2,0.51544577,0.37803003,0.10652418,c234,c1
18903,2,0.574564,0.19982842,0.22560756,c1,c1
18912,2,0.13183624,0.23705485,0.63110894,c234,c5
18917,2,0.55869687,0.33320615,0.10809698,c1,c1
18920,2,0.62820065,0.2534754,0.11832392,c5,c1
18922,2,0.32430837,0.48889917,0.18679245,c5,c234
18925,2,0.22330257,0.31112438,0.465573,c234,c5
18930,2,0.23492956,0.46120667,0.30386376,c5,c234
18941,2,0.68065023,0.22582877,0.09352093,c1,c1
18949,2,0.40997595,0.4304911,0.15953301,c5,c234
18950,2,0.15855677,0.22088797,0.6205552,c234,c5
18953,2,0.08960148,0.27555436,0.63484424,c5,c5
18955,2,0.48145705,0.31463143,0.20391151,c234,c1
18960,2,0.46453047,0.40924668,0.1262228,c234,c1
18976,2,0.17633818,0.47781792,0.3458439,c5,c234
18982,2,0.59942955,0.28476226,0.11580821,c234,c1
18985,2,0.39759684,0.4297735,0.17262973,c1,c234
18990,2,0.3152532,0.43973073,0.24501607,c234,c234
18991,2,0.23683855,0.44020993,0.3229515,c234,c234
18992,2,0.24648263,0.38390943,0.36960796,c234,c234
18993,2,0.1277671,0.31560954,0.55662334,c5,c5
18997,2,0.1938007,0.3726497,0.43354955,c234,c5
19004,2,0.061402805,0.17431283,0.7642844,c5,c5
19008,2,0.12355893,0.26079315,0.6156479,c234,c5
19012,2,0.4389431,0.41255024,0.14850663,c1,c1
19014,2,0.38639715,0.33350202,0.28010076,c5,c1
19024,2,0.31420618,0.31761903,0.36817476,c5,c5
19032,2,0.3662521,0.45817897,0.17556888,c234,c234
19035,2,0.28561112,0.44268727,0.2717016,c234,c234
19036,2,0.32014617,0.38910374,0.29075012,c5,c234
19037,2,0.10339526,0.29075897,0.6058458,c5,c5
19040,2,0.1587041,0.490996,0.35029987,c5,c234
19046,2,0.3229341,0.26410255,0.4129634,c234,c5
19054,2,0.63847595,0.27034774,0.0911763,c1,c1
19061,2,0.40993458,0.27019057,0.31987482,c1,c1
19070,2,0.47715932,0.37170282,0.15113784,c234,c1
19077,2,0.52937555,0.36855003,0.1020744,c1,c1
19082,2,0.35022098,0.42410055,0.22567844,c1,c234
19083,2,0.22330257,0.31112438,0.465573,c234,c5
19084,2,0.18210834,0.34910008,0.46879163,c5,c5
19090,2,0.12385055,0.37346914,0.50268036,c234,c5
19099,2,0.10210861,0.24653007,0.6513613,c5,c5
19103,2,0.06548571,0.26074573,0.6737685,c234,c5
19104,2,0.5631181,0.30009145,0.13679047,c5,c1
19105,2,0.40104315,0.37979272,0.21916413,c234,c1
19108,2,0.49656844,0.31733316,0.18609847,c234,c1
19114,2,0.35225764,0.44048375,0.20725861,c234,c234
19133,2,0.61741227,0.2851847,0.09740303,c1,c1
19145,2,0.4557334,0.3881475,0.15611906,c1,c1
19149,2,0.5178233,0.3613555,0.1208212,c1,c1
19150,2,0.06059985,0.24722485,0.6921753,c234,c5
19170,2,0.17059794,0.3436511,0.48575106,c1,c5
19172,2,0.34017667,0.34513322,0.31469005,c234,c234
19175,2,0.18767692,0.45730335,0.35501966,c234,c234
19185,2,0.39064702,0.42695197,0.18240102,c5,c234
19192,2,0.14997834,0.47709584,0.3729258,c1,c234
19193,2,0.089575455,0.42071533,0.48970926,c234,c5
19196,2,0.46694514,0.3578445,0.17521034,c5,c1
19217,2,0.11528146,0.47410992,0.4106086,c1,c234
19218,2,0.58115023,0.2780232,0.14082652,c1,c1
19236,2,0.26681376,0.49451905,0.2386672,c234,c234
19237,2,0.22755946,0.41286254,0.35957798,c5,c234
19239,2,0.18760195,0.277317,0.535081,c5,c5
19241,2,0.046801917,0.1769145,0.77628356,c5,c5
19247,2,0.43896183,0.37840876,0.18262948,c1,c1
19251,2,0.21726616,0.3709381,0.4117957,c234,c5
19256,2,0.23112981,0.4144548,0.35441542,c234,c234
19263,2,0.04687252,0.19664332,0.75648415,c234,c5
19264,2,0.72638214,0.21113135,0.06248654,c1,c1
19270,2,0.060191408,0.29332167,0.64648694,c5,c5
19272,2,0.5208158,0.3921259,0.0870583,c1,c1
19274,2,0.409219,0.23805517,0.35272577,c5,c1
19277,2,0.055556092,0.15317076,0.7912732,c5,c5
19280,2,0.09842657,0.20420168,0.6973717,c234,c5
19282,2,0.6188292,0.27734938,0.10382149,c1,c1
19283,2,0.46170792,0.36706522,0.17122683,c5,c1
19286,2,0.3459519,0.4953113,0.15873672,c5,c234
19287,2,0.43198028,0.28350717,0.28451258,c5,c1
19289,2,0.3466937,0.26867783,0.38462842,c5,c5
19296,2,0.65248156,0.2830716,0.06444688,c1,c1
19298,2,0.5318847,0.3282426,0.13987277,c1,c1
19301,2,0.66814446,0.2541336,0.077721916,c234,c1
19308,2,0.23969543,0.29607472,0.46422988,c5,c5
19313,2,0.24456048,0.46205926,0.29338023,c5,c234
19325,2,0.21632785,0.4249995,0.3586727,c234,c234
19326,2,0.0678962,0.16935752,0.7627462,c5,c5
19343,2,0.26763535,0.4628277,0.26953694,c1,c234
19346,2,0.51400286,0.3535059,0.13249117,c234,c1
19350,2,0.68180007,0.22907242,0.08912755,c234,c1
19357,2,0.12407318,0.27936438,0.5965625,c234,c5
19362,2,0.32694358,0.291287,0.38176945,c5,c5
19363,2,0.22091658,0.3838122,0.39527127,c5,c5
19368,2,0.14424372,0.27144715,0.5843091,c5,c5
19373,2,0.17108132,0.50406516,0.32485354,c5,c234
19377,2,0.36124468,0.3525858,0.28616953,c5,c1
19379,2,0.6503741,0.28318602,0.0664399,c234,c1
19383,2,0.2298386,0.31279367,0.4573677,c234,c5
19385,2,0.21705993,0.39352486,0.3894152,c5,c234
19386,2,0.389169,0.32659498,0.28423598,c5,c1
19389,2,0.5465362,0.2746815,0.1787823,c1,c1
19391,2,0.24333318,0.4793985,0.27726835,c1,c234
19398,2,0.37813446,0.38259178,0.23927373,c1,c234
19401,2,0.6240623,0.22807132,0.14786635,c234,c1
19403,2,0.09311702,0.25386095,0.65302205,c234,c5
19424,2,0.24777856,0.3723231,0.37989834,c5,c5
19438,2,0.43987688,0.37263572,0.18748741,c5,c1
19442,2,0.12328716,0.28595224,0.5907606,c5,c5
19451,2,0.2075373,0.29094687,0.50151587,c5,c5
19452,2,0.073134206,0.18025921,0.7466066,c5,c5
19457,2,0.23778757,0.4581238,0.30408856,c1,c234
19459,2,0.13850036,0.27782154,0.58367807,c234,c5
19460,2,0.07369478,0.24163592,0.6846693,c5,c5
19461,2,0.23453514,0.2669499,0.498515,c1,c5
19463,2,0.082474194,0.23235168,0.6851741,c5,c5
19470,2,0.49410626,0.3874972,0.118396565,c234,c1
19473,2,0.60122836,0.30861816,0.09015351,c1,c1
19474,2,0.44984934,0.43430912,0.11584155,c234,c1
19478,2,0.21272695,0.4240404,0.36323264,c234,c234
19479,2,0.46689478,0.25119534,0.28190985,c234,c1
19480,2,0.46694514,0.3578445,0.17521034,c1,c1
19482,2,0.11756845,0.3430312,0.5394004,c5,c5
19488,2,0.28570998,0.3155821,0.39870796,c1,c5
19495,2,0.42825195,0.35477343,0.21697456,c1,c1
19498,2,0.08812303,0.395519,0.51635796,c5,c5
19508,2,0.057961814,0.15276496,0.7892732,c5,c5
19514,2,0.07401489,0.25982377,0.66616136,c234,c5
19516,2,0.30716157,0.50945044,0.183388,c234,c234
19524,2,0.36678174,0.33466256,0.29855567,c5,c1
19530,2,0.1347155,0.39162466,0.4736598,c5,c5
19541,2,0.05820875,0.2697466,0.67204463,c5,c5
19542,2,0.5076929,0.36922097,0.123086154,c1,c1
19547,2,0.7019737,0.21471803,0.0833083,c1,c1
19548,2,0.52589357,0.30412245,0.169984,c234,c1
19550,2,0.42642948,0.38344064,0.19012994,c5,c1
19552,2,0.19525036,0.24730967,0.55744,c234,c5
19557,2,0.5379061,0.26221853,0.19987534,c234,c1
19561,2,0.18128613,0.26479405,0.55391985,c5,c5
19562,2,0.676617,0.2046507,0.118732266,c1,c1
19564,2,0.1510931,0.4449555,0.40395144,c234,c234
19565,2,0.64336747,0.27681026,0.07982223,c1,c1
19570,2,0.39712656,0.26441416,0.3384593,c5,c1
19574,2,0.62096006,0.3095061,0.06953385,c234,c1
19575,2,0.15461925,0.22709425,0.61828655,c234,c5
19579,2,0.52645206,0.35547683,0.118071124,c1,c1
19586,2,0.14850476,0.39674076,0.4547545,c234,c5
19591,2,0.22330257,0.31112438,0.465573,c5,c5
19593,2,0.1405815,0.37255946,0.4868591,c5,c5
19594,2,0.30084902,0.42125905,0.27789196,c234,c234
19619,2,0.1681303,0.5129702,0.3188995,c1,c234
19620,2,0.2917161,0.46348,0.24480394,c234,c234
19623,2,0.40478882,0.36070848,0.2345027,c1,c1
19634,2,0.6409823,0.28342906,0.07558868,c1,c1
19635,2,0.48651695,0.36942294,0.14406013,c234,c1
19640,2,0.21352138,0.3376429,0.4488357,c234,c5
19646,2,0.615668,0.28289023,0.1014418,c5,c1
19654,2,0.40398455,0.38765544,0.20835999,c1,c1
19666,2,0.3162109,0.3352784,0.3485107,c1,c5
19675,2,0.14845897,0.38999307,0.46154794,c234,c5
19677,2,0.45740688,0.42112583,0.12146737,c234,c1
19682,2,0.4817245,0.26655367,0.25172183,c5,c1
19683,2,0.3026819,0.35760552,0.3397126,c5,c234
19684,2,0.46694514,0.3578445,0.17521034,c1,c1
19685,2,0.5764107,0.29634884,0.12724042,c5,c1
19693,2,0.5191124,0.35024288,0.13064474,c1,c1
19694,2,0.27197596,0.4249114,0.30311266,c1,c234
19705,2,0.24350394,0.27341145,0.48308456,c5,c5
19706,2,0.049252253,0.21559368,0.7351541,c5,c5
19713,2,0.27177653,0.38044623,0.34777722,c1,c234
19724,2,0.18329671,0.2887713,0.527932,c5,c5
19728,2,0.23487322,0.443053,0.32207382,c1,c234
19735,2,0.09086928,0.23044094,0.67868984,c5,c5
19744,2,0.3128118,0.4427808,0.24440742,c1,c234
19753,2,0.22704242,0.247447,0.52551055,c5,c5
19758,2,0.6409823,0.28342906,0.07558868,c1,c1
19762,2,0.74832267,0.17014195,0.08153541,c234,c1
19767,2,0.14239994,0.3552075,0.50239253,c5,c5
19769,2,0.18169679,0.28400576,0.5342974,c1,c5
19772,2,0.27780098,0.38317782,0.3390212,c1,c234
19773,2,0.14632179,0.31425747,0.5394207,c1,c5
19777,2,0.6550036,0.27327952,0.07171691,c234,c1
19778,2,0.30486822,0.44138628,0.25374547,c5,c234
19783,2,0.54177886,0.31723428,0.14098684,c5,c1
19785,2,0.34165388,0.40841353,0.24993262,c5,c234
19807,2,0.444166,0.4291363,0.12669767,c5,c1
19822,2,0.3229341,0.26410255,0.4129634,c5,c5
19837,2,0.49641752,0.29033643,0.21324605,c5,c1
19838,2,0.47515458,0.37227082,0.15257463,c234,c1
19839,2,0.5483671,0.35615474,0.09547821,c1,c1
19840,2,0.51465255,0.333402,0.15194541,c234,c1
19841,2,0.08934902,0.34952107,0.56113,c1,c5
19842,2,0.22511278,0.38763282,0.38725445,c234,c234
19847,2,0.49215266,0.35971513,0.14813223,c1,c1
19852,2,0.2710262,0.29976982,0.429204,c234,c5
19864,2,0.35487568,0.4794357,0.16568856,c234,c234
19865,2,0.24606098,0.47388983,0.28004926,c1,c234
19873,2,0.5155643,0.37293705,0.11149861,c1,c1
19875,2,0.4945906,0.36833456,0.13707487,c1,c1
19882,2,0.5985967,0.33029413,0.07110921,c5,c1
19883,2,0.2739198,0.3626191,0.3634611,c5,c5
19884,2,0.38088652,0.4069888,0.21212472,c234,c234
19888,2,0.3593403,0.28057286,0.3600868,c5,c5
19909,2,0.12887403,0.28759977,0.5835262,c234,c5
19911,2,0.15914184,0.38872114,0.452137,c234,c5
19916,2,0.5949634,0.2996598,0.10537683,c234,c1
19928,2,0.14522636,0.28569633,0.5690773,c5,c5
19929,2,0.19256906,0.28397396,0.52345693,c1,c5
19930,2,0.29809076,0.30905858,0.39285064,c234,c5
19933,2,0.15690249,0.44457927,0.39851826,c234,c234
19935,2,0.28946468,0.27972096,0.43081436,c234,c5
19943,2,0.29285985,0.4737943,0.23334578,c234,c234
19946,2,0.24265632,0.37395716,0.38338646,c234,c5
19947,2,0.31938118,0.26463896,0.4159799,c1,c5
19958,2,0.28240082,0.4222682,0.295331,c234,c234
19963,2,0.44363385,0.4209994,0.13536677,c234,c1
19969,2,0.35238117,0.37995824,0.26766056,c1,c234
19973,2,0.069218114,0.22759557,0.70318633,c234,c5
19974,2,0.44729352,0.44381264,0.10889382,c234,c1
19981,2,0.39757282,0.2748533,0.32757387,c234,c1
19986,2,0.30924085,0.38336483,0.30739433,c1,c234
19987,2,0.14197604,0.35122254,0.5068014,c5,c5
19996,2,0.03796725,0.19045097,0.7715817,c5,c5
20012,2,0.21713892,0.4110525,0.37180856,c1,c234
20015,2,0.3593403,0.28057286,0.3600868,c234,c5
20026,2,0.34958383,0.28692868,0.36348748,c1,c5
20037,2,0.27184764,0.39334518,0.33480716,c5,c234
20039,2,0.20022297,0.32005304,0.479724,c1,c5
20043,2,0.43265057,0.32946476,0.23788463,c234,c1
20051,2,0.16509157,0.25132012,0.58358824,c1,c5
20063,2,0.15082042,0.3997916,0.44938806,c234,c5
20068,2,0.4628764,0.403728,0.13339563,c1,c1
20074,2,0.36391988,0.2552071,0.380873,c1,c5
20075,2,0.470432,0.3904067,0.13916132,c5,c1
20077,2,0.54816884,0.31180388,0.14002728,c5,c1
20083,2,0.56907845,0.29836792,0.13255359,c1,c1
20087,2,0.33377793,0.2703346,0.39588752,c1,c5
