indice,fold,p_c1,p_c234,p_c5,rotulo,previsto
5,4,0.31060135,0.4792225,0.21017621,c1,c234
7,4,0.41269413,0.4015624,0.18574353,c234,c1
10,4,0.21174909,0.4452189,0.34303206,c234,c234
13,4,0.350379,0.40600044,0.2436206,c234,c234
16,4,0.68293834,0.25297776,0.06408393,c234,c1
17,4,0.6233714,0.28704238,0.08958618,c1,c1
26,4,0.20004377,0.2881279,0.51182836,c5,c5
27,4,0.6352526,0.25206986,0.11267759,c1,c1
31,4,0.13760552,0.36951232,0.4928821,c5,c5
45,4,0.39754423,0.35866937,0.24378642,c5,c1
47,4,0.16928326,0.38504136,0.44567543,c5,c5
48,4,0.569812,0.28821203,0.141976,c5,c1
49,4,0.3066441,0.41321442,0.28014147,c234,c234
51,4,0.16946355,0.30304328,0.5274931,c234,c5
53,4,0.5363721,0.34336132,0.12026661,c234,c1
72,4,0.2770055,0.4338799,0.28911456,c234,c234
74,4,0.076577544,0.27721766,0.64620477,c234,c5
76,4,0.7055953,0.2187167,0.07568803,c234,c1
83,4,0.15628414,0.4904045,0.35331136,c234,c234
85,4,0.3684855,0.40106285,0.23045163,c5,c234
87,4,0.68293834,0.25297776,0.06408393,c1,c1
88,4,0.2382583,0.4311142,0.33062744,c5,c234
94,4,0.43496653,0.36082008,0.20421343,c1,c1
100,4,0.46911743,0.38541475,0.1454678,c234,c1
110,4,0.044367816,0.16225137,0.7933808,c5,c5
114,4,0.67133635,0.26232207,0.0663416,c1,c1
121,4,0.2293024,0.38631308,0.38438448,c1,c234
125,4,0.310952,0.3265718,0.36247623,c5,c5
126,4,0.25216797,0.31292197,0.43491006,c234,c5
135,4,0.5480988,0.2973784,0.1545229,c1,c1
138,4,0.05306859,0.19696926,0.74996215,c5,c5
145,4,0.18645489,0.25225374,0.5612914,c1,c5
151,4,0.15982696,0.368807,0.471366,c234,c5
156,4,0.46430027,0.3523167,0.18338293,c5,c1
161,4,0.52608114,0.31541985,0.15849903,c234,c1
162,4,0.24155746,0.30687827,0.4515643,c1,c5
163,4,0.15412216,0.29893348,0.5469443,c234,c5
164,4,0.16685711,0.34391844,0.4892245,c1,c5
169,4,0.5999399,0.289515,0.110545054,c1,c1
177,4,0.4225749,0.36597607,0.21144901,c5,c1
179,4,0.06676377,0.27713382,0.6561024,c234,c5
185,4,0.698195,0.23538758,0.06641742,c5,c1
191,4,0.3143019,0.40209642,0.2836017,c5,c234
193,4,0.4448421,0.4133245,0.14183338,c234,c1
196,4,0.42233098,0.27062145,0.30704755,c1,c1
198,4,0.29233503,0.39139202,0.31627288,c234,c234
201,4,0.5641099,0.28472772,0.15116237,c5,c1
204,4,0.09832605,0.27321574,0.6284582,c1,c5
206,4,0.68293834,0.25297776,0.06408393,c1,c1
207,4,0.20103085,0.31436068,0.48460844,c5,c5
209,4,0.22022721,0.3184206,0.46135217,c5,c5
210,4,0.1099731,0.32024407,0.56978285,c5,c5
212,4,0.0735777,0.18981647,0.7366058,c1,c5
213,4,0.2935803,0.36979747,0.33662227,c1,c234
215,4,0.6148091,0.25352123,0.13166966,c1,c1
221,4,0.056169596,0.17145608,0.77237433,c5,c5
222,4,0.15347137,0.31787664,0.528652,c5,c5
229,4,0.2477197,0.49566555,0.2566148,c1,c234
231,4,0.19856878,0.47506422,0.32636708,c1,c234
237,4,0.23411605,0.44907242,0.31681156,c234,c234
244,4,0.56822085,0.34196135,0.08981784,c234,c1
248,4,0.13278514,0.4289497,0.43826514,c1,c5
252,4,0.25879848,0.3604923,0.38070926,c234,c5
257,4,0.64053744,0.27548334,0.08397921,c234,c1
263,4,0.41269413,0.4015624,0.18574353,c5,c1
277,4,0.34958377,0.32254344,0.32787284,c5,c1
281,4,0.3699485,0.4426623,0.18738925,c5,c234
285,4,0.2590604,0.3107865,0.43015313,c5,c5
289,4,0.6836755,0.25179434,0.064530104,c234,c1
294,4,0.08464414,0.2128408,0.702515,c5,c5
296,4,0.5124304,0.31347913,0.17409046,c1,c1
297,4,0.09551912,0.4690151,0.43546575,c5,c234
299,4,0.5573921,0.3222986,0.120309286,c1,c1
301,4,0.34558025,0.44841668,0.20600304,c234,c234
315,4,0.12415846,0.2259327,0.64990884,c5,c5
320,4,0.36801058,0.423681,0.20830843,c5,c234
325,4,0.2686363,0.42082238,0.31054127,c1,c234
326,4,0.1878871,0.41735488,0.39475796,c1,c234
332,4,0.4086124,0.3019915,0.28939608,c1,c1
334,4,0.32510886,0.4405095,0.23438162,c234,c234
335,4,0.63141423,0.26208246,0.10650341,c1,c1
337,4,0.18663777,0.367387,0.44597524,c5,c5
339,4,0.52129084,0.31999594,0.15871327,c1,c1
342,4,0.14364477,0.2826539,0.5737013,c5,c5
344,4,0.048373617,0.11649644,0.8351299,c5,c5
346,4,0.046565734,0.2356159,0.7178184,c5,c5
347,4,0.19099514,0.33013088,0.478874,c5,c5
359,4,0.37977293,0.42772052,0.19250654,c234,c234
368,4,0.06442066,0.326756,0.60882336,c5,c5
370,4,0.21476607,0.38614744,0.39908653,c5,c5
371,4,0.23515277,0.36479014,0.40005717,c5,c5
378,4,0.15598764,0.423191,0.42082134,c5,c234
386,4,0.1546238,0.2969195,0.5484567,c5,c5
393,4,0.28714457,0.35416526,0.35869014,c234,c5
395,4,0.100640774,0.2021369,0.6972223,c5,c5
400,4,0.41269413,0.4015624,0.18574353,c1,c1
401,4,0.4439304,0.41117033,0.14489928,c234,c1
403,4,0.60684246,0.29839867,0.09475888,c234,c1
429,4,0.5545642,0.29015532,0.15528052,c1,c1
438,4,0.5834576,0.3068068,0.10973555,c234,c1
446,4,0.21626729,0.43410757,0.3496252,c1,c234
449,4,0.08616827,0.4179675,0.49586418,c5,c5
450,4,0.18150437,0.46872216,0.34977344,c5,c234
456,4,0.17794456,0.4932436,0.32881182,c5,c234
458,4,0.3217818,0.38893738,0.2892808,c1,c234
461,4,0.6075059,0.30741832,0.08507571,c5,c1
471,4,0.2750234,0.3221734,0.40280318,c5,c5
483,4,0.14119095,0.41185442,0.44695458,c5,c5
500,4,0.10917201,0.369234,0.52159405,c234,c5
501,4,0.6741352,0.2591815,0.06668327,c1,c1
505,4,0.15660352,0.46366692,0.3797296,c5,c234
507,4,0.5021308,0.27893257,0.21893668,c234,c1
508,4,0.4570217,0.3693853,0.17359298,c234,c1
521,4,0.54280907,0.30959016,0.14760083,c1,c1
526,4,0.18799052,0.2821964,0.5298131,c5,c5
533,4,0.28863642,0.28928012,0.4220835,c5,c5
536,4,0.68293834,0.25297776,0.06408393,c234,c1
537,4,0.7672312,0.17783822,0.05493054,c5,c1
540,4,0.14788117,0.32680959,0.5253092,c5,c5
541,4,0.07783734,0.28054264,0.64162,c234,c5
544,4,0.13332607,0.40381303,0.4628609,c234,c5
548,4,0.23446701,0.42967445,0.3358585,c234,c234
562,4,0.5799369,0.3449882,0.07507487,c1,c1
573,4,0.5368006,0.31737483,0.14582454,c1,c1
584,4,0.15873156,0.39934343,0.441925,c1,c5
594,4,0.57603246,0.31322166,0.110745884,c1,c1
597,4,0.24292393,0.44154617,0.31552994,c1,c234
611,4,0.17914729,0.2618537,0.55899906,c5,c5
614,4,0.28237346,0.3209686,0.3966579,c234,c5
621,4,0.41811368,0.35165748,0.23022881,c234,c1
623,4,0.37636793,0.39839816,0.2252339,c234,c234
624,4,0.42472667,0.3632658,0.2120075,c1,c1
629,4,0.05596051,0.2295836,0.7144559,c234,c5
631,4,0.100578874,0.362818,0.5366031,c234,c5
641,4,0.34105095,0.38432086,0.27462822,c1,c234
645,4,0.4188804,0.37861174,0.20250788,c234,c1
652,4,0.2715075,0.31236497,0.4161275,c1,c5
659,4,0.09773418,0.2748394,0.6274264,c234,c5
666,4,0.21564856,0.40982893,0.37452254,c234,c234
667,4,0.08124764,0.19636586,0.72238654,c5,c5
677,4,0.31197083,0.34277737,0.34525174,c1,c5
682,4,0.17282668,0.40409684,0.42307648,c1,c5
683,4,0.44840857,0.30359367,0.24799773,c5,c1
686,4,0.20362557,0.2710391,0.5253353,c5,c5
696,4,0.22443716,0.37867078,0.396892,c234,c5
700,4,0.118266866,0.3586398,0.5230934,c234,c5
710,4,0.1597498,0.3313254,0.5089248,c1,c5
713,4,0.23169374,0.30595067,0.46235564,c234,c5
723,4,0.6775892,0.2536287,0.0687821,c234,c1
727,4,0.29108286,0.29543224,0.41348493,c1,c5
745,4,0.15439141,0.28197014,0.5636384,c1,c5
757,4,0.27494308,0.46490484,0.26015207,c234,c234
761,4,0.81738055,0.13699877,0.045620747,c1,c1
763,4,0.41269413,0.4015624,0.18574353,c1,c1
766,4,0.56295455,0.3046961,0.13234934,c234,c1
772,4,0.08440123,0.28552568,0.6300731,c5,c5
773,4,0.10968798,0.31530738,0.57500464,c5,c5
774,4,0.57495487,0.30880487,0.116240196,c1,c1
780,4,0.201041,0.40108874,0.39787027,c5,c234
782,4,0.33320707,0.36159354,0.30519935,c234,c234
788,4,0.17788246,0.38185427,0.4402633,c234,c5
789,4,0.29115734,0.33760414,0.37123853,c234,c5
791,4,0.08242602,0.337831,0.57974297,c234,c5
794,4,0.2070875,0.44585204,0.3470604,c1,c234
797,4,0.052544232,0.18133268,0.76612306,c5,c5
808,4,0.14386682,0.3687246,0.4874086,c234,c5
809,4,0.17503905,0.30961257,0.51534843,c5,c5
810,4,0.35191348,0.40641198,0.24167454,c5,c234
813,4,0.0863916,0.3360597,0.5775487,c5,c5
814,4,0.11313023,0.20726709,0.6796026,c5,c5
821,4,0.14683087,0.40078774,0.4523814,c234,c5
822,4,0.14756598,0.5262413,0.3261927,c1,c234
831,4,0.14454071,0.2382419,0.6172174,c234,c5
839,4,0.06610886,0.12299606,0.8108951,c5,c5
842,4,0.08396939,0.28024173,0.63578886,c5,c5
844,4,0.08632308,0.20799032,0.70568657,c5,c5
845,4,0.33131546,0.42796972,0.24071483,c1,c234
846,4,0.3681592,0.42694184,0.20489895,c234,c234
882,4,0.12839383,0.28712335,0.5844828,c1,c5
885,4,0.06613338,0.20029622,0.7335704,c5,c5
889,4,0.05893076,0.24862318,0.69244605,c5,c5
897,4,0.15904741,0.41344506,0.42750752,c1,c5
904,4,0.5363721,0.34336132,0.12026661,c1,c1
910,4,0.44228867,0.41468108,0.14303032,c5,c1
911,4,0.14034905,0.3712177,0.4884332,c5,c5
914,4,0.38996768,0.35016268,0.25986964,c5,c1
919,4,0.27513546,0.36271983,0.3621447,c1,c234
921,4,0.40353972,0.2716523,0.3248079,c234,c1
926,4,0.10874377,0.29326007,0.5979961,c5,c5
928,4,0.080012165,0.3191699,0.6008179,c234,c5
929,4,0.6184666,0.27220747,0.10932588,c1,c1
931,4,0.55007344,0.28298077,0.16694577,c1,c1
934,4,0.32450035,0.45419616,0.22130351,c234,c234
936,4,0.06060955,0.2578372,0.6815532,c5,c5
941,4,0.6008072,0.28608385,0.11310903,c1,c1
949,4,0.22981189,0.4732156,0.29697245,c234,c234
953,4,0.14107138,0.3454244,0.5135042,c1,c5
963,4,0.5112865,0.27903557,0.20967793,c234,c1
964,4,0.34854037,0.40748495,0.24397469,c1,c234
965,4,0.2703681,0.42023933,0.3093926,c234,c234
967,4,0.11923474,0.2964447,0.5843205,c1,c5
973,4,0.43626305,0.35333973,0.21039724,c1,c1
982,4,0.41269413,0.4015624,0.18574353,c1,c1
996,4,0.29630697,0.38095364,0.3227394,c234,c234
1000,4,0.2284199,0.40172216,0.36985797,c234,c234
1008,4,0.6741352,0.2591815,0.06668327,c1,c1
1013,4,0.23304768,0.415351,0.3516013,c1,c234
1021,4,0.41269413,0.4015624,0.18574353,c1,c1
1025,4,0.26873222,0.29202673,0.43924105,c5,c5
1030,4,0.44560832,0.2891499,0.2652417,c5,c1
1032,4,0.4490199,0.40441963,0.1465605,c1,c1
1036,4,0.121205196,0.32487705,0.5539177,c5,c5
1052,4,0.41269413,0.4015624,0.18574353,c234,c1
1055,4,0.14720674,0.35455605,0.49823722,c234,c5
1058,4,0.22439805,0.40336716,0.37223482,c234,c234
1059,4,0.069510944,0.29995802,0.6305311,c5,c5
1073,4,0.37517038,0.3014027,0.32342693,c1,c1
1076,4,0.6051654,0.29880252,0.096032,c1,c1
1090,4,0.69284755,0.22556709,0.08158536,c1,c1
1094,4,0.41269413,0.4015624,0.18574353,c1,c1
1095,4,0.17929971,0.38274136,0.4379589,c1,c5
1096,4,0.053112645,0.24039964,0.70648766,c5,c5
1100,4,0.17793456,0.49575108,0.3263143,c234,c234
1103,4,0.27357015,0.47887212,0.24755765,c1,c234
1107,4,0.07952204,0.21722138,0.7032565,c234,c5
1113,4,0.26086572,0.37531862,0.36381567,c234,c234
1115,4,0.14638309,0.23218414,0.62143284,c1,c5
1120,4,0.08282992,0.23705758,0.6801125,c234,c5
1123,4,0.41269413,0.4015624,0.18574353,c234,c1
1125,4,0.3376591,0.4046935,0.2576474,c1,c234
1127,4,0.6560651,0.2588805,0.08505442,c5,c1
1128,4,0.18364802,0.43266106,0.38369095,c234,c234
1137,4,0.2073951,0.29859996,0.494005,c234,c5
1142,4,0.60814315,0.31592444,0.07593243,c5,c1
1143,4,0.3989413,0.40591687,0.19514182,c1,c234
1147,4,0.068264976,0.28909525,0.64263976,c234,c5
1149,4,0.528961,0.34267128,0.12836772,c1,c1
1158,4,0.68975425,0.22938074,0.080864966,c234,c1
1178,4,0.7250252,0.21399026,0.06098455,c5,c1
1180,4,0.028036093,0.15262926,0.81933475,c5,c5
1189,4,0.53277963,0.33830413,0.1289162,c1,c1
1193,4,0.284316,0.42973652,0.28594753,c1,c234
1199,4,0.1580575,0.3072408,0.53470165,c5,c5
1201,4,0.2144163,0.4158285,0.36975524,c234,c234
1222,4,0.42233098,0.27062145,0.30704755,c1,c1
1228,4,0.18025666,0.35617137,0.463572,c234,c5
1240,4,0.13667127,0.40524533,0.4580834,c1,c5
1256,4,0.41269413,0.4015624,0.18574353,c234,c1
1258,4,0.33920792,0.3272301,0.33356196,c234,c1
1260,4,0.12355291,0.41940522,0.4570419,c234,c5
1264,4,0.23094495,0.37399226,0.39506277,c1,c5
1265,4,0.22177419,0.39391008,0.38431573,c234,c234
1270,4,0.21692273,0.499703,0.28337422,c234,c234
1275,4,0.662675,0.2549466,0.08237844,c234,c1
1279,4,0.2543729,0.38532394,0.36030313,c234,c234
1285,4,0.1775407,0.3539017,0.46855754,c5,c5
1286,4,0.1822408,0.45061,0.36714917,c234,c234
1289,4,0.120913886,0.27867314,0.60041296,c234,c5
1290,4,0.42655957,0.35365188,0.2197886,c234,c1
1295,4,0.4186569,0.3701857,0.21115734,c5,c1
1300,4,0.30079183,0.29794142,0.40126675,c234,c5
1313,4,0.21249378,0.34039414,0.44711205,c234,c5
1316,4,0.42233098,0.27062145,0.30704755,c1,c1
1318,4,0.43363965,0.3554851,0.21087523,c1,c1
1322,4,0.24553496,0.31573528,0.43872976,c5,c5
1329,4,0.3710824,0.3479195,0.2809981,c5,c1
1332,4,0.23174411,0.4028693,0.3653866,c234,c234
1333,4,0.2170598,0.36891586,0.4140244,c5,c5
1342,4,0.16776878,0.4203315,0.41189978,c234,c234
1343,4,0.5206493,0.2964964,0.18285435,c234,c1
1344,4,0.08301671,0.22257139,0.69441193,c234,c5
1355,4,0.035343148,0.1515628,0.813094,c234,c5
1358,4,0.15036844,0.46046147,0.38917002,c1,c234
1362,4,0.77885616,0.16477875,0.056365084,c1,c1
1363,4,0.13655294,0.40687633,0.45657074,c1,c5
1365,4,0.22789882,0.4110626,0.36103857,c1,c234
1371,4,0.62050307,0.27610388,0.10339311,c5,c1
1372,4,0.23480745,0.47804427,0.2871483,c5,c234
1375,4,0.13404827,0.40958455,0.45636716,c1,c5
1379,4,0.35972443,0.2680434,0.37223226,c1,c5
1381,4,0.27761674,0.4303225,0.29206073,c234,c234
1383,4,0.67499715,0.25174353,0.07325931,c234,c1
1394,4,0.8425359,0.119789094,0.037674915,c234,c1
1397,4,0.68293834,0.25297776,0.06408393,c234,c1
1400,4,0.23876376,0.30341646,0.4578198,c5,c5
1404,4,0.11305005,0.3217353,0.5652147,c5,c5
1413,4,0.049031522,0.17266867,0.7782998,c5,c5
1415,4,0.13873756,0.31521747,0.54604495,c1,c5
1423,4,0.0940858,0.29508796,0.61082625,c234,c5
1424,4,0.5202051,0.30001682,0.17977807,c5,c1
1429,4,0.18503973,0.4512078,0.36375254,c234,c234
1430,4,0.41269413,0.4015624,0.18574353,c5,c1
1432,4,0.34373477,0.45537457,0.20089068,c234,c234
1436,4,0.09138207,0.2841348,0.62448317,c234,c5
1447,4,0.31593958,0.45781338,0.22624709,c5,c234
1448,4,0.24573249,0.38330215,0.37096536,c5,c234
1471,4,0.2683754,0.51447326,0.21715139,c1,c234
1475,4,0.32829946,0.46920645,0.20249413,c1,c234
1476,4,0.23320688,0.3720272,0.39476597,c1,c5
1481,4,0.11966821,0.30914786,0.5711839,c234,c5
1483,4,0.23558037,0.39011696,0.3743027,c1,c234
1498,4,0.27422827,0.3986833,0.3270884,c5,c234
1499,4,0.22619447,0.36899203,0.40481347,c234,c5
1501,4,0.24337488,0.31019068,0.4464344,c5,c5
1504,4,0.476397,0.3203018,0.20330128,c234,c1
1511,4,0.38962257,0.4207685,0.18960893,c234,c234
1515,4,0.1598939,0.47969157,0.36041448,c1,c234
1517,4,0.04182319,0.24524307,0.7129337,c5,c5
1519,4,0.47668186,0.40170047,0.1216177,c5,c1
1521,4,0.42179126,0.36241034,0.21579836,c5,c1
1532,4,0.41269413,0.4015624,0.18574353,c234,c1
1534,4,0.42506558,0.3468014,0.22813305,c1,c1
1540,4,0.6551787,0.27276927,0.07205203,c1,c1
1548,4,0.41269413,0.4015624,0.18574353,c1,c1
1553,4,0.39909506,0.3382118,0.2626932,c1,c1
1564,4,0.23370907,0.36961097,0.39667994,c5,c5
1565,4,0.19865261,0.34002978,0.4613177,c5,c5
1566,4,0.079704925,0.20676407,0.713531,c5,c5
1567,4,0.3564816,0.43047157,0.21304686,c1,c234
1575,4,0.14995626,0.31943995,0.53060377,c5,c5
1578,4,0.09969454,0.23933277,0.6609727,c1,c5
1579,4,0.4636008,0.3334711,0.20292816,c1,c1
1580,4,0.037465584,0.13363206,0.82890236,c5,c5
1582,4,0.08852388,0.2457686,0.6657075,c5,c5
1584,4,0.16163546,0.23546545,0.6028991,c234,c5
1587,4,0.0329925,0.18083306,0.7861745,c234,c5
1592,4,0.3204845,0.3992451,0.28027037,c234,c234
1596,4,0.13605684,0.44177783,0.4221653,c234,c234
1603,4,0.45356822,0.34486702,0.20156473,c234,c1
1604,4,0.29628253,0.41586626,0.28785124,c1,c234
1612,4,0.27368963,0.38785338,0.33845696,c1,c234
1621,4,0.220177,0.41154572,0.36827728,c234,c234
1624,4,0.29960564,0.40272078,0.29767355,c1,c234
1626,4,0.35809526,0.43136573,0.21053904,c5,c234
1632,4,0.622022,0.3044101,0.07356797,c234,c1
1656,4,0.27913472,0.3219495,0.39891577,c5,c5
1657,4,0.27701998,0.30889666,0.4140833,c234,c5
1664,4,0.48332968,0.3597945,0.15687585,c5,c1
1669,4,0.07744988,0.30977973,0.61277044,c234,c5
1671,4,0.43741643,0.303897,0.25868654,c1,c1
1672,4,0.4612638,0.3111177,0.22761858,c5,c1
1679,4,0.21362083,0.41196603,0.37441313,c234,c234
1689,4,0.3363542,0.42324963,0.24039619,c1,c234
1692,4,0.31152493,0.3495948,0.33888027,c5,c234
1696,4,0.212117,0.4481755,0.33970758,c5,c234
1703,4,0.42233098,0.27062145,0.30704755,c234,c1
1708,4,0.61719954,0.29155335,0.09124711,c1,c1
1713,4,0.07459082,0.25537428,0.67003495,c234,c5
1717,4,0.06788819,0.1993884,0.7327235,c5,c5
1725,4,0.27788752,0.3051066,0.41700584,c234,c5
1727,4,0.44374454,0.40740174,0.14885369,c234,c1
1737,4,0.6175126,0.31401157,0.06847581,c1,c1
1740,4,0.37889805,0.30182353,0.31927845,c1,c1
1741,4,0.18728717,0.4468719,0.365841,c234,c234
1747,4,0.19941382,0.5781511,0.22243506,c234,c234
1754,4,0.11681445,0.28908324,0.5941023,c5,c5
1756,4,0.23961478,0.38458976,0.37579542,c234,c234
1758,4,0.64027107,0.2969189,0.06281,c1,c1
1765,4,0.1389148,0.34872055,0.5123646,c5,c5
1766,4,0.21635199,0.3269707,0.45667726,c5,c5
1780,4,0.6836755,0.25179434,0.064530104,c1,c1
1783,4,0.6391414,0.2799967,0.080861904,c1,c1
1784,4,0.19827355,0.33971256,0.4620139,c5,c5
1790,4,0.49548814,0.34525257,0.1592593,c234,c1
1792,4,0.6933808,0.23289227,0.07372695,c234,c1
1797,4,0.40147668,0.30234843,0.2961749,c234,c1
1804,4,0.20170124,0.47034538,0.3279534,c234,c234
1825,4,0.057737134,0.29994693,0.64231586,c5,c5
1828,4,0.3404583,0.4179474,0.2415943,c1,c234
1833,4,0.08628914,0.25780055,0.6559104,c234,c5
1834,4,0.09379666,0.250019,0.6561843,c234,c5
1842,4,0.17684197,0.32061055,0.5025475,c234,c5
1844,4,0.31577766,0.38597903,0.29824328,c1,c234
1847,4,0.37143537,0.29173878,0.33682585,c1,c1
1854,4,0.11554723,0.23238526,0.65206754,c1,c5
1857,4,0.19179434,0.48453096,0.32367468,c234,c234
1866,4,0.22298025,0.48822412,0.28879574,c234,c234
1869,4,0.79601324,0.15081313,0.053173553,c1,c1
1870,4,0.42443964,0.3922072,0.1833532,c1,c1
1882,4,0.38772857,0.40887362,0.20339784,c5,c234
1884,4,0.5185143,0.36584604,0.115639694,c1,c1
1894,4,0.41269413,0.4015624,0.18574353,c1,c1
1895,4,0.12830728,0.40805843,0.46363425,c5,c5
1900,4,0.20869869,0.36641178,0.42488948,c234,c5
1904,4,0.6391414,0.2799967,0.080861904,c1,c1
1914,4,0.43896174,0.33607098,0.22496733,c5,c1
1933,4,0.28484216,0.41151896,0.30363885,c1,c234
1938,4,0.42126402,0.31109494,0.267641,c1,c1
1939,4,0.5768593,0.31283,0.11031076,c1,c1
1945,4,0.3320398,0.4476153,0.22034489,c5,c234
1946,4,0.40671936,0.30708286,0.28619775,c234,c1
1949,4,0.28409675,0.47305068,0.24285257,c234,c234
1970,4,0.15379675,0.43482277,0.41138053,c234,c234
1974,4,0.2076329,0.38564306,0.40672407,c1,c5
1977,4,0.22104587,0.2629956,0.51595855,c1,c5
1979,4,0.14628653,0.34087455,0.51283896,c234,c5
1992,4,0.19928223,0.38628957,0.4144282,c1,c5
1994,4,0.27129957,0.36721885,0.36148155,c5,c234
1995,4,0.10743108,0.3006366,0.5919324,c5,c5
1997,4,0.16588618,0.34666622,0.48744756,c234,c5
2005,4,0.2572405,0.34767944,0.39508012,c5,c5
2010,4,0.06347639,0.24873567,0.6877879,c234,c5
2012,4,0.6741352,0.2591815,0.06668327,c1,c1
2018,4,0.483828,0.34961736,0.1665546,c234,c1
2024,4,0.4207897,0.34471956,0.23449078,c234,c1
2025,4,0.34916893,0.45509648,0.19573458,c234,c234
2027,4,0.71948105,0.22695507,0.053563826,c1,c1
2031,4,0.17914729,0.2618537,0.55899906,c1,c5
2032,4,0.5506347,0.354563,0.09480235,c1,c1
2047,4,0.21568435,0.35569015,0.42862543,c234,c5
2050,4,0.14420678,0.32130656,0.53448665,c234,c5
2052,4,0.64053744,0.27548334,0.08397921,c1,c1
2053,4,0.13765652,0.30144122,0.5609023,c5,c5
2061,4,0.42233098,0.27062145,0.30704755,c1,c1
2067,4,0.15994434,0.20622674,0.6338289,c1,c5
2068,4,0.6269594,0.28498304,0.08805759,c1,c1
2072,4,0.23762211,0.3490884,0.41328955,c1,c5
2073,4,0.10416198,0.22845165,0.6673863,c234,c5
2078,4,0.30749464,0.30348122,0.3890241,c1,c5
2079,4,0.117012374,0.32529768,0.5576899,c1,c5
2085,4,0.03221395,0.1781136,0.7896725,c5,c5
2093,4,0.22335042,0.4065142,0.37013537,c1,c234
2098,4,0.129218,0.42534778,0.44543427,c234,c5
2107,4,0.17476872,0.35166612,0.4735652,c1,c5
2109,4,0.22434415,0.3829756,0.3926803,c234,c5
2114,4,0.3367909,0.4049353,0.2582738,c1,c234
2121,4,0.6255615,0.2941268,0.080311686,c1,c1
2128,4,0.20930812,0.3414869,0.44920495,c5,c5
2130,4,0.53952444,0.2831664,0.1773092,c1,c1
2133,4,0.15104334,0.36233413,0.4866225,c234,c5
2136,4,0.4547805,0.373864,0.17135556,c1,c1
2137,4,0.069580466,0.19107413,0.7393454,c5,c5
2142,4,0.2510668,0.25266555,0.49626774,c5,c5
2151,4,0.10555087,0.44438577,0.45006332,c5,c5
2152,4,0.5786314,0.2946939,0.12667474,c1,c1
2155,4,0.1386464,0.3671622,0.49419138,c1,c5
2157,4,0.46139076,0.41470018,0.12390908,c1,c1
2160,4,0.6223864,0.26892966,0.10868393,c234,c1
2166,4,0.37093246,0.44945538,0.17961223,c1,c234
2186,4,0.26941532,0.48987707,0.24070767,c5,c234
2196,4,0.22517551,0.3859935,0.388831,c1,c5
2198,4,0.1704568,0.27050045,0.55904275,c5,c5
2204,4,0.35601306,0.42739415,0.21659282,c1,c234
2209,4,0.17831434,0.2855549,0.5361308,c1,c5
2212,4,0.1633515,0.4082664,0.42838213,c1,c5
2214,4,0.28527594,0.47742668,0.23729733,c234,c234
2231,4,0.28627217,0.34645543,0.36727238,c1,c5
2246,4,0.82197666,0.1341185,0.043904837,c1,c1
2247,4,0.2265434,0.37137014,0.4020864,c234,c5
2255,4,0.5973664,0.27808955,0.12454405,c234,c1
2266,4,0.051726628,0.23976615,0.7085072,c234,c5
2269,4,0.16466774,0.2934266,0.54190564,c234,c5
2276,4,0.50739056,0.38346627,0.10914311,c234,c1
2277,4,0.27252805,0.33094603,0.39652595,c234,c5
2279,4,0.50216156,0.28048617,0.2173523,c1,c1
2280,4,0.17867067,0.30860224,0.512727,c234,c5
2284,4,0.42053106,0.3355786,0.24389032,c1,c1
2290,4,0.35535634,0.38082308,0.26382065,c234,c234
2291,4,0.12373679,0.37330833,0.50295484,c234,c5
2296,4,0.10135436,0.23611669,0.662529,c1,c5
2301,4,0.5421428,0.36826792,0.08958935,c1,c1
2311,4,0.0531982,0.22380878,0.722993,c5,c5
2320,4,0.17338054,0.34237573,0.48424375,c234,c5
2323,4,0.2015933,0.37433413,0.4240726,c234,c5
2332,4,0.3834787,0.32501745,0.29150382,c5,c1
2334,4,0.2790162,0.46495983,0.25602403,c5,c234
2340,4,0.056091372,0.26190916,0.6819995,c5,c5
2343,4,0.115974456,0.26498255,0.619043,c1,c5
2345,4,0.23619722,0.4244732,0.3393296,c1,c234
2346,4,0.27790043,0.47809255,0.244007,c234,c234
2348,4,0.25587276,0.52163106,0.22249614,c1,c234
2349,4,0.13763215,0.2615947,0.6007731,c5,c5
2354,4,0.054664552,0.2819812,0.6633543,c5,c5
2359,4,0.68293834,0.25297776,0.06408393,c234,c1
2371,4,0.11163858,0.4247277,0.4636337,c234,c5
2377,4,0.45774648,0.4049473,0.13730627,c5,c1
2379,4,0.10796174,0.3381124,0.5539258,c234,c5
2389,4,0.090292126,0.21663424,0.6930736,c234,c5
2391,4,0.11958353,0.29438668,0.58602977,c1,c5
2394,4,0.4280428,0.2699632,0.30199406,c234,c1
2404,4,0.16542545,0.27220824,0.5623663,c1,c5
2408,4,0.2642077,0.33708218,0.39871007,c5,c5
2410,4,0.28655475,0.36922586,0.3442194,c1,c234
2415,4,0.108652666,0.2694437,0.6219036,c5,c5
2420,4,0.58533555,0.30322358,0.11144084,c5,c1
2425,4,0.11125819,0.38889846,0.49984342,c234,c5
2429,4,0.09353782,0.27315,0.63331217,c5,c5
2453,4,0.3279663,0.4192961,0.2527376,c234,c234
2456,4,0.10941601,0.44714013,0.44344386,c5,c234
2458,4,0.20220791,0.3790213,0.4187708,c5,c5
2460,4,0.43333787,0.36651418,0.20014794,c234,c1
2466,4,0.118138544,0.3847224,0.49713904,c5,c5
2472,4,0.30700037,0.36909676,0.32390285,c5,c234
2474,4,0.25802192,0.49396196,0.2480161,c234,c234
2475,4,0.08886725,0.33334073,0.57779205,c234,c5
2476,4,0.6551787,0.27276927,0.07205203,c1,c1
2485,4,0.1674102,0.26873174,0.56385803,c1,c5
2491,4,0.5128241,0.3277664,0.15940942,c5,c1
2492,4,0.36679038,0.36587366,0.26733598,c1,c1
2495,4,0.5542342,0.34615418,0.09961161,c5,c1
2506,4,0.41269413,0.4015624,0.18574353,c1,c1
2507,4,0.43944877,0.3696918,0.19085936,c234,c1
2509,4,0.4365605,0.3860165,0.17742296,c5,c1
2515,4,0.07304728,0.26369637,0.66325635,c5,c5
2521,4,0.43866587,0.36346707,0.19786707,c234,c1
2524,4,0.5404515,0.35599777,0.103550695,c5,c1
2526,4,0.13842353,0.30710605,0.55447036,c5,c5
2528,4,0.25513497,0.4384723,0.3063927,c5,c234
2529,4,0.63267857,0.30083272,0.06648875,c234,c1
2543,4,0.038854618,0.1392733,0.82187206,c5,c5
2545,4,0.19368373,0.41506433,0.39125186,c5,c234
2553,4,0.57908434,0.3324996,0.08841606,c5,c1
2559,4,0.41269413,0.4015624,0.18574353,c1,c1
2560,4,0.41269413,0.4015624,0.18574353,c5,c1
2563,4,0.16882394,0.30348834,0.5276878,c234,c5
2568,4,0.13269058,0.29485446,0.5724549,c234,c5
2576,4,0.21286002,0.3933298,0.3938102,c234,c5
2577,4,0.14930402,0.31669453,0.53400147,c234,c5
2583,4,0.17521644,0.46411994,0.36066365,c5,c234
2586,4,0.6503035,0.2681822,0.081514336,c1,c1
2589,4,0.21819842,0.42502707,0.35677454,c5,c234
2590,4,0.11138135,0.33554068,0.553078,c5,c5
2591,4,0.16508624,0.25997087,0.5749429,c234,c5
2598,4,0.2078939,0.4338173,0.3582888,c5,c234
2603,4,0.25465965,0.52800983,0.21733057,c5,c234
2608,4,0.5066692,0.33272827,0.16060252,c5,c1
2613,4,0.62226427,0.28221515,0.095520556,c234,c1
2614,4,0.053477265,0.24347241,0.7030503,c5,c5
2615,4,0.6836755,0.25179434,0.064530104,c1,c1
2630,4,0.03754703,0.15651998,0.80593294,c5,c5
2638,4,0.13467592,0.2513449,0.6139792,c234,c5
2640,4,0.53634965,0.34338886,0.120261565,c234,c1
2643,4,0.42233098,0.27062145,0.30704755,c1,c1
2645,4,0.1741995,0.46153894,0.36426154,c5,c234
2653,4,0.042766057,0.22179218,0.73544174,c5,c5
2654,4,0.1549889,0.3459208,0.4990903,c5,c5
2665,4,0.58541423,0.32321754,0.091368236,c1,c1
2666,4,0.13904478,0.38711497,0.47384024,c5,c5
2676,4,0.22686526,0.37126276,0.401872,c1,c5
2677,4,0.5598484,0.30422178,0.13592982,c1,c1
2678,4,0.1811148,0.31006742,0.5088178,c5,c5
2685,4,0.23477858,0.34205985,0.42316163,c5,c5
2705,4,0.1776195,0.37354997,0.4488306,c1,c5
2711,4,0.115010664,0.3254823,0.5595071,c1,c5
2712,4,0.11958018,0.35691327,0.5235065,c234,c5
2714,4,0.23526767,0.34562948,0.41910288,c1,c5
2736,4,0.06672286,0.2547777,0.6784994,c5,c5
2740,4,0.035224527,0.17780727,0.7869683,c5,c5
2741,4,0.35491827,0.37272382,0.2723579,c1,c234
2749,4,0.12810168,0.23017812,0.64172024,c5,c5
2755,4,0.11649874,0.27070242,0.6127988,c5,c5
2758,4,0.1336841,0.44198695,0.4243289,c1,c234
2761,4,0.19216183,0.29833534,0.5095029,c5,c5
2766,4,0.7359697,0.19774532,0.066284925,c5,c1
2777,4,0.80533934,0.14382648,0.050834153,c234,c1
2780,4,0.21094,0.36863288,0.42042705,c234,c5
2783,4,0.17315356,0.34465134,0.48219508,c234,c5
2788,4,0.22612946,0.47760704,0.29626352,c1,c234
2789,4,0.1661064,0.49687162,0.33702195,c5,c234
2794,4,0.1506361,0.49633437,0.3530295,c234,c234
2816,4,0.622447,0.2711687,0.106384195,c1,c1
2821,4,0.39796537,0.41736972,0.18466489,c1,c234
2827,4,0.32188693,0.392899,0.2852141,c234,c234
2838,4,0.2354167,0.3796084,0.38497496,c234,c5
2839,4,0.19867882,0.32343376,0.4778874,c234,c5
2847,4,0.14410535,0.31706885,0.5388258,c5,c5
2851,4,0.17867622,0.37180272,0.44952106,c5,c5
2854,4,0.16726038,0.24823049,0.5845092,c5,c5
2855,4,0.32509035,0.36143255,0.31347704,c234,c234
2860,4,0.08834041,0.26808524,0.6435743,c234,c5
2871,4,0.07992859,0.23060445,0.68946695,c5,c5
2875,4,0.43678564,0.38858005,0.17463438,c234,c1
2884,4,0.6391414,0.2799967,0.080861904,c1,c1
2887,4,0.14723052,0.2847833,0.56798625,c1,c5
2888,4,0.5932998,0.3103655,0.09633472,c1,c1
2892,4,0.47977892,0.37538946,0.14483157,c1,c1
2894,4,0.06733677,0.15485205,0.77781117,c5,c5
2895,4,0.029986205,0.17133082,0.79868287,c5,c5
2903,4,0.62016517,0.31443793,0.06539685,c234,c1
2907,4,0.051470276,0.18847741,0.7600523,c5,c5
2912,4,0.15909491,0.28289124,0.55801386,c1,c5
2918,4,0.47701895,0.40139613,0.12158491,c1,c1
2921,4,0.6827563,0.22443569,0.09280797,c234,c1
2924,4,0.06392011,0.21024582,0.72583413,c5,c5
2926,4,0.38444692,0.38206095,0.23349217,c5,c1
2928,4,0.5676039,0.3053129,0.12708318,c5,c1
2933,4,0.68293834,0.25297776,0.06408393,c1,c1
2943,4,0.09008614,0.37085286,0.539061,c5,c5
2960,4,0.34105095,0.38432086,0.27462822,c5,c234
2961,4,0.60230863,0.31689107,0.080800325,c1,c1
2967,4,0.28855857,0.46142498,0.25001642,c234,c234
2973,4,0.41697034,0.427067,0.15596268,c1,c234
2978,4,0.14141908,0.21605994,0.642521,c234,c5
2979,4,0.079738766,0.21989216,0.70036906,c1,c5
2986,4,0.53634965,0.34338886,0.120261565,c5,c1
2989,4,0.21733819,0.43721682,0.34544504,c234,c234
2993,4,0.062318023,0.21889634,0.71878564,c5,c5
2999,4,0.5964438,0.31750444,0.08605183,c234,c1
3004,4,0.51807314,0.30033225,0.18159458,c234,c1
3005,4,0.4097849,0.3402684,0.2499467,c234,c1
3006,4,0.55507797,0.36688414,0.078037895,c234,c1
3011,4,0.2954853,0.42428485,0.28022984,c234,c234
3012,4,0.3644067,0.30611295,0.32948035,c234,c1
3013,4,0.082425795,0.31473854,0.60283566,c5,c5
3030,4,0.07830008,0.24792755,0.6737724,c234,c5
3031,4,0.32522085,0.3555322,0.31924698,c1,c234
3040,4,0.12060961,0.32873255,0.5506578,c5,c5
3043,4,0.53612804,0.30344638,0.16042556,c234,c1
3044,4,0.31852624,0.41232938,0.26914436,c1,c234
3049,4,0.45678118,0.37509638,0.16812249,c234,c1
3053,4,0.15010148,0.4802936,0.36960495,c234,c234
3055,4,0.41269413,0.4015624,0.18574353,c1,c1
3063,4,0.6058455,0.29015166,0.10400281,c1,c1
3067,4,0.48979676,0.27582645,0.23437677,c5,c1
3071,4,0.07489349,0.2343782,0.6907283,c5,c5
3077,4,0.6018484,0.2539381,0.14421348,c1,c1
3078,4,0.12976508,0.3289486,0.5412863,c234,c5
3082,4,0.09170215,0.2126017,0.6956961,c5,c5
3085,4,0.12624606,0.2646656,0.6090883,c5,c5
3089,4,0.70016104,0.21322449,0.086614445,c1,c1
3095,4,0.100034215,0.2467046,0.6532612,c5,c5
3103,4,0.0910598,0.2787091,0.6302311,c1,c5
3109,4,0.31610876,0.47606575,0.20782547,c234,c234
3115,4,0.17826968,0.30285853,0.51887184,c234,c5
3119,4,0.12592646,0.2968907,0.5771828,c234,c5
3120,4,0.08424657,0.31240323,0.6033502,c5,c5
3126,4,0.11353602,0.31100553,0.57545847,c234,c5
3140,4,0.19290334,0.4436131,0.36348358,c5,c234
3143,4,0.25952923,0.4966657,0.24380514,c234,c234
3163,4,0.23065999,0.40025112,0.36908886,c5,c234
3167,4,0.40926298,0.3027494,0.28798765,c234,c1
3169,4,0.41269413,0.4015624,0.18574353,c1,c1
3179,4,0.34937814,0.44354632,0.20707552,c1,c234
3184,4,0.53634965,0.34338886,0.120261565,c234,c1
3189,4,0.6075059,0.30741832,0.08507571,c234,c1
3193,4,0.1400909,0.35983694,0.5000722,c5,c5
3199,4,0.18381968,0.44594058,0.3702397,c5,c234
3204,4,0.41604683,0.35497427,0.22897889,c1,c1
3207,4,0.07584358,0.29836035,0.62579614,c5,c5
3211,4,0.19184637,0.42708704,0.38106662,c234,c234
3214,4,0.13315536,0.43067116,0.4361735,c234,c5
3215,4,0.11570381,0.3161708,0.56812537,c234,c5
3216,4,0.17818071,0.30899817,0.51282114,c1,c5
3217,4,0.4297465,0.33187973,0.23837382,c5,c1
3219,4,0.15768172,0.352576,0.4897423,c234,c5
3222,4,0.07524715,0.21880063,0.7059522,c5,c5
3227,4,0.261299,0.35511017,0.38359085,c1,c5
3228,4,0.05986941,0.27798468,0.6621459,c5,c5
3237,4,0.20783074,0.29615876,0.49601045,c5,c5
3238,4,0.29856664,0.4156334,0.2857999,c5,c234
3243,4,0.14192298,0.5181198,0.3399572,c234,c234
3245,4,0.11996431,0.31244895,0.5675867,c5,c5
3256,4,0.13312638,0.30309695,0.5637767,c1,c5
3260,4,0.52115196,0.3628469,0.11600117,c1,c1
3271,4,0.41269413,0.4015624,0.18574353,c5,c1
3276,4,0.1243483,0.29446113,0.5811905,c1,c5
3282,4,0.48401716,0.39321512,0.12276773,c234,c1
3283,4,0.09072095,0.33281708,0.576462,c5,c5
3284,4,0.20093383,0.31136915,0.48769706,c234,c5
3286,4,0.07625167,0.37040818,0.5533401,c5,c5
3287,4,0.1803611,0.35511833,0.46452057,c5,c5
3288,4,0.54874426,0.29334542,0.15791029,c1,c1
3293,4,0.587909,0.29811966,0.113971345,c1,c1
3301,4,0.21804042,0.42700666,0.35495293,c5,c234
3303,4,0.26374605,0.4418533,0.29440063,c1,c234
3311,4,0.1734081,0.38453493,0.442057,c234,c5
3321,4,0.41269413,0.4015624,0.18574353,c1,c1
3325,4,0.38506466,0.3107329,0.30420247,c234,c1
3333,4,0.27940917,0.42912766,0.29146314,c1,c234
3351,4,0.08351276,0.30480653,0.6116807,c5,c5
3355,4,0.61668104,0.29408634,0.08923261,c234,c1
3356,4,0.29615417,0.37531194,0.3285339,c234,c234
3357,4,0.33872277,0.33398056,0.3272967,c1,c1
3365,4,0.38782975,0.36117178,0.2509985,c234,c1
3380,4,0.538079,0.33961082,0.12231016,c1,c1
3381,4,0.3583103,0.34709558,0.29459417,c5,c1
3382,4,0.6741352,0.2591815,0.06668327,c1,c1
3390,4,0.4930678,0.35757947,0.14935271,c1,c1
3393,4,0.23378807,0.4703089,0.295903,c234,c234
3396,4,0.41269413,0.4015624,0.18574353,c234,c1
3398,4,0.54359263,0.3332054,0.123201974,c1,c1
3399,4,0.076666646,0.22243887,0.7008945,c5,c5
3407,4,0.123962305,0.3325512,0.5434865,c5,c5
3408,4,0.34079298,0.44529244,0.21391463,c234,c234
3410,4,0.39111182,0.42934263,0.17954558,c5,c234
3412,4,0.5513209,0.32786527,0.120813824,c1,c1
3421,4,0.09387029,0.36515152,0.54097813,c234,c5
3422,4,0.109616116,0.35083443,0.5395494,c5,c5
3425,4,0.656319,0.2646029,0.07907811,c234,c1
3429,4,0.16701052,0.3270307,0.5059588,c234,c5
3434,4,0.0976397,0.37529776,0.5270626,c234,c5
3437,4,0.5658339,0.29611054,0.13805555,c1,c1
3438,4,0.43446103,0.38845128,0.17708772,c1,c1
3441,4,0.49139062,0.37328306,0.13532627,c5,c1
3445,4,0.07266937,0.27582934,0.6515013,c234,c5
3447,4,0.12380341,0.41800433,0.45819217,c5,c5
3451,4,0.65515363,0.26501718,0.079829186,c1,c1
3453,4,0.46347192,0.3611286,0.17539948,c234,c1
3463,4,0.15263577,0.33876127,0.508603,c234,c5
3464,4,0.5970647,0.32221022,0.08072506,c234,c1
3473,4,0.42233098,0.27062145,0.30704755,c234,c1
3474,4,0.14811388,0.2912701,0.56061596,c5,c5
3477,4,0.08361241,0.30457476,0.6118128,c234,c5
3480,4,0.16706218,0.30149668,0.5314412,c234,c5
3481,4,0.2696926,0.2913759,0.43893147,c5,c5
3489,4,0.12680867,0.43659568,0.43659568,c1,c234
3509,4,0.08379545,0.29824343,0.6179611,c1,c5
3512,4,0.4995627,0.36611307,0.13432424,c5,c1
3513,4,0.30939925,0.4433157,0.2472851,c234,c234
3518,4,0.051122807,0.28913587,0.65974134,c234,c5
3520,4,0.20158848,0.34078538,0.45762616,c5,c5
3521,4,0.14121331,0.39190662,0.46688008,c5,c5
3523,4,0.49548814,0.34525257,0.1592593,c1,c1
3528,4,0.46267542,0.40453914,0.13278545,c1,c1
3531,4,0.48224103,0.3678562,0.14990279,c1,c1
3553,4,0.22487712,0.40769723,0.36742562,c5,c234
3560,4,0.59847426,0.30585736,0.095668346,c1,c1
3569,4,0.122306,0.23966639,0.6380276,c5,c5
3570,4,0.68293834,0.25297776,0.06408393,c1,c1
3574,4,0.3343803,0.37275505,0.29286465,c234,c234
3580,4,0.57957834,0.27977017,0.14065151,c234,c1
3581,4,0.23255815,0.43569738,0.33174443,c1,c234
3586,4,0.4394312,0.33651257,0.22405626,c234,c1
3590,4,0.12817289,0.27041614,0.6014109,c234,c5
3593,4,0.5221667,0.33736262,0.14047067,c234,c1
3597,4,0.3134521,0.37148458,0.31506327,c234,c234
3601,4,0.41269413,0.4015624,0.18574353,c234,c1
3602,4,0.42907944,0.2755505,0.29537007,c234,c1
3606,4,0.08800752,0.23447329,0.67751914,c5,c5
3607,4,0.36384308,0.4345604,0.20159657,c5,c234
3612,4,0.38184983,0.39720643,0.22094376,c5,c234
3621,4,0.3442289,0.3582474,0.2975237,c1,c234
3622,4,0.10305473,0.420425,0.47652024,c5,c5
3626,4,0.10856817,0.42006338,0.4713684,c5,c5
3627,4,0.56269413,0.31525773,0.122048184,c234,c1
3631,4,0.12664932,0.27676266,0.59658796,c5,c5
3633,4,0.22583258,0.36896423,0.4052032,c234,c5
3635,4,0.15027969,0.23768191,0.6120384,c5,c5
3639,4,0.468669,0.41481242,0.116518624,c234,c1
3641,4,0.42548567,0.40402365,0.17049065,c234,c1
3655,4,0.20141965,0.42734334,0.371237,c5,c234
3659,4,0.4182074,0.31664434,0.26514822,c234,c1
3660,4,0.5580473,0.28516188,0.1567908,c1,c1
3665,4,0.2686363,0.42082238,0.31054127,c1,c234
3671,4,0.4134011,0.3117517,0.27484718,c1,c1
3673,4,0.54277384,0.33903784,0.118188255,c234,c1
3680,4,0.04060227,0.18953913,0.7698586,c5,c5
3683,4,0.116880186,0.4562157,0.42690414,c1,c234
3693,4,0.6711437,0.26269537,0.06616084,c5,c1
3696,4,0.10876406,0.23402227,0.6572136,c234,c5
3697,4,0.3020141,0.36824003,0.32974592,c1,c234
3701,4,0.1974509,0.45529208,0.347257,c1,c234
3706,4,0.10323321,0.4229047,0.47386208,c5,c5
3707,4,0.40275675,0.34397084,0.2532724,c5,c1
3708,4,0.18865368,0.50671566,0.30463064,c234,c234
3710,4,0.24439105,0.43107176,0.32453716,c1,c234
3716,4,0.22177379,0.42270622,0.35552007,c5,c234
3721,4,0.416639,0.36375403,0.21960692,c1,c1
3730,4,0.11709422,0.2651675,0.61773825,c234,c5
3733,4,0.7257682,0.19433892,0.079892956,c5,c1
3738,4,0.16252677,0.47281954,0.3646537,c234,c234
3742,4,0.20318042,0.4247068,0.37211275,c5,c234
3743,4,0.41269413,0.4015624,0.18574353,c1,c1
3750,4,0.2353037,0.32824585,0.43645048,c5,c5
3751,4,0.58050054,0.31122252,0.10827687,c1,c1
3761,4,0.3676937,0.33719856,0.29510775,c5,c1
3771,4,0.17914729,0.2618537,0.55899906,c5,c5
3774,4,0.44840857,0.30359367,0.24799773,c1,c1
3787,4,0.06847776,0.20885104,0.72267115,c5,c5
3789,4,0.20751967,0.2897813,0.502699,c5,c5
3793,4,0.3540226,0.4284687,0.21750876,c5,c234
3798,4,0.38746607,0.30998203,0.3025519,c5,c1
3811,4,0.26667306,0.40252882,0.3307981,c5,c234
3814,4,0.6593962,0.2599826,0.08062123,c1,c1
3823,4,0.36660957,0.44584715,0.18754324,c5,c234
3824,4,0.6775892,0.2536287,0.0687821,c234,c1
3825,4,0.1822599,0.44540694,0.37233317,c1,c234
3829,4,0.09816278,0.32693195,0.5749052,c5,c5
3833,4,0.44840857,0.30359367,0.24799773,c5,c1
3834,4,0.6551787,0.27276927,0.07205203,c1,c1
3849,4,0.41269413,0.4015624,0.18574353,c234,c1
3853,4,0.38145405,0.3321167,0.2864292,c5,c1
3854,4,0.5186812,0.34758905,0.13372973,c234,c1
3855,4,0.1072456,0.3272493,0.565505,c234,c5
3857,4,0.14912051,0.4797244,0.37115508,c234,c234
3869,4,0.6791366,0.26451445,0.056348994,c1,c1
3871,4,0.09372635,0.33604157,0.5702321,c5,c5
3873,4,0.42233098,0.27062145,0.30704755,c1,c1
3876,4,0.4422927,0.39420044,0.16350682,c1,c1
3883,4,0.12537013,0.32120076,0.5534291,c234,c5
3889,4,0.6914265,0.23234929,0.07622418,c234,c1
3891,4,0.04400406,0.124077074,0.83191895,c5,c5
3895,4,0.2642077,0.33708218,0.39871007,c1,c5
3901,4,0.10905394,0.25629646,0.6346496,c5,c5
3902,4,0.29782912,0.46120226,0.24096864,c234,c234
3910,4,0.18516795,0.30181646,0.51301557,c234,c5
3915,4,0.41188407,0.28827947,0.29983643,c1,c1
3918,4,0.2201399,0.47430068,0.3055594,c5,c234
3921,4,0.12279458,0.3396266,0.5375788,c5,c5
3925,4,0.042184953,0.20860702,0.74920803,c5,c5
3926,4,0.15515894,0.4835568,0.3612842,c1,c234
3931,4,0.46832147,0.39465517,0.13702331,c234,c1
3934,4,0.056584258,0.25002745,0.69338834,c1,c5
3935,4,0.2464005,0.3539448,0.3996547,c234,c5
3942,4,0.13382773,0.36869913,0.49747315,c5,c5
3953,4,0.13894965,0.36456737,0.49648297,c5,c5
3958,4,0.09854195,0.24876477,0.65269333,c5,c5
3962,4,0.6129832,0.3034487,0.08356809,c1,c1
3972,4,0.46024764,0.29158857,0.24816377,c234,c1
3974,4,0.2703681,0.42023933,0.3093926,c234,c234
3984,4,0.53634965,0.34338886,0.120261565,c1,c1
3987,4,0.4983912,0.36405262,0.1375561,c1,c1
3988,4,0.16619998,0.30290267,0.5308974,c5,c5
3989,4,0.49665233,0.3950967,0.10825103,c1,c1
4002,4,0.41230083,0.37494618,0.21275306,c1,c1
4003,4,0.2686363,0.42082238,0.31054127,c1,c234
4010,4,0.039289415,0.22226389,0.73844665,c5,c5
4011,4,0.41269413,0.4015624,0.18574353,c1,c1
4030,4,0.086737335,0.27454248,0.63872015,c5,c5
4033,4,0.17487337,0.5006063,0.32452035,c1,c234
4037,4,0.5535002,0.29803562,0.14846423,c1,c1
4048,4,0.12804833,0.4028837,0.46906793,c5,c5
4051,4,0.4777251,0.36668718,0.15558766,c234,c1
4053,4,0.12139487,0.46105683,0.4175483,c234,c234
4055,4,0.41269413,0.4015624,0.18574353,c234,c1
4062,4,0.1083279,0.3736053,0.5180668,c234,c5
4065,4,0.31872746,0.38928452,0.29198804,c1,c234
4067,4,0.06147119,0.19765784,0.74087095,c5,c5
4071,4,0.64053744,0.27548334,0.08397921,c1,c1
4079,4,0.083501026,0.20564958,0.71084934,c234,c5
4085,4,0.22817078,0.4261751,0.34565416,c5,c234
4088,4,0.27005526,0.2664533,0.46349138,c1,c5
4097,4,0.45333305,0.3507365,0.19593048,c5,c1
4102,4,0.06610886,0.12299606,0.8108951,c5,c5
4106,4,0.19133827,0.32751995,0.48114178,c1,c5
4111,4,0.57001656,0.33509544,0.09488796,c1,c1
4114,4,0.11644181,0.37652168,0.5070365,c234,c5
4116,4,0.18977924,0.41401026,0.39621043,c5,c234
4121,4,0.082821056,0.2294592,0.6877198,c5,c5
4122,4,0.10556637,0.22886059,0.66557306,c234,c5
4124,4,0.1858063,0.4613369,0.35285676,c234,c234
4131,4,0.31740153,0.4827699,0.19982862,c1,c234
4135,4,0.29675886,0.39270994,0.3105312,c1,c234
4140,4,0.57603246,0.31322166,0.110745884,c234,c1
4142,4,0.3908786,0.3088568,0.30026463,c1,c1
4148,4,0.4156575,0.24859461,0.33574793,c1,c1
4149,4,0.07743918,0.20939946,0.71316135,c234,c5
4150,4,0.05341202,0.24439546,0.70219254,c5,c5
4152,4,0.34594044,0.3784369,0.27562264,c234,c234
4154,4,0.68293834,0.25297776,0.06408393,c1,c1
4162,4,0.24458659,0.40631866,0.34909472,c1,c234
4165,4,0.493551,0.3406855,0.16576344,c1,c1
4167,4,0.5160285,0.34477872,0.13919272,c1,c1
4168,4,0.06776726,0.21004142,0.72219133,c234,c5
4172,4,0.14263444,0.24828838,0.6090772,c5,c5
4175,4,0.2567338,0.34446245,0.39880374,c234,c5
4180,4,0.368281,0.3115751,0.32014388,c1,c1
4182,4,0.036441457,0.13980526,0.82375324,c234,c5
4184,4,0.041671667,0.23608609,0.72224224,c5,c5
4185,4,0.46331403,0.33585426,0.20083177,c1,c1
4188,4,0.49762136,0.3655371,0.13684155,c1,c1
4191,4,0.09492108,0.35078543,0.55429345,c5,c5
4198,4,0.5493401,0.32790586,0.12275404,c234,c1
4217,4,0.37814108,0.43407044,0.18778847,c234,c234
4219,4,0.09678064,0.2849407,0.6182786,c234,c5
4221,4,0.7629702,0.19799067,0.03903906,c1,c1
4226,4,0.052542966,0.21572074,0.73173636,c5,c5
4229,4,0.1254307,0.35644752,0.51812184,c1,c5
4231,4,0.64279866,0.3008694,0.05633191,c1,c1
4232,4,0.16910048,0.25772157,0.573178,c5,c5
4236,4,0.3437617,0.37969753,0.2765408,c5,c234
4243,4,0.6138644,0.2824405,0.103695,c1,c1
4245,4,0.28056845,0.49500442,0.22442713,c5,c234
4248,4,0.42104223,0.40923548,0.16972235,c234,c1
4249,4,0.053581107,0.1395909,0.80682796,c5,c5
4251,4,0.2767364,0.37118688,0.35207674,c1,c234
4258,4,0.5187794,0.34740028,0.13382035,c5,c1
4259,4,0.18731311,0.40535137,0.40733546,c1,c5
4266,4,0.07636492,0.32033306,0.603302,c234,c5
4271,4,0.42233098,0.27062145,0.30704755,c234,c1
4279,4,0.1038646,0.28126687,0.6148685,c5,c5
4288,4,0.04388994,0.20134112,0.75476897,c5,c5
4291,4,0.097510606,0.2703552,0.63213426,c5,c5
4301,4,0.11965688,0.23158628,0.64875686,c234,c5
4302,4,0.06932183,0.21813676,0.71254146,c5,c5
4306,4,0.037210803,0.18333696,0.7794522,c5,c5
4310,4,0.15445527,0.20471993,0.6408248,c234,c5
4315,4,0.18096891,0.48678726,0.33224386,c1,c234
4319,4,0.4184092,0.37311882,0.20847197,c1,c1
4324,4,0.41269413,0.4015624,0.18574353,c1,c1
4327,4,0.08052726,0.17605956,0.7434132,c5,c5
4332,4,0.41269413,0.4015624,0.18574353,c1,c1
4344,4,0.6836755,0.25179434,0.064530104,c234,c1
4352,4,0.21302673,0.37994662,0.4070266,c5,c5
4362,4,0.19138546,0.31509864,0.49351594,c234,c5
4368,4,0.64540523,0.28211161,0.07248321,c5,c1
4372,4,0.25276473,0.32118654,0.42604876,c234,c5
4373,4,0.39735964,0.45524147,0.14739889,c1,c234
4375,4,0.066121794,0.27513987,0.6587384,c234,c5
4378,4,0.4685875,0.41758513,0.11382746,c5,c1
4395,4,0.16203089,0.4102399,0.42772916,c234,c5
4396,4,0.2812266,0.46795735,0.25081608,c5,c234
4397,4,0.3512386,0.34889898,0.2998624,c5,c1
4399,4,0.28966883,0.39718896,0.31314218,c1,c234
4401,4,0.18350153,0.4488794,0.36761907,c5,c234
4408,4,0.44576967,0.32420692,0.23002347,c234,c1
4410,4,0.5388492,0.34467342,0.11647742,c1,c1
4415,4,0.5552421,0.30961695,0.13514096,c1,c1
4416,4,0.12307912,0.33440042,0.54252046,c234,c5
4419,4,0.16802804,0.2548708,0.5771012,c1,c5
4422,4,0.11921483,0.3496228,0.5311624,c1,c5
4426,4,0.24605732,0.51496035,0.23898235,c234,c234
4435,4,0.42233098,0.27062145,0.30704755,c1,c1
4436,4,0.6749309,0.23137821,0.09369089,c1,c1
4444,4,0.3530198,0.34690037,0.30007985,c234,c1
4445,4,0.5362455,0.34698775,0.11676672,c234,c1
4449,4,0.053681485,0.14191613,0.8044023,c5,c5
4450,4,0.2070935,0.35747623,0.4354302,c234,c5
4454,4,0.42233098,0.27062145,0.30704755,c1,c1
4457,4,0.10150406,0.29407048,0.6044255,c5,c5
4459,4,0.22096504,0.39584088,0.38319412,c5,c234
4463,4,0.14077331,0.3980994,0.46112737,c234,c5
4464,4,0.41269413,0.4015624,0.18574353,c234,c1
4466,4,0.5039603,0.34379697,0.1522427,c234,c1
4475,4,0.34561574,0.39831144,0.25607282,c1,c234
4478,4,0.42233098,0.27062145,0.30704755,c5,c1
4487,4,0.26891124,0.3247849,0.4063038,c234,c5
4495,4,0.48734334,0.33910102,0.17355564,c234,c1
4503,4,0.10028392,0.30284765,0.59686846,c5,c5
4505,4,0.47557515,0.3495559,0.17486891,c234,c1
4513,4,0.7175932,0.21585543,0.066551305,c234,c1
4517,4,0.13848919,0.35912594,0.50238484,c1,c5
4523,4,0.41269413,0.4015624,0.18574353,c1,c1
4526,4,0.15100113,0.361085,0.48791385,c5,c5
4553,4,0.30770633,0.44235912,0.24993455,c234,c234
4559,4,0.18711978,0.4655064,0.34737375,c234,c234
4561,4,0.42233098,0.27062145,0.30704755,c234,c1
4566,4,0.24746723,0.40765598,0.34487683,c5,c234
4567,4,0.26064187,0.37835312,0.36100504,c1,c234
4572,4,0.1641851,0.28510976,0.55070513,c1,c5
4574,4,0.31229657,0.39131337,0.29639012,c1,c234
4587,4,0.060652573,0.22248167,0.7168658,c234,c5
4592,4,0.22290811,0.31937906,0.45771286,c1,c5
4599,4,0.20106186,0.39976165,0.39917648,c234,c234
4602,4,0.21285126,0.54566205,0.24148668,c234,c234
4603,4,0.0664906,0.25206885,0.6814406,c5,c5
4604,4,0.22254893,0.38490576,0.39254528,c1,c5
4613,4,0.39325112,0.3129536,0.29379535,c234,c1
4616,4,0.084908314,0.28493622,0.63015544,c5,c5
4631,4,0.267478,0.42695928,0.3055627,c234,c234
4632,4,0.33757466,0.46378157,0.1986438,c5,c234
4633,4,0.291852,0.48679522,0.22135276,c234,c234
4634,4,0.23946467,0.37585807,0.38467735,c5,c5
4638,4,0.39400497,0.38765982,0.2183352,c5,c1
4642,4,0.6741352,0.2591815,0.06668327,c1,c1
4648,4,0.14747386,0.2962373,0.55628884,c1,c5
4654,4,0.41269413,0.4015624,0.18574353,c234,c1
4661,4,0.48259422,0.3980387,0.119367085,c234,c1
4662,4,0.46700567,0.40248576,0.13050859,c234,c1
4666,4,0.35124436,0.31488222,0.3338734,c234,c1
4669,4,0.22860788,0.30959153,0.4618006,c1,c5
4670,4,0.2682011,0.37036574,0.36143312,c234,c234
4676,4,0.51373607,0.36589783,0.120366074,c234,c1
4677,4,0.33160314,0.48712534,0.18127152,c1,c234
4680,4,0.18818295,0.42813393,0.38368312,c5,c234
4683,4,0.3258269,0.41170782,0.26246527,c1,c234
4687,4,0.35799313,0.4389973,0.20300955,c1,c234
4693,4,0.48148876,0.34288853,0.17562272,c1,c1
4696,4,0.596454,0.2661003,0.13744567,c1,c1
4703,4,0.61984473,0.22713916,0.15301612,c1,c1
4709,4,0.2571612,0.35895577,0.38388303,c5,c5
4712,4,0.08426848,0.33647686,0.5792547,c234,c5
4714,4,0.41269413,0.4015624,0.18574353,c234,c1
4715,4,0.2181828,0.28808975,0.49372745,c5,c5
4716,4,0.18581359,0.44770676,0.3664797,c1,c234
4724,4,0.062841274,0.1534404,0.7837183,c234,c5
4726,4,0.17216498,0.31484827,0.5129868,c1,c5
4735,4,0.41269413,0.4015624,0.18574353,c1,c1
4736,4,0.6115696,0.2956906,0.09273985,c234,c1
4738,4,0.2615217,0.40490443,0.3335739,c1,c234
4739,4,0.114638366,0.2518647,0.633497,c5,c5
4743,4,0.060833726,0.23268768,0.70647854,c5,c5
4747,4,0.3326469,0.48529997,0.1820531,c234,c234
4756,4,0.42233098,0.27062145,0.30704755,c1,c1
4757,4,0.093926795,0.43093327,0.47514,c1,c5
4768,4,0.6078872,0.27229574,0.11981704,c1,c1
4772,4,0.68293834,0.25297776,0.06408393,c1,c1
4776,4,0.4636008,0.3334711,0.20292816,c234,c1
4778,4,0.6836755,0.25179434,0.064530104,c1,c1
4790,4,0.7732797,0.18866941,0.038050804,c1,c1
4795,4,0.5552056,0.35119116,0.09360325,c5,c1
4796,4,0.10459554,0.30858898,0.5868155,c234,c5
4801,4,0.6836755,0.25179434,0.064530104,c1,c1
4832,4,0.20841393,0.42878762,0.36279848,c1,c234
4846,4,0.37998283,0.41075912,0.20925811,c234,c234
4858,4,0.114091106,0.2578941,0.62801474,c5,c5
4862,4,0.20747179,0.37044585,0.42208233,c234,c5
4866,4,0.22978002,0.44399524,0.32622468,c5,c234
4867,4,0.41269413,0.4015624,0.18574353,c5,c1
4879,4,0.4945116,0.307436,0.19805238,c234,c1
4880,4,0.138749,0.30357406,0.557677,c5,c5
4889,4,0.41269413,0.4015624,0.18574353,c234,c1
4894,4,0.41473696,0.44116196,0.14410116,c234,c234
4897,4,0.15182912,0.26472777,0.58344316,c234,c5
4902,4,0.074164964,0.20513882,0.72069615,c5,c5
4903,4,0.6741352,0.2591815,0.06668327,c1,c1
4908,4,0.16155921,0.32224154,0.51619923,c5,c5
4915,4,0.4280428,0.2699632,0.30199406,c5,c1
4920,4,0.21053825,0.5035775,0.28588423,c1,c234
4921,4,0.5833687,0.32928383,0.08734743,c1,c1
4923,4,0.4280428,0.2699632,0.30199406,c1,c1
4926,4,0.5506148,0.3170611,0.1323241,c1,c1
4933,4,0.41269413,0.4015624,0.18574353,c1,c1
4936,4,0.18721418,0.3422443,0.4705415,c234,c5
4940,4,0.10430706,0.23387182,0.6618211,c1,c5
4943,4,0.06562753,0.28437787,0.6499946,c234,c5
4944,4,0.35622165,0.45151728,0.19226101,c1,c234
4949,4,0.19446956,0.30308133,0.5024491,c5,c5
4958,4,0.09766058,0.35040373,0.55193573,c234,c5
4967,4,0.0628276,0.124795176,0.8123772,c5,c5
4970,4,0.6302564,0.25691023,0.112833336,c1,c1
4972,4,0.09764934,0.31660426,0.58574635,c1,c5
4980,4,0.3327011,0.3677724,0.29952654,c234,c234
4982,4,0.23121038,0.3410817,0.42770788,c234,c5
4987,4,0.07105293,0.1961116,0.7328355,c5,c5
4991,4,0.47441065,0.30061653,0.22497281,c234,c1
5002,4,0.33613503,0.43757397,0.22629103,c5,c234
5003,4,0.43317944,0.38223284,0.1845877,c1,c1
5010,4,0.08694548,0.3529775,0.560077,c234,c5
5033,4,0.30967358,0.40786105,0.28246537,c1,c234
5038,4,0.029791128,0.14591834,0.8242906,c5,c5
5039,4,0.17340128,0.42812577,0.39847296,c5,c234
5049,4,0.25274456,0.43014294,0.31711245,c5,c234
5059,4,0.32574508,0.45288756,0.22136736,c234,c234
5060,4,0.4927478,0.30884343,0.1984088,c1,c1
5068,4,0.42233098,0.27062145,0.30704755,c1,c1
5080,4,0.2802628,0.4461671,0.2735701,c5,c234
5084,4,0.32729018,0.4516324,0.22107747,c1,c234
5088,4,0.10142197,0.26162747,0.6369506,c1,c5
5090,4,0.2368862,0.45482996,0.30828384,c234,c234
5095,4,0.5248839,0.32495445,0.15016164,c1,c1
5098,4,0.83132577,0.12851922,0.04015505,c1,c1
5101,4,0.46831745,0.36534983,0.16633274,c1,c1
5104,4,0.657043,0.26869702,0.074260086,c1,c1
5108,4,0.6836755,0.25179434,0.064530104,c234,c1
5110,4,0.38514838,0.40432242,0.21052927,c1,c234
5117,4,0.09060286,0.34757075,0.56182635,c5,c5
5118,4,0.06310477,0.28698927,0.6499059,c5,c5
5120,4,0.07021869,0.20942965,0.72035164,c5,c5
5121,4,0.5101237,0.27566183,0.21421443,c5,c1
5128,4,0.12459496,0.25003132,0.6253737,c234,c5
5134,4,0.51515263,0.3750579,0.10978948,c5,c1
5136,4,0.36942777,0.39358997,0.2369823,c5,c234
5137,4,0.6783631,0.24862085,0.07301601,c1,c1
5139,4,0.14200942,0.4234446,0.4345459,c234,c5
5144,4,0.226581,0.4605084,0.3129106,c1,c234
5145,4,0.05865157,0.3169126,0.6244359,c5,c5
5167,4,0.39181444,0.43640754,0.1717781,c5,c234
5172,4,0.08674412,0.21170416,0.70155174,c5,c5
5173,4,0.08572655,0.35471997,0.5595535,c1,c5
5176,4,0.23165713,0.4748656,0.29347727,c234,c234
5178,4,0.082671575,0.32119668,0.5961318,c1,c5
5179,4,0.6870539,0.23128892,0.08165719,c1,c1
5182,4,0.09248581,0.20450109,0.7030131,c234,c5
5184,4,0.04436328,0.23824993,0.71738684,c1,c5
5189,4,0.2033454,0.38124645,0.41540813,c5,c5
5196,4,0.2446346,0.42413792,0.33122745,c5,c234
5209,4,0.21866412,0.44583067,0.3355052,c234,c234
5211,4,0.20445512,0.40859783,0.3869471,c1,c234
5216,4,0.48738593,0.28947246,0.22314155,c5,c1
5231,4,0.27788752,0.3051066,0.41700584,c1,c5
5233,4,0.42233098,0.27062145,0.30704755,c5,c1
5237,4,0.06841683,0.26901293,0.66257024,c1,c5
5241,4,0.42233098,0.27062145,0.30704755,c1,c1
5247,4,0.26089483,0.43985993,0.2992452,c5,c234
5248,4,0.4683518,0.345805,0.18584321,c1,c1
5251,4,0.21091057,0.5173145,0.27177492,c234,c234
5253,4,0.4314057,0.29621112,0.27238324,c234,c1
5257,4,0.34041327,0.40543684,0.25414985,c234,c234
5266,4,0.68293834,0.25297776,0.06408393,c1,c1
5270,4,0.2686363,0.42082238,0.31054127,c5,c234
5280,4,0.49552056,0.31699708,0.1874824,c5,c1
5283,4,0.10078858,0.28870147,0.61050993,c5,c5
5297,4,0.27441478,0.36881498,0.35677025,c5,c234
5300,4,0.08966808,0.31350768,0.5968243,c5,c5
5305,4,0.69878095,0.2143947,0.08682443,c1,c1
5310,4,0.42233098,0.27062145,0.30704755,c1,c1
5313,4,0.43208233,0.3518169,0.21610084,c1,c1
5316,4,0.23681335,0.38830033,0.37488633,c5,c234
5317,4,0.21216486,0.38235632,0.40547884,c1,c5
5321,4,0.20567138,0.5069332,0.28739542,c234,c234
5323,4,0.38895798,0.30486834,0.30617368,c234,c1
5324,4,0.40406004,0.41283494,0.18310498,c234,c234
5328,4,0.41269413,0.4015624,0.18574353,c1,c1
5337,4,0.41269413,0.4015624,0.18574353,c1,c1
5338,4,0.20246468,0.362699,0.43483636,c5,c5
5346,4,0.21945494,0.509066,0.27147907,c1,c234
5349,4,0.52982366,0.31889728,0.15127906,c234,c1
5351,4,0.4500264,0.40557358,0.14440003,c1,c1
5358,4,0.10600627,0.3133242,0.5806696,c234,c5
5361,4,0.41579366,0.37121665,0.21298969,c234,c1
5366,4,0.5665554,0.3415422,0.0919024,c1,c1
5370,4,0.15845287,0.40039802,0.4411491,c234,c5
5371,4,0.43420675,0.3710342,0.19475903,c1,c1
5378,4,0.13248305,0.27376905,0.59374785,c234,c5
5379,4,0.68171346,0.21882161,0.099464886,c234,c1
5383,4,0.6265688,0.26169538,0.111735836,c1,c1
5385,4,0.38047868,0.4426039,0.17691742,c1,c234
5393,4,0.16053332,0.32428625,0.51518047,c1,c5
5397,4,0.15731873,0.2906278,0.5520535,c5,c5
5399,4,0.038048033,0.19624275,0.7657092,c5,c5
5401,4,0.35506463,0.41864938,0.22628593,c234,c234
5403,4,0.70670146,0.21377619,0.07952234,c1,c1
5405,4,0.12973128,0.30425987,0.56600887,c1,c5
5409,4,0.34938827,0.32126802,0.32934368,c234,c1
5410,4,0.40398422,0.38229784,0.21371794,c1,c1
5412,4,0.67161316,0.23153733,0.096849576,c1,c1
5413,4,0.4725755,0.3683568,0.15906776,c1,c1
5424,4,0.53888,0.28096998,0.18015,c1,c1
5435,4,0.31964687,0.29244855,0.38790458,c234,c5
5446,4,0.102334514,0.3417425,0.555923,c5,c5
5447,4,0.28157628,0.26054266,0.45788106,c1,c5
5448,4,0.63699377,0.25722742,0.10577876,c5,c1
5449,4,0.6836755,0.25179434,0.064530104,c1,c1
5452,4,0.09053462,0.27548283,0.6339825,c1,c5
5454,4,0.064151555,0.25418934,0.68165904,c234,c5
5456,4,0.6015353,0.2891841,0.10928059,c234,c1
5460,4,0.41487586,0.36559072,0.21953346,c1,c1
5468,4,0.538079,0.33961082,0.12231016,c1,c1
5470,4,0.4402597,0.30168214,0.25805816,c1,c1
5479,4,0.24903996,0.5320666,0.21889345,c234,c234
5480,4,0.10027804,0.31443235,0.58528966,c5,c5
5489,4,0.63851625,0.26255485,0.09892887,c1,c1
5490,4,0.625661,0.29869673,0.0756423,c1,c1
5493,4,0.12949596,0.2509007,0.61960334,c1,c5
5501,4,0.42423236,0.38934502,0.18642253,c234,c1
5509,4,0.49141198,0.35672686,0.15186113,c234,c1
5517,4,0.24252462,0.41832945,0.3391459,c234,c234
5519,4,0.77076733,0.18067557,0.048556987,c1,c1
5521,4,0.52014565,0.31205627,0.16779806,c234,c1
5523,4,0.55223894,0.3289127,0.11884832,c1,c1
5525,4,0.18202214,0.37844163,0.43953618,c1,c5
5526,4,0.24604574,0.4575466,0.29640764,c1,c234
5529,4,0.32848716,0.3656175,0.30589536,c5,c234
5531,4,0.05781344,0.21976273,0.7224238,c234,c5
5540,4,0.6459826,0.27244946,0.08156797,c234,c1
5541,4,0.11408077,0.2686018,0.61731744,c234,c5
5549,4,0.04655182,0.23514326,0.71830493,c5,c5
5551,4,0.267407,0.44577718,0.2868158,c5,c234
5552,4,0.2686363,0.42082238,0.31054127,c234,c234
5557,4,0.05082393,0.13211724,0.8170588,c5,c5
5563,4,0.28666347,0.40796596,0.3053706,c234,c234
5565,4,0.5896676,0.298886,0.11144636,c234,c1
5569,4,0.5893899,0.31264076,0.097969316,c1,c1
5573,4,0.41269413,0.4015624,0.18574353,c5,c1
5574,4,0.06286905,0.14845872,0.78867227,c5,c5
5576,4,0.2271602,0.3586843,0.41415545,c5,c5
5579,4,0.41269413,0.4015624,0.18574353,c234,c1
5585,4,0.41269413,0.4015624,0.18574353,c1,c1
5591,4,0.041385785,0.21711086,0.74150336,c5,c5
5595,4,0.2114196,0.38649395,0.4020864,c5,c5
5601,4,0.4288265,0.37779188,0.19338165,c5,c1
5602,4,0.20991217,0.37774286,0.4123449,c234,c5
5603,4,0.06891577,0.21506631,0.71601796,c5,c5
5608,4,0.07152297,0.35480955,0.5736675,c5,c5
5610,4,0.069398716,0.30292988,0.6276715,c234,c5
5613,4,0.24585623,0.44393992,0.31020388,c1,c234
5619,4,0.091999084,0.24719612,0.66080475,c5,c5
5623,4,0.61166716,0.2532437,0.13508908,c234,c1
5639,4,0.41269413,0.4015624,0.18574353,c5,c1
5641,4,0.6337921,0.2866856,0.07952229,c234,c1
5645,4,0.15467289,0.3465243,0.49880278,c5,c5
5648,4,0.08748659,0.23106539,0.68144804,c5,c5
5649,4,0.46331403,0.33585426,0.20083177,c5,c1
5652,4,0.39108694,0.34730956,0.26160356,c1,c1
5654,4,0.17775123,0.330022,0.4922268,c1,c5
5656,4,0.41933334,0.38929027,0.19137642,c234,c1
5658,4,0.22431824,0.38419554,0.39148626,c234,c5
5668,4,0.17396577,0.39588514,0.4301491,c234,c5
5675,4,0.68293834,0.25297776,0.06408393,c1,c1
5681,4,0.13363397,0.25773168,0.60863435,c234,c5
5687,4,0.5479772,0.28522533,0.16679749,c234,c1
5690,4,0.09909013,0.26663962,0.63427025,c5,c5
5692,4,0.17070448,0.31829566,0.5109999,c5,c5
5697,4,0.68293834,0.25297776,0.06408393,c234,c1
5702,4,0.16864403,0.33616748,0.49518856,c1,c5
5705,4,0.27672195,0.46412972,0.25914827,c234,c234
5709,4,0.1017612,0.2659862,0.63225263,c5,c5
5712,4,0.6588046,0.23991752,0.10127792,c5,c1
5716,4,0.31728572,0.46934736,0.21336687,c1,c234
5718,4,0.24074772,0.4500506,0.3092017,c1,c234
5719,4,0.23522322,0.4119235,0.35285333,c234,c234
5721,4,0.058296595,0.19523868,0.7464647,c5,c5
5722,4,0.12842256,0.26663652,0.6049409,c5,c5
5723,4,0.37176532,0.3475772,0.28065744,c1,c1
5729,4,0.42233098,0.27062145,0.30704755,c5,c1
5731,4,0.13752553,0.47930866,0.3831658,c234,c234
5732,4,0.6592663,0.26272264,0.07801103,c5,c1
5733,4,0.5176567,0.2904145,0.19192885,c234,c1
5742,4,0.48572204,0.3084094,0.2058686,c5,c1
5743,4,0.4280428,0.2699632,0.30199406,c5,c1
5759,4,0.6836755,0.25179434,0.064530104,c234,c1
5762,4,0.04279865,0.19113243,0.76606894,c5,c5
5763,4,0.25554475,0.43949834,0.30495697,c5,c234
5780,4,0.19270147,0.43298912,0.37430936,c5,c234
5784,4,0.12262599,0.29520768,0.5821664,c234,c5
5788,4,0.30870792,0.37435544,0.3169366,c1,c234
5797,4,0.114888966,0.24618645,0.63892454,c1,c5
5798,4,0.3567453,0.42543343,0.21782127,c5,c234
5806,4,0.08544959,0.23318517,0.68136525,c5,c5
5815,4,0.034129936,0.16754286,0.79832727,c234,c5
5817,4,0.12115619,0.21096165,0.66788214,c1,c5
5820,4,0.25217342,0.5182481,0.2295785,c1,c234
5826,4,0.37143537,0.29173878,0.33682585,c234,c1
5829,4,0.10814466,0.14702442,0.74483097,c5,c5
5833,4,0.15901801,0.33438852,0.50659347,c234,c5
5834,4,0.42233098,0.27062145,0.30704755,c234,c1
5844,4,0.28996184,0.3868664,0.32317176,c234,c234
5846,4,0.14099887,0.37567797,0.4833231,c234,c5
5851,4,0.09843613,0.29384014,0.6077237,c5,c5
5858,4,0.31221268,0.31286123,0.37492612,c5,c5
5866,4,0.20876782,0.33121592,0.4600162,c1,c5
5873,4,0.41741717,0.35795224,0.22463058,c5,c1
5876,4,0.2889789,0.3154789,0.39554223,c1,c5
5877,4,0.25003144,0.44572923,0.30423933,c234,c234
5878,4,0.17675246,0.4088602,0.41438732,c1,c5
5879,4,0.5572591,0.2874658,0.15527506,c5,c1
5880,4,0.646293,0.2710975,0.08260945,c5,c1
5882,4,0.41269413,0.4015624,0.18574353,c234,c1
5902,4,0.5621541,0.35432982,0.083515964,c234,c1
5913,4,0.16040315,0.3133983,0.52619857,c234,c5
5915,4,0.096264824,0.2604957,0.64323944,c5,c5
5932,4,0.3027585,0.5075747,0.18966681,c5,c234
5938,4,0.09581078,0.23161955,0.67256963,c1,c5
5940,4,0.5290413,0.3596316,0.1113271,c1,c1
5952,4,0.45718622,0.3610465,0.18176734,c5,c1
5954,4,0.4178147,0.38721818,0.19496715,c5,c1
5958,4,0.16097029,0.28427592,0.55475384,c5,c5
5964,4,0.5804101,0.30832878,0.111261085,c5,c1
5969,4,0.42233098,0.27062145,0.30704755,c5,c1
5986,4,0.42233098,0.27062145,0.30704755,c5,c1
5997,4,0.33815774,0.27971026,0.38213196,c5,c5
6000,4,0.20297971,0.3773689,0.4196514,c1,c5
6005,4,0.6493758,0.28297794,0.06764631,c234,c1
6008,4,0.19129269,0.37371087,0.43499646,c234,c5
6010,4,0.063559644,0.35763675,0.57880354,c234,c5
6017,4,0.4167601,0.35767248,0.22556745,c5,c1
6023,4,0.56678617,0.31129432,0.1219195,c5,c1
6026,4,0.13592184,0.33946243,0.5246157,c234,c5
6027,4,0.26307487,0.35573873,0.38118637,c5,c5
6035,4,0.46098426,0.3640459,0.1749699,c1,c1
6037,4,0.1593698,0.30881003,0.5318202,c5,c5
6044,4,0.12633507,0.3433305,0.5303345,c5,c5
6053,4,0.11837646,0.2839704,0.59765315,c234,c5
6060,4,0.44050735,0.36363646,0.19585611,c1,c1
6072,4,0.20325327,0.52694154,0.26980522,c234,c234
6076,4,0.62598693,0.29531655,0.07869653,c234,c1
6079,4,0.22849299,0.4606679,0.3108391,c1,c234
6080,4,0.3735285,0.37825462,0.24821688,c234,c234
6100,4,0.31317663,0.33311546,0.3537079,c5,c5
6103,4,0.2795752,0.46757203,0.25285274,c5,c234
6114,4,0.09409464,0.42501038,0.48089492,c234,c5
6116,4,0.34146377,0.4390909,0.2194453,c234,c234
6120,4,0.036592335,0.15224269,0.81116503,c234,c5
6123,4,0.5803663,0.3137345,0.105899185,c234,c1
6127,4,0.46968848,0.36834782,0.16196373,c234,c1
6128,4,0.37844685,0.44673663,0.1748165,c5,c234
6133,4,0.5633133,0.30554,0.13114668,c5,c1
6137,4,0.04024995,0.19433269,0.7654174,c5,c5
6138,4,0.15235154,0.4134273,0.43422115,c234,c5
6141,4,0.055075623,0.28113478,0.6637895,c234,c5
6144,4,0.17594583,0.38655943,0.4374948,c5,c5
6146,4,0.40786695,0.36899474,0.22313829,c5,c1
6147,4,0.58042085,0.33091575,0.08866341,c234,c1
6153,4,0.45362875,0.35236046,0.19401081,c1,c1
6157,4,0.16629286,0.3776859,0.45602128,c1,c5
6162,4,0.11952449,0.46744922,0.41302636,c5,c234
6163,4,0.2753687,0.42104197,0.30358925,c1,c234
6180,4,0.23841813,0.45398718,0.30759466,c1,c234
6181,4,0.4053061,0.337882,0.25681186,c1,c1
6187,4,0.051552795,0.120479956,0.8279672,c5,c5
6190,4,0.07635041,0.23073973,0.69290984,c5,c5
6198,4,0.33920792,0.3272301,0.33356196,c234,c1
6199,4,0.2474672,0.3502651,0.40226775,c5,c5
6200,4,0.21169381,0.29417694,0.49412924,c5,c5
6203,4,0.33236456,0.45180672,0.2158287,c1,c234
6210,4,0.2091103,0.34657902,0.44431064,c234,c5
6216,4,0.35396194,0.40942684,0.23661123,c1,c234
6220,4,0.294997,0.27040723,0.4345958,c1,c5
6224,4,0.64053744,0.27548334,0.08397921,c1,c1
6231,4,0.18577707,0.282922,0.53130096,c5,c5
6239,4,0.52109265,0.2728923,0.20601507,c1,c1
6241,4,0.5896025,0.34161082,0.06878674,c234,c1
6243,4,0.41269413,0.4015624,0.18574353,c1,c1
6248,4,0.21834734,0.50643486,0.27521786,c234,c234
6250,4,0.22631316,0.5007511,0.27293578,c234,c234
6252,4,0.22558361,0.32710224,0.44731414,c5,c5
6261,4,0.41269413,0.4015624,0.18574353,c234,c1
6262,4,0.104755804,0.2084717,0.6867724,c5,c5
6265,4,0.41472977,0.32599238,0.2592779,c1,c1
6267,4,0.6335041,0.30507377,0.061422143,c1,c1
6273,4,0.11639245,0.2776136,0.6059939,c5,c5
6275,4,0.6344083,0.2896743,0.07591739,c1,c1
6287,4,0.29725575,0.38423172,0.31851256,c5,c234
6289,4,0.15039197,0.29355592,0.55605215,c5,c5
6291,4,0.55053663,0.29295942,0.15650392,c1,c1
6299,4,0.59057325,0.2677075,0.1417192,c234,c1
6301,4,0.41269413,0.4015624,0.18574353,c5,c1
6306,4,0.65259427,0.23887748,0.10852823,c1,c1
6309,4,0.42233098,0.27062145,0.30704755,c5,c1
6317,4,0.2042911,0.32510415,0.47060475,c1,c5
6320,4,0.42233098,0.27062145,0.30704755,c1,c1
6326,4,0.09350205,0.30241835,0.6040796,c234,c5
6334,4,0.034183066,0.183242,0.782575,c5,c5
6336,4,0.44083387,0.37789458,0.18127154,c5,c1
6338,4,0.4558225,0.36383507,0.18034242,c234,c1
6348,4,0.2808226,0.37348557,0.34569186,c234,c234
6350,4,0.110422745,0.38616675,0.5034105,c5,c5
6354,4,0.0936357,0.28767985,0.6186844,c5,c5
6357,4,0.32742053,0.36463472,0.30794472,c234,c234
6361,4,0.05462901,0.28567705,0.65969396,c234,c5
6364,4,0.2527993,0.32846716,0.4187335,c5,c5
6365,4,0.4764648,0.3290419,0.19449331,c1,c1
6366,4,0.08903944,0.30986902,0.60109156,c234,c5
6372,4,0.50291365,0.38890627,0.10818009,c234,c1
6382,4,0.6914265,0.23234929,0.07622418,c5,c1
6387,4,0.14497378,0.31029993,0.5447263,c5,c5
6389,4,0.31419283,0.37247613,0.31333107,c1,c234
6390,4,0.41269413,0.4015624,0.18574353,c5,c1
6391,4,0.20692803,0.52238065,0.27069134,c234,c234
6399,4,0.21017547,0.37458685,0.41523767,c234,c5
6400,4,0.15677838,0.30079967,0.54242194,c5,c5
6404,4,0.23047177,0.40796173,0.36156645,c1,c234
6408,4,0.4700586,0.36661863,0.16332278,c234,c1
6411,4,0.31720063,0.4550836,0.22771579,c234,c234
6413,4,0.14969376,0.2795453,0.57076097,c5,c5
6415,4,0.1711374,0.40694484,0.42191777,c1,c5
6420,4,0.2982429,0.43457696,0.2671801,c234,c234
6431,4,0.42233098,0.27062145,0.30704755,c234,c1
6437,4,0.46099597,0.33927456,0.19972941,c5,c1
6448,4,0.1304039,0.32484767,0.5447484,c234,c5
6452,4,0.46506634,0.3636782,0.1712555,c234,c1
6457,4,0.63931006,0.2654327,0.09525723,c5,c1
6466,4,0.6280111,0.25705972,0.114929125,c5,c1
6470,4,0.08060985,0.23582903,0.6835611,c5,c5
6483,4,0.10993279,0.38248727,0.50758,c5,c5
6485,4,0.41269413,0.4015624,0.18574353,c5,c1
6486,4,0.34468415,0.3714661,0.28384978,c1,c234
6498,4,0.28810766,0.30939642,0.40249586,c1,c5
6500,4,0.4269862,0.34866616,0.22434767,c1,c1
6508,4,0.2512217,0.32445082,0.42432752,c1,c5
6510,4,0.20578061,0.34683332,0.4473861,c234,c5
6512,4,0.15625434,0.3756592,0.46808645,c5,c5
6513,4,0.087571464,0.21618652,0.69624203,c5,c5
6514,4,0.6987184,0.2383517,0.06292989,c1,c1
6521,4,0.12728451,0.42134255,0.45137292,c234,c5
6523,4,0.5810425,0.34526634,0.07369114,c5,c1
6524,4,0.68293834,0.25297776,0.06408393,c1,c1
6527,4,0.41269413,0.4015624,0.18574353,c1,c1
6530,4,0.13080636,0.22092581,0.64826787,c1,c5
6532,4,0.45652595,0.39702418,0.1464498,c234,c1
6545,4,0.4717349,0.40448254,0.12378257,c234,c1
6551,4,0.10406128,0.3391276,0.5568111,c5,c5
6552,4,0.7090147,0.21507894,0.07590642,c1,c1
6554,4,0.43489355,0.31291726,0.25218916,c1,c1
6571,4,0.68293834,0.25297776,0.06408393,c5,c1
6572,4,0.64053744,0.27548334,0.08397921,c1,c1
6573,4,0.10913383,0.21906814,0.67179805,c5,c5
6576,4,0.40866736,0.45323786,0.13809481,c1,c234
6580,4,0.10544905,0.4760639,0.41848704,c234,c234
6583,4,0.60458463,0.32436228,0.07105316,c5,c1
6586,4,0.15067154,0.28650084,0.56282765,c234,c5
6590,4,0.17871419,0.26008713,0.56119865,c1,c5
6597,4,0.16416816,0.4040449,0.43178692,c1,c5
6599,4,0.13593699,0.47100428,0.3930587,c1,c234
6602,4,0.1518905,0.37888113,0.4692284,c1,c5
6606,4,0.14206631,0.35794032,0.49999332,c234,c5
6612,4,0.41269413,0.4015624,0.18574353,c234,c1
6616,4,0.084034435,0.3690614,0.54690415,c5,c5
6619,4,0.24088004,0.38025498,0.37886497,c1,c234
6620,4,0.34109542,0.39210147,0.2668031,c5,c234
6621,4,0.35150146,0.32617387,0.32232463,c5,c1
6623,4,0.15639263,0.33802563,0.5055817,c5,c5
6624,4,0.3102785,0.4757533,0.21396816,c5,c234
6634,4,0.5823838,0.30909413,0.1085221,c234,c1
6640,4,0.122458465,0.33828378,0.5392578,c234,c5
6643,4,0.16301964,0.52984345,0.3071369,c234,c234
6644,4,0.53032243,0.35391834,0.115759246,c1,c1
6645,4,0.41269413,0.4015624,0.18574353,c1,c1
6647,4,0.28242603,0.39911193,0.31846207,c5,c234
6652,4,0.68293834,0.25297776,0.06408393,c5,c1
6658,4,0.24002603,0.3890304,0.3709436,c234,c234
6659,4,0.6204747,0.29259104,0.08693431,c5,c1
6660,4,0.42122567,0.35533598,0.22343834,c5,c1
6667,4,0.51105595,0.26497054,0.22397354,c1,c1
6670,4,0.41269413,0.4015624,0.18574353,c1,c1
6673,4,0.419295,0.37242827,0.20827675,c234,c1
6679,4,0.541677,0.34389082,0.11443218,c234,c1
6682,4,0.04883481,0.22791453,0.7232506,c5,c5
6685,4,0.7076849,0.21941796,0.07289716,c234,c1
6686,4,0.28755325,0.4804161,0.23203065,c1,c234
6691,4,0.24248432,0.41470113,0.3428145,c234,c234
6694,4,0.5852769,0.29108018,0.12364291,c5,c1
6700,4,0.11108737,0.27323753,0.6156751,c234,c5
6709,4,0.6357051,0.29593724,0.068357706,c1,c1
6712,4,0.40870866,0.36547074,0.2258206,c234,c1
6715,4,0.4941103,0.33349618,0.1723936,c234,c1
6723,4,0.30088064,0.32489586,0.37422353,c1,c5
6730,4,0.056208055,0.26502955,0.6787624,c5,c5
6732,4,0.14122066,0.36755267,0.49122667,c5,c5
6747,4,0.29873532,0.3856025,0.31566224,c1,c234
6752,4,0.096528776,0.29189923,0.61157197,c5,c5
6759,4,0.47732225,0.33253384,0.190144,c234,c1
6764,4,0.06933533,0.2317691,0.69889563,c5,c5
6771,4,0.31607172,0.38926753,0.2946607,c5,c234
6772,4,0.39643466,0.34160206,0.26196334,c5,c1
6774,4,0.08210779,0.23242326,0.6854689,c5,c5
6776,4,0.13632695,0.35542277,0.50825024,c234,c5
6788,4,0.12814583,0.4486947,0.42315942,c234,c234
6802,4,0.35429412,0.45392418,0.19178173,c1,c234
6806,4,0.057116732,0.19125223,0.751631,c234,c5
6807,4,0.099047296,0.46158206,0.43937072,c5,c234
6813,4,0.42233098,0.27062145,0.30704755,c1,c1
6816,4,0.119175814,0.3519058,0.52891845,c234,c5
6821,4,0.2118592,0.33301663,0.4551242,c1,c5
6828,4,0.65633756,0.27933928,0.064323254,c1,c1
6843,4,0.64497393,0.26925927,0.085766785,c1,c1
6844,4,0.04489333,0.26778328,0.6873234,c234,c5
6861,4,0.46331403,0.33585426,0.20083177,c1,c1
6865,4,0.080501564,0.21998428,0.6995141,c5,c5
6871,4,0.38392353,0.34360114,0.2724753,c5,c1
6877,4,0.09580984,0.35606366,0.5481265,c234,c5
6884,4,0.45701844,0.34473357,0.19824798,c5,c1
6892,4,0.5874491,0.25124395,0.16130696,c1,c1
6894,4,0.5227316,0.30106023,0.17620812,c1,c1
6895,4,0.40568927,0.34655994,0.2477508,c1,c1
6896,4,0.064426646,0.21462588,0.7209475,c234,c5
6899,4,0.39643466,0.34160206,0.26196334,c1,c1
6901,4,0.28417936,0.37859643,0.33722427,c1,c234
6906,4,0.10680851,0.26274502,0.6304465,c234,c5
6918,4,0.03337657,0.16505915,0.8015643,c1,c5
6921,4,0.27785504,0.49947414,0.22267081,c234,c234
6923,4,0.4990695,0.29621276,0.20471774,c1,c1
6924,4,0.25098234,0.43898472,0.31003296,c5,c234
6932,4,0.04508486,0.18638176,0.7685334,c5,c5
6937,4,0.12821013,0.3256423,0.54614764,c234,c5
6939,4,0.43632925,0.41543445,0.14823624,c234,c1
6941,4,0.1697177,0.3656639,0.46461844,c1,c5
6948,4,0.29601946,0.40957373,0.29440683,c5,c234
6955,4,0.70293075,0.22571474,0.07135452,c1,c1
6957,4,0.6149253,0.31361338,0.07146137,c5,c1
6964,4,0.52961,0.2778272,0.19256276,c1,c1
6967,4,0.048064888,0.2224941,0.729441,c234,c5
6976,4,0.04974515,0.21996868,0.7302861,c1,c5
6977,4,0.07927103,0.24159257,0.6791364,c234,c5
6979,4,0.12285043,0.21593848,0.6612111,c5,c5
6983,4,0.14423299,0.34591252,0.5098545,c1,c5
6986,4,0.10864815,0.30141872,0.58993316,c5,c5
6988,4,0.35733184,0.40200427,0.24066387,c1,c234
6993,4,0.66347533,0.22351511,0.11300953,c1,c1
6996,4,0.5932652,0.2983762,0.1083586,c234,c1
7004,4,0.2334367,0.4138157,0.3527476,c1,c234
7005,4,0.27288124,0.443471,0.28364772,c5,c234
7011,4,0.24536079,0.30680895,0.44783026,c5,c5
7018,4,0.27488557,0.3844932,0.3406213,c1,c234
7027,4,0.052509617,0.22332501,0.7241654,c234,c5
7028,4,0.5859307,0.31543064,0.09863866,c1,c1
7031,4,0.20996094,0.33278376,0.4572553,c1,c5
7036,4,0.23829335,0.42594618,0.33576047,c1,c234
7038,4,0.68293834,0.25297776,0.06408393,c234,c1
7039,4,0.13866019,0.341099,0.52024084,c5,c5
7040,4,0.13886683,0.4093498,0.45178342,c1,c5
7041,4,0.5691265,0.33723745,0.09363603,c5,c1
7043,4,0.15947159,0.39152882,0.44899958,c1,c5
7045,4,0.23762211,0.3490884,0.41328955,c1,c5
7070,4,0.12647736,0.32653907,0.54698354,c5,c5
7071,4,0.41423973,0.4128263,0.17293395,c234,c1
7076,4,0.10118262,0.29453814,0.6042792,c1,c5
7079,4,0.19435042,0.35520324,0.45044634,c5,c5
7087,4,0.061018154,0.31606466,0.62291723,c234,c5
7092,4,0.41269413,0.4015624,0.18574353,c234,c1
7094,4,0.48914894,0.35887522,0.15197587,c234,c1
7104,4,0.53623617,0.35261795,0.11114595,c5,c1
7108,4,0.25374353,0.33398774,0.4122688,c5,c5
7109,4,0.046540763,0.25605872,0.6974005,c5,c5
7113,4,0.3414844,0.41634473,0.24217086,c1,c234
7122,4,0.053907264,0.17076884,0.77532387,c5,c5
7125,4,0.41269413,0.4015624,0.18574353,c5,c1
7131,4,0.17197603,0.3274705,0.5005535,c5,c5
7139,4,0.6964695,0.23341626,0.07011421,c234,c1
7146,4,0.20876782,0.33121592,0.4600162,c5,c5
7148,4,0.42547798,0.37709066,0.19743134,c1,c1
7158,4,0.27851865,0.4378505,0.2836308,c1,c234
7163,4,0.21838124,0.31896695,0.4626518,c5,c5
7180,4,0.08849961,0.36485574,0.5466446,c234,c5
7185,4,0.15933324,0.28562424,0.5550425,c234,c5
7187,4,0.12855686,0.45156485,0.41987836,c1,c234
7189,4,0.5434962,0.29849178,0.15801203,c1,c1
7191,4,0.51118827,0.3164948,0.17231695,c1,c1
7192,4,0.3892621,0.38845515,0.22228275,c234,c1
7193,4,0.13035111,0.4022947,0.46735412,c1,c5
7204,4,0.44838557,0.40696603,0.14464839,c5,c1
7210,4,0.5426526,0.3363243,0.12102307,c5,c1
7213,4,0.42233098,0.27062145,0.30704755,c1,c1
7224,4,0.24687617,0.41465276,0.33847103,c234,c234
7229,4,0.5718943,0.2922689,0.1358368,c234,c1
7230,4,0.1114863,0.2861187,0.60239506,c5,c5
7232,4,0.14867531,0.3635991,0.48772565,c234,c5
7233,4,0.6836755,0.25179434,0.064530104,c1,c1
7234,4,0.35744274,0.29496804,0.34758914,c234,c1
7235,4,0.1144597,0.41480997,0.4707303,c234,c5
7241,4,0.058558993,0.20035207,0.7410889,c5,c5
7244,4,0.05835665,0.28542396,0.65621936,c5,c5
7247,4,0.14538951,0.3864318,0.46817866,c234,c5
7248,4,0.27788752,0.3051066,0.41700584,c1,c5
7249,4,0.4953939,0.35651407,0.14809199,c5,c1
7254,4,0.18475345,0.3246683,0.49057823,c1,c5
7259,4,0.57870215,0.27871704,0.14258082,c5,c1
7263,4,0.23730776,0.41385275,0.34883946,c234,c234
7272,4,0.55869895,0.33668274,0.10461823,c234,c1
7285,4,0.21521547,0.32064077,0.46414378,c5,c5
7293,4,0.04861191,0.16452979,0.7868584,c5,c5
7303,4,0.49440527,0.34811243,0.15748224,c1,c1
7306,4,0.13711128,0.27996373,0.58292496,c5,c5
7309,4,0.14824888,0.31185704,0.5398941,c5,c5
7314,4,0.09141352,0.2728104,0.63577604,c234,c5
7315,4,0.6841053,0.2395141,0.07638062,c1,c1
7317,4,0.41702747,0.40866205,0.17431042,c1,c1
7320,4,0.35169658,0.2883106,0.35999286,c1,c5
7322,4,0.24008691,0.29247782,0.46743524,c1,c5
7329,4,0.51675147,0.35897154,0.12427703,c1,c1
7330,4,0.19234426,0.36000496,0.44765076,c5,c5
7333,4,0.10811689,0.42407575,0.46780738,c234,c5
7336,4,0.105009675,0.3609255,0.5340648,c234,c5
7337,4,0.16526043,0.52828294,0.30645666,c234,c234
7347,4,0.076084435,0.2637516,0.66016394,c5,c5
7348,4,0.08903265,0.32183447,0.58913285,c5,c5
7362,4,0.66324395,0.23927456,0.097481474,c5,c1
7368,4,0.09212518,0.2807679,0.62710696,c5,c5
7375,4,0.562669,0.32664314,0.11068794,c234,c1
7385,4,0.09358414,0.25776404,0.64865184,c5,c5
7387,4,0.34068295,0.41866374,0.24065326,c1,c234
7400,4,0.5181306,0.3682178,0.11365158,c1,c1
7404,4,0.20355201,0.3426377,0.45381033,c1,c5
7406,4,0.19816287,0.42757607,0.37426105,c5,c234
7410,4,0.1943932,0.40683523,0.39877155,c1,c234
7423,4,0.5808384,0.3175843,0.10157732,c1,c1
7424,4,0.29986253,0.41325465,0.2868828,c1,c234
7426,4,0.4273509,0.39441565,0.17823337,c1,c1
7440,4,0.5883741,0.2975644,0.11406151,c1,c1
7441,4,0.053317804,0.14303462,0.80364764,c5,c5
7452,4,0.2375242,0.37956256,0.38291326,c1,c5
7459,4,0.23164396,0.46304697,0.30530906,c5,c234
7460,4,0.19307488,0.46113163,0.34579352,c1,c234
7464,4,0.14984699,0.30656654,0.5435865,c234,c5
7466,4,0.58512646,0.3101709,0.1047027,c1,c1
7470,4,0.09517811,0.26071832,0.6441035,c5,c5
7472,4,0.41269413,0.4015624,0.18574353,c1,c1
7474,4,0.6391414,0.2799967,0.080861904,c1,c1
7479,4,0.27857393,0.4479399,0.2734861,c5,c234
7482,4,0.07505712,0.34824887,0.576694,c234,c5
7484,4,0.10250402,0.3291146,0.56838137,c1,c5
7488,4,0.41269413,0.4015624,0.18574353,c1,c1
7493,4,0.31229252,0.39311567,0.2945918,c1,c234
7496,4,0.1409597,0.30829796,0.55074227,c1,c5
7504,4,0.503172,0.34692407,0.14990392,c1,c1
7509,4,0.24475218,0.3070536,0.4481942,c234,c5
7510,4,0.1491561,0.4122356,0.4386083,c234,c5
7513,4,0.114117645,0.2531038,0.6327786,c5,c5
7522,4,0.14615881,0.28222758,0.5716136,c234,c5
7523,4,0.24964464,0.35799256,0.39236283,c1,c5
7525,4,0.14615041,0.26268342,0.5911662,c1,c5
7530,4,0.12131959,0.39720935,0.48147112,c234,c5
7531,4,0.06610921,0.23074383,0.703147,c1,c5
7534,4,0.1604906,0.44345343,0.39605603,c5,c234
7537,4,0.08454514,0.20201486,0.71343994,c5,c5
7538,4,0.1337153,0.33974934,0.52653533,c5,c5
7539,4,0.06258371,0.31938192,0.6180343,c1,c5
7543,4,0.30459464,0.39697546,0.2984299,c234,c234
7546,4,0.68293834,0.25297776,0.06408393,c234,c1
7554,4,0.5151431,0.3181851,0.16667181,c234,c1
7555,4,0.48165503,0.28645313,0.23189186,c234,c1
7558,4,0.42233098,0.27062145,0.30704755,c234,c1
7560,4,0.1728058,0.3487791,0.47841516,c234,c5
7561,4,0.1576214,0.34389877,0.49847984,c1,c5
7567,4,0.23260142,0.55397755,0.21342102,c1,c234
7570,4,0.65058565,0.28193918,0.06747517,c1,c1
7572,4,0.13111503,0.3073551,0.5615299,c234,c5
7579,4,0.25521445,0.31006783,0.4347177,c234,c5
7583,4,0.083983704,0.27638227,0.6396341,c234,c5
7592,4,0.16956294,0.2699642,0.56047285,c5,c5
7599,4,0.50452006,0.34220982,0.15327005,c5,c1
7600,4,0.4260972,0.35606098,0.21784179,c5,c1
7606,4,0.46124864,0.3719834,0.16676794,c1,c1
7607,4,0.60819787,0.30418292,0.087619215,c1,c1
7614,4,0.094205506,0.27600798,0.62978655,c5,c5
7615,4,0.06960043,0.2274601,0.70293945,c234,c5
7616,4,0.06575761,0.2854986,0.6487438,c234,c5
7617,4,0.062273666,0.2074283,0.73029804,c1,c5
7619,4,0.4814191,0.32586625,0.19271469,c5,c1
7621,4,0.16063964,0.41880924,0.4205511,c5,c5
7623,4,0.3383693,0.338855,0.32277572,c234,c234
7624,4,0.069152206,0.20319381,0.727654,c5,c5
7633,4,0.37143537,0.29173878,0.33682585,c5,c1
7634,4,0.38723704,0.39535695,0.21740599,c5,c234
7637,4,0.18341383,0.313123,0.5034632,c234,c5
7641,4,0.57132435,0.29579377,0.13288194,c234,c1
7650,4,0.37713107,0.4396747,0.1831942,c234,c234
7654,4,0.5612137,0.29730436,0.14148194,c234,c1
7657,4,0.4015737,0.35527548,0.24315089,c1,c1
7678,4,0.09245875,0.28061742,0.62692386,c234,c5
7682,4,0.37862858,0.3757738,0.24559759,c234,c1
7695,4,0.055270404,0.18249004,0.76223963,c5,c5
7705,4,0.06478256,0.18654467,0.7486728,c5,c5
7706,4,0.2889789,0.3154789,0.39554223,c1,c5
7710,4,0.1661934,0.34414306,0.48966357,c234,c5
7720,4,0.37207884,0.29277977,0.3351414,c5,c1
7725,4,0.38725078,0.3628128,0.24993636,c5,c1
7726,4,0.08847625,0.23404476,0.677479,c234,c5
7727,4,0.45931864,0.33289072,0.20779069,c5,c1
7729,4,0.13930424,0.257356,0.6033398,c1,c5
7736,4,0.37143537,0.29173878,0.33682585,c1,c1
7737,4,0.68293834,0.25297776,0.06408393,c234,c1
7753,4,0.17140907,0.300227,0.52836394,c234,c5
7757,4,0.23546526,0.43499428,0.3295405,c1,c234
7768,4,0.6051654,0.29880252,0.096032,c1,c1
7771,4,0.45585147,0.36410254,0.18004593,c1,c1
7772,4,0.2686363,0.42082238,0.31054127,c234,c234
7774,4,0.12752722,0.2890935,0.58337927,c234,c5
7780,4,0.47868118,0.3750796,0.14623922,c234,c1
7781,4,0.37517038,0.3014027,0.32342693,c1,c1
7793,4,0.12297006,0.32429945,0.5527305,c5,c5
7795,4,0.11473843,0.24997208,0.6352895,c5,c5
7796,4,0.27297392,0.46993256,0.2570935,c234,c234
7797,4,0.6151932,0.30060917,0.08419763,c234,c1
7798,4,0.516333,0.3278008,0.15586619,c5,c1
7801,4,0.27564555,0.36359197,0.36076248,c1,c234
7803,4,0.7204722,0.21688025,0.062647514,c1,c1
7807,4,0.17897731,0.38873345,0.43228927,c234,c5
7819,4,0.14083509,0.48134947,0.3778155,c234,c234
7820,4,0.78451955,0.16276665,0.052713744,c1,c1
7838,4,0.5659698,0.3407314,0.093298726,c5,c1
7842,4,0.23618732,0.321532,0.44228065,c234,c5
7849,4,0.15944256,0.27168486,0.5688726,c5,c5
7853,4,0.6449916,0.26432967,0.09067877,c5,c1
7854,4,0.42233098,0.27062145,0.30704755,c1,c1
7857,4,0.088513434,0.23504518,0.6764414,c5,c5
7858,4,0.37143537,0.29173878,0.33682585,c234,c1
7859,4,0.5710696,0.28774834,0.14118205,c1,c1
7863,4,0.36758858,0.33697355,0.29543784,c234,c1
7870,4,0.42778617,0.37375996,0.19845395,c5,c1
7872,4,0.33152193,0.37573236,0.2927457,c1,c234
7875,4,0.28786784,0.5040534,0.20807877,c1,c234
7877,4,0.19689448,0.28826886,0.5148366,c234,c5
7878,4,0.16202281,0.45373908,0.38423812,c5,c234
7883,4,0.42321324,0.4023567,0.17443003,c234,c1
7884,4,0.45082843,0.30519477,0.24397682,c5,c1
7889,4,0.6174464,0.289515,0.09303858,c234,c1
7894,4,0.43921703,0.40363905,0.15714386,c1,c1
7898,4,0.40185958,0.41451475,0.18362571,c1,c234
7909,4,0.6836755,0.25179434,0.064530104,c234,c1
7920,4,0.5874491,0.25124395,0.16130696,c1,c1
7925,4,0.0961046,0.31976473,0.58413064,c5,c5
7943,4,0.5689331,0.3111698,0.119897105,c1,c1
7946,4,0.40826172,0.44620368,0.14553465,c234,c234
7947,4,0.68975425,0.22938074,0.080864966,c234,c1
7950,4,0.20021245,0.36280355,0.436984,c1,c5
7958,4,0.04516698,0.20493552,0.74989754,c5,c5
7985,4,0.2945305,0.30840907,0.39706048,c5,c5
7987,4,0.110010624,0.2606204,0.62936896,c1,c5
7995,4,0.5633341,0.3080511,0.12861483,c234,c1
7997,4,0.07355026,0.20506543,0.72138435,c5,c5
8005,4,0.27851468,0.4734515,0.2480338,c5,c234
8007,4,0.6741352,0.2591815,0.06668327,c1,c1
8008,4,0.118245326,0.3633331,0.5184216,c234,c5
8043,4,0.23195909,0.45582005,0.3122208,c5,c234
8044,4,0.636083,0.2982353,0.06568176,c234,c1
8045,4,0.7515053,0.19437385,0.054120816,c1,c1
8046,4,0.42233098,0.27062145,0.30704755,c5,c1
8047,4,0.33920792,0.3272301,0.33356196,c5,c1
8052,4,0.08651801,0.2932589,0.6202231,c1,c5
8053,4,0.06724514,0.27770454,0.6550503,c5,c5
8066,4,0.25899237,0.33166093,0.40934664,c234,c5
8069,4,0.1493378,0.202285,0.6483772,c234,c5
8075,4,0.060007818,0.1633174,0.7766748,c5,c5
8077,4,0.30226812,0.3675543,0.3301776,c1,c234
8094,4,0.46529758,0.41831377,0.11638864,c234,c1
8099,4,0.6330125,0.27755725,0.089430235,c5,c1
8109,4,0.06398913,0.25074488,0.68526596,c5,c5
8112,4,0.1444924,0.35216367,0.50334394,c1,c5
8117,4,0.21017547,0.37458685,0.41523767,c5,c5
8130,4,0.09973576,0.22135115,0.67891306,c5,c5
8139,4,0.057725072,0.16462418,0.7776507,c5,c5
8143,4,0.48324126,0.37282777,0.14393105,c234,c1
8147,4,0.41269413,0.4015624,0.18574353,c1,c1
8148,4,0.039330833,0.11065671,0.8500125,c5,c5
8151,4,0.35284382,0.3231658,0.32399035,c1,c1
8152,4,0.49299142,0.3010471,0.20596147,c1,c1
8155,4,0.5718943,0.2922689,0.1358368,c234,c1
8163,4,0.06847776,0.20885104,0.72267115,c5,c5
8168,4,0.2095508,0.44546404,0.3449851,c234,c234
8171,4,0.41269413,0.4015624,0.18574353,c1,c1
8176,4,0.4068033,0.36385578,0.22934093,c1,c1
8184,4,0.3951609,0.43394634,0.17089275,c1,c234
8185,4,0.32947367,0.29591116,0.37461513,c5,c5
8188,4,0.82141864,0.13474926,0.043832205,c1,c1
8189,4,0.63481206,0.2696261,0.09556191,c234,c1
8192,4,0.5887606,0.29056954,0.120669894,c234,c1
8211,4,0.11056165,0.30815336,0.581285,c234,c5
8212,4,0.1922638,0.4613295,0.3464067,c1,c234
8213,4,0.2510668,0.25266555,0.49626774,c234,c5
8214,4,0.4178147,0.38721818,0.19496715,c234,c1
8227,4,0.3688528,0.30461845,0.32652876,c234,c1
8238,4,0.4827177,0.2845382,0.23274416,c1,c1
8248,4,0.056496374,0.19785482,0.74564874,c234,c5
8265,4,0.16146365,0.42085475,0.41768157,c234,c234
8269,4,0.13848738,0.41913837,0.44237423,c5,c5
8273,4,0.25418288,0.30946076,0.43635637,c234,c5
8276,4,0.68293834,0.25297776,0.06408393,c1,c1
8279,4,0.107956745,0.31070986,0.5813334,c1,c5
8293,4,0.06344229,0.1947314,0.7418263,c234,c5
8296,4,0.22798276,0.3043412,0.46767604,c5,c5
8298,4,0.68293834,0.25297776,0.06408393,c1,c1
8307,4,0.5688927,0.2750482,0.15605912,c234,c1
8324,4,0.26663122,0.43299657,0.3003722,c5,c234
8326,4,0.18626612,0.39683637,0.4168975,c1,c5
8328,4,0.6666153,0.27311122,0.060273517,c234,c1
8336,4,0.20883882,0.44146466,0.34969652,c234,c234
8340,4,0.42987737,0.38085026,0.18927243,c1,c1
8341,4,0.18288259,0.28715333,0.529964,c5,c5
8347,4,0.41912487,0.35477433,0.22610089,c1,c1
8350,4,0.4975669,0.34674338,0.15568969,c1,c1
8352,4,0.6375892,0.27645883,0.08595191,c1,c1
8353,4,0.5353311,0.31499317,0.14967576,c5,c1
8358,4,0.55440706,0.3490631,0.09652985,c234,c1
8359,4,0.07912436,0.22793609,0.6929395,c5,c5
8364,4,0.1330561,0.43659383,0.43035007,c5,c234
8365,4,0.5373601,0.34407774,0.11856222,c1,c1
8367,4,0.19297753,0.2806591,0.5263633,c5,c5
8373,4,0.5682448,0.34571135,0.08604385,c234,c1
8374,4,0.07651803,0.21604577,0.70743626,c5,c5
8377,4,0.51467115,0.36759448,0.11773431,c5,c1
8380,4,0.31686035,0.37314197,0.30999765,c234,c234
8384,4,0.5997256,0.32826167,0.07201276,c1,c1
8385,4,0.4129849,0.4101714,0.17684373,c234,c1
8398,4,0.62298256,0.26087338,0.11614403,c234,c1
8399,4,0.4184662,0.39697045,0.18456332,c234,c1
8404,4,0.13075262,0.45259893,0.4166484,c234,c234
8406,4,0.14470409,0.25814408,0.5971518,c234,c5
8408,4,0.4099077,0.34926704,0.24082527,c5,c1
8411,4,0.24596684,0.406274,0.34775916,c1,c234
8417,4,0.13829961,0.347855,0.5138454,c5,c5
8421,4,0.14057873,0.41754434,0.44187692,c1,c5
8428,4,0.2633313,0.4107534,0.32591528,c234,c234
8430,4,0.12520054,0.34484679,0.5299527,c234,c5
8432,4,0.5971819,0.32195887,0.08085925,c5,c1
8440,4,0.5777944,0.31203932,0.11016634,c5,c1
8441,4,0.09254509,0.26286522,0.6445897,c234,c5
8442,4,0.4601314,0.41215715,0.12771149,c234,c1
8451,4,0.18789025,0.32855222,0.48355758,c234,c5
8458,4,0.39571038,0.41298333,0.19130632,c5,c234
8464,4,0.27314377,0.514255,0.21260127,c234,c234
8465,4,0.17528129,0.40893653,0.4157822,c234,c5
8467,4,0.50253206,0.3389527,0.15851526,c1,c1
8468,4,0.50969464,0.37969875,0.110606596,c234,c1
8474,4,0.11954438,0.39785206,0.48260355,c5,c5
8477,4,0.22278139,0.38286975,0.39434886,c5,c5
8482,4,0.60770273,0.2679274,0.124369875,c1,c1
8483,4,0.07822355,0.21152045,0.710256,c5,c5
8490,4,0.37651488,0.38412848,0.23935664,c234,c234
8492,4,0.16112356,0.23509252,0.6037839,c5,c5
8507,4,0.24462698,0.52107763,0.23429538,c5,c234
8536,4,0.056809418,0.19633344,0.74685717,c5,c5
8538,4,0.062973775,0.2704908,0.6665355,c234,c5
8539,4,0.47184002,0.3511129,0.17704704,c234,c1
8541,4,0.3307287,0.44271335,0.22655793,c1,c234
8544,4,0.36924732,0.41147286,0.21927981,c1,c234
8545,4,0.5962358,0.27963778,0.12412638,c1,c1
8547,4,0.14817517,0.2646349,0.5871899,c5,c5
8550,4,0.42233098,0.27062145,0.30704755,c5,c1
8555,4,0.34607735,0.4308054,0.22311723,c234,c234
8562,4,0.36728498,0.404913,0.22780204,c1,c234
8574,4,0.20918557,0.51672906,0.27408537,c1,c234
8576,4,0.19802724,0.47446314,0.32750964,c234,c234
8586,4,0.27504715,0.31125104,0.41370186,c234,c5
8589,4,0.13064215,0.35012904,0.5192288,c234,c5
8605,4,0.5991553,0.30506748,0.095777206,c234,c1
8606,4,0.42576334,0.34728587,0.22695081,c1,c1
8612,4,0.14371915,0.37855706,0.47772384,c5,c5
8613,4,0.20139311,0.4444167,0.35419014,c234,c234
8615,4,0.41269413,0.4015624,0.18574353,c234,c1
8618,4,0.32302064,0.4383952,0.2385842,c234,c234
8626,4,0.42708182,0.4175961,0.1553221,c234,c1
8629,4,0.09732669,0.30937907,0.5932942,c234,c5
8640,4,0.24452633,0.36752588,0.38794783,c1,c5
8642,4,0.28768563,0.3914954,0.320819,c5,c234
8645,4,0.25093073,0.3827171,0.3663521,c5,c234
8647,4,0.825305,0.13221827,0.042476717,c1,c1
8659,4,0.2862492,0.43647787,0.2772729,c1,c234
8661,4,0.5114644,0.3132393,0.17529623,c1,c1
8662,4,0.095863044,0.35005367,0.5540833,c234,c5
8667,4,0.23788606,0.41178358,0.3503304,c5,c234
8670,4,0.47608218,0.33652306,0.18739478,c5,c1
8671,4,0.37365803,0.4023473,0.22399467,c234,c234
8678,4,0.35450253,0.42443937,0.22105807,c234,c234
8680,4,0.123751834,0.36506128,0.51118684,c234,c5
8693,4,0.41269413,0.4015624,0.18574353,c5,c1
8699,4,0.100961834,0.30946958,0.58956856,c1,c5
8703,4,0.5413811,0.3201904,0.13842851,c1,c1
8705,4,0.3975667,0.46129808,0.1411352,c1,c234
8707,4,0.33541355,0.4440254,0.2205611,c5,c234
8715,4,0.6914265,0.23234929,0.07622418,c5,c1
8716,4,0.4334271,0.36726153,0.19931135,c234,c1
8732,4,0.68293834,0.25297776,0.06408393,c234,c1
8737,4,0.61869323,0.30329895,0.078007795,c1,c1
8738,4,0.27368578,0.42831403,0.2980002,c5,c234
8740,4,0.6836755,0.25179434,0.064530104,c234,c1
8745,4,0.14555298,0.3386688,0.51577824,c234,c5
8753,4,0.32709235,0.32787186,0.34503585,c1,c5
8756,4,0.14089315,0.3412186,0.5178883,c1,c5
8770,4,0.34667364,0.34694883,0.30637753,c5,c234
8777,4,0.15004711,0.2932763,0.55667657,c5,c5
8780,4,0.6836755,0.25179434,0.064530104,c1,c1
8781,4,0.054236718,0.2798426,0.66592073,c5,c5
8783,4,0.46928683,0.3532431,0.17747007,c1,c1
8785,4,0.06382712,0.21492507,0.72124785,c5,c5
8788,4,0.27684605,0.37115264,0.3520013,c1,c234
8797,4,0.68293834,0.25297776,0.06408393,c1,c1
8799,4,0.48478067,0.3560178,0.15920158,c5,c1
8801,4,0.16368741,0.44364688,0.39266568,c234,c234
8805,4,0.30775112,0.25648516,0.43576375,c5,c5
8806,4,0.21825056,0.3556856,0.42606384,c234,c5
8812,4,0.16067459,0.32318786,0.5161376,c1,c5
8818,4,0.26791134,0.45706967,0.27501902,c234,c234
8820,4,0.14774619,0.40476567,0.4474882,c1,c5
8824,4,0.2539017,0.48851296,0.2575854,c5,c234
8827,4,0.3202983,0.4024558,0.27724585,c234,c234
8835,4,0.6887641,0.24883796,0.0623979,c5,c1
8839,4,0.10203511,0.4177925,0.48017234,c1,c5
8854,4,0.17623292,0.383521,0.44024608,c1,c5
8856,4,0.5039603,0.34379697,0.1522427,c1,c1
8861,4,0.39219603,0.4283311,0.17947279,c234,c234
8862,4,0.2969864,0.39120415,0.31180948,c234,c234
8865,4,0.15180922,0.2622548,0.58593595,c5,c5
8869,4,0.08195033,0.22751851,0.69053113,c234,c5
8882,4,0.11790125,0.397688,0.48441082,c1,c5
8892,4,0.32582235,0.44937378,0.2248038,c234,c234
8899,4,0.31412315,0.44539753,0.24047934,c234,c234
8901,4,0.25769952,0.35188967,0.39041078,c234,c5
8904,4,0.15187542,0.4737861,0.37433842,c234,c234
8905,4,0.57256025,0.27228022,0.15515953,c5,c1
8910,4,0.66972566,0.25036514,0.07990924,c1,c1
8911,4,0.41269413,0.4015624,0.18574353,c5,c1
8916,4,0.2642058,0.38273156,0.3530626,c1,c234
8919,4,0.04105164,0.22127385,0.7376744,c234,c5
8923,4,0.07977224,0.23278108,0.68744665,c5,c5
8926,4,0.05161039,0.139489,0.80890065,c5,c5
8933,4,0.42233098,0.27062145,0.30704755,c5,c1
8950,4,0.5521751,0.34901854,0.09880638,c1,c1
8951,4,0.25142148,0.42110312,0.32747537,c1,c234
8955,4,0.26167887,0.3651726,0.37314853,c5,c5
8960,4,0.15189312,0.4098753,0.4382316,c234,c5
8967,4,0.59946394,0.29024035,0.11029569,c1,c1
8968,4,0.14934306,0.22465624,0.62600076,c5,c5
8976,4,0.06505262,0.15167713,0.78327024,c5,c5
8979,4,0.09185127,0.2344073,0.67374146,c234,c5
8990,4,0.46734473,0.32853726,0.20411797,c5,c1
8994,4,0.2676651,0.42793646,0.30439845,c1,c234
8997,4,0.19732459,0.4631827,0.33949274,c234,c234
8999,4,0.046734106,0.25705963,0.69620633,c234,c5
9005,4,0.091710865,0.23656231,0.6717268,c5,c5
9007,4,0.08217824,0.28795287,0.62986887,c5,c5
9015,4,0.3589926,0.30441284,0.33659458,c234,c1
9020,4,0.3371133,0.32409233,0.33879438,c1,c5
9022,4,0.4025579,0.38468656,0.21275552,c5,c1
9033,4,0.6305999,0.27511904,0.09428112,c1,c1
9035,4,0.32014468,0.41962317,0.2602321,c1,c234
9038,4,0.16716982,0.3465032,0.48632702,c5,c5
9053,4,0.12633128,0.39689946,0.47676924,c5,c5
9057,4,0.6391414,0.2799967,0.080861904,c1,c1
9059,4,0.42233098,0.27062145,0.30704755,c1,c1
9063,4,0.5967661,0.26857343,0.13466036,c1,c1
9066,4,0.2789075,0.455233,0.26585943,c5,c234
9067,4,0.11075226,0.22587642,0.6633713,c5,c5
9071,4,0.5280329,0.36353213,0.10843499,c5,c1
9074,4,0.4023228,0.30560437,0.29207286,c5,c1
9077,4,0.4288265,0.37779188,0.19338165,c234,c1
9082,4,0.52963793,0.3481941,0.12216795,c234,c1
9088,4,0.16180554,0.49114862,0.34704578,c234,c234
9091,4,0.25498444,0.48052028,0.26449534,c234,c234
9092,4,0.6594856,0.23405859,0.10645578,c234,c1
9093,4,0.11751166,0.38044524,0.50204307,c5,c5
9099,4,0.09432778,0.31385282,0.59181935,c1,c5
9102,4,0.09583045,0.31253275,0.5916368,c234,c5
9109,4,0.27788752,0.3051066,0.41700584,c234,c5
9110,4,0.60215026,0.28553474,0.11231504,c234,c1
9118,4,0.16855666,0.4354982,0.39594516,c234,c234
9119,4,0.18885642,0.26998,0.5411635,c5,c5
9132,4,0.07333353,0.35990432,0.5667622,c234,c5
9154,4,0.3597873,0.4498993,0.1903134,c5,c234
9155,4,0.39244303,0.39335427,0.21420267,c1,c234
9159,4,0.580289,0.28825623,0.1314548,c1,c1
9160,4,0.34571967,0.47009757,0.18418276,c234,c234
9162,4,0.38426638,0.3964643,0.21926932,c1,c234
9165,4,0.13444245,0.35594243,0.5096151,c1,c5
9175,4,0.49371448,0.31989646,0.18638909,c234,c1
9178,4,0.29509458,0.4001832,0.3047222,c234,c234
9182,4,0.33674923,0.37714124,0.2861095,c1,c234
9184,4,0.6504831,0.26612803,0.08338897,c1,c1
9190,4,0.5975038,0.2763935,0.12610269,c1,c1
9191,4,0.088416375,0.24048735,0.67109627,c5,c5
9194,4,0.27788752,0.3051066,0.41700584,c5,c5
9199,4,0.17419215,0.3550708,0.470737,c234,c5
9200,4,0.33730328,0.44110942,0.22158726,c1,c234
9208,4,0.7073073,0.21817942,0.07451324,c1,c1
9212,4,0.47324985,0.3815689,0.14518124,c1,c1
9218,4,0.44840857,0.30359367,0.24799773,c5,c1
9219,4,0.4577892,0.33990946,0.20230135,c1,c1
9220,4,0.09012167,0.22081006,0.68906826,c5,c5
9233,4,0.5517518,0.3192905,0.12895778,c1,c1
9235,4,0.035455782,0.15362446,0.8109198,c5,c5
9241,4,0.3143019,0.40209642,0.2836017,c234,c234
9248,4,0.18488774,0.26367816,0.55143404,c1,c5
9261,4,0.4026728,0.31210294,0.28522426,c5,c1
9262,4,0.12230499,0.30661264,0.57108235,c1,c5
9266,4,0.37687752,0.4531052,0.17001724,c234,c234
9267,4,0.6836755,0.25179434,0.064530104,c1,c1
9270,4,0.5376775,0.3447857,0.11753677,c1,c1
9276,4,0.3972904,0.42363676,0.17907281,c1,c234
9288,4,0.42428386,0.37782684,0.19788924,c234,c1
9308,4,0.63330364,0.24682741,0.11986897,c5,c1
9324,4,0.49793598,0.3736203,0.12844375,c234,c1
9335,4,0.2889789,0.3154789,0.39554223,c234,c5
9341,4,0.77817196,0.16141029,0.06041778,c234,c1
9344,4,0.06292647,0.22252253,0.71455103,c5,c5
9368,4,0.22129972,0.53197324,0.24672705,c1,c234
9377,4,0.72120076,0.22080122,0.057998072,c234,c1
9384,4,0.17260072,0.3163684,0.5110309,c1,c5
9393,4,0.33798695,0.33203688,0.32997617,c1,c1
9402,4,0.4866412,0.33950227,0.1738565,c1,c1
9404,4,0.4646937,0.36684093,0.16846533,c1,c1
9405,4,0.42915893,0.42353818,0.14730294,c234,c1
9410,4,0.1305454,0.29289857,0.576556,c5,c5
9413,4,0.1318706,0.20461948,0.66350985,c5,c5
9415,4,0.1466781,0.23306426,0.6202577,c5,c5
9416,4,0.5883741,0.2975644,0.11406151,c234,c1
9427,4,0.22378658,0.298275,0.4779384,c5,c5
9430,4,0.5228439,0.34871453,0.1284416,c5,c1
9432,4,0.42233098,0.27062145,0.30704755,c1,c1
9442,4,0.080373,0.2276793,0.69194764,c234,c5
9443,4,0.1668057,0.39596727,0.43722707,c5,c5
9444,4,0.20876782,0.33121592,0.4600162,c234,c5
9447,4,0.25198072,0.37817553,0.36984375,c5,c234
9454,4,0.41862634,0.30457717,0.27679646,c234,c1
9456,4,0.7721733,0.17095435,0.056872424,c1,c1
9460,4,0.25752762,0.34506387,0.39740857,c1,c5
9474,4,0.48336866,0.36008716,0.15654418,c234,c1
9477,4,0.42233098,0.27062145,0.30704755,c5,c1
9478,4,0.12651286,0.23693487,0.6365523,c1,c5
9481,4,0.6914265,0.23234929,0.07622418,c1,c1
9484,4,0.11620121,0.34988973,0.533909,c234,c5
9490,4,0.43636099,0.30827165,0.25536737,c234,c1
9497,4,0.050256588,0.24779469,0.7019487,c5,c5
9498,4,0.085610405,0.26395628,0.65043336,c5,c5
9500,4,0.13785496,0.4506867,0.4114584,c5,c234
9501,4,0.6669985,0.24902625,0.08397526,c234,c1
9504,4,0.34938827,0.32126802,0.32934368,c1,c1
9509,4,0.40077093,0.38692614,0.21230291,c5,c1
9518,4,0.050781943,0.17477027,0.7744478,c234,c5
9529,4,0.77592593,0.18644826,0.037625793,c234,c1
9540,4,0.32608324,0.47231025,0.20160648,c234,c234
9547,4,0.1228,0.3517945,0.52540547,c234,c5
9558,4,0.59630305,0.3244023,0.07929467,c1,c1
9561,4,0.12100816,0.2560023,0.62298954,c5,c5
9566,4,0.11257675,0.31626934,0.5711539,c5,c5
9583,4,0.51711476,0.3432973,0.13958791,c1,c1
9585,4,0.68293834,0.25297776,0.06408393,c234,c1
9591,4,0.14121617,0.3312764,0.5275074,c234,c5
9593,4,0.45274657,0.33946428,0.20778917,c1,c1
9601,4,0.15527678,0.43761605,0.40710708,c234,c234
9607,4,0.25043455,0.2803194,0.4692461,c234,c5
9608,4,0.0537992,0.24852216,0.6976786,c5,c5
9610,4,0.10851096,0.2516189,0.63987017,c5,c5
9612,4,0.06079684,0.23727794,0.7019252,c5,c5
9613,4,0.31012544,0.39620888,0.2936657,c1,c234
9614,4,0.297942,0.379148,0.32291,c1,c234
9622,4,0.14722866,0.34685972,0.5059116,c5,c5
9623,4,0.15725549,0.2057267,0.6370178,c234,c5
9624,4,0.08040213,0.20682018,0.7127777,c5,c5
9630,4,0.6551787,0.27276927,0.07205203,c234,c1
9640,4,0.6845045,0.24171047,0.07378505,c1,c1
9647,4,0.2915468,0.4162473,0.29220593,c5,c234
9656,4,0.4398271,0.41328025,0.14689265,c1,c1
9660,4,0.19420317,0.33039108,0.47540572,c5,c5
9671,4,0.060924876,0.12470491,0.81437016,c5,c5
9676,4,0.66242415,0.25980118,0.0777747,c5,c1
9683,4,0.2778337,0.44392955,0.27823672,c5,c234
9685,4,0.1631721,0.4777197,0.3591082,c5,c234
9690,4,0.35835525,0.43834305,0.20330176,c5,c234
9695,4,0.104879536,0.3653513,0.5297692,c5,c5
9697,4,0.35900205,0.4758908,0.16510715,c5,c234
9698,4,0.63064414,0.27765617,0.0916997,c234,c1
9700,4,0.516592,0.31267935,0.17072868,c234,c1
9703,4,0.1674102,0.26873174,0.56385803,c234,c5
9704,4,0.19843557,0.3300531,0.47151127,c234,c5
9707,4,0.16016234,0.34093136,0.49890637,c1,c5
9711,4,0.6828731,0.24851565,0.06861132,c234,c1
9723,4,0.14077044,0.3654875,0.49374208,c5,c5
9731,4,0.3288717,0.30298927,0.36813903,c5,c5
9736,4,0.3614996,0.32448158,0.31401882,c1,c1
9738,4,0.4713298,0.32311302,0.20555714,c234,c1
9752,4,0.3723124,0.44116148,0.18652609,c1,c234
9754,4,0.41269413,0.4015624,0.18574353,c1,c1
9760,4,0.33426845,0.46544737,0.2002842,c234,c234
9765,4,0.5438399,0.2772581,0.17890204,c1,c1
9771,4,0.57543486,0.32520226,0.099362865,c1,c1
9772,4,0.14636934,0.3961285,0.45750213,c5,c5
9777,4,0.41269413,0.4015624,0.18574353,c234,c1
9778,4,0.3201007,0.40100798,0.2788913,c1,c234
9790,4,0.27169085,0.33341125,0.39489788,c5,c5
9792,4,0.5077911,0.3540628,0.13814616,c5,c1
9796,4,0.17127356,0.3002644,0.52846205,c234,c5
9799,4,0.6075059,0.30741832,0.08507571,c1,c1
9803,4,0.17258365,0.46604875,0.36136758,c5,c234
9806,4,0.38494948,0.3146472,0.30040342,c5,c1
9809,4,0.037054904,0.18295927,0.77998585,c5,c5
9810,4,0.55761904,0.3400345,0.10234644,c234,c1
9822,4,0.04055159,0.19578905,0.76365936,c5,c5
9825,4,0.2891449,0.39678526,0.31406984,c234,c234
9831,4,0.0776041,0.28953344,0.6328625,c1,c5
9833,4,0.44562912,0.39403513,0.1603358,c1,c1
9834,4,0.19732969,0.44122872,0.3614416,c5,c234
9837,4,0.21850593,0.44757947,0.3339146,c5,c234
9840,4,0.28446728,0.47647297,0.2390598,c234,c234
9842,4,0.107319,0.247673,0.64500797,c234,c5
9846,4,0.67415994,0.21600117,0.10983885,c1,c1
9849,4,0.15360835,0.4225759,0.4238157,c5,c5
9855,4,0.11741307,0.27810612,0.60448086,c234,c5
9860,4,0.42016754,0.3691256,0.21070689,c1,c1
9865,4,0.5551253,0.3355107,0.10936404,c5,c1
9869,4,0.09468847,0.19428812,0.71102345,c5,c5
9880,4,0.5923335,0.32631996,0.081346534,c234,c1
9884,4,0.42912304,0.4293326,0.14154431,c234,c234
9885,4,0.2922256,0.37069517,0.3370792,c234,c234
9890,4,0.67191356,0.2588403,0.06924623,c1,c1
9891,4,0.18159196,0.45319065,0.36521736,c234,c234
9894,4,0.5140534,0.2721798,0.21376681,c1,c1
9896,4,0.4178147,0.38721818,0.19496715,c1,c1
9900,4,0.16666716,0.29136962,0.54196316,c1,c5
9902,4,0.21977817,0.34886515,0.43135664,c5,c5
9906,4,0.08938917,0.31854108,0.5920698,c5,c5
9907,4,0.52039367,0.37263572,0.10697064,c234,c1
9908,4,0.111241974,0.39093596,0.49782217,c234,c5
9912,4,0.1681361,0.31824937,0.51361454,c234,c5
9915,4,0.15609205,0.32871693,0.515191,c234,c5
9919,4,0.22488572,0.4813423,0.29377207,c1,c234
9924,4,0.18490984,0.4073461,0.40774408,c1,c5
9929,4,0.36966613,0.3115158,0.31881806,c234,c1
9937,4,0.27921125,0.31883037,0.4019584,c5,c5
9938,4,0.18684375,0.41010186,0.4030544,c1,c234
9939,4,0.17914729,0.2618537,0.55899906,c234,c5
9948,4,0.15999627,0.22637579,0.6136279,c234,c5
9949,4,0.42284024,0.39543158,0.18172815,c5,c1
9951,4,0.33256724,0.40913954,0.2582932,c1,c234
9953,4,0.22774355,0.46275818,0.30949822,c234,c234
9957,4,0.2686363,0.42082238,0.31054127,c234,c234
9964,4,0.12902232,0.23652752,0.6344502,c234,c5
9978,4,0.07341314,0.2767203,0.6498665,c234,c5
9990,4,0.33124438,0.46476898,0.20398657,c1,c234
9996,4,0.683584,0.22304073,0.09337529,c1,c1
10000,4,0.41269413,0.4015624,0.18574353,c1,c1
10008,4,0.124287866,0.34342122,0.53229094,c234,c5
10022,4,0.5558926,0.28205672,0.16205068,c1,c1
10033,4,0.19566362,0.41411874,0.3902176,c5,c234
10035,4,0.13166918,0.4269053,0.4414256,c1,c5
10043,4,0.19050516,0.33545077,0.4740441,c1,c5
10046,4,0.2492464,0.3891631,0.36159045,c1,c234
10047,4,0.29975152,0.4827584,0.21749003,c1,c234
10048,4,0.18566398,0.40890762,0.4054284,c5,c234
10049,4,0.4480915,0.32997873,0.22192973,c234,c1
10053,4,0.40136465,0.35121077,0.24742457,c234,c1
10059,4,0.05932906,0.22840533,0.71226555,c5,c5
10061,4,0.04376901,0.09663279,0.85959816,c5,c5
10062,4,0.4288265,0.37779188,0.19338165,c1,c1
10063,4,0.49106315,0.32445163,0.18448514,c1,c1
10064,4,0.33670217,0.3342247,0.32907316,c1,c1
10067,4,0.11986758,0.26482022,0.6153122,c5,c5
10070,4,0.41269413,0.4015624,0.18574353,c1,c1
10071,4,0.49932653,0.31626245,0.18441093,c1,c1
10072,4,0.2990812,0.48878664,0.21213213,c5,c234
10077,4,0.3623688,0.44317132,0.19445989,c1,c234
10085,4,0.33918592,0.3793315,0.2814826,c234,c234
10092,4,0.2703681,0.42023933,0.3093926,c1,c234
10099,4,0.07296299,0.30711067,0.6199264,c234,c5
10104,4,0.35252377,0.3501863,0.29728994,c5,c1
10111,4,0.30558965,0.4227957,0.27161464,c234,c234
10116,4,0.11292467,0.43606672,0.45100868,c5,c5
10117,4,0.27915964,0.44449908,0.27634132,c1,c234
10121,4,0.27703843,0.44087255,0.282089,c234,c234
10128,4,0.1548426,0.23691517,0.6082422,c1,c5
10129,4,0.26227334,0.31263813,0.4250885,c5,c5
10138,4,0.6521055,0.261137,0.08675747,c1,c1
10140,4,0.41269413,0.4015624,0.18574353,c1,c1
10143,4,0.092306286,0.34938237,0.5583114,c1,c5
10153,4,0.6234089,0.28324848,0.093342625,c5,c1
10169,4,0.10800846,0.32717195,0.5648196,c5,c5
10171,4,0.17914729,0.2618537,0.55899906,c234,c5
10177,4,0.45894456,0.41401494,0.12704046,c234,c1
10191,4,0.463771,0.40847784,0.12775114,c1,c1
10193,4,0.29250953,0.3914583,0.31603214,c234,c234
10197,4,0.104258016,0.2761289,0.6196131,c234,c5
10204,4,0.44476184,0.35403278,0.20120536,c1,c1
10205,4,0.338902,0.44812348,0.21297446,c1,c234
10209,4,0.09674982,0.22772677,0.6755234,c5,c5
10210,4,0.16756319,0.27436617,0.55807066,c234,c5
10212,4,0.41269413,0.4015624,0.18574353,c234,c1
10217,4,0.6063654,0.31068563,0.08294891,c1,c1
10220,4,0.68293834,0.25297776,0.06408393,c1,c1
10226,4,0.5157511,0.39708477,0.087164074,c1,c1
10238,4,0.34973603,0.40951973,0.24074422,c5,c234
10243,4,0.1949477,0.43388528,0.37116706,c234,c234
10250,4,0.65646046,0.2647528,0.07878678,c5,c1
10257,4,0.18224986,0.36887458,0.44887555,c5,c5
10258,4,0.1789754,0.44818994,0.37283468,c1,c234
10262,4,0.44505364,0.3685123,0.18643408,c234,c1
10266,4,0.6551787,0.27276927,0.07205203,c1,c1
10268,4,0.08752024,0.39890203,0.5135777,c234,c5
10276,4,0.17945303,0.35337356,0.46717343,c1,c5
10282,4,0.06623582,0.33294174,0.6008225,c5,c5
10284,4,0.32013676,0.42928186,0.25058135,c1,c234
10289,4,0.23233485,0.36730313,0.40036198,c5,c5
10290,4,0.049691632,0.27232835,0.67798,c5,c5
10291,4,0.17208226,0.4309281,0.39698958,c234,c234
10294,4,0.23578662,0.37198734,0.39222607,c1,c5
10300,4,0.6833609,0.22912087,0.08751825,c1,c1
10305,4,0.60390097,0.2999396,0.09615946,c5,c1
10317,4,0.08075646,0.21579917,0.70344436,c5,c5
10320,4,0.41924077,0.386317,0.1944422,c1,c1
10329,4,0.43762258,0.3207583,0.24161915,c234,c1
10336,4,0.3958704,0.4080878,0.19604184,c234,c234
10344,4,0.1854087,0.4190508,0.39554045,c234,c234
10346,4,0.64969456,0.25052544,0.09977995,c5,c1
10348,4,0.58093137,0.2950788,0.12398976,c5,c1
10353,4,0.13312638,0.30309695,0.5637767,c234,c5
10359,4,0.26240408,0.38956362,0.34803227,c5,c234
10361,4,0.4498218,0.34438547,0.20579265,c5,c1
10362,4,0.22080784,0.51944536,0.25974682,c234,c234
10371,4,0.52115196,0.3628469,0.11600117,c234,c1
10372,4,0.27369282,0.4936013,0.2327058,c5,c234
10374,4,0.36106557,0.43108514,0.20784932,c234,c234
10377,4,0.15925007,0.3943402,0.4464098,c234,c5
10388,4,0.4660114,0.38113755,0.15285106,c234,c1
10398,4,0.650428,0.2642128,0.08535926,c1,c1
10413,4,0.1352047,0.35379016,0.51100516,c5,c5
10415,4,0.16332078,0.31992275,0.5167565,c5,c5
10424,4,0.6741352,0.2591815,0.06668327,c1,c1
10430,4,0.053484157,0.26766524,0.6788506,c5,c5
10433,4,0.20876782,0.33121592,0.4600162,c5,c5
10438,4,0.36427146,0.30116338,0.33456516,c234,c1
10449,4,0.09721186,0.34853834,0.55424976,c5,c5
10451,4,0.42233098,0.27062145,0.30704755,c5,c1
10453,4,0.116722345,0.27497235,0.6083053,c1,c5
10462,4,0.22000888,0.36441982,0.41557127,c234,c5
10464,4,0.1389183,0.41220984,0.4488719,c5,c5
10470,4,0.13138156,0.3078671,0.5607513,c5,c5
10472,4,0.59887254,0.3209449,0.0801826,c234,c1
10475,4,0.119877666,0.36370206,0.51642025,c5,c5
10477,4,0.054132804,0.28122228,0.6646449,c5,c5
10480,4,0.116150916,0.31045678,0.5733922,c5,c5
10483,4,0.02899878,0.14880395,0.82219726,c5,c5
10499,4,0.41269413,0.4015624,0.18574353,c234,c1
10501,4,0.1410546,0.27085462,0.5880908,c5,c5
10502,4,0.8430102,0.11892379,0.038066044,c1,c1
10511,4,0.7702577,0.15767619,0.07206615,c1,c1
10515,4,0.07429197,0.18304019,0.74266785,c5,c5
10524,4,0.39407143,0.32104826,0.28488037,c5,c1
10525,4,0.4146572,0.35401544,0.2313274,c5,c1
10539,4,0.41269413,0.4015624,0.18574353,c1,c1
10540,4,0.09097124,0.41676235,0.4922664,c5,c5
10543,4,0.2930642,0.50887144,0.19806433,c234,c234
10550,4,0.07655868,0.2871012,0.63634014,c234,c5
10557,4,0.6914265,0.23234929,0.07622418,c1,c1
10560,4,0.073995695,0.22941616,0.69658816,c5,c5
10570,4,0.15765746,0.25700292,0.5853396,c5,c5
10571,4,0.11999645,0.43978694,0.44021663,c5,c5
10591,4,0.15877956,0.24462019,0.5966003,c5,c5
10595,4,0.43917564,0.36905628,0.19176799,c234,c1
10602,4,0.27029756,0.43489707,0.29480538,c234,c234
10606,4,0.1935045,0.34580225,0.4606932,c1,c5
10613,4,0.48692486,0.33785987,0.17521524,c1,c1
10614,4,0.20772755,0.46493208,0.3273403,c1,c234
10615,4,0.45100427,0.40551323,0.1434825,c234,c1
10620,4,0.14866754,0.34221968,0.50911283,c1,c5
10625,4,0.033090197,0.1683333,0.79857653,c5,c5
10631,4,0.44887024,0.4228085,0.12832122,c1,c1
10642,4,0.41269413,0.4015624,0.18574353,c1,c1
10647,4,0.19433932,0.53881973,0.26684096,c1,c234
10648,4,0.8510634,0.12144543,0.027491292,c1,c1
10650,4,0.340476,0.42844933,0.23107465,c5,c234
10654,4,0.24693751,0.4293867,0.32367578,c1,c234
10658,4,0.4280428,0.2699632,0.30199406,c1,c1
10659,4,0.08001123,0.23149194,0.6884969,c1,c5
10663,4,0.6579807,0.27263477,0.06938452,c234,c1
10665,4,0.21719515,0.45500037,0.3278045,c5,c234
10674,4,0.6047936,0.28206742,0.113139056,c5,c1
10677,4,0.6391414,0.2799967,0.080861904,c1,c1
10679,4,0.41269413,0.4015624,0.18574353,c234,c1
10681,4,0.4280428,0.2699632,0.30199406,c234,c1
10689,4,0.16135976,0.4041755,0.43446475,c234,c5
10690,4,0.21264811,0.48758894,0.29976296,c1,c234
10691,4,0.21179157,0.2926425,0.49556592,c234,c5
10705,4,0.18249284,0.36195695,0.45555016,c1,c5
10706,4,0.206981,0.2901537,0.50286525,c5,c5
10711,4,0.14567377,0.31624463,0.53808165,c234,c5
10717,4,0.13993555,0.29624355,0.5638209,c5,c5
10726,4,0.30784056,0.33787495,0.35428447,c234,c5
10727,4,0.4280428,0.2699632,0.30199406,c234,c1
10732,4,0.6836755,0.25179434,0.064530104,c1,c1
10738,4,0.26390672,0.41624922,0.31984407,c234,c234
10739,4,0.079076886,0.3852594,0.5356637,c5,c5
10747,4,0.16591355,0.29615223,0.53793424,c5,c5
10756,4,0.68975425,0.22938074,0.080864966,c1,c1
10757,4,0.09016843,0.19118975,0.7186418,c1,c5
10762,4,0.7668213,0.15893947,0.07423925,c1,c1
10766,4,0.045665607,0.106046185,0.8482882,c5,c5
10767,4,0.06955965,0.3536845,0.5767558,c1,c5
10772,4,0.8206411,0.1351816,0.04417729,c1,c1
10774,4,0.49032313,0.3265459,0.18313092,c234,c1
10776,4,0.165676,0.35116455,0.48315942,c234,c5
10782,4,0.1944584,0.396478,0.40906358,c234,c5
10796,4,0.15715115,0.38208225,0.46076664,c5,c5
10797,4,0.8092398,0.14110625,0.049654037,c234,c1
10798,4,0.4059726,0.35323215,0.24079521,c1,c1
10801,4,0.19888043,0.31307387,0.4880456,c1,c5
10809,4,0.20434684,0.36871672,0.42693642,c234,c5
10813,4,0.17749509,0.43344516,0.3890598,c1,c234
10819,4,0.5560515,0.35374996,0.09019853,c234,c1
10822,4,0.088182785,0.22023496,0.69158226,c5,c5
10828,4,0.07923511,0.18498205,0.73578286,c5,c5
10830,4,0.048779417,0.26857197,0.6826486,c234,c5
10836,4,0.34105095,0.38432086,0.27462822,c5,c234
10838,4,0.16710499,0.2713003,0.5615947,c234,c5
10839,4,0.122581884,0.21636255,0.6610555,c5,c5
10851,4,0.14134273,0.36652565,0.49213162,c234,c5
10859,4,0.29796457,0.44707945,0.25495595,c1,c234
10860,4,0.19464676,0.28087842,0.5244748,c234,c5
10867,4,0.47438452,0.3369644,0.18865107,c234,c1
10873,4,0.349442,0.43910173,0.21145628,c5,c234
10874,4,0.48003957,0.36604288,0.1539176,c234,c1
10875,4,0.3409221,0.3128716,0.3462063,c234,c5
10877,4,0.68293834,0.25297776,0.06408393,c1,c1
10878,4,0.10088404,0.3905232,0.5085927,c234,c5
10884,4,0.0794212,0.21924214,0.7013367,c5,c5
10889,4,0.1311407,0.22051926,0.64834005,c5,c5
10901,4,0.08563407,0.36300594,0.55136,c234,c5
10911,4,0.4223947,0.29071516,0.28689012,c5,c1
10921,4,0.12156616,0.4608065,0.41762733,c234,c234
10922,4,0.31208974,0.37320286,0.3147074,c5,c234
10927,4,0.23429932,0.3245388,0.4411619,c234,c5
10930,4,0.41269413,0.4015624,0.18574353,c1,c1
10937,4,0.56754375,0.33980718,0.092648976,c1,c1
10942,4,0.47617537,0.35128117,0.17254351,c1,c1
10947,4,0.68293834,0.25297776,0.06408393,c5,c1
10949,4,0.41269413,0.4015624,0.18574353,c234,c1
10954,4,0.23623104,0.33653164,0.4272373,c234,c5
10955,4,0.12362755,0.36194494,0.5144275,c1,c5
10957,4,0.124989025,0.27638784,0.5986231,c234,c5
10961,4,0.23621021,0.5308155,0.2329743,c1,c234
10966,4,0.49106315,0.32445163,0.18448514,c1,c1
10969,4,0.24947444,0.43131632,0.31920928,c234,c234
10972,4,0.15129375,0.4888594,0.3598468,c234,c234
10974,4,0.4654782,0.35960588,0.17491594,c234,c1
10977,4,0.32939932,0.3610967,0.309504,c1,c234
10985,4,0.126259,0.28015205,0.5935889,c5,c5
10986,4,0.11794623,0.3886237,0.49343005,c5,c5
10987,4,0.12725213,0.26209438,0.6106535,c5,c5
10989,4,0.5781059,0.29711384,0.12478023,c5,c1
10991,4,0.30100524,0.31854647,0.38044822,c5,c5
10992,4,0.479335,0.36805767,0.15260738,c1,c1
10996,4,0.55652153,0.34433097,0.099147454,c1,c1
10999,4,0.075037315,0.24430211,0.6806606,c5,c5
11000,4,0.16683893,0.4186146,0.41454646,c1,c234
11003,4,0.42233098,0.27062145,0.30704755,c1,c1
11011,4,0.2637497,0.32019803,0.4160523,c1,c5
11016,4,0.42233098,0.27062145,0.30704755,c1,c1
11022,4,0.48720148,0.33844408,0.17435439,c1,c1
11023,4,0.53634965,0.34338886,0.120261565,c1,c1
11025,4,0.24324356,0.45504946,0.301707,c5,c234
11030,4,0.5959193,0.26729354,0.13678709,c5,c1
11048,4,0.079584874,0.21900447,0.70141065,c234,c5
11050,4,0.5424713,0.34376508,0.1137637,c234,c1
11053,4,0.18670435,0.4219792,0.39131644,c5,c234
11056,4,0.23606564,0.37700167,0.3869326,c1,c5
11062,4,0.15056634,0.4829587,0.36647493,c5,c234
11076,4,0.82219815,0.13405642,0.04374545,c1,c1
11078,4,0.68293834,0.25297776,0.06408393,c1,c1
11083,4,0.59883153,0.3130681,0.088100344,c1,c1
11084,4,0.42233098,0.27062145,0.30704755,c5,c1
11090,4,0.1456507,0.25884148,0.59550774,c1,c5
11100,4,0.1347584,0.30531824,0.55992335,c234,c5
11101,4,0.32108712,0.3053753,0.37353757,c1,c5
11105,4,0.082247965,0.19956444,0.71818763,c5,c5
11106,4,0.25367662,0.36448562,0.3818378,c1,c5
11108,4,0.120500036,0.3932759,0.48622409,c5,c5
11111,4,0.46929112,0.31840676,0.21230213,c5,c1
11112,4,0.28621262,0.3092997,0.40448767,c234,c5
11113,4,0.38726917,0.36128312,0.25144774,c234,c1
11120,4,0.14782865,0.46183792,0.39033335,c5,c234
11122,4,0.17656463,0.39268327,0.43075207,c234,c5
11124,4,0.6709538,0.23841965,0.090626545,c1,c1
11125,4,0.3996805,0.30618864,0.29413092,c234,c1
11131,4,0.2119694,0.3278641,0.4601665,c5,c5
11134,4,0.20107448,0.35618585,0.44273967,c5,c5
11146,4,0.27788752,0.3051066,0.41700584,c1,c5
11153,4,0.12613449,0.3176057,0.5562598,c1,c5
11162,4,0.5588949,0.34520897,0.09589618,c234,c1
11173,4,0.0391999,0.21680565,0.7439944,c234,c5
11178,4,0.5452169,0.31706524,0.13771786,c5,c1
11179,4,0.47078744,0.28963682,0.23957571,c5,c1
11180,4,0.31068984,0.38094404,0.30836612,c234,c234
11185,4,0.045378614,0.14553931,0.80908203,c234,c5
11187,4,0.65259427,0.23887748,0.10852823,c1,c1
11188,4,0.10777126,0.25048393,0.6417448,c5,c5
11192,4,0.15981507,0.5242694,0.31591552,c5,c234
11194,4,0.37259632,0.41046774,0.21693593,c1,c234
11199,4,0.21093448,0.44059223,0.34847334,c1,c234
11201,4,0.10633413,0.29124203,0.6024239,c5,c5
11211,4,0.29093677,0.47611508,0.23294815,c1,c234
11218,4,0.09355765,0.23836891,0.6680734,c5,c5
11225,4,0.054501515,0.31317547,0.63232297,c234,c5
11227,4,0.23364449,0.4456584,0.32069707,c1,c234
11231,4,0.10291478,0.3253105,0.5717747,c234,c5
11232,4,0.42841363,0.32157278,0.2500135,c5,c1
11241,4,0.17954375,0.36687398,0.45358223,c1,c5
11250,4,0.2543046,0.46768057,0.27801484,c1,c234
11260,4,0.27448767,0.3749512,0.35056117,c5,c234
11267,4,0.59954894,0.30696812,0.09348296,c1,c1
11268,4,0.11580293,0.2517202,0.6324769,c1,c5
11274,4,0.15706052,0.4737288,0.36921072,c5,c234
11281,4,0.12699442,0.32271203,0.5502935,c5,c5
11284,4,0.14587978,0.49543643,0.35868374,c5,c234
11293,4,0.06822331,0.3438543,0.5879224,c5,c5
11297,4,0.37369594,0.44263875,0.18366534,c5,c234
11302,4,0.2693549,0.49548,0.23516507,c5,c234
11307,4,0.11403237,0.3956868,0.4902809,c234,c5
11313,4,0.41269413,0.4015624,0.18574353,c1,c1
11329,4,0.14569037,0.3294022,0.5249074,c5,c5
11331,4,0.0819458,0.24223793,0.6758163,c234,c5
11334,4,0.6836755,0.25179434,0.064530104,c1,c1
11338,4,0.07875306,0.2445686,0.6766783,c5,c5
11346,4,0.17972425,0.4494064,0.3708694,c5,c234
11374,4,0.5372188,0.28467116,0.17811003,c1,c1
11391,4,0.06921157,0.2493013,0.68148714,c5,c5
11396,4,0.079162836,0.2641357,0.6567015,c5,c5
11397,4,0.25469586,0.5466803,0.19862388,c234,c234
11398,4,0.07931912,0.34169838,0.5789825,c234,c5
11403,4,0.50452006,0.34220982,0.15327005,c1,c1
11404,4,0.1724472,0.38568574,0.44186708,c1,c5
11414,4,0.10449157,0.25510737,0.64040107,c234,c5
11416,4,0.5131151,0.32143566,0.16544922,c1,c1
11419,4,0.13127024,0.29348412,0.5752456,c5,c5
11422,4,0.5112865,0.27903557,0.20967793,c234,c1
11430,4,0.20677462,0.3732796,0.41994575,c5,c5
11432,4,0.50356275,0.35356617,0.14287108,c234,c1
11433,4,0.11087444,0.32330266,0.56582296,c234,c5
11434,4,0.09365975,0.24694134,0.65939885,c5,c5
11447,4,0.5986854,0.29460332,0.10671127,c1,c1
11448,4,0.42233098,0.27062145,0.30704755,c5,c1
11453,4,0.41269413,0.4015624,0.18574353,c5,c1
11460,4,0.27737954,0.3030611,0.41955936,c1,c5
11467,4,0.22509709,0.47897997,0.29592294,c234,c234
11470,4,0.057888933,0.22926283,0.7128482,c5,c5
11471,4,0.2829106,0.37374485,0.34334457,c234,c234
11476,4,0.6836755,0.25179434,0.064530104,c1,c1
11479,4,0.3758256,0.29324758,0.33092687,c234,c1
11482,4,0.1521496,0.431428,0.41642246,c234,c234
11483,4,0.20813105,0.3938079,0.39806104,c234,c5
11488,4,0.2332143,0.46334934,0.30343637,c5,c234
11489,4,0.2553838,0.3223757,0.4222405,c234,c5
11492,4,0.34728748,0.40011597,0.25259653,c234,c234
11494,4,0.58525515,0.34367594,0.07106887,c1,c1
11502,4,0.14935572,0.37529695,0.4753473,c1,c5
11511,4,0.10355999,0.45248762,0.44395244,c234,c234
11515,4,0.32139796,0.4385756,0.24002643,c234,c234
11523,4,0.08490027,0.18417591,0.73092383,c1,c5
11529,4,0.69239235,0.18868971,0.11891798,c1,c1
11531,4,0.4023228,0.30560437,0.29207286,c5,c1
11545,4,0.29987127,0.42231882,0.27780995,c5,c234
11547,4,0.15277201,0.37389168,0.47333625,c5,c5
11553,4,0.66624665,0.24261288,0.09114048,c234,c1
11555,4,0.05141738,0.22620045,0.72238225,c5,c5
11557,4,0.17425607,0.36876506,0.4569789,c234,c5
11560,4,0.14738744,0.3419339,0.51067865,c1,c5
11563,4,0.45870295,0.3328201,0.20847698,c1,c1
11571,4,0.0990866,0.36368468,0.5372287,c5,c5
11576,4,0.5913365,0.3397418,0.0689217,c1,c1
11579,4,0.56386775,0.31554914,0.120583124,c1,c1
11585,4,0.42233098,0.27062145,0.30704755,c1,c1
11599,4,0.16391824,0.44753835,0.38854343,c1,c234
11604,4,0.13193108,0.2712839,0.596785,c1,c5
11606,4,0.25875437,0.44312108,0.29812455,c5,c234
11613,4,0.76507026,0.18163142,0.05329834,c1,c1
11627,4,0.21985695,0.49593937,0.28420362,c5,c234
11634,4,0.16004272,0.3167326,0.5232247,c5,c5
11637,4,0.43208233,0.3518169,0.21610084,c234,c1
11655,4,0.67428035,0.21965629,0.10606335,c5,c1
11659,4,0.4164853,0.42469972,0.15881498,c234,c234
11665,4,0.26610336,0.3981054,0.33579126,c234,c234
11667,4,0.16546081,0.46905807,0.3654812,c1,c234
11671,4,0.2165646,0.39233932,0.3910961,c234,c234
11674,4,0.18268742,0.33763766,0.47967488,c234,c5
11681,4,0.42206314,0.3462697,0.23166709,c234,c1
11682,4,0.36329588,0.36867926,0.2680248,c234,c234
11687,4,0.12613317,0.3157083,0.5581585,c234,c5
11691,4,0.14743045,0.39978027,0.45278925,c5,c5
11694,4,0.2894609,0.4889232,0.2216159,c234,c234
11695,4,0.08177761,0.2877408,0.6304816,c234,c5
11697,4,0.51065445,0.38565046,0.1036951,c1,c1
11700,4,0.45000258,0.36509112,0.18490626,c234,c1
11708,4,0.47758448,0.3765113,0.14590418,c1,c1
11710,4,0.14865649,0.28342935,0.5679141,c5,c5
11711,4,0.28478178,0.30586556,0.40935272,c5,c5
11717,4,0.41269413,0.4015624,0.18574353,c5,c1
11719,4,0.2687313,0.51396203,0.21730666,c1,c234
11730,4,0.0981585,0.38652214,0.51531935,c234,c5
11731,4,0.17299439,0.35457167,0.4724339,c234,c5
11742,4,0.605004,0.3279727,0.06702326,c234,c1
11766,4,0.6836755,0.25179434,0.064530104,c1,c1
11768,4,0.06136129,0.3225322,0.6161065,c1,c5
11773,4,0.061519463,0.28606492,0.6524156,c1,c5
11782,4,0.107333995,0.22871314,0.66395277,c5,c5
11783,4,0.1584788,0.35074323,0.490778,c1,c5
11788,4,0.32417879,0.46097594,0.21484527,c234,c234
11791,4,0.05653249,0.1744089,0.7690586,c5,c5
11794,4,0.64176226,0.2424434,0.115794316,c1,c1
11796,4,0.105552934,0.2525755,0.64187163,c5,c5
11810,4,0.4402597,0.30168214,0.25805816,c1,c1
11815,4,0.2890347,0.31549165,0.39547372,c5,c5
11823,4,0.09043444,0.23970707,0.6698585,c5,c5
11828,4,0.04282755,0.21199165,0.74518085,c234,c5
11832,4,0.2577154,0.40837383,0.33391076,c1,c234
11833,4,0.12957555,0.26951525,0.6009092,c1,c5
11837,4,0.25362474,0.31017908,0.4361962,c234,c5
11839,4,0.5058915,0.36607417,0.12803437,c1,c1
11851,4,0.6401795,0.26396683,0.09585368,c1,c1
11855,4,0.11646083,0.37493193,0.5086072,c5,c5
11856,4,0.40635166,0.3959706,0.1976777,c1,c1
11860,4,0.297942,0.379148,0.32291,c234,c234
11869,4,0.22112761,0.2807969,0.49807554,c234,c5
11871,4,0.27764952,0.28740877,0.43494174,c234,c5
11874,4,0.6657466,0.23918268,0.09507064,c1,c1
11879,4,0.0684515,0.21896374,0.71258473,c234,c5
11893,4,0.2615659,0.32314855,0.4152856,c1,c5
11895,4,0.15188363,0.42121112,0.42690516,c5,c5
11896,4,0.2157382,0.51759225,0.26666954,c1,c234
11901,4,0.6659979,0.2574698,0.07653225,c234,c1
11905,4,0.66417074,0.25987878,0.07595053,c234,c1
11907,4,0.17434114,0.45386553,0.3717933,c1,c234
11908,4,0.17341991,0.4456632,0.38091686,c234,c234
11909,4,0.41411597,0.41079298,0.17509106,c234,c1
11916,4,0.082607836,0.29799107,0.61940104,c5,c5
11920,4,0.39386454,0.446416,0.15971951,c1,c234
11922,4,0.6070204,0.25316733,0.13981228,c234,c1
11923,4,0.21568778,0.28184265,0.50246954,c5,c5
11929,4,0.16936551,0.5348367,0.29579782,c5,c234
11930,4,0.47024038,0.3207348,0.20902483,c1,c1
11931,4,0.117078535,0.42637762,0.45654386,c5,c5
11940,4,0.1431969,0.29841152,0.5583916,c234,c5
11943,4,0.508085,0.35735157,0.13456342,c234,c1
11950,4,0.66376346,0.270515,0.06572148,c234,c1
11951,4,0.26766834,0.43579653,0.29653513,c5,c234
11962,4,0.493302,0.3535814,0.15311658,c5,c1
11964,4,0.35416102,0.33627364,0.30956537,c1,c1
11968,4,0.13794065,0.3535361,0.5085233,c5,c5
11975,4,0.24633703,0.3452349,0.40842807,c234,c5
11976,4,0.23468758,0.3136025,0.45170996,c1,c5
11994,4,0.6741352,0.2591815,0.06668327,c234,c1
12002,4,0.12356161,0.27855235,0.59788597,c5,c5
12003,4,0.33393374,0.2741421,0.39192414,c234,c5
12009,4,0.45279866,0.3234871,0.22371422,c5,c1
12020,4,0.3016572,0.42422506,0.2741177,c1,c234
12022,4,0.5036826,0.28126708,0.21505034,c1,c1
12023,4,0.2647421,0.46674028,0.2685176,c234,c234
12024,4,0.62894875,0.24708283,0.12396836,c1,c1
12028,4,0.08237717,0.2696761,0.6479467,c234,c5
12031,4,0.35860765,0.41795182,0.22344056,c234,c234
12040,4,0.12074864,0.3333163,0.5459351,c234,c5
12043,4,0.5973899,0.3196427,0.08296749,c234,c1
12044,4,0.05653249,0.1744089,0.7690586,c5,c5
12045,4,0.41269413,0.4015624,0.18574353,c1,c1
12053,4,0.13968235,0.35975236,0.50056535,c5,c5
12055,4,0.16304263,0.27396315,0.5629943,c234,c5
12057,4,0.5924941,0.2864852,0.121020734,c5,c1
12059,4,0.669679,0.25142533,0.078895696,c5,c1
12063,4,0.6563084,0.2717967,0.071894884,c234,c1
12064,4,0.059867986,0.15383297,0.78629905,c5,c5
12072,4,0.4223947,0.29071516,0.28689012,c234,c1
12078,4,0.65515363,0.26501718,0.079829186,c1,c1
12080,4,0.050838254,0.120622136,0.82853967,c5,c5
12089,4,0.60566175,0.30931345,0.08502478,c1,c1
12091,4,0.6250113,0.28317136,0.09181732,c1,c1
12093,4,0.5218532,0.3518128,0.12633401,c1,c1
12097,4,0.41269413,0.4015624,0.18574353,c234,c1
12108,4,0.11806228,0.30251482,0.5794229,c5,c5
12115,4,0.38405854,0.38565585,0.23028563,c1,c234
12117,4,0.4636008,0.3334711,0.20292816,c1,c1
12125,4,0.21939345,0.37963358,0.40097296,c5,c5
12129,4,0.24452251,0.4084497,0.34702784,c234,c234
12134,4,0.10163844,0.2572403,0.64112127,c5,c5
12137,4,0.109033965,0.27264303,0.618323,c5,c5
12143,4,0.56473774,0.31917635,0.11608588,c234,c1
12151,4,0.32599506,0.44362855,0.23037633,c234,c234
12153,4,0.4080586,0.33878842,0.25315297,c234,c1
12157,4,0.38895798,0.30486834,0.30617368,c234,c1
12158,4,0.10013206,0.40820253,0.49166545,c1,c5
12174,4,0.33920792,0.3272301,0.33356196,c5,c1
12183,4,0.106665574,0.22050269,0.6728317,c5,c5
12192,4,0.57158273,0.3023657,0.1260515,c5,c1
12193,4,0.41269413,0.4015624,0.18574353,c234,c1
12195,4,0.13794237,0.36360723,0.49845034,c1,c5
12197,4,0.39677703,0.42381305,0.17940992,c1,c234
12205,4,0.40245488,0.37277833,0.2247668,c234,c1
12210,4,0.29675123,0.5203946,0.18285418,c234,c234
12215,4,0.76516736,0.17988913,0.05494351,c1,c1
12227,4,0.16321245,0.2934724,0.5433151,c5,c5
12229,4,0.3654368,0.4357452,0.198818,c5,c234
12231,4,0.51315564,0.2833223,0.2035221,c1,c1
12234,4,0.4997374,0.29899022,0.20127234,c234,c1
12235,4,0.6723796,0.2711193,0.056501128,c234,c1
12236,4,0.6299014,0.28501698,0.08508155,c1,c1
12243,4,0.2923425,0.4975115,0.21014595,c5,c234
12255,4,0.6037584,0.32641968,0.06982189,c234,c1
12256,4,0.20649621,0.40677515,0.38672867,c1,c234
12259,4,0.53947276,0.35604778,0.10447948,c1,c1
12260,4,0.04171298,0.21237971,0.7459073,c5,c5
12265,4,0.6051654,0.29880252,0.096032,c1,c1
12268,4,0.38738233,0.4439192,0.16869853,c234,c234
12275,4,0.17257588,0.34057882,0.48684528,c234,c5
12276,4,0.18911056,0.4327727,0.37811673,c234,c234
12279,4,0.5152878,0.35410854,0.13060363,c5,c1
12280,4,0.23762211,0.3490884,0.41328955,c1,c5
12281,4,0.68293834,0.25297776,0.06408393,c1,c1
12283,4,0.4402597,0.30168214,0.25805816,c1,c1
12290,4,0.42065266,0.3970524,0.18229492,c1,c1
12292,4,0.21017547,0.37458685,0.41523767,c234,c5
12293,4,0.4868949,0.32753205,0.18557306,c1,c1
12297,4,0.49295956,0.31619716,0.19084327,c1,c1
12303,4,0.53634965,0.34338886,0.120261565,c1,c1
12304,4,0.23979472,0.26534757,0.49485782,c5,c5
12316,4,0.44021773,0.373973,0.18580927,c234,c1
12319,4,0.41269413,0.4015624,0.18574353,c1,c1
12321,4,0.17121649,0.28465864,0.5441249,c1,c5
12330,4,0.4655411,0.4027939,0.13166502,c5,c1
12345,4,0.09107705,0.2470297,0.6618933,c5,c5
12353,4,0.14513814,0.45743522,0.3974266,c5,c234
12358,4,0.2538335,0.2994223,0.4467442,c1,c5
12360,4,0.3019262,0.4292153,0.26885852,c1,c234
12361,4,0.19325252,0.3964316,0.4103159,c234,c5
12369,4,0.08086404,0.27275923,0.6463767,c234,c5
12376,4,0.64053744,0.27548334,0.08397921,c1,c1
12385,4,0.14569652,0.2836626,0.5706409,c234,c5
12392,4,0.2176076,0.28598332,0.49640912,c5,c5
12393,4,0.08361503,0.2427765,0.6736085,c234,c5
12394,4,0.35064077,0.3696504,0.2797088,c1,c234
12412,4,0.27523085,0.4944399,0.2303292,c1,c234
12416,4,0.49106315,0.32445163,0.18448514,c1,c1
12433,4,0.6637295,0.2377604,0.09851017,c234,c1
12438,4,0.6379812,0.266214,0.095804796,c5,c1
12442,4,0.062395573,0.26020578,0.67739856,c5,c5
12443,4,0.2686363,0.42082238,0.31054127,c234,c234
12452,4,0.24736615,0.3689909,0.383643,c1,c5
12461,4,0.41269413,0.4015624,0.18574353,c5,c1
12466,4,0.07436568,0.28758937,0.6380449,c5,c5
12467,4,0.40067512,0.41704324,0.18228169,c1,c234
12468,4,0.11027342,0.22208983,0.6676367,c1,c5
12469,4,0.16805635,0.44941285,0.38253078,c5,c234
12471,4,0.13982666,0.39832908,0.46184424,c1,c5
12472,4,0.41269413,0.4015624,0.18574353,c234,c1
12474,4,0.5373678,0.33443403,0.12819818,c1,c1
12494,4,0.5809813,0.293127,0.12589167,c5,c1
12496,4,0.3882572,0.31986699,0.29187587,c5,c1
12497,4,0.13161974,0.3283971,0.5399832,c5,c5
12502,4,0.11115245,0.35100663,0.5378409,c1,c5
12506,4,0.10617187,0.20655277,0.6872753,c1,c5
12508,4,0.21909301,0.32550257,0.4554044,c5,c5
12513,4,0.47009167,0.28012264,0.24978574,c1,c1
12517,4,0.322002,0.42346388,0.25453416,c1,c234
12521,4,0.24868636,0.3631197,0.3881939,c234,c5
12525,4,0.71042013,0.2219665,0.06761337,c5,c1
12530,4,0.41269413,0.4015624,0.18574353,c234,c1
12531,4,0.2890564,0.41954902,0.2913946,c234,c234
12537,4,0.1803692,0.3573521,0.4622787,c5,c5
12538,4,0.42233098,0.27062145,0.30704755,c1,c1
12541,4,0.2793773,0.37097418,0.34964854,c234,c234
12547,4,0.46331403,0.33585426,0.20083177,c1,c1
12548,4,0.134662,0.3101694,0.5551686,c1,c5
12553,4,0.63490903,0.29540431,0.06968667,c1,c1
12564,4,0.15351957,0.46873567,0.37774476,c234,c234
12575,4,0.41156107,0.3190243,0.26941457,c234,c1
12576,4,0.080296315,0.37365073,0.54605293,c5,c5
12577,4,0.38976264,0.26634717,0.3438902,c1,c1
12585,4,0.11516524,0.27697617,0.60785854,c5,c5
12592,4,0.2683564,0.30609646,0.4255471,c1,c5
12597,4,0.53978074,0.33356568,0.12665363,c1,c1
12601,4,0.10327199,0.25068748,0.64604056,c5,c5
12602,4,0.42700356,0.3980111,0.1749854,c1,c1
12611,4,0.5952323,0.27260038,0.13216735,c5,c1
12627,4,0.48289764,0.29746827,0.21963409,c5,c1
12634,4,0.1728377,0.30571875,0.5214436,c5,c5
12636,4,0.24381156,0.29739612,0.45879236,c5,c5
12638,4,0.09304049,0.25447416,0.6524854,c5,c5
12645,4,0.41269413,0.4015624,0.18574353,c5,c1
12650,4,0.35554266,0.30329612,0.34116116,c234,c1
12659,4,0.23971705,0.4094684,0.35081452,c234,c234
12673,4,0.2678035,0.4154409,0.31675565,c5,c234
12674,4,0.10471636,0.34714472,0.548139,c5,c5
12686,4,0.0763513,0.26792747,0.65572125,c5,c5
12688,4,0.29643375,0.42420727,0.27935898,c5,c234
12698,4,0.45339283,0.37304187,0.1735653,c234,c1
12702,4,0.42233098,0.27062145,0.30704755,c5,c1
12706,4,0.27798304,0.42652062,0.2954963,c234,c234
12710,4,0.35831589,0.42775002,0.21393408,c234,c234
12716,4,0.11818773,0.22806321,0.65374905,c1,c5
12718,4,0.2668127,0.27096474,0.4622225,c1,c5
12721,4,0.29286608,0.38727474,0.31985915,c5,c234
12722,4,0.3736052,0.41582116,0.21057361,c5,c234
12724,4,0.6272531,0.26127064,0.1114762,c234,c1
12727,4,0.49223542,0.38004515,0.12771943,c5,c1
12738,4,0.5901227,0.30505115,0.10482614,c234,c1
12739,4,0.41269413,0.4015624,0.18574353,c234,c1
12745,4,0.5395674,0.29763207,0.1628005,c5,c1
12747,4,0.4305666,0.36279482,0.20663857,c5,c1
12748,4,0.47854388,0.3568412,0.16461498,c1,c1
12751,4,0.17669618,0.29242727,0.5308765,c5,c5
12753,4,0.1855048,0.48116282,0.33333242,c5,c234
12754,4,0.1585421,0.26309034,0.57836753,c5,c5
12758,4,0.36162475,0.4250591,0.21331613,c234,c234
12760,4,0.49785724,0.36866868,0.13347405,c1,c1
12766,4,0.6647514,0.2628189,0.07242969,c5,c1
12768,4,0.25135082,0.44868335,0.2999658,c1,c234
12769,4,0.45527354,0.34146312,0.20326325,c1,c1
12776,4,0.31196213,0.42304465,0.26499325,c5,c234
12778,4,0.4223947,0.29071516,0.28689012,c5,c1
12789,4,0.07407774,0.2809692,0.6449531,c234,c5
12790,4,0.6055676,0.2850086,0.10942382,c1,c1
12793,4,0.1230946,0.40272582,0.47417954,c1,c5
12797,4,0.33005902,0.38431063,0.2856303,c234,c234
12798,4,0.41269413,0.4015624,0.18574353,c1,c1
12802,4,0.43478626,0.39917716,0.16603659,c1,c1
12805,4,0.20825195,0.31178474,0.47996327,c5,c5
12809,4,0.11632951,0.2455192,0.6381512,c1,c5
12812,4,0.2663902,0.26642275,0.4671871,c5,c5
12813,4,0.09270869,0.22692837,0.68036294,c5,c5
12818,4,0.64053744,0.27548334,0.08397921,c1,c1
12821,4,0.20242162,0.46233073,0.3352476,c234,c234
12823,4,0.50023043,0.33760628,0.16216332,c234,c1
12825,4,0.1326744,0.4140893,0.4532363,c5,c5
12830,4,0.40796584,0.36471742,0.22731678,c1,c1
12832,4,0.6026171,0.29059845,0.10678454,c234,c1
12834,4,0.4280428,0.2699632,0.30199406,c234,c1
12837,4,0.42233098,0.27062145,0.30704755,c5,c1
12845,4,0.3632495,0.32248977,0.31426075,c1,c1
12847,4,0.4280428,0.2699632,0.30199406,c234,c1
12849,4,0.21530046,0.44697526,0.3377243,c5,c234
12851,4,0.117609195,0.31883752,0.5635532,c234,c5
12854,4,0.24694154,0.5204829,0.23257554,c5,c234
12865,4,0.14118691,0.37931457,0.47949854,c5,c5
12866,4,0.21698892,0.31435663,0.46865448,c1,c5
12873,4,0.24255854,0.36049688,0.3969446,c5,c5
12877,4,0.04261007,0.117277354,0.84011257,c234,c5
12879,4,0.4448306,0.3718968,0.18327262,c1,c1
12882,4,0.10731997,0.3016484,0.5910316,c1,c5
12886,4,0.1732093,0.33058476,0.4962059,c5,c5
12890,4,0.4380649,0.3485956,0.21333946,c234,c1
12912,4,0.4868949,0.32753205,0.18557306,c1,c1
12928,4,0.2295598,0.4783269,0.29211333,c234,c234
12934,4,0.45051578,0.35034844,0.19913577,c1,c1
12940,4,0.23322274,0.42004964,0.3467276,c234,c234
12944,4,0.27870536,0.43282813,0.2884665,c1,c234
12954,4,0.38600647,0.37440443,0.23958914,c1,c1
12958,4,0.42233098,0.27062145,0.30704755,c1,c1
12959,4,0.16508926,0.39942712,0.43548357,c5,c5
12961,4,0.3457428,0.38071042,0.27354681,c5,c234
12962,4,0.7052275,0.2261622,0.06861028,c1,c1
12964,4,0.38721374,0.4217556,0.19103065,c1,c234
12968,4,0.68293834,0.25297776,0.06408393,c1,c1
12971,4,0.47012544,0.4239977,0.105876885,c1,c1
12979,4,0.6075059,0.30741832,0.08507571,c1,c1
12980,4,0.11344413,0.19365932,0.6928966,c5,c5
12985,4,0.6330861,0.2892824,0.077631526,c1,c1
12997,4,0.24413094,0.31858173,0.43728733,c1,c5
13001,4,0.27336022,0.3064948,0.42014503,c234,c5
13004,4,0.12111485,0.40832818,0.4705569,c5,c5
13017,4,0.46790582,0.37281945,0.15927468,c234,c1
13022,4,0.6115696,0.2956906,0.09273985,c1,c1
13030,4,0.050051134,0.2314906,0.71845824,c5,c5
13034,4,0.41269413,0.4015624,0.18574353,c234,c1
13035,4,0.16866975,0.2483362,0.58299404,c5,c5
13042,4,0.4551841,0.41283405,0.13198191,c234,c1
13044,4,0.20403972,0.33276963,0.4631907,c234,c5
13054,4,0.35156146,0.3822224,0.26621607,c5,c234
13058,4,0.12472536,0.35905918,0.5162155,c1,c5
13073,4,0.41269413,0.4015624,0.18574353,c234,c1
13074,4,0.53634965,0.34338886,0.120261565,c1,c1
13088,4,0.61845404,0.26786736,0.113678604,c234,c1
13090,4,0.17914729,0.2618537,0.55899906,c1,c5
13096,4,0.13826232,0.27820867,0.58352894,c234,c5
13098,4,0.1465214,0.39906514,0.4544134,c234,c5
13102,4,0.483521,0.3738642,0.14261483,c5,c1
13106,4,0.19674574,0.3506944,0.45255986,c234,c5
13110,4,0.4515456,0.34920433,0.19925015,c1,c1
13112,4,0.5482811,0.33790988,0.11380909,c234,c1
13118,4,0.06407757,0.24094224,0.6949802,c5,c5
13124,4,0.23581564,0.32715788,0.43702644,c5,c5
13125,4,0.72765005,0.19713959,0.075210355,c234,c1
13126,4,0.18419336,0.40765437,0.40815228,c5,c5
13127,4,0.5229994,0.3180391,0.15896153,c234,c1
13130,4,0.1447758,0.33054665,0.5246776,c5,c5
13133,4,0.17127405,0.4221516,0.40657434,c5,c234
13138,4,0.1843972,0.4138244,0.4017784,c5,c234
13142,4,0.19431591,0.3439617,0.46172237,c234,c5
13146,4,0.38127884,0.42983612,0.18888502,c5,c234
13147,4,0.5075699,0.3668854,0.1255447,c234,c1
13155,4,0.47135887,0.28122082,0.2474203,c1,c1
13158,4,0.16282235,0.49218804,0.34498957,c234,c234
13161,4,0.4280428,0.2699632,0.30199406,c5,c1
13162,4,0.25478512,0.3555741,0.3896408,c1,c5
13167,4,0.5074717,0.3235397,0.16898863,c1,c1
13171,4,0.65515363,0.26501718,0.079829186,c1,c1
13173,4,0.41269413,0.4015624,0.18574353,c1,c1
13178,4,0.27815256,0.4706189,0.25122854,c234,c234
13184,4,0.16852926,0.37481242,0.45665833,c5,c5
13188,4,0.058475677,0.1475832,0.79394114,c5,c5
13190,4,0.12846275,0.34707308,0.52446425,c5,c5
13200,4,0.064646,0.19984204,0.73551196,c234,c5
13205,4,0.2768704,0.36876908,0.3543605,c5,c234
13206,4,0.68293834,0.25297776,0.06408393,c234,c1
13210,4,0.6741352,0.2591815,0.06668327,c1,c1
13219,4,0.29947573,0.40439305,0.29613125,c5,c234
13230,4,0.26361662,0.36756247,0.36882094,c1,c5
13233,4,0.08278568,0.23280253,0.68441176,c5,c5
13236,4,0.17724739,0.25240412,0.5703485,c234,c5
13250,4,0.50548273,0.343114,0.15140335,c1,c1
13262,4,0.4243635,0.42696154,0.14867494,c1,c234
13267,4,0.09911549,0.25865996,0.6422246,c5,c5
13274,4,0.13384636,0.40757218,0.45858148,c234,c5
13278,4,0.45498675,0.37779635,0.1672169,c1,c1
13280,4,0.29108286,0.29543224,0.41348493,c1,c5
13290,4,0.25362453,0.38480052,0.36157492,c5,c234
13291,4,0.07916433,0.34270084,0.57813483,c5,c5
13292,4,0.20825219,0.35728893,0.4344589,c234,c5
13293,4,0.5243557,0.3854105,0.090233855,c5,c1
13318,4,0.12980103,0.25667128,0.6135278,c1,c5
13320,4,0.5493162,0.32697234,0.12371144,c1,c1
13326,4,0.118164256,0.2993583,0.5824775,c234,c5
13328,4,0.6233423,0.2846823,0.091975436,c234,c1
13339,4,0.16806765,0.33139852,0.5005338,c1,c5
13348,4,0.32705763,0.49698654,0.1759558,c234,c234
13351,4,0.15401226,0.25703803,0.5889497,c234,c5
13358,4,0.1552852,0.28986314,0.5548517,c1,c5
13381,4,0.35689148,0.4441044,0.19900407,c234,c234
13384,4,0.5567884,0.34550685,0.09770482,c234,c1
13388,4,0.1269222,0.30674618,0.5663316,c234,c5
13394,4,0.28764352,0.4328728,0.27948368,c234,c234
13397,4,0.10118262,0.29453814,0.6042792,c1,c5
13408,4,0.19414397,0.32275733,0.48309875,c5,c5
13419,4,0.18726037,0.48276085,0.32997876,c234,c234
13422,4,0.45568666,0.29634908,0.24796434,c1,c1
13428,4,0.10950798,0.37841356,0.51207846,c1,c5
13430,4,0.14514585,0.37309417,0.48176003,c1,c5
13432,4,0.6186491,0.2764386,0.104912244,c234,c1
13435,4,0.62426704,0.23711865,0.13861433,c1,c1
13444,4,0.4626035,0.3590905,0.17830601,c5,c1
13447,4,0.1648324,0.2920575,0.5431101,c5,c5
13451,4,0.5548017,0.33286816,0.11233019,c234,c1
13455,4,0.4164374,0.40550157,0.1780611,c234,c1
13464,4,0.68293834,0.25297776,0.06408393,c234,c1
13465,4,0.19229305,0.32734117,0.48036575,c5,c5
13467,4,0.2856795,0.30392796,0.41039258,c5,c5
13468,4,0.6192578,0.28761277,0.09312945,c234,c1
13485,4,0.29214293,0.38582367,0.3220334,c5,c234
13488,4,0.632279,0.2664512,0.10126976,c1,c1
13504,4,0.46073908,0.32883352,0.21042736,c1,c1
13506,4,0.12177459,0.21572621,0.6624992,c5,c5
13508,4,0.13643761,0.36619726,0.49736512,c1,c5
13512,4,0.16127178,0.30265924,0.536069,c234,c5
13517,4,0.19106802,0.42931882,0.3796132,c234,c234
13522,4,0.52414066,0.3766038,0.09925552,c1,c1
13523,4,0.098080054,0.2796088,0.6223112,c1,c5
13529,4,0.10791746,0.29543436,0.59664816,c5,c5
13533,4,0.41269413,0.4015624,0.18574353,c234,c1
13544,4,0.41269413,0.4015624,0.18574353,c234,c1
13545,4,0.2892881,0.40308568,0.30762622,c234,c234
13556,4,0.41269413,0.4015624,0.18574353,c234,c1
13570,4,0.2715202,0.3069131,0.4215667,c234,c5
13573,4,0.18293019,0.2910931,0.5259767,c234,c5
13574,4,0.28198284,0.3513405,0.36667666,c5,c5
13576,4,0.12934127,0.32823467,0.5424241,c234,c5
13579,4,0.27948818,0.46469572,0.25581613,c1,c234
13582,4,0.09436202,0.26016054,0.6454774,c234,c5
13584,4,0.17826968,0.30285853,0.51887184,c1,c5
13586,4,0.3450759,0.43200397,0.22292016,c5,c234
13597,4,0.094246395,0.33848408,0.5672695,c5,c5
13606,4,0.45790234,0.28971344,0.25238428,c234,c1
13607,4,0.14057873,0.41754434,0.44187692,c1,c5
13610,4,0.17862834,0.37361372,0.4477579,c234,c5
13613,4,0.055539135,0.2848189,0.659642,c5,c5
13624,4,0.37188423,0.40689227,0.22122349,c1,c234
13627,4,0.17447741,0.32114822,0.5043743,c5,c5
13632,4,0.6836755,0.25179434,0.064530104,c234,c1
13634,4,0.18745765,0.28086677,0.5316756,c1,c5
13638,4,0.10774773,0.3993552,0.49289712,c234,c5
13640,4,0.34466547,0.3690731,0.2862614,c5,c234
13655,4,0.10999279,0.43164447,0.45836273,c234,c5
13656,4,0.65691733,0.25853932,0.08454341,c1,c1
13660,4,0.14619705,0.35849974,0.4953032,c5,c5
13671,4,0.33210218,0.36472064,0.30317715,c234,c234
13675,4,0.12084234,0.35552242,0.5236352,c5,c5
13681,4,0.50289893,0.3043959,0.19270507,c5,c1
13683,4,0.23428386,0.41077965,0.35493648,c234,c234
13692,4,0.15630557,0.48239627,0.3612981,c234,c234
13695,4,0.16345268,0.38886133,0.44768593,c234,c5
13697,4,0.13286996,0.33904693,0.52808315,c5,c5
13702,4,0.6836911,0.23915005,0.0771588,c1,c1
13703,4,0.21656027,0.40925708,0.3741826,c1,c234
13704,4,0.51926714,0.35285807,0.12787476,c234,c1
13711,4,0.11631175,0.27752277,0.60616547,c5,c5
13717,4,0.41269413,0.4015624,0.18574353,c5,c1
13725,4,0.41730407,0.3049151,0.27778092,c1,c1
13729,4,0.41269413,0.4015624,0.18574353,c5,c1
13734,4,0.6272531,0.26127064,0.1114762,c234,c1
13739,4,0.1598015,0.34725365,0.49294484,c234,c5
13751,4,0.68293834,0.25297776,0.06408393,c1,c1
13753,4,0.038120486,0.19844899,0.76343054,c5,c5
13763,4,0.34831828,0.4219767,0.22970499,c1,c234
13770,4,0.17826968,0.30285853,0.51887184,c234,c5
13784,4,0.689834,0.22029589,0.08987008,c1,c1
13791,4,0.44840857,0.30359367,0.24799773,c5,c1
13793,4,0.34700888,0.486799,0.16619208,c234,c234
13798,4,0.29872173,0.46342525,0.23785304,c1,c234
13804,4,0.12440343,0.27802998,0.5975666,c1,c5
13805,4,0.27004746,0.47559977,0.25435278,c234,c234
13806,4,0.6075059,0.30741832,0.08507571,c1,c1
13816,4,0.41269413,0.4015624,0.18574353,c5,c1
13817,4,0.2390116,0.34912094,0.41186744,c5,c5
13820,4,0.042891115,0.15724148,0.79986733,c5,c5
13828,4,0.06267778,0.22280955,0.71451265,c5,c5
13831,4,0.6914265,0.23234929,0.07622418,c1,c1
13833,4,0.23375514,0.31451353,0.45173135,c5,c5
13834,4,0.19211504,0.4524982,0.35538676,c1,c234
13839,4,0.68293834,0.25297776,0.06408393,c1,c1
13841,4,0.21826851,0.37474787,0.4069836,c1,c5
13850,4,0.22938073,0.27815536,0.49246395,c5,c5
13852,4,0.68293834,0.25297776,0.06408393,c5,c1
13868,4,0.45529157,0.39172006,0.15298836,c5,c1
13879,4,0.41269413,0.4015624,0.18574353,c1,c1
13880,4,0.2255493,0.4556221,0.31882867,c5,c234
13881,4,0.51226056,0.357681,0.13005842,c5,c1
13887,4,0.11952445,0.35336635,0.5271092,c5,c5
13892,4,0.26680228,0.41026595,0.32293174,c234,c234
13895,4,0.49548814,0.34525257,0.1592593,c1,c1
13915,4,0.66268116,0.23953892,0.097779974,c1,c1
13919,4,0.13041194,0.51152545,0.35806262,c234,c234
13926,4,0.17125912,0.3496039,0.47913688,c5,c5
13930,4,0.39621344,0.33147332,0.27231327,c234,c1
13931,4,0.4911145,0.32442614,0.18445937,c1,c1
13934,4,0.11488907,0.25486147,0.6302494,c234,c5
13938,4,0.41269413,0.4015624,0.18574353,c234,c1
13941,4,0.17726775,0.35717392,0.46555835,c234,c5
13957,4,0.27170172,0.4298013,0.29849702,c1,c234
13961,4,0.35274616,0.43412358,0.21313025,c5,c234
13971,4,0.09527813,0.23817341,0.66654843,c5,c5
13976,4,0.16256447,0.30958715,0.52784836,c234,c5
13977,4,0.68293834,0.25297776,0.06408393,c1,c1
13982,4,0.37489578,0.32114276,0.30396143,c1,c1
13993,4,0.07249272,0.3480457,0.5794616,c1,c5
13997,4,0.6066386,0.30519533,0.08816607,c234,c1
14002,4,0.5406996,0.29511937,0.16418098,c1,c1
14003,4,0.41269413,0.4015624,0.18574353,c234,c1
14011,4,0.39069888,0.40626255,0.2030386,c1,c234
14012,4,0.2651928,0.41970983,0.3150973,c5,c234
14014,4,0.15031849,0.3288472,0.5208343,c234,c5
14020,4,0.296924,0.4487932,0.25428277,c234,c234
14024,4,0.093648,0.21404372,0.69230825,c1,c5
14028,4,0.13464355,0.20455642,0.66080004,c5,c5
14029,4,0.43894425,0.41986734,0.14118838,c234,c1
14042,4,0.354808,0.41387683,0.23131523,c1,c234
14043,4,0.06082016,0.21540257,0.7237773,c5,c5
14045,4,0.077694535,0.22404948,0.69825596,c1,c5
14053,4,0.5276762,0.34911343,0.12321035,c1,c1
14054,4,0.45949516,0.32535395,0.21515083,c5,c1
14061,4,0.14118832,0.27673715,0.5820745,c234,c5
14066,4,0.42756456,0.402445,0.16999042,c1,c1
14070,4,0.48281315,0.37267944,0.14450742,c1,c1
14075,4,0.14525509,0.41318756,0.44155732,c1,c5
14096,4,0.43035135,0.3552527,0.21439597,c1,c1
14098,4,0.084066965,0.3851321,0.53080094,c5,c5
14104,4,0.15769696,0.31542236,0.5268806,c234,c5
14113,4,0.5906779,0.30069605,0.108626075,c234,c1
14116,4,0.37857115,0.41783974,0.20358913,c5,c234
14120,4,0.42493966,0.4183516,0.15670869,c5,c1
14127,4,0.043466132,0.22135988,0.73517394,c234,c5
14133,4,0.31199813,0.34520295,0.3427989,c5,c234
14136,4,0.37358356,0.31325486,0.31316167,c5,c1
14137,4,0.09070934,0.29961088,0.60967976,c5,c5
14151,4,0.6493875,0.24950692,0.10110567,c5,c1
14159,4,0.14338256,0.28508067,0.5715368,c1,c5
14167,4,0.18157369,0.45204014,0.3663862,c234,c234
14183,4,0.41269413,0.4015624,0.18574353,c1,c1
14189,4,0.05594327,0.24500212,0.6990546,c5,c5
14190,4,0.51815987,0.36191055,0.1199296,c1,c1
14192,4,0.19400334,0.28402078,0.5219759,c234,c5
14198,4,0.66468525,0.27130845,0.064006306,c1,c1
14204,4,0.20968196,0.26881003,0.52150804,c5,c5
14209,4,0.110316075,0.3156068,0.57407707,c234,c5
14215,4,0.14340435,0.2616205,0.59497523,c5,c5
14217,4,0.19960187,0.35582882,0.4445693,c5,c5
14224,4,0.34421477,0.42063534,0.23514993,c234,c234
14226,4,0.58604515,0.3118167,0.10213817,c234,c1
14227,4,0.2686363,0.42082238,0.31054127,c5,c234
14228,4,0.538079,0.33961082,0.12231016,c1,c1
14235,4,0.3197337,0.40317112,0.2770952,c234,c234
14251,4,0.6157003,0.2760987,0.10820103,c234,c1
14257,4,0.1553688,0.45933792,0.3852933,c234,c234
14258,4,0.68975425,0.22938074,0.080864966,c1,c1
14260,4,0.5957727,0.28366062,0.12056668,c1,c1
14265,4,0.65795356,0.24827202,0.09377443,c1,c1
14270,4,0.11332748,0.2236008,0.66307175,c5,c5
14280,4,0.08743679,0.3457348,0.5668285,c5,c5
14297,4,0.2542958,0.5343831,0.21132107,c1,c234
14305,4,0.15882654,0.53835374,0.30281967,c234,c234
14309,4,0.14732546,0.28929552,0.56337905,c234,c5
14316,4,0.4300392,0.34179157,0.2281692,c1,c1
14327,4,0.4221326,0.41195142,0.165916,c5,c1
14329,4,0.15013333,0.423844,0.42602262,c1,c5
14331,4,0.06347981,0.2953968,0.64112335,c5,c5
14340,4,0.6454676,0.25882617,0.09570625,c1,c1
14343,4,0.47018072,0.41992664,0.10989264,c1,c1
14348,4,0.6914265,0.23234929,0.07622418,c1,c1
14365,4,0.35860765,0.41795182,0.22344056,c5,c234
14366,4,0.18941541,0.3859132,0.42467135,c5,c5
14368,4,0.20115729,0.360225,0.43861768,c5,c5
14369,4,0.11207415,0.36792585,0.5199999,c5,c5
14371,4,0.04816239,0.16537338,0.7864642,c234,c5
14374,4,0.53634965,0.34338886,0.120261565,c234,c1
14376,4,0.6108181,0.29239476,0.096787125,c1,c1
14377,4,0.1473064,0.23251054,0.62018305,c5,c5
14383,4,0.082334794,0.28319776,0.6344675,c5,c5
14386,4,0.46447206,0.30362445,0.23190351,c1,c1
14388,4,0.1299961,0.32748908,0.54251486,c234,c5
14389,4,0.22124714,0.4114311,0.36732182,c5,c234
14394,4,0.07640499,0.24988094,0.6737141,c1,c5
14398,4,0.18715805,0.31490725,0.49793473,c5,c5
14399,4,0.62122524,0.29644784,0.082326874,c1,c1
14400,4,0.42233098,0.27062145,0.30704755,c234,c1
14415,4,0.21017547,0.37458685,0.41523767,c5,c5
14418,4,0.6269594,0.28498304,0.08805759,c1,c1
14425,4,0.117631644,0.2627032,0.6196651,c234,c5
14427,4,0.2972764,0.3841646,0.31855896,c234,c234
14431,4,0.33858496,0.40362865,0.25778633,c1,c234
14432,4,0.68289614,0.2530239,0.06407997,c1,c1
14435,4,0.41696504,0.4095996,0.17343539,c234,c1
14436,4,0.46864223,0.37947175,0.15188606,c1,c1
14447,4,0.3535904,0.40712917,0.23928043,c1,c234
14461,4,0.329972,0.3689426,0.30108538,c5,c234
14470,4,0.09790014,0.21821085,0.68388903,c234,c5
14476,4,0.14772105,0.24237932,0.60989964,c234,c5
14477,4,0.68289614,0.2530239,0.06407997,c234,c1
14480,4,0.49322367,0.31282392,0.19395247,c5,c1
14487,4,0.11684562,0.26823065,0.61492366,c5,c5
14490,4,0.47567865,0.31958464,0.20473674,c234,c1
14491,4,0.5137787,0.34569344,0.14052786,c234,c1
14492,4,0.11660945,0.36787972,0.51551086,c1,c5
14496,4,0.41269413,0.4015624,0.18574353,c234,c1
14497,4,0.5874456,0.25953436,0.15302002,c1,c1
14503,4,0.5376775,0.3447857,0.11753677,c1,c1
14506,4,0.8200169,0.14163049,0.0383527,c5,c1
14510,4,0.19368698,0.31231946,0.4939936,c1,c5
14511,4,0.4636008,0.3334711,0.20292816,c234,c1
14512,4,0.6774342,0.23752616,0.08503961,c1,c1
14516,4,0.04907519,0.19663595,0.75428885,c5,c5
14518,4,0.12960964,0.37668964,0.4937007,c5,c5
14527,4,0.32133877,0.34248638,0.33617485,c5,c234
14531,4,0.14893717,0.29579946,0.55526334,c1,c5
14539,4,0.16050747,0.41826034,0.42123216,c234,c5
14541,4,0.4636008,0.3334711,0.20292816,c234,c1
14551,4,0.14532782,0.26280105,0.5918711,c234,c5
14552,4,0.2146416,0.46381113,0.3215472,c5,c234
14560,4,0.16424163,0.42022562,0.4155327,c1,c234
14563,4,0.6836755,0.25179434,0.064530104,c5,c1
14567,4,0.16872448,0.43338495,0.39789063,c1,c234
14569,4,0.16829865,0.32728788,0.5044135,c234,c5
14574,4,0.53747696,0.25782132,0.20470172,c234,c1
14580,4,0.050713416,0.13241054,0.81687605,c5,c5
14586,4,0.27424517,0.3396204,0.38613442,c5,c5
14595,4,0.20557547,0.38906747,0.4053571,c5,c5
14596,4,0.09301879,0.24015582,0.66682535,c5,c5
14602,4,0.035185855,0.14579682,0.81901723,c5,c5
14611,4,0.38120022,0.3036597,0.31514004,c234,c1
14615,4,0.26489383,0.36499572,0.3701105,c1,c5
14621,4,0.09578792,0.33465934,0.5695527,c234,c5
14622,4,0.15695955,0.3691536,0.47388688,c234,c5
14623,4,0.25598732,0.42848882,0.3155239,c234,c234
14624,4,0.2337181,0.5087454,0.2575365,c1,c234
14626,4,0.057299815,0.26148158,0.6812186,c5,c5
14635,4,0.58833486,0.30325836,0.108406715,c234,c1
14637,4,0.57835287,0.27139962,0.15024748,c234,c1
14638,4,0.09940131,0.3341425,0.56645614,c1,c5
14644,4,0.5377778,0.37296277,0.08925942,c1,c1
14649,4,0.71632653,0.2091256,0.07454782,c1,c1
14655,4,0.2816242,0.43205464,0.28632116,c1,c234
14656,4,0.553072,0.347331,0.09959706,c1,c1
14661,4,0.092582874,0.30752108,0.59989613,c5,c5
14664,4,0.62580645,0.29028195,0.08391159,c234,c1
14667,4,0.34549618,0.43682805,0.21767573,c1,c234
14670,4,0.17265838,0.31363776,0.5137038,c5,c5
14672,4,0.1835838,0.45973027,0.35668597,c234,c234
14673,4,0.27788752,0.3051066,0.41700584,c1,c5
14676,4,0.8197007,0.13499373,0.04530564,c1,c1
14680,4,0.07532866,0.33677644,0.5878949,c234,c5
14682,4,0.08138882,0.28124556,0.6373656,c234,c5
14683,4,0.69479966,0.23786815,0.067332245,c1,c1
14685,4,0.6914265,0.23234929,0.07622418,c1,c1
14690,4,0.27788752,0.3051066,0.41700584,c5,c5
14692,4,0.22338346,0.33914623,0.43747038,c5,c5
14696,4,0.45059282,0.34823367,0.20117348,c234,c1
14698,4,0.22499849,0.47192323,0.30307826,c1,c234
14707,4,0.5991579,0.30090803,0.099933974,c1,c1
14708,4,0.13087392,0.43100896,0.43811715,c5,c5
14717,4,0.54370266,0.3486068,0.10769056,c5,c1
14723,4,0.12081893,0.2856498,0.59353125,c234,c5
14724,4,0.083451435,0.21233796,0.7042106,c5,c5
14725,4,0.5189185,0.38694784,0.09413366,c234,c1
14726,4,0.5077911,0.3540628,0.13814616,c5,c1
14727,4,0.64053744,0.27548334,0.08397921,c1,c1
14741,4,0.5324199,0.34447023,0.123109855,c5,c1
14743,4,0.42233098,0.27062145,0.30704755,c234,c1
14744,4,0.08545571,0.22206149,0.69248277,c5,c5
14747,4,0.19513066,0.32073575,0.48413354,c5,c5
14749,4,0.24095736,0.37820098,0.38084164,c5,c5
14754,4,0.42233098,0.27062145,0.30704755,c1,c1
14755,4,0.4234812,0.43532684,0.14119197,c1,c234
14758,4,0.50569224,0.32031146,0.17399625,c234,c1
14764,4,0.41269413,0.4015624,0.18574353,c1,c1
14765,4,0.62952316,0.26675218,0.10372467,c1,c1
14769,4,0.25668016,0.3268394,0.41648048,c1,c5
14786,4,0.6836755,0.25179434,0.064530104,c234,c1
14788,4,0.17716686,0.33018416,0.49264902,c234,c5
14794,4,0.2912088,0.52080995,0.18798125,c1,c234
14797,4,0.21689838,0.3488949,0.43420672,c1,c5
14798,4,0.16493171,0.35910246,0.4759658,c1,c5
14810,4,0.38337597,0.4242031,0.19242087,c234,c234
14811,4,0.32292038,0.27665552,0.40042406,c5,c5
14815,4,0.48324037,0.3210833,0.19567624,c1,c1
14816,4,0.30921897,0.47867933,0.21210174,c1,c234
14817,4,0.09762591,0.35036483,0.5520093,c1,c5
14818,4,0.09354002,0.2596949,0.64676505,c5,c5
14822,4,0.19598295,0.35998413,0.44403294,c5,c5
14825,4,0.5160281,0.37882686,0.10514506,c1,c1
14830,4,0.40560785,0.3342962,0.260096,c234,c1
14836,4,0.037289295,0.19672213,0.7659885,c5,c5
14838,4,0.07513036,0.20259292,0.72227675,c1,c5
14841,4,0.19779404,0.51870614,0.2834998,c234,c234
14846,4,0.5605909,0.2919512,0.14745784,c234,c1
14852,4,0.44648123,0.38942787,0.16409095,c234,c1
14854,4,0.121529184,0.22882716,0.64964366,c5,c5
14860,4,0.039854903,0.18046926,0.77967584,c1,c5
14863,4,0.23198658,0.4529895,0.31502396,c5,c234
14868,4,0.2935803,0.36979747,0.33662227,c1,c234
14872,4,0.0983279,0.26236933,0.6393028,c1,c5
14875,4,0.51566523,0.3184687,0.16586605,c1,c1
14878,4,0.078444876,0.23322317,0.68833196,c1,c5
14879,4,0.28001028,0.38422662,0.33576313,c5,c234
14886,4,0.42233098,0.27062145,0.30704755,c1,c1
14898,4,0.7242342,0.16278642,0.11297931,c234,c1
14901,4,0.28843758,0.3091463,0.40241605,c5,c5
14902,4,0.14008388,0.38924694,0.47066915,c5,c5
14904,4,0.21017547,0.37458685,0.41523767,c5,c5
14905,4,0.2718273,0.30746657,0.4207061,c5,c5
14907,4,0.6075059,0.30741832,0.08507571,c1,c1
14908,4,0.060273983,0.2025646,0.7371614,c5,c5
14913,4,0.27788752,0.3051066,0.41700584,c234,c5
14919,4,0.20676255,0.36146483,0.43177262,c1,c5
14922,4,0.41269413,0.4015624,0.18574353,c234,c1
14926,4,0.50228053,0.35769525,0.14002417,c5,c1
14931,4,0.60021156,0.29805258,0.10173585,c5,c1
14935,4,0.29363418,0.3392108,0.36715508,c5,c5
14940,4,0.064855896,0.22758844,0.7075556,c234,c5
14942,4,0.53634965,0.34338886,0.120261565,c1,c1
14946,4,0.39332283,0.39457315,0.21210407,c234,c234
14948,4,0.21297222,0.3163704,0.4706574,c1,c5
14952,4,0.4223947,0.29071516,0.28689012,c1,c1
14953,4,0.70953286,0.22511165,0.06535548,c1,c1
14955,4,0.41828012,0.35190487,0.22981496,c1,c1
14958,4,0.35860866,0.40504447,0.23634689,c1,c234
14960,4,0.14578113,0.37481862,0.4794003,c234,c5
14971,4,0.41269413,0.4015624,0.18574353,c1,c1
14985,4,0.076208405,0.22470099,0.6990906,c5,c5
14986,4,0.6837018,0.25176558,0.064532585,c1,c1
14987,4,0.27843428,0.36076084,0.3608049,c1,c5
14994,4,0.37207884,0.29277977,0.3351414,c234,c1
14998,4,0.5711871,0.30949414,0.11931879,c5,c1
15011,4,0.43260264,0.28153428,0.2858631,c5,c1
15015,4,0.29852226,0.33050463,0.37097314,c234,c5
15021,4,0.62753975,0.28556037,0.08689984,c5,c1
15023,4,0.16740817,0.34865314,0.48393875,c234,c5
15025,4,0.048696037,0.14675243,0.8045516,c234,c5
15026,4,0.11962237,0.4247198,0.45565784,c5,c5
15028,4,0.6755848,0.256337,0.06807818,c1,c1
15030,4,0.048968796,0.2964755,0.65455574,c5,c5
15031,4,0.6914265,0.23234929,0.07622418,c5,c1
15035,4,0.1293165,0.2316741,0.63900936,c5,c5
15036,4,0.42233098,0.27062145,0.30704755,c1,c1
15038,4,0.37835386,0.41175342,0.20989273,c5,c234
15042,4,0.15418154,0.3543929,0.4914255,c1,c5
15043,4,0.34465495,0.35626894,0.2990761,c5,c234
15048,4,0.50301284,0.37067208,0.12631512,c234,c1
15049,4,0.19103378,0.3862759,0.42269027,c234,c5
15051,4,0.31514308,0.37511063,0.30974635,c5,c234
15055,4,0.63686067,0.26359594,0.099543415,c234,c1
15057,4,0.31302112,0.3806298,0.30634907,c5,c234
15059,4,0.52284926,0.26907405,0.20807664,c234,c1
15060,4,0.74563044,0.19207904,0.062290456,c1,c1
15066,4,0.47971416,0.32278562,0.19750014,c1,c1
15070,4,0.10480742,0.3548187,0.54037386,c5,c5
15073,4,0.4178891,0.33150947,0.25060138,c1,c1
15078,4,0.6087247,0.27850744,0.11276783,c234,c1
15080,4,0.102169156,0.38501796,0.5128129,c234,c5
15087,4,0.36719045,0.42918435,0.2036252,c5,c234
15088,4,0.19525978,0.5037523,0.3009879,c5,c234
15092,4,0.14352132,0.34140205,0.51507664,c5,c5
15096,4,0.20451653,0.44344535,0.35203817,c1,c234
15120,4,0.078578524,0.19209184,0.72932965,c5,c5
15128,4,0.22613676,0.41108343,0.36277986,c234,c234
15141,4,0.21064179,0.43400645,0.35535178,c1,c234
15143,4,0.22735311,0.34025747,0.4323894,c234,c5
15160,4,0.12316238,0.5038079,0.3730297,c234,c234
15164,4,0.18133867,0.29201546,0.5266459,c5,c5
15170,4,0.39184624,0.396562,0.21159172,c234,c234
15172,4,0.20658603,0.4490275,0.34438643,c234,c234
15173,4,0.092492186,0.25791678,0.649591,c5,c5
15181,4,0.17914729,0.2618537,0.55899906,c1,c5
15183,4,0.55645615,0.25896573,0.1845781,c5,c1
15186,4,0.26607195,0.3473623,0.38656574,c1,c5
15193,4,0.105525404,0.3717528,0.52272177,c234,c5
15194,4,0.58604515,0.3118167,0.10213817,c234,c1
15200,4,0.1317017,0.31516552,0.5531328,c5,c5
15201,4,0.15568599,0.31311533,0.5311986,c234,c5
15205,4,0.1808975,0.44391614,0.37518635,c5,c234
15209,4,0.341735,0.383023,0.275242,c5,c234
15216,4,0.42233098,0.27062145,0.30704755,c5,c1
15217,4,0.68289614,0.2530239,0.06407997,c234,c1
15218,4,0.38024515,0.39049983,0.22925496,c5,c234
15225,4,0.28723153,0.33033928,0.38242918,c1,c5
15235,4,0.117381416,0.27415544,0.60846317,c234,c5
15238,4,0.64053744,0.27548334,0.08397921,c1,c1
15251,4,0.13090031,0.4658983,0.40320137,c5,c234
15253,4,0.5555042,0.346778,0.09771775,c234,c1
15271,4,0.15486462,0.39449635,0.450639,c234,c5
15273,4,0.46148366,0.38211665,0.15639979,c234,c1
15275,4,0.12997614,0.4970345,0.37298945,c5,c234
15278,4,0.15122163,0.29832694,0.55045146,c5,c5
15279,4,0.27788752,0.3051066,0.41700584,c234,c5
15280,4,0.13356091,0.26169118,0.60474783,c234,c5
15296,4,0.1960573,0.444744,0.35919872,c1,c234
15297,4,0.6312239,0.3068838,0.061892252,c234,c1
15307,4,0.111033656,0.3659367,0.5230296,c234,c5
15321,4,0.079941556,0.27824116,0.6418173,c1,c5
15332,4,0.14009067,0.31443003,0.5454793,c234,c5
15342,4,0.49552542,0.39439273,0.11008185,c1,c1
15343,4,0.3293396,0.376692,0.29396847,c5,c234
15356,4,0.59545314,0.30056617,0.10398072,c1,c1
15363,4,0.3326469,0.48529997,0.1820531,c1,c234
15366,4,0.03504756,0.19783215,0.76712024,c5,c5
15367,4,0.299112,0.45534033,0.24554773,c234,c234
15382,4,0.42233098,0.27062145,0.30704755,c1,c1
15384,4,0.51461667,0.27917814,0.20620516,c1,c1
15385,4,0.39012533,0.41946405,0.19041061,c1,c234
15388,4,0.59893095,0.32603085,0.07503824,c1,c1
15389,4,0.11262085,0.23261127,0.6547679,c5,c5
15391,4,0.19088666,0.47014773,0.3389656,c5,c234
15398,4,0.16565512,0.28772393,0.54662097,c5,c5
15409,4,0.05190045,0.11291906,0.8351804,c5,c5
15412,4,0.22498675,0.29050657,0.48450673,c5,c5
15414,4,0.13529764,0.28639016,0.5783122,c5,c5
15429,4,0.16083126,0.2918862,0.54728246,c234,c5
15430,4,0.17147246,0.4145672,0.41396037,c5,c234
15434,4,0.45644757,0.36654213,0.17701036,c234,c1
15435,4,0.0791416,0.29896912,0.6218893,c5,c5
15436,4,0.1615148,0.23691808,0.6015671,c5,c5
15438,4,0.50677085,0.2648096,0.22841951,c1,c1
15440,4,0.47963554,0.3734038,0.1469607,c5,c1
15445,4,0.33415613,0.38661188,0.27923197,c5,c234
15452,4,0.32773015,0.46466267,0.20760718,c5,c234
15453,4,0.17905489,0.47999528,0.34094983,c234,c234
15459,4,0.10111954,0.24654356,0.65233696,c1,c5
15476,4,0.09632758,0.2963479,0.60732454,c5,c5
15478,4,0.15264378,0.38874418,0.45861205,c1,c5
15480,4,0.32109195,0.4454928,0.2334152,c234,c234
15483,4,0.11125175,0.421503,0.46724525,c234,c5
15484,4,0.05534639,0.3167904,0.6278632,c234,c5
15485,4,0.22745024,0.5513156,0.22123413,c1,c234
15489,4,0.15640914,0.34238046,0.50121045,c1,c5
15499,4,0.48717836,0.3350369,0.17778477,c5,c1
15503,4,0.21573643,0.3907436,0.39351994,c1,c5
15519,4,0.2156292,0.3707591,0.41361168,c234,c5
15521,4,0.11211456,0.25364292,0.6342425,c5,c5
15523,4,0.37865365,0.31292015,0.30842626,c234,c1
15525,4,0.20244078,0.48243958,0.31511962,c5,c234
15530,4,0.10506003,0.32782218,0.5671178,c234,c5
15531,4,0.41147095,0.36601454,0.2225145,c1,c1
15537,4,0.42233098,0.27062145,0.30704755,c1,c1
15539,4,0.04423329,0.18462203,0.77114475,c234,c5
15551,4,0.27578613,0.43570358,0.2885103,c234,c234
15554,4,0.04885903,0.15252155,0.7986194,c5,c5
15556,4,0.23429438,0.43463138,0.3310742,c5,c234
15557,4,0.58323574,0.3150164,0.10174785,c1,c1
15565,4,0.07548586,0.21942775,0.70508647,c5,c5
15574,4,0.50285226,0.34733903,0.14980868,c1,c1
15576,4,0.48700145,0.36613014,0.14686835,c234,c1
15577,4,0.43208233,0.3518169,0.21610084,c234,c1
15578,4,0.080123134,0.20783627,0.7120406,c5,c5
15580,4,0.24130212,0.40573612,0.35296178,c1,c234
15582,4,0.5144622,0.35810181,0.127436,c234,c1
15583,4,0.13659194,0.29642025,0.56698775,c234,c5
15587,4,0.18485534,0.47877645,0.33636823,c1,c234
15588,4,0.06643904,0.2895155,0.6440454,c5,c5
15590,4,0.26097733,0.4503233,0.2886993,c1,c234
15594,4,0.18849862,0.4204547,0.39104673,c234,c234
15605,4,0.43154806,0.352671,0.21578091,c1,c1
15610,4,0.10922187,0.3298394,0.5609388,c234,c5
15616,4,0.541194,0.3088151,0.14999093,c1,c1
15619,4,0.2703681,0.42023933,0.3093926,c234,c234
15620,4,0.11168318,0.22619392,0.6621229,c5,c5
15621,4,0.10363847,0.24866128,0.6477003,c5,c5
15622,4,0.21924527,0.41524258,0.36551213,c1,c234
15629,4,0.4927417,0.35236165,0.15489672,c234,c1
15631,4,0.18636227,0.4431478,0.37048993,c234,c234
15634,4,0.20362242,0.43721607,0.35916156,c234,c234
15643,4,0.06920492,0.26580822,0.66498685,c5,c5
15645,4,0.11929363,0.453519,0.42718735,c5,c234
15646,4,0.41269413,0.4015624,0.18574353,c5,c1
15647,4,0.6557175,0.25797656,0.0863059,c1,c1
15652,4,0.25879848,0.3604923,0.38070926,c5,c5
15653,4,0.15901801,0.33438852,0.50659347,c1,c5
15657,4,0.36582422,0.3166718,0.317504,c234,c1
15662,4,0.4402251,0.39471158,0.16506332,c234,c1
15667,4,0.32712168,0.30303708,0.36984128,c234,c5
15674,4,0.31029227,0.47954434,0.21016338,c234,c234
15680,4,0.3841221,0.39774516,0.21813267,c1,c234
15707,4,0.15658246,0.38811344,0.45530415,c234,c5
15714,4,0.08558747,0.31184542,0.60256714,c5,c5
15715,4,0.1391219,0.38422173,0.47665644,c234,c5
15721,4,0.22045378,0.31884548,0.46070072,c5,c5
15722,4,0.12994035,0.29252142,0.57753825,c5,c5
15731,4,0.035592,0.1906783,0.7737296,c1,c5
15735,4,0.27930272,0.4196927,0.30100456,c1,c234
15736,4,0.62567604,0.3008997,0.07342427,c234,c1
15738,4,0.11436404,0.23040211,0.6552338,c5,c5
15739,4,0.28741825,0.47928286,0.23329885,c1,c234
15748,4,0.366535,0.46464634,0.16881871,c1,c234
15749,4,0.22157976,0.29420915,0.48421106,c5,c5
15750,4,0.038577326,0.1720652,0.7893575,c5,c5
15753,4,0.08579366,0.22742002,0.6867863,c234,c5
15754,4,0.07883143,0.23011996,0.6910486,c234,c5
15756,4,0.35868242,0.27891624,0.36240137,c5,c5
15758,4,0.056125626,0.17960474,0.7642696,c5,c5
15762,4,0.4280428,0.2699632,0.30199406,c5,c1
15768,4,0.42116594,0.3972943,0.18153967,c1,c1
15771,4,0.5149865,0.36576012,0.11925334,c1,c1
15774,4,0.6795315,0.24678907,0.073679455,c1,c1
15775,4,0.11061736,0.2326171,0.6567655,c234,c5
15779,4,0.5849939,0.27874544,0.13626073,c234,c1
15780,4,0.2986578,0.3692211,0.3321211,c234,c234
15781,4,0.6267322,0.29543358,0.077834256,c1,c1
15792,4,0.34105095,0.38432086,0.27462822,c234,c234
15796,4,0.17262734,0.3890217,0.43835098,c234,c5
15804,4,0.5929295,0.30966106,0.09740944,c5,c1
15806,4,0.68289614,0.2530239,0.06407997,c1,c1
15813,4,0.46331403,0.33585426,0.20083177,c1,c1
15817,4,0.12269251,0.35389757,0.5234099,c1,c5
15818,4,0.15271921,0.26099,0.5862908,c5,c5
15820,4,0.11968066,0.27460465,0.60571474,c234,c5
15824,4,0.13154335,0.2463899,0.62206674,c1,c5
15833,4,0.223192,0.5356713,0.2411367,c234,c234
15835,4,0.14867446,0.4884379,0.36288762,c5,c234
15837,4,0.43508837,0.33253673,0.23237486,c234,c1
15838,4,0.41106606,0.40032017,0.18861374,c5,c1
15848,4,0.19365598,0.47708496,0.3292591,c5,c234
15851,4,0.3027302,0.38324782,0.314022,c1,c234
15863,4,0.3222294,0.3143198,0.36345083,c1,c5
15866,4,0.1689042,0.29901648,0.5320794,c234,c5
15869,4,0.3136772,0.310373,0.37594986,c234,c5
15875,4,0.42233098,0.27062145,0.30704755,c234,c1
15882,4,0.11803366,0.28662562,0.5953407,c234,c5
15893,4,0.42233098,0.27062145,0.30704755,c1,c1
15907,4,0.43452626,0.40030438,0.16516933,c5,c1
15913,4,0.51711476,0.3432973,0.13958791,c234,c1
15917,4,0.26247263,0.40424922,0.33327815,c5,c234
15919,4,0.17001742,0.3146628,0.51531976,c234,c5
15922,4,0.5409872,0.2514596,0.20755324,c1,c1
15923,4,0.13664466,0.37701178,0.48634347,c1,c5
15932,4,0.42233098,0.27062145,0.30704755,c234,c1
15947,4,0.13281365,0.25694814,0.6102382,c234,c5
15953,4,0.42473525,0.33572677,0.23953801,c234,c1
15966,4,0.20876782,0.33121592,0.4600162,c5,c5
15973,4,0.5021179,0.2810787,0.21680345,c1,c1
15976,4,0.10947869,0.3326391,0.55788225,c5,c5
15980,4,0.41269413,0.4015624,0.18574353,c1,c1
15982,4,0.28437492,0.30608296,0.40954208,c234,c5
15983,4,0.22090027,0.33914313,0.4399566,c5,c5
15989,4,0.4331372,0.34922713,0.21763562,c234,c1
15991,4,0.0668653,0.32244173,0.610693,c234,c5
15993,4,0.17210388,0.25944096,0.56845516,c5,c5
15995,4,0.43120205,0.37642264,0.19237526,c1,c1
16007,4,0.056459673,0.24829209,0.6952482,c5,c5
16009,4,0.41269413,0.4015624,0.18574353,c1,c1
16011,4,0.44562754,0.39384142,0.16053107,c1,c1
16015,4,0.42233098,0.27062145,0.30704755,c234,c1
16018,4,0.36506024,0.4134655,0.22147427,c1,c234
16019,4,0.054784548,0.22497872,0.7202368,c234,c5
16021,4,0.34808406,0.4553192,0.19659682,c1,c234
16026,4,0.4685614,0.4175619,0.11387671,c234,c1
16042,4,0.1579116,0.26079357,0.58129483,c1,c5
16047,4,0.5140192,0.35306433,0.13291655,c1,c1
16070,4,0.31526747,0.44729298,0.23743957,c5,c234
16073,4,0.35319147,0.35487694,0.29193163,c234,c234
16075,4,0.41269413,0.4015624,0.18574353,c1,c1
16083,4,0.19364016,0.4649724,0.34138748,c1,c234
16087,4,0.57522464,0.3346461,0.09012928,c234,c1
16090,4,0.41269413,0.4015624,0.18574353,c234,c1
16095,4,0.17099859,0.31911665,0.5098847,c234,c5
16097,4,0.25031525,0.25466093,0.4950238,c5,c5
16106,4,0.47343802,0.36844397,0.15811795,c1,c1
16109,4,0.13903283,0.22371145,0.6372557,c5,c5
16111,4,0.15523787,0.29520166,0.5495604,c234,c5
16112,4,0.1674102,0.26873174,0.56385803,c234,c5
16115,4,0.16144782,0.420095,0.4184572,c5,c234
16120,4,0.48165515,0.3962955,0.12204938,c1,c1
16129,4,0.12041524,0.37063348,0.5089513,c5,c5
16134,4,0.33279377,0.44131085,0.22589535,c1,c234
16136,4,0.5917197,0.26234978,0.14593053,c5,c1
16137,4,0.44586512,0.373901,0.18023378,c1,c1
16143,4,0.42233098,0.27062145,0.30704755,c5,c1
16144,4,0.58905685,0.33888683,0.07205635,c234,c1
16150,4,0.38456494,0.30803683,0.30739826,c234,c1
16174,4,0.113906965,0.25878555,0.6273075,c5,c5
16178,4,0.4067102,0.4008449,0.1924449,c234,c1
16183,4,0.4437159,0.40867046,0.14761367,c234,c1
16187,4,0.44916984,0.32574406,0.22508614,c5,c1
16197,4,0.20201881,0.46810508,0.32987612,c5,c234
16201,4,0.2355189,0.40793487,0.35654628,c234,c234
16205,4,0.54933006,0.3465427,0.10412723,c1,c1
16209,4,0.33463407,0.3709208,0.29444513,c234,c234
16213,4,0.053848766,0.17317997,0.77297133,c5,c5
16217,4,0.4280428,0.2699632,0.30199406,c5,c1
16229,4,0.13034639,0.35336792,0.51628566,c234,c5
16231,4,0.6343442,0.2744481,0.091207646,c1,c1
16232,4,0.2686363,0.42082238,0.31054127,c5,c234
16235,4,0.18776904,0.35268804,0.4595429,c5,c5
16237,4,0.058600202,0.2351309,0.70626885,c5,c5
16242,4,0.49354786,0.37920243,0.12724967,c234,c1
16250,4,0.28182736,0.47107983,0.24709277,c234,c234
16252,4,0.26654398,0.34407145,0.38938463,c5,c5
16256,4,0.08554203,0.25010574,0.66435224,c234,c5
16259,4,0.3121087,0.46975476,0.21813647,c234,c234
16260,4,0.26439556,0.43674016,0.2988643,c234,c234
16263,4,0.11143524,0.23847172,0.6500931,c5,c5
16268,4,0.41269413,0.4015624,0.18574353,c1,c1
16272,4,0.49082658,0.2998166,0.20935681,c1,c1
16282,4,0.28847393,0.36941445,0.34211162,c234,c234
16285,4,0.06610886,0.12299606,0.8108951,c5,c5
16286,4,0.41544288,0.3962249,0.18833221,c5,c1
16291,4,0.4596047,0.36220402,0.17819118,c1,c1
16293,4,0.055944826,0.25042146,0.69363374,c5,c5
16296,4,0.06453355,0.17198543,0.7634811,c5,c5
16298,4,0.279122,0.41216323,0.30871484,c234,c234
16304,4,0.21759698,0.48595276,0.2964502,c234,c234
16305,4,0.6741352,0.2591815,0.06668327,c234,c1
16306,4,0.13475178,0.35545725,0.50979096,c5,c5
16308,4,0.13286108,0.27834657,0.5887923,c5,c5
16310,4,0.08212502,0.32568425,0.59219074,c5,c5
16317,4,0.28996232,0.3141897,0.39584795,c5,c5
16320,4,0.6065238,0.27664015,0.11683601,c234,c1
16331,4,0.6156256,0.29849768,0.08587669,c5,c1
16333,4,0.107528195,0.31061187,0.5818599,c234,c5
16337,4,0.059118412,0.27998,0.66090155,c5,c5
16340,4,0.28751162,0.3946885,0.31779993,c234,c234
16345,4,0.13290794,0.2883551,0.57873696,c5,c5
16349,4,0.25330088,0.41951305,0.32718605,c234,c234
16350,4,0.6078434,0.24457376,0.14758289,c1,c1
16353,4,0.42233098,0.27062145,0.30704755,c1,c1
16355,4,0.49943534,0.292369,0.20819563,c234,c1
16356,4,0.11361863,0.18320955,0.70317185,c234,c5
16361,4,0.6075059,0.30741832,0.08507571,c1,c1
16362,4,0.55346733,0.34588626,0.100646354,c1,c1
16366,4,0.5878059,0.29656124,0.11563287,c234,c1
16381,4,0.047024984,0.20506667,0.7479084,c5,c5
16382,4,0.6837018,0.25176558,0.064532585,c1,c1
16384,4,0.28074083,0.33520395,0.38405526,c5,c5
16420,4,0.5135975,0.31678778,0.16961475,c1,c1
16427,4,0.14969382,0.44537827,0.4049279,c234,c234
16428,4,0.42348415,0.33598644,0.24052939,c234,c1
16430,4,0.6347145,0.26539704,0.09988846,c234,c1
16432,4,0.51985556,0.36128223,0.11886223,c1,c1
16436,4,0.23692149,0.557965,0.20511356,c5,c234
16437,4,0.1674102,0.26873174,0.56385803,c1,c5
16438,4,0.33563772,0.47998723,0.18437514,c234,c234
16440,4,0.23913747,0.4486257,0.31223688,c1,c234
16443,4,0.18130778,0.36786485,0.45082748,c234,c5
16452,4,0.35814208,0.40706855,0.23478931,c234,c234
16453,4,0.50452006,0.34220982,0.15327005,c1,c1
16456,4,0.033454563,0.19237678,0.7741687,c234,c5
16461,4,0.52039826,0.260271,0.21933074,c5,c1
16465,4,0.23468304,0.3499009,0.41541615,c5,c5
16468,4,0.14326005,0.29564184,0.56109816,c234,c5
16473,4,0.1739231,0.5054797,0.32059723,c234,c234
16474,4,0.42233098,0.27062145,0.30704755,c1,c1
16476,4,0.6914265,0.23234929,0.07622418,c1,c1
16486,4,0.10064505,0.25889543,0.64045954,c5,c5
16493,4,0.58669734,0.29549652,0.11780614,c234,c1
16496,4,0.15320446,0.41533598,0.43145955,c5,c5
16500,4,0.23593639,0.38049287,0.38357076,c5,c5
16504,4,0.6114401,0.31829703,0.07026282,c1,c1
16507,4,0.14571014,0.4114573,0.4428325,c234,c5
16509,4,0.09851692,0.22791341,0.67356974,c234,c5
16522,4,0.27918804,0.39865112,0.3221609,c5,c234
16523,4,0.23456575,0.42640612,0.33902815,c1,c234
16530,4,0.38895798,0.30486834,0.30617368,c1,c1
16547,4,0.6688267,0.2616367,0.06953659,c1,c1
16556,4,0.5376895,0.34256986,0.11974066,c234,c1
16562,4,0.5453648,0.32280254,0.13183261,c1,c1
16568,4,0.14753085,0.32326138,0.52920777,c1,c5
16569,4,0.5900952,0.2979412,0.11196367,c5,c1
16579,4,0.4051135,0.39380148,0.20108502,c1,c1
16581,4,0.072007194,0.18422645,0.7437663,c5,c5
16583,4,0.6199147,0.27490714,0.1051782,c1,c1
16587,4,0.17815462,0.3583916,0.46345368,c234,c5
16589,4,0.13163465,0.4065536,0.4618117,c5,c5
16592,4,0.10544416,0.27971396,0.6148419,c5,c5
16595,4,0.1464688,0.30318755,0.5503437,c1,c5
16598,4,0.07505451,0.27403575,0.6509097,c234,c5
16601,4,0.41269413,0.4015624,0.18574353,c5,c1
16602,4,0.14441435,0.27824706,0.5773386,c1,c5
16603,4,0.15413782,0.327467,0.5183951,c234,c5
16604,4,0.2212176,0.31862503,0.46015742,c5,c5
16605,4,0.70158106,0.2392333,0.059185714,c1,c1
16608,4,0.107912354,0.21006058,0.68202704,c1,c5
16610,4,0.46564573,0.380049,0.15430528,c5,c1
16614,4,0.7032084,0.24567696,0.051114652,c5,c1
16616,4,0.24838643,0.4300648,0.32154873,c5,c234
16625,4,0.21388386,0.40538508,0.38073105,c1,c234
16636,4,0.6117079,0.29580262,0.092489466,c234,c1
16655,4,0.15486719,0.27197465,0.57315814,c234,c5
16665,4,0.5551542,0.34516627,0.099679574,c5,c1
16677,4,0.33670005,0.31310713,0.35019282,c1,c5
16681,4,0.24629264,0.5078953,0.24581207,c1,c234
16682,4,0.42564434,0.33825725,0.23609841,c5,c1
16687,4,0.13246886,0.2706496,0.59688157,c1,c5
16710,4,0.5304024,0.36910722,0.100490354,c234,c1
16714,4,0.68289614,0.2530239,0.06407997,c1,c1
16716,4,0.2551286,0.42091843,0.32395294,c234,c234
16725,4,0.46704748,0.41016033,0.12279219,c234,c1
16726,4,0.3145863,0.4722086,0.21320514,c5,c234
16729,4,0.06722547,0.20294003,0.7298345,c234,c5
16730,4,0.17526324,0.42977494,0.3949618,c5,c234
16731,4,0.43326658,0.44159633,0.12513709,c5,c234
16734,4,0.26588598,0.37281424,0.36129984,c1,c234
16741,4,0.13594235,0.27642727,0.5876304,c234,c5
16751,4,0.05504906,0.21270569,0.7322452,c234,c5
16754,4,0.19302548,0.29104176,0.5159328,c234,c5
16767,4,0.19054651,0.411544,0.3979095,c5,c234
16770,4,0.5891743,0.26888886,0.14193685,c234,c1
16771,4,0.12742785,0.32975698,0.5428152,c5,c5
16773,4,0.4103085,0.37172502,0.21796641,c1,c1
16777,4,0.31804797,0.45400044,0.22795162,c5,c234
16785,4,0.061907973,0.124205574,0.81388646,c5,c5
16795,4,0.8154591,0.13822031,0.04632062,c1,c1
16796,4,0.08864699,0.25023034,0.66112274,c5,c5
16801,4,0.7091413,0.22098619,0.0698725,c1,c1
16805,4,0.61990875,0.29725403,0.08283718,c234,c1
16807,4,0.16726038,0.24823049,0.5845092,c5,c5
16808,4,0.68289614,0.2530239,0.06407997,c1,c1
16811,4,0.46562672,0.34615114,0.1882221,c1,c1
16815,4,0.17358205,0.47012016,0.3562977,c234,c234
16816,4,0.10625735,0.33399552,0.5597471,c5,c5
16821,4,0.54084396,0.25231534,0.20684074,c1,c1
16828,4,0.27311185,0.32482857,0.40205953,c1,c5
16831,4,0.16342868,0.33268368,0.5038876,c5,c5
16833,4,0.28260592,0.45450643,0.26288766,c1,c234
16834,4,0.40030056,0.30332682,0.29637262,c5,c1
16844,4,0.2748605,0.3213445,0.40379497,c5,c5
16849,4,0.2134794,0.31887063,0.46764994,c1,c5
16854,4,0.38312274,0.37294796,0.24392928,c1,c1
16858,4,0.65544605,0.2409486,0.1036054,c1,c1
16859,4,0.18187845,0.3853188,0.4328027,c5,c5
16866,4,0.5683182,0.30530554,0.12637623,c1,c1
16874,4,0.17283021,0.45679444,0.3703753,c234,c234
16876,4,0.3081721,0.40761435,0.2842135,c5,c234
16883,4,0.13570914,0.3094302,0.5548606,c5,c5
16890,4,0.21337645,0.4312428,0.35538077,c1,c234
16892,4,0.03810362,0.2025206,0.7593758,c1,c5
16900,4,0.13471174,0.44019565,0.42509267,c5,c234
16913,4,0.08410624,0.27563912,0.6402546,c1,c5
16917,4,0.2450688,0.3665023,0.38842896,c5,c5
16918,4,0.41269413,0.4015624,0.18574353,c234,c1
16919,4,0.13336585,0.32294938,0.5436848,c234,c5
16920,4,0.09358212,0.1742804,0.73213744,c234,c5
16924,4,0.19332762,0.29744622,0.5092261,c5,c5
16925,4,0.10343204,0.2638974,0.6326706,c234,c5
16927,4,0.5844638,0.32265335,0.09288288,c234,c1
16928,4,0.50365436,0.26971844,0.22662716,c1,c1
16933,4,0.15670301,0.43415225,0.4091448,c1,c234
16952,4,0.13278404,0.25532383,0.61189216,c234,c5
16961,4,0.5856173,0.3072642,0.107118525,c1,c1
16969,4,0.10304219,0.3010885,0.59586936,c5,c5
16977,4,0.2744444,0.44726533,0.27829024,c234,c234
16993,4,0.6625151,0.24115099,0.096333936,c234,c1
16998,4,0.3469862,0.36383823,0.28917557,c234,c234
17002,4,0.23599155,0.3137084,0.45030004,c5,c5
17003,4,0.44597253,0.365283,0.18874447,c1,c1
17008,4,0.21573673,0.39332834,0.39093497,c5,c234
17010,4,0.066457815,0.20210977,0.73143244,c5,c5
17015,4,0.08449552,0.2788484,0.63665617,c5,c5
17022,4,0.33873385,0.41874027,0.24252585,c234,c234
17023,4,0.4402597,0.30168214,0.25805816,c1,c1
17025,4,0.29179958,0.40219173,0.3060087,c1,c234
17035,4,0.19977818,0.46483853,0.33538333,c234,c234
17038,4,0.5055382,0.31889734,0.17556448,c1,c1
17042,4,0.573257,0.30913574,0.117607154,c1,c1
17044,4,0.304443,0.26696488,0.42859215,c5,c5
17057,4,0.30398875,0.33521396,0.36079732,c1,c5
17074,4,0.674629,0.26144552,0.06392545,c1,c1
17077,4,0.22228917,0.44488984,0.33282092,c234,c234
17081,4,0.619964,0.27495208,0.1050839,c1,c1
17087,4,0.3889073,0.42567366,0.18541904,c5,c234
17106,4,0.42233098,0.27062145,0.30704755,c1,c1
17111,4,0.50276864,0.35339662,0.14383477,c1,c1
17118,4,0.38295838,0.4150889,0.20195276,c1,c234
17126,4,0.24066801,0.36854616,0.39078584,c1,c5
17129,4,0.09550322,0.27193055,0.6325663,c1,c5
17130,4,0.036882397,0.19655691,0.7665608,c5,c5
17140,4,0.14655112,0.23403081,0.6194181,c5,c5
17142,4,0.3919141,0.3626826,0.24540333,c234,c1
17143,4,0.12927228,0.44758397,0.42314368,c5,c234
17147,4,0.16348004,0.3979552,0.43856472,c234,c5
17148,4,0.35186172,0.37751552,0.27062282,c5,c234
17163,4,0.1731284,0.35303172,0.47383988,c5,c5
17164,4,0.32909504,0.32805222,0.3428528,c234,c5
17170,4,0.6775892,0.2536287,0.0687821,c234,c1
17176,4,0.2890347,0.31549165,0.39547372,c5,c5
17181,4,0.11755691,0.31776348,0.5646796,c5,c5
17186,4,0.42423236,0.38934502,0.18642253,c5,c1
17194,4,0.2922526,0.46525437,0.24249305,c234,c234
17195,4,0.14345455,0.41896844,0.43757698,c234,c5
17196,4,0.10794421,0.43492302,0.45713276,c234,c5
17201,4,0.19418393,0.4729277,0.33288842,c234,c234
17216,4,0.58202106,0.2930876,0.124891356,c1,c1
17219,4,0.26031676,0.46028483,0.27939847,c5,c234
17222,4,0.46381858,0.29170656,0.24447489,c5,c1
17225,4,0.31147245,0.48434302,0.20418447,c234,c234
17229,4,0.4242292,0.2940344,0.28173646,c5,c1
17232,4,0.17902516,0.34583908,0.47513574,c234,c5
17238,4,0.0986998,0.35240743,0.5488928,c1,c5
17246,4,0.08251681,0.21740948,0.7000737,c5,c5
17251,4,0.41269413,0.4015624,0.18574353,c234,c1
17253,4,0.15125714,0.27286512,0.5758777,c5,c5
17256,4,0.3552527,0.4293019,0.21544537,c5,c234
17257,4,0.6021705,0.29836905,0.099460386,c234,c1
17262,4,0.7223794,0.19813949,0.079481095,c5,c1
17264,4,0.08287269,0.35327855,0.56384873,c5,c5
17276,4,0.3881328,0.27335235,0.3385148,c5,c1
17286,4,0.41269413,0.4015624,0.18574353,c1,c1
17294,4,0.06000955,0.27304605,0.66694444,c5,c5
17301,4,0.31504607,0.32555923,0.35939473,c1,c5
17309,4,0.5441077,0.29379293,0.16209938,c1,c1
17310,4,0.058390595,0.27271155,0.66889787,c234,c5
17312,4,0.5533734,0.30901548,0.13761108,c1,c1
17315,4,0.14279419,0.30336732,0.5538385,c5,c5
17321,4,0.21110602,0.42979056,0.35910344,c234,c234
17322,4,0.2703681,0.42023933,0.3093926,c234,c234
17325,4,0.6704171,0.234822,0.09476092,c1,c1
17329,4,0.64053744,0.27548334,0.08397921,c1,c1
17337,4,0.64053744,0.27548334,0.08397921,c1,c1
17359,4,0.09931852,0.25714138,0.64354014,c5,c5
17363,4,0.09628361,0.3089915,0.59472483,c234,c5
17371,4,0.36972964,0.39574307,0.23452727,c5,c234
17372,4,0.6920704,0.23354717,0.07438237,c234,c1
17379,4,0.41269413,0.4015624,0.18574353,c234,c1
17383,4,0.19684644,0.4189682,0.38418534,c234,c234
17390,4,0.18612826,0.20759037,0.6062814,c5,c5
17391,4,0.18784024,0.3633112,0.44884858,c234,c5
17396,4,0.59449965,0.30624643,0.09925389,c5,c1
17411,4,0.21719928,0.36002964,0.4227711,c5,c5
17416,4,0.07687932,0.25377572,0.6693449,c234,c5
17421,4,0.2512184,0.3923379,0.35644364,c234,c234
17422,4,0.20299882,0.33964795,0.4573532,c5,c5
17428,4,0.45949194,0.39158762,0.14892048,c5,c1
17431,4,0.22123985,0.3658331,0.41292706,c234,c5
17432,4,0.03669784,0.1608448,0.8024574,c234,c5
17437,4,0.13082746,0.462241,0.40693155,c234,c234
17440,4,0.09200213,0.29713154,0.6108663,c234,c5
17444,4,0.34676462,0.43232006,0.22091533,c234,c234
17445,4,0.11079036,0.4520938,0.4371159,c1,c234
17447,4,0.29804823,0.44171166,0.26024008,c234,c234
17453,4,0.64299834,0.22751173,0.12948993,c5,c1
17454,4,0.3797017,0.37122303,0.24907526,c5,c1
17456,4,0.5187545,0.280514,0.20073143,c5,c1
17457,4,0.06828293,0.22572976,0.70598733,c5,c5
17466,4,0.16413984,0.41497114,0.420889,c234,c5
17479,4,0.63502425,0.269708,0.095267676,c1,c1
17480,4,0.29628253,0.41586626,0.28785124,c1,c234
17481,4,0.41269413,0.4015624,0.18574353,c1,c1
17487,4,0.1072011,0.21757893,0.67521995,c1,c5
17488,4,0.55723614,0.34305185,0.099712,c234,c1
17490,4,0.092601165,0.21543603,0.69196284,c5,c5
17494,4,0.60814524,0.2983647,0.093490064,c1,c1
17495,4,0.5709887,0.29444498,0.13456629,c1,c1
17496,4,0.07930027,0.21217643,0.7085233,c234,c5
17498,4,0.3828038,0.36531854,0.25187764,c1,c1
17501,4,0.1742858,0.40701136,0.4187028,c234,c5
17503,4,0.048740037,0.16386709,0.78739285,c5,c5
17510,4,0.2910062,0.33767614,0.37131768,c234,c5
17514,4,0.49507195,0.3278004,0.17712773,c234,c1
17518,4,0.13195378,0.39771003,0.4703362,c234,c5
17521,4,0.17520562,0.31880927,0.5059851,c5,c5
17522,4,0.095905274,0.37334085,0.5307539,c234,c5
17524,4,0.25315198,0.45602703,0.29082096,c5,c234
17525,4,0.18791361,0.4198667,0.39221966,c1,c234
17526,4,0.20434713,0.3583778,0.43727502,c5,c5
17528,4,0.12303205,0.3855916,0.4913764,c5,c5
17545,4,0.69661254,0.23201524,0.07137224,c234,c1
17554,4,0.62040675,0.29147178,0.088121384,c1,c1
17561,4,0.42233098,0.27062145,0.30704755,c5,c1
17562,4,0.20274699,0.4483885,0.34886444,c1,c234
17564,4,0.054911174,0.15686718,0.78822166,c5,c5
17567,4,0.6392155,0.2691453,0.091639176,c1,c1
17575,4,0.13211869,0.53206575,0.33581555,c5,c234
17582,4,0.1457267,0.394871,0.4594023,c234,c5
17583,4,0.28712252,0.3291675,0.38371,c234,c5
17584,4,0.3101357,0.43561637,0.2542479,c234,c234
17591,4,0.4587622,0.3699782,0.17125958,c1,c1
17602,4,0.095220886,0.28386095,0.62091815,c234,c5
17603,4,0.45646864,0.3712876,0.17224374,c234,c1
17625,4,0.11371596,0.28107205,0.605212,c5,c5
17629,4,0.6837018,0.25176558,0.064532585,c234,c1
17646,4,0.13051115,0.3345763,0.5349125,c5,c5
17655,4,0.14059126,0.37204003,0.48736873,c234,c5
17661,4,0.1267835,0.36338377,0.5098327,c1,c5
17665,4,0.14527082,0.28087276,0.5738564,c234,c5
17667,4,0.6914265,0.23234929,0.07622418,c5,c1
17673,4,0.20121476,0.47162277,0.32716244,c1,c234
17679,4,0.5336978,0.32795984,0.13834243,c234,c1
17680,4,0.37096366,0.4001293,0.22890706,c1,c234
17685,4,0.16369657,0.33306634,0.50323707,c234,c5
17693,4,0.362943,0.3688836,0.26817334,c1,c234
17703,4,0.21337128,0.41461083,0.3720179,c5,c234
17706,4,0.18924147,0.4105254,0.40023312,c234,c234
17709,4,0.163209,0.2956055,0.5411855,c5,c5
17724,4,0.055754654,0.23588482,0.7083605,c5,c5
17741,4,0.54092795,0.33282918,0.12624292,c1,c1
17742,4,0.49916276,0.3749983,0.1258389,c5,c1
17745,4,0.15828902,0.3751086,0.4666023,c5,c5
17751,4,0.040892925,0.23071465,0.72839236,c5,c5
17760,4,0.41269413,0.4015624,0.18574353,c5,c1
17761,4,0.70500576,0.2396119,0.055382337,c234,c1
17762,4,0.2455605,0.49659112,0.25784832,c1,c234
17763,4,0.44840857,0.30359367,0.24799773,c1,c1
17764,4,0.22388005,0.49199274,0.28412727,c5,c234
17769,4,0.14719194,0.5016044,0.3512037,c234,c234
17776,4,0.19970372,0.36686328,0.43343303,c234,c5
17777,4,0.09637499,0.30308056,0.6005444,c234,c5
17778,4,0.28124014,0.4400828,0.27867708,c234,c234
17789,4,0.12174452,0.2496359,0.6286196,c234,c5
17804,4,0.32681027,0.4187628,0.25442696,c1,c234
17817,4,0.51020765,0.33585042,0.15394194,c234,c1
17818,4,0.1515687,0.39923283,0.44919842,c234,c5
17826,4,0.17226702,0.3004708,0.5272622,c5,c5
17829,4,0.266497,0.39112607,0.34237695,c1,c234
17837,4,0.27738407,0.38737276,0.33524317,c1,c234
17838,4,0.41269413,0.4015624,0.18574353,c5,c1
17842,4,0.41269413,0.4015624,0.18574353,c234,c1
17845,4,0.5981079,0.28571695,0.1161752,c234,c1
17850,4,0.12330081,0.3987007,0.47799847,c1,c5
17858,4,0.3268948,0.4504815,0.22262374,c1,c234
17861,4,0.4683654,0.309203,0.22243166,c5,c1
17880,4,0.6943747,0.23077637,0.074848995,c5,c1
17899,4,0.32782042,0.3677197,0.30445987,c5,c234
17901,4,0.37143537,0.29173878,0.33682585,c5,c1
17906,4,0.25711277,0.3602928,0.38259447,c1,c5
17908,4,0.575807,0.33541456,0.08877842,c5,c1
17915,4,0.12571463,0.2582096,0.61607575,c5,c5
17916,4,0.43896174,0.33607098,0.22496733,c234,c1
17919,4,0.4126349,0.40160283,0.18576224,c5,c1
17927,4,0.41246128,0.3866683,0.2008704,c234,c1
17934,4,0.3594338,0.43770775,0.20285848,c234,c234
17935,4,0.40764534,0.4151783,0.17717636,c1,c234
17943,4,0.108043544,0.27745244,0.61450404,c234,c5
17949,4,0.13814603,0.36655238,0.49530157,c1,c5
17959,4,0.68289614,0.2530239,0.06407997,c1,c1
17963,4,0.22811823,0.5432338,0.22864792,c234,c234
17966,4,0.043989975,0.2501956,0.7058144,c234,c5
17968,4,0.3688127,0.38065943,0.25052786,c1,c234
17971,4,0.1333751,0.26975417,0.5968707,c5,c5
17979,4,0.136258,0.3925467,0.47119537,c1,c5
17983,4,0.38156044,0.40119204,0.21724744,c1,c234
18000,4,0.1884769,0.30540583,0.5061173,c234,c5
18004,4,0.48370397,0.3142147,0.20208135,c1,c1
18005,4,0.051530916,0.20876929,0.73969984,c5,c5
18006,4,0.37369287,0.45813763,0.1681695,c1,c234
18007,4,0.51341695,0.31636432,0.17021875,c234,c1
18010,4,0.34970936,0.38148728,0.2688033,c234,c234
18013,4,0.13728018,0.27736437,0.5853554,c1,c5
18014,4,0.051176462,0.21564513,0.73317844,c5,c5
18015,4,0.6115696,0.2956906,0.09273985,c234,c1
18021,4,0.26309833,0.4142909,0.32261074,c234,c234
18025,4,0.20287307,0.37450963,0.42261735,c234,c5
18028,4,0.2699448,0.30162343,0.4284318,c5,c5
18029,4,0.43186048,0.32630137,0.2418381,c5,c1
18035,4,0.3143019,0.40209642,0.2836017,c1,c234
18039,4,0.28514546,0.44529596,0.26955864,c1,c234
18041,4,0.29669842,0.4651085,0.23819302,c234,c234
18047,4,0.31929862,0.40372983,0.27697158,c234,c234
18049,4,0.51926136,0.3175053,0.16323335,c1,c1
18060,4,0.045761384,0.24605854,0.70818007,c5,c5
18069,4,0.384793,0.40607527,0.20913173,c1,c234
18072,4,0.25168014,0.39200485,0.35631502,c1,c234
18092,4,0.5893363,0.30432868,0.10633501,c5,c1
18095,4,0.12142666,0.42454562,0.45402768,c234,c5
18102,4,0.6282568,0.30063245,0.07111072,c1,c1
18103,4,0.19352633,0.31994852,0.48652515,c1,c5
18106,4,0.18216981,0.501026,0.3168042,c234,c234
18108,4,0.14057873,0.41754434,0.44187692,c1,c5
18109,4,0.7205525,0.22511856,0.054328952,c1,c1
18112,4,0.33165395,0.43721664,0.23112938,c1,c234
18122,4,0.2624619,0.44673535,0.29080272,c1,c234
18147,4,0.0388563,0.194293,0.76685077,c5,c5
18148,4,0.24515085,0.29617575,0.45867345,c1,c5
18155,4,0.42233098,0.27062145,0.30704755,c1,c1
18162,4,0.42233098,0.27062145,0.30704755,c5,c1
18163,4,0.32669714,0.4331932,0.2401097,c234,c234
18166,4,0.4586683,0.30232972,0.23900197,c1,c1
18167,4,0.22877075,0.47147444,0.29975486,c234,c234
18175,4,0.4161657,0.31768373,0.26615053,c234,c1
18179,4,0.1930786,0.31061718,0.49630424,c234,c5
18186,4,0.4479301,0.41204852,0.14002141,c234,c1
18193,4,0.39693105,0.41294456,0.19012439,c1,c234
18200,4,0.4126349,0.40160283,0.18576224,c234,c1
18208,4,0.16763963,0.416231,0.4161294,c234,c234
18217,4,0.68289614,0.2530239,0.06407997,c234,c1
18221,4,0.23995337,0.3491727,0.41087392,c1,c5
18225,4,0.046107605,0.20611091,0.74778146,c5,c5
18228,4,0.49197,0.36160642,0.14642358,c1,c1
18229,4,0.5782321,0.29573566,0.12603226,c234,c1
18235,4,0.13913806,0.40241277,0.45844918,c5,c5
18237,4,0.4970413,0.330092,0.1728667,c1,c1
18246,4,0.6837018,0.25176558,0.064532585,c234,c1
18250,4,0.4126349,0.40160283,0.18576224,c234,c1
18264,4,0.047662318,0.199457,0.7528807,c1,c5
18269,4,0.38024515,0.39049983,0.22925496,c234,c234
18278,4,0.29484868,0.3762665,0.3288848,c234,c234
18282,4,0.18819472,0.33357403,0.47823122,c1,c5
18283,4,0.19677101,0.34784004,0.45538896,c5,c5
18285,4,0.111398585,0.32038108,0.5682203,c5,c5
18288,4,0.24077326,0.29698995,0.46223682,c234,c5
18289,4,0.22029823,0.40519047,0.37451127,c5,c234
18294,4,0.57571644,0.31462052,0.10966301,c234,c1
18295,4,0.10654371,0.25248218,0.64097404,c234,c5
18297,4,0.09898921,0.3246524,0.5763584,c5,c5
18298,4,0.4126349,0.40160283,0.18576224,c5,c1
18304,4,0.10910528,0.39928544,0.4916093,c1,c5
18315,4,0.4393021,0.398138,0.16255993,c5,c1
18317,4,0.29444093,0.35126153,0.35429752,c234,c5
18325,4,0.12313106,0.29458386,0.5822851,c5,c5
18328,4,0.117206424,0.2826088,0.60018474,c1,c5
18340,4,0.34470564,0.4110255,0.24426886,c5,c234
18344,4,0.4280428,0.2699632,0.30199406,c234,c1
18347,4,0.08587584,0.28082088,0.6333033,c5,c5
18358,4,0.649299,0.2311194,0.11958159,c1,c1
18370,4,0.08587741,0.34559062,0.568532,c234,c5
18371,4,0.27732792,0.3705527,0.35211936,c234,c234
18385,4,0.3061878,0.35714048,0.3366717,c1,c234
18394,4,0.2993919,0.4180306,0.28257757,c5,c234
18397,4,0.08470543,0.27487153,0.64042306,c5,c5
18403,4,0.2686363,0.42082238,0.31054127,c5,c234
18407,4,0.19211905,0.32169956,0.48618147,c5,c5
18408,4,0.31712055,0.42955458,0.25332484,c234,c234
18412,4,0.20113753,0.4925011,0.30636135,c5,c234
18416,4,0.18435425,0.379195,0.43645075,c5,c5
18424,4,0.31584504,0.5004856,0.1836694,c5,c234
18431,4,0.2701196,0.48354304,0.24633732,c1,c234
18434,4,0.31773418,0.44204655,0.24021922,c234,c234
18436,4,0.1633515,0.4082664,0.42838213,c1,c5
18444,4,0.41559222,0.44304413,0.14136362,c234,c234
18447,4,0.05653249,0.1744089,0.7690586,c5,c5
18450,4,0.039643012,0.12914617,0.83121073,c5,c5
18456,4,0.1665847,0.36747,0.46594536,c5,c5
18459,4,0.68289614,0.2530239,0.06407997,c5,c1
18461,4,0.74098635,0.16517504,0.093838565,c5,c1
18465,4,0.17197615,0.37170768,0.4563161,c5,c5
18471,4,0.5386857,0.33796614,0.123348184,c1,c1
18477,4,0.68289614,0.2530239,0.06407997,c1,c1
18480,4,0.10982371,0.29444215,0.5957341,c5,c5
18481,4,0.08610906,0.3141291,0.5997618,c5,c5
18484,4,0.18645439,0.4768259,0.33671975,c5,c234
18491,4,0.27336022,0.3064948,0.42014503,c5,c5
18494,4,0.21562542,0.4035304,0.38084424,c1,c234
18498,4,0.093152925,0.3226842,0.58416295,c5,c5
18499,4,0.1865263,0.35215464,0.46131906,c5,c5
18503,4,0.17715178,0.47131306,0.35153514,c234,c234
18507,4,0.13105814,0.2755263,0.59341556,c5,c5
18523,4,0.27413586,0.42108005,0.3047841,c5,c234
18528,4,0.12195346,0.32612544,0.5519211,c234,c5
18531,4,0.55605185,0.32716548,0.11678267,c234,c1
18541,4,0.5451005,0.30746967,0.14742993,c5,c1
18551,4,0.16272692,0.31198415,0.52528894,c1,c5
18558,4,0.4126349,0.40160283,0.18576224,c1,c1
18560,4,0.075159475,0.22928566,0.6955548,c234,c5
18565,4,0.70471865,0.2214385,0.07384285,c1,c1
18576,4,0.53634965,0.34338886,0.120261565,c1,c1
18581,4,0.21262139,0.35455576,0.43282285,c5,c5
18585,4,0.06939803,0.2310743,0.6995277,c5,c5
18586,4,0.06950887,0.23189586,0.6985953,c234,c5
18589,4,0.13585125,0.403109,0.46103978,c234,c5
18593,4,0.4948057,0.34980062,0.15539372,c1,c1
18594,4,0.41207442,0.37019363,0.21773192,c1,c1
18600,4,0.6763654,0.23802146,0.08561315,c234,c1
18602,4,0.07499891,0.29887992,0.6261211,c5,c5
18603,4,0.09450086,0.28987753,0.6156215,c5,c5
18604,4,0.13917379,0.3512523,0.50957394,c5,c5
18606,4,0.42233098,0.27062145,0.30704755,c234,c1
18607,4,0.085964486,0.34908012,0.5649554,c5,c5
18609,4,0.4126349,0.40160283,0.18576224,c234,c1
18611,4,0.6550954,0.25572613,0.08917853,c5,c1
18613,4,0.07046317,0.27393156,0.6556053,c5,c5
18618,4,0.27839285,0.39727315,0.32433397,c1,c234
18619,4,0.4681495,0.40445784,0.12739265,c5,c1
18621,4,0.043264873,0.102878846,0.8538563,c5,c5
18631,4,0.3136772,0.310373,0.37594986,c1,c5
18633,4,0.22279155,0.33359343,0.44361505,c1,c5
18635,4,0.4126349,0.40160283,0.18576224,c234,c1
18637,4,0.14057873,0.41754434,0.44187692,c1,c5
18642,4,0.2484554,0.49357,0.25797457,c5,c234
18644,4,0.31874815,0.46784142,0.21341045,c234,c234
18655,4,0.59908074,0.3062234,0.09469582,c5,c1
18656,4,0.35564226,0.42241296,0.22194481,c5,c234
18657,4,0.14022414,0.24858443,0.6111914,c234,c5
18661,4,0.6837018,0.25176558,0.064532585,c1,c1
18662,4,0.49000093,0.29593349,0.21406555,c5,c1
18666,4,0.65515363,0.26501718,0.079829186,c1,c1
18672,4,0.32205433,0.40764937,0.2702963,c1,c234
18682,4,0.08375608,0.30576923,0.61047477,c234,c5
18683,4,0.10510338,0.25482184,0.6400748,c5,c5
18686,4,0.6265261,0.27054498,0.10292887,c1,c1
18689,4,0.65661156,0.27465358,0.06873487,c234,c1
18690,4,0.43504855,0.3815928,0.18335864,c234,c1
18696,4,0.3345028,0.4312191,0.23427811,c1,c234
18697,4,0.44840857,0.30359367,0.24799773,c234,c1
18701,4,0.28243083,0.37222394,0.3453452,c1,c234
18705,4,0.4126349,0.40160283,0.18576224,c234,c1
18708,4,0.09971005,0.3021825,0.59810746,c5,c5
18714,4,0.24122038,0.4159782,0.34280145,c5,c234
18722,4,0.37539083,0.42392212,0.2006871,c1,c234
18724,4,0.13195948,0.33061415,0.5374264,c5,c5
18725,4,0.20811294,0.4277504,0.3641366,c5,c234
18729,4,0.37271592,0.380392,0.24689208,c234,c234
18733,4,0.08759414,0.25014246,0.6622634,c234,c5
18735,4,0.716846,0.22573087,0.05742312,c234,c1
18741,4,0.2343759,0.34143144,0.42419273,c1,c5
18744,4,0.18628201,0.47673413,0.3369839,c234,c234
18745,4,0.13534309,0.45663184,0.4080251,c5,c234
18747,4,0.3441732,0.36230105,0.29352573,c234,c234
18751,4,0.16970232,0.30936128,0.52093637,c5,c5
18754,4,0.4126349,0.40160283,0.18576224,c1,c1
18758,4,0.49821398,0.373145,0.12864102,c1,c1
18762,4,0.6837018,0.25176558,0.064532585,c1,c1
18763,4,0.8363762,0.12655167,0.037072208,c1,c1
18764,4,0.32401255,0.41912428,0.25686315,c234,c234
18766,4,0.08247548,0.21540566,0.7021188,c5,c5
18772,4,0.5718943,0.2922689,0.1358368,c234,c1
18777,4,0.3273146,0.416806,0.25587934,c5,c234
18779,4,0.055004105,0.30995023,0.6350457,c5,c5
18782,4,0.056370918,0.19453281,0.7490962,c5,c5
18787,4,0.09122653,0.3939549,0.5148186,c234,c5
18797,4,0.35099632,0.329047,0.31995663,c5,c1
18802,4,0.4126349,0.40160283,0.18576224,c5,c1
18803,4,0.13947952,0.41671404,0.4438064,c234,c5
18804,4,0.17451257,0.37526098,0.45022643,c5,c5
18805,4,0.09586908,0.24994366,0.65418726,c234,c5
18806,4,0.18501651,0.3058796,0.50910383,c234,c5
18812,4,0.12104887,0.28196287,0.59698826,c234,c5
18821,4,0.40771687,0.3300356,0.26224753,c1,c1
18822,4,0.60808927,0.27815518,0.113755584,c5,c1
18824,4,0.3231032,0.3340177,0.34287915,c234,c5
18825,4,0.4795102,0.35802037,0.1624694,c5,c1
18826,4,0.13838692,0.3959639,0.46564916,c234,c5
18827,4,0.30808693,0.32956207,0.36235103,c234,c5
18841,4,0.6107471,0.24685453,0.14239833,c1,c1
18842,4,0.2649721,0.43235567,0.3026723,c234,c234
18845,4,0.20287243,0.40731987,0.3898077,c5,c234
18846,4,0.5744366,0.26565823,0.1599052,c1,c1
18851,4,0.40073222,0.3230407,0.27622706,c234,c1
18875,4,0.6551787,0.27276927,0.07205203,c1,c1
18882,4,0.6255615,0.2941268,0.080311686,c5,c1
18886,4,0.284621,0.42131063,0.29406834,c1,c234
18895,4,0.19874802,0.45582813,0.34542382,c234,c234
18897,4,0.42233098,0.27062145,0.30704755,c5,c1
18904,4,0.052692886,0.17525595,0.7720511,c5,c5
18906,4,0.2664419,0.4734789,0.2600792,c234,c234
18918,4,0.07746393,0.23008192,0.69245416,c5,c5
18928,4,0.27159375,0.3152851,0.41312116,c234,c5
18931,4,0.23710707,0.429293,0.33359993,c234,c234
18934,4,0.7205525,0.22511856,0.054328952,c1,c1
18935,4,0.1914136,0.34817427,0.46041214,c234,c5
18936,4,0.058259178,0.2264322,0.71530867,c234,c5
18943,4,0.42804402,0.40235567,0.16960035,c234,c1
18944,4,0.1662358,0.35741952,0.47634467,c234,c5
18959,4,0.15297185,0.35032707,0.49670103,c5,c5
18963,4,0.22058472,0.35743293,0.4219823,c5,c5
18966,4,0.22619447,0.36899203,0.40481347,c234,c5
18967,4,0.34373486,0.4428484,0.2134168,c1,c234
18968,4,0.31366315,0.38576514,0.30057177,c234,c234
18971,4,0.56722474,0.2589347,0.17384052,c234,c1
18975,4,0.0807263,0.24500877,0.6742649,c5,c5
18978,4,0.5893316,0.2613707,0.14929767,c1,c1
18980,4,0.18980801,0.27355614,0.5366359,c234,c5
18984,4,0.111805685,0.24322431,0.64497,c234,c5
18988,4,0.1818351,0.46297383,0.35519108,c5,c234
18989,4,0.24976385,0.30291373,0.44732237,c234,c5
18995,4,0.2202792,0.5207382,0.25898263,c5,c234
19005,4,0.30007985,0.39590147,0.3040187,c1,c234
19007,4,0.26316252,0.4826729,0.25416455,c234,c234
19021,4,0.2825276,0.5177956,0.19967675,c1,c234
19023,4,0.45069826,0.3385788,0.21072294,c234,c1
19030,4,0.16408324,0.44755158,0.38836518,c234,c234
19038,4,0.6819146,0.2348736,0.083211765,c5,c1
19043,4,0.37136424,0.33371267,0.2949231,c1,c1
19049,4,0.077671714,0.2181151,0.70421314,c234,c5
19062,4,0.08022221,0.18206805,0.7377097,c5,c5
19065,4,0.2957194,0.40216103,0.30211955,c1,c234
19069,4,0.53634965,0.34338886,0.120261565,c1,c1
19073,4,0.49023035,0.3536173,0.1561524,c1,c1
19078,4,0.34641305,0.414248,0.23933898,c234,c234
19081,4,0.24165991,0.43091056,0.32742953,c1,c234
19088,4,0.060964026,0.19051705,0.7485189,c5,c5
19091,4,0.31233174,0.3690402,0.31862804,c5,c234
19106,4,0.25703412,0.38077712,0.36218873,c5,c234
19111,4,0.099723324,0.2496813,0.65059537,c1,c5
19120,4,0.39263704,0.3476873,0.25967568,c234,c1
19121,4,0.33861157,0.32800624,0.33338222,c5,c1
19123,4,0.4126349,0.40160283,0.18576224,c1,c1
19135,4,0.73581403,0.20390458,0.06028144,c1,c1
19137,4,0.22014776,0.35716066,0.42269155,c234,c5
19140,4,0.6763084,0.2558062,0.06788541,c5,c1
19141,4,0.15929957,0.41480884,0.42589164,c5,c5
19152,4,0.31789267,0.31567878,0.36642855,c1,c5
19155,4,0.5595376,0.34174633,0.09871604,c1,c1
19156,4,0.63848203,0.27447367,0.08704434,c234,c1
19160,4,0.6423254,0.27226004,0.08541459,c5,c1
19161,4,0.42233098,0.27062145,0.30704755,c5,c1
19162,4,0.44504604,0.31451768,0.24043629,c234,c1
19166,4,0.22649656,0.44497707,0.32852635,c1,c234
19173,4,0.14231077,0.27555296,0.58213633,c5,c5
19174,4,0.18693547,0.47793952,0.33512503,c5,c234
19176,4,0.4126349,0.40160283,0.18576224,c1,c1
19179,4,0.21422246,0.40051347,0.3852641,c234,c234
19182,4,0.42233098,0.27062145,0.30704755,c5,c1
19183,4,0.19124341,0.43541554,0.37334102,c234,c234
19184,4,0.5658339,0.29611054,0.13805555,c234,c1
19186,4,0.5688234,0.30773875,0.123437874,c5,c1
19191,4,0.061857343,0.20703745,0.73110527,c5,c5
19194,4,0.55835867,0.3349205,0.10672083,c1,c1
19197,4,0.13026892,0.25007087,0.61966014,c234,c5
19202,4,0.2020305,0.33211756,0.46585193,c5,c5
19206,4,0.12678286,0.26362604,0.60959107,c5,c5
19207,4,0.086299546,0.23024584,0.68345463,c5,c5
19214,4,0.7038065,0.21126945,0.08492406,c1,c1
19219,4,0.46782342,0.27751476,0.25466186,c234,c1
19220,4,0.32318398,0.42525834,0.2515577,c1,c234
19221,4,0.16662708,0.25391322,0.5794597,c1,c5
19226,4,0.31203756,0.42325673,0.26470566,c234,c234
19235,4,0.20422311,0.32830548,0.46747136,c5,c5
19243,4,0.32808584,0.3972899,0.2746242,c5,c234
19257,4,0.39148557,0.3008961,0.30761832,c1,c1
19260,4,0.40017536,0.40213412,0.1976905,c5,c234
19262,4,0.23404512,0.513077,0.25287783,c1,c234
19279,4,0.19792296,0.48380244,0.31827456,c1,c234
19281,4,0.29877,0.4576042,0.2436258,c5,c234
19284,4,0.42233098,0.27062145,0.30704755,c5,c1
19285,4,0.22385573,0.30090925,0.47523502,c5,c5
19299,4,0.10000453,0.41939336,0.48060212,c234,c5
19310,4,0.6010911,0.3107779,0.088131025,c1,c1
19314,4,0.1526292,0.31981975,0.5275511,c234,c5
19321,4,0.21226983,0.31908292,0.46864727,c5,c5
19336,4,0.5959256,0.33596122,0.06811317,c1,c1
19340,4,0.17164162,0.41094348,0.41741487,c5,c5
19341,4,0.3091416,0.48184216,0.20901616,c1,c234
19348,4,0.087185115,0.33421472,0.57860017,c5,c5
19349,4,0.33698064,0.41943678,0.24358253,c234,c234
19355,4,0.4602205,0.27504513,0.26473445,c5,c1
19360,4,0.68225926,0.24434122,0.07339953,c5,c1
19366,4,0.27440912,0.4256622,0.29992864,c1,c234
19369,4,0.041116618,0.19658789,0.7622955,c234,c5
19370,4,0.37808904,0.4322131,0.18969783,c1,c234
19371,4,0.650804,0.25872186,0.090474136,c1,c1
19375,4,0.62408787,0.30613032,0.0697818,c1,c1
19387,4,0.49305657,0.366677,0.14026645,c1,c1
19390,4,0.25301808,0.37631765,0.37066433,c5,c234
19394,4,0.2713845,0.46503416,0.2635813,c5,c234
19396,4,0.088480644,0.34460643,0.5669129,c5,c5
19409,4,0.33006197,0.5028238,0.16711418,c5,c234
19411,4,0.3603765,0.38837773,0.25124574,c5,c234
19417,4,0.14711867,0.22342734,0.629454,c5,c5
19422,4,0.13746415,0.40314284,0.45939305,c5,c5
19430,4,0.20288928,0.42941174,0.36769906,c234,c234
19433,4,0.04168186,0.22952193,0.7287962,c234,c5
19436,4,0.2627777,0.47085977,0.2663625,c5,c234
19437,4,0.6051654,0.29880252,0.096032,c1,c1
19441,4,0.20044388,0.37810728,0.42144886,c5,c5
19446,4,0.25108743,0.3911294,0.35778317,c234,c234
19450,4,0.38897738,0.3995651,0.21145752,c234,c234
19453,4,0.3003639,0.3947004,0.30493566,c5,c234
19462,4,0.10398738,0.24039471,0.6556179,c234,c5
19464,4,0.08870485,0.35066321,0.5606319,c5,c5
19465,4,0.2283353,0.43585065,0.335814,c5,c234
19475,4,0.6163467,0.26584896,0.117804274,c1,c1
19485,4,0.4126349,0.40160283,0.18576224,c1,c1
19487,4,0.68289614,0.2530239,0.06407997,c234,c1
19490,4,0.07779209,0.20858943,0.7136184,c1,c5
19511,4,0.35632297,0.32095456,0.32272246,c1,c1
19512,4,0.3868392,0.4517643,0.16139644,c5,c234
19515,4,0.24584533,0.4345377,0.31961697,c234,c234
19518,4,0.27070075,0.36631885,0.36298043,c234,c234
19519,4,0.04968968,0.2398213,0.7104891,c5,c5
19520,4,0.53581816,0.32910213,0.13507971,c5,c1
19526,4,0.34105095,0.38432086,0.27462822,c234,c234
19528,4,0.4636008,0.3334711,0.20292816,c234,c1
19529,4,0.14937842,0.35939154,0.49123,c234,c5
19539,4,0.07447694,0.26559538,0.6599276,c234,c5
19545,4,0.12300429,0.27655226,0.6004434,c1,c5
19546,4,0.2474767,0.5036531,0.24887024,c1,c234
19558,4,0.05169727,0.23044999,0.71785265,c1,c5
19563,4,0.24109866,0.27724892,0.4816525,c234,c5
19571,4,0.12585378,0.4090476,0.46509868,c5,c5
19573,4,0.40909258,0.39332446,0.19758292,c1,c1
19577,4,0.45660073,0.34196767,0.2014316,c1,c1
19578,4,0.061749607,0.33849308,0.5997573,c5,c5
19584,4,0.4126349,0.40160283,0.18576224,c1,c1
19587,4,0.4126349,0.40160283,0.18576224,c5,c1
19596,4,0.035089474,0.1817248,0.7831858,c5,c5
19599,4,0.25242928,0.49957025,0.24800053,c234,c234
19601,4,0.22146443,0.31459156,0.46394402,c5,c5
19602,4,0.50488776,0.36807844,0.12703381,c1,c1
19605,4,0.2366169,0.39231205,0.37107104,c1,c234
19614,4,0.4026039,0.30341947,0.29397655,c234,c1
19615,4,0.58604515,0.3118167,0.10213817,c1,c1
19618,4,0.08359952,0.25206208,0.66433835,c234,c5
19621,4,0.34126732,0.3450899,0.31364274,c1,c234
19625,4,0.36368504,0.3518293,0.28448564,c234,c1
19628,4,0.5856977,0.32758552,0.08671679,c234,c1
19633,4,0.6652792,0.24146344,0.09325737,c1,c1
19638,4,0.03906815,0.17546038,0.78547144,c5,c5
19641,4,0.6697766,0.25108463,0.0791387,c1,c1
19643,4,0.2018474,0.3990763,0.3990763,c234,c234
19645,4,0.22325657,0.39562437,0.38111904,c5,c234
19653,4,0.198851,0.38264087,0.41850817,c5,c5
19655,4,0.12694976,0.26086584,0.61218446,c5,c5
19659,4,0.15444358,0.5059067,0.3396497,c234,c234
19662,4,0.16759314,0.27749744,0.5549094,c234,c5
19664,4,0.35912362,0.32317135,0.317705,c5,c1
19665,4,0.6649905,0.24946895,0.08554062,c1,c1
19667,4,0.17003557,0.39893195,0.43103245,c234,c5
19669,4,0.16957182,0.30619398,0.52423424,c234,c5
19670,4,0.5729512,0.31608558,0.11096324,c234,c1
19674,4,0.20370264,0.39197665,0.40432063,c5,c5
19680,4,0.39458278,0.36977234,0.23564492,c5,c1
19686,4,0.28040692,0.4606229,0.2589702,c1,c234
19690,4,0.39280725,0.38733152,0.21986127,c5,c1
19691,4,0.16157566,0.28699562,0.55142874,c1,c5
19697,4,0.4126349,0.40160283,0.18576224,c234,c1
19701,4,0.10394226,0.3434027,0.55265504,c234,c5
19703,4,0.4126349,0.40160283,0.18576224,c1,c1
19704,4,0.5375488,0.31959707,0.14285415,c5,c1
19715,4,0.21145825,0.32667446,0.46186727,c234,c5
19720,4,0.22537164,0.31309813,0.46153027,c234,c5
19725,4,0.23614375,0.3984221,0.36543417,c5,c234
19732,4,0.1503836,0.4182748,0.4313416,c5,c5
19733,4,0.22601017,0.469897,0.3040928,c234,c234
19737,4,0.22342946,0.3118122,0.46475834,c234,c5
19741,4,0.7159881,0.17774555,0.10626635,c234,c1
19743,4,0.36463812,0.37428913,0.26107273,c234,c234
19745,4,0.5173839,0.37553462,0.10708146,c5,c1
19749,4,0.18409634,0.33051902,0.4853846,c5,c5
19750,4,0.3206456,0.46439168,0.21496272,c234,c234
19760,4,0.10667654,0.22075094,0.6725725,c5,c5
19774,4,0.11219019,0.30795732,0.57985246,c234,c5
19776,4,0.08059643,0.20035358,0.71905005,c5,c5
19781,4,0.20876782,0.33121592,0.4600162,c5,c5
19793,4,0.46671388,0.32749358,0.20579256,c234,c1
19797,4,0.42846736,0.39646107,0.17507161,c234,c1
19802,4,0.1659187,0.4214186,0.4126627,c5,c234
19804,4,0.64890194,0.25770608,0.09339195,c234,c1
19813,4,0.5332434,0.31020397,0.15655261,c234,c1
19816,4,0.05653249,0.1744089,0.7690586,c5,c5
19823,4,0.7359263,0.20676826,0.05730544,c5,c1
19834,4,0.20108575,0.39112005,0.4077942,c234,c5
19844,4,0.54969543,0.31460562,0.13569891,c234,c1
19851,4,0.42233098,0.27062145,0.30704755,c1,c1
19855,4,0.47775078,0.36634895,0.15590021,c1,c1
19860,4,0.15028256,0.26683465,0.5828827,c5,c5
19876,4,0.14893717,0.29579946,0.55526334,c5,c5
19877,4,0.07920726,0.34347317,0.5773196,c234,c5
19879,4,0.27828002,0.48809865,0.23362124,c1,c234
19880,4,0.2367135,0.37633267,0.3869539,c1,c5
19885,4,0.6057809,0.30591932,0.088299744,c234,c1
19887,4,0.34126732,0.3450899,0.31364274,c1,c234
19891,4,0.8325953,0.12267132,0.04473336,c1,c1
19893,4,0.4126349,0.40160283,0.18576224,c234,c1
19895,4,0.2430317,0.3423951,0.4145732,c5,c5
19899,4,0.17293479,0.35675013,0.47031507,c5,c5
19900,4,0.50481236,0.33305016,0.16213746,c234,c1
19902,4,0.17601345,0.27369237,0.55029416,c5,c5
19903,4,0.36544827,0.3931231,0.24142863,c234,c234
19905,4,0.063685566,0.26487312,0.6714413,c5,c5
19906,4,0.13161503,0.2520278,0.6163571,c5,c5
19914,4,0.1322331,0.4116051,0.45616177,c1,c5
19915,4,0.2686363,0.42082238,0.31054127,c1,c234
19920,4,0.2375494,0.3473665,0.41508406,c5,c5
19921,4,0.10601981,0.24579734,0.64818287,c5,c5
19922,4,0.45163924,0.41102147,0.13733923,c234,c1
19940,4,0.340013,0.45472565,0.20526138,c5,c234
19941,4,0.16677515,0.29749036,0.5357345,c5,c5
19949,4,0.4126349,0.40160283,0.18576224,c1,c1
19952,4,0.33045375,0.49895456,0.17059168,c5,c234
19953,4,0.5601732,0.31574747,0.124079406,c234,c1
19960,4,0.3965685,0.34851035,0.25492114,c234,c1
19964,4,0.41600204,0.41803825,0.16595967,c234,c234
19970,4,0.3479497,0.34550545,0.3065449,c5,c1
19978,4,0.04787837,0.12473399,0.8273876,c5,c5
19984,4,0.36772057,0.40420726,0.22807218,c234,c234
19997,4,0.29844415,0.36282685,0.33872893,c234,c234
20004,4,0.24656531,0.4088066,0.34462807,c234,c234
20005,4,0.19816595,0.45216897,0.3496651,c234,c234
20007,4,0.32069394,0.48105884,0.19824725,c5,c234
20010,4,0.42233098,0.27062145,0.30704755,c1,c1
20013,4,0.08327254,0.22559617,0.69113123,c5,c5
20027,4,0.5901944,0.27977675,0.13002889,c234,c1
20028,4,0.41351104,0.3994211,0.18706784,c234,c1
20046,4,0.46831745,0.36534983,0.16633274,c1,c1
20050,4,0.33743876,0.41571593,0.24684533,c1,c234
20052,4,0.65515363,0.26501718,0.079829186,c5,c1
20053,4,0.38782877,0.42787477,0.18429641,c234,c234
20066,4,0.6741352,0.2591815,0.06668327,c234,c1
20069,4,0.5526126,0.3555761,0.09181129,c1,c1
20072,4,0.16946618,0.25681704,0.57371676,c5,c5
20076,4,0.12531078,0.30451983,0.5701694,c5,c5
20082,4,0.34210104,0.44409183,0.21380714,c234,c234
20088,4,0.65452087,0.25763157,0.08784753,c1,c1
