indice,fold,p_c1,p_c234,p_c5,rotulo,previsto
0,1,0.762502,0.18788843,0.04960955,c5,c1
4,1,0.27996862,0.40487325,0.31515807,c234,c234
15,1,0.17572826,0.4278751,0.39639667,c5,c234
20,1,0.047899496,0.26385608,0.6882444,c1,c5
24,1,0.2795405,0.39253458,0.32792488,c234,c234
32,1,0.2626497,0.44308886,0.29426143,c5,c234
33,1,0.15585968,0.44184023,0.40230012,c1,c234
52,1,0.060228743,0.21174493,0.72802633,c5,c5
57,1,0.34502423,0.44510683,0.20986897,c1,c234
59,1,0.53392303,0.3100122,0.1560648,c1,c1
66,1,0.4388403,0.40730023,0.1538595,c1,c1
77,1,0.11635006,0.3578588,0.52579117,c234,c5
78,1,0.32042208,0.43903562,0.24054232,c234,c234
108,1,0.70847595,0.20756716,0.0839569,c5,c1
116,1,0.093386345,0.41730422,0.48930946,c5,c5
120,1,0.06769657,0.32893038,0.603373,c5,c5
129,1,0.2979662,0.4772543,0.22477949,c1,c234
130,1,0.17278369,0.42183682,0.4053795,c234,c234
133,1,0.122633934,0.4201657,0.45720035,c234,c5
139,1,0.074056216,0.4512193,0.4747245,c234,c5
143,1,0.62772626,0.29347405,0.07879968,c5,c1
146,1,0.34587884,0.41525337,0.23886783,c1,c234
153,1,0.108692266,0.26490992,0.6263978,c5,c5
160,1,0.10152119,0.33910924,0.5593696,c5,c5
165,1,0.21464494,0.34878612,0.4365689,c234,c5
166,1,0.38562647,0.4435554,0.17081809,c1,c234
174,1,0.51167375,0.3612401,0.12708613,c1,c1
178,1,0.5404573,0.31450608,0.14503658,c1,c1
186,1,0.4087832,0.43818575,0.15303105,c234,c234
188,1,0.602704,0.3062569,0.091039136,c234,c1
190,1,0.68490505,0.24173385,0.07336108,c1,c1
194,1,0.40775615,0.37849635,0.21374747,c234,c1
199,1,0.15389219,0.25473684,0.591371,c234,c5
203,1,0.27240047,0.50667953,0.22092001,c5,c234
214,1,0.23227322,0.51293576,0.254791,c1,c234
217,1,0.5754697,0.32457745,0.099952824,c234,c1
225,1,0.13787293,0.3785478,0.48357934,c234,c5
235,1,0.36469445,0.3400571,0.29524845,c234,c1
242,1,0.09689609,0.43172112,0.47138277,c5,c5
250,1,0.08862698,0.24910729,0.6622657,c5,c5
256,1,0.13431528,0.30569184,0.55999297,c5,c5
265,1,0.22681072,0.33557302,0.4376163,c234,c5
267,1,0.09780094,0.50105876,0.4011403,c5,c234
270,1,0.25091723,0.44242093,0.30666184,c234,c234
271,1,0.45288727,0.38539404,0.16171865,c1,c1
272,1,0.23969415,0.5533737,0.20693216,c1,c234
287,1,0.208989,0.31820375,0.47280726,c1,c5
288,1,0.39366153,0.36983335,0.23650514,c1,c1
300,1,0.44803816,0.42058477,0.1313771,c1,c1
305,1,0.15690579,0.36588725,0.47720695,c234,c5
312,1,0.40795878,0.35913897,0.23290233,c234,c1
319,1,0.24244499,0.32519177,0.43236324,c234,c5
323,1,0.39800546,0.30413866,0.29785588,c234,c1
324,1,0.15188539,0.30461514,0.5434994,c5,c5
333,1,0.24244499,0.32519177,0.43236324,c5,c5
336,1,0.065399885,0.27601686,0.6585832,c5,c5
343,1,0.21459731,0.46975467,0.31564796,c234,c234
348,1,0.13776836,0.38998216,0.47224942,c5,c5
350,1,0.14893056,0.29284042,0.558229,c5,c5
355,1,0.44517636,0.33277115,0.22205251,c5,c1
360,1,0.4560852,0.33889237,0.20502238,c5,c1
361,1,0.2764181,0.49439532,0.22918661,c234,c234
363,1,0.2883234,0.46509057,0.24658598,c234,c234
369,1,0.09701225,0.27592397,0.62706375,c5,c5
372,1,0.25332403,0.49356842,0.2531076,c234,c234
382,1,0.14736268,0.42985737,0.42277998,c5,c234
391,1,0.20297685,0.36352775,0.43349534,c5,c5
392,1,0.5550799,0.27979395,0.16512614,c1,c1
397,1,0.6930902,0.21905103,0.08785875,c1,c1
407,1,0.6208322,0.2600999,0.11906787,c1,c1
411,1,0.15003712,0.40378112,0.44618177,c5,c5
415,1,0.070850626,0.30806175,0.6210876,c234,c5
416,1,0.5844781,0.30575535,0.10976656,c1,c1
419,1,0.18885708,0.3118672,0.4992757,c1,c5
420,1,0.16822866,0.27421343,0.5575579,c5,c5
422,1,0.18623672,0.503778,0.30998525,c1,c234
423,1,0.44093636,0.3642573,0.19480635,c1,c1
427,1,0.09100441,0.30974874,0.59924686,c1,c5
431,1,0.0584751,0.31835946,0.6231654,c5,c5
432,1,0.50895804,0.3889951,0.102046855,c234,c1
434,1,0.077586785,0.26062095,0.66179234,c5,c5
439,1,0.06479278,0.23384103,0.70136625,c5,c5
453,1,0.08722806,0.25166437,0.6611076,c234,c5
455,1,0.1520316,0.42983225,0.41813615,c5,c234
469,1,0.2434185,0.39520374,0.36137778,c1,c234
470,1,0.67418617,0.2520326,0.0737812,c234,c1
474,1,0.1613311,0.31928238,0.5193865,c5,c5
477,1,0.13835995,0.49100786,0.37063217,c234,c234
480,1,0.16134241,0.33791247,0.5007452,c234,c5
487,1,0.61024624,0.3137446,0.07600923,c234,c1
491,1,0.4278308,0.37982446,0.19234474,c234,c1
493,1,0.30755755,0.44325304,0.24918936,c1,c234
494,1,0.3213018,0.35849273,0.32020545,c234,c234
495,1,0.7299648,0.19154172,0.0784935,c234,c1
502,1,0.1367279,0.32223868,0.5410334,c5,c5
530,1,0.33315933,0.44729677,0.21954393,c5,c234
546,1,0.61740685,0.2553706,0.1272226,c1,c1
551,1,0.6478702,0.27606392,0.076065935,c234,c1
557,1,0.654894,0.26885104,0.07625498,c1,c1
561,1,0.68793106,0.19738446,0.11468448,c234,c1
563,1,0.046900857,0.27656612,0.676533,c5,c5
566,1,0.66950256,0.2633608,0.06713667,c234,c1
567,1,0.65216076,0.27856293,0.069276355,c234,c1
568,1,0.76050204,0.18819796,0.05129995,c1,c1
572,1,0.56568074,0.34402537,0.090293825,c5,c1
577,1,0.137112,0.27624792,0.58664006,c5,c5
590,1,0.1613311,0.31928238,0.5193865,c5,c5
595,1,0.45714325,0.3440698,0.19878685,c1,c1
596,1,0.18136849,0.44452894,0.3741025,c1,c234
602,1,0.4110714,0.40425393,0.18467472,c5,c1
605,1,0.13083257,0.52125674,0.3479107,c234,c234
608,1,0.10254817,0.36820978,0.52924204,c1,c5
612,1,0.26972237,0.27642217,0.4538555,c5,c5
615,1,0.56715953,0.341823,0.09101742,c1,c1
616,1,0.0440588,0.18858817,0.767353,c5,c5
625,1,0.2545051,0.28884566,0.45664924,c5,c5
628,1,0.5184558,0.3426156,0.1389286,c1,c1
632,1,0.27261278,0.41134378,0.31604344,c1,c234
636,1,0.06854386,0.44958872,0.48186746,c234,c5
637,1,0.48639566,0.292109,0.2214953,c1,c1
639,1,0.22008929,0.5488646,0.23104613,c1,c234
640,1,0.17608209,0.5127549,0.31116298,c5,c234
653,1,0.51276964,0.35701084,0.13021947,c234,c1
654,1,0.20078056,0.3795291,0.41969037,c234,c5
661,1,0.16691312,0.2759585,0.55712837,c5,c5
671,1,0.25470376,0.30348524,0.44181105,c234,c5
672,1,0.098447345,0.4339461,0.4676066,c234,c5
673,1,0.09010901,0.3908428,0.5190482,c234,c5
674,1,0.43601394,0.39126998,0.17271602,c1,c1
678,1,0.38325787,0.29062557,0.32611653,c5,c1
689,1,0.23335977,0.45289811,0.31374207,c234,c234
692,1,0.56317717,0.3090574,0.1277654,c5,c1
701,1,0.24268302,0.46675703,0.29055995,c5,c234
706,1,0.6687938,0.23334014,0.09786615,c234,c1
707,1,0.36162886,0.34339836,0.29497278,c1,c1
720,1,0.3499282,0.4849236,0.16514814,c1,c234
728,1,0.7200989,0.20754954,0.07235156,c1,c1
735,1,0.45442438,0.30570123,0.23987441,c234,c1
736,1,0.31900853,0.43306243,0.24792907,c5,c234
743,1,0.2368728,0.4611776,0.30194965,c234,c234
746,1,0.27562279,0.49225125,0.232126,c5,c234
750,1,0.14447874,0.25915384,0.5963674,c5,c5
752,1,0.563662,0.33011833,0.10621969,c234,c1
753,1,0.70702714,0.21705718,0.07591572,c1,c1
758,1,0.64849204,0.21637078,0.13513719,c5,c1
764,1,0.27940682,0.38614622,0.33444697,c234,c234
767,1,0.63697445,0.29949296,0.063532636,c5,c1
768,1,0.06690131,0.4032696,0.5298291,c1,c5
770,1,0.37147,0.45181322,0.17671674,c234,c234
776,1,0.45288727,0.38539404,0.16171865,c1,c1
778,1,0.07387627,0.32012138,0.60600233,c5,c5
799,1,0.20541422,0.47307646,0.32150933,c234,c234
801,1,0.5252415,0.34009564,0.13466284,c234,c1
806,1,0.5239536,0.30322263,0.17282377,c1,c1
811,1,0.5229736,0.34053394,0.13649245,c1,c1
815,1,0.4244818,0.42681998,0.14869823,c1,c234
820,1,0.45046985,0.30899897,0.24053118,c5,c1
826,1,0.14332402,0.32129475,0.53538126,c5,c5
827,1,0.26101315,0.47240302,0.26658386,c5,c234
833,1,0.6347444,0.27623507,0.08902053,c234,c1
835,1,0.12169869,0.3829056,0.49539572,c5,c5
841,1,0.5958146,0.30711117,0.09707427,c234,c1
843,1,0.41889673,0.33511707,0.24598627,c5,c1
847,1,0.23778443,0.43617958,0.326036,c1,c234
850,1,0.563662,0.33011833,0.10621969,c1,c1
851,1,0.121656045,0.44002974,0.43831426,c5,c234
852,1,0.18697947,0.29826394,0.51475656,c1,c5
854,1,0.16626525,0.40666658,0.4270682,c234,c5
860,1,0.56306887,0.34097698,0.095954165,c1,c1
862,1,0.762502,0.18788843,0.04960955,c234,c1
863,1,0.17416818,0.30344406,0.52238774,c1,c5
865,1,0.22787003,0.36556044,0.4065695,c5,c5
866,1,0.057359476,0.23769037,0.70495015,c5,c5
867,1,0.20485578,0.3692292,0.425915,c5,c5
870,1,0.3767451,0.3748185,0.24843642,c1,c1
871,1,0.046206355,0.29181933,0.66197425,c5,c5
872,1,0.17038025,0.31105244,0.5185673,c234,c5
895,1,0.14750537,0.280104,0.5723906,c5,c5
899,1,0.0722409,0.4433943,0.48436484,c5,c5
912,1,0.44443348,0.38086402,0.17470251,c5,c1
924,1,0.07589931,0.3241842,0.59991646,c234,c5
935,1,0.14592662,0.34598142,0.508092,c5,c5
938,1,0.20818716,0.4369822,0.35483062,c234,c234
944,1,0.45186383,0.30967155,0.23846458,c1,c1
955,1,0.22300577,0.39861986,0.3783744,c234,c234
957,1,0.64618057,0.2392595,0.11455997,c1,c1
961,1,0.7577465,0.18831895,0.053934526,c234,c1
968,1,0.16747075,0.35985506,0.47267422,c5,c5
977,1,0.07356817,0.2399286,0.68650323,c5,c5
983,1,0.12527686,0.2550705,0.6196526,c234,c5
993,1,0.563662,0.33011833,0.10621969,c234,c1
994,1,0.15486063,0.43922246,0.40591696,c5,c234
999,1,0.06972722,0.31333604,0.6169368,c5,c5
1005,1,0.5768201,0.32415974,0.099020146,c234,c1
1011,1,0.29138428,0.5286603,0.17995545,c234,c234
1012,1,0.24812399,0.48794279,0.26393324,c234,c234
1026,1,0.34660828,0.3253898,0.32800192,c5,c1
1039,1,0.25474706,0.44775045,0.29750246,c5,c234
1042,1,0.11372903,0.4865949,0.39967614,c1,c234
1046,1,0.3869812,0.3899925,0.22302629,c234,c234
1048,1,0.35774344,0.46720523,0.17505132,c5,c234
1053,1,0.44840485,0.28988326,0.2617119,c1,c1
1056,1,0.62698656,0.29918346,0.073829986,c1,c1
1057,1,0.7694577,0.17392522,0.056617096,c234,c1
1063,1,0.14745265,0.40189573,0.45065165,c234,c5
1066,1,0.13918166,0.426101,0.43471733,c234,c5
1069,1,0.6267592,0.29070613,0.08253469,c234,c1
1074,1,0.5742161,0.26926112,0.1565227,c1,c1
1075,1,0.63661265,0.2357456,0.1276418,c234,c1
1077,1,0.4704557,0.38233775,0.14720653,c5,c1
1080,1,0.5823748,0.29971227,0.1179129,c5,c1
1088,1,0.34374636,0.42972273,0.22653091,c234,c234
1091,1,0.6458387,0.24944933,0.10471201,c5,c1
1092,1,0.08647427,0.31561548,0.5979103,c234,c5
1093,1,0.35906202,0.31675538,0.32418263,c5,c1
1097,1,0.2459037,0.53123456,0.2228617,c5,c234
1099,1,0.4614934,0.38221803,0.15628858,c234,c1
1108,1,0.15424298,0.29220197,0.5535551,c234,c5
1109,1,0.043681365,0.23883529,0.71748334,c234,c5
1111,1,0.32361105,0.46064642,0.21574256,c234,c234
1114,1,0.34380582,0.41982797,0.23636617,c1,c234
1119,1,0.5281023,0.37954295,0.092354804,c1,c1
1121,1,0.09233617,0.3353688,0.57229507,c234,c5
1129,1,0.10132638,0.48981625,0.40885735,c234,c234
1134,1,0.07293849,0.22001185,0.7070496,c5,c5
1135,1,0.24774888,0.3024295,0.4498217,c234,c5
1140,1,0.08161876,0.34878364,0.56959766,c5,c5
1144,1,0.08064891,0.2444156,0.67493546,c5,c5
1154,1,0.3462184,0.5107104,0.14307112,c1,c234
1160,1,0.13009931,0.27591655,0.5939842,c5,c5
1173,1,0.20304412,0.5257571,0.27119878,c234,c234
1181,1,0.13935593,0.26542133,0.5952227,c234,c5
1191,1,0.39173844,0.28944984,0.31881174,c5,c1
1200,1,0.23663992,0.38382328,0.37953687,c5,c234
1204,1,0.18624322,0.5390442,0.27471256,c234,c234
1205,1,0.35470596,0.42715254,0.21814153,c1,c234
1207,1,0.32359582,0.37489012,0.30151406,c5,c234
1208,1,0.2516166,0.45395333,0.29443005,c5,c234
1211,1,0.44673294,0.3078792,0.2453878,c5,c1
1213,1,0.16630912,0.34320757,0.49048328,c234,c5
1214,1,0.07456098,0.29317153,0.6322675,c5,c5
1217,1,0.27066997,0.4940243,0.2353057,c1,c234
1219,1,0.5621828,0.35839358,0.079423614,c234,c1
1225,1,0.4208356,0.38882944,0.19033492,c1,c1
1231,1,0.27413112,0.29517877,0.4306901,c5,c5
1232,1,0.1018107,0.34484184,0.5533475,c5,c5
1234,1,0.51025987,0.33600783,0.15373234,c5,c1
1247,1,0.14288375,0.46202332,0.395093,c5,c234
1252,1,0.38676414,0.39333463,0.21990128,c234,c234
1253,1,0.11725052,0.384262,0.49848747,c234,c5
1274,1,0.10576145,0.2877001,0.6065385,c5,c5
1276,1,0.46169168,0.40654722,0.13176118,c1,c1
1281,1,0.11433484,0.46724144,0.4184237,c1,c234
1282,1,0.1463449,0.33100328,0.5226518,c5,c5
1284,1,0.1885652,0.54483277,0.2666021,c1,c234
1287,1,0.44681418,0.3624158,0.19077002,c1,c1
1292,1,0.21521212,0.32437572,0.4604122,c1,c5
1294,1,0.37892613,0.44349647,0.17757742,c234,c234
1305,1,0.5157276,0.34060478,0.14366764,c1,c1
1309,1,0.12241237,0.34272775,0.53485984,c234,c5
1315,1,0.11992238,0.3009333,0.57914436,c234,c5
1323,1,0.38208872,0.3923931,0.22551817,c5,c234
1325,1,0.6991942,0.22274053,0.0780653,c1,c1
1331,1,0.53482634,0.37141427,0.093759336,c1,c1
1334,1,0.61567444,0.2556507,0.12867483,c5,c1
1359,1,0.16623512,0.36008942,0.47367543,c5,c5
1361,1,0.69639665,0.23280852,0.07079487,c5,c1
1364,1,0.1613558,0.37151763,0.46712655,c1,c5
1374,1,0.73364764,0.20983465,0.05651761,c234,c1
1376,1,0.32959735,0.40884084,0.26156184,c1,c234
1377,1,0.24774888,0.3024295,0.4498217,c234,c5
1378,1,0.1189438,0.2389933,0.6420629,c5,c5
1384,1,0.137949,0.45231742,0.4097336,c1,c234
1401,1,0.6799181,0.2641071,0.055974822,c234,c1
1405,1,0.5779225,0.30614653,0.11593092,c1,c1
1408,1,0.046362165,0.2347577,0.7188801,c5,c5
1410,1,0.20986219,0.47085798,0.3192798,c234,c234
1414,1,0.19776183,0.29649535,0.5057428,c5,c5
1419,1,0.57206905,0.3351341,0.09279679,c1,c1
1420,1,0.048474908,0.22015943,0.7313656,c5,c5
1435,1,0.06417762,0.38141236,0.55441,c5,c5
1438,1,0.3950624,0.47758442,0.12735312,c1,c234
1443,1,0.74569404,0.18721081,0.06709518,c5,c1
1449,1,0.21464802,0.3843367,0.40101528,c5,c5
1452,1,0.16352966,0.32383105,0.5126393,c5,c5
1457,1,0.23415762,0.3208379,0.44500446,c234,c5
1466,1,0.34433138,0.31826502,0.3374036,c1,c1
1468,1,0.3386969,0.29570982,0.3655933,c1,c5
1472,1,0.35390875,0.49190873,0.15418251,c5,c234
1473,1,0.13212404,0.4681917,0.3996842,c5,c234
1479,1,0.44243297,0.3825434,0.1750236,c1,c1
1482,1,0.3139418,0.2866958,0.3993624,c1,c5
1490,1,0.23894063,0.29733014,0.4637293,c1,c5
1496,1,0.20969014,0.54602355,0.24428628,c234,c234
1509,1,0.20265007,0.4343853,0.36296466,c5,c234
1510,1,0.3077459,0.49945998,0.19279417,c5,c234
1513,1,0.12682009,0.2930355,0.58014446,c1,c5
1518,1,0.21686834,0.45315257,0.32997906,c1,c234
1520,1,0.29220912,0.35097948,0.35681137,c5,c5
1529,1,0.18811327,0.45591128,0.35597545,c5,c234
1531,1,0.33874023,0.50970566,0.15155412,c234,c234
1533,1,0.50099385,0.2564455,0.24256071,c5,c1
1538,1,0.62928987,0.27902848,0.09168167,c1,c1
1542,1,0.13372561,0.32457244,0.5417019,c5,c5
1544,1,0.3830321,0.27683228,0.34013566,c5,c1
1550,1,0.22499904,0.44680902,0.32819194,c234,c234
1552,1,0.4249549,0.39081833,0.18422681,c1,c1
1555,1,0.08637636,0.24573317,0.6678905,c5,c5
1557,1,0.041295808,0.22814684,0.73055744,c5,c5
1559,1,0.33598816,0.31870967,0.3453021,c5,c5
1560,1,0.14651838,0.3420823,0.5113994,c234,c5
1561,1,0.3830321,0.27683228,0.34013566,c5,c1
1569,1,0.32612178,0.34738797,0.32649022,c5,c234
1570,1,0.328526,0.32091573,0.35055825,c5,c5
1586,1,0.07874994,0.40345564,0.51779443,c5,c5
1593,1,0.24774888,0.3024295,0.4498217,c234,c5
1597,1,0.11069222,0.25881636,0.63049144,c234,c5
1600,1,0.33598816,0.31870967,0.3453021,c5,c5
1607,1,0.12013736,0.2867908,0.5930718,c234,c5
1608,1,0.66629976,0.268209,0.065491185,c1,c1
1615,1,0.09603452,0.42475992,0.47920555,c1,c5
1617,1,0.71645784,0.22057082,0.06297129,c1,c1
1627,1,0.6727897,0.27034253,0.056867823,c5,c1
1638,1,0.056381784,0.30087852,0.6427397,c5,c5
1639,1,0.42166564,0.42930046,0.14903387,c1,c234
1646,1,0.07446933,0.26049525,0.6650355,c5,c5
1647,1,0.2982078,0.34552088,0.35627136,c5,c5
1665,1,0.19860655,0.31603858,0.4853549,c234,c5
1668,1,0.13177998,0.32731527,0.5409047,c234,c5
1673,1,0.15228997,0.38136435,0.46634567,c234,c5
1674,1,0.07713554,0.31079042,0.612074,c1,c5
1675,1,0.03890576,0.1984984,0.7625959,c5,c5
1676,1,0.56887984,0.28875214,0.142368,c1,c1
1683,1,0.52537996,0.35319737,0.121422715,c234,c1
1687,1,0.26865265,0.45365867,0.27768862,c234,c234
1691,1,0.25828493,0.52488005,0.21683498,c1,c234
1701,1,0.0467885,0.2213162,0.73189527,c5,c5
1710,1,0.4172091,0.33622053,0.24657041,c234,c1
1718,1,0.09172775,0.2646789,0.6435934,c234,c5
1721,1,0.13578294,0.39386138,0.47035572,c234,c5
1724,1,0.17924911,0.40153512,0.4192158,c5,c5
1726,1,0.055025596,0.32982755,0.6151468,c234,c5
1730,1,0.110312276,0.46036798,0.42931974,c234,c234
1731,1,0.48011932,0.32288823,0.19699247,c234,c1
1734,1,0.6594313,0.25939018,0.08117855,c1,c1
1738,1,0.27392334,0.4708767,0.25519997,c234,c234
1752,1,0.29783264,0.38692075,0.31524664,c5,c234
1755,1,0.35376468,0.4414108,0.20482454,c234,c234
1771,1,0.35271007,0.34132665,0.30596328,c5,c1
1772,1,0.037733898,0.24539599,0.7168701,c5,c5
1775,1,0.11780597,0.24440737,0.6377867,c234,c5
1781,1,0.18077841,0.47338945,0.34583217,c234,c234
1789,1,0.09165624,0.31734467,0.5909991,c5,c5
1793,1,0.6341163,0.23470654,0.13117717,c1,c1
1795,1,0.41821927,0.39533418,0.18644655,c1,c1
1799,1,0.10701105,0.28732184,0.6056671,c5,c5
1800,1,0.250132,0.42689353,0.32297453,c5,c234
1805,1,0.34901762,0.31525344,0.33572894,c1,c1
1807,1,0.41889673,0.33511707,0.24598627,c5,c1
1811,1,0.07406169,0.2792331,0.64670527,c5,c5
1814,1,0.11017194,0.38878578,0.5010423,c5,c5
1815,1,0.33234227,0.3915471,0.27611062,c5,c234
1818,1,0.060433675,0.25932688,0.68023944,c234,c5
1819,1,0.27332097,0.32807592,0.3986031,c5,c5
1821,1,0.3587867,0.3808048,0.2604085,c1,c234
1822,1,0.37501538,0.27794033,0.3470443,c5,c1
1827,1,0.08594936,0.22736041,0.6866902,c234,c5
1829,1,0.7596047,0.187426,0.052969288,c1,c1
1836,1,0.100654446,0.44912386,0.4502217,c234,c5
1840,1,0.52897143,0.35239244,0.11863617,c1,c1
1851,1,0.25087616,0.3512961,0.3978277,c234,c5
1855,1,0.24395688,0.47456414,0.281479,c234,c234
1856,1,0.38131437,0.39995563,0.21872999,c234,c234
1859,1,0.5265538,0.3715185,0.1019277,c1,c1
1873,1,0.14816493,0.33291802,0.518917,c1,c5
1874,1,0.33995754,0.40117955,0.25886294,c234,c234
1885,1,0.15812345,0.49183425,0.35004225,c5,c234
1891,1,0.2769851,0.31582537,0.40718952,c5,c5
1898,1,0.12683392,0.28697833,0.5861877,c1,c5
1899,1,0.22379242,0.32169977,0.45450777,c5,c5
1902,1,0.35133216,0.45818156,0.19048624,c234,c234
1903,1,0.17651822,0.37382594,0.44965592,c234,c5
1908,1,0.1286369,0.28002718,0.5913359,c234,c5
1909,1,0.56909513,0.31663316,0.11427169,c234,c1
1911,1,0.5584774,0.32220876,0.11931382,c234,c1
1918,1,0.19856939,0.365805,0.43562555,c234,c5
1920,1,0.11857037,0.37288076,0.5085489,c1,c5
1925,1,0.29242668,0.32801744,0.37955588,c234,c5
1926,1,0.1192161,0.3856808,0.49510303,c234,c5
1928,1,0.5922373,0.29799563,0.109767064,c234,c1
1929,1,0.40320784,0.47382075,0.12297144,c234,c234
1936,1,0.14114472,0.2783794,0.58047587,c1,c5
1937,1,0.33212006,0.34750694,0.32037297,c234,c234
1941,1,0.77377665,0.15828057,0.06794279,c1,c1
1953,1,0.36847165,0.31997743,0.31155095,c234,c1
1962,1,0.23241422,0.41635114,0.35123467,c234,c234
1964,1,0.099148944,0.30465555,0.5961954,c5,c5
1966,1,0.17566696,0.316272,0.50806105,c5,c5
1971,1,0.55464387,0.33544484,0.10991132,c234,c1
1972,1,0.15400767,0.46565628,0.38033608,c1,c234
1981,1,0.12896179,0.36962712,0.5014111,c1,c5
1982,1,0.07000456,0.3258386,0.60415685,c5,c5
1983,1,0.08890553,0.3723012,0.5387933,c234,c5
1985,1,0.2804062,0.36384842,0.3557454,c1,c234
1988,1,0.06284464,0.352149,0.58500636,c1,c5
1991,1,0.20230027,0.3580949,0.4396048,c5,c5
2006,1,0.37981173,0.43159312,0.18859513,c5,c234
2011,1,0.14348769,0.26322255,0.59328973,c5,c5
2022,1,0.13890411,0.3335392,0.5275567,c5,c5
2030,1,0.17223953,0.4415505,0.38621,c5,c234
2037,1,0.17749912,0.3120154,0.5104854,c5,c5
2040,1,0.13945982,0.40859637,0.45194378,c5,c5
2055,1,0.51523954,0.34171852,0.14304194,c5,c1
2056,1,0.14710085,0.52998924,0.3229099,c1,c234
2074,1,0.09992864,0.38985878,0.5102126,c234,c5
2077,1,0.07777376,0.32173422,0.600492,c5,c5
2086,1,0.39544734,0.44315043,0.16140223,c5,c234
2090,1,0.30041367,0.53001714,0.1695692,c234,c234
2094,1,0.37566575,0.30859956,0.31573465,c1,c1
2111,1,0.2955555,0.41556808,0.2888764,c234,c234
2113,1,0.7057524,0.2382079,0.056039754,c1,c1
2118,1,0.057857946,0.29911047,0.6430316,c5,c5
2122,1,0.20761968,0.359875,0.43250534,c5,c5
2125,1,0.17765705,0.46794978,0.35439315,c1,c234
2127,1,0.3076257,0.38244936,0.30992493,c5,c234
2131,1,0.07479116,0.23710623,0.6881026,c1,c5
2132,1,0.3384185,0.31629866,0.34528285,c234,c5
2134,1,0.12489491,0.31563818,0.55946684,c1,c5
2139,1,0.1205672,0.3203,0.55913275,c5,c5
2141,1,0.762502,0.18788843,0.04960955,c1,c1
2144,1,0.6063774,0.28580377,0.10781878,c1,c1
2148,1,0.07340703,0.2561532,0.6704398,c5,c5
2149,1,0.45717883,0.3824538,0.16036737,c234,c1
2153,1,0.6810693,0.24403141,0.0748993,c1,c1
2154,1,0.10037539,0.22530638,0.67431825,c5,c5
2162,1,0.096732445,0.36819723,0.53507024,c1,c5
2165,1,0.17005607,0.34549925,0.48444468,c1,c5
2175,1,0.32093912,0.41660184,0.26245898,c5,c234
2176,1,0.10524387,0.35266155,0.5420945,c234,c5
2177,1,0.13111988,0.29232606,0.576554,c5,c5
2178,1,0.50129545,0.29211763,0.20658688,c1,c1
2187,1,0.1377614,0.58683395,0.2754047,c5,c234
2189,1,0.07403669,0.23576249,0.6902008,c5,c5
2190,1,0.19866274,0.435405,0.36593232,c5,c234
2191,1,0.5904218,0.25919873,0.1503794,c234,c1
2192,1,0.32196325,0.4117219,0.26631483,c5,c234
2199,1,0.081101984,0.28718075,0.63171726,c5,c5
2201,1,0.5075171,0.32851875,0.16396412,c1,c1
2203,1,0.23258853,0.44213045,0.32528108,c234,c234
2208,1,0.13179643,0.44099006,0.42721358,c5,c234
2216,1,0.14912745,0.2520663,0.5988062,c234,c5
2223,1,0.753317,0.2015311,0.045151927,c234,c1
2226,1,0.68440086,0.20474324,0.110855915,c1,c1
2227,1,0.040570766,0.26378068,0.69564855,c234,c5
2228,1,0.4130601,0.45922953,0.12771039,c1,c234
2239,1,0.09603452,0.42475992,0.47920555,c234,c5
2240,1,0.44199574,0.42693523,0.13106903,c234,c1
2243,1,0.5355618,0.33096355,0.13347471,c1,c1
2251,1,0.17200606,0.35237384,0.47562012,c5,c5
2257,1,0.21164156,0.50919133,0.27916712,c1,c234
2262,1,0.4964093,0.25428492,0.24930577,c234,c1
2263,1,0.45442438,0.30570123,0.23987441,c1,c1
2274,1,0.2934253,0.45763916,0.24893561,c5,c234
2282,1,0.45442438,0.30570123,0.23987441,c234,c1
2286,1,0.3963527,0.3782255,0.22542182,c1,c1
2306,1,0.10227189,0.4147937,0.48293445,c1,c5
2310,1,0.071040444,0.30499047,0.6239691,c1,c5
2314,1,0.3778679,0.39611095,0.22602119,c5,c234
2319,1,0.0945928,0.38902512,0.5163821,c5,c5
2321,1,0.27472013,0.46628898,0.25899088,c1,c234
2327,1,0.3638985,0.36288375,0.27321777,c234,c1
2337,1,0.34642777,0.4255806,0.22799163,c234,c234
2338,1,0.12346165,0.4783883,0.3981501,c5,c234
2351,1,0.09603452,0.42475992,0.47920555,c234,c5
2355,1,0.040797647,0.30396885,0.65523344,c5,c5
2358,1,0.3461902,0.38345504,0.27035475,c1,c234
2365,1,0.4094824,0.43456352,0.15595412,c234,c234
2367,1,0.7226663,0.21881911,0.05851457,c234,c1
2368,1,0.21521212,0.32437572,0.4604122,c5,c5
2369,1,0.100762814,0.22692789,0.67230934,c5,c5
2374,1,0.14816493,0.33291802,0.518917,c1,c5
2375,1,0.39018854,0.3539977,0.2558138,c1,c1
2376,1,0.6895562,0.2325851,0.077858716,c1,c1
2381,1,0.092818275,0.32738656,0.5797951,c1,c5
2384,1,0.16239432,0.4126685,0.42493725,c1,c5
2386,1,0.08870136,0.34269395,0.56860465,c234,c5
2390,1,0.18699631,0.50868106,0.3043226,c234,c234
2402,1,0.3238923,0.47151944,0.20458825,c5,c234
2409,1,0.6934559,0.24712259,0.05942151,c234,c1
2411,1,0.5032697,0.29219604,0.20453428,c1,c1
2414,1,0.048107166,0.26403138,0.68786144,c5,c5
2419,1,0.53201836,0.31113908,0.15684256,c1,c1
2428,1,0.073290884,0.28422976,0.64247936,c5,c5
2431,1,0.15447608,0.28923416,0.55628973,c5,c5
2437,1,0.4642819,0.3582878,0.17743029,c1,c1
2444,1,0.03235981,0.12816533,0.83947486,c1,c5
2450,1,0.17545265,0.49015072,0.3343966,c5,c234
2452,1,0.24774888,0.3024295,0.4498217,c234,c5
2454,1,0.15971166,0.4557544,0.384534,c234,c234
2455,1,0.20305115,0.34755868,0.44939017,c5,c5
2463,1,0.5958146,0.30711117,0.09707427,c234,c1
2464,1,0.563662,0.33011833,0.10621969,c5,c1
2465,1,0.4177859,0.39938474,0.18282934,c234,c1
2468,1,0.12082111,0.37470797,0.50447094,c1,c5
2470,1,0.16959876,0.3579902,0.472411,c1,c5
2482,1,0.16061729,0.27423835,0.56514436,c5,c5
2483,1,0.37917063,0.34189418,0.2789352,c1,c1
2488,1,0.6154796,0.29692793,0.08759245,c1,c1
2500,1,0.15961808,0.35681856,0.4835634,c5,c5
2511,1,0.25336027,0.4189972,0.3276425,c1,c234
2513,1,0.37349027,0.48608366,0.14042611,c1,c234
2522,1,0.088293545,0.3291735,0.58253294,c5,c5
2525,1,0.177992,0.2681033,0.55390465,c1,c5
2527,1,0.17988548,0.49789384,0.3222207,c5,c234
2536,1,0.6289094,0.2870507,0.08403991,c1,c1
2540,1,0.24587424,0.31139806,0.4427277,c1,c5
2548,1,0.27917057,0.3606622,0.36016724,c5,c234
2549,1,0.08967074,0.31899884,0.59133047,c5,c5
2555,1,0.120097175,0.4150054,0.46489745,c234,c5
2561,1,0.053145725,0.28856844,0.6582858,c5,c5
2567,1,0.14816493,0.33291802,0.518917,c1,c5
2569,1,0.6333381,0.28399068,0.082671225,c234,c1
2575,1,0.563662,0.33011833,0.10621969,c234,c1
2579,1,0.5780395,0.33803287,0.08392762,c1,c1
2580,1,0.563662,0.33011833,0.10621969,c5,c1
2585,1,0.5131082,0.3791282,0.107763596,c234,c1
2592,1,0.13083978,0.2844925,0.5846678,c5,c5
2595,1,0.20333621,0.33099535,0.4656685,c1,c5
2616,1,0.37996688,0.3693345,0.25069863,c5,c1
2621,1,0.34901762,0.31525344,0.33572894,c5,c1
2622,1,0.6888465,0.23890324,0.07225025,c1,c1
2628,1,0.3818257,0.46130115,0.15687318,c234,c234
2632,1,0.19082858,0.26142144,0.54775,c234,c5
2633,1,0.4657716,0.31362173,0.22060658,c234,c1
2636,1,0.13618934,0.3893907,0.47441998,c5,c5
2637,1,0.06853962,0.28180924,0.6496511,c5,c5
2639,1,0.07930675,0.3169745,0.60371876,c234,c5
2646,1,0.08408966,0.3721096,0.5438007,c1,c5
2648,1,0.4577879,0.43746462,0.10474748,c1,c1
2649,1,0.2027835,0.45664504,0.3405714,c234,c234
2651,1,0.18312919,0.49694672,0.31992406,c234,c234
2655,1,0.34426776,0.4082795,0.24745272,c1,c234
2657,1,0.18991244,0.43323058,0.376857,c5,c234
2659,1,0.33527866,0.46450207,0.2002193,c1,c234
2660,1,0.2468781,0.5668368,0.18628514,c1,c234
2662,1,0.52312374,0.34308338,0.13379283,c1,c1
2675,1,0.29601106,0.3980591,0.30592987,c234,c234
2692,1,0.26055795,0.26433828,0.47510383,c5,c5
2693,1,0.66890985,0.26505283,0.06603729,c1,c1
2694,1,0.7908028,0.16616644,0.043030787,c1,c1
2695,1,0.13022938,0.2915127,0.5782579,c5,c5
2699,1,0.563662,0.33011833,0.10621969,c1,c1
2703,1,0.45347455,0.40362415,0.14290127,c234,c1
2715,1,0.563662,0.33011833,0.10621969,c1,c1
2725,1,0.18712658,0.38180882,0.43106458,c5,c5
2729,1,0.4098399,0.3464917,0.24366836,c5,c1
2750,1,0.42977566,0.3752519,0.19497243,c1,c1
2759,1,0.16742983,0.2700211,0.56254905,c1,c5
2763,1,0.090985954,0.44241485,0.46659926,c234,c5
2768,1,0.39616647,0.45570657,0.14812696,c1,c234
2791,1,0.34841332,0.34563863,0.305948,c234,c1
2802,1,0.44581327,0.31862783,0.23555885,c5,c1
2803,1,0.12666512,0.34523737,0.52809757,c234,c5
2805,1,0.4484851,0.33336723,0.2181477,c5,c1
2809,1,0.045080796,0.22877157,0.7261476,c1,c5
2814,1,0.08298325,0.2843848,0.6326319,c234,c5
2815,1,0.24207665,0.34553346,0.4123899,c5,c5
2818,1,0.2773843,0.29851773,0.42409799,c234,c5
2819,1,0.2542756,0.42948574,0.3162387,c234,c234
2822,1,0.66526747,0.27504903,0.059683543,c234,c1
2823,1,0.34889022,0.34114116,0.30996865,c234,c1
2824,1,0.37391108,0.4166572,0.2094317,c234,c234
2825,1,0.07264842,0.2905042,0.6368474,c1,c5
2830,1,0.2916852,0.3144115,0.3939033,c5,c5
2833,1,0.08614434,0.21066105,0.7031947,c5,c5
2836,1,0.08515255,0.40902662,0.5058209,c5,c5
2842,1,0.106848605,0.44374102,0.44941035,c1,c5
2843,1,0.5031341,0.329199,0.16766696,c1,c1
2844,1,0.14455579,0.3821578,0.47328642,c1,c5
2845,1,0.18256451,0.3405346,0.47690088,c5,c5
2846,1,0.22850116,0.3947182,0.3767807,c5,c234
2852,1,0.12850714,0.34812668,0.52336615,c234,c5
2859,1,0.09425506,0.41404927,0.49169564,c234,c5
2863,1,0.09616186,0.29666978,0.6071684,c234,c5
2864,1,0.12842777,0.4741477,0.39742458,c234,c234
2866,1,0.36476895,0.45631662,0.17891443,c234,c234
2874,1,0.6392268,0.25173438,0.10903889,c234,c1
2877,1,0.40770838,0.2998465,0.29244506,c1,c1
2885,1,0.24624352,0.48863888,0.26511762,c5,c234
2889,1,0.4089729,0.4349244,0.1561027,c1,c234
2893,1,0.5568205,0.27713063,0.16604884,c5,c1
2898,1,0.39099184,0.42845184,0.1805563,c5,c234
2904,1,0.19798149,0.4006177,0.40140086,c5,c5
2908,1,0.47431517,0.3873138,0.13837099,c1,c1
2915,1,0.17503598,0.41530168,0.40966237,c5,c234
2916,1,0.3152027,0.44055015,0.24424714,c234,c234
2917,1,0.5530925,0.26286188,0.18404558,c5,c1
2920,1,0.17725109,0.35001892,0.47272995,c5,c5
2929,1,0.19956936,0.43430617,0.36612448,c5,c234
2930,1,0.1651674,0.44428286,0.3905497,c234,c234
2936,1,0.35731477,0.39096618,0.25171903,c234,c234
2945,1,0.20087224,0.23162627,0.5675015,c234,c5
2947,1,0.29451743,0.396244,0.30923855,c234,c234
2949,1,0.063979454,0.24142645,0.694594,c5,c5
2952,1,0.28590533,0.33500782,0.37908685,c234,c5
2954,1,0.06415317,0.242082,0.69376475,c5,c5
2963,1,0.2751074,0.41658,0.30831257,c1,c234
2966,1,0.34551707,0.4269171,0.22756582,c5,c234
2970,1,0.20116109,0.35352305,0.4453158,c5,c5
2984,1,0.13406701,0.47438142,0.39155152,c1,c234
2990,1,0.19543056,0.42240182,0.38216767,c234,c234
2991,1,0.32901144,0.44208524,0.2289033,c234,c234
2992,1,0.17708644,0.3267472,0.4961664,c5,c5
3009,1,0.24474381,0.2957765,0.45947972,c234,c5
3018,1,0.14668667,0.4162423,0.43707103,c234,c5
3026,1,0.28762576,0.32979977,0.38257444,c5,c5
3039,1,0.10912523,0.30152518,0.5893496,c5,c5
3051,1,0.30825683,0.35658163,0.3351615,c234,c234
3066,1,0.39892623,0.37982258,0.22125126,c234,c1
3068,1,0.563662,0.33011833,0.10621969,c1,c1
3079,1,0.22355488,0.4822467,0.29419833,c1,c234
3097,1,0.1613311,0.31928238,0.5193865,c5,c5
3098,1,0.19034342,0.28448638,0.5251702,c234,c5
3099,1,0.5291241,0.27598435,0.19489163,c1,c1
3102,1,0.1613311,0.31928238,0.5193865,c234,c5
3121,1,0.16818017,0.41951457,0.41230533,c234,c234
3123,1,0.71288127,0.2203556,0.06676312,c1,c1
3125,1,0.2235596,0.3380904,0.43835008,c5,c5
3127,1,0.27396426,0.4914441,0.23459163,c234,c234
3129,1,0.45499554,0.39562076,0.14938368,c5,c1
3130,1,0.38714,0.31505853,0.2978014,c234,c1
3131,1,0.17225061,0.33585352,0.4918958,c1,c5
3134,1,0.5329329,0.32654178,0.14052533,c1,c1
3146,1,0.31789267,0.4536403,0.22846694,c234,c234
3150,1,0.078790806,0.41465253,0.5065567,c234,c5
3153,1,0.12000527,0.35897002,0.5210247,c234,c5
3155,1,0.3379027,0.44017053,0.22192684,c5,c234
3158,1,0.08517178,0.33050674,0.5843215,c5,c5
3160,1,0.45035517,0.3184154,0.23122947,c234,c1
3168,1,0.7248426,0.2177701,0.05738723,c234,c1
3170,1,0.0768992,0.31765074,0.60545003,c5,c5
3172,1,0.14478493,0.500438,0.35477707,c234,c234
3173,1,0.52495503,0.36634347,0.1087015,c5,c1
3175,1,0.09899951,0.54387975,0.35712072,c234,c234
3178,1,0.23060913,0.33485916,0.43453178,c1,c5
3182,1,0.07277333,0.23811989,0.6891069,c234,c5
3183,1,0.25175932,0.38829374,0.35994688,c1,c234
3194,1,0.089943916,0.39347458,0.5165816,c5,c5
3200,1,0.18991244,0.43323058,0.376857,c1,c234
3209,1,0.7656711,0.1835803,0.050748672,c5,c1
3213,1,0.5329021,0.33242488,0.13467298,c234,c1
3221,1,0.7369157,0.18541393,0.07767034,c1,c1
3223,1,0.462848,0.3647043,0.17244771,c234,c1
3226,1,0.27957943,0.4404312,0.27998927,c1,c234
3232,1,0.12498522,0.40355572,0.471459,c234,c5
3248,1,0.28843778,0.48422313,0.22733901,c234,c234
3252,1,0.04865331,0.23078407,0.7205626,c1,c5
3257,1,0.098535806,0.2682735,0.63319063,c1,c5
3261,1,0.098395534,0.33482397,0.56678045,c5,c5
3263,1,0.32612178,0.34738797,0.32649022,c234,c234
3264,1,0.69639665,0.23280852,0.07079487,c1,c1
3268,1,0.20775795,0.43714732,0.3550947,c5,c234
3289,1,0.2733709,0.49265975,0.2339693,c5,c234
3290,1,0.16910769,0.30322012,0.5276722,c5,c5
3291,1,0.09667908,0.20788316,0.6954377,c5,c5
3295,1,0.33388552,0.5355704,0.13054413,c234,c234
3304,1,0.25610188,0.3225843,0.42131385,c1,c5
3307,1,0.1712898,0.44733948,0.3813707,c1,c234
3308,1,0.3972902,0.42654243,0.17616737,c5,c234
3310,1,0.34460798,0.3725646,0.28282738,c5,c234
3313,1,0.05411091,0.16611475,0.7797743,c5,c5
3323,1,0.4875897,0.3295876,0.18282278,c1,c1
3328,1,0.05758278,0.255155,0.6872622,c5,c5
3335,1,0.59290224,0.3138806,0.093217164,c1,c1
3339,1,0.6445557,0.26010633,0.095337994,c234,c1
3341,1,0.35639897,0.42583838,0.21776262,c1,c234
3344,1,0.43413857,0.34046823,0.22539315,c5,c1
3346,1,0.09460169,0.3270234,0.57837486,c234,c5
3347,1,0.49454415,0.35262674,0.15282907,c234,c1
3354,1,0.5157993,0.29075342,0.19344725,c234,c1
3358,1,0.66561264,0.23783903,0.09654834,c5,c1
3372,1,0.23706488,0.45130017,0.31163493,c234,c234
3383,1,0.22729054,0.3401223,0.43258715,c234,c5
3389,1,0.60345095,0.3223344,0.07421465,c1,c1
3391,1,0.06840912,0.320675,0.6109159,c5,c5
3395,1,0.762502,0.18788843,0.04960955,c234,c1
3406,1,0.050304852,0.21263324,0.73706186,c5,c5
3417,1,0.1726557,0.31302094,0.51432335,c5,c5
3419,1,0.23456341,0.454235,0.31120157,c234,c234
3420,1,0.14423427,0.4002906,0.45547515,c5,c5
3424,1,0.060429115,0.23641928,0.70315164,c5,c5
3446,1,0.08735069,0.24672171,0.6659276,c5,c5
3449,1,0.47050768,0.32934055,0.20015177,c234,c1
3457,1,0.11763066,0.2608914,0.62147796,c5,c5
3460,1,0.7034718,0.20804742,0.0884808,c1,c1
3461,1,0.17874806,0.48755115,0.3337008,c1,c234
3485,1,0.06182893,0.3311575,0.6070135,c234,c5
3488,1,0.19956206,0.40837657,0.39206132,c5,c234
3496,1,0.18022145,0.38031983,0.43945873,c234,c5
3497,1,0.42951328,0.2914403,0.27904645,c1,c1
3502,1,0.19345497,0.27461115,0.53193396,c5,c5
3504,1,0.34238204,0.48875126,0.1688667,c234,c234
3507,1,0.30991313,0.26596192,0.4241249,c234,c5
3510,1,0.18693015,0.3253606,0.4877092,c234,c5
3517,1,0.762502,0.18788843,0.04960955,c234,c1
3519,1,0.33598816,0.31870967,0.3453021,c234,c5
3522,1,0.3245794,0.3191112,0.35630944,c5,c5
3526,1,0.18207802,0.33456585,0.4833561,c1,c5
3530,1,0.5235709,0.31079298,0.16563615,c234,c1
3533,1,0.225755,0.33433738,0.43990758,c234,c5
3541,1,0.762502,0.18788843,0.04960955,c1,c1
3544,1,0.17886987,0.4292961,0.39183402,c1,c234
3545,1,0.55842626,0.36640376,0.07516994,c5,c1
3555,1,0.37501538,0.27794033,0.3470443,c234,c1
3562,1,0.11054768,0.28153628,0.607916,c234,c5
3563,1,0.3504542,0.3852512,0.26429465,c1,c234
3571,1,0.26203546,0.32622784,0.41173673,c1,c5
3572,1,0.185292,0.29045627,0.52425176,c5,c5
3579,1,0.17727321,0.3803142,0.44241259,c234,c5
3584,1,0.45361137,0.381257,0.16513161,c1,c1
3585,1,0.051520556,0.26850238,0.679977,c5,c5
3587,1,0.68511164,0.24089347,0.07399488,c234,c1
3588,1,0.10785736,0.23689787,0.65524477,c5,c5
3592,1,0.34433138,0.31826502,0.3374036,c234,c1
3611,1,0.5206092,0.37727642,0.10211436,c234,c1
3613,1,0.19975792,0.4308073,0.36943483,c5,c234
3618,1,0.52914333,0.31081113,0.16004558,c5,c1
3623,1,0.42865217,0.32247433,0.24887346,c1,c1
3640,1,0.47617957,0.34864366,0.1751767,c234,c1
3643,1,0.25481483,0.489373,0.25581217,c1,c234
3650,1,0.7829581,0.15308587,0.06395606,c1,c1
3657,1,0.5891868,0.3175903,0.093222894,c1,c1
3662,1,0.18069865,0.33110034,0.48820096,c5,c5
3664,1,0.08582579,0.28493777,0.6292364,c234,c5
3674,1,0.3629083,0.3878969,0.24919476,c1,c234
3676,1,0.20973182,0.4932688,0.2969994,c5,c234
3678,1,0.4294259,0.4016884,0.16888562,c234,c1
3682,1,0.4319907,0.33256587,0.23544338,c5,c1
3689,1,0.0537856,0.2251641,0.72105026,c234,c5
3695,1,0.37501538,0.27794033,0.3470443,c5,c1
3698,1,0.34054524,0.41806045,0.2413943,c1,c234
3713,1,0.4853031,0.31135258,0.20334432,c1,c1
3725,1,0.060146827,0.28750545,0.65234774,c234,c5
3726,1,0.42974243,0.3827461,0.18751153,c234,c1
3727,1,0.06763283,0.24528569,0.68708146,c234,c5
3734,1,0.09603452,0.42475992,0.47920555,c234,c5
3740,1,0.15769953,0.47577235,0.36652812,c1,c234
3745,1,0.23285824,0.46878156,0.29836014,c1,c234
3749,1,0.08450881,0.36924675,0.54624444,c234,c5
3756,1,0.43393674,0.40704915,0.15901405,c234,c1
3760,1,0.44262326,0.44959354,0.107783146,c1,c234
3762,1,0.70702714,0.21705718,0.07591572,c1,c1
3766,1,0.21236975,0.3800718,0.40755844,c234,c5
3772,1,0.1409644,0.3499139,0.5091217,c234,c5
3775,1,0.26036033,0.43511757,0.3045221,c234,c234
3776,1,0.41059473,0.31985936,0.2695459,c5,c1
3788,1,0.37192324,0.4104396,0.2176372,c234,c234
3790,1,0.5445977,0.3436202,0.111782074,c1,c1
3803,1,0.120335385,0.27330688,0.60635775,c234,c5
3804,1,0.16345355,0.48489445,0.35165206,c5,c234
3808,1,0.65345615,0.26531145,0.08123242,c1,c1
3820,1,0.40770838,0.2998465,0.29244506,c1,c1
3831,1,0.49722543,0.3046536,0.19812092,c1,c1
3836,1,0.24842726,0.382804,0.36876872,c234,c234
3837,1,0.21302064,0.29350203,0.4934773,c5,c5
3838,1,0.19331342,0.4380916,0.36859503,c1,c234
3839,1,0.23017855,0.38079962,0.38902187,c234,c5
3845,1,0.08710493,0.23706497,0.67583007,c234,c5
3847,1,0.23815052,0.37420627,0.38764328,c234,c5
3858,1,0.33598816,0.31870967,0.3453021,c234,c5
3862,1,0.19329365,0.3274817,0.47922465,c234,c5
3863,1,0.5135095,0.37459257,0.111897916,c1,c1
3866,1,0.45796216,0.42251298,0.11952492,c5,c1
3868,1,0.3470444,0.35473263,0.29822296,c1,c234
3870,1,0.3750956,0.3902758,0.23462856,c1,c234
3872,1,0.22454897,0.29046828,0.48498276,c234,c5
3878,1,0.14414223,0.41002187,0.44583583,c234,c5
3881,1,0.62928987,0.27902848,0.09168167,c5,c1
3886,1,0.2961188,0.3969421,0.3069391,c1,c234
3890,1,0.12407357,0.46189046,0.41403595,c1,c234
3893,1,0.07478943,0.30266476,0.6225458,c1,c5
3907,1,0.116830684,0.30810857,0.5750608,c234,c5
3923,1,0.101755574,0.2262374,0.6720071,c5,c5
3924,1,0.41084203,0.3941876,0.19497034,c234,c1
3928,1,0.18451177,0.45935467,0.35613364,c5,c234
3939,1,0.36400697,0.4724421,0.16355088,c234,c234
3946,1,0.119555004,0.49845377,0.3819912,c1,c234
3948,1,0.55574155,0.2814986,0.16275987,c5,c1
3949,1,0.2151469,0.49091557,0.29393747,c5,c234
3952,1,0.5320856,0.2905995,0.17731492,c5,c1
3956,1,0.25955445,0.48278525,0.25766036,c234,c234
3957,1,0.5241157,0.37916902,0.09671524,c1,c1
3966,1,0.29159108,0.34310675,0.36530212,c234,c5
3968,1,0.16956125,0.49691036,0.33352837,c5,c234
3973,1,0.2627226,0.29080743,0.44647002,c5,c5
3975,1,0.34921193,0.43894318,0.2118449,c234,c234
3976,1,0.24620576,0.4632411,0.29055315,c5,c234
3980,1,0.20942762,0.43787217,0.3527002,c1,c234
3981,1,0.7438687,0.19619341,0.05993795,c234,c1
3993,1,0.17141528,0.3787263,0.44985843,c5,c5
3994,1,0.16698454,0.52104723,0.31196818,c5,c234
3996,1,0.6113018,0.25610706,0.13259116,c1,c1
4007,1,0.3483006,0.31488672,0.3368127,c234,c1
4015,1,0.2771274,0.33986494,0.3830077,c234,c5
4019,1,0.58531827,0.32721347,0.08746833,c1,c1
4028,1,0.3830321,0.27683228,0.34013566,c5,c1
4034,1,0.6445686,0.25517398,0.10025746,c234,c1
4042,1,0.2330089,0.4352117,0.3317794,c1,c234
4049,1,0.654894,0.26885104,0.07625498,c234,c1
4050,1,0.053113446,0.22785947,0.71902704,c5,c5
4054,1,0.09303302,0.358903,0.548064,c1,c5
4056,1,0.62976295,0.29747897,0.07275811,c234,c1
4058,1,0.05869319,0.27352315,0.6677837,c234,c5
4070,1,0.42421085,0.3326013,0.24318783,c5,c1
4072,1,0.16891177,0.41077614,0.42031214,c5,c5
4074,1,0.07253216,0.22470027,0.70276755,c234,c5
4078,1,0.23103987,0.29593766,0.47302252,c5,c5
4081,1,0.4397844,0.42562973,0.13458589,c234,c1
4084,1,0.06603187,0.30900282,0.6249653,c5,c5
4092,1,0.28580955,0.3829591,0.33123136,c234,c234
4101,1,0.13760431,0.39574844,0.46664727,c234,c5
4104,1,0.383049,0.2768107,0.34014025,c234,c1
4105,1,0.6609476,0.24420503,0.094847314,c1,c1
4115,1,0.1101983,0.34259835,0.54720336,c234,c5
4120,1,0.06821109,0.18471666,0.7470722,c5,c5
4126,1,0.56764287,0.33744815,0.094908975,c234,c1
4144,1,0.26120478,0.5288088,0.20998643,c5,c234
4147,1,0.13318092,0.33334863,0.5334705,c234,c5
4161,1,0.22264397,0.39646998,0.38088605,c5,c234
4174,1,0.3697251,0.29448286,0.33579203,c234,c1
4179,1,0.38238338,0.32299805,0.29461858,c5,c1
4181,1,0.20681508,0.4428804,0.35030448,c234,c234
4183,1,0.050105803,0.22854087,0.72135335,c5,c5
4189,1,0.29988557,0.34117094,0.35894343,c234,c5
4190,1,0.15213186,0.2734482,0.57442,c5,c5
4193,1,0.2026917,0.32071358,0.47659475,c234,c5
4196,1,0.34380582,0.41982797,0.23636617,c1,c234
4200,1,0.27936554,0.40855134,0.31208307,c1,c234
4207,1,0.33322865,0.37303895,0.29373243,c5,c234
4210,1,0.19082858,0.26142144,0.54775,c5,c5
4214,1,0.37501538,0.27794033,0.3470443,c5,c1
4228,1,0.21675687,0.32515234,0.45809075,c234,c5
4230,1,0.3470932,0.46275893,0.19014785,c5,c234
4244,1,0.46539417,0.393291,0.14131483,c1,c1
4246,1,0.383049,0.2768107,0.34014025,c5,c1
4252,1,0.25753906,0.34174654,0.40071443,c5,c5
4254,1,0.050540414,0.15422845,0.7952311,c5,c5
4257,1,0.37354782,0.31889868,0.3075535,c5,c1
4261,1,0.26753873,0.40640697,0.3260543,c1,c234
4263,1,0.07995504,0.3367055,0.58333945,c5,c5
4264,1,0.13654,0.47401857,0.38944137,c234,c234
4276,1,0.34193325,0.36150634,0.29656044,c1,c234
4277,1,0.2757471,0.42859998,0.29565293,c1,c234
4280,1,0.20631649,0.38217035,0.41151318,c1,c5
4292,1,0.09985414,0.3133326,0.5868133,c234,c5
4293,1,0.19922747,0.28211993,0.51865256,c5,c5
4295,1,0.14014708,0.30230314,0.5575498,c5,c5
4298,1,0.09291873,0.34038085,0.5667004,c5,c5
4299,1,0.16326283,0.4416327,0.39510456,c234,c234
4300,1,0.32701647,0.35483694,0.3181466,c5,c234
4307,1,0.11359324,0.277701,0.60870576,c5,c5
4309,1,0.1612059,0.4917236,0.34707057,c234,c234
4311,1,0.29928976,0.43596262,0.26474768,c234,c234
4312,1,0.17140505,0.3720141,0.45658082,c234,c5
4321,1,0.762502,0.18788843,0.04960955,c1,c1
4322,1,0.073796555,0.26265553,0.66354793,c5,c5
4337,1,0.6484354,0.23347571,0.118088864,c1,c1
4339,1,0.3758634,0.42850345,0.19563313,c234,c234
4342,1,0.19010465,0.3243277,0.48556775,c234,c5
4346,1,0.15455505,0.489499,0.35594594,c234,c234
4348,1,0.3961004,0.39542404,0.2084756,c1,c1
4355,1,0.4320499,0.39089674,0.17705338,c234,c1
4358,1,0.13122782,0.4211338,0.44763836,c234,c5
4364,1,0.4334017,0.311939,0.25465935,c234,c1
4366,1,0.05652745,0.25482723,0.68864536,c5,c5
4383,1,0.080542915,0.37598965,0.54346746,c5,c5
4388,1,0.346019,0.31486169,0.33911934,c5,c1
4394,1,0.14287964,0.4564045,0.40071586,c5,c234
4414,1,0.20938678,0.324364,0.46624923,c5,c5
4423,1,0.15440266,0.27527347,0.5703239,c234,c5
4424,1,0.12957938,0.30865175,0.5617689,c5,c5
4428,1,0.33952543,0.38943416,0.27104044,c1,c234
4434,1,0.29382822,0.32446492,0.3817069,c5,c5
4439,1,0.2717688,0.38829422,0.33993694,c1,c234
4440,1,0.062315617,0.25117075,0.68651366,c5,c5
4448,1,0.050011538,0.20858659,0.74140185,c5,c5
4453,1,0.486566,0.29846838,0.2149656,c1,c1
4462,1,0.06510768,0.2273591,0.7075333,c5,c5
4470,1,0.3228319,0.40874586,0.26842228,c234,c234
4471,1,0.2653843,0.386179,0.34843677,c234,c234
4473,1,0.07089097,0.3167045,0.6124045,c5,c5
4481,1,0.15759067,0.3447563,0.4976531,c5,c5
4485,1,0.15707074,0.29389486,0.5490344,c234,c5
4497,1,0.45586994,0.41507432,0.12905577,c234,c1
4502,1,0.16234916,0.5364975,0.3011534,c1,c234
4507,1,0.10597858,0.293905,0.6001165,c5,c5
4525,1,0.44397184,0.3712015,0.18482666,c5,c1
4528,1,0.5671503,0.32768095,0.10516871,c1,c1
4531,1,0.32803705,0.37531665,0.29664633,c1,c234
4541,1,0.45914376,0.33481145,0.20604485,c234,c1
4542,1,0.47787955,0.29444897,0.22767147,c234,c1
4545,1,0.05786386,0.24269581,0.69944036,c1,c5
4564,1,0.19264705,0.48042837,0.32692456,c1,c234
4568,1,0.18242764,0.35331658,0.46425578,c5,c5
4578,1,0.2781394,0.29878277,0.4230778,c1,c5
4579,1,0.33371368,0.45309415,0.21319212,c1,c234
4586,1,0.14938685,0.32664958,0.5239635,c5,c5
4589,1,0.36165997,0.4410778,0.19726218,c234,c234
4597,1,0.3582836,0.438697,0.20301934,c234,c234
4600,1,0.64667195,0.24755533,0.10577268,c234,c1
4607,1,0.3328191,0.34541762,0.32176325,c234,c234
4609,1,0.33680695,0.4937893,0.16940372,c1,c234
4610,1,0.22279377,0.47861427,0.29859194,c1,c234
4612,1,0.39984518,0.2885079,0.31164694,c1,c1
4615,1,0.048837747,0.291952,0.65921026,c234,c5
4617,1,0.15045786,0.3914986,0.45804358,c5,c5
4622,1,0.37204754,0.2929518,0.33500072,c1,c1
4626,1,0.28369063,0.4615446,0.2547647,c234,c234
4628,1,0.5449472,0.35547072,0.099582046,c5,c1
4637,1,0.54265416,0.31334612,0.14399981,c1,c1
4639,1,0.13058153,0.52922404,0.34019443,c234,c234
4644,1,0.16803987,0.40795797,0.42400208,c1,c5
4645,1,0.10739158,0.32881668,0.56379175,c5,c5
4656,1,0.09195091,0.339809,0.56824,c234,c5
4659,1,0.057873763,0.25877136,0.6833548,c234,c5
4674,1,0.11653808,0.5182229,0.365239,c234,c234
4675,1,0.5022058,0.36585513,0.13193904,c234,c1
4678,1,0.44196874,0.2975762,0.2604551,c1,c1
4681,1,0.7100033,0.18840793,0.10158884,c1,c1
4685,1,0.23458391,0.3043255,0.46109062,c234,c5
4688,1,0.085191414,0.32056847,0.59424007,c5,c5
4689,1,0.08309599,0.34291303,0.57399094,c234,c5
4694,1,0.5544555,0.23841012,0.20713432,c5,c1
4697,1,0.37544644,0.3243571,0.3001965,c1,c1
4700,1,0.10695286,0.42778412,0.4652631,c5,c5
4706,1,0.40998477,0.31513387,0.2748814,c5,c1
4717,1,0.4577844,0.33201173,0.2102039,c5,c1
4721,1,0.51321816,0.31712675,0.16965507,c234,c1
4722,1,0.5320856,0.2905995,0.17731492,c1,c1
4732,1,0.17379867,0.46476883,0.3614325,c234,c234
4741,1,0.11855798,0.3971788,0.48426327,c1,c5
4742,1,0.26762795,0.27975363,0.45261842,c234,c5
4752,1,0.12184153,0.332902,0.5452565,c5,c5
4758,1,0.26451185,0.4084606,0.32702753,c5,c234
4760,1,0.046767246,0.23651998,0.7167128,c234,c5
4765,1,0.09603452,0.42475992,0.47920555,c234,c5
4770,1,0.6346794,0.2583187,0.10700189,c5,c1
4771,1,0.45254785,0.38015422,0.16729794,c234,c1
4775,1,0.45442438,0.30570123,0.23987441,c1,c1
4780,1,0.14394744,0.25178415,0.6042684,c5,c5
4803,1,0.56710106,0.32901523,0.10388369,c1,c1
4805,1,0.29475525,0.41032758,0.2949172,c1,c234
4809,1,0.17873506,0.430967,0.39029795,c1,c234
4810,1,0.3836215,0.44882756,0.1675509,c5,c234
4814,1,0.3007621,0.4779836,0.22125429,c1,c234
4818,1,0.3357429,0.37666884,0.28758833,c1,c234
4820,1,0.563662,0.33011833,0.10621969,c234,c1
4823,1,0.19077808,0.39596885,0.41325304,c234,c5
4829,1,0.6953884,0.22976308,0.07484854,c1,c1
4831,1,0.3582101,0.38829976,0.25349015,c1,c234
4833,1,0.31850246,0.4374721,0.24402548,c234,c234
4838,1,0.24911599,0.36201942,0.38886455,c1,c5
4840,1,0.119231,0.32240668,0.55836236,c234,c5
4844,1,0.14830042,0.25183678,0.5998629,c5,c5
4848,1,0.47508457,0.32473183,0.2001836,c1,c1
4851,1,0.074267864,0.21139842,0.7143337,c5,c5
4855,1,0.1558407,0.41491857,0.4292407,c5,c5
4856,1,0.24681346,0.4965725,0.25661403,c5,c234
4860,1,0.53534,0.3642689,0.10039113,c1,c1
4870,1,0.26436743,0.33634037,0.39929217,c1,c5
4873,1,0.62408006,0.25721857,0.11870136,c234,c1
4875,1,0.30179876,0.44331557,0.25488567,c1,c234
4881,1,0.24264617,0.38043347,0.37692034,c234,c234
4885,1,0.10777119,0.32395232,0.5682764,c234,c5
4886,1,0.3392898,0.46882203,0.19188815,c234,c234
4887,1,0.13182333,0.25054255,0.6176341,c5,c5
4890,1,0.055512805,0.31350487,0.6309823,c5,c5
4892,1,0.16628751,0.32213578,0.5115767,c1,c5
4893,1,0.6249377,0.29794198,0.07712032,c234,c1
4911,1,0.14406237,0.30718446,0.54875314,c5,c5
4913,1,0.30636606,0.31986105,0.37377292,c5,c5
4918,1,0.36182418,0.32783997,0.31033581,c234,c1
4934,1,0.25785005,0.343855,0.3982949,c5,c5
4938,1,0.32612178,0.34738797,0.32649022,c234,c234
4942,1,0.383049,0.2768107,0.34014025,c5,c1
4946,1,0.12327545,0.3130704,0.5636541,c1,c5
4953,1,0.2059887,0.3055077,0.48850352,c234,c5
4956,1,0.09910832,0.40779483,0.49309686,c5,c5
4965,1,0.0798301,0.2563143,0.6638556,c234,c5
4973,1,0.383049,0.2768107,0.34014025,c5,c1
4976,1,0.10745375,0.28763136,0.6049149,c5,c5
4978,1,0.35128567,0.34883922,0.29987508,c1,c1
4999,1,0.365366,0.33630347,0.2983305,c5,c1
5001,1,0.654894,0.26885104,0.07625498,c1,c1
5006,1,0.2632345,0.3463744,0.39039114,c1,c5
5011,1,0.12749912,0.37556502,0.49693584,c5,c5
5013,1,0.2347343,0.4885122,0.27675346,c234,c234
5019,1,0.06921901,0.32399642,0.60678464,c5,c5
5021,1,0.21057233,0.28981018,0.49961752,c5,c5
5022,1,0.21181694,0.5186505,0.26953256,c234,c234
5027,1,0.21105887,0.43891898,0.35002217,c1,c234
5041,1,0.6765825,0.21976146,0.10365602,c1,c1
5046,1,0.074897565,0.21967982,0.70542264,c5,c5
5050,1,0.4092103,0.31766403,0.27312577,c5,c1
5053,1,0.21491069,0.38368133,0.40140802,c5,c5
5064,1,0.21542914,0.36901608,0.41555482,c234,c5
5069,1,0.465574,0.41479835,0.11962768,c234,c1
5072,1,0.35320264,0.38030398,0.2664934,c234,c234
5077,1,0.26367372,0.43113083,0.30519548,c234,c234
5089,1,0.30676338,0.5075609,0.18567568,c234,c234
5102,1,0.563662,0.33011833,0.10621969,c234,c1
5103,1,0.16990244,0.5328771,0.29722047,c5,c234
5107,1,0.12697788,0.45637268,0.41664946,c5,c234
5131,1,0.17637396,0.5278425,0.29578352,c234,c234
5133,1,0.09912677,0.39648175,0.50439143,c234,c5
5148,1,0.22619557,0.4100876,0.3637168,c234,c234
5151,1,0.40717298,0.3284883,0.2643387,c1,c1
5155,1,0.19642277,0.4292363,0.37434086,c234,c234
5157,1,0.5319334,0.35930958,0.108757,c1,c1
5169,1,0.17976998,0.33548576,0.48474425,c234,c5
5170,1,0.5765412,0.31748423,0.10597456,c1,c1
5177,1,0.28341377,0.43178526,0.284801,c1,c234
5186,1,0.07385993,0.23455451,0.6915856,c234,c5
5187,1,0.56560653,0.33406928,0.10032416,c234,c1
5192,1,0.684021,0.2209335,0.09504551,c1,c1
5194,1,0.053535096,0.25288877,0.6935761,c1,c5
5195,1,0.24936765,0.47240868,0.27822372,c5,c234
5197,1,0.536453,0.31304398,0.15050298,c1,c1
5199,1,0.5307853,0.33638018,0.13283446,c1,c1
5204,1,0.2886471,0.38529447,0.32605848,c1,c234
5207,1,0.34901762,0.31525344,0.33572894,c5,c1
5213,1,0.11861945,0.49310648,0.3882741,c234,c234
5215,1,0.50351936,0.35250145,0.1439792,c234,c1
5217,1,0.35274652,0.36358866,0.2836648,c5,c234
5219,1,0.18926792,0.29925424,0.5114778,c234,c5
5228,1,0.34881487,0.424297,0.22688814,c1,c234
5243,1,0.30121735,0.34271738,0.3560653,c5,c5
5250,1,0.65130097,0.25212783,0.096571185,c1,c1
5259,1,0.05391041,0.18274148,0.7633481,c5,c5
5263,1,0.35906202,0.31675538,0.32418263,c1,c1
5264,1,0.1873473,0.34669402,0.46595865,c5,c5
5267,1,0.5449894,0.27397102,0.18103956,c234,c1
5278,1,0.047755104,0.21681085,0.73543406,c5,c5
5279,1,0.5411443,0.31469446,0.14416121,c234,c1
5288,1,0.23549807,0.36434606,0.40015584,c1,c5
5301,1,0.37501538,0.27794033,0.3470443,c1,c1
5302,1,0.77377665,0.15828057,0.06794279,c5,c1
5307,1,0.47878692,0.35743672,0.16377635,c234,c1
5308,1,0.20496504,0.3617063,0.43332872,c1,c5
5318,1,0.4173044,0.27823928,0.30445626,c234,c1
5327,1,0.774097,0.17563727,0.05026567,c1,c1
5334,1,0.313724,0.37243712,0.31383893,c1,c234
5340,1,0.12853606,0.315577,0.5558869,c1,c5
5341,1,0.15034606,0.32077894,0.52887505,c234,c5
5348,1,0.100431636,0.43540388,0.46416444,c5,c5
5354,1,0.32612178,0.34738797,0.32649022,c5,c234
5359,1,0.24244499,0.32519177,0.43236324,c1,c5
5362,1,0.5278901,0.33202797,0.14008199,c5,c1
5368,1,0.24219176,0.46797797,0.2898302,c1,c234
5373,1,0.11888638,0.2455973,0.63551635,c5,c5
5381,1,0.49655032,0.2940168,0.20943294,c1,c1
5382,1,0.42574835,0.4022548,0.17199688,c234,c1
5389,1,0.11623494,0.45126683,0.43249825,c5,c234
5398,1,0.3419589,0.5351931,0.12284801,c5,c234
5404,1,0.48734012,0.34032986,0.17233005,c1,c1
5419,1,0.12696777,0.315825,0.5572072,c234,c5
5423,1,0.5557838,0.3255937,0.11862245,c234,c1
5427,1,0.5940884,0.24554572,0.16036585,c5,c1
5430,1,0.14796259,0.30523455,0.5468029,c234,c5
5433,1,0.1928192,0.2961845,0.5109963,c5,c5
5434,1,0.5006248,0.3656172,0.13375807,c1,c1
5441,1,0.4378569,0.35767388,0.20446923,c234,c1
5442,1,0.34586042,0.39730614,0.25683346,c234,c234
5453,1,0.08085754,0.4025879,0.5165546,c5,c5
5458,1,0.563662,0.33011833,0.10621969,c1,c1
5459,1,0.60937816,0.22140373,0.1692182,c1,c1
5471,1,0.2734517,0.3785019,0.34804642,c234,c234
5474,1,0.12789394,0.44967523,0.4224308,c234,c234
5476,1,0.3606339,0.3643564,0.27500966,c234,c234
5477,1,0.4804888,0.27284008,0.24667111,c234,c1
5482,1,0.34835935,0.31242937,0.3392113,c5,c1
5485,1,0.3792271,0.33554623,0.28522667,c234,c1
5494,1,0.12764594,0.33020043,0.5421536,c5,c5
5500,1,0.14442036,0.31452027,0.5410594,c5,c5
5503,1,0.5955261,0.3064944,0.09797945,c234,c1
5527,1,0.52897143,0.35239244,0.11863617,c1,c1
5533,1,0.14229922,0.52510387,0.33259687,c1,c234
5542,1,0.40513176,0.43215635,0.16271184,c234,c234
5544,1,0.18328005,0.3625434,0.45417655,c234,c5
5545,1,0.66045934,0.27262822,0.066912435,c234,c1
5546,1,0.16975693,0.28785124,0.54239184,c5,c5
5547,1,0.12855437,0.39752516,0.47392043,c234,c5
5548,1,0.7376203,0.18240188,0.07997783,c1,c1
5553,1,0.25146008,0.39719906,0.35134086,c234,c234
5555,1,0.5841244,0.28186136,0.13401423,c1,c1
5558,1,0.7176052,0.19318798,0.08920692,c1,c1
5564,1,0.10366584,0.32347187,0.57286227,c234,c5
5581,1,0.2887939,0.36564946,0.34555665,c5,c234
5589,1,0.0998833,0.27710274,0.623014,c234,c5
5593,1,0.0415064,0.1353322,0.8231615,c5,c5
5609,1,0.1528686,0.25508648,0.59204495,c234,c5
5612,1,0.35846722,0.3050639,0.33646888,c1,c1
5616,1,0.7287071,0.19441262,0.0768802,c1,c1
5622,1,0.054570135,0.23359486,0.71183497,c5,c5
5629,1,0.39817226,0.43374467,0.16808303,c234,c234
5635,1,0.4627742,0.31985074,0.21737503,c1,c1
5636,1,0.089621276,0.21942468,0.690954,c5,c5
5637,1,0.278628,0.3183391,0.40303284,c1,c5
5638,1,0.2509261,0.36062166,0.38845223,c1,c5
5640,1,0.5473033,0.3401396,0.11255705,c234,c1
5642,1,0.6387675,0.2877218,0.073510714,c1,c1
5644,1,0.31254014,0.35543203,0.33202782,c1,c234
5646,1,0.17394906,0.41352966,0.4125213,c234,c234
5650,1,0.35367906,0.43022686,0.2160941,c1,c234
5660,1,0.32130674,0.3490334,0.3296599,c234,c234
5666,1,0.23106483,0.47748291,0.29145223,c5,c234
5671,1,0.19551317,0.30180186,0.50268495,c1,c5
5674,1,0.11660289,0.428708,0.4546891,c1,c5
5678,1,0.061027262,0.286701,0.6522718,c5,c5
5694,1,0.25924677,0.32753867,0.41321453,c234,c5
5698,1,0.3511866,0.4041763,0.24463713,c5,c234
5701,1,0.4923319,0.36508927,0.14257887,c5,c1
5710,1,0.15466884,0.48085397,0.3644772,c234,c234
5711,1,0.36796278,0.37406972,0.25796747,c234,c234
5715,1,0.49705768,0.29365334,0.20928895,c1,c1
5725,1,0.45442438,0.30570123,0.23987441,c234,c1
5734,1,0.56671745,0.3328105,0.10047212,c1,c1
5737,1,0.3350406,0.34159657,0.32336283,c1,c234
5741,1,0.29060075,0.46945128,0.23994793,c5,c234
5746,1,0.5865683,0.29679605,0.11663563,c1,c1
5760,1,0.3459791,0.45047817,0.20354274,c5,c234
5774,1,0.15276292,0.3944994,0.4527377,c5,c5
5787,1,0.43726787,0.35756353,0.20516862,c234,c1
5799,1,0.06899373,0.2608887,0.6701176,c5,c5
5802,1,0.14172855,0.3337389,0.52453256,c5,c5
5808,1,0.36304778,0.5192173,0.11773493,c1,c234
5809,1,0.3498051,0.31858134,0.33161357,c1,c1
5812,1,0.762502,0.18788843,0.04960955,c5,c1
5813,1,0.5211789,0.36224613,0.116575,c1,c1
5814,1,0.37119842,0.39653993,0.23226167,c234,c234
5819,1,0.27893466,0.40913054,0.31193474,c1,c234
5825,1,0.5888841,0.27816918,0.13294668,c1,c1
5835,1,0.50018525,0.3276293,0.17218547,c5,c1
5837,1,0.24774888,0.3024295,0.4498217,c234,c5
5839,1,0.17883466,0.4456561,0.3755092,c234,c234
5847,1,0.33446178,0.48890162,0.17663665,c5,c234
5848,1,0.18668053,0.4496858,0.3636336,c234,c234
5855,1,0.095639855,0.29901156,0.6053486,c1,c5
5857,1,0.1716927,0.32318136,0.505126,c5,c5
5859,1,0.49722543,0.3046536,0.19812092,c1,c1
5863,1,0.43659294,0.44130817,0.12209889,c234,c234
5870,1,0.09790827,0.42508656,0.4770051,c5,c5
5889,1,0.563662,0.33011833,0.10621969,c5,c1
5890,1,0.08432984,0.43014845,0.48552176,c234,c5
5891,1,0.6658998,0.26540664,0.06869352,c1,c1
5893,1,0.12492401,0.4203487,0.4547273,c1,c5
5903,1,0.17558868,0.34077764,0.4836337,c5,c5
5908,1,0.108029924,0.2669527,0.62501734,c1,c5
5918,1,0.18612373,0.3821809,0.43169537,c234,c5
5919,1,0.64646584,0.2366631,0.11687105,c1,c1
5920,1,0.2292262,0.31822968,0.4525441,c5,c5
5924,1,0.41432664,0.3939321,0.19174127,c234,c1
5927,1,0.44975272,0.34093955,0.20930769,c234,c1
5936,1,0.3200691,0.3205285,0.3594024,c5,c5
5941,1,0.34318113,0.37452582,0.28229308,c1,c234
5945,1,0.5990507,0.28611493,0.11483436,c234,c1
5949,1,0.33847666,0.39626312,0.2652602,c1,c234
5955,1,0.28016356,0.53341216,0.18642424,c234,c234
5956,1,0.22850677,0.3737665,0.39772668,c234,c5
5960,1,0.6284479,0.23975801,0.13179417,c234,c1
5966,1,0.16456051,0.39322114,0.44221836,c5,c5
5970,1,0.16534497,0.370027,0.464628,c1,c5
5975,1,0.34489712,0.46441442,0.19068839,c234,c234
5979,1,0.24549922,0.5253349,0.22916588,c234,c234
5983,1,0.2013129,0.41549468,0.38319236,c5,c234
5984,1,0.45230702,0.38499424,0.16269875,c1,c1
5999,1,0.29459688,0.39659283,0.30881026,c234,c234
6001,1,0.35642698,0.4080287,0.2355443,c1,c234
6003,1,0.054070514,0.17656687,0.7693626,c5,c5
6004,1,0.47606143,0.37664154,0.14729704,c5,c1
6012,1,0.5731502,0.23608336,0.19076648,c234,c1
6015,1,0.36638322,0.37786353,0.25575328,c234,c234
6021,1,0.16354597,0.42899686,0.4074572,c5,c234
6032,1,0.60094017,0.2783938,0.12066603,c1,c1
6033,1,0.48414657,0.26959974,0.2462537,c5,c1
6039,1,0.14881848,0.4576105,0.39357102,c234,c234
6045,1,0.31544003,0.33980447,0.3447556,c234,c5
6046,1,0.4491436,0.35281128,0.19804513,c1,c1
6048,1,0.17534143,0.38589036,0.43876824,c234,c5
6055,1,0.15329164,0.36943728,0.47727102,c5,c5
6061,1,0.54532385,0.3340627,0.120613456,c5,c1
6065,1,0.70332414,0.23843381,0.058242008,c5,c1
6075,1,0.20007162,0.32937947,0.47054896,c1,c5
6081,1,0.0710586,0.29188114,0.6370602,c234,c5
6088,1,0.15120484,0.28411326,0.5646819,c234,c5
6091,1,0.1252748,0.43554738,0.4391778,c234,c5
6092,1,0.098654084,0.36042142,0.54092455,c5,c5
6095,1,0.2867757,0.40073293,0.3124914,c234,c234
6096,1,0.35383576,0.37856916,0.26759508,c234,c234
6099,1,0.0774171,0.45318368,0.46939927,c5,c5
6108,1,0.08076043,0.22734308,0.69189644,c5,c5
6109,1,0.23754658,0.31784457,0.4446088,c1,c5
6121,1,0.07790186,0.3322506,0.5898475,c5,c5
6122,1,0.46246177,0.39493728,0.14260095,c234,c1
6125,1,0.07628383,0.19889437,0.72482175,c5,c5
6132,1,0.15553431,0.2664445,0.5780212,c1,c5
6134,1,0.057669215,0.28811684,0.65421396,c5,c5
6136,1,0.23346265,0.31316283,0.45337445,c5,c5
6140,1,0.10647498,0.21098559,0.68253934,c5,c5
6145,1,0.47573933,0.33686364,0.18739703,c1,c1
6151,1,0.24244499,0.32519177,0.43236324,c1,c5
6152,1,0.7300937,0.20259126,0.06731505,c234,c1
6155,1,0.2441256,0.4201924,0.335682,c5,c234
6158,1,0.1951918,0.31696293,0.48784524,c5,c5
6160,1,0.30454317,0.42304865,0.27240822,c1,c234
6161,1,0.08533109,0.26222935,0.6524396,c5,c5
6178,1,0.09792346,0.42102087,0.4810557,c5,c5
6184,1,0.11685983,0.31380388,0.5693363,c234,c5
6189,1,0.3886963,0.34524712,0.26605657,c1,c1
6195,1,0.17293605,0.33212447,0.4949395,c1,c5
6201,1,0.57894313,0.27127895,0.14977789,c1,c1
6202,1,0.58129066,0.2988703,0.11983903,c5,c1
6204,1,0.046170074,0.16448835,0.7893415,c5,c5
6219,1,0.05757434,0.39000633,0.5524193,c234,c5
6228,1,0.6154001,0.24928235,0.13531755,c1,c1
6232,1,0.17641513,0.44589612,0.37768874,c5,c234
6234,1,0.4122388,0.3986786,0.18908258,c1,c1
6236,1,0.37049112,0.2784351,0.3510738,c234,c1
6237,1,0.14069836,0.40267584,0.45662588,c5,c5
6242,1,0.50468713,0.33584547,0.15946734,c1,c1
6246,1,0.762502,0.18788843,0.04960955,c234,c1
6247,1,0.19484393,0.45004928,0.3551068,c5,c234
6258,1,0.41038498,0.31306788,0.27654716,c234,c1
6263,1,0.21232805,0.5684969,0.21917507,c234,c234
6264,1,0.07832854,0.23368886,0.6879826,c1,c5
6266,1,0.17944477,0.2644425,0.5561127,c5,c5
6269,1,0.3974286,0.3881748,0.21439664,c1,c1
6279,1,0.26078993,0.35161728,0.38759282,c5,c5
6280,1,0.43286997,0.3534707,0.2136593,c1,c1
6283,1,0.5243861,0.37494493,0.10066898,c1,c1
6288,1,0.30351824,0.41850975,0.27797204,c234,c234
6290,1,0.14153378,0.34176734,0.5166989,c5,c5
6293,1,0.40970448,0.37431738,0.21597816,c234,c1
6295,1,0.042071056,0.2323164,0.7256126,c5,c5
6308,1,0.21953371,0.29090592,0.48956037,c5,c5
6313,1,0.7338653,0.20281915,0.0633155,c234,c1
6315,1,0.66207457,0.24356365,0.094361775,c234,c1
6318,1,0.074942224,0.40612411,0.51893365,c234,c5
6323,1,0.30381885,0.43342432,0.26275682,c1,c234
6325,1,0.6592216,0.24056809,0.10021027,c234,c1
6337,1,0.24194211,0.37942222,0.37863567,c5,c234
6339,1,0.035385095,0.24128251,0.7233324,c5,c5
6342,1,0.14346458,0.2793417,0.57719374,c5,c5
6343,1,0.092295684,0.39191392,0.5157904,c5,c5
6351,1,0.225755,0.33433738,0.43990758,c234,c5
6353,1,0.58700114,0.2416706,0.17132826,c1,c1
6358,1,0.23108853,0.34210694,0.42680457,c234,c5
6362,1,0.0431969,0.13454211,0.822261,c5,c5
6363,1,0.104498945,0.21607572,0.67942536,c5,c5
6373,1,0.6382592,0.25055686,0.111183934,c1,c1
6378,1,0.089483544,0.3493643,0.5611522,c5,c5
6380,1,0.563662,0.33011833,0.10621969,c234,c1
6381,1,0.45791894,0.3912965,0.15078461,c234,c1
6383,1,0.563662,0.33011833,0.10621969,c1,c1
6392,1,0.05504633,0.3537275,0.59122616,c5,c5
6393,1,0.59588385,0.3033601,0.100756034,c5,c1
6397,1,0.11319243,0.46076947,0.4260381,c234,c234
6398,1,0.08800544,0.46134076,0.45065382,c5,c234
6402,1,0.048406586,0.24510978,0.7064836,c5,c5
6403,1,0.10775135,0.30057734,0.5916713,c5,c5
6406,1,0.16514154,0.38650492,0.44835356,c234,c5
6414,1,0.47912714,0.33857208,0.18230069,c5,c1
6418,1,0.6973668,0.22687213,0.0757611,c234,c1
6428,1,0.32835656,0.43900263,0.23264079,c1,c234
6432,1,0.50280017,0.38664138,0.11055846,c1,c1
6434,1,0.2797794,0.35738492,0.3628357,c234,c5
6438,1,0.09352263,0.265804,0.6406734,c5,c5
6439,1,0.19730677,0.5372528,0.26544046,c234,c234
6445,1,0.55930144,0.29993948,0.1407591,c1,c1
6455,1,0.09776653,0.23574962,0.6664839,c5,c5
6458,1,0.06725843,0.26983878,0.6629028,c234,c5
6459,1,0.46481118,0.28541958,0.24976924,c1,c1
6464,1,0.13610062,0.27701947,0.58687985,c5,c5
6468,1,0.10447053,0.37575385,0.5197756,c5,c5
6475,1,0.563662,0.33011833,0.10621969,c1,c1
6477,1,0.18228023,0.56283504,0.25488472,c5,c234
6479,1,0.56473786,0.35617566,0.07908643,c1,c1
6480,1,0.104805514,0.41128808,0.48390642,c5,c5
6488,1,0.10398181,0.32028654,0.5757317,c5,c5
6495,1,0.55974567,0.3203772,0.119877085,c1,c1
6499,1,0.7006368,0.2419637,0.057399552,c1,c1
6503,1,0.04287897,0.23962724,0.7174938,c5,c5
6506,1,0.09464487,0.35884672,0.5465084,c234,c5
6511,1,0.38166392,0.29094,0.327396,c234,c1
6515,1,0.20455328,0.47166908,0.3237776,c5,c234
6517,1,0.43627104,0.3915007,0.1722282,c1,c1
6519,1,0.32292873,0.33652624,0.3405451,c1,c5
6528,1,0.57129294,0.26936603,0.15934101,c1,c1
6531,1,0.762502,0.18788843,0.04960955,c234,c1
6533,1,0.14545672,0.40934014,0.4452032,c1,c5
6534,1,0.5117034,0.37542278,0.112873815,c234,c1
6535,1,0.26284677,0.41371796,0.3234353,c5,c234
6540,1,0.40588975,0.3953757,0.1987346,c234,c1
6543,1,0.27248034,0.545276,0.18224369,c5,c234
6544,1,0.19743334,0.45681027,0.34575632,c1,c234
6549,1,0.39956018,0.46662027,0.13381957,c1,c234
6561,1,0.16746345,0.26198977,0.5705468,c1,c5
6562,1,0.063476056,0.15716228,0.77936167,c5,c5
6566,1,0.091225475,0.37162125,0.53715324,c5,c5
6567,1,0.34771797,0.4360163,0.21626568,c1,c234
6568,1,0.50255775,0.3171527,0.18028955,c5,c1
6569,1,0.18841743,0.34101334,0.47056922,c5,c5
6574,1,0.56517595,0.3290963,0.10572777,c1,c1
6577,1,0.31206197,0.49745762,0.19048044,c1,c234
6578,1,0.081148036,0.22769645,0.69115555,c234,c5
6579,1,0.24222401,0.2747607,0.48301536,c5,c5
6581,1,0.48135272,0.3606486,0.15799868,c1,c1
6582,1,0.54921407,0.29157862,0.1592073,c5,c1
6587,1,0.70702714,0.21705718,0.07591572,c1,c1
6593,1,0.45442438,0.30570123,0.23987441,c1,c1
6595,1,0.40405637,0.396701,0.1992426,c234,c1
6601,1,0.42558348,0.40141246,0.17300399,c234,c1
6604,1,0.24774888,0.3024295,0.4498217,c5,c5
6610,1,0.4941316,0.35890913,0.14695925,c1,c1
6611,1,0.15424342,0.42122647,0.4245302,c234,c5
6615,1,0.39685154,0.2906087,0.3125398,c1,c1
6629,1,0.55642647,0.36163187,0.08194168,c5,c1
6633,1,0.23201384,0.32294616,0.44504005,c5,c5
6635,1,0.2652335,0.31529957,0.41946688,c5,c5
6642,1,0.04800888,0.3324351,0.61955607,c234,c5
6664,1,0.69061035,0.24863088,0.060758784,c234,c1
6665,1,0.19215034,0.37662566,0.431224,c1,c5
6668,1,0.17870787,0.4155082,0.4057839,c234,c234
6669,1,0.5434397,0.34214747,0.11441284,c234,c1
6676,1,0.22113405,0.3380134,0.44085258,c5,c5
6677,1,0.43149987,0.42793292,0.14056714,c1,c1
6695,1,0.25553006,0.33482355,0.4096464,c5,c5
6697,1,0.29153407,0.3531952,0.35527077,c234,c5
6704,1,0.2571095,0.46284518,0.28004527,c5,c234
6706,1,0.41337872,0.39116415,0.19545706,c5,c1
6707,1,0.14431565,0.38087144,0.47481292,c5,c5
6710,1,0.41934276,0.40475756,0.17589974,c234,c1
6718,1,0.0391535,0.12778527,0.8330612,c5,c5
6724,1,0.48955858,0.30182928,0.20861216,c234,c1
6738,1,0.13612385,0.36741245,0.49646375,c5,c5
6742,1,0.21569066,0.43326735,0.35104197,c1,c234
6749,1,0.33704907,0.3347529,0.32819805,c1,c1
6750,1,0.05926736,0.28267974,0.65805286,c5,c5
6758,1,0.43092552,0.40943894,0.15963553,c234,c1
6760,1,0.5501663,0.32514188,0.12469187,c1,c1
6770,1,0.64991695,0.2606103,0.08947278,c234,c1
6782,1,0.065983646,0.1699722,0.76404417,c5,c5
6784,1,0.09872665,0.39075765,0.51051575,c5,c5
6785,1,0.16755138,0.34429708,0.4881516,c1,c5
6786,1,0.67657244,0.19574352,0.12768407,c234,c1
6787,1,0.38734138,0.35187876,0.26077986,c234,c1
6789,1,0.350981,0.30244452,0.3465745,c5,c1
6790,1,0.21731555,0.2568978,0.5257866,c1,c5
6791,1,0.0770179,0.28000557,0.6429765,c1,c5
6797,1,0.28616235,0.3303473,0.38349032,c234,c5
6798,1,0.16157225,0.46027648,0.37815124,c234,c234
6803,1,0.762502,0.18788843,0.04960955,c1,c1
6805,1,0.54703164,0.31005746,0.14291091,c1,c1
6818,1,0.20712422,0.42250836,0.37036738,c234,c234
6819,1,0.08345234,0.33273032,0.58381736,c234,c5
6824,1,0.52371955,0.35017377,0.1261067,c1,c1
6834,1,0.322146,0.31045663,0.36739737,c1,c5
6839,1,0.45442438,0.30570123,0.23987441,c1,c1
6842,1,0.17300293,0.4461138,0.3808833,c234,c234
6845,1,0.087627806,0.19426847,0.71810377,c5,c5
6847,1,0.3082555,0.4127826,0.27896196,c234,c234
6848,1,0.4628418,0.437889,0.09926912,c234,c1
6849,1,0.5707069,0.33788508,0.091407984,c1,c1
6852,1,0.52875125,0.36993983,0.10130891,c1,c1
6855,1,0.13207841,0.3323695,0.5355521,c5,c5
6859,1,0.21088983,0.4310308,0.3580794,c234,c234
6862,1,0.29741535,0.29934034,0.40324426,c234,c5
6872,1,0.60489017,0.29916832,0.09594147,c234,c1
6873,1,0.093892254,0.32445216,0.5816555,c5,c5
6875,1,0.21469274,0.41337666,0.37193066,c5,c234
6882,1,0.20601404,0.4889216,0.30506426,c5,c234
6885,1,0.12999263,0.25105727,0.6189501,c1,c5
6888,1,0.3900159,0.39669007,0.21329407,c5,c234
6889,1,0.34212735,0.3570178,0.3008548,c1,c234
6900,1,0.6150832,0.3073263,0.07759051,c234,c1
6902,1,0.47606143,0.37664154,0.14729704,c5,c1
6905,1,0.45442438,0.30570123,0.23987441,c1,c1
6908,1,0.5714735,0.30607796,0.122448534,c5,c1
6933,1,0.2834232,0.360672,0.35590482,c5,c234
6936,1,0.40646392,0.35586828,0.23766783,c234,c1
6942,1,0.23532024,0.51776505,0.24691471,c234,c234
6943,1,0.34303653,0.36227456,0.29468894,c234,c234
6956,1,0.108415864,0.38880345,0.5027807,c234,c5
6966,1,0.33146837,0.3282071,0.34032452,c234,c5
6968,1,0.098388545,0.31459245,0.587019,c5,c5
6971,1,0.7082638,0.23086776,0.06086846,c1,c1
6985,1,0.24244499,0.32519177,0.43236324,c234,c5
6992,1,0.24843271,0.31320614,0.43836117,c1,c5
7006,1,0.15204026,0.43588045,0.41207924,c1,c234
7017,1,0.19185972,0.45633152,0.35180873,c5,c234
7021,1,0.12858462,0.4761197,0.39529574,c234,c234
7023,1,0.16380091,0.2533439,0.5828552,c5,c5
7030,1,0.74083346,0.20395918,0.055207353,c1,c1
7037,1,0.18080576,0.30726075,0.5119335,c5,c5
7051,1,0.12816867,0.31291303,0.55891836,c5,c5
7052,1,0.32007036,0.32449615,0.3554335,c5,c5
7064,1,0.62618196,0.28119776,0.09262029,c234,c1
7081,1,0.7435871,0.20116247,0.05525045,c234,c1
7082,1,0.30672166,0.44991484,0.24336354,c5,c234
7089,1,0.14907283,0.52362853,0.32729858,c1,c234
7107,1,0.34158146,0.3948472,0.26357135,c234,c234
7112,1,0.0675094,0.28125697,0.65123355,c234,c5
7116,1,0.06278854,0.24481194,0.69239956,c5,c5
7119,1,0.17676638,0.3486785,0.4745551,c5,c5
7132,1,0.17256717,0.3638116,0.4636212,c5,c5
7133,1,0.32368246,0.3130352,0.36328235,c1,c5
7134,1,0.16752943,0.452069,0.38040158,c1,c234
7136,1,0.15706058,0.44275144,0.40018794,c234,c234
7142,1,0.6742663,0.24691583,0.07881795,c1,c1
7151,1,0.30280274,0.38622835,0.3109689,c1,c234
7153,1,0.5363206,0.29931012,0.16436918,c1,c1
7155,1,0.21677217,0.37794742,0.40528044,c234,c5
7162,1,0.47041902,0.33290586,0.19667518,c234,c1
7166,1,0.27668643,0.42885432,0.29445928,c234,c234
7172,1,0.36638322,0.37786353,0.25575328,c234,c234
7176,1,0.22993264,0.329665,0.44040236,c234,c5
7178,1,0.17336449,0.35641626,0.4702192,c234,c5
7179,1,0.25236782,0.31933454,0.4282976,c5,c5
7202,1,0.407827,0.3535917,0.23858131,c234,c1
7205,1,0.56892633,0.31509352,0.115980126,c234,c1
7212,1,0.5106638,0.39106187,0.09827427,c5,c1
7217,1,0.44308928,0.36033902,0.19657168,c234,c1
7219,1,0.069502436,0.26265192,0.66784567,c1,c5
7222,1,0.35475188,0.32693747,0.31831065,c1,c1
7236,1,0.21409404,0.38748497,0.39842096,c234,c5
7245,1,0.10116177,0.22155605,0.6772823,c5,c5
7251,1,0.22827576,0.3250002,0.44672403,c5,c5
7255,1,0.09405189,0.36603662,0.5399115,c5,c5
7269,1,0.3509212,0.29501647,0.35406232,c1,c5
7276,1,0.54124004,0.28928086,0.16947916,c1,c1
7277,1,0.3240083,0.4912872,0.18470454,c5,c234
7283,1,0.22186308,0.40252754,0.37560934,c234,c234
7289,1,0.52897143,0.35239244,0.11863617,c234,c1
7291,1,0.28206426,0.5136284,0.20430729,c234,c234
7295,1,0.120716885,0.32570815,0.553575,c5,c5
7300,1,0.2338511,0.38513193,0.38101694,c234,c234
7304,1,0.29720822,0.4854292,0.21736255,c234,c234
7305,1,0.5330205,0.31925386,0.14772564,c234,c1
7311,1,0.08040976,0.37702125,0.542569,c1,c5
7312,1,0.22555718,0.43668768,0.33775517,c5,c234
7335,1,0.60623294,0.3094068,0.08436025,c1,c1
7338,1,0.24514686,0.37756482,0.37728837,c5,c234
7343,1,0.18302241,0.45754185,0.3594357,c5,c234
7352,1,0.16658653,0.49733552,0.3360779,c234,c234
7356,1,0.42641473,0.3459541,0.22763121,c5,c1
7359,1,0.7380815,0.19094846,0.070970014,c1,c1
7369,1,0.082872294,0.29756156,0.61956614,c5,c5
7372,1,0.15619354,0.39982912,0.4439774,c5,c5
7373,1,0.54249984,0.33303577,0.12446441,c234,c1
7379,1,0.762502,0.18788843,0.04960955,c1,c1
7388,1,0.2946133,0.41311967,0.29226702,c234,c234
7389,1,0.106276155,0.38893187,0.504792,c234,c5
7390,1,0.3434025,0.31800273,0.33859476,c1,c1
7391,1,0.5034012,0.29723766,0.19936115,c1,c1
7395,1,0.762502,0.18788843,0.04960955,c1,c1
7407,1,0.2068447,0.38738135,0.405774,c5,c5
7412,1,0.07661605,0.24017905,0.68320495,c1,c5
7417,1,0.16560481,0.25227073,0.58212453,c1,c5
7421,1,0.12849511,0.25005037,0.62145454,c5,c5
7427,1,0.14850661,0.45056066,0.4009327,c234,c234
7437,1,0.5766501,0.26829815,0.15505177,c5,c1
7445,1,0.563662,0.33011833,0.10621969,c234,c1
7458,1,0.40811974,0.3667976,0.22508268,c5,c1
7467,1,0.1657448,0.4615633,0.37269187,c5,c234
7473,1,0.4355946,0.3970009,0.1674045,c1,c1
7475,1,0.5272949,0.361962,0.1107431,c234,c1
7481,1,0.0629045,0.3005405,0.63655496,c234,c5
7489,1,0.096974425,0.2438755,0.65915,c234,c5
7490,1,0.519246,0.38347602,0.09727801,c234,c1
7494,1,0.42052898,0.36408195,0.21538909,c5,c1
7499,1,0.20438348,0.29990983,0.49570668,c234,c5
7502,1,0.28843093,0.47057605,0.24099305,c234,c234
7505,1,0.66732925,0.2587429,0.07392775,c234,c1
7506,1,0.19547755,0.3966146,0.4079078,c1,c5
7516,1,0.19281024,0.4508216,0.35636812,c1,c234
7519,1,0.70702714,0.21705718,0.07591572,c1,c1
7521,1,0.51575726,0.35935402,0.12488875,c1,c1
7524,1,0.16565242,0.3751765,0.45917112,c5,c5
7527,1,0.52501875,0.29856297,0.17641829,c234,c1
7529,1,0.45795694,0.38980335,0.15223977,c5,c1
7541,1,0.0899078,0.26933414,0.6407581,c5,c5
7544,1,0.35163757,0.3244978,0.3238646,c5,c1
7547,1,0.19699906,0.47954962,0.32345128,c5,c234
7565,1,0.20188624,0.34070593,0.45740783,c234,c5
7578,1,0.5007624,0.3644921,0.13474548,c1,c1
7582,1,0.44261876,0.42847747,0.12890378,c234,c1
7585,1,0.1553374,0.5021703,0.34249222,c5,c234
7586,1,0.20638452,0.45398816,0.33962736,c5,c234
7588,1,0.21583235,0.42662206,0.35754555,c5,c234
7593,1,0.0769038,0.27191642,0.65117973,c5,c5
7596,1,0.37463123,0.40744096,0.21792777,c5,c234
7611,1,0.10855134,0.25787053,0.6335782,c5,c5
7612,1,0.37453684,0.3718377,0.25362545,c1,c1
7620,1,0.37478504,0.49366903,0.13154587,c5,c234
7630,1,0.098609634,0.28571984,0.6156705,c5,c5
7642,1,0.07971808,0.3041764,0.61610556,c5,c5
7644,1,0.3702852,0.30463016,0.32508463,c1,c1
7645,1,0.28848246,0.51868886,0.1928287,c5,c234
7649,1,0.10049201,0.37064847,0.5288595,c5,c5
7652,1,0.4572203,0.3099945,0.23278528,c234,c1
7653,1,0.17993428,0.42734084,0.39272484,c234,c234
7658,1,0.21413073,0.3691727,0.41669655,c1,c5
7659,1,0.23453705,0.3568414,0.40862155,c5,c5
7665,1,0.068795145,0.3108125,0.6203923,c1,c5
7668,1,0.5184077,0.3872754,0.09431691,c5,c1
7671,1,0.11098007,0.296057,0.592963,c234,c5
7673,1,0.043859705,0.21430962,0.7418307,c5,c5
7676,1,0.563662,0.33011833,0.10621969,c234,c1
7680,1,0.16060044,0.4485495,0.39084998,c5,c234
7691,1,0.054804027,0.22821252,0.71698344,c5,c5
7692,1,0.35695815,0.4641426,0.17889923,c234,c234
7699,1,0.25825056,0.46734604,0.2744034,c234,c234
7702,1,0.16535707,0.44057807,0.39406484,c234,c234
7703,1,0.26928616,0.41509765,0.31561622,c5,c234
7732,1,0.12559226,0.31728438,0.55712336,c1,c5
7742,1,0.28018036,0.50222677,0.21759291,c1,c234
7748,1,0.11721208,0.298764,0.58402395,c5,c5
7749,1,0.06603988,0.29938594,0.6345742,c5,c5
7755,1,0.035044074,0.20536625,0.7595897,c5,c5
7763,1,0.13037735,0.24458253,0.6250401,c234,c5
7767,1,0.1604321,0.29457593,0.54499197,c5,c5
7769,1,0.06298395,0.2162029,0.72081316,c5,c5
7773,1,0.49239728,0.30680194,0.20080078,c1,c1
7776,1,0.3470514,0.32543814,0.32751048,c5,c1
7779,1,0.055500124,0.27755097,0.6669489,c5,c5
7782,1,0.2022918,0.30153352,0.4961747,c5,c5
7790,1,0.295118,0.4320757,0.2728063,c5,c234
7792,1,0.105626896,0.24225506,0.652118,c5,c5
7794,1,0.7245113,0.20717093,0.068317726,c1,c1
7802,1,0.40068752,0.36273748,0.23657502,c1,c1
7804,1,0.11814577,0.3296536,0.5522006,c5,c5
7805,1,0.57263446,0.29293758,0.13442801,c234,c1
7810,1,0.11185771,0.25720394,0.63093835,c1,c5
7813,1,0.2030644,0.32744047,0.46949512,c1,c5
7816,1,0.22585215,0.44154975,0.33259815,c5,c234
7827,1,0.18057953,0.44530484,0.3741156,c234,c234
7833,1,0.32510313,0.42514813,0.24974869,c5,c234
7834,1,0.32190344,0.4334593,0.24463724,c234,c234
7835,1,0.6679117,0.24196066,0.0901276,c234,c1
7844,1,0.5561002,0.34698057,0.096919246,c1,c1
7850,1,0.121718585,0.27239513,0.6058862,c234,c5
7856,1,0.4232987,0.40673465,0.16996668,c1,c1
7861,1,0.09128913,0.27534798,0.6333629,c1,c5
7876,1,0.29405633,0.4444045,0.2615391,c234,c234
7880,1,0.56972444,0.2770859,0.15318958,c5,c1
7886,1,0.32393196,0.37623525,0.2998328,c1,c234
7887,1,0.762502,0.18788843,0.04960955,c1,c1
7890,1,0.09078378,0.26536667,0.64384955,c5,c5
7892,1,0.06313249,0.33436316,0.6025044,c5,c5
7893,1,0.62523794,0.31240007,0.062362023,c1,c1
7903,1,0.19555919,0.5180046,0.28643623,c1,c234
7904,1,0.21061377,0.2744366,0.51494956,c5,c5
7906,1,0.037791304,0.120364696,0.84184396,c5,c5
7908,1,0.705532,0.21134837,0.083119586,c1,c1
7911,1,0.62928987,0.27902848,0.09168167,c1,c1
7913,1,0.14760461,0.44673207,0.40566328,c234,c234
7922,1,0.7292024,0.18137994,0.08941768,c5,c1
7924,1,0.4128983,0.3833748,0.20372692,c1,c1
7927,1,0.19804007,0.3583854,0.44357452,c1,c5
7930,1,0.11191132,0.37564486,0.51244384,c5,c5
7934,1,0.12258556,0.26332703,0.61408746,c234,c5
7936,1,0.346019,0.31486169,0.33911934,c234,c1
7937,1,0.80399555,0.15073471,0.04526982,c5,c1
7942,1,0.11350024,0.2794792,0.60702056,c5,c5
7951,1,0.13301948,0.44671524,0.4202653,c1,c234
7959,1,0.54358304,0.3314602,0.12495675,c234,c1
7961,1,0.056831248,0.37974516,0.5634235,c5,c5
7963,1,0.6363528,0.26696053,0.09668668,c5,c1
7965,1,0.06387095,0.3187894,0.6173397,c5,c5
7970,1,0.2867934,0.40657204,0.30663455,c5,c234
7976,1,0.5729161,0.33101222,0.0960717,c234,c1
7984,1,0.39354342,0.43024883,0.17620772,c234,c234
7991,1,0.28591448,0.5005719,0.21351358,c234,c234
7993,1,0.33598816,0.31870967,0.3453021,c1,c5
7996,1,0.41541803,0.35578158,0.22880034,c234,c1
7999,1,0.10612292,0.38932043,0.5045566,c5,c5
8000,1,0.59757954,0.2945981,0.10782236,c1,c1
8002,1,0.28896797,0.44576305,0.26526904,c5,c234
8015,1,0.15437196,0.4902339,0.35539412,c234,c234
8016,1,0.09726148,0.34820583,0.5545327,c5,c5
8017,1,0.12167953,0.4881149,0.39020565,c234,c234
8029,1,0.32373992,0.4918099,0.18445018,c234,c234
8037,1,0.70282435,0.23869015,0.058485497,c234,c1
8040,1,0.3764307,0.2889896,0.3345797,c5,c1
8054,1,0.11447655,0.39116514,0.4943583,c234,c5
8056,1,0.346019,0.31486169,0.33911934,c5,c1
8057,1,0.563662,0.33011833,0.10621969,c234,c1
8062,1,0.15337151,0.49654186,0.35008657,c234,c234
8067,1,0.67746085,0.2369129,0.08562629,c1,c1
8072,1,0.09537985,0.43674597,0.4678742,c234,c5
8084,1,0.2137608,0.44999766,0.3362416,c5,c234
8085,1,0.15627994,0.33454028,0.50917983,c234,c5
8087,1,0.13264386,0.53470266,0.3326535,c1,c234
8091,1,0.39355585,0.41128662,0.19515751,c234,c234
8097,1,0.09872312,0.39227292,0.509004,c5,c5
8105,1,0.05414811,0.24706894,0.698783,c5,c5
8106,1,0.13180918,0.30064803,0.5675428,c1,c5
8111,1,0.2075911,0.46576244,0.32664645,c234,c234
8116,1,0.04921969,0.22182947,0.7289508,c5,c5
8120,1,0.61106604,0.29210758,0.09682641,c1,c1
8121,1,0.33598816,0.31870967,0.3453021,c234,c5
8124,1,0.09519442,0.44754314,0.45726237,c234,c5
8125,1,0.14714792,0.38476008,0.46809202,c5,c5
8128,1,0.10712089,0.28895402,0.60392505,c234,c5
8144,1,0.15052205,0.26295188,0.5865261,c5,c5
8146,1,0.06245325,0.32500237,0.6125444,c5,c5
8150,1,0.37462085,0.46332967,0.16204947,c234,c234
8158,1,0.53477544,0.3117842,0.15344031,c1,c1
8161,1,0.1974361,0.2980238,0.5045401,c5,c5
8162,1,0.6025721,0.24874836,0.14867954,c1,c1
8166,1,0.21728164,0.3055758,0.4771426,c234,c5
8172,1,0.08120923,0.37826806,0.54052275,c5,c5
8186,1,0.11772986,0.32498324,0.5572869,c1,c5
8191,1,0.20458758,0.26836783,0.52704465,c234,c5
8194,1,0.4962102,0.3505581,0.15323165,c5,c1
8195,1,0.1189438,0.2389933,0.6420629,c5,c5
8197,1,0.24774888,0.3024295,0.4498217,c234,c5
8200,1,0.5985795,0.30536085,0.096059665,c5,c1
8203,1,0.34370905,0.34141958,0.3148714,c234,c1
8210,1,0.1738811,0.4725424,0.3535765,c234,c234
8218,1,0.08830134,0.21511698,0.69658166,c5,c5
8219,1,0.19279253,0.35377827,0.45342925,c1,c5
8231,1,0.24941678,0.42303106,0.32755214,c5,c234
8235,1,0.06162958,0.2219502,0.7164203,c234,c5
8246,1,0.09866352,0.23070538,0.67063105,c5,c5
8253,1,0.563662,0.33011833,0.10621969,c5,c1
8256,1,0.10175203,0.2749412,0.62330675,c234,c5
8261,1,0.18553041,0.4679061,0.34656352,c5,c234
8262,1,0.40846604,0.31579226,0.27574167,c1,c1
8268,1,0.41883954,0.47961608,0.10154436,c1,c234
8270,1,0.5268588,0.3437765,0.12936473,c5,c1
8274,1,0.23561172,0.43846455,0.3259237,c234,c234
8278,1,0.21334717,0.3569405,0.42971236,c1,c5
8282,1,0.25821233,0.2814182,0.46036944,c1,c5
8283,1,0.23024689,0.37737215,0.39238098,c5,c5
8284,1,0.33391237,0.29629982,0.3697878,c5,c5
8303,1,0.1141325,0.35735062,0.52851695,c234,c5
8308,1,0.6187301,0.28771868,0.09355122,c5,c1
8321,1,0.25520068,0.30012235,0.44467697,c5,c5
8333,1,0.14780612,0.44756043,0.40463343,c5,c234
8355,1,0.14998308,0.36194924,0.48806772,c5,c5
8356,1,0.24908417,0.30649567,0.44442016,c5,c5
8360,1,0.5596188,0.32421872,0.1161625,c1,c1
8368,1,0.25025657,0.42176965,0.32797375,c5,c234
8372,1,0.21234664,0.39599,0.39166334,c1,c234
8387,1,0.585782,0.2837675,0.13045059,c234,c1
8388,1,0.37725693,0.35737047,0.26537266,c1,c1
8392,1,0.37553555,0.43345404,0.19101037,c5,c234
8402,1,0.40710068,0.3517885,0.24111085,c5,c1
8412,1,0.104102075,0.32034397,0.5755539,c5,c5
8414,1,0.24812457,0.3439091,0.40796623,c5,c5
8416,1,0.37033132,0.39378276,0.23588592,c1,c234
8420,1,0.24428886,0.34274083,0.4129704,c234,c5
8431,1,0.39445248,0.36053675,0.24501081,c1,c1
8436,1,0.1458443,0.4042651,0.4498906,c234,c5
8445,1,0.6453827,0.25319868,0.101418704,c1,c1
8446,1,0.2582555,0.37067986,0.37106463,c1,c5
8447,1,0.13583615,0.31846106,0.54570276,c234,c5
8452,1,0.07842974,0.24404071,0.6775296,c5,c5
8461,1,0.5057128,0.26133746,0.23294967,c5,c1
8466,1,0.36367002,0.44413877,0.19219118,c5,c234
8471,1,0.15961808,0.35681856,0.4835634,c5,c5
8486,1,0.5149887,0.30396825,0.18104304,c1,c1
8494,1,0.081246756,0.25747776,0.6612755,c234,c5
8497,1,0.08651062,0.32402602,0.58946335,c5,c5
8498,1,0.21558014,0.36725178,0.41716802,c1,c5
8500,1,0.21382105,0.33141518,0.45476377,c234,c5
8502,1,0.08275272,0.42231,0.4949373,c1,c5
8503,1,0.24777295,0.28994733,0.46227965,c234,c5
8505,1,0.11147207,0.35124332,0.5372847,c234,c5
8513,1,0.6309976,0.3037184,0.06528402,c234,c1
8516,1,0.6622826,0.28063357,0.05708381,c1,c1
8519,1,0.22400767,0.33922318,0.4367692,c5,c5
8521,1,0.2070849,0.34739512,0.44552,c234,c5
8523,1,0.063420996,0.3096642,0.6269148,c234,c5
8524,1,0.3499837,0.34054348,0.3094728,c1,c1
8525,1,0.27050182,0.34069547,0.38880268,c1,c5
8529,1,0.3199735,0.32269967,0.35732678,c1,c5
8530,1,0.5411443,0.31469446,0.14416121,c1,c1
8531,1,0.039201636,0.15709826,0.80370015,c234,c5
8534,1,0.42632955,0.38360825,0.1900622,c5,c1
8537,1,0.29692996,0.51764125,0.18542883,c5,c234
8542,1,0.32130674,0.3490334,0.3296599,c1,c234
8543,1,0.13275142,0.3036856,0.563563,c1,c5
8549,1,0.12565388,0.42580873,0.44853744,c5,c5
8552,1,0.20653939,0.5275456,0.265915,c5,c234
8553,1,0.15885963,0.3929894,0.44815102,c5,c5
8557,1,0.11154047,0.4102955,0.478164,c234,c5
8565,1,0.5337951,0.30906892,0.15713601,c234,c1
8567,1,0.5738903,0.31199497,0.11411469,c234,c1
8569,1,0.64774066,0.23078994,0.12146937,c1,c1
8570,1,0.31297806,0.39787683,0.2891451,c1,c234
8571,1,0.41067263,0.33813497,0.25119242,c234,c1
8579,1,0.563662,0.33011833,0.10621969,c234,c1
8582,1,0.28786024,0.3293995,0.3827403,c5,c5
8584,1,0.13946776,0.4081211,0.45241112,c5,c5
8587,1,0.1287038,0.46257582,0.40872034,c234,c234
8592,1,0.36748308,0.33196288,0.300554,c1,c1
8601,1,0.39692548,0.45247385,0.15060075,c234,c234
8619,1,0.37021214,0.29947773,0.33031017,c234,c1
8623,1,0.07114295,0.19545133,0.7334057,c5,c5
8624,1,0.63011605,0.30159578,0.06828814,c234,c1
8625,1,0.1456286,0.30878538,0.545586,c5,c5
8634,1,0.19173263,0.33672723,0.47154012,c1,c5
8639,1,0.67733216,0.23220141,0.09046637,c5,c1
8660,1,0.3667939,0.34443954,0.28876656,c234,c1
8664,1,0.039938696,0.1388478,0.8212135,c5,c5
8666,1,0.5324285,0.2681798,0.19939163,c1,c1
8672,1,0.15870163,0.41679814,0.42450026,c1,c5
8675,1,0.21840091,0.32429615,0.45730296,c1,c5
8694,1,0.2569004,0.41818842,0.32491115,c5,c234
8697,1,0.38200074,0.32647344,0.29152578,c1,c1
8698,1,0.09132216,0.32527047,0.58340734,c5,c5
8700,1,0.4886925,0.41677803,0.09452943,c5,c1
8712,1,0.08583072,0.3701109,0.5440584,c5,c5
8713,1,0.5277217,0.3180638,0.15421449,c1,c1
8718,1,0.24244499,0.32519177,0.43236324,c5,c5
8721,1,0.5880274,0.31413424,0.09783834,c234,c1
8734,1,0.32560644,0.34186321,0.33253038,c5,c234
8741,1,0.2865721,0.43009067,0.2833372,c234,c234
8749,1,0.39948708,0.3455585,0.25495443,c5,c1
8755,1,0.35993323,0.4397093,0.20035747,c5,c234
8762,1,0.12101415,0.2617186,0.61726725,c5,c5
8769,1,0.3518757,0.46556243,0.18256183,c234,c234
8772,1,0.20296055,0.3104001,0.48663938,c5,c5
8775,1,0.04790495,0.28819934,0.66389567,c234,c5
8787,1,0.38917738,0.2991768,0.3116458,c5,c1
8791,1,0.62928987,0.27902848,0.09168167,c1,c1
8804,1,0.3898856,0.45587814,0.15423621,c1,c234
8807,1,0.07983693,0.22710133,0.6930617,c234,c5
8808,1,0.13546988,0.31923485,0.5452953,c234,c5
8816,1,0.21126832,0.32789853,0.46083322,c234,c5
8817,1,0.6285937,0.28268704,0.088719286,c234,c1
8819,1,0.7076004,0.23740737,0.054992232,c1,c1
8821,1,0.26816726,0.47538292,0.25644985,c1,c234
8822,1,0.26458234,0.35998952,0.3754281,c5,c5
8829,1,0.24774888,0.3024295,0.4498217,c1,c5
8840,1,0.11364213,0.2543673,0.63199055,c234,c5
8845,1,0.35266602,0.44058412,0.20674984,c234,c234
8847,1,0.40837967,0.290647,0.3009733,c1,c1
8852,1,0.08089309,0.33122453,0.5878824,c5,c5
8853,1,0.1155565,0.2958774,0.5885661,c5,c5
8858,1,0.30658823,0.39736053,0.2960512,c234,c234
8864,1,0.060360424,0.20930874,0.7303309,c5,c5
8871,1,0.102874205,0.35014957,0.5469762,c5,c5
8875,1,0.501125,0.33398426,0.16489077,c1,c1
8878,1,0.22926554,0.449209,0.32152542,c1,c234
8883,1,0.19335613,0.3161358,0.4905081,c5,c5
8884,1,0.6329351,0.274265,0.09279994,c1,c1
8885,1,0.52679384,0.2923472,0.18085895,c234,c1
8887,1,0.1003382,0.3674702,0.5321916,c5,c5
8893,1,0.4927348,0.3063758,0.20088936,c5,c1
8896,1,0.24340366,0.32188717,0.43470916,c234,c5
8898,1,0.40899804,0.34293208,0.24806985,c234,c1
8902,1,0.2661613,0.53963315,0.19420552,c234,c234
8906,1,0.2823021,0.3635577,0.3541402,c234,c234
8913,1,0.42120057,0.39102376,0.18777564,c1,c1
8914,1,0.17269151,0.51055133,0.3167571,c1,c234
8918,1,0.098407425,0.4637795,0.43781307,c234,c234
8920,1,0.19416709,0.3809039,0.42492902,c1,c5
8921,1,0.5269028,0.26630524,0.20679198,c5,c1
8928,1,0.69678146,0.2489612,0.054257296,c5,c1
8929,1,0.11458258,0.37414575,0.5112717,c234,c5
8930,1,0.4860996,0.2925399,0.22136047,c234,c1
8931,1,0.1925437,0.46767533,0.3397809,c234,c234
8932,1,0.29128003,0.40723833,0.30148157,c5,c234
8934,1,0.3470514,0.32543814,0.32751048,c234,c1
8935,1,0.5162007,0.36689112,0.11690812,c1,c1
8937,1,0.13719009,0.28831202,0.5744979,c1,c5
8943,1,0.22566558,0.3566289,0.41770557,c234,c5
8945,1,0.4915702,0.3684838,0.13994607,c234,c1
8946,1,0.37972918,0.3288201,0.2914507,c1,c1
8958,1,0.0553544,0.23168921,0.7129564,c5,c5
8962,1,0.1611765,0.44971907,0.38910443,c1,c234
8971,1,0.17828844,0.313939,0.50777256,c5,c5
8974,1,0.30532363,0.40065503,0.2940214,c1,c234
8980,1,0.14148779,0.4567282,0.40178397,c234,c234
8981,1,0.649687,0.2803836,0.069929436,c234,c1
8983,1,0.28961912,0.31586918,0.39451167,c234,c5
8984,1,0.26843056,0.27595592,0.45561355,c1,c5
8989,1,0.5122932,0.38519165,0.10251514,c1,c1
8992,1,0.604137,0.311135,0.08472796,c1,c1
8993,1,0.15835406,0.45776543,0.38388056,c5,c234
8998,1,0.5866089,0.2341358,0.17925537,c1,c1
9000,1,0.53847176,0.31524977,0.1462785,c234,c1
9001,1,0.32887793,0.43834645,0.23277564,c234,c234
9014,1,0.09632756,0.27737537,0.62629706,c5,c5
9024,1,0.39175647,0.3331294,0.2751141,c234,c1
9026,1,0.56510323,0.31333932,0.12155749,c234,c1
9031,1,0.304929,0.36059585,0.33447513,c1,c234
9034,1,0.44547126,0.33834895,0.21617976,c1,c1
9036,1,0.10516632,0.4740925,0.4207411,c5,c234
9037,1,0.5042612,0.34783947,0.14789933,c5,c1
9041,1,0.38586763,0.3702482,0.24388412,c1,c1
9043,1,0.3488102,0.38171598,0.26947382,c5,c234
9045,1,0.47606143,0.37664154,0.14729704,c234,c1
9048,1,0.098535806,0.2682735,0.63319063,c1,c5
9050,1,0.56513846,0.35352513,0.081336446,c234,c1
9051,1,0.06600756,0.31199652,0.62199587,c234,c5
9052,1,0.7446216,0.16687928,0.08849918,c1,c1
9054,1,0.39759427,0.36033833,0.24206741,c234,c1
9060,1,0.10053426,0.3992744,0.50019133,c234,c5
9062,1,0.19110402,0.526497,0.28239897,c1,c234
9069,1,0.37413856,0.3652598,0.26060164,c5,c1
9070,1,0.17230494,0.46620575,0.36148933,c234,c234
9073,1,0.1528686,0.25508648,0.59204495,c5,c5
9078,1,0.34786758,0.45432836,0.19780412,c1,c234
9085,1,0.6097823,0.307086,0.08313171,c1,c1
9090,1,0.44048524,0.40887687,0.1506379,c1,c1
9096,1,0.6954186,0.23319212,0.07138921,c1,c1
9097,1,0.762502,0.18788843,0.04960955,c1,c1
9098,1,0.40077147,0.40440813,0.19482037,c234,c234
9103,1,0.1661706,0.3870663,0.44676316,c1,c5
9113,1,0.6409879,0.28889826,0.07011382,c234,c1
9123,1,0.19848074,0.34685943,0.45465982,c1,c5
9126,1,0.5202287,0.34128362,0.13848779,c234,c1
9130,1,0.2974136,0.4093546,0.29323184,c234,c234
9131,1,0.22124055,0.5043271,0.27443233,c1,c234
9133,1,0.563662,0.33011833,0.10621969,c1,c1
9136,1,0.19446525,0.34221494,0.4633198,c5,c5
9139,1,0.36411673,0.33809158,0.2977917,c5,c1
9141,1,0.21573702,0.46209887,0.32216412,c1,c234
9142,1,0.4414498,0.39148495,0.16706528,c5,c1
9146,1,0.3786691,0.4884218,0.13290913,c5,c234
9149,1,0.24308406,0.48048875,0.27642718,c234,c234
9151,1,0.17381065,0.5073776,0.31881174,c1,c234
9153,1,0.49760097,0.303158,0.19924104,c234,c1
9156,1,0.39655656,0.3575163,0.24592717,c234,c1
9161,1,0.5738177,0.341473,0.084709324,c1,c1
9166,1,0.14651896,0.48206207,0.37141898,c5,c234
9168,1,0.07462816,0.29929626,0.6260755,c1,c5
9173,1,0.6628564,0.2559012,0.081242405,c1,c1
9174,1,0.20595673,0.3387786,0.4552647,c5,c5
9177,1,0.15873069,0.40257165,0.4386977,c234,c5
9179,1,0.69478595,0.22271848,0.08249556,c5,c1
9181,1,0.2798128,0.32717428,0.39301294,c1,c5
9183,1,0.1556073,0.3470891,0.49730363,c5,c5
9185,1,0.563662,0.33011833,0.10621969,c234,c1
9187,1,0.05535805,0.26760334,0.67703867,c1,c5
9192,1,0.14573358,0.32945967,0.5248068,c5,c5
9197,1,0.4211378,0.33767164,0.24119051,c234,c1
9204,1,0.25137252,0.32863292,0.41999453,c234,c5
9211,1,0.4607541,0.4040412,0.13520475,c1,c1
9216,1,0.18768026,0.40278852,0.40953127,c5,c5
9222,1,0.11390282,0.306237,0.5798602,c5,c5
9227,1,0.5554882,0.31512374,0.12938808,c234,c1
9237,1,0.19129144,0.4417359,0.36697268,c5,c234
9238,1,0.2756766,0.3384883,0.38583508,c1,c5
9240,1,0.3623496,0.32334438,0.31430602,c5,c1
9243,1,0.22614032,0.47212306,0.30173662,c5,c234
9246,1,0.49584296,0.38947678,0.11468027,c234,c1
9250,1,0.06597226,0.30010337,0.63392437,c5,c5
9257,1,0.2611998,0.346118,0.39268214,c1,c5
9260,1,0.08383292,0.36736822,0.5487988,c5,c5
9265,1,0.6357466,0.2582167,0.10603662,c5,c1
9271,1,0.3333891,0.48307657,0.18353432,c5,c234
9281,1,0.383049,0.2768107,0.34014025,c234,c1
9287,1,0.5972034,0.27345303,0.12934363,c1,c1
9290,1,0.044283103,0.27905908,0.6766578,c5,c5
9298,1,0.18557931,0.25467294,0.55974776,c5,c5
9299,1,0.36377954,0.36955333,0.26666713,c5,c234
9300,1,0.28986108,0.46065927,0.24947965,c1,c234
9302,1,0.3622547,0.4232344,0.21451093,c1,c234
9320,1,0.19495302,0.51829356,0.28675345,c234,c234
9321,1,0.70391387,0.19089517,0.10519093,c1,c1
9322,1,0.07158197,0.36290252,0.5655155,c5,c5
9325,1,0.13405357,0.3012842,0.5646623,c5,c5
9326,1,0.11977302,0.46613964,0.4140874,c5,c234
9332,1,0.08564591,0.25243506,0.66191906,c5,c5
9333,1,0.1737628,0.38742018,0.43881708,c1,c5
9337,1,0.33506528,0.44288805,0.22204661,c1,c234
9343,1,0.45442438,0.30570123,0.23987441,c5,c1
9346,1,0.43043864,0.44551396,0.12404744,c1,c234
9348,1,0.37607008,0.39599884,0.22793104,c1,c234
9352,1,0.0849252,0.49254373,0.42253107,c234,c234
9360,1,0.12896481,0.3336121,0.5374231,c234,c5
9362,1,0.762502,0.18788843,0.04960955,c1,c1
9363,1,0.2525397,0.32839027,0.4190701,c234,c5
9370,1,0.13571526,0.31666642,0.54761827,c5,c5
9372,1,0.15355794,0.3231435,0.52329856,c234,c5
9373,1,0.7181753,0.21688928,0.06493543,c1,c1
9376,1,0.5782152,0.30737022,0.11441462,c1,c1
9379,1,0.054331414,0.2187223,0.7269463,c234,c5
9380,1,0.3209971,0.34640336,0.33259958,c234,c234
9383,1,0.46899796,0.34141713,0.18958485,c1,c1
9388,1,0.39313516,0.4260155,0.18084933,c234,c234
9389,1,0.09256796,0.337609,0.5698231,c1,c5
9391,1,0.44607347,0.3630538,0.19087271,c234,c1
9394,1,0.19740638,0.36633587,0.43625772,c1,c5
9398,1,0.29535997,0.31868848,0.38595158,c1,c5
9399,1,0.45828465,0.30724615,0.23446925,c234,c1
9407,1,0.06700666,0.34387907,0.58911425,c5,c5
9414,1,0.18182808,0.33841652,0.47975543,c1,c5
9422,1,0.28650552,0.35625732,0.35723716,c1,c5
9423,1,0.28255373,0.43746755,0.2799787,c1,c234
9431,1,0.13599698,0.28099608,0.5830069,c234,c5
9434,1,0.13016993,0.36667845,0.5031516,c234,c5
9440,1,0.08614434,0.21066105,0.7031947,c5,c5
9445,1,0.3540276,0.26996776,0.37600458,c1,c5
9451,1,0.3344744,0.5159302,0.14959541,c234,c234
9453,1,0.28532645,0.4280905,0.2865831,c5,c234
9458,1,0.11659917,0.3139459,0.5694549,c234,c5
9462,1,0.38465816,0.38404822,0.23129362,c1,c1
9465,1,0.06786865,0.21937704,0.71275425,c1,c5
9466,1,0.1613311,0.31928238,0.5193865,c234,c5
9471,1,0.21515523,0.32432953,0.46051526,c5,c5
9476,1,0.17645895,0.36101106,0.46252996,c5,c5
9482,1,0.32109082,0.3142708,0.3646384,c5,c5
9493,1,0.614456,0.3021424,0.08340156,c1,c1
9496,1,0.4048182,0.31726006,0.2779217,c5,c1
9508,1,0.4878904,0.31846613,0.19364345,c1,c1
9515,1,0.7608059,0.18143666,0.057757508,c1,c1
9520,1,0.35908478,0.456865,0.18405016,c1,c234
9521,1,0.4537321,0.3750567,0.17121114,c1,c1
9522,1,0.5301753,0.2558758,0.21394888,c1,c1
9532,1,0.27273062,0.5066748,0.22059456,c1,c234
9536,1,0.13955216,0.34573236,0.51471543,c234,c5
9539,1,0.24463764,0.4491892,0.3061732,c1,c234
9541,1,0.5131575,0.3620665,0.12477601,c234,c1
9548,1,0.24071617,0.32303053,0.43625328,c1,c5
9550,1,0.088115,0.35877502,0.55310994,c1,c5
9551,1,0.762502,0.18788843,0.04960955,c1,c1
9557,1,0.2036854,0.54270023,0.25361437,c1,c234
9568,1,0.34172183,0.3038966,0.3543815,c5,c5
9569,1,0.07049315,0.29628047,0.63322634,c5,c5
9570,1,0.10895977,0.27464467,0.61639553,c5,c5
9580,1,0.17765073,0.4689624,0.35338694,c1,c234
9590,1,0.19075285,0.37292925,0.43631792,c1,c5
9595,1,0.15397182,0.256082,0.58994615,c5,c5
9602,1,0.5570962,0.30108166,0.14182214,c1,c1
9611,1,0.14935961,0.29298577,0.5576546,c5,c5
9617,1,0.762502,0.18788843,0.04960955,c234,c1
9626,1,0.09603452,0.42475992,0.47920555,c234,c5
9632,1,0.27881843,0.39401382,0.32716772,c5,c234
9646,1,0.17123877,0.33963558,0.4891256,c234,c5
9650,1,0.47660655,0.344252,0.17914145,c234,c1
9652,1,0.50900716,0.28437924,0.20661367,c5,c1
9662,1,0.5157317,0.38593525,0.09833304,c1,c1
9667,1,0.07543468,0.31358543,0.61097986,c5,c5
9672,1,0.1753046,0.48878157,0.33591384,c5,c234
9677,1,0.18446934,0.4306879,0.38484278,c1,c234
9678,1,0.6192257,0.28488114,0.095893234,c5,c1
9679,1,0.24774888,0.3024295,0.4498217,c234,c5
9680,1,0.08930593,0.25562298,0.6550711,c1,c5
9681,1,0.563662,0.33011833,0.10621969,c1,c1
9686,1,0.5820843,0.32803786,0.08987783,c234,c1
9688,1,0.45442438,0.30570123,0.23987441,c1,c1
9691,1,0.4574648,0.37874275,0.1637925,c1,c1
9694,1,0.31439826,0.3819487,0.30365303,c5,c234
9696,1,0.33598816,0.31870967,0.3453021,c234,c5
9699,1,0.30280316,0.42437068,0.27282616,c5,c234
9715,1,0.58871317,0.302013,0.10927384,c1,c1
9727,1,0.27525502,0.44760182,0.2771431,c5,c234
9728,1,0.24774888,0.3024295,0.4498217,c1,c5
9732,1,0.24489656,0.39268348,0.36241996,c234,c234
9733,1,0.09149779,0.34691453,0.5615877,c234,c5
9742,1,0.0496316,0.33018306,0.6201853,c234,c5
9745,1,0.39173844,0.28944984,0.31881174,c234,c1
9750,1,0.14022018,0.42459002,0.43518978,c1,c5
9751,1,0.50575346,0.36584026,0.12840632,c234,c1
9759,1,0.563662,0.33011833,0.10621969,c234,c1
9761,1,0.40345564,0.36652192,0.23002246,c234,c1
9762,1,0.25201002,0.45090464,0.29708537,c234,c234
9764,1,0.10808025,0.28909653,0.6028232,c234,c5
9766,1,0.1528631,0.5076225,0.3395144,c234,c234
9767,1,0.38930663,0.40237615,0.20831724,c5,c234
9782,1,0.37204754,0.2929518,0.33500072,c234,c1
9788,1,0.57131106,0.32645836,0.102230564,c234,c1
9789,1,0.09899951,0.54387975,0.35712072,c234,c234
9801,1,0.073466755,0.33525765,0.59127563,c1,c5
9811,1,0.33139387,0.46230453,0.20630158,c1,c234
9818,1,0.46636102,0.38842446,0.1452145,c1,c1
9821,1,0.32421225,0.4034394,0.27234837,c1,c234
9829,1,0.31146014,0.43268353,0.2558563,c5,c234
9836,1,0.12902845,0.33223206,0.5387395,c5,c5
9845,1,0.44801688,0.38292858,0.16905457,c234,c1
9847,1,0.24486916,0.43727314,0.31785765,c1,c234
9848,1,0.11492643,0.29136887,0.59370464,c5,c5
9852,1,0.3199604,0.38906786,0.29097182,c234,c234
9854,1,0.05663096,0.25548095,0.68788815,c234,c5
9867,1,0.07490314,0.3365131,0.5885837,c5,c5
9870,1,0.50056356,0.39704323,0.10239322,c1,c1
9873,1,0.15452212,0.270517,0.57496095,c5,c5
9874,1,0.24774888,0.3024295,0.4498217,c1,c5
9875,1,0.5871737,0.2503304,0.1624959,c1,c1
9876,1,0.275833,0.32678103,0.39738593,c234,c5
9888,1,0.08232512,0.34761864,0.5700562,c234,c5
9899,1,0.65020764,0.24176662,0.10802577,c1,c1
9905,1,0.19092831,0.4546709,0.35440075,c234,c234
9910,1,0.25628093,0.4680472,0.27567187,c1,c234
9920,1,0.547012,0.3442179,0.10877008,c234,c1
9922,1,0.15002398,0.39680755,0.45316842,c1,c5
9928,1,0.3483718,0.406518,0.24511017,c1,c234
9933,1,0.31651676,0.4388235,0.2446598,c5,c234
9935,1,0.51070476,0.38823926,0.101055965,c1,c1
9941,1,0.11613911,0.27592945,0.6079315,c5,c5
9944,1,0.3232374,0.4154759,0.26128674,c234,c234
9945,1,0.35042197,0.4178926,0.23168547,c1,c234
9958,1,0.07061926,0.21405879,0.7153219,c5,c5
9969,1,0.19827157,0.25254285,0.5491856,c5,c5
9974,1,0.47648105,0.39670798,0.12681095,c1,c1
9976,1,0.6256996,0.29278556,0.08151478,c1,c1
9977,1,0.20585005,0.568509,0.22564094,c1,c234
9982,1,0.05450127,0.20407252,0.7414261,c234,c5
9983,1,0.2543359,0.5116447,0.23401938,c5,c234
9984,1,0.7106083,0.21493176,0.07445999,c1,c1
9992,1,0.7046582,0.20662515,0.088716626,c1,c1
9995,1,0.17794164,0.31329006,0.5087683,c234,c5
9999,1,0.61172265,0.30053684,0.08774058,c234,c1
10003,1,0.2949063,0.52511793,0.17997575,c234,c234
10005,1,0.14185545,0.41948888,0.43865567,c234,c5
10012,1,0.20036565,0.26630038,0.53333396,c234,c5
10016,1,0.23392597,0.47300515,0.29306883,c234,c234
10024,1,0.2635124,0.31058827,0.42589936,c234,c5
10029,1,0.5561755,0.30161318,0.14221136,c234,c1
10031,1,0.32655966,0.466663,0.20677733,c5,c234
10034,1,0.563662,0.33011833,0.10621969,c1,c1
10036,1,0.5195282,0.36795124,0.11252056,c5,c1
10038,1,0.6859151,0.24228252,0.0718024,c5,c1
10042,1,0.64813864,0.2767605,0.0751008,c5,c1
10050,1,0.31259874,0.41900766,0.2683936,c1,c234
10056,1,0.5877876,0.28876448,0.12344786,c5,c1
10069,1,0.17525645,0.46889606,0.35584748,c234,c234
10078,1,0.19082858,0.26142144,0.54775,c234,c5
10081,1,0.26169974,0.36547485,0.37282538,c5,c5
10089,1,0.44641873,0.3534913,0.20008998,c1,c1
10100,1,0.17645895,0.36101106,0.46252996,c1,c5
10103,1,0.083222315,0.2554369,0.6613408,c5,c5
10109,1,0.46108633,0.39801535,0.1408983,c234,c1
10114,1,0.45299888,0.37333244,0.1736687,c234,c1
10118,1,0.49834615,0.28143,0.22022386,c1,c1
10136,1,0.56517494,0.32067364,0.11415144,c1,c1
10146,1,0.45828465,0.30724615,0.23446925,c1,c1
10147,1,0.13031441,0.3284914,0.5411942,c234,c5
10152,1,0.32511923,0.41037512,0.26450565,c5,c234
10157,1,0.38735145,0.43222725,0.18042125,c234,c234
10160,1,0.28222716,0.52778494,0.18998791,c234,c234
10161,1,0.21962215,0.45918694,0.32119086,c234,c234
10165,1,0.10561602,0.30039495,0.593989,c5,c5
10168,1,0.60495573,0.273809,0.12123532,c1,c1
10174,1,0.19807796,0.2842438,0.51767826,c234,c5
10179,1,0.27666447,0.36033228,0.36300328,c234,c5
10184,1,0.41215047,0.30260506,0.28524444,c1,c1
10185,1,0.6985336,0.23617467,0.06529177,c1,c1
10190,1,0.47146976,0.30319852,0.22533174,c234,c1
10192,1,0.53433394,0.3694903,0.09617575,c1,c1
10194,1,0.563662,0.33011833,0.10621969,c1,c1
10199,1,0.05584306,0.20279954,0.7413573,c5,c5
10207,1,0.45863703,0.34036237,0.20100062,c1,c1
10216,1,0.24291836,0.30091769,0.45616397,c1,c5
10218,1,0.45617965,0.30559233,0.23822807,c1,c1
10221,1,0.2491247,0.48278657,0.26808867,c1,c234
10227,1,0.2884786,0.29960433,0.41191706,c5,c5
10229,1,0.49183208,0.29684007,0.21132787,c5,c1
10230,1,0.383049,0.2768107,0.34014025,c5,c1
10235,1,0.5865683,0.29679605,0.11663563,c1,c1
10240,1,0.4154071,0.35696855,0.22762431,c5,c1
10246,1,0.19623806,0.5087543,0.29500765,c5,c234
10252,1,0.563662,0.33011833,0.10621969,c5,c1
10255,1,0.3193526,0.4931158,0.18753156,c1,c234
10256,1,0.63669693,0.2825929,0.08071013,c1,c1
10264,1,0.34892496,0.41951174,0.2315633,c234,c234
10265,1,0.34405962,0.34459814,0.31134224,c1,c234
10267,1,0.75696576,0.18316232,0.05987198,c234,c1
10271,1,0.3713986,0.29649362,0.33210775,c234,c1
10273,1,0.2512275,0.40768293,0.34108955,c1,c234
10287,1,0.54071224,0.31566307,0.14362471,c234,c1
10296,1,0.30231178,0.4407748,0.25691342,c1,c234
10299,1,0.5269999,0.28077725,0.19222286,c5,c1
10301,1,0.14531551,0.25236848,0.602316,c5,c5
10308,1,0.53267455,0.3583637,0.10896172,c234,c1
10316,1,0.048671927,0.25266767,0.6986605,c234,c5
10322,1,0.34132624,0.47123104,0.18744276,c1,c234
10323,1,0.045831546,0.24559492,0.7085735,c5,c5
10324,1,0.117890276,0.32297242,0.5591373,c5,c5
10325,1,0.36045262,0.36659852,0.27294886,c234,c234
10330,1,0.18221445,0.41627917,0.40150633,c5,c234
10332,1,0.31651676,0.4388235,0.2446598,c234,c234
10355,1,0.38858056,0.3071581,0.3042613,c5,c1
10358,1,0.18515919,0.4669699,0.34787083,c234,c234
10364,1,0.26954475,0.44056913,0.28988612,c234,c234
10365,1,0.5406871,0.28771815,0.17159477,c234,c1
10367,1,0.1591577,0.31923914,0.5216032,c1,c5
10370,1,0.43382722,0.375813,0.19035977,c1,c1
10387,1,0.15658696,0.26289886,0.58051413,c234,c5
10395,1,0.26011756,0.49931306,0.24056941,c234,c234
10400,1,0.5715076,0.2527396,0.1757528,c1,c1
10405,1,0.082384326,0.41858646,0.49902925,c234,c5
10417,1,0.3974966,0.37829977,0.22420362,c234,c1
10418,1,0.27507836,0.48142394,0.24349771,c234,c234
10425,1,0.3980846,0.41490367,0.18701175,c234,c234
10426,1,0.105742276,0.6037693,0.29048845,c5,c234
10429,1,0.0644918,0.26348826,0.67201996,c5,c5
10432,1,0.26324242,0.39087975,0.3458778,c234,c234
10435,1,0.066489205,0.2626491,0.6708617,c1,c5
10436,1,0.11044709,0.58096635,0.30858657,c234,c234
10442,1,0.16561079,0.38618636,0.44820282,c5,c5
10445,1,0.5149396,0.36619583,0.11886461,c234,c1
10447,1,0.27909318,0.35687846,0.36402833,c234,c5
10448,1,0.053052478,0.25828025,0.68866724,c5,c5
10450,1,0.48771918,0.3818118,0.13046908,c5,c1
10452,1,0.58092064,0.33294374,0.086135596,c234,c1
10455,1,0.65105367,0.26934505,0.07960123,c1,c1
10457,1,0.19065133,0.4529042,0.35644454,c234,c234
10460,1,0.25879195,0.4008248,0.3403833,c5,c234
10469,1,0.1118451,0.3159832,0.5721717,c5,c5
10471,1,0.50266427,0.28355688,0.21377884,c1,c1
10486,1,0.14134961,0.43178836,0.4268621,c1,c234
10488,1,0.563662,0.33011833,0.10621969,c234,c1
10490,1,0.06425457,0.21179141,0.723954,c5,c5
10500,1,0.045095213,0.13581792,0.8190869,c5,c5
10506,1,0.12162805,0.28464663,0.5937254,c5,c5
10507,1,0.20273636,0.3202145,0.47704905,c1,c5
10509,1,0.22559756,0.3343184,0.44008404,c234,c5
10510,1,0.29415086,0.371626,0.33422315,c5,c234
10512,1,0.60450095,0.31796688,0.07753213,c1,c1
10513,1,0.18908018,0.2580243,0.5528956,c234,c5
10516,1,0.671531,0.23196162,0.09650732,c1,c1
10517,1,0.762502,0.18788843,0.04960955,c1,c1
10522,1,0.1494117,0.3401748,0.5104135,c5,c5
10527,1,0.20288931,0.30141062,0.49570012,c234,c5
10532,1,0.35496414,0.38309395,0.2619419,c1,c234
10536,1,0.07072143,0.3861626,0.543116,c5,c5
10538,1,0.05427409,0.31910858,0.6266174,c1,c5
10547,1,0.124520995,0.3233774,0.5521016,c5,c5
10549,1,0.24774888,0.3024295,0.4498217,c5,c5
10553,1,0.05624253,0.27771544,0.6660421,c234,c5
10555,1,0.12307743,0.26277485,0.6141478,c234,c5
10558,1,0.18308848,0.35222363,0.46468788,c234,c5
10561,1,0.52089274,0.37683737,0.102269806,c1,c1
10563,1,0.5820657,0.26982793,0.14810641,c1,c1
10564,1,0.5599521,0.33149624,0.10855166,c1,c1
10566,1,0.57942,0.333058,0.08752205,c234,c1
10567,1,0.66846097,0.2650609,0.066478096,c234,c1
10568,1,0.21065699,0.39683947,0.39250353,c5,c234
10579,1,0.14623052,0.31652465,0.5372448,c1,c5
10580,1,0.762502,0.18788843,0.04960955,c234,c1
10581,1,0.11069222,0.25881636,0.63049144,c5,c5
10582,1,0.0489713,0.25285998,0.69816875,c5,c5
10585,1,0.7738812,0.17586716,0.05025165,c1,c1
10587,1,0.072300576,0.3432467,0.58445275,c234,c5
10597,1,0.066299856,0.29662797,0.6370722,c5,c5
10599,1,0.30254656,0.34721553,0.35023794,c5,c5
10600,1,0.12654443,0.2999178,0.5735378,c5,c5
10603,1,0.25227833,0.32192138,0.4258003,c5,c5
10604,1,0.762502,0.18788843,0.04960955,c234,c1
10628,1,0.37771848,0.39032745,0.23195407,c234,c234
10629,1,0.07799669,0.21484376,0.7071595,c5,c5
10630,1,0.3452769,0.40239045,0.2523326,c1,c234
10635,1,0.44801995,0.36648995,0.18549015,c234,c1
10638,1,0.08825306,0.29464605,0.6171009,c234,c5
10645,1,0.32330188,0.3160729,0.36062527,c5,c5
10656,1,0.16150048,0.2869234,0.5515761,c1,c5
10660,1,0.6682365,0.26527533,0.066488236,c1,c1
10661,1,0.48048276,0.32029524,0.1992221,c234,c1
10668,1,0.4162222,0.3999351,0.18384272,c1,c1
10672,1,0.5854417,0.31781384,0.096744515,c5,c1
10676,1,0.08564262,0.32479393,0.5895634,c1,c5
10678,1,0.63221,0.22520138,0.14258863,c1,c1
10684,1,0.22996737,0.33341813,0.4366145,c234,c5
10688,1,0.4338407,0.3122359,0.25392345,c1,c1
10713,1,0.05271376,0.21817261,0.7291136,c5,c5
10719,1,0.08931186,0.399487,0.5112012,c5,c5
10721,1,0.28211203,0.47400844,0.24387953,c1,c234
10722,1,0.068622366,0.43413046,0.4972472,c1,c5
10724,1,0.10086408,0.35995921,0.53917676,c5,c5
10736,1,0.049954917,0.29522336,0.65482175,c5,c5
10742,1,0.09603452,0.42475992,0.47920555,c234,c5
10743,1,0.762502,0.18788843,0.04960955,c1,c1
10748,1,0.15841305,0.48485902,0.35672796,c234,c234
10751,1,0.20073295,0.35889506,0.44037202,c1,c5
10763,1,0.53605074,0.35504395,0.10890532,c234,c1
10768,1,0.3871247,0.49212712,0.120748244,c1,c234
10783,1,0.09678322,0.23955904,0.6636577,c5,c5
10786,1,0.43027118,0.40309367,0.16663523,c234,c1
10787,1,0.7362499,0.21015522,0.053594824,c1,c1
10790,1,0.20228398,0.38518184,0.41253418,c1,c5
10791,1,0.5572407,0.30706564,0.13569364,c5,c1
10793,1,0.6475821,0.26545918,0.086958684,c234,c1
10804,1,0.3856048,0.44058955,0.17380568,c1,c234
10810,1,0.37944534,0.4080556,0.21249908,c234,c234
10815,1,0.27069417,0.38384265,0.3454632,c1,c234
10817,1,0.23093735,0.37425396,0.3948087,c234,c5
10820,1,0.62928987,0.27902848,0.09168167,c1,c1
10823,1,0.105803736,0.414193,0.48000327,c1,c5
10833,1,0.2533925,0.42554563,0.32106188,c5,c234
10849,1,0.7058857,0.21119635,0.082917966,c1,c1
10852,1,0.12842101,0.36316776,0.5084112,c234,c5
10853,1,0.565697,0.34031782,0.09398514,c234,c1
10854,1,0.4200802,0.35673514,0.22318465,c1,c1
10857,1,0.61063397,0.24354659,0.1458194,c234,c1
10864,1,0.19365977,0.47407547,0.33226475,c234,c234
10865,1,0.0653927,0.33209154,0.60251576,c5,c5
10869,1,0.15463129,0.2606554,0.5847133,c1,c5
10881,1,0.29338795,0.42581654,0.2807955,c234,c234
10885,1,0.18789361,0.29204735,0.52005905,c234,c5
10886,1,0.24168864,0.4430707,0.31524065,c234,c234
10888,1,0.14172418,0.2636307,0.5946451,c1,c5
10890,1,0.6128243,0.29360816,0.093567565,c234,c1
10898,1,0.15420887,0.32155585,0.5242353,c5,c5
10900,1,0.121697694,0.5359077,0.3423946,c234,c234
10903,1,0.23990664,0.34440634,0.41568696,c5,c5
10904,1,0.1093206,0.34809935,0.54258007,c234,c5
10908,1,0.09408755,0.4568266,0.44908583,c5,c234
10925,1,0.563662,0.33011833,0.10621969,c234,c1
10934,1,0.6408004,0.28085202,0.078347616,c1,c1
10935,1,0.1916177,0.30341363,0.50496864,c1,c5
10939,1,0.28500283,0.45939758,0.25559965,c5,c234
10940,1,0.4418318,0.388822,0.16934617,c234,c1
10944,1,0.07543631,0.315358,0.6092056,c5,c5
10960,1,0.5597871,0.30956864,0.1306443,c234,c1
10962,1,0.3864104,0.32342994,0.29015973,c1,c1
10963,1,0.448538,0.41757333,0.13388872,c5,c1
10968,1,0.34395343,0.36361998,0.29242662,c234,c234
10980,1,0.07590847,0.30081078,0.6232807,c234,c5
10981,1,0.089067146,0.2352271,0.6757058,c5,c5
10993,1,0.34975973,0.32386997,0.32637027,c234,c1
10998,1,0.24244499,0.32519177,0.43236324,c1,c5
11002,1,0.040897116,0.24192975,0.71717316,c5,c5
11013,1,0.5214251,0.3626828,0.11589208,c234,c1
11014,1,0.19955239,0.4536681,0.3467795,c234,c234
11015,1,0.14940856,0.34317055,0.5074209,c234,c5
11026,1,0.23936033,0.41962922,0.34101042,c234,c234
11028,1,0.563662,0.33011833,0.10621969,c5,c1
11031,1,0.6319637,0.23989564,0.12814069,c1,c1
11040,1,0.08215713,0.30302325,0.61481965,c5,c5
11043,1,0.37501538,0.27794033,0.3470443,c1,c1
11046,1,0.4662894,0.4169599,0.1167507,c1,c1
11060,1,0.5299227,0.32541654,0.14466076,c1,c1
11066,1,0.44612733,0.40938947,0.14448316,c234,c1
11067,1,0.13832642,0.429522,0.43215162,c234,c5
11075,1,0.49533224,0.3280084,0.17665929,c5,c1
11077,1,0.7396712,0.19397025,0.066358574,c1,c1
11080,1,0.58638763,0.26941988,0.14419247,c5,c1
11082,1,0.172251,0.4364353,0.39131364,c234,c234
11087,1,0.13256028,0.48535916,0.3820805,c5,c234
11088,1,0.56503075,0.348488,0.0864812,c234,c1
11092,1,0.091167994,0.508246,0.400586,c5,c234
11098,1,0.7107098,0.22420877,0.065081425,c5,c1
11099,1,0.72997963,0.21295547,0.05706486,c1,c1
11107,1,0.17778005,0.421195,0.40102494,c5,c234
11119,1,0.09279687,0.27397984,0.63322324,c1,c5
11123,1,0.4942103,0.2924527,0.21333705,c1,c1
11128,1,0.36250636,0.4459993,0.19149436,c234,c234
11137,1,0.15430588,0.5284213,0.31727284,c1,c234
11144,1,0.088132195,0.2965141,0.61535376,c234,c5
11150,1,0.20533884,0.50303394,0.29162723,c5,c234
11156,1,0.08229248,0.3492669,0.5684406,c5,c5
11163,1,0.37340808,0.39656997,0.23002197,c5,c234
11175,1,0.48481154,0.27295238,0.24223605,c1,c1
11182,1,0.31765738,0.3311997,0.35114288,c5,c5
11186,1,0.563662,0.33011833,0.10621969,c1,c1
11191,1,0.22236702,0.4399681,0.33766487,c234,c234
11193,1,0.4589843,0.34196365,0.19905214,c1,c1
11196,1,0.56259793,0.330916,0.1064861,c234,c1
11203,1,0.3883221,0.38827467,0.2234033,c5,c1
11209,1,0.15757224,0.47214973,0.37027803,c234,c234
11214,1,0.6833939,0.25821817,0.058388002,c234,c1
11220,1,0.09233613,0.25758374,0.65008014,c234,c5
11226,1,0.35405368,0.40955168,0.23639463,c1,c234
11228,1,0.1343942,0.42762557,0.43798023,c234,c5
11233,1,0.083483905,0.2380268,0.67848927,c5,c5
11237,1,0.1264606,0.24127614,0.63226324,c5,c5
11240,1,0.37506485,0.4588664,0.16606872,c1,c234
11242,1,0.46110108,0.30090615,0.23799278,c5,c1
11243,1,0.137258,0.3434696,0.5192724,c234,c5
11246,1,0.09927124,0.35375616,0.5469727,c5,c5
11254,1,0.5002672,0.31591925,0.18381353,c1,c1
11255,1,0.4465443,0.32077122,0.23268443,c1,c1
11265,1,0.72569364,0.18972492,0.08458136,c1,c1
11270,1,0.39118037,0.45413736,0.1546823,c234,c234
11272,1,0.14507674,0.32399547,0.5309278,c234,c5
11276,1,0.114620715,0.23600878,0.64937055,c234,c5
11282,1,0.2896142,0.30202663,0.40835917,c234,c5
11283,1,0.09013229,0.40295988,0.5069078,c234,c5
11290,1,0.23855668,0.44546497,0.31597838,c5,c234
11292,1,0.7520897,0.18327548,0.06463487,c5,c1
11298,1,0.3051542,0.3432669,0.35157886,c1,c5
11299,1,0.32084247,0.52188444,0.15727302,c234,c234
11303,1,0.306225,0.426913,0.26686198,c5,c234
11310,1,0.078137584,0.27902418,0.64283824,c234,c5
11312,1,0.35176742,0.4536953,0.19453733,c234,c234
11314,1,0.33929628,0.39196637,0.26873738,c1,c234
11318,1,0.2604932,0.4788864,0.2606204,c234,c234
11325,1,0.05623446,0.32966745,0.61409813,c5,c5
11332,1,0.5621828,0.32432553,0.11349167,c234,c1
11342,1,0.22948223,0.42012903,0.35038877,c234,c234
11347,1,0.45595783,0.37453455,0.1695077,c1,c1
11356,1,0.21490778,0.4668873,0.31820494,c5,c234
11359,1,0.16246748,0.42326453,0.41426796,c234,c234
11363,1,0.18627478,0.44772357,0.3660017,c5,c234
11365,1,0.17386977,0.43764246,0.38848776,c5,c234
11366,1,0.21576262,0.5296032,0.25463426,c1,c234
11367,1,0.11053064,0.24559742,0.6438719,c5,c5
11371,1,0.24244499,0.32519177,0.43236324,c1,c5
11373,1,0.3081018,0.4598696,0.23202866,c1,c234
11378,1,0.13683681,0.3409142,0.522249,c1,c5
11381,1,0.7695504,0.1734373,0.057012323,c1,c1
11384,1,0.47960046,0.40420932,0.11619023,c1,c1
11389,1,0.12269776,0.2853331,0.5919692,c234,c5
11399,1,0.563662,0.33011833,0.10621969,c1,c1
11408,1,0.09603452,0.42475992,0.47920555,c234,c5
11411,1,0.6610644,0.2790764,0.05985924,c234,c1
11417,1,0.39042956,0.3185232,0.2910472,c1,c1
11420,1,0.7486509,0.20353615,0.047812935,c1,c1
11427,1,0.077997714,0.21483347,0.70716876,c5,c5
11428,1,0.31818816,0.36518323,0.3166286,c234,c234
11429,1,0.56221473,0.34742913,0.09035613,c234,c1
11438,1,0.2587857,0.4607163,0.280498,c1,c234
11440,1,0.25941873,0.5267981,0.21378312,c234,c234
11443,1,0.6863458,0.251232,0.06242218,c1,c1
11449,1,0.12312319,0.3266912,0.55018556,c5,c5
11450,1,0.37211284,0.39548996,0.23239723,c5,c234
11454,1,0.6372741,0.25975502,0.10297086,c1,c1
11455,1,0.056907512,0.22781007,0.7152823,c234,c5
11461,1,0.2648169,0.30767146,0.4275116,c1,c5
11468,1,0.24294141,0.4882455,0.26881313,c1,c234
11478,1,0.50704086,0.34751204,0.14544708,c1,c1
11487,1,0.064885534,0.2258516,0.70926285,c5,c5
11490,1,0.35913324,0.40084082,0.24002594,c1,c234
11495,1,0.07366793,0.34490493,0.5814271,c5,c5
11497,1,0.100694776,0.41230443,0.48700085,c1,c5
11500,1,0.21829878,0.46304202,0.31865928,c234,c234
11513,1,0.11746436,0.3757698,0.5067658,c234,c5
11514,1,0.7465269,0.2003372,0.05313594,c1,c1
11516,1,0.07429083,0.29634738,0.62936175,c5,c5
11527,1,0.24774888,0.3024295,0.4498217,c1,c5
11533,1,0.3166955,0.35763854,0.32566592,c1,c234
11535,1,0.22088744,0.422149,0.35696355,c234,c234
11537,1,0.19327252,0.41015804,0.39656946,c5,c234
11538,1,0.08683465,0.23844475,0.67472064,c5,c5
11541,1,0.4558268,0.31260678,0.23156643,c234,c1
11544,1,0.2657971,0.4429582,0.29124472,c234,c234
11549,1,0.06833616,0.29273656,0.6389272,c5,c5
11556,1,0.36566347,0.3319208,0.3024157,c1,c1
11559,1,0.5652207,0.29854658,0.13623275,c5,c1
11564,1,0.14872794,0.44728366,0.40398848,c234,c234
11575,1,0.60250884,0.27838573,0.11910538,c1,c1
11577,1,0.477963,0.2783343,0.24370277,c5,c1
11584,1,0.0733848,0.22489889,0.70171636,c5,c5
11592,1,0.27882114,0.42266762,0.2985113,c1,c234
11593,1,0.22322866,0.3470118,0.4297596,c5,c5
11594,1,0.15275572,0.4790986,0.36814567,c5,c234
11596,1,0.30067465,0.28818256,0.41114286,c1,c5
11608,1,0.2122443,0.3774438,0.41031197,c1,c5
11609,1,0.29201868,0.40925652,0.29872483,c1,c234
11611,1,0.17216367,0.5352441,0.29259226,c234,c234
11616,1,0.12349142,0.3578581,0.51865053,c5,c5
11618,1,0.6500488,0.27828863,0.07166262,c234,c1
11622,1,0.4526078,0.37353414,0.17385802,c1,c1
11623,1,0.5777683,0.27129087,0.15094082,c234,c1
11628,1,0.14095606,0.35662,0.50242394,c5,c5
11632,1,0.13381052,0.32493713,0.5412524,c5,c5
11646,1,0.23388131,0.3953764,0.3707423,c5,c234
11647,1,0.3693679,0.3236762,0.3069559,c1,c1
11650,1,0.18658753,0.43851438,0.3748981,c234,c234
11651,1,0.29528397,0.44294918,0.26176682,c1,c234
11653,1,0.13676953,0.51239616,0.35083428,c5,c234
11657,1,0.563662,0.33011833,0.10621969,c1,c1
11662,1,0.40481165,0.4399556,0.15523277,c1,c234
11672,1,0.23521851,0.37454984,0.39023164,c1,c5
11676,1,0.14198387,0.3134706,0.5445456,c5,c5
11685,1,0.37501538,0.27794033,0.3470443,c234,c1
11686,1,0.10137399,0.35486814,0.54375786,c5,c5
11692,1,0.10451907,0.39195496,0.5035259,c1,c5
11698,1,0.32989424,0.40827042,0.26183537,c234,c234
11699,1,0.08105511,0.39297366,0.52597123,c234,c5
11706,1,0.62928987,0.27902848,0.09168167,c1,c1
11707,1,0.099107824,0.3798264,0.5210658,c5,c5
11709,1,0.11535799,0.41068053,0.47396153,c1,c5
11712,1,0.05402312,0.22315557,0.72282135,c5,c5
11718,1,0.15582849,0.38076735,0.4634042,c5,c5
11727,1,0.21798405,0.3369204,0.4450956,c234,c5
11732,1,0.198737,0.29141074,0.5098523,c5,c5
11733,1,0.563662,0.33011833,0.10621969,c5,c1
11734,1,0.16724776,0.3619735,0.47077882,c234,c5
11738,1,0.63239825,0.26966864,0.09793314,c234,c1
11743,1,0.16692543,0.35346743,0.47960708,c5,c5
11744,1,0.62928987,0.27902848,0.09168167,c234,c1
11749,1,0.56435746,0.30798388,0.12765864,c1,c1
11755,1,0.27384987,0.30995294,0.4161972,c5,c5
11762,1,0.047782958,0.2069525,0.7452646,c5,c5
11769,1,0.037465073,0.2984506,0.6640843,c5,c5
11770,1,0.304882,0.32066137,0.3744566,c5,c5
11778,1,0.46133214,0.4004211,0.13824674,c1,c1
11786,1,0.27384987,0.30995294,0.4161972,c5,c5
11792,1,0.19282466,0.45096543,0.35620996,c1,c234
11795,1,0.14087133,0.5418639,0.31726477,c234,c234
11799,1,0.061702773,0.22312436,0.7151728,c5,c5
11805,1,0.25828493,0.52488005,0.21683498,c1,c234
11806,1,0.08696433,0.44336987,0.46966586,c234,c5
11812,1,0.11904107,0.40945214,0.4715067,c234,c5
11813,1,0.1265751,0.35742363,0.5160013,c1,c5
11817,1,0.7118776,0.20575683,0.08236558,c1,c1
11826,1,0.13842037,0.38547072,0.476109,c5,c5
11831,1,0.24124095,0.3087214,0.4500377,c1,c5
11834,1,0.346019,0.31486169,0.33911934,c1,c1
11836,1,0.056450937,0.23122843,0.7123206,c5,c5
11838,1,0.6792424,0.2247024,0.096055225,c1,c1
11842,1,0.6552935,0.25765246,0.08705401,c234,c1
11844,1,0.074202254,0.35399917,0.57179856,c234,c5
11849,1,0.6097823,0.307086,0.08313171,c234,c1
11850,1,0.6106286,0.3089608,0.08041054,c1,c1
11853,1,0.07135557,0.40982172,0.51882267,c5,c5
11854,1,0.15496705,0.49975145,0.34528145,c5,c234
11857,1,0.5491807,0.32982638,0.12099294,c5,c1
11861,1,0.26764482,0.48251703,0.24983811,c1,c234
11862,1,0.4388403,0.40730023,0.1538595,c234,c1
11866,1,0.24554497,0.4092574,0.34519768,c234,c234
11870,1,0.34841272,0.3806404,0.27094692,c1,c234
11873,1,0.078763455,0.29928917,0.6219474,c234,c5
11876,1,0.21264598,0.2768691,0.51048493,c5,c5
11898,1,0.10261818,0.36310315,0.53427863,c5,c5
11917,1,0.383049,0.2768107,0.34014025,c1,c1
11928,1,0.4905904,0.3991394,0.1102702,c234,c1
11933,1,0.28432024,0.38892817,0.32675165,c5,c234
11941,1,0.3186753,0.50010884,0.18121587,c5,c234
11948,1,0.32017615,0.434104,0.2457199,c1,c234
11952,1,0.075200975,0.33875975,0.5860393,c234,c5
11956,1,0.23995225,0.3744459,0.38560182,c1,c5
11960,1,0.40616286,0.38562843,0.20820875,c1,c1
11961,1,0.24015038,0.38406384,0.37578577,c1,c234
11965,1,0.67649156,0.22480544,0.09870298,c234,c1
11967,1,0.31993237,0.31411314,0.3659545,c1,c5
11979,1,0.19134618,0.3428648,0.465789,c234,c5
11989,1,0.2527267,0.32947695,0.4177964,c1,c5
11998,1,0.047040902,0.21783379,0.7351253,c5,c5
12000,1,0.21361414,0.54057753,0.24580835,c1,c234
12004,1,0.054207183,0.21624658,0.72954625,c234,c5
12006,1,0.25574106,0.3479176,0.3963413,c5,c5
12008,1,0.058819175,0.28874165,0.6524392,c5,c5
12014,1,0.4798479,0.33650425,0.18364783,c5,c1
12019,1,0.3719466,0.29491723,0.33313617,c1,c1
12026,1,0.40770838,0.2998465,0.29244506,c1,c1
12033,1,0.09088424,0.29045597,0.61865973,c5,c5
12038,1,0.15972948,0.43920058,0.40107,c5,c234
12051,1,0.4299132,0.29217497,0.27791187,c1,c1
12058,1,0.1613311,0.31928238,0.5193865,c234,c5
12073,1,0.084772624,0.24353741,0.67169,c5,c5
12074,1,0.15194735,0.41434872,0.433704,c1,c5
12086,1,0.048820496,0.22601941,0.72516006,c5,c5
12098,1,0.6043166,0.3118359,0.08384757,c234,c1
12100,1,0.15033993,0.50611615,0.34354392,c5,c234
12103,1,0.49128425,0.36723697,0.14147879,c1,c1
12104,1,0.3762391,0.39511424,0.22864668,c1,c234
12109,1,0.19284028,0.45799235,0.34916732,c234,c234
12111,1,0.2023244,0.45085326,0.3468224,c1,c234
12126,1,0.78626364,0.14798725,0.06574915,c5,c1
12130,1,0.04085827,0.119840175,0.8393016,c5,c5
12136,1,0.11256091,0.26633275,0.6211064,c5,c5
12147,1,0.090102695,0.3407088,0.56918854,c5,c5
12148,1,0.26542294,0.4794469,0.25513014,c1,c234
12149,1,0.24774888,0.3024295,0.4498217,c234,c5
12154,1,0.14501776,0.3148589,0.54012334,c5,c5
12165,1,0.3438405,0.45073014,0.20542936,c234,c234
12168,1,0.06274124,0.27253556,0.66472316,c5,c5
12171,1,0.563662,0.33011833,0.10621969,c1,c1
12173,1,0.64497447,0.2754714,0.0795541,c234,c1
12177,1,0.5415913,0.35351893,0.10488978,c1,c1
12190,1,0.56007814,0.3510446,0.08887723,c5,c1
12194,1,0.110492624,0.2854439,0.6040635,c5,c5
12198,1,0.19436304,0.5010717,0.30456525,c1,c234
12199,1,0.34901762,0.31525344,0.33572894,c1,c1
12207,1,0.3285533,0.46923617,0.20221052,c5,c234
12216,1,0.37957898,0.29664662,0.3237744,c234,c1
12221,1,0.07951162,0.30176342,0.618725,c5,c5
12222,1,0.09850845,0.39680815,0.50468343,c234,c5
12226,1,0.60910946,0.2679255,0.122965075,c5,c1
12245,1,0.11899116,0.35136053,0.5296483,c5,c5
12246,1,0.068163104,0.2768608,0.6549761,c5,c5
12247,1,0.079868674,0.37138858,0.5487428,c5,c5
12249,1,0.632659,0.24600494,0.121336095,c234,c1
12257,1,0.21710816,0.43953523,0.3433566,c234,c234
12261,1,0.124204494,0.2855591,0.5902364,c234,c5
12264,1,0.39797536,0.39161408,0.21041061,c5,c1
12270,1,0.27558005,0.35372224,0.3706977,c1,c5
12278,1,0.36785614,0.48649806,0.14564589,c5,c234
12287,1,0.2172018,0.46682924,0.31596887,c234,c234
12291,1,0.7505438,0.18985985,0.059596382,c234,c1
12294,1,0.05916778,0.27419087,0.66664135,c234,c5
12300,1,0.13051587,0.3809941,0.48849005,c5,c5
12312,1,0.563662,0.33011833,0.10621969,c234,c1
12317,1,0.43016598,0.30192155,0.26791248,c1,c1
12327,1,0.23867863,0.30271414,0.45860726,c234,c5
12331,1,0.24244499,0.32519177,0.43236324,c1,c5
12332,1,0.5769718,0.288636,0.13439217,c1,c1
12333,1,0.06306966,0.32375333,0.61317706,c5,c5
12339,1,0.20358264,0.3826009,0.41381648,c5,c5
12343,1,0.50983983,0.3724153,0.1177449,c1,c1
12347,1,0.27657506,0.4728883,0.25053668,c5,c234
12348,1,0.4120063,0.3862889,0.2017048,c5,c1
12366,1,0.060568575,0.29079655,0.64863485,c1,c5
12368,1,0.121057086,0.3098101,0.5691328,c5,c5
12370,1,0.5367348,0.29601538,0.1672498,c5,c1
12371,1,0.09479311,0.22066645,0.68454033,c234,c5
12372,1,0.21288212,0.29863477,0.48848316,c234,c5
12378,1,0.07563393,0.24860033,0.6757657,c5,c5
12382,1,0.35414958,0.4590245,0.186826,c234,c234
12409,1,0.27129313,0.27470896,0.45399788,c5,c5
12413,1,0.6447945,0.26415518,0.091050304,c234,c1
12418,1,0.22119482,0.50017685,0.27862832,c234,c234
12422,1,0.09603452,0.42475992,0.47920555,c234,c5
12423,1,0.48481154,0.27295238,0.24223605,c1,c1
12429,1,0.38491395,0.42893106,0.18615496,c5,c234
12435,1,0.3556888,0.49029613,0.1540151,c5,c234
12446,1,0.09058602,0.3391248,0.5702892,c5,c5
12447,1,0.44448358,0.39215964,0.16335677,c1,c1
12450,1,0.12805657,0.29070133,0.5812421,c234,c5
12454,1,0.15262488,0.33356687,0.5138083,c5,c5
12455,1,0.7890271,0.150662,0.060310826,c1,c1
12456,1,0.47420362,0.3555541,0.17024232,c234,c1
12460,1,0.14759374,0.39556035,0.45684594,c1,c5
12483,1,0.1967152,0.25907487,0.54420996,c5,c5
12495,1,0.5611301,0.28621265,0.15265721,c234,c1
12499,1,0.22489329,0.31523016,0.45987654,c5,c5
12503,1,0.5519716,0.3203353,0.12769307,c234,c1
12511,1,0.4698139,0.3393884,0.1907977,c234,c1
12524,1,0.06640252,0.3217774,0.61182004,c234,c5
12526,1,0.1386288,0.27886102,0.58251023,c5,c5
12528,1,0.22098494,0.4919551,0.28706,c234,c234
12532,1,0.20057634,0.26786995,0.53155375,c5,c5
12545,1,0.3334262,0.46394202,0.20263179,c234,c234
12556,1,0.26060122,0.5648447,0.17455406,c1,c234
12579,1,0.28992715,0.37645525,0.33361757,c234,c234
12582,1,0.10172909,0.37530285,0.52296805,c5,c5
12586,1,0.51925445,0.33520985,0.1455357,c1,c1
12590,1,0.124352925,0.30456227,0.5710848,c5,c5
12599,1,0.26631013,0.50542957,0.22826034,c234,c234
12603,1,0.17289177,0.42127708,0.4058312,c234,c234
12612,1,0.2815079,0.40620577,0.3122863,c5,c234
12618,1,0.036195323,0.12702997,0.8367747,c5,c5
12628,1,0.24244499,0.32519177,0.43236324,c5,c5
12629,1,0.4837809,0.3401046,0.17611445,c1,c1
12631,1,0.6468726,0.26715016,0.08597727,c234,c1
12632,1,0.32567906,0.3245876,0.34973332,c1,c5
12637,1,0.4713281,0.26210952,0.26656234,c1,c1
12641,1,0.23259751,0.4325911,0.33481142,c234,c234
12647,1,0.07057514,0.28042793,0.64899695,c5,c5
12649,1,0.078568585,0.25583023,0.6656012,c5,c5
12654,1,0.06244199,0.2714675,0.6660904,c234,c5
12661,1,0.4939599,0.38436782,0.12167229,c5,c1
12664,1,0.32895988,0.45274666,0.21829352,c5,c234
12670,1,0.08614434,0.21066105,0.7031947,c5,c5
12675,1,0.44216275,0.347439,0.21039827,c5,c1
12678,1,0.30928648,0.5094917,0.18122187,c5,c234
12690,1,0.383049,0.2768107,0.34014025,c234,c1
12695,1,0.23680198,0.31107566,0.45212233,c1,c5
12696,1,0.17295684,0.4106191,0.41642407,c1,c5
12697,1,0.08963097,0.31437412,0.5959949,c5,c5
12699,1,0.40237728,0.45969757,0.13792518,c5,c234
12703,1,0.28911397,0.36786893,0.34301716,c5,c234
12712,1,0.39058954,0.3619536,0.24745688,c1,c1
12717,1,0.57584804,0.31048355,0.113668375,c5,c1
12726,1,0.17742066,0.41636023,0.4062191,c234,c234
12732,1,0.38238338,0.32299805,0.29461858,c5,c1
12734,1,0.563662,0.33011833,0.10621969,c234,c1
12740,1,0.4472611,0.38868204,0.16405682,c234,c1
12744,1,0.24244499,0.32519177,0.43236324,c5,c5
12746,1,0.0718651,0.3542509,0.573884,c234,c5
12750,1,0.046264272,0.20194651,0.75178915,c5,c5
12756,1,0.5860589,0.2955716,0.11836949,c1,c1
12762,1,0.46503514,0.3217962,0.21316867,c234,c1
12770,1,0.27809757,0.33252448,0.38937795,c234,c5
12773,1,0.6129192,0.27004594,0.11703481,c1,c1
12777,1,0.13642047,0.48223773,0.38134176,c1,c234
12780,1,0.13044651,0.39239997,0.4771535,c234,c5
12784,1,0.25881147,0.43528336,0.30590513,c5,c234
12785,1,0.8246238,0.13597038,0.03940575,c1,c1
12796,1,0.4477092,0.43182096,0.120469876,c5,c1
12803,1,0.12302366,0.43286824,0.44410816,c5,c5
12819,1,0.12808573,0.4294119,0.44250238,c5,c5
12822,1,0.3267241,0.4469607,0.22631517,c1,c234
12833,1,0.19082858,0.26142144,0.54775,c234,c5
12839,1,0.38714,0.31505853,0.2978014,c5,c1
12840,1,0.065185994,0.28729826,0.6475157,c5,c5
12850,1,0.05985179,0.35483631,0.5853119,c5,c5
12856,1,0.4328713,0.3283077,0.23882091,c5,c1
12863,1,0.122149535,0.45606202,0.42178842,c234,c234
12864,1,0.15659933,0.42839175,0.41500884,c5,c234
12867,1,0.070431605,0.22100754,0.70856076,c5,c5
12868,1,0.08198733,0.28560552,0.6324072,c234,c5
12870,1,0.12181738,0.4102959,0.46788672,c5,c5
12872,1,0.4715713,0.35659128,0.17183743,c1,c1
12874,1,0.25830272,0.47759172,0.2641056,c234,c234
12876,1,0.2690189,0.39860463,0.33237648,c5,c234
12883,1,0.2755115,0.4515879,0.27290067,c234,c234
12884,1,0.066724114,0.22911154,0.7041643,c5,c5
12887,1,0.37460732,0.33334538,0.29204735,c5,c1
12889,1,0.70702714,0.21705718,0.07591572,c1,c1
12894,1,0.15989341,0.37312728,0.46697927,c5,c5
12897,1,0.14061245,0.43918622,0.4202014,c5,c234
12900,1,0.15371765,0.45556718,0.39071515,c1,c234
12902,1,0.51527256,0.35680994,0.1279175,c234,c1
12904,1,0.15989341,0.37312728,0.46697927,c5,c5
12905,1,0.14449827,0.27215868,0.583343,c5,c5
12909,1,0.6698861,0.26494193,0.06517198,c1,c1
12918,1,0.17871884,0.33890045,0.48238075,c5,c5
12922,1,0.18883616,0.44706148,0.3641023,c1,c234
12923,1,0.68377113,0.2612945,0.05493435,c1,c1
12929,1,0.55449164,0.35648042,0.089027934,c1,c1
12930,1,0.7422247,0.18507035,0.07270498,c1,c1
12933,1,0.12691508,0.373571,0.49951392,c234,c5
12939,1,0.5622999,0.256436,0.18126412,c1,c1
12945,1,0.31466532,0.34533393,0.34000075,c234,c234
12947,1,0.35022646,0.41098353,0.23878998,c234,c234
12950,1,0.547495,0.35318744,0.099317536,c1,c1
12951,1,0.18211174,0.35000265,0.46788567,c234,c5
12970,1,0.544104,0.3316716,0.1242244,c5,c1
12972,1,0.4097573,0.39353096,0.19671172,c1,c1
12974,1,0.11227421,0.29164407,0.59608173,c1,c5
12975,1,0.37202978,0.36040762,0.2675626,c1,c1
12977,1,0.102113895,0.40426287,0.49362314,c5,c5
12986,1,0.5381004,0.31019554,0.15170409,c234,c1
12989,1,0.22020537,0.3513292,0.4284654,c5,c5
12990,1,0.122018635,0.22889847,0.64908296,c1,c5
12991,1,0.2314471,0.33762822,0.4309247,c234,c5
12992,1,0.18327709,0.47364685,0.3430761,c1,c234
13002,1,0.5008158,0.27867794,0.22050622,c1,c1
13011,1,0.16740721,0.49978563,0.33280712,c234,c234
13016,1,0.52084947,0.3101793,0.16897126,c1,c1
13031,1,0.46862674,0.42274925,0.10862402,c5,c1
13033,1,0.5572121,0.26122385,0.18156399,c234,c1
13038,1,0.22983864,0.32081786,0.4493435,c5,c5
13046,1,0.21336849,0.34334254,0.44328892,c5,c5
13049,1,0.19248551,0.2873414,0.520173,c5,c5
13060,1,0.24702595,0.34149942,0.41147462,c234,c5
13065,1,0.5718185,0.29289225,0.1352893,c1,c1
13071,1,0.34337965,0.46491086,0.19170955,c234,c234
13076,1,0.25969473,0.4316277,0.30867755,c1,c234
13078,1,0.14438681,0.25802255,0.5975906,c5,c5
13081,1,0.20215186,0.53403145,0.26381668,c5,c234
13082,1,0.25367835,0.3612986,0.38502312,c5,c5
13083,1,0.34901762,0.31525344,0.33572894,c234,c1
13105,1,0.06108813,0.25264752,0.6862643,c1,c5
13107,1,0.7890271,0.150662,0.060310826,c1,c1
13114,1,0.20801675,0.48887694,0.3031063,c234,c234
13116,1,0.22665499,0.5189451,0.25439993,c5,c234
13134,1,0.43371594,0.4653093,0.10097473,c234,c234
13136,1,0.26061532,0.32067972,0.41870496,c5,c5
13140,1,0.16834226,0.40157083,0.43008697,c234,c5
13143,1,0.1005521,0.33669317,0.56275475,c5,c5
13153,1,0.04932655,0.21942624,0.7312472,c1,c5
13156,1,0.35376468,0.4414108,0.20482454,c1,c234
13163,1,0.10026505,0.27158552,0.6281494,c1,c5
13166,1,0.32612178,0.34738797,0.32649022,c5,c234
13170,1,0.07100878,0.3280208,0.6009704,c1,c5
13174,1,0.056365374,0.2011665,0.7424682,c5,c5
13177,1,0.04976088,0.23034492,0.7198941,c5,c5
13180,1,0.563662,0.33011833,0.10621969,c1,c1
13185,1,0.36935988,0.31796145,0.31267866,c1,c1
13187,1,0.1601372,0.3444332,0.49542972,c234,c5
13189,1,0.14816493,0.33291802,0.518917,c5,c5
13192,1,0.13540293,0.4703007,0.39429635,c234,c234
13197,1,0.1410493,0.2794335,0.57951725,c5,c5
13198,1,0.7692404,0.17871794,0.05204164,c5,c1
13202,1,0.2414986,0.49118686,0.26731458,c234,c234
13204,1,0.058129057,0.23853852,0.7033324,c5,c5
13208,1,0.1278093,0.29714733,0.5750434,c5,c5
13209,1,0.18788297,0.47732246,0.33479452,c1,c234
13217,1,0.37147,0.45181322,0.17671674,c234,c234
13218,1,0.04870155,0.25900656,0.6922919,c5,c5
13222,1,0.38260958,0.4736146,0.1437758,c1,c234
13225,1,0.051576447,0.23364602,0.71477747,c5,c5
13232,1,0.09032605,0.23339236,0.6762816,c5,c5
13238,1,0.41697475,0.4403056,0.14271964,c1,c234
13247,1,0.6702961,0.22934094,0.10036301,c5,c1
13248,1,0.2168785,0.45812407,0.32499745,c234,c234
13249,1,0.687172,0.22224945,0.09057855,c1,c1
13251,1,0.2658097,0.4188415,0.3153487,c1,c234
13258,1,0.0526381,0.25871456,0.6886473,c234,c5
13270,1,0.3507496,0.43988487,0.20936546,c234,c234
13273,1,0.03813265,0.11903011,0.84283733,c5,c5
13276,1,0.22258271,0.5155027,0.26191458,c5,c234
13279,1,0.23754658,0.31784457,0.4446088,c5,c5
13284,1,0.26665,0.32376847,0.40958157,c5,c5
13285,1,0.4987228,0.26506376,0.23621348,c234,c1
13286,1,0.6145752,0.3088016,0.07662321,c5,c1
13287,1,0.16282238,0.4471588,0.39001888,c234,c234
13288,1,0.44925818,0.33782673,0.21291512,c1,c1
13297,1,0.34779683,0.36973098,0.28247216,c234,c234
13298,1,0.55523366,0.32386494,0.12090136,c5,c1
13299,1,0.2452824,0.41278133,0.34193632,c234,c234
13300,1,0.34119713,0.4461812,0.21262164,c5,c234
13304,1,0.10118292,0.27869377,0.62012327,c5,c5
13311,1,0.70702714,0.21705718,0.07591572,c1,c1
13313,1,0.15322316,0.46091506,0.38586184,c5,c234
13317,1,0.23970598,0.50994146,0.25035256,c234,c234
13323,1,0.51652426,0.38016438,0.103311345,c1,c1
13324,1,0.08546679,0.23965368,0.6748795,c5,c5
13329,1,0.5585978,0.3033709,0.1380313,c1,c1
13343,1,0.49301946,0.3534652,0.15351535,c5,c1
13347,1,0.083514675,0.32534486,0.5911405,c5,c5
13365,1,0.08681657,0.23596309,0.67722034,c5,c5
13366,1,0.15013747,0.40316433,0.44669825,c1,c5
13368,1,0.11237809,0.24815269,0.6394692,c5,c5
13369,1,0.12803517,0.37778917,0.49417564,c5,c5
13372,1,0.39774832,0.47078362,0.13146803,c234,c234
13373,1,0.12655957,0.45653808,0.4169023,c234,c234
13379,1,0.195842,0.3315967,0.47256133,c1,c5
13385,1,0.57441247,0.28169453,0.14389305,c5,c1
13387,1,0.62994057,0.2633366,0.10672281,c234,c1
13393,1,0.46533567,0.3230179,0.21164645,c5,c1
13395,1,0.13867538,0.40729117,0.45403346,c1,c5
13396,1,0.4027194,0.38179937,0.21548125,c5,c1
13412,1,0.11069396,0.25880465,0.6305014,c234,c5
13414,1,0.3485001,0.37180948,0.27969036,c5,c234
13417,1,0.11769733,0.2331708,0.6491319,c1,c5
13418,1,0.4477253,0.43215293,0.120121785,c1,c1
13426,1,0.5235117,0.29423755,0.18225077,c1,c1
13427,1,0.132376,0.3202786,0.54734534,c5,c5
13433,1,0.26388428,0.33364207,0.4024737,c1,c5
13434,1,0.37622923,0.4998851,0.123885624,c234,c234
13436,1,0.5530925,0.26286188,0.18404558,c5,c1
13437,1,0.23633756,0.32497317,0.4386893,c234,c5
13452,1,0.065912805,0.2323443,0.7017429,c5,c5
13453,1,0.28998354,0.48003182,0.22998466,c234,c234
13461,1,0.07202739,0.3075712,0.62040144,c5,c5
13463,1,0.40514323,0.33999032,0.25486645,c234,c1
13469,1,0.15311548,0.47059372,0.37629083,c234,c234
13470,1,0.61731863,0.25015107,0.13253029,c1,c1
13474,1,0.44774154,0.4135376,0.13872081,c1,c1
13478,1,0.4923203,0.32393742,0.18374221,c5,c1
13479,1,0.18535599,0.3394684,0.47517562,c5,c5
13480,1,0.24480537,0.35603756,0.39915708,c5,c5
13481,1,0.36469048,0.38454688,0.25076264,c5,c234
13487,1,0.6059607,0.25433472,0.13970459,c1,c1
13495,1,0.24774888,0.3024295,0.4498217,c5,c5
13500,1,0.74781466,0.19672918,0.055456154,c234,c1
13505,1,0.24810651,0.38908944,0.36280409,c234,c234
13507,1,0.057432245,0.2872133,0.6553545,c5,c5
13524,1,0.3835483,0.46753004,0.1489217,c1,c234
13525,1,0.29959485,0.2886896,0.4117155,c234,c5
13528,1,0.37609595,0.4121917,0.21171239,c5,c234
13536,1,0.60236394,0.25970677,0.13792923,c5,c1
13540,1,0.3069896,0.4468036,0.2462068,c5,c234
13547,1,0.05741213,0.29256114,0.65002674,c5,c5
13548,1,0.24593861,0.35222358,0.40183786,c1,c5
13549,1,0.4459446,0.34800923,0.20604613,c5,c1
13563,1,0.15088347,0.52740705,0.32170948,c234,c234
13567,1,0.12230294,0.4588699,0.41882712,c5,c234
13587,1,0.2884412,0.3404689,0.3710899,c5,c5
13599,1,0.27318588,0.41599974,0.3108144,c234,c234
13604,1,0.7862125,0.15864058,0.055146903,c1,c1
13612,1,0.07028639,0.35624728,0.57346636,c5,c5
13623,1,0.4832852,0.37277067,0.14394413,c234,c1
13625,1,0.08465583,0.29468542,0.62065876,c234,c5
13626,1,0.058049142,0.17431054,0.7676403,c5,c5
13631,1,0.6192257,0.28488114,0.095893234,c5,c1
13635,1,0.33598816,0.31870967,0.3453021,c1,c5
13649,1,0.563662,0.33011833,0.10621969,c1,c1
13665,1,0.08220365,0.50012785,0.4176685,c234,c234
13667,1,0.11655305,0.32386258,0.5595843,c5,c5
13670,1,0.6254621,0.21907596,0.15546195,c1,c1
13672,1,0.1887965,0.42702043,0.384183,c1,c234
13673,1,0.762502,0.18788843,0.04960955,c5,c1
13687,1,0.08651631,0.26825145,0.64523226,c234,c5
13689,1,0.68938,0.22369966,0.08692032,c234,c1
13690,1,0.10429755,0.27160263,0.6240998,c5,c5
13693,1,0.03951867,0.21700017,0.7434812,c5,c5
13694,1,0.11374454,0.38291854,0.5033369,c234,c5
13707,1,0.32612178,0.34738797,0.32649022,c5,c234
13715,1,0.3914069,0.42336679,0.18522638,c1,c234
13716,1,0.09261713,0.3098963,0.5974866,c5,c5
13721,1,0.33014107,0.5011364,0.1687225,c1,c234
13723,1,0.17294964,0.4377778,0.38927257,c5,c234
13726,1,0.22889319,0.45459765,0.31650916,c5,c234
13727,1,0.08687002,0.3573514,0.55577856,c5,c5
13728,1,0.346019,0.31486169,0.33911934,c234,c1
13731,1,0.4205394,0.46663257,0.112827994,c5,c234
13733,1,0.5325708,0.30861184,0.15881735,c1,c1
13735,1,0.21743655,0.3610835,0.42147997,c5,c5
13747,1,0.049653333,0.29051843,0.65982825,c5,c5
13766,1,0.12986206,0.3790855,0.49105242,c1,c5
13767,1,0.62474096,0.2950527,0.08020635,c5,c1
13768,1,0.40064472,0.40447766,0.19487765,c5,c234
13769,1,0.1935387,0.25673378,0.54972756,c234,c5
13773,1,0.102839135,0.44562355,0.45153737,c234,c5
13774,1,0.14177568,0.4975108,0.3607135,c5,c234
13780,1,0.15921035,0.404084,0.43670568,c1,c5
13783,1,0.07605857,0.40518966,0.5187518,c234,c5
13785,1,0.18327393,0.282246,0.5344801,c234,c5
13800,1,0.180072,0.41254124,0.40738675,c5,c234
13808,1,0.63346016,0.3030484,0.06349138,c1,c1
13809,1,0.48654157,0.32620028,0.18725818,c1,c1
13824,1,0.14682694,0.47663206,0.37654105,c234,c234
13829,1,0.12961024,0.2990807,0.57130903,c1,c5
13844,1,0.119948775,0.40262362,0.47742754,c5,c5
13846,1,0.46748385,0.3400982,0.1924179,c1,c1
13847,1,0.11906901,0.25154656,0.62938446,c234,c5
13851,1,0.5350999,0.30807072,0.15682939,c234,c1
13854,1,0.5445721,0.3267107,0.12871717,c234,c1
13858,1,0.5574253,0.33577177,0.10680287,c1,c1
13863,1,0.09603452,0.42475992,0.47920555,c5,c5
13864,1,0.75990343,0.18658642,0.053510133,c1,c1
13872,1,0.3245406,0.4144608,0.2609986,c1,c234
13875,1,0.39276883,0.34581426,0.26141694,c5,c1
13878,1,0.101862565,0.3041797,0.59395766,c234,c5
13888,1,0.064979054,0.19932063,0.7357003,c5,c5
13896,1,0.15113816,0.455977,0.39288485,c1,c234
13909,1,0.35636893,0.3131776,0.33045354,c234,c1
13912,1,0.68979555,0.2282214,0.08198304,c234,c1
13917,1,0.67723095,0.21435249,0.108416595,c234,c1
13920,1,0.17548078,0.36444092,0.46007833,c5,c5
13922,1,0.16115385,0.2899301,0.548916,c5,c5
13923,1,0.15643275,0.321803,0.5217643,c5,c5
13927,1,0.0666638,0.35066047,0.58267576,c5,c5
13933,1,0.13930511,0.30105606,0.5596388,c234,c5
13936,1,0.06850261,0.3021739,0.6293235,c5,c5
13937,1,0.7378753,0.18077998,0.081344776,c5,c1
13946,1,0.58959466,0.3069437,0.103461646,c1,c1
13948,1,0.4864013,0.32803264,0.18556607,c5,c1
13951,1,0.42757118,0.3164279,0.256001,c1,c1
13952,1,0.07623951,0.30475253,0.619008,c5,c5
13962,1,0.5068138,0.31466866,0.17851752,c1,c1
13966,1,0.07964867,0.2914139,0.6289374,c5,c5
13986,1,0.30386537,0.3109622,0.38517243,c234,c5
13991,1,0.08359123,0.2633921,0.6530167,c234,c5
13995,1,0.06939104,0.18385611,0.74675286,c5,c5
13998,1,0.16008861,0.5011175,0.33879384,c1,c234
14000,1,0.1979302,0.38681957,0.4152502,c5,c5
14005,1,0.18031865,0.4486965,0.37098485,c234,c234
14010,1,0.058015503,0.25962687,0.68235767,c234,c5
14013,1,0.21230152,0.36579567,0.42190284,c5,c5
14018,1,0.4604173,0.41686735,0.12271537,c234,c1
14021,1,0.57032865,0.34901816,0.08065317,c1,c1
14033,1,0.045541227,0.23226765,0.7221911,c234,c5
14044,1,0.23888254,0.30396366,0.4571537,c234,c5
14047,1,0.06005064,0.27319965,0.6667497,c234,c5
14051,1,0.41116068,0.32847682,0.2603625,c234,c1
14058,1,0.6275975,0.28339016,0.08901226,c1,c1
14065,1,0.21201703,0.5682187,0.21976422,c234,c234
14073,1,0.28360748,0.47987762,0.23651499,c234,c234
14074,1,0.7140953,0.21737507,0.06852965,c234,c1
14077,1,0.24244499,0.32519177,0.43236324,c1,c5
14087,1,0.35360724,0.43291822,0.21347456,c1,c234
14088,1,0.055615503,0.2534858,0.6908987,c5,c5
14089,1,0.188788,0.3123626,0.49884942,c1,c5
14092,1,0.12790433,0.38512862,0.4869671,c5,c5
14095,1,0.32805523,0.42386183,0.2480829,c234,c234
14122,1,0.26558113,0.40582883,0.32859004,c234,c234
14124,1,0.06823563,0.23038775,0.7013766,c5,c5
14129,1,0.30014563,0.38610974,0.3137446,c1,c234
14134,1,0.43772936,0.41246554,0.14980511,c234,c1
14142,1,0.31728658,0.36113277,0.32158068,c234,c234
14145,1,0.29609823,0.55708075,0.146821,c234,c234
14146,1,0.16160862,0.36432403,0.47406733,c234,c5
14148,1,0.038609263,0.22501957,0.73637116,c5,c5
14149,1,0.45442438,0.30570123,0.23987441,c1,c1
14157,1,0.2276966,0.40999654,0.36230683,c234,c234
14158,1,0.056776416,0.2966169,0.6466067,c234,c5
14160,1,0.09603342,0.48272267,0.42124385,c234,c234
14162,1,0.705404,0.22590145,0.0686945,c1,c1
14163,1,0.23941933,0.3584033,0.4021774,c1,c5
14169,1,0.1260267,0.43752012,0.43645325,c234,c234
14172,1,0.53673315,0.310314,0.1529529,c234,c1
14185,1,0.172554,0.45874447,0.36870155,c234,c234
14191,1,0.3563032,0.4739882,0.1697086,c234,c234
14194,1,0.26777926,0.37464485,0.3575759,c5,c234
14195,1,0.17362781,0.38752115,0.43885106,c1,c5
14196,1,0.41967192,0.40275788,0.17757016,c234,c1
14199,1,0.66726184,0.20766914,0.12506905,c1,c1
14214,1,0.21070084,0.32570308,0.46359605,c5,c5
14216,1,0.17645895,0.36101106,0.46252996,c234,c5
14221,1,0.13373779,0.41975868,0.4465036,c1,c5
14231,1,0.30267224,0.44655675,0.250771,c234,c234
14236,1,0.44893005,0.33201173,0.21905828,c234,c1
14237,1,0.17168835,0.55774593,0.2705657,c5,c234
14241,1,0.18334585,0.39233515,0.42431903,c234,c5
14244,1,0.05416292,0.36068052,0.5851565,c5,c5
14246,1,0.17405827,0.34710824,0.47883353,c5,c5
14256,1,0.24827601,0.45177028,0.29995364,c234,c234
14259,1,0.1528686,0.25508648,0.59204495,c1,c5
14261,1,0.07590279,0.35441515,0.56968206,c1,c5
14263,1,0.42958307,0.28176185,0.28865498,c1,c1
14267,1,0.6311301,0.29976693,0.06910299,c5,c1
14268,1,0.09113546,0.49581093,0.4130536,c5,c234
14274,1,0.07403322,0.17606391,0.74990284,c5,c5
14276,1,0.15960251,0.26984102,0.5705565,c1,c5
14282,1,0.1240111,0.44975418,0.42623472,c234,c234
14285,1,0.07490314,0.3365131,0.5885837,c5,c5
14289,1,0.05140858,0.20413314,0.7444582,c5,c5
14292,1,0.21263278,0.2893469,0.4980203,c1,c5
14294,1,0.09124539,0.25687426,0.6518804,c5,c5
14295,1,0.24774888,0.3024295,0.4498217,c234,c5
14296,1,0.22677042,0.41954568,0.35368395,c234,c234
14298,1,0.42574835,0.4022548,0.17199688,c234,c1
14299,1,0.38045344,0.47731203,0.14223449,c234,c234
14303,1,0.21106926,0.41608822,0.3728425,c1,c234
14308,1,0.52552426,0.38279587,0.09167984,c1,c1
14311,1,0.33911532,0.5013176,0.15956707,c5,c234
14317,1,0.042320885,0.20679057,0.7508886,c5,c5
14325,1,0.19589071,0.331315,0.47279432,c1,c5
14335,1,0.48521182,0.3441297,0.17065838,c5,c1
14336,1,0.13610968,0.42387876,0.44001153,c1,c5
14347,1,0.3163784,0.3893897,0.2942319,c234,c234
14350,1,0.20766993,0.29159516,0.5007349,c1,c5
14352,1,0.1727954,0.39427924,0.43292534,c5,c5
14356,1,0.32013646,0.4830962,0.1967674,c1,c234
14357,1,0.39039662,0.45289567,0.15670775,c234,c234
14358,1,0.069438346,0.2988411,0.63172054,c234,c5
14360,1,0.08336992,0.21619232,0.7004378,c5,c5
14361,1,0.33598816,0.31870967,0.3453021,c5,c5
14362,1,0.19082858,0.26142144,0.54775,c1,c5
14380,1,0.07521153,0.39475435,0.5300341,c5,c5
14393,1,0.2165855,0.39180288,0.39161164,c5,c234
14404,1,0.38595572,0.38254339,0.23150091,c234,c1
14406,1,0.3388096,0.3469713,0.3142191,c5,c234
14407,1,0.31472537,0.40634134,0.27893332,c1,c234
14424,1,0.77837145,0.15519075,0.06643781,c1,c1
14426,1,0.12086658,0.26592135,0.61321205,c1,c5
14430,1,0.36498478,0.45484126,0.180174,c5,c234
14433,1,0.09163005,0.24343267,0.66493726,c5,c5
14434,1,0.12954225,0.257555,0.61290276,c5,c5
14441,1,0.3849239,0.403717,0.21135905,c5,c234
14442,1,0.22906214,0.3260004,0.44493747,c234,c5
14445,1,0.30979863,0.41086766,0.27933365,c5,c234
14454,1,0.43902302,0.3025103,0.25846666,c1,c1
14455,1,0.16883834,0.35206118,0.4791005,c234,c5
14460,1,0.5125573,0.3261594,0.16128331,c1,c1
14463,1,0.17893788,0.39990935,0.4211528,c234,c5
14467,1,0.12790346,0.42827773,0.4438188,c5,c5
14485,1,0.52748024,0.30372098,0.16879873,c1,c1
14486,1,0.2730806,0.3912654,0.33565408,c1,c234
14501,1,0.27359557,0.38957042,0.336834,c234,c234
14515,1,0.20581682,0.45395687,0.34022632,c5,c234
14519,1,0.2592776,0.29751742,0.44320494,c5,c5
14520,1,0.64849204,0.21637078,0.13513719,c1,c1
14521,1,0.5487108,0.34763417,0.103654966,c234,c1
14523,1,0.46368834,0.40310538,0.1332062,c234,c1
14530,1,0.4371647,0.3962976,0.16653778,c234,c1
14534,1,0.23674501,0.47030666,0.29294834,c1,c234
14535,1,0.105566986,0.31447306,0.5799599,c5,c5
14544,1,0.1864223,0.33027112,0.48330662,c234,c5
14545,1,0.27290767,0.43276426,0.2943281,c234,c234
14547,1,0.078512676,0.35118285,0.57030445,c234,c5
14568,1,0.1654915,0.38619092,0.44831756,c5,c5
14571,1,0.44389713,0.31968808,0.2364148,c234,c1
14582,1,0.2056748,0.49969178,0.29463348,c5,c234
14591,1,0.0954029,0.37066054,0.5339365,c1,c5
14594,1,0.19082858,0.26142144,0.54775,c5,c5
14607,1,0.18474814,0.540624,0.27462786,c234,c234
14612,1,0.2740429,0.4051575,0.32079956,c234,c234
14613,1,0.24778403,0.3785642,0.37365174,c234,c234
14617,1,0.3950624,0.47758442,0.12735312,c234,c234
14618,1,0.18369684,0.3084804,0.50782275,c5,c5
14625,1,0.56584597,0.25201383,0.18214026,c1,c1
14633,1,0.5082196,0.32922456,0.16255577,c1,c1
14643,1,0.42026627,0.39326444,0.18646926,c5,c1
14645,1,0.383049,0.2768107,0.34014025,c5,c1
14646,1,0.35239843,0.3459676,0.30163398,c1,c1
14653,1,0.55466896,0.31594443,0.12938663,c234,c1
14666,1,0.1970234,0.39374575,0.4092309,c234,c5
14686,1,0.563662,0.33011833,0.10621969,c1,c1
14687,1,0.26545587,0.47473058,0.25981355,c5,c234
14695,1,0.3177258,0.33538055,0.34689367,c5,c5
14705,1,0.563662,0.33011833,0.10621969,c234,c1
14709,1,0.383049,0.2768107,0.34014025,c1,c1
14731,1,0.18429849,0.47454545,0.34115615,c5,c234
14733,1,0.4039915,0.38337964,0.21262884,c234,c1
14734,1,0.18170574,0.33722007,0.48107412,c234,c5
14746,1,0.21556404,0.39803475,0.3864012,c5,c234
14759,1,0.05288511,0.2504902,0.69662476,c5,c5
14762,1,0.21515523,0.32432953,0.46051526,c234,c5
14767,1,0.4501584,0.4150092,0.13483249,c234,c1
14771,1,0.23831263,0.4266572,0.3350302,c234,c234
14772,1,0.44261876,0.42847747,0.12890378,c5,c1
14774,1,0.29715434,0.49337554,0.20947015,c234,c234
14782,1,0.06979946,0.30289912,0.6273014,c5,c5
14783,1,0.762502,0.18788843,0.04960955,c1,c1
14785,1,0.50509286,0.32797882,0.16692832,c1,c1
14787,1,0.56171244,0.3313443,0.10694328,c5,c1
14812,1,0.10015963,0.25306466,0.6467757,c5,c5
14813,1,0.563662,0.33011833,0.10621969,c234,c1
14820,1,0.25110084,0.38758555,0.36131358,c5,c234
14824,1,0.21840091,0.32429615,0.45730296,c1,c5
14826,1,0.25259104,0.44152883,0.3058801,c234,c234
14831,1,0.64072967,0.26750374,0.09176659,c1,c1
14842,1,0.33292973,0.4607906,0.20627967,c234,c234
14844,1,0.4373002,0.31031945,0.25238034,c1,c1
14849,1,0.14853714,0.3741981,0.47726476,c5,c5
14856,1,0.17869163,0.45497018,0.36633822,c234,c234
14881,1,0.24963506,0.4136437,0.33672124,c1,c234
14887,1,0.3581798,0.32187474,0.31994545,c5,c1
14889,1,0.05907366,0.38426936,0.55665696,c234,c5
14890,1,0.5443613,0.3433034,0.112335294,c234,c1
14893,1,0.5905559,0.2440857,0.16535836,c234,c1
14906,1,0.09829313,0.23097841,0.67072845,c5,c5
14918,1,0.25195113,0.5231917,0.22485718,c234,c234
14934,1,0.4179865,0.4243098,0.15770368,c234,c234
14937,1,0.38166392,0.29094,0.327396,c234,c1
14938,1,0.08495485,0.44166756,0.4733776,c234,c5
14963,1,0.1894236,0.57106405,0.23951234,c234,c234
14966,1,0.18474168,0.5417942,0.27346414,c5,c234
14970,1,0.45835662,0.32565895,0.21598439,c1,c1
14972,1,0.21776134,0.43529615,0.34694245,c234,c234
14975,1,0.17633374,0.32719046,0.49647573,c1,c5
14976,1,0.1073443,0.37120858,0.52144706,c1,c5
14981,1,0.12697811,0.41553286,0.4574891,c234,c5
14989,1,0.2854188,0.3241086,0.39047265,c5,c5
14991,1,0.6888465,0.23890324,0.07225025,c234,c1
14992,1,0.09170189,0.1992289,0.70906925,c234,c5
14993,1,0.12602383,0.5203178,0.35365835,c234,c234
14995,1,0.057338875,0.24276502,0.69989616,c5,c5
15000,1,0.3809296,0.39294964,0.22612077,c1,c234
15002,1,0.25420898,0.2995314,0.44625962,c234,c5
15003,1,0.27809757,0.33252448,0.38937795,c234,c5
15005,1,0.25227833,0.32192138,0.4258003,c1,c5
15006,1,0.38061184,0.41133863,0.20804952,c1,c234
15008,1,0.18778859,0.42849022,0.38372126,c234,c234
15009,1,0.4788729,0.3876611,0.13346606,c1,c1
15019,1,0.31958634,0.4697593,0.2106543,c234,c234
15024,1,0.5075886,0.36997974,0.12243157,c1,c1
15027,1,0.40281445,0.40604812,0.19113743,c5,c234
15029,1,0.12902674,0.43320078,0.4377725,c234,c5
15037,1,0.10708167,0.33757418,0.5553441,c5,c5
15044,1,0.097735,0.2615205,0.6407445,c234,c5
15045,1,0.13426632,0.49328882,0.37244487,c5,c234
15050,1,0.70589226,0.19678642,0.09732126,c1,c1
15054,1,0.10030677,0.36165977,0.5380334,c234,c5
15056,1,0.35320178,0.4464667,0.20033146,c1,c234
15061,1,0.08985514,0.24943417,0.6607107,c1,c5
15063,1,0.0834348,0.32077667,0.5957885,c234,c5
15064,1,0.33270624,0.43805537,0.22923835,c234,c234
15074,1,0.14057754,0.3104415,0.548981,c234,c5
15075,1,0.14724655,0.36640143,0.486352,c5,c5
15081,1,0.24244499,0.32519177,0.43236324,c1,c5
15084,1,0.5294361,0.3318439,0.13871995,c234,c1
15099,1,0.6434723,0.27563298,0.080894716,c5,c1
15101,1,0.37010357,0.43167934,0.19821706,c1,c234
15107,1,0.30651695,0.48395848,0.20952456,c234,c234
15108,1,0.1159857,0.40138534,0.4826289,c5,c5
15109,1,0.32915482,0.41740063,0.25344458,c1,c234
15114,1,0.6718264,0.25907144,0.06910216,c5,c1
15118,1,0.088323824,0.45338976,0.4582864,c234,c5
15121,1,0.0910838,0.29582217,0.613094,c5,c5
15122,1,0.38986158,0.39301527,0.21712314,c1,c234
15126,1,0.50950176,0.3421886,0.14830968,c234,c1
15131,1,0.2839483,0.3586596,0.35739213,c5,c234
15138,1,0.32160833,0.33339313,0.3449985,c5,c5
15140,1,0.3817123,0.31768915,0.30059853,c1,c1
15142,1,0.5751841,0.34442377,0.08039216,c234,c1
15147,1,0.37699187,0.43774548,0.18526262,c5,c234
15153,1,0.3540859,0.4144851,0.23142906,c234,c234
15167,1,0.35451764,0.3356762,0.30980614,c1,c1
15169,1,0.36564738,0.33015347,0.3041992,c1,c1
15171,1,0.23196428,0.45062965,0.3174061,c234,c234
15177,1,0.7070084,0.21707793,0.075913705,c1,c1
15182,1,0.10889987,0.30411515,0.586985,c234,c5
15184,1,0.2340555,0.5606481,0.2052964,c234,c234
15187,1,0.76779383,0.18181132,0.05039482,c1,c1
15195,1,0.34234685,0.36344895,0.2942042,c234,c234
15207,1,0.53041136,0.3806445,0.08894412,c234,c1
15212,1,0.37465286,0.3012902,0.32405698,c5,c1
15213,1,0.40752056,0.3825265,0.20995294,c234,c1
15215,1,0.099787444,0.28684747,0.6133651,c5,c5
15220,1,0.051583204,0.2272349,0.7211819,c1,c5
15226,1,0.19508742,0.284613,0.52029955,c234,c5
15230,1,0.47333834,0.3410733,0.18558837,c234,c1
15233,1,0.47154292,0.3430302,0.18542686,c234,c1
15236,1,0.09559202,0.31596962,0.5884384,c5,c5
15239,1,0.34277138,0.31506345,0.3421652,c5,c1
15243,1,0.47627756,0.31555048,0.20817189,c234,c1
15246,1,0.44261876,0.42847747,0.12890378,c234,c1
15259,1,0.11529832,0.29313356,0.59156805,c1,c5
15260,1,0.06782126,0.29496193,0.63721687,c5,c5
15264,1,0.23166169,0.32893625,0.439402,c1,c5
15267,1,0.42049196,0.38146278,0.1980453,c1,c1
15283,1,0.05322017,0.35181636,0.59496343,c234,c5
15286,1,0.40279567,0.3488673,0.24833703,c234,c1
15288,1,0.06897038,0.32465056,0.6063791,c5,c5
15301,1,0.32407653,0.46478525,0.21113822,c234,c234
15303,1,0.339058,0.34656933,0.3143727,c5,c234
15306,1,0.62928987,0.27902848,0.09168167,c1,c1
15313,1,0.3446194,0.3079735,0.34740707,c5,c5
15314,1,0.10192851,0.2401946,0.65787685,c5,c5
15316,1,0.22375238,0.44227707,0.33397055,c234,c234
15322,1,0.2202117,0.3756459,0.40414235,c5,c5
15324,1,0.29066372,0.4769474,0.23238887,c1,c234
15325,1,0.52897143,0.35239244,0.11863617,c234,c1
15326,1,0.06439486,0.23922671,0.69637835,c5,c5
15328,1,0.54961103,0.33112028,0.11926869,c1,c1
15330,1,0.2258646,0.5165046,0.2576308,c234,c234
15336,1,0.10909048,0.31031498,0.58059454,c5,c5
15340,1,0.13174914,0.47607127,0.3921796,c234,c234
15349,1,0.07694116,0.28758612,0.63547266,c5,c5
15350,1,0.549155,0.2869221,0.16392292,c234,c1
15357,1,0.451854,0.31015188,0.23799409,c234,c1
15359,1,0.09603452,0.42475992,0.47920555,c234,c5
15362,1,0.055477683,0.21588491,0.72863734,c234,c5
15364,1,0.29853436,0.382044,0.31942165,c1,c234
15371,1,0.28729963,0.4175085,0.2951918,c234,c234
15381,1,0.34103873,0.44741222,0.21154907,c234,c234
15386,1,0.33598816,0.31870967,0.3453021,c234,c5
15401,1,0.2000506,0.32285655,0.4770928,c5,c5
15406,1,0.11370344,0.24869433,0.63760227,c1,c5
15408,1,0.11578353,0.42269215,0.46152434,c5,c5
15411,1,0.45442438,0.30570123,0.23987441,c1,c1
15415,1,0.563662,0.33011833,0.10621969,c1,c1
15421,1,0.60009456,0.3178143,0.08209108,c234,c1
15428,1,0.3465617,0.43491128,0.21852703,c5,c234
15432,1,0.2796458,0.39668128,0.32367292,c5,c234
15433,1,0.1531587,0.46535602,0.38148528,c5,c234
15450,1,0.4908697,0.3687681,0.1403621,c1,c1
15454,1,0.2321809,0.4244475,0.3433716,c234,c234
15455,1,0.22366397,0.3059504,0.47038567,c5,c5
15467,1,0.31697285,0.5523967,0.1306304,c1,c234
15470,1,0.2044197,0.51253283,0.28304747,c234,c234
15474,1,0.14473249,0.27834985,0.57691765,c234,c5
15479,1,0.37844223,0.31823206,0.3033257,c1,c1
15491,1,0.1509787,0.30066046,0.5483609,c5,c5
15493,1,0.10842949,0.29209146,0.599479,c1,c5
15494,1,0.5379303,0.31152025,0.15054944,c1,c1
15497,1,0.563662,0.33011833,0.10621969,c1,c1
15506,1,0.15312362,0.32886586,0.5180105,c5,c5
15517,1,0.11069396,0.25880465,0.6305014,c234,c5
15527,1,0.14103903,0.52684575,0.33211523,c234,c234
15529,1,0.08042228,0.23393428,0.6856434,c5,c5
15532,1,0.654894,0.26885104,0.07625498,c1,c1
15540,1,0.061208583,0.25050208,0.68828934,c5,c5
15543,1,0.139301,0.33498254,0.5257164,c5,c5
15546,1,0.29011935,0.2758724,0.4340082,c5,c5
15547,1,0.078949265,0.25937077,0.66168,c1,c5
15558,1,0.59721535,0.31093,0.09185465,c1,c1
15561,1,0.17117096,0.43316972,0.3956593,c234,c234
15564,1,0.12400962,0.3158589,0.5601315,c1,c5
15571,1,0.18615316,0.47686985,0.336977,c5,c234
15589,1,0.22304545,0.4738039,0.30315065,c5,c234
15592,1,0.21569066,0.43326735,0.35104197,c234,c234
15593,1,0.14965692,0.41803586,0.43230724,c234,c5
15602,1,0.38555774,0.43868443,0.1757579,c234,c234
15608,1,0.092223965,0.22232345,0.6854526,c5,c5
15612,1,0.10936218,0.3729602,0.5176776,c5,c5
15617,1,0.5405049,0.33167693,0.12781823,c1,c1
15618,1,0.3067452,0.41748342,0.27577135,c234,c234
15626,1,0.3570192,0.35724807,0.28573275,c1,c234
15630,1,0.762502,0.18788843,0.04960955,c1,c1
15633,1,0.29632822,0.43375486,0.26991692,c5,c234
15638,1,0.11148202,0.29200003,0.5965179,c5,c5
15641,1,0.16709512,0.56005555,0.27284932,c5,c234
15642,1,0.2769114,0.55043525,0.1726533,c1,c234
15644,1,0.12628542,0.5290917,0.3446229,c1,c234
15649,1,0.3843771,0.41887042,0.19675246,c1,c234
15669,1,0.18885708,0.3118672,0.4992757,c1,c5
15670,1,0.33548763,0.37765962,0.28685272,c1,c234
15672,1,0.2559913,0.45982078,0.28418788,c5,c234
15675,1,0.53129405,0.376606,0.09209994,c1,c1
15676,1,0.53980064,0.31384602,0.14635338,c1,c1
15681,1,0.45442438,0.30570123,0.23987441,c1,c1
15686,1,0.33615154,0.41493976,0.24890865,c234,c234
15692,1,0.41581035,0.44555518,0.13863444,c1,c234
15694,1,0.21637887,0.41948098,0.36414012,c1,c234
15696,1,0.091596544,0.34593505,0.5624684,c5,c5
15697,1,0.078027956,0.23896804,0.683004,c5,c5
15698,1,0.28731233,0.32878256,0.38390508,c1,c5
15699,1,0.30543736,0.30569845,0.38886422,c234,c5
15708,1,0.039339237,0.1382324,0.8224284,c5,c5
15709,1,0.5877289,0.31429115,0.09797985,c234,c1
15711,1,0.4309276,0.28271273,0.28635967,c1,c1
15716,1,0.29457608,0.41569784,0.28972602,c5,c234
15717,1,0.43898794,0.31170732,0.24930476,c5,c1
15723,1,0.16404387,0.39361686,0.44233927,c5,c5
15729,1,0.12888005,0.31646022,0.5546597,c234,c5
15730,1,0.19082858,0.26142144,0.54775,c5,c5
15737,1,0.19048463,0.44375587,0.36575955,c1,c234
15741,1,0.51891786,0.3739451,0.107137054,c5,c1
15745,1,0.08987985,0.28501064,0.6251095,c5,c5
15747,1,0.20199467,0.4539812,0.3440242,c1,c234
15757,1,0.36118788,0.37040827,0.26840386,c234,c234
15782,1,0.8027702,0.15667245,0.040557347,c1,c1
15787,1,0.12615183,0.42801827,0.44582987,c234,c5
15791,1,0.45430025,0.38132367,0.16437605,c1,c1
15793,1,0.13506192,0.32022202,0.54471606,c234,c5
15794,1,0.12455853,0.39865875,0.47678274,c5,c5
15795,1,0.21300574,0.45591456,0.3310797,c5,c234
15797,1,0.5171824,0.3665135,0.11630409,c234,c1
15799,1,0.258633,0.34781635,0.39355066,c234,c5
15800,1,0.2689231,0.36529303,0.36578387,c5,c5
15802,1,0.49421456,0.36814436,0.13764107,c1,c1
15808,1,0.096606016,0.35981226,0.5435817,c5,c5
15811,1,0.4582415,0.35543326,0.18632528,c1,c1
15828,1,0.38842458,0.35724428,0.25433114,c5,c1
15840,1,0.5809382,0.29651505,0.12254669,c234,c1
15841,1,0.14816493,0.33291802,0.518917,c1,c5
15842,1,0.1750372,0.35367122,0.4712916,c5,c5
15850,1,0.33642492,0.2805365,0.38303858,c1,c5
15854,1,0.562568,0.35610893,0.081323095,c1,c1
15858,1,0.20340164,0.25887167,0.53772676,c5,c5
15880,1,0.07976944,0.23948856,0.680742,c234,c5
15884,1,0.10056119,0.4645363,0.43490246,c5,c234
15888,1,0.58623254,0.29759637,0.116171114,c1,c1
15892,1,0.3069896,0.4468036,0.2462068,c1,c234
15895,1,0.44842118,0.39409128,0.15748753,c234,c1
15896,1,0.3249648,0.37569097,0.2993442,c1,c234
15899,1,0.3193779,0.39815208,0.28247,c1,c234
15900,1,0.58897555,0.28690362,0.124120854,c234,c1
15901,1,0.40770838,0.2998465,0.29244506,c234,c1
15902,1,0.15408814,0.29101914,0.5548927,c234,c5
15903,1,0.31528062,0.29174712,0.39297226,c1,c5
15905,1,0.63690984,0.27668306,0.08640707,c234,c1
15911,1,0.12958235,0.39247426,0.47794345,c1,c5
15914,1,0.17174095,0.29472014,0.53353894,c234,c5
15920,1,0.12765427,0.336735,0.53561074,c234,c5
15921,1,0.38777918,0.35611776,0.2561031,c234,c1
15940,1,0.47037235,0.41046643,0.119161256,c234,c1
15944,1,0.64386386,0.27916247,0.0769737,c234,c1
15948,1,0.06912877,0.30807886,0.62279236,c5,c5
15950,1,0.37875718,0.27727386,0.34396893,c5,c1
15952,1,0.11150056,0.2765398,0.61195964,c234,c5
15954,1,0.28227404,0.35717645,0.36054954,c234,c5
15959,1,0.4274851,0.41463637,0.1578785,c234,c1
15961,1,0.20319074,0.2854887,0.51132053,c5,c5
15963,1,0.611278,0.26651838,0.12220361,c1,c1
15965,1,0.6848257,0.24582705,0.069347166,c5,c1
15970,1,0.29421604,0.50991344,0.19587055,c5,c234
15977,1,0.36779487,0.3369261,0.2952791,c1,c1
15998,1,0.07628936,0.36165327,0.5620573,c234,c5
16000,1,0.037796304,0.22424269,0.737961,c1,c5
16002,1,0.48268786,0.43384212,0.08347,c5,c1
16006,1,0.6234443,0.29189277,0.0846629,c234,c1
16013,1,0.16762945,0.46578702,0.36658356,c234,c234
16029,1,0.33434424,0.37642416,0.28923163,c5,c234
16031,1,0.14480421,0.3710366,0.48415926,c5,c5
16040,1,0.6915346,0.21501338,0.093452044,c1,c1
16041,1,0.49929795,0.29388064,0.20682135,c1,c1
16053,1,0.19962206,0.341314,0.45906398,c234,c5
16058,1,0.14300206,0.28390795,0.57308996,c5,c5
16059,1,0.14204179,0.32398793,0.53397024,c5,c5
16094,1,0.40159607,0.31579408,0.28260988,c1,c1
16101,1,0.11539708,0.36565834,0.51894456,c5,c5
16102,1,0.5440069,0.31324652,0.14274663,c1,c1
16117,1,0.64063734,0.27329454,0.08606814,c234,c1
16121,1,0.21738891,0.29403147,0.4885796,c5,c5
16125,1,0.40176865,0.43029884,0.16793247,c1,c234
16131,1,0.14645922,0.41906103,0.43447977,c5,c5
16146,1,0.2713169,0.29626954,0.43241352,c5,c5
16151,1,0.114775635,0.3389956,0.54622877,c234,c5
16154,1,0.045858257,0.1972152,0.75692654,c1,c5
16155,1,0.10081375,0.2852351,0.61395115,c234,c5
16162,1,0.13937013,0.39509463,0.46553525,c234,c5
16163,1,0.20659728,0.3562498,0.43715292,c234,c5
16166,1,0.2059887,0.3055077,0.48850352,c234,c5
16173,1,0.3660724,0.3197816,0.314146,c1,c1
16176,1,0.106791876,0.38447842,0.50872976,c234,c5
16180,1,0.096485786,0.19888128,0.7046329,c5,c5
16191,1,0.21400487,0.2684714,0.51752377,c1,c5
16192,1,0.563662,0.33011833,0.10621969,c1,c1
16194,1,0.39424506,0.39724016,0.20851475,c234,c234
16198,1,0.45442438,0.30570123,0.23987441,c1,c1
16204,1,0.19606711,0.34516028,0.45877263,c5,c5
16239,1,0.24244499,0.32519177,0.43236324,c234,c5
16243,1,0.19357412,0.5279905,0.27843535,c234,c234
16244,1,0.42809948,0.43114123,0.14075924,c1,c234
16249,1,0.0877008,0.4297856,0.4825136,c1,c5
16257,1,0.1469676,0.47210643,0.3809259,c234,c234
16262,1,0.5920455,0.3196966,0.0882579,c234,c1
16265,1,0.72590405,0.21345346,0.0606425,c1,c1
16276,1,0.42473027,0.39434868,0.18092106,c1,c1
16279,1,0.6051715,0.30083677,0.09399177,c234,c1
16281,1,0.6886157,0.22451797,0.086866364,c1,c1
16287,1,0.72659934,0.19267072,0.08072995,c1,c1
16289,1,0.19082858,0.26142144,0.54775,c234,c5
16297,1,0.07218537,0.31089106,0.61692363,c1,c5
16299,1,0.5447431,0.36031702,0.094939895,c1,c1
16300,1,0.34955195,0.34730303,0.30314505,c1,c1
16307,1,0.19039154,0.52607304,0.28353542,c234,c234
16316,1,0.09603452,0.42475992,0.47920555,c234,c5
16321,1,0.10545443,0.23838611,0.65615946,c5,c5
16338,1,0.36372405,0.43139967,0.20487624,c1,c234
16342,1,0.04630819,0.17044811,0.78324366,c5,c5
16346,1,0.11505526,0.30745316,0.5774916,c234,c5
16351,1,0.45952085,0.32911706,0.21136214,c234,c1
16364,1,0.4951052,0.39584213,0.10905265,c234,c1
16387,1,0.29593328,0.45019898,0.2538678,c234,c234
16388,1,0.70964384,0.22846921,0.06188699,c1,c1
16393,1,0.07161985,0.2723439,0.65603626,c234,c5
16399,1,0.16909976,0.3768165,0.4540838,c5,c5
16405,1,0.09289262,0.31279734,0.59431005,c234,c5
16409,1,0.36996832,0.42713246,0.20289922,c5,c234
16410,1,0.4421557,0.3960556,0.16178867,c234,c1
16414,1,0.103488214,0.34627092,0.5502409,c234,c5
16419,1,0.5437543,0.35098845,0.10525728,c1,c1
16423,1,0.15743363,0.47161922,0.37094718,c5,c234
16425,1,0.13845515,0.26158962,0.5999552,c5,c5
16431,1,0.4294271,0.34085748,0.2297155,c234,c1
16442,1,0.3329863,0.3251933,0.3418204,c5,c5
16444,1,0.63348943,0.2816932,0.08481743,c234,c1
16446,1,0.5405199,0.30612358,0.15335658,c5,c1
16450,1,0.32697234,0.446264,0.22676374,c1,c234
16458,1,0.118993506,0.2778867,0.6031198,c5,c5
16462,1,0.762502,0.18788843,0.04960955,c234,c1
16463,1,0.43723914,0.37664774,0.18611306,c5,c1
16479,1,0.752829,0.19775842,0.04941259,c1,c1
16482,1,0.28619054,0.36528447,0.34852496,c5,c234
16483,1,0.563662,0.33011833,0.10621969,c1,c1
16494,1,0.5029387,0.3074215,0.1896398,c1,c1
16517,1,0.123599626,0.30932915,0.56707126,c234,c5
16533,1,0.06282422,0.29456705,0.6426087,c234,c5
16545,1,0.19188213,0.46125752,0.34686035,c1,c234
16549,1,0.06609467,0.26572064,0.6681847,c5,c5
16550,1,0.18214583,0.29528219,0.522572,c5,c5
16553,1,0.41194528,0.3337664,0.2542883,c5,c1
16555,1,0.7070084,0.21707793,0.075913705,c1,c1
16559,1,0.12648168,0.32571423,0.5478041,c1,c5
16570,1,0.23751307,0.33783177,0.4246551,c1,c5
16571,1,0.28174153,0.4067414,0.31151703,c234,c234
16573,1,0.2858756,0.51224786,0.20187654,c1,c234
16580,1,0.3227362,0.32478145,0.35248238,c234,c5
16582,1,0.32433897,0.5129187,0.16274233,c1,c234
16588,1,0.6687938,0.23334014,0.09786615,c234,c1
16591,1,0.5395794,0.29289904,0.16752158,c234,c1
16600,1,0.3629083,0.3878969,0.24919476,c234,c234
16607,1,0.38559186,0.4839358,0.13047233,c1,c234
16621,1,0.6597403,0.2442355,0.0960242,c234,c1
16628,1,0.4960894,0.35712355,0.14678702,c1,c1
16637,1,0.07460161,0.4379837,0.48741466,c234,c5
16640,1,0.15607697,0.3284044,0.51551867,c234,c5
16643,1,0.1970177,0.3877247,0.4152576,c5,c5
16645,1,0.563662,0.33011833,0.10621969,c1,c1
16646,1,0.12540701,0.4343072,0.44028577,c5,c5
16658,1,0.18129733,0.32792658,0.4907761,c1,c5
16666,1,0.3391485,0.44753343,0.2133181,c5,c234
16670,1,0.25363454,0.30828476,0.43808073,c5,c5
16691,1,0.762502,0.18788843,0.04960955,c1,c1
16692,1,0.35376468,0.4414108,0.20482454,c5,c234
16696,1,0.5373536,0.37049136,0.09215507,c234,c1
16701,1,0.23288944,0.3591246,0.407986,c1,c5
16702,1,0.25224432,0.31053105,0.43722457,c234,c5
16705,1,0.12887113,0.36515316,0.5059757,c234,c5
16706,1,0.054060813,0.22613676,0.71980244,c5,c5
16715,1,0.09859036,0.24679945,0.65461016,c234,c5
16722,1,0.5628682,0.24613915,0.19099265,c234,c1
16728,1,0.45288727,0.38539404,0.16171865,c5,c1
16733,1,0.08485826,0.3139042,0.6012376,c1,c5
16737,1,0.58421636,0.32627866,0.089505024,c1,c1
16739,1,0.49753585,0.36773425,0.13472979,c5,c1
16749,1,0.5445989,0.34837246,0.10702863,c5,c1
16752,1,0.12861553,0.26375702,0.60762745,c5,c5
16769,1,0.13708006,0.25186062,0.6110593,c234,c5
16772,1,0.43860874,0.35526666,0.20612459,c1,c1
16774,1,0.60871273,0.2923534,0.09893389,c234,c1
16775,1,0.05539137,0.31068796,0.6339207,c5,c5
16776,1,0.07087437,0.22647895,0.7026467,c234,c5
16781,1,0.17006293,0.317991,0.51194614,c5,c5
16782,1,0.11087523,0.3846377,0.50448704,c1,c5
16783,1,0.112023145,0.28090513,0.6070717,c234,c5
16793,1,0.23231591,0.37047014,0.39721394,c5,c5
16806,1,0.5893149,0.30352,0.10716512,c5,c1
16813,1,0.3704694,0.35524008,0.27429056,c1,c1
16822,1,0.33838508,0.3666863,0.2949286,c5,c234
16823,1,0.09433903,0.24245198,0.663209,c5,c5
16824,1,0.16795099,0.3857599,0.44628915,c1,c5
16836,1,0.51614296,0.34133187,0.14252517,c1,c1
16838,1,0.34093046,0.4885989,0.1704707,c1,c234
16839,1,0.4519875,0.31682143,0.23119105,c234,c1
16864,1,0.14433011,0.29148364,0.5641862,c5,c5
16871,1,0.11189406,0.24702355,0.6410824,c5,c5
16880,1,0.58959466,0.3069437,0.103461646,c1,c1
16886,1,0.07574398,0.2654396,0.6588164,c1,c5
16889,1,0.22268963,0.36531454,0.41199586,c234,c5
16893,1,0.35105312,0.3594549,0.28949195,c234,c234
16896,1,0.18070628,0.42718813,0.39210558,c5,c234
16903,1,0.06983862,0.26948938,0.660672,c234,c5
16906,1,0.09444782,0.43311214,0.47244,c5,c5
16910,1,0.12484762,0.2853259,0.58982646,c5,c5
16911,1,0.3489438,0.39469382,0.25636232,c1,c234
16930,1,0.22829337,0.3520158,0.41969082,c234,c5
16939,1,0.44747007,0.36031023,0.1922197,c1,c1
16941,1,0.13184792,0.44975358,0.41839844,c5,c234
16945,1,0.60131156,0.2892883,0.109400086,c234,c1
16950,1,0.09508398,0.32017633,0.5847397,c5,c5
16956,1,0.12176325,0.47457996,0.40365675,c5,c234
16957,1,0.2816183,0.33605412,0.38232753,c5,c5
16958,1,0.4338741,0.37272388,0.19340204,c234,c1
16962,1,0.27729124,0.4190548,0.30365393,c234,c234
16963,1,0.29729185,0.38066006,0.3220481,c1,c234
16967,1,0.07391837,0.29895714,0.6271244,c234,c5
16971,1,0.33828652,0.45353642,0.20817709,c234,c234
16978,1,0.58970565,0.27293614,0.13735823,c1,c1
16984,1,0.11261744,0.25679454,0.63058805,c5,c5
16987,1,0.15194759,0.29818976,0.5498627,c5,c5
16996,1,0.2191941,0.30110604,0.47969988,c5,c5
17004,1,0.15033141,0.3964575,0.45321104,c1,c5
17012,1,0.46370873,0.36369157,0.17259976,c5,c1
17013,1,0.5533022,0.33049268,0.116205186,c234,c1
17016,1,0.24774888,0.3024295,0.4498217,c1,c5
17018,1,0.4550809,0.36225787,0.18266127,c1,c1
17020,1,0.33598816,0.31870967,0.3453021,c5,c5
17024,1,0.37761253,0.35289854,0.26948893,c234,c1
17030,1,0.49231637,0.355914,0.15176961,c1,c1
17033,1,0.17968181,0.36483297,0.45548525,c1,c5
17043,1,0.14300206,0.28390795,0.57308996,c1,c5
17047,1,0.4816714,0.31442592,0.20390272,c5,c1
17052,1,0.31651676,0.4388235,0.2446598,c1,c234
17055,1,0.6147036,0.24042772,0.14486869,c1,c1
17058,1,0.35906202,0.31675538,0.32418263,c5,c1
17059,1,0.049924146,0.15915325,0.7909226,c5,c5
17063,1,0.28598514,0.48463967,0.22937514,c234,c234
17064,1,0.5811731,0.27990714,0.13891974,c1,c1
17066,1,0.548211,0.37030473,0.08148429,c1,c1
17067,1,0.42729506,0.40067223,0.17203273,c5,c1
17070,1,0.30973998,0.36016095,0.33009905,c234,c234
17073,1,0.13638628,0.32261285,0.54100084,c5,c5
17078,1,0.26806048,0.4167034,0.31523612,c234,c234
17083,1,0.09096802,0.26795802,0.64107394,c234,c5
17086,1,0.5397036,0.3693511,0.090945326,c234,c1
17088,1,0.16017278,0.50778675,0.3320405,c234,c234
17094,1,0.348096,0.38973603,0.26216793,c5,c234
17095,1,0.16699798,0.30228356,0.5307185,c1,c5
17097,1,0.19778307,0.47584894,0.3263679,c1,c234
17100,1,0.07073752,0.2587787,0.6704838,c5,c5
17114,1,0.17622529,0.3921679,0.4316069,c234,c5
17124,1,0.46709272,0.34482867,0.18807858,c1,c1
17128,1,0.61871314,0.2736656,0.10762127,c234,c1
17134,1,0.6050334,0.29653466,0.09843197,c1,c1
17152,1,0.14074153,0.33198154,0.5272769,c1,c5
17153,1,0.5576317,0.31011313,0.13225526,c5,c1
17161,1,0.5893149,0.30352,0.10716512,c1,c1
17162,1,0.19082858,0.26142144,0.54775,c5,c5
17165,1,0.40342236,0.35397145,0.24260612,c234,c1
17168,1,0.563662,0.33011833,0.10621969,c1,c1
17173,1,0.6262461,0.23168035,0.14207356,c1,c1
17174,1,0.717272,0.19681068,0.08591727,c234,c1
17177,1,0.1659031,0.424684,0.40941295,c5,c234
17182,1,0.5533788,0.29182383,0.15479738,c234,c1
17189,1,0.33598664,0.31623283,0.3477805,c5,c5
17190,1,0.118982226,0.2904851,0.59053266,c1,c5
17191,1,0.70086527,0.22450276,0.07463201,c234,c1
17192,1,0.34511903,0.34803817,0.3068428,c234,c234
17200,1,0.5469029,0.25589058,0.19720657,c5,c1
17202,1,0.3736654,0.33859998,0.28773466,c234,c1
17204,1,0.08838842,0.26800185,0.64360976,c5,c5
17205,1,0.13577795,0.4213,0.44292212,c1,c5
17211,1,0.1433573,0.52361166,0.33303103,c234,c234
17212,1,0.13477556,0.4126118,0.4526126,c5,c5
17214,1,0.31731012,0.3919094,0.2907805,c5,c234
17228,1,0.19375707,0.48013908,0.3261039,c234,c234
17239,1,0.556071,0.30045423,0.14347483,c234,c1
17241,1,0.49190953,0.3602843,0.14780624,c234,c1
17244,1,0.10482381,0.2998572,0.595319,c234,c5
17245,1,0.1266909,0.38456076,0.4887484,c234,c5
17250,1,0.04541092,0.19916749,0.75542164,c5,c5
17255,1,0.18820804,0.43419138,0.3776006,c5,c234
17261,1,0.101280086,0.32324558,0.57547426,c5,c5
17266,1,0.5972034,0.27345303,0.12934363,c5,c1
17267,1,0.67009336,0.22205494,0.10785167,c1,c1
17271,1,0.43280596,0.40688148,0.16031258,c1,c1
17279,1,0.44608533,0.42342916,0.13048552,c234,c1
17281,1,0.27385306,0.46052498,0.26562196,c234,c234
17290,1,0.78718185,0.16264257,0.05017564,c1,c1
17291,1,0.486587,0.35636425,0.15704876,c5,c1
17303,1,0.062400855,0.3073728,0.63022625,c5,c5
17304,1,0.2712336,0.38096294,0.34780347,c5,c234
17318,1,0.21998456,0.33876956,0.44124585,c1,c5
17327,1,0.102479525,0.4384634,0.45905712,c234,c5
17330,1,0.37501538,0.27794033,0.3470443,c234,c1
17334,1,0.07354348,0.30767044,0.6187861,c5,c5
17336,1,0.44584793,0.311423,0.24272902,c5,c1
17338,1,0.20552409,0.35489705,0.43957886,c1,c5
17354,1,0.17712276,0.403956,0.41892123,c234,c5
17356,1,0.33995578,0.36621386,0.29383036,c234,c234
17376,1,0.22573806,0.39700562,0.37725636,c234,c234
17389,1,0.26059213,0.41877,0.3206378,c5,c234
17394,1,0.17194106,0.37637988,0.4516791,c5,c5
17395,1,0.5182627,0.38028157,0.101455756,c1,c1
17398,1,0.13286059,0.3069555,0.56018394,c234,c5
17403,1,0.5342791,0.35017496,0.11554596,c1,c1
17404,1,0.18275802,0.43713117,0.3801108,c1,c234
17408,1,0.06593466,0.35039964,0.58366567,c234,c5
17410,1,0.13744004,0.53594285,0.32661706,c234,c234
17413,1,0.33155715,0.37866166,0.28978118,c234,c234
17418,1,0.45532855,0.39400595,0.1506655,c234,c1
17433,1,0.15702891,0.4522754,0.3906957,c1,c234
17435,1,0.41539195,0.2937491,0.29085892,c1,c1
17441,1,0.73182076,0.21847536,0.04970385,c1,c1
17462,1,0.5810609,0.3457834,0.07315569,c234,c1
17469,1,0.59250623,0.25957456,0.14791918,c1,c1
17483,1,0.28236887,0.32923728,0.38839385,c5,c5
17489,1,0.1601282,0.35499984,0.48487198,c1,c5
17492,1,0.23118442,0.4931355,0.27568007,c1,c234
17505,1,0.6799181,0.2641071,0.055974822,c5,c1
17507,1,0.5042257,0.29696226,0.19881204,c234,c1
17513,1,0.26309964,0.4446071,0.29229322,c5,c234
17516,1,0.58013535,0.27686092,0.14300375,c5,c1
17538,1,0.09908744,0.34391257,0.557,c234,c5
17541,1,0.5434397,0.34214747,0.11441284,c234,c1
17544,1,0.26229727,0.4343597,0.303343,c1,c234
17548,1,0.52871865,0.31853825,0.15274307,c5,c1
17549,1,0.1949397,0.42506042,0.37999982,c234,c234
17557,1,0.07920624,0.31518465,0.6056091,c5,c5
17558,1,0.49188063,0.2966158,0.21150357,c1,c1
17566,1,0.6964085,0.24507116,0.058520313,c1,c1
17569,1,0.28941822,0.36550182,0.34507993,c234,c234
17570,1,0.31503195,0.37008986,0.31487817,c5,c234
17572,1,0.5442408,0.29749215,0.15826713,c1,c1
17574,1,0.27711996,0.44194534,0.28093472,c5,c234
17578,1,0.25901806,0.3038596,0.4371224,c1,c5
17579,1,0.13716431,0.47075313,0.3920826,c5,c234
17585,1,0.3468539,0.4821508,0.17099527,c1,c234
17597,1,0.24003525,0.28283066,0.47713408,c1,c5
17599,1,0.09603452,0.42475992,0.47920555,c5,c5
17605,1,0.19184738,0.334368,0.47378463,c234,c5
17610,1,0.12270666,0.32277635,0.5545169,c1,c5
17612,1,0.26716533,0.38682985,0.3460048,c1,c234
17619,1,0.31080154,0.39366406,0.2955344,c234,c234
17622,1,0.762502,0.18788843,0.04960955,c1,c1
17633,1,0.071553886,0.2755694,0.65287673,c5,c5
17636,1,0.12683392,0.28697833,0.5861877,c1,c5
17637,1,0.41889673,0.33511707,0.24598627,c5,c1
17643,1,0.27639195,0.35918725,0.3644208,c1,c5
17644,1,0.5118019,0.34048647,0.14771162,c1,c1
17650,1,0.09373862,0.3486215,0.5576399,c1,c5
17652,1,0.1605479,0.5672496,0.27220255,c1,c234
17653,1,0.44928947,0.34992298,0.20078756,c1,c1
17657,1,0.31651676,0.4388235,0.2446598,c1,c234
17671,1,0.16883379,0.43515056,0.39601567,c234,c234
17672,1,0.56855595,0.23828581,0.19315825,c1,c1
17683,1,0.34980816,0.44753438,0.20265745,c1,c234
17686,1,0.112761505,0.28062472,0.60661376,c5,c5
17694,1,0.31394038,0.47175518,0.21430445,c234,c234
17699,1,0.18887986,0.4631652,0.34795496,c5,c234
17700,1,0.1613311,0.31928238,0.5193865,c5,c5
17704,1,0.13747421,0.3789303,0.4835955,c1,c5
17708,1,0.16741243,0.28820097,0.54438657,c234,c5
17712,1,0.28664297,0.35677645,0.35658053,c234,c234
17720,1,0.62990093,0.23280501,0.13729407,c5,c1
17721,1,0.14333363,0.47551274,0.38115355,c234,c234
17722,1,0.5753965,0.28032315,0.14428037,c234,c1
17747,1,0.18235548,0.37751836,0.44012618,c234,c5
17748,1,0.1369514,0.40380213,0.4592465,c1,c5
17754,1,0.16717878,0.33432648,0.49849477,c234,c5
17755,1,0.12892336,0.47551286,0.39556372,c5,c234
17756,1,0.1383732,0.2611477,0.60047907,c5,c5
17770,1,0.654894,0.26885104,0.07625498,c234,c1
17779,1,0.16549236,0.43283245,0.40167516,c234,c234
17780,1,0.11702078,0.27815992,0.6048193,c5,c5
17783,1,0.1460888,0.30660117,0.54731005,c1,c5
17784,1,0.28295904,0.39301762,0.3240233,c234,c234
17793,1,0.11987461,0.3000799,0.58004546,c234,c5
17794,1,0.6367103,0.28050235,0.08278738,c1,c1
17798,1,0.05195479,0.26166713,0.6863781,c1,c5
17820,1,0.18454468,0.52571887,0.28973648,c5,c234
17823,1,0.09617464,0.38289374,0.52093166,c5,c5
17827,1,0.6913622,0.21219625,0.09644156,c1,c1
17836,1,0.17034616,0.40338564,0.42626825,c1,c5
17847,1,0.62928987,0.27902848,0.09168167,c1,c1
17852,1,0.29123878,0.4584627,0.2502985,c234,c234
17853,1,0.33180404,0.3772993,0.29089662,c1,c234
17854,1,0.098535806,0.2682735,0.63319063,c1,c5
17855,1,0.23071136,0.47223464,0.297054,c234,c234
17860,1,0.116212286,0.36676106,0.5170266,c5,c5
17862,1,0.49781448,0.35073087,0.15145463,c1,c1
17869,1,0.18677594,0.27277002,0.5404541,c234,c5
17876,1,0.1970674,0.3409179,0.46201468,c5,c5
17878,1,0.35901234,0.3989336,0.24205408,c5,c234
17882,1,0.31384873,0.34413308,0.3420182,c1,c234
17884,1,0.11000756,0.42252648,0.46746588,c234,c5
17888,1,0.08149215,0.22746488,0.6910429,c234,c5
17889,1,0.483641,0.3909002,0.12545882,c5,c1
17892,1,0.10437222,0.2562704,0.6393573,c5,c5
17894,1,0.34417844,0.4461346,0.20968696,c234,c234
17895,1,0.35906202,0.31675538,0.32418263,c234,c1
17896,1,0.563662,0.33011833,0.10621969,c1,c1
17900,1,0.16972698,0.5559702,0.27430284,c5,c234
17903,1,0.6673466,0.24973477,0.082918674,c5,c1
17904,1,0.563662,0.33011833,0.10621969,c234,c1
17907,1,0.38932368,0.43015367,0.18052268,c1,c234
17909,1,0.54119307,0.36024836,0.098558575,c234,c1
17914,1,0.13047628,0.4754018,0.39412194,c234,c234
17920,1,0.41889673,0.33511707,0.24598627,c5,c1
17926,1,0.04517903,0.23416328,0.72065765,c5,c5
17928,1,0.41023627,0.3908772,0.1988865,c234,c1
17936,1,0.3391365,0.39326718,0.2675963,c234,c234
17938,1,0.08782967,0.24715272,0.6650176,c5,c5
17940,1,0.1576417,0.46141562,0.38094267,c234,c234
17961,1,0.1361523,0.25514343,0.60870427,c1,c5
17965,1,0.2074952,0.46068546,0.33181933,c234,c234
17970,1,0.18295585,0.38453805,0.43250608,c234,c5
17981,1,0.068444595,0.39214444,0.539411,c234,c5
17985,1,0.1166745,0.37079078,0.5125347,c1,c5
17990,1,0.27799013,0.3644311,0.35757875,c1,c234
17994,1,0.73182076,0.21847536,0.04970385,c1,c1
18001,1,0.10722326,0.33343056,0.5593462,c5,c5
18003,1,0.26544908,0.44737434,0.2871766,c1,c234
18008,1,0.4279457,0.41691118,0.1551431,c234,c1
18009,1,0.19938205,0.4240543,0.37656367,c5,c234
18026,1,0.37193146,0.29490522,0.33316332,c234,c1
18027,1,0.6637331,0.22765055,0.108616315,c1,c1
18030,1,0.1915909,0.51447934,0.2939298,c5,c234
18038,1,0.33455974,0.48190388,0.18353635,c1,c234
18040,1,0.052087493,0.20313829,0.7447743,c5,c5
18043,1,0.15419194,0.53529984,0.31050825,c234,c234
18044,1,0.17348681,0.48977366,0.33673948,c5,c234
18053,1,0.40144622,0.28863952,0.30991432,c5,c1
18055,1,0.27563998,0.46523052,0.25912952,c1,c234
18062,1,0.15539476,0.3685197,0.47608557,c1,c5
18064,1,0.19589253,0.45501918,0.3490883,c234,c234
18065,1,0.30318,0.45883673,0.23798324,c5,c234
18070,1,0.3508706,0.42931882,0.21981058,c234,c234
18071,1,0.31947696,0.4826752,0.19784784,c234,c234
18074,1,0.15849133,0.40719956,0.4343091,c234,c5
18088,1,0.14362289,0.44271377,0.4136633,c5,c234
18105,1,0.19933261,0.4618808,0.33878657,c234,c234
18111,1,0.1371305,0.28326896,0.5796006,c234,c5
18121,1,0.3165869,0.39641696,0.2869961,c5,c234
18123,1,0.06556415,0.19932507,0.7351108,c5,c5
18127,1,0.1190982,0.3569531,0.5239486,c5,c5
18139,1,0.11254681,0.44145164,0.44600153,c5,c5
18151,1,0.11395862,0.37631083,0.5097305,c234,c5
18153,1,0.34262305,0.44289356,0.2144833,c234,c234
18156,1,0.3552358,0.44752786,0.19723636,c1,c234
18160,1,0.1063129,0.32842755,0.5652596,c5,c5
18173,1,0.16288531,0.49879092,0.3383238,c1,c234
18174,1,0.35331205,0.44606984,0.20061812,c1,c234
18183,1,0.21344128,0.3980799,0.38847885,c5,c234
18188,1,0.12934346,0.26700404,0.6036525,c5,c5
18189,1,0.16515468,0.2914699,0.54337543,c234,c5
18195,1,0.37501538,0.27794033,0.3470443,c234,c1
18197,1,0.38104624,0.318692,0.3002618,c5,c1
18209,1,0.2031932,0.47301537,0.3237914,c1,c234
18211,1,0.05928057,0.2741106,0.66660887,c5,c5
18213,1,0.20527987,0.4393782,0.35534188,c234,c234
18216,1,0.36544168,0.37882107,0.2557372,c234,c234
18220,1,0.4344246,0.34409893,0.22147648,c1,c1
18222,1,0.3415515,0.30742878,0.35101968,c1,c5
18223,1,0.17828095,0.54274625,0.27897286,c234,c234
18227,1,0.59664917,0.2810641,0.1222867,c5,c1
18230,1,0.29828545,0.32978925,0.37192532,c1,c5
18232,1,0.13902237,0.27624285,0.58473474,c5,c5
18233,1,0.17061928,0.47282332,0.3565574,c234,c234
18238,1,0.17061748,0.35308856,0.476294,c5,c5
18239,1,0.089300394,0.28840598,0.62229365,c234,c5
18247,1,0.3228199,0.2578619,0.4193183,c234,c5
18249,1,0.31597295,0.34165865,0.3423684,c234,c5
18254,1,0.54021996,0.31466547,0.14511454,c1,c1
18258,1,0.2834333,0.40180856,0.31475818,c5,c234
18261,1,0.11005166,0.28357685,0.6063715,c5,c5
18270,1,0.19858769,0.30045357,0.50095874,c1,c5
18274,1,0.5684689,0.32445782,0.10707323,c234,c1
18275,1,0.5513892,0.3606841,0.0879267,c234,c1
18279,1,0.6829024,0.21399477,0.10310284,c234,c1
18290,1,0.23089795,0.42210212,0.3469999,c1,c234
18291,1,0.23077653,0.3776405,0.39158297,c234,c5
18301,1,0.20953022,0.491593,0.29887682,c234,c234
18302,1,0.23728941,0.38912842,0.37358215,c234,c234
18308,1,0.44325265,0.3957801,0.16096719,c5,c1
18320,1,0.099320464,0.33330065,0.56737894,c234,c5
18329,1,0.27940878,0.357173,0.3634182,c234,c5
18332,1,0.08690259,0.2634002,0.6496973,c5,c5
18336,1,0.16932563,0.36633644,0.46433797,c5,c5
18355,1,0.3864104,0.32342994,0.29015973,c5,c1
18357,1,0.59464055,0.28763714,0.117722265,c234,c1
18366,1,0.16965692,0.42986265,0.40048042,c5,c234
18372,1,0.37544644,0.3243571,0.3001965,c1,c1
18381,1,0.33132046,0.41905844,0.24962106,c1,c234
18387,1,0.14315037,0.30054423,0.55630547,c5,c5
18400,1,0.22431777,0.36188814,0.41379404,c234,c5
18410,1,0.1655739,0.2860686,0.5483575,c5,c5
18413,1,0.21885535,0.32878152,0.4523631,c5,c5
18418,1,0.40469313,0.4457181,0.14958873,c234,c234
18419,1,0.049099207,0.17759176,0.7733091,c5,c5
18421,1,0.62571913,0.2781361,0.09614474,c1,c1
18429,1,0.5299996,0.3423815,0.12761886,c1,c1
18435,1,0.1286886,0.27684224,0.5944692,c1,c5
18440,1,0.09437759,0.35905847,0.5465639,c1,c5
18446,1,0.4217734,0.38753742,0.19068922,c1,c1
18449,1,0.7735674,0.1769801,0.049452506,c1,c1
18452,1,0.44975725,0.3636692,0.18657349,c234,c1
18458,1,0.20329322,0.4131778,0.38352892,c5,c234
18473,1,0.36889625,0.40704942,0.22405437,c234,c234
18478,1,0.22651817,0.30756065,0.46592122,c234,c5
18482,1,0.21459937,0.29189378,0.49350676,c1,c5
18493,1,0.08244513,0.2292697,0.6882852,c5,c5
18496,1,0.1907898,0.27816144,0.5310488,c234,c5
18500,1,0.1270647,0.253579,0.61935633,c5,c5
18504,1,0.17250606,0.4057175,0.42177644,c234,c5
18513,1,0.2073381,0.5078077,0.28485426,c1,c234
18525,1,0.27673876,0.42089587,0.30236536,c1,c234
18532,1,0.42922044,0.3888586,0.18192096,c234,c1
18533,1,0.27912283,0.45856953,0.26230767,c5,c234
18536,1,0.5483761,0.28616562,0.16545829,c1,c1
18539,1,0.28041926,0.46698424,0.25259656,c5,c234
18542,1,0.16440268,0.31389147,0.52170587,c5,c5
18543,1,0.08366779,0.25630316,0.66002905,c5,c5
18550,1,0.07722132,0.32187578,0.6009029,c234,c5
18555,1,0.34433138,0.31826502,0.3374036,c1,c1
18562,1,0.24244499,0.32519177,0.43236324,c234,c5
18564,1,0.18842396,0.40970114,0.4018749,c5,c234
18567,1,0.14320162,0.448257,0.40854144,c234,c234
18572,1,0.14691356,0.41810927,0.43497717,c1,c5
18573,1,0.27621555,0.39871508,0.3250694,c1,c234
18575,1,0.22653368,0.37267116,0.4007951,c234,c5
18577,1,0.039252162,0.15049188,0.810256,c5,c5
18580,1,0.10713482,0.3519683,0.5408969,c5,c5
18587,1,0.40685955,0.47219583,0.12094468,c234,c234
18595,1,0.07115908,0.2871307,0.64171016,c234,c5
18599,1,0.7465269,0.2003372,0.05313594,c234,c1
18601,1,0.43087435,0.40284657,0.16627915,c5,c1
18616,1,0.2458212,0.302596,0.4515828,c234,c5
18623,1,0.5440639,0.30676094,0.14917518,c5,c1
18639,1,0.27955684,0.57368344,0.1467597,c5,c234
18645,1,0.11396427,0.29959682,0.5864389,c234,c5
18654,1,0.37883165,0.35155088,0.26961744,c5,c1
18660,1,0.30888617,0.42579445,0.26531938,c5,c234
18664,1,0.16576871,0.35585007,0.47838122,c234,c5
18669,1,0.59757954,0.2945981,0.10782236,c1,c1
18679,1,0.12181259,0.42934003,0.44884735,c234,c5
18680,1,0.4706872,0.29845744,0.23085536,c234,c1
18684,1,0.5014319,0.26865935,0.22990878,c5,c1
18688,1,0.15366568,0.33604667,0.51028764,c234,c5
18693,1,0.11554037,0.2595492,0.6249104,c234,c5
18700,1,0.3854266,0.36429146,0.25028196,c5,c1
18704,1,0.043163557,0.13360389,0.82323253,c5,c5
18707,1,0.10423814,0.35198796,0.5437739,c1,c5
18715,1,0.35138962,0.3879097,0.2607006,c5,c234
18723,1,0.33958974,0.32304648,0.33736375,c234,c1
18734,1,0.27522343,0.27178463,0.4529919,c5,c5
18738,1,0.18031116,0.28661045,0.5330784,c1,c5
18740,1,0.1482077,0.33399123,0.5178011,c234,c5
18759,1,0.50517786,0.34762743,0.14719471,c1,c1
18760,1,0.22223829,0.33183208,0.44592968,c5,c5
18769,1,0.20524088,0.47117943,0.32357973,c1,c234
18771,1,0.1921602,0.29883856,0.50900126,c1,c5
18773,1,0.09445309,0.25437915,0.65116775,c5,c5
18774,1,0.21845771,0.42792836,0.35361394,c1,c234
18790,1,0.19051702,0.5396935,0.2697895,c5,c234
18791,1,0.10051894,0.31820312,0.58127797,c234,c5
18793,1,0.34741458,0.3659365,0.2866489,c1,c234
18795,1,0.12150264,0.37977707,0.4987203,c5,c5
18811,1,0.18358469,0.45051038,0.36590487,c5,c234
18814,1,0.54362,0.31275642,0.14362356,c5,c1
18815,1,0.5824999,0.27391353,0.1435866,c234,c1
18829,1,0.27393922,0.30993104,0.4161297,c1,c5
18835,1,0.6767217,0.24288836,0.08038994,c1,c1
18849,1,0.15238212,0.35283163,0.49478617,c5,c5
18861,1,0.10368663,0.36119577,0.53511757,c1,c5
18864,1,0.762502,0.18788843,0.04960955,c234,c1
18868,1,0.17543417,0.4563767,0.36818916,c5,c234
18878,1,0.17082532,0.36989698,0.45927775,c234,c5
18890,1,0.085203186,0.2623802,0.6524166,c1,c5
18893,1,0.2654364,0.44484803,0.28971562,c234,c234
18899,1,0.1613311,0.31928238,0.5193865,c234,c5
18905,1,0.13527964,0.29350075,0.5712196,c5,c5
18909,1,0.3041747,0.37503287,0.3207924,c234,c234
18910,1,0.06299823,0.2490412,0.6879606,c5,c5
18911,1,0.6795678,0.2575612,0.062871054,c1,c1
18913,1,0.5812352,0.27202067,0.14674416,c5,c1
18914,1,0.34782296,0.41018596,0.24199103,c5,c234
18915,1,0.762502,0.18788843,0.04960955,c234,c1
18919,1,0.10409057,0.49999464,0.39591473,c234,c234
18921,1,0.25157085,0.33091584,0.4175133,c1,c5
18924,1,0.24383822,0.44925424,0.3069075,c1,c234
18926,1,0.10302075,0.317869,0.57911026,c1,c5
18929,1,0.081641175,0.2564637,0.66189516,c234,c5
18932,1,0.28249493,0.44145307,0.27605203,c1,c234
18939,1,0.1264029,0.28596824,0.58762884,c5,c5
18940,1,0.061770488,0.29519457,0.64303493,c5,c5
18948,1,0.32735342,0.33075762,0.34188896,c234,c5
18951,1,0.17869458,0.5221442,0.29916126,c1,c234
18956,1,0.09518896,0.29163206,0.613179,c234,c5
18957,1,0.39354342,0.43024883,0.17620772,c1,c234
18958,1,0.16462152,0.34414935,0.49122915,c1,c5
18965,1,0.0648449,0.3650468,0.5701083,c5,c5
18970,1,0.14776067,0.46672505,0.38551426,c1,c234
18977,1,0.46133214,0.4004211,0.13824674,c1,c1
18981,1,0.6050589,0.29107335,0.10386778,c5,c1
18983,1,0.47226155,0.39276317,0.13497527,c234,c1
18994,1,0.28879014,0.40800574,0.30320412,c1,c234
19000,1,0.5319091,0.30067742,0.1674135,c5,c1
19009,1,0.07037625,0.25535998,0.67426383,c234,c5
19010,1,0.29558873,0.4443817,0.26002955,c234,c234
19013,1,0.11249038,0.38947943,0.49803016,c5,c5
19028,1,0.5530925,0.26286188,0.18404558,c1,c1
19034,1,0.07288438,0.31566912,0.6114465,c5,c5
19039,1,0.34798357,0.29928562,0.35273078,c5,c5
19044,1,0.49805838,0.3713475,0.13059412,c1,c1
19045,1,0.58856726,0.28593582,0.1254969,c234,c1
19047,1,0.12026257,0.50042546,0.37931198,c234,c234
19048,1,0.2570017,0.49188876,0.25110954,c234,c234
19056,1,0.15015222,0.50597805,0.34386972,c5,c234
19060,1,0.15024103,0.31423962,0.5355193,c5,c5
19067,1,0.4919369,0.3466692,0.16139397,c1,c1
19085,1,0.38166392,0.29094,0.327396,c234,c1
19086,1,0.7401699,0.21153222,0.04829788,c1,c1
19093,1,0.18953551,0.35495913,0.45550537,c234,c5
19096,1,0.77950907,0.1709013,0.04958962,c1,c1
19097,1,0.563662,0.33011833,0.10621969,c234,c1
19098,1,0.28726685,0.4875848,0.22514828,c1,c234
19102,1,0.1574666,0.37562755,0.46690574,c1,c5
19107,1,0.08341077,0.2911677,0.6254215,c234,c5
19112,1,0.07668752,0.2880763,0.63523614,c234,c5
19124,1,0.58959466,0.3069437,0.103461646,c1,c1
19126,1,0.24072878,0.47548482,0.28378636,c1,c234
19127,1,0.28406268,0.45083842,0.26509896,c234,c234
19131,1,0.09279687,0.27397984,0.63322324,c1,c5
19132,1,0.20192091,0.41583484,0.3822442,c5,c234
19134,1,0.34642726,0.3676687,0.28590408,c5,c234
19138,1,0.22975308,0.36459863,0.40564832,c234,c5
19143,1,0.10220088,0.30274105,0.5950581,c234,c5
19146,1,0.28620723,0.34859848,0.3651943,c1,c5
19151,1,0.4823994,0.32392696,0.1936737,c234,c1
19153,1,0.032364666,0.21795613,0.7496792,c5,c5
19158,1,0.33056048,0.3958465,0.27359304,c5,c234
19159,1,0.3988898,0.344274,0.25683624,c5,c1
19165,1,0.14058457,0.38242853,0.47698689,c234,c5
19177,1,0.086143784,0.21066612,0.7031901,c5,c5
19187,1,0.6256112,0.29812205,0.07626674,c234,c1
19209,1,0.3660724,0.3197816,0.314146,c234,c1
19213,1,0.56794214,0.3324931,0.09956479,c234,c1
19228,1,0.4681704,0.30449557,0.227334,c1,c1
19230,1,0.19054744,0.50918496,0.3002676,c234,c234
19231,1,0.3079963,0.3022973,0.38970637,c1,c5
19232,1,0.070085585,0.36391994,0.56599444,c234,c5
19234,1,0.1551724,0.31885985,0.5259677,c234,c5
19240,1,0.39367744,0.3680693,0.23825336,c1,c1
19242,1,0.042575486,0.2802831,0.6771414,c234,c5
19245,1,0.42771673,0.34722224,0.22506097,c234,c1
19248,1,0.053411424,0.32630715,0.62028134,c234,c5
19252,1,0.28765622,0.45243627,0.25990745,c234,c234
19255,1,0.19082858,0.26142144,0.54775,c1,c5
19261,1,0.063635215,0.24618231,0.6901825,c5,c5
19265,1,0.11445786,0.33789203,0.54765004,c234,c5
19268,1,0.15966544,0.4391317,0.40120292,c5,c234
19269,1,0.5102278,0.37156308,0.118209094,c234,c1
19273,1,0.13556334,0.54380953,0.3206271,c234,c234
19288,1,0.7486509,0.20353615,0.047812935,c1,c1
19290,1,0.3752312,0.4644246,0.16034418,c5,c234
19292,1,0.08513071,0.3921058,0.52276355,c234,c5
19294,1,0.42302006,0.43358064,0.14339922,c234,c234
19295,1,0.31068906,0.51024264,0.17906828,c1,c234
19300,1,0.762502,0.18788843,0.04960955,c234,c1
19303,1,0.088710375,0.37157473,0.5397149,c1,c5
19305,1,0.29275757,0.39406863,0.3131738,c234,c234
19306,1,0.17901258,0.32015845,0.500829,c5,c5
19312,1,0.5636402,0.27503183,0.16132799,c1,c1
19316,1,0.10721805,0.31907964,0.57370234,c234,c5
19317,1,0.1783137,0.35713878,0.46454754,c234,c5
19318,1,0.13363859,0.30344716,0.56291425,c5,c5
19320,1,0.06801654,0.25569096,0.6762926,c234,c5
19322,1,0.045342546,0.22215094,0.7325066,c1,c5
19324,1,0.0654761,0.21107578,0.7234481,c234,c5
19327,1,0.23417751,0.3120579,0.45376453,c234,c5
19332,1,0.14200453,0.49154732,0.36644816,c234,c234
19344,1,0.39503664,0.3820656,0.22289771,c234,c1
19347,1,0.100223176,0.39253822,0.5072386,c5,c5
19351,1,0.2223993,0.40845618,0.36914456,c5,c234
19352,1,0.07188023,0.24480578,0.68331397,c5,c5
19359,1,0.094675906,0.29455605,0.6107681,c5,c5
19365,1,0.17142224,0.36020866,0.46836913,c234,c5
19376,1,0.563662,0.33011833,0.10621969,c1,c1
19381,1,0.6463026,0.24813984,0.10555753,c1,c1
19393,1,0.22243734,0.51328284,0.26427987,c234,c234
19395,1,0.08375798,0.2685977,0.6476443,c1,c5
19399,1,0.18676743,0.4537559,0.35947666,c5,c234
19408,1,0.38784018,0.3490424,0.26311743,c1,c1
19419,1,0.29324546,0.39197043,0.31478414,c5,c234
19420,1,0.11483464,0.38292485,0.5022405,c5,c5
19432,1,0.10798815,0.4183295,0.47368237,c5,c5
19449,1,0.5958146,0.30711117,0.09707427,c1,c1
19455,1,0.762502,0.18788843,0.04960955,c234,c1
19456,1,0.19082858,0.26142144,0.54775,c1,c5
19483,1,0.20567156,0.5964395,0.19788899,c234,c234
19484,1,0.3381842,0.31956163,0.34225416,c1,c5
19486,1,0.59880817,0.24725491,0.15393692,c234,c1
19494,1,0.22696142,0.25881866,0.51421994,c5,c5
19500,1,0.27654922,0.41537765,0.3080731,c1,c234
19501,1,0.12519647,0.3253698,0.5494337,c5,c5
19504,1,0.20063192,0.29052684,0.5088412,c5,c5
19510,1,0.262673,0.34684014,0.39048684,c1,c5
19521,1,0.3787916,0.27875844,0.34244996,c1,c1
19523,1,0.42614442,0.36677694,0.20707865,c5,c1
19534,1,0.565039,0.353161,0.08180002,c234,c1
19535,1,0.58214533,0.32901466,0.08884003,c1,c1
19543,1,0.4162848,0.39979997,0.18391526,c5,c1
19551,1,0.29929253,0.37475592,0.32595152,c5,c234
19553,1,0.60623294,0.3094068,0.08436025,c234,c1
19554,1,0.69639665,0.23280852,0.07079487,c234,c1
19556,1,0.26011303,0.51170695,0.22818004,c1,c234
19560,1,0.5149222,0.28877467,0.19630319,c234,c1
19572,1,0.4582531,0.37946486,0.16228203,c234,c1
19576,1,0.1865238,0.34774995,0.4657262,c5,c5
19592,1,0.30812213,0.30550048,0.3863774,c1,c5
19595,1,0.05411091,0.16611475,0.7797743,c5,c5
19606,1,0.14435302,0.40356514,0.4520819,c1,c5
19607,1,0.4825874,0.4216402,0.0957724,c234,c1
19612,1,0.49279842,0.2956135,0.21158805,c234,c1
19622,1,0.43137988,0.44812626,0.12049382,c234,c234
19624,1,0.16882756,0.33204466,0.49912784,c5,c5
19626,1,0.07429688,0.2327383,0.69296473,c1,c5
19636,1,0.5905559,0.2440857,0.16535836,c234,c1
19642,1,0.35330218,0.42746302,0.21923478,c234,c234
19648,1,0.7794622,0.15754753,0.0629902,c1,c1
19652,1,0.21180595,0.3310687,0.45712537,c1,c5
19656,1,0.40315813,0.31172666,0.2851152,c234,c1
19663,1,0.09037882,0.32514897,0.5844722,c5,c5
19678,1,0.23894063,0.29733014,0.4637293,c234,c5
19692,1,0.4579395,0.32263362,0.21942693,c234,c1
19707,1,0.2535993,0.51265997,0.23374073,c234,c234
19708,1,0.10860648,0.26334718,0.62804633,c5,c5
19712,1,0.4198006,0.42651564,0.15368378,c234,c234
19717,1,0.12812702,0.35411572,0.5177573,c1,c5
19721,1,0.30238888,0.39366794,0.30394316,c5,c234
19723,1,0.116533004,0.38754603,0.49592102,c5,c5
19727,1,0.53179115,0.29881808,0.16939071,c1,c1
19729,1,0.10000342,0.39436415,0.5056324,c234,c5
19734,1,0.5826864,0.2986443,0.1186693,c234,c1
19736,1,0.70072925,0.22627488,0.072995864,c234,c1
19742,1,0.30136642,0.40431565,0.29431793,c1,c234
19748,1,0.06988221,0.30969274,0.6204251,c5,c5
19752,1,0.36087793,0.312638,0.32648402,c5,c1
19764,1,0.7393875,0.21117325,0.049439218,c1,c1
19765,1,0.37193146,0.29490522,0.33316332,c5,c1
19766,1,0.09515837,0.19133556,0.71350604,c234,c5
19775,1,0.0925864,0.27624327,0.63117033,c5,c5
19780,1,0.42355835,0.3647849,0.21165672,c234,c1
19792,1,0.39766812,0.43140125,0.17093056,c234,c234
19798,1,0.13644548,0.48256168,0.38099286,c234,c234
19800,1,0.38166392,0.29094,0.327396,c1,c1
19801,1,0.37906453,0.30017602,0.32075942,c5,c1
19805,1,0.089244746,0.22203182,0.6887234,c1,c5
19815,1,0.0904676,0.27601916,0.6335132,c234,c5
19826,1,0.47566897,0.32897386,0.19535719,c1,c1
19828,1,0.06969378,0.35749486,0.57281137,c234,c5
19832,1,0.5858014,0.30294096,0.11125757,c1,c1
19845,1,0.34067264,0.31652716,0.34280017,c234,c5
19857,1,0.06120579,0.29349738,0.6452969,c234,c5
19858,1,0.15880138,0.49611828,0.34508035,c234,c234
19862,1,0.11046419,0.3385963,0.5509395,c234,c5
19869,1,0.10925715,0.37305716,0.5176857,c1,c5
19878,1,0.51194763,0.26527092,0.22278142,c5,c1
19889,1,0.17708206,0.2968237,0.52609426,c234,c5
19892,1,0.23144698,0.37093633,0.3976167,c1,c5
19901,1,0.24537767,0.50176436,0.25285795,c5,c234
19908,1,0.11595508,0.28209418,0.6019507,c5,c5
19918,1,0.20845395,0.43302578,0.3585202,c234,c234
19919,1,0.47822386,0.41285908,0.10891707,c1,c1
19923,1,0.4815608,0.31587312,0.202566,c1,c1
19925,1,0.30017298,0.43845853,0.26136848,c5,c234
19939,1,0.19296943,0.3969154,0.41011515,c234,c5
19951,1,0.15491796,0.37610134,0.46898076,c5,c5
19954,1,0.37501538,0.27794033,0.3470443,c5,c1
19962,1,0.09130135,0.3095479,0.5991508,c1,c5
19965,1,0.37632576,0.4086474,0.21502684,c1,c234
19977,1,0.45438832,0.3923293,0.15328245,c1,c1
19979,1,0.16569035,0.3750334,0.45927623,c5,c5
19985,1,0.057139486,0.27080622,0.6720543,c5,c5
19989,1,0.3328239,0.39243177,0.27474436,c5,c234
19990,1,0.79458976,0.14619699,0.059213303,c1,c1
19992,1,0.5351704,0.3126197,0.15220995,c5,c1
19995,1,0.44627067,0.30733547,0.24639392,c234,c1
19998,1,0.16557784,0.36227387,0.47214827,c234,c5
20000,1,0.3420688,0.36747935,0.29045182,c1,c234
20008,1,0.4756778,0.2905631,0.2337592,c234,c1
20009,1,0.303541,0.4745733,0.22188567,c234,c234
20011,1,0.4950889,0.32018065,0.18473041,c1,c1
20021,1,0.22772883,0.28910878,0.48316237,c234,c5
20038,1,0.21033423,0.2566082,0.5330576,c1,c5
20041,1,0.62928987,0.27902848,0.09168167,c1,c1
20042,1,0.34433138,0.31826502,0.3374036,c234,c1
20047,1,0.3828471,0.31203237,0.30512056,c234,c1
20065,1,0.354954,0.45319712,0.19184889,c234,c234
20079,1,0.65115184,0.27387562,0.074972525,c234,c1
20080,1,0.12878084,0.52243614,0.34878302,c5,c234
20085,1,0.11196735,0.37758037,0.5104523,c234,c5
20089,1,0.24030627,0.3628181,0.3968757,c1,c5
20090,1,0.39656836,0.32263416,0.28079745,c1,c1
20091,1,0.08515582,0.40329105,0.51155317,c5,c5
