indice,fold,p_c1,p_c234,p_c5,rotulo,previsto
0,1,0.5308437,0.33533064,0.13382564,c5,c1
4,1,0.36746424,0.3692629,0.26327288,c234,c234
15,1,0.32339644,0.3977844,0.2788192,c5,c234
20,1,0.086139955,0.2754996,0.6383604,c1,c5
24,1,0.3319174,0.3385672,0.32951537,c234,c234
32,1,0.28605235,0.44331703,0.27063063,c5,c234
33,1,0.46937788,0.3240587,0.2065634,c1,c1
52,1,0.09085779,0.21376692,0.6953753,c5,c5
57,1,0.45266312,0.3940013,0.15333554,c1,c1
59,1,0.58692914,0.24276446,0.17030644,c1,c1
66,1,0.4210091,0.3892272,0.18976368,c1,c1
77,1,0.1471589,0.31139284,0.5414482,c234,c5
78,1,0.26670375,0.37321407,0.36008215,c234,c234
108,1,0.61659944,0.2398481,0.14355241,c5,c1
116,1,0.22591682,0.41659117,0.35749206,c5,c234
120,1,0.20265467,0.30714992,0.49019545,c5,c5
129,1,0.40653917,0.37283367,0.22062717,c1,c1
130,1,0.20376559,0.41373354,0.38250086,c234,c234
133,1,0.15372403,0.34026155,0.5060144,c234,c5
139,1,0.13954405,0.3700585,0.49039748,c234,c5
143,1,0.48833972,0.33068946,0.18097077,c5,c1
146,1,0.3107771,0.4116625,0.27756047,c1,c234
153,1,0.12551779,0.24324487,0.6312373,c5,c5
160,1,0.11461045,0.28604546,0.5993441,c5,c5
165,1,0.33082828,0.3007082,0.36846352,c234,c5
166,1,0.5736463,0.31295395,0.11339976,c1,c1
174,1,0.4568561,0.35376438,0.18937956,c1,c1
178,1,0.4593416,0.31525767,0.22540078,c1,c1
186,1,0.27855918,0.33957842,0.38186237,c234,c5
188,1,0.4371768,0.39688957,0.1659336,c234,c1
190,1,0.660226,0.24549173,0.09428227,c1,c1
194,1,0.24174531,0.33532298,0.42293176,c234,c5
199,1,0.32552382,0.33050883,0.34396732,c234,c5
203,1,0.3358243,0.43779698,0.22637874,c5,c234
214,1,0.2658898,0.43576384,0.29834637,c1,c234
217,1,0.5305742,0.34072945,0.12869637,c234,c1
225,1,0.41524193,0.35372576,0.23103233,c234,c1
235,1,0.3880097,0.30375403,0.3082363,c234,c1
242,1,0.07571117,0.2441899,0.6800989,c5,c5
250,1,0.1989807,0.35599026,0.445029,c5,c5
256,1,0.17091472,0.25426614,0.5748191,c5,c5
265,1,0.19128777,0.30743578,0.5012765,c234,c5
267,1,0.22212455,0.4069071,0.3709683,c5,c234
270,1,0.47030798,0.34744012,0.1822519,c234,c1
271,1,0.5694923,0.3087218,0.121785924,c1,c1
272,1,0.30704173,0.46264353,0.2303148,c1,c234
287,1,0.15666126,0.2612716,0.58206713,c1,c5
288,1,0.47268274,0.29565293,0.23166437,c1,c1
300,1,0.38591537,0.3890371,0.2250475,c1,c234
305,1,0.14931564,0.30210495,0.5485794,c234,c5
312,1,0.46220228,0.29286268,0.24493499,c234,c1
319,1,0.27672362,0.3191686,0.4041077,c234,c5
323,1,0.33880666,0.26805085,0.39314252,c234,c5
324,1,0.4199984,0.31293657,0.26706502,c5,c1
333,1,0.27672362,0.3191686,0.4041077,c5,c5
336,1,0.22682832,0.3347194,0.4384523,c5,c5
343,1,0.19062383,0.42317566,0.38620052,c234,c234
348,1,0.18962371,0.4084525,0.40192375,c5,c234
350,1,0.20855814,0.28733605,0.5041058,c5,c5
355,1,0.3619726,0.3781939,0.25983346,c5,c234
360,1,0.45927715,0.31341973,0.22730318,c5,c1
361,1,0.26021063,0.3973312,0.3424582,c234,c234
363,1,0.30547988,0.3722627,0.32225746,c234,c234
369,1,0.15835461,0.29510593,0.54653937,c5,c5
372,1,0.23586367,0.37300143,0.39113486,c234,c5
382,1,0.23424311,0.44181043,0.32394645,c5,c234
391,1,0.3370084,0.34085608,0.3221355,c5,c234
392,1,0.3861141,0.35733697,0.2565489,c1,c1
397,1,0.5117251,0.28287756,0.20539725,c1,c1
407,1,0.62115335,0.26219243,0.11665428,c1,c1
411,1,0.18322287,0.33990598,0.4768711,c5,c5
415,1,0.1283951,0.31768155,0.5539233,c234,c5
416,1,0.3433515,0.37722445,0.27942404,c1,c234
419,1,0.37184206,0.3033289,0.3248291,c1,c1
420,1,0.15106401,0.2618769,0.58705914,c5,c5
422,1,0.29934356,0.42863286,0.27202362,c1,c234
423,1,0.57596445,0.28003526,0.1440003,c1,c1
427,1,0.19354255,0.3538131,0.45264435,c1,c5
431,1,0.14896761,0.35731116,0.49372128,c5,c5
432,1,0.355884,0.4409492,0.2031668,c234,c234
434,1,0.14704528,0.30874515,0.54420954,c5,c5
439,1,0.16259815,0.29188648,0.5455154,c5,c5
453,1,0.1513136,0.27033898,0.5783474,c234,c5
455,1,0.21478401,0.380355,0.40486106,c5,c5
469,1,0.20897779,0.30915087,0.48187134,c1,c5
470,1,0.38359597,0.41598305,0.20042096,c234,c234
474,1,0.19669475,0.25848722,0.544818,c5,c5
477,1,0.1803043,0.40419477,0.41550094,c234,c5
480,1,0.2302646,0.32021803,0.44951737,c234,c5
487,1,0.5376765,0.33560792,0.12671553,c234,c1
491,1,0.30041742,0.34767768,0.35190487,c234,c5
493,1,0.446653,0.34543118,0.20791589,c1,c1
494,1,0.47363275,0.29928216,0.2270851,c234,c1
495,1,0.36277294,0.30080444,0.33642265,c234,c1
502,1,0.32997805,0.39850044,0.27152157,c5,c234
530,1,0.33385268,0.3944204,0.27172697,c5,c234
546,1,0.5158347,0.28909224,0.19507307,c1,c1
551,1,0.44850448,0.3920052,0.1594903,c234,c1
557,1,0.4446954,0.3783306,0.17697401,c1,c1
561,1,0.5369961,0.2532259,0.20977794,c234,c1
563,1,0.079722725,0.29014006,0.6301372,c5,c5
566,1,0.49151346,0.31316686,0.19531973,c234,c1
567,1,0.53470355,0.33534497,0.12995155,c234,c1
568,1,0.53161645,0.31614724,0.15223631,c1,c1
572,1,0.45337787,0.349617,0.19700515,c5,c1
577,1,0.18497382,0.28537616,0.52965,c5,c5
590,1,0.19669475,0.25848722,0.544818,c5,c5
595,1,0.34104288,0.32622084,0.33273622,c1,c1
596,1,0.23382767,0.40805748,0.35811487,c1,c234
602,1,0.30045804,0.33483756,0.3647044,c5,c5
605,1,0.25447306,0.4366946,0.30883235,c234,c234
608,1,0.16396599,0.35786152,0.4781725,c1,c5
612,1,0.47507605,0.2885354,0.23638856,c5,c1
615,1,0.3977208,0.41295883,0.18932037,c1,c234
616,1,0.16793938,0.34587458,0.4861861,c5,c5
625,1,0.17778946,0.25912464,0.5630859,c5,c5
628,1,0.5685137,0.3123194,0.11916694,c1,c1
632,1,0.28078675,0.38220042,0.33701286,c1,c234
636,1,0.12901205,0.35861325,0.51237464,c234,c5
637,1,0.40115526,0.30236462,0.29648018,c1,c1
639,1,0.22413287,0.3809139,0.39495322,c1,c5
640,1,0.22193061,0.39752212,0.38054729,c5,c234
653,1,0.46310964,0.35865057,0.17823981,c234,c1
654,1,0.2688941,0.33998662,0.39111924,c234,c5
661,1,0.21830107,0.2864963,0.49520257,c5,c5
671,1,0.1575228,0.2732736,0.56920356,c234,c5
672,1,0.19754593,0.35411432,0.4483397,c234,c5
673,1,0.22820875,0.39599764,0.3757936,c234,c234
674,1,0.55784506,0.32003078,0.12212416,c1,c1
678,1,0.3822385,0.2790549,0.33870658,c5,c1
689,1,0.39410552,0.3646883,0.24120615,c234,c1
692,1,0.5298626,0.33332458,0.13681284,c5,c1
701,1,0.23774213,0.40490696,0.35735095,c5,c234
706,1,0.6522419,0.24070914,0.10704899,c234,c1
707,1,0.20965073,0.35441187,0.43593737,c1,c5
720,1,0.39436913,0.3883972,0.21723372,c1,c1
728,1,0.53167343,0.28150925,0.18681729,c1,c1
735,1,0.44081536,0.2963471,0.2628376,c234,c1
736,1,0.23388638,0.38352442,0.38258922,c5,c234
743,1,0.3742312,0.37304533,0.25272343,c234,c1
746,1,0.39712325,0.38598722,0.21688955,c5,c1
750,1,0.14162831,0.25771102,0.6006607,c5,c5
752,1,0.577103,0.2987582,0.12413873,c234,c1
753,1,0.54785854,0.27200538,0.18013605,c1,c1
758,1,0.5217635,0.23771718,0.24051933,c5,c1
764,1,0.2349055,0.3456139,0.41948062,c234,c5
767,1,0.50855124,0.34960717,0.14184155,c5,c1
768,1,0.18984437,0.37395003,0.43620566,c1,c5
770,1,0.44649625,0.35027716,0.2032266,c234,c1
776,1,0.5694923,0.3087218,0.121785924,c1,c1
778,1,0.13704339,0.2679579,0.5949988,c5,c5
799,1,0.29346892,0.39413506,0.31239605,c234,c234
801,1,0.5590237,0.32078528,0.120191045,c234,c1
806,1,0.37127,0.3387319,0.2899981,c1,c1
811,1,0.49881127,0.35323554,0.14795317,c1,c1
815,1,0.40619478,0.34334192,0.25046328,c1,c1
820,1,0.5014565,0.27645773,0.22208579,c5,c1
826,1,0.21018809,0.32530734,0.46450463,c5,c5
827,1,0.30923128,0.40603054,0.28473815,c5,c234
833,1,0.5822244,0.3027924,0.11498316,c234,c1
835,1,0.19630827,0.39524877,0.40844294,c5,c5
841,1,0.45770016,0.38260958,0.15969022,c234,c1
843,1,0.32472062,0.34078234,0.3344971,c5,c234
847,1,0.15336373,0.30025327,0.546383,c1,c5
850,1,0.577103,0.2987582,0.12413873,c1,c1
851,1,0.35757363,0.42095196,0.22147436,c5,c234
852,1,0.19198272,0.33678338,0.4712339,c1,c5
854,1,0.21740286,0.3785615,0.40403563,c234,c5
860,1,0.508304,0.3470566,0.1446394,c1,c1
862,1,0.5308437,0.33533064,0.13382564,c234,c1
863,1,0.22083424,0.33513275,0.44403294,c1,c5
865,1,0.17309174,0.3386077,0.48830056,c5,c5
866,1,0.0761811,0.23075563,0.69306326,c5,c5
867,1,0.26562738,0.35854414,0.37582844,c5,c5
870,1,0.15491728,0.34292376,0.502159,c1,c5
871,1,0.09890577,0.2823675,0.61872673,c5,c5
872,1,0.20437504,0.30090588,0.49471903,c234,c5
895,1,0.16670802,0.24686016,0.5864318,c5,c5
899,1,0.13626587,0.38427216,0.47946197,c5,c5
912,1,0.39065135,0.3589964,0.25035232,c5,c1
924,1,0.13959469,0.31924057,0.5411647,c234,c5
935,1,0.2676065,0.34962165,0.38277188,c5,c5
938,1,0.21152028,0.3158672,0.47261253,c234,c5
944,1,0.44788346,0.29419562,0.25792095,c1,c1
955,1,0.27711076,0.32755423,0.39533496,c234,c5
957,1,0.40452725,0.30767298,0.28779978,c1,c1
961,1,0.60275626,0.2600981,0.13714573,c234,c1
968,1,0.28459954,0.34977505,0.36562544,c5,c5
977,1,0.19615929,0.30719244,0.49664828,c5,c5
983,1,0.10592449,0.21638992,0.6776856,c234,c5
993,1,0.577103,0.2987582,0.12413873,c234,c1
994,1,0.19234888,0.39825556,0.40939558,c5,c5
999,1,0.09267689,0.23741104,0.66991204,c5,c5
1005,1,0.5016269,0.34274858,0.15562455,c234,c1
1011,1,0.31149295,0.4609753,0.22753175,c234,c234
1012,1,0.31453454,0.3941777,0.29128778,c234,c234
1026,1,0.30931538,0.28208214,0.40860248,c5,c5
1039,1,0.20617002,0.3508194,0.44301063,c5,c5
1042,1,0.19293717,0.40914658,0.3979162,c1,c234
1046,1,0.309177,0.3527681,0.3380549,c234,c234
1048,1,0.3609641,0.42923144,0.20980446,c5,c234
1053,1,0.36461595,0.27679327,0.35859084,c1,c1
1056,1,0.5308063,0.3383496,0.1308441,c1,c1
1057,1,0.61521083,0.26627976,0.11850941,c234,c1
1063,1,0.18904473,0.33916506,0.4717902,c234,c5
1066,1,0.17163467,0.38534734,0.44301802,c234,c5
1069,1,0.43197387,0.39298075,0.17504531,c234,c1
1074,1,0.46927452,0.32033986,0.21038556,c1,c1
1075,1,0.5190705,0.29920724,0.18172222,c234,c1
1077,1,0.5217901,0.32138702,0.15682286,c5,c1
1080,1,0.26525992,0.3974496,0.3372905,c5,c234
1088,1,0.39027295,0.37185594,0.23787117,c234,c1
1091,1,0.5937553,0.27771062,0.12853406,c5,c1
1092,1,0.11904809,0.2731199,0.6078321,c234,c5
1093,1,0.32319844,0.33499292,0.34180865,c5,c5
1097,1,0.3123849,0.39777014,0.28984493,c5,c234
1099,1,0.52494115,0.3254663,0.14959252,c234,c1
1108,1,0.22342268,0.2691376,0.50743973,c234,c5
1109,1,0.08321064,0.24937814,0.66741127,c234,c5
1111,1,0.4342853,0.39493886,0.17077588,c234,c1
1114,1,0.31833154,0.40108463,0.28058386,c1,c234
1119,1,0.42445248,0.3891193,0.1864282,c1,c1
1121,1,0.1416067,0.2720227,0.5863706,c234,c5
1129,1,0.27597758,0.4017656,0.32225683,c234,c234
1134,1,0.1319863,0.26098445,0.60702926,c5,c5
1135,1,0.33005384,0.27954945,0.39039674,c234,c5
1140,1,0.20910873,0.3357699,0.45512143,c5,c5
1144,1,0.13567252,0.27008066,0.59424686,c5,c5
1154,1,0.4941639,0.36624652,0.13958965,c1,c1
1160,1,0.19998227,0.30105296,0.49896467,c5,c5
1173,1,0.43347675,0.40791026,0.15861297,c234,c1
1181,1,0.13607149,0.25943473,0.60449374,c234,c5
1191,1,0.3149838,0.3132965,0.3717197,c5,c5
1200,1,0.3085947,0.38299888,0.30840638,c5,c234
1204,1,0.290297,0.45899272,0.2507103,c234,c234
1205,1,0.33694974,0.3760093,0.28704095,c1,c234
1207,1,0.26590168,0.429761,0.30433726,c5,c234
1208,1,0.25108132,0.40595636,0.34296238,c5,c234
1211,1,0.27412808,0.31733498,0.40853694,c5,c5
1213,1,0.27374905,0.34855255,0.37769842,c234,c5
1214,1,0.18572682,0.3266179,0.48765534,c5,c5
1217,1,0.22706226,0.42312205,0.34981573,c1,c234
1219,1,0.42390025,0.4080592,0.16804053,c234,c1
1225,1,0.45076972,0.36026344,0.1889669,c1,c1
1231,1,0.26387218,0.31306922,0.4230586,c5,c5
1232,1,0.18235995,0.29419827,0.5234418,c5,c5
1234,1,0.31157896,0.36522025,0.32320082,c5,c234
1247,1,0.25320938,0.38586262,0.360928,c5,c234
1252,1,0.3847758,0.3454902,0.26973397,c234,c1
1253,1,0.19036123,0.41578716,0.39385164,c234,c234
1274,1,0.33979166,0.301793,0.3584154,c5,c5
1276,1,0.40481067,0.34490827,0.25028104,c1,c1
1281,1,0.14033757,0.33799052,0.52167195,c1,c5
1282,1,0.21944787,0.3290083,0.45154378,c5,c5
1284,1,0.25608647,0.40268385,0.34122968,c1,c234
1287,1,0.22720353,0.34707895,0.42571747,c1,c5
1292,1,0.22368781,0.33878016,0.43753198,c1,c5
1294,1,0.39734253,0.3939617,0.20869583,c234,c1
1305,1,0.4909508,0.31819314,0.19085608,c1,c1
1309,1,0.3918025,0.31246755,0.29573,c234,c1
1315,1,0.14209016,0.28316703,0.5747428,c234,c5
1323,1,0.26861513,0.33301392,0.39837092,c5,c5
1325,1,0.59544444,0.26606366,0.13849191,c1,c1
1331,1,0.4548104,0.38103023,0.16415937,c1,c1
1334,1,0.6515417,0.19948673,0.14897157,c5,c1
1359,1,0.22251962,0.29852048,0.4789599,c5,c5
1361,1,0.61388797,0.27938226,0.10672982,c5,c1
1364,1,0.15398835,0.2830206,0.562991,c1,c5
1374,1,0.7366315,0.1969591,0.06640934,c234,c1
1376,1,0.42503005,0.3475511,0.2274189,c1,c1
1377,1,0.33005384,0.27954945,0.39039674,c234,c5
1378,1,0.16465011,0.29732507,0.53802484,c5,c5
1384,1,0.26782113,0.40180182,0.33037704,c1,c234
1401,1,0.47507992,0.35427982,0.17064022,c234,c1
1405,1,0.5646265,0.29808256,0.1372909,c1,c1
1408,1,0.074237205,0.22690104,0.6988617,c5,c5
1410,1,0.29964125,0.38127548,0.31908327,c234,c234
1414,1,0.14948183,0.2491156,0.60140264,c5,c5
1419,1,0.45489106,0.36055195,0.184557,c1,c1
1420,1,0.1227162,0.3315879,0.5456959,c5,c5
1435,1,0.2724208,0.44121206,0.28636715,c5,c234
1438,1,0.45044744,0.38299042,0.16656213,c1,c1
1443,1,0.64273304,0.24337393,0.11389314,c5,c1
1449,1,0.17860709,0.3158081,0.5055848,c5,c5
1452,1,0.16901982,0.36281803,0.46816215,c5,c5
1457,1,0.2037248,0.33672574,0.4595495,c234,c5
1466,1,0.29704958,0.31609184,0.38685858,c1,c5
1468,1,0.39791387,0.30234763,0.2997385,c1,c1
1472,1,0.40121573,0.40209827,0.19668601,c5,c234
1473,1,0.23739703,0.448525,0.31407794,c5,c234
1479,1,0.57092935,0.29935664,0.129714,c1,c1
1482,1,0.3424432,0.28671634,0.37084043,c1,c5
1490,1,0.14115071,0.26254794,0.5963014,c1,c5
1496,1,0.3155933,0.449892,0.23451471,c234,c234
1509,1,0.2288759,0.3793617,0.3917624,c5,c5
1510,1,0.30342436,0.42033836,0.27623728,c5,c234
1513,1,0.17367876,0.29797277,0.5283485,c1,c5
1518,1,0.28026792,0.4308145,0.28891757,c1,c234
1520,1,0.23927063,0.31376752,0.44696182,c5,c5
1529,1,0.1650833,0.30964223,0.52527446,c5,c5
1531,1,0.23793645,0.42536017,0.33670333,c234,c234
1533,1,0.4105254,0.31071416,0.27876046,c5,c1
1538,1,0.49170378,0.31923598,0.18906027,c1,c1
1542,1,0.16742195,0.27606583,0.55651224,c5,c5
1544,1,0.4090461,0.26816076,0.3227931,c5,c1
1550,1,0.24522564,0.37671918,0.37805519,c234,c5
1552,1,0.37483662,0.39479637,0.23036703,c1,c234
1555,1,0.14199276,0.28056523,0.57744205,c5,c5
1557,1,0.10128319,0.2724993,0.6262175,c5,c5
1559,1,0.31920403,0.32385498,0.356941,c5,c5
1560,1,0.17714895,0.2785244,0.54432666,c234,c5
1561,1,0.4090461,0.26816076,0.3227931,c5,c1
1569,1,0.2685896,0.32350668,0.40790373,c5,c5
1570,1,0.5086482,0.29753512,0.1938167,c5,c1
1586,1,0.15986082,0.3569034,0.48323578,c5,c5
1593,1,0.33005384,0.27954945,0.39039674,c234,c5
1597,1,0.12981726,0.26609147,0.60409135,c234,c5
1600,1,0.31920403,0.32385498,0.356941,c5,c5
1607,1,0.18838637,0.28866094,0.52295274,c234,c5
1608,1,0.5520509,0.32960445,0.11834466,c1,c1
1615,1,0.16391928,0.37500894,0.46107182,c1,c5
1617,1,0.47535518,0.3281254,0.19651946,c1,c1
1627,1,0.47507992,0.35427982,0.17064022,c5,c1
1638,1,0.11275548,0.29065034,0.5965942,c5,c5
1639,1,0.32591605,0.40635243,0.2677315,c1,c234
1646,1,0.11959708,0.2994354,0.5809675,c5,c5
1647,1,0.23251756,0.31334525,0.4541372,c5,c5
1665,1,0.41810146,0.2997901,0.28210846,c234,c1
1668,1,0.12002605,0.29578274,0.5841912,c234,c5
1673,1,0.23339935,0.3581205,0.4084801,c234,c5
1674,1,0.12767781,0.26409706,0.60822517,c1,c5
1675,1,0.070590355,0.21017864,0.71923095,c5,c5
1676,1,0.44238213,0.36369377,0.19392414,c1,c1
1683,1,0.37851042,0.43454742,0.18694218,c234,c234
1687,1,0.4133138,0.37837633,0.20830981,c234,c1
1691,1,0.42859045,0.39837018,0.1730394,c1,c1
1701,1,0.08549732,0.22975428,0.6847484,c5,c5
1710,1,0.28125858,0.3298699,0.38887155,c234,c5
1718,1,0.13602471,0.25850797,0.6054674,c234,c5
1721,1,0.30482647,0.43271723,0.26245627,c234,c234
1724,1,0.20438486,0.39613223,0.39948288,c5,c5
1726,1,0.19562563,0.38103446,0.4233399,c234,c5
1730,1,0.12816863,0.33248472,0.53934664,c234,c5
1731,1,0.22078574,0.32839802,0.45081627,c234,c5
1734,1,0.5609209,0.29210967,0.14696941,c1,c1
1738,1,0.32312503,0.35677287,0.32010207,c234,c234
1752,1,0.43344158,0.30634478,0.26021367,c5,c1
1755,1,0.47533825,0.3796209,0.14504078,c234,c1
1771,1,0.3996002,0.31977743,0.2806224,c5,c1
1772,1,0.08440419,0.25493914,0.66065663,c5,c5
1775,1,0.27194408,0.3291302,0.3989257,c234,c5
1781,1,0.39329925,0.39033383,0.21636689,c234,c1
1789,1,0.3189523,0.40275073,0.278297,c5,c234
1793,1,0.35162342,0.3031646,0.34521198,c1,c1
1795,1,0.40691873,0.36218622,0.230895,c1,c1
1799,1,0.14413129,0.3438799,0.51198876,c5,c5
1800,1,0.4185986,0.38104534,0.20035607,c5,c1
1805,1,0.32687834,0.3235437,0.349578,c1,c5
1807,1,0.32472062,0.34078234,0.3344971,c5,c234
1811,1,0.17531225,0.3272167,0.49747106,c5,c5
1814,1,0.1866165,0.3518414,0.4615421,c5,c5
1815,1,0.36416653,0.36133495,0.27449855,c5,c1
1818,1,0.09592444,0.24598537,0.6580902,c234,c5
1819,1,0.3575807,0.37734497,0.26507437,c5,c234
1821,1,0.43338707,0.32712775,0.23948519,c1,c1
1822,1,0.40810913,0.26762816,0.32426274,c5,c1
1827,1,0.14958324,0.28313237,0.5672844,c234,c5
1829,1,0.7846792,0.16092274,0.054398123,c1,c1
1836,1,0.17881508,0.34265095,0.47853392,c234,c5
1840,1,0.57308894,0.30690226,0.12000872,c1,c1
1851,1,0.39016175,0.32719833,0.28263992,c234,c1
1855,1,0.4359513,0.3980542,0.16599447,c234,c1
1856,1,0.37827498,0.30259198,0.319133,c234,c1
1859,1,0.41413665,0.4086129,0.17725036,c1,c1
1873,1,0.13219059,0.25477293,0.61303645,c1,c5
1874,1,0.36062175,0.3553235,0.28405473,c234,c1
1885,1,0.17741928,0.39405456,0.42852613,c5,c5
1891,1,0.33804137,0.2860527,0.3759059,c5,c5
1898,1,0.14051522,0.23127486,0.6282099,c1,c5
1899,1,0.13784021,0.23559304,0.6265667,c5,c5
1902,1,0.44609004,0.36167392,0.19223604,c234,c1
1903,1,0.20458932,0.39002362,0.40538713,c234,c5
1908,1,0.20777169,0.31243572,0.47979257,c234,c5
1909,1,0.41245785,0.3533326,0.2342095,c234,c1
1911,1,0.26467314,0.39323217,0.34209466,c234,c234
1918,1,0.12906216,0.24215226,0.62878555,c234,c5
1920,1,0.13903424,0.29693383,0.56403196,c1,c5
1925,1,0.26099655,0.34499487,0.3940085,c234,c5
1926,1,0.20906438,0.32163852,0.46929705,c234,c5
1928,1,0.53741705,0.3156613,0.14692163,c234,c1
1929,1,0.44031867,0.39682478,0.16285656,c234,c1
1936,1,0.38860047,0.29440722,0.31699228,c1,c1
1937,1,0.26000106,0.29674935,0.44324955,c234,c5
1941,1,0.67021674,0.19947463,0.13030864,c1,c1
1953,1,0.4888849,0.276087,0.23502815,c234,c1
1962,1,0.2484871,0.44033444,0.31117845,c234,c234
1964,1,0.13349552,0.33515733,0.53134716,c5,c5
1966,1,0.20256902,0.3747252,0.42270577,c5,c5
1971,1,0.57522917,0.3004903,0.1242806,c234,c1
1972,1,0.17925,0.35512933,0.46562067,c1,c5
1981,1,0.2758024,0.37624162,0.347956,c1,c234
1982,1,0.15382041,0.3363748,0.50980484,c5,c5
1983,1,0.09926934,0.31478485,0.58594584,c234,c5
1985,1,0.27383295,0.3336081,0.39255893,c1,c5
1988,1,0.13125966,0.3904842,0.47825608,c1,c5
1991,1,0.28129402,0.35126927,0.36743677,c5,c5
2006,1,0.4324511,0.334259,0.23328987,c5,c1
2011,1,0.15171863,0.24085277,0.6074286,c5,c5
2022,1,0.18512215,0.28220865,0.53266925,c5,c5
2030,1,0.20952843,0.37270498,0.4177666,c5,c5
2037,1,0.1901073,0.33545065,0.474442,c5,c5
2040,1,0.21675196,0.37577316,0.40747488,c5,c5
2055,1,0.34323338,0.35925567,0.29751092,c5,c234
2056,1,0.19299024,0.40330786,0.4037019,c1,c5
2074,1,0.3005704,0.40028667,0.29914287,c234,c234
2077,1,0.13746554,0.3201734,0.542361,c5,c5
2086,1,0.3382307,0.40589777,0.25587153,c5,c234
2090,1,0.24323876,0.4226455,0.3341157,c234,c234
2094,1,0.45417586,0.27601013,0.26981393,c1,c1
2111,1,0.45274138,0.33952254,0.20773607,c234,c1
2113,1,0.6908442,0.22037624,0.08877957,c1,c1
2118,1,0.087605506,0.21927449,0.69312006,c5,c5
2122,1,0.32825363,0.31341308,0.35833332,c5,c5
2125,1,0.27600452,0.41844898,0.30554643,c1,c234
2127,1,0.19174956,0.36729062,0.4409598,c5,c5
2131,1,0.115361825,0.2545704,0.6300678,c1,c5
2132,1,0.20419106,0.28008586,0.515723,c234,c5
2134,1,0.1987616,0.3083369,0.49290144,c1,c5
2139,1,0.28210294,0.33136544,0.38653153,c5,c5
2141,1,0.5308437,0.33533064,0.13382564,c1,c1
2144,1,0.55019253,0.28605527,0.16375218,c1,c1
2148,1,0.107178435,0.26756194,0.62525964,c5,c5
2149,1,0.43652162,0.37623626,0.18724209,c234,c1
2153,1,0.610798,0.28285372,0.10634828,c1,c1
2154,1,0.12662412,0.24828143,0.6250944,c5,c5
2162,1,0.15361273,0.40481445,0.44157282,c1,c5
2165,1,0.13479437,0.29797712,0.5672285,c1,c5
2175,1,0.4284423,0.32401773,0.24753998,c5,c1
2176,1,0.22122696,0.34658247,0.43219066,c234,c5
2177,1,0.21017599,0.28069025,0.50913376,c5,c5
2178,1,0.539227,0.24996923,0.21080376,c1,c1
2187,1,0.28767714,0.42277855,0.28954434,c5,c234
2189,1,0.12736829,0.26410082,0.6085309,c5,c5
2190,1,0.28999624,0.36811703,0.3418868,c5,c234
2191,1,0.5730499,0.2599386,0.1670115,c234,c1
2192,1,0.3276422,0.41526696,0.25709084,c5,c234
2199,1,0.24698079,0.31817657,0.4348427,c5,c5
2201,1,0.2773029,0.30274138,0.41995576,c1,c5
2203,1,0.18705893,0.3312878,0.48165324,c234,c5
2208,1,0.14976488,0.3114375,0.5387977,c5,c5
2216,1,0.20692311,0.31605974,0.4770171,c234,c5
2223,1,0.5235095,0.33689097,0.13959955,c234,c1
2226,1,0.5710418,0.23726235,0.19169581,c1,c1
2227,1,0.17194302,0.3420487,0.4860083,c234,c5
2228,1,0.4702551,0.38427982,0.14546499,c1,c1
2239,1,0.16391928,0.37500894,0.46107182,c234,c5
2240,1,0.4585736,0.38240498,0.15902139,c234,c1
2243,1,0.5680236,0.28786585,0.14411058,c1,c1
2251,1,0.16739534,0.33285457,0.49975014,c5,c5
2257,1,0.4173064,0.4072416,0.17545204,c1,c1
2262,1,0.36295512,0.31663668,0.3204082,c234,c1
2263,1,0.44081536,0.2963471,0.2628376,c1,c1
2274,1,0.38859665,0.4288266,0.18257678,c5,c234
2282,1,0.44081536,0.2963471,0.2628376,c234,c1
2286,1,0.4678105,0.28705102,0.24513845,c1,c1
2306,1,0.20823924,0.37381864,0.4179421,c1,c5
2310,1,0.10470881,0.28830412,0.60698706,c1,c5
2314,1,0.36742887,0.40700468,0.22556643,c5,c234
2319,1,0.16083585,0.3816561,0.45750803,c5,c5
2321,1,0.3927467,0.38456303,0.22269028,c1,c1
2327,1,0.22042838,0.3975881,0.38198355,c234,c234
2337,1,0.25574625,0.37439814,0.3698556,c234,c234
2338,1,0.24562687,0.4310886,0.32328457,c5,c234
2351,1,0.16391928,0.37500894,0.46107182,c234,c5
2355,1,0.094379514,0.25686347,0.6487571,c5,c5
2358,1,0.40379226,0.32668176,0.26952595,c1,c1
2365,1,0.42803177,0.4069875,0.16498066,c234,c1
2367,1,0.61070085,0.272631,0.116668165,c234,c1
2368,1,0.22368781,0.33878016,0.43753198,c5,c5
2369,1,0.15813713,0.2591692,0.5826937,c5,c5
2374,1,0.13219059,0.25477293,0.61303645,c1,c5
2375,1,0.44321996,0.30026394,0.25651604,c1,c1
2376,1,0.5178119,0.29363903,0.18854904,c1,c1
2381,1,0.19890045,0.35527155,0.44582802,c1,c5
2384,1,0.3614105,0.40998197,0.22860754,c1,c234
2386,1,0.13892296,0.35637987,0.50469714,c234,c5
2390,1,0.29387304,0.4277916,0.2783353,c234,c234
2402,1,0.37710586,0.40243292,0.2204612,c5,c234
2409,1,0.35150957,0.4140594,0.2344311,c234,c234
2411,1,0.5723237,0.26898047,0.1586959,c1,c1
2414,1,0.11886104,0.3138077,0.56733125,c5,c5
2419,1,0.25371692,0.35532814,0.39095488,c1,c5
2428,1,0.13738574,0.26787412,0.59474015,c5,c5
2431,1,0.16697817,0.32530516,0.5077167,c5,c5
2437,1,0.46083012,0.33868194,0.20048794,c1,c1
2444,1,0.08289297,0.18332334,0.7337837,c1,c5
2450,1,0.18725358,0.4177796,0.39496678,c5,c234
2452,1,0.33005384,0.27954945,0.39039674,c234,c5
2454,1,0.1723731,0.3497101,0.4779168,c234,c5
2455,1,0.14265366,0.3579752,0.49937108,c5,c5
2463,1,0.45770016,0.38260958,0.15969022,c234,c1
2464,1,0.577103,0.2987582,0.12413873,c5,c1
2465,1,0.49549598,0.3462499,0.15825407,c234,c1
2468,1,0.23136443,0.4084933,0.3601422,c1,c234
2470,1,0.22294597,0.28795058,0.48910344,c1,c5
2482,1,0.17888805,0.29545906,0.5256529,c5,c5
2483,1,0.47274435,0.32173494,0.20552073,c1,c1
2488,1,0.3959122,0.40639094,0.19769682,c1,c234
2500,1,0.2233061,0.3207314,0.45596254,c5,c5
2511,1,0.4590507,0.37489498,0.16605432,c1,c1
2513,1,0.3890433,0.40995967,0.20099705,c1,c234
2522,1,0.22844055,0.34472418,0.42683527,c5,c5
2525,1,0.15926588,0.297984,0.5427502,c1,c5
2527,1,0.302213,0.47258356,0.22520335,c5,c234
2536,1,0.5945892,0.2818085,0.12360238,c1,c1
2540,1,0.2695044,0.30774608,0.42274952,c1,c5
2548,1,0.2816871,0.36210203,0.35621086,c5,c234
2549,1,0.1596596,0.34312147,0.4972189,c5,c5
2555,1,0.10591244,0.2737953,0.6202923,c234,c5
2561,1,0.118025765,0.293896,0.5880782,c5,c5
2567,1,0.13219059,0.25477293,0.61303645,c1,c5
2569,1,0.57151747,0.2760812,0.15240139,c234,c1
2575,1,0.577103,0.2987582,0.12413873,c234,c1
2579,1,0.3742483,0.43530306,0.19044861,c1,c234
2580,1,0.577103,0.2987582,0.12413873,c5,c1
2585,1,0.383324,0.41695866,0.19971736,c234,c234
2592,1,0.16960008,0.26884544,0.5615545,c5,c5
2595,1,0.15722026,0.31052077,0.532259,c1,c5
2616,1,0.21836181,0.35274744,0.42889073,c5,c5
2621,1,0.32687834,0.3235437,0.349578,c5,c5
2622,1,0.5306063,0.3303671,0.13902655,c1,c1
2628,1,0.33416665,0.3953821,0.27045128,c234,c234
2632,1,0.17241953,0.25277478,0.57480574,c234,c5
2633,1,0.24779193,0.34508705,0.40712097,c234,c5
2636,1,0.2288432,0.41364866,0.35750815,c5,c234
2637,1,0.110568285,0.2672872,0.62214446,c5,c5
2639,1,0.13230582,0.31419048,0.55350363,c234,c5
2646,1,0.14079902,0.35831606,0.50088495,c1,c5
2648,1,0.45148173,0.39562026,0.15289803,c1,c1
2649,1,0.26797733,0.3720383,0.3599844,c234,c234
2651,1,0.24378654,0.4206088,0.33560473,c234,c234
2655,1,0.36127603,0.41889572,0.21982826,c1,c234
2657,1,0.39733133,0.41477627,0.18789235,c5,c234
2659,1,0.25228083,0.39895788,0.34876135,c1,c234
2660,1,0.338638,0.3614918,0.2998702,c1,c234
2662,1,0.35428536,0.40176433,0.24395026,c1,c234
2675,1,0.13648665,0.28550625,0.5780071,c234,c5
2692,1,0.1407421,0.24640775,0.6128502,c5,c5
2693,1,0.54370636,0.288518,0.1677757,c1,c1
2694,1,0.76642066,0.17668791,0.05689146,c1,c1
2695,1,0.3186339,0.37085336,0.31051275,c5,c234
2699,1,0.577103,0.2987582,0.12413873,c1,c1
2703,1,0.3192659,0.3881523,0.29258174,c234,c234
2715,1,0.577103,0.2987582,0.12413873,c1,c1
2725,1,0.24119575,0.3734687,0.3853356,c5,c5
2729,1,0.36316487,0.41305473,0.22378036,c5,c234
2750,1,0.48823303,0.2998751,0.21189186,c1,c1
2759,1,0.27508193,0.29969412,0.42522392,c1,c5
2763,1,0.11779637,0.3305597,0.5516439,c234,c5
2768,1,0.43632013,0.36701497,0.1966649,c1,c1
2791,1,0.5098875,0.28749117,0.2026213,c234,c1
2802,1,0.46033746,0.3088674,0.23079506,c5,c1
2803,1,0.18421121,0.30054125,0.5152475,c234,c5
2805,1,0.44102335,0.30732068,0.2516559,c5,c1
2809,1,0.108931206,0.26817948,0.62288934,c1,c5
2814,1,0.1343036,0.2501171,0.61557937,c234,c5
2815,1,0.2559251,0.3022537,0.44182125,c5,c5
2818,1,0.38592657,0.30892944,0.305144,c234,c1
2819,1,0.25874114,0.35682824,0.38443056,c234,c5
2822,1,0.4892066,0.35193247,0.15886092,c234,c1
2823,1,0.21961105,0.3664796,0.41390935,c234,c5
2824,1,0.34488183,0.42878035,0.22633782,c234,c234
2825,1,0.1590451,0.34625393,0.494701,c1,c5
2830,1,0.21091315,0.24918473,0.5399021,c5,c5
2833,1,0.13456349,0.27374038,0.5916961,c5,c5
2836,1,0.128138,0.3895711,0.48229083,c5,c5
2842,1,0.1662345,0.4286604,0.40510508,c1,c234
2843,1,0.42600012,0.32436085,0.24963899,c1,c1
2844,1,0.15884973,0.3370658,0.50408447,c1,c5
2845,1,0.09972448,0.3159387,0.58433676,c5,c5
2846,1,0.22882216,0.3752774,0.39590046,c5,c5
2852,1,0.12028335,0.24360274,0.6361139,c234,c5
2859,1,0.14633216,0.34229457,0.5113733,c234,c5
2863,1,0.25468558,0.33738297,0.40793142,c234,c5
2864,1,0.21499427,0.3935809,0.3914248,c234,c234
2866,1,0.3292202,0.4346047,0.23617512,c234,c234
2874,1,0.49704355,0.29887056,0.20408589,c234,c1
2877,1,0.44482076,0.30382317,0.2513561,c1,c1
2885,1,0.2509213,0.42103565,0.328043,c5,c234
2889,1,0.425484,0.36475858,0.20975748,c1,c1
2893,1,0.57808244,0.24859981,0.17331778,c5,c1
2898,1,0.36877435,0.3968827,0.23434289,c5,c234
2904,1,0.118562095,0.25991353,0.6215244,c5,c5
2908,1,0.3984519,0.36512712,0.236421,c1,c1
2915,1,0.18572164,0.34998864,0.4642897,c5,c5
2916,1,0.33802086,0.42106548,0.24091369,c234,c234
2917,1,0.5772616,0.22397137,0.19876704,c5,c1
2920,1,0.15982652,0.33100435,0.50916916,c5,c5
2929,1,0.24701375,0.3749765,0.37800977,c5,c5
2930,1,0.40541673,0.37164548,0.22293784,c234,c1
2936,1,0.31804582,0.35818923,0.32376492,c234,c234
2945,1,0.17080267,0.25866866,0.5705287,c234,c5
2947,1,0.20687534,0.35719636,0.4359283,c234,c5
2949,1,0.12325392,0.2471327,0.62961346,c5,c5
2952,1,0.33966765,0.36868885,0.29164356,c234,c234
2954,1,0.12164247,0.29319653,0.58516103,c5,c5
2963,1,0.22114325,0.32182044,0.45703632,c1,c5
2966,1,0.3261612,0.42643425,0.2474045,c5,c234
2970,1,0.18182045,0.30525488,0.5129247,c5,c5
2984,1,0.21470152,0.3857958,0.39950264,c1,c5
2990,1,0.1718238,0.31944552,0.50873065,c234,c5
2991,1,0.42730787,0.3987325,0.1739596,c234,c1
2992,1,0.1924747,0.25774145,0.5497838,c5,c5
3009,1,0.17929105,0.2732861,0.5474228,c234,c5
3018,1,0.24946685,0.38708994,0.3634432,c234,c234
3026,1,0.33289388,0.2933657,0.37374046,c5,c5
3039,1,0.14401607,0.27231207,0.5836718,c5,c5
3051,1,0.3742771,0.35889128,0.26683158,c234,c1
3066,1,0.2932362,0.3079097,0.39885408,c234,c5
3068,1,0.577103,0.2987582,0.12413873,c1,c1
3079,1,0.20711243,0.4238274,0.36906013,c1,c234
3097,1,0.19669475,0.25848722,0.544818,c5,c5
3098,1,0.126006,0.2406107,0.6333833,c234,c5
3099,1,0.58509105,0.22398128,0.19092762,c1,c1
3102,1,0.19669475,0.25848722,0.544818,c234,c5
3121,1,0.15243182,0.3939328,0.4536353,c234,c5
3123,1,0.5818626,0.29617232,0.121965036,c1,c1
3125,1,0.22974029,0.35109338,0.41916633,c5,c5
3127,1,0.19859265,0.43149537,0.369912,c234,c234
3129,1,0.393939,0.33623484,0.2698262,c5,c1
3130,1,0.31458256,0.32406372,0.36135373,c234,c5
3131,1,0.27582982,0.36435172,0.35981852,c1,c234
3134,1,0.558953,0.28222814,0.15881889,c1,c1
3146,1,0.40431476,0.403132,0.19255319,c234,c1
3150,1,0.17983802,0.39179668,0.42836532,c234,c5
3153,1,0.12724099,0.29097322,0.58178574,c234,c5
3155,1,0.3067209,0.36272597,0.3305531,c5,c234
3158,1,0.110760376,0.23194604,0.65729356,c5,c5
3160,1,0.46284702,0.33475253,0.20240045,c234,c1
3168,1,0.565697,0.28564724,0.1486557,c234,c1
3170,1,0.11259409,0.28552547,0.60188043,c5,c5
3172,1,0.21807012,0.38232806,0.39960176,c234,c5
3173,1,0.38725886,0.36077774,0.25196338,c5,c1
3175,1,0.20956728,0.41606262,0.37437013,c234,c234
3178,1,0.39284405,0.33738908,0.2697669,c1,c1
3182,1,0.14004101,0.2826145,0.57734454,c234,c5
3183,1,0.34744334,0.29639605,0.35616064,c1,c5
3194,1,0.2932496,0.36895427,0.33779615,c5,c234
3200,1,0.39733133,0.41477627,0.18789235,c1,c234
3209,1,0.7332514,0.20115837,0.065590195,c5,c1
3213,1,0.2658973,0.35411057,0.37999216,c234,c5
3221,1,0.5675686,0.2569499,0.17548148,c1,c1
3223,1,0.47626016,0.3320167,0.1917231,c234,c1
3226,1,0.4169754,0.37473375,0.20829086,c1,c1
3232,1,0.181118,0.36521584,0.45366618,c234,c5
3248,1,0.29091072,0.44369417,0.26539508,c234,c234
3252,1,0.15925771,0.30512795,0.5356143,c1,c5
3257,1,0.15279469,0.3161083,0.53109705,c1,c5
3261,1,0.13441887,0.30978894,0.55579215,c5,c5
3263,1,0.2685896,0.32350668,0.40790373,c234,c5
3264,1,0.61388797,0.27938226,0.10672982,c1,c1
3268,1,0.38689384,0.37818527,0.23492093,c5,c1
3289,1,0.4260632,0.36910978,0.20482706,c5,c1
3290,1,0.24055362,0.35762623,0.40182012,c5,c5
3291,1,0.12846346,0.2367424,0.6347941,c5,c5
3295,1,0.31487876,0.4544696,0.2306516,c234,c234
3304,1,0.45866075,0.3004668,0.24087253,c1,c1
3307,1,0.22601181,0.40175548,0.3722327,c1,c234
3308,1,0.29940784,0.38054857,0.32004356,c5,c234
3310,1,0.39804396,0.35037592,0.25158006,c5,c1
3313,1,0.103807576,0.21630076,0.67989165,c5,c5
3323,1,0.42679185,0.3773788,0.19582936,c1,c1
3328,1,0.09038006,0.24504949,0.66457045,c5,c5
3335,1,0.38246614,0.41460598,0.20292798,c1,c234
3339,1,0.6395137,0.2467201,0.11376621,c234,c1
3341,1,0.32478806,0.4281262,0.24708574,c1,c234
3344,1,0.3532978,0.34091347,0.30578876,c5,c1
3346,1,0.13006663,0.2726086,0.5973248,c234,c5
3347,1,0.38601723,0.39900064,0.21498212,c234,c234
3354,1,0.4581291,0.30992892,0.23194191,c234,c1
3358,1,0.5323326,0.2724537,0.19521366,c5,c1
3372,1,0.20566228,0.35681957,0.43751815,c234,c5
3383,1,0.22616284,0.33394113,0.43989605,c234,c5
3389,1,0.40179318,0.40896833,0.18923844,c1,c234
3391,1,0.11842641,0.2865806,0.59499294,c5,c5
3395,1,0.5308437,0.33533064,0.13382564,c234,c1
3406,1,0.0851061,0.21335684,0.701537,c5,c5
3417,1,0.29471946,0.33771193,0.36756864,c5,c5
3419,1,0.25254887,0.3710511,0.37640005,c234,c5
3420,1,0.27931976,0.3718271,0.3488531,c5,c234
3424,1,0.1753956,0.31260014,0.5120043,c5,c5
3446,1,0.14722484,0.309495,0.5432801,c5,c5
3449,1,0.36257052,0.3400323,0.29739714,c234,c1
3457,1,0.15542284,0.28405753,0.56051964,c5,c5
3460,1,0.5164486,0.29591155,0.18763989,c1,c1
3461,1,0.22021188,0.42034447,0.3594437,c1,c234
3485,1,0.09880642,0.2540572,0.6471364,c234,c5
3488,1,0.19578984,0.3197439,0.4844662,c5,c5
3496,1,0.44214126,0.34613103,0.21172777,c234,c1
3497,1,0.42669782,0.30816537,0.2651368,c1,c1
3502,1,0.41730383,0.3011603,0.2815359,c5,c1
3504,1,0.32196847,0.40216628,0.27586523,c234,c234
3507,1,0.2021874,0.2905053,0.5073073,c234,c5
3510,1,0.16269176,0.267514,0.56979424,c234,c5
3517,1,0.5308437,0.33533064,0.13382564,c234,c1
3519,1,0.31920403,0.32385498,0.356941,c234,c5
3522,1,0.17075816,0.28551266,0.54372925,c5,c5
3526,1,0.21272245,0.36137858,0.42589894,c1,c5
3530,1,0.48972973,0.3092365,0.20103376,c234,c1
3533,1,0.24019997,0.28292108,0.47687897,c234,c5
3541,1,0.5308437,0.33533064,0.13382564,c1,c1
3544,1,0.290773,0.4183475,0.29087952,c1,c234
3545,1,0.34299165,0.42419788,0.23281041,c5,c234
3555,1,0.40810913,0.26762816,0.32426274,c234,c1
3562,1,0.14046021,0.29608652,0.56345326,c234,c5
3563,1,0.24511516,0.33388957,0.42099532,c1,c5
3571,1,0.25688788,0.28021404,0.4628981,c1,c5
3572,1,0.26723847,0.29808962,0.4346719,c5,c5
3579,1,0.30207607,0.38419774,0.3137262,c234,c234
3584,1,0.53704756,0.3139653,0.14898716,c1,c1
3585,1,0.08540647,0.2342369,0.6803566,c5,c5
3587,1,0.27424866,0.35551932,0.370232,c234,c5
3588,1,0.23906739,0.29251844,0.46841416,c5,c5
3592,1,0.29704958,0.31609184,0.38685858,c234,c5
3611,1,0.47138855,0.3756861,0.1529254,c234,c1
3613,1,0.44253385,0.39153716,0.165929,c5,c1
3618,1,0.46263874,0.31315172,0.22420958,c5,c1
3623,1,0.29288757,0.28592828,0.42118412,c1,c5
3640,1,0.16182667,0.31476915,0.5234042,c234,c5
3643,1,0.44310683,0.37799287,0.17890027,c1,c1
3650,1,0.7078209,0.19242394,0.09975513,c1,c1
3657,1,0.38082826,0.37568003,0.24349172,c1,c1
3662,1,0.23891732,0.32888156,0.43220112,c5,c5
3664,1,0.17839131,0.32337013,0.4982386,c234,c5
3674,1,0.26924238,0.3566664,0.3740913,c1,c5
3676,1,0.13740109,0.3303281,0.5322708,c5,c5
3678,1,0.3452253,0.40749547,0.24727921,c234,c234
3682,1,0.5791248,0.2795768,0.14129834,c5,c1
3689,1,0.0859281,0.20229197,0.7117799,c234,c5
3695,1,0.40810913,0.26762816,0.32426274,c5,c1
3698,1,0.2900862,0.37083066,0.33908308,c1,c234
3713,1,0.46794403,0.30637988,0.22567607,c1,c1
3725,1,0.1249584,0.30341345,0.57162815,c234,c5
3726,1,0.46905795,0.31482413,0.21611787,c234,c1
3727,1,0.13645859,0.25703183,0.60650957,c234,c5
3734,1,0.16391928,0.37500894,0.46107182,c234,c5
3740,1,0.23440245,0.40963522,0.3559624,c1,c234
3745,1,0.2935484,0.36204165,0.34440988,c1,c234
3749,1,0.1409244,0.30604628,0.55302936,c234,c5
3756,1,0.50493103,0.3276637,0.16740532,c234,c1
3760,1,0.377393,0.436796,0.18581098,c1,c234
3762,1,0.54785854,0.27200538,0.18013605,c1,c1
3766,1,0.45970204,0.30733234,0.23296565,c234,c1
3772,1,0.3050179,0.3973572,0.29762495,c234,c234
3775,1,0.42416307,0.3616673,0.21416964,c234,c1
3776,1,0.2960494,0.3133018,0.39064884,c5,c5
3788,1,0.2004626,0.35857585,0.44096157,c234,c5
3790,1,0.5173371,0.32588235,0.15678054,c1,c1
3803,1,0.11353452,0.23915267,0.64731276,c234,c5
3804,1,0.25011468,0.38021722,0.3696681,c5,c234
3808,1,0.5443606,0.2943334,0.16130601,c1,c1
3820,1,0.44482076,0.30382317,0.2513561,c1,c1
3831,1,0.52327126,0.28114882,0.19557995,c1,c1
3836,1,0.3428382,0.415097,0.24206483,c234,c234
3837,1,0.2990588,0.3468931,0.35404816,c5,c5
3838,1,0.23546024,0.43930733,0.32523242,c1,c234
3839,1,0.23183204,0.36079305,0.40737492,c234,c5
3845,1,0.14600375,0.29784817,0.5561481,c234,c5
3847,1,0.22988088,0.3579039,0.41221523,c234,c5
3858,1,0.31920403,0.32385498,0.356941,c234,c5
3862,1,0.21020822,0.31584895,0.47394288,c234,c5
3863,1,0.5817485,0.2965483,0.12170318,c1,c1
3866,1,0.573895,0.31282216,0.11328285,c5,c1
3868,1,0.64474076,0.25905204,0.09620723,c1,c1
3870,1,0.5671234,0.2894153,0.14346127,c1,c1
3872,1,0.17795455,0.2825367,0.53950876,c234,c5
3878,1,0.20524585,0.38382438,0.41092977,c234,c5
3881,1,0.49170378,0.31923598,0.18906027,c5,c1
3886,1,0.26921865,0.3702424,0.36053893,c1,c234
3890,1,0.26680157,0.42112347,0.312075,c1,c234
3893,1,0.17193104,0.33263052,0.49543843,c1,c5
3907,1,0.19394676,0.3031164,0.50293684,c234,c5
3923,1,0.15078442,0.29578066,0.5534349,c5,c5
3924,1,0.5445687,0.31941327,0.136018,c234,c1
3928,1,0.2959774,0.367878,0.3361446,c5,c234
3939,1,0.35206598,0.42286047,0.2250735,c234,c234
3946,1,0.15317301,0.35574687,0.49108008,c1,c5
3948,1,0.6349343,0.23719971,0.12786594,c5,c1
3949,1,0.18041576,0.37744436,0.4421399,c5,c5
3952,1,0.2961079,0.37172,0.33217207,c5,c234
3956,1,0.38734224,0.4077688,0.20488891,c234,c234
3957,1,0.43493992,0.39790714,0.16715291,c1,c1
3966,1,0.44491363,0.2869074,0.26817897,c234,c1
3968,1,0.23869105,0.39075857,0.37055033,c5,c234
3973,1,0.22442535,0.27510595,0.5004687,c5,c5
3975,1,0.48009244,0.36913458,0.15077302,c234,c1
3976,1,0.31900796,0.3881466,0.2928454,c5,c234
3980,1,0.14965461,0.28885442,0.561491,c1,c5
3981,1,0.54139906,0.2935641,0.16503678,c234,c1
3993,1,0.3906568,0.39041844,0.2189247,c5,c1
3994,1,0.20052981,0.37484485,0.42462528,c5,c5
3996,1,0.6483216,0.20912187,0.1425565,c1,c1
4007,1,0.17687075,0.27217615,0.5509531,c234,c5
4015,1,0.22643143,0.2857125,0.487856,c234,c5
4019,1,0.5822951,0.28910273,0.12860215,c1,c1
4028,1,0.4090461,0.26816076,0.3227931,c5,c1
4034,1,0.6069687,0.262532,0.1304993,c234,c1
4042,1,0.16917668,0.29291835,0.537905,c1,c5
4049,1,0.4446954,0.3783306,0.17697401,c234,c1
4050,1,0.08173385,0.2149461,0.70332,c5,c5
4054,1,0.13360891,0.26172128,0.60466975,c1,c5
4056,1,0.53053117,0.33862868,0.13084015,c234,c1
4058,1,0.13500753,0.30156344,0.56342906,c234,c5
4070,1,0.50563383,0.27652386,0.21784237,c5,c1
4072,1,0.2112085,0.38469666,0.4040948,c5,c5
4074,1,0.14056091,0.25125074,0.60818833,c234,c5
4078,1,0.328962,0.29392728,0.37711072,c5,c5
4081,1,0.35300615,0.4206148,0.226379,c234,c234
4084,1,0.08611151,0.22354719,0.69034123,c5,c5
4092,1,0.25260475,0.30600408,0.44139114,c234,c5
4101,1,0.12728733,0.30391935,0.56879336,c234,c5
4104,1,0.4090461,0.26816076,0.3227931,c234,c1
4105,1,0.38358074,0.35964864,0.25677058,c1,c1
4115,1,0.18062706,0.3410379,0.47833505,c234,c5
4120,1,0.12655646,0.25746754,0.61597604,c5,c5
4126,1,0.3686947,0.41816854,0.2131368,c234,c234
4144,1,0.43037072,0.3979793,0.17165,c5,c1
4147,1,0.20029412,0.30938962,0.49031624,c234,c5
4161,1,0.22765101,0.3342359,0.43811303,c5,c5
4174,1,0.32509422,0.31516907,0.3597367,c234,c5
4179,1,0.27575257,0.29558662,0.42866084,c5,c5
4181,1,0.33518624,0.34462517,0.32018855,c234,c234
4183,1,0.13820148,0.31306177,0.54873675,c5,c5
4189,1,0.28626773,0.3335389,0.38019335,c234,c5
4190,1,0.20249742,0.3019137,0.49558887,c5,c5
4193,1,0.24832094,0.28707442,0.46460465,c234,c5
4196,1,0.31833154,0.40108463,0.28058386,c1,c234
4200,1,0.38939855,0.3490759,0.26152557,c1,c1
4207,1,0.19530064,0.34794328,0.45675606,c5,c5
4210,1,0.17241953,0.25277478,0.57480574,c5,c5
4214,1,0.40810913,0.26762816,0.32426274,c5,c1
4228,1,0.32054627,0.2853435,0.39411023,c234,c5
4230,1,0.19231364,0.37419498,0.4334913,c5,c5
4244,1,0.36860865,0.36373657,0.26765472,c1,c1
4246,1,0.4090461,0.26816076,0.3227931,c5,c1
4252,1,0.22437046,0.36158672,0.41404283,c5,c5
4254,1,0.14302135,0.2411586,0.61582005,c5,c5
4257,1,0.42171797,0.28250661,0.29577544,c5,c1
4261,1,0.3321091,0.38494772,0.2829432,c1,c234
4263,1,0.20776111,0.4271837,0.36505523,c5,c234
4264,1,0.20863956,0.40142757,0.3899328,c234,c234
4276,1,0.33553672,0.29649892,0.36796433,c1,c5
4277,1,0.22437519,0.31736746,0.45825735,c1,c5
4280,1,0.23883396,0.36450076,0.39666528,c1,c5
4292,1,0.123078674,0.31058338,0.56633794,c234,c5
4293,1,0.18895353,0.2488603,0.5621862,c5,c5
4295,1,0.21171395,0.38512337,0.40316266,c5,c5
4298,1,0.1481491,0.31808493,0.53376603,c5,c5
4299,1,0.11210046,0.27084228,0.61705726,c234,c5
4300,1,0.22017829,0.34189147,0.43793023,c5,c5
4307,1,0.19713211,0.29676235,0.50610554,c5,c5
4309,1,0.18234825,0.34398302,0.4736687,c234,c5
4311,1,0.5216312,0.27632698,0.20204179,c234,c1
4312,1,0.25457013,0.33638722,0.4090427,c234,c5
4321,1,0.5308437,0.33533064,0.13382564,c1,c1
4322,1,0.12223626,0.2450623,0.63270146,c5,c5
4337,1,0.6121609,0.23000783,0.15783125,c1,c1
4339,1,0.27751556,0.4048933,0.3175911,c234,c234
4342,1,0.24982879,0.33580202,0.41436917,c234,c5
4346,1,0.27713415,0.3895358,0.33333004,c234,c234
4348,1,0.3362504,0.35921153,0.30453807,c1,c234
4355,1,0.4825997,0.34599486,0.17140538,c234,c1
4358,1,0.19355968,0.41810283,0.38833752,c234,c234
4364,1,0.42693055,0.31717104,0.2558984,c234,c1
4366,1,0.13240694,0.29886663,0.5687264,c5,c5
4383,1,0.2531239,0.3870294,0.3598467,c5,c234
4388,1,0.32494703,0.3230092,0.3520438,c5,c5
4394,1,0.20183711,0.40677762,0.3913853,c5,c234
4414,1,0.22661549,0.35916165,0.41422284,c5,c5
4423,1,0.21791929,0.33733463,0.44474614,c234,c5
4424,1,0.17333266,0.32694605,0.49972132,c5,c5
4428,1,0.3500805,0.33119676,0.31872272,c1,c1
4434,1,0.1611726,0.38625556,0.45257184,c5,c5
4439,1,0.17646849,0.31650543,0.507026,c1,c5
4440,1,0.09162516,0.23694788,0.67142695,c5,c5
4448,1,0.081761606,0.22219685,0.6960416,c5,c5
4453,1,0.54671544,0.24884224,0.20444232,c1,c1
4462,1,0.14163096,0.3074305,0.5509385,c5,c5
4470,1,0.27251434,0.4239374,0.30354822,c234,c234
4471,1,0.2501979,0.4261208,0.32368132,c234,c234
4473,1,0.18762422,0.35831547,0.45406035,c5,c5
4481,1,0.19499816,0.28671482,0.518287,c5,c5
4485,1,0.21086916,0.27993658,0.50919425,c234,c5
4497,1,0.41600546,0.3867906,0.19720395,c234,c1
4502,1,0.207523,0.40954706,0.38292992,c1,c234
4507,1,0.15262201,0.25744125,0.5899367,c5,c5
4525,1,0.38930538,0.41832703,0.19236757,c5,c234
4528,1,0.452052,0.37682858,0.17111944,c1,c1
4531,1,0.35534737,0.3792478,0.26540482,c1,c234
4541,1,0.2533632,0.35395667,0.39268014,c234,c5
4542,1,0.3677323,0.29786232,0.3344054,c234,c1
4545,1,0.088751815,0.22666335,0.68458486,c1,c5
4564,1,0.23176213,0.43532056,0.3329173,c1,c234
4568,1,0.23805583,0.3546427,0.4073015,c5,c5
4578,1,0.24873169,0.2831604,0.46810797,c1,c5
4579,1,0.347052,0.39424077,0.25870726,c1,c234
4586,1,0.16061537,0.32969716,0.5096874,c5,c5
4589,1,0.28249523,0.37035826,0.34714648,c234,c234
4597,1,0.220924,0.38844433,0.39063168,c234,c5
4600,1,0.4817303,0.31921184,0.19905785,c234,c1
4607,1,0.39601415,0.3211918,0.2827941,c234,c1
4609,1,0.34497374,0.41908076,0.23594548,c1,c234
4610,1,0.22513588,0.34742263,0.42744148,c1,c5
4612,1,0.45139378,0.2957062,0.25290006,c1,c1
4615,1,0.09483697,0.26305467,0.64210826,c234,c5
4617,1,0.2444428,0.41202173,0.3435355,c5,c234
4622,1,0.38887206,0.3078579,0.30327007,c1,c1
4626,1,0.3393558,0.43345368,0.22719048,c234,c234
4628,1,0.47705284,0.36931348,0.15363362,c5,c1
4637,1,0.45783457,0.31574214,0.22642332,c1,c1
4639,1,0.16361709,0.37829095,0.45809194,c234,c5
4644,1,0.308901,0.39098832,0.30011067,c1,c234
4645,1,0.29241234,0.35199615,0.35559148,c5,c5
4656,1,0.109196015,0.2721664,0.61863756,c234,c5
4659,1,0.08673911,0.2673139,0.6459469,c234,c5
4674,1,0.17823246,0.43604347,0.3857241,c234,c234
4675,1,0.3636557,0.37163252,0.26471177,c234,c234
4678,1,0.60714376,0.25504908,0.13780719,c1,c1
4681,1,0.5092959,0.28280914,0.20789498,c1,c1
4685,1,0.23385772,0.31904137,0.44710085,c234,c5
4688,1,0.17429578,0.30344403,0.5222602,c5,c5
4689,1,0.13989316,0.27714303,0.58296376,c234,c5
4694,1,0.47103465,0.2814737,0.24749167,c5,c1
4697,1,0.46115506,0.27399352,0.26485142,c1,c1
4700,1,0.15081266,0.30741438,0.54177296,c5,c5
4706,1,0.34159675,0.29286164,0.36554158,c5,c5
4717,1,0.39466953,0.36635998,0.23897044,c5,c1
4721,1,0.44666147,0.32093373,0.2324048,c234,c1
4722,1,0.2961079,0.37172,0.33217207,c1,c234
4732,1,0.15231447,0.34667793,0.50100756,c234,c5
4741,1,0.2519279,0.35852098,0.3895511,c1,c5
4742,1,0.14107192,0.25622898,0.60269916,c234,c5
4752,1,0.14270292,0.27668357,0.58061355,c5,c5
4758,1,0.22023158,0.41099498,0.36877346,c5,c234
4760,1,0.08769763,0.21301149,0.6992909,c234,c5
4765,1,0.16391928,0.37500894,0.46107182,c234,c5
4770,1,0.736674,0.1879964,0.07532951,c5,c1
4771,1,0.43245187,0.35812154,0.20942663,c234,c1
4775,1,0.44081536,0.2963471,0.2628376,c1,c1
4780,1,0.17087984,0.28606513,0.54305506,c5,c5
4803,1,0.61536974,0.2727272,0.111903116,c1,c1
4805,1,0.4542564,0.3496536,0.19609003,c1,c1
4809,1,0.2411522,0.4517432,0.30710465,c1,c234
4810,1,0.20914516,0.37790483,0.41294998,c5,c5
4814,1,0.32908976,0.4325737,0.23833646,c1,c234
4818,1,0.5117802,0.2743043,0.21391544,c1,c1
4820,1,0.577103,0.2987582,0.12413873,c234,c1
4823,1,0.16276585,0.34880736,0.48842683,c234,c5
4829,1,0.52099335,0.2933767,0.1856299,c1,c1
4831,1,0.49203348,0.3418633,0.1661032,c1,c1
4833,1,0.4426579,0.37380335,0.18353882,c234,c1
4838,1,0.30277503,0.31418353,0.38304147,c1,c5
4840,1,0.13202831,0.30473492,0.5632367,c234,c5
4844,1,0.18234031,0.2897828,0.5278769,c5,c5
4848,1,0.40024,0.33957306,0.26018694,c1,c1
4851,1,0.23652114,0.2931004,0.47037846,c5,c5
4855,1,0.24550445,0.33906475,0.41543078,c5,c5
4856,1,0.4379371,0.39482298,0.16723983,c5,c1
4860,1,0.38837448,0.42420924,0.18741629,c1,c234
4870,1,0.20076531,0.3127787,0.48645595,c1,c5
4873,1,0.54580516,0.27128378,0.18291111,c234,c1
4875,1,0.3589369,0.34575558,0.29530752,c1,c1
4881,1,0.29451123,0.2735112,0.43197763,c234,c5
4885,1,0.22338624,0.35145736,0.42515635,c234,c5
4886,1,0.3054122,0.4300173,0.2645705,c234,c234
4887,1,0.16238783,0.27468425,0.5629279,c5,c5
4890,1,0.14083445,0.35705256,0.50211304,c5,c5
4892,1,0.19266608,0.25780886,0.549525,c1,c5
4893,1,0.4080749,0.3643254,0.22759971,c234,c1
4911,1,0.19038583,0.38938475,0.42022943,c5,c5
4913,1,0.3310816,0.28537536,0.38354307,c5,c5
4918,1,0.2954106,0.3177816,0.38680783,c234,c5
4934,1,0.2017441,0.27548233,0.52277356,c5,c5
4938,1,0.2685896,0.32350668,0.40790373,c234,c5
4942,1,0.4090461,0.26816076,0.3227931,c5,c1
4946,1,0.17648835,0.3278123,0.4956994,c1,c5
4953,1,0.38635975,0.30476022,0.30888006,c234,c1
4956,1,0.17404148,0.36246803,0.46349052,c5,c5
4965,1,0.17680168,0.28940484,0.5337935,c234,c5
4973,1,0.4090461,0.26816076,0.3227931,c5,c1
4976,1,0.17671973,0.28040498,0.54287523,c5,c5
4978,1,0.331499,0.3596796,0.30882138,c1,c234
4999,1,0.4068678,0.31853658,0.2745957,c5,c1
5001,1,0.4446954,0.3783306,0.17697401,c1,c1
5006,1,0.30743864,0.3095097,0.38305166,c1,c5
5011,1,0.23126155,0.3682265,0.40051198,c5,c5
5013,1,0.22919877,0.41695502,0.35384625,c234,c234
5019,1,0.20634027,0.32786947,0.46579033,c5,c5
5021,1,0.17827888,0.24679162,0.5749295,c5,c5
5022,1,0.28444868,0.4228067,0.29274455,c234,c234
5027,1,0.43545148,0.3839095,0.180639,c1,c1
5041,1,0.69335455,0.2022709,0.10437464,c1,c1
5046,1,0.16145235,0.26222304,0.5763246,c5,c5
5050,1,0.15698762,0.299734,0.54327846,c5,c5
5053,1,0.3334792,0.31590527,0.35061556,c5,c5
5064,1,0.3918487,0.32350853,0.2846427,c234,c1
5069,1,0.3723702,0.4154597,0.21217012,c234,c234
5072,1,0.26052904,0.34397772,0.39549324,c234,c5
5077,1,0.2591323,0.42875203,0.31211567,c234,c234
5089,1,0.46400174,0.3784761,0.15752214,c234,c1
5102,1,0.577103,0.2987582,0.12413873,c234,c1
5103,1,0.23974095,0.37050304,0.38975596,c5,c5
5107,1,0.22502033,0.4243116,0.35066804,c5,c234
5131,1,0.21038157,0.3896527,0.39996573,c234,c5
5133,1,0.16865924,0.34402347,0.4873173,c234,c5
5148,1,0.322445,0.39763212,0.27992287,c234,c234
5151,1,0.31389993,0.32600608,0.360094,c1,c5
5155,1,0.27698246,0.36777174,0.35524577,c234,c234
5157,1,0.44571397,0.36440337,0.18988259,c1,c1
5169,1,0.3283289,0.40639827,0.26527286,c234,c234
5170,1,0.49216905,0.2948038,0.21302722,c1,c1
5177,1,0.25692728,0.41054353,0.3325292,c1,c234
5186,1,0.1696436,0.29516447,0.53519195,c234,c5
5187,1,0.51424915,0.3061117,0.17963913,c234,c1
5192,1,0.53600615,0.26482454,0.19916934,c1,c1
5194,1,0.092000164,0.2426546,0.6653452,c1,c5
5195,1,0.2993872,0.44989997,0.25071287,c5,c234
5197,1,0.29548132,0.3532242,0.35129455,c1,c234
5199,1,0.45976347,0.3074672,0.23276936,c1,c1
5204,1,0.2624973,0.35402972,0.38347298,c1,c5
5207,1,0.32683352,0.32351908,0.34964743,c5,c5
5213,1,0.15400095,0.37888294,0.46711615,c234,c5
5215,1,0.34154397,0.4409264,0.21752961,c234,c234
5217,1,0.33436748,0.34309164,0.3225409,c5,c234
5219,1,0.37765428,0.33825862,0.28408706,c234,c1
5228,1,0.5597839,0.30357003,0.13664614,c1,c1
5243,1,0.30247447,0.3367146,0.36081097,c5,c5
5250,1,0.53080773,0.27581677,0.19337557,c1,c1
5259,1,0.105497174,0.24540807,0.64909476,c5,c5
5263,1,0.32319844,0.33499292,0.34180865,c1,c5
5264,1,0.16714017,0.3032434,0.5296164,c5,c5
5267,1,0.41639087,0.3338757,0.2497334,c234,c1
5278,1,0.16159621,0.332567,0.5058367,c5,c5
5279,1,0.45891964,0.3153913,0.22568908,c234,c1
5288,1,0.2923188,0.368047,0.33963424,c1,c234
5301,1,0.40810913,0.26762816,0.32426274,c1,c1
5302,1,0.67021674,0.19947463,0.13030864,c5,c1
5307,1,0.5938326,0.27842996,0.12773737,c234,c1
5308,1,0.2126864,0.32581592,0.46149766,c1,c5
5318,1,0.6377302,0.22394636,0.13832349,c234,c1
5327,1,0.7808156,0.16360791,0.055576522,c1,c1
5334,1,0.30210274,0.36067146,0.33722574,c1,c234
5340,1,0.19287097,0.2855324,0.5215966,c1,c5
5341,1,0.21765421,0.350913,0.4314328,c234,c5
5348,1,0.1998624,0.38959578,0.41054183,c5,c5
5354,1,0.2685896,0.32350668,0.40790373,c5,c5
5359,1,0.27672362,0.3191686,0.4041077,c1,c5
5362,1,0.48804742,0.3206437,0.19130886,c5,c1
5368,1,0.51478046,0.31092745,0.1742921,c1,c1
5373,1,0.1358128,0.24199432,0.62219286,c5,c5
5381,1,0.3758557,0.27939752,0.34474677,c1,c1
5382,1,0.3741315,0.40197292,0.22389555,c234,c234
5389,1,0.21189252,0.40898234,0.37912512,c5,c234
5398,1,0.2616692,0.41666856,0.32166222,c5,c234
5404,1,0.56996065,0.27760714,0.15243216,c1,c1
5419,1,0.14460836,0.3067063,0.5486854,c234,c5
5423,1,0.34122503,0.32747763,0.33129737,c234,c1
5427,1,0.4935015,0.2894248,0.2170737,c5,c1
5430,1,0.20794399,0.2813949,0.5106611,c234,c5
5433,1,0.22276188,0.28446501,0.49277306,c5,c5
5434,1,0.508059,0.34786466,0.14407639,c1,c1
5441,1,0.39060497,0.35017878,0.25921622,c234,c1
5442,1,0.42315668,0.3290824,0.2477609,c234,c1
5453,1,0.22123437,0.4011909,0.3775747,c5,c234
5458,1,0.577103,0.2987582,0.12413873,c1,c1
5459,1,0.5447243,0.24842066,0.206855,c1,c1
5471,1,0.19754404,0.29923964,0.5032163,c234,c5
5474,1,0.19784406,0.3573403,0.44481558,c234,c5
5476,1,0.4065303,0.32453984,0.2689298,c234,c1
5477,1,0.53072226,0.25321746,0.21606024,c234,c1
5482,1,0.2080181,0.27157182,0.5204101,c5,c5
5485,1,0.32295877,0.332865,0.34417623,c234,c5
5494,1,0.17267227,0.29076448,0.5365633,c5,c5
5500,1,0.15517215,0.27916846,0.5656594,c5,c5
5503,1,0.45965242,0.35697404,0.18337354,c234,c1
5527,1,0.57308894,0.30690226,0.12000872,c1,c1
5533,1,0.23716605,0.4269954,0.3358385,c1,c234
5542,1,0.36373153,0.40706176,0.22920667,c234,c234
5544,1,0.31101033,0.40553492,0.2834548,c234,c234
5545,1,0.5168587,0.34430212,0.1388392,c234,c1
5546,1,0.26801965,0.3612547,0.37072557,c5,c5
5547,1,0.12770808,0.30550614,0.56678575,c234,c5
5548,1,0.5170806,0.27873984,0.20417953,c1,c1
5553,1,0.18982229,0.3825632,0.42761448,c234,c5
5555,1,0.53168756,0.27546573,0.19284676,c1,c1
5558,1,0.6101238,0.23118144,0.1586947,c1,c1
5564,1,0.11258526,0.28558153,0.6018332,c234,c5
5581,1,0.23005755,0.30600697,0.4639355,c5,c5
5589,1,0.13252081,0.34258088,0.5248983,c234,c5
5593,1,0.15752701,0.24008276,0.6023903,c5,c5
5609,1,0.18595175,0.2732133,0.54083496,c234,c5
5612,1,0.41427565,0.25603914,0.32968515,c1,c1
5616,1,0.7139046,0.17857473,0.107520655,c1,c1
5622,1,0.101439,0.23547874,0.66308224,c5,c5
5629,1,0.28217462,0.3879298,0.32989553,c234,c234
5635,1,0.38507992,0.31413963,0.30078045,c1,c1
5636,1,0.16765817,0.29007655,0.54226524,c5,c5
5637,1,0.46695673,0.27084833,0.2621949,c1,c1
5638,1,0.31743866,0.34512365,0.33743766,c1,c234
5640,1,0.57207876,0.3039586,0.1239626,c234,c1
5642,1,0.5271838,0.31452692,0.15828927,c1,c1
5644,1,0.43476284,0.31751677,0.24772038,c1,c1
5646,1,0.14729269,0.2954718,0.55723554,c234,c5
5650,1,0.5826549,0.2961053,0.12123985,c1,c1
5660,1,0.29184994,0.3546261,0.35352394,c234,c234
5666,1,0.24396533,0.35853845,0.39749616,c5,c5
5671,1,0.24692501,0.3186488,0.4344262,c1,c5
5674,1,0.1431556,0.3415729,0.5152715,c1,c5
5678,1,0.10563199,0.28441656,0.6099514,c5,c5
5694,1,0.27378953,0.32770315,0.3985073,c234,c5
5698,1,0.14065443,0.269765,0.58958066,c5,c5
5701,1,0.49235108,0.33058923,0.17705971,c5,c1
5710,1,0.16204841,0.36386904,0.47408253,c234,c5
5711,1,0.14258212,0.30006456,0.5573533,c234,c5
5715,1,0.5124617,0.25474203,0.23279624,c1,c1
5725,1,0.44081536,0.2963471,0.2628376,c234,c1
5734,1,0.5771153,0.30326572,0.119619,c1,c1
5737,1,0.29013577,0.36947903,0.34038523,c1,c234
5741,1,0.3086735,0.45915085,0.23217562,c5,c234
5746,1,0.49234045,0.31853923,0.18912032,c1,c1
5760,1,0.41877753,0.37228662,0.20893587,c5,c1
5774,1,0.21048759,0.32598963,0.46352273,c5,c5
5787,1,0.38566706,0.3666161,0.24771687,c234,c1
5799,1,0.14003079,0.28994948,0.5700197,c5,c5
5802,1,0.24102354,0.42658752,0.33238897,c5,c234
5808,1,0.27856112,0.4234607,0.2979782,c1,c234
5809,1,0.1838094,0.32644802,0.48974255,c1,c5
5812,1,0.5308437,0.33533064,0.13382564,c5,c1
5813,1,0.40044448,0.419611,0.17994449,c1,c234
5814,1,0.42438656,0.3280106,0.24760292,c234,c1
5819,1,0.35076788,0.40616593,0.24306624,c1,c234
5825,1,0.45037785,0.35310665,0.1965155,c1,c1
5835,1,0.55235696,0.2606285,0.18701458,c5,c1
5837,1,0.33005384,0.27954945,0.39039674,c234,c5
5839,1,0.2252904,0.34962943,0.42508024,c234,c5
5847,1,0.35173282,0.42383078,0.22443634,c5,c234
5848,1,0.24146226,0.30527416,0.45326364,c234,c5
5855,1,0.120974004,0.26646653,0.61255944,c1,c5
5857,1,0.15553546,0.28708804,0.5573765,c5,c5
5859,1,0.52327126,0.28114882,0.19557995,c1,c1
5863,1,0.26740193,0.38821357,0.34438452,c234,c234
5870,1,0.19792475,0.42126328,0.380812,c5,c234
5889,1,0.577103,0.2987582,0.12413873,c5,c1
5890,1,0.15056655,0.3494373,0.4999962,c234,c5
5891,1,0.43948996,0.33808622,0.22242379,c1,c1
5893,1,0.22023077,0.406354,0.37341526,c1,c234
5903,1,0.10584548,0.2403679,0.6537866,c5,c5
5908,1,0.17890148,0.2606817,0.5604169,c1,c5
5918,1,0.19053924,0.3286877,0.480773,c234,c5
5919,1,0.55211604,0.28202772,0.16585626,c1,c1
5920,1,0.1924165,0.2668831,0.54070044,c5,c5
5924,1,0.56730825,0.30074394,0.13194785,c234,c1
5927,1,0.46291268,0.31334668,0.22374067,c234,c1
5936,1,0.36712426,0.36105773,0.271818,c5,c1
5941,1,0.32643664,0.35936394,0.31419942,c1,c234
5945,1,0.6142812,0.25914034,0.12657852,c234,c1
5949,1,0.3116312,0.40703955,0.2813292,c1,c234
5955,1,0.2189817,0.4141363,0.36688203,c234,c234
5956,1,0.2436331,0.34167996,0.41468692,c234,c5
5960,1,0.6011089,0.2487509,0.15014015,c234,c1
5966,1,0.15699486,0.2965089,0.5464962,c5,c5
5970,1,0.28372794,0.35258287,0.3636892,c1,c5
5975,1,0.38695642,0.40820882,0.20483476,c234,c234
5979,1,0.21457152,0.4025396,0.38288882,c234,c234
5983,1,0.3358756,0.43694282,0.22718158,c5,c234
5984,1,0.46718085,0.36070102,0.17211819,c1,c1
5999,1,0.36063176,0.33179522,0.30757293,c234,c1
6001,1,0.51487917,0.32747695,0.15764388,c1,c1
6003,1,0.07551423,0.2024075,0.72207826,c5,c5
6004,1,0.521794,0.3336623,0.14454363,c5,c1
6012,1,0.42814425,0.27572298,0.29613274,c234,c1
6015,1,0.34807178,0.36040807,0.29152015,c234,c234
6021,1,0.26973614,0.37831664,0.3519472,c5,c234
6032,1,0.47004277,0.3102435,0.21971378,c1,c1
6033,1,0.37552902,0.32159936,0.30287158,c5,c1
6039,1,0.20114863,0.4448536,0.35399777,c234,c234
6045,1,0.28345612,0.3544016,0.3621423,c234,c5
6046,1,0.45301184,0.32835338,0.2186348,c1,c1
6048,1,0.2305842,0.37434366,0.3950721,c234,c5
6055,1,0.2766658,0.39514613,0.32818803,c5,c234
6061,1,0.44967988,0.3517964,0.19852379,c5,c1
6065,1,0.5493714,0.32134643,0.12928218,c5,c1
6075,1,0.16793932,0.32403278,0.5080279,c1,c5
6081,1,0.09108647,0.261022,0.6478915,c234,c5
6088,1,0.15168981,0.27723485,0.5710754,c234,c5
6091,1,0.13164848,0.367374,0.50097746,c234,c5
6092,1,0.17029391,0.32005963,0.5096465,c5,c5
6095,1,0.37405956,0.39731035,0.22863011,c234,c234
6096,1,0.16843599,0.274,0.557564,c234,c5
6099,1,0.13797398,0.3684271,0.4935989,c5,c5
6108,1,0.15541324,0.2761087,0.56847805,c5,c5
6109,1,0.34418547,0.3029881,0.35282645,c1,c5
6121,1,0.40971735,0.38876587,0.2015168,c5,c1
6122,1,0.37903675,0.35707867,0.2638845,c234,c1
6125,1,0.12790176,0.2690219,0.6030763,c5,c5
6132,1,0.20249148,0.29999456,0.49751398,c1,c5
6134,1,0.15557662,0.31217048,0.5322529,c5,c5
6136,1,0.2801309,0.28789642,0.43197274,c5,c5
6140,1,0.1357001,0.25613415,0.6081657,c5,c5
6145,1,0.44885188,0.35429174,0.19685633,c1,c1
6151,1,0.27672362,0.3191686,0.4041077,c1,c5
6152,1,0.5538635,0.2996636,0.14647286,c234,c1
6155,1,0.27673832,0.40744796,0.31581372,c5,c234
6158,1,0.34965217,0.3326847,0.31766316,c5,c1
6160,1,0.35477984,0.35648784,0.28873232,c1,c234
6161,1,0.1872421,0.28544042,0.5273175,c5,c5
6178,1,0.14653742,0.32999545,0.5234671,c5,c5
6184,1,0.11417256,0.26195046,0.623877,c234,c5
6189,1,0.2695912,0.372115,0.35829383,c1,c234
6195,1,0.21270558,0.33886167,0.44843268,c1,c5
6201,1,0.2638529,0.37950057,0.35664654,c1,c234
6202,1,0.3800417,0.3888879,0.2310704,c5,c234
6204,1,0.11078405,0.22920883,0.6600072,c5,c5
6219,1,0.09157996,0.31415248,0.59426755,c234,c5
6228,1,0.52149177,0.2806206,0.19788763,c1,c1
6232,1,0.3923804,0.32074058,0.28687894,c5,c1
6234,1,0.27541214,0.41969717,0.30489072,c1,c234
6236,1,0.31520343,0.29868373,0.38611284,c234,c5
6237,1,0.1335629,0.31901675,0.5474203,c5,c5
6242,1,0.25303364,0.3720528,0.3749136,c1,c5
6246,1,0.5308437,0.33533064,0.13382564,c234,c1
6247,1,0.22974575,0.33181843,0.4384358,c5,c5
6258,1,0.38077766,0.286524,0.3326984,c234,c1
6263,1,0.4412172,0.38207483,0.17670792,c234,c1
6264,1,0.15452869,0.27216807,0.5733033,c1,c5
6266,1,0.22269945,0.28682572,0.4904748,c5,c5
6269,1,0.3272979,0.38539237,0.2873097,c1,c234
6279,1,0.36014,0.34774658,0.29211345,c5,c1
6280,1,0.4369027,0.35143772,0.21165955,c1,c1
6283,1,0.47537494,0.3766038,0.14802125,c1,c1
6288,1,0.2860766,0.33523405,0.37868935,c234,c5
6290,1,0.19574298,0.31812972,0.48612726,c5,c5
6293,1,0.47885907,0.3250968,0.19604416,c234,c1
6295,1,0.09657782,0.24149606,0.6619261,c5,c5
6308,1,0.20693947,0.27408332,0.51897717,c5,c5
6313,1,0.49758142,0.3425255,0.15989307,c234,c1
6315,1,0.5905869,0.28037325,0.12903978,c234,c1
6318,1,0.166824,0.4063432,0.42683282,c234,c5
6323,1,0.48595187,0.35379824,0.16024993,c1,c1
6325,1,0.5521589,0.28107864,0.16676243,c234,c1
6337,1,0.25928563,0.40212908,0.33858532,c5,c234
6339,1,0.09173581,0.26837462,0.6398896,c5,c5
6342,1,0.22615936,0.316763,0.4570776,c5,c5
6343,1,0.12269248,0.30189273,0.57541484,c5,c5
6351,1,0.24015541,0.28293768,0.47690693,c234,c5
6353,1,0.69028217,0.18357764,0.12614013,c1,c1
6358,1,0.15473413,0.31083077,0.5344351,c234,c5
6362,1,0.102142215,0.17909019,0.7187675,c5,c5
6363,1,0.1980833,0.28384516,0.5180716,c5,c5
6373,1,0.37481648,0.3236054,0.30157816,c1,c1
6378,1,0.1740663,0.36282963,0.46310413,c5,c5
6380,1,0.577103,0.2987582,0.12413873,c234,c1
6381,1,0.5388897,0.32611585,0.13499445,c234,c1
6383,1,0.577103,0.2987582,0.12413873,c1,c1
6392,1,0.27545688,0.4641276,0.26041555,c5,c234
6393,1,0.495784,0.33212307,0.17209296,c5,c1
6397,1,0.23232843,0.42197827,0.3456933,c234,c234
6398,1,0.15194623,0.40687743,0.44117633,c5,c5
6402,1,0.08063222,0.2146009,0.70476687,c5,c5
6403,1,0.16044638,0.24021257,0.5993411,c5,c5
6406,1,0.38785812,0.34675625,0.26538566,c234,c1
6414,1,0.42271957,0.3470306,0.23024985,c5,c1
6418,1,0.54405963,0.30879197,0.14714842,c234,c1
6428,1,0.4606658,0.36857727,0.17075695,c1,c1
6432,1,0.38725734,0.41359422,0.19914843,c1,c234
6434,1,0.32587212,0.34517834,0.32894957,c234,c234
6438,1,0.104563095,0.25709584,0.63834107,c5,c5
6439,1,0.29647112,0.4520093,0.25151962,c234,c234
6445,1,0.5736446,0.25284994,0.1735055,c1,c1
6455,1,0.18789692,0.2903817,0.52172136,c5,c5
6458,1,0.19415157,0.34067127,0.46517724,c234,c5
6459,1,0.4639298,0.29213288,0.24393724,c1,c1
6464,1,0.15345131,0.28988713,0.55666155,c5,c5
6468,1,0.22066301,0.43516004,0.34417692,c5,c234
6475,1,0.577103,0.2987582,0.12413873,c1,c1
6477,1,0.2397805,0.40713418,0.3530853,c5,c234
6479,1,0.4216982,0.40982306,0.16847871,c1,c1
6480,1,0.120358855,0.26781127,0.61182994,c5,c5
6488,1,0.20061503,0.33031446,0.4690705,c5,c5
6495,1,0.3327856,0.41322413,0.25399023,c1,c234
6499,1,0.4542157,0.36541834,0.18036602,c1,c1
6503,1,0.085263625,0.24898003,0.6657563,c5,c5
6506,1,0.16382314,0.38539013,0.45078677,c234,c5
6511,1,0.37261233,0.30701274,0.32037488,c234,c1
6515,1,0.2013286,0.43266037,0.366011,c5,c234
6517,1,0.46857753,0.34970817,0.18171436,c1,c1
6519,1,0.24387917,0.29320648,0.46291435,c1,c5
6528,1,0.50396943,0.25434145,0.24168912,c1,c1
6531,1,0.5308437,0.33533064,0.13382564,c234,c1
6533,1,0.14772666,0.31519976,0.53707355,c1,c5
6534,1,0.40474245,0.37350398,0.22175351,c234,c1
6535,1,0.2328599,0.38309014,0.38404998,c5,c5
6540,1,0.3027239,0.45483094,0.24244514,c234,c234
6543,1,0.41336688,0.41130322,0.17532994,c5,c1
6544,1,0.20911108,0.3549576,0.43593132,c1,c5
6549,1,0.5236489,0.3467028,0.1296483,c1,c1
6561,1,0.11755026,0.25438243,0.6280673,c1,c5
6562,1,0.1021396,0.20698355,0.69087684,c5,c5
6566,1,0.24953802,0.36786598,0.382596,c5,c5
6567,1,0.41226617,0.3618858,0.22584805,c1,c1
6568,1,0.39770347,0.3599852,0.2423113,c5,c1
6569,1,0.24229145,0.3245101,0.43319848,c5,c5
6574,1,0.5859557,0.30011833,0.11392597,c1,c1
6577,1,0.24984014,0.4211192,0.32904065,c1,c234
6578,1,0.12475053,0.24541526,0.6298342,c234,c5
6579,1,0.20280437,0.29340845,0.5037872,c5,c5
6581,1,0.48783597,0.34365472,0.16850929,c1,c1
6582,1,0.65058464,0.23636074,0.113054655,c5,c1
6587,1,0.54785854,0.27200538,0.18013605,c1,c1
6593,1,0.44081536,0.2963471,0.2628376,c1,c1
6595,1,0.38825095,0.35519347,0.25655556,c234,c1
6601,1,0.3152546,0.41393933,0.27080607,c234,c234
6604,1,0.33005384,0.27954945,0.39039674,c5,c5
6610,1,0.38849768,0.35388908,0.25761327,c1,c1
6611,1,0.2569953,0.43080664,0.31219807,c234,c234
6615,1,0.56721085,0.2339223,0.19886681,c1,c1
6629,1,0.42985982,0.40678442,0.16335568,c5,c1
6633,1,0.15561034,0.2571224,0.5872672,c5,c5
6635,1,0.2779565,0.31345093,0.40859255,c5,c5
6642,1,0.15894124,0.34024236,0.5008164,c234,c5
6664,1,0.4802105,0.3750398,0.14474967,c234,c1
6665,1,0.24146329,0.39932245,0.35921425,c1,c234
6668,1,0.21821572,0.3443534,0.43743086,c234,c5
6669,1,0.5722159,0.3058928,0.1218913,c234,c1
6676,1,0.37512425,0.3615222,0.2633536,c5,c1
6677,1,0.46911126,0.35126233,0.17962639,c1,c1
6695,1,0.25701627,0.30283916,0.44014457,c5,c5
6697,1,0.41706327,0.3406439,0.24229284,c234,c1
6704,1,0.31113294,0.44578618,0.24308085,c5,c234
6706,1,0.33398348,0.4357295,0.230287,c5,c234
6707,1,0.24136424,0.37621853,0.38241723,c5,c5
6710,1,0.44054076,0.36050376,0.19895549,c234,c1
6718,1,0.09115407,0.18270333,0.72614264,c5,c5
6724,1,0.50286484,0.32914832,0.16798688,c234,c1
6738,1,0.2002118,0.34060287,0.45918527,c5,c5
6742,1,0.5031889,0.33456245,0.16224861,c1,c1
6749,1,0.20325138,0.26929718,0.5274514,c1,c5
6750,1,0.11814275,0.24099694,0.6408603,c5,c5
6758,1,0.4414201,0.3735324,0.18504745,c234,c1
6760,1,0.31140736,0.35799038,0.33060232,c1,c234
6770,1,0.29642335,0.43685707,0.26671958,c234,c234
6782,1,0.16669232,0.26718774,0.56611997,c5,c5
6784,1,0.36119187,0.39650407,0.24230412,c5,c234
6785,1,0.24864078,0.36378095,0.38757828,c1,c5
6786,1,0.64465195,0.22970349,0.12564453,c234,c1
6787,1,0.44039053,0.35198966,0.20761986,c234,c1
6789,1,0.19114685,0.3227642,0.48608893,c5,c5
6790,1,0.3154269,0.29573795,0.38883513,c1,c5
6791,1,0.13190386,0.2608533,0.6072428,c1,c5
6797,1,0.3061225,0.29417962,0.3996979,c234,c5
6798,1,0.16388245,0.3356191,0.5004985,c234,c5
6803,1,0.5308437,0.33533064,0.13382564,c1,c1
6805,1,0.4819784,0.30971065,0.20831099,c1,c1
6818,1,0.17389296,0.35537478,0.47073227,c234,c5
6819,1,0.17153408,0.38646364,0.4420023,c234,c5
6824,1,0.42890486,0.33561522,0.23547995,c1,c1
6834,1,0.24724105,0.27920488,0.47355407,c1,c5
6839,1,0.44081536,0.2963471,0.2628376,c1,c1
6842,1,0.2325916,0.35109538,0.41631305,c234,c5
6845,1,0.10267398,0.25251257,0.6448135,c5,c5
6847,1,0.3376768,0.42790684,0.23441635,c234,c234
6848,1,0.2901433,0.4431183,0.2667384,c234,c234
6849,1,0.2288902,0.4024756,0.3686342,c1,c234
6852,1,0.38675058,0.4213026,0.19194685,c1,c234
6855,1,0.14283668,0.29140517,0.56575817,c5,c5
6859,1,0.24602467,0.43778405,0.3161913,c234,c234
6862,1,0.20605145,0.26867616,0.52527237,c234,c5
6872,1,0.39745033,0.41535658,0.18719302,c234,c234
6873,1,0.15285501,0.32189995,0.525245,c5,c5
6875,1,0.21953188,0.34653348,0.43393466,c5,c5
6882,1,0.22335218,0.3722339,0.40441388,c5,c5
6885,1,0.1582056,0.31809542,0.523699,c1,c5
6888,1,0.54828936,0.3080509,0.14365976,c5,c1
6889,1,0.31113425,0.3131537,0.37571207,c1,c5
6900,1,0.521898,0.33125293,0.14684913,c234,c1
6902,1,0.521794,0.3336623,0.14454363,c5,c1
6905,1,0.44081536,0.2963471,0.2628376,c1,c1
6908,1,0.4545648,0.32642555,0.21900967,c5,c1
6933,1,0.2944716,0.28628403,0.4192444,c5,c5
6936,1,0.40502793,0.35605323,0.23891886,c234,c1
6942,1,0.40178323,0.39353135,0.2046854,c234,c1
6943,1,0.24518152,0.3572381,0.39758042,c234,c5
6956,1,0.25329444,0.39307705,0.35362855,c234,c234
6966,1,0.23177846,0.31408885,0.45413268,c234,c5
6968,1,0.16445637,0.2934079,0.5421358,c5,c5
6971,1,0.5428888,0.27913135,0.17797983,c1,c1
6985,1,0.27672362,0.3191686,0.4041077,c234,c5
6992,1,0.20105678,0.28740352,0.5115397,c1,c5
7006,1,0.35313538,0.384042,0.26282266,c1,c234
7017,1,0.33020595,0.40903363,0.26076046,c5,c234
7021,1,0.1873662,0.37373826,0.4388955,c234,c5
7023,1,0.1646794,0.29522586,0.54009473,c5,c5
7030,1,0.56923527,0.25959885,0.17116596,c1,c1
7037,1,0.25861838,0.36591998,0.37546164,c5,c5
7051,1,0.26378155,0.34508753,0.39113086,c5,c5
7052,1,0.22823372,0.27216148,0.49960482,c5,c5
7064,1,0.6039561,0.27000287,0.12604097,c234,c1
7081,1,0.7362089,0.19902061,0.06477047,c234,c1
7082,1,0.31548095,0.3980757,0.28644332,c5,c234
7089,1,0.3045302,0.4280564,0.26741344,c1,c234
7107,1,0.33101892,0.35435203,0.31462905,c234,c234
7112,1,0.123888865,0.32520062,0.55091053,c234,c5
7116,1,0.16870278,0.39701477,0.43428242,c5,c5
7119,1,0.33513948,0.35630396,0.3085566,c5,c234
7132,1,0.25450927,0.3341176,0.41137317,c5,c5
7133,1,0.23748222,0.2893047,0.4732131,c1,c5
7134,1,0.2099358,0.39228353,0.39778072,c1,c5
7136,1,0.2576777,0.38245347,0.35986885,c234,c234
7142,1,0.4141209,0.3872302,0.19864888,c1,c1
7151,1,0.329278,0.376656,0.29406598,c1,c234
7153,1,0.44286925,0.33655232,0.22057839,c1,c1
7155,1,0.17132722,0.29745767,0.5312151,c234,c5
7162,1,0.44952807,0.32493114,0.22554079,c234,c1
7166,1,0.22486833,0.41117984,0.3639518,c234,c234
7172,1,0.34807178,0.36040807,0.29152015,c234,c234
7176,1,0.18910426,0.32075575,0.49014002,c234,c5
7178,1,0.14012527,0.25681907,0.60305566,c234,c5
7179,1,0.39578947,0.2949707,0.30923986,c5,c1
7202,1,0.3678545,0.33624113,0.29590434,c234,c1
7205,1,0.54238254,0.28893763,0.16867988,c234,c1
7212,1,0.301144,0.43920615,0.25964987,c5,c234
7217,1,0.46795818,0.35567802,0.1763638,c234,c1
7219,1,0.1775217,0.33530775,0.4871706,c1,c5
7222,1,0.41794848,0.30704936,0.27500218,c1,c1
7236,1,0.23561442,0.36000445,0.40438113,c234,c5
7245,1,0.11647673,0.22588928,0.65763396,c5,c5
7251,1,0.19666389,0.26600045,0.5373357,c5,c5
7255,1,0.25613612,0.385093,0.3587709,c5,c234
7269,1,0.33117753,0.3283397,0.3404828,c1,c5
7276,1,0.5949173,0.25056976,0.15451294,c1,c1
7277,1,0.48317,0.36802533,0.14880462,c5,c1
7283,1,0.38301104,0.36023957,0.2567494,c234,c1
7289,1,0.57308894,0.30690226,0.12000872,c234,c1
7291,1,0.3190047,0.45262295,0.22837237,c234,c234
7295,1,0.15742184,0.30084753,0.54173064,c5,c5
7300,1,0.4281255,0.3608921,0.2109824,c234,c1
7304,1,0.2990311,0.4258918,0.27507713,c234,c234
7305,1,0.543129,0.29387373,0.16299729,c234,c1
7311,1,0.19753121,0.32138893,0.48107988,c1,c5
7312,1,0.25782844,0.37528703,0.3668845,c5,c234
7335,1,0.5800031,0.29431722,0.1256797,c1,c1
7338,1,0.31888852,0.33980748,0.34130406,c5,c5
7343,1,0.2845515,0.4097964,0.3056521,c5,c234
7352,1,0.15334858,0.36885333,0.47779807,c234,c5
7356,1,0.40754065,0.36362642,0.22883293,c5,c1
7359,1,0.69554573,0.2051767,0.099277556,c1,c1
7369,1,0.25051573,0.3493811,0.40010315,c5,c5
7372,1,0.20863014,0.32510105,0.46626878,c5,c5
7373,1,0.57331496,0.30455962,0.12212542,c234,c1
7379,1,0.5308437,0.33533064,0.13382564,c1,c1
7388,1,0.24305776,0.33259588,0.42434636,c234,c5
7389,1,0.14800388,0.3701338,0.4818623,c234,c5
7390,1,0.46945912,0.29597574,0.2345652,c1,c1
7391,1,0.3019959,0.30585426,0.3921498,c1,c5
7395,1,0.5308437,0.33533064,0.13382564,c1,c1
7407,1,0.37702692,0.38882887,0.23414421,c5,c234
7412,1,0.12977532,0.2721973,0.5980274,c1,c5
7417,1,0.2032118,0.31345612,0.483332,c1,c5
7421,1,0.107809246,0.2278981,0.66429263,c5,c5
7427,1,0.21783087,0.39916337,0.38300574,c234,c234
7437,1,0.43088356,0.3214391,0.24767736,c5,c1
7445,1,0.577103,0.2987582,0.12413873,c234,c1
7458,1,0.40411747,0.3827976,0.21308495,c5,c1
7467,1,0.20497622,0.42512625,0.3698975,c5,c234
7473,1,0.46662816,0.34210166,0.19127019,c1,c1
7475,1,0.31926188,0.4168028,0.2639353,c234,c234
7481,1,0.12817727,0.31829885,0.5535239,c234,c5
7489,1,0.21099636,0.2927607,0.49624288,c234,c5
7490,1,0.45381173,0.3912579,0.15493031,c234,c1
7494,1,0.60307163,0.2537563,0.14317214,c5,c1
7499,1,0.12831953,0.24099413,0.63068634,c234,c5
7502,1,0.25551516,0.43078995,0.31369492,c234,c234
7505,1,0.39333332,0.37296918,0.2336975,c234,c1
7506,1,0.28596723,0.37335876,0.340674,c1,c234
7516,1,0.2441092,0.4171235,0.33876732,c1,c234
7519,1,0.54785854,0.27200538,0.18013605,c1,c1
7521,1,0.3541267,0.42452672,0.22134663,c1,c234
7524,1,0.22238801,0.42688864,0.3507233,c5,c234
7527,1,0.47485453,0.3410868,0.18405868,c234,c1
7529,1,0.22425804,0.43401352,0.34172842,c5,c234
7541,1,0.15125884,0.23421708,0.614524,c5,c5
7544,1,0.47400004,0.2721621,0.25383785,c5,c1
7547,1,0.38588247,0.37985358,0.23426394,c5,c1
7565,1,0.19995463,0.30792403,0.49212128,c234,c5
7578,1,0.45600837,0.3575757,0.18641585,c1,c1
7582,1,0.44555438,0.38644338,0.16800226,c234,c1
7585,1,0.34844884,0.4157933,0.23575789,c5,c234
7586,1,0.38916993,0.35928684,0.25154322,c5,c1
7588,1,0.3420189,0.32200378,0.33597735,c5,c1
7593,1,0.19442461,0.34201294,0.46356237,c5,c5
7596,1,0.46237734,0.35681808,0.18080454,c5,c1
7611,1,0.1661181,0.2843932,0.54948866,c5,c5
7612,1,0.2977097,0.36650223,0.33578807,c1,c234
7620,1,0.50432336,0.35453275,0.14114393,c5,c1
7630,1,0.17145078,0.37184656,0.45670262,c5,c5
7642,1,0.09888126,0.23521426,0.6659045,c5,c5
7644,1,0.35777232,0.28464097,0.35758674,c1,c1
7645,1,0.32212004,0.43297732,0.24490272,c5,c234
7649,1,0.15282294,0.29333597,0.55384105,c5,c5
7652,1,0.40820822,0.28657997,0.30521178,c234,c1
7653,1,0.37699673,0.38027835,0.24272496,c234,c234
7658,1,0.279902,0.3279184,0.3921796,c1,c5
7659,1,0.21410683,0.32335055,0.46254265,c5,c5
7665,1,0.12618108,0.3216841,0.55213475,c1,c5
7668,1,0.46047592,0.3819344,0.15758972,c5,c1
7671,1,0.18338291,0.25120607,0.56541103,c234,c5
7673,1,0.09501805,0.24284454,0.66213745,c5,c5
7676,1,0.577103,0.2987582,0.12413873,c234,c1
7680,1,0.27336413,0.41535753,0.31127834,c5,c234
7691,1,0.10542219,0.23861888,0.65595895,c5,c5
7692,1,0.40882474,0.3954734,0.19570182,c234,c1
7699,1,0.41675487,0.39708817,0.18615693,c234,c1
7702,1,0.17179659,0.30787233,0.52033114,c234,c5
7703,1,0.40067482,0.38078952,0.21853562,c5,c1
7732,1,0.12348215,0.24635422,0.6301636,c1,c5
7742,1,0.46758726,0.38556698,0.14684577,c1,c1
7748,1,0.15589039,0.2733291,0.5707805,c5,c5
7749,1,0.1414418,0.3070106,0.55154765,c5,c5
7755,1,0.079616025,0.25246388,0.66792005,c5,c5
7763,1,0.22240767,0.30236682,0.47522548,c234,c5
7767,1,0.16314135,0.29271856,0.5441401,c5,c5
7769,1,0.118297555,0.31623304,0.5654694,c5,c5
7773,1,0.37375903,0.30454165,0.32169935,c1,c1
7776,1,0.28103527,0.3481248,0.37083995,c5,c5
7779,1,0.07790407,0.19371092,0.728385,c5,c5
7782,1,0.19997935,0.27121222,0.5288084,c5,c5
7790,1,0.3680649,0.38561103,0.24632406,c5,c234
7792,1,0.16486962,0.2554486,0.57968175,c5,c5
7794,1,0.63904315,0.22953287,0.13142402,c1,c1
7802,1,0.51632005,0.33113062,0.1525494,c1,c1
7804,1,0.20392607,0.348806,0.44726795,c5,c5
7805,1,0.52674425,0.2667781,0.20647757,c234,c1
7810,1,0.13056089,0.22992608,0.639513,c1,c5
7813,1,0.21149877,0.3300845,0.4584168,c1,c5
7816,1,0.23416409,0.35113594,0.41469997,c5,c5
7827,1,0.34095743,0.39236775,0.26667485,c234,c234
7833,1,0.41667745,0.31875703,0.2645655,c5,c1
7834,1,0.2916673,0.39488408,0.31344855,c234,c234
7835,1,0.6308853,0.24225013,0.12686457,c234,c1
7844,1,0.38880706,0.40429536,0.20689757,c1,c234
7850,1,0.15415098,0.29773286,0.5481161,c234,c5
7856,1,0.54158026,0.3234121,0.13500762,c1,c1
7861,1,0.1762524,0.3142422,0.5095054,c1,c5
7876,1,0.15087496,0.32967037,0.51945466,c234,c5
7880,1,0.34155318,0.31193823,0.34650862,c5,c5
7886,1,0.29791814,0.37580016,0.3262817,c1,c234
7887,1,0.5308437,0.33533064,0.13382564,c1,c1
7890,1,0.0891101,0.2262212,0.6846687,c5,c5
7892,1,0.118977524,0.3322175,0.548805,c5,c5
7893,1,0.53814197,0.34352845,0.11832961,c1,c1
7903,1,0.22172537,0.4198886,0.35838607,c1,c234
7904,1,0.30059385,0.3162526,0.38315353,c5,c5
7906,1,0.08349066,0.17887686,0.73763245,c5,c5
7908,1,0.54011333,0.28876674,0.17111997,c1,c1
7911,1,0.49170378,0.31923598,0.18906027,c1,c1
7913,1,0.14182758,0.33480892,0.5233635,c234,c5
7922,1,0.7052281,0.20131265,0.09345922,c5,c1
7924,1,0.33382785,0.37284398,0.29332814,c1,c234
7927,1,0.38832533,0.34569347,0.26598117,c1,c1
7930,1,0.212379,0.3584465,0.4291745,c5,c5
7934,1,0.13216604,0.24404198,0.62379193,c234,c5
7936,1,0.32494703,0.3230092,0.3520438,c234,c5
7937,1,0.75617665,0.18307191,0.060751427,c5,c1
7942,1,0.15898353,0.27322745,0.567789,c5,c5
7951,1,0.19870153,0.34457454,0.45672396,c1,c5
7959,1,0.33448097,0.40175322,0.26376584,c234,c234
7961,1,0.147156,0.34197044,0.51087356,c5,c5
7963,1,0.5692012,0.287723,0.1430758,c5,c1
7965,1,0.107922025,0.30637354,0.5857044,c5,c5
7970,1,0.2475379,0.33133456,0.42112756,c5,c5
7976,1,0.32368097,0.40663168,0.26968732,c234,c234
7984,1,0.4179667,0.39020652,0.19182685,c234,c1
7991,1,0.42820707,0.39337686,0.17841612,c234,c1
7993,1,0.31920403,0.32385498,0.356941,c1,c5
7996,1,0.37573564,0.32984963,0.2944147,c234,c1
7999,1,0.19199196,0.36928445,0.43872353,c5,c5
8000,1,0.5799108,0.3010007,0.119088456,c1,c1
8002,1,0.22820641,0.44609797,0.32569566,c5,c234
8015,1,0.27987564,0.39348525,0.3266391,c234,c234
8016,1,0.14810665,0.34184533,0.51004803,c5,c5
8017,1,0.13769737,0.3409863,0.52131635,c234,c5
8029,1,0.19444166,0.36635986,0.4391985,c234,c5
8037,1,0.51145875,0.34602803,0.14251323,c234,c1
8040,1,0.15580426,0.24751994,0.5966758,c5,c5
8054,1,0.1379054,0.29299897,0.5690956,c234,c5
8056,1,0.32494703,0.3230092,0.3520438,c5,c5
8057,1,0.577103,0.2987582,0.12413873,c234,c1
8062,1,0.23034143,0.44280398,0.32685462,c234,c234
8067,1,0.5135665,0.29504246,0.1913911,c1,c1
8072,1,0.20381205,0.39199573,0.40419224,c234,c5
8084,1,0.22827294,0.39089733,0.38082975,c5,c234
8085,1,0.2463593,0.35846707,0.3951736,c234,c5
8087,1,0.28818604,0.42115492,0.2906591,c1,c234
8091,1,0.31128007,0.3806906,0.30802932,c234,c234
8097,1,0.18631743,0.4290435,0.38463908,c5,c234
8105,1,0.09332466,0.2264579,0.6802175,c5,c5
8106,1,0.13810073,0.28047353,0.5814258,c1,c5
8111,1,0.39111614,0.423569,0.18531486,c234,c234
8116,1,0.098296635,0.2522225,0.6494809,c5,c5
8120,1,0.46677366,0.35145867,0.18176766,c1,c1
8121,1,0.31920403,0.32385498,0.356941,c234,c5
8124,1,0.25632975,0.34868923,0.39498103,c234,c5
8125,1,0.2287125,0.3695415,0.40174606,c5,c5
8128,1,0.16239709,0.32452124,0.51308167,c234,c5
8144,1,0.14011604,0.2696854,0.59019864,c5,c5
8146,1,0.118373506,0.29354107,0.5880855,c5,c5
8150,1,0.4130068,0.3945752,0.19241801,c234,c1
8158,1,0.44309172,0.3235008,0.23340745,c1,c1
8161,1,0.23759846,0.3342097,0.4281919,c5,c5
8162,1,0.57776594,0.26966366,0.15257037,c1,c1
8166,1,0.18055542,0.26002654,0.5594181,c234,c5
8172,1,0.18750696,0.42737782,0.3851152,c5,c234
8186,1,0.10110295,0.23865665,0.6602404,c1,c5
8191,1,0.1581171,0.2722032,0.5696797,c234,c5
8194,1,0.5652116,0.30014497,0.1346434,c5,c1
8195,1,0.16465011,0.29732507,0.53802484,c5,c5
8197,1,0.33005384,0.27954945,0.39039674,c234,c5
8200,1,0.55775905,0.28352895,0.15871198,c5,c1
8203,1,0.26830408,0.32721168,0.40448427,c234,c5
8210,1,0.15003389,0.37582934,0.47413683,c234,c5
8218,1,0.1304965,0.25178432,0.6177191,c5,c5
8219,1,0.2684405,0.40233797,0.32922152,c1,c234
8231,1,0.4735701,0.34474158,0.18168823,c5,c1
8235,1,0.25709152,0.39201772,0.35089076,c234,c234
8246,1,0.1610755,0.28000033,0.5589242,c5,c5
8253,1,0.577103,0.2987582,0.12413873,c5,c1
8256,1,0.11890204,0.26415017,0.61694777,c234,c5
8261,1,0.31253418,0.4059579,0.28150794,c5,c234
8262,1,0.2730892,0.2849401,0.44197077,c1,c5
8268,1,0.4305289,0.4134296,0.1560415,c1,c1
8270,1,0.5425341,0.30428764,0.15317827,c5,c1
8274,1,0.16706088,0.33052105,0.50241804,c234,c5
8278,1,0.3036405,0.30635837,0.39000112,c1,c5
8282,1,0.43407667,0.28627744,0.27964583,c1,c1
8283,1,0.238054,0.38694263,0.3750033,c5,c234
8284,1,0.36968356,0.3142926,0.31602383,c5,c1
8303,1,0.22950809,0.32512343,0.44536853,c234,c5
8308,1,0.40289485,0.31262785,0.2844772,c5,c1
8321,1,0.22038257,0.2827351,0.49688232,c5,c5
8333,1,0.19794881,0.41839316,0.38365805,c5,c234
8355,1,0.20918342,0.32193956,0.46887696,c5,c5
8356,1,0.27028793,0.2933948,0.43631727,c5,c5
8360,1,0.43038264,0.34185058,0.22776677,c1,c1
8368,1,0.18821242,0.32633528,0.4854523,c5,c5
8372,1,0.3254476,0.38742918,0.28712323,c1,c234
8387,1,0.18902206,0.28626063,0.52471733,c234,c5
8388,1,0.27766776,0.4069244,0.3154079,c1,c234
8392,1,0.43955693,0.37400466,0.18643847,c5,c1
8402,1,0.3212121,0.33227938,0.34650847,c5,c5
8412,1,0.09680253,0.26980448,0.633393,c5,c5
8414,1,0.19877224,0.2909115,0.5103163,c5,c5
8416,1,0.5282161,0.30854917,0.16323473,c1,c1
8420,1,0.29736236,0.29710835,0.4055293,c234,c5
8431,1,0.2047823,0.3647521,0.4304656,c1,c5
8436,1,0.49114975,0.31481525,0.19403492,c234,c1
8445,1,0.45714048,0.3267634,0.21609607,c1,c1
8446,1,0.2757834,0.32275817,0.40145844,c1,c5
8447,1,0.13855793,0.25366756,0.60777456,c234,c5
8452,1,0.14554608,0.2959737,0.55848026,c5,c5
8461,1,0.20695926,0.29328793,0.49975288,c5,c5
8466,1,0.35672775,0.39960754,0.2436647,c5,c234
8471,1,0.2233061,0.3207314,0.45596254,c5,c5
8486,1,0.4739131,0.31778207,0.20830482,c1,c1
8494,1,0.21396567,0.33029598,0.45573846,c234,c5
8497,1,0.13006361,0.30413765,0.56579876,c5,c5
8498,1,0.16449578,0.29522085,0.54028344,c1,c5
8500,1,0.44837195,0.3042552,0.24737282,c234,c1
8502,1,0.12541366,0.32527342,0.5493129,c1,c5
8503,1,0.18079995,0.2633837,0.5558164,c234,c5
8505,1,0.20559555,0.300604,0.49380052,c234,c5
8513,1,0.5135609,0.34651843,0.13992067,c234,c1
8516,1,0.44897482,0.37330526,0.17771997,c1,c1
8519,1,0.39432383,0.39120743,0.21446867,c5,c1
8521,1,0.31364232,0.341818,0.34453967,c234,c5
8523,1,0.112834305,0.26999894,0.61716676,c234,c5
8524,1,0.2992055,0.36311334,0.33768117,c1,c234
8525,1,0.27395514,0.38378865,0.34225622,c1,c234
8529,1,0.2148365,0.3273467,0.45781678,c1,c5
8530,1,0.45891964,0.3153913,0.22568908,c1,c1
8531,1,0.083066,0.2552218,0.6617122,c234,c5
8534,1,0.5263355,0.31274885,0.16091564,c5,c1
8537,1,0.34834674,0.4360189,0.21563433,c5,c234
8542,1,0.29184994,0.3546261,0.35352394,c1,c234
8543,1,0.17506362,0.33766025,0.48727614,c1,c5
8549,1,0.16535802,0.4024775,0.43216446,c5,c5
8552,1,0.30619064,0.41358668,0.28022274,c5,c234
8553,1,0.22918163,0.39763728,0.37318107,c5,c234
8557,1,0.19068888,0.37547597,0.43383515,c234,c5
8565,1,0.33778724,0.27902886,0.38318384,c234,c5
8567,1,0.4063682,0.33961233,0.25401947,c234,c1
8569,1,0.56295294,0.25054178,0.18650529,c1,c1
8570,1,0.2670946,0.36550283,0.36740258,c1,c5
8571,1,0.45986065,0.32638872,0.21375066,c234,c1
8579,1,0.577103,0.2987582,0.12413873,c234,c1
8582,1,0.19445708,0.31631964,0.48922324,c5,c5
8584,1,0.14878115,0.34271118,0.50850767,c5,c5
8587,1,0.1898951,0.38916406,0.42094082,c234,c5
8592,1,0.39164975,0.34621033,0.26213998,c1,c1
8601,1,0.2721119,0.45061252,0.27727562,c234,c234
8619,1,0.34124428,0.2877163,0.37103945,c234,c5
8623,1,0.11928367,0.24556223,0.6351542,c5,c5
8624,1,0.45254034,0.38519284,0.16226685,c234,c1
8625,1,0.24660784,0.32864225,0.4247499,c5,c5
8634,1,0.2517917,0.30021694,0.44799137,c1,c5
8639,1,0.58928967,0.27584073,0.13486962,c5,c1
8660,1,0.16316974,0.29801595,0.53881437,c234,c5
8664,1,0.095646076,0.21230373,0.6920502,c5,c5
8666,1,0.313392,0.32385367,0.36275426,c1,c5
8672,1,0.19835518,0.35855603,0.44308877,c1,c5
8675,1,0.18746036,0.29215747,0.52038217,c1,c5
8694,1,0.268988,0.44849488,0.2825171,c5,c234
8697,1,0.42294332,0.31999567,0.257061,c1,c1
8698,1,0.14537008,0.34983322,0.50479674,c5,c5
8700,1,0.50328547,0.3505359,0.14617863,c5,c1
8712,1,0.16858107,0.38590947,0.44550946,c5,c5
8713,1,0.59410995,0.27403635,0.13185374,c1,c1
8718,1,0.27672362,0.3191686,0.4041077,c5,c5
8721,1,0.42025486,0.36832452,0.21142061,c234,c1
8734,1,0.18326555,0.29998547,0.516749,c5,c5
8741,1,0.30876112,0.37386048,0.31737843,c234,c234
8749,1,0.32058537,0.32894993,0.3504647,c5,c5
8755,1,0.3366018,0.4173191,0.24607906,c5,c234
8762,1,0.08333114,0.2093411,0.7073278,c5,c5
8769,1,0.41142333,0.3937828,0.1947939,c234,c1
8772,1,0.19899411,0.28837076,0.5126351,c5,c5
8775,1,0.10454757,0.31968898,0.57576346,c234,c5
8787,1,0.2534753,0.3207359,0.4257887,c5,c5
8791,1,0.49170378,0.31923598,0.18906027,c1,c1
8804,1,0.387578,0.42990097,0.18252105,c1,c234
8807,1,0.134647,0.2264291,0.63892394,c234,c5
8808,1,0.19625129,0.3504488,0.45329997,c234,c5
8816,1,0.22005619,0.32225806,0.45768568,c234,c5
8817,1,0.59008175,0.295916,0.11400224,c234,c1
8819,1,0.54544705,0.3306285,0.123924464,c1,c1
8821,1,0.38918567,0.3529653,0.25784904,c1,c1
8822,1,0.25579706,0.410112,0.33409092,c5,c234
8829,1,0.33005384,0.27954945,0.39039674,c1,c5
8840,1,0.12165551,0.23685616,0.6414883,c234,c5
8845,1,0.44133183,0.38465467,0.17401353,c234,c1
8847,1,0.43745345,0.3188292,0.24371739,c1,c1
8852,1,0.13497365,0.2906289,0.5743975,c5,c5
8853,1,0.15987068,0.26159486,0.5785345,c5,c5
8858,1,0.3887798,0.40451384,0.20670636,c234,c234
8864,1,0.270169,0.35152903,0.37830198,c5,c5
8871,1,0.21898866,0.44377548,0.3372359,c5,c234
8875,1,0.40795407,0.34361044,0.24843544,c1,c1
8878,1,0.2856069,0.37460488,0.33978817,c1,c234
8883,1,0.14361653,0.30986252,0.5465209,c5,c5
8884,1,0.4428195,0.37540337,0.18177713,c1,c1
8885,1,0.5287147,0.27876619,0.19251907,c234,c1
8887,1,0.1604451,0.29889223,0.54066265,c5,c5
8893,1,0.36811316,0.33082902,0.30105785,c5,c1
8896,1,0.34990188,0.28873637,0.36136168,c234,c5
8898,1,0.423412,0.32189867,0.25468943,c234,c1
8902,1,0.3233746,0.44997618,0.22664925,c234,c234
8906,1,0.23991586,0.28213838,0.47794577,c234,c5
8913,1,0.48611233,0.30770266,0.20618498,c1,c1
8914,1,0.36793324,0.33760363,0.29446313,c1,c1
8918,1,0.11318952,0.296052,0.5907585,c234,c5
8920,1,0.17917924,0.32257587,0.49824485,c1,c5
8921,1,0.22921747,0.27716488,0.49361756,c5,c5
8928,1,0.662146,0.2478037,0.09005034,c5,c1
8929,1,0.209019,0.32855222,0.46242878,c234,c5
8930,1,0.35493052,0.35761604,0.28745344,c234,c234
8931,1,0.2229185,0.41126305,0.36581844,c234,c234
8932,1,0.25701848,0.33364356,0.40933794,c5,c5
8934,1,0.28103527,0.3481248,0.37083995,c234,c5
8935,1,0.57957065,0.28364033,0.13678904,c1,c1
8937,1,0.14522132,0.24872424,0.6060544,c1,c5
8943,1,0.21451537,0.2897564,0.49572822,c234,c5
8945,1,0.57050925,0.29815206,0.13133869,c234,c1
8946,1,0.48070368,0.29867616,0.22062016,c1,c1
8958,1,0.23169267,0.39316148,0.37514585,c5,c234
8962,1,0.18914065,0.38923004,0.42162937,c1,c5
8971,1,0.17996876,0.27680835,0.5432229,c5,c5
8974,1,0.35600674,0.35402137,0.28997183,c1,c1
8980,1,0.19103268,0.3557108,0.4532565,c234,c5
8981,1,0.5295759,0.33905208,0.13137206,c234,c1
8983,1,0.21700905,0.26810127,0.51488966,c234,c5
8984,1,0.4728132,0.2897314,0.23745538,c1,c1
8989,1,0.45715064,0.3859004,0.15694903,c1,c1
8992,1,0.4675909,0.39011493,0.14229417,c1,c1
8993,1,0.321978,0.43008074,0.24794124,c5,c234
8998,1,0.5271874,0.25881934,0.21399331,c1,c1
9000,1,0.45880845,0.31539187,0.22579972,c234,c1
9001,1,0.32843906,0.40989822,0.26166272,c234,c234
9014,1,0.1393088,0.25644714,0.60424405,c5,c5
9024,1,0.23096861,0.29845807,0.4705733,c234,c5
9026,1,0.31212923,0.36642256,0.32144818,c234,c234
9031,1,0.18377519,0.35646445,0.45976034,c1,c5
9034,1,0.4157557,0.35094112,0.23330322,c1,c1
9036,1,0.16109052,0.35833418,0.48057535,c5,c5
9037,1,0.29786006,0.38864875,0.31349117,c5,c234
9041,1,0.55142665,0.28097156,0.1676018,c1,c1
9043,1,0.35290688,0.33588782,0.31120527,c5,c1
9045,1,0.521794,0.3336623,0.14454363,c234,c1
9048,1,0.15279469,0.3161083,0.53109705,c1,c5
9050,1,0.46942732,0.38529286,0.14527985,c234,c1
9051,1,0.12439916,0.31123513,0.56436574,c234,c5
9052,1,0.73914057,0.16540845,0.095451005,c1,c1
9054,1,0.4627987,0.2848437,0.25235754,c234,c1
9060,1,0.2153616,0.32715687,0.45748147,c234,c5
9062,1,0.24860644,0.4218626,0.32953098,c1,c234
9069,1,0.29919863,0.32402465,0.37677667,c5,c5
9070,1,0.28680047,0.3013726,0.4118269,c234,c5
9073,1,0.18595175,0.2732133,0.54083496,c5,c5
9078,1,0.29785055,0.43655574,0.26559374,c1,c234
9085,1,0.57915115,0.29480112,0.12604779,c1,c1
9090,1,0.33841816,0.407103,0.2544788,c1,c234
9096,1,0.4023018,0.36768872,0.23000948,c1,c1
9097,1,0.5308437,0.33533064,0.13382564,c1,c1
9098,1,0.29843935,0.40921497,0.29234567,c234,c234
9103,1,0.47250333,0.33186984,0.19562683,c1,c1
9113,1,0.53053117,0.33862868,0.13084015,c234,c1
9123,1,0.17905407,0.35012177,0.47082415,c1,c5
9126,1,0.33842865,0.3577056,0.30386582,c234,c234
9130,1,0.3825561,0.36622036,0.25122353,c234,c1
9131,1,0.427391,0.3995898,0.17301917,c1,c1
9133,1,0.577103,0.2987582,0.12413873,c1,c1
9136,1,0.27508846,0.28257617,0.4423353,c5,c5
9139,1,0.18981358,0.30035523,0.5098312,c5,c5
9141,1,0.19007304,0.35734808,0.4525789,c1,c5
9142,1,0.46409008,0.364847,0.17106298,c5,c1
9146,1,0.4461958,0.39338207,0.16042215,c5,c1
9149,1,0.38734457,0.3847527,0.22790278,c234,c1
9151,1,0.28715855,0.41587958,0.29696187,c1,c234
9153,1,0.22302851,0.3056263,0.47134516,c234,c5
9156,1,0.3438701,0.31599623,0.34013367,c234,c1
9161,1,0.44716176,0.38056824,0.17227,c1,c1
9166,1,0.30996868,0.41538087,0.27465054,c5,c234
9168,1,0.12395824,0.2744768,0.601565,c1,c5
9173,1,0.49344626,0.2998983,0.2066554,c1,c1
9174,1,0.16509944,0.28984705,0.54505354,c5,c5
9177,1,0.17280266,0.29894093,0.5282565,c234,c5
9179,1,0.61064625,0.27143613,0.11791765,c5,c1
9181,1,0.15310127,0.24784139,0.5990574,c1,c5
9183,1,0.18261726,0.2660311,0.5513517,c5,c5
9185,1,0.577103,0.2987582,0.12413873,c234,c1
9187,1,0.10264624,0.28042996,0.6169238,c1,c5
9192,1,0.20128825,0.32818207,0.47052968,c5,c5
9197,1,0.36858115,0.3455216,0.28589725,c234,c1
9204,1,0.21919419,0.34833127,0.43247455,c234,c5
9211,1,0.44198987,0.3823703,0.17563982,c1,c1
9216,1,0.26030177,0.3470503,0.39264792,c5,c5
9222,1,0.17327121,0.28049263,0.54623616,c5,c5
9227,1,0.38268128,0.42157775,0.19574098,c234,c234
9237,1,0.42029822,0.39827055,0.18143123,c5,c1
9238,1,0.33968112,0.32862794,0.3316909,c1,c1
9240,1,0.3866668,0.28674194,0.3265913,c5,c1
9243,1,0.31461918,0.45312592,0.23225483,c5,c234
9246,1,0.32641375,0.43343207,0.24015413,c234,c234
9250,1,0.100343496,0.2262104,0.67344606,c5,c5
9257,1,0.32290176,0.3155758,0.36152247,c1,c5
9260,1,0.15553392,0.34873,0.49573603,c5,c5
9265,1,0.49955264,0.30173904,0.19870831,c5,c1
9271,1,0.31096485,0.419523,0.26951215,c5,c234
9281,1,0.4090461,0.26816076,0.3227931,c234,c1
9287,1,0.58848065,0.2897232,0.12179615,c1,c1
9290,1,0.099271506,0.33224297,0.5684855,c5,c5
9298,1,0.121940866,0.23002312,0.64803606,c5,c5
9299,1,0.48392665,0.34046412,0.17560928,c5,c1
9300,1,0.3662856,0.41470143,0.219013,c1,c234
9302,1,0.36159608,0.41533175,0.22307222,c1,c234
9320,1,0.33141857,0.42484918,0.24373223,c234,c234
9321,1,0.3985083,0.30601352,0.2954782,c1,c1
9322,1,0.15171261,0.34706175,0.50122565,c5,c5
9325,1,0.12681608,0.22442435,0.64875954,c5,c5
9326,1,0.35830885,0.41202727,0.2296639,c5,c234
9332,1,0.13212179,0.27603853,0.5918397,c5,c5
9333,1,0.1860167,0.3969828,0.41700044,c1,c5
9337,1,0.28124145,0.42029083,0.2984677,c1,c234
9343,1,0.44081536,0.2963471,0.2628376,c5,c1
9346,1,0.443162,0.386816,0.17002197,c1,c1
9348,1,0.43342724,0.36018014,0.20639269,c1,c1
9352,1,0.15824762,0.4152508,0.42650157,c234,c5
9360,1,0.1777521,0.3091593,0.5130886,c234,c5
9362,1,0.5308437,0.33533064,0.13382564,c1,c1
9363,1,0.24492837,0.3340375,0.42103413,c234,c5
9370,1,0.24869747,0.34996057,0.40134194,c5,c5
9372,1,0.17944442,0.3165536,0.50400203,c234,c5
9373,1,0.50583625,0.3156423,0.17852151,c1,c1
9376,1,0.46110073,0.3573128,0.18158643,c1,c1
9379,1,0.12760769,0.2612274,0.6111649,c234,c5
9380,1,0.5138273,0.3091182,0.1770545,c234,c1
9383,1,0.35926518,0.3292718,0.311463,c1,c1
9388,1,0.16264972,0.29775596,0.53959435,c234,c5
9389,1,0.17215423,0.34971938,0.47812638,c1,c5
9391,1,0.34830344,0.34458718,0.30710948,c234,c1
9394,1,0.25149846,0.4579134,0.29058817,c1,c234
9398,1,0.18197323,0.2840909,0.53393584,c1,c5
9399,1,0.44955817,0.2730372,0.2774046,c234,c1
9407,1,0.15315993,0.36175957,0.48508045,c5,c5
9414,1,0.1865661,0.29019642,0.5232375,c1,c5
9422,1,0.36298972,0.32284975,0.3141606,c1,c1
9423,1,0.2839176,0.37986723,0.3362152,c1,c234
9431,1,0.4191433,0.28831896,0.29253775,c234,c1
9434,1,0.23712261,0.3327169,0.4301605,c234,c5
9440,1,0.13456349,0.27374038,0.5916961,c5,c5
9445,1,0.3032574,0.3053748,0.39136785,c1,c5
9451,1,0.38375336,0.42034027,0.19590636,c234,c234
9453,1,0.1448776,0.29292884,0.5621936,c5,c5
9458,1,0.19215032,0.29688254,0.51096714,c234,c5
9462,1,0.5273899,0.32608765,0.14652242,c1,c1
9465,1,0.1077796,0.22551113,0.6667092,c1,c5
9466,1,0.19669475,0.25848722,0.544818,c234,c5
9471,1,0.22368781,0.33878016,0.43753198,c5,c5
9476,1,0.2720527,0.31427956,0.41366777,c5,c5
9482,1,0.24160889,0.29051247,0.4678786,c5,c5
9493,1,0.5260434,0.33112407,0.14283253,c1,c1
9496,1,0.28686604,0.26100323,0.4521307,c5,c5
9508,1,0.48834246,0.31802395,0.19363368,c1,c1
9515,1,0.68997794,0.20846272,0.101559415,c1,c1
9520,1,0.23743641,0.43570068,0.32686296,c1,c234
9521,1,0.61078244,0.27645463,0.112762935,c1,c1
9522,1,0.47900984,0.30269837,0.21829177,c1,c1
9532,1,0.4150682,0.40382317,0.18110867,c1,c1
9536,1,0.19160083,0.32222518,0.48617396,c234,c5
9539,1,0.2796736,0.37278703,0.34753937,c1,c234
9541,1,0.432915,0.38692728,0.18015769,c234,c1
9548,1,0.22992584,0.26848263,0.50159156,c1,c5
9550,1,0.15666597,0.3383504,0.50498366,c1,c5
9551,1,0.5308437,0.33533064,0.13382564,c1,c1
9557,1,0.3523621,0.42304346,0.22459441,c1,c234
9568,1,0.33591357,0.34035066,0.32373577,c5,c234
9569,1,0.16373095,0.40129983,0.4349692,c5,c5
9570,1,0.15926787,0.33618373,0.5045484,c5,c5
9580,1,0.3067503,0.35602123,0.33722845,c1,c234
9590,1,0.22351462,0.3659808,0.41050455,c1,c5
9595,1,0.17315438,0.30291393,0.5239317,c5,c5
9602,1,0.4393654,0.33477217,0.22586243,c1,c1
9611,1,0.17563963,0.26235,0.5620104,c5,c5
9617,1,0.5308437,0.33533064,0.13382564,c234,c1
9626,1,0.16391928,0.37500894,0.46107182,c234,c5
9632,1,0.40329,0.35186318,0.24484676,c5,c1
9646,1,0.37331656,0.3396908,0.2869927,c234,c1
9650,1,0.41604042,0.3224934,0.26146618,c234,c1
9652,1,0.524506,0.28464732,0.19084671,c5,c1
9662,1,0.43400928,0.40016988,0.16582082,c1,c1
9667,1,0.17172468,0.35873604,0.46953925,c5,c5
9672,1,0.28546464,0.44669324,0.26784208,c5,c234
9677,1,0.23227394,0.3347336,0.43299243,c1,c5
9678,1,0.3214105,0.40007508,0.27851436,c5,c234
9679,1,0.33005384,0.27954945,0.39039674,c234,c5
9680,1,0.16485067,0.31087112,0.5242782,c1,c5
9681,1,0.577103,0.2987582,0.12413873,c1,c1
9686,1,0.3919442,0.4140767,0.1939791,c234,c234
9688,1,0.44081536,0.2963471,0.2628376,c1,c1
9691,1,0.35402307,0.37519166,0.27078527,c1,c234
9694,1,0.33180264,0.35197538,0.316222,c5,c234
9696,1,0.31920403,0.32385498,0.356941,c234,c5
9699,1,0.37402958,0.33370084,0.29226956,c5,c1
9715,1,0.5604186,0.28999364,0.14958775,c1,c1
9727,1,0.19234973,0.44417974,0.36347055,c5,c234
9728,1,0.33005384,0.27954945,0.39039674,c1,c5
9732,1,0.2413949,0.34732637,0.41127872,c234,c5
9733,1,0.10996493,0.3118873,0.5781477,c234,c5
9742,1,0.109968446,0.29641798,0.59361356,c234,c5
9745,1,0.3149838,0.3132965,0.3717197,c234,c5
9750,1,0.22991872,0.4343959,0.33568537,c1,c234
9751,1,0.37324724,0.38170227,0.24505056,c234,c234
9759,1,0.577103,0.2987582,0.12413873,c234,c1
9761,1,0.44084135,0.32093585,0.23822285,c234,c1
9762,1,0.3662022,0.3829927,0.25080508,c234,c234
9764,1,0.16577223,0.26012862,0.5740992,c234,c5
9766,1,0.28568065,0.45235595,0.26196337,c234,c234
9767,1,0.37019154,0.4048919,0.22491658,c5,c234
9782,1,0.38887206,0.3078579,0.30327007,c234,c1
9788,1,0.34446335,0.43077016,0.2247665,c234,c234
9789,1,0.20956728,0.41606262,0.37437013,c234,c234
9801,1,0.1862481,0.32472792,0.48902398,c1,c5
9811,1,0.28123862,0.36641267,0.35234874,c1,c234
9818,1,0.4207529,0.37408838,0.20515876,c1,c1
9821,1,0.36060214,0.32124045,0.3181574,c1,c1
9829,1,0.40372857,0.38056645,0.215705,c5,c1
9836,1,0.2057196,0.3115099,0.48277053,c5,c5
9845,1,0.51802766,0.31583393,0.16613847,c234,c1
9847,1,0.5278908,0.3193817,0.15272747,c1,c1
9848,1,0.12732537,0.23078172,0.6418929,c5,c5
9852,1,0.28259993,0.41465843,0.30274168,c234,c234
9854,1,0.102903694,0.22575223,0.6713441,c234,c5
9867,1,0.21307565,0.41038832,0.37653604,c5,c234
9870,1,0.46641177,0.37149292,0.16209525,c1,c1
9873,1,0.1449206,0.24820918,0.6068702,c5,c5
9874,1,0.33005384,0.27954945,0.39039674,c1,c5
9875,1,0.56100166,0.2705551,0.16844323,c1,c1
9876,1,0.24524593,0.3389494,0.41580465,c234,c5
9888,1,0.14391917,0.29924014,0.55684066,c234,c5
9899,1,0.50732297,0.30925056,0.18342647,c1,c1
9905,1,0.34370252,0.3240731,0.33222437,c234,c1
9910,1,0.34571686,0.46072003,0.19356301,c1,c234
9920,1,0.4907339,0.3516119,0.1576542,c234,c1
9922,1,0.21052401,0.34117758,0.4482984,c1,c5
9928,1,0.46919596,0.32421994,0.20658417,c1,c1
9933,1,0.36979493,0.4184192,0.21178582,c5,c234
9935,1,0.47394678,0.3719597,0.15409355,c1,c1
9941,1,0.22272938,0.35357136,0.4236993,c5,c5
9944,1,0.2206222,0.3447229,0.4346549,c234,c5
9945,1,0.4263224,0.38482124,0.1888564,c1,c1
9958,1,0.12059987,0.23629615,0.643104,c5,c5
9969,1,0.12167969,0.23009151,0.64822876,c5,c5
9974,1,0.3127412,0.4201976,0.26706126,c1,c234
9976,1,0.60114664,0.2761252,0.12272815,c1,c1
9977,1,0.27583712,0.4411633,0.28299958,c1,c234
9982,1,0.12511449,0.2915398,0.5833457,c234,c5
9983,1,0.24042447,0.37208134,0.38749418,c5,c5
9984,1,0.5505386,0.27107647,0.17838496,c1,c1
9992,1,0.5846787,0.25152862,0.1637927,c1,c1
9995,1,0.21542871,0.34955263,0.43501863,c234,c5
9999,1,0.4980006,0.346136,0.15586343,c234,c1
10003,1,0.3478152,0.41938686,0.2327979,c234,c234
10005,1,0.15263185,0.2774962,0.56987196,c234,c5
10012,1,0.26421553,0.27780962,0.45797473,c234,c5
10016,1,0.32490128,0.42971554,0.24538311,c234,c234
10024,1,0.15451767,0.29820436,0.547278,c234,c5
10029,1,0.27652863,0.32456008,0.39891124,c234,c5
10031,1,0.47569746,0.3708808,0.1534217,c5,c1
10034,1,0.577103,0.2987582,0.12413873,c1,c1
10036,1,0.41053158,0.4129441,0.17652434,c5,c234
10038,1,0.60097426,0.26584378,0.13318194,c5,c1
10042,1,0.52832055,0.3347977,0.13688172,c5,c1
10050,1,0.2714876,0.32967255,0.3988399,c1,c5
10056,1,0.5679221,0.28522298,0.14685492,c5,c1
10069,1,0.27043122,0.39530453,0.33426425,c234,c234
10078,1,0.17241953,0.25277478,0.57480574,c234,c5
10081,1,0.19793154,0.34085152,0.46121693,c5,c5
10089,1,0.3096583,0.4207799,0.26956174,c1,c234
10100,1,0.2720527,0.31427956,0.41366777,c1,c5
10103,1,0.16623561,0.29241216,0.5413522,c5,c5
10109,1,0.5360424,0.33663636,0.12732124,c234,c1
10114,1,0.43425113,0.3611733,0.20457558,c234,c1
10118,1,0.4400512,0.3137044,0.24624445,c1,c1
10136,1,0.30203873,0.3926605,0.30530077,c1,c234
10146,1,0.44955817,0.2730372,0.2774046,c1,c1
10147,1,0.13536552,0.28828803,0.5763465,c234,c5
10152,1,0.23354763,0.35741323,0.40903914,c5,c5
10157,1,0.24102661,0.3454549,0.4135185,c234,c5
10160,1,0.2763235,0.4617391,0.26193738,c234,c234
10161,1,0.25839671,0.40711102,0.33449227,c234,c234
10165,1,0.13800222,0.2590208,0.602977,c5,c5
10168,1,0.52215505,0.30607635,0.17176859,c1,c1
10174,1,0.2857868,0.31109083,0.40312237,c234,c5
10179,1,0.23192118,0.420468,0.34761086,c234,c234
10184,1,0.23203814,0.34044838,0.42751345,c1,c5
10185,1,0.666611,0.23459595,0.09879303,c1,c1
10190,1,0.42233196,0.34249008,0.23517792,c234,c1
10192,1,0.4312392,0.41038772,0.15837315,c1,c1
10194,1,0.577103,0.2987582,0.12413873,c1,c1
10199,1,0.14874569,0.28216636,0.569088,c5,c5
10207,1,0.28229418,0.34660313,0.37110266,c1,c5
10216,1,0.29100394,0.29976532,0.40923074,c1,c5
10218,1,0.42261884,0.3167588,0.26062232,c1,c1
10221,1,0.3295382,0.39404467,0.27641714,c1,c234
10227,1,0.3244698,0.31735998,0.35817024,c5,c5
10229,1,0.54619765,0.24830325,0.20549914,c5,c1
10230,1,0.4090461,0.26816076,0.3227931,c5,c1
10235,1,0.49234045,0.31853923,0.18912032,c1,c1
10240,1,0.3162201,0.30908346,0.37469643,c5,c5
10246,1,0.33270735,0.36821726,0.29907545,c5,c234
10252,1,0.577103,0.2987582,0.12413873,c5,c1
10255,1,0.2155823,0.39299884,0.3914189,c1,c234
10256,1,0.5473018,0.30831358,0.14438464,c1,c1
10264,1,0.22853105,0.3702865,0.4011824,c234,c5
10265,1,0.448834,0.31808648,0.23307952,c1,c1
10267,1,0.6006244,0.27205607,0.12731956,c234,c1
10271,1,0.42513254,0.27428523,0.3005822,c234,c1
10273,1,0.38117516,0.32490408,0.2939208,c1,c1
10287,1,0.39984024,0.29768062,0.30247915,c234,c1
10296,1,0.43262258,0.33906713,0.22831027,c1,c1
10299,1,0.3026859,0.30187413,0.39544,c5,c5
10301,1,0.1774134,0.25295687,0.5696297,c5,c5
10308,1,0.5087663,0.3393668,0.1518669,c234,c1
10316,1,0.08045711,0.23993684,0.67960614,c234,c5
10322,1,0.34958893,0.40595433,0.24445678,c1,c234
10323,1,0.105629206,0.29447776,0.599893,c5,c5
10324,1,0.24693453,0.3283754,0.42469007,c5,c5
10325,1,0.33420843,0.3334749,0.33231673,c234,c1
10330,1,0.25182045,0.39898401,0.34919554,c5,c234
10332,1,0.36979493,0.4184192,0.21178582,c234,c234
10355,1,0.470044,0.27327204,0.25668404,c5,c1
10358,1,0.30215377,0.3624317,0.33541456,c234,c234
10364,1,0.33951032,0.40734634,0.25314334,c234,c234
10365,1,0.626742,0.22627164,0.14698634,c234,c1
10367,1,0.20951992,0.36204004,0.42844006,c1,c5
10370,1,0.3898064,0.35836202,0.2518316,c1,c1
10387,1,0.1960085,0.29284614,0.5111454,c234,c5
10395,1,0.34402174,0.39187333,0.2641049,c234,c234
10400,1,0.7493271,0.181314,0.06935879,c1,c1
10405,1,0.3006918,0.4253914,0.27391675,c234,c234
10417,1,0.4463069,0.32707363,0.22661951,c234,c1
10418,1,0.40732804,0.39701897,0.19565296,c234,c1
10425,1,0.47963297,0.3567812,0.16358578,c234,c1
10426,1,0.2297991,0.4295834,0.34061754,c5,c234
10429,1,0.08272878,0.2060847,0.7111865,c5,c5
10432,1,0.36811283,0.33992964,0.29195756,c234,c1
10435,1,0.19788323,0.2968042,0.50531256,c1,c5
10436,1,0.23619649,0.4582917,0.30551177,c234,c234
10442,1,0.16500178,0.28733355,0.5476647,c5,c5
10445,1,0.4209516,0.3681029,0.21094552,c234,c1
10447,1,0.3248647,0.34497342,0.33016187,c234,c234
10448,1,0.10666342,0.2735074,0.6198292,c5,c5
10450,1,0.53943396,0.31700075,0.14356528,c5,c1
10452,1,0.54839814,0.3123344,0.13926743,c234,c1
10455,1,0.7742502,0.15238449,0.073365204,c1,c1
10457,1,0.27992293,0.4292874,0.29078966,c234,c234
10460,1,0.4109418,0.32263067,0.26642746,c5,c1
10469,1,0.114389054,0.24039449,0.64521646,c5,c5
10471,1,0.5407849,0.25395632,0.2052588,c1,c1
10486,1,0.15329894,0.37022236,0.47647873,c1,c5
10488,1,0.577103,0.2987582,0.12413873,c234,c1
10490,1,0.14341883,0.24862361,0.6079576,c5,c5
10500,1,0.09083503,0.1827318,0.72643316,c5,c5
10506,1,0.18090104,0.33757588,0.48152298,c5,c5
10507,1,0.22150315,0.3673431,0.4111537,c1,c5
10509,1,0.2386865,0.3611983,0.4001152,c234,c5
10510,1,0.21292987,0.33569184,0.45137823,c5,c5
10512,1,0.5290784,0.3412653,0.12965626,c1,c1
10513,1,0.122549124,0.23156594,0.645885,c234,c5
10516,1,0.43233094,0.28781876,0.2798503,c1,c1
10517,1,0.5308437,0.33533064,0.13382564,c1,c1
10522,1,0.19569653,0.37187713,0.43242627,c5,c5
10527,1,0.31475952,0.31920934,0.36603114,c234,c5
10532,1,0.34910938,0.34200716,0.30888346,c1,c1
10536,1,0.13785169,0.33679605,0.52535224,c5,c5
10538,1,0.1502353,0.3458496,0.5039151,c1,c5
10547,1,0.18573286,0.30456275,0.50970435,c5,c5
10549,1,0.3299909,0.27949616,0.39051294,c5,c5
10553,1,0.12930025,0.3182924,0.5524073,c234,c5
10555,1,0.19105569,0.2852722,0.5236721,c234,c5
10558,1,0.16912591,0.3248467,0.50602734,c234,c5
10561,1,0.47537494,0.3766038,0.14802125,c1,c1
10563,1,0.47880673,0.2698021,0.2513911,c1,c1
10564,1,0.606711,0.28100395,0.112285055,c1,c1
10566,1,0.49024698,0.35032097,0.15943211,c234,c1
10567,1,0.528134,0.34053138,0.13133463,c234,c1
10568,1,0.24358808,0.35831735,0.39809453,c5,c5
10579,1,0.15289056,0.29894355,0.54816586,c1,c5
10580,1,0.5308437,0.33533064,0.13382564,c234,c1
10581,1,0.12981726,0.26609147,0.60409135,c5,c5
10582,1,0.10546052,0.25166216,0.6428773,c5,c5
10585,1,0.7808156,0.16360791,0.055576522,c1,c1
10587,1,0.23426934,0.40441066,0.36131996,c234,c234
10597,1,0.15974595,0.32735008,0.512904,c5,c5
10599,1,0.1768562,0.27115893,0.55198485,c5,c5
10600,1,0.16008647,0.30308697,0.53682655,c5,c5
10603,1,0.38027307,0.30323565,0.31649134,c5,c1
10604,1,0.5308437,0.33533064,0.13382564,c234,c1
10628,1,0.4336296,0.3180257,0.2483447,c234,c1
10629,1,0.13531078,0.23840727,0.626282,c5,c5
10630,1,0.30293214,0.34497884,0.35208905,c1,c5
10635,1,0.4099965,0.35905975,0.23094372,c234,c1
10638,1,0.09633361,0.23985839,0.66380805,c234,c5
10645,1,0.24038848,0.28595665,0.4736549,c5,c5
10656,1,0.17544363,0.3286533,0.49590302,c1,c5
10660,1,0.5261048,0.34171668,0.13217844,c1,c1
10661,1,0.419125,0.33075678,0.25011826,c234,c1
10668,1,0.37773964,0.35716772,0.26509258,c1,c1
10672,1,0.42303047,0.35899937,0.21797019,c5,c1
10676,1,0.19797026,0.4247167,0.37731305,c1,c234
10678,1,0.6333656,0.2319805,0.13465391,c1,c1
10684,1,0.23225465,0.30596453,0.4617808,c234,c5
10688,1,0.58613425,0.24797289,0.16589281,c1,c1
10713,1,0.15069182,0.29459038,0.5547178,c5,c5
10719,1,0.21979189,0.4121821,0.36802596,c5,c234
10721,1,0.38142496,0.43901742,0.1795576,c1,c234
10722,1,0.22765628,0.46860528,0.30373847,c1,c234
10724,1,0.13285936,0.30641448,0.5607261,c5,c5
10736,1,0.089575164,0.26008177,0.65034306,c5,c5
10742,1,0.16391928,0.37500894,0.46107182,c234,c5
10743,1,0.5308437,0.33533064,0.13382564,c1,c1
10748,1,0.29617533,0.40221304,0.3016116,c234,c234
10751,1,0.2456847,0.40670058,0.34761477,c1,c234
10763,1,0.3619118,0.41900587,0.2190823,c234,c234
10768,1,0.48561722,0.37347364,0.14090924,c1,c1
10783,1,0.18220149,0.31238508,0.5054135,c5,c5
10786,1,0.16689046,0.3915291,0.4415804,c234,c5
10787,1,0.7004222,0.21706016,0.08251759,c1,c1
10790,1,0.30273402,0.31732062,0.37994534,c1,c5
10791,1,0.41289705,0.3093211,0.2777818,c5,c1
10793,1,0.6141025,0.27557975,0.11031777,c234,c1
10804,1,0.31436357,0.40810993,0.2775265,c1,c234
10810,1,0.34176853,0.40686467,0.2513668,c234,c234
10815,1,0.22182259,0.26868197,0.50949544,c1,c5
10817,1,0.21571778,0.36413848,0.42014372,c234,c5
10820,1,0.49170378,0.31923598,0.18906027,c1,c1
10823,1,0.1245574,0.30033812,0.57510453,c1,c5
10833,1,0.23926215,0.3446466,0.41609123,c5,c5
10849,1,0.53026825,0.2825876,0.18714416,c1,c1
10852,1,0.15849215,0.31041676,0.53109115,c234,c5
10853,1,0.42279527,0.38266376,0.19454099,c234,c1
10854,1,0.37731943,0.3553903,0.26729023,c1,c1
10857,1,0.7320738,0.17700954,0.0909167,c234,c1
10864,1,0.27515438,0.40849265,0.316353,c234,c234
10865,1,0.15579125,0.3361252,0.5080836,c5,c5
10869,1,0.23594724,0.33868092,0.42537183,c1,c5
10881,1,0.258516,0.32544136,0.41604266,c234,c5
10885,1,0.19489762,0.25876534,0.546337,c234,c5
10886,1,0.2549833,0.4322612,0.31275547,c234,c234
10888,1,0.28928608,0.33172888,0.37898502,c1,c5
10890,1,0.3372267,0.3158491,0.34692416,c234,c5
10898,1,0.18886746,0.24947676,0.5616558,c5,c5
10900,1,0.28285477,0.42316645,0.29397884,c234,c234
10903,1,0.32658938,0.3491451,0.3242655,c5,c234
10904,1,0.15966165,0.33045107,0.50988734,c234,c5
10908,1,0.22200967,0.41471803,0.36327228,c5,c234
10925,1,0.577103,0.2987582,0.12413873,c234,c1
10934,1,0.5038436,0.33992037,0.156236,c1,c1
10935,1,0.12656902,0.24738699,0.626044,c1,c5
10939,1,0.20028245,0.4259173,0.37380022,c5,c234
10940,1,0.4167487,0.38542953,0.19782172,c234,c1
10944,1,0.13582243,0.33064914,0.53352845,c5,c5
10960,1,0.43183744,0.37413496,0.19402759,c234,c1
10962,1,0.37671492,0.29763338,0.32565168,c1,c1
10963,1,0.43598366,0.3673592,0.19665721,c5,c1
10968,1,0.63501376,0.25538915,0.10959709,c234,c1
10980,1,0.23231891,0.3377127,0.42996836,c234,c5
10981,1,0.09979222,0.24629563,0.6539121,c5,c5
10993,1,0.39720404,0.2832632,0.31953275,c234,c1
10998,1,0.27672362,0.3191686,0.4041077,c1,c5
11002,1,0.11830978,0.30893707,0.57275313,c5,c5
11013,1,0.35354263,0.41503325,0.23142415,c234,c234
11014,1,0.3286595,0.34131405,0.33002642,c234,c234
11015,1,0.23157579,0.33393124,0.43449292,c234,c5
11026,1,0.3111144,0.44543323,0.24345237,c234,c234
11028,1,0.577103,0.2987582,0.12413873,c5,c1
11031,1,0.6051548,0.26416287,0.13068235,c1,c1
11040,1,0.30934992,0.36165014,0.3289999,c5,c234
11043,1,0.40810913,0.26762816,0.32426274,c1,c1
11046,1,0.38463342,0.42982355,0.18554305,c1,c234
11060,1,0.5345045,0.3119831,0.15351243,c1,c1
11066,1,0.49304613,0.3224459,0.18450797,c234,c1
11067,1,0.20567417,0.36393377,0.43039206,c234,c5
11075,1,0.4650188,0.3155899,0.21939135,c5,c1
11077,1,0.6398987,0.24770254,0.11239868,c1,c1
11080,1,0.52994907,0.3054791,0.16457185,c5,c1
11082,1,0.17156221,0.42167625,0.40676153,c234,c234
11087,1,0.1859709,0.34260127,0.4714278,c5,c5
11088,1,0.5073886,0.3433582,0.14925323,c234,c1
11092,1,0.18352397,0.421066,0.39541006,c5,c234
11098,1,0.58177096,0.28816456,0.13006444,c5,c1
11099,1,0.5523308,0.28582928,0.16183998,c1,c1
11107,1,0.34250763,0.38645145,0.27104095,c5,c234
11119,1,0.09754196,0.22040533,0.6820527,c1,c5
11123,1,0.29947802,0.3495101,0.35101193,c1,c5
11128,1,0.5024486,0.35158014,0.14597122,c234,c1
11137,1,0.1427234,0.36648685,0.49078977,c1,c5
11144,1,0.12810537,0.2806973,0.5911974,c234,c5
11150,1,0.3667397,0.43204585,0.20121449,c5,c234
11156,1,0.2616069,0.4252524,0.31314072,c5,c234
11163,1,0.43082708,0.3261993,0.24297361,c5,c1
11175,1,0.3745158,0.28999573,0.3354885,c1,c1
11182,1,0.33994883,0.3033364,0.35671481,c5,c5
11186,1,0.577103,0.2987582,0.12413873,c1,c1
11191,1,0.4090392,0.42908823,0.16187252,c234,c234
11193,1,0.23782066,0.3057781,0.45640123,c1,c5
11196,1,0.4967721,0.36145526,0.1417727,c234,c1
11203,1,0.20922542,0.35155946,0.4392151,c5,c5
11209,1,0.35334694,0.40906486,0.23758817,c234,c234
11214,1,0.5675574,0.3077668,0.12467581,c234,c1
11220,1,0.11253456,0.27253905,0.6149264,c234,c5
11226,1,0.40723678,0.3975119,0.1952513,c1,c1
11228,1,0.2345548,0.36989722,0.39554805,c234,c5
11233,1,0.1251365,0.29255372,0.58230984,c5,c5
11237,1,0.24167424,0.28271833,0.4756074,c5,c5
11240,1,0.39597076,0.3697392,0.2342901,c1,c1
11242,1,0.5096433,0.27392694,0.21642973,c5,c1
11243,1,0.23700362,0.28000948,0.4829869,c234,c5
11246,1,0.15564312,0.31756586,0.52679104,c5,c5
11254,1,0.2184054,0.37196255,0.409632,c1,c5
11255,1,0.3275401,0.36892408,0.30353582,c1,c234
11265,1,0.4488237,0.3237791,0.22739725,c1,c1
11270,1,0.33256203,0.38058093,0.28685704,c234,c234
11272,1,0.14390212,0.29138306,0.5647148,c234,c5
11276,1,0.12960932,0.2517572,0.61863345,c234,c5
11282,1,0.4381026,0.28389806,0.27799943,c234,c1
11283,1,0.3696918,0.41036206,0.21994612,c234,c234
11290,1,0.35743174,0.3988656,0.24370264,c5,c234
11292,1,0.5693246,0.285315,0.14536044,c5,c1
11298,1,0.28884456,0.33162713,0.37952837,c1,c5
11299,1,0.2108906,0.43542174,0.35368764,c234,c234
11303,1,0.41376087,0.34046468,0.24577445,c5,c1
11310,1,0.12171188,0.26946983,0.6088183,c234,c5
11312,1,0.44061884,0.36270872,0.19667244,c234,c1
11314,1,0.31820562,0.41211554,0.26967877,c1,c234
11318,1,0.4313853,0.36399522,0.20461947,c234,c1
11325,1,0.10615571,0.27182364,0.62202066,c5,c5
11332,1,0.3327896,0.4061961,0.2610143,c234,c234
11342,1,0.27533677,0.38914117,0.3355221,c234,c234
11347,1,0.6240032,0.27774605,0.098250724,c1,c1
11356,1,0.13602817,0.32859054,0.5353813,c5,c5
11359,1,0.30309656,0.36537558,0.33152792,c234,c234
11363,1,0.27433264,0.39812973,0.32753757,c5,c234
11365,1,0.20898332,0.32098442,0.47003224,c5,c5
11366,1,0.19570638,0.37771776,0.4265759,c1,c5
11367,1,0.11754467,0.2522676,0.6301877,c5,c5
11371,1,0.27672362,0.3191686,0.4041077,c1,c5
11373,1,0.3851661,0.42441872,0.19041519,c1,c234
11378,1,0.3100504,0.3757654,0.31418422,c1,c234
11381,1,0.65930456,0.23121175,0.109483674,c1,c1
11384,1,0.37284514,0.42212805,0.2050268,c1,c234
11389,1,0.20876494,0.3642867,0.42694837,c234,c5
11399,1,0.577103,0.2987582,0.12413873,c1,c1
11408,1,0.16391928,0.37500894,0.46107182,c234,c5
11411,1,0.58616024,0.29323262,0.12060713,c234,c1
11417,1,0.290489,0.28024858,0.4292625,c1,c5
11420,1,0.53152204,0.33217165,0.13630633,c1,c1
11427,1,0.1337326,0.30295712,0.56331027,c5,c5
11428,1,0.31492937,0.3208371,0.3642335,c234,c5
11429,1,0.40318397,0.3787563,0.21805972,c234,c1
11438,1,0.31590396,0.399657,0.284439,c1,c234
11440,1,0.3491514,0.43414155,0.21670705,c234,c234
11443,1,0.42374068,0.39666086,0.1795984,c1,c1
11449,1,0.12320014,0.23442152,0.64237833,c5,c5
11450,1,0.23703596,0.41917157,0.34379247,c5,c234
11454,1,0.48612043,0.30500582,0.20887372,c1,c1
11455,1,0.07443448,0.22279073,0.7027748,c234,c5
11461,1,0.34326005,0.28086263,0.37587732,c1,c5
11468,1,0.36021763,0.42836997,0.21141234,c1,c234
11478,1,0.320563,0.3693808,0.3100562,c1,c234
11487,1,0.111779206,0.23548396,0.65273684,c5,c5
11490,1,0.61485153,0.259377,0.1257715,c1,c1
11495,1,0.112283126,0.2816086,0.6061083,c5,c5
11497,1,0.23022036,0.410312,0.35946766,c1,c234
11500,1,0.45757595,0.39706385,0.14536014,c234,c1
11513,1,0.19425645,0.31198797,0.49375552,c234,c5
11514,1,0.68656874,0.2189589,0.094472416,c1,c1
11516,1,0.118454546,0.24802834,0.63351715,c5,c5
11527,1,0.3299909,0.27949616,0.39051294,c1,c5
11533,1,0.37077877,0.3593656,0.26985562,c1,c1
11535,1,0.15567663,0.3660916,0.47823176,c234,c5
11537,1,0.1818747,0.28876072,0.5293646,c5,c5
11538,1,0.121985,0.22784235,0.65017265,c5,c5
11541,1,0.47310373,0.29711068,0.2297856,c234,c1
11544,1,0.363594,0.38968676,0.24671924,c234,c234
11549,1,0.09129138,0.30048615,0.60822254,c5,c5
11556,1,0.31715712,0.35479826,0.32804462,c1,c234
11559,1,0.4984047,0.29479077,0.20680447,c5,c1
11564,1,0.2047759,0.3289983,0.4662258,c234,c5
11575,1,0.6238354,0.24849318,0.12767151,c1,c1
11577,1,0.36521438,0.28294015,0.35184547,c5,c1
11584,1,0.09344114,0.20695426,0.69960463,c5,c5
11592,1,0.45349005,0.32918844,0.21732146,c1,c1
11593,1,0.30886564,0.29057777,0.40055662,c5,c5
11594,1,0.22542952,0.35176435,0.42280617,c5,c5
11596,1,0.4058576,0.35045886,0.24368356,c1,c1
11608,1,0.2137492,0.28168917,0.50456166,c1,c5
11609,1,0.22482884,0.4053273,0.36984393,c1,c234
11611,1,0.29748514,0.3787689,0.3237459,c234,c234
11616,1,0.111110464,0.30699655,0.581893,c5,c5
11618,1,0.53101957,0.33840296,0.13057749,c234,c1
11622,1,0.44643816,0.36341718,0.19014467,c1,c1
11623,1,0.39610916,0.31673232,0.28715855,c234,c1
11628,1,0.28057998,0.35134667,0.36807334,c5,c5
11632,1,0.33782312,0.31895262,0.34322423,c5,c5
11646,1,0.18534133,0.35335135,0.4613073,c5,c5
11647,1,0.5272014,0.28827488,0.18452372,c1,c1
11650,1,0.30938578,0.40549025,0.28512394,c234,c234
11651,1,0.24699458,0.34951612,0.40348935,c1,c5
11653,1,0.19393966,0.39378262,0.4122778,c5,c5
11657,1,0.577103,0.2987582,0.12413873,c1,c1
11662,1,0.46198788,0.37978902,0.158223,c1,c1
11672,1,0.5110792,0.27272743,0.21619332,c1,c1
11676,1,0.22481416,0.3366836,0.43850222,c5,c5
11685,1,0.40810913,0.26762816,0.32426274,c234,c1
11686,1,0.17032765,0.31680414,0.5128682,c5,c5
11692,1,0.17524683,0.3674146,0.45733854,c1,c5
11698,1,0.32655013,0.36996204,0.30348778,c234,c234
11699,1,0.13045508,0.3031506,0.5663944,c234,c5
11706,1,0.49170378,0.31923598,0.18906027,c1,c1
11707,1,0.23557986,0.4343568,0.3300633,c5,c234
11709,1,0.15657209,0.3006607,0.5427673,c1,c5
11712,1,0.10968533,0.22103018,0.6692846,c5,c5
11718,1,0.18701743,0.318691,0.4942916,c5,c5
11727,1,0.18538275,0.30400726,0.51061004,c234,c5
11732,1,0.3420325,0.2813311,0.37663642,c5,c5
11733,1,0.577103,0.2987582,0.12413873,c5,c1
11734,1,0.14111929,0.31486905,0.5440117,c234,c5
11738,1,0.35610119,0.32597753,0.31792134,c234,c1
11743,1,0.32282153,0.39281064,0.28436783,c5,c234
11744,1,0.49170378,0.31923598,0.18906027,c234,c1
11749,1,0.44826362,0.35604793,0.1956885,c1,c1
11755,1,0.40628022,0.28599343,0.30772638,c5,c1
11762,1,0.097744584,0.24271883,0.65953654,c5,c5
11769,1,0.12120483,0.35230544,0.5264898,c5,c5
11770,1,0.23829228,0.28163508,0.48007265,c5,c5
11778,1,0.32367834,0.4076223,0.26869935,c1,c234
11786,1,0.40628022,0.28599343,0.30772638,c5,c1
11792,1,0.2745613,0.46539408,0.2600446,c1,c234
11795,1,0.18203871,0.37058982,0.44737148,c234,c5
11799,1,0.0902898,0.2098532,0.699857,c5,c5
11805,1,0.42859045,0.39837018,0.1730394,c1,c1
11806,1,0.19535196,0.37832457,0.42632344,c234,c5
11812,1,0.34629855,0.42481208,0.22888936,c234,c234
11813,1,0.22903357,0.35359928,0.41736716,c1,c5
11817,1,0.6610386,0.23457398,0.10438741,c1,c1
11826,1,0.22454146,0.35210162,0.42335692,c5,c5
11831,1,0.21851155,0.29182243,0.48966604,c1,c5
11834,1,0.32494703,0.3230092,0.3520438,c1,c5
11836,1,0.1307122,0.28032154,0.5889663,c5,c5
11838,1,0.42695427,0.30745795,0.26558778,c1,c1
11842,1,0.49061385,0.33208755,0.17729856,c234,c1
11844,1,0.13804083,0.30359557,0.5583636,c234,c5
11849,1,0.57915115,0.29480112,0.12604779,c234,c1
11850,1,0.3960646,0.3628287,0.24110669,c1,c1
11853,1,0.2448746,0.41204473,0.34308064,c5,c234
11854,1,0.31183156,0.39397556,0.29419288,c5,c234
11857,1,0.59482723,0.2818826,0.123290166,c5,c1
11861,1,0.35068902,0.40667912,0.24263178,c1,c234
11862,1,0.4210091,0.3892272,0.18976368,c234,c1
11866,1,0.16385795,0.3138747,0.52226734,c234,c5
11870,1,0.21414429,0.376294,0.4095617,c1,c5
11873,1,0.115546234,0.2742864,0.6101674,c234,c5
11876,1,0.20337151,0.33551788,0.4611106,c5,c5
11898,1,0.20519744,0.3296655,0.46513703,c5,c5
11917,1,0.4090461,0.26816076,0.3227931,c1,c1
11928,1,0.32552037,0.42321324,0.25126645,c234,c234
11933,1,0.43655097,0.3586918,0.20475724,c5,c1
11941,1,0.250711,0.4465044,0.30278456,c5,c234
11948,1,0.3644128,0.40202868,0.23355849,c1,c234
11952,1,0.1420012,0.31867927,0.5393195,c234,c5
11956,1,0.21073844,0.35250437,0.4367572,c1,c5
11960,1,0.43314186,0.39863947,0.16821863,c1,c1
11961,1,0.3293021,0.37513486,0.29556307,c1,c234
11965,1,0.5140013,0.2838758,0.20212294,c234,c1
11967,1,0.17942046,0.30318075,0.51739883,c1,c5
11979,1,0.21250495,0.33248577,0.45500925,c234,c5
11989,1,0.15923044,0.26342547,0.57734406,c1,c5
11998,1,0.08033291,0.21957034,0.7000967,c5,c5
12000,1,0.208853,0.36635834,0.4247886,c1,c5
12004,1,0.0778509,0.20833981,0.71380925,c234,c5
12006,1,0.25541553,0.32326984,0.42131466,c5,c5
12008,1,0.10926074,0.27082762,0.6199117,c5,c5
12014,1,0.4641635,0.30967647,0.22616002,c5,c1
12019,1,0.39962888,0.30678034,0.29359072,c1,c1
12026,1,0.44482076,0.30382317,0.2513561,c1,c1
12033,1,0.13136336,0.25525776,0.6133789,c5,c5
12038,1,0.1911507,0.40230185,0.4065475,c5,c5
12051,1,0.42332107,0.28573492,0.29094404,c1,c1
12058,1,0.19669475,0.25848722,0.544818,c234,c5
12073,1,0.14354701,0.24706005,0.609393,c5,c5
12074,1,0.27719167,0.3982237,0.32458457,c1,c234
12086,1,0.103788786,0.2554413,0.6407699,c5,c5
12098,1,0.38089186,0.40387654,0.21523163,c234,c234
12100,1,0.17940344,0.36347935,0.45711726,c5,c5
12103,1,0.4734282,0.33673182,0.18984005,c1,c1
12104,1,0.18951292,0.41855803,0.391929,c1,c234
12109,1,0.27002585,0.42866504,0.30130914,c234,c234
12111,1,0.34071195,0.36844805,0.29084,c1,c234
12126,1,0.52047396,0.26382777,0.21569827,c5,c1
12130,1,0.08045498,0.17607339,0.7434716,c5,c5
12136,1,0.10778449,0.23805268,0.6541628,c5,c5
12147,1,0.12303192,0.26514217,0.6118259,c5,c5
12148,1,0.23557708,0.41996157,0.3444614,c1,c234
12149,1,0.3299909,0.27949616,0.39051294,c234,c5
12154,1,0.10582582,0.2553392,0.63883495,c5,c5
12165,1,0.39708266,0.3910219,0.21189539,c234,c1
12168,1,0.1239909,0.25031567,0.62569344,c5,c5
12171,1,0.577103,0.2987582,0.12413873,c1,c1
12173,1,0.4555225,0.3458143,0.19866323,c234,c1
12177,1,0.47871646,0.3373965,0.183887,c1,c1
12190,1,0.48088714,0.37387583,0.14523701,c5,c1
12194,1,0.2580852,0.30843535,0.43347943,c5,c5
12198,1,0.4706269,0.3474424,0.18193075,c1,c1
12199,1,0.32683352,0.32351908,0.34964743,c1,c5
12207,1,0.42392412,0.36873904,0.20733681,c5,c1
12216,1,0.41860294,0.30125087,0.28014618,c234,c1
12221,1,0.21054335,0.4028222,0.38663444,c5,c234
12222,1,0.17749123,0.33720228,0.48530647,c234,c5
12226,1,0.36814645,0.33502218,0.29683134,c5,c1
12245,1,0.16813368,0.32026157,0.5116047,c5,c5
12246,1,0.1388546,0.31862795,0.5425174,c5,c5
12247,1,0.13376273,0.34015778,0.5260795,c5,c5
12249,1,0.37093198,0.38229808,0.24676995,c234,c234
12257,1,0.49623343,0.3285914,0.1751752,c234,c1
12261,1,0.13182414,0.24812064,0.62005526,c234,c5
12264,1,0.42221025,0.3811559,0.19663382,c5,c1
12270,1,0.21582198,0.35970622,0.42447177,c1,c5
12278,1,0.36199638,0.4183881,0.21961549,c5,c234
12287,1,0.2604487,0.41119635,0.32835498,c234,c234
12291,1,0.57409936,0.26133814,0.16456255,c234,c1
12294,1,0.14800139,0.31366336,0.5383352,c234,c5
12300,1,0.28549305,0.41854566,0.29596123,c5,c234
12312,1,0.577103,0.2987582,0.12413873,c234,c1
12317,1,0.35089448,0.28703922,0.3620662,c1,c5
12327,1,0.16085725,0.2757735,0.5633692,c234,c5
12331,1,0.27672362,0.3191686,0.4041077,c1,c5
12332,1,0.48464152,0.3194499,0.19590853,c1,c1
12333,1,0.31168765,0.42462465,0.26368764,c5,c234
12339,1,0.27583006,0.42373413,0.3004358,c5,c234
12343,1,0.41170233,0.39227408,0.19602361,c1,c1
12347,1,0.37364465,0.3695847,0.2567706,c5,c1
12348,1,0.33429855,0.31921387,0.34648752,c5,c5
12366,1,0.12913834,0.3292886,0.54157305,c1,c5
12368,1,0.18191233,0.25666282,0.5614249,c5,c5
12370,1,0.4276876,0.2790841,0.29322833,c5,c1
12371,1,0.1390863,0.25556916,0.60534453,c234,c5
12372,1,0.12738709,0.2538038,0.6188091,c234,c5
12378,1,0.18487993,0.29635832,0.51876175,c5,c5
12382,1,0.38784853,0.38202196,0.2301295,c234,c1
12409,1,0.4557438,0.2857199,0.25853634,c5,c1
12413,1,0.5689842,0.2830938,0.14792193,c234,c1
12418,1,0.26306498,0.44081992,0.2961151,c234,c234
12422,1,0.16391928,0.37500894,0.46107182,c234,c5
12423,1,0.3745158,0.28999573,0.3354885,c1,c1
12429,1,0.43187314,0.3889285,0.17919834,c5,c1
12435,1,0.42606616,0.3936141,0.1803197,c5,c1
12446,1,0.13394164,0.30980033,0.556258,c5,c5
12447,1,0.48348367,0.34934726,0.1671691,c1,c1
12450,1,0.1814044,0.2482533,0.5703423,c234,c5
12454,1,0.19112523,0.33235794,0.47651684,c5,c5
12455,1,0.71046436,0.19565795,0.09387772,c1,c1
12456,1,0.53163695,0.34337637,0.12498665,c234,c1
12460,1,0.19837421,0.36664078,0.43498498,c1,c5
12483,1,0.12496823,0.2316545,0.6433773,c5,c5
12495,1,0.557418,0.27797037,0.16461161,c234,c1
12499,1,0.4705476,0.3202399,0.20921245,c5,c1
12503,1,0.53040665,0.31568778,0.15390559,c234,c1
12511,1,0.5854689,0.27915487,0.13537621,c234,c1
12524,1,0.091644935,0.2298616,0.67849344,c234,c5
12526,1,0.18088889,0.30819106,0.51092005,c5,c5
12528,1,0.30343804,0.45274267,0.24381931,c234,c234
12532,1,0.1860641,0.2705235,0.54341245,c5,c5
12545,1,0.36816442,0.40684983,0.22498572,c234,c234
12556,1,0.34365714,0.4345559,0.22178695,c1,c234
12579,1,0.278328,0.32484278,0.39682922,c234,c5
12582,1,0.16560301,0.3359984,0.49839857,c5,c5
12586,1,0.36981013,0.35490024,0.27528962,c1,c1
12590,1,0.17238714,0.33013198,0.49748093,c5,c5
12599,1,0.26775494,0.39903894,0.3332061,c234,c234
12603,1,0.2108197,0.36930066,0.41987962,c234,c5
12612,1,0.30393186,0.39128178,0.30478638,c5,c234
12618,1,0.12158848,0.24195524,0.6364563,c5,c5
12628,1,0.27672362,0.3191686,0.4041077,c5,c5
12629,1,0.46271545,0.33110183,0.2061827,c1,c1
12631,1,0.3470433,0.334776,0.31818068,c234,c1
12632,1,0.39347526,0.3472142,0.25931048,c1,c1
12637,1,0.58324754,0.23376238,0.18299009,c1,c1
12641,1,0.2906194,0.39190745,0.3174732,c234,c234
12647,1,0.11877601,0.26009655,0.6211274,c5,c5
12649,1,0.12581198,0.26422286,0.60996515,c5,c5
12654,1,0.21528015,0.3736888,0.411031,c234,c5
12661,1,0.5281177,0.325086,0.14679627,c5,c1
12664,1,0.45520422,0.3145035,0.23029235,c5,c1
12670,1,0.1345044,0.2737705,0.59172505,c5,c5
12675,1,0.3477751,0.34670216,0.3055227,c5,c1
12678,1,0.43673253,0.3813436,0.1819239,c5,c1
12690,1,0.4090461,0.26816076,0.3227931,c234,c1
12695,1,0.13573083,0.24879538,0.6154738,c1,c5
12696,1,0.25806317,0.38223156,0.35970533,c1,c234
12697,1,0.16435148,0.30160674,0.53404176,c5,c5
12699,1,0.42753386,0.4020724,0.1703937,c5,c1
12703,1,0.33090493,0.32486138,0.34423372,c5,c5
12712,1,0.3711275,0.31184542,0.3170271,c1,c1
12717,1,0.6280551,0.25977984,0.11216508,c5,c1
12726,1,0.121192664,0.2869184,0.5918889,c234,c5
12732,1,0.27577692,0.29557666,0.4286464,c5,c5
12734,1,0.577103,0.2987582,0.12413873,c234,c1
12740,1,0.45540255,0.37400994,0.17058747,c234,c1
12744,1,0.27672362,0.3191686,0.4041077,c5,c5
12746,1,0.10190787,0.31507885,0.58301324,c234,c5
12750,1,0.13759936,0.26789793,0.5945027,c5,c5
12756,1,0.3804649,0.38747197,0.2320631,c1,c234
12762,1,0.45703346,0.31820506,0.22476149,c234,c1
12770,1,0.23199624,0.31857562,0.44942817,c234,c5
12773,1,0.5989544,0.2613286,0.13971701,c1,c1
12777,1,0.18394448,0.41721582,0.39883977,c1,c234
12780,1,0.161869,0.32596812,0.5121629,c234,c5
12784,1,0.23596594,0.37446934,0.3895648,c5,c5
12785,1,0.77319807,0.1650459,0.06175602,c1,c1
12796,1,0.23276505,0.4145941,0.3526408,c5,c234
12803,1,0.1572424,0.35210907,0.49064854,c5,c5
12819,1,0.25959757,0.42852682,0.31187558,c5,c234
12822,1,0.38331267,0.40357596,0.21311137,c1,c234
12833,1,0.17241953,0.25277478,0.57480574,c234,c5
12839,1,0.31458256,0.32406372,0.36135373,c5,c5
12840,1,0.12630999,0.26844484,0.6052452,c5,c5
12850,1,0.14079766,0.34393448,0.5152679,c5,c5
12856,1,0.3143667,0.3676774,0.3179559,c5,c234
12863,1,0.17925522,0.35111466,0.4696301,c234,c5
12864,1,0.41916522,0.35701883,0.22381589,c5,c1
12867,1,0.1000107,0.25888804,0.6411012,c5,c5
12868,1,0.12581366,0.31087905,0.5633073,c234,c5
12870,1,0.1894538,0.36015704,0.45038912,c5,c5
12872,1,0.41306132,0.37003988,0.21689881,c1,c1
12874,1,0.22764625,0.40463609,0.36771768,c234,c234
12876,1,0.29068765,0.36385927,0.34545305,c5,c234
12883,1,0.21766672,0.3338526,0.44848064,c234,c5
12884,1,0.11310231,0.2395253,0.64737236,c5,c5
12887,1,0.4454862,0.2972835,0.2572303,c5,c1
12889,1,0.54785854,0.27200538,0.18013605,c1,c1
12894,1,0.3794051,0.3759015,0.24469337,c5,c1
12897,1,0.11677669,0.2781903,0.605033,c5,c5
12900,1,0.4220369,0.3843628,0.19360034,c1,c1
12902,1,0.46281087,0.3812559,0.15593323,c234,c1
12904,1,0.3794051,0.3759015,0.24469337,c5,c1
12905,1,0.19670442,0.2581846,0.54511094,c5,c5
12909,1,0.5755036,0.30076215,0.12373425,c1,c1
12918,1,0.2323783,0.32589087,0.44173083,c5,c5
12922,1,0.23189268,0.43908912,0.32901815,c1,c234
12923,1,0.51462275,0.34386045,0.1415168,c1,c1
12929,1,0.4262201,0.36014217,0.2136378,c1,c1
12930,1,0.62017083,0.26869294,0.11113623,c1,c1
12933,1,0.18064795,0.30006418,0.5192878,c234,c5
12939,1,0.4165123,0.2986871,0.28480053,c1,c1
12945,1,0.23616938,0.3184414,0.44538924,c234,c5
12947,1,0.48612732,0.3306613,0.18321137,c234,c1
12950,1,0.44413966,0.39243063,0.16342975,c1,c1
12951,1,0.27895427,0.43126237,0.2897834,c234,c234
12970,1,0.34640017,0.35538945,0.29821035,c5,c234
12972,1,0.5408356,0.32931727,0.1298471,c1,c1
12974,1,0.18536232,0.25308207,0.5615556,c1,c5
12975,1,0.3119756,0.38284755,0.3051768,c1,c234
12977,1,0.24643241,0.38931686,0.36425072,c5,c234
12986,1,0.5115037,0.31682906,0.17166723,c234,c1
12989,1,0.31083557,0.37289384,0.31627053,c5,c234
12990,1,0.14340615,0.23881532,0.6177785,c1,c5
12991,1,0.35773665,0.3662453,0.27601808,c234,c234
12992,1,0.19564492,0.41010517,0.3942499,c1,c234
13002,1,0.5961108,0.24076235,0.16312684,c1,c1
13011,1,0.33565632,0.41213417,0.2522095,c234,c234
13016,1,0.5212793,0.30724022,0.17148049,c1,c1
13031,1,0.4543835,0.3850188,0.1605977,c5,c1
13033,1,0.59594893,0.23280787,0.17124319,c234,c1
13038,1,0.4056322,0.29745597,0.29691184,c5,c1
13046,1,0.19386388,0.26718917,0.5389469,c5,c5
13049,1,0.23195364,0.32599095,0.4420553,c5,c5
13060,1,0.14060539,0.31723163,0.542163,c234,c5
13065,1,0.47238666,0.30985546,0.21775788,c1,c1
13071,1,0.443296,0.36275843,0.19394557,c234,c1
13076,1,0.16416459,0.32471162,0.5111238,c1,c5
13078,1,0.1537615,0.259395,0.5868435,c5,c5
13081,1,0.35112548,0.39505213,0.25382242,c5,c234
13082,1,0.26207206,0.356755,0.38117298,c5,c5
13083,1,0.32683352,0.32351908,0.34964743,c234,c5
13105,1,0.20282818,0.2972464,0.49992537,c1,c5
13107,1,0.71046436,0.19565795,0.09387772,c1,c1
13114,1,0.1731809,0.36954454,0.45727453,c234,c5
13116,1,0.19700587,0.38867283,0.41432127,c5,c5
13134,1,0.35189605,0.44809467,0.20000932,c234,c234
13136,1,0.36426154,0.35065183,0.2850866,c5,c1
13140,1,0.20547351,0.3693042,0.42522228,c234,c5
13143,1,0.110854514,0.31000856,0.5791369,c5,c5
13153,1,0.18928777,0.3197372,0.49097508,c1,c5
13156,1,0.47533825,0.3796209,0.14504078,c1,c1
13163,1,0.14180943,0.31643423,0.5417563,c1,c5
13166,1,0.2685723,0.3235253,0.4079024,c5,c5
13170,1,0.10780518,0.2855977,0.60659707,c1,c5
13174,1,0.12262752,0.26277483,0.6145977,c5,c5
13177,1,0.08430013,0.22351557,0.69218427,c5,c5
13180,1,0.577103,0.2987582,0.12413873,c1,c1
13185,1,0.35594857,0.30650058,0.33755085,c1,c1
13187,1,0.20303938,0.2914802,0.5054804,c234,c5
13189,1,0.13222605,0.25487238,0.61290157,c5,c5
13192,1,0.22727515,0.37403926,0.39868554,c234,c5
13197,1,0.15920238,0.25015494,0.59064275,c5,c5
13198,1,0.728631,0.19620414,0.0751648,c5,c1
13202,1,0.24772467,0.43946588,0.31280947,c234,c234
13204,1,0.13068923,0.27756554,0.5917452,c5,c5
13208,1,0.12801977,0.26063532,0.6113449,c5,c5
13209,1,0.2989683,0.4195592,0.28147247,c1,c234
13217,1,0.44649625,0.35027716,0.2032266,c234,c1
13218,1,0.09487538,0.24494913,0.66017544,c5,c5
13222,1,0.33328056,0.38269156,0.28402793,c1,c234
13225,1,0.12323888,0.2401147,0.6366464,c5,c5
13232,1,0.23648405,0.31315666,0.45035937,c5,c5
13238,1,0.3411859,0.43041673,0.22839737,c1,c234
13247,1,0.47332385,0.30089968,0.22577648,c5,c1
13248,1,0.23552479,0.3567293,0.4077459,c234,c5
13249,1,0.4917194,0.2682258,0.2400548,c1,c1
13251,1,0.47694296,0.3605872,0.16246988,c1,c1
13258,1,0.13455994,0.3117747,0.5536654,c234,c5
13270,1,0.32097065,0.38827676,0.29075262,c234,c234
13273,1,0.08735956,0.18403937,0.72860104,c5,c5
13276,1,0.26904276,0.44001713,0.29094008,c5,c234
13279,1,0.34418547,0.3029881,0.35282645,c5,c5
13284,1,0.21398439,0.2989432,0.48707238,c5,c5
13285,1,0.4304687,0.2758696,0.29366168,c234,c1
13286,1,0.58287525,0.29026642,0.12685832,c5,c1
13287,1,0.2318854,0.4334306,0.33468398,c234,c234
13288,1,0.43102062,0.35113454,0.21784481,c1,c1
13297,1,0.32667223,0.3337461,0.3395817,c234,c5
13298,1,0.4419263,0.36254373,0.19552994,c5,c1
13299,1,0.2831377,0.35726756,0.3595947,c234,c5
13300,1,0.39255407,0.39732686,0.21011907,c5,c234
13304,1,0.120863825,0.21869588,0.66044027,c5,c5
13311,1,0.54785854,0.27200538,0.18013605,c1,c1
13313,1,0.30699927,0.38120493,0.31179574,c5,c234
13317,1,0.40454242,0.40548176,0.18997587,c234,c234
13323,1,0.47537494,0.3766038,0.14802125,c1,c1
13324,1,0.21662721,0.30986884,0.47350398,c5,c5
13329,1,0.32663962,0.3614027,0.3119577,c1,c234
13343,1,0.4181111,0.32838455,0.25350434,c5,c1
13347,1,0.13472636,0.2794773,0.5857964,c5,c5
13365,1,0.14107677,0.27160087,0.58732235,c5,c5
13366,1,0.293681,0.37757748,0.32874152,c1,c234
13368,1,0.21871898,0.3441773,0.43710372,c5,c5
13369,1,0.14580128,0.32438377,0.52981496,c5,c5
13372,1,0.40717474,0.40797076,0.18485458,c234,c234
13373,1,0.19489339,0.3346046,0.47050202,c234,c5
13379,1,0.14591692,0.30232176,0.55176127,c1,c5
13385,1,0.59311205,0.27992702,0.12696095,c5,c1
13387,1,0.6250201,0.25891033,0.1160696,c234,c1
13393,1,0.5935559,0.25460058,0.15184349,c5,c1
13395,1,0.3870517,0.35450184,0.25844648,c1,c1
13396,1,0.3482018,0.35866335,0.2931348,c5,c234
13412,1,0.12981726,0.26609147,0.60409135,c234,c5
13414,1,0.41726342,0.3375598,0.24517678,c5,c1
13417,1,0.45081255,0.32305744,0.22613002,c1,c1
13418,1,0.32073134,0.43077534,0.2484933,c1,c234
13426,1,0.49999744,0.31718305,0.18281953,c1,c1
13427,1,0.23540564,0.29368317,0.47091118,c5,c5
13433,1,0.22516355,0.3331258,0.44171068,c1,c5
13434,1,0.27248138,0.4364351,0.29108354,c234,c234
13436,1,0.5772616,0.22397137,0.19876704,c5,c1
13437,1,0.13196248,0.25755125,0.6104863,c234,c5
13452,1,0.11166364,0.2285881,0.65974826,c5,c5
13453,1,0.34723905,0.41346547,0.23929545,c234,c234
13461,1,0.27847597,0.34528103,0.37624297,c5,c5
13463,1,0.32085082,0.34521154,0.33393764,c234,c234
13469,1,0.25735846,0.4198812,0.3227604,c234,c234
13470,1,0.6275231,0.23059937,0.14187753,c1,c1
13474,1,0.4762941,0.36216855,0.1615374,c1,c1
13478,1,0.15749086,0.2469828,0.59552634,c5,c5
13479,1,0.21904294,0.3375048,0.4434522,c5,c5
13480,1,0.27596322,0.37895077,0.34508598,c5,c234
13481,1,0.2401129,0.33241388,0.42747313,c5,c5
13487,1,0.45701757,0.31696314,0.22601928,c1,c1
13495,1,0.3299909,0.27949616,0.39051294,c5,c5
13500,1,0.46181586,0.35891697,0.17926715,c234,c1
13505,1,0.32502326,0.29401067,0.38096604,c234,c5
13507,1,0.11752356,0.31960842,0.56286794,c5,c5
13524,1,0.38188815,0.42353803,0.19457376,c1,c234
13525,1,0.4854005,0.28681898,0.22778052,c234,c1
13528,1,0.41582304,0.3864087,0.19776823,c5,c1
13536,1,0.4132715,0.34593412,0.24079444,c5,c1
13540,1,0.37045896,0.43427515,0.19526583,c5,c234
13547,1,0.11403293,0.24901003,0.636957,c5,c5
13548,1,0.27892032,0.36428615,0.3567935,c1,c234
13549,1,0.35064468,0.36898533,0.28036997,c5,c234
13563,1,0.20682107,0.41161415,0.3815648,c234,c234
13567,1,0.21256773,0.35991648,0.42751575,c5,c5
13587,1,0.34684768,0.3234518,0.32970047,c5,c1
13599,1,0.19770846,0.3611862,0.44110534,c234,c5
13604,1,0.74690163,0.1830808,0.070017554,c1,c1
13612,1,0.14819042,0.37878722,0.4730223,c5,c5
13623,1,0.3890232,0.36415094,0.24682584,c234,c1
13625,1,0.23097311,0.3380388,0.43098813,c234,c5
13626,1,0.08335005,0.20847045,0.70817953,c5,c5
13631,1,0.3214105,0.40007508,0.27851436,c5,c234
13635,1,0.31920403,0.32385498,0.356941,c1,c5
13649,1,0.577103,0.2987582,0.12413873,c1,c1
13665,1,0.22504885,0.44652623,0.32842493,c234,c234
13667,1,0.12835626,0.30225936,0.5693844,c5,c5
13670,1,0.27936408,0.28487402,0.4357619,c1,c5
13672,1,0.19595066,0.376106,0.42794335,c1,c5
13673,1,0.5308437,0.33533064,0.13382564,c5,c1
13687,1,0.15449867,0.3324475,0.51305383,c234,c5
13689,1,0.49630168,0.2790124,0.2246859,c234,c1
13690,1,0.119005665,0.24484041,0.63615394,c5,c5
13693,1,0.13215475,0.28189707,0.5859482,c5,c5
13694,1,0.18015064,0.37473357,0.44511577,c234,c5
13707,1,0.2685723,0.3235253,0.4079024,c5,c5
13715,1,0.41101778,0.36458635,0.22439589,c1,c1
13716,1,0.18111153,0.30282378,0.5160647,c5,c5
13721,1,0.30599067,0.4559943,0.23801504,c1,c234
13723,1,0.28988823,0.42415994,0.28595188,c5,c234
13726,1,0.32751104,0.304028,0.36846098,c5,c5
13727,1,0.12655155,0.28253752,0.5909109,c5,c5
13728,1,0.32494703,0.3230092,0.3520438,c234,c5
13731,1,0.31064424,0.41939753,0.2699583,c5,c234
13733,1,0.46262693,0.31289533,0.22447772,c1,c1
13735,1,0.12843156,0.27217188,0.5993966,c5,c5
13747,1,0.11054575,0.26316997,0.6262843,c5,c5
13766,1,0.15563153,0.3627608,0.48160768,c1,c5
13767,1,0.55510664,0.3158465,0.1290469,c5,c1
13768,1,0.5386985,0.2983659,0.16293564,c5,c1
13769,1,0.12407843,0.23305744,0.6428641,c234,c5
13773,1,0.13578805,0.32162455,0.54258746,c234,c5
13774,1,0.27532572,0.45062277,0.27405152,c5,c234
13780,1,0.12806326,0.28122228,0.5907145,c1,c5
13783,1,0.14025213,0.34421584,0.5155321,c234,c5
13785,1,0.1547516,0.27752966,0.5677187,c234,c5
13800,1,0.20526652,0.43934962,0.3553838,c5,c234
13808,1,0.5064802,0.35010132,0.14341845,c1,c1
13809,1,0.54453176,0.2926076,0.16286066,c1,c1
13824,1,0.22969662,0.40599445,0.3643089,c234,c234
13829,1,0.14085034,0.2899779,0.5691717,c1,c5
13844,1,0.18369026,0.33775502,0.4785547,c5,c5
13846,1,0.38916358,0.33264586,0.2781906,c1,c1
13847,1,0.22957411,0.29370144,0.47672448,c234,c5
13851,1,0.5396063,0.29726318,0.16313052,c234,c1
13854,1,0.33570296,0.40112227,0.2631748,c234,c234
13858,1,0.48113665,0.33766556,0.18119773,c1,c1
13863,1,0.16391928,0.37500894,0.46107182,c5,c5
13864,1,0.7331392,0.20063716,0.06622372,c1,c1
13872,1,0.26916805,0.40352693,0.32730505,c1,c234
13875,1,0.27606395,0.35785344,0.36608264,c5,c5
13878,1,0.24287385,0.3507364,0.40638977,c234,c5
13888,1,0.1010151,0.20833491,0.69065005,c5,c5
13896,1,0.23843881,0.39287928,0.3686819,c1,c234
13909,1,0.32970688,0.2798186,0.3904746,c234,c5
13912,1,0.4618657,0.32261136,0.2155229,c234,c1
13917,1,0.4569263,0.28119498,0.2618787,c234,c1
13920,1,0.27175316,0.3807329,0.34751394,c5,c234
13922,1,0.14771228,0.26032132,0.5919664,c5,c5
13923,1,0.22829938,0.32443923,0.44726136,c5,c5
13927,1,0.17572522,0.3676987,0.45657617,c5,c5
13933,1,0.18955015,0.28285152,0.52759826,c234,c5
13936,1,0.16121015,0.30357942,0.53521043,c5,c5
13937,1,0.62712497,0.22779602,0.14507903,c5,c1
13946,1,0.45240384,0.38128793,0.16630824,c1,c1
13948,1,0.34270826,0.31566948,0.3416223,c5,c1
13951,1,0.40418628,0.3147806,0.28103313,c1,c1
13952,1,0.20521358,0.4136834,0.38110304,c5,c234
13962,1,0.525537,0.28948605,0.18497695,c1,c1
13966,1,0.19023654,0.4116275,0.398136,c5,c234
13986,1,0.2715304,0.33252612,0.39594343,c234,c5
13991,1,0.14970885,0.24502696,0.60526425,c234,c5
13995,1,0.20603028,0.28354165,0.510428,c5,c5
13998,1,0.14205895,0.38016945,0.47777155,c1,c5
14000,1,0.34255043,0.3705012,0.2869484,c5,c234
14005,1,0.23463154,0.460172,0.30519646,c234,c234
14010,1,0.1229323,0.28193638,0.5951314,c234,c5
14013,1,0.15169989,0.2942173,0.5540828,c5,c5
14018,1,0.44861045,0.38990226,0.1614873,c234,c1
14021,1,0.5918509,0.29909453,0.10905457,c1,c1
14033,1,0.079712674,0.22014748,0.7001399,c234,c5
14044,1,0.24262561,0.30640814,0.4509663,c234,c5
14047,1,0.17667934,0.3462118,0.47710887,c234,c5
14051,1,0.2683479,0.28596887,0.44568324,c234,c5
14058,1,0.30129203,0.3732515,0.3254564,c1,c234
14065,1,0.2862671,0.42493868,0.28879422,c234,c234
14073,1,0.4145284,0.36952272,0.21594892,c234,c1
14074,1,0.550288,0.29846144,0.15125057,c234,c1
14077,1,0.2768052,0.3191653,0.4040295,c1,c5
14087,1,0.46748656,0.34340104,0.18911235,c1,c1
14088,1,0.16116449,0.31476572,0.5240698,c5,c5
14089,1,0.19698702,0.2670236,0.5359894,c1,c5
14092,1,0.16363768,0.30007693,0.5362854,c5,c5
14095,1,0.39468014,0.34746,0.25785992,c234,c1
14122,1,0.25478542,0.3367744,0.40844017,c234,c5
14124,1,0.16699615,0.35002044,0.4829835,c5,c5
14129,1,0.48717773,0.31535897,0.19746333,c1,c1
14134,1,0.27942258,0.41589397,0.3046834,c234,c234
14142,1,0.26913857,0.3042303,0.42663112,c234,c5
14145,1,0.29073933,0.43773198,0.2715287,c234,c234
14146,1,0.18019205,0.29045254,0.5293554,c234,c5
14148,1,0.073873565,0.24944626,0.6766802,c5,c5
14149,1,0.44075516,0.29637897,0.26286584,c1,c1
14157,1,0.1876709,0.3523531,0.459976,c234,c5
14158,1,0.086087495,0.22004692,0.6938656,c234,c5
14160,1,0.1434686,0.33735213,0.5191792,c234,c5
14162,1,0.61130124,0.25493717,0.13376154,c1,c1
14163,1,0.3133864,0.38353574,0.30307785,c1,c234
14169,1,0.3611772,0.4246626,0.21416028,c234,c234
14172,1,0.43088484,0.33689713,0.23221804,c234,c1
14185,1,0.37614393,0.39762682,0.22622928,c234,c234
14191,1,0.35364604,0.4029777,0.24337628,c234,c234
14194,1,0.3113388,0.33160055,0.35706064,c5,c5
14195,1,0.17375575,0.2694469,0.5567974,c1,c5
14196,1,0.48738867,0.3595095,0.15310177,c234,c1
14199,1,0.66644466,0.2195958,0.11395958,c1,c1
14214,1,0.21307705,0.29295328,0.49396968,c5,c5
14216,1,0.2720527,0.31427956,0.41366777,c234,c5
14221,1,0.23013061,0.3380879,0.4317814,c1,c5
14231,1,0.2612905,0.45036855,0.28834093,c234,c234
14236,1,0.3133835,0.30178294,0.3848336,c234,c5
14237,1,0.30095133,0.39201176,0.30703694,c5,c234
14241,1,0.25569588,0.39821097,0.34609315,c234,c234
14244,1,0.15304609,0.35783565,0.48911825,c5,c5
14246,1,0.22048256,0.31127203,0.46824536,c5,c5
14256,1,0.2632026,0.354167,0.3826304,c234,c5
14259,1,0.18595175,0.2732133,0.54083496,c1,c5
14261,1,0.13570952,0.31909642,0.54519403,c1,c5
14263,1,0.39097294,0.32874024,0.28028688,c1,c1
14267,1,0.5148508,0.3337748,0.15137437,c5,c1
14268,1,0.15850289,0.4193875,0.4221096,c5,c5
14274,1,0.13433696,0.2496301,0.61603296,c5,c5
14276,1,0.1566974,0.27818635,0.5651162,c1,c5
14282,1,0.25467882,0.39757225,0.34774897,c234,c234
14285,1,0.21307565,0.41038832,0.37653604,c5,c234
14289,1,0.09895282,0.22085351,0.68019366,c5,c5
14292,1,0.2848249,0.30275077,0.4124244,c1,c5
14294,1,0.16397524,0.28292638,0.5530983,c5,c5
14295,1,0.3299909,0.27949616,0.39051294,c234,c5
14296,1,0.25466704,0.37152347,0.37380943,c234,c5
14298,1,0.37411726,0.40198213,0.22390068,c234,c234
14299,1,0.35133556,0.40346947,0.24519503,c234,c234
14303,1,0.2833972,0.38282183,0.3337809,c1,c234
14308,1,0.2950603,0.42826334,0.2766764,c1,c234
14311,1,0.2800101,0.42618337,0.2938065,c5,c234
14317,1,0.0879493,0.27475786,0.63729286,c5,c5
14325,1,0.22840175,0.30693576,0.46466246,c1,c5
14335,1,0.45084035,0.31697357,0.23218608,c5,c1
14336,1,0.19330995,0.34825432,0.45843577,c1,c5
14347,1,0.4983262,0.33846274,0.16321102,c234,c1
14350,1,0.1787857,0.29083616,0.53037816,c1,c5
14352,1,0.23861663,0.39669156,0.3646918,c5,c234
14356,1,0.42304963,0.3915914,0.18535897,c1,c1
14357,1,0.37976906,0.39906484,0.22116609,c234,c234
14358,1,0.12549895,0.2564719,0.6180292,c234,c5
14360,1,0.13909599,0.2840856,0.5768184,c5,c5
14361,1,0.31919837,0.32388875,0.35691288,c5,c5
14362,1,0.17241953,0.25277478,0.57480574,c1,c5
14380,1,0.20866218,0.40590608,0.3854317,c5,c234
14393,1,0.17999157,0.28657427,0.5334342,c5,c5
14404,1,0.34315583,0.38026798,0.2765762,c234,c234
14406,1,0.27550918,0.3232846,0.40120617,c5,c5
14407,1,0.20975228,0.3844067,0.40584096,c1,c5
14424,1,0.68385404,0.202641,0.11350491,c1,c1
14426,1,0.12523839,0.24646525,0.6282964,c1,c5
14430,1,0.16499953,0.33513394,0.49986652,c5,c5
14433,1,0.10348834,0.22267073,0.6738409,c5,c5
14434,1,0.17577606,0.29157993,0.53264403,c5,c5
14441,1,0.34607354,0.34048337,0.31344312,c5,c1
14442,1,0.17990863,0.2734586,0.54663277,c234,c5
14445,1,0.37831205,0.37458986,0.24709813,c5,c1
14454,1,0.37254247,0.30737233,0.32008517,c1,c1
14455,1,0.12835266,0.32355613,0.54809123,c234,c5
14460,1,0.40287277,0.36287832,0.23424895,c1,c1
14463,1,0.25616747,0.40065354,0.34317905,c234,c234
14467,1,0.2321342,0.3978492,0.37001663,c5,c234
14485,1,0.57366776,0.27513963,0.15119258,c1,c1
14486,1,0.25574487,0.35717496,0.38708022,c1,c5
14501,1,0.42489308,0.36971724,0.20538965,c234,c1
14515,1,0.39721456,0.40962344,0.19316202,c5,c234
14519,1,0.16448787,0.27332163,0.5621905,c5,c5
14520,1,0.52161103,0.23776378,0.24062519,c1,c1
14521,1,0.5040791,0.33094656,0.16497433,c234,c1
14523,1,0.44529817,0.3791673,0.17553456,c234,c1
14530,1,0.45118424,0.35735208,0.19146368,c234,c1
14534,1,0.39480978,0.37402663,0.23116362,c1,c1
14535,1,0.24100994,0.3340378,0.42495227,c5,c5
14544,1,0.22589353,0.33618,0.4379265,c234,c5
14545,1,0.3590103,0.4079682,0.2330215,c234,c234
14547,1,0.26220357,0.35198388,0.38581255,c234,c5
14568,1,0.2103197,0.4040925,0.38558778,c5,c234
14571,1,0.26535776,0.30727598,0.42736626,c234,c5
14582,1,0.407946,0.41109535,0.18095866,c5,c234
14591,1,0.2145732,0.32187667,0.46355018,c1,c5
14594,1,0.17241953,0.25277478,0.57480574,c5,c5
14607,1,0.34821224,0.3951184,0.2566694,c234,c234
14612,1,0.43278676,0.34257677,0.22463648,c234,c1
14613,1,0.22502647,0.3700815,0.40489203,c234,c5
14617,1,0.45044744,0.38299042,0.16656213,c234,c1
14618,1,0.21879244,0.36362353,0.417584,c5,c5
14625,1,0.5816732,0.25044954,0.16787726,c1,c1
14633,1,0.49476156,0.33278614,0.17245232,c1,c1
14643,1,0.38579294,0.41831446,0.19589259,c5,c234
14645,1,0.4090367,0.26813823,0.32282504,c5,c1
14646,1,0.25862145,0.3085862,0.43279234,c1,c5
14653,1,0.4275098,0.36995634,0.20253384,c234,c1
14666,1,0.2315844,0.38170746,0.3867081,c234,c5
14686,1,0.577103,0.2987582,0.12413873,c1,c1
14687,1,0.25191814,0.38341483,0.36466706,c5,c234
14695,1,0.28246582,0.36055923,0.3569749,c5,c234
14705,1,0.577103,0.2987582,0.12413873,c234,c1
14709,1,0.4090367,0.26813823,0.32282504,c1,c1
14731,1,0.25707474,0.39576653,0.3471587,c5,c234
14733,1,0.35525826,0.39761546,0.24712627,c234,c234
14734,1,0.20762885,0.3199959,0.4723752,c234,c5
14746,1,0.29954505,0.35436824,0.34608668,c5,c234
14759,1,0.087367564,0.23872496,0.6739075,c5,c5
14762,1,0.22368781,0.33878016,0.43753198,c234,c5
14767,1,0.40022284,0.4065254,0.19325182,c234,c234
14771,1,0.26429805,0.38450447,0.35119748,c234,c234
14772,1,0.44555438,0.38644338,0.16800226,c5,c1
14774,1,0.36552942,0.3849348,0.24953577,c234,c234
14782,1,0.10183239,0.25519538,0.6429723,c5,c5
14783,1,0.5308437,0.33533064,0.13382564,c1,c1
14785,1,0.42722204,0.32428023,0.24849772,c1,c1
14787,1,0.57493174,0.30042663,0.12464164,c5,c1
14812,1,0.13728546,0.27961877,0.5830957,c5,c5
14813,1,0.577103,0.2987582,0.12413873,c234,c1
14820,1,0.3236283,0.2888265,0.3875452,c5,c5
14824,1,0.18746036,0.29215747,0.52038217,c1,c5
14826,1,0.40395933,0.33121473,0.264826,c234,c1
14831,1,0.53713423,0.27832162,0.18454413,c1,c1
14842,1,0.37528333,0.344516,0.28020066,c234,c1
14844,1,0.43845066,0.31367186,0.24787752,c1,c1
14849,1,0.19515665,0.36574847,0.4390949,c5,c5
14856,1,0.34382275,0.40073705,0.25544015,c234,c234
14881,1,0.48261237,0.30577636,0.21161126,c1,c1
14887,1,0.37199593,0.27912694,0.34887713,c5,c1
14889,1,0.11751817,0.28596663,0.5965152,c234,c5
14890,1,0.5025128,0.3421197,0.15536746,c234,c1
14893,1,0.4836323,0.26601335,0.25035444,c234,c1
14906,1,0.1418067,0.26638913,0.5918042,c5,c5
14918,1,0.31775427,0.44521558,0.2370302,c234,c234
14934,1,0.24725877,0.40813383,0.34460738,c234,c234
14937,1,0.37261233,0.30701274,0.32037488,c234,c1
14938,1,0.13442774,0.33012262,0.5354496,c234,c5
14963,1,0.1741004,0.43216687,0.39373267,c234,c234
14966,1,0.21312772,0.44631603,0.34055632,c5,c234
14970,1,0.5127506,0.3122829,0.17496645,c1,c1
14972,1,0.1961976,0.3091146,0.49468786,c234,c5
14975,1,0.3063261,0.3364539,0.35722002,c1,c5
14976,1,0.10448553,0.22014531,0.6753692,c1,c5
14981,1,0.2900478,0.4097826,0.3001696,c234,c234
14989,1,0.22823483,0.30070567,0.4710595,c5,c5
14991,1,0.5306063,0.3303671,0.13902655,c234,c1
14992,1,0.1521557,0.25999722,0.58784705,c234,c5
14993,1,0.19909129,0.41743124,0.38347754,c234,c234
14995,1,0.1465541,0.31933278,0.53411305,c5,c5
15000,1,0.4311836,0.36349213,0.20532429,c1,c1
15002,1,0.19338079,0.3480154,0.4586038,c234,c5
15003,1,0.23199624,0.31857562,0.44942817,c234,c5
15005,1,0.38027307,0.30323565,0.31649134,c1,c1
15006,1,0.3031019,0.36174285,0.33515528,c1,c234
15008,1,0.27176422,0.41794705,0.31028873,c234,c234
15009,1,0.26975805,0.41857517,0.3116668,c1,c234
15019,1,0.27611142,0.3790964,0.3447922,c234,c234
15024,1,0.39412734,0.3688274,0.23704529,c1,c1
15027,1,0.38878983,0.37389553,0.23731458,c5,c1
15029,1,0.24252917,0.38708767,0.37038314,c234,c234
15037,1,0.14302999,0.33684465,0.52012545,c5,c5
15044,1,0.2290338,0.31179354,0.4591726,c234,c5
15045,1,0.18722853,0.39723468,0.4155368,c5,c5
15050,1,0.7006123,0.20649475,0.09289288,c1,c1
15054,1,0.20700307,0.36072206,0.43227488,c234,c5
15056,1,0.47286952,0.3716129,0.15551761,c1,c1
15061,1,0.18778981,0.2708086,0.54140157,c1,c5
15063,1,0.17685102,0.3483667,0.47478232,c234,c5
15064,1,0.27145508,0.44385403,0.28469092,c234,c234
15074,1,0.1730158,0.28487206,0.5421121,c234,c5
15075,1,0.20857425,0.35170284,0.4397229,c5,c5
15081,1,0.2768052,0.3191653,0.4040295,c1,c5
15084,1,0.29705384,0.3442206,0.3587256,c234,c5
15099,1,0.42986533,0.40978,0.16035467,c5,c1
15101,1,0.40820196,0.40305248,0.18874554,c1,c1
15107,1,0.395912,0.40342507,0.20066293,c234,c234
15108,1,0.12913488,0.30580524,0.56505984,c5,c5
15109,1,0.34078857,0.41291773,0.24629371,c1,c234
15114,1,0.5935541,0.2845558,0.12189018,c5,c1
15118,1,0.19897193,0.40036735,0.4006607,c234,c5
15121,1,0.21834071,0.38552237,0.3961369,c5,c5
15122,1,0.4518722,0.37644884,0.17167892,c1,c1
15126,1,0.45018348,0.34695244,0.20286407,c234,c1
15131,1,0.32585272,0.38466376,0.28948352,c5,c234
15138,1,0.49026966,0.29586098,0.21386944,c5,c1
15140,1,0.2798452,0.34734955,0.3728052,c1,c5
15142,1,0.5023839,0.3556352,0.1419809,c234,c1
15147,1,0.360966,0.39391103,0.24512291,c5,c234
15153,1,0.25119746,0.41547114,0.3333314,c234,c234
15167,1,0.35152242,0.3588551,0.28962252,c1,c234
15169,1,0.1850506,0.25597817,0.5589713,c1,c5
15171,1,0.31452215,0.4250479,0.26042992,c234,c234
15177,1,0.5477558,0.27205396,0.18019024,c1,c1
15182,1,0.21770833,0.3338349,0.44845685,c234,c5
15184,1,0.26436886,0.42137864,0.31425253,c234,c234
15187,1,0.77981114,0.16435766,0.055831213,c1,c1
15195,1,0.30693388,0.34128278,0.3517833,c234,c5
15207,1,0.3898335,0.42658326,0.1835832,c234,c234
15212,1,0.35125846,0.34973955,0.29900205,c5,c1
15213,1,0.39977878,0.34039754,0.25982365,c234,c1
15215,1,0.13972269,0.29648882,0.5637885,c5,c5
15220,1,0.106109045,0.24547924,0.6484117,c1,c5
15226,1,0.22289243,0.3020656,0.47504196,c234,c5
15230,1,0.2587802,0.36533973,0.37588003,c234,c5
15233,1,0.39203918,0.3641516,0.24380927,c234,c1
15236,1,0.21867883,0.31366387,0.4676574,c5,c5
15239,1,0.14214785,0.27638224,0.5814699,c5,c5
15243,1,0.2685836,0.28506935,0.44634706,c234,c5
15246,1,0.44555438,0.38644338,0.16800226,c234,c1
15259,1,0.16215311,0.25788924,0.5799576,c1,c5
15260,1,0.122246854,0.2692373,0.6085158,c5,c5
15264,1,0.2917945,0.3235,0.38470545,c1,c5
15267,1,0.587188,0.28331912,0.12949294,c1,c1
15283,1,0.11939318,0.32772917,0.55287766,c234,c5
15286,1,0.5909717,0.26120377,0.14782453,c234,c1
15288,1,0.13698448,0.3032139,0.5598016,c5,c5
15301,1,0.25296205,0.36216348,0.3848745,c234,c5
15303,1,0.29440993,0.32753715,0.3780529,c5,c5
15306,1,0.49170378,0.31923598,0.18906027,c1,c1
15313,1,0.31808722,0.29752317,0.3843896,c5,c5
15314,1,0.10422435,0.23544735,0.6603283,c5,c5
15316,1,0.36722592,0.3618251,0.270949,c234,c1
15322,1,0.16687867,0.30070633,0.532415,c5,c5
15324,1,0.40067083,0.37534013,0.22398907,c1,c1
15325,1,0.57308894,0.30690226,0.12000872,c234,c1
15326,1,0.108429186,0.2402085,0.65136224,c5,c5
15328,1,0.4496255,0.34776187,0.20261262,c1,c1
15330,1,0.18224457,0.4292498,0.3885056,c234,c234
15336,1,0.18392925,0.31865588,0.4974148,c5,c5
15340,1,0.27621874,0.4181097,0.3056716,c234,c234
15349,1,0.22347505,0.3337704,0.44275454,c5,c5
15350,1,0.5050624,0.28740725,0.20753036,c234,c1
15357,1,0.13468483,0.24284294,0.6224723,c234,c5
15359,1,0.16391553,0.37502325,0.46106127,c234,c5
15362,1,0.13587256,0.30478808,0.55933934,c234,c5
15364,1,0.33087867,0.32509342,0.34402788,c1,c5
15371,1,0.42753726,0.34266677,0.22979598,c234,c1
15381,1,0.23383626,0.40974468,0.35641906,c234,c234
15386,1,0.31919837,0.32388875,0.35691288,c234,c5
15401,1,0.19478197,0.27819604,0.52702194,c5,c5
15406,1,0.22909541,0.28626472,0.4846399,c1,c5
15408,1,0.22519328,0.34516352,0.42964324,c5,c5
15411,1,0.44075516,0.29637897,0.26286584,c1,c1
15415,1,0.577103,0.2987582,0.12413873,c1,c1
15421,1,0.28758326,0.39875838,0.3136584,c234,c234
15428,1,0.28058228,0.41099495,0.3084228,c5,c234
15432,1,0.28136003,0.40028393,0.318356,c5,c234
15433,1,0.20885767,0.38006675,0.41107556,c5,c5
15450,1,0.4048968,0.41237897,0.18272421,c1,c234
15454,1,0.37146372,0.42948753,0.19904876,c234,c234
15455,1,0.3248585,0.3309424,0.34419915,c5,c5
15467,1,0.2805231,0.45633554,0.26314133,c1,c234
15470,1,0.26240885,0.43688473,0.30070636,c234,c234
15474,1,0.14884876,0.25898337,0.59216785,c234,c5
15479,1,0.307214,0.3533325,0.33945355,c1,c234
15491,1,0.14141686,0.23156857,0.6270146,c5,c5
15493,1,0.23542324,0.28210887,0.4824678,c1,c5
15494,1,0.37276512,0.357049,0.27018586,c1,c1
15497,1,0.577103,0.2987582,0.12413873,c1,c1
15506,1,0.1525871,0.3230885,0.5243244,c5,c5
15517,1,0.12981726,0.26609147,0.60409135,c234,c5
15527,1,0.1863244,0.4397172,0.3739584,c234,c234
15529,1,0.27220294,0.30351612,0.42428085,c5,c5
15532,1,0.4446954,0.3783306,0.17697401,c1,c1
15540,1,0.099420525,0.22282025,0.67775923,c5,c5
15543,1,0.2382861,0.27266324,0.4890507,c5,c5
15546,1,0.47064114,0.29500547,0.23435342,c5,c1
15547,1,0.30269426,0.33780354,0.3595022,c1,c5
15558,1,0.5799021,0.30285746,0.1172404,c1,c1
15561,1,0.2604265,0.3414269,0.39814657,c234,c5
15564,1,0.19487093,0.2979417,0.5071873,c1,c5
15571,1,0.430042,0.38946024,0.18049784,c5,c1
15589,1,0.56881875,0.29862338,0.13255781,c5,c1
15592,1,0.5031889,0.33456245,0.16224861,c234,c1
15593,1,0.13070048,0.32888198,0.5404175,c234,c5
15602,1,0.30259997,0.3970083,0.30039176,c234,c234
15608,1,0.1415237,0.2263752,0.63210106,c5,c5
15612,1,0.22521874,0.45284888,0.32193235,c5,c234
15617,1,0.55842084,0.3155099,0.12606929,c1,c1
15618,1,0.36841157,0.32921568,0.30237272,c234,c1
15626,1,0.53645587,0.28270963,0.18083446,c1,c1
15630,1,0.5308437,0.33533064,0.13382564,c1,c1
15633,1,0.23638277,0.39812008,0.3654972,c5,c234
15638,1,0.22051889,0.37442902,0.40505204,c5,c5
15641,1,0.2999615,0.41732043,0.28271803,c5,c234
15642,1,0.4438577,0.3951127,0.16102956,c1,c1
15644,1,0.16422307,0.3965077,0.4392692,c1,c5
15649,1,0.34746748,0.39981666,0.2527159,c1,c234
15669,1,0.37182063,0.3033392,0.32484013,c1,c1
15670,1,0.19833314,0.31114703,0.49051988,c1,c5
15672,1,0.15450154,0.3253724,0.5201261,c5,c5
15675,1,0.43043685,0.3798128,0.18975027,c1,c1
15676,1,0.60701144,0.28048325,0.11250535,c1,c1
15681,1,0.44075516,0.29637897,0.26286584,c1,c1
15686,1,0.44126898,0.36977577,0.18895522,c234,c1
15692,1,0.5552999,0.3069466,0.13775344,c1,c1
15694,1,0.2328571,0.34872344,0.41841945,c1,c5
15696,1,0.12214615,0.2751598,0.60269403,c5,c5
15697,1,0.08883203,0.22193772,0.68923026,c5,c5
15698,1,0.23504499,0.3023938,0.46256122,c1,c5
15699,1,0.36753473,0.32786125,0.30460402,c234,c1
15708,1,0.10055354,0.19496103,0.7044854,c5,c5
15709,1,0.64096326,0.23895563,0.12008111,c234,c1
15711,1,0.43022266,0.2940317,0.2757456,c1,c1
15716,1,0.27410316,0.39699626,0.32890055,c5,c234
15717,1,0.26312602,0.31258434,0.4242896,c5,c5
15723,1,0.14286542,0.39562145,0.46151316,c5,c5
15729,1,0.11616247,0.25310346,0.6307341,c234,c5
15730,1,0.17241953,0.25277478,0.57480574,c5,c5
15737,1,0.29946128,0.43918452,0.26135424,c1,c234
15741,1,0.34412327,0.43173265,0.22414406,c5,c234
15745,1,0.12785031,0.2855765,0.58657324,c5,c5
15747,1,0.14176996,0.32162595,0.53660405,c1,c5
15757,1,0.22802977,0.30624887,0.46572137,c234,c5
15782,1,0.789687,0.15513834,0.05517466,c1,c1
15787,1,0.12498182,0.30384097,0.5711772,c234,c5
15791,1,0.29237804,0.37199944,0.33562252,c1,c234
15793,1,0.13098423,0.29530367,0.5737121,c234,c5
15794,1,0.17634925,0.31061912,0.51303166,c5,c5
15795,1,0.25058532,0.3480997,0.401315,c5,c5
15797,1,0.57738346,0.284872,0.13774459,c234,c1
15799,1,0.23095664,0.33787546,0.4311679,c234,c5
15800,1,0.26736352,0.3694232,0.36321333,c5,c234
15802,1,0.58351564,0.31313512,0.103349276,c1,c1
15808,1,0.16895522,0.3662497,0.46479505,c5,c5
15811,1,0.5860132,0.28946084,0.12452595,c1,c1
15828,1,0.40499333,0.35364595,0.2413607,c5,c1
15840,1,0.54497117,0.30465338,0.15037546,c234,c1
15841,1,0.13222605,0.25487238,0.61290157,c1,c5
15842,1,0.19869423,0.3452671,0.45603868,c5,c5
15850,1,0.34251195,0.33889368,0.3185944,c1,c1
15854,1,0.31913164,0.45051494,0.23035346,c1,c234
15858,1,0.12071357,0.21514265,0.66414374,c5,c5
15880,1,0.15706238,0.2831043,0.55983335,c234,c5
15884,1,0.1616218,0.4237943,0.41458395,c5,c234
15888,1,0.57390577,0.28483316,0.14126107,c1,c1
15892,1,0.37045896,0.43427515,0.19526583,c1,c234
15895,1,0.42781916,0.35695484,0.21522604,c234,c1
15896,1,0.29793754,0.37585905,0.3262034,c1,c234
15899,1,0.4719098,0.35080063,0.1772895,c1,c1
15900,1,0.36999187,0.38610682,0.24390128,c234,c234
15901,1,0.44482076,0.30382317,0.2513561,c234,c1
15902,1,0.16841516,0.259893,0.5716918,c234,c5
15903,1,0.286493,0.30721208,0.4062949,c1,c5
15905,1,0.43836614,0.36122897,0.20040488,c234,c1
15911,1,0.30618513,0.35134307,0.3424718,c1,c234
15914,1,0.30765116,0.2954682,0.3968807,c234,c5
15920,1,0.27790102,0.3770047,0.34509432,c234,c234
15921,1,0.44453603,0.31746295,0.23800108,c234,c1
15940,1,0.45040378,0.36082885,0.18876739,c234,c1
15944,1,0.43140975,0.38879585,0.17979443,c234,c1
15948,1,0.12573905,0.32352278,0.5507382,c5,c5
15950,1,0.39554018,0.28162932,0.3228305,c5,c1
15952,1,0.15590867,0.30335987,0.54073143,c234,c5
15954,1,0.3244516,0.34506088,0.33048755,c234,c234
15959,1,0.50059396,0.3312361,0.16816995,c234,c1
15961,1,0.12743801,0.27663955,0.5959224,c5,c5
15963,1,0.4612016,0.31347725,0.22532116,c1,c1
15965,1,0.6314697,0.2621215,0.106408805,c5,c1
15970,1,0.3949675,0.39005634,0.21497616,c5,c1
15977,1,0.20380001,0.34266794,0.453532,c1,c5
15998,1,0.18229969,0.3273334,0.49036694,c234,c5
16000,1,0.08907233,0.25244585,0.6584819,c1,c5
16002,1,0.4896514,0.36325672,0.14709182,c5,c1
16006,1,0.5202592,0.33435005,0.14539072,c234,c1
16013,1,0.2496928,0.43132514,0.3189821,c234,c234
16029,1,0.2310224,0.32664996,0.4423276,c5,c5
16031,1,0.27950475,0.40677628,0.313719,c5,c234
16040,1,0.5275917,0.29902065,0.17338763,c1,c1
16041,1,0.41148472,0.32902676,0.2594885,c1,c1
16053,1,0.23040296,0.32515833,0.44443876,c234,c5
16058,1,0.17303865,0.2512172,0.57574415,c5,c5
16059,1,0.16819118,0.36956728,0.46224156,c5,c5
16094,1,0.3131364,0.3074174,0.37944618,c1,c5
16101,1,0.2357542,0.34129223,0.42295355,c5,c5
16102,1,0.458187,0.31565753,0.22615549,c1,c1
16117,1,0.38139707,0.3488114,0.26979154,c234,c1
16121,1,0.12447106,0.2670348,0.60849416,c5,c5
16125,1,0.48993802,0.33502764,0.17503431,c1,c1
16131,1,0.14196269,0.3039176,0.55411965,c5,c5
16146,1,0.21469767,0.26062393,0.5246784,c5,c5
16151,1,0.19209652,0.36104763,0.4468559,c234,c5
16154,1,0.089241,0.2101938,0.70056516,c1,c5
16155,1,0.16002026,0.2901132,0.5498665,c234,c5
16162,1,0.15035181,0.3097944,0.53985375,c234,c5
16163,1,0.21207799,0.29638842,0.49153355,c234,c5
16166,1,0.38635975,0.30476022,0.30888006,c234,c1
16173,1,0.340412,0.2825044,0.37708357,c1,c5
16176,1,0.2131158,0.3935141,0.39337006,c234,c234
16180,1,0.14223188,0.2574858,0.6002823,c5,c5
16191,1,0.15747085,0.255164,0.58736515,c1,c5
16192,1,0.577103,0.2987582,0.12413873,c1,c1
16194,1,0.37855598,0.37959716,0.2418469,c234,c234
16198,1,0.44075516,0.29637897,0.26286584,c1,c1
16204,1,0.3485413,0.31364483,0.3378139,c5,c1
16239,1,0.2768052,0.3191653,0.4040295,c234,c5
16243,1,0.13660428,0.32153007,0.5418656,c234,c5
16244,1,0.36686447,0.4149514,0.2181841,c1,c234
16249,1,0.15813228,0.3416501,0.5002176,c1,c5
16257,1,0.34295708,0.44747105,0.2095719,c234,c234
16262,1,0.51095057,0.35392514,0.13512425,c234,c1
16265,1,0.60295,0.28825864,0.10879135,c1,c1
16276,1,0.54002756,0.30920455,0.15076785,c1,c1
16279,1,0.33176464,0.44230202,0.22593336,c234,c234
16281,1,0.4811288,0.32805127,0.19081996,c1,c1
16287,1,0.51183563,0.29521695,0.1929474,c1,c1
16289,1,0.17234987,0.25279605,0.57485414,c234,c5
16297,1,0.18856546,0.36381346,0.44762108,c1,c5
16299,1,0.4492851,0.38204876,0.16866615,c1,c1
16300,1,0.27740872,0.32400706,0.39858416,c1,c5
16307,1,0.27024457,0.37131318,0.35844225,c234,c234
16316,1,0.16391553,0.37502325,0.46106127,c234,c5
16321,1,0.19457555,0.2662131,0.53921133,c5,c5
16338,1,0.3377299,0.42246565,0.23980448,c1,c234
16342,1,0.08204714,0.21674675,0.7012061,c5,c5
16346,1,0.21216469,0.36948547,0.4183498,c234,c5
16351,1,0.41122773,0.3646724,0.2240998,c234,c1
16364,1,0.3735115,0.40844825,0.21804024,c234,c234
16387,1,0.23636192,0.4064075,0.35723057,c234,c234
16388,1,0.49434817,0.32748294,0.17816895,c1,c1
16393,1,0.163268,0.33370835,0.5030237,c234,c5
16399,1,0.18192562,0.35498312,0.46309125,c5,c5
16405,1,0.20295843,0.31313223,0.4839094,c234,c5
16409,1,0.42238575,0.38080266,0.19681165,c5,c1
16410,1,0.2800671,0.39873645,0.32119653,c234,c234
16414,1,0.15096238,0.32456565,0.52447194,c234,c5
16419,1,0.3548633,0.38683495,0.25830176,c1,c234
16423,1,0.2638082,0.44012693,0.29606494,c5,c234
16425,1,0.13134038,0.2550885,0.6135711,c5,c5
16431,1,0.45227355,0.3126313,0.23509517,c234,c1
16442,1,0.31542093,0.33874854,0.34583056,c5,c5
16444,1,0.5678743,0.27838624,0.15373948,c234,c1
16446,1,0.3876659,0.3682239,0.24411012,c5,c1
16450,1,0.4708495,0.37557733,0.15357319,c1,c1
16458,1,0.16729124,0.24766333,0.5850454,c5,c5
16462,1,0.5308437,0.33533064,0.13382564,c234,c1
16463,1,0.47012722,0.34924096,0.18063176,c5,c1
16479,1,0.5454583,0.31730002,0.1372417,c1,c1
16482,1,0.33411658,0.3770471,0.28883633,c5,c234
16483,1,0.577103,0.2987582,0.12413873,c1,c1
16494,1,0.2769912,0.3264551,0.3965537,c1,c5
16517,1,0.23246773,0.38349676,0.3840355,c234,c5
16533,1,0.26310328,0.38055328,0.35634348,c234,c234
16545,1,0.29490957,0.4336722,0.27141824,c1,c234
16549,1,0.14167753,0.34911764,0.50920486,c5,c5
16550,1,0.30351898,0.34319815,0.35328287,c5,c5
16553,1,0.3497325,0.32756466,0.32270283,c5,c1
16555,1,0.5477558,0.27205396,0.18019024,c1,c1
16559,1,0.18559203,0.31834388,0.49606413,c1,c5
16570,1,0.32292557,0.35163596,0.32543847,c1,c234
16571,1,0.36918083,0.4075002,0.22331895,c234,c234
16573,1,0.28103787,0.4391225,0.2798397,c1,c234
16580,1,0.2232405,0.32093087,0.45582858,c234,c5
16582,1,0.2646278,0.41886678,0.31650546,c1,c234
16588,1,0.6522419,0.24070914,0.10704899,c234,c1
16591,1,0.4751312,0.30834457,0.21652423,c234,c1
16600,1,0.26924238,0.3566664,0.3740913,c234,c5
16607,1,0.4657871,0.38497448,0.14923841,c1,c1
16621,1,0.5886192,0.24396923,0.16741155,c234,c1
16628,1,0.47806755,0.357401,0.16453144,c1,c1
16637,1,0.1933736,0.3894351,0.41719133,c234,c5
16640,1,0.27812546,0.3058342,0.4160404,c234,c5
16643,1,0.23640794,0.38493606,0.37865603,c5,c234
16645,1,0.577103,0.2987582,0.12413873,c1,c1
16646,1,0.20454484,0.37101638,0.42443874,c5,c5
16658,1,0.23395088,0.3287578,0.4372913,c1,c5
16666,1,0.3488311,0.40442893,0.24674004,c5,c234
16670,1,0.19398187,0.27820557,0.52781254,c5,c5
16691,1,0.5308437,0.33533064,0.13382564,c1,c1
16692,1,0.47533825,0.3796209,0.14504078,c5,c1
16696,1,0.38495174,0.37552977,0.2395185,c234,c1
16701,1,0.25131127,0.33932376,0.40936503,c1,c5
16702,1,0.3685977,0.3302677,0.3011346,c234,c1
16705,1,0.19711366,0.3585753,0.44431096,c234,c5
16706,1,0.09876832,0.2425516,0.6586801,c5,c5
16715,1,0.11148937,0.24974683,0.6387638,c234,c5
16722,1,0.5294724,0.2514213,0.21910627,c234,c1
16728,1,0.5694923,0.3087218,0.121785924,c5,c1
16733,1,0.08642598,0.29188946,0.62168455,c1,c5
16737,1,0.42857778,0.3175603,0.25386196,c1,c1
16739,1,0.528323,0.32878485,0.14289221,c5,c1
16749,1,0.48988783,0.34899765,0.16111459,c5,c1
16752,1,0.17638059,0.24698164,0.5766378,c5,c5
16769,1,0.2629634,0.36346132,0.3735753,c234,c5
16772,1,0.47595048,0.34710938,0.1769402,c1,c1
16774,1,0.5851736,0.26787928,0.14694709,c234,c1
16775,1,0.10275002,0.27909905,0.61815095,c5,c5
16776,1,0.15850113,0.30699563,0.5345033,c234,c5
16781,1,0.25190216,0.29346278,0.45463502,c5,c5
16782,1,0.108600594,0.2528741,0.6385253,c1,c5
16783,1,0.1639692,0.27902314,0.5570076,c234,c5
16793,1,0.21513022,0.35744983,0.42741996,c5,c5
16806,1,0.4175787,0.34602648,0.23639478,c5,c1
16813,1,0.3311079,0.42008886,0.24880327,c1,c234
16822,1,0.3478236,0.36943236,0.28274408,c5,c234
16823,1,0.15464444,0.27608764,0.5692679,c5,c5
16824,1,0.16951118,0.30950361,0.5209852,c1,c5
16836,1,0.4175757,0.40035495,0.18206938,c1,c1
16838,1,0.37809408,0.4229803,0.19892564,c1,c234
16839,1,0.40223047,0.27751374,0.32025576,c234,c1
16864,1,0.21886046,0.28527367,0.49586585,c5,c5
16871,1,0.10068084,0.24311809,0.65620106,c5,c5
16880,1,0.45240384,0.38128793,0.16630824,c1,c1
16886,1,0.14459112,0.3097277,0.5456812,c1,c5
16889,1,0.11832328,0.23858234,0.6430944,c234,c5
16893,1,0.19215867,0.38318083,0.42466056,c234,c5
16896,1,0.29215267,0.40442723,0.3034201,c5,c234
16903,1,0.0923496,0.24691416,0.66073626,c234,c5
16906,1,0.14714266,0.42111942,0.4317379,c5,c5
16910,1,0.15144353,0.25915965,0.5893968,c5,c5
16911,1,0.27080023,0.42245525,0.30674452,c1,c234
16930,1,0.21966192,0.40426674,0.3760713,c234,c234
16939,1,0.52013946,0.32429522,0.15556532,c1,c1
16941,1,0.20697917,0.42849508,0.36452574,c5,c234
16945,1,0.60531425,0.27098605,0.12369973,c234,c1
16950,1,0.10353836,0.33701178,0.55944985,c5,c5
16956,1,0.19833918,0.3830562,0.4186046,c5,c5
16957,1,0.3561058,0.33597818,0.30791596,c5,c1
16958,1,0.32755354,0.3358231,0.3366234,c234,c5
16962,1,0.27287534,0.3456528,0.38147184,c234,c5
16963,1,0.5391328,0.2922951,0.1685722,c1,c1
16967,1,0.13436167,0.30023074,0.56540763,c234,c5
16971,1,0.36853224,0.39849052,0.2329772,c234,c234
16978,1,0.575745,0.27668,0.14757502,c1,c1
16984,1,0.1947666,0.31331366,0.49191976,c5,c5
16987,1,0.14562865,0.28036413,0.5740072,c5,c5
16996,1,0.13534994,0.21798497,0.6466651,c5,c5
17004,1,0.1862821,0.38819784,0.42552,c1,c5
17012,1,0.56672436,0.2944617,0.13881399,c5,c1
17013,1,0.39754874,0.38651872,0.21593252,c234,c1
17016,1,0.3299909,0.27949616,0.39051294,c1,c5
17018,1,0.4117539,0.33999404,0.24825202,c1,c1
17020,1,0.31919837,0.32388875,0.35691288,c5,c5
17024,1,0.22908802,0.3958286,0.37508336,c234,c234
17030,1,0.47167554,0.3606763,0.16764818,c1,c1
17033,1,0.28192455,0.33628872,0.38178673,c1,c5
17043,1,0.17303865,0.2512172,0.57574415,c1,c5
17047,1,0.2905144,0.303677,0.40580863,c5,c5
17052,1,0.36979493,0.4184192,0.21178582,c1,c234
17055,1,0.53722775,0.25931114,0.20346113,c1,c1
17058,1,0.32319844,0.33499292,0.34180865,c5,c5
17059,1,0.10992655,0.22062573,0.66944766,c5,c5
17063,1,0.29702717,0.37522554,0.3277473,c234,c234
17064,1,0.5658749,0.26944616,0.16467896,c1,c1
17066,1,0.48351556,0.37208435,0.14440002,c1,c1
17067,1,0.17839476,0.33986396,0.48174122,c5,c5
17070,1,0.2825461,0.3695767,0.3478772,c234,c234
17073,1,0.22988111,0.35583502,0.41428393,c5,c5
17078,1,0.2502598,0.3336923,0.4160479,c234,c5
17083,1,0.10211067,0.23496374,0.6629256,c234,c5
17086,1,0.3826334,0.42665,0.19071653,c234,c234
17088,1,0.23243643,0.44194916,0.32561442,c234,c234
17094,1,0.3142052,0.3485372,0.3372576,c5,c234
17095,1,0.20676744,0.25966126,0.5335713,c1,c5
17097,1,0.3180152,0.31809285,0.363892,c1,c5
17100,1,0.15731598,0.37485623,0.46782774,c5,c5
17114,1,0.17510942,0.3783875,0.44650304,c234,c5
17124,1,0.5729325,0.2967712,0.13029628,c1,c1
17128,1,0.46824703,0.36418182,0.16757116,c234,c1
17134,1,0.4105769,0.39417377,0.19524929,c1,c1
17152,1,0.16007257,0.3513031,0.48862433,c1,c5
17153,1,0.4371691,0.37151915,0.1913117,c5,c1
17161,1,0.4175787,0.34602648,0.23639478,c1,c1
17162,1,0.17234987,0.25279605,0.57485414,c5,c5
17165,1,0.4544594,0.32944942,0.21609117,c234,c1
17168,1,0.577103,0.2987582,0.12413873,c1,c1
17173,1,0.64994705,0.21401607,0.13603689,c1,c1
17174,1,0.5390347,0.28993672,0.1710286,c234,c1
17177,1,0.22173405,0.3960081,0.38225785,c5,c234
17182,1,0.4515487,0.33131927,0.21713202,c234,c1
17189,1,0.34905246,0.30374366,0.34720388,c5,c1
17190,1,0.34852433,0.3241672,0.32730842,c1,c1
17191,1,0.61875683,0.27046856,0.1107746,c234,c1
17192,1,0.26377416,0.32979852,0.40642735,c234,c5
17200,1,0.40288538,0.29296365,0.30415097,c5,c1
17202,1,0.38422984,0.35529485,0.26047528,c234,c1
17204,1,0.14389326,0.2368348,0.61927193,c5,c5
17205,1,0.28137195,0.3765302,0.34209782,c1,c234
17211,1,0.2787565,0.42468983,0.29655367,c234,c234
17212,1,0.22184384,0.3430641,0.43509206,c5,c5
17214,1,0.32582393,0.36437133,0.30980468,c5,c234
17228,1,0.21720053,0.39847016,0.38432932,c234,c234
17239,1,0.322909,0.41305733,0.2640337,c234,c234
17241,1,0.24036537,0.35028496,0.40934968,c234,c5
17244,1,0.15300894,0.3165757,0.53041536,c234,c5
17245,1,0.088021345,0.2429013,0.6690774,c234,c5
17250,1,0.08339402,0.21869718,0.69790876,c5,c5
17255,1,0.22257784,0.41123646,0.3661857,c5,c234
17261,1,0.1362029,0.28924048,0.5745567,c5,c5
17266,1,0.5884561,0.2896934,0.12185054,c5,c1
17267,1,0.6194515,0.24968599,0.13086247,c1,c1
17271,1,0.33114645,0.37391207,0.2949415,c1,c234
17279,1,0.48737743,0.36735326,0.14526935,c234,c1
17281,1,0.13717788,0.32659394,0.5362281,c234,c5
17290,1,0.75867945,0.17849453,0.06282596,c1,c1
17291,1,0.33265007,0.43556884,0.23178111,c5,c234
17303,1,0.11002277,0.301842,0.58813524,c5,c5
17304,1,0.21833555,0.33682963,0.44483483,c5,c5
17318,1,0.29202244,0.36866686,0.33931068,c1,c234
17327,1,0.18015942,0.40634257,0.41349798,c234,c5
17330,1,0.40810913,0.26762816,0.32426274,c234,c1
17334,1,0.13745728,0.30708224,0.5554605,c5,c5
17336,1,0.46529746,0.30997384,0.22472867,c5,c1
17338,1,0.16765867,0.28648806,0.54585326,c1,c5
17354,1,0.18982193,0.38345084,0.42672724,c234,c5
17356,1,0.2389551,0.29909554,0.46194944,c234,c5
17376,1,0.287943,0.34366694,0.3683901,c234,c5
17389,1,0.35574612,0.387824,0.25642988,c5,c234
17394,1,0.2401301,0.34288052,0.4169894,c5,c5
17395,1,0.5207758,0.3193071,0.1599171,c1,c1
17398,1,0.13930538,0.24724975,0.61344486,c234,c5
17403,1,0.3032636,0.35974038,0.33699602,c1,c234
17404,1,0.14877896,0.33117026,0.5200508,c1,c5
17408,1,0.114552915,0.2985638,0.5868833,c234,c5
17410,1,0.21639696,0.4316721,0.35193098,c234,c234
17413,1,0.2894647,0.3680231,0.34251222,c234,c234
17418,1,0.4271649,0.3649055,0.20792957,c234,c1
17433,1,0.2319062,0.39612645,0.37196738,c1,c234
17435,1,0.4511316,0.2981434,0.250725,c1,c1
17441,1,0.57994705,0.28976166,0.13029131,c1,c1
17462,1,0.48360944,0.3670135,0.14937696,c234,c1
17469,1,0.56013197,0.26803347,0.1718345,c1,c1
17483,1,0.14301565,0.27509844,0.58188593,c5,c5
17489,1,0.16771731,0.27872187,0.55356085,c1,c5
17492,1,0.40458852,0.4108094,0.18460208,c1,c234
17505,1,0.47507992,0.35427982,0.17064022,c5,c1
17507,1,0.48479784,0.29849303,0.21670917,c234,c1
17513,1,0.4506047,0.37944725,0.16994807,c5,c1
17516,1,0.35330653,0.32833448,0.318359,c5,c1
17538,1,0.15789886,0.29819807,0.5439031,c234,c5
17541,1,0.5722159,0.3058928,0.1218913,c234,c1
17544,1,0.2559216,0.4018356,0.3422428,c1,c234
17548,1,0.45824996,0.31550825,0.22624177,c5,c1
17549,1,0.18759264,0.33067524,0.48173204,c234,c5
17557,1,0.15061349,0.3626064,0.48678014,c5,c5
17558,1,0.5476099,0.24955383,0.20283629,c1,c1
17566,1,0.46541685,0.35719615,0.177387,c1,c1
17569,1,0.30682537,0.33279163,0.360383,c234,c5
17570,1,0.18155988,0.31566647,0.5027737,c5,c5
17572,1,0.49765742,0.2806982,0.22164434,c1,c1
17574,1,0.38495278,0.3801894,0.23485777,c5,c1
17578,1,0.17622484,0.3251773,0.4985978,c1,c5
17579,1,0.18756151,0.42593947,0.38649902,c5,c234
17585,1,0.50528556,0.36102316,0.13369136,c1,c1
17597,1,0.23966445,0.32060006,0.4397355,c1,c5
17599,1,0.16391553,0.37502325,0.46106127,c5,c5
17605,1,0.26645294,0.3376102,0.39593685,c234,c5
17610,1,0.1124209,0.24316357,0.6444155,c1,c5
17612,1,0.2251025,0.38452828,0.3903692,c1,c5
17619,1,0.265705,0.38592657,0.34836844,c234,c234
17622,1,0.5308437,0.33533064,0.13382564,c1,c1
17633,1,0.15586293,0.30012208,0.54401505,c5,c5
17636,1,0.14051522,0.23127486,0.6282099,c1,c5
17637,1,0.32472062,0.34078234,0.3344971,c5,c234
17643,1,0.40855715,0.30678058,0.2846623,c1,c1
17644,1,0.44251406,0.3652484,0.19223759,c1,c1
17650,1,0.16246058,0.3098996,0.5276398,c1,c5
17652,1,0.22783464,0.42904192,0.3431234,c1,c234
17653,1,0.41029468,0.40754926,0.18215609,c1,c1
17657,1,0.36979493,0.4184192,0.21178582,c1,c234
17671,1,0.26482207,0.41733626,0.31784168,c234,c234
17672,1,0.48240715,0.26866394,0.24892892,c1,c1
17683,1,0.40333113,0.40958267,0.18708621,c1,c234
17686,1,0.21418656,0.3071266,0.47868684,c5,c5
17694,1,0.31729007,0.41065398,0.27205595,c234,c234
17699,1,0.27576548,0.45294318,0.27129138,c5,c234
17700,1,0.19669475,0.25848722,0.544818,c5,c5
17704,1,0.2595433,0.3838143,0.3566424,c1,c234
17708,1,0.18425559,0.2893091,0.5264353,c234,c5
17712,1,0.266574,0.3519374,0.38148853,c234,c5
17720,1,0.47892112,0.30367845,0.21740045,c5,c1
17721,1,0.31962517,0.39858192,0.2817929,c234,c234
17722,1,0.545006,0.26009598,0.19489804,c234,c1
17747,1,0.27463636,0.3569711,0.36839253,c234,c5
17748,1,0.29898208,0.42230198,0.278716,c1,c234
17754,1,0.13015433,0.28023472,0.589611,c234,c5
17755,1,0.19283634,0.39006352,0.4171001,c5,c5
17756,1,0.2122231,0.34573585,0.442041,c5,c5
17770,1,0.4446954,0.3783306,0.17697401,c234,c1
17779,1,0.22298841,0.33839154,0.43862003,c234,c5
17780,1,0.24268855,0.33044288,0.4268686,c5,c5
17783,1,0.19885816,0.2690997,0.5320421,c1,c5
17784,1,0.37559953,0.32386613,0.30053437,c234,c1
17793,1,0.12675363,0.2608128,0.6124336,c234,c5
17794,1,0.5460043,0.3145214,0.13947436,c1,c1
17798,1,0.1084376,0.28939813,0.6021643,c1,c5
17820,1,0.25404412,0.3919133,0.35404256,c5,c234
17823,1,0.4568221,0.3723925,0.17078532,c5,c1
17827,1,0.44470134,0.31227598,0.2430227,c1,c1
17836,1,0.17025483,0.33347505,0.49627015,c1,c5
17847,1,0.49170378,0.31923598,0.18906027,c1,c1
17852,1,0.2139526,0.41260585,0.37344152,c234,c234
17853,1,0.22216153,0.3426549,0.4351836,c1,c5
17854,1,0.15284908,0.3161243,0.53102666,c1,c5
17855,1,0.3103889,0.42998645,0.2596247,c234,c234
17860,1,0.15933666,0.3259414,0.51472193,c5,c5
17862,1,0.37932572,0.36597595,0.25469834,c1,c1
17869,1,0.21886761,0.2701335,0.5109989,c234,c5
17876,1,0.10850539,0.24443112,0.64706343,c5,c5
17878,1,0.3726994,0.37340525,0.2538953,c5,c234
17882,1,0.27493626,0.33070663,0.39435717,c1,c5
17884,1,0.16739705,0.3750083,0.45759466,c234,c5
17888,1,0.15383922,0.29620725,0.5499535,c234,c5
17889,1,0.37312636,0.37058437,0.25628927,c5,c1
17892,1,0.105784155,0.25282,0.64139587,c5,c5
17894,1,0.38051355,0.3873087,0.23217775,c234,c234
17895,1,0.32319844,0.33499292,0.34180865,c234,c5
17896,1,0.577103,0.2987582,0.12413873,c1,c1
17900,1,0.34193763,0.42865038,0.22941199,c5,c234
17903,1,0.5497479,0.30379888,0.1464532,c5,c1
17904,1,0.577103,0.2987582,0.12413873,c234,c1
17907,1,0.32813853,0.40361723,0.2682442,c1,c234
17909,1,0.54915285,0.32747412,0.12337306,c234,c1
17914,1,0.26979637,0.42336258,0.306841,c234,c234
17920,1,0.32472062,0.34078234,0.3344971,c5,c234
17926,1,0.07712053,0.22263867,0.70024073,c5,c5
17928,1,0.3317709,0.415677,0.2525521,c234,c234
17936,1,0.2233551,0.32013673,0.4565082,c234,c5
17938,1,0.08276199,0.24362992,0.6736081,c5,c5
17940,1,0.33801273,0.37056655,0.29142076,c234,c234
17961,1,0.18150169,0.30157432,0.516924,c1,c5
17965,1,0.2913835,0.40242803,0.30618846,c234,c234
17970,1,0.26327235,0.42400765,0.31271997,c234,c234
17981,1,0.14482658,0.37259173,0.4825817,c234,c5
17985,1,0.18002568,0.35541114,0.4645632,c1,c5
17990,1,0.12799226,0.25389132,0.61811644,c1,c5
17994,1,0.57994705,0.28976166,0.13029131,c1,c1
18001,1,0.18332542,0.3286983,0.48797622,c5,c5
18003,1,0.26244688,0.38368022,0.3538729,c1,c234
18008,1,0.28154996,0.39865175,0.31979826,c234,c234
18009,1,0.21912721,0.41750887,0.36336398,c5,c234
18026,1,0.39962888,0.30678034,0.29359072,c234,c1
18027,1,0.6183334,0.22872514,0.15294145,c1,c1
18030,1,0.23772119,0.4209995,0.3412793,c5,c234
18038,1,0.25647652,0.39313814,0.35038537,c1,c234
18040,1,0.11257916,0.24335732,0.64406353,c5,c5
18043,1,0.2384888,0.4481193,0.31339192,c234,c234
18044,1,0.2753974,0.39139467,0.33320794,c5,c234
18053,1,0.3758917,0.31458727,0.30952105,c5,c1
18055,1,0.32842493,0.41083235,0.26074275,c1,c234
18062,1,0.25597402,0.34884614,0.39517987,c1,c5
18064,1,0.3219321,0.42366278,0.25440517,c234,c234
18065,1,0.2814108,0.41752598,0.30106327,c5,c234
18070,1,0.27961552,0.38752118,0.3328633,c234,c234
18071,1,0.2111508,0.34586266,0.44298652,c234,c5
18074,1,0.13976319,0.34750435,0.5127325,c234,c5
18088,1,0.25264004,0.38898674,0.35837325,c5,c234
18105,1,0.18106559,0.37633803,0.44259635,c234,c5
18111,1,0.1860174,0.2685803,0.54540235,c234,c5
18121,1,0.36317545,0.31166956,0.32515496,c5,c1
18123,1,0.11102148,0.24193144,0.64704704,c5,c5
18127,1,0.20090984,0.380307,0.41878316,c5,c5
18139,1,0.15144865,0.36228785,0.48626348,c5,c5
18151,1,0.19723412,0.35239336,0.45037252,c234,c5
18153,1,0.2842886,0.43865168,0.2770597,c234,c234
18156,1,0.3246451,0.44633126,0.2290236,c1,c234
18160,1,0.15890118,0.3738342,0.46726465,c5,c5
18173,1,0.2003207,0.4695272,0.3301521,c1,c234
18174,1,0.39421,0.38427988,0.22151002,c1,c1
18183,1,0.23342592,0.34549084,0.42108327,c5,c5
18188,1,0.14522344,0.22641402,0.6283625,c5,c5
18189,1,0.19579053,0.30154827,0.5026612,c234,c5
18195,1,0.40810913,0.26762816,0.32426274,c234,c1
18197,1,0.4140825,0.3232563,0.26266122,c5,c1
18209,1,0.22723462,0.41151896,0.3612464,c1,c234
18211,1,0.12524065,0.27463815,0.6001212,c5,c5
18213,1,0.18144765,0.31792614,0.5006262,c234,c5
18216,1,0.49766138,0.32657355,0.1757651,c234,c1
18220,1,0.36212897,0.33977368,0.2980974,c1,c1
18222,1,0.32994932,0.29510647,0.37494418,c1,c5
18223,1,0.3601386,0.383231,0.2566304,c234,c234
18227,1,0.15838021,0.2729392,0.5686806,c5,c5
18230,1,0.30324638,0.31710196,0.37965167,c1,c5
18232,1,0.21282652,0.29522797,0.49194553,c5,c5
18233,1,0.29856572,0.44501096,0.25642326,c234,c234
18238,1,0.23667382,0.32310012,0.44022605,c5,c5
18239,1,0.11222479,0.23912193,0.64865327,c234,c5
18247,1,0.20021035,0.28086373,0.51892596,c234,c5
18249,1,0.20104359,0.31632456,0.48263186,c234,c5
18254,1,0.45963463,0.3151509,0.22521444,c1,c1
18258,1,0.34754106,0.35790497,0.294554,c5,c234
18261,1,0.13146782,0.22205654,0.6464757,c5,c5
18270,1,0.1633624,0.2823683,0.5542693,c1,c5
18274,1,0.28247306,0.39638633,0.32114062,c234,c234
18275,1,0.4875575,0.3588009,0.15364167,c234,c1
18279,1,0.5805022,0.26149318,0.15800458,c234,c1
18290,1,0.39059502,0.41507626,0.19432871,c1,c234
18291,1,0.22222038,0.30016395,0.47761562,c234,c5
18301,1,0.39624462,0.39479616,0.20895925,c234,c1
18302,1,0.37664875,0.38440585,0.23894538,c234,c234
18308,1,0.4770178,0.36249757,0.16048466,c5,c1
18320,1,0.22275248,0.33012235,0.44712517,c234,c5
18329,1,0.3258522,0.34517828,0.3289696,c234,c234
18332,1,0.18314795,0.34480828,0.47204372,c5,c5
18336,1,0.19531907,0.32584256,0.47883835,c5,c5
18355,1,0.37682438,0.2976381,0.3255376,c5,c1
18357,1,0.48679245,0.29044652,0.22276102,c234,c1
18366,1,0.18731853,0.38869345,0.42398798,c5,c5
18372,1,0.4612466,0.27391413,0.26483932,c1,c1
18381,1,0.3119172,0.39620608,0.2918767,c1,c234
18387,1,0.20170975,0.282829,0.51546127,c5,c5
18400,1,0.35608354,0.39770082,0.24621567,c234,c234
18410,1,0.17559728,0.26988685,0.5545159,c5,c5
18413,1,0.2181637,0.34960476,0.43223155,c5,c5
18418,1,0.49801874,0.3508708,0.15111041,c234,c1
18419,1,0.0839138,0.19822629,0.7178599,c5,c5
18421,1,0.2980236,0.34176654,0.36020985,c1,c5
18429,1,0.48216936,0.33975622,0.17807445,c1,c1
18435,1,0.14223856,0.34177533,0.5159861,c1,c5
18440,1,0.20994732,0.38368544,0.40636715,c1,c5
18446,1,0.5351035,0.33408347,0.13081299,c1,c1
18449,1,0.77981114,0.16435766,0.055831213,c1,c1
18452,1,0.36694923,0.38680166,0.24624906,c234,c234
18458,1,0.14282657,0.31339324,0.5437802,c5,c5
18473,1,0.33867392,0.42374352,0.23758253,c234,c234
18478,1,0.21112704,0.29123056,0.4976425,c234,c5
18482,1,0.20978272,0.3067261,0.48349124,c1,c5
18493,1,0.16258308,0.2983069,0.53911,c5,c5
18496,1,0.1797338,0.27469766,0.5455685,c234,c5
18500,1,0.18079892,0.35343927,0.46576187,c5,c5
18504,1,0.30179283,0.40398055,0.2942266,c234,c234
18513,1,0.24958996,0.44018817,0.31022188,c1,c234
18525,1,0.3532356,0.3706823,0.27608207,c1,c234
18532,1,0.48218617,0.33754602,0.18026781,c234,c1
18533,1,0.27707353,0.4495152,0.2734113,c5,c234
18536,1,0.4356051,0.3160128,0.24838215,c1,c1
18539,1,0.3622517,0.4155772,0.22217108,c5,c234
18542,1,0.21618517,0.33308122,0.45073363,c5,c5
18543,1,0.32209343,0.36557046,0.3123361,c5,c234
18550,1,0.17955296,0.34402683,0.47642022,c234,c5
18555,1,0.29704958,0.31609184,0.38685858,c1,c5
18562,1,0.2768052,0.3191653,0.4040295,c234,c5
18564,1,0.19281399,0.3419312,0.46525484,c5,c5
18567,1,0.23388804,0.39020938,0.37590256,c234,c234
18572,1,0.21824305,0.394946,0.38681096,c1,c234
18573,1,0.4538021,0.33110312,0.21509485,c1,c1
18575,1,0.2147357,0.3625679,0.42269635,c234,c5
18577,1,0.09458428,0.19828899,0.70712674,c5,c5
18580,1,0.13949415,0.28653803,0.5739679,c5,c5
18587,1,0.3613893,0.43318686,0.20542386,c234,c234
18595,1,0.20412332,0.41218945,0.38368726,c234,c234
18599,1,0.68656874,0.2189589,0.094472416,c234,c1
18601,1,0.3943605,0.34327525,0.26236424,c5,c1
18616,1,0.22901674,0.2739299,0.49705338,c234,c5
18623,1,0.49955052,0.2731303,0.22731921,c5,c1
18639,1,0.27267703,0.4382973,0.2890257,c5,c234
18645,1,0.22917174,0.34673634,0.4240919,c234,c5
18654,1,0.4269633,0.33862275,0.234414,c5,c1
18660,1,0.15106891,0.28158003,0.56735104,c5,c5
18664,1,0.17534634,0.30840057,0.5162531,c234,c5
18669,1,0.5799108,0.3010007,0.119088456,c1,c1
18679,1,0.1206001,0.33039623,0.54900366,c234,c5
18680,1,0.2567146,0.33069617,0.41258916,c234,c5
18684,1,0.53919566,0.26127964,0.19952467,c5,c1
18688,1,0.13779801,0.2882494,0.57395256,c234,c5
18693,1,0.17490144,0.29922923,0.5258693,c234,c5
18700,1,0.4468844,0.30426547,0.24885008,c5,c1
18704,1,0.118760385,0.20015271,0.68108696,c5,c5
18707,1,0.105337635,0.2864106,0.6082517,c1,c5
18715,1,0.2382062,0.36493772,0.39685607,c5,c5
18723,1,0.28725952,0.3269213,0.38581923,c234,c5
18734,1,0.43059638,0.29839283,0.27101073,c5,c1
18738,1,0.36754596,0.30234888,0.33010516,c1,c1
18740,1,0.14252147,0.30523726,0.5522412,c234,c5
18759,1,0.4541994,0.33462983,0.21117078,c1,c1
18760,1,0.16356081,0.24049106,0.5959481,c5,c5
18769,1,0.23446207,0.39681804,0.3687199,c1,c234
18771,1,0.3066968,0.31930372,0.37399948,c1,c5
18773,1,0.102125384,0.24799496,0.6498797,c5,c5
18774,1,0.28417248,0.40177605,0.31405148,c1,c234
18790,1,0.21939114,0.3824203,0.3981885,c5,c5
18791,1,0.11090377,0.28159973,0.60749656,c234,c5
18793,1,0.42423478,0.29761323,0.27815205,c1,c1
18795,1,0.1957071,0.3854041,0.41888878,c5,c5
18811,1,0.11976949,0.2995607,0.5806698,c5,c5
18814,1,0.28019246,0.40780208,0.3120055,c5,c234
18815,1,0.5279437,0.2967648,0.17529154,c234,c1
18829,1,0.40628022,0.28599343,0.30772638,c1,c1
18835,1,0.62082297,0.25298768,0.12618943,c1,c1
18849,1,0.14547785,0.27998835,0.5745339,c5,c5
18861,1,0.20123184,0.39152372,0.4072445,c1,c5
18864,1,0.5308437,0.33533064,0.13382564,c234,c1
18868,1,0.2319509,0.4123882,0.35566095,c5,c234
18878,1,0.13411167,0.29068276,0.5752056,c234,c5
18890,1,0.11583123,0.23049855,0.65367025,c1,c5
18893,1,0.2967103,0.38775155,0.3155382,c234,c234
18899,1,0.19669475,0.25848722,0.544818,c234,c5
18905,1,0.14640255,0.2645835,0.58901393,c5,c5
18909,1,0.17453195,0.3028831,0.522585,c234,c5
18910,1,0.13649489,0.264195,0.59931016,c5,c5
18911,1,0.59683335,0.28723902,0.11592763,c1,c1
18913,1,0.44491825,0.29739422,0.2576876,c5,c1
18914,1,0.3639789,0.34087944,0.29514167,c5,c1
18915,1,0.5308437,0.33533064,0.13382564,c234,c1
18919,1,0.23359293,0.41779917,0.34860787,c234,c234
18921,1,0.3408031,0.30554983,0.35364714,c1,c5
18924,1,0.30923796,0.3965124,0.29424962,c1,c234
18926,1,0.14303584,0.2831788,0.5737853,c1,c5
18929,1,0.13686578,0.2601381,0.6029962,c234,c5
18932,1,0.16950265,0.34134057,0.48915675,c1,c5
18939,1,0.1498376,0.2799677,0.5701947,c5,c5
18940,1,0.1283214,0.26217586,0.60950273,c5,c5
18948,1,0.20382223,0.37923604,0.4169417,c234,c5
18951,1,0.29449272,0.37829772,0.3272096,c1,c234
18956,1,0.14067695,0.3126298,0.5466933,c234,c5
18957,1,0.4179667,0.39020652,0.19182685,c1,c1
18958,1,0.2895829,0.34727356,0.36314356,c1,c5
18965,1,0.1529646,0.37217593,0.4748595,c5,c5
18970,1,0.3695231,0.39491898,0.23555794,c1,c234
18977,1,0.32367834,0.4076223,0.26869935,c1,c234
18981,1,0.5524677,0.30702573,0.14050658,c5,c1
18983,1,0.55831695,0.32471067,0.116972454,c234,c1
18994,1,0.3696039,0.40122575,0.22917037,c1,c234
19000,1,0.5302943,0.27538186,0.19432382,c5,c1
19009,1,0.13600272,0.2633388,0.6006584,c234,c5
19010,1,0.25047472,0.39294726,0.35657808,c234,c234
19013,1,0.13872531,0.2851501,0.57612455,c5,c5
19028,1,0.5772616,0.22397137,0.19876704,c1,c1
19034,1,0.12331315,0.28145805,0.5952288,c5,c5
19039,1,0.24932067,0.34366345,0.4070159,c5,c5
19044,1,0.5542642,0.308909,0.13682677,c1,c1
19045,1,0.5736622,0.28207025,0.14426757,c234,c1
19047,1,0.21409434,0.41298002,0.3729256,c234,c234
19048,1,0.3153582,0.42910105,0.25554076,c234,c234
19056,1,0.26939443,0.44703922,0.28356636,c5,c234
19060,1,0.27894938,0.35160422,0.3694464,c5,c5
19067,1,0.5794986,0.28426254,0.13623881,c1,c1
19085,1,0.37261233,0.30701274,0.32037488,c234,c1
19086,1,0.45801875,0.3632305,0.17875071,c1,c1
19093,1,0.12576139,0.31363428,0.5606043,c234,c5
19096,1,0.5231609,0.3299937,0.14684553,c1,c1
19097,1,0.577103,0.2987582,0.12413873,c234,c1
19098,1,0.37261873,0.41904882,0.20833239,c1,c234
19102,1,0.16953623,0.33192572,0.49853808,c1,c5
19107,1,0.11644309,0.2719473,0.6116096,c234,c5
19112,1,0.10798077,0.24714029,0.6448789,c234,c5
19124,1,0.45240384,0.38128793,0.16630824,c1,c1
19126,1,0.25394002,0.4090276,0.33703244,c1,c234
19127,1,0.13851939,0.3239599,0.5375207,c234,c5
19131,1,0.09754196,0.22040533,0.6820527,c1,c5
19132,1,0.26722503,0.38444456,0.34833044,c5,c234
19134,1,0.2900672,0.31367573,0.39625713,c5,c5
19138,1,0.23910652,0.35633835,0.40455514,c234,c5
19143,1,0.14184994,0.28689477,0.57125527,c234,c5
19146,1,0.43219087,0.3127428,0.2550663,c1,c1
19151,1,0.43934453,0.3065996,0.25405592,c234,c1
19153,1,0.08371835,0.23188858,0.68439305,c5,c5
19158,1,0.26846814,0.3788955,0.35263634,c5,c234
19159,1,0.42631343,0.33917177,0.23451479,c5,c1
19165,1,0.17903419,0.38210464,0.4388612,c234,c5
19177,1,0.1345044,0.2737705,0.59172505,c5,c5
19187,1,0.35567614,0.39811963,0.2462043,c234,c234
19209,1,0.340412,0.2825044,0.37708357,c234,c5
19213,1,0.4055649,0.41265628,0.18177883,c234,c234
19228,1,0.3588408,0.34709528,0.294064,c1,c1
19230,1,0.18794008,0.3606645,0.45139548,c234,c5
19231,1,0.3791815,0.37426105,0.24655744,c1,c1
19232,1,0.12033252,0.30643353,0.573234,c234,c5
19234,1,0.23060593,0.33124638,0.43814766,c234,c5
19240,1,0.5876997,0.27720225,0.1350981,c1,c1
19242,1,0.104419254,0.32024318,0.57533765,c234,c5
19245,1,0.24382941,0.3068777,0.44929284,c234,c5
19248,1,0.116902195,0.29805252,0.5850452,c234,c5
19252,1,0.45832056,0.3822406,0.15943888,c234,c1
19255,1,0.17234987,0.25279605,0.57485414,c1,c5
19261,1,0.14417394,0.28588536,0.5699407,c5,c5
19265,1,0.20467933,0.32220727,0.4731134,c234,c5
19268,1,0.16702059,0.34933525,0.4836442,c5,c5
19269,1,0.40097174,0.3872145,0.21181375,c234,c1
19273,1,0.18077402,0.40628797,0.41293803,c234,c5
19288,1,0.53152204,0.33217165,0.13630633,c1,c1
19290,1,0.41421506,0.39332154,0.19246337,c5,c1
19292,1,0.19170916,0.308113,0.50017786,c234,c5
19294,1,0.27674022,0.3846146,0.3386452,c234,c234
19295,1,0.4814539,0.38030386,0.13824226,c1,c1
19300,1,0.5308437,0.33533064,0.13382564,c234,c1
19303,1,0.1266878,0.27799812,0.595314,c1,c5
19305,1,0.3732119,0.35385707,0.272931,c234,c1
19306,1,0.17622815,0.26535836,0.5584135,c5,c5
19312,1,0.32261434,0.33295685,0.34442878,c1,c5
19316,1,0.25495723,0.3983714,0.34667137,c234,c234
19317,1,0.30830708,0.34136897,0.3503239,c234,c5
19318,1,0.13070059,0.30405143,0.56524795,c5,c5
19320,1,0.12362746,0.29316545,0.5832071,c234,c5
19322,1,0.116813324,0.31823003,0.56495667,c1,c5
19324,1,0.16190332,0.29782215,0.54027456,c234,c5
19327,1,0.19439055,0.26440617,0.5412033,c234,c5
19332,1,0.18638006,0.38542646,0.42819342,c234,c5
19344,1,0.35221753,0.3601014,0.2876811,c234,c234
19347,1,0.21756896,0.35702327,0.42540777,c5,c5
19351,1,0.2075089,0.34747356,0.44501752,c5,c5
19352,1,0.10926976,0.22787677,0.6628535,c5,c5
19359,1,0.1312228,0.2436647,0.62511253,c5,c5
19365,1,0.11409237,0.24674878,0.63915884,c234,c5
19376,1,0.577103,0.2987582,0.12413873,c1,c1
19381,1,0.49963215,0.30099607,0.19937171,c1,c1
19393,1,0.28364924,0.40596172,0.31038898,c234,c234
19395,1,0.15466239,0.28318578,0.56215185,c1,c5
19399,1,0.25440955,0.39360452,0.35198596,c5,c234
19408,1,0.55520976,0.29218686,0.15260336,c1,c1
19419,1,0.16694854,0.30223095,0.5308205,c5,c5
19420,1,0.14498012,0.35243696,0.50258297,c5,c5
19432,1,0.10542305,0.30858073,0.5859962,c5,c5
19449,1,0.45770016,0.38260958,0.15969022,c1,c1
19455,1,0.5308437,0.33533064,0.13382564,c234,c1
19456,1,0.17234987,0.25279605,0.57485414,c1,c5
19483,1,0.3366628,0.38485074,0.27848643,c234,c234
19484,1,0.33839232,0.36267656,0.2989311,c1,c234
19486,1,0.5623867,0.2713721,0.16624118,c234,c1
19494,1,0.110919505,0.26435003,0.6247305,c5,c5
19500,1,0.37274757,0.34449327,0.2827591,c1,c1
19501,1,0.1887383,0.30059215,0.5106695,c5,c5
19504,1,0.29794672,0.32241297,0.37964034,c5,c5
19510,1,0.27621883,0.37587363,0.3479075,c1,c234
19521,1,0.4082513,0.2675907,0.324158,c1,c1
19523,1,0.4869694,0.34316993,0.16986069,c5,c1
19534,1,0.38001937,0.4023125,0.21766809,c234,c234
19535,1,0.5096069,0.33693242,0.15346068,c1,c1
19543,1,0.54444253,0.324012,0.13154544,c5,c1
19551,1,0.5312844,0.30356786,0.16514774,c5,c1
19553,1,0.5800031,0.29431722,0.1256797,c234,c1
19554,1,0.61388797,0.27938226,0.10672982,c234,c1
19556,1,0.22960706,0.43354234,0.33685064,c1,c234
19560,1,0.30668667,0.31599733,0.37731594,c234,c5
19572,1,0.5404128,0.30885905,0.15072812,c234,c1
19576,1,0.4392666,0.291723,0.2690104,c5,c1
19592,1,0.34046355,0.32892287,0.33061352,c1,c1
19595,1,0.103807576,0.21630076,0.67989165,c5,c5
19606,1,0.1808748,0.32396314,0.49516207,c1,c5
19607,1,0.3674421,0.40102714,0.23153076,c234,c234
19612,1,0.5506938,0.24730982,0.2019963,c234,c1
19622,1,0.33705977,0.42994982,0.23299049,c234,c234
19624,1,0.36547855,0.33824974,0.29627174,c5,c1
19626,1,0.13054967,0.30181438,0.56763595,c1,c5
19636,1,0.4836332,0.2659814,0.25038543,c234,c1
19642,1,0.34118146,0.32034898,0.33846954,c234,c1
19648,1,0.6267921,0.22982518,0.1433827,c1,c1
19652,1,0.3406024,0.3191277,0.34026995,c1,c1
19656,1,0.15113145,0.25636253,0.592506,c234,c5
19663,1,0.14094466,0.32296386,0.5360915,c5,c5
19678,1,0.14115071,0.26254794,0.5963014,c234,c5
19692,1,0.29770914,0.36658543,0.33570543,c234,c234
19707,1,0.21491489,0.3418958,0.4431893,c234,c5
19708,1,0.12880328,0.26800707,0.6031896,c5,c5
19712,1,0.46854517,0.37796015,0.15349466,c234,c1
19717,1,0.2537252,0.3751017,0.3711731,c1,c234
19721,1,0.47425976,0.31626272,0.20947754,c5,c1
19723,1,0.2337771,0.38341543,0.38280746,c5,c234
19727,1,0.38646835,0.3576703,0.25586128,c1,c1
19729,1,0.29592392,0.41910642,0.28496966,c234,c234
19734,1,0.57395726,0.26712677,0.1589159,c234,c1
19736,1,0.43283227,0.32273525,0.2444325,c234,c1
19742,1,0.3366137,0.4130071,0.2503792,c1,c234
19748,1,0.121222116,0.27211323,0.6066646,c5,c5
19752,1,0.26438546,0.29008716,0.44552734,c5,c5
19764,1,0.5915682,0.2559099,0.15252191,c1,c1
19765,1,0.39962888,0.30678034,0.29359072,c5,c1
19766,1,0.4297547,0.3024256,0.26781973,c234,c1
19775,1,0.16605292,0.28828287,0.5456642,c5,c5
19780,1,0.47231674,0.308357,0.21932617,c234,c1
19792,1,0.42276534,0.35995883,0.21727589,c234,c1
19798,1,0.18702395,0.408448,0.40452802,c234,c234
19800,1,0.3726052,0.30701625,0.32037854,c1,c1
19801,1,0.56408817,0.24604113,0.18987072,c5,c1
19805,1,0.16142976,0.2583737,0.58019656,c1,c5
19815,1,0.12232862,0.25461262,0.6230587,c234,c5
19826,1,0.67980033,0.20987374,0.110326014,c1,c1
19828,1,0.105830796,0.28217402,0.61199516,c234,c5
19832,1,0.46108997,0.35723907,0.18167089,c1,c1
19845,1,0.29101148,0.29537782,0.4136107,c234,c5
19857,1,0.10058679,0.26739928,0.632014,c234,c5
19858,1,0.19815195,0.40912047,0.39272758,c234,c234
19862,1,0.28244695,0.32071918,0.3968338,c234,c5
19869,1,0.15640429,0.34532893,0.49826676,c1,c5
19878,1,0.38631427,0.29226458,0.32142118,c5,c1
19889,1,0.34908366,0.35316184,0.29775447,c234,c234
19892,1,0.4485193,0.3377449,0.21373583,c1,c1
19901,1,0.24390033,0.452672,0.30342773,c5,c234
19908,1,0.16855985,0.34749168,0.48394847,c5,c5
19918,1,0.31998247,0.37296885,0.3070487,c234,c234
19919,1,0.40426213,0.36573344,0.23000443,c1,c1
19923,1,0.3570501,0.354573,0.2883769,c1,c1
19925,1,0.18656817,0.36076826,0.4526636,c5,c5
19939,1,0.21184562,0.34598297,0.4421714,c234,c5
19951,1,0.2021614,0.33008882,0.4677498,c5,c5
19954,1,0.40810913,0.26762816,0.32426274,c5,c1
19962,1,0.13355383,0.29475087,0.57169527,c1,c5
19965,1,0.4597067,0.33369347,0.20659988,c1,c1
19977,1,0.41831848,0.3890124,0.19266914,c1,c1
19979,1,0.41887146,0.30308607,0.2780425,c5,c1
19985,1,0.10243511,0.2431629,0.65440196,c5,c5
19989,1,0.47805822,0.32944787,0.19249392,c5,c1
19990,1,0.6940415,0.19957575,0.10638276,c1,c1
19992,1,0.42813185,0.36016026,0.2117079,c5,c1
19995,1,0.36250576,0.2889663,0.34852797,c234,c1
19998,1,0.2788899,0.3971574,0.32395265,c234,c234
20000,1,0.35698926,0.3556843,0.28732643,c1,c1
20008,1,0.5582891,0.2550268,0.1866841,c234,c1
20009,1,0.3079031,0.3860674,0.30602953,c234,c234
20011,1,0.48747975,0.35007,0.16245024,c1,c1
20021,1,0.16134061,0.2885703,0.5500891,c234,c5
20038,1,0.1987912,0.28381824,0.51739055,c1,c5
20041,1,0.49170378,0.31923598,0.18906027,c1,c1
20042,1,0.2970865,0.316054,0.38685948,c234,c5
20047,1,0.40778545,0.28972852,0.30248603,c234,c1
20065,1,0.4986799,0.35914186,0.14217825,c234,c1
20079,1,0.5104791,0.31473315,0.17478773,c234,c1
20080,1,0.26243258,0.45432928,0.28323817,c5,c234
20085,1,0.13675913,0.29166517,0.5715757,c234,c5
20089,1,0.3599316,0.32821688,0.3118515,c1,c1
20090,1,0.4187379,0.28444117,0.2968209,c1,c1
20091,1,0.19051202,0.41247523,0.39701268,c5,c234
