indice,p_c1,p_c234,p_c5,rotulo,previsto
17923,0.6444287163690993,0.1592205864794408,0.19635069715146286,c5,c1
1391,0.24560397269802584,0.3375324434242354,0.4168635838777355,c1,c5
3545,0.4793423962868892,0.5061244479603404,0.014533155752785536,c5,c234
12931,0.8380733628941146,0.11154621825167113,0.05038041885422236,c1,c1
12342,0.9643391021715914,0.03364858686095511,0.0020123109674407167,c1,c1
15836,0.22304042399636564,0.2503920614320476,0.52656751457159,c234,c5
7175,0.16382852034886852,0.19729739391838086,0.6388740857327535,c234,c5
18518,0.8294376202872131,0.14596137624552097,0.024601003467273733,c1,c1
8698,0.1696342449863147,0.34929668303201183,0.4810690719816609,c5,c5
19566,0.7934139779269562,0.11872075217777807,0.08786526989526518,c1,c1
7538,0.2677565303940824,0.4437433980469514,0.2885000715589612,c5,c234
3485,0.13849137385504962,0.4683018006316055,0.39320682551335184,c234,c234
6339,0.11004541504691517,0.24719853794423266,0.64275604700885,c5,c5
8322,0.9652416262660505,0.03298195794076711,0.001776415793173156,c1,c1
6275,0.7643259196470419,0.178306791464787,0.05736728888816453,c1,c1
6346,0.2726460553363993,0.3334235330167015,0.3939304116468961,c1,c5
1379,0.2507052489560743,0.27205119969230457,0.47724355135162644,c1,c5
14319,0.24821957629413408,0.3676337011710029,0.38414672253485416,c5,c5
11835,0.25719514732050625,0.29911145942950057,0.44369339324998325,c5,c5
6034,0.4203545697917758,0.3652515209788263,0.21439390922938872,c1,c1
7382,0.571240021881631,0.2660737499213941,0.16268622819696557,c234,c1
11855,0.10172923273619358,0.10878411800652059,0.7894866492572901,c5,c5
13461,0.21324149135148332,0.4551639626597028,0.33159454598882193,c5,c234
6751,0.7391210935290753,0.16594597640008624,0.09493293007083128,c1,c1
2996,0.48205812753099186,0.40272173184014487,0.11522014062885293,c234,c1
17630,0.494643157341685,0.45397164328690803,0.051385199371414614,c234,c1
12896,0.27620448984057583,0.3611192512831491,0.36267625887627747,c1,c5
3395,0.998194748733476,0.0016293258706226086,0.00017592539590401317,c234,c1
8233,0.27717413290033277,0.3584364445284907,0.3643894225711821,c234,c5
14003,0.4299103603502809,0.35743257771683357,0.2126570619328917,c234,c1
9443,0.22795913021670441,0.30997263478300785,0.462068235000288,c5,c5
4048,0.27792477938307947,0.5044973044443932,0.21757791617253158,c5,c234
8739,0.2911654982024899,0.41360672710489543,0.29522777469264266,c5,c234
20057,0.6715352703357673,0.28079085936073117,0.04767387030349159,c1,c1
6154,0.7470295531260006,0.21327749469311638,0.039692952180889536,c1,c1
19850,0.2420959514293502,0.352613871413854,0.405290177156791,c5,c5
1251,0.37799900606413944,0.4960824627794119,0.12591853115645346,c5,c234
13235,0.24051125632290618,0.49070296127795393,0.26878578239915346,c5,c234
7440,0.21579699130254082,0.39064466450411883,0.3935583441933362,c1,c5
9084,0.3490069547647986,0.3386796759051373,0.31231336933006665,c1,c1
19503,0.291144316278501,0.3155155306283199,0.39334015309317866,c234,c5
11212,0.22630529887018339,0.6134210422347652,0.16027365889506298,c1,c234
14468,0.10833069746830026,0.3138566618923325,0.5778126406393684,c234,c5
2328,0.49979719024282043,0.276385413610712,0.2238173961464684,c234,c1
9075,0.8238429872686405,0.1369369933232297,0.039220019408142855,c234,c1
320,0.783629700853798,0.11996608162976156,0.09640421751644862,c5,c1
4426,0.37159373905722065,0.3132802567635942,0.3151260041791829,c234,c1
13306,0.28994123060570104,0.4234955400874595,0.2865632293068326,c234,c234
3407,0.263116420709762,0.4069768802270769,0.3299066990631656,c5,c234
5275,0.322489074259135,0.27840547771208585,0.39910544802877973,c5,c5
2493,0.16227924881331532,0.38435529635458343,0.4533654548321096,c234,c5
10779,0.33478904266186366,0.4452915804624536,0.2199193768756964,c234,c234
18699,0.06998620865800081,0.18470866672697298,0.7453051246150277,c5,c5
5323,0.3333429343972501,0.3286121890397212,0.3380448765630283,c234,c5
4216,0.635043993121469,0.23226714227722525,0.13268886460130436,c1,c1
13350,0.3891388998288695,0.29334628776686883,0.31751481240426227,c1,c1
2888,0.7595941265120527,0.2037722943912549,0.03663357909668918,c1,c1
1999,0.2995592151057184,0.3761292657705333,0.3243115191237415,c234,c234
16470,0.19955281520111043,0.4120331110257738,0.3884140737731195,c1,c234
19469,0.35586983616073947,0.5833728159749828,0.06075734786426561,c234,c234
16100,0.07427838586656269,0.08156228263009871,0.8441593315033279,c5,c5
1198,0.47825253628066183,0.2897811092760465,0.23196635444328684,c1,c1
14825,0.5818975760253414,0.34609948222332204,0.07200294175134934,c1,c1
10849,0.56395875602855,0.20470369855252973,0.2313375454189179,c1,c1
15534,0.46526641426614196,0.31880904382707764,0.21592454190678648,c1,c1
11052,0.4664279537429292,0.27934931611161345,0.25422273014546415,c5,c1
15433,0.13794322687570348,0.6422776672629451,0.21977910586136465,c5,c234
19125,0.20910802941619153,0.4745770086027484,0.3163149619810673,c1,c234
8931,0.22956455736473994,0.5319422904968527,0.23849315213841227,c234,c234
16063,0.16496045755847633,0.413618771489031,0.42142077095249564,c234,c5
11000,0.190881559202077,0.47458062341560686,0.3345378173823111,c1,c234
7539,0.09493892506468099,0.3179908803209196,0.5870701946144046,c1,c5
10113,0.4572666102016884,0.41016685693882143,0.13256653285949324,c1,c1
11763,0.1708433319155027,0.2056040689387872,0.6235525991457067,c1,c5
10955,0.2540317718630011,0.34948519976054127,0.3964830283764632,c1,c5
6980,0.4695154820541603,0.3129565154716576,0.21752800247417553,c5,c1
16843,0.8218259254131052,0.15079646112572234,0.027377613461181442,c1,c1
12021,0.32260762782851793,0.4750295577968996,0.2023628143745863,c234,c234
19958,0.0449621859845471,0.8812599315736898,0.07377788244176095,c234,c234
7881,0.44898502835471704,0.35018294328910143,0.2008320283561906,c1,c1
11950,0.8757000960763243,0.10283222938918438,0.021467674534494767,c234,c1
11585,0.5144488861325321,0.18407761635241066,0.3014734975150639,c1,c1
17712,0.14953990885308632,0.4455005067953808,0.40495958435153656,c234,c234
6526,0.23428277660523433,0.25426481969373577,0.5114524037010291,c5,c5
18379,0.049104036381575636,0.2685348643070897,0.6823610993113368,c5,c5
4431,0.18613319159952774,0.2556473920084272,0.558219416392047,c5,c5
7492,0.2783365020569426,0.2985918335390708,0.4230716644039832,c234,c5
15418,0.25035831518282187,0.3898708706924527,0.35977081412473216,c1,c234
16519,0.5594447095930946,0.2639836835251246,0.1765716068817854,c5,c1
2366,0.2493525957084245,0.6660651458600237,0.08458225843156308,c1,c234
2803,0.1987919629843645,0.33333744193939924,0.46787059507623796,c234,c5
5180,0.1726938235896054,0.2921326155224767,0.535173560887912,c234,c5
19297,0.15545978441879368,0.3756344001900971,0.46890581539111076,c5,c5
3962,0.8871180299344367,0.09855211291866867,0.01432985714690501,c1,c1
3607,0.26200174450048214,0.5459417225286619,0.1920565329708581,c5,c234
923,0.0672869421466406,0.14164946169593556,0.7910635961574297,c234,c5
738,0.2618995157739091,0.3226298026335565,0.41547068159252876,c5,c5
15666,0.34728118747575504,0.32516358698540143,0.32755522553884375,c1,c1
18950,0.2942029919719655,0.30278211573495295,0.40301489229307585,c234,c5
3999,0.2581428570587481,0.2509055175829252,0.4909516253583286,c1,c5
4697,0.32335317566103866,0.3078713918411289,0.3687754324978298,c1,c5
6358,0.27299943471004745,0.3266876683279643,0.4003128969619877,c234,c5
14906,0.27162744328152677,0.4126263843579226,0.31574617236055297,c5,c234
2712,0.2217201940690439,0.37735410674617553,0.40092569918477566,c234,c5
8305,0.1650812555997512,0.692042585388062,0.14287615901220002,c234,c234
11020,0.1514377173030201,0.2755189533290946,0.5730433293678877,c5,c5
14260,0.3340424742845808,0.37614049420771795,0.289817031507707,c1,c234
17440,0.12453642054935585,0.5438967963715154,0.3315667830791299,c234,c234
6268,0.34439563465588074,0.33082261711868755,0.3247817482254309,c1,c1
340,0.5639378954361058,0.2780880682048446,0.15797403635905563,c1,c1
7482,0.18415093757642004,0.369909872584865,0.44593918983872544,c234,c5
6602,0.2305462772610116,0.36297031874615543,0.40648340399283434,c1,c5
18019,0.15553754121429517,0.44843582496847306,0.3960266338172365,c1,c234
18353,0.12222139529539702,0.20266053442834733,0.6751180702762599,c5,c5
15790,0.38710381155093077,0.2632145327928328,0.34968165565623943,c1,c1
4927,0.6106928579986869,0.35343570271552044,0.035871439285800076,c234,c1
9134,0.4720258351862967,0.1818579554608036,0.3461162093529022,c234,c1
18188,0.2977458093461464,0.2839384737390987,0.418315716914754,c5,c5
16021,0.25089099652213354,0.42231575615676487,0.3267932473210882,c1,c234
18932,0.1732620309575099,0.34969555832147453,0.47704241072101194,c1,c5
1868,0.22348439964947822,0.3832974151750869,0.39321818517542634,c234,c5
18755,0.6316620931196412,0.22683198360538004,0.14150592327497177,c1,c1
13621,0.2970037880997115,0.3828208763338873,0.32017533556639843,c1,c234
19111,0.17747335690483798,0.42600128429260314,0.39652535880255196,c1,c234
17118,0.3492663589636567,0.363753712299997,0.2869799287363391,c1,c234
7714,0.7128407398374013,0.2287571329033986,0.05840212725920559,c5,c1
2340,0.11265986931293252,0.310002279121538,0.577337851565537,c5,c5
5888,0.537461226590945,0.35544411755836675,0.10709465585069114,c1,c1
6482,0.3583937227900884,0.261851488052648,0.3797547891572657,c5,c5
13907,0.7183256987200122,0.23223798018197722,0.04943632109801857,c1,c1
2680,0.2261663006522676,0.27270765524938295,0.5011260440983478,c5,c5
14288,0.12412055376393255,0.7482922652111798,0.12758718102488717,c234,c234
1293,0.03989676533575463,0.3877378410217979,0.5723653936424544,c234,c5
1137,0.26040140166775333,0.31221841905823877,0.42738017927401106,c234,c5
9027,0.19887587877590152,0.22733529621190737,0.5737888250121849,c234,c5
20055,0.27212623048735624,0.3549564903234586,0.3729172791891885,c1,c5
9350,0.25612573167584735,0.4412207259153196,0.3026535424088333,c234,c234
12377,0.06707772901539061,0.05939834485132373,0.8735239261332844,c5,c5
18187,0.2871868515187268,0.38303221774473034,0.3297809307365428,c1,c234
10964,0.4539507237060582,0.30040648077908877,0.24564279551485643,c234,c1
14018,0.5223548852038987,0.4147631320989031,0.06288198269719146,c234,c1
8282,0.3719054120229131,0.33098021097176467,0.2971143770053236,c1,c1
5406,0.14482137465872005,0.4047103367419472,0.4504682885993291,c1,c5
17504,0.5196831022548585,0.18701381985703286,0.29330307788810694,c1,c1
10583,0.29532885892882815,0.5550870493188343,0.1495840917523146,c1,c234
13248,0.24722523305109356,0.3508233087361718,0.40195145821273315,c234,c5
18348,0.2509081542620267,0.39794876917521554,0.3511430765627514,c5,c234
15330,0.250934186439072,0.5209106579890251,0.2281551555718953,c234,c234
5902,0.9549159378284967,0.04374341408575652,0.0013406480857379149,c234,c1
2263,0.5925015898652176,0.21306499374480733,0.1944334163899803,c1,c1
13020,0.2437618127471109,0.2697192090301323,0.48651897822275786,c1,c5
4899,0.6046754829115703,0.19648031815374867,0.19884419893467506,c1,c1
9029,0.4862248724277645,0.3148987839874062,0.19887634358483045,c234,c1
17584,0.28838296433697713,0.4386576032891929,0.27295943237383147,c234,c234
15016,0.4832563216997337,0.4012106473917826,0.11553303090849378,c234,c1
7838,0.35009584778735564,0.32974752202300756,0.32015663018963814,c5,c1
10241,0.1910501197305622,0.20485576530263344,0.6040941149668103,c234,c5
8823,0.5010207753152317,0.2690364288494237,0.22994279583535485,c5,c1
6225,0.7993114101586652,0.08384655457740557,0.11684203526393606,c1,c1
5822,0.3285029354908673,0.42869097425031427,0.24280609025881178,c1,c234
19849,0.24246523511780904,0.5228673454631919,0.2346674194189985,c234,c234
7425,0.6760946356238754,0.24594173398375344,0.07796363039235875,c234,c1
17531,0.3456700306498304,0.29926591063436575,0.3550640587158083,c1,c5
1426,0.20162804880405133,0.3670353959345164,0.4313365552614304,c5,c5
3285,0.7018546904535219,0.24818862351006657,0.04995668603640658,c234,c1
13604,0.8833395791001433,0.06879415097936993,0.04786626992049246,c1,c1
5481,0.12679686232372225,0.2014033438450624,0.6717997938312285,c5,c5
1965,0.29864146143471315,0.26395254233955323,0.43740599622573023,c5,c5
13666,0.39552064942334864,0.320447282242645,0.28403206833400235,c1,c1
17133,0.17531544752060224,0.30126566486661815,0.5234188876127734,c1,c5
18067,0.16653821634346733,0.2633388060723886,0.5701229775841409,c5,c5
5870,0.1752026313029765,0.4647656727804885,0.3600316959165469,c5,c234
11524,0.06594740111780084,0.06930536482827024,0.864747234053925,c5,c5
3948,0.6408656143334952,0.22615936562566605,0.13297502004083464,c5,c1
1006,0.4945547445267236,0.4429151249318356,0.06253013054144134,c1,c1
16918,0.4299103603502809,0.35743257771683357,0.2126570619328917,c234,c1
7937,0.8118415677998005,0.12863133290234663,0.059527099297856594,c5,c1
14715,0.16566039140780905,0.4318329971806406,0.4025066114115382,c234,c234
14303,0.22272656213444295,0.45706564435579056,0.320207793509769,c1,c234
7599,0.6324069199881095,0.20767805559485084,0.15991502441703315,c5,c1
9816,0.6836809607374047,0.14762116680432705,0.16869787245827228,c1,c1
14486,0.10223465497409205,0.48790178487861513,0.4098635601472959,c1,c234
14358,0.10690325700068644,0.22712075629864908,0.6659759867006686,c234,c5
17076,0.07359533613303892,0.08707004427833118,0.8393346195886335,c5,c5
9736,0.22035944789853842,0.3873047470621866,0.3923358050392781,c1,c5
7959,0.3503097026217864,0.3738768019435714,0.2758134954346328,c234,c234
3442,0.8840340710043108,0.11027829682639052,0.005687632169291268,c234,c1
5416,0.6776791592830326,0.27355734760523753,0.04876349311172713,c1,c1
11514,0.9069581834988291,0.07799640965042291,0.015045406850750832,c1,c1
2729,0.1919778932171829,0.3979510329795224,0.4100710738032946,c5,c5
17307,0.20932191634084066,0.2623333576661972,0.5283447259929637,c234,c5
15488,0.28492195750306276,0.4041768466041695,0.310901195892766,c1,c234
4563,0.35325970857710476,0.3193126156479841,0.32742767577490817,c5,c1
138,0.1741438937597238,0.1849197906412714,0.640936315599002,c5,c5
1545,0.8784736508533738,0.0832041774388409,0.03832217170778347,c1,c1
2533,0.44201701448974623,0.3944949699547236,0.16348801555551878,c234,c1
17810,0.20235709260521156,0.38787256684401455,0.40977034055077044,c5,c5
15141,0.22102460475971328,0.5542126806679044,0.22476271457239502,c1,c234
214,0.2566787174925863,0.358676315558254,0.38464496694916017,c1,c5
16430,0.5962007335946635,0.35637763522940624,0.047421631175921644,c234,c1
15951,0.49873372181599174,0.1897375390056988,0.31152873917830626,c5,c1
1653,0.06726844932085836,0.2988043074046664,0.6339272432744854,c234,c5
8789,0.308357521589424,0.2836610387192861,0.4079814396912814,c1,c5
19444,0.6325800216060184,0.3298867351423006,0.03753324325168669,c1,c1
10457,0.1872284343858313,0.6086681733964283,0.20410339221773402,c234,c234
7743,0.18817119631622103,0.3381414144991722,0.47368738918460856,c5,c5
15213,0.3135422077657285,0.41330326440969367,0.27315452782458816,c234,c234
18059,0.22941932894707914,0.1865106465560216,0.5840700244968927,c234,c5
19793,0.5708130787314746,0.19540872887258676,0.233778192395934,c234,c1
12915,0.049387583304091445,0.8615490089985096,0.08906340769738882,c1,c234
14102,0.4177144059204107,0.3345640974581519,0.24772149662143744,c234,c1
6162,0.19298873001321226,0.4881351138227484,0.3188761561640288,c5,c234
7534,0.21880353540116995,0.4420805346536568,0.33911592994517675,c5,c234
17293,0.05159077301336156,0.08777919273016445,0.8606300342564787,c5,c5
874,0.2482324890421787,0.4912301180857693,0.26053739287204936,c234,c234
2549,0.10101417187373243,0.20137770920634127,0.6976081189199195,c5,c5
8860,0.14869693188021632,0.672903319034031,0.17839974908576453,c234,c234
17991,0.20537116312278728,0.2811337313200728,0.5134951055571404,c234,c5
12037,0.9962802646159218,0.0032315404603077886,0.00048819492377847636,c1,c1
15172,0.20871154621093235,0.5566392319148952,0.23464922187416298,c234,c234
16042,0.5010354192505244,0.279679087112243,0.21928549363722763,c1,c1
10069,0.28136867948810484,0.4236139223313857,0.295017398180508,c234,c234
16609,0.49873372181599174,0.1897375390056988,0.31152873917830626,c5,c1
2753,0.5223136737089309,0.3488674074152114,0.12881891887586155,c1,c1
3375,0.3382401549531522,0.5408319555698352,0.12092788947702467,c5,c234
7185,0.17317392850658042,0.22854547423445737,0.5982805972589632,c234,c5
799,0.3091625476974398,0.40522917893243127,0.2856082733701328,c234,c234
12388,0.6248683811379356,0.3048681529029226,0.07026346595914781,c1,c1
489,0.34064137569613634,0.45397233105349166,0.2053862932503673,c5,c234
18469,0.15962809830912353,0.5674625619072264,0.2729093397836495,c1,c234
12967,0.2833497226170881,0.12767165393494412,0.5889786234479724,c5,c5
9518,0.1517826900838697,0.2571665425359479,0.5910507673801805,c234,c5
19676,0.07577789230747732,0.18477215113723258,0.7394499565552858,c234,c5
16773,0.35762220760504226,0.3420972730927889,0.300280519302172,c1,c1
19955,0.2731730757489009,0.30452585807553983,0.42230106617555957,c234,c5
15829,0.42156484139327244,0.34020632785234856,0.23822883075438175,c234,c1
7045,0.5374116598518143,0.05806799621506685,0.4045203439331116,c1,c1
2571,0.23325267930022123,0.2782148686832015,0.4885324520165756,c234,c5
8964,0.44297439643026143,0.19436725574842653,0.362658347821309,c5,c1
15008,0.4224633780633698,0.3542736305475786,0.22326299138905212,c234,c1
19160,0.9612887109151717,0.023662745699002626,0.01504854338581993,c5,c1
11667,0.17332886643809509,0.46217055976742866,0.3645005737944704,c1,c234
4855,0.23530973821910336,0.2976946092851488,0.46699565249574737,c5,c5
17170,0.13137802757286535,0.7700667420233767,0.09855523040376006,c234,c234
1604,0.6702302926090751,0.1710775190715885,0.1586921883193408,c1,c1
6675,0.11358594186341159,0.3171680610682891,0.5692459970682868,c234,c5
12560,0.9033327683767476,0.04923314237623421,0.047434089247026044,c234,c1
17208,0.20266981628095826,0.4176264965443807,0.3797036871746508,c234,c234
10472,0.7548806434547376,0.2305199737458631,0.01459938279939196,c234,c1
2778,0.2522899197945765,0.379034487931417,0.36867559227400615,c234,c234
4673,0.5528497150261065,0.35623377640994686,0.09091650856395082,c1,c1
13871,0.7360619807188512,0.21988324569101964,0.04405477359013775,c234,c1
7662,0.21981259526505523,0.39042504901546626,0.3897623557194771,c5,c234
15588,0.24054685322130395,0.3007292162302766,0.4587239305484157,c5,c5
3667,0.41662587823604874,0.25886978109895475,0.32450434066500394,c1,c1
15514,0.17959179517239257,0.5519261376410366,0.26848206718658485,c5,c234
15859,0.7899884963163981,0.18085805047652959,0.029153453207061603,c234,c1
15924,0.10152600143466081,0.20999276330750033,0.6884812352578407,c5,c5
8948,0.6018168468629382,0.2435626310674701,0.1546205220695863,c1,c1
9756,0.23893012644507555,0.4303446604553618,0.3307252130995596,c234,c234
5066,0.2648649823639174,0.3474875857949298,0.38764743184114603,c234,c5
19777,0.5973654166461393,0.3316247088161127,0.07100987453774371,c234,c1
9901,0.2594174411509428,0.25939474181835714,0.4811878170306959,c234,c5
3859,0.21101663149632655,0.4691094019387204,0.31987396656495987,c234,c234
3944,0.40488335776395173,0.20733721705494876,0.3877794251810974,c5,c1
11131,0.37747703032700636,0.31592085975707335,0.3066021099159237,c5,c1
15989,0.23396338909243836,0.5038371329518677,0.2621994779556972,c234,c234
5266,0.9683642811995667,0.03000291612003252,0.0016328026803996342,c1,c1
1585,0.12503774517754632,0.284768444636117,0.5901938101863321,c234,c5
4266,0.21840403187290186,0.3687633782673288,0.4128325898597741,c234,c5
15422,0.13786025104606034,0.25493271054065525,0.6072070384132775,c5,c5
3470,0.3977505344618372,0.4249287511937062,0.17732071434445296,c234,c234
4099,0.262558151827279,0.3100845390294408,0.4273573091432816,c5,c5
3336,0.2557301645505121,0.4046351533100852,0.33963468213940096,c234,c234
16521,0.10345839513460667,0.25050732247779955,0.6460342823875959,c5,c5
5929,0.4514183501707029,0.278096687112411,0.2704849627168928,c1,c1
19354,0.4849957865036146,0.28909422575579613,0.22590998774059445,c1,c1
5907,0.2747335163812431,0.45307864003656934,0.2721878435821908,c1,c234
13674,0.2253375629843535,0.24516932684077583,0.5294931101748671,c234,c5
7352,0.12039707246060628,0.3231421743043234,0.5564607532350682,c234,c5
17552,0.21740141026038617,0.4834130583143171,0.29918553142529036,c5,c234
8107,0.08956495333982403,0.6024122757742865,0.3080227708858916,c234,c234
830,0.6922958815166816,0.25093646407114445,0.05676765441217153,c5,c1
349,0.29030301454457025,0.4108196093521006,0.298877376103326,c5,c234
6376,0.15034327374795378,0.7322576549260289,0.11739907132602795,c1,c234
9039,0.1352779192344686,0.44438858103890827,0.42033349972660966,c234,c234
2582,0.19007276989479993,0.3798670752480411,0.43006015485717203,c5,c5
13659,0.10342963838279312,0.19227153719343715,0.7042988244237632,c5,c5
19280,0.20573536987388724,0.23122469479807575,0.5630399353280388,c234,c5
4828,0.2217825764897999,0.4596450962160693,0.31857232729413304,c234,c234
14889,0.1526306335668514,0.38880612852705454,0.4585632379060849,c234,c5
14098,0.1444839348514687,0.5016162797051287,0.3538997854434015,c5,c234
10058,0.5527977679456195,0.11819801629132953,0.3290042157630573,c234,c1
2993,0.1446041797865728,0.24737272534941812,0.6080230948640197,c5,c5
9176,0.3143510476901563,0.5518935580259753,0.1337553942838746,c234,c234
19846,0.25990205391916926,0.3471243210038279,0.39297362507701067,c234,c5
11921,0.2015405086684033,0.3199907303920913,0.4784687609395052,c1,c5
19063,0.5093203565131508,0.27929039673734213,0.2113892467495035,c1,c1
18312,0.2602391302709221,0.29532450973173063,0.444436359997341,c5,c5
11871,0.2846580928332028,0.3938617866761064,0.3214801204906941,c234,c234
2207,0.14569246783871007,0.3186127857577084,0.5356947464035776,c5,c5
6767,0.5277596833116394,0.3682291568584703,0.10401115982988479,c234,c1
3008,0.38421481797721885,0.47229549201576043,0.14348969000701028,c5,c234
8206,0.41545961990760566,0.3173598613542795,0.26718051873812165,c1,c1
4391,0.37269718769823307,0.4242224319700315,0.2030803803317379,c234,c234
3104,0.5196831022548585,0.18701381985703286,0.29330307788810694,c234,c1
14149,0.5925015898652176,0.21306499374480733,0.1944334163899803,c1,c1
16300,0.1902724384359604,0.35640798792392286,0.453319573640116,c1,c5
14717,0.3749850082546082,0.5913579371517433,0.033657054593651224,c5,c234
4763,0.14440378181228852,0.23557583692722403,0.6200203812604926,c5,c5
1505,0.39266516837959087,0.5590677659102226,0.048267065710184416,c1,c234
17326,0.16321309673764658,0.3623934718170667,0.47439343144528867,c5,c5
17652,0.29161780553274186,0.4295919635282428,0.2787902309390082,c1,c234
14270,0.1347579586220695,0.10891576124791803,0.7563262801300152,c5,c5
4914,0.2162489216360605,0.4134160721928325,0.3703350061711032,c5,c234
7773,0.38955230598283286,0.37863742064256506,0.23181027337460314,c1,c1
15930,0.341475871946002,0.18036891794432683,0.4781552101096742,c5,c5
4593,0.31774769660485475,0.38482794464072234,0.29742435875443596,c234,c234
17339,0.28797659182774865,0.10226185885334442,0.60976154931891,c5,c5
10749,0.3155496488078204,0.31017828636186423,0.37427206483031517,c234,c5
8787,0.20897046528298222,0.24061237237875385,0.5504171623382665,c5,c5
1499,0.31788698589619907,0.4192942284260748,0.2628187856777191,c234,c234
5248,0.5129155777751482,0.34174520980725237,0.14533921241760459,c1,c1
16980,0.26406499219887286,0.2900430913048202,0.4458919164963126,c5,c5
8423,0.429244352569904,0.35515191231638327,0.21560373511370715,c1,c1
4618,0.6634085258546794,0.26884963828102404,0.06774183586430116,c1,c1
2393,0.28485363979397493,0.3633442442537605,0.35180211595226285,c1,c234
9175,0.34068970486884614,0.29750829404577256,0.3618020010853766,c234,c5
1007,0.4212614558056614,0.39052296403018827,0.18821558016413928,c5,c1
9890,0.48340762890001626,0.25966291818370624,0.25692945291628194,c1,c1
11762,0.18269536027553188,0.20379985400124348,0.6135047857232281,c5,c5
4334,0.18854093579784514,0.45333179010571983,0.3581272740964281,c1,c234
11094,0.9427964113449765,0.037148676822986934,0.02005491183203767,c1,c1
10892,0.3268413599576228,0.24301208243587055,0.4301465576065055,c1,c5
19814,0.5650582561493088,0.25667920272362105,0.17826254112706144,c1,c1
11019,0.14126878025161033,0.2849488535098332,0.5737823662385683,c5,c5
5701,0.44489568330756074,0.3854456085826295,0.1696587081098153,c5,c1
8203,0.34269868985653446,0.35222386512563125,0.3050774450178373,c234,c234
6185,0.2814765086965706,0.5104130601411693,0.20811043116227232,c1,c234
16828,0.5284921605425942,0.3039724821443385,0.1675353573130602,c1,c1
3036,0.9917831371763134,0.00734205004860861,0.000874812775086797,c1,c1
14629,0.1910501197305622,0.20485576530263344,0.6040941149668103,c5,c5
159,0.28122688263748247,0.31330262109050677,0.4054704962720137,c5,c5
7493,0.3498103725353529,0.3291598001528132,0.32102982731182766,c1,c1
18585,0.17369649472131293,0.4432605273652106,0.3830429779134798,c5,c234
1692,0.24470462972851742,0.21721620928556343,0.538079160985919,c5,c5
13304,0.17042712998756054,0.2541951487879135,0.5753777212245234,c5,c5
6216,0.27245763909521253,0.4484228571793026,0.2791195037254805,c1,c234
2484,0.6869772762656597,0.16302945392675153,0.14999326980758235,c1,c1
8874,0.23417820950277557,0.18530270227093887,0.580519088226284,c5,c5
16146,0.27753482157401677,0.3073301675518731,0.4151350108741075,c5,c5
6915,0.09637188074997845,0.5747938237818615,0.32883429546815657,c234,c234
17283,0.856034079798992,0.13621428026430335,0.007751639936699777,c1,c1
5709,0.4311952248468102,0.11769348735342244,0.45111128779977994,c5,c5
17054,0.473432111295892,0.20219459816293045,0.3243732905411743,c1,c1
6671,0.36782921388489004,0.3144344275111829,0.31773635860393173,c234,c1
10879,0.024130666942639194,0.020917203194978893,0.9549521298623781,c5,c5
16747,0.28841279972525463,0.3602253910412447,0.35136180923349936,c5,c234
1368,0.4636564360212543,0.3009875817499281,0.23535598222882576,c1,c1
18136,0.13509115162760485,0.12701221257704837,0.7378966357953459,c1,c5
16587,0.22464618812018597,0.38724104001058607,0.388112771869223,c234,c5
2497,0.4007769973351299,0.31630153900212055,0.28292146366274673,c1,c1
17182,0.3332314478760067,0.38104832216512974,0.2857202299588695,c234,c234
17683,0.3891901121371918,0.4711549022280124,0.13965498563479828,c1,c234
12088,0.46646599266180233,0.2462163580621557,0.287317649276051,c234,c1
1927,0.3543705780368821,0.37784499503576496,0.2677844269273475,c234,c234
456,0.40837044164549163,0.46370871298848476,0.12792084536603393,c5,c234
15015,0.5454880515212814,0.3023216737899948,0.1521902746887356,c234,c1
9460,0.3060181052682191,0.43398805691002107,0.2599938378217622,c1,c234
7401,0.24039410421393068,0.2838210460766344,0.475784849709436,c5,c5
6175,0.40057328918911345,0.32662745433178414,0.27279925647909925,c1,c1
3771,0.4130660830717564,0.14924095192201467,0.4376929650062277,c5,c5
14651,0.2536827993567936,0.411573945246082,0.33474325539711985,c1,c234
19744,0.5379365477730496,0.3944881046309229,0.0675753475960357,c1,c1
8460,0.34528583732217055,0.4422691604831582,0.21244500219467807,c234,c234
14655,0.34465257633074403,0.38527475943175704,0.27007266423749027,c1,c234
7092,0.4299103603502809,0.35743257771683357,0.2126570619328917,c234,c1
12391,0.3222465184174134,0.3856757496008111,0.2920777319817758,c1,c234
8212,0.18685862496525818,0.4527601196339663,0.3603812554007747,c1,c234
16416,0.28004971051837696,0.3737379381297943,0.34621235135183587,c5,c234
16956,0.21136248352118206,0.44844168989799865,0.3401958265808306,c5,c234
141,0.26407057919828597,0.43439755799854407,0.3015318628031658,c5,c234
7851,0.9652416262660505,0.03298195794076711,0.001776415793173156,c5,c1
2033,0.5590597049752147,0.2498183844977791,0.19112191052699462,c1,c1
782,0.2783587053766484,0.6011309905593335,0.12051030406401338,c234,c234
4109,0.2576029391679812,0.2830677378133211,0.4593293230186941,c5,c5
12389,0.471543522530589,0.23434855769984164,0.2941079197695722,c5,c1
16427,0.35298597370823914,0.486867375400282,0.16014665089148666,c234,c234
5299,0.5109356975985423,0.34128441462839615,0.14777988777307385,c5,c1
10533,0.31604147718284287,0.2921683300112826,0.39179019280588,c5,c5
1317,0.3049644544366369,0.34219574126170643,0.3528398043016598,c1,c5
11526,0.7659229107303078,0.15410932141254446,0.07996776785714259,c1,c1
1320,0.42915354272348016,0.37539152226030786,0.1954549350162086,c234,c1
5426,0.1931847630785438,0.509850856300824,0.2969643806206335,c5,c234
14681,0.565088823724501,0.249653571873812,0.18525760440168262,c5,c1
3577,0.11269184004842797,0.28256007971807307,0.6047480802334896,c234,c5
10151,0.3213939672126956,0.5309413870092284,0.14766464577806623,c5,c234
17525,0.25035655113597616,0.3768542972712337,0.3727891515927785,c1,c234
16592,0.15207577370901998,0.30884880721102387,0.5390754190799574,c5,c5
16608,0.15487978394017954,0.25503701444879995,0.5900832016110228,c1,c5
19143,0.21290295179612162,0.37664886727010893,0.410448180933773,c234,c5
17310,0.17022494878117694,0.6571713024864433,0.1726037487323899,c234,c234
4432,0.2589189660586345,0.45555047567853696,0.2855305582628252,c1,c234
5365,0.274466538202658,0.3255393863092918,0.39999407548805577,c234,c5
10064,0.23525740289108318,0.28241933555596893,0.48232326155294925,c1,c5
10060,0.17304080185694468,0.44451269437286184,0.382446503770189,c5,c234
12934,0.32920254413203665,0.3210816424592154,0.34971581340875135,c1,c5
13138,0.29201876966969903,0.4328101780209393,0.2751710523093595,c5,c234
16357,0.188193214418885,0.6224645526726631,0.1893422329084567,c1,c234
15390,0.19159520633363275,0.30501697987636894,0.5033878137899854,c5,c5
19187,0.5859961253591943,0.34133790800333064,0.07266596663746583,c234,c1
12317,0.28472264213125553,0.37400570497180674,0.34127165289694084,c1,c234
2874,0.34876107989676064,0.3507506288017112,0.30048829130152277,c234,c234
12839,0.3646516096183161,0.3283931577674509,0.30695523261423047,c5,c1
1523,0.3807152364760816,0.24956584585240968,0.36971891767151494,c5,c1
7113,0.46164479660315977,0.30409476114808803,0.2342604422487448,c1,c1
7227,0.2061099704749167,0.31473872440856326,0.4791513051165189,c234,c5
3430,0.25999901272100073,0.28176319160468255,0.4582377956743077,c234,c5
3444,0.37014486901673,0.3412291875333478,0.2886259434499189,c1,c1
17742,0.397992470044608,0.5874070055170316,0.014600524438364215,c5,c234
14686,0.8870877940557006,0.10782449334374493,0.005087712600557178,c1,c1
9742,0.22662701755278017,0.36648107969114146,0.40689190275608067,c234,c5
7098,0.39759083797998096,0.2364242264010083,0.3659849356190124,c234,c1
9670,0.2576296887376744,0.4728771845616666,0.2694931267006598,c234,c234
13778,0.1923349154823374,0.41849458140317936,0.3891705031144736,c1,c234
14548,0.6466193581837325,0.3046509359669996,0.048729705849261395,c1,c1
7487,0.18935613102929544,0.38408253509228035,0.42656133387841993,c234,c5
9448,0.2737965224206713,0.3880851530254457,0.3381183245538869,c234,c234
13152,0.41571462927649777,0.2135030142001019,0.3707823565234033,c1,c1
3851,0.056581961850649135,0.49499177668240346,0.4484262614669438,c5,c234
18069,0.37403530122817097,0.3688058659332712,0.2571588328385571,c1,c1
1448,0.3499067387344988,0.2905434632932182,0.3595497979722844,c5,c5
16214,0.9652416262660505,0.03298195794076711,0.001776415793173156,c234,c1
15894,0.17996348265178583,0.28787004057621385,0.5321664767720012,c5,c5
6955,0.646258811996972,0.20380238446740703,0.14993880353561823,c1,c1
8945,0.8596716463252763,0.11572282295699873,0.024605530717727257,c234,c1
4482,0.6273220613512033,0.16758280412670906,0.20509513452208572,c1,c1
1855,0.3920680520247324,0.4370710893651758,0.17086085861009404,c234,c234
13331,0.2015405086684033,0.3199907303920913,0.4784687609395052,c234,c5
10809,0.1395206097311864,0.4942338650629279,0.3662455252058793,c234,c234
3848,0.3034956928203732,0.37551564679512206,0.320988660384496,c234,c234
4188,0.630908755386944,0.29381778651160123,0.07527345810144506,c1,c1
7520,0.22576434239958787,0.6865021355147568,0.08773352208564787,c1,c234
7645,0.3782327741393205,0.443719436089277,0.17804778977139893,c5,c234
14517,0.9125916921966305,0.07626850451574269,0.011139803287653125,c1,c1
4519,0.20098763483298407,0.26631187754449503,0.5327004876225241,c1,c5
9625,0.463852242811652,0.2393081763676141,0.29683958082073403,c1,c1
13670,0.405090661373418,0.2601243108686613,0.3347850277579175,c1,c1
956,0.09934606366106682,0.12886824679376177,0.7717856895451648,c5,c5
13279,0.2650916202284963,0.25824759703977235,0.47666078273173196,c5,c5
6882,0.18683073002094544,0.3905458528225013,0.4226234171565591,c5,c5
10266,0.9933984032683927,0.006056927107933068,0.0005446696236905404,c1,c1
3419,0.16018909212762292,0.15719872569584722,0.6826121821765293,c234,c5
14152,0.8992023842731907,0.0956249759007449,0.005172639826076364,c1,c1
6497,0.27248724412784653,0.27707831409833905,0.45043444177381203,c5,c5
6266,0.15131316184740076,0.20144840479135195,0.6472384333612466,c5,c5
8009,0.22200361853428427,0.5174001125627322,0.2605962689029767,c234,c234
19921,0.2147485274286071,0.3001804584537383,0.48507101411765235,c5,c5
4754,0.498589516903595,0.4215999833780501,0.07981049971836797,c234,c1
1634,0.28167397850215625,0.3254993819634221,0.39282663953441765,c5,c5
18800,0.22630157068873194,0.23675592717887783,0.5369425021323894,c234,c5
11113,0.16559264788114927,0.23797401849068833,0.5964333336281552,c234,c5
13828,0.2192138725644917,0.2918493670915376,0.48893676034397726,c5,c5
1685,0.31853269496075204,0.1921653468627517,0.48930195817649663,c1,c5
109,0.2587668229205377,0.30689154958942,0.43434162749003535,c234,c5
15685,0.2629147033026689,0.26002698972775806,0.47705830696957097,c5,c5
6540,0.3792313899840444,0.5542788169381334,0.06648979307780487,c234,c234
18851,0.31773649678816185,0.3615706881435936,0.32069281506824787,c234,c234
14167,0.12122193860237306,0.2094399761186393,0.6693380852789877,c234,c5
13914,0.2932017353428377,0.4300290058518473,0.2767692588053141,c5,c234
15469,0.9556274297979251,0.043009008872386005,0.0013635613296868552,c234,c1
5468,0.8191399807683228,0.09488705177375614,0.08597296745793424,c1,c1
13214,0.25629369332440194,0.31948347795523724,0.42422282872035966,c5,c5
16547,0.9691786671546039,0.02890917822833045,0.0019121546170754319,c1,c1
19067,0.7021127069595656,0.184232821627057,0.11365447141338099,c1,c1
17238,0.16618869497969663,0.46632103008407166,0.3674902749362229,c1,c234
10336,0.29880352624413403,0.3390527061162974,0.36214376763957307,c234,c5
1841,0.1570759531101838,0.3183730783212797,0.5245509685685393,c5,c5
9506,0.25908795185261124,0.40455871432604734,0.33635333382134175,c234,c234
18812,0.32468161463665784,0.21217555111360092,0.46314283424974234,c234,c5
12075,0.2602344448947748,0.4869260502402094,0.25283950486501916,c1,c234
802,0.23075286855566182,0.2723614853750314,0.4968856460693096,c5,c5
17414,0.36605885699311874,0.39986821286535346,0.23407293014153413,c5,c234
17925,0.2477152098325687,0.6032105667759288,0.14907422339150772,c1,c234
16921,0.18800993600052815,0.18913617255511936,0.6228538914443548,c5,c5
10619,0.6308595662733317,0.3473543262627804,0.021786107463876124,c1,c1
13244,0.9999889215361618,6.650299895724713e-06,4.428163936267768e-06,c1,c1
4242,0.9507962267291031,0.04777275658619359,0.0014310166846929794,c234,c1
891,0.23581830332224032,0.4315801379848583,0.33260155869290087,c5,c234
12274,0.24418296020563757,0.4167633820321371,0.3390536577622153,c234,c234
1339,0.3001697988158687,0.5108726276293696,0.1889575735547593,c1,c234
13739,0.3017135819169507,0.15351684023419282,0.5447695778488595,c234,c5
10971,0.2523407310462135,0.40480190356068985,0.3428573653931011,c234,c234
1414,0.1760231493897224,0.2465215148231237,0.5774553357871469,c5,c5
879,0.4401691750885502,0.2527950799457032,0.30703574496574393,c234,c1
15810,0.3595566946408074,0.3694944920295426,0.27094881332964516,c1,c234
7149,0.1558432348876332,0.29473538840851643,0.5494213767038438,c234,c5
5936,0.19727354617161796,0.14350763974696695,0.6592188140814274,c5,c5
7910,0.2909977981441147,0.44465749364307167,0.2643447082128173,c5,c234
14683,0.7391460932287167,0.1665714391850134,0.09428246758626224,c1,c1
1606,0.4667062915953035,0.17940640345800427,0.35388730494669013,c1,c1
15870,0.26889320468372824,0.31268295946990027,0.4184238358463644,c1,c5
17600,0.27235949218075534,0.27135107644217654,0.4562894313770709,c5,c5
7179,0.3089035834092964,0.3471738264527772,0.34392259013792015,c5,c234
17992,0.9652416262660505,0.03298195794076711,0.001776415793173156,c234,c1
15307,0.19212773366621752,0.5075599275357827,0.3003123387979989,c234,c234
1000,0.5532265904815094,0.33968646399242836,0.10708694552606884,c234,c1
11022,0.33910913025816225,0.37225919728482165,0.28863167245701116,c1,c234
15228,0.18466439254548866,0.6135544298165541,0.2017811776379557,c234,c234
7591,0.4072403877491677,0.2042356449758631,0.38852396727496324,c5,c1
4376,0.27453428717984907,0.35334223253376923,0.37212348028638087,c234,c5
54,0.249063688655801,0.3531515559544581,0.39778475538973945,c5,c5
11125,0.19372199569513535,0.19624980572521003,0.6100281985796532,c234,c5
1047,0.20687463388638788,0.2648886921282314,0.5282366739853772,c234,c5
984,0.7755636228842002,0.1965490910931682,0.027887286022628965,c1,c1
661,0.25661023540880074,0.4012023529798042,0.34218741161139227,c5,c234
6200,0.280622014063898,0.4040451602904937,0.31533282564560794,c5,c234
17709,0.33237848379464174,0.3142358257826038,0.3533856904227477,c5,c5
11955,0.35413522135231346,0.4933306194170727,0.15253415923060445,c1,c234
6158,0.3056083401232942,0.33706500852646687,0.35732665135023406,c5,c5
14277,0.1718741791523389,0.19551218463420178,0.63261363621346,c5,c5
8794,0.12995104820351408,0.2717927801381118,0.5982561716583686,c5,c5
6712,0.3653378411097139,0.383534724257117,0.2511274346331705,c234,c234
10876,0.2534717296604399,0.3757079804518606,0.37082028988768795,c5,c234
67,0.17967849508703646,0.40039118388580347,0.41993032102714856,c1,c5
15744,0.9652416262660505,0.03298195794076711,0.001776415793173156,c1,c1
8260,0.04446474596981986,0.8824517380678133,0.07308351596235861,c1,c234
11916,0.20908228323031058,0.4300959667786626,0.3608217499910155,c5,c234
12862,0.19106870389768926,0.2113905914138952,0.5975407046884187,c234,c5
10495,0.2396686812364767,0.2815393802326269,0.47879193853089247,c5,c5
12087,0.5531243933747829,0.38332917165577796,0.0635464349694514,c5,c1
16575,0.7255024765994899,0.24807414346751303,0.026423379933008067,c1,c1
13917,0.25343304927432314,0.3795600263711923,0.36700692435449067,c234,c234
16219,0.20537639940882507,0.26184285766441395,0.5327807429267614,c1,c5
15063,0.28834627133009216,0.3756653476197075,0.33598838105020506,c234,c234
15460,0.9854678278507293,0.008121198160535055,0.006410973988737441,c1,c1
4198,0.3203850382661929,0.32229206734611493,0.35732289438768844,c234,c5
7649,0.134736336158668,0.4323124930194645,0.4329511708218696,c5,c5
10736,0.1086860487552247,0.422680694009883,0.4686332572348838,c5,c5
7576,0.35678045395952546,0.36238841751306805,0.28083112852739983,c1,c234
10133,0.26560778647688066,0.32093647565353856,0.41345573786958595,c5,c5
12466,0.12345080112683958,0.23673483004937115,0.6398143688237858,c5,c5
7058,0.4003098870346013,0.27892143707909267,0.3207686758863044,c1,c1
17393,0.4356299550644166,0.29120279417586187,0.27316725075972303,c1,c1
7513,0.21379745524861565,0.2897493332901672,0.4964532114612186,c5,c5
7435,0.2897937157642018,0.43276973645778105,0.27743654777800364,c234,c234
7836,0.2837724561181835,0.4416608119227185,0.2745667319591045,c234,c234
15809,0.1470276880474871,0.27559976314220774,0.5773725488103016,c5,c5
9674,0.27328375728455695,0.4745988002929272,0.25211744242252265,c5,c234
19343,0.400663195758411,0.360804467117273,0.2385323371243044,c1,c1
14063,0.5278646257720605,0.31709011721487873,0.15504525701306593,c1,c1
6435,0.29589707735253856,0.3992749022440056,0.3048280204034594,c234,c234
5550,0.2973680824429496,0.37974805381621024,0.32288386374084915,c1,c234
12040,0.28868918791052695,0.28700455849440754,0.4243062535950628,c234,c5
10005,0.1411466303037325,0.28719065614305994,0.5716627135532061,c234,c5
4031,0.9652416262660505,0.03298195794076711,0.001776415793173156,c1,c1
288,0.38208872530111215,0.3792434641355662,0.2386678105633259,c1,c1
16823,0.21399180008362972,0.3156232325059733,0.47038496741040126,c5,c5
5767,0.21608697350417744,0.48316247628272957,0.30075055021309055,c234,c234
13208,0.1628458441960031,0.24720817290996674,0.5899459828940358,c5,c5
17929,0.18838629745996607,0.287839705619982,0.5237739969200551,c5,c5
18954,0.16990025503007797,0.3671327573507701,0.4629669876191382,c5,c5
5337,0.4299103603502809,0.35743257771683357,0.2126570619328917,c1,c1
11735,0.15870952739350586,0.31562438398424575,0.5256660886222527,c5,c5
7667,0.5961123889402963,0.34731175249770907,0.056575858561989954,c1,c1
18591,0.2520943050962067,0.2478969598434307,0.5000087350603635,c234,c5
1463,0.20618561415701675,0.4902015929423296,0.30361279290064874,c234,c234
5637,0.2242907277552508,0.2671857441756027,0.5085235280691455,c1,c5
12633,0.4720258351862967,0.1818579554608036,0.3461162093529022,c5,c1
17959,0.9683642811995667,0.03000291612003252,0.0016328026803996342,c1,c1
9928,0.5386012880187192,0.2746930410181468,0.1867056709631404,c1,c1
14481,0.40282490438000707,0.3074912121633443,0.2896838834566464,c1,c1
19570,0.2868358142297782,0.31884628925332786,0.3943178965168941,c5,c5
11347,0.4390195609225891,0.3819057090614826,0.17907473001593913,c1,c1
2041,0.8829563004255685,0.08330827838239557,0.03373542119203034,c1,c1
8384,0.8259104758861946,0.14631424583959962,0.027775278274209274,c1,c1
19934,0.21565208563779015,0.340554816440771,0.44379309792144317,c5,c5
19097,0.8870877940557006,0.10782449334374493,0.005087712600557178,c234,c1
17835,0.3735818170506835,0.2752134525288513,0.35120473042046607,c1,c1
17554,0.5305159117920948,0.3723540286971882,0.09713005951071903,c1,c1
5246,0.16114287104444217,0.25112184146840305,0.5877352874871551,c1,c5
9795,0.22559825802165975,0.2494281133949432,0.5249736285833897,c234,c5
1180,0.031574031410739084,0.09247800878095837,0.8759479598083075,c5,c5
2927,0.31527914251315076,0.3596129101247225,0.32510794736213033,c1,c234
18048,0.16114287104444217,0.25112184146840305,0.5877352874871551,c234,c5
3884,0.3130415548583674,0.31050574971876393,0.37645269542286885,c1,c5
3609,0.17000369053922548,0.42846831385698686,0.4015279956037878,c234,c234
15529,0.2349257466420126,0.38408305677579024,0.38099119658220487,c5,c234
12366,0.21001813490329357,0.38623378748708764,0.4037480776096222,c1,c5
11155,0.22057585557973686,0.4737905831295579,0.30563356129070135,c1,c234
9560,0.1982707912320842,0.398019549036521,0.4037096597313909,c234,c5
622,0.20135516355449662,0.29945406357537807,0.49919077287013847,c5,c5
14782,0.15372752741380077,0.2892031756418621,0.5570692969443388,c5,c5
15628,0.3702080464879069,0.35225524815686177,0.2775367053552304,c1,c1
1262,0.84594855648953,0.1440253321008268,0.010026111409645924,c5,c1
17080,0.24266253862927573,0.36851803246618214,0.38881942890454907,c5,c5
16851,0.14385201202400466,0.8223066304204241,0.033841357555568705,c1,c234
4817,0.5198705816552783,0.2634241704008957,0.21670524794381374,c5,c1
11809,0.5356970078474642,0.3661613581588822,0.09814163399366257,c1,c1
5696,0.26595682355525524,0.2803801164244909,0.45366306002025325,c1,c5
3471,0.30654737542528915,0.3687564576343771,0.3246961669403395,c234,c234
1876,0.1823709392781213,0.16168444835460222,0.6559446123672731,c5,c5
7720,0.4568292684925701,0.24744404543225113,0.2957266860751776,c5,c1
15992,0.5196831022548585,0.18701381985703286,0.29330307788810694,c5,c1
9844,0.22153673841599894,0.26521246396698567,0.5132507976170139,c5,c5
17210,0.2034329347689723,0.19198031105168314,0.6045867541793455,c5,c5
10899,0.22426760078528601,0.39228840113651753,0.3834439980781943,c1,c234
10627,0.20925080551947847,0.20572909123181343,0.5850201032487116,c5,c5
4874,0.10948963411460219,0.8749183047860043,0.015592061099393447,c1,c234
18412,0.202322522551173,0.5043570387768455,0.2933204386719785,c5,c234
17500,0.31807552604826117,0.36206638462424573,0.31985808932748616,c5,c234
9329,0.1432487577287458,0.21818912964067688,0.6385621126305744,c1,c5
7660,0.3068956147347043,0.45028529375768334,0.24281909150761083,c1,c234
6726,0.2721596955994326,0.4252892204162538,0.302551083984312,c1,c234
12141,0.49952470411736605,0.4313170967631263,0.06915819911951532,c1,c1
17483,0.22888440911830218,0.3265962402057633,0.44451935067592946,c5,c5
5386,0.1320026316309206,0.16298839664172063,0.705008971727358,c234,c5
17724,0.15693700672274633,0.25352237295163665,0.5895406203256113,c5,c5
6905,0.5925015898652176,0.21306499374480733,0.1944334163899803,c1,c1
4580,0.3245783556022502,0.31927342571520595,0.35614821868253926,c5,c5
4887,0.4454523349287242,0.24386439931698567,0.3106832657542876,c5,c1
9574,0.14809555060056706,0.3257202934333114,0.5261841559661287,c5,c5
17966,0.08793136216532976,0.124505765861503,0.7875628719731692,c234,c5
18890,0.10762519835111255,0.14265508150640316,0.7497197201424844,c1,c5
11450,0.3749815887445016,0.04767302098948709,0.5773453902660152,c5,c5
244,0.8044704066075763,0.16517120764358315,0.030358385748844145,c234,c1
998,0.9652416262660505,0.03298195794076711,0.001776415793173156,c234,c1
9661,0.9854678278507293,0.008121198160535055,0.006410973988737441,c1,c1
13201,0.9315592583612828,0.04414976514230787,0.02429097649639906,c1,c1
2580,0.8870877940557006,0.10782449334374493,0.005087712600557178,c5,c1
1672,0.1019833248166025,0.47934946980171994,0.4186672053816775,c5,c234
5310,0.5144488861325321,0.18407761635241066,0.3014734975150639,c1,c1
7015,0.4665196835068902,0.4109694228636656,0.12251089362944233,c1,c1
5414,0.3106474826629796,0.5007705037484352,0.18858201358859078,c5,c234
4244,0.4515514180492415,0.43244721761475285,0.11600136433601739,c1,c1
17952,0.438861205284476,0.37527894880289203,0.18585984591262655,c234,c1
4933,0.4299103603502809,0.35743257771683357,0.2126570619328917,c1,c1
8379,0.21190786663037336,0.2207747353360412,0.567317398033583,c5,c5
2781,0.12569605603153455,0.27057288039929817,0.6037310635691664,c234,c5
9289,0.2881545538848843,0.29392053774750093,0.417924908367617,c234,c5
11888,0.18898044470074865,0.29811268794577905,0.5129068673534779,c234,c5
15702,0.14019529873501063,0.21938821541632272,0.6404164858486662,c5,c5
15772,0.20423373809826492,0.22695707315721914,0.5688091887445219,c5,c5
1856,0.26657284081140015,0.4156705052836448,0.31775665390495905,c234,c234
2896,0.20532569047915106,0.4722617934250905,0.32241251609573585,c5,c234
18426,0.09338374135827053,0.16686945129635788,0.7397468073453778,c5,c5
10794,0.08027300797499787,0.37855597942841956,0.5411710125965888,c234,c5
10142,0.3250669690617746,0.3541810892136488,0.3207519417245697,c5,c234
4706,0.3466780813475256,0.3121255259162429,0.3411963927362332,c5,c1
16358,0.24152917762927767,0.2784541839328104,0.48001663843791503,c5,c5
14936,0.1792778633406055,0.40161086331697765,0.41911127334241166,c234,c5
8220,0.23503304860447266,0.487486534946025,0.2774804164494994,c5,c234
18903,0.5998262662432963,0.1317932277529361,0.2683805060037697,c1,c1
10825,0.2862236872129315,0.3193306620380668,0.39444565074899574,c5,c5
8217,0.43370760885260345,0.5372152730613002,0.029077118086088736,c5,c234
5408,0.4342914625439794,0.3135351797642094,0.2521733576918149,c1,c1
12353,0.35971793894711485,0.3769908473235111,0.2632912137293746,c5,c234
13773,0.23780289498452756,0.42804529477082076,0.33415181024464946,c234,c234
11330,0.15058065973015267,0.30789955087156945,0.5415197893982832,c1,c5
1117,0.06958776345149854,0.22355175032610994,0.7068604862223945,c5,c5
7900,0.22695593958867272,0.4925052567460231,0.28053880366530703,c1,c234
15639,0.174167793923639,0.4419190366345185,0.3839131694418341,c1,c234
17958,0.49873372181599174,0.1897375390056988,0.31152873917830626,c5,c1
10103,0.1488490416454289,0.3890610749015906,0.4620898834529737,c5,c5
14124,0.16513293303735233,0.37840167636829053,0.456465390594354,c5,c5
15243,0.2930032649372366,0.3925840026606681,0.3144127324020922,c234,c234
6695,0.30321692085746466,0.3208198845119504,0.3759631946305818,c5,c5
15510,0.13065616895108967,0.35209466812959916,0.5172491629193093,c234,c5
12585,0.15237042462357125,0.3271630154615022,0.5204665599149246,c5,c5
5150,0.33832385471147675,0.4153328177229975,0.2463433275655262,c234,c234
8771,0.429244352569904,0.35515191231638327,0.21560373511370715,c5,c1
11595,0.047483308419200024,0.9106120210272397,0.04190467055355196,c234,c234
16767,0.12994340091037615,0.32251001173302957,0.5475465873565963,c5,c5
19455,0.998194748733476,0.0016293258706226086,0.00017592539590401317,c234,c1
12690,0.4606853656472705,0.17685148028956704,0.36246315406315843,c234,c1
9792,0.2912073870473627,0.21153694945386384,0.49725566349877176,c5,c5
4708,0.22273956104958176,0.30285190967602393,0.4744085292744002,c5,c5
6067,0.16114287104444217,0.25112184146840305,0.5877352874871551,c1,c5
18346,0.22506964735981475,0.3092849300330097,0.4656454226071698,c234,c5
2977,0.7177435747955889,0.2657976341892652,0.016458791015142672,c1,c1
19987,0.27145312485727824,0.3551311924035939,0.3734156827391296,c5,c5
8791,0.791595102091737,0.1829472707110819,0.02545762719718416,c1,c1
14854,0.14251133323766135,0.16052117840864538,0.6969674883536934,c5,c5
597,0.30944428396881535,0.3714952372249241,0.3190604788062738,c1,c234
13619,0.31658235902469584,0.5678742099155305,0.11554343105976753,c5,c234
15152,0.18332193530227067,0.3842746278025336,0.4324034368952042,c234,c5
7208,0.1671099659888857,0.6769889118162585,0.15590112219485822,c1,c234
11263,0.062497410820386234,0.5446385850264223,0.39286400415317807,c5,c234
17942,0.24745650052320664,0.38970228795797196,0.3628412115188271,c1,c234
4928,0.1178530841637277,0.35987845665577906,0.5222684591804981,c234,c5
2528,0.3114231832105924,0.4033632187065266,0.28521359808288305,c5,c234
4647,0.3442670193276839,0.49307994202345506,0.16265303864886022,c234,c234
13072,0.288129105244464,0.2838504832801001,0.4280204114754409,c234,c5
5077,0.2378347017678667,0.4122597629078231,0.3499055353243092,c234,c234
8,0.21075194842490894,0.311685627970664,0.4775624236044289,c1,c5
706,0.7646218988003325,0.20233419679157513,0.033043904408097347,c234,c1
11984,0.10634808109989276,0.45771948817588404,0.43593243072421156,c234,c234
10117,0.20454806365440512,0.20816888402593023,0.5872830523196544,c1,c5
11388,0.9612055355509675,0.038108931953434046,0.0006855324955862835,c1,c1
19684,0.4281814620263307,0.3594265519309449,0.21239198604273016,c1,c1
10159,0.38338680056508956,0.4747334249552595,0.14187977447964836,c234,c234
9203,0.23236434013527268,0.3895786660040834,0.37805699386063224,c234,c234
1828,0.6407708882616077,0.31826826574498535,0.04096084599339528,c1,c1
14947,0.11387508311045128,0.1862932426875386,0.6998316742020096,c5,c5
3783,0.23883743563093346,0.5560050157996803,0.20515754856938329,c234,c234
13031,0.666302124524854,0.3103454130730167,0.023352462402132925,c5,c1
12929,0.7627985977937168,0.2053004991350277,0.03190090307124628,c1,c1
11249,0.30292231258298946,0.4081122366085339,0.2889654508084815,c1,c234
10273,0.3171406156888327,0.28909703980108853,0.39376234451007625,c1,c5
10920,0.29180401830669656,0.38215977492716335,0.3260362067661442,c1,c234
9096,0.3212867125060735,0.46740382432277644,0.2113094631711404,c1,c234
2640,0.9336208122356275,0.061978385192429236,0.004400802571932215,c234,c1
16155,0.2624530801477902,0.2657090598495663,0.47183786000263833,c234,c5
897,0.28529600733986077,0.31578173452557795,0.39892225813455395,c1,c5
14671,0.2377133435728532,0.49302027022060063,0.2692663862065454,c234,c234
805,0.18890416279371255,0.40457586587359895,0.40651997133269874,c1,c5
337,0.4125766415366708,0.37012841578706485,0.21729494267626454,c5,c1
17682,0.9603144884440649,0.038257156658541444,0.0014283548974018852,c234,c1
5289,0.4793483701787249,0.33508476964041367,0.18556686018086083,c1,c1
19784,0.6767200227762948,0.3015050710418768,0.021774906181840185,c1,c1
336,0.23116066584995082,0.3610621755281578,0.40777715862188907,c5,c5
9772,0.5638481736027102,0.31220781939809716,0.12394400699919032,c5,c1
9765,0.5804756308685114,0.18902220330402558,0.2305021658274674,c1,c1
2502,0.26050692631847633,0.3833445953006348,0.35614847838088287,c234,c234
11418,0.8542568760164369,0.11933637442215783,0.02640674956140625,c1,c1
3038,0.13565189238795652,0.1229220039626986,0.7414261036493383,c5,c5
588,0.5760558602902427,0.20768134400445998,0.21626279570531232,c1,c1
8881,0.30361800017836943,0.37842055895085375,0.3179614408707868,c234,c234
11299,0.2623307039781173,0.5462869673959131,0.19138232862596918,c234,c234
15553,0.26513024234183985,0.5994491386730089,0.1354206189851447,c5,c234
18799,0.36478147334259897,0.3318226280585469,0.30339589859884863,c234,c1
10104,0.5203969783925445,0.2010198429958749,0.2785831786115854,c5,c1
12005,0.31535606395200855,0.2940201404149378,0.3906237956330609,c5,c5
19162,0.5665431101811271,0.307139799766811,0.12631709005207514,c234,c1
16863,0.2938956252869673,0.3254448219273876,0.38065955278563945,c234,c5
4564,0.22998139375663257,0.46964022540224326,0.30037838084113266,c1,c234
1266,0.29864101512852254,0.29394959825120365,0.40740938662027293,c234,c5
10673,0.22845007292308414,0.43528236988347424,0.3362675571934453,c234,c234
1496,0.43311920940840354,0.5418085338110161,0.02507225678060415,c234,c234
4707,0.5084678348604655,0.39046845094636373,0.10106371419315958,c234,c1
9045,0.6219750343699969,0.30736469651120585,0.07066026911878606,c234,c1
19738,0.34728118747575504,0.32516358698540143,0.32755522553884375,c1,c1
18533,0.2253049582142991,0.35994845621802807,0.41474658556766675,c5,c5
18983,0.6675786248173681,0.2992919979834337,0.033129377199207964,c234,c1
17294,0.05423418591053935,0.0624286377483496,0.8833371763411009,c5,c5
2070,0.1403373465996942,0.4060474627119767,0.45361519068832334,c5,c5
10934,0.8985867847765693,0.08267058840714675,0.018742626816280215,c1,c1
94,0.4916151393546447,0.25094458713292117,0.2574402735124424,c1,c1
3523,0.6052287625857102,0.3717177355823624,0.023053501831925883,c1,c1
3915,0.7621488171473396,0.12155641870224237,0.11629476415041233,c1,c1
4444,0.3319314585811951,0.32044341144550215,0.3476251299732966,c234,c5
11100,0.17975506641902167,0.3880227038858608,0.43222222969511265,c234,c5
12648,0.3910074833631348,0.44955446401910276,0.15943805261777128,c5,c234
19100,0.17294786678176388,0.23813849050785466,0.5889136427103776,c234,c5
12307,0.4281814620263307,0.3594265519309449,0.21239198604273016,c1,c1
13896,0.19725061093192944,0.44525297682221965,0.3574964122458548,c1,c234
13808,0.9622094356023686,0.037143414771057606,0.0006471496265456277,c1,c1
13952,0.307721752695866,0.4225404144896593,0.2697378328144839,c5,c234
12847,0.5196831022548585,0.18701381985703286,0.29330307788810694,c234,c1
11474,0.3951530922048565,0.25253601915629964,0.3523108886388483,c234,c1
14697,0.10401666911754583,0.31460514399223194,0.5813781868902347,c5,c5
8800,0.39433555667690867,0.3830303312708328,0.22263411205225894,c234,c1
3942,0.20071924326025573,0.4962966389875022,0.30298411775225104,c5,c234
1673,0.3200516280048462,0.3827787581153174,0.2971696138798252,c234,c234
9637,0.156641512505245,0.6085029075010152,0.23485557999373874,c234,c234
7204,0.20227287214092265,0.49374501450143676,0.30398211335765063,c5,c234
16689,0.20490141202529275,0.34958274840216846,0.44551583957255053,c5,c5
16382,0.9607005806115038,0.03710530747258806,0.00219411191589478,c1,c1
6885,0.27546397994030625,0.14867487925400044,0.5758611408056992,c1,c5
2320,0.17209713175514288,0.3908391505682661,0.4370637176765813,c234,c5
3113,0.35124888830296974,0.2991526306577173,0.3495984810393149,c5,c1
16583,0.7032137277281526,0.18054466953015744,0.11624160274169086,c1,c1
6246,0.998194748733476,0.0016293258706226086,0.00017592539590401317,c234,c1
12832,0.44573209056062046,0.27959481921920076,0.2746730902201761,c234,c1
13456,0.17531520766732497,0.4437957996003133,0.38088899273236254,c234,c234
9837,0.14142599198764058,0.3266162293739381,0.5319577786384249,c5,c5
5239,0.3999115310709589,0.2290039741763334,0.3710844947527072,c1,c1
10421,0.30524341404965716,0.28167620066431015,0.41308038528603525,c1,c5
16273,0.7048979850834521,0.25868953957350754,0.036412475343053134,c234,c1
19762,0.6674126309062298,0.18876488855370682,0.1438224805400616,c234,c1
15624,0.2281559332342273,0.30525892189492637,0.4665851448708508,c5,c5
4600,0.30179722059462877,0.4473677454664944,0.25083503393887296,c234,c234
13637,0.20984008873375812,0.29702016598920816,0.4931397452770246,c5,c5
16946,0.3684236460518244,0.4029312204699488,0.22864513347823032,c1,c234
14881,0.4215518899526565,0.29334688349868887,0.28510122654865105,c1,c1
1571,0.10062222820447371,0.47729991874756883,0.42207785304794954,c5,c234
6518,0.05986995124106437,0.11576611741269541,0.8243639313462363,c5,c5
1705,0.30025709518071175,0.4622544266917907,0.2374884781274909,c1,c234
14201,0.2796462791745216,0.30463855414035773,0.41571516668512043,c234,c5
4575,0.5741400437297718,0.39040835285589887,0.035451603414304665,c234,c1
19206,0.29947159901828235,0.2351122904863066,0.4654161104954087,c5,c5
16426,0.37097734682484274,0.3370223133522554,0.29200033982289875,c234,c1
11787,0.3820130563968071,0.29963002213861184,0.3183569214645826,c1,c1
1194,0.19058634115197598,0.4038290471565907,0.40558461169143073,c234,c5
12983,0.3861848697417096,0.533163974646121,0.0806511556121729,c234,c234
17073,0.5283778124009665,0.2595454184770865,0.21207676912194545,c5,c1
15477,0.2670100175469193,0.4791682366109305,0.25382174584214895,c1,c234
15504,0.2005481773417521,0.4439333962831342,0.3555184263751027,c1,c234
13446,0.22951630838351825,0.39187114254800615,0.37861254906847036,c5,c234
4021,0.2189297101438381,0.3405653775472051,0.4405049123089598,c5,c5
14509,0.12645290800554085,0.29413314083832365,0.579413951156137,c234,c5
2215,0.28200007177449893,0.35528893793949845,0.3627109902860026,c5,c5
19347,0.23558918049832311,0.32077016381547213,0.44364065568620825,c5,c5
5667,0.3323223567391357,0.357126435960784,0.3105512073000851,c1,c234
5437,0.343586472477352,0.32956367791106944,0.3268498496115793,c1,c1
13953,0.34971161295159264,0.3912499864929232,0.25903840055549293,c5,c234
17586,0.24811139641717792,0.4668847368676232,0.2850038667152064,c234,c234
9236,0.5318041788587333,0.3467329849677574,0.12146283617349903,c5,c1
776,0.8493019881223133,0.13943028274955355,0.011267729128136639,c1,c1
19243,0.3350598398722844,0.3823856563443373,0.2825545037833752,c5,c234
10778,0.39379582799328156,0.30906995156522826,0.29713422044148585,c5,c1
14052,0.22655361372865876,0.3763252174428464,0.397121168828487,c1,c5
3972,0.49852126243190015,0.22341827756501753,0.27806046000308393,c234,c1
19414,0.6004885275127517,0.3273442886281512,0.07216718385909024,c1,c1
15964,0.2365125043331182,0.4252210188108852,0.3382664768559935,c5,c234
551,0.7928504944150017,0.16067180729998806,0.04647769828501283,c234,c1
11940,0.3236916666815586,0.31426872435820663,0.3620396089602314,c234,c5
14473,0.33108341157532245,0.32801033961842,0.34090624880625814,c5,c5
13697,0.22719907446545234,0.38162347338979086,0.3911774521447578,c5,c5
4418,0.44310295269588035,0.3712776581687037,0.1856193891354193,c234,c1
5442,0.2828013117140748,0.31805816603531156,0.399140522250617,c234,c5
7386,0.256233679622332,0.39064447072764874,0.35312184965002513,c5,c234
8613,0.25907400993633023,0.36531277378599614,0.37561321627766214,c234,c5
19462,0.1420428649763379,0.4779928094642807,0.37996432555938275,c234,c234
8357,0.9731446701405633,0.010445015709687392,0.01641031414974266,c5,c1
19112,0.1615170965041571,0.4043015675878265,0.43418133590801605,c234,c5
6433,0.16194838377519505,0.2478887608288054,0.5901628553960018,c5,c5
4397,0.22803953281682365,0.4409797123604784,0.3309807548227003,c5,c234
17858,0.2604241745019671,0.45982093065666885,0.2797548948413703,c1,c234
5172,0.21927544910815014,0.2576202367035253,0.523104314188325,c5,c5
2097,0.2406613280761153,0.3386105933985254,0.4207280785253582,c5,c5
12749,0.8417108236400165,0.14830917550605044,0.009980000853932686,c5,c1
4668,0.13480994242678565,0.2787297653041016,0.5864602922691174,c5,c5
7680,0.21979911564987245,0.4288555978985877,0.35134528645153695,c5,c234
18784,0.6470358173444849,0.29183532063883655,0.06112886201668779,c1,c1
17204,0.05988028899216228,0.05733115881755697,0.8827885521902809,c5,c5
8048,0.5090499341056067,0.2905002813088867,0.20044978458550466,c1,c1
2884,0.9175291444027285,0.06910279106117552,0.013368064536093321,c1,c1
19193,0.1474532130613138,0.5897413736293896,0.2628054133092828,c234,c234
12265,0.9264632414836754,0.054694628120670344,0.01884213039566016,c1,c1
4926,0.5239942030694429,0.353383769191,0.12262202773954736,c1,c1
1306,0.29632127761143107,0.38334568239322697,0.32033303999532836,c234,c234
10148,0.10172970605690028,0.6873787241531867,0.21089156978991094,c5,c234
19417,0.37365069909906595,0.11072505930450804,0.515624241596414,c5,c5
14405,0.3844264651074143,0.3349174767045351,0.2806560581880515,c1,c1
736,0.42766175498596154,0.3999201676882336,0.17241807732581868,c5,c1
14846,0.5061553608447589,0.2660132266401656,0.22783141251507083,c234,c1
7806,0.40986914723803675,0.3053942550289216,0.2847365977330392,c1,c1
10056,0.5513582677559246,0.27417708405822905,0.1744646481858332,c5,c1
11264,0.4748565032814448,0.2955953107041361,0.22954818601441235,c234,c1
15123,0.31119275255825724,0.25272374613601634,0.43608350130572654,c5,c5
5617,0.22297128286097367,0.43663311910693625,0.3403955980321016,c234,c234
6207,0.8708629940697528,0.08008022622368527,0.049056779706567764,c1,c1
8527,0.3207451185070351,0.38106975750545413,0.29818512398751146,c5,c234
18632,0.3127082643221013,0.43355961558056555,0.25373212009733287,c234,c234
10477,0.1043412538206144,0.2578787582880007,0.6377799878913828,c5,c5
7011,0.26282279933246283,0.27606233391784746,0.4611148667496906,c5,c5
16131,0.2116659791917225,0.4656767554080154,0.32265726540027045,c5,c234
286,0.649743430620791,0.2673517479951407,0.0829048213840624,c234,c1
9731,0.25892610565232105,0.33899972981630905,0.4020741645313684,c5,c5
6261,0.4299103603502809,0.35743257771683357,0.2126570619328917,c234,c1
1735,0.9922100371403779,0.007456081613106501,0.00033388124649558676,c1,c1
19101,0.9613048815821721,0.022719538189687524,0.015975580228139795,c1,c1
8114,0.1098391590371765,0.2792870198323114,0.6108738211305083,c234,c5
1955,0.32423188729907176,0.47862079395650736,0.19714731874441885,c1,c234
9857,0.3130563101842193,0.4537521892299424,0.23319150058585159,c5,c234
2516,0.679193201456718,0.12494176650072127,0.19586503204255604,c1,c1
5606,0.286606438197872,0.41257215280575704,0.30082140899637266,c5,c234
10040,0.14514713890365388,0.8218635040745353,0.03298935702181893,c5,c234
16789,0.34942138343430534,0.35708355702779593,0.2934950595378957,c5,c234
707,0.3841262860886821,0.3617029411675787,0.25417077274373345,c1,c1
18720,0.13749136059439412,0.35030204178145496,0.5122065976241376,c5,c5
8763,0.18376939137792445,0.31205606949034503,0.5041745391317348,c5,c5
8903,0.4504736176745224,0.3165628685660344,0.23296351375943805,c1,c1
16944,0.1317460801758443,0.852433618548389,0.015820301275755937,c5,c234
13299,0.20041701978160772,0.4054800332543528,0.39410294696403697,c234,c234
773,0.8604879135238996,0.040871188821585566,0.09864089765451545,c5,c1
3357,0.3681446752996724,0.3229949161974132,0.308860408502913,c1,c1
19658,0.18706493057173648,0.40290640784262566,0.41002866158564527,c234,c5
19128,0.2338920258226449,0.4776533173154082,0.28845465686193533,c234,c234
17029,0.16114287104444217,0.25112184146840305,0.5877352874871551,c5,c5
12183,0.2785151052462172,0.3519989091288769,0.3694859856249074,c5,c5
16409,0.2845094355958979,0.4273105573776562,0.28818000702643753,c5,c234
2860,0.2537069271524141,0.42186762544658385,0.3244254474010128,c234,c234
4892,0.178574248872978,0.2535950804351288,0.5678306706918939,c1,c5
2558,0.44498257394720453,0.19245592003922843,0.3625615060135701,c5,c1
12164,0.2344845490512896,0.20946492322062038,0.5560505277280922,c5,c5
1193,0.3333607480790317,0.3991548873722095,0.2674843645487529,c1,c234
5110,0.3442127617092818,0.4438091230075441,0.21197811528317995,c1,c234
4840,0.2904480943723719,0.3393052961275486,0.3702466095000768,c234,c5
12887,0.23686021489241144,0.27596525551064366,0.487174529596949,c5,c5
718,0.2404532393783679,0.3401732191361609,0.4193735414854715,c5,c5
17722,0.36602437489134193,0.32760869867126763,0.3063669264373906,c234,c1
19293,0.20431716235245354,0.3927836675797402,0.4028991700677956,c5,c5
14877,0.6355839553816742,0.2525438798887738,0.11187216472954654,c1,c1
19341,0.40657726626030244,0.42662413162174406,0.16679860211795913,c1,c234
7829,0.9613048815821721,0.022719538189687524,0.015975580228139795,c234,c1
8883,0.18089271207099664,0.34772872416670597,0.47137856376229653,c5,c5
6111,0.25282511923787276,0.19461289324249403,0.5525619875196401,c234,c5
15159,0.25557534191332587,0.4611099409753898,0.2833147171112738,c234,c234
16052,0.27761398859278785,0.24579089732704232,0.4765951140801683,c234,c5
13271,0.07511756087415661,0.05609223435658812,0.8687902047692555,c5,c5
1968,0.16528262838547686,0.38821453045865245,0.44650284115586514,c5,c5
4832,0.23534397371285287,0.37805212078354045,0.3866039055036015,c1,c5
13861,0.22950270608134243,0.38811549691166175,0.38238179700700003,c234,c234
14513,0.15744934328732718,0.795363096754177,0.04718755995850418,c234,c234
10555,0.3336038646571383,0.326895552062093,0.339500583280773,c234,c5
9317,0.2250266431038937,0.4100605690331211,0.36491278786297954,c5,c234
8043,0.1736898362165045,0.5081996033778404,0.31811056040565294,c5,c234
15884,0.09269907829368967,0.7782992942295706,0.12900162747675334,c5,c234
12345,0.20979201765585775,0.17281000139218075,0.617397980951952,c5,c5
13825,0.1736468000889587,0.5755529641626698,0.25080023574836674,c234,c234
4736,0.7477108963092327,0.2249236425891751,0.027365461101585605,c234,c1
13161,0.5196831022548585,0.18701381985703286,0.29330307788810694,c5,c1
4746,0.4083343257725809,0.520800747117675,0.07086492710973565,c5,c234
6224,0.9403296891596414,0.0498780820109204,0.009792228829445913,c1,c1
19714,0.2260166445202189,0.47076048000291193,0.30322287547688187,c1,c234
3401,0.5866136451157503,0.22286773491041864,0.19051861997382977,c234,c1
16808,0.9683642811995667,0.03000291612003252,0.0016328026803996342,c1,c1
8258,0.2969117068812985,0.2779091407546427,0.4251791523640585,c234,c5
16891,0.5041341159783451,0.39640197466774685,0.09946390935390696,c1,c1
15256,0.10184805236433067,0.2648325095278598,0.633319438107806,c5,c5
7355,0.28352877154480266,0.31543098742803616,0.4010402410271545,c234,c5
3877,0.1480917200432372,0.2508476831744524,0.6010605967823118,c5,c5
9946,0.27639478677405743,0.5123680945547386,0.2112371186711985,c5,c234
7820,0.8437172537475365,0.09371282879600953,0.06256991745645002,c1,c1
4374,0.19782479630094707,0.2241109984289015,0.5780642052701579,c5,c5
18702,0.30318290377725077,0.3560793613219116,0.34073773490084175,c5,c234
7231,0.17880925875888748,0.48208145282619386,0.33910928841492277,c234,c234
12727,0.37900875898348296,0.3546192511757734,0.26637198984072946,c5,c1
14225,0.35671266632922655,0.3808866397245089,0.2624006939462628,c1,c234
13769,0.10162427208626142,0.06721320670042043,0.8311625212133245,c234,c5
3733,0.4452959015158094,0.31568976127243126,0.2390143372117579,c5,c1
18510,0.3260906137805489,0.3186973598108997,0.3552120264085456,c1,c5
9073,0.1630123657871263,0.1467287558398763,0.6902588783729976,c5,c5
14275,0.14569334185049215,0.2155301942772383,0.6387764638722719,c5,c5
17197,0.34457475719671604,0.38085362872919276,0.27457161407408787,c5,c234
3313,0.08883527229046295,0.08941238376679075,0.8217523439427477,c5,c5
12715,0.5196831022548585,0.18701381985703286,0.29330307788810694,c5,c1
16073,0.32526722043914985,0.26192032266443993,0.4128124568964163,c234,c5
3425,0.9354438652724788,0.045023538887860974,0.019532595839656934,c234,c1
8924,0.36464635062563133,0.3742198892830084,0.2611337600913613,c234,c234
1312,0.26899048193852476,0.3754989704660648,0.35551054759541156,c5,c234
8470,0.20405087840526925,0.3048625463725636,0.49108657522216986,c1,c5
7142,0.5894783638438619,0.25682503138677265,0.15369660476937283,c1,c1
16463,0.3118548302159172,0.4290313014226016,0.25911386836148453,c5,c234
10045,0.2863972742283476,0.4010852823681755,0.31251744340348275,c1,c234
585,0.3395043695470737,0.3943520832483212,0.26614354720459965,c234,c234
1784,0.257202599232446,0.34256335331468896,0.4002340474528692,c5,c5
7211,0.5707671921840759,0.36961259454819156,0.05962021326773749,c5,c1
111,0.21998166598476263,0.2715441228721607,0.5084742111430723,c5,c5
6893,0.5663883248649035,0.27667885811385307,0.15693281702124431,c1,c1
12300,0.25591895166652684,0.3452994290619128,0.39878161927155537,c5,c5
17541,0.8870877940557006,0.10782449334374493,0.005087712600557178,c234,c1
10517,0.998194748733476,0.0016293258706226086,0.00017592539590401317,c1,c1
16761,0.58326054402868,0.38007319877335666,0.03666625719795571,c1,c1
3426,0.43582727306892527,0.29956667705754825,0.2646060498735172,c1,c1
18260,0.24072196490520872,0.3660163621543546,0.39326167294043796,c5,c5
14915,0.4281814620263307,0.3594265519309449,0.21239198604273016,c1,c1
5109,0.2311211019513266,0.6773682599613573,0.09151063808732784,c1,c234
11303,0.3846367472597636,0.3501964809281191,0.26516677181212356,c5,c1
441,0.24854029294587368,0.3988300346223856,0.35262967243175325,c1,c234
15897,0.14409357260702227,0.26213417539382483,0.5937722519991566,c5,c5
4354,0.5149508578171195,0.27427028545159055,0.21077885673128352,c5,c1
4100,0.667613489119309,0.20358754047544872,0.12879897040524396,c234,c1
9377,0.624649429095181,0.25200111244591045,0.12334945845891628,c234,c1
5039,0.4179091884334196,0.39550062495615673,0.18659018661042684,c5,c1
7087,0.09593386683884979,0.2509884059037645,0.653077727257383,c234,c5
13388,0.1850893863168556,0.170313516036792,0.6445970976463453,c234,c5
1670,0.1609343216900689,0.47132336396941826,0.36774231434050825,c1,c234
19943,0.2425118543484697,0.42350003668769515,0.33398810896382736,c234,c234
11614,0.28155635125089074,0.42466429064310723,0.2937793581059987,c1,c234
2841,0.27300255054978817,0.23485672819842635,0.4921407212517823,c5,c5
1520,0.2911432821687357,0.33375284179544484,0.37510387603582374,c5,c5
12270,0.3430839068872505,0.2332705115406698,0.42364558157207804,c1,c5
1376,0.35734886191204945,0.3683042185646621,0.27434691952329154,c1,c234
19027,0.2847846187337909,0.4397959059644789,0.27541947530173666,c5,c234
16334,0.3201875314637029,0.6247587877436985,0.05505368079259955,c234,c234
13911,0.5774030661676115,0.25189533725133817,0.17070159658103862,c234,c1
12701,0.36339169619137235,0.38738197519245704,0.2492263286161721,c1,c234
2605,0.37935308319053374,0.35634899742399356,0.26429791938547353,c1,c1
16233,0.1835577869322112,0.23784622383880272,0.5785959892289866,c5,c5
15374,0.24742077654313338,0.5222045147068004,0.23037470875006869,c234,c234
11200,0.4222187879269962,0.3423779261715528,0.23540328590145998,c234,c1
462,0.053997538862823186,0.37904654200037546,0.5669559191367987,c234,c5
13806,0.9120203850898838,0.07378297315200455,0.014196641758106539,c1,c1
5874,0.16529634815702815,0.201516585881291,0.6331870659616785,c5,c5
5570,0.7698630067235878,0.18117529536077975,0.048961697915619024,c1,c1
12347,0.3830764351881472,0.3402934626430378,0.2766301021688156,c5,c1
1820,0.40605879644275966,0.3353992524274037,0.2585419511298381,c5,c1
16,0.9683642811995667,0.03000291612003252,0.0016328026803996342,c234,c1
14520,0.452009269557852,0.23436931844965253,0.3136214119924984,c1,c1
9059,0.5144488861325321,0.18407761635241066,0.3014734975150639,c1,c1
6556,0.18158727298855215,0.23487210365294053,0.5835406233585071,c1,c5
19986,0.6447461497439385,0.23078203720312965,0.1244718130529371,c1,c1
5081,0.3223976674907568,0.41241009595888595,0.2651922365503571,c234,c234
310,0.36317641647489574,0.5076047050881923,0.12921887843690638,c1,c234
6146,0.6571298184258988,0.2419708772060811,0.10089930436802767,c5,c1
19337,0.29245381465662246,0.345506895715151,0.36203928962822696,c1,c5
11797,0.11341125971082602,0.19583315644509566,0.6907555838440801,c5,c5
81,0.40868322451585204,0.3621063691253512,0.22921040635879322,c1,c1
971,0.36878759896897845,0.3885785629388367,0.24263383809217845,c5,c234
2221,0.4007769973351299,0.31630153900212055,0.28292146366274673,c5,c1
11178,0.47192779884262553,0.2930839810804375,0.23498822007693257,c5,c1
18152,0.16908357450075912,0.35754966288722834,0.4733667626120176,c5,c5
15308,0.6935231498956911,0.1600919092350403,0.14638494086926215,c1,c1
17784,0.15927692974601035,0.5299850455091849,0.31073802474480305,c234,c234
14983,0.2182221725138465,0.17004047315904158,0.6117373543271081,c5,c5
8548,0.1864488397881333,0.580289771383226,0.23326138882862732,c5,c234
9922,0.251693625123911,0.38103470285469826,0.36727167202138256,c1,c234
13568,0.23736707191781664,0.29969548772935634,0.4629374403528217,c234,c5
15994,0.8975006745590741,0.06372131346883157,0.0387780119720944,c1,c1
6543,0.11183319910997232,0.8586784838459735,0.02948831704404277,c5,c234
678,0.4907687946033345,0.20279031308806145,0.3064408923086066,c5,c1
8336,0.2518769358248838,0.46316674252741147,0.28495632164770435,c234,c234
1033,0.19753609497750602,0.2794225606910036,0.52304134433149,c1,c5
5443,0.48557262987195393,0.24438142673813887,0.2700459433899098,c234,c1
9470,0.9377230449359905,0.05704636829841086,0.005230586765589141,c5,c1
12074,0.31205150888301014,0.43420636632201587,0.2537421247949715,c1,c234
2644,0.23339855651958671,0.32255840430044425,0.444043039179964,c1,c5
3510,0.34588029650233015,0.41373429765839276,0.24038540583927087,c234,c234
15087,0.24923852279952527,0.336583756247078,0.4141777209534026,c5,c5
16374,0.32863064077974674,0.34137906303329024,0.32999029618696096,c1,c234
12325,0.2013376466236836,0.4299250088269296,0.36873734454939333,c5,c234
9295,0.7006614462884945,0.1477670940360457,0.15157145967545793,c1,c1
4036,0.2939620859000316,0.5161628711869485,0.18987504291301738,c234,c234
6858,0.41166105176631845,0.3719071241687003,0.2164318240649781,c1,c1
1689,0.24214453617315998,0.35151685702428137,0.4063386068025533,c1,c5
15369,0.30208238600304926,0.15826716909928787,0.5396504448976526,c1,c5
17383,0.5278342217304641,0.2959619597191043,0.17620381855043896,c234,c1
14935,0.2087231225536126,0.3220488055833199,0.4692280718630667,c5,c5
7154,0.3610418469328662,0.3312305760669282,0.307727577000208,c1,c1
15124,0.9643391021715914,0.03364858686095511,0.0020123109674407167,c1,c1
1730,0.18418908703163736,0.4710882696042707,0.34472264336409475,c234,c234
13506,0.20467453294157806,0.08867806371319739,0.7066474033452284,c5,c5
10813,0.3642267357667036,0.2893175302668835,0.34645573396641505,c1,c1
12152,0.24519415430738778,0.4065298342892461,0.34827601140336734,c234,c234
14650,0.22656235229854685,0.3496096089529571,0.42382803874849234,c234,c5
17510,0.21722260091575915,0.5064076175438109,0.2763697815404287,c234,c234
19702,0.4382945809226985,0.3345686755340181,0.2271367435432857,c5,c1
8673,0.33717389687371724,0.4117272427059491,0.2510988604203294,c1,c234
9013,0.3535234219137237,0.43111895770275155,0.21535762038353112,c234,c234
13609,0.27730183183027285,0.219377511214495,0.5033206569552329,c1,c5
14647,0.19146515208988982,0.49198601990226476,0.316548828007834,c234,c234
12195,0.2776119645582905,0.2254305318063734,0.49695750363532465,c1,c5
11277,0.3242838489726018,0.23760236738729162,0.4381137836401005,c5,c5
17985,0.27700647030190756,0.4306897241046034,0.2923038055934934,c1,c234
10623,0.21382219173705982,0.2922421477185845,0.4939356605443522,c5,c5
8471,0.2015405086684033,0.3199907303920913,0.4784687609395052,c5,c5
19394,0.08506103169094183,0.49352490281532396,0.42141406549374005,c5,c234
18102,0.5441482481522505,0.3032975412183767,0.1525542106293734,c1,c1
10198,0.19206135535761984,0.16563377091400877,0.6423048737283705,c234,c5
6646,0.21998006097857978,0.3715247082813745,0.4084952307400437,c234,c5
11612,0.5196831022548585,0.18701381985703286,0.29330307788810694,c1,c1
4723,0.12018558210940465,0.2523260177071439,0.6274884001834489,c234,c5
1551,0.49637917542494303,0.1726282847764714,0.3309925397985887,c234,c1
17841,0.18328816667591594,0.566692550136466,0.25001928318761213,c5,c234
18126,0.2342532991803325,0.42246203518229364,0.343284665637372,c234,c234
16821,0.39775767458595196,0.2897098685704937,0.3125324568435531,c1,c1
15023,0.27155322531283227,0.17115478342598833,0.5572919912611864,c234,c5
11697,0.9582015222051729,0.039831006038271104,0.0019674717565816586,c1,c1
17522,0.25502032907690414,0.4494286081941994,0.29555106272888976,c234,c234
9776,0.3965090381796062,0.3101549803971002,0.29333598142328904,c5,c1
6159,0.4119114625893504,0.20947361743196405,0.3786149199786992,c234,c1
16072,0.3333429343972501,0.3286121890397212,0.3380448765630283,c5,c5
11815,0.40003233557097834,0.2980847424126335,0.30188292201638933,c5,c1
15392,0.23616166936768257,0.39873033246486494,0.3651079981674574,c234,c234
15318,0.08140224090721876,0.2072055899979788,0.711392169094801,c1,c5
19504,0.22151961150213462,0.06243513552909681,0.7160452529687625,c5,c5
5815,0.3592492644548208,0.23818798149119855,0.40256275405397735,c234,c5
12408,0.21190524654362047,0.4829891827981636,0.30510557065821836,c234,c234
1183,0.32596760470203767,0.4996744775495463,0.17435791774841555,c5,c234
13807,0.205801763326835,0.1966585813892433,0.5975396552839264,c5,c5
12590,0.30581087644907107,0.4384943913122533,0.2556947322386754,c5,c234
12909,0.6351631009978225,0.3183783329055965,0.04645856609657926,c1,c1
16755,0.42087235042743565,0.3430986418872086,0.2360290076853578,c1,c1
2119,0.1293099180880063,0.4284154113846075,0.4422746705273942,c234,c5
6959,0.2895904233506538,0.3363060731550744,0.3741035034942729,c1,c5
14312,0.22551373694704357,0.4297632337565877,0.34472302929636356,c5,c234
1890,0.351017484071534,0.4121001421483624,0.2368823737800989,c234,c234
34,0.12172002132428092,0.20872182251161553,0.6695581561640941,c5,c5
1385,0.07227217463476593,0.921480784509907,0.006247040855323692,c234,c234
2195,0.23715753136605472,0.28309463368916593,0.47974783494478107,c5,c5
14259,0.1630123657871263,0.1467287558398763,0.6902588783729976,c1,c5
4794,0.22505451252411393,0.2825876640425337,0.4923578234333526,c5,c5
17097,0.14584192760553485,0.6476110379196203,0.20654703447484257,c1,c234
14943,0.25330626308895976,0.3136228566943352,0.43307088021670354,c5,c5
1886,0.6003569802011027,0.35805055235154337,0.04159246744735207,c1,c1
16936,0.3301827474409891,0.3180421631252023,0.35177508943380525,c5,c5
9595,0.2255656696738174,0.3838211974301944,0.39061313289599514,c5,c5
12254,0.5196831022548585,0.18701381985703286,0.29330307788810694,c1,c1
6616,0.10785438421142694,0.22070957728050272,0.6714360385080748,c5,c5
10535,0.9377230449359905,0.05704636829841086,0.005230586765589141,c5,c1
15568,0.3986559664254825,0.31648012060175656,0.28486391297275987,c234,c1
19600,0.24848392148566467,0.3640642364973886,0.3874518420169481,c5,c5
19435,0.36183827326999574,0.31349031710573544,0.3246714096242632,c234,c1
9810,0.3853389087802943,0.33363951703110223,0.28102157418860185,c234,c1
5477,0.36162878751014493,0.32050453436418225,0.3178666781256743,c234,c1
12404,0.28086853784723537,0.26242205810393093,0.4567094040488333,c5,c5
17338,0.31710932645744433,0.3521897077533942,0.3307009657891618,c1,c234
1713,0.21635210901626822,0.33879270917979853,0.44485518180392875,c234,c5
6588,0.4707240381594301,0.22881171552012564,0.3004642463204327,c1,c1
2538,0.24498668106906155,0.4011150147790945,0.3538983041518472,c234,c234
16410,0.47271067386611126,0.2859129689900157,0.24137635714386516,c234,c1
14411,0.1770052776115791,0.451041313031302,0.3719534093571108,c234,c234
14673,0.38032997470023994,0.327034361055684,0.29263566424407494,c1,c1
11250,0.3942955144457844,0.3893380715525206,0.21636641400170015,c1,c1
8411,0.33758278379193984,0.5577487043806209,0.10466851182744692,c1,c234
4650,0.2746787824488895,0.4677369912494307,0.2575842263016674,c1,c234
11730,0.16429906715133938,0.37795602524156957,0.45774490760708786,c234,c5
8127,0.5196831022548585,0.18701381985703286,0.29330307788810694,c234,c1
12199,0.30365809595861715,0.3638115468153617,0.3325303572260277,c1,c234
10354,0.31828691810099846,0.31651867940022815,0.36519440249877516,c234,c5
8879,0.22671011170285466,0.26129134655493524,0.5119985417422039,c234,c5
9151,0.17340714392628082,0.3979487964565646,0.4286440596171467,c1,c5
3486,0.3020200793759705,0.4019700693407933,0.2960098512832366,c234,c234
9486,0.28100930667675683,0.27624272848402504,0.44274796483922035,c5,c5
2893,0.31062433726538763,0.40373845020638627,0.28563721252822843,c5,c234
9300,0.3857473302574648,0.3834958499257528,0.2307568198167726,c1,c1
14896,0.6399599546948079,0.25597421863166464,0.10406582667354126,c1,c1
13023,0.2063789223255003,0.5609037129582042,0.2327173647162943,c5,c234
10427,0.19792289274921163,0.3862494572644209,0.41582764998637317,c5,c5
10340,0.296170932759639,0.46817311053746996,0.2356559567029046,c234,c234
6623,0.24291897945985785,0.19293597401258752,0.5641450465275557,c5,c5
16638,0.133176201942129,0.1595474657978342,0.7072763322600305,c234,c5
6963,0.4031115485395678,0.15911987383861018,0.43776857762181415,c5,c5
17389,0.5828546207418651,0.27719173019394117,0.13995364906419333,c5,c1
13781,0.9652416262660505,0.03298195794076711,0.001776415793173156,c234,c1
6127,0.16988045338692911,0.7769272233395745,0.053192323273494116,c234,c234
12201,0.09995277660889448,0.30211621435330344,0.5979310090378003,c234,c5
3788,0.3964891304501831,0.37601571575651993,0.227495153793292,c234,c1
4784,0.23827262951660802,0.4859680582151035,0.275759312268295,c234,c234
15363,0.15467265174815123,0.7977916777332703,0.04753567051857873,c1,c234
3842,0.08159949645890445,0.8162348958282439,0.10216560771286513,c1,c234
4636,0.20055401908922113,0.5202105235457062,0.2792354573650731,c1,c234
11334,0.9607005806115038,0.03710530747258806,0.00219411191589478,c1,c1
10191,0.5858202509469586,0.25343444312583724,0.16074530592721606,c1,c1
817,0.27896367246009296,0.2614737535644717,0.4595625739754321,c5,c5
4997,0.2710080725624439,0.38978569876260266,0.33920622867495015,c234,c234
4608,0.1676219194750633,0.3337305693179152,0.49864751120701795,c234,c5
20030,0.2483550758250278,0.4120607824764419,0.3395841416985373,c5,c234
18898,0.17427822631804246,0.35778437716437667,0.4679373965175855,c1,c5
8333,0.48181488508010833,0.31265050310694104,0.20553461181295776,c5,c1
9554,0.6645374024654276,0.20171078486804708,0.1337518126665191,c1,c1
4603,0.16687732129520721,0.2529095634318229,0.5802131152729663,c5,c5
2663,0.29861047020532955,0.4992410422589861,0.20214848753568201,c1,c234
9292,0.7225275594981901,0.23724120051869374,0.040231239983125076,c234,c1
10712,0.33327274998674306,0.5433613472889582,0.12336590272429328,c1,c234
19830,0.25735337589740254,0.1994885344653874,0.5431580896372129,c234,c5
11795,0.20644250260437805,0.25610311152545623,0.5374543858701775,c234,c5
6172,0.3280036928843164,0.3001604157972568,0.3718358913184172,c5,c5
10602,0.2264295439671631,0.3322567727023503,0.4413136833304806,c234,c5
3964,0.18644069710221828,0.5947532616997007,0.2188060411980752,c234,c234
16105,0.23233983901650337,0.3694636110796568,0.39819654990382575,c5,c5
11132,0.49873372181599174,0.1897375390056988,0.31152873917830626,c1,c1
10549,0.2838768966718238,0.4119069205196089,0.3042161828085677,c5,c234
5513,0.32884972092888076,0.3734159099953363,0.29773436907578743,c234,c234
4310,0.2167739528506191,0.11517201842042804,0.6680540287289545,c234,c5
10738,0.2320329191214406,0.3804992305977279,0.3874678502808456,c234,c5
19466,0.16392919368916625,0.4535387344407463,0.3825320718700926,c5,c234
16223,0.11227550756498905,0.12227429927394673,0.7654501931610648,c234,c5
8668,0.1265992275227799,0.13616600965952372,0.7372347628176996,c5,c5
19198,0.26771330725527187,0.3807339582020623,0.351552734542662,c5,c234
10512,0.48228752623953725,0.38895856187003525,0.1287539118904301,c1,c1
16067,0.717368337691471,0.239852964464592,0.04277869784393528,c1,c1
13026,0.0973334245228067,0.33577164455290326,0.5668949309242944,c5,c5
12620,0.11182250877730708,0.24516443088551024,0.6430130603371847,c234,c5
8932,0.43877952346666077,0.2775232876357706,0.283697188897564,c5,c1
5069,0.5390316034413357,0.3540643883260649,0.10690400823260515,c234,c1
764,0.30608441597821573,0.34477050116880353,0.3491450828529717,c234,c5
17524,0.4928854521908831,0.32456833651263794,0.1825462112964779,c5,c1
10393,0.5585593305856125,0.25344736485752395,0.18799330455687602,c1,c1
7872,0.345675955328924,0.32692368786917947,0.3274003568019007,c1,c1
11694,0.25847050099717134,0.465923859308603,0.27560563969421203,c234,c234
17305,0.34760015986894294,0.5698197790656967,0.08258006106536755,c5,c234
15375,0.18411812892794271,0.21492952123447145,0.6009523498375835,c5,c5
1276,0.4132336463311031,0.3845358025000459,0.20223055116884647,c1,c1
4227,0.13574073751338547,0.32269830224422696,0.5415609602423873,c5,c5
16215,0.7382012297797184,0.14414654590327516,0.11765222431700728,c1,c1
11297,0.13494143241879253,0.8090879166208255,0.05597065096037228,c5,c234
20085,0.3631331069706356,0.2661480551619118,0.3707188378674578,c234,c5
1292,0.20201073910865006,0.19716645312991543,0.6008228077614367,c1,c5
13701,0.23295232173741032,0.5253365346570043,0.24171114360558715,c5,c234
15425,0.23754988425046,0.298356984616045,0.46409313113349226,c5,c5
3989,0.9662795814401127,0.032592383413932335,0.001128035145941489,c1,c1
6866,0.16094799336519677,0.3261765098783315,0.512875496756477,c5,c5
10843,0.230113679181234,0.24864799277319022,0.5212383280455734,c1,c5
9167,0.4007769973351299,0.31630153900212055,0.28292146366274673,c1,c1
8793,0.2936508678751497,0.4665421369168645,0.23980699520798485,c5,c234
5356,0.07227217463476593,0.921480784509907,0.006247040855323692,c234,c234
4253,0.9652416262660505,0.03298195794076711,0.001776415793173156,c5,c1
8059,0.16208774717721683,0.45134937807540815,0.3865628747473818,c234,c234
10646,0.3884566504823538,0.37867767229140525,0.2328656772262544,c5,c1
6326,0.20660922853015254,0.45862042896131927,0.33477034250851423,c234,c234
12076,0.3546915886894116,0.3902854022429183,0.25502300906766884,c234,c234
18644,0.37070659597433686,0.46335018968492053,0.16594321434075496,c234,c234
9104,0.151326556514419,0.5250927113894784,0.32358073209610555,c234,c234
12945,0.30246233191414457,0.33147791855632586,0.36605974952952897,c234,c5
12212,0.28565845279371366,0.31115359294264266,0.40318795426364484,c234,c5
14559,0.4223887852117934,0.32322036122601866,0.25439085356220165,c234,c1
10954,0.3143137328041386,0.3677604062797579,0.3179258609161087,c234,c234
16869,0.24166224391760657,0.3400276179375456,0.418310138144836,c1,c5
10274,0.1934505295073315,0.09502583403534196,0.7115236364573324,c234,c5
1897,0.998196260071081,0.0016263614281940729,0.00017737850072389787,c1,c1
3729,0.9743334952628087,0.02253814398051957,0.0031283607566761,c1,c1
3809,0.2505912175210186,0.41469623868617483,0.33471254379279997,c5,c234
19585,0.09050256752360897,0.25978142840036267,0.649716004076023,c1,c5
8949,0.2578823473000842,0.352872022601663,0.38924563009826124,c234,c5
3268,0.27382022255744126,0.4795336953993215,0.24664608204323607,c5,c234
10038,0.3518578678855215,0.3321703926981042,0.31597173941637496,c5,c1
15121,0.16325231210971416,0.2773530630492143,0.5593946248410632,c5,c5
19072,0.3297741743178839,0.35402479986843194,0.3162010258136876,c1,c234
8031,0.6780977180416344,0.2640595556403967,0.05784272631797112,c1,c1
1782,0.30518925751639425,0.4126634182136696,0.28214732426993744,c5,c234
3714,0.29525334532082986,0.341117391765587,0.3636292629135778,c5,c5
11282,0.382477641753453,0.24274733180051056,0.3747750264460355,c234,c1
16453,0.6324069199881095,0.20767805559485084,0.15991502441703315,c1,c1
17201,0.25964894416390183,0.4830627719024459,0.25728828393366465,c234,c234
17993,0.484653895079506,0.41682002153760217,0.09852608338289857,c5,c1
2740,0.052163403144039035,0.10633883899844065,0.8414977578575232,c5,c5
19582,0.20571081328703086,0.38580162426861236,0.4084875624443577,c5,c5
18961,0.4926641573283819,0.2940190592822578,0.21331678338934648,c1,c1
8104,0.2087089442018028,0.7417220843465671,0.049568971451622,c1,c234
16792,0.5548874224193019,0.16547162771244073,0.2796409498682581,c1,c1
5999,0.22803919160135394,0.2495559466722532,0.5224048617263922,c234,c5
17515,0.18069539263469592,0.5956858733393176,0.2236187340259854,c5,c234
14696,0.3359328948154759,0.41911647664983576,0.24495062853469088,c234,c234
8046,0.5144488861325321,0.18407761635241066,0.3014734975150639,c5,c1
1375,0.40494241282051957,0.40185456116115276,0.1932030260183192,c1,c1
4896,0.2878500030930712,0.3176115554074443,0.394538441499486,c5,c5
6778,0.44864894874306954,0.29702431080900155,0.2543267404479293,c1,c1
12586,0.36675311011800205,0.349556614740792,0.2836902751412057,c1,c1
11837,0.43087807019362334,0.25448217610733326,0.31463975369904135,c234,c1
13232,0.18554692515324028,0.06226138872570643,0.75219168612106,c5,c5
15004,0.2781720581500551,0.39547957641344045,0.32634836543651125,c1,c234
18280,0.2089163843839306,0.4089232916687306,0.38216032394733873,c5,c234
19488,0.267286884460523,0.37053296729690355,0.3621801482425701,c1,c234
7375,0.5535715180249057,0.3568140939974961,0.08961438797758568,c234,c1
10525,0.3829219009081492,0.381732086574142,0.235346012517696,c5,c1
19439,0.14211406627547754,0.2393003904922056,0.6185855432323235,c5,c5
3775,0.48397603918190996,0.2522670419020887,0.26375691891600805,c234,c1
1575,0.278477301933814,0.3979423468540246,0.32358035121215734,c5,c234
5492,0.35019605683694494,0.40431868419936356,0.24548525896369117,c234,c234
13531,0.7534054966071587,0.21287977141437087,0.03371473197846705,c234,c1
7839,0.7791021765011925,0.1923612482601086,0.028536575238703166,c234,c1
6422,0.39911912952329615,0.25966145215598146,0.3412194183207305,c1,c1
12252,0.4105632744065128,0.4327792801880498,0.1566574454054305,c1,c234
11647,0.30632477154057575,0.276629971187219,0.4170452572722058,c1,c5
7766,0.2558640363041637,0.45543121060422237,0.28870475309161797,c1,c234
7621,0.1858979692526392,0.40029324498901714,0.4138087857583299,c5,c5
7030,0.33714396289441184,0.29361588191809457,0.3692401551874898,c1,c5
9648,0.3706110622430264,0.30260079243554794,0.3267881453214271,c1,c1
14322,0.27098008522158834,0.35985183656369046,0.3691680782147225,c234,c5
5806,0.12444450506800202,0.2537888138998694,0.6217666810321243,c5,c5
2411,0.8164953706803625,0.08298548685467999,0.10051914246496944,c1,c1
4393,0.11183263237959398,0.28701572742752035,0.6011516401928851,c5,c5
8406,0.229979560988382,0.29258396674785,0.4774364722637723,c234,c5
1591,0.24501852007790864,0.35037337312569133,0.40460810679639675,c5,c5
10066,0.3098876202377608,0.3929738818715073,0.2971384978907299,c234,c234
1314,0.22349384292116764,0.1696453636091474,0.6068607934696936,c5,c5
20048,0.31347337966525307,0.30926395126397915,0.37726266907076583,c5,c5
15319,0.21605528944524374,0.36090847380712626,0.4230362367476304,c5,c5
5088,0.20712706530345326,0.42923114651093314,0.3636417881856108,c1,c234
6269,0.2763924538959804,0.36277708574137824,0.3608304603626398,c1,c234
10791,0.28487546180496015,0.3472367435930394,0.36788779460200055,c5,c5
2958,0.3760871497108534,0.27734475295834876,0.3465680973307939,c1,c1
13519,0.353542210194643,0.5871940546802896,0.05926373512507037,c234,c234
17349,0.1549367327195463,0.5400695875335572,0.30499367974689046,c234,c234
3232,0.24425954182328535,0.3954397778029372,0.36030068037376767,c234,c234
17739,0.5197697156075736,0.24130144998789166,0.2389288344045405,c1,c1
18292,0.37125266329396184,0.3419435565985356,0.2868037801075069,c1,c1
2909,0.47553213856827886,0.29806653084996687,0.2264013305817527,c5,c1
8817,0.8271901322994291,0.15930763153918753,0.01350223616137814,c234,c1
12638,0.1714886162610863,0.2674904928171175,0.5610208909218103,c5,c5
14566,0.6093332172092278,0.333827920969551,0.05683886182121775,c1,c1
14924,0.29934741294527695,0.49922614511679064,0.2014264419379277,c234,c234
2842,0.14981579939376238,0.5482244835583672,0.30195971704785823,c1,c234
17612,0.4068957745140115,0.38614536291822277,0.2069588625677793,c1,c1
2090,0.2734327732073977,0.3760838772222358,0.3504833495703635,c234,c234
18050,0.7664455245389545,0.1227178141138435,0.11083666134719682,c5,c1
6301,0.4299103603502809,0.35743257771683357,0.2126570619328917,c5,c1
6561,0.19117793580928316,0.22202908568087398,0.5867929785098436,c1,c5
1313,0.20084137245814448,0.465430901084233,0.3337277264576189,c234,c234
18612,0.4266700775272569,0.3867758161829979,0.18655410628975086,c1,c1
4512,0.12294493660331207,0.41923476111303337,0.45782030228364945,c5,c5
2686,0.23265849944681743,0.3501434075419841,0.4171980930112039,c1,c5
4724,0.19002439202543037,0.33640441517201275,0.47357119280255416,c234,c5
18101,0.18047261150662688,0.4015178715481643,0.4180095169452119,c234,c5
11402,0.19552595271991924,0.476991304264037,0.32748274301603175,c5,c234
6994,0.15782526006901418,0.3983172956018905,0.4438574443291053,c234,c5
11792,0.13667767915038445,0.4893335322216082,0.3739887886280113,c1,c234
7709,0.12556174537523426,0.3485433407975909,0.525894913827173,c1,c5
18162,0.5144488861325321,0.18407761635241066,0.3014734975150639,c5,c1
3522,0.2458353783826282,0.36110984100518306,0.39305478061219085,c5,c5
11258,0.25231798098043257,0.4976805813802726,0.2500014376393027,c1,c234
11761,0.2158163154534498,0.5004606671170986,0.2837230174294444,c5,c234
13848,0.19165158094349388,0.18418727985936184,0.6241611391971447,c5,c5
13868,0.25031568402674215,0.32123087956605334,0.4284534364071964,c5,c5
10214,0.08966881655975252,0.26648476811115335,0.6438464153290985,c5,c5
19425,0.18688600300009697,0.29201399471768996,0.5211000022822104,c234,c5
11470,0.18574656861218974,0.403946612376619,0.4103068190111878,c5,c5
11703,0.3211922734212037,0.43213533912171415,0.2466723874570759,c234,c234
7219,0.1399537447003919,0.23500776187285422,0.6250384934267657,c1,c5
1539,0.29852567041743294,0.41539147494634826,0.28608285463621635,c1,c234
19988,0.32251109260068156,0.17615594149344221,0.5013329659058815,c1,c5
4851,0.2954767629519407,0.36688579614333244,0.3376374409047316,c5,c234
2714,0.23782931371040272,0.38141517841452843,0.3807555078750639,c1,c234
8645,0.21123289882074595,0.28488774204711703,0.5038793591321372,c5,c5
6775,0.44926757344157076,0.2241016981673778,0.3266307283910561,c234,c1
92,0.35768214569490137,0.35171948912221834,0.2905983651828788,c1,c1
6500,0.3117024706309152,0.38628314308243566,0.30201438628664884,c1,c234
11722,0.19733880416710223,0.3457402440048896,0.45692095182800896,c5,c5
3096,0.40678691351900076,0.388141084139423,0.20507200234157033,c1,c1
10435,0.11978723525615756,0.2842885392203803,0.5959242255234635,c1,c5
4039,0.253973452645566,0.39113533771789427,0.3548912096365466,c5,c234
5461,0.2865122243410435,0.437603574616203,0.27588420104274874,c5,c234
12660,0.2822593986472618,0.38347646068403446,0.3342641406687079,c234,c234
7047,0.2816413887536224,0.2218791504001799,0.4964794608461925,c1,c5
14443,0.25735337589740254,0.1994885344653874,0.5431580896372129,c5,c5
17569,0.22246646403079956,0.5086265031108685,0.2689070328583267,c234,c234
11783,0.20605385785850394,0.2948793953260691,0.49906674681542057,c1,c5
12804,0.07253307310318788,0.7925776378236586,0.13488928907315526,c1,c234
15006,0.2580567329674894,0.40405875903956695,0.3378845079929456,c1,c234
4994,0.12346851151404231,0.8592575910680712,0.01727389741788737,c234,c234
17730,0.22971909618670386,0.45282637075934407,0.31745453305394994,c5,c234
10984,0.25549917927161064,0.22487178991871304,0.5196290308096743,c1,c5
11699,0.2949880505920199,0.4538248104819905,0.25118713892598304,c234,c234
2490,0.5142062536962889,0.18411106884381323,0.3016826774598917,c1,c1
4544,0.5556697500002928,0.2052611728837211,0.2390690771159865,c1,c1
5899,0.5372270172542316,0.27862272723051673,0.18415025551524478,c5,c1
2345,0.4827500040842451,0.32126466577304985,0.19598533014270303,c1,c1
20003,0.5062709062933337,0.3362449913174681,0.1574841023891915,c1,c1
16054,0.4289868530898188,0.2334163768390115,0.33759677007116395,c234,c1
1304,0.49556340192727616,0.38724377049437575,0.11719282757833639,c1,c1
15725,0.10137572721839018,0.23218367623327993,0.6664405965483299,c5,c5
20050,0.25448848434861004,0.2600982073137186,0.48541330833766483,c1,c5
3039,0.25850902542039195,0.254227618415643,0.4872633561639663,c5,c5
19356,0.9652416262660505,0.03298195794076711,0.001776415793173156,c1,c1
10197,0.2618346222341881,0.22674065185242176,0.5114247259133887,c234,c5
19615,0.9335526378232961,0.06246322889320346,0.003984133283493577,c1,c1
4745,0.22128641003708532,0.32738054045718634,0.45133304950573117,c1,c5
16849,0.37242646502693755,0.40246300399779594,0.22511053097526115,c1,c234
15878,0.24863133477563362,0.354621673516715,0.3967469917076488,c234,c5
19728,0.6240664855070184,0.3010732430587676,0.07486027143421985,c1,c1
8610,0.5951041914095208,0.2606382597401379,0.14425754885034278,c1,c1
1067,0.22413786980658326,0.5328172814840585,0.2430448487093556,c234,c234
14942,0.9336208122356275,0.061978385192429236,0.004400802571932215,c1,c1
8971,0.17083870545040622,0.4323648260076168,0.3967964685419816,c5,c234
17856,0.4157150675267176,0.2754269963662536,0.3088579361070337,c1,c1
14711,0.3529981195374163,0.34635872704569765,0.30064315341688064,c234,c1
5348,0.28125588902565407,0.41251767900459074,0.30622643196973937,c5,c234
3284,0.2625793242079876,0.21435747328897845,0.5230632025030277,c234,c5
9631,0.1555995404094669,0.6132307559649212,0.2311697036256231,c5,c234
7951,0.29441751756384266,0.46402505173003555,0.24155743070613117,c1,c234
5430,0.2861800683629405,0.1831876587635796,0.530632272873474,c234,c5
19266,0.7447918741033595,0.2400186026793506,0.015189523217290783,c1,c1
6043,0.24825129908794707,0.2875799571643268,0.4641687437477268,c5,c5
17672,0.5825805430994722,0.13993381036631394,0.2774856465342116,c1,c1
11340,0.34762846800836716,0.31834652176547623,0.3340250102261574,c1,c1
11660,0.3989059018092214,0.2225875641588138,0.3785065340319678,c234,c1
2422,0.3571630884603568,0.3326351721649384,0.3102017393747073,c5,c1
11025,0.222100645881607,0.49691555488919226,0.28098379922919825,c5,c234
17647,0.10993170874997522,0.23114964222353215,0.6589186490264982,c234,c5
16562,0.3268204437742725,0.4387291571244209,0.2344503991013011,c1,c234
12900,0.4433801347214354,0.4064276015967497,0.15019226368180755,c1,c1
10613,0.6908362852101391,0.1930187484120927,0.116144966377767,c1,c1
9015,0.3347398129990528,0.23542218662983783,0.4298380003711028,c234,c5
1584,0.17840493929837226,0.1478587457750212,0.6737363149266077,c234,c5
12932,0.19816591843472994,0.3524380831120158,0.4493959984532422,c1,c5
11905,0.3872416117637047,0.3845577398672202,0.2282006483690712,c234,c1
3893,0.08087080749645614,0.19151753547251332,0.7276116570310261,c1,c5
3161,0.12395334796573966,0.28057989917818416,0.5954667528560628,c5,c5
15880,0.16567431562549023,0.27810677913728554,0.5562189052372275,c234,c5
7081,0.9661694618039497,0.029196473347022595,0.0046340648490085685,c234,c1
14891,0.9962802646159218,0.0032315404603077886,0.00048819492377847636,c234,c1
12530,0.4299103603502809,0.35743257771683357,0.2126570619328917,c234,c1
12228,0.5196831022548585,0.18701381985703286,0.29330307788810694,c234,c1
7699,0.18297138552616493,0.6405836064223975,0.17644500805143765,c234,c234
17479,0.4698327875463086,0.23430770470989598,0.2958595077437975,c1,c1
18234,0.2904106692504454,0.32390567020649075,0.38568366054305764,c5,c5
19326,0.1443732483806329,0.1484785889463029,0.7071481626730667,c5,c5
8600,0.4071801001954936,0.3048588402542165,0.28796105955029344,c1,c1
13444,0.29378825566808603,0.34535988806866247,0.36085185626325567,c5,c5
4329,0.40570763877182475,0.4190242168118937,0.17526814441628807,c5,c234
7786,0.18223534353022958,0.25778221275015245,0.5599824437196222,c234,c5
572,0.3621398289296075,0.31009077575892774,0.32776939531146077,c5,c1
5502,0.3465875140117662,0.26879895300278234,0.3846135329854498,c234,c5
8252,0.2930833512814911,0.2783620830255807,0.4285545656929312,c234,c5
16037,0.19025759176764664,0.38186895369653495,0.42787345453582337,c5,c5
11801,0.3694328727150532,0.353391915462814,0.2771752118221333,c234,c1
18683,0.28427199832315503,0.31225647748766167,0.40347152418918236,c5,c5
7312,0.2138435327393775,0.3662180320512012,0.4199384352094239,c5,c5
18586,0.19431993011527654,0.24849040224394697,0.5571896676407799,c234,c5
18214,0.5550812421814194,0.4067783103115634,0.03814044750701011,c1,c1
19729,0.2588898101633477,0.6007886680679314,0.140321521768709,c234,c234
3653,0.07895730974797674,0.24476271686872947,0.676279973383299,c234,c5
14474,0.18334370308361597,0.42623863505789494,0.3904176618584907,c234,c234
3162,0.37705912420827886,0.34871076686791025,0.2742301089237988,c5,c1
10285,0.3438445208412224,0.34727525285189337,0.3088802263068877,c1,c234
9970,0.2760260066493319,0.16572816844624316,0.5582458249044233,c234,c5
2382,0.2724117386524602,0.40358148379298003,0.324006777554556,c234,c234
13069,0.13275476773169814,0.617332228237368,0.24991300403093947,c1,c234
5668,0.14725916918535953,0.5280088830437771,0.3247319477708493,c234,c234
657,0.39358653828650325,0.3314144930659658,0.27499896864753887,c234,c1
20083,0.43436263679839593,0.39251790435315564,0.1731194588484494,c1,c1
9936,0.15488279405532918,0.18937514693888874,0.6557420590057824,c234,c5
18564,0.1798413077914413,0.27301965753952623,0.5471390346690311,c5,c5
12722,0.3015022786394998,0.4302694756016923,0.2682282457588179,c5,c234
9081,0.15365018676999487,0.592715140549825,0.2536346726801799,c234,c234
1835,0.8096465277157752,0.13386400301264922,0.05648946927157846,c1,c1
4084,0.11054739281100084,0.25883836828325163,0.6306142389057533,c5,c5
13107,0.9150543154406596,0.04745983208982852,0.03748585246951693,c1,c1
18111,0.24464670685533751,0.2855008449337121,0.46985244821094996,c234,c5
5190,0.2361082767983483,0.45771489477936333,0.30617682842229055,c234,c234
1409,0.6370628140372672,0.2908545153001763,0.07208267066256902,c5,c1
12024,0.4115705495120207,0.25075816471492496,0.33767128577305133,c1,c1
7657,0.4445058970935084,0.2731496462816877,0.28234445662479746,c1,c1
9793,0.4511422294647283,0.3054681657987442,0.24338960473653878,c1,c1
14263,0.2269534335286131,0.35318911281035836,0.41985745366103505,c1,c5
409,0.29030301454457025,0.4108196093521006,0.298877376103326,c1,c234
13345,0.8398635054701421,0.07497102194449275,0.0851654725853525,c234,c1
15726,0.17661370424609005,0.30519891839109214,0.5181873773628111,c234,c5
669,0.2894852859863584,0.32862831456052477,0.38188639945311637,c5,c5
6439,0.2816497431465023,0.36543821363199946,0.3529120432214853,c234,c234
217,0.7616936474360844,0.2172108120368284,0.021095540527092428,c234,c1
4737,0.6044787272492264,0.3102542510282541,0.0852670217225184,c234,c1
9939,0.4130660830717564,0.14924095192201467,0.4376929650062277,c234,c5
18968,0.2767645462239212,0.26058900038872745,0.4626464533873499,c234,c5
8831,0.717010861152303,0.22905172361803117,0.05393741522966931,c1,c1
10952,0.12899940988125766,0.7136000855237076,0.15740050459503505,c5,c234
9874,0.2838768966718238,0.4119069205196089,0.3042161828085677,c1,c234
7332,0.3409157086652471,0.34171505743708586,0.31736923389767013,c234,c234
20000,0.7578795525088193,0.1598257208632057,0.08229472662796451,c1,c1
8286,0.27156131912977016,0.3203005161443023,0.40813816472593356,c5,c5
2758,0.13206349190384065,0.4020984316527674,0.4658380764433923,c1,c5
8537,0.28493200397490365,0.5019032093164395,0.21316478670864858,c5,c234
1342,0.14645795067482703,0.543255948641463,0.3102861006837129,c234,c234
2824,0.29040845441973745,0.39467791489829424,0.3149136306819741,c234,c234
14789,0.2555682692745515,0.5273442145317228,0.21708751619372607,c5,c234
14466,0.20108680780525484,0.4020992218826037,0.39681397031214993,c5,c234
976,0.3054309900509625,0.34463505424307356,0.349933955705959,c1,c5
5689,0.1946684876254429,0.29673875650632464,0.5085927558682329,c5,c5
12499,0.36550999486881747,0.335746132526732,0.2987438726044423,c5,c1
3504,0.18107518941459314,0.6267047316490754,0.19222007893633178,c234,c234
8325,0.2118752569824276,0.2714218991051153,0.5167028439124554,c1,c5
19686,0.3870909063124457,0.4575397467664328,0.15536934692111515,c1,c234
17688,0.2397997146124025,0.4330208794068885,0.3271794059807147,c5,c234
13839,0.9683642811995667,0.03000291612003252,0.0016328026803996342,c1,c1
8805,0.23236741580136436,0.15978777143800943,0.6078448127606257,c5,c5
19911,0.2082699894075283,0.37458520773553905,0.4171448028569323,c234,c5
15316,0.3222853807394188,0.31214377474660815,0.36557084451397964,c234,c5
10937,0.7518264805689661,0.2209289896138389,0.02724452981719998,c1,c1
3138,0.3309264270924511,0.3175884998711431,0.35148507303640675,c5,c5
1516,0.29073394419051973,0.5158031388076012,0.1934629170018891,c5,c234
19869,0.20748710076475854,0.39262833575769207,0.39988456347753765,c1,c5
14773,0.315248969612695,0.31853095847727825,0.3662200719100194,c1,c5
11750,0.2060508725763978,0.3329897302778136,0.46095939714579076,c1,c5
14720,0.27753685720741905,0.318874439269585,0.4035887035229975,c5,c5
9123,0.23169346052082945,0.38799314172430677,0.38031339775485185,c1,c234
6329,0.3443088980870117,0.38949484306927734,0.266196258843713,c234,c234
2671,0.26507330007245106,0.4785182738283287,0.25640842609922093,c234,c234
12940,0.23299752385969097,0.3546056513407261,0.4123968247995774,c234,c5
16705,0.41779800106256915,0.4524871852479355,0.12971481368949575,c234,c234
15755,0.2592645210590306,0.4951084221738981,0.2456270567670717,c234,c234
5409,0.30417363012407844,0.3311575590342382,0.36466881084168223,c234,c5
6672,0.2524227825298064,0.5142538132680616,0.23332340420214184,c234,c234
11834,0.30365809595861715,0.3638115468153617,0.3325303572260277,c1,c234
8136,0.32825532996381623,0.2658581916915983,0.4058864783445802,c1,c5
11393,0.19468381498376006,0.4231364637787642,0.38217972123747707,c234,c234
8428,0.30109028852041697,0.3721049926583717,0.3268047188212126,c234,c234
3543,0.22930504660632767,0.26323898216624414,0.5074559712274308,c1,c5
3700,0.25307787801564946,0.44801916635801703,0.2989029556263281,c5,c234
417,0.16665421487857698,0.25251558730591767,0.5808301978155007,c234,c5
14346,0.31149142790159284,0.27957994506187256,0.40892862703653404,c234,c5
30,0.4400817659545107,0.19812444645445762,0.36179378759103176,c1,c1
15234,0.9652416262660505,0.03298195794076711,0.001776415793173156,c1,c1
3941,0.21112357502815268,0.5032297187101622,0.285646706261687,c5,c234
19313,0.39697559495714185,0.2938055815063049,0.3092188235365555,c5,c1
11356,0.4606723282687486,0.2901817402083305,0.2491459315229301,c5,c1
9331,0.34728118747575504,0.32516358698540143,0.32755522553884375,c1,c1
10872,0.30453274764020194,0.28759615820897255,0.40787109415082684,c5,c5
13008,0.21636339577536445,0.3795284420751677,0.4041081621494703,c5,c5
7659,0.2977143778601873,0.2747996266185137,0.4274859955212968,c5,c5
11633,0.2524614154502634,0.5282196584381931,0.21931892611154974,c1,c234
14993,0.25556854984005256,0.36761147850108483,0.37681997165887604,c234,c5
3127,0.3004698079468778,0.42350260926426864,0.2760275827888493,c234,c234
8898,0.30109585569983316,0.38678730814315015,0.3121168361570141,c234,c234
18350,0.06234629828269068,0.08992313852741683,0.8477305631898954,c5,c5
868,0.3762874537963519,0.375275204345746,0.2484373418578958,c1,c1
19415,0.4497542425428636,0.3412418683039504,0.20900388915318036,c5,c1
13367,0.2559528225171361,0.28440856786843177,0.45963860961442865,c234,c5
11516,0.2163864784664429,0.2794137430715588,0.504199778461993,c5,c5
16938,0.41837692420156264,0.33287357721967265,0.24874949857876427,c234,c1
8469,0.09403717984950938,0.40153964608568543,0.504423174064793,c234,c5
14803,0.3251004671288639,0.39507608679265893,0.2798234460784708,c1,c234
839,0.06564589629748843,0.06542242418872889,0.8689316795137823,c5,c5
11231,0.12594480053151322,0.5873742346874776,0.28668096478099053,c234,c234
534,0.30275752790933186,0.32825467089024296,0.3689878012004211,c1,c5
16221,0.25629369332440194,0.31948347795523724,0.42422282872035966,c5,c5
17455,0.8784736508533738,0.0832041774388409,0.03832217170778347,c234,c1
18590,0.38553958614822875,0.39329024649076333,0.22117016736101822,c5,c234
8273,0.5013455044219539,0.22892933189625922,0.2697251636817799,c234,c1
18717,0.7620723238707336,0.2140881174005172,0.02383955872875058,c1,c1
5792,0.3693457921617529,0.3538219524012418,0.27683225543699463,c234,c1
12696,0.24563746488818758,0.48383615040036265,0.2705263847114522,c1,c234
13768,0.4679826341737052,0.3742355206184627,0.1577818452078323,c5,c1
3834,0.9933984032683927,0.006056927107933068,0.0005446696236905404,c1,c1
6060,0.5013448964146965,0.4074342363232341,0.0912208672620685,c1,c1
4993,0.24805731169578804,0.6390395383986694,0.1129031499055469,c5,c234
13888,0.1548896272008653,0.23403386262492015,0.6110765101742155,c5,c5
16254,0.3486661710575934,0.46426471549367304,0.187069113448735,c1,c234
6913,0.39622682649299806,0.3448210301436712,0.25895214336333666,c234,c1
2724,0.9854678278507293,0.008121198160535055,0.006410973988737441,c1,c1
3613,0.3978459943014115,0.3609591566857953,0.2411948490127913,c5,c1
15785,0.5183763162601823,0.23179361034813536,0.24983007339168012,c1,c1
1519,0.45324358652439,0.460176725811023,0.08657968766457827,c5,c234
300,0.37463587758468936,0.15036715470745454,0.47499696770785205,c1,c5
14917,0.23706826422628693,0.3970438835328878,0.3658878522408287,c5,c234
7536,0.9844288578828885,0.014145352335570587,0.0014257897815632232,c1,c1
10201,0.24565106211853766,0.40355253888307796,0.35079639899839776,c234,c234
14700,0.26292905906258573,0.3991096598680927,0.3379612810693186,c234,c234
20088,0.8964825897551466,0.03560520779407679,0.06791220245077942,c1,c1
8155,0.21478082624325454,0.7178051418391573,0.06741403191758265,c234,c234
4371,0.18263574604433144,0.38964448343723157,0.42771977051844295,c1,c5
11372,0.20946447235100873,0.2006894979243057,0.5898460297246865,c5,c5
19809,0.5793179302197398,0.33795019733985654,0.08273187244040316,c234,c1
824,0.6664572133941592,0.16286166920736087,0.17068111739846947,c1,c1
11428,0.3810507911817326,0.3316315757521216,0.28731763306614727,c234,c1
3339,0.7023578411524789,0.2523087331408845,0.045333425706641055,c234,c1
10741,0.3223245157870306,0.3108705649182662,0.36680491929470804,c1,c5
2601,0.1002664223828862,0.4504684801645402,0.4492650974525653,c234,c234
2174,0.3542639283055723,0.3475313517649293,0.29820471992950204,c1,c1
14607,0.2633831889296725,0.4991698626885215,0.23744694838181768,c234,c234
20058,0.2308236228493114,0.3943734041211229,0.3748029730295691,c234,c234
18816,0.3036038142926995,0.34922063977245205,0.3471755459348456,c5,c234
10928,0.5450695857708548,0.36897344257647957,0.08595697165268142,c234,c1
19989,0.32005274404903716,0.36451690148334426,0.31543035446762124,c5,c234
1844,0.24634949777010182,0.3859080984215075,0.3677424038083964,c1,c234
8472,0.16168178545169223,0.22931775403445662,0.6090004605138508,c5,c5
18476,0.2877650034971675,0.36383833013271777,0.3483966663701068,c5,c234
8743,0.17824014734503124,0.546752163800611,0.2750076888543575,c1,c234
5011,0.2243437238244453,0.44093620031952413,0.3347200758560354,c5,c234
18184,0.3396297399538624,0.40564137307885606,0.2547288869672934,c1,c234
19549,0.5196831022548585,0.18701381985703286,0.29330307788810694,c234,c1
15174,0.1948751732625078,0.2759141006793105,0.5292107260581819,c5,c5
386,0.20546586195017746,0.26511398344458453,0.5294201546052387,c5,c5
9806,0.3004286307941088,0.2939332408833886,0.40563812832249957,c5,c5
12440,0.13036989476415098,0.6400739404343205,0.2295561648015321,c5,c234
3132,0.1957900047164655,0.49869584065808414,0.3055141546254442,c5,c234
10796,0.2730882365445414,0.4999586334976583,0.22695312995780056,c5,c234
7325,0.2678719468535964,0.47384303968288893,0.25828501346351485,c234,c234
14941,0.23508912053431977,0.36252865323266076,0.4023822262330209,c5,c5
17466,0.1686806628980504,0.26876695547625784,0.5625523816256978,c234,c5
12785,0.935928447667408,0.03633252508693561,0.027739027245645313,c1,c1
10425,0.8259274531724952,0.12307592837218027,0.05099661845531582,c234,c1
10451,0.5144488861325321,0.18407761635241066,0.3014734975150639,c5,c1
2362,0.4799013055357073,0.27286787303286236,0.24723082143143385,c1,c1
13284,0.28249410460177266,0.2922107618884243,0.4252951335097949,c5,c5
18746,0.2419843946436098,0.4022174389515818,0.3557981664048148,c5,c234
6192,0.3624167996047597,0.3088929611018118,0.32869023929342367,c234,c1
12546,0.30184562265510917,0.4107401567165761,0.2874142206283129,c5,c234
16280,0.20457504128714413,0.386161343494258,0.4092636152186,c1,c5
15476,0.2101393290715498,0.5155476831292822,0.2743129877991819,c5,c234
10126,0.21454404691057952,0.3856885399589276,0.39976741313049563,c5,c5
14083,0.1133568593894602,0.5084449904306378,0.37819815017990444,c5,c234
15873,0.13549820012911942,0.6176362411001619,0.24686555877074084,c234,c234
12262,0.5426308686752327,0.2196345617334613,0.23773456959130584,c1,c1
16945,0.4702179108929687,0.37497742583707,0.154804663269953,c234,c1
5469,0.593119799350954,0.3152682954034734,0.09161190524558432,c1,c1
4789,0.5264221328192528,0.2730402620819552,0.20053760509878635,c1,c1
10970,0.5076678386229652,0.3146585031903844,0.17767365818666106,c1,c1
5538,0.2630524431855701,0.4264869571186082,0.3104605996958248,c5,c234
13058,0.2070166140375828,0.26110570004152156,0.5318776859209096,c1,c5
13997,0.6714672596191114,0.21345928570488498,0.11507345467601002,c234,c1
18901,0.27730183183027285,0.219377511214495,0.5033206569552329,c1,c5
5128,0.3831934823318068,0.2868645821943126,0.3299419354738778,c234,c1
3462,0.2217825764897999,0.4596450962160693,0.31857232729413304,c234,c234
2634,0.10552403861721688,0.40984005299751664,0.48463590838527026,c5,c5
2642,0.2503759502217961,0.33871952758444573,0.41090452219376516,c1,c5
5000,0.22066387000601645,0.1958774998130383,0.5834586301809579,c1,c5
14863,0.24963470844815122,0.3480039480660679,0.4023613434857795,c5,c5
6660,0.4535342253710771,0.27921014953976075,0.26725562508914846,c5,c1
11198,0.180794591937933,0.3557034702230992,0.4635019378389646,c5,c5
593,0.1468171318602932,0.3064689000858481,0.5467139680538524,c234,c5
3403,0.36371181070504677,0.347870760502762,0.28841742879219096,c234,c1
4467,0.1778097156659445,0.3394393333454887,0.48275095098857246,c1,c5
18008,0.31725518192523045,0.4199127494903295,0.26283206858444386,c234,c234
14213,0.4078735893220262,0.311599127440169,0.28052728323780113,c1,c1
15074,0.15590299951113615,0.4614477053261545,0.38264929516270263,c234,c234
18100,0.2085561864788264,0.23839252705168626,0.553051286469494,c5,c5
11919,0.26702174269633494,0.5084750491325198,0.22450320817113908,c5,c234
15519,0.3018315657007792,0.21917836542232774,0.47899006887688644,c234,c5
18374,0.693766154970211,0.27198162244829793,0.034252222581488655,c234,c1
4081,0.536466528926749,0.26608003259375385,0.19745343847949437,c234,c1
4451,0.35270313808434195,0.3753623454536629,0.271934516461995,c234,c234
8516,0.3101098522561622,0.4145453085311204,0.2753448392127245,c1,c234
10119,0.5086405071756134,0.390571783475276,0.10078770934910475,c234,c1
14853,0.12248707192347551,0.3496451540168474,0.5278677740596776,c5,c5
17315,0.1518712350231244,0.19767371717692803,0.6504550477999587,c5,c5
19588,0.08824820404320673,0.20384815266879142,0.707903643288014,c5,c5
11821,0.4265974630013681,0.43676094984927394,0.1366415871493646,c234,c234
11427,0.16596203329809972,0.22407985887981194,0.6099581078220858,c5,c5
19264,0.8524276911877313,0.08465105503448378,0.06292125377777083,c1,c1
8927,0.7177435747955889,0.2657976341892652,0.016458791015142672,c1,c1
12618,0.20569206188413117,0.23478892827278736,0.5595190098430842,c5,c5
61,0.154806703695344,0.3017973035764827,0.5433959927281747,c5,c5
14508,0.2015405086684033,0.3199907303920913,0.4784687609395052,c234,c5
12239,0.3111734628922791,0.4255435710010207,0.2632829661067109,c5,c234
8287,0.4853279917303703,0.42490731182381625,0.08976469644581632,c234,c1
10598,0.1615777342225676,0.6963694941486791,0.14205277162876398,c234,c234
775,0.36725237935074817,0.31225987710141667,0.3204877435478417,c234,c1
1609,0.3109985602948238,0.10490995889030243,0.5840914808148671,c5,c5
344,0.10883053963384995,0.0991738669628449,0.7919955934033064,c5,c5
7955,0.2124441901163292,0.3144135685452789,0.4731422413383866,c234,c5
17492,0.6549977439933855,0.30475150321692407,0.04025075278967879,c1,c1
11732,0.2698262402502444,0.24443370485663585,0.48574005489312305,c5,c5
3569,0.25166243812673944,0.3220578402721098,0.42627972160114763,c5,c5
50,0.2648192477907527,0.5060068775256414,0.22917387468360362,c234,c234
18659,0.4695584726763175,0.5238557155049134,0.0065858118187648125,c1,c234
12095,0.21828555878740694,0.44423857267749606,0.33747586853509143,c234,c234
16102,0.4398030757711979,0.29870692076640787,0.26149000346239143,c1,c1
6101,0.5992632295323358,0.24360838621909325,0.15712838424857406,c234,c1
4730,0.4276108591018558,0.3076020284523219,0.2647871124458288,c1,c1
8806,0.2927547387986367,0.5064964375330989,0.20074882366826996,c234,c234
1422,0.24464753953831056,0.4286854254892124,0.3266670349724825,c1,c234
16784,0.18788377324551306,0.4570967055907311,0.35501952116375163,c234,c234
4389,0.48985872590516255,0.44799629923598744,0.06214497485884649,c1,c1
17217,0.24344372056362804,0.32623496361111637,0.4303213158252468,c5,c5
14221,0.3109326593105349,0.41438705483965804,0.27468028584981335,c1,c234
15001,0.8385690601171568,0.13827293117147774,0.02315800871135736,c1,c1
14552,0.2743849832003688,0.506896536759688,0.21871848003994437,c5,c234
14731,0.18761276195973844,0.4328182885099041,0.3795689495303496,c5,c234
14024,0.31225867134959784,0.2614837962063434,0.4262575324440577,c1,c5
3501,0.519066430689677,0.25537023627000904,0.22556333304030676,c234,c1
4422,0.19912211646405042,0.3848065977025169,0.4160712858334392,c1,c5
17046,0.5678046700040975,0.204656188578201,0.22753914141772683,c1,c1
8332,0.19440998579565993,0.3868430751429138,0.4187469390614028,c1,c5
4626,0.3678599254665755,0.4990866608974499,0.1330534136359736,c234,c234
11260,0.31940723673571064,0.37698997344472324,0.3036027898195733,c5,c234
1071,0.5968320854477385,0.22440043271586477,0.17876748183639124,c5,c1
11430,0.30036338139636415,0.4027014387244944,0.2969351798791407,c5,c234
10753,0.2092648353950286,0.3667771984111287,0.4239579661938318,c1,c5
18244,0.17031008043073084,0.5753584545705881,0.2543314649986855,c234,c234
7186,0.21645413885895606,0.2790975493203294,0.50444831182071,c5,c5
16306,0.05452184482398678,0.6358147688443897,0.30966338633161894,c5,c234
12090,0.1734168564926615,0.3062483522179758,0.5203347912893761,c5,c5
1559,0.30143341387827266,0.3598178167539375,0.338748769367784,c5,c234
11599,0.19154859221619372,0.445428086538654,0.36302332124515596,c1,c234
1172,0.30365809595861715,0.3638115468153617,0.3325303572260277,c5,c234
14438,0.12854576543814236,0.6923159666309013,0.17913826793095175,c5,c234
16749,0.16988045338692911,0.7769272233395745,0.053192323273494116,c5,c234
5419,0.18883934164627736,0.34935475151958617,0.4618059068341467,c234,c5
4349,0.17858478721633558,0.4589345078214093,0.362480704962249,c1,c234
6624,0.3780024951434815,0.40349930135497,0.21849820350154245,c5,c234
13981,0.24038020470937835,0.2405050762060849,0.5191147190845351,c234,c5
2881,0.15312292388823245,0.23104469561280705,0.615832380498957,c234,c5
9957,0.1691433456323282,0.7971541449049468,0.03370250946271435,c234,c234
18257,0.334172246779853,0.5068232839655726,0.15900446925456632,c234,c234
6694,0.4886201945360219,0.3006955735408698,0.2106842319231029,c5,c1
18706,0.25443783849400964,0.37014205915194104,0.3754201023540517,c5,c5
547,0.38902535293709667,0.25996652002240134,0.3510081270405027,c1,c1
13443,0.2572523370530257,0.27549701669258186,0.4672506462543951,c234,c5
14918,0.46327550628881,0.3493691699285612,0.1873553237826161,c234,c1
3589,0.23943703340007758,0.5414466633269375,0.21911630327299067,c5,c234
9710,0.25613993159953324,0.3125617133732932,0.4312983550271675,c234,c5
9021,0.3003067307345629,0.32388206176403894,0.3758112075013978,c1,c5
3582,0.21271016342543755,0.24903341648086497,0.5382564200936939,c5,c5
13805,0.3644898561351664,0.3668971368920019,0.26861300697283796,c234,c234
16531,0.5196831022548585,0.18701381985703286,0.29330307788810694,c1,c1
3332,0.32844892207550597,0.12681980302395904,0.5447312749005471,c5,c5
5021,0.22100149609047381,0.20646625926519618,0.5725322446443288,c5,c5
7050,0.183257252645948,0.3233454174140036,0.49339732994004326,c234,c5
9462,0.442529563262361,0.449767262577496,0.10770317416014666,c1,c234
19758,0.9962802646159218,0.0032315404603077886,0.00048819492377847636,c1,c1
9494,0.36389031453497916,0.32598123368721865,0.3101284517778028,c1,c1
11923,0.29937292609466215,0.35664021059821743,0.34398686330710737,c5,c234
17788,0.22745187909547906,0.41724441472256624,0.35530370618196844,c234,c234
7442,0.338491200494275,0.3385573185684324,0.3229514809372864,c5,c234
5885,0.26416920199550625,0.33594982965511855,0.399880968349366,c5,c5
14057,0.3333429343972501,0.3286121890397212,0.3380448765630283,c234,c5
5515,0.4291303114017938,0.41552812896386615,0.1553415596343312,c5,c1
3804,0.4131423817255984,0.2836692291075948,0.3031883891668079,c5,c1
2456,0.2788595443614781,0.4428833261818679,0.2782571294566521,c5,c234
15719,0.22743483356478383,0.5909095556979216,0.1816556107373072,c234,c234
17561,0.5144488861325321,0.18407761635241066,0.3014734975150639,c5,c1
9150,0.7264082912203009,0.20353864117689494,0.07005306760280647,c234,c1
2967,0.4012202013974847,0.3456810250627275,0.2530987735397903,c234,c1
8656,0.9652416262660505,0.03298195794076711,0.001776415793173156,c234,c1
19115,0.2907964485388385,0.4389567300984056,0.2702468213627594,c234,c234
7238,0.9652416262660505,0.03298195794076711,0.001776415793173156,c1,c1
8941,0.21364047164125272,0.3719983537144745,0.41436117464428623,c5,c5
19755,0.25767903383750473,0.367488245073368,0.3748327210891252,c234,c5
11286,0.24355172159917987,0.2691601135652553,0.48728816483556325,c5,c5
15282,0.11372302544411754,0.4214500303917261,0.46482694416414455,c5,c5
16122,0.45875871466874263,0.42858685976454153,0.11265442556670803,c234,c1
17549,0.11156137986571149,0.2737043213389735,0.6147342987953266,c234,c5
550,0.2814581342024009,0.3356326315299778,0.3829092342676131,c5,c5
1080,0.5474418126943501,0.28497332138034015,0.1675848659253119,c5,c1
7762,0.0824693891709415,0.05650750465810944,0.8610231061709515,c234,c5
3911,0.15003039554086695,0.34608101713155637,0.5038885873275833,c5,c5
2132,0.5021708204973115,0.2577201875896685,0.2401089919130169,c234,c1
14238,0.7316591053869737,0.22282909404397527,0.045511800569060006,c1,c1
6434,0.4395480641766387,0.37112729859398286,0.1893246372293723,c234,c1
2465,0.2755438386564105,0.5819673375964605,0.14248882374712613,c234,c234
6393,0.36953211977754286,0.4877698827433956,0.14269799747905498,c5,c234
9996,0.3430786551644689,0.19320741085508178,0.46371393398044536,c1,c5
18530,0.17501857119155284,0.2190755323614342,0.6059058964470107,c5,c5
7566,0.22566624165471316,0.34723276522774954,0.4271009931175413,c5,c5
2141,0.998194748733476,0.0016293258706226086,0.00017592539590401317,c1,c1
18573,0.23786744044646568,0.36221636518809064,0.39991619436544995,c1,c5
19396,0.07618481973138179,0.21473503753008039,0.7090801427385266,c5,c5
3110,0.6668353962377176,0.22512773912758793,0.10803686463469302,c234,c1
11485,0.41342211492858794,0.21342845491568202,0.3731494301557284,c234,c1
3024,0.5748446164031754,0.19796082629482045,0.22719455730200674,c1,c1
13648,0.2859111324997843,0.4252898654696006,0.28879900203061964,c234,c234
8853,0.20399498155522178,0.2054625987199966,0.5905424197247792,c5,c5
7823,0.3192864881028412,0.3338087124659544,0.34690479943119806,c5,c5
17872,0.1999330893783557,0.6123674355659882,0.1876994750556599,c234,c234
13119,0.2885014474212439,0.4432562212062957,0.26824233137245734,c5,c234
15909,0.26083672833073723,0.2176391284004076,0.5215241432688559,c234,c5
17855,0.15018432092492853,0.5341484066600343,0.3156672724150475,c234,c234
15700,0.20528656897244038,0.4033428958121529,0.39137053521540344,c234,c234
1040,0.27785354978123544,0.28022511980426174,0.44192133041450415,c5,c5
18381,0.3677514197408697,0.2847782204441705,0.3474703598149506,c1,c1
18340,0.21628518054612672,0.7319846268685977,0.05173019258527447,c5,c234
12060,0.43314886499138694,0.30642948026745626,0.2604216547411546,c1,c1
17382,0.2516116345102634,0.1652867502390084,0.5831016152507171,c1,c5
9712,0.6084108193984715,0.10417167816480505,0.28741750243672903,c1,c1
3704,0.2238538439484076,0.49424090252411973,0.28190525352748,c234,c234
4909,0.2510274887614791,0.28135877265619486,0.46761373858232075,c5,c5
19044,0.8662435217729859,0.11550090276121447,0.018255575465808565,c1,c1
4941,0.6056579269521495,0.30058535246111295,0.09375672058673805,c234,c1
19473,0.4308572924343125,0.2249397194089885,0.34420298815669553,c1,c1
649,0.2850278713582314,0.25616608297423493,0.4588060456675309,c234,c5
7891,0.2422401897965905,0.6848631794561301,0.07289663074727269,c5,c234
17782,0.741602106593694,0.17267146169017392,0.08572643171612183,c1,c1
1168,0.10012014617490382,0.20011007956427518,0.6997697742608251,c234,c5
10134,0.7823366812279736,0.18360807481917882,0.03405524395285116,c1,c1
9633,0.4155034081736976,0.32675397250626453,0.2577426193200356,c1,c1
17128,0.7129070593366131,0.1619143208075379,0.1251786198558517,c234,c1
13230,0.6354750647040376,0.18866262759237137,0.17586230770358477,c1,c1
8869,0.26846553210360635,0.24636170824274856,0.48517275965364703,c234,c5
366,0.7798343375122673,0.1313920027831976,0.08877365970454275,c1,c1
4065,0.23461952938877034,0.3073921182656171,0.45798835234561136,c1,c5
15574,0.4964467519608582,0.30180299618385237,0.20175025185529252,c1,c1
2795,0.566144620452677,0.20836185927893294,0.22549352026838662,c234,c1
6495,0.34154111746654164,0.4352325834095895,0.22322629912388187,c1,c234
6708,0.15661113562741363,0.4174331842421088,0.4259556801304883,c1,c5
904,0.9336208122356275,0.061978385192429236,0.004400802571932215,c1,c1
5112,0.20946447235100873,0.2006894979243057,0.5898460297246865,c234,c5
17924,0.2309551311065386,0.26661637212873485,0.5024284967647199,c234,c5
19321,0.19333689298947815,0.2423733190236947,0.5642897879868254,c5,c5
18247,0.2543733501916441,0.3041079803146175,0.4415186694937368,c234,c5
5758,0.31226331668132595,0.4216979559470111,0.2660387273716502,c234,c234
10856,0.25775984280388736,0.43684270065682246,0.30539745653929384,c1,c234
6779,0.18547167483088284,0.28421515938996006,0.5303131657791568,c234,c5
7990,0.4166899688916706,0.3200859652874648,0.2632240658208695,c1,c1
2312,0.04678178439560727,0.07421387419836538,0.8790043414060246,c234,c5
12608,0.20511349387938474,0.31735398684786936,0.47753251927274953,c1,c5
5556,0.17064906643508704,0.47677915379774394,0.3525717797671794,c1,c234
9873,0.17777044471739506,0.28847166042356304,0.5337578948590426,c5,c5
6092,0.36112732330440017,0.42606006185128115,0.21281261484431796,c5,c234
5322,0.2847997251774902,0.456462217223535,0.2587380575989743,c1,c234
12860,0.3857622261612383,0.2650560515973739,0.3491817222413849,c234,c1
18781,0.5263980365493081,0.23142998838541343,0.24217197506528002,c234,c1
12259,0.673970820154611,0.2985002852733392,0.02752889457205402,c1,c1
11273,0.36404768809521065,0.16654512811672897,0.46940718378807167,c234,c5
3060,0.05869396861970209,0.11883278231378365,0.8224732490665101,c5,c5
6243,0.4299103603502809,0.35743257771683357,0.2126570619328917,c1,c1
13021,0.9335526378232961,0.06246322889320346,0.003984133283493577,c234,c1
18948,0.5300958714550644,0.2493260279722475,0.22057810057268867,c234,c1
16544,0.3477877897877519,0.43506347198820855,0.21714873822404665,c234,c234
7102,0.22973951925247346,0.24783391308534705,0.522426567662177,c1,c5
12330,0.34625146908341936,0.3458817542019057,0.3078667767146762,c5,c1
11296,0.9652416262660505,0.03298195794076711,0.001776415793173156,c1,c1
15028,0.9634243879219413,0.03458872803678961,0.0019868840412799686,c1,c1
9801,0.22650787018779917,0.3226017929578996,0.4508903368543091,c1,c5
6074,0.14394696802604937,0.43387351350001757,0.4221795184739355,c5,c234
13397,0.32068282588824976,0.13452787288854515,0.5447893012232011,c1,c5
2000,0.9962802646159218,0.0032315404603077886,0.00048819492377847636,c1,c1
4906,0.29030301454457025,0.4108196093521006,0.298877376103326,c234,c234
16877,0.7671781282403085,0.17116892492996907,0.06165294682970875,c1,c1
4566,0.1435581225428011,0.2346929183890848,0.6217489590681085,c5,c5
12375,0.1443799395484988,0.4731713521563419,0.38244870829514654,c5,c234
2735,0.15835824071321286,0.24059441125635897,0.6010473480304293,c5,c5
12746,0.15713317162449414,0.4190262531403422,0.4238405752351694,c234,c5
5937,0.17476297319102269,0.3221229988823349,0.5031140279266354,c5,c5
17333,0.05002262484831522,0.060839140912693344,0.8891382342389941,c5,c5
10032,0.7157899926752536,0.18317853146219312,0.10103147586255165,c1,c1
554,0.23563188452524414,0.36052457130904936,0.4038435441656952,c5,c5
16443,0.27980637764413074,0.3978339081491001,0.32235971420676807,c234,c234
14480,0.21643766123925323,0.2623293120645063,0.5212330266962435,c5,c5
10468,0.3551347209945221,0.41810791495532224,0.22675736405014996,c1,c234
17005,0.1838767995524764,0.16314628416535468,0.6529769162821634,c5,c5
8221,0.15959859802529927,0.5375276894537656,0.30287371252093026,c5,c234
18132,0.13908124798691432,0.3656124538697412,0.4953062981433391,c5,c5
6418,0.6973414700422657,0.1778560126504569,0.12480251730726409,c234,c1
17018,0.5832189082870612,0.22688655032957952,0.1898945413833465,c1,c1
10320,0.5328957387177558,0.3129998389275507,0.15410442235468783,c1,c1
11646,0.2866073173889,0.42152429631510946,0.2918683862959791,c5,c234
9972,0.16509933556315576,0.5148077753100396,0.32009288912680217,c234,c234
10771,0.2873752067355541,0.3161296856193599,0.39649510764508705,c234,c5
8818,0.19120542112680336,0.40238214852163273,0.4064124303515608,c234,c5
4290,0.38706991861499007,0.43291149415109753,0.18001858723391825,c1,c234
10664,0.49637917542494303,0.1726282847764714,0.3309925397985887,c5,c1
5726,0.22730660051379653,0.5352488713262151,0.23744452815997863,c234,c234
14538,0.25582684168559594,0.3674462198711868,0.376726938443223,c234,c5
12809,0.23247031733171736,0.17967218531305487,0.5878574973552302,c1,c5
19773,0.2263925147966848,0.4035886019217098,0.3700188832816001,c1,c234
8211,0.22257749053055964,0.38657922952952545,0.3908432799399153,c234,c5
7247,0.18718926784293996,0.5587588327779672,0.25405189937908196,c234,c234
1444,0.6750625548790606,0.20149802713888088,0.1234394179820705,c234,c1
491,0.41576415297037905,0.3442006967845181,0.24003515024510383,c234,c1
11754,0.1396615480570732,0.26097232500944517,0.5993661269334886,c5,c5
8187,0.43185017001205717,0.1907502258454308,0.3773996041425196,c5,c1
17605,0.3532000655608107,0.37548150413630543,0.2713184303028858,c234,c234
2140,0.14382383242763214,0.5438154461991279,0.3123607213732488,c234,c234
14401,0.28545248339780177,0.3928238250936031,0.32172369150859,c5,c234
9771,0.36286097851018423,0.40415133787539376,0.232987683614425,c1,c234
3229,0.37628553253045005,0.3825592158055109,0.24115525166403354,c234,c234
4179,0.25629369332440194,0.31948347795523724,0.42422282872035966,c5,c5
8108,0.2701258392474163,0.4679753556184167,0.2618988051341756,c1,c234
6460,0.2720836715240331,0.3976388313293867,0.3302774971465857,c5,c234
9141,0.2437291618443937,0.4108216659813357,0.34544917217427556,c1,c234
4311,0.303007406745206,0.41893465758141896,0.2780579356733711,c234,c234
17834,0.232915455878082,0.25046075103875287,0.5166237930831621,c1,c5
5917,0.7725111644441203,0.19948408604353268,0.028004749512337355,c234,c1
2209,0.17578849351567088,0.15459158862240582,0.6696199178619245,c1,c5
19105,0.3025165994294179,0.5582021275284851,0.1392812730421108,c234,c234
14125,0.23096305539295114,0.4495431434430645,0.31949380116398457,c1,c234
13381,0.14042952412741264,0.756457711149267,0.10311276472332534,c234,c234
8056,0.30365809595861715,0.3638115468153617,0.3325303572260277,c5,c234
9490,0.22268213188805888,0.34909801034352217,0.42821985776841215,c234,c5
3770,0.26789368870875857,0.41914496327884504,0.31296134801238235,c5,c234
15472,0.25606777961132476,0.30387944145386886,0.44005277893480516,c5,c5
17579,0.20616449798515857,0.5245475036664518,0.2692879983483925,c5,c234
1564,0.2983617346539353,0.24738265836843903,0.454255606977629,c5,c5
1456,0.21682699890661747,0.3323499853310859,0.4508230157622986,c1,c5
8237,0.2488217673046913,0.4051919719555523,0.34598626073975686,c5,c234
3477,0.1816621951893389,0.34805092239077245,0.47028688241988603,c234,c5
14006,0.28510119057833283,0.367808530588416,0.34709027883325605,c5,c234
6287,0.16915970024008756,0.5830249258645082,0.24781537389540634,c5,c234
9942,0.257632256167536,0.27374443486101296,0.46862330897145205,c1,c5
2196,0.37615644823552646,0.4544121066006841,0.1694314451637826,c1,c234
3960,0.3351012138360767,0.2514503546208184,0.4134484315431025,c234,c5
8278,0.17555589878887842,0.3928170384438484,0.4316270627672711,c1,c5
10857,0.5199516838143576,0.2607498222929076,0.219298493892733,c234,c1
1128,0.28619282568331056,0.40963626708901574,0.30417090722767964,c234,c234
4295,0.20973993796252727,0.5039482785869194,0.28631178345054986,c5,c234
3106,0.2164298016983011,0.5217000239128282,0.26187017438888327,c5,c234
9641,0.27373285937348446,0.3648600915342848,0.36140704909223176,c5,c234
2607,0.33693036674154825,0.22377881342258404,0.4392908198358644,c5,c5
15555,0.13393886274306563,0.2743757809178498,0.591685356339087,c5,c5
17888,0.17532385249430812,0.12704477110140214,0.6976313764042777,c234,c5
19529,0.09485457657260983,0.5671415243356781,0.33800389909172573,c234,c234
10631,0.34088780913054517,0.5190595447008578,0.14005264616859725,c1,c234
16757,0.9652416262660505,0.03298195794076711,0.001776415793173156,c1,c1
18444,0.24286199588220683,0.5669581237500327,0.19017988036776554,c234,c234
7880,0.3419288924611195,0.3044440741697648,0.3536270333691169,c5,c5
9481,0.8325259333696382,0.07067777115677609,0.09679629547357406,c1,c1
1624,0.24192800045338403,0.269746098721873,0.48832590082474053,c1,c5
18561,0.26807345198144034,0.30724388290100973,0.4246826651175482,c5,c5
12261,0.16871001930011434,0.2363578466318037,0.5949321340680789,c234,c5
11891,0.22548301328827342,0.29884509894030226,0.4756718877714276,c234,c5
12488,0.5867411322136245,0.36137547494886463,0.0518833928375026,c1,c1
7202,0.2081574856722966,0.4493116292465868,0.3425308850811137,c234,c234
4214,0.4667062915953035,0.17940640345800427,0.35388730494669013,c5,c1
18721,0.6150697644090724,0.2278775241298181,0.1570527114611095,c1,c1
2569,0.2869831635861392,0.44296514257309483,0.2700516938407643,c234,c234
1192,0.460459663419016,0.39776784557370726,0.14177249100726974,c1,c1
6214,0.6958758103353724,0.25013217341013566,0.05399201625450204,c234,c1
18509,0.29030301454457025,0.4108196093521006,0.298877376103326,c234,c234
15877,0.5523626820672309,0.12945624896909996,0.3181810689636707,c1,c1
1936,0.42292774881409895,0.29136736037634414,0.2857048908095528,c1,c1
9985,0.18845004095372422,0.501463793206296,0.31008616583998105,c5,c234
6717,0.30732434819354243,0.34058483231806996,0.3520908194883895,c234,c5
10306,0.27004826004755117,0.46047557084289326,0.2694761691095624,c1,c234
473,0.26846265883982373,0.4125057873483018,0.3190315538118748,c234,c234
6805,0.5018359889038128,0.24989167509132396,0.24827233600485782,c1,c1
12161,0.24068111601803707,0.2793978152384092,0.4799210687435575,c5,c5
13433,0.3276468758917563,0.45933889142092815,0.21301423268731512,c1,c234
11914,0.1295661875963635,0.26287004346127574,0.6075637689423568,c1,c5
5318,0.4306126603227712,0.29299960865881436,0.27638773101841624,c234,c1
13745,0.7655954307458389,0.18557027129451348,0.04883429795964395,c1,c1
19441,0.537189404368657,0.3277275307580342,0.13508306487330465,c5,c1
9796,0.1853418671775683,0.29659916552342597,0.5180589672990057,c234,c5
14300,0.48981059224334694,0.23460973043678826,0.2755796773198511,c234,c1
11163,0.3395128986694304,0.32116202428220436,0.33932507704836784,c5,c1
14688,0.23959660234137672,0.31970068215826375,0.440702715500361,c1,c5
4830,0.8172109810613492,0.08837430474062957,0.09441471419801636,c1,c1
14365,0.1985715328816997,0.5165829691721651,0.2848454979461394,c5,c234
15615,0.257632256167536,0.27374443486101296,0.46862330897145205,c5,c5
16992,0.5196831022548585,0.18701381985703286,0.29330307788810694,c234,c1
6607,0.8312159928103272,0.15788864724893742,0.01089535994072712,c234,c1
6149,0.6157627850834039,0.1499394810958768,0.23429773382072258,c1,c1
12510,0.1879111252174956,0.33633381441945903,0.47575506036304016,c5,c5
18774,0.24708088079166113,0.4307713364495914,0.32214778275874956,c1,c234
19232,0.05966676630106638,0.31016640287638086,0.6301668308225473,c234,c5
16628,0.7005733468892581,0.2107284738453912,0.0886981792653361,c1,c1
2208,0.22523886035568297,0.2952462873636514,0.4795148522806551,c5,c5
10921,0.2789072490294258,0.4218920727489382,0.29920067822163005,c234,c234
12423,0.627916562273858,0.16662963600479255,0.20545380172135239,c1,c1
16649,0.3914435282621245,0.3545606686223297,0.25399580311553727,c234,c1
3780,0.30093627674523565,0.3257929539181085,0.37327076933665665,c5,c5
12457,0.651937110438588,0.24377482434382278,0.10428806521758324,c234,c1
13655,0.16862304921846216,0.3474498806005671,0.48392707018098385,c234,c5
11631,0.19835647869497883,0.3283931456230529,0.4732503756819817,c5,c5
3288,0.7936271785168502,0.12265566093629202,0.08371716054684453,c1,c1
1486,0.2671368964501615,0.3972337451732424,0.33562935837660135,c5,c234
16534,0.15976262452396123,0.5236709359459892,0.31656643953005975,c1,c234
12624,0.07843745554719056,0.0822780800399208,0.8392844644128904,c5,c5
18665,0.2163048221271226,0.26412282324824393,0.5195723546246359,c234,c5
19675,0.3117477065434356,0.40261415774698706,0.2856381357095842,c234,c234
354,0.4029912916825154,0.22747526507966823,0.36953344323782006,c1,c1
3340,0.3866864307742848,0.35250012304032213,0.26081344618539093,c234,c1
18392,0.35213688710563784,0.5438211106253443,0.10404200226901943,c234,c234
10267,0.6307420786171716,0.23398660131379007,0.1352713200690368,c234,c1
11644,0.2793337236932525,0.41233367838168583,0.30833259792506185,c1,c234
845,0.28298911063539683,0.6986676467103313,0.018343242654281482,c1,c234
16163,0.25747442791451963,0.27310685758863407,0.4694187144968441,c234,c5
11937,0.23775673155962324,0.4122510535349667,0.34999221490541427,c5,c234
10808,0.43369620694912653,0.3784409405163198,0.1878628525345539,c1,c1
19915,0.1691433456323282,0.7971541449049468,0.03370250946271435,c1,c234
1060,0.22943590245432144,0.3777923700275841,0.392771727518101,c234,c5
3072,0.27193635599068944,0.4133140744515946,0.3147495695577114,c5,c234
10303,0.49873372181599174,0.1897375390056988,0.31152873917830626,c5,c1
8717,0.37113083847798917,0.43032973888709236,0.1985394226349233,c1,c234
13164,0.34728118747575504,0.32516358698540143,0.32755522553884375,c5,c1
9117,0.7875952992173922,0.15564919159381782,0.05675550918879555,c1,c1
18599,0.9069581834988291,0.07799640965042291,0.015045406850750832,c234,c1
12716,0.2683234215149495,0.17786673787533566,0.5538098406097157,c1,c5
16206,0.32502637645965965,0.09343975854561673,0.5815338649947153,c1,c5
7866,0.5692405547275783,0.2745736712946542,0.15618577397776956,c1,c1
10456,0.14544125520126383,0.2566551475784796,0.5979035972202561,c1,c5
929,0.6316225261440296,0.19260139753451797,0.17577607632145095,c1,c1
847,0.314672373801032,0.40398384499975143,0.28134378119922127,c1,c234
7543,0.7783077230418272,0.17917425962751482,0.04251801733066803,c234,c1
15088,0.2885449489733594,0.47951247560624966,0.23194257542040142,c5,c234
12758,0.5276687790655488,0.32347693423769425,0.14885428669677356,c234,c1
8461,0.36186395790616493,0.3108640971210464,0.32727194497279016,c5,c1
13184,0.15735753201054395,0.27223182045127753,0.5704106475381788,c5,c5
10453,0.24621257580951683,0.32689983524149513,0.4268875889489929,c1,c5
2705,0.2730315362897252,0.3948355663052402,0.3321328974050456,c1,c234
18035,0.20758429659181774,0.723666170526202,0.06874953288197669,c1,c234
3744,0.2853368182908508,0.31434886728149797,0.40031431442765264,c5,c5
13588,0.2209887974111531,0.43141037861206677,0.34760082397677533,c234,c234
6392,0.22291900999184402,0.3613054948594337,0.4157754951487227,c5,c5
16822,0.49280476774580206,0.27810864784805217,0.22908658440614751,c5,c1
15863,0.2757437164059918,0.4314070269776512,0.2928492566163571,c1,c234
7157,0.2735087688476616,0.36051096276187344,0.3659802683904653,c5,c5
693,0.13277935547102745,0.6676634715207747,0.19955717300819847,c234,c234
6153,0.2814067449996454,0.42761601996173365,0.29097723503862166,c1,c234
19783,0.38738968240987937,0.21350177620416538,0.3991085413859627,c5,c5
10462,0.32584717667830776,0.41670993492607106,0.2574428883956306,c234,c234
14388,0.19530642205258422,0.4928662045757055,0.3118273733717145,c234,c234
17309,0.4245777657347458,0.2706768631880805,0.30474537107716687,c1,c1
1244,0.2429769679943829,0.4194648537481471,0.33755817825746964,c5,c234
13772,0.27023920266301243,0.40186502931491996,0.32789576802207265,c234,c234
5121,0.5267454670638607,0.22734767887182225,0.2459068540643178,c5,c1
11106,0.31496684555368415,0.38180397072236716,0.30322918372394553,c1,c234
2968,0.30008738828246073,0.44047032179809664,0.2594422899194493,c234,c234
8002,0.11953734585663817,0.4195481730270003,0.46091448111636474,c5,c5
1003,0.6659975216122205,0.2067855071294413,0.12721697125833697,c234,c1
15182,0.22523454150520544,0.3704317323542853,0.40433372614050916,c234,c5
8131,0.5918268083750818,0.23686803434389705,0.17130515728102436,c5,c1
15048,0.8823052523064858,0.11195848157006062,0.005736266123450971,c234,c1
18675,0.23332632964377828,0.49025116113718087,0.2764225092190527,c234,c234
17106,0.5144488861325321,0.18407761635241066,0.3014734975150639,c1,c1
6288,0.4181987249490193,0.38059664816788275,0.2012046268830965,c234,c1
11332,0.5467636948419323,0.34538687063417295,0.10784943452388582,c234,c1
3502,0.32502240059249987,0.3231573683761516,0.35182023103134363,c5,c5
13901,0.2801248092273597,0.32049733363582106,0.39937785713681656,c234,c5
9927,0.47794883251691417,0.3467956564395238,0.1752555110435553,c1,c1
15002,0.3156838703504334,0.3642244092950771,0.3200917203544858,c234,c234
7608,0.17104453376376216,0.4570338849312464,0.37192158130499187,c1,c234
12225,0.35586983616073947,0.5833728159749828,0.06075734786426561,c5,c234
4057,0.5259215262295918,0.34711630854929837,0.12696216522112327,c5,c1
12269,0.04343453420711195,0.3016005728507416,0.6549648929421525,c234,c5
15617,0.664138079492545,0.2730972243461622,0.06276469616129812,c1,c1
9354,0.5722190423108474,0.3949882750507844,0.03279268263835446,c234,c1
10494,0.27583564200689836,0.33443493304069394,0.3897294249524121,c1,c5
9818,0.43798226479530517,0.4246616113745817,0.13735612383010062,c1,c1
9555,0.3034549128446392,0.40043875268289547,0.2961063344724731,c1,c234
3617,0.2275847946741005,0.2742746367775079,0.49814056854839217,c1,c5
4410,0.29146082704850657,0.4734595422673992,0.23507963068410262,c1,c234
10349,0.5626307162305707,0.23903029797235031,0.1983389857970756,c1,c1
16369,0.1051433732565104,0.5366691020107794,0.35818752473270915,c5,c234
6321,0.45400014766408814,0.19999866199017774,0.34600119034574006,c5,c1
16208,0.1615727791044984,0.12914401544348217,0.7092832054520192,c5,c5
1537,0.9773718659246959,0.010491447503484663,0.01213668657181739,c1,c1
11863,0.7511236692211088,0.10607409550055413,0.14280223527834224,c1,c1
10635,0.6972345984808311,0.19254512703192211,0.11022027448723722,c234,c1
14866,0.3649254183533669,0.46047315768652,0.17460142396011583,c234,c234
15613,0.22987972034819454,0.3559151976298027,0.41420508202200845,c1,c5
8995,0.414732825845258,0.2461595722976192,0.3391076018571224,c1,c1
7801,0.3936085901988681,0.34167453733706593,0.2647168724640686,c1,c1
3021,0.2434563128015035,0.2643357870882189,0.49220790011027904,c1,c5
14067,0.6444287163690993,0.1592205864794408,0.19635069715146286,c1,c1
15939,0.43783310778997175,0.3124102688334068,0.24975662337661883,c1,c1
10655,0.2969959070998586,0.31619081915846076,0.38681327374167723,c1,c5
853,0.20606835867284715,0.4913662842660464,0.30256535706111054,c5,c234
36,0.49873372181599174,0.1897375390056988,0.31152873917830626,c5,c1
20,0.08965842410710506,0.20841401714081742,0.7019275587520731,c1,c5
16289,0.11646075667262781,0.08480902262011229,0.7987302207072533,c234,c5
1141,0.22704500129647132,0.2971354802689155,0.4758195184346129,c1,c5
10452,0.2760427162463023,0.5880774997717086,0.13587978398199305,c234,c234
5753,0.3096330952100974,0.41072223742345987,0.2796446673664438,c5,c234
16466,0.03632787815234302,0.16916043428012806,0.7945116875675409,c5,c5
708,0.1743033722173007,0.4845834895472894,0.3411131382354047,c5,c234
5687,0.5379350627050933,0.19550851199678587,0.2665564252981198,c234,c1
6223,0.2992497776315559,0.34331842777889915,0.35743179458954993,c234,c5
17879,0.26205359497448383,0.3753034408581596,0.36264296416735287,c5,c234
6780,0.11876873481980668,0.18988492590680134,0.6913463392733883,c5,c5
16442,0.12074803780095449,0.1862068844858931,0.6930450777131472,c5,c5
18889,0.22341062573830536,0.40619167221372277,0.3703977020479678,c5,c234
10667,0.17473444886965206,0.2130178391415942,0.612247711988741,c5,c5
8976,0.11822640405474961,0.13192167012903355,0.7498519258162166,c5,c5
174,0.3235628430926348,0.44954297523840053,0.22689418166897665,c1,c234
12245,0.23925158468747004,0.3851309934716945,0.3756174218408361,c5,c234
158,0.9652416262660505,0.03298195794076711,0.001776415793173156,c1,c1
12775,0.21643497568557757,0.16552501248846163,0.6180400118259561,c1,c5
6869,0.1329358168818644,0.1417668677960699,0.7252973153220701,c5,c5
8335,0.44801880491191576,0.5280739849045949,0.023907210183483317,c5,c234
6550,0.364905172430051,0.34428562384270034,0.29080920372724256,c234,c1
17084,0.6439131562190286,0.19872186933254246,0.1573649744484232,c1,c1
4252,0.3498752759175254,0.23159989576017254,0.41852482832230187,c5,c5
8011,0.1592373858702346,0.19529414180464755,0.6454684723251242,c1,c5
3611,0.7548806434547376,0.2305199737458631,0.01459938279939196,c234,c1
12221,0.4422208348400208,0.07533162227269098,0.4824475428872985,c5,c5
15320,0.36156529040346597,0.34493166034147843,0.2935030492550614,c5,c1
16401,0.2200775531116259,0.2830059027722383,0.49691654411614283,c5,c5
3779,0.14514713890365388,0.8218635040745353,0.03298935702181893,c234,c234
16152,0.25526756877640605,0.3446066446076257,0.40012578661598047,c1,c5
1569,0.24825049759105156,0.45872316489296117,0.2930263375159939,c5,c234
855,0.7458543813072591,0.17313822943699056,0.08100738925575078,c234,c1
12166,0.30894856790578146,0.34750479513804305,0.34354663695618115,c1,c234
177,0.32398162220650667,0.5002295203762855,0.1757888574172086,c5,c234
18434,0.27856543386363936,0.5678865898021819,0.1535479763341784,c234,c234
181,0.39350541606827555,0.32647914209454226,0.2800154418371766,c1,c1
10328,0.4150204067383347,0.4240141626705024,0.1609654305911673,c234,c234
4846,0.17385283356741282,0.6486246885597272,0.17752247787284936,c234,c234
8079,0.8178945520959625,0.13520003012801568,0.046905417776028774,c1,c1
6413,0.1166454896718046,0.2327821680503915,0.6505723422778056,c5,c5
13296,0.3052720958367775,0.48806198684139585,0.20666591732184422,c5,c234
12441,0.4134998049591959,0.28298228064946623,0.3035179143913443,c234,c1
16101,0.29582200460102326,0.3007326336132733,0.4034453617857,c5,c5
6720,0.257632256167536,0.27374443486101296,0.46862330897145205,c5,c5
10824,0.30439155872538143,0.3421006893729451,0.35350775190166656,c1,c5
2541,0.26044763480149963,0.30948050896635937,0.4300718562321406,c234,c5
18527,0.20453824805439474,0.3125695417340462,0.48289221021155904,c5,c5
13324,0.127615586334375,0.09549705978334995,0.7768873538822684,c5,c5
5901,0.22255214679319044,0.5138415714991698,0.26360628170764194,c1,c234
8986,0.2030299923363598,0.5454159285848417,0.2515540790787883,c1,c234
19872,0.20232598990727624,0.42438803933254043,0.37328597076018244,c5,c234
1319,0.569186493608257,0.22149183906864772,0.20932166732309118,c1,c1
15728,0.04378541398012736,0.2055138015419366,0.7507007844779423,c5,c5
3223,0.4039207221214871,0.40023538206152703,0.1958438958169872,c234,c1
13423,0.22441289170871812,0.26751162761568215,0.5080754806755987,c5,c5
4943,0.09183389810540712,0.5442595384219325,0.36390656347266453,c234,c234
9364,0.47075749605503353,0.3406593118590268,0.1885831920859465,c1,c1
10400,0.8616609910455398,0.07306510027049275,0.06527390868396662,c1,c1
17508,0.24994398733836598,0.5022970328458823,0.24775897981574585,c234,c234
8975,0.3457984458263672,0.5010570324130736,0.1531445217605451,c234,c234
16818,0.3356445378625588,0.32679738425621163,0.3375580778812267,c5,c5
17085,0.133496552134466,0.1488791760807687,0.7176242717847617,c5,c5
8216,0.9643391021715914,0.03364858686095511,0.0020123109674407167,c1,c1
6534,0.2601981374759008,0.5541027662634077,0.18569909626068107,c234,c234
6867,0.7177435747955889,0.2657976341892652,0.016458791015142672,c5,c1
13082,0.38979512581863096,0.3696493076288912,0.24055556655249155,c5,c1
8671,0.8428514566648551,0.14606517120045132,0.011083372134686752,c234,c1
10610,0.23485757805164229,0.25427962143139615,0.5108628005169593,c5,c5
16123,0.18308842236800382,0.4628137744072744,0.35409780322472695,c234,c234
3995,0.2643613250880901,0.4885992531542859,0.24703942175762308,c234,c234
19285,0.25968375149076556,0.27643836535084215,0.46387788315839185,c5,c5
10470,0.21747101914909275,0.416234718274994,0.36629426257591446,c5,c234
13001,0.3771464282991634,0.3097517231281295,0.3131018485727035,c234,c1
5683,0.18576259040310364,0.44730339390901186,0.3669340156878911,c5,c234
780,0.1883955873701506,0.3177241735840095,0.4938802390458259,c5,c5
5863,0.42950515816996276,0.44951804584419025,0.12097679598584185,c234,c234
17223,0.44297244660628404,0.37085039972836525,0.18617715366535742,c5,c1
3575,0.6444287163690993,0.1592205864794408,0.19635069715146286,c1,c1
18982,0.7608103014034349,0.1802961882837698,0.058893510312799734,c234,c1
15607,0.27377453218240944,0.3662881749899096,0.35993729282768727,c234,c234
14462,0.5685072861960703,0.3206579381496966,0.11083477565423433,c234,c1
4631,0.27564741532526965,0.6573500100054888,0.06700257466923559,c234,c234
15136,0.8220353141381221,0.09184693052523978,0.08611775533664344,c5,c1
15161,0.2599187385904985,0.38210399543457757,0.35797726597493723,c5,c234
2180,0.28821878153037733,0.385178293197025,0.3266029252726004,c234,c234
19470,0.610070195629449,0.21719148919245532,0.17273831517810745,c234,c1
7310,0.14259211365686453,0.23838678327918394,0.6190211030639482,c5,c5
3107,0.20816897598652306,0.31915600591065796,0.47267501810281376,c5,c5
7326,0.22117270539177594,0.3716265807027723,0.40720071390544604,c234,c5
9209,0.21366243530329318,0.2228187143936355,0.5635188503030711,c5,c5
7757,0.897718111223396,0.09298669394135553,0.009295194835273121,c1,c1
9247,0.6723394287297925,0.2786687824864145,0.04899178878380286,c1,c1
1696,0.2561302409120222,0.4526561622783205,0.29121359680965886,c5,c234
3668,0.26266893400357244,0.4742769691443379,0.26305409685208986,c5,c234
290,0.2050212971578298,0.6032404616017398,0.19173824124041705,c1,c234
2390,0.5258628350049714,0.42383232894633416,0.05030483604870766,c234,c1
13775,0.429268473797267,0.36746023377417036,0.20327129242856115,c1,c1
18552,0.5628897132682514,0.3372752967939132,0.09983498993784583,c5,c1
5825,0.48920579045054324,0.2984782562634407,0.21231595328601366,c1,c1
1799,0.234423931881384,0.460494115080701,0.30508195303791924,c5,c234
1110,0.10711246522102341,0.6988120176955197,0.194075517083458,c1,c234
9911,0.49873372181599174,0.1897375390056988,0.31152873917830626,c234,c1
13379,0.14778385060564406,0.20592328748847358,0.6462928619058833,c1,c5
15497,0.8870877940557006,0.10782449334374493,0.005087712600557178,c1,c1
4025,0.10576636972849074,0.44059218195415506,0.45364144831734243,c5,c5
7101,0.3767994355140232,0.44148697537554205,0.18171358911043753,c234,c234
11929,0.18756542161331158,0.5200595610360965,0.29237501735058746,c5,c234
19952,0.3076114477265365,0.4614023135260739,0.23098623874740165,c5,c234
2298,0.24598863930092363,0.3766776754203269,0.37733368527875294,c234,c5
18046,0.28509927810440255,0.41602342536416526,0.29887729653143424,c234,c234
14150,0.498589516903595,0.4215999833780501,0.07981049971836797,c234,c1
5990,0.2809146185994547,0.4115875975374786,0.30749778386307963,c5,c234
11907,0.12517201485016113,0.8589002995707328,0.015927685579105233,c1,c234
11167,0.9652416262660505,0.03298195794076711,0.001776415793173156,c1,c1
26,0.22758681825136184,0.30621005487603215,0.4662031268726045,c5,c5
12901,0.16021630541096818,0.7763737845747815,0.06340991001425601,c5,c234
10908,0.17098114962531133,0.4707844472190536,0.3582344031556256,c5,c234
10645,0.23203636711404696,0.23737283790731667,0.5305907949786379,c5,c5
6453,0.27521916974510263,0.26367100431565105,0.4611098259392445,c234,c5
11878,0.5105462711216306,0.32829637471846934,0.16115735415990592,c1,c1
11126,0.26075754115548466,0.43092536005520804,0.308317098789296,c234,c234
7321,0.20241407824724592,0.461631199521115,0.33595472223162914,c1,c234
12028,0.04307705200433252,0.2971790479012038,0.6597439000944715,c234,c5
3706,0.14220703220858824,0.6325429390897439,0.22525002870166486,c5,c234
13682,0.18545925416224454,0.4355566303599106,0.3789841154778471,c1,c234
12473,0.29807998091981946,0.5005636213678681,0.20135639771230548,c1,c234
10008,0.316247336665382,0.3785230114863824,0.3052296518482386,c234,c234
1747,0.14016886194870445,0.6520500985787638,0.2077810394725293,c234,c234
11265,0.3534571684429081,0.2610735572998131,0.38546927425728356,c1,c5
7545,0.18648933416901306,0.4239224321129279,0.38958823371804485,c234,c234
9171,0.21618436301082603,0.5043447255141463,0.27947091147503367,c5,c234
16159,0.9652416262660505,0.03298195794076711,0.001776415793173156,c5,c1
18786,0.5518465894198706,0.2159079820717378,0.2322454285083984,c1,c1
10634,0.5992729400887101,0.22806866009027496,0.17265839982101153,c1,c1
18693,0.28126880044979147,0.2937889846346632,0.42494221491554396,c234,c5
19834,0.21855743709455133,0.25908576100734193,0.5223568018981137,c234,c5
14243,0.3129640785543501,0.3333865659230993,0.3536493555225514,c1,c5
9570,0.220892546090772,0.3257552678962216,0.4533521860130047,c5,c5
19157,0.4164186165065182,0.4675745794651187,0.11600680402836447,c1,c234
11690,0.5927033257478567,0.23337403429491943,0.17392263995721832,c234,c1
15207,0.4408059200725695,0.4819340077872673,0.07726007214016817,c234,c234
8644,0.5342672429870253,0.18024416741626695,0.28548858959670076,c1,c1
19579,0.29389720914209055,0.35043500230270364,0.3556677885552051,c1,c5
9669,0.3758586342391044,0.34648016607179016,0.2776611996891124,c1,c1
9143,0.5685568107721511,0.22830551611280506,0.20313767311503753,c234,c1
6638,0.29046047018431037,0.38931287163293793,0.32022665818274915,c5,c234
7451,0.10470566497831478,0.12054935917932656,0.7747449758423637,c5,c5
8152,0.3996224534631851,0.34167596444875115,0.2587015820880653,c1,c1
19210,0.3330861182213635,0.587168054994633,0.07974582678399275,c5,c234
11836,0.19826418943179644,0.25962122292813467,0.5421145876400709,c5,c5
3873,0.5144488861325321,0.18407761635241066,0.3014734975150639,c1,c1
16107,0.07880446360014114,0.415773392753181,0.5054221436466644,c234,c5
7640,0.17853482491470318,0.4976078584302281,0.3238573166550755,c5,c234
1419,0.6186007391737159,0.24148084796780336,0.13991841285848963,c1,c1
16862,0.33108341157532245,0.32801033961842,0.34090624880625814,c5,c5
2426,0.3143545922846464,0.4043935076120564,0.2812519001032943,c5,c234
2371,0.20916955442542762,0.4037451669278701,0.3870852786467038,c234,c234
363,0.23942777751255548,0.4913601512522254,0.26921207123520763,c234,c234
19982,0.5538109580800444,0.2757553816768738,0.17043366024308879,c1,c1
10491,0.8840340710043108,0.11027829682639052,0.005687632169291268,c1,c1
16393,0.1896505218140309,0.1265292081062834,0.6838202700796847,c234,c5
16896,0.3002619814876533,0.4485115246379789,0.25122649387435997,c5,c234
8088,0.33595371590621803,0.329849568762337,0.3341967153314462,c5,c1
6131,0.28059677373049363,0.39467959111468215,0.3247236351548366,c234,c234
5363,0.30987739387065844,0.42829021042482773,0.26183239570451006,c1,c234
12436,0.14585953183440847,0.8220967337659519,0.03204373439963066,c5,c234
17580,0.14983312840897792,0.2951665447006621,0.5550003268903547,c234,c5
16141,0.4598067942304829,0.2887778296134409,0.2514153761560741,c1,c1
6084,0.29525334532082986,0.341117391765587,0.3636292629135778,c5,c5
722,0.2660827941369394,0.30811560333390753,0.4258016025291465,c234,c5
10617,0.4068096987811365,0.30234023316788394,0.2908500680509854,c1,c1
18565,0.6950121101047899,0.2575858755229421,0.047402014372262116,c1,c1
12332,0.35401669092164106,0.38079011216423697,0.26519319691412047,c1,c234
5852,0.30574584762352613,0.6397707791419893,0.05448337323448457,c234,c234
17848,0.28584109136373426,0.32717661429496075,0.38698229434130277,c5,c5
2240,0.541053355905567,0.33652082060149957,0.1224258234929473,c234,c1
9824,0.3820227522049134,0.09829383032618387,0.5196834174688965,c5,c5
7112,0.24394116458941498,0.4014776071206722,0.35458122828992344,c234,c234
4355,0.2780790032000235,0.45261332676462485,0.2693076700353482,c234,c234
865,0.2069840563125487,0.3135395295655358,0.4794764141219113,c5,c5
15865,0.6034641920352456,0.24917690495012068,0.14735890301463023,c1,c1
16790,0.15809055579210538,0.18987452962637927,0.652034914581515,c234,c5
6722,0.805439496777221,0.10703722771763516,0.08752327550515612,c1,c1
16623,0.25477561076571476,0.5161564642295342,0.2290679250047574,c234,c234
19478,0.24182883502561606,0.45362890898193936,0.304542255992441,c234,c234
15427,0.2479923644394408,0.27535850292020675,0.4766491326403561,c1,c5
13146,0.1785274397936447,0.5270782113665452,0.29439434883980237,c5,c234
6317,0.606324641118494,0.25632349149379713,0.13735186738772245,c1,c1
322,0.10929714243885387,0.26195621977150707,0.6287466377896347,c5,c5
14583,0.3927837499327239,0.3227958681941539,0.28442038187312174,c5,c1
4028,0.4606853656472705,0.17685148028956704,0.36246315406315843,c5,c1
6108,0.24709325052507825,0.3268366484645543,0.4260701010103632,c5,c5
9991,0.17357651896752477,0.12797605379348323,0.6984474272389899,c5,c5
18915,0.998194748733476,0.0016293258706226086,0.00017592539590401317,c234,c1
11130,0.28624663415535573,0.31277429276464674,0.40097907308000036,c1,c5
4407,0.38891226702427456,0.31144721334257613,0.29964051963314625,c1,c1
683,0.27785354978123544,0.28022511980426174,0.44192133041450415,c5,c5
6001,0.38496331876000484,0.39322772172761167,0.22180895951238982,c1,c234
13333,0.32051802765378384,0.3687924963276666,0.3106894760185541,c5,c234
16854,0.42179380598760724,0.32601496484332754,0.25219122916907855,c1,c1
11179,0.10290707796451425,0.16710903362678486,0.7299838884087017,c5,c5
1226,0.18714998361787102,0.440575294077735,0.3722747223043851,c5,c234
7970,0.29128421265424864,0.3215375544628508,0.3871782328828953,c5,c5
9334,0.220232762931172,0.40407274209299837,0.37569449497582935,c1,c234
6549,0.8238241614460847,0.15688171351624813,0.019294125037669353,c1,c1
19596,0.11786768277925472,0.16398872972054607,0.7181435875002009,c5,c5
8547,0.2778338173492458,0.3718406869699793,0.35032549568077254,c5,c234
16512,0.2577093651156742,0.47375472002636154,0.2685359148579723,c5,c234
913,0.1867638964782895,0.4184620729400079,0.3947740305817005,c1,c234
11748,0.24415935707910721,0.34615431527449836,0.4096863276463897,c5,c5
19997,0.21976497175941834,0.3674118568740764,0.41282317136650654,c234,c5
8245,0.1326973903091823,0.3661011804593035,0.5012014292315161,c5,c5
5743,0.5196831022548585,0.18701381985703286,0.29330307788810694,c5,c1
9561,0.5167752412115989,0.20480357672166574,0.27842118206673755,c5,c1
19083,0.2816507046482118,0.37662595228189244,0.3417233430698932,c234,c234
12243,0.29958354531289066,0.34540133105898163,0.3550151236281265,c5,c5
12786,0.4402425734960514,0.2802600395280434,0.27949738697591014,c234,c1
15903,0.36174935340332404,0.2878468636190149,0.3504037829776583,c1,c1
14927,0.2816507046482118,0.37662595228189244,0.3417233430698932,c5,c234
14776,0.30445047284515975,0.3629301378655278,0.3326193892893008,c1,c234
14435,0.6141845328192108,0.3357304924446387,0.05008497473612638,c234,c1
3367,0.47055993576510213,0.2765059131024545,0.2529341511324491,c234,c1
16941,0.25208772253014766,0.383838997332932,0.3640732801369295,c5,c234
17141,0.5056901594266803,0.4092827352356596,0.08502710533766233,c234,c1
19086,0.8693154621988732,0.10781170400161533,0.022872833799502126,c1,c1
18170,0.14479838582512147,0.4476221963339921,0.40757941784088303,c234,c234
8077,0.39755570513340893,0.22452838746642512,0.3779159074001622,c1,c1
16709,0.6176250975697541,0.2994902091732166,0.08288469325703302,c5,c1
5881,0.3807748142086038,0.3738995761148532,0.24532560967653297,c234,c1
117,0.9854678278507293,0.008121198160535055,0.006410973988737441,c1,c1
2244,0.29390690466426583,0.35581929688217295,0.35027379845356216,c1,c234
14828,0.4641583700046178,0.22296566992456118,0.3128759600708147,c234,c1
10688,0.321916589249134,0.2623775398475332,0.41570587090333505,c1,c5
18944,0.31145576696037447,0.41628277635108124,0.2722614566885498,c234,c234
12098,0.5844560496693366,0.3468902461652989,0.06865370416535814,c234,c1
12148,0.2377619089934474,0.5350803859551048,0.22715770505146152,c1,c234
4275,0.38049798751740865,0.3633989337694363,0.2561030787131583,c5,c1
15170,0.2991809329246164,0.30528433085734136,0.3955347362180475,c234,c5
5759,0.9607005806115038,0.03710530747258806,0.00219411191589478,c234,c1
715,0.2015405086684033,0.3199907303920913,0.4784687609395052,c234,c5
12654,0.14316751222765509,0.4133657172421031,0.443466770530249,c234,c5
1511,0.6048630906859777,0.33906488141002983,0.05607202790399763,c234,c1
9964,0.25099447217920784,0.24203739618771783,0.5069681316330751,c234,c5
8579,0.8870877940557006,0.10782449334374493,0.005087712600557178,c234,c1
7043,0.2954758082402414,0.3141374608159895,0.3903867309437719,c1,c5
6445,0.37870858222958126,0.36797465220935777,0.2533167655610646,c1,c1
19800,0.34439563465588074,0.33082261711868755,0.3247817482254309,c1,c1
6256,0.8538148008033757,0.1188352183211291,0.027349980875482013,c234,c1
4209,0.18522015666118763,0.31314378723770014,0.5016360561011061,c5,c5
5456,0.5812675979316748,0.2082017979822418,0.21053060408607813,c234,c1
19863,0.7177435747955889,0.2657976341892652,0.016458791015142672,c1,c1
14132,0.22204355320174576,0.3098289448733019,0.46812750192494984,c5,c5
10369,0.10647868566777763,0.6849661106109317,0.20855520372129976,c234,c234
4429,0.19262562246451048,0.2493328291543369,0.5580415483811508,c5,c5
9409,0.2369154029014813,0.44730977478000317,0.31577482231851806,c234,c234
13908,0.1944395087007149,0.2655252840891627,0.540035207210126,c5,c5
13612,0.13407737696513475,0.4244829047255948,0.44143971830927986,c5,c5
9048,0.24750490264765482,0.34326158886760993,0.4092335084847359,c1,c5
7334,0.35573109620096816,0.36649661872203626,0.2777722850769914,c5,c234
19305,0.26763495808339854,0.375318310214994,0.3570467317016061,c234,c234
7410,0.1886749295977116,0.530127202978672,0.281197867423617,c1,c234
3216,0.25458359083345866,0.25285386163987456,0.49256254752667006,c1,c5
15675,0.2259718477269855,0.6621628502547907,0.1118653020182354,c1,c234
7005,0.42503346504821826,0.4185082270374201,0.1564583079143546,c5,c1
5006,0.3531209909272832,0.2886692836558166,0.3582097254169007,c1,c5
4940,0.32225122847120435,0.2877477429921767,0.3900010285366213,c1,c5
19114,0.35276690853615217,0.26842847817202986,0.37880461329181275,c234,c5
8951,0.1687390655156317,0.33095048633651586,0.50031044814785,c1,c5
13225,0.044750093461630974,0.07711654424586553,0.8781333622925085,c5,c5
4398,0.23905507124989878,0.5371534045260193,0.22379152422407586,c234,c234
6109,0.2650916202284963,0.25824759703977235,0.47666078273173196,c1,c5
10501,0.252834481300006,0.36618366444681216,0.38098185425317593,c5,c5
5157,0.6229398258053223,0.23698726904170145,0.1400729051529827,c1,c1
948,0.3775827249971943,0.37833260584561296,0.24408466915719804,c234,c234
18694,0.15630624682295077,0.31538259724611867,0.5283111559309303,c234,c5
4035,0.6359072945834005,0.25326785934910334,0.11082484606750873,c5,c1
11886,0.21843208383679527,0.3695739596691866,0.4119939564940249,c234,c5
14384,0.47221004332275374,0.4317197574250193,0.09607019925221745,c234,c1
15349,0.17537861353611725,0.35059002772686854,0.4740313587370125,c5,c5
6881,0.18449660526401826,0.2640263330421514,0.5514770616938302,c5,c5
7071,0.473216368576538,0.3153806433125007,0.21140298811096772,c234,c1
11475,0.8987618050217636,0.08605889609652395,0.0151792988817127,c1,c1
18623,0.4226750980942609,0.3009539642869176,0.27637093761882403,c5,c1
10111,0.21379219814801792,0.4730116650594363,0.31319613679254693,c234,c234
17750,0.6234616256273883,0.2599232083819359,0.11661516599067975,c1,c1
19705,0.2852538641446917,0.28248774313752695,0.4322583927177765,c5,c5
6542,0.8451326206738583,0.075914803302962,0.07895257602317368,c1,c1
19678,0.26807345198144034,0.30724388290100973,0.4246826651175482,c234,c5
11791,0.02178403613529988,0.018966870095017033,0.9592490937696774,c5,c5
1666,0.13777232028294148,0.3343526492283801,0.527875030488679,c5,c5
17056,0.2622563229087253,0.3042083351005972,0.43353534199068355,c5,c5
10530,0.34204749228474035,0.3584038626829173,0.2995486450323426,c234,c234
18553,0.27980122526771345,0.3640032618136994,0.35619551291857393,c1,c234
14246,0.28225252971273607,0.35611394830799176,0.3616335219792742,c5,c5
5065,0.3789003211642669,0.24753573508475346,0.37356394375097973,c1,c1
14724,0.18188870161704324,0.24647411259450885,0.5716371857884567,c5,c5
4387,0.3416079550239002,0.24125479331102787,0.41713725166507987,c1,c5
17395,0.7605064008816083,0.2098305494654693,0.029663049652921533,c1,c1
19240,0.399322733650096,0.40207983704950934,0.19859742930039476,c1,c234
17846,0.22216854213604384,0.38856657500409514,0.3892648828598651,c1,c5
6289,0.30398427777184556,0.2857079796042122,0.410307742623943,c5,c5
18388,0.26866334869933023,0.40040445511052436,0.3309321961901468,c234,c234
8568,0.07721706631614296,0.12026279208425028,0.802520141599611,c5,c5
8253,0.8870877940557006,0.10782449334374493,0.005087712600557178,c5,c1
5276,0.15087414830633547,0.34320226048450214,0.5059235912091726,c5,c5
10210,0.274834810860927,0.34946296129928567,0.3757022278397922,c234,c5
7941,0.3932881276174979,0.47961068131435924,0.12710119106814782,c234,c234
14368,0.25347334307461855,0.37904525295074654,0.3674814039746352,c5,c234
9483,0.2592849975950452,0.37729357112201295,0.36342143128294463,c234,c234
15248,0.36096067352777644,0.25292073983434255,0.38611858663788784,c234,c5
7193,0.2758055173687574,0.3187869925599533,0.4054074900712812,c1,c5
2148,0.31033370223784584,0.29105698576049926,0.39860931200166083,c5,c5
11784,0.28584156935236754,0.3688163214639418,0.34534210918368624,c5,c234
10171,0.4130660830717564,0.14924095192201467,0.4376929650062277,c234,c5
12187,0.12297787565007519,0.3147472619139414,0.5622748624359835,c5,c5
12568,0.371149766214357,0.34832944284357936,0.2805207909420668,c1,c1
12607,0.173266800374295,0.43882786060485324,0.38790533902084084,c234,c234
12600,0.4725293140719665,0.23439350643209136,0.2930771794959423,c5,c1
13557,0.28601027968633036,0.36506527247954956,0.34892444783411175,c234,c234
3719,0.42205575038979676,0.2567962737358065,0.3211479758743987,c234,c1
8694,0.2640612207586892,0.34625818772276645,0.389680591518549,c5,c5
17866,0.4107304349662352,0.3293004837112782,0.25996908132249363,c234,c1
9950,0.9925488132603005,0.005191883151111961,0.002259303588601076,c1,c1
4919,0.232225696123782,0.35374018209323155,0.4140341217829911,c234,c5
676,0.4365263360584511,0.19281426179036915,0.37065940215117366,c1,c1
16940,0.6448782132990787,0.3385923073087316,0.01652947939217791,c234,c1
7509,0.17798362838375878,0.20273056902538197,0.6192858025908549,c234,c5
5546,0.25019516345803566,0.3915706182368489,0.3582342183051024,c5,c234
15137,0.3174550982288037,0.40466992520860423,0.277874976562595,c5,c234
3747,0.13822337263619514,0.2715096606254019,0.5902669667383962,c5,c5
15592,0.46698175605443415,0.3946270115741777,0.13839123237137713,c234,c1
11598,0.4004448799562754,0.4575558158040176,0.1419993042397065,c234,c234
2289,0.08106148058401412,0.10710441151006025,0.8118341079059233,c234,c5
10181,0.3329148396821718,0.33878320189650807,0.3283019584213192,c5,c234
4052,0.21331992990315476,0.4524823910145707,0.334197679082283,c5,c234
15826,0.3054331359873866,0.44101391893422626,0.2535529450783836,c234,c234
12941,0.10782132383432404,0.11344681543461833,0.7787318607310518,c234,c5
9320,0.3218960436710553,0.39823119024944303,0.2798727660795093,c234,c234
5703,0.30715971286132465,0.2917677490278968,0.4010725381107753,c234,c5
3147,0.6444287163690993,0.1592205864794408,0.19635069715146286,c234,c1
9366,0.30365809595861715,0.3638115468153617,0.3325303572260277,c5,c234
3015,0.40627764996273874,0.3891018354287189,0.20462051460854436,c1,c1
14164,0.15317376852289452,0.557261504902736,0.28956472657436483,c5,c234
17142,0.6700823239192599,0.18939902847954193,0.14051864760118637,c234,c1
5798,0.2922645202541228,0.32059613297500494,0.38713934677086687,c5,c5
13558,0.14292690113051304,0.2622137194794893,0.5948593793899983,c5,c5
8594,0.213849564097056,0.4219171294742225,0.3642333064287166,c234,c234
7573,0.1750736903060714,0.2740471209558737,0.5508791887380681,c1,c5
14849,0.1782178150489343,0.3205133494444257,0.5012688355066424,c5,c5
615,0.5213252834223172,0.2963404699720177,0.18233424660565914,c1,c1
1780,0.9607005806115038,0.03710530747258806,0.00219411191589478,c1,c1
6437,0.2267644084261396,0.3160178249130954,0.4572177666607662,c5,c5
13253,0.22680836197124857,0.2781519076884425,0.4950397303403063,c5,c5
11544,0.37837466474598086,0.3355413286042121,0.2860840066498135,c234,c1
12490,0.7394586687999354,0.2295080046761952,0.03103332652385657,c1,c1
1136,0.30748945415414153,0.5680092399965415,0.12450130584933053,c1,c234
15321,0.20412584557356545,0.2927751243325839,0.5030990300938571,c1,c5
10380,0.30443649460564415,0.21468671815225096,0.48087678724210364,c5,c5
19229,0.22646582736922297,0.38974642596388814,0.3837877466669026,c5,c234
6764,0.1966532307256756,0.247531400859491,0.5558153684148193,c5,c5
5733,0.27768446296012456,0.3293165610622368,0.39299897597764194,c234,c5
6105,0.24573355240855568,0.2061316362443606,0.5481348113470946,c5,c5
3245,0.13580926368074486,0.3304435645284809,0.5337471717907718,c5,c5
8631,0.17021846741101984,0.7963343625482936,0.03344717004069957,c5,c234
6040,0.09599513663932477,0.19267369493424535,0.7113311684264338,c5,c5
5567,0.22058511362598238,0.29256075891855526,0.48685412745545525,c1,c5
13318,0.3023538459945546,0.4443637298667019,0.2532824241387493,c1,c234
13887,0.23543003720339692,0.49149098648149225,0.2730789763150971,c5,c234
1297,0.22888324112012734,0.41281175347036797,0.35830500540950727,c234,c234
2732,0.04114790189926516,0.37677267796663894,0.5820794201341073,c234,c5
6451,0.30026590600199876,0.4028531802500968,0.29688091374789477,c234,c234
1415,0.2533315742273564,0.3139862245049438,0.432682201267695,c1,c5
19557,0.34883300873240886,0.26842511533018765,0.3827418759374019,c234,c5
1090,0.541750752853619,0.307049036783863,0.1512002103625092,c1,c1
19081,0.5970821972370066,0.3698966366823874,0.03302116608060536,c1,c1
4915,0.5196831022548585,0.18701381985703286,0.29330307788810694,c5,c1
16907,0.3045551586880878,0.32540235733977274,0.3700424839721341,c5,c5
9370,0.0429109932592499,0.2692237228958229,0.6878652838449163,c5,c5
5685,0.968373190926293,0.02945930449814399,0.002167504575573931,c1,c1
1330,0.20020627548168435,0.3517175270858888,0.44807619743243343,c5,c5
13580,0.355580104242833,0.4663475806605232,0.1780723150966382,c234,c234
8664,0.20100195432362433,0.2871167467053396,0.5118812989710386,c5,c5
20045,0.45528302373003,0.30373307972394,0.24098389654602473,c1,c1
4957,0.12278680184421466,0.1544795546903412,0.7227336434654489,c234,c5
679,0.27277303667260033,0.3769335325477328,0.3502934307796633,c234,c234
16927,0.8581730086969017,0.11526697013908556,0.026560021164023652,c234,c1
8315,0.4894567491993558,0.22297665763847405,0.2875665931621614,c1,c1
1267,0.14674692661924116,0.22846792988717063,0.6247851434935829,c5,c5
5584,0.2215561679479735,0.4214340418839958,0.3570097901680323,c1,c234
4621,0.20385528187507107,0.4220688745226839,0.3740758436022498,c1,c234
9467,0.04768740548642517,0.8649648710338153,0.08734772347976648,c234,c234
15718,0.36101254105858427,0.3029662211316042,0.33602123780981896,c1,c1
13550,0.31694566147873376,0.2825774957400141,0.40047684278124984,c5,c5
6145,0.8291850933531916,0.13778458930137755,0.03303031734543282,c1,c1
18739,0.29298005047946024,0.33657650772800973,0.3704434417925322,c5,c5
11057,0.2556748046031905,0.2210118236202821,0.5233133717765265,c5,c5
9601,0.260317620456276,0.47737066746777385,0.26231171207595366,c234,c234
5475,0.3611565116840764,0.4327642987791378,0.20607918953677806,c1,c234
11698,0.22149918638132335,0.559993123552528,0.2185076900661424,c234,c234
5331,0.28099952518022725,0.42711492007779467,0.29188555474198397,c5,c234
15976,0.22246419423942249,0.4320439258222774,0.345491879938296,c5,c234
13789,0.35607153571146377,0.312549161083063,0.331379303205476,c5,c1
3,0.9922100371403779,0.007456081613106501,0.00033388124649558676,c234,c1
160,0.11324874414103168,0.2609000480100275,0.6258512078489349,c5,c5
8884,0.5232260016739573,0.33002553810178203,0.14674846022426896,c1,c1
17899,0.2328557018439435,0.6622365363427574,0.10490776181328951,c5,c234
14031,0.39325369572341534,0.3167816367029948,0.2899646675735884,c1,c1
19233,0.24926638485538094,0.3247174459205675,0.4260161692240514,c5,c5
2219,0.13903111679602798,0.153273571838668,0.7076953113653002,c1,c5
16003,0.2724247955810787,0.3936975970160675,0.33387760740286465,c234,c234
9291,0.6475347852628472,0.3170934663220125,0.03537174841513882,c1,c1
19926,0.21739248870950076,0.4000562970296312,0.3825512142608733,c5,c234
262,0.42601131171155693,0.254855538151374,0.31913315013707466,c5,c1
18984,0.26182710432079864,0.28085088341935294,0.4573220122598523,c234,c5
7282,0.3808192740215004,0.32173720990624954,0.29744351607224995,c234,c1
5,0.4510910644847521,0.3288073242107739,0.22010161130447864,c1,c1
17780,0.25346305040452644,0.4029407981100166,0.3435961514854613,c5,c234
1152,0.7430378712224999,0.229789051105867,0.02717307767162001,c5,c1
2448,0.560140458270615,0.36502865264582957,0.07483088908355176,c234,c1
15569,0.6218236592944999,0.20207089133857134,0.17610544936692968,c234,c1
13881,0.30510601684407485,0.3405513322772339,0.3543426508786892,c5,c5
10799,0.3396933094192082,0.21855087776127854,0.4417558128195122,c234,c5
4779,0.3837484891822016,0.26877360275199896,0.34747790806578993,c1,c1
19279,0.22209707048477048,0.2843022769747371,0.49360065254048174,c1,c5
19047,0.16758770439437154,0.30280905123969465,0.5296032443659268,c234,c5
10152,0.23805587859934485,0.41681514698670097,0.3451289744139571,c5,c234
13494,0.6643305653017455,0.24894239248491964,0.08672704221333313,c1,c1
19148,0.4102287266076146,0.2581347526427571,0.33163652074962796,c234,c1
19560,0.337672446370825,0.3499818441248949,0.3123457095042832,c234,c234
2194,0.472081810308265,0.2691760284957337,0.25874216119599763,c5,c1
17094,0.4741475711710878,0.2585805854159989,0.2672718434129078,c5,c1
4037,0.4385561200832462,0.36904867376695466,0.19239520614978733,c1,c1
8512,0.12807937533381783,0.22352450512235325,0.6483961195438355,c5,c5
11222,0.14145201043407432,0.16446849529778262,0.6940794942681452,c5,c5
9040,0.3595373466756729,0.2936136978383625,0.34684895548596384,c234,c1
13109,0.2754108419532244,0.23076765059325408,0.49382150745352027,c234,c5
6861,0.9731446701405633,0.010445015709687392,0.01641031414974266,c1,c1
5785,0.2927420195998448,0.3147505020729099,0.39250747832724814,c5,c5
4946,0.21959143910989823,0.4257216413410594,0.35468691954903364,c1,c234
1362,0.6210205824962437,0.20629537906345358,0.17268403844029628,c1,c1
418,0.30492864272493353,0.38034542824827045,0.31472592902678204,c234,c234
9014,0.2116699407411755,0.19832676650845227,0.5900032927503704,c5,c5
903,0.22628223053783275,0.4198429000229728,0.353874869439191,c5,c234
8707,0.32350838494473355,0.2729277702132605,0.4035638448420031,c5,c5
1096,0.11350328737838046,0.27603355244624017,0.6104631601753806,c5,c5
14781,0.4459921147174077,0.3208838627074764,0.23312402257511794,c1,c1
17597,0.341372898615894,0.3252026464820386,0.33342445490207284,c1,c1
6077,0.26019299366349646,0.4454572241250267,0.294349782211478,c234,c234
5346,0.27863226957160986,0.42984635711581287,0.2915213733125809,c1,c234
1500,0.1210833929292648,0.5832665824427086,0.29565002462803724,c234,c234
10606,0.32301669667002625,0.40885641165375336,0.26812689167622455,c1,c234
12176,0.326860608846895,0.3895973514028036,0.28354203975030406,c1,c234
17690,0.5061789160509981,0.4400179256984292,0.05380315825056448,c234,c1
9741,0.9378287271630911,0.025606497308616936,0.0365647755282909,c1,c1
11320,0.4163748385436315,0.38192644478436455,0.20169871667199563,c234,c1
3628,0.2809331846019564,0.3425690953509926,0.3764977200470446,c5,c5
5352,0.24342700953138843,0.3897116459983756,0.36686134447024293,c1,c234
410,0.23891035945816924,0.2039507201885995,0.5571389203532296,c234,c5
9688,0.5925015898652176,0.21306499374480733,0.1944334163899803,c1,c1
6163,0.25059438067377904,0.48772376264573913,0.26168185668047245,c1,c234
15707,0.263904314639586,0.2328200722656585,0.5032756130947552,c234,c5
14633,0.4381357634558677,0.35357898085197786,0.2082852556921621,c1,c1
12976,0.20695220664376376,0.2340295177319706,0.5590182756242666,c5,c5
1119,0.3769050289700081,0.37544327079056294,0.24765170023943142,c1,c1
3727,0.09437291271543102,0.16959925703061882,0.7360278302539563,c234,c5
16495,0.4884848735920217,0.3475540940337345,0.16396103237423193,c234,c1
6036,0.3201305884979447,0.3315874214018634,0.3482819901001985,c1,c5
5376,0.49873372181599174,0.1897375390056988,0.31152873917830626,c5,c1
11220,0.17937656928200277,0.2654151296062272,0.5552083011117657,c234,c5
8784,0.2042117745946189,0.32001719565857867,0.47577102974680513,c5,c5
13202,0.233764423787287,0.43441208580783225,0.3318234904048855,c234,c234
18342,0.2938435366286651,0.3351464749098768,0.37100998846145333,c1,c5
18339,0.19941267311519062,0.5660370947461204,0.2345502321386932,c234,c234
16174,0.27577949447765987,0.32217576468305636,0.40204474083928704,c5,c5
4508,0.3351431182467934,0.31456631265927465,0.3502905690939379,c1,c5
11227,0.15388922459801802,0.6233961001402775,0.2227146752616977,c1,c234
8446,0.28773485412641675,0.3397079893378747,0.37255715653570454,c1,c5
8290,0.20265794695212822,0.364832721044566,0.4325093320033109,c5,c5
323,0.2976774114612717,0.3085035631684928,0.3938190253702387,c234,c5
8528,0.9613048815821721,0.022719538189687524,0.015975580228139795,c234,c1
9234,0.2626889241933957,0.4365967366769258,0.300714339129674,c234,c234
4514,0.38154900993814855,0.21066901989408715,0.4077819701677594,c234,c5
19756,0.11003656394148567,0.2529984591953379,0.6369649768631765,c234,c5
17938,0.20920226980152776,0.24351572787595158,0.5472820023225338,c5,c5
1487,0.13220342024880913,0.6617436486347972,0.20605293111639025,c5,c234
7431,0.18554621910498328,0.46486450021995585,0.3495892806750675,c234,c234
12629,0.40857034312639096,0.35937100218332846,0.23205865469028328,c1,c1
9948,0.12166481107881445,0.11563965051305061,0.7626955384081385,c234,c5
13838,0.4700669687724074,0.4059481061272125,0.123984925100376,c5,c1
17822,0.20918700495671794,0.4027044646483009,0.3881085303949827,c234,c234
6311,0.35503193793210397,0.41157824444973584,0.2333898176181694,c1,c234
19202,0.19266807522398263,0.20816078706736743,0.5991711377086507,c5,c5
7882,0.26179312976374336,0.45999661356678173,0.2782102566694769,c234,c234
6970,0.2536672250173376,0.29959545441114355,0.4467373205715309,c234,c5
16325,0.16034006860540798,0.49530623096736315,0.34435370042722624,c234,c234
2675,0.2538058296842796,0.26593115690931346,0.4802630134064088,c234,c5
7319,0.1973363053371653,0.27018291413098694,0.5324807805318456,c5,c5
4205,0.24782487547527754,0.29843774908620035,0.4537373754385233,c5,c5
362,0.27418409573769076,0.3530931932645289,0.37272271099778087,c1,c5
12922,0.2168876418884535,0.455798316941559,0.3273140411699865,c1,c234
19420,0.13094934360448068,0.3645680375371665,0.5044826188583617,c5,c5
7942,0.07760327051658376,0.2477351284802352,0.6746616010031776,c5,c5
11214,0.9854659772451735,0.011436965341837503,0.0030970574130064956,c234,c1
7834,0.327357015983823,0.34504979564781046,0.3275931883683663,c234,c234
3406,0.14655254941549978,0.18586707361582022,0.6675803769686782,c5,c5
18042,0.6241833297488106,0.23818131489745487,0.13763535535373728,c1,c1
9623,0.22437985264443516,0.11045274964440963,0.6651673977111531,c234,c5
241,0.3790760076560697,0.3931895018753347,0.22773449046859578,c1,c234
18204,0.4281814620263307,0.3594265519309449,0.21239198604273016,c234,c1
19405,0.25629369332440194,0.31948347795523724,0.42422282872035966,c5,c5
18997,0.21248339231233987,0.38957251274153554,0.3979440949461171,c234,c5
15292,0.5424837214937118,0.057390616393229336,0.4001256621130559,c234,c1
5249,0.4093904286526388,0.25251065967713876,0.33809891167021794,c5,c1
6899,0.4006984854523326,0.23545950854462788,0.3638420060030387,c1,c1
8391,0.2580131716766351,0.6415330607255637,0.10045376759778828,c1,c234
9297,0.38908194429478726,0.31695121697348366,0.29396683873173324,c1,c1
4584,0.13917056753458815,0.21212075000170824,0.6487086824637,c5,c5
15045,0.17736793533237669,0.46151812289718847,0.36111394177043327,c5,c234
15290,0.384511620845531,0.05186296162388749,0.5636254175305713,c1,c5
11864,0.22711474995179884,0.4555794344007665,0.3173058156474217,c234,c234
4598,0.7633258474142078,0.18665078061168744,0.0500233719741156,c1,c1
7730,0.2577282293714781,0.48965029391313586,0.2526214767153993,c1,c234
8944,0.49466751165601086,0.34221465156575454,0.16311783677823705,c234,c1
12646,0.38511754707902635,0.6012634528532288,0.013619000067755394,c1,c234
2809,0.3655387432404297,0.254547876419316,0.37991338034025673,c1,c5
6949,0.21777875339824804,0.3846746923970643,0.3975465542046875,c234,c5
8179,0.21562700940874033,0.4034297530891867,0.3809432375020816,c234,c234
8028,0.8726507655246433,0.06192924331569298,0.0654199911596641,c1,c1
2793,0.24764650434097413,0.6028885245739732,0.14946497108504564,c5,c234
7276,0.3326619915814898,0.28778080970828107,0.3795571987102291,c1,c5
7155,0.23502261530479393,0.34159018038603844,0.42338720430916327,c234,c5
18249,0.3997713216137403,0.4618998318751124,0.13832884651115035,c234,c234
3010,0.28014164735112596,0.27705609356872357,0.4428022590801518,c5,c5
4240,0.31260808197915585,0.2375804257811703,0.4498114922396757,c5,c5
7898,0.2616418417023283,0.4230079785294036,0.315350179768256,c1,c234
14560,0.17998805256780812,0.36315557550378946,0.45685637192838885,c1,c5
1529,0.2591550951171144,0.2928127348955648,0.4480321699873181,c5,c5
10383,0.450312726866617,0.3093551117941098,0.2403321613392805,c1,c1
5891,0.6240287847740614,0.13190002318903027,0.2440711920369217,c1,c1
16965,0.28422702688304075,0.36002121960434014,0.35575175351262084,c1,c234
17718,0.49014557443202234,0.437049761658651,0.07280466390931432,c1,c1
12824,0.25650292011585896,0.3700332470581931,0.37346383282595225,c1,c5
5705,0.38990591755725557,0.4238675483169318,0.18622653412581164,c234,c234
5357,0.81159156831403,0.11249327128336845,0.07591516040261499,c234,c1
16901,0.2999559506970846,0.5135972833473962,0.1864467659555204,c1,c234
4384,0.8881420991913269,0.08524250920021931,0.026615391608449522,c1,c1
5139,0.12447541683147997,0.4776679135138184,0.39785666965470445,c234,c234
2383,0.25239937087649505,0.24844643735359867,0.49915419176990933,c1,c5
4066,0.9854678278507293,0.008121198160535055,0.006410973988737441,c1,c1
852,0.22453144718392326,0.21853967047050846,0.5569288823455678,c1,c5
1726,0.11279099278054203,0.4614454735796746,0.4257635336397842,c234,c234
4939,0.062497410820386234,0.5446385850264223,0.39286400415317807,c5,c234
7279,0.06703333751798533,0.8386886148607577,0.09427804762125758,c5,c234
13361,0.9585541537342106,0.04014706748693008,0.0012987787788628301,c234,c1
13771,0.7072805351196667,0.24172437684365358,0.05099508803667248,c234,c1
3602,0.3719054120229131,0.33098021097176467,0.2971143770053236,c234,c1
16874,0.1885319782942959,0.2945040943888705,0.5169639273168201,c234,c5
11245,0.21265827906029186,0.36675962141243584,0.420582099527263,c5,c5
15779,0.6206337686655483,0.2025138400028828,0.17685239133156377,c234,c1
7293,0.1465794405657059,0.18595907798991396,0.6674614814443779,c5,c5
12594,0.20623489547398743,0.2996020613187075,0.49416304320730575,c234,c5
15741,0.21952317966098261,0.720313735308657,0.06016308503034661,c5,c234
4298,0.1543225395266503,0.4527048891639448,0.3929725713094088,c5,c234
19011,0.09869674078545357,0.8698883477384188,0.031414911476133685,c234,c234
16743,0.569116133371839,0.34903640099712274,0.08184746563102403,c5,c1
15978,0.8022862052643528,0.1617835693848438,0.035930225350816906,c234,c1
18815,0.33026907648585313,0.3504296051926157,0.3193013183215246,c234,c234
10228,0.19775987509456508,0.27626672503744043,0.5259733998679986,c5,c5
17761,0.4085072604899007,0.36989168777448,0.22160105173560946,c234,c1
844,0.21942297111806183,0.3960283077844063,0.38454872109753035,c5,c234
14105,0.4410210164636055,0.19951199261291624,0.3594669909234664,c1,c1
900,0.2804483242355008,0.4418047936381964,0.27774688212629445,c5,c234
19395,0.21279354528830624,0.37117233709842795,0.4160341176132698,c1,c5
8713,0.5914935124384584,0.2700948513670983,0.13841163619442964,c1,c1
4865,0.41970146127631447,0.30458011110633454,0.27571842761735305,c1,c1
1734,0.7889607083295156,0.18651384550101863,0.02452544616947216,c1,c1
7221,0.3663213368523209,0.35911876140555793,0.2745599017421284,c234,c1
8150,0.3938426145797287,0.4938394165289117,0.11231796889136109,c234,c234
5072,0.24290636689425218,0.34830832617898344,0.40878530692676907,c234,c5
15690,0.908338831578612,0.07782322063110682,0.01383794779027271,c1,c1
13217,0.13079883676947127,0.8496259433460462,0.019575219884489282,c234,c234
11180,0.39107459727397953,0.298990792411051,0.30993461031498265,c234,c1
3901,0.25125462814504157,0.3230718733334809,0.42567349852147557,c5,c5
453,0.22562525290598956,0.27386428181007383,0.5005104652839347,c234,c5
1602,0.272932667215959,0.5934327872599933,0.13363454552404114,c234,c234
18639,0.30068239985425776,0.47668872381200855,0.2226288763337332,c5,c234
18107,0.25051925591170476,0.44019827662230593,0.3092824674660035,c1,c234
10925,0.8870877940557006,0.10782449334374493,0.005087712600557178,c234,c1
15990,0.7452651808852988,0.1721676687055843,0.08256715040912414,c234,c1
606,0.33893433927709776,0.4349934534736599,0.22607220724924068,c1,c234
11624,0.27131731061590003,0.3092134106402532,0.4194692787438527,c234,c5
13905,0.38780378568416285,0.3080631319812817,0.3041330823345604,c234,c1
6058,0.4533362655598609,0.42301980388885424,0.12364393055128099,c234,c1
14576,0.3487377728777078,0.38273378415746834,0.26852844296482364,c1,c234
9722,0.22794733007779092,0.3649176615842886,0.4071350083379211,c5,c5
15946,0.365915362775711,0.2822289025825962,0.35185573464169256,c234,c1
19685,0.3403250535268226,0.38607998752998274,0.2735949589431941,c5,c234
16579,0.6298865502826505,0.2999564271334358,0.0701570225839214,c1,c1
8137,0.2893209347997869,0.3570453416583878,0.3536337235418307,c234,c234
14227,0.1691433456323282,0.7971541449049468,0.03370250946271435,c5,c234
15089,0.052377872619305064,0.05172424829028676,0.8958978790904091,c5,c5
13466,0.2600809409591626,0.26453463353294954,0.47538442550790094,c5,c5
17945,0.24556100702510528,0.31925790111419095,0.43518109186070597,c5,c5
391,0.320733732463007,0.40074805955489146,0.27851820798209853,c5,c234
3830,0.10480501432064716,0.09897074305330497,0.7962242426260487,c234,c5
14375,0.4720258351862967,0.1818579554608036,0.3461162093529022,c234,c1
6744,0.1786051173833813,0.29345647168554534,0.5279384109310737,c234,c5
3289,0.35457981930374033,0.3379404742113324,0.30747970648493933,c5,c1
16451,0.18841278088402508,0.33776380419278124,0.47382341492320534,c1,c5
8326,0.2970817586635451,0.3254694729843648,0.377448768352088,c1,c5
2791,0.4273129016594737,0.32328977156973376,0.24939732677079682,c234,c1
12748,0.39774664882089067,0.3594149582903781,0.24283839288872766,c1,c1
12704,0.2986578590362412,0.29613803990763654,0.4052041010561172,c1,c5
18275,0.5814479171099523,0.3292054555200702,0.08934662736998962,c234,c1
19829,0.4145799027826428,0.3098378178786137,0.2755822793387319,c1,c1
1246,0.22867635498607797,0.38843385656970025,0.3828897884442206,c5,c234
2750,0.39632680942835474,0.3236920639587681,0.27998112661287966,c1,c1
17791,0.17933450196956233,0.38573148044640093,0.4349340175840304,c234,c5
18748,0.693205674670059,0.17752923481936794,0.12926509051057947,c234,c1
7037,0.28846488791660263,0.35768163751892973,0.3538534745644711,c5,c234
1010,0.1257293084614954,0.24889715201068904,0.6253735395278143,c5,c5
4455,0.13872029268469993,0.23543788585232286,0.6258418214629786,c234,c5
269,0.37411574017943827,0.37145427694286626,0.2544299828776863,c1,c1
15822,0.24705982789064926,0.2966125480869271,0.4563276240224142,c5,c5
4114,0.15120588167081547,0.5185544156382108,0.33023970269097547,c234,c234
12970,0.2321632259560158,0.683856066977533,0.08398070706644536,c5,c234
7585,0.5693017805225644,0.3729349061246124,0.0577633133528227,c5,c1
17060,0.4191766658170583,0.33322231425709464,0.24760101992584638,c1,c1
9750,0.24674757768498148,0.4487127423219962,0.30453967999301473,c1,c234
5236,0.48361054814135557,0.2604610331423915,0.25592841871626365,c1,c1
6120,0.14025713912769724,0.3739076815967374,0.485835179275562,c234,c5
2313,0.35921306942067155,0.38436310023054077,0.2564238303487896,c5,c234
3054,0.17199310342301283,0.24334435033864965,0.5846625462383367,c234,c5
13972,0.31736131158166603,0.32057233126925483,0.36206635714907665,c5,c5
9905,0.10818082356633534,0.7417388565297858,0.15008031990388357,c234,c234
15331,0.29769558808804086,0.3021152568820114,0.40018915502995,c1,c5
11658,0.9962802646159218,0.0032315404603077886,0.00048819492377847636,c1,c1
4224,0.9235174143774372,0.05268992210163081,0.023792663520927806,c1,c1
15752,0.30968657735453214,0.47987402210199775,0.21043940054348312,c1,c234
10562,0.3857683512766856,0.3078842249560569,0.3063474237672662,c234,c1
10083,0.3167826242850756,0.4163865855604932,0.2668307901544364,c234,c234
9850,0.28190466236818634,0.16003472191119156,0.558060615720604,c5,c5
18975,0.2635743655990602,0.28090069056018685,0.4555249438407559,c5,c5
17973,0.3473366053876746,0.41843074633050786,0.23423264828181253,c234,c234
10458,0.5558967784486695,0.3747636006752043,0.06933962087611584,c234,c1
16484,0.3055096753890805,0.35744712029082776,0.3370432043200923,c1,c234
16002,0.49567255185243025,0.38273406742863936,0.12159338071893365,c5,c1
19234,0.15534115674793367,0.25345443680790514,0.5912044064441563,c234,c5
8508,0.6444287163690993,0.1592205864794408,0.19635069715146286,c5,c1
14948,0.31851555871268633,0.2399842144965445,0.44150022679077255,c1,c5
11899,0.16662425682844048,0.3255417914377665,0.5078339517338,c1,c5
10321,0.27786352392136004,0.5051377541557305,0.21699872192292208,c234,c234
2316,0.36123536418089125,0.22218925087829422,0.4165753849408089,c5,c5
6104,0.16776238016673944,0.71251279643034,0.11972482340290898,c5,c234
4087,0.40829508100282835,0.3264557278063702,0.2652491911907947,c1,c1
12571,0.5349374925264411,0.30219245026704467,0.1628700572065274,c234,c1
15625,0.11743048231607021,0.17051104926623242,0.7120584684176898,c5,c5
1596,0.14960713133253808,0.7330063910577174,0.11738647760973228,c234,c234
8630,0.19584306630126133,0.2636460994016066,0.5405108342971262,c5,c5
19088,0.3032692182508843,0.3230543411705777,0.3736764405785312,c5,c5
16211,0.7177435747955889,0.2657976341892652,0.016458791015142672,c5,c1
9440,0.021762907525559858,0.019516403643866146,0.9587206888305742,c5,c5
8734,0.16906638672223512,0.16014362462754345,0.670789988650226,c5,c5
12884,0.17318113632881385,0.23210943979115042,0.5947094238800412,c5,c5
3596,0.20478740904383888,0.4675195763704335,0.3276930145857209,c1,c234
18698,0.18730194945517026,0.15033226273200145,0.6623657878128241,c5,c5
1186,0.06464684107196923,0.12207440606157013,0.8132787528664635,c5,c5
13062,0.13393886274306563,0.2743757809178498,0.591685356339087,c5,c5
10127,0.3081410783911546,0.3040694317902737,0.3877894898185681,c1,c5
12041,0.5438892642741467,0.22939938498142357,0.22671135074442586,c1,c1
8392,0.27741734670347046,0.4909947528028908,0.23158790049363367,c5,c234
1004,0.3799852114580915,0.3463378650171924,0.2736769235247145,c1,c1
11968,0.22459363746181255,0.2825118091072107,0.49289455343097244,c5,c5
5944,0.6068166171643016,0.23362903095805723,0.1595543518776371,c234,c1
5158,0.21313982384371113,0.35176835974402787,0.43509181641226397,c5,c5
4465,0.38752667739172486,0.2997661903947524,0.31270713221353214,c5,c1
3279,0.28756828766986664,0.2919586526500824,0.42047305968005155,c234,c5
4879,0.3391155926309883,0.34197293769478126,0.3189114696742336,c234,c234
840,0.31420793990798773,0.36180809560118826,0.3239839644908249,c5,c234
1436,0.15965761462793443,0.14866522871341015,0.6916771566586577,c234,c5
11425,0.17383258456423448,0.23007370265078617,0.5960937127849848,c5,c5
4177,0.2742537270116188,0.32568540247228694,0.4000608705160955,c5,c5
14838,0.2056810771231845,0.235225866454146,0.559093056422672,c1,c5
13019,0.32257097854595035,0.32252969012084537,0.354899331333202,c5,c5
6361,0.2868062474739136,0.3791858517093846,0.33400790081670656,c234,c234
14273,0.38525246154816245,0.41093770040620464,0.20380983804563485,c234,c234
4677,0.2920432131435201,0.36040986257636776,0.34754692428011685,c1,c234
10546,0.08807511841533378,0.09810526324302607,0.8138196183416382,c5,c5
10509,0.4882057173739295,0.24832945407002166,0.26346482855605097,c234,c1
14019,0.43334105595145,0.34225983670879084,0.22439910733975843,c1,c1
13651,0.33549451788315654,0.3503865154168529,0.3141189667000041,c5,c234
14791,0.18792447865795836,0.3200554827603341,0.4920200385817089,c5,c5
14458,0.28781817555582023,0.3179511457924082,0.39423067865177114,c234,c5
11390,0.37453075130589314,0.32233832432196746,0.30313092437214595,c1,c1
11959,0.20462995637546288,0.18243158044485022,0.6129384631796876,c5,c5
4443,0.3485706901170448,0.31497344818455597,0.33645586169840314,c5,c1
11339,0.9924916021145896,0.006749465835123445,0.0007589320502954551,c234,c1
14503,0.5864685171267038,0.40747308680537325,0.00605839606793843,c1,c1
9794,0.4765236984779081,0.09740438124117246,0.4260719202809159,c234,c1
15832,0.13595046842727107,0.20683577426795388,0.6572137573047813,c5,c5
561,0.35929099691039457,0.31071781088437933,0.3299911922052292,c234,c1
19251,0.11879807175537688,0.3642007750854428,0.5170011531591922,c234,c5
13585,0.36847891578340564,0.4064474125921132,0.22507367162448347,c234,c234
11721,0.18922996153534566,0.20561119704669673,0.6051588414179562,c5,c5
12883,0.24066843317264358,0.44247922851435895,0.3168523383130015,c234,c234
15118,0.26730910326419305,0.3511615952067273,0.38152930152907016,c234,c5
16184,0.0699057188522007,0.08284726305150358,0.8472470180962987,c5,c5
12080,0.05393494091017745,0.05235282313738302,0.8937122359524456,c5,c5
5613,0.2407782490234546,0.4213394764762403,0.3378822745003111,c1,c234
16898,0.2558518330763641,0.4585878611030731,0.2855603058205596,c5,c234
15493,0.2513630916562105,0.2994083716473284,0.44922853669645996,c1,c5
13085,0.24742400126692904,0.2934152362015769,0.4591607625314965,c5,c5
3167,0.33452219836890823,0.23443097835732582,0.43104682327375904,c234,c5
19093,0.2631286671402977,0.4615815315917276,0.2752898012679698,c234,c234
11653,0.28830243660951255,0.5482811573311784,0.16341640605931446,c5,c234
16625,0.10284033591476245,0.7357644648069456,0.1613951992782958,c1,c234
15993,0.3192510324246602,0.27178166524893377,0.4089673023264038,c5,c5
4379,0.23533558553850778,0.479341905716666,0.28532250874482795,c234,c234
1760,0.34702798237691074,0.2509603898436717,0.40201162777941357,c234,c5
5986,0.5144488861325321,0.18407761635241066,0.3014734975150639,c5,c1
17385,0.31123272577659084,0.28187305680372704,0.4068942174196796,c5,c5
13457,0.3047313928922603,0.4512577855161412,0.24401082159159224,c5,c234
13295,0.655407683178985,0.28425532617756233,0.060336990643459286,c5,c1
13274,0.1543826017122639,0.270588746782528,0.5750286515052069,c234,c5
16928,0.31763380903119914,0.3599359663961151,0.322430224572686,c1,c234
3383,0.1857051441525477,0.32877466061413174,0.48552019523332746,c234,c5
7818,0.21362038240745373,0.11483646307944197,0.6715431545130989,c1,c5
1300,0.2932665878901567,0.3977133735524386,0.30902003855740195,c234,c234
1865,0.40104165116375995,0.38493505636870523,0.2140232924675489,c1,c1
17931,0.3606068652056212,0.4077892897922061,0.23160384500217676,c5,c234
11782,0.17139613387426386,0.37674137594319695,0.45186249018253766,c5,c5
19370,0.41747006788740154,0.4642867211475339,0.11824321096507459,c1,c234
2720,0.34728118747575504,0.32516358698540143,0.32755522553884375,c5,c1
12383,0.9691786671546039,0.02890917822833045,0.0019121546170754319,c1,c1
4234,0.13521801271877162,0.16571706887840434,0.699064918402819,c5,c5
17415,0.0925439742252057,0.19616719498182275,0.71128883079297,c234,c5
8437,0.40337402782078663,0.2321278971824396,0.3644980749967674,c234,c1
9755,0.48736239784380375,0.30560870552772057,0.20702889662846957,c5,c1
6217,0.3537769953059345,0.3619247276855112,0.28429827700855265,c234,c234
5316,0.23094443038727105,0.3038486084997711,0.46520696111296084,c5,c5
12628,0.3353289697072451,0.3180607453045866,0.3466102849881652,c5,c5
19048,0.1755996085895141,0.5898211043412428,0.23457928706923134,c234,c234
13372,0.15884844389170633,0.8191498860000183,0.022001670108271792,c234,c234
10013,0.19955104424140807,0.5967084757373354,0.20374048002125744,c5,c234
6013,0.35100509744084685,0.4321950984423281,0.21679980411681218,c5,c234
161,0.48431350892392966,0.25561304194573303,0.26007344913033625,c234,c1
11162,0.27792384106575063,0.5186720831445342,0.2034040757897223,c234,c234
16493,0.42500423972617846,0.31658393714343935,0.25841182313038596,c234,c1
7537,0.1929919414344665,0.3920911529122083,0.41491690565333095,c5,c5
1943,0.34728118747575504,0.32516358698540143,0.32755522553884375,c1,c1
16328,0.39681828873141334,0.5268317991459138,0.07634991212267596,c234,c234
10545,0.18751145014176962,0.35168509409357906,0.4608034557646522,c234,c5
10112,0.12882038833482928,0.3006248997363952,0.5705547119287859,c5,c5
4981,0.09309755473495723,0.06755457335968143,0.8393478719053522,c234,c5
4476,0.16200785284269567,0.30199535541081973,0.5359967917464707,c234,c5
11011,0.28788402914655686,0.3317107095654452,0.3804052612879945,c1,c5
8125,0.2697136969478569,0.3855083124318689,0.3447779906202774,c5,c234
14622,0.06786280560025759,0.21482671649010776,0.7173104779096391,c234,c5
176,0.2787020298703939,0.27229992778639955,0.44899804234320567,c5,c5
10868,0.33463377280022205,0.1306482333254483,0.5347179938743327,c5,c5
12067,0.1628037386175827,0.3824371970017739,0.4547590643806368,c5,c5
5945,0.5063026548135858,0.3058066487578497,0.18789069642857603,c234,c1
13744,0.17480092826709662,0.27441227082175446,0.5507868009111545,c234,c5
3519,0.30143341387827266,0.3598178167539375,0.338748769367784,c234,c234
19107,0.2421103823095649,0.41059530214950307,0.3472943155409354,c234,c234
4860,0.5784380466952701,0.3297802163676904,0.09178173693704514,c1,c1
18322,0.2743671927282264,0.48657848662113845,0.2390543206506295,c234,c234
10643,0.11224752565887823,0.5101288122916429,0.377623662049473,c234,c234
17264,0.155333673577824,0.444929224406955,0.39973710201521717,c5,c234
12412,0.26632725198147605,0.4349837692382825,0.29868897878024686,c1,c234
19722,0.4190043321889508,0.4119404653215094,0.16905520248953013,c1,c1
19214,0.5593919032376558,0.2913357958761932,0.14927230088615115,c1,c1
12434,0.25824989123570474,0.3224281236453543,0.41932198511893776,c234,c5
11951,0.24073890553372992,0.4185533580955966,0.3407077363706717,c5,c234
8169,0.25926531161026284,0.446821257333789,0.29391343105593765,c1,c234
10912,0.1328057189959972,0.15045387307038416,0.7167404079336199,c5,c5
18507,0.20140501448817794,0.37590303591794366,0.4226919495938715,c5,c5
2687,0.40174234724183605,0.4233200828228403,0.1749375699353221,c1,c234
7348,0.14600695204382633,0.30694032566437585,0.5470527222917958,c5,c5
7612,0.24882711880014494,0.3713166501602964,0.37985623103955934,c1,c5
19113,0.30017374905321936,0.31661254388838483,0.38321370705839713,c5,c5
16805,0.37439574637083994,0.5649346806159976,0.06066957301317872,c234,c234
19700,0.9510714981718937,0.04755798961162596,0.0013705122164847322,c1,c1
13474,0.6787779431890759,0.27415847716382774,0.04706357964709371,c1,c1
10116,0.1862567859025061,0.4545849248657918,0.35915828923170995,c5,c234
19015,0.32069339584882717,0.3964820355542815,0.2828245685968975,c234,c234
5857,0.18181910376840105,0.21384742128369327,0.6043334749479026,c5,c5
11618,0.9545424729912081,0.04414990819188371,0.0013076188169024506,c234,c1
8419,0.3069635270525618,0.3244196547310192,0.3686168182164211,c1,c5
13633,0.19905115847880567,0.2663996536432089,0.5345491878779921,c1,c5
5666,0.2674590160878161,0.41379711490913207,0.3187438690030401,c5,c234
13374,0.5592519131628245,0.2781837423100999,0.1625643445270806,c5,c1
4717,0.29485337536909706,0.3296554717661334,0.3754911528647683,c5,c5
9753,0.2276791035087313,0.3198524185006566,0.4524684779906191,c5,c5
9684,0.09908069167511899,0.12406496203590622,0.7768543462889763,c5,c5
11868,0.2525926189344218,0.4686042400673381,0.27880314099823517,c5,c234
2932,0.43134347556597774,0.283269074899216,0.2853874495348133,c1,c1
4601,0.22941912223107172,0.3256187514642437,0.44496212630468457,c1,c5
1681,0.5717061510432909,0.20719780705825144,0.22109604189844567,c234,c1
165,0.21297466412450583,0.24632630656403448,0.5406990293114544,c234,c5
5782,0.4534052347755844,0.4404942699912556,0.10610049523315575,c234,c1
9243,0.5598774168444528,0.34439761553349274,0.09572496762205565,c5,c1
18237,0.31707531105198844,0.4120434769906264,0.2708812119573816,c1,c234
10141,0.16704429733438766,0.35835975652371904,0.4745959461418822,c5,c5
1467,0.23293858062962525,0.35666859047760496,0.4103928288927655,c5,c5
17915,0.17975156140088439,0.3097192426326948,0.5105291959664315,c5,c5
13827,0.13397334809964614,0.6652856409521882,0.20074101094817784,c1,c234
10137,0.28439296022649674,0.4548299601383685,0.26077707963513114,c234,c234
3745,0.16693821555668356,0.5567297161280624,0.2763320683152543,c1,c234
17832,0.40180226849878925,0.4684428172360539,0.12975491426516855,c1,c234
17308,0.5253717265669142,0.2589751650335544,0.21565310839953294,c1,c1
1775,0.31788331549889676,0.09286551590638585,0.5892511685947093,c234,c5
12729,0.11813444764800089,0.27747112534769747,0.6043944270042962,c5,c5
8401,0.2923048043908449,0.3768976936224823,0.3307975019866782,c234,c234
3532,0.2470951524373264,0.4361515356605093,0.3167533119021703,c234,c234
7857,0.20752896759720466,0.260076277536063,0.5323947548667388,c5,c5
10196,0.38945459674488525,0.3703042158333174,0.24024118742179718,c1,c1
3869,0.5749734086263242,0.2941521428128122,0.13087444856087624,c1,c1
16106,0.37532207039337007,0.3455858679377704,0.27909206166885847,c1,c1
5827,0.17945171383123745,0.19249851070520996,0.6280497754635517,c5,c5
9649,0.22059098371133073,0.4841704108059171,0.295238605482748,c5,c234
8496,0.7786000916459793,0.1957831489449991,0.025616759409025396,c234,c1
18939,0.2803092421064349,0.3682105280924503,0.35148022980110816,c5,c234
2477,0.16697659141132248,0.36276630264654197,0.4702571059421325,c234,c5
13555,0.28336515282650676,0.4021928104140753,0.3144420367594147,c5,c234
10078,0.11646075667262781,0.08480902262011229,0.7987302207072533,c234,c5
19117,0.4750659932000827,0.5181677408972637,0.00676626590264752,c234,c234
8182,0.5233837936247274,0.2120742490005379,0.2645419573747296,c1,c1
2727,0.23097014835317067,0.3630649938903986,0.40596485775643,c5,c5
19653,0.24533884304039064,0.49088074165937357,0.2637804153002354,c5,c234
8327,0.20961187593670905,0.3842016151452782,0.4061865089180125,c1,c5
6961,0.48603177441805195,0.24447116455827594,0.26949706102367604,c1,c1
4186,0.14081487186974287,0.18416544359596848,0.6750196845342951,c234,c5
10004,0.24226759382679036,0.46727274243054173,0.2904596637426687,c1,c234
14109,0.3518269213893276,0.36191488305336594,0.2862581955573058,c1,c234
13187,0.2733060917326776,0.36545978836953746,0.3612341198977778,c234,c234
46,0.2817685460210292,0.38509633487000844,0.3331351191089603,c1,c234
2978,0.23163227952872598,0.4681972816265138,0.30017043884475425,c234,c234
8621,0.2539327350546639,0.2689482263249002,0.4771190386204307,c5,c5
19186,0.7280308758062777,0.20238335208382366,0.06958577210988566,c5,c1
4479,0.17739857695530822,0.3645982284603878,0.4580031945843009,c1,c5
14338,0.5001008015564339,0.44889711892235673,0.0510020795212269,c234,c1
18817,0.34728118747575504,0.32516358698540143,0.32755522553884375,c1,c1
9866,0.2343520002519466,0.4147315065923257,0.3509164931557313,c5,c234
1786,0.26293857705807966,0.3032309556781144,0.4338304672638036,c1,c5
4104,0.4606853656472705,0.17685148028956704,0.36246315406315843,c234,c1
12086,0.06644793814823,0.15129361588173526,0.7822584459700374,c5,c5
914,0.3928756691188653,0.3075959758601975,0.2995283550209411,c5,c1
12096,0.19015133612941026,0.26262626259413746,0.5472224012764544,c5,c5
8146,0.1253936632400824,0.28769818358979105,0.5869081531701283,c5,c5
18604,0.2052187796195702,0.43830112898082324,0.3564800913996108,c5,c234
4670,0.34467528712407813,0.3205497363323581,0.3347749765435619,c234,c1
721,0.2728546304684389,0.398672337359284,0.32847303217227247,c5,c234
14894,0.662946862280915,0.234228997084746,0.10282414063434206,c234,c1
537,0.4294826306049032,0.2255808237740944,0.3449365456210017,c5,c1
3927,0.22020046620518707,0.46304736624795245,0.31675216754684776,c234,c234
4232,0.292208193492887,0.3588303200029986,0.34896148650411596,c5,c234
17548,0.42829663178752764,0.2912089777471958,0.2804943904652736,c5,c1
6018,0.23372607051442293,0.43458299648126814,0.3316909330043159,c5,c234
9088,0.519907019930222,0.3831947911072531,0.09689818896252289,c234,c1
1206,0.2961259427724941,0.4271567748182611,0.2767172824092513,c234,c234
16510,0.2609737748832516,0.4663213018726931,0.27270492324405626,c234,c234
11491,0.12397016657735575,0.4525328638318049,0.42349696959084093,c234,c234
5591,0.09812754532880061,0.38419539543402137,0.517677059237176,c5,c5
12460,0.28508384139913445,0.2701750350968628,0.4447411235039944,c1,c5
1239,0.5343247733498886,0.06525341814493331,0.4004218085051871,c5,c1
18801,0.2944942576514923,0.36524739708028203,0.34025834526822274,c1,c234
4617,0.2076068645217673,0.47732074123879836,0.31507239423943617,c5,c234
51,0.39488091921247925,0.30117181268640847,0.3039472681011126,c234,c1
18511,0.7286431183094954,0.23844528062061646,0.03291160106989304,c234,c1
15443,0.7131813160704883,0.2467617758948261,0.04005690803468303,c1,c1
4757,0.18337580506721865,0.5173409527506536,0.29928324218213465,c1,c234
19218,0.8325259333696382,0.07067777115677609,0.09679629547357406,c1,c1
8329,0.25555349527580806,0.28462372596220126,0.45982277876198935,c1,c5
18406,0.10225384811432126,0.18042269050814075,0.7173234613775373,c234,c5
19369,0.16119966873458524,0.27445271911247143,0.5643476121529374,c234,c5
16148,0.3602293472365298,0.3514240427409743,0.28834661002250195,c5,c1
5440,0.49140383476237093,0.37642453909411544,0.13217162614351283,c1,c1
16130,0.03672550385724517,0.19274024100774265,0.7705342551350151,c234,c5
14372,0.22959442416904535,0.5286933278774466,0.2417122479535039,c1,c234
2055,0.22952781323437674,0.49674594546235185,0.2737262413032754,c5,c234
2897,0.33108341157532245,0.32801033961842,0.34090624880625814,c5,c5
13194,0.07606625843956417,0.2466027704366046,0.6773309711238314,c5,c5
11522,0.46497551807862725,0.30210770442819523,0.2329167774931798,c5,c1
12535,0.18387060492809712,0.4454832893514104,0.37064610572048695,c234,c234
582,0.9854678278507293,0.008121198160535055,0.006410973988737441,c1,c1
11571,0.24565055164332977,0.3535907417753595,0.4007587065813246,c5,c5
8449,0.18730483781745444,0.36560898101830286,0.4470861811642427,c5,c5
10580,0.998194748733476,0.0016293258706226086,0.00017592539590401317,c234,c1
16361,0.9120203850898838,0.07378297315200455,0.014196641758106539,c1,c1
7560,0.3185152962492465,0.4420750303925138,0.23940967335825203,c234,c234
11223,0.23402716546657948,0.2856685270531708,0.4803043074802476,c5,c5
10249,0.34715963582293596,0.3679556881765663,0.2848846760005108,c1,c234
10374,0.7256303772480555,0.23585944612786358,0.038510176624091015,c234,c1
12671,0.35452446886373956,0.3566919652983138,0.28878356583793435,c234,c234
14367,0.2610540226674464,0.3315208375129039,0.4074251398196554,c234,c5
7817,0.18511146115728372,0.29935240613450737,0.5155361327082048,c5,c5
8724,0.1657512625954679,0.2263044463684749,0.6079442910360568,c5,c5
7606,0.37571552629574984,0.48795446881461657,0.13633000488963162,c1,c234
7483,0.8397642946611751,0.12808500872389003,0.032150696614948585,c5,c1
7283,0.2746850703452851,0.3583997020340159,0.36691522762070294,c234,c5
9692,0.26527367573226174,0.3579761440050454,0.3767501802626924,c1,c5
5234,0.5911688878346139,0.31993096783080716,0.08890014433456946,c5,c1
1381,0.24875160633301036,0.41672829910656156,0.33452009456044146,c234,c234
13787,0.128712297609814,0.5468375333592225,0.3244501690309666,c234,c234
4287,0.22134989642537856,0.21402497960539413,0.5646251239692269,c5,c5
12919,0.6370628140372672,0.2908545153001763,0.07208267066256902,c1,c1
15372,0.14328804519234492,0.32459568959964724,0.5321162652080113,c234,c5
17891,0.3502235114360613,0.4069306843003623,0.24284580426357488,c5,c234
12597,0.6652920769963353,0.24450266038325738,0.09020526262041315,c1,c1
19249,0.6412023095936651,0.198897707520762,0.15989998288557727,c1,c1
17222,0.2996125894264494,0.26188785448680557,0.43849955608674135,c5,c5
5344,0.33848492849578987,0.2847328627692544,0.3767822087349613,c234,c5
13060,0.15694665238363634,0.3050483239304547,0.5380050236859029,c234,c5
15364,0.1966121521354481,0.3589146992934465,0.4444731485711098,c1,c5
5001,0.9368453149054883,0.06025003747391482,0.0029046476205924245,c1,c1
306,0.34728118747575504,0.32516358698540143,0.32755522553884375,c234,c1
11038,0.5120286754872513,0.21452086170919446,0.27345046280354895,c234,c1
3391,0.09474628772268441,0.2971593476700467,0.6080943646072787,c5,c5
16594,0.8991273284075771,0.09602255651422933,0.004850115078183933,c234,c1
5398,0.15988545553412445,0.6355142459676377,0.20460029849824807,c5,c234
13463,0.21907314295589267,0.42768535495378013,0.3532415020903263,c234,c234
10259,0.1757660822991958,0.3715753390640006,0.4526585786367964,c234,c5
16494,0.3162336694685494,0.3780488840798552,0.30571744645160126,c1,c234
12984,0.2188663092054288,0.3284424850143723,0.45269120578020317,c5,c5
4313,0.19383746855032222,0.5038713506909749,0.30229118075869954,c5,c234
6990,0.36425150668239464,0.4149804800614158,0.22076801325620155,c5,c234
12058,0.1704086832472062,0.2543853297235225,0.5752059870292731,c234,c5
15750,0.05610648704203155,0.11109168353152464,0.8328018294264476,c5,c5
11637,0.601596468840167,0.26029214920337945,0.1381113819564488,c234,c1
11682,0.36313481699785477,0.396458615563818,0.24040656743832076,c234,c234
3463,0.28613099280666676,0.40698205400721,0.30688695318611975,c234,c234
13195,0.28969862124020734,0.3073698552546939,0.40293152350509986,c234,c5
8360,0.6158493373866899,0.2319585098530322,0.15219215276027181,c1,c1
5114,0.7010254674505515,0.24987558603364327,0.0490989465158176,c5,c1
14579,0.19540803594607603,0.20930957719934967,0.5952823868545751,c5,c5
8337,0.4991527849972608,0.27624376818827423,0.2246034468144633,c1,c1
17521,0.36236455039071325,0.4737436920707661,0.16389175753853455,c5,c234
11440,0.2896593340285522,0.5876304686487789,0.12271019732267639,c234,c234
10881,0.47574144980352884,0.292474016738046,0.23178453345841904,c234,c1
6487,0.29936547840788086,0.43385862773833317,0.26677589385378786,c1,c234
2319,0.3223431083516275,0.3938050550502427,0.2838518365981361,c5,c234
2666,0.15895564935827475,0.3500765736306436,0.4909677770110742,c5,c5
9282,0.4644760665005788,0.36443118417870624,0.17109274932072838,c234,c1
1806,0.25946783032185344,0.3816480920870718,0.3588840775910817,c5,c234
7863,0.3073056204972551,0.2602760454427608,0.43241833405998453,c234,c5
5628,0.4745306864453149,0.19760173729723451,0.3278675762574549,c5,c1
18153,0.3571669932803843,0.3862223402751591,0.25661066644446756,c234,c234
14897,0.16442735466463873,0.3034997035101231,0.5320729418252323,c234,c5
8509,0.23418551378027883,0.39250099600430555,0.37331349021541116,c5,c234
123,0.9652416262660505,0.03298195794076711,0.001776415793173156,c234,c1
2659,0.441679794358651,0.2880481425528059,0.2702720630885468,c1,c1
9690,0.28706663802133514,0.3997641640058673,0.31316919797280274,c5,c234
19789,0.39006258924539255,0.23278383994978752,0.37715357080481254,c1,c1
5152,0.1924555528564406,0.49498954029757286,0.31255490684598475,c234,c234
4974,0.3036264721268736,0.33843821327410817,0.357935314599012,c1,c5
8728,0.9999899835164295,5.746288921038957e-06,4.270194639529762e-06,c1,c1
7042,0.7117620709715688,0.2206000873331488,0.06763784169528925,c1,c1
9375,0.06710088381297717,0.3758240758906878,0.5570750402963284,c234,c5
10513,0.11575967503623459,0.10917270953483223,0.7750676154289324,c234,c5
4360,0.12104260628266998,0.09091373662943884,0.7880436570879034,c5,c5
14178,0.12412055376393255,0.7482922652111798,0.12758718102488717,c234,c234
6978,0.8644585885322751,0.060092245349778334,0.07544916611794393,c1,c1
5087,0.336167634739224,0.3417644617541392,0.32206790350663966,c1,c234
15151,0.13729481539112012,0.15493235408318082,0.7077728305256958,c5,c5
13541,0.3090204486448484,0.6391544732111102,0.051825078144025025,c5,c234
3643,0.22149704913903684,0.7026994943599937,0.07580345650097142,c1,c234
14345,0.17859395163857641,0.22121995713903844,0.6001860912223851,c1,c5
2354,0.21543284060266746,0.3649868443349498,0.41958031506237986,c5,c5
4552,0.24028440264513984,0.4080846130758848,0.3516309842789758,c5,c234
18589,0.21658655825483486,0.4001674008349581,0.38324604091021874,c234,c234
19454,0.1336256104754917,0.20901620056243517,0.6573581889620762,c234,c5
16573,0.25121059112895894,0.5066435780617654,0.24214583080926658,c1,c234
15546,0.22935733278324238,0.11163112866592266,0.6590115385508303,c5,c5
7198,0.2973525384573754,0.3044485566922853,0.39819890485033455,c1,c5
6215,0.4294838204983798,0.35767963917293866,0.21283654032868388,c234,c1
19421,0.13942955650965694,0.27550189312480716,0.5850685503655323,c5,c5
16177,0.6320423032577809,0.20568481962302837,0.16227287711918675,c1,c1
15858,0.4103095693461399,0.18843069461837939,0.4012597360354773,c5,c1
13811,0.2760531645936309,0.4274183385697239,0.2965284968366518,c234,c234
11630,0.4034815667668904,0.2597717101561465,0.33674672307696557,c1,c1
6297,0.2876154021434531,0.33117577117364466,0.3812088266828993,c5,c5
19165,0.22106872358533713,0.4802422722178303,0.29868900419684585,c234,c234
5755,0.1791712410921159,0.5517331041845032,0.2690956547233831,c234,c234
17377,0.23078182328493696,0.24093011779048962,0.5282880589245732,c5,c5
329,0.2825828869531908,0.18017636881618163,0.5372407442306245,c5,c5
12791,0.5220913729839852,0.20706492703891788,0.2708436999770963,c1,c1
6247,0.09658433919136607,0.7545424821278188,0.1488731786808133,c5,c234
18864,0.998194748733476,0.0016293258706226086,0.00017592539590401317,c234,c1
15585,0.3680806797824088,0.44884247615063616,0.18307684406695734,c1,c234
1827,0.20217326040189265,0.2803192680030622,0.5175074715950476,c234,c5
15196,0.23326109303246254,0.2757941857513456,0.49094472121619404,c234,c5
14874,0.1594977297036639,0.19563593281504194,0.6448663374812895,c5,c5
19619,0.31565150977911827,0.35562347362370156,0.32872501659718567,c1,c234
6516,0.46397654129200244,0.19859966899348813,0.33742378971450376,c5,c1
19754,0.2508320435092952,0.38155989469245294,0.3676080617982608,c5,c234
10672,0.6228159383922389,0.19975399008232564,0.17743007152543508,c5,c1
2868,0.7535313507733512,0.23164837792417375,0.014820271302476424,c234,c1
18224,0.7843317347115706,0.16319425507246105,0.052474010215961174,c234,c1
17790,0.1875393095001005,0.40780745777807464,0.40465323272182335,c1,c234
7968,0.29108942879772026,0.45039545691813093,0.2585151142841553,c5,c234
10763,0.4079560351984839,0.4712432044459445,0.12080076035556235,c234,c234
11147,0.24839810775950136,0.34482525393339136,0.40677663830710464,c5,c5
15487,0.24607253302265764,0.5180636981273825,0.23586376884995136,c5,c234
5602,0.31989415293595386,0.38322839318506186,0.2968774538789826,c234,c234
10460,0.3490558276888208,0.29499106851121776,0.3559531037999661,c5,c5
12960,0.552347606184192,0.10475020530495163,0.3429021885108502,c1,c1
5736,0.33400851700589024,0.4176061962206445,0.24838528677346916,c1,c234
6640,0.3960824456259174,0.2684054558699776,0.33551209850410785,c234,c1
3075,0.37798390591805997,0.4053264422361213,0.21668965184581374,c1,c234
15451,0.20946447235100873,0.2006894979243057,0.5898460297246865,c5,c5
15808,0.2898770988291353,0.4527318483576993,0.2573910528131626,c5,c234
17102,0.16816665846785164,0.3273183428858921,0.50451499864627,c234,c5
9347,0.22826027069362637,0.3392147996115611,0.43252492969481293,c5,c5
15383,0.14549660293686104,0.6426360001668305,0.21186739689630493,c1,c234
2178,0.4294090462452415,0.2964382269516077,0.27415272680314795,c1,c1
18836,0.27292415420577903,0.35266425915045546,0.3744115866437637,c1,c5
9042,0.5685683470565677,0.30148700211272284,0.12994465083070356,c1,c1
10540,0.1865257417686006,0.370841394527874,0.4426328637035241,c5,c5
1875,0.09394603810988603,0.6103904852105491,0.29566347667957055,c234,c234
9322,0.19649820654512726,0.34399360827756503,0.45950818517731074,c5,c5
2403,0.29071321764859426,0.25799069319761364,0.451296089153791,c5,c5
6530,0.11195509663642687,0.10560720401118212,0.7824376993523902,c1,c5
4819,0.308680036978874,0.4345978384021408,0.2567221246189846,c5,c234
10446,0.7496063747367051,0.20373164438362115,0.04666198087968322,c1,c1
19667,0.5295210095460917,0.36638971586655483,0.10408927458735434,c234,c1
19693,0.3901271387036404,0.5184038026534138,0.09146905864294841,c1,c234
4138,0.26542458360530624,0.3567126061467541,0.37786281024794044,c1,c5
11118,0.35238207167229896,0.3514255698586795,0.2961923584690242,c234,c1
15379,0.11988852389508468,0.24853008031973303,0.6315813957851775,c5,c5
6462,0.653845161793038,0.25196665666471785,0.09418818154224066,c234,c1
7023,0.249306613470054,0.2899019792961,0.4607914072338491,c5,c5
14899,0.238663008710643,0.4542241888946423,0.3071128023947081,c234,c234
4646,0.1472500085040196,0.7598835700127959,0.09286642148317205,c234,c234
19168,0.29105967741764066,0.30962486138480094,0.3993154611975562,c234,c5
11175,0.627916562273858,0.16662963600479255,0.20545380172135239,c1,c1
19655,0.5153340786929189,0.1934768885440573,0.291189032763026,c5,c1
808,0.19797877045525775,0.4096058645753829,0.39241536496936813,c234,c234
3436,0.19345378374475136,0.35033162769893345,0.4562145885563142,c5,c5
9840,0.33969347742149625,0.4140369036221782,0.246269618956317,c234,c234
14539,0.31531967425790347,0.4669767508201952,0.217703574921894,c234,c234
19510,0.8047465053628758,0.07942594037042422,0.1158275542666949,c1,c1
266,0.12685911552265194,0.4311662085127559,0.44197467596459233,c234,c5
4146,0.23046697794369794,0.29561995804314567,0.47391306401314987,c5,c5
9965,0.28932730134636303,0.4087361015833535,0.30193659707029136,c234,c234
18969,0.21671542063239832,0.32689736931410873,0.4563872100534876,c234,c5
3778,0.14661136756646312,0.29818490353332233,0.5552037289002142,c5,c5
19204,0.20066667172357527,0.3457393850438192,0.4535939432325982,c1,c5
12268,0.3298929297259775,0.3724828417598886,0.29762422851413206,c234,c234
6061,0.3640940310405418,0.4250687760314922,0.21083719292797454,c5,c234
7965,0.1682807037921259,0.3166616212578884,0.5150576749499907,c5,c5
17553,0.048105357459708245,0.10429878348204621,0.8475958590582485,c234,c5
5078,0.21908911873062123,0.5469580386597106,0.23395284260966426,c234,c234
1790,0.6052287625857102,0.3717177355823624,0.023053501831925883,c234,c1
1112,0.3093249742556895,0.40613196775425897,0.28454305799004803,c5,c234
9358,0.4332858619651792,0.3799771955756978,0.18673694245912204,c234,c1
19871,0.05613397937135203,0.05953962763029453,0.8843263929983568,c5,c5
13188,0.1272248190490813,0.13464164363553685,0.7381335373153848,c5,c5
10343,0.313740468520882,0.389044195776171,0.29721533570295905,c234,c234
18397,0.1645424909195695,0.27601419922721443,0.5594433098532104,c5,c5
3642,0.3102072607754576,0.23129635332488624,0.4584963858996594,c5,c5
14394,0.2454289970934333,0.3762673731500601,0.3783036297565063,c1,c5
18099,0.4388977449328405,0.3770979501434319,0.1840043049237333,c234,c1
12392,0.25640501587998116,0.20016960729083877,0.5434253768291871,c5,c5
19927,0.3168633450325003,0.40683950663976276,0.27629714832774127,c1,c234
16724,0.27432300456350683,0.373280238220023,0.35239675721646496,c234,c234
13040,0.30340457148778005,0.3493955088511021,0.3471999196611139,c5,c234
18962,0.2802507287712097,0.30254890467543766,0.41720036655335657,c5,c5
11317,0.3948318313200126,0.2951946380296158,0.3099735306503694,c5,c1
3767,0.06703628854732692,0.45801338898080257,0.4749503224718753,c1,c5
12223,0.27846518825611893,0.42712481944872843,0.29440999229515774,c5,c234
7336,0.1287275309480697,0.24607721303097993,0.6251952560209492,c234,c5
6976,0.1256723996274039,0.224046697911872,0.6502809024607249,c1,c5
11281,0.22658119077677621,0.689765384496907,0.08365342472633035,c5,c234
13594,0.6444287163690993,0.1592205864794408,0.19635069715146286,c5,c1
17916,0.3167348167145633,0.2806707108110737,0.40259447247435615,c234,c5
10342,0.2913323964350368,0.46506918224348454,0.2435984213214909,c234,c234
4984,0.35641733784961527,0.21518361219134163,0.4283990499590384,c234,c5
17172,0.10431392308984958,0.17612607806111163,0.7195599988490383,c1,c5
11648,0.2121603418339052,0.2191313621979276,0.5687082959681586,c5,c5
3136,0.9922100371403779,0.007456081613106501,0.00033388124649558676,c234,c1
17330,0.4667062915953035,0.17940640345800427,0.35388730494669013,c234,c1
18827,0.2784611644497558,0.4322580121847223,0.28928082336552513,c234,c234
7299,0.5530187873715756,0.32011613273388506,0.12686507989452586,c1,c1
13243,0.8720359123390047,0.058522256817601065,0.06944183084339484,c1,c1
2981,0.22357171289078,0.21857248900096407,0.5578557981082561,c1,c5
3472,0.24283621006634465,0.40169649256403356,0.35546729736962696,c5,c234
2633,0.25976112480780184,0.32143935057569784,0.4187995246164993,c234,c5
7670,0.7177435747955889,0.2657976341892652,0.016458791015142672,c1,c1
19360,0.6597056207596742,0.28671386228816576,0.053580516952165556,c5,c1
12354,0.6941870558564563,0.17257510394850648,0.1332378401950407,c5,c1
18265,0.16711858877121555,0.23549813388977747,0.5973832773390068,c234,c5
17405,0.34303393737936383,0.44631701589584505,0.2106490467247843,c1,c234
10844,0.6763140979728449,0.20574399057234166,0.11794191145481231,c234,c1
2013,0.2015405086684033,0.3199907303920913,0.4784687609395052,c5,c5
15705,0.297303363770808,0.40897925967290516,0.29371737655628594,c5,c234
12483,0.08674944816159962,0.055029379947769255,0.8582211718906381,c5,c5
12229,0.639283416379463,0.15033806620145956,0.21037851741906952,c5,c1
18539,0.35062924336135914,0.4591631729200233,0.1902075837186123,c5,c234
10237,0.2216764289158096,0.3219986942400015,0.45632487684420125,c5,c5
4935,0.34728118747575504,0.32516358698540143,0.32755522553884375,c5,c1
1929,0.1547100833978584,0.7985197746308548,0.04677014197127884,c234,c234
2065,0.3646320912378103,0.39283474825574366,0.24253316050644286,c234,c234
15806,0.9683642811995667,0.03000291612003252,0.0016328026803996342,c1,c1
871,0.03251119265760767,0.20394661593465008,0.7635421914077472,c5,c5
18114,0.2987480092858173,0.4133729155963002,0.28787907511789357,c5,c234
18794,0.15045989801125675,0.1214108038179357,0.7281292981708094,c1,c5
2144,0.40403397319035195,0.38389183096699175,0.2120741958426565,c1,c1
558,0.500461866468432,0.20414277675540338,0.2953953567761658,c5,c1
4932,0.28331072044334005,0.26957826247353756,0.44711101708312195,c5,c5
7016,0.43227370928367986,0.3383379353213427,0.2293883553949773,c234,c1
14025,0.41234998344898444,0.11371427441444659,0.4739357421365675,c5,c5
14060,0.7158260043006749,0.18480719645018304,0.09936679924913801,c1,c1
4316,0.6816407158709274,0.24139078846606707,0.076968495663018,c1,c1
9981,0.3896717959416238,0.2752105810927859,0.335117622965596,c1,c1
5436,0.22358050147270317,0.4539776481801519,0.32244185034714606,c234,c234
16491,0.5300540531523598,0.3157228536547369,0.15422309319291638,c1,c1
4848,0.2953467238997367,0.44869717547594656,0.2559561006243127,c1,c234
12218,0.27422613727225276,0.43355011807687854,0.2922237446508626,c234,c234
5680,0.2830222210465894,0.3066903530246381,0.41028742592877776,c5,c5
9020,0.1369614707628147,0.1991340597843425,0.6639044694528466,c1,c5
18556,0.09871663659311329,0.4266159304834395,0.4746674329234497,c1,c5
10660,0.956810648667815,0.0418706137474562,0.001318737584728331,c1,c1
1092,0.26175772243281403,0.3756836673833688,0.36255861018381025,c234,c234
17104,0.653357892409685,0.20396114546679212,0.14268096212351936,c234,c1
10642,0.4299103603502809,0.35743257771683357,0.2126570619328917,c1,c1
18606,0.5144488861325321,0.18407761635241066,0.3014734975150639,c234,c1
10239,0.2960142640789509,0.40936259907275757,0.2946231368482936,c234,c234
2281,0.4010327934147303,0.38791913214787194,0.21104807443740042,c1,c1
920,0.5441442062617331,0.3154179533049436,0.14043784043332083,c234,c1
7012,0.26068739854504097,0.2700039631491792,0.4693086383057694,c5,c5
18433,0.2744686380264722,0.354909110314393,0.3706222516591384,c1,c5
5651,0.1947768479951257,0.24834438803372438,0.5568787639711569,c1,c5
10358,0.11421097251868172,0.7388730542611175,0.14691597322020739,c234,c234
16033,0.3021320643694706,0.2877606666989591,0.410107268931572,c5,c5
2424,0.21195909101902397,0.5675182383350451,0.22052267064593944,c5,c234
11486,0.13787648927767582,0.5391088794036298,0.3230146313187005,c1,c234
19862,0.16996302104427677,0.6404635837580304,0.1895733951977057,c234,c234
18384,0.3499635062346026,0.3286207595553064,0.3214157342100874,c1,c1
10820,0.791595102091737,0.1829472707110819,0.02545762719718416,c1,c1
9754,0.4299103603502809,0.35743257771683357,0.2126570619328917,c1,c1
15586,0.26318694523622305,0.34560340295337033,0.39120965181040585,c1,c5
9306,0.6294414913328623,0.2913377023223613,0.07922080634478712,c5,c1
15482,0.22324658483596893,0.5444384751836481,0.23231493998037772,c5,c234
16283,0.2383698990861849,0.36323991704932324,0.3983901838644864,c5,c5
13530,0.26451412497047305,0.2888200293022379,0.4466658457272859,c5,c5
10279,0.027812678942880344,0.03692705837356817,0.9352602626835594,c5,c5
7059,0.21268997793724687,0.20584915405025697,0.5814608680124903,c234,c5
2706,0.20185136424584382,0.3405129115493306,0.45763572420482523,c234,c5
18872,0.3004558115259356,0.4986508581422664,0.20089333033179313,c234,c234
6037,0.23644698703632294,0.21747429476374505,0.5460787181999346,c5,c5
15643,0.14130949865460773,0.253120682343044,0.6055698190023443,c5,c5
16032,0.14955823422921877,0.33633673688159677,0.5141050288891811,c5,c5
544,0.13659701298554588,0.6944156932054049,0.16898729380905023,c234,c234
8859,0.1629994951367209,0.2671780333330446,0.56982247153024,c5,c5
10657,0.19307726515919088,0.22126406825227438,0.5856586665885313,c5,c5
8559,0.2565941884052548,0.4312391554903875,0.31216665610437155,c5,c234
8381,0.1509531031284512,0.281727338101304,0.5673195587702492,c5,c5
6527,0.4299103603502809,0.35743257771683357,0.2126570619328917,c1,c1
15647,0.64662325645825,0.2246288434437906,0.12874790009796258,c1,c1
9547,0.2021556186150974,0.5132317937748575,0.2846125876100326,c234,c234
5630,0.382719295504447,0.3060191524008005,0.3112615520947489,c5,c1
5210,0.2832276707267635,0.3258498242896412,0.39092250498358533,c1,c5
11490,0.31667553518996794,0.36890147096257325,0.31442299384745503,c1,c234
1720,0.20912248611077253,0.406786539636073,0.38409097425315597,c1,c234
16260,0.3432651411053223,0.49143491722404936,0.16529994167063908,c234,c234
1748,0.2278567098965641,0.6310829681784375,0.14106032192499518,c234,c234
8160,0.20951843369799336,0.22435044877479307,0.5661311175272138,c5,c5
268,0.18198687286770054,0.24196850315733967,0.5760446239749654,c5,c5
19136,0.34591536732103817,0.29045536112575504,0.3636292715532032,c1,c5
2010,0.1663074625162427,0.22388712681327105,0.6098054106704834,c234,c5
9379,0.0826902606316798,0.18805953039207812,0.7292502089762456,c234,c5
15595,0.5282678413482138,0.3256565964625439,0.14607556218924206,c5,c1
1100,0.3482938749037444,0.41032684616578885,0.2413792789304706,c234,c234
261,0.21644422581870942,0.3537269931825729,0.4298287809987163,c1,c5
11799,0.1547239629039976,0.2577266902860147,0.5875493468099908,c5,c5
10579,0.18884659472068288,0.36697416361994195,0.4441792416593716,c1,c5
9092,0.7640790682232121,0.1518361486967477,0.08408478308004859,c234,c1
9582,0.3426747073177148,0.5606747198077372,0.09665057287454756,c234,c234
4674,0.19713837093299819,0.4423808900052478,0.36048073906175837,c234,c234
15407,0.257228434314789,0.36822172603691966,0.3745498396482904,c5,c5
1041,0.16570857014606086,0.30242125956975935,0.5318701702841659,c5,c5
18189,0.3769415065024879,0.22926027696242257,0.3937982165350851,c234,c5
13029,0.29030301454457025,0.4108196093521006,0.298877376103326,c1,c234
1989,0.33108341157532245,0.32801033961842,0.34090624880625814,c1,c5
3270,0.24599036016346326,0.3388712875137026,0.41513835232283586,c5,c5
6211,0.9691786671546039,0.02890917822833045,0.0019121546170754319,c1,c1
15325,0.8840340710043108,0.11027829682639052,0.005687632169291268,c234,c1
18279,0.5125963845660385,0.3404712328213334,0.14693238261263447,c234,c1
13876,0.4614590146073562,0.28156588242431196,0.25697510296833115,c1,c1
13950,0.35256635028533295,0.4163605236448157,0.23107312606984906,c5,c234
6078,0.4840601136863556,0.34719162312888496,0.1687482631847598,c5,c1
18349,0.16231079179573257,0.2686626520888313,0.5690265561154293,c5,c5
2542,0.35235029886917485,0.3610590342188374,0.2865906669119849,c1,c234
295,0.21454404691057952,0.3856885399589276,0.39976741313049563,c1,c5
18747,0.483442366616609,0.3577948625539877,0.15876277082938936,c234,c1
5938,0.22284267436160077,0.29150914074466605,0.48564818489373013,c1,c5
8397,0.4971169858117942,0.2673405686068059,0.23554244558140217,c234,c1
18009,0.21152276226402017,0.38040113150881016,0.40807610622715873,c5,c5
15967,0.9962802646159218,0.0032315404603077886,0.00048819492377847636,c1,c1
8165,0.2984159493984462,0.19890346903698236,0.502680581564567,c5,c5
17996,0.6444287163690993,0.1592205864794408,0.19635069715146286,c1,c1
19626,0.30247167425199784,0.33168282583559167,0.36584549991240617,c1,c5
8623,0.14751955286485421,0.20290851490752299,0.6495719322276291,c5,c5
6183,0.19463105052449098,0.3938074886972873,0.4115614607782189,c5,c5
1900,0.23624064572172102,0.4086860139712704,0.3550733403070004,c234,c234
6503,0.09329396323084782,0.2851729989545855,0.6215330378145636,c5,c5
19009,0.1431565160156758,0.40407919701411255,0.45276428697021476,c234,c5
10254,0.05674746210653418,0.10248427113516834,0.8407682667582843,c5,c5
11252,0.24409282119871634,0.2962409068414617,0.45966627195981863,c234,c5
1981,0.13062310932223628,0.5048780086975027,0.3644988819802708,c1,c234
443,0.33728348968551497,0.2778801763143852,0.3848363340000894,c234,c5
8188,0.9481580948875409,0.036974036936796885,0.014867868175649921,c1,c1
640,0.2094630703140786,0.33473893805873123,0.4557979916271764,c5,c5
10375,0.12683973862374187,0.13682979117488037,0.7363304702013795,c5,c5
15362,0.0402606120063311,0.05698805943389626,0.9027513285597775,c234,c5
10088,0.2709240155811179,0.45569808228495085,0.2733779021339323,c234,c234
226,0.25673118540654305,0.29664079077305083,0.4466280238204011,c234,c5
8660,0.33679957178495085,0.26638486904092357,0.3968155591741238,c234,c5
19265,0.1521428873583608,0.39040105928912533,0.4574560533525109,c234,c5
19345,0.21630391783618047,0.3494981612722738,0.4341979208915518,c5,c5
13941,0.28966393462761064,0.36989611858059485,0.3404399467917932,c234,c234
12842,0.2878285212457127,0.4774166831613559,0.2347547955929355,c234,c234
1190,0.35234479428295573,0.48902591816317664,0.15862928755385522,c234,c234
3459,0.20264879436632025,0.45393331081291804,0.34341789482077056,c234,c234
13313,0.3900104868975151,0.4386293365501473,0.17136017655234098,c5,c234
4808,0.19550851869267888,0.21047081528569192,0.5940206660216258,c1,c5
627,0.9427285899077797,0.04636109646876513,0.01091031362345563,c234,c1
10144,0.7021127069595656,0.184232821627057,0.11365447141338099,c234,c1
2898,0.21601785983678187,0.6195319202375208,0.16445021992567693,c5,c234
8132,0.30693161505321265,0.3671254376367023,0.32594294731008744,c234,c234
18098,0.27692685934799005,0.3219463413139255,0.4011267993380754,c1,c5
5290,0.2625308734411996,0.29127571654874496,0.44619341001006146,c234,c5
602,0.30836573340113366,0.5279455089795329,0.16368875761932697,c5,c234
14702,0.5110150369864583,0.300895198072986,0.18808976494056132,c234,c1
10866,0.8443564628344625,0.1456937057648221,0.009949831400723662,c1,c1
9393,0.27072645783877924,0.4324334633669989,0.29684007879422225,c1,c234
2744,0.2347585353374657,0.4023119050117424,0.3629295596507947,c5,c234
11525,0.16976041518856866,0.3855883771013751,0.44465120771005634,c5,c5
13236,0.17622369976083657,0.2744008811391093,0.5493754191000509,c234,c5
4774,0.12193279078974407,0.25975882113079957,0.6183083880794501,c5,c5
17911,0.5166672985058464,0.37675598586459436,0.10657671562956285,c1,c1
16580,0.2015405086684033,0.3199907303920913,0.4784687609395052,c234,c5
17896,0.8870877940557006,0.10782449334374493,0.005087712600557178,c1,c1
9842,0.2750309115635811,0.3417665095833558,0.38320257885306075,c234,c5
19042,0.19753609497750602,0.2794225606910036,0.52304134433149,c234,c5
14765,0.6751904966361678,0.2150742283166337,0.10973527504720017,c1,c1
2053,0.17778269822373513,0.33640491914722753,0.4858123826290236,c5,c5
14015,0.23450885402238208,0.42305375688048574,0.34243738909712756,c234,c234
8533,0.2381099099264919,0.26313014765460396,0.4987599424188902,c234,c5
4338,0.6526944652967689,0.2872437203464276,0.06006181435680785,c5,c1
5829,0.11810767932361196,0.11393107688714287,0.7679612437892428,c5,c5
17025,0.4536001341348475,0.2982595151042134,0.24814035076094548,c1,c1
3737,0.7472142517325887,0.2215260354708549,0.03125971279655411,c1,c1
3026,0.25278364255918184,0.3634962018078209,0.38372015563299733,c5,c5
4262,0.20226568117832058,0.721371884334667,0.0763624344870145,c234,c234
6706,0.30848584435071497,0.4478516398448246,0.24366251580447099,c5,c234
10188,0.3105616040292361,0.31251768395600843,0.37692071201475086,c1,c5
13141,0.8178945520959625,0.13520003012801568,0.046905417776028774,c1,c1
7546,0.9683642811995667,0.03000291612003252,0.0016328026803996342,c234,c1
18399,0.44087437001126306,0.29617472732430694,0.2629509026644265,c1,c1
372,0.3313133545898464,0.37967406955096944,0.2890125758591709,c234,c234
17186,0.7177435747955889,0.2657976341892652,0.016458791015142672,c5,c1
19992,0.3359856308629715,0.47648529473962425,0.18752907439737668,c5,c234
3947,0.2669747052948824,0.45372300376565394,0.27930229093945824,c5,c234
5928,0.342484553971261,0.3229940977429924,0.3345213482857489,c1,c1
5222,0.2571840973890493,0.31918012829583975,0.42363577431511074,c5,c5
5270,0.1691433456323282,0.7971541449049468,0.03370250946271435,c5,c234
3207,0.2693313291978513,0.20027969125597844,0.5303889795461659,c5,c5
3481,0.29477369795852687,0.27980767682646895,0.4254186252150019,c5,c5
17679,0.534858095705706,0.3809536247423195,0.08418827955196771,c234,c1
12520,0.7021127069595656,0.184232821627057,0.11365447141338099,c1,c1
1458,0.779445388175268,0.10071918365845875,0.11983542816626992,c234,c1
12334,0.1884732784445827,0.2325117461827173,0.5790149753726969,c5,c5
11153,0.25756231928852585,0.25341105661080504,0.4890266241006734,c1,c5
13770,0.2538495566820682,0.4871704011406142,0.2589800421773297,c234,c234
17487,0.3835265128514431,0.24104315167250956,0.37543033547604443,c1,c1
8054,0.24171275259926098,0.3324209732714183,0.42586627412931427,c234,c5
9630,0.9933984032683927,0.006056927107933068,0.0005446696236905404,c234,c1
5903,0.2706183902294574,0.22623468158107518,0.5031469281894676,c5,c5
8814,0.28178415263155465,0.3186282821796731,0.399587565188775,c1,c5
15594,0.24559701484755905,0.5898076348228516,0.16459535032958247,c234,c234
8507,0.3533931377154489,0.40109883414498243,0.24550802813955533,c5,c234
17356,0.2585124181349567,0.25262480129790277,0.4888627805671376,c234,c5
13909,0.29622697946253157,0.3340293247182276,0.3697436958192438,c234,c5
14448,0.34676075330396994,0.49584346231496734,0.1573957843810652,c1,c234
7568,0.2712404475390873,0.411707967826189,0.31705158463473654,c234,c234
16897,0.142662133672485,0.18207683269292274,0.6752610336345881,c5,c5
10161,0.29540722278905623,0.16431334975535672,0.5402794274555974,c234,c5
2091,0.18626354717731944,0.3712970259344306,0.44243942688825677,c234,c5
2672,0.07498485400550677,0.26685870760541797,0.6581564383890689,c5,c5
15645,0.20442895579708045,0.386916244050686,0.40865480015223055,c5,c5
4307,0.16917296049121228,0.24419092587893784,0.5866361136298478,c5,c5
5724,0.27746608164704095,0.44029685465999313,0.28223706369296647,c1,c234
14426,0.2428068398246896,0.3281412404002177,0.42905191977509183,c1,c5
4976,0.3250517493816514,0.3449238046132669,0.3300244460050846,c5,c234
14815,0.42690864432302,0.2843289325877691,0.2887624230892097,c1,c1
4388,0.30365809595861715,0.3638115468153617,0.3325303572260277,c5,c234
11213,0.3960087035574449,0.4702565559478011,0.133734740494762,c234,c234
7522,0.257632256167536,0.27374443486101296,0.46862330897145205,c234,c5
4721,0.5309118155358828,0.30318542985236224,0.16590275461175646,c234,c1
15111,0.7878710465098424,0.13367326655943348,0.07845568693072043,c1,c1
347,0.06873119084721707,0.08205404794046242,0.8492147612123104,c5,c5
1169,0.306633724076531,0.3453879937767051,0.347978282146768,c5,c5
18425,0.39909913305867717,0.3820711134977273,0.21882975344360528,c5,c1
4669,0.5688257773021502,0.22802216848601456,0.2031520542118331,c1,c1
807,0.11260164472606135,0.24953668689330782,0.6378616683806442,c5,c5
6868,0.20879601928881011,0.4099142376056616,0.3812897431055218,c234,c234
18437,0.3515761748622763,0.41439156795944404,0.2340322571782772,c234,c234
6235,0.2924419296941929,0.3444909346170479,0.36306713568875465,c234,c5
10953,0.30860210283488393,0.2641891768168993,0.4272087203482269,c1,c5
19457,0.3842123814989022,0.3005115514352824,0.315276067065823,c1,c1
17800,0.2461271226567479,0.3838296840095302,0.3700431933337196,c234,c234
11199,0.4397225899228444,0.29718014196722503,0.26309726810993533,c1,c1
10173,0.2596868799447574,0.3507615799024068,0.3895515401528434,c1,c5
17502,0.4281814620263307,0.3594265519309449,0.21239198604273016,c1,c1
6939,0.5485810700030905,0.2946696732842564,0.15674925671263915,c234,c1
12798,0.4299103603502809,0.35743257771683357,0.2126570619328917,c1,c1
18744,0.3157608589997893,0.3815001489803414,0.30273899201988164,c234,c234
434,0.170169360921942,0.2525412852851565,0.5772893537928876,c5,c5
6817,0.23336523136189619,0.28831744526800807,0.47831732337009697,c234,c5
9565,0.16395565405412477,0.45015005607674136,0.38589428986913116,c5,c234
14599,0.4221281301068385,0.33253757172317827,0.24533429816998498,c234,c1
3141,0.26917787254378317,0.38478502982800455,0.34603709762821805,c234,c234
7844,0.484274319435898,0.409413674082191,0.10631200648188634,c1,c1
3914,0.11337351648765365,0.19807591983488937,0.6885505636774626,c5,c5
12794,0.21325393055030073,0.37946642782972423,0.40727964161998176,c5,c5
18896,0.5639268152491806,0.18711115219562627,0.24896203255518903,c1,c1
9458,0.2775764550733035,0.34498081870816416,0.377442726218528,c234,c5
10861,0.28457528324707926,0.3410019040055636,0.3744228127473612,c5,c5
5008,0.1654989653113375,0.4133270773441099,0.4211739573445506,c234,c5
13918,0.8731196718691114,0.0690117010444841,0.05786862708640968,c1,c1
5147,0.651808084443004,0.22635669219011118,0.1218352233668827,c234,c1
3219,0.23090798290024742,0.33663142849346145,0.4324605886062861,c234,c5
11554,0.2534143737325153,0.4531525229435413,0.29343310332393446,c234,c234
7018,0.4149649600371542,0.25181229809161326,0.33322274187123513,c1,c1
6924,0.16613032997337665,0.5287762787371939,0.305093391289429,c5,c234
10782,0.2301505422446307,0.3585743692688003,0.4112750884865814,c234,c5
7754,0.18516754709563285,0.3077216393081753,0.5071108135961954,c1,c5
19763,0.1283079733190218,0.6441388118480357,0.22755321483293556,c1,c234
7843,0.3106603897305448,0.392351716051303,0.29698789421814065,c234,c234
18888,0.3130086176552629,0.28209609408382574,0.40489528826090804,c234,c5
5390,0.30176140827817005,0.3515508942902866,0.3466876974315346,c5,c234
12128,0.3342831288524344,0.24669782500060472,0.4190190461469562,c234,c5
4657,0.5110787349907537,0.42561968177457854,0.06330158323467873,c234,c1
11298,0.30550643329546995,0.350940319439878,0.3435532472646477,c1,c234
16787,0.4979830901032639,0.23194634582036208,0.27007056407637076,c234,c1
15558,0.6607194483700325,0.29243822832590205,0.04684232330407923,c1,c1
3677,0.6803374654243052,0.15597466839615393,0.16368786617955133,c1,c1
6895,0.4521247970995745,0.3082501921286682,0.23962501077175188,c1,c1
15406,0.4074231948654313,0.14417329767809942,0.4484035074564602,c1,c5
19282,0.8784736508533738,0.0832041774388409,0.03832217170778347,c1,c1
19697,0.4299103603502809,0.35743257771683357,0.2126570619328917,c234,c1
16271,0.360727128148801,0.38416538453402643,0.2551074873171805,c5,c234
16555,0.9368196733415415,0.025365737031522922,0.037814589626936006,c1,c1
10284,0.42956688277975075,0.3269941856121257,0.24343893160811111,c1,c1
18168,0.27730183183027285,0.219377511214495,0.5033206569552329,c1,c5
9898,0.2954072122002879,0.397672905642091,0.30691988215761695,c234,c234
12191,0.7548806434547376,0.2305199737458631,0.01459938279939196,c234,c1
9003,0.2554907862864024,0.28199913349091654,0.46251008022269086,c1,c5
9063,0.8226263539808826,0.09913531356050519,0.07823833245860892,c1,c1
888,0.4500660040551504,0.3193673752392796,0.2305666207055678,c1,c1
17769,0.07895500682574892,0.5184084441481166,0.40263654902614787,c234,c234
17376,0.2882179654213559,0.4688969890258466,0.2428850455527931,c234,c234
7301,0.15072702933866952,0.4637821592029173,0.38549081145840636,c1,c234
14516,0.14529039651515127,0.3652951881002502,0.48941441538459984,c5,c5
1301,0.19552662045597707,0.437955409376823,0.36651797016719173,c5,c234
5010,0.23080196919015558,0.37793912768012045,0.391258903129729,c234,c5
2318,0.7041216651020256,0.2671312045213048,0.028747130376657885,c1,c1
19408,0.35758250957128984,0.38428726006653596,0.258130230362174,c1,c234
18135,0.29517697362981654,0.3296603351228488,0.37516269124733964,c1,c5
17909,0.8494445386436172,0.1136073495343044,0.03694811182207167,c234,c1
15798,0.17760573836247498,0.17369442048622832,0.6486998411513016,c5,c5
13721,0.2983266217304414,0.5853545046387246,0.1163188736308452,c1,c234
5771,0.22927068477645807,0.3430852187723747,0.4276440964511668,c1,c5
5671,0.19375326442681493,0.2864030330497152,0.5198437025234722,c1,c5
15561,0.32442029874018286,0.38239088954284267,0.29318881171697286,c234,c234
17273,0.9999900779558547,5.977782854804742e-06,3.944261282217694e-06,c1,c1
16460,0.2975177976967266,0.4042707293830942,0.29821147292018013,c1,c234
11994,0.9718713133192471,0.026376666969110882,0.0017520197116290281,c234,c1
9617,0.998194748733476,0.0016293258706226086,0.00017592539590401317,c234,c1
4181,0.26068172834714487,0.4801961073144671,0.25912216433839097,c234,c234
12721,0.23377924144479229,0.4229531729614733,0.3432675855937246,c5,c234
10090,0.1932560597725201,0.29451951798789955,0.5122244222395835,c234,c5
6136,0.31148444001019177,0.3215009546282698,0.3670146053615347,c5,c5
4653,0.4300460878729326,0.32920761201181675,0.24074630011524795,c1,c1
13071,0.3094577788687334,0.5957800117890316,0.09476220934222339,c234,c234
17387,0.46412933204330176,0.2813779580869837,0.25449270986971495,c234,c1
10988,0.2816507046482118,0.37662595228189244,0.3417233430698932,c5,c234
15403,0.3464505064914339,0.2945308018176598,0.3590186916909068,c5,c5
17883,0.2434699468896332,0.28227816538137324,0.47425188772899357,c5,c5
18697,0.27785354978123544,0.28022511980426174,0.44192133041450415,c234,c5
7117,0.9962802646159218,0.0032315404603077886,0.00048819492377847636,c234,c1
15050,0.9303830047039214,0.041739195695706624,0.027877799600380594,c1,c1
149,0.333224185509489,0.35041484622478347,0.3163609682657237,c234,c234
1642,0.4528719562382912,0.36041223341148354,0.1867158103502124,c234,c1
8433,0.2743200272435982,0.3359071753629331,0.38977279739347576,c234,c5
6921,0.40165708411986945,0.4259953171677541,0.17234759871236835,c234,c234
5019,0.1203197989092817,0.34624657788842345,0.5334336232022866,c5,c5
7678,0.326368271869856,0.3798959639543417,0.2937357641758069,c234,c234
6450,0.4152173993571507,0.49059068907824877,0.09419191156460655,c1,c234
6444,0.27776957752570774,0.31703830521224796,0.40519211726205095,c1,c5
15722,0.2542743978141105,0.3350482782961514,0.41067732388974365,c5,c5
15135,0.37132863728363585,0.4597020364258086,0.1689693262905527,c5,c234
11541,0.3674658226892256,0.3310403149400391,0.30149386237074166,c234,c1
8453,0.3497171518734043,0.43961695855036415,0.21066588957623664,c234,c234
16929,0.2086955218365295,0.15191455995202605,0.639389918211447,c234,c5
18682,0.24563806660612475,0.3082874581841228,0.4460744752097456,c234,c5
12263,0.4005147880107449,0.49728358166188524,0.10220163032738205,c234,c234
9727,0.30258102686854277,0.3899113092666412,0.30750766386482714,c5,c234
11543,0.2138326007809483,0.3513029868064369,0.43486441241260915,c5,c5
18867,0.32432161387469544,0.3124525160983806,0.3632258700269243,c1,c5
3598,0.30228740884180316,0.3624235392830441,0.3352890518751502,c1,c234
3154,0.7371981038124047,0.23256313146737273,0.030238764720224205,c1,c1
12207,0.44811628976994916,0.29508845969769504,0.2567952505323539,c5,c1
15094,0.7384926356190262,0.19972415599058888,0.06178320839037267,c234,c1
18771,0.516164742743862,0.18119912682601128,0.302636130430134,c1,c1
12576,0.23408854267155269,0.5133400823454113,0.25257137498303084,c5,c234
2416,0.8685860022109443,0.0741253078302424,0.0572886899588082,c1,c1
2650,0.3762997137016859,0.3178756654580545,0.3058246208402592,c234,c1
16785,0.13770805956023685,0.2068865373567775,0.6554054030829838,c5,c5
4682,0.6597701171247327,0.2718249974641839,0.06840488541108146,c5,c1
16095,0.14031515288895263,0.6632756167847109,0.19640923032633045,c234,c234
8121,0.30143341387827266,0.3598178167539375,0.338748769367784,c234,c234
12410,0.11444848418640229,0.09853987493081745,0.7870116408827815,c234,c5
19978,0.20202314586809172,0.26539231173633354,0.5325845423955807,c5,c5
13462,0.5491646800418416,0.24920253362020364,0.2016327863379608,c234,c1
7275,0.3044799157840488,0.44275146037191354,0.252768623844043,c234,c234
18695,0.43770912914064175,0.35974648514076846,0.20254438571859884,c5,c1
11924,0.20526433635008257,0.2995404157035262,0.49519524794638087,c234,c5
3052,0.9962802646159218,0.0032315404603077886,0.00048819492377847636,c1,c1
18017,0.19577676621621384,0.18676406529240494,0.6174591684913829,c5,c5
3496,0.24714444741577984,0.43317361644779734,0.3196819361364098,c234,c234
16352,0.18126308715314066,0.43086819722874176,0.38786871561810904,c5,c234
12864,0.7001498980956193,0.24748069943277629,0.05236940247160991,c5,c1
1036,0.26946287113791545,0.39714445348752914,0.33339267537455786,c5,c234
15597,0.1792693302588071,0.32580693427038,0.49492373547081486,c5,c5
566,0.2814310335268297,0.3817705808788962,0.33679838559428765,c234,c234
490,0.30523398396200546,0.20206703826921985,0.49269897776877686,c5,c5
10341,0.35115904720743146,0.4388119101359046,0.21002904265666375,c234,c234
2858,0.24327413183827692,0.29608787501992134,0.4606379931418005,c234,c5
1550,0.15699189841702738,0.3592700723856734,0.4837380291972894,c234,c5
18118,0.21591821576826814,0.34813274060800115,0.43594904362373266,c234,c5
11978,0.2772422469077014,0.4279658126719839,0.294791940420312,c5,c234
5918,0.1964382626474189,0.37289124542239366,0.43067049193018897,c234,c5
9891,0.41201909377378043,0.39911973030709613,0.18886117591911566,c234,c1
10589,0.303839370354499,0.3968156751477991,0.29934495449769877,c234,c234
219,0.24635724900379125,0.3528463340069895,0.400796416989224,c234,c5
55,0.39518443411033083,0.39924662688106455,0.20556893900859835,c1,c234
13703,0.19410034817392655,0.42621264816850923,0.3796870036575624,c1,c234
11808,0.33155276546119705,0.30544295754694273,0.363004276991856,c5,c5
17282,0.49618394093040674,0.2338282224171761,0.26998783665241893,c5,c1
13043,0.38441368311185764,0.3763425736126251,0.23924374327551387,c1,c1
4535,0.7525600532647109,0.1132245618459767,0.1342153848893141,c234,c1
7174,0.7608103014034349,0.1802961882837698,0.058893510312799734,c234,c1
13932,0.5294149973050515,0.2435062153524244,0.22707878734252598,c1,c1
1201,0.3283593127234602,0.3373370469591411,0.3343036403173955,c234,c234
6938,0.18383613863242915,0.35566931300647675,0.46049454836109777,c5,c5
7110,0.47559170195575584,0.3753242575796959,0.14908404046454307,c234,c1
17685,0.3946875301388256,0.2937882122910135,0.31152425757015006,c234,c1
11517,0.681778474361367,0.2574538784141465,0.06076764722447695,c1,c1
11989,0.17286616359826798,0.39948414727088927,0.4276496891308437,c1,c5
3011,0.3839189771649373,0.28270003797375926,0.33338098486129264,c234,c1
17006,0.1564042972344642,0.5336066794899657,0.30998902327555933,c5,c234
19803,0.6348673740612958,0.31070674254829994,0.05442588339039086,c5,c1
3001,0.1933551812102981,0.5493996251539682,0.2572451936357201,c234,c234
1196,0.44678431985897477,0.2808735224804196,0.2723421576606096,c5,c1
8493,0.17641440089055166,0.40434079292638936,0.41924480618305476,c5,c5
4635,0.8655594609794973,0.11738188882483608,0.01705865019566451,c234,c1
18267,0.3380715353608554,0.29606326254430837,0.3658652020948307,c234,c5
5264,0.186143419917087,0.3785310868196863,0.43532549326321407,c5,c5
14578,0.2975361100131177,0.3803661222006632,0.3220977677862187,c1,c234
7046,0.29601591742352407,0.32209441378945525,0.3818896687870201,c234,c5
2600,0.8870641154106392,0.09790199135686367,0.01503389323249253,c234,c1
12458,0.19347940056161358,0.4586198765228072,0.34790072291559815,c5,c234
9091,0.2529664136838779,0.48261086649132756,0.2644227198247995,c234,c234
3184,0.9336208122356275,0.061978385192429236,0.004400802571932215,c234,c1
1037,0.6058197373729626,0.3423723434038923,0.051807919223140715,c234,c1
6356,0.19456362841179317,0.1515649440675529,0.6538714275206509,c5,c5
4972,0.27804572094689417,0.35455712820127,0.36739715085184255,c1,c5
3957,0.6371849086062913,0.2774459094403864,0.0853691819533291,c1,c1
19091,0.4616085463410454,0.32869748359148554,0.2096939700674648,c5,c1
8020,0.37244093620670266,0.4319655143159147,0.19559354947738947,c1,c234
107,0.6444287163690993,0.1592205864794408,0.19635069715146286,c234,c1
6857,0.21460009777185576,0.2922761872859493,0.49312371494218465,c5,c5
16967,0.1366234392506711,0.3819616608630388,0.4814148998862946,c234,c5
3315,0.22686959755068747,0.4246170639585547,0.3485133384907643,c5,c234
17179,0.07227217463476593,0.921480784509907,0.006247040855323692,c234,c234
17037,0.8586548826805388,0.136365959887474,0.00497915743198788,c1,c1
12645,0.4299103603502809,0.35743257771683357,0.2126570619328917,c5,c1
234,0.31965315013965434,0.4237413653638344,0.2566054844965133,c234,c234
6307,0.3269060410321534,0.23748079741745365,0.4356131615503805,c1,c5
3027,0.12100392530832839,0.8327291239550189,0.04626695073664067,c234,c234
16859,0.38262166020372074,0.38397759707184376,0.23340074272443648,c5,c234
13450,0.409843661802339,0.5227188408752182,0.06743749732241888,c5,c234
12403,0.23963607088167635,0.3771926397006187,0.3831712894177094,c1,c5
12059,0.5541561358375554,0.37493898107804374,0.07090488308440125,c5,c1
11409,0.3802275419579394,0.3538950322673548,0.2658774257747011,c234,c1
127,0.2279481792308371,0.3418965419241713,0.43015527884499477,c5,c5
19263,0.02800026772029937,0.0765181773455363,0.8954815549341661,c234,c5
7120,0.5086314184738544,0.3454366941720512,0.1459318873541034,c1,c1
5682,0.32432161387469544,0.3124525160983806,0.3632258700269243,c1,c5
285,0.5122446823059945,0.3028120058148865,0.184943311879112,c5,c1
18579,0.23579289202881368,0.28298227852556124,0.48122482944562406,c5,c5
17401,0.2165228691093388,0.3228956933706928,0.4605814375199581,c1,c5
19137,0.19019826569725143,0.37790603180507115,0.4318957024976773,c234,c5
13822,0.5694670555203294,0.3601098159866939,0.07042312849299048,c234,c1
2926,0.15125483788995747,0.2797523142631729,0.5689928478468693,c5,c5
16349,0.24470855122614382,0.34310480980862756,0.4121866389652319,c234,c5
15202,0.46615897506322423,0.24151495903441633,0.29232606590236454,c234,c1
13743,0.1082734073409297,0.2730665226108719,0.6186600700482026,c5,c5
6626,0.35520095718689754,0.37053598353427064,0.27426305927883227,c1,c234
6191,0.3371729400373901,0.3391824678821167,0.3236445920804951,c1,c234
16826,0.5043283029193285,0.32817040316909807,0.16750129391158078,c1,c1
13087,0.261961731029777,0.2606858481267968,0.4773524208434157,c234,c5
18208,0.7120627327787807,0.27554500229066864,0.012392264930544154,c234,c1
17737,0.4281814620263307,0.3594265519309449,0.21239198604273016,c5,c1
6373,0.32246137882578296,0.43941104837280204,0.238127572801412,c1,c234
1086,0.15687491422998945,0.7524123082050342,0.09071277756497077,c1,c234
18276,0.2972792228070792,0.5060693361509284,0.1966514410419929,c234,c234
15656,0.7202686359935594,0.2069218428878644,0.07280952111857576,c234,c1
2701,0.1955317285771822,0.556341261463487,0.2481270099593419,c234,c234
9780,0.26074794512252275,0.47027338580863665,0.26897866906884144,c1,c234
13495,0.2838768966718238,0.4119069205196089,0.3042161828085677,c5,c234
8546,0.016585507148949987,0.9258042253869155,0.05761026746412933,c234,c234
12763,0.44677588695545156,0.3997735426286118,0.15345057041593535,c1,c1
7611,0.2603523496247211,0.33047906773908,0.4091685826362058,c5,c5
17119,0.9962802646159218,0.0032315404603077886,0.00048819492377847636,c1,c1
10227,0.3338987515769869,0.2529122018667571,0.413189046556261,c5,c5
1450,0.2741266288168643,0.45141433943754156,0.27445903174559294,c1,c234
3836,0.419341344394793,0.3510457354997768,0.22961292010542902,c234,c1
733,0.49105286824881755,0.21787637292114295,0.29107075883003825,c1,c1
7701,0.46335596697420334,0.2761962939127159,0.26044773911308083,c1,c1
14283,0.809479298218843,0.16598034071602874,0.024540361065119108,c234,c1
12264,0.44084092680988074,0.38558882093779523,0.17357025225231565,c5,c1
17292,0.38699123556364073,0.4857975091294598,0.12721125530690724,c234,c234
17655,0.12562786948247268,0.4023493364381316,0.47202279407938436,c234,c5
14123,0.22974890470471881,0.4344994052591618,0.33575169003612176,c5,c234
19933,0.28682747366336553,0.39040466354671066,0.3227678627899109,c234,c234
11964,0.5668040208655187,0.2724509421638238,0.16074503697065384,c1,c1
13737,0.16569931144140893,0.4292892196198319,0.40501146893876433,c5,c234
13329,0.3559984044121438,0.45271754379891843,0.19128405178893912,c1,c234
10695,0.6017850381555511,0.3721112873713888,0.026103674473061497,c234,c1
19561,0.4005394654217338,0.23171382961611173,0.3677467049621566,c5,c1
4328,0.8734926468445824,0.08554536771848464,0.04096198543693821,c1,c1
13340,0.41003036470696275,0.352485964879912,0.237483670413131,c5,c1
167,0.19915520941957884,0.33066345674411424,0.47018133383630606,c1,c5
1343,0.4007510446086164,0.3092701427353848,0.28997881265600234,c234,c1
2581,0.24107190736124254,0.4119931463538606,0.3469349462848889,c234,c234
18506,0.32193881872538765,0.403989550012801,0.27407163126182005,c234,c234
482,0.14267895775898276,0.41783872716853904,0.43948231507248997,c5,c5
8366,0.4697542070706231,0.26528450680390847,0.2649612861254762,c1,c1
17202,0.10284033591476245,0.7357644648069456,0.1613951992782958,c234,c234
5875,0.22699046811211926,0.28507746052467653,0.4879320713632016,c234,c5
17583,0.2627852803507939,0.259097527793076,0.47811719185612983,c234,c5
3760,0.4047583508434606,0.41980733169605466,0.1754343174604662,c1,c234
6132,0.3044825427457162,0.42425511893160245,0.2712623383226756,c1,c234
5566,0.7616170681180017,0.21175090553717732,0.026632026344827822,c1,c1
16706,0.1381169524570066,0.3626265953835692,0.4992564521594312,c5,c5
11508,0.216360428484668,0.43160228903887754,0.3520372824764615,c234,c234
3490,0.6579555393340872,0.12950876639976827,0.21253569426613075,c234,c1
7864,0.47192997996360353,0.3139541004124186,0.2141159196239773,c5,c1
13826,0.8554299228022523,0.08569681892684439,0.058873258270905775,c234,c1
1583,0.679193201456718,0.12494176650072127,0.19586503204255604,c1,c1
17484,0.7203489523695222,0.2567052507297378,0.02294579690072759,c234,c1
12431,0.34591536732103817,0.29045536112575504,0.3636292715532032,c5,c5
15158,0.39529029321935205,0.38291236894733255,0.22179733783330827,c5,c1
9588,0.8664231387736877,0.11353693766721441,0.020039923559083756,c1,c1
12683,0.30547099340942124,0.4438562270529502,0.25067277953762407,c5,c234
14779,0.3826683181665126,0.38604921848469104,0.23128246334879432,c234,c234
19084,0.22353811080273808,0.2825812497030489,0.4938806394942153,c5,c5
8892,0.5513489400290543,0.4079433162211099,0.04070774374982515,c234,c1
7413,0.2997278522167984,0.28479040474123113,0.4154817430419671,c5,c5
2130,0.6615407917834,0.14708171069618042,0.19137749752042066,c1,c1
5545,0.9628458502797982,0.03575357216145061,0.0014005775587583333,c234,c1
7687,0.15764996103675236,0.6509556937522945,0.19139434521095935,c1,c234
19270,0.11596241105848348,0.29725850239822876,0.5867790865432857,c5,c5
14122,0.4690946826620802,0.31507176323872743,0.2158335540991969,c234,c1
2820,0.2816507046482118,0.37662595228189244,0.3417233430698932,c1,c234
13812,0.37814999946127614,0.31071622048175024,0.31113378005697173,c234,c1
14595,0.20046499821818348,0.3891312875360968,0.410403714245719,c5,c5
2421,0.3221508178285326,0.28140228419707747,0.39644689797439775,c234,c5
5254,0.5973464087282467,0.1942409127815022,0.20841267849024436,c1,c1
17704,0.16695066274755557,0.5936750061632179,0.2393743310892174,c1,c234
15598,0.15887329522621363,0.4359752922087495,0.40515141256503373,c5,c234
13543,0.17809793529216766,0.48195425119369406,0.33994781351413256,c1,c234
11300,0.03633415374354362,0.19000642742486767,0.773659418831595,c234,c5
4139,0.18475724952955705,0.2672027105602576,0.5480400399101818,c5,c5
11706,0.791595102091737,0.1829472707110819,0.02545762719718416,c1,c1
14992,0.23445266668152814,0.22237142343950878,0.5431759098789659,c234,c5
4882,0.24550939635052255,0.40124272683839324,0.3532478768110884,c1,c234
14470,0.212553523027483,0.36924274666414536,0.41820373030837055,c234,c5
6417,0.498589516903595,0.4215999833780501,0.07981049971836797,c234,c1
16574,0.46673941954733306,0.34132939090146724,0.19193118955119315,c5,c1
4044,0.11429341543583223,0.2613262840424312,0.6243803005217372,c5,c5
9569,0.17873054794889753,0.3680502532235729,0.45321919882751865,c5,c5
6348,0.360485668091797,0.4621423513681118,0.17737198054010347,c234,c234
6044,0.30287199863400294,0.4250325894562453,0.2720954119097528,c5,c234
19382,0.19873854607045846,0.05116210940584334,0.7500993445236888,c5,c5
19998,0.32977650249587115,0.44383239090379184,0.22639110660032322,c234,c234
11003,0.5144488861325321,0.18407761635241066,0.3014734975150639,c1,c1
1739,0.5196831022548585,0.18701381985703286,0.29330307788810694,c5,c1
5189,0.37489026424359584,0.39850377109835283,0.2266059646580449,c5,c234
5478,0.20027127354753846,0.324455692039466,0.4752730344129861,c1,c5
15818,0.18697869147696067,0.19508739249069476,0.6179339160323455,c5,c5
2237,0.8710126979431799,0.12195194482384622,0.007035357232974849,c1,c1
8678,0.3048561266909324,0.4099778868472765,0.28516598646179064,c234,c234
14772,0.48897061081480236,0.49333122087684206,0.017698168308368484,c5,c234
19778,0.28858233479399886,0.37260135827574453,0.33881630693025105,c5,c234
7914,0.8466464869412439,0.0995186542998778,0.05383485875888804,c1,c1
2473,0.5183706527917346,0.36373109512335067,0.11789825208492026,c234,c1
17126,0.2549860581598546,0.4204258411084008,0.3245881007317459,c1,c234
13961,0.3004923086919831,0.4400971175165288,0.2594105737914939,c5,c234
12214,0.504404689030317,0.36077412242890433,0.13482118854077918,c1,c1
2135,0.314468188501523,0.3986657839610978,0.2868660275373669,c5,c234
11055,0.33692492081771885,0.39755693307321815,0.26551814610906366,c5,c234
11915,0.25529978335893505,0.35015342040608477,0.39454679623498407,c5,c5
15109,0.3246549306833755,0.4045484917670126,0.2707965775496101,c1,c234
8172,0.25541606603059175,0.3036541944162663,0.44092973955314274,c5,c5
9858,0.20063107138385505,0.2542542800662721,0.5451146485498799,c234,c5
5862,0.3149200907326805,0.25780150840654215,0.42727840086077556,c5,c5
12875,0.46982819650283497,0.3063512435516436,0.2238205599455157,c1,c1
2138,0.2913807223823916,0.351245032780542,0.3573742448370684,c5,c5
10155,0.4401517433468892,0.5395248769035301,0.02032337974957238,c234,c234
12378,0.12734326329094478,0.2658895044991057,0.6067672322099459,c5,c5
18207,0.5343272089874732,0.336751500454425,0.1289212905581068,c1,c1
1034,0.3572598313427736,0.3978635976047714,0.24487657105246005,c1,c234
4442,0.5804864015383513,0.23171824983696257,0.1877953486246802,c234,c1
8154,0.18596083579652142,0.23960126526228478,0.5744378989411922,c5,c5
18449,0.9999899962816283,5.83287808726641e-06,4.17084028426937e-06,c1,c1
6702,0.2948515375994057,0.39134758335988523,0.3138008790407232,c1,c234
4903,0.9718713133192471,0.026376666969110882,0.0017520197116290281,c1,c1
66,0.20101666538196666,0.7220619630413996,0.07692137157663065,c1,c234
5810,0.23917010906867817,0.3186810577210991,0.4421488332102209,c1,c5
14202,0.36600722606163993,0.3124128301418787,0.3215799437964847,c1,c1
7053,0.062497410820386234,0.5446385850264223,0.39286400415317807,c234,c234
3640,0.45855548247910827,0.2876142309661037,0.25383028655478146,c234,c1
10781,0.8840340710043108,0.11027829682639052,0.005687632169291268,c234,c1
17733,0.2136834239544198,0.47263713349564973,0.3136794425499314,c1,c234
17517,0.2532261715584512,0.4562606476509602,0.2905131807905979,c1,c234
5175,0.19255113123550555,0.3792516338458128,0.4281972349186888,c5,c5
15959,0.2768082735550401,0.5701156339847516,0.15307609246020984,c234,c234
5934,0.3873454164823034,0.17643858337143573,0.4362160001462636,c1,c5
20013,0.20006850749371427,0.28558763892007427,0.5143438535862155,c5,c5
977,0.4113680655385583,0.22842989345711665,0.3602020410043247,c5,c1
6707,0.24621933362613352,0.3299915173243499,0.4237891490495193,c5,c5
12605,0.2870307240168257,0.46069207059882494,0.25227720538434784,c5,c234
18450,0.20643445288128845,0.25508505502549095,0.5384804920932217,c5,c5
12192,0.21011933752945464,0.4096182454106592,0.3802624170598822,c5,c234
2406,0.20982902367558473,0.4937445830405313,0.2964263932838706,c1,c234
9260,0.15593591804025997,0.46813960730835746,0.37592447465137735,c5,c234
15542,0.12474499691021097,0.208141383725944,0.6671136193638448,c5,c5
14175,0.37274359048391786,0.41904765199948363,0.20820875751660245,c1,c234
7987,0.24846432603871696,0.2998099230187107,0.4517257509425688,c1,c5
19775,0.1623585423553473,0.2660929333843811,0.5715485242602649,c5,c5
11392,0.36163385876839366,0.4227932556785821,0.21557288555301116,c1,c234
6564,0.2642858524003578,0.3040553270115004,0.43165882058813826,c5,c5
18130,0.7360619807188512,0.21988324569101964,0.04405477359013775,c234,c1
9239,0.47572212561654226,0.5049719191636823,0.01930595521977766,c1,c234
14687,0.20899028949400264,0.41108138237803904,0.37992832812795574,c5,c234
6894,0.6320483015419832,0.29708498144987444,0.07086671700814859,c1,c1
11640,0.34658617673580716,0.5032284142752084,0.15018540898899368,c234,c234
6122,0.29178648661166307,0.4928384045501331,0.2153751088382102,c234,c234
17867,0.42603002065315343,0.42711947333489025,0.14685050601196467,c234,c234
13159,0.43339426073353193,0.30173511051507107,0.26487062875139644,c1,c1
18302,0.2843750960834969,0.2544047706627503,0.4612201332537396,c234,c5
19374,0.24857545256440167,0.46095190263754304,0.29047264479806184,c1,c234
16115,0.2624953102139106,0.4079889445538545,0.32951574523223126,c5,c234
8705,0.1283908827220923,0.411995114631151,0.459614002646762,c1,c5
16553,0.33466085959225506,0.3350540852936301,0.3302850551141148,c5,c234
2239,0.013646856552732149,0.9376739603650104,0.04867918308225017,c234,c234
3344,0.4056686216047888,0.28994036329873896,0.3043910150964742,c5,c1
18941,0.365206054973723,0.3262255928091504,0.30856835221712625,c1,c1
3930,0.2365728571228299,0.5975660234354777,0.16586111944168153,c1,c234
5859,0.6329260609994993,0.20481168188356125,0.16226225711694653,c1,c1
3499,0.19024553333417016,0.6064556329496315,0.20329883371619614,c1,c234
7171,0.856376201261896,0.12066880317889193,0.022954995559198922,c234,c1
3081,0.6876777498749748,0.2679094066556421,0.044412843469380396,c1,c1
18576,0.9336208122356275,0.061978385192429236,0.004400802571932215,c1,c1
6931,0.3333429343972501,0.3286121890397212,0.3380448765630283,c1,c5
8181,0.28783747192155934,0.5806682991363774,0.13149422894205873,c1,c234
7230,0.41213971733120175,0.2812107872765468,0.30664949539224245,c5,c1
5126,0.17533708794976435,0.41222549433128614,0.4124374177189489,c5,c5
19392,0.44152975392461774,0.48295604713483903,0.07551419894054723,c1,c234
7569,0.3606373222721901,0.2975607789588867,0.34180189876892286,c1,c1
7458,0.22270488732245666,0.4461712121834065,0.3311239004941439,c5,c234
4466,0.673358080643342,0.3028179877316677,0.023823931625001904,c234,c1
14670,0.20861922458790347,0.36131334701632206,0.43006742839577305,c5,c5
4096,0.29604458339362666,0.2863460490860692,0.4176093675203048,c1,c5
1075,0.5858745586828975,0.23528501513608696,0.1788404261810144,c234,c1
186,0.3859556066925282,0.3834345240533645,0.2306098692541101,c234,c1
16412,0.2797964506493778,0.3199666334609968,0.4002369158896301,c5,c5
12452,0.377916559218057,0.31061465621625556,0.3114687845656852,c1,c1
8590,0.21899334693745726,0.26083299523911824,0.520173657823421,c5,c5
13429,0.16490244508934912,0.47695658227046084,0.35814097264020295,c1,c234
8167,0.7603136150800742,0.1709277076644489,0.06875867725546894,c1,c1
18400,0.24859708769275582,0.4137953576321989,0.33760755467505593,c234,c234
13455,0.2510441452971217,0.44079567104508105,0.3081601836578025,c234,c234
6370,0.21380264346568886,0.3497317284899549,0.43646562804435773,c1,c5
854,0.13919802964333747,0.42359081958816325,0.43721115076850153,c234,c5
7187,0.18578989630920975,0.3806668142207791,0.43354328947000426,c1,c5
15131,0.43573085831769237,0.05872608045424171,0.505543061228061,c5,c5
18538,0.1910501197305622,0.20485576530263344,0.6040941149668103,c1,c5
16471,0.0635921683965339,0.04805771798577209,0.8883501136176886,c5,c5
13559,0.23058044706656172,0.4277846178974073,0.34163493503602993,c234,c234
18060,0.08625116260773665,0.18627115071693284,0.7274776866753303,c5,c5
19404,0.1573631426796272,0.31131072972989604,0.531326127590471,c5,c5
9154,0.4935134761673682,0.441386811085195,0.06509971274744256,c5,c1
937,0.2346827534181956,0.2882720890467276,0.47704515753508075,c234,c5
11495,0.20907713406132847,0.350906310474148,0.44001655546452206,c5,c5
12833,0.11646075667262781,0.08480902262011229,0.7987302207072533,c234,c5
1337,0.1414252294428142,0.24559114970505158,0.612983620852131,c5,c5
15286,0.29575088274341266,0.3517394880884663,0.35250962916812334,c234,c5
19017,0.3103413349191563,0.6269839396443195,0.06267472543655236,c234,c234
19826,0.38207824643855753,0.3118370929030959,0.3060846606583414,c1,c1
15175,0.27096718945891196,0.4012724012407222,0.32776040930035905,c234,c234
2765,0.7659825664625578,0.20766650909152184,0.026350924445909363,c1,c1
11279,0.15869407718051254,0.2023492859734129,0.6389566368460765,c5,c5
18404,0.3804880666228563,0.307176618382156,0.31233531499498657,c5,c1
11853,0.11703126632388418,0.39775717082283263,0.48521156285327993,c5,c5
17110,0.3862766366953659,0.41248956405727116,0.2012337992473604,c234,c234
4243,0.2823236032494561,0.36707402537427275,0.3506023713762698,c1,c234
12506,0.40272551000314905,0.2723203792285004,0.32495411076834807,c1,c1
2815,0.22673439254362696,0.40174107393931197,0.3715245335170654,c5,c234
2166,0.199402897036781,0.40470918498038877,0.3958879179828351,c1,c234
4989,0.11281219971742765,0.17530726062584961,0.7118805396567187,c5,c5
14113,0.5381954790220429,0.2496016828922233,0.21220283808573087,c234,c1
16055,0.6881883102213254,0.2652237826258208,0.04658790715284946,c234,c1
11980,0.6863569524352773,0.13461763775927543,0.17902540980544768,c234,c1
17454,0.44556262337016445,0.21590090260155678,0.33853647402828363,c5,c1
3679,0.33108341157532245,0.32801033961842,0.34090624880625814,c1,c5
18456,0.20137486167062976,0.30413838565982404,0.4944867526695512,c5,c5
12357,0.19463019894137915,0.2988336555874676,0.50653614547115,c5,c5
15550,0.5448003968309547,0.269401449587532,0.18579815358151217,c234,c1
11032,0.29030301454457025,0.4108196093521006,0.298877376103326,c5,c234
12233,0.06451734940184986,0.14364997124271056,0.7918326793554272,c5,c5
13656,0.5139528330037488,0.28555680397619915,0.20049036302005563,c1,c1
5941,0.2636852936595262,0.34093112648313595,0.39538357985733547,c1,c5
16468,0.29272476194341485,0.32009424138813425,0.38718099666846206,c234,c5
13478,0.1515410804468261,0.3365894404367129,0.5118694791164594,c5,c5
5224,0.20521344928681387,0.26706573915170184,0.5277208115614839,c1,c5
5801,0.436750622564677,0.2597900330009079,0.303459344434409,c1,c1
17918,0.23593079678460388,0.3892241683745105,0.3748450348408829,c5,c234
12958,0.5144488861325321,0.18407761635241066,0.3014734975150639,c1,c1
249,0.3258454321681818,0.4079486244596352,0.2662059433721878,c5,c234
1023,0.8860076250893344,0.10806515958274746,0.005927215327908802,c234,c1
13627,0.24312898422455542,0.3889618258160549,0.3679091899593828,c5,c234
2133,0.1316857310320097,0.7180333399283548,0.15028092903963405,c234,c234
12188,0.21972002258069964,0.4120436149919885,0.3682363624273144,c5,c234
13336,0.5408846680548056,0.362721736330579,0.09639359561464138,c1,c1
11401,0.3143929126329518,0.3942841844057533,0.29132290296129204,c234,c234
15278,0.3167711342647215,0.3584743286240013,0.32475453711127317,c5,c234
10422,0.32161515955653136,0.27266745634666195,0.4057173840968039,c1,c5
13239,0.3122515127657959,0.29914060367606066,0.3886078835581331,c1,c5
5977,0.36677466315706014,0.3366271611097686,0.2965981757331665,c1,c1
18087,0.20530914898553657,0.41110729715843597,0.3835835538560335,c5,c234
4424,0.11978796540264787,0.2539774304131347,0.6262346041842155,c5,c5
1250,0.15375928793058138,0.5768653174442072,0.2693753946252088,c234,c234
4040,0.6170726498755834,0.22434369846590055,0.15858365165851182,c234,c1
326,0.3593707068547654,0.3585355525921897,0.282093740553049,c1,c1
4849,0.4281814620263307,0.3594265519309449,0.21239198604273016,c234,c1
3248,0.21364983835845178,0.6766040330117863,0.10974612862975942,c234,c234
9881,0.7548806434547376,0.2305199737458631,0.01459938279939196,c1,c1
951,0.14668250835046515,0.26123282724680974,0.5920846644027279,c234,c5
16429,0.1655783099616002,0.3313046836537057,0.5031170063846925,c234,c5
1558,0.4504777142962691,0.3458343617354884,0.2036879239682457,c234,c1
2806,0.31166357032349057,0.08168902096872632,0.6066474087077809,c1,c5
13477,0.23944725065477412,0.3841070372959299,0.3764457120493005,c234,c234
3639,0.9267054461229067,0.07118432475247498,0.0021102291246241707,c234,c1
7636,0.36840715796527396,0.2575777061587834,0.37401513587594376,c1,c5
18850,0.34150035878812113,0.40059778779456445,0.2579018534173212,c1,c234
18311,0.15264203080020614,0.5020157066152859,0.3453422625845126,c234,c234
4950,0.23258766897674593,0.31624147005284076,0.45117086097040676,c234,c5
1618,0.5895161567438555,0.37388712856733936,0.03659671468879675,c234,c1
7433,0.6778935426735956,0.2552197524913618,0.06688670483503537,c1,c1
11579,0.30824897365350407,0.269470693797365,0.42228033254912817,c1,c5
2679,0.14972494219163865,0.5362854932530174,0.31398956455533406,c234,c234
9456,0.9368196733415415,0.025365737031522922,0.037814589626936006,c1,c1
949,0.24042579278572035,0.5090894355048373,0.25048477170943134,c234,c234
15530,0.2012499239925475,0.4366363469330885,0.36211372907437245,c234,c234
9665,0.13604926852243351,0.22292460465097438,0.6410261268265908,c5,c5
18428,0.2525295165488766,0.41736861745143705,0.3301018659996875,c234,c234
10725,0.41734597107053534,0.3680968981567795,0.21455713077268493,c234,c1
5125,0.5586089737281157,0.2492294601109061,0.19216156616098196,c234,c1
7245,0.21687084270424004,0.2753298996148659,0.5077992576808912,c5,c5
17111,0.6629844306548867,0.2275287542259847,0.10948681511912717,c1,c1
17842,0.4299103603502809,0.35743257771683357,0.2126570619328917,c234,c1
9609,0.3246531116005265,0.24505389900123445,0.43029298939824123,c234,c5
1718,0.48382449435764674,0.1778212275915394,0.3383542780508085,c234,c1
15177,0.9368196733415415,0.025365737031522922,0.037814589626936006,c1,c1
13900,0.3080403676607917,0.259577297150694,0.432382335188526,c234,c5
7540,0.2198448843899355,0.5494473330547696,0.23070778255530597,c234,c234
12226,0.26596933258123806,0.22416177765765471,0.5098688897611032,c5,c5
18949,0.3619740982921224,0.36326748356675015,0.27475841814113244,c5,c234
13663,0.2914272870481237,0.2828845070746622,0.4256882058772191,c5,c5
15680,0.9451635987667367,0.047356250874239225,0.007480150359017514,c1,c1
16433,0.27265915848776034,0.3883955143480554,0.3389453271641897,c234,c234
6008,0.38239083041412664,0.3631173883793906,0.25449178120648885,c234,c1
16132,0.2667691423874353,0.4621253083291882,0.2711055492833834,c5,c234
11092,0.24967980248129748,0.5194054712985265,0.23091472622016626,c5,c234
1683,0.25698505197914895,0.6686188416442347,0.07439610637661291,c234,c234
5040,0.2580994516568345,0.4006527689364385,0.341247779406734,c1,c234
709,0.2847224502824154,0.5345872147967876,0.1806903349207924,c1,c234
3173,0.21789478851606298,0.3503055525697775,0.43179965891417155,c5,c5
6270,0.23868612275447412,0.29567129022960337,0.4656425870159164,c234,c5
10280,0.15114792252557274,0.15925926149122954,0.6895928159831987,c5,c5
14362,0.11646075667262781,0.08480902262011229,0.7987302207072533,c1,c5
16783,0.13386697847259377,0.13798184249718048,0.7281511790302285,c234,c5
18895,0.33667850198692684,0.49835593276770285,0.16496556524536934,c234,c234
2305,0.20527901308686297,0.23478722379720696,0.5599337631159366,c5,c5
7357,0.16890693766095483,0.3359830676783409,0.4951099946607014,c5,c5
9545,0.2905598479491636,0.4209171769375582,0.2885229751132783,c234,c234
18089,0.47969237666677,0.1744260461327972,0.34588157720043755,c234,c1
6396,0.5871818514899616,0.20324849692829877,0.20956965158173307,c1,c1
15350,0.3571810858823166,0.45055928220084085,0.19225963191683335,c234,c234
18788,0.15690075059547398,0.20779354082304294,0.6353057085814799,c5,c5
11407,0.24789388093060596,0.2894419868412582,0.4626641322281331,c5,c5
18049,0.4178890788051518,0.3443604106874461,0.2377505105074006,c1,c1
10550,0.1132612466204216,0.29614172718490755,0.5905970261946677,c234,c5
17763,0.27785354978123544,0.28022511980426174,0.44192133041450415,c1,c5
192,0.2729872733586896,0.29914605560795343,0.4278666710333516,c234,c5
5989,0.4387391522330886,0.2812107753299705,0.280050072436936,c1,c1
7604,0.8813453676813466,0.11241967952837716,0.006234952790284383,c1,c1
9174,0.28683435836516435,0.2996833021075243,0.41348233952731644,c5,c5
4689,0.0935095794986706,0.22514301412273505,0.681347406378584,c234,c5
11577,0.3020587061288116,0.3944821651383964,0.3034591287327886,c5,c234
16614,0.6405332612809633,0.25050277586745623,0.10896396285158776,c5,c1
8560,0.5424837214937118,0.057390616393229336,0.4001256621130559,c234,c1
18254,0.42947539200204504,0.29806930559561945,0.27245530240233057,c1,c1
15694,0.30492486796323304,0.41464217358045385,0.28043295845630906,c1,c234
8878,0.3244606428117141,0.3823341196561927,0.2932052375320801,c1,c234
14618,0.3037006192733598,0.3542893503867141,0.3420100303399256,c5,c234
12971,0.4386717702351791,0.4403592865293279,0.12096894323549719,c1,c234
5016,0.20650909636136583,0.45391221493475825,0.33957868870386865,c234,c234
14220,0.4021520306173582,0.25834446958289004,0.3395034997997464,c234,c1
11062,0.0739430322828609,0.276637492576147,0.6494194751409794,c5,c5
10408,0.23863001733486394,0.35835943590487007,0.4030105467602685,c5,c5
9766,0.3038152440237238,0.6091334737205982,0.08705128225568247,c234,c234
10855,0.28936537982014293,0.3960631610210041,0.3145714591588649,c234,c234
4017,0.6222890204274927,0.2377792665170754,0.1399317130554411,c5,c1
1083,0.23408034187360863,0.21176760237146203,0.554152055754927,c1,c5
13893,0.38539683562388066,0.4410807420843617,0.1735224222917549,c5,c234
1731,0.24919501170971695,0.419041528833831,0.3317634594564547,c234,c234
4352,0.20805817413073677,0.44863262967012907,0.34330919619912414,c5,c234
137,0.4217581791065504,0.3327053748189871,0.24553644607445652,c234,c1
16550,0.3474679128531346,0.3060526641151928,0.34647942303167,c5,c1
18525,0.45135427138090584,0.34743272784752693,0.20121300077157897,c1,c1
16962,0.15793549143377822,0.33950260544438365,0.5025619031218442,c234,c5
10246,0.27930360223892153,0.5031238854862936,0.2175725122747987,c5,c234
6107,0.4764681114221264,0.341702894067963,0.18182899450991036,c1,c1
11288,0.14650647753629778,0.2224612061715507,0.63103231629215,c5,c5
18481,0.22945759751984693,0.41868573791081515,0.3518566645693378,c5,c234
9450,0.27892199928010325,0.2531590557822525,0.46791894493764025,c1,c5
3966,0.26987161142345406,0.3571309088527257,0.3729974797238221,c234,c5
19551,0.47449776446450476,0.20706362403871117,0.31843861149678077,c5,c1
703,0.1669155912601944,0.32045339488140545,0.5126310138583995,c234,c5
1438,0.09134164298753462,0.8705996762330576,0.03805868077939384,c1,c234
14625,0.3494978921772395,0.33033630989440604,0.320165797928358,c1,c1
17854,0.24750490264765482,0.34326158886760993,0.4092335084847359,c1,c5
8097,0.3320823159686274,0.41025556455545514,0.25766211947592377,c5,c234
10297,0.2754523752986718,0.34765384931958115,0.3768937753817466,c1,c5
19891,0.8657198586915265,0.08957865844900512,0.04470148285945435,c1,c1
5381,0.5393645263259553,0.20916459536465756,0.25147087830938775,c1,c1
10684,0.12517731085140296,0.6421570019398338,0.23266568720876574,c234,c234
19496,0.2186018464968343,0.4103306493297628,0.3710675041734063,c234,c234
4632,0.21079753959440017,0.5841911211811595,0.20501133922442635,c5,c234
16746,0.34501717482326966,0.3087914575041028,0.34619136767263137,c1,c5
2998,0.11572294745872215,0.7498289075538548,0.13444814498741692,c234,c234
1507,0.5067009383089442,0.3384607605352885,0.1548383011557765,c1,c1
7949,0.2230787626830995,0.371028489815731,0.40589274750116305,c234,c5
9532,0.4617912123534614,0.4536124028031057,0.08459638484342374,c1,c1
1913,0.2768144097099015,0.1894228401899088,0.5337627501001916,c5,c5
15689,0.5734990903814854,0.2877302336905752,0.1387706759279419,c1,c1
809,0.2735591873898342,0.4576814414088047,0.26875937120135995,c5,c234
9071,0.34500715529510484,0.4301312764715761,0.22486156823330833,c5,c234
9586,0.21405826043628665,0.5349256275023362,0.25101611206136576,c1,c234
17745,0.28714649740745496,0.3811060560744038,0.33174744651815474,c5,c234
425,0.40744217319133114,0.4217304331357896,0.1708273936728808,c1,c234
10466,0.6521092613306344,0.292341724873328,0.05554901379604526,c1,c1
12662,0.2020946928227352,0.32657262587434566,0.471332681302923,c1,c5
13222,0.22663981359472132,0.5450424973466365,0.22831768905863636,c1,c234
9335,0.40003233557097834,0.2980847424126335,0.30188292201638933,c234,c1
3234,0.3715611795285505,0.44463874535550185,0.18380007511595342,c234,c234
2015,0.657446415871838,0.3133062879984392,0.029247296129716986,c234,c1
7488,0.4299103603502809,0.35743257771683357,0.2126570619328917,c1,c1
14568,0.131528827846279,0.5392223844931868,0.32924878766053695,c5,c234
12513,0.6130184239947505,0.1758162646579537,0.21116531134729533,c1,c1
15051,0.4844231065316182,0.23557695434099557,0.2799999391273868,c5,c1
14440,0.2592341825389987,0.4074393429296999,0.33332647453129516,c1,c234
7300,0.42756339855228515,0.323929481324713,0.24850712012299517,c234,c1
5576,0.3255426602031835,0.29318874248655297,0.3812685973102663,c5,c5
6064,0.26700904015317384,0.3435734882651143,0.38941747158170625,c5,c5
19698,0.28951546065103845,0.3637412053393987,0.34674333400956675,c1,c234
5854,0.010033371306970625,0.9604845745616474,0.02948205413138245,c234,c234
16428,0.2459845207245318,0.33350806322139653,0.42050741605407255,c234,c5
3728,0.16261234590371457,0.26160081359137005,0.5757868405049167,c5,c5
13610,0.16407747740496745,0.42914600128677327,0.4067765213082571,c234,c234
16256,0.28374683635315473,0.37066094501224905,0.3455922186345983,c234,c234
16665,0.6157966752848587,0.26435488391697937,0.11984844079816287,c5,c1
18337,0.5342163727978506,0.4247304104392649,0.041053216762881074,c1,c1
12613,0.08755201228006608,0.0598556335712601,0.8525923541486808,c5,c5
6254,0.31579451840946576,0.30477555672248346,0.3794299248680477,c1,c5
9658,0.7035790374343961,0.2403933039676246,0.0560276585979923,c1,c1
16920,0.36144684125188636,0.341741607659352,0.29681155108876756,c234,c1
15027,0.3536772881491903,0.3262559894290507,0.32006672242176254,c5,c1
13761,0.29009861294850514,0.22044020688440533,0.48946118016708395,c234,c5
5427,0.36363849442201557,0.316545164011937,0.31981634156605,c5,c1
423,0.5714096694387789,0.225423526115953,0.20316680444526053,c1,c1
14442,0.16911561871358682,0.5027656426164914,0.3281187386699238,c234,c234
7322,0.2816966178871858,0.3629308486130037,0.35537253349981096,c1,c234
3603,0.263286822027455,0.39600412161346255,0.3407090563590766,c5,c234
18345,0.2093624684670182,0.25579760741864516,0.534839924114337,c5,c5
5794,0.25677970422492075,0.3325707738959244,0.4106495218791542,c5,c5
12515,0.08305836315932795,0.3227519513759798,0.5941896854646885,c234,c5
19271,0.5344746937449524,0.22887624987656152,0.23664905637848754,c5,c1
5967,0.42101138598993093,0.35744822788765046,0.22154038612241247,c234,c1
11377,0.50223961676234,0.3396274984603422,0.15813288477730456,c1,c1
11078,0.9683642811995667,0.03000291612003252,0.0016328026803996342,c1,c1
7437,0.23603723641699928,0.38111550616998574,0.382847257413018,c5,c5
13016,0.7267824705601132,0.16078852015245562,0.11242900928744266,c1,c1
3982,0.27594050264593806,0.33524909429814115,0.38881040305591363,c234,c5
11111,0.3084363709027967,0.4084311813922662,0.2831324477049345,c5,c234
3736,0.2949667300270273,0.29926397814786476,0.4057692918251143,c1,c5
5823,0.3014233154374837,0.07450210968619289,0.6240745748763321,c5,c5
10893,0.20781883559962241,0.49648384178084154,0.29569732261953086,c5,c234
17588,0.8014989100532898,0.14845919919775585,0.050041890748952295,c5,c1
6188,0.1531894594932675,0.2469952105514957,0.5998153299552339,c234,c5
215,0.3175496755892901,0.3232994274987247,0.35915089691199015,c1,c5
14374,0.9336208122356275,0.061978385192429236,0.004400802571932215,c234,c1
1234,0.3397900541544353,0.3706417101675861,0.28956823567797535,c5,c234
7344,0.5157065464701844,0.24415929630015992,0.24013415722965817,c234,c1
1508,0.07733766950169421,0.2788664387015038,0.6437958917967959,c5,c5
14021,0.8642633136684394,0.11020023460757453,0.025536451723986858,c1,c1
15491,0.29166312483228646,0.2336940218813984,0.4746428532863187,c5,c5
6734,0.17130446096493243,0.2339225041018696,0.5947730349332035,c5,c5
4246,0.4606853656472705,0.17685148028956704,0.36246315406315843,c5,c1
5004,0.8784736508533738,0.0832041774388409,0.03832217170778347,c1,c1
5359,0.3353289697072451,0.3180607453045866,0.3466102849881652,c1,c5
11201,0.2008237799440559,0.35826870023729573,0.4409075198186438,c5,c5
1983,0.32483755425875477,0.578206784147128,0.09695566159412418,c234,c234
17582,0.3572758632695608,0.3156135131073496,0.3271106236230997,c234,c1
15129,0.30558083140528763,0.4758220290081135,0.2185971395865945,c234,c234
10253,0.589450430830793,0.3291184363111864,0.08143113285801053,c234,c1
18765,0.46899198021606464,0.2880977838927833,0.24291023589114716,c234,c1
14497,0.3575070016458398,0.3390121550752039,0.3034808432789625,c1,c1
6570,0.29566983090019355,0.3924184365860584,0.31191173251374293,c1,c234
8133,0.17312419071140162,0.15045131650948845,0.6764244927791122,c234,c5
4412,0.4281814620263307,0.3594265519309449,0.21239198604273016,c234,c1
19898,0.3967619992437501,0.3581605700746201,0.24507743068162754,c1,c1
13449,0.18058334234360057,0.21719050756285274,0.6022261500935482,c1,c5
691,0.18719733983894196,0.5151588811269823,0.29764377903407335,c234,c234
1392,0.17021846741101984,0.7963343625482936,0.03344717004069957,c234,c234
14026,0.4007769973351299,0.31630153900212055,0.28292146366274673,c234,c1
3031,0.3120568880102915,0.32555196754105664,0.362391144448655,c1,c5
6958,0.3358065033842136,0.47409978115198065,0.19009371546380005,c234,c234
898,0.16749208778150784,0.29143416111309944,0.5410737511053946,c234,c5
3710,0.2920806153107166,0.37341603405125523,0.3345033506380292,c1,c234
17485,0.34517308304300226,0.42801423689056095,0.22681268006644587,c1,c234
13180,0.8870877940557006,0.10782449334374493,0.005087712600557178,c1,c1
19201,0.23232498306893473,0.34351583929904717,0.4241591776320164,c234,c5
5789,0.17115826678597867,0.39528653487763105,0.43355519833639455,c5,c5
9785,0.18942775712769333,0.25782346076955526,0.5527487821027467,c5,c5
2127,0.1700358705076476,0.4906680804071429,0.33929604908521227,c5,c234
13929,0.30836544480479666,0.22122974158451936,0.4704048136106908,c5,c5
15323,0.22278713062108638,0.4095685009540422,0.36764436842487064,c234,c234
1917,0.33827526845834,0.3748857512543848,0.2868389802872698,c234,c234
15868,0.35300619163349833,0.4015922046058471,0.24540160376065626,c234,c234
5341,0.30875711679441953,0.3118388593674865,0.37940402383809757,c234,c5
7686,0.15459174582539376,0.39467323916999864,0.45073501500460966,c5,c5
1995,0.23005103306832703,0.29268947798825723,0.47725948894340886,c5,c5
14307,0.33718430549592926,0.4928044987404585,0.17001119576360413,c234,c234
6605,0.2167183543750159,0.24215283059711795,0.5411288150278631,c1,c5
19817,0.20780044884721777,0.46969387931834217,0.322505671834444,c234,c234
16987,0.1948738378408949,0.29071531766969916,0.5144108444894008,c5,c5
191,0.20758429659181774,0.723666170526202,0.06874953288197669,c5,c234
13747,0.2203383702020956,0.3785313659993661,0.40113026379853134,c5,c5
2570,0.27972685046889506,0.2898015991124157,0.4304715504186937,c5,c5
13510,0.24926466119088136,0.27221894475734526,0.4785163940517653,c234,c5
8321,0.44641948121603,0.22168928762342202,0.33189123116054714,c5,c1
2357,0.14550732084617354,0.2581866827669335,0.5963059963868931,c5,c5
5054,0.461019880688451,0.3298531438320431,0.2091269754795094,c234,c1
5665,0.18074367559878568,0.7258564621904277,0.09339986221079141,c234,c234
3949,0.14649062309259192,0.5682902869335354,0.2852190899738702,c5,c234
4613,0.35339596479256885,0.28102841240937176,0.365575622798062,c234,c5
19538,0.22205908683021539,0.47209035425006984,0.3058505589197146,c1,c234
12165,0.5663118849173328,0.2354197822496143,0.19826833283302508,c234,c1
14444,0.10647868566777763,0.6849661106109317,0.20855520372129976,c234,c234
17983,0.8463382359107477,0.14294111528450332,0.010720648804735998,c1,c1
4103,0.4688662943529039,0.31754868443285045,0.21358502121423903,c5,c1
19024,0.27939885071866627,0.3572598526609788,0.3633412966203531,c5,c5
7500,0.4916521441816939,0.3807247994065058,0.1276230564117866,c1,c1
7220,0.19864540466316694,0.306015384348088,0.49533921098874967,c234,c5
3251,0.13369096742753403,0.8356960183735991,0.03061301419887471,c1,c234
8988,0.2119722551943851,0.4755999596885872,0.3124277851170336,c5,c234
592,0.4376689793502298,0.21940131992454262,0.342929700725221,c234,c1
4755,0.4221817644396465,0.3018331548738228,0.27598508068652733,c234,c1
5302,0.9773718659246959,0.010491447503484663,0.01213668657181739,c5,c1
9232,0.5518606553104485,0.3383385993969375,0.10980074529261796,c234,c1
15698,0.3038088778147461,0.3880466256374901,0.30814449654775744,c1,c234
16669,0.2815012901244108,0.2685253850388022,0.449973324836785,c5,c5
9739,0.3325150201720218,0.38295746077240955,0.28452751905557483,c234,c234
12668,0.233077211245845,0.5166601489185604,0.25026263983559593,c234,c234
10445,0.8365881329955069,0.1257505323653733,0.03766133463912685,c234,c1
9152,0.27680076688124094,0.30022122735129525,0.4229780057674693,c1,c5
4660,0.2034003374188635,0.20756043540896613,0.5890392271721653,c5,c5
12855,0.19709167969031743,0.47221498965599495,0.3306933306536793,c234,c234
7978,0.27471153283491107,0.4598082775727777,0.2654801895923066,c5,c234
5884,0.12094709417264958,0.21679880121219905,0.6622541046151513,c5,c5
2628,0.37710359234624036,0.38600981938911616,0.2368865882646482,c234,c234
8815,0.2819327709877771,0.4312473623273913,0.28681986668482395,c1,c234
10723,0.2628275467223818,0.4259564866850446,0.3112159665925685,c234,c234
19451,0.308375548400722,0.17231864458834245,0.5193058070109269,c5,c5
7845,0.194976909303741,0.2617755721491761,0.5432475185470833,c5,c5
2346,0.22844558544176294,0.46175543162410093,0.3097989829341362,c234,c234
15139,0.29019062858009254,0.3718193743388099,0.3379899970811037,c5,c234
17496,0.2170294627052095,0.2710692055836645,0.511901331711128,c234,c5
