indice,p_c1,p_c234,p_c5,rotulo,previsto
17923,0.5549060717638462,0.20338358351691582,0.24171034471923805,c5,c1
1391,0.18742033192328086,0.3431300130485801,0.4694496550281391,c1,c5
3545,0.5243116065437262,0.4106433304213342,0.06504506303493961,c5,c1
12931,0.7671470250017001,0.15198032541208203,0.08087264958621797,c1,c1
12342,0.5835572664670073,0.3377683271926516,0.07867440634034108,c1,c1
15836,0.23892495514685586,0.2702189390034261,0.490856105849718,c234,c5
7175,0.13688677317255954,0.19852389257803463,0.6645893342494058,c234,c5
18518,0.6094023618820467,0.31076072618269796,0.07983691193525537,c1,c1
8698,0.12303299913661157,0.311222068407041,0.5657449324563474,c5,c5
19566,0.7326322434987405,0.12995054419162677,0.13741721230963275,c1,c1
7538,0.29135976473215364,0.2925939280594362,0.4160463072084101,c5,c5
3485,0.09264250289625886,0.3666342774697269,0.5407232196340143,c234,c5
6339,0.05433930767543675,0.19068350407388318,0.7549771882506802,c5,c5
8322,0.5523905630250144,0.36507094004105517,0.08253849693393042,c1,c1
6275,0.5669348791395056,0.3545784860725717,0.0784866347879226,c1,c1
6346,0.23229264138331757,0.3450487590037638,0.4226585996129186,c1,c5
1379,0.27945307908589795,0.33157650396691696,0.3889704169471851,c1,c5
14319,0.22308249013427447,0.2466282259099047,0.5302892839558209,c5,c5
11835,0.32194099874314885,0.30910697211551896,0.3689520291413321,c5,c5
6034,0.4648713141442287,0.3003254036017561,0.2348032822540152,c1,c1
7382,0.6189079913190381,0.26804849946279435,0.11304350921816746,c234,c1
11855,0.16828509229602867,0.1665727047048573,0.665142202999114,c5,c5
13461,0.1944227408673221,0.5032538223850366,0.3023234367476413,c5,c234
6751,0.5107737554529183,0.15347337364372104,0.3357528709033606,c1,c1
2996,0.32818606369688863,0.40121351439895947,0.2706004219041519,c234,c234
17630,0.48984276579672087,0.43006519865424553,0.08009203554903367,c234,c1
12896,0.39423003701101167,0.340565643262171,0.2652043197268174,c1,c1
3395,0.6891441360196423,0.22005829506902563,0.09079756891133212,c234,c1
8233,0.3038542079617819,0.3204955345444662,0.3756502574937519,c234,c5
14003,0.41656846302472683,0.3680346572176826,0.2153968797575906,c234,c1
9443,0.22199934267406887,0.35314570501540116,0.42485495231052983,c5,c5
4048,0.4359837060429408,0.40698778884639153,0.15702850511066765,c5,c1
8739,0.2624063384189913,0.38534338020187847,0.35225028137913034,c5,c234
20057,0.4310331553120988,0.4197808343458911,0.14918601034201,c1,c1
6154,0.7304688973531268,0.17559851998890877,0.09393258265796439,c1,c1
19850,0.25228776417721793,0.3448589709734906,0.4028532648492915,c5,c5
1251,0.33485963090993426,0.4214935110270834,0.2436468580629823,c5,c234
13235,0.24888058804765834,0.5111683312791098,0.23995108067323184,c5,c234
7440,0.19032994200019468,0.4326372885172993,0.3770327694825058,c1,c234
9084,0.5261213162755469,0.2750897304786898,0.1987889532457632,c1,c1
19503,0.19823178768384775,0.24545649529831506,0.5563117170178372,c234,c5
11212,0.18120524276679328,0.5718506168089084,0.2469441404242983,c1,c234
14468,0.09579767170137965,0.2641521096044503,0.64005021869417,c234,c5
2328,0.5282493631834168,0.2506422818523947,0.2211083549641886,c234,c1
9075,0.5720006267337409,0.2990403322480676,0.12895904101819147,c234,c1
320,0.6741316387531945,0.14691272097424604,0.17895564027255947,c5,c1
4426,0.46755873731179864,0.28881403378428255,0.2436272289039188,c234,c1
13306,0.3431021855257073,0.43501285853483684,0.22188495593945584,c234,c234
3407,0.22868693956904632,0.48974616794760883,0.28156689248334493,c5,c234
5275,0.25015034024234234,0.3595806360080478,0.3902690237496099,c5,c5
2493,0.2537828856278152,0.46560234753125385,0.28061476684093095,c234,c234
10779,0.334937950459608,0.49426218647594944,0.1707998630644425,c234,c234
18699,0.032344415782010576,0.13620131355822834,0.8314542706597611,c5,c5
5323,0.26205825429981494,0.38100502120002666,0.3569367245001584,c234,c234
4216,0.48498533853426645,0.21796223060238962,0.29705243086334404,c1,c1
13350,0.5166762122981073,0.24527565606666546,0.2380481316352272,c1,c1
2888,0.5080287752297907,0.35596080707563044,0.1360104176945788,c1,c1
1999,0.23078974820898515,0.36757364491211597,0.40163660687889885,c234,c5
16470,0.10671950916451217,0.6365885846326628,0.25669190620282506,c1,c234
19469,0.3696240771419975,0.5106839600117716,0.1196919628462308,c234,c234
16100,0.08439694759761446,0.09308495500155824,0.8225180974008273,c5,c5
1198,0.4922419572723326,0.2578530955276363,0.24990494720003095,c1,c1
14825,0.5412760462452367,0.3562662087052134,0.1024577450495498,c1,c1
10849,0.7716838552240146,0.10215195564854268,0.12616418912744265,c1,c1
15534,0.5592481099389573,0.31108121178611997,0.12967067827492268,c1,c1
11052,0.24778395447567164,0.3776819245125517,0.3745341210117767,c5,c234
15433,0.11216810745126478,0.5826445117006288,0.3051873808481063,c5,c234
19125,0.23178231050031003,0.53858532054999,0.2296323689496999,c1,c234
8931,0.13009513671339915,0.532723876022639,0.33718098726396184,c234,c234
16063,0.14298159945301306,0.5410077908343699,0.3160106097126171,c234,c234
11000,0.14094446360666937,0.5406640905037138,0.31839144588961676,c1,c234
7539,0.10808570938380185,0.3512814251440498,0.5406328654721484,c1,c5
10113,0.2960217152458284,0.5295926581522892,0.17438562660188253,c1,c234
11763,0.4140876074859887,0.18454009059222393,0.4013723019217873,c1,c1
10955,0.13358396336707476,0.3919026235998539,0.4745134130330713,c1,c5
6980,0.20714926851500398,0.2941911561664855,0.4986595753185104,c5,c5
16843,0.8375791866964541,0.12202247146709802,0.040398341836447735,c1,c1
12021,0.44622367746145086,0.4044843287373256,0.14929199380122352,c234,c1
19958,0.07818764132202255,0.7006275849859458,0.22118477369203174,c234,c234
7881,0.5231231698841358,0.25164763029386983,0.22522919982199446,c1,c1
11950,0.743620736627975,0.21343399910249578,0.0429452642695291,c234,c1
11585,0.4787397273384657,0.212967661299462,0.30829261136207237,c1,c1
17712,0.18690669207634594,0.46998116100833925,0.3431121469153149,c234,c234
6526,0.22137998196909686,0.2389602878904023,0.5396597301405007,c5,c5
18379,0.14337860753739165,0.3802069650745751,0.4764144273880334,c5,c5
4431,0.12026593145596372,0.23019858244189884,0.6495354861021375,c5,c5
7492,0.23292853078241946,0.2773547060172506,0.48971676320032986,c234,c5
15418,0.2201909603935088,0.3420362377849991,0.4377728018214921,c1,c5
16519,0.4736698038914481,0.25021778051369836,0.27611241559485367,c5,c1
2366,0.31807479137475514,0.4160558528507692,0.2658693557744756,c1,c234
2803,0.14126931137754306,0.31137866711261736,0.5473520215098395,c234,c5
5180,0.14533820455761887,0.20108994946046843,0.6535718459819128,c234,c5
19297,0.07787667751357003,0.5537597609519741,0.3683635615344558,c5,c234
3962,0.554829835230767,0.34482715995698077,0.10034300481225218,c1,c1
3607,0.21565407667265185,0.6310835966572279,0.1532623266701203,c5,c234
923,0.12379989106394311,0.2909921227933411,0.5852079861427159,c234,c5
738,0.4396038308648952,0.3306279256139554,0.22976824352114933,c5,c1
15666,0.38489049144032983,0.3194233818065031,0.29568612675316713,c1,c1
18950,0.174621493494905,0.27006011711554323,0.5553183893895517,c234,c5
3999,0.19017262905020224,0.2125709237356756,0.5972564472141222,c1,c5
4697,0.5610109583080405,0.32669105555416644,0.1122979861377931,c1,c1
6358,0.1897443853978589,0.3258615520842412,0.4843940625178998,c234,c5
14906,0.30318887504125974,0.42331971723675815,0.27349140772198216,c5,c234
2712,0.16011341965448728,0.4172381137879101,0.4226484665576027,c234,c5
8305,0.20874126837517568,0.6602654477976863,0.13099328382713815,c234,c234
11020,0.09600685037759368,0.2036516314576218,0.7003415181647845,c5,c5
14260,0.3547833271432241,0.34225582600523174,0.3029608468515441,c1,c1
17440,0.060171672200498634,0.5778881683128196,0.3619401594866818,c234,c234
6268,0.3777075945307642,0.4363310995535344,0.18596130591570145,c1,c234
340,0.4653772245749509,0.33106471374642793,0.20355806167862114,c1,c1
7482,0.15188292939345108,0.5686520204806029,0.27946505012594597,c234,c234
6602,0.12075763181692883,0.3788056873808354,0.5004366808022357,c1,c5
18019,0.07230228736104777,0.5342457452316055,0.39345196740734667,c1,c234
18353,0.17891172423848334,0.16934190086578826,0.6517463748957284,c5,c5
15790,0.2813890063561638,0.18947087308371235,0.5291401205601238,c1,c5
4927,0.4873418407737455,0.450238246200807,0.06241991302544745,c234,c1
9134,0.33165498804002375,0.2236655477870963,0.44467946417287996,c234,c5
18188,0.18501383699853052,0.3099928584029659,0.5049933045985034,c5,c5
16021,0.30718978638673605,0.3474744556235688,0.3453357579896951,c1,c234
18932,0.25375844579938533,0.4153746728849189,0.3308668813156957,c1,c234
1868,0.26103085891683075,0.25301358370423344,0.4859555573789359,c234,c5
18755,0.628717147349689,0.22579995559340188,0.14548289705690903,c1,c1
13621,0.2935262415587534,0.5142167347702528,0.1922570236709938,c1,c234
19111,0.21247670426387003,0.4683611182410779,0.31916217749505205,c1,c234
17118,0.35139479641805776,0.38925630214920437,0.25934890143273776,c1,c234
7714,0.5805495761224131,0.24344014005145184,0.17601028382613507,c5,c1
2340,0.07174664613268666,0.45359589626538116,0.47465745760193206,c5,c5
5888,0.3474653667555721,0.48759208059990866,0.16494255264451924,c1,c234
6482,0.5497639458934924,0.20616766876756423,0.24406838533894326,c5,c1
13907,0.46299400458394113,0.29116198153258743,0.2458440138834716,c1,c1
2680,0.15730223301041998,0.328692621218365,0.514005145771215,c5,c5
14288,0.13417215828964343,0.7384276446367256,0.12740019707363104,c234,c234
1293,0.081749157635051,0.49630953421893,0.42194130814601893,c234,c234
1137,0.2349548311152825,0.3474572094885653,0.41758795939615223,c234,c5
9027,0.23175560713999635,0.15471140720601873,0.613532985653985,c234,c5
20055,0.46317827568481873,0.2282502551602368,0.30857146915494443,c1,c1
9350,0.14739187036721002,0.4222010183759164,0.43040711125687364,c234,c5
12377,0.11695513881237461,0.10010521199221234,0.7829396491954131,c5,c5
18187,0.13874324350937633,0.43799958112536647,0.42325717536525725,c1,c234
10964,0.46687920960030166,0.26237377521998523,0.270747015179713,c234,c1
14018,0.4392704877955455,0.39278828739330574,0.1679412248111488,c234,c1
8282,0.4383893336887843,0.3273288439448265,0.23428182236638917,c1,c1
5406,0.06482548428913026,0.6686039134985885,0.2665706022122811,c1,c234
17504,0.46386976975202115,0.24969396909353062,0.2864362611544482,c1,c1
10583,0.2134127149370927,0.6190401693310689,0.16754711573183836,c1,c234
13248,0.2827954351185527,0.2704114047818732,0.44679316009957404,c234,c5
18348,0.2352437640487574,0.35070743557385764,0.41404880037738495,c5,c5
15330,0.307495632752119,0.3751313528782701,0.31737301436961096,c234,c234
5902,0.5739164255244513,0.30638098436435107,0.11970259011119758,c234,c1
2263,0.5274618437234831,0.2754244852633887,0.19711367101312827,c1,c1
13020,0.4006469863000553,0.1544316492358274,0.4449213644641173,c1,c5
4899,0.5943394782741319,0.16939353666027257,0.23626698506559554,c1,c1
9029,0.46350788423740624,0.29869335991907536,0.23779875584351828,c234,c1
17584,0.21877669677197734,0.44286205235495196,0.3383612508730707,c234,c234
15016,0.4275238573035934,0.4257388404072764,0.14673730228913026,c234,c1
7838,0.4873286482398109,0.26705412403847706,0.24561722772171196,c5,c1
10241,0.18003729450053207,0.2632715320752733,0.5566911734241946,c234,c5
8823,0.32184325197677704,0.2878206617751711,0.3903360862480518,c5,c5
6225,0.5428759650149232,0.10063003436793283,0.3564940006171439,c1,c1
5822,0.32090015711360087,0.5254247208618487,0.1536751220245504,c1,c234
19849,0.1121439324823417,0.5443805956366944,0.34347547188096395,c234,c234
7425,0.5296989042916053,0.2567752655067062,0.21352583020168842,c234,c1
17531,0.5606621384785977,0.2392102292319072,0.20012763228949518,c1,c1
1426,0.1986027954044529,0.4051028084101026,0.39629439618544443,c5,c234
3285,0.4425233019992843,0.36245113871594375,0.19502555928477194,c234,c1
13604,0.7492279341290925,0.17861217812898542,0.07215988774192199,c1,c1
5481,0.15452063209424474,0.2648282589290384,0.5806511089767169,c5,c5
1965,0.19717674186460118,0.1933949117443857,0.6094283463910132,c5,c5
13666,0.32384292787654856,0.4614385024265388,0.21471856969691258,c1,c234
17133,0.14568742000508259,0.1713842443563729,0.6829283356385445,c1,c5
18067,0.346527773735607,0.26040220384917767,0.3930700224152154,c5,c5
5870,0.16297674346052218,0.5002466969028092,0.3367765596366686,c5,c234
11524,0.11838132187299272,0.1591322315723003,0.722486446554707,c5,c5
3948,0.6698035245092583,0.1934804023429272,0.1367160731478146,c5,c1
1006,0.4074714256675188,0.48681722136070216,0.10571135297177905,c1,c234
16918,0.41656846302472683,0.3680346572176826,0.2153968797575906,c234,c1
7937,0.6496029764391784,0.2383053533375522,0.11209167022326931,c5,c1
14715,0.1219202676882875,0.317681097353705,0.5603986349580076,c234,c5
14303,0.20842688087854924,0.593078124567854,0.1984949945535967,c1,c234
7599,0.6137797063203121,0.24246085235238085,0.14375944132730706,c5,c1
9816,0.7452132070638755,0.06835828757806785,0.18642850535805672,c1,c1
14486,0.2169263304336132,0.4540146361649238,0.329059033401463,c1,c234
14358,0.14068626405070137,0.3230973158940276,0.536216420055271,c234,c5
17076,0.031290391144715476,0.090136486859673,0.8785731219956116,c5,c5
9736,0.2652824019255014,0.4947455464809848,0.23997205159351373,c1,c234
7959,0.329396315745788,0.42278651819519125,0.24781716605902085,c234,c234
3442,0.5115524563952475,0.3533105028985019,0.1351370407062506,c234,c1
5416,0.6099343504029529,0.3209751951919117,0.06909045440513527,c1,c1
11514,0.7716856370146388,0.13508308955168455,0.0932312734336766,c1,c1
2729,0.2254399595948318,0.38829695778759543,0.3862630826175728,c5,c234
17307,0.255796434161253,0.25479820051564295,0.4894053653231041,c234,c5
15488,0.4333214864745361,0.34240521326802126,0.2242733002574426,c1,c1
4563,0.3962889304141396,0.25357237178224634,0.35013869780361406,c5,c1
138,0.19935541770952236,0.16744995163289284,0.6331946306575849,c5,c5
1545,0.7290144388117948,0.17563835028220945,0.09534721090599581,c1,c1
2533,0.306664793940206,0.3875032678906567,0.3058319381691373,c234,c234
17810,0.13655347794337577,0.46751943430037307,0.3959270877562512,c5,c234
15141,0.2712388288900797,0.48822185315473016,0.24053931795519,c1,c234
214,0.24928229480585978,0.2772619340655394,0.4734557711286007,c1,c5
16430,0.4358550217061554,0.47709100848152053,0.08705396981232395,c234,c234
15951,0.4297459396117865,0.2506153376688947,0.31963872271931876,c5,c1
1653,0.2405677888390043,0.3772054070511603,0.3822268041098354,c234,c5
8789,0.3101000968484909,0.26059410742023603,0.42930579573127303,c1,c5
19444,0.39216203137750016,0.4578567955300345,0.14998117309246517,c1,c234
10457,0.2605303158501639,0.4754927795901474,0.26397690455968864,c234,c234
7743,0.14725886268283792,0.36012384476576137,0.49261729255140063,c5,c5
15213,0.3804489574592521,0.37212048436869904,0.24743055817204873,c234,c1
18059,0.23446016663497213,0.3438879103346317,0.4216519230303962,c234,c5
19793,0.4783508938750447,0.1988645875312422,0.32278451859371304,c234,c1
12915,0.08934851342338894,0.65536734454545,0.2552841420311612,c1,c234
14102,0.6660812751187994,0.23014244176052212,0.10377628312067855,c234,c1
6162,0.11035609688950629,0.4479600231293515,0.44168387998114206,c5,c234
7534,0.1514345516323499,0.4330244986134609,0.4155409497541892,c5,c234
17293,0.08951873437337068,0.20720007774109858,0.7032811878855307,c5,c5
874,0.25253867075523,0.5284831868006041,0.21897814244416589,c234,c234
2549,0.0820718757528899,0.16172733404472248,0.7562007902023876,c5,c5
8860,0.20189618013891447,0.6028986441844613,0.1952051756766243,c234,c234
17991,0.1362260555740618,0.13685093625948286,0.7269230081664553,c234,c5
12037,0.6280445464744322,0.25501648585193964,0.11693896767362803,c1,c1
15172,0.2299987074253535,0.5743225973786458,0.19567869519600078,c234,c234
16042,0.38390830151818867,0.34478743783742016,0.2713042606443912,c1,c1
10069,0.4636011959082861,0.2832705098922298,0.25312829419948424,c234,c1
16609,0.4297459396117865,0.2506153376688947,0.31963872271931876,c5,c1
2753,0.4638483417063949,0.35248345702871964,0.18366820126488545,c1,c1
3375,0.36752160426814584,0.580247817418585,0.05223057831326927,c5,c234
7185,0.2460554844739618,0.16243461246778057,0.5915099030582576,c234,c5
799,0.2854455903711951,0.32552172386377304,0.3890326857650319,c234,c5
12388,0.3951316171491062,0.4416232125074965,0.16324517034339733,c1,c234
489,0.3243350035491099,0.2736540593830033,0.4020109370678869,c5,c5
18469,0.15642715178106575,0.6083573049812834,0.23521554323765087,c1,c234
12967,0.20162093036009124,0.2102941653147809,0.5880849043251278,c5,c5
9518,0.09549550493661972,0.27986983118107256,0.6246346638823076,c234,c5
19676,0.10105109395737352,0.16079041071319133,0.7381584953294351,c234,c5
16773,0.5791453699233595,0.2124749002685434,0.20837972980809702,c1,c1
19955,0.23093000530357125,0.39188081661457136,0.37718917808185737,c234,c234
15829,0.5125812949042068,0.33813326867294874,0.1492854364228445,c234,c1
7045,0.4577510373779579,0.14145015970590338,0.40079880291613884,c1,c1
2571,0.2092019466053294,0.23433368195237675,0.5564643714422939,c234,c5
8964,0.47130875876213646,0.20934370424980728,0.31934753698805635,c5,c1
15008,0.27621058206512034,0.36525168675300346,0.35853773118187615,c234,c234
19160,0.8104820802929658,0.09502357679907215,0.094494342907962,c5,c1
11667,0.12136958708206655,0.4437708497276214,0.4348595631903121,c1,c234
4855,0.2746361118836042,0.28691286759568413,0.43845102052071155,c5,c5
17170,0.13195663891276369,0.7574039980161372,0.11063936307109916,c234,c234
1604,0.4343872814533196,0.22928485794698397,0.33632786059969644,c1,c1
6675,0.19226629281503044,0.3926890476117033,0.4150446595732662,c234,c5
12560,0.7108957743935467,0.162303714380588,0.12680051122586544,c234,c1
17208,0.11361673358428429,0.5296541121029058,0.35672915431280994,c234,c234
10472,0.4989580438608681,0.37066629269433976,0.13037566344479212,c234,c1
2778,0.3133292120625251,0.3725032225562662,0.31416756538120866,c234,c234
4673,0.41700245184006657,0.37237325081298694,0.21062429734694646,c1,c1
13871,0.3798086980338944,0.41262566965813957,0.207565632307966,c234,c234
7662,0.11996182204780996,0.5502624951559729,0.32977568279621716,c5,c234
15588,0.14173968986567556,0.32975138886468114,0.5285089212696432,c5,c5
3667,0.3964220435941934,0.26386394578164596,0.3397140106241606,c1,c1
15514,0.15929638972632848,0.5349561810545219,0.30574742921914966,c5,c234
15859,0.6013919016210061,0.27357412950990345,0.12503396886909052,c234,c1
15924,0.05522525886397642,0.28404442251421447,0.6607303186218091,c5,c5
8948,0.6114171677345019,0.20212124575780324,0.18646158650769482,c1,c1
9756,0.5044523159708216,0.2924719456058586,0.2030757384233198,c234,c1
5066,0.21191199622236007,0.20749430250087475,0.5805937012767651,c234,c5
19777,0.44717493395555746,0.3824631290654693,0.17036193697897328,c234,c1
9901,0.15329173115634634,0.2800619164503028,0.5666463523933508,c234,c5
3859,0.14018540101606508,0.532612065103642,0.3272025338802929,c234,c234
3944,0.2625995929407209,0.3079928807009934,0.4294075263582857,c5,c5
11131,0.23484995240464987,0.46417288531172984,0.3009771622836203,c5,c234
15989,0.11278400107605446,0.6269389015094599,0.2602770974144857,c234,c234
5266,0.5738711696607204,0.33858302516921746,0.08754580517006219,c1,c1
1585,0.10920414463420203,0.3826044679499398,0.5081913874158581,c234,c5
4266,0.09796743611417949,0.4425877031527357,0.4594448607330848,c234,c5
15422,0.18892832362077694,0.3485940619444352,0.4624776144347879,c5,c5
3470,0.4001277339512074,0.395792375234537,0.20407989081425568,c234,c1
4099,0.2160765655630838,0.35073568251858134,0.433187751918335,c5,c5
3336,0.23070728133630217,0.41228277339014674,0.3570099452735511,c234,c234
16521,0.057793867426187216,0.28782818152097317,0.6543779510528396,c5,c5
5929,0.5155132155377066,0.2305545926047188,0.25393219185757465,c1,c1
19354,0.4253706577430783,0.20757674010281849,0.3670526021541031,c1,c1
5907,0.2076271607511687,0.48706023399486476,0.3053126052539665,c1,c234
13674,0.14483765116977187,0.21917323552225254,0.6359891133079756,c234,c5
7352,0.21759996265765214,0.388523728865792,0.3938763084765558,c234,c5
17552,0.13691686964583974,0.5562621216825716,0.3068210086715886,c5,c234
8107,0.06355172122163251,0.5920718933689244,0.3443763854094431,c234,c234
830,0.4168785853826441,0.27682458317125586,0.3062968314461001,c5,c1
349,0.2906324212539298,0.4160505203464358,0.29331705839963435,c5,c234
6376,0.11359790912730762,0.7697259546723101,0.11667613620038245,c1,c234
9039,0.1085812327796196,0.5657497476716873,0.3256690195486931,c234,c234
2582,0.13458159417651838,0.4778180185808406,0.38760038724264106,c5,c234
13659,0.10873189572394895,0.15275200397181934,0.7385161003042316,c5,c5
19280,0.19017928729627234,0.21551869254334305,0.5943020201603846,c234,c5
4828,0.19428904307838898,0.53664980065654,0.26906115626507104,c234,c234
14889,0.15802068015850027,0.3849048809570299,0.45707443888446986,c234,c5
14098,0.08834439682703109,0.3742990565153226,0.5373565466576463,c5,c5
10058,0.7909979322875444,0.09102796041023625,0.11797410730221942,c234,c1
2993,0.13537142421021142,0.2958087333512806,0.568819842438508,c5,c5
9176,0.1440968071391259,0.7391033124366162,0.11679988042425782,c234,c234
19846,0.25653339632553285,0.2963497559348056,0.4471168477396615,c234,c5
11921,0.17424577815195602,0.3648505677681726,0.4609036540798713,c1,c5
19063,0.5506668598153297,0.2118091948128762,0.2375239453717941,c1,c1
18312,0.2378646345574569,0.31980363580886917,0.442331729633674,c5,c5
11871,0.3940943332324902,0.35453359723600897,0.2513720695315009,c234,c1
2207,0.11701255358030899,0.3414280695001518,0.5415593769195393,c5,c5
6767,0.35646844938357614,0.3830725049381138,0.2604590456783101,c234,c234
3008,0.25850014708156993,0.5246146333540456,0.21688521956438456,c5,c234
8206,0.35092255899201874,0.35815548470606623,0.29092195630191503,c1,c234
4391,0.21901892304120518,0.6080261286563198,0.17295494830247496,c234,c234
3104,0.46386976975202115,0.24969396909353062,0.2864362611544482,c234,c1
14149,0.5274618437234831,0.2754244852633887,0.19711367101312827,c1,c1
16300,0.12212357519916946,0.44388969552551344,0.4339867292753171,c1,c234
14717,0.2575258522443313,0.6754917232318326,0.06698242452383595,c5,c234
4763,0.15252945726506778,0.15022442383186949,0.6972461189030628,c5,c5
1505,0.30146134635421595,0.42229340221992523,0.2762452514258589,c1,c234
17326,0.12023513095245394,0.4340824310208298,0.44568243802671637,c5,c5
17652,0.2246067145962067,0.4827102831909406,0.2926830022128526,c1,c234
14270,0.07837360954025253,0.05722437806381667,0.8644020123959308,c5,c5
4914,0.24657530140336595,0.4327822277482676,0.3206424708483665,c5,c234
7773,0.5119324919006905,0.30603841984947483,0.18202908824983471,c1,c1
15930,0.4343524378455501,0.20443797692788954,0.3612095852265604,c5,c1
4593,0.30532824079564763,0.37113191453754724,0.32353984466680513,c234,c234
17339,0.22155916202391698,0.17099167852407327,0.6074491594520098,c5,c5
10749,0.4511178745646642,0.28326499567229907,0.26561712976303675,c234,c1
8787,0.300278729928294,0.2809083114521319,0.4188129586195742,c5,c5
1499,0.22734531377026876,0.41338146378791246,0.35927322244181864,c234,c234
5248,0.4863961371370331,0.32609357686349966,0.18751028599946729,c1,c1
16980,0.15499543596578294,0.3010372811365637,0.5439672828976534,c5,c5
8423,0.4202724714325329,0.35596454892794077,0.2237629796395262,c1,c1
4618,0.28425401607885814,0.3106046857478887,0.4051412981732531,c1,c5
2393,0.19849350690556544,0.4880716129756432,0.3134348801187914,c1,c234
9175,0.46020573020925915,0.23228712632589038,0.3075071434648504,c234,c1
1007,0.2877764555499912,0.45786404324540875,0.2543595012046,c5,c234
9890,0.4991427061444417,0.2535505457423441,0.24730674811321438,c1,c1
11762,0.17305304656724968,0.14664685719274828,0.680300096240002,c5,c5
4334,0.12407873162841815,0.428237870698455,0.4476833976731268,c1,c5
11094,0.8503749542154873,0.11135252758159703,0.03827251820291584,c1,c1
10892,0.31357505598193425,0.22848677510796628,0.4579381689100994,c1,c5
19814,0.6290822720649384,0.22947854136315338,0.1414391865719083,c1,c1
11019,0.11296177810993521,0.24512087555701154,0.6419173463330533,c5,c5
5701,0.5004782917407476,0.35552673148371455,0.14399497677553783,c5,c1
8203,0.4596080680017437,0.2947980261911213,0.2455939058071351,c234,c1
6185,0.33722867744566165,0.39610143389619323,0.26666988865814517,c1,c234
16828,0.39794199777964806,0.33151949735832525,0.27053850486202663,c1,c1
3036,0.6774567354212998,0.25898575335814933,0.06355751122055087,c1,c1
14629,0.18003729450053207,0.2632715320752733,0.5566911734241946,c5,c5
159,0.15347559980727252,0.42960704560546986,0.41691735458725754,c5,c234
7493,0.3672549326293477,0.24363341891182397,0.38911164845882834,c1,c5
18585,0.11445653388677171,0.4941186375847971,0.39142482852843113,c5,c234
1692,0.20297155092283672,0.2313017520360304,0.5657266970411329,c5,c5
13304,0.19377716300623618,0.30979301929507214,0.49642981769869177,c5,c5
6216,0.1708288841590753,0.37855301488791826,0.4506181009530064,c1,c5
2484,0.639430342043745,0.14537009169371057,0.21519956626254447,c1,c1
8874,0.2272816311521493,0.12641376841400154,0.6463046004338491,c5,c5
16146,0.15877979674063825,0.20100618696200068,0.6402140162973611,c5,c5
6915,0.10979739386556976,0.6172560669025121,0.27294653923191803,c234,c234
17283,0.6830534634124739,0.2562644333925511,0.06068210319497511,c1,c1
5709,0.39350814962059166,0.1890287395257855,0.41746311085362275,c5,c5
17054,0.606385909651107,0.16605733831013586,0.22755675203875728,c1,c1
6671,0.21035471780415582,0.3060390763458948,0.48360620584994934,c234,c5
10879,0.028976389473179927,0.036996087412997425,0.9340275231138226,c5,c5
16747,0.3220906395756464,0.3643223436990082,0.31358701672534545,c5,c234
1368,0.42938628774504545,0.2551687202772731,0.31544499197768144,c1,c1
18136,0.20260732101343532,0.22945813254830869,0.567934546438256,c1,c5
16587,0.23747976242477498,0.372462859413419,0.390057378161806,c234,c5
2497,0.3673875098656694,0.3530822672938484,0.2795302228404822,c1,c1
17182,0.5256378063659494,0.23621267643510602,0.23814951719894464,c234,c1
17683,0.3340808101029044,0.5015756640294137,0.164343525867682,c1,c234
12088,0.5678621428723389,0.2140111847119996,0.21812667241566153,c234,c1
1927,0.23484181643667318,0.44115887346978555,0.3239993100935412,c234,c234
456,0.40064025756102634,0.4560047127203019,0.1433550297186718,c5,c234
15015,0.5148677450213297,0.3015484991368503,0.18358375584181988,c234,c1
9460,0.3618878149802222,0.5075629048376177,0.13054928018216017,c1,c234
7401,0.15755456442941873,0.2871443809769245,0.5553010545936568,c5,c5
6175,0.4815475911486732,0.2784266202612108,0.2400257885901159,c1,c1
3771,0.4934228507015543,0.1945949904814605,0.3119821588169852,c5,c1
14651,0.15018493105811995,0.3344829647231779,0.5153321042187021,c1,c5
19744,0.46048659264774355,0.4379267008874262,0.10158670646483037,c1,c1
8460,0.29152264566756914,0.4221355978642627,0.2863417564681682,c234,c234
14655,0.3555627711919138,0.491862638000954,0.1525745908071323,c1,c234
7092,0.41656846302472683,0.3680346572176826,0.2153968797575906,c234,c1
12391,0.37636188583974134,0.3825233050251858,0.24111480913507286,c1,c234
8212,0.2600519368930997,0.40491528412381156,0.3350327789830888,c1,c234
16416,0.25883293858684575,0.3451916794685864,0.3959753819445679,c5,c5
16956,0.26195565590173636,0.41734355373391857,0.32070079036434507,c5,c234
141,0.2519295882500246,0.5000259267910298,0.24804448495894565,c5,c234
7851,0.5523905630250144,0.36507094004105517,0.08253849693393042,c5,c1
2033,0.48174059008678666,0.2685436374848184,0.24971577242839485,c1,c1
782,0.25273701370666796,0.3912847210065085,0.3559782652868236,c234,c234
4109,0.2800922385133382,0.32566435758816964,0.39424340389849216,c5,c5
12389,0.6360745433847874,0.11956482736792809,0.24436062924728433,c5,c1
16427,0.2541514290185115,0.49205323147894653,0.25379533950254207,c234,c234
5299,0.39826087854035364,0.4150581032698367,0.1866810181898095,c5,c234
10533,0.25484861936838765,0.29028368152296974,0.4548676991086427,c5,c5
1317,0.44238831812053125,0.24794359687695192,0.3096680850025168,c1,c1
11526,0.6449732644141025,0.20337130441758422,0.15165543116831326,c1,c1
1320,0.507616398746023,0.34375800104101245,0.14862560021296456,c234,c1
5426,0.16472230384115646,0.6188970446050661,0.21638065155377734,c5,c234
14681,0.5498080283339287,0.18960834996456383,0.2605836217015075,c5,c1
3577,0.07248739515019234,0.47560565331899357,0.451906951530814,c234,c234
10151,0.21180360629886333,0.5833229774698017,0.20487341623133506,c5,c234
17525,0.21047620192478564,0.4379482241606461,0.3515755739145683,c1,c234
16592,0.08929234060357484,0.2447056252079116,0.6660020341885136,c5,c5
16608,0.1396516440192227,0.23263897122799945,0.6277093847527778,c1,c5
19143,0.16653666970815303,0.3883068241222372,0.44515650616960967,c234,c5
17310,0.22328628559424132,0.566838448291589,0.2098752661141696,c234,c234
4432,0.27002740422258137,0.425306172987039,0.3046664227903797,c1,c234
5365,0.2883501654541604,0.29256021070689137,0.41908962383894827,c234,c5
10064,0.22134692668712172,0.29172290119584005,0.48693017211703826,c1,c5
10060,0.07695877498672325,0.38917241705044403,0.5338688079628328,c5,c5
12934,0.334802810309508,0.22864976838491027,0.4365474213055817,c1,c5
13138,0.17097693533064331,0.5365625477324237,0.29246051693693303,c5,c234
16357,0.1997162063129129,0.5797986230383112,0.22048517064877574,c1,c234
15390,0.20430317374266826,0.31925486992790864,0.47644195632942316,c5,c5
19187,0.47245882649104654,0.43983834504840635,0.08770282846054717,c234,c1
12317,0.3748975745945922,0.3647036835888747,0.2603987418165331,c1,c1
2874,0.3156767253438397,0.4250758492602429,0.2592474253959174,c234,c234
12839,0.2798584669024083,0.39077208664674656,0.3293694464508452,c5,c234
1523,0.31783635440885405,0.11762499757166942,0.5645386480194766,c5,c5
7113,0.4862526230474394,0.23590356358605175,0.27784381336650876,c1,c1
7227,0.25424292745620825,0.43166597686103453,0.3140910956827572,c234,c234
3430,0.2569546208756026,0.21017133335334068,0.5328740457710568,c234,c5
3444,0.233363362202428,0.36594130530163105,0.40069533249594086,c1,c5
17742,0.34736562513453384,0.562332698244938,0.09030167662052813,c5,c234
14686,0.49191334107488477,0.3882600589513897,0.11982659997372563,c1,c1
9742,0.24058541736256636,0.3747248312247098,0.3846897514127238,c234,c5
7098,0.49191349408166773,0.2714953818283718,0.23659112408996044,c234,c1
9670,0.3469367258448026,0.45057632580747387,0.20248694834772354,c234,c234
13778,0.163076117074671,0.46167803310320976,0.37524584982211934,c1,c234
14548,0.5521145634435005,0.35300643526109887,0.09487900129540056,c1,c1
7487,0.23409571840508253,0.5062710907422657,0.25963319085265163,c234,c234
9448,0.39967406356779545,0.3036386255840376,0.296687310848167,c234,c1
13152,0.40622209887457134,0.27142735965017034,0.3223505414752584,c1,c1
3851,0.10252400183708357,0.5977693854090441,0.2997066127538724,c5,c234
18069,0.5347723042176638,0.2979151012473821,0.16731259453495426,c1,c1
1448,0.23670830770519286,0.26734885264137825,0.49594283965342884,c5,c5
16214,0.5523905630250144,0.36507094004105517,0.08253849693393042,c234,c1
15894,0.1698412502235879,0.14505796899117418,0.685100780785238,c5,c5
6955,0.7060038432059689,0.16646137714630502,0.1275347796477262,c1,c1
8945,0.420820108510442,0.35089401157460703,0.22828587991495092,c234,c1
4482,0.30656318835947693,0.2966243624613615,0.3968124491791616,c1,c5
1855,0.28977609952652583,0.45254322781004513,0.257680672663429,c234,c234
13331,0.17424577815195602,0.3648505677681726,0.4609036540798713,c234,c5
10809,0.141741723037058,0.4705259161952999,0.3877323607676421,c234,c234
3848,0.3235728341396053,0.43111812657831877,0.24530903928207598,c234,c234
4188,0.5371703317420792,0.31808353139252643,0.14474613686539442,c1,c1
7520,0.2565430620653428,0.3955411238513609,0.34791581408329636,c1,c234
7645,0.4945273288547027,0.41727079736440575,0.08820187378089163,c5,c1
14517,0.5923022298765188,0.3086375001145631,0.09906027000891807,c1,c1
4519,0.28180048467091134,0.13428726661251122,0.5839122487165774,c1,c5
9625,0.5351109293944314,0.19316293498223444,0.27172613562333425,c1,c1
13670,0.5766694108661653,0.14057954354893964,0.282751045584895,c1,c1
956,0.06479299616674712,0.10246447271772219,0.8327425311155308,c5,c5
13279,0.32156596712010843,0.15367236544148327,0.5247616674384082,c5,c5
6882,0.13723361276712154,0.3252917876683562,0.5374745995645223,c5,c5
10266,0.739100782022807,0.208610716812991,0.05228850116420197,c1,c1
3419,0.24180358635598084,0.15324367225481678,0.6049527413892023,c234,c5
14152,0.6133745897867441,0.277970112890107,0.10865529732314894,c1,c1
6497,0.3495997024161932,0.25535233584999567,0.39504796173381124,c5,c5
6266,0.13294378912784718,0.24872141287731528,0.6183347979948376,c5,c5
8009,0.17911497050630906,0.48222207763894814,0.33866295185474266,c234,c234
19921,0.042843968586071236,0.3931315157537475,0.5640245156601813,c5,c5
4754,0.48914617582221814,0.44617332713791696,0.06468049703986495,c234,c1
1634,0.2513277658442203,0.3672914060520469,0.3813808281037328,c5,c5
18800,0.2191226763359814,0.13106697431183215,0.6498103493521865,c234,c5
11113,0.15982392620914204,0.3119643829176509,0.5282116908732071,c234,c5
13828,0.157449476784611,0.19010904468885412,0.6524414785265349,c5,c5
1685,0.3011757871243812,0.2522042608814171,0.4466199519942016,c1,c5
109,0.2255082804695993,0.21958591482221537,0.5549058047081854,c234,c5
15685,0.37048551014375597,0.33434809429276047,0.2951663955634837,c5,c1
6540,0.30893832328185505,0.6112597958552791,0.07980188086286583,c234,c234
18851,0.4015431587176421,0.3946658798156194,0.20379096146673845,c234,c1
14167,0.17808161038769102,0.24568991400754864,0.5762284756047603,c234,c5
13914,0.3097493684409916,0.3542103868992162,0.3360402446597922,c5,c234
15469,0.5440811959456947,0.3243809442701577,0.13153785978414753,c234,c1
5468,0.6123182961604849,0.17226733470794361,0.21541436913157144,c1,c1
13214,0.35457154094005044,0.3093410757831084,0.3360873832768412,c5,c1
16547,0.6090054140538026,0.2820969858402182,0.10889760010597922,c1,c1
19067,0.4559405410724508,0.24376723739669132,0.30029222153085783,c1,c1
17238,0.20838963151464732,0.4205955719981458,0.37101479648720687,c1,c234
10336,0.31936188174232966,0.3688552386203755,0.3117828796372949,c234,c234
1841,0.08960455228186948,0.3145856332855436,0.5958098144325868,c5,c5
9506,0.13843180996874727,0.5555492245310343,0.30601896550021845,c234,c234
18812,0.2589632907926397,0.3143387277592144,0.42669798144814586,c234,c5
12075,0.24054519344988556,0.42534601082549706,0.33410879572461744,c1,c234
802,0.2252731243198397,0.23094126656315872,0.5437856091170016,c5,c5
17414,0.3436558844421181,0.3544415236338679,0.301902591924014,c5,c234
17925,0.13620300276418545,0.6237949206918478,0.24000207654396677,c1,c234
16921,0.07884222503560873,0.15538525351538415,0.7657725214490071,c5,c5
10619,0.433314558317768,0.4758215712136082,0.09086387046862383,c1,c234
13244,0.9515643093163184,0.028338924835057205,0.02009676584862433,c1,c1
4242,0.48254826079929203,0.38745950504451704,0.12999223415619088,c234,c1
891,0.22760634715955463,0.3740788658186706,0.3983147870217748,c5,c5
12274,0.377984629435731,0.3261054392490246,0.29590993131524423,c234,c1
1339,0.34746483191756883,0.5588044664946747,0.09373070158775643,c1,c234
13739,0.3003706618748924,0.1812058996559935,0.518423438469114,c234,c5
10971,0.20949008071861785,0.43030850177429647,0.3602014175070857,c234,c234
1414,0.18651908265034292,0.11909211992361464,0.6943887974260424,c5,c5
879,0.3555505099259841,0.4623947690499897,0.18205472102402623,c234,c234
15810,0.3820734327401368,0.3453691616428566,0.2725574056170066,c1,c1
7149,0.16301240534862924,0.28496621864508126,0.5520213760062895,c234,c5
5936,0.3454677639407871,0.16346306765610658,0.4910691684031064,c5,c5
7910,0.24393417828834482,0.4468123838081942,0.30925343790346094,c5,c234
14683,0.6510065204784203,0.2102983159794954,0.13869516354208414,c1,c1
1606,0.3358616211419955,0.1946183752034366,0.46952000365456775,c1,c5
15870,0.16244090033280642,0.3015588575862922,0.5360002420809014,c1,c5
17600,0.3673441389691946,0.26198385830913995,0.37067200272166534,c5,c5
7179,0.25013607696000695,0.4216989199146195,0.3281650031253735,c5,c234
17992,0.5523905630250144,0.36507094004105517,0.08253849693393042,c234,c1
15307,0.10530011755001947,0.4822380665778263,0.4124618158721542,c234,c234
1000,0.6133318850952678,0.22967920936271527,0.156988905542017,c234,c1
11022,0.3366600522845756,0.396345534315653,0.2669944133997715,c1,c234
15228,0.1964114963401616,0.6601161719378462,0.14347233172199222,c234,c234
7591,0.29268696035952657,0.2927840665809968,0.41452897305947656,c5,c5
4376,0.3223033461030635,0.3488873423980654,0.32880931149887105,c234,c234
54,0.28802064443494335,0.38850348571072807,0.3234758698543287,c5,c234
11125,0.15674847797497218,0.1344699038934011,0.7087816181316268,c234,c5
1047,0.1676582084421094,0.21296860058481287,0.6193731909730777,c234,c5
984,0.5508787390335127,0.314603430975084,0.13451782999140333,c1,c1
661,0.25049358574348607,0.316152318785508,0.433354095471006,c5,c5
6200,0.17967817885378234,0.5434916115440638,0.2768302096021538,c5,c234
17709,0.26563754277609647,0.2790616455993332,0.4553008116245703,c5,c5
11955,0.3034004220141828,0.5359802023552573,0.16061937563055986,c1,c234
6158,0.2848296755626292,0.29292311853890757,0.4222472058984632,c5,c5
14277,0.15365736282268153,0.10958849362047333,0.7367541435568452,c5,c5
8794,0.10732883583638288,0.2468289965988342,0.645842167564783,c5,c5
6712,0.49941149064489165,0.3848749318596926,0.11571357749541585,c234,c1
10876,0.2326794079539773,0.3745176629514123,0.3928029290946104,c5,c5
67,0.19658906044544508,0.31374974307183584,0.4896611964827191,c1,c5
15744,0.5523905630250144,0.36507094004105517,0.08253849693393042,c1,c1
8260,0.07985532042983381,0.7030789072445905,0.21706577232557553,c1,c234
11916,0.19899953623655153,0.4370479369261678,0.3639525268372807,c5,c234
12862,0.2915873635576003,0.17796719938119654,0.5304454370612033,c234,c5
10495,0.1634566798725649,0.2930844810232837,0.5434588391041513,c5,c5
12087,0.4811934260165833,0.39532339550338497,0.12348317848003174,c5,c1
16575,0.4571173676389765,0.4483173512835378,0.09456528107748569,c1,c1
13917,0.26970366721029126,0.21585230202425745,0.5144440307654513,c234,c5
16219,0.24838370652501787,0.3664924992834848,0.3851237941914973,c1,c5
15063,0.1929334576728541,0.3890387353468308,0.418027806980315,c234,c5
15460,0.8966708778169209,0.05715122780412992,0.04617789437894916,c1,c1
4198,0.38487518341434984,0.24605675486948236,0.36906806171616774,c234,c1
7649,0.14346667463712762,0.5655590930630429,0.2909742322998295,c5,c234
10736,0.12760074444908226,0.5068923407006172,0.3655069148503005,c5,c234
7576,0.39958244921602154,0.32494745303791395,0.27547009774606446,c1,c1
10133,0.29761226416204717,0.24018752494762388,0.46220021089032903,c5,c5
12466,0.109163497517868,0.24264932734136788,0.6481871751407642,c5,c5
7058,0.4220489034422884,0.2044079448768739,0.3735431516808378,c1,c1
17393,0.6324396783061407,0.21630003483661056,0.1512602868572487,c1,c1
7513,0.07902208801396364,0.25662588336586384,0.6643520286201725,c5,c5
7435,0.25739573994696513,0.4071753824873645,0.3354288775656703,c234,c234
7836,0.2981477004173709,0.4432250390370208,0.2586272605456083,c234,c234
15809,0.05576481999095803,0.22778998203167514,0.7164451979773668,c5,c5
9674,0.21435313966825884,0.5501429017594378,0.2355039585723035,c5,c234
19343,0.3076137843111095,0.3003435455571301,0.3920426701317604,c1,c5
14063,0.5960955410317336,0.20222750195996975,0.20167695700829663,c1,c1
6435,0.3945931741075016,0.32472666229080727,0.28068016360169107,c234,c1
5550,0.23121707539778935,0.3676104384642476,0.40117248613796314,c1,c5
12040,0.3235413779410804,0.24251315330391263,0.43394546875500706,c234,c5
10005,0.1502602113933791,0.40709016488869826,0.44264962371792266,c234,c5
4031,0.5523905630250144,0.36507094004105517,0.08253849693393042,c1,c1
288,0.4072271914876739,0.325577023788375,0.26719578472395106,c1,c1
16823,0.09911772052873223,0.23372454653020483,0.667157732941063,c5,c5
5767,0.24803093051443617,0.46223286565352945,0.28973620383203436,c234,c234
13208,0.19634417028965062,0.2643598150149668,0.5392960146953826,c5,c5
17929,0.2244172497353882,0.342815819602653,0.4327669306619589,c5,c5
18954,0.1764872569241845,0.368621978336756,0.45489076473905954,c5,c5
5337,0.41656846302472683,0.3680346572176826,0.2153968797575906,c1,c1
11735,0.1526667263259474,0.3098406387108243,0.5374926349632283,c5,c5
7667,0.46074897842301116,0.42119508785029236,0.11805593372669639,c1,c1
18591,0.3318829450234501,0.18325578079691662,0.4848612741796334,c234,c5
1463,0.20031252114280407,0.3653699567007921,0.4343175221564039,c234,c5
5637,0.3121822164794311,0.27955803509993266,0.4082597484206362,c1,c5
12633,0.33165498804002375,0.2236655477870963,0.44467946417287996,c5,c5
17959,0.5738711696607204,0.33858302516921746,0.08754580517006219,c1,c1
9928,0.5896328976258453,0.2628709291024405,0.1474961732717143,c1,c1
14481,0.4586003417194268,0.27860335655538915,0.2627963017251842,c1,c1
19570,0.187163292508116,0.39467907624983317,0.4181576312420509,c5,c5
11347,0.3972597046807959,0.39628025074682294,0.20646004457238107,c1,c1
2041,0.639763187827515,0.23280037434462875,0.1274364378278564,c1,c1
8384,0.6352290300413618,0.20238940773500724,0.16238156222363095,c1,c1
19934,0.1012540763279139,0.25845190159859105,0.640294022073495,c5,c5
19097,0.49191334107488477,0.3882600589513897,0.11982659997372563,c234,c1
17835,0.6298234522105505,0.09101194041968255,0.27916460736976695,c1,c1
17554,0.2840938594032252,0.42391109662204923,0.29199504397472564,c1,c234
5246,0.05185706169748062,0.33436189071120576,0.6137810475913137,c1,c5
9795,0.36599521132209495,0.23525195341416016,0.39875283526374483,c234,c5
1180,0.018302750986477375,0.13928266710234072,0.842414581911182,c5,c5
2927,0.33837644651508075,0.3315611919402276,0.33006236154469165,c1,c1
18048,0.05185706169748062,0.33436189071120576,0.6137810475913137,c234,c5
3884,0.3244732931107616,0.33175622277986905,0.34377048410936933,c1,c5
3609,0.11339288609596523,0.4787197778162749,0.4078873360877599,c234,c234
15529,0.20295732882462258,0.4194860380620644,0.3775566331133131,c5,c234
12366,0.15165157541260776,0.43328087047098063,0.41506755411641166,c1,c234
11155,0.3470095124044729,0.4365983275556379,0.2163921600398892,c1,c234
9560,0.1665190849500444,0.308120220517487,0.5253606945324686,c234,c5
622,0.276485457943629,0.2588451052762329,0.46466943678013817,c5,c5
14782,0.10262171346890561,0.28247823373337555,0.614900052797719,c5,c5
15628,0.5059436728432571,0.3039340216173747,0.1901223055393682,c1,c1
1262,0.417339649713312,0.3491838296290007,0.23347652065768743,c5,c1
17080,0.2886277964879095,0.3275191834039387,0.3838530201081518,c5,c5
16851,0.16063966391084947,0.6921171292626777,0.14724320682647285,c1,c234
4817,0.41181551862820565,0.2424827825900182,0.34570169878177603,c5,c1
11809,0.3915051483401429,0.4063094563402052,0.20218539531965188,c1,c234
5696,0.2101370399876104,0.3339807151197698,0.45588224489261964,c1,c5
3471,0.2709499379504835,0.3749945792677658,0.3540554827817508,c234,c234
1876,0.10413209919657718,0.08506254723009818,0.8108053535733246,c5,c5
7720,0.5393712577367124,0.2948260462505721,0.16580269601271552,c5,c1
15992,0.46386976975202115,0.24969396909353062,0.2864362611544482,c5,c1
9844,0.06691884210987468,0.2693711350233897,0.6637100228667356,c5,c5
17210,0.19495896155852635,0.20728419754087832,0.5977568409005952,c5,c5
10899,0.17641917348664504,0.5043669788213868,0.3192138476919681,c1,c234
10627,0.24764106854172124,0.195103852515913,0.5572550789423658,c5,c5
4874,0.23112910831989858,0.7220604740766974,0.046810417603404084,c1,c234
18412,0.23452419791679657,0.5069154486764741,0.25856035340672934,c5,c234
17500,0.26549295936732614,0.4036471323504411,0.3308599082822327,c5,c234
9329,0.16121284251740306,0.21950813832907587,0.6192790191535211,c1,c5
7660,0.2238215481177425,0.6211496539819134,0.15502879790034413,c1,c234
6726,0.25035821749418424,0.37534677889100043,0.3742950036148153,c1,c234
12141,0.4583405432521288,0.2781598625354236,0.2634995942124475,c1,c1
17483,0.16563144274732475,0.4379644721266448,0.39640408512603054,c5,c234
5386,0.17967650131587434,0.2887906530161809,0.5315328456679448,c234,c5
17724,0.08561426890383941,0.16917968551251797,0.7452060455836427,c5,c5
6905,0.5274618437234831,0.2754244852633887,0.19711367101312827,c1,c1
4580,0.3065819021331539,0.2673973090311824,0.42602078883566374,c5,c5
4887,0.19125955695008967,0.27668940379507245,0.5320510392548379,c5,c5
9574,0.16153528733055808,0.4262071223267438,0.4122575903426981,c5,c234
17966,0.049257451281159596,0.08670560557738248,0.8640369431414578,c234,c5
18890,0.14818338038316542,0.16572878602401447,0.68608783359282,c1,c5
11450,0.3108529517108483,0.11461237099807223,0.5745346772910794,c5,c5
244,0.586365789921167,0.2138636004385768,0.19977060964025634,c234,c1
998,0.5523905630250144,0.36507094004105517,0.08253849693393042,c234,c1
9661,0.8966708778169209,0.05715122780412992,0.04617789437894916,c1,c1
13201,0.8517670230612635,0.11296017667078528,0.03527280026795123,c1,c1
2580,0.49191334107488477,0.3882600589513897,0.11982659997372563,c5,c1
1672,0.23046575272448402,0.38243079620339954,0.3871034510721164,c5,c5
5310,0.4787397273384657,0.212967661299462,0.30829261136207237,c1,c1
7015,0.47299389290629845,0.3654697729299872,0.16153633416371438,c1,c1
5414,0.22626605759468416,0.24840425792456258,0.5253296844807532,c5,c5
4244,0.4027461979499415,0.39238747165841803,0.20486633039164054,c1,c1
17952,0.2357254413149186,0.5298993827567091,0.23437517592837237,c234,c234
4933,0.41656846302472683,0.3680346572176826,0.2153968797575906,c1,c1
8379,0.12207723435798484,0.2040579815588993,0.6738647840831159,c5,c5
2781,0.17922812597732093,0.3908249957476505,0.4299468782750285,c234,c5
9289,0.42785463810034263,0.23925549091103784,0.33288987098861955,c234,c1
11888,0.13538967404806898,0.25983373378049684,0.6047765921714342,c234,c5
15702,0.050947164053531724,0.230323223216594,0.7187296127298743,c5,c5
15772,0.11599573176494186,0.14031325886491886,0.7436910093701392,c5,c5
1856,0.15902937176302762,0.46671754011530836,0.3742530881216641,c234,c234
2896,0.24820167552260186,0.40317535500574664,0.3486229694716515,c5,c234
18426,0.0447572826191534,0.200952864308286,0.7542898530725606,c5,c5
10794,0.15063677215954532,0.322661156379479,0.5267020714609756,c234,c5
10142,0.28305367929497427,0.3655993340598526,0.3513469866451731,c5,c234
4706,0.38801508219096903,0.2872550080482451,0.32472990976078586,c5,c1
16358,0.2792157400725411,0.17351970950571607,0.5472645504217428,c5,c5
14936,0.19353620879858704,0.310697658074462,0.49576613312695095,c234,c5
8220,0.20473147331009137,0.5453546789552887,0.24991384773461994,c5,c234
18903,0.7711317720235595,0.09901399303529965,0.12985423494114087,c1,c1
10825,0.2637359742873936,0.22520732209246772,0.5110567036201387,c5,c5
8217,0.32255171398864774,0.48549553985150096,0.19195274615985142,c5,c234
5408,0.3148167009849932,0.3802616459955344,0.3049216530194724,c1,c234
12353,0.3769932381114543,0.43042368463555414,0.19258307725299145,c5,c234
13773,0.21967767328579196,0.4837183623445744,0.29660396436963377,c234,c234
11330,0.10203982952629154,0.40041775453099865,0.4975424159427099,c1,c5
1117,0.12811888315254305,0.30975054989667394,0.562130566950783,c5,c5
7900,0.20736606206004088,0.5259727170298146,0.26666122091014444,c1,c234
15639,0.18204253982807744,0.4050531679424646,0.41290429222945785,c1,c5
17958,0.4297459396117865,0.2506153376688947,0.31963872271931876,c5,c1
10103,0.0904846609075682,0.30568851006878367,0.6038268290236483,c5,c5
14124,0.14266779025972756,0.301334183689693,0.5559980260505795,c5,c5
15243,0.3385303281566226,0.45790328573341277,0.20356638610996455,c234,c234
6695,0.18909544457917482,0.2500827951859187,0.5608217602349066,c5,c5
15510,0.11611345000901421,0.41619716462765494,0.46768938536333077,c234,c5
12585,0.10488637678968307,0.32561202647468307,0.5695015967356338,c5,c5
5150,0.2708822639767309,0.3794263960508368,0.34969133997243246,c234,c234
8771,0.4202724714325329,0.35596454892794077,0.2237629796395262,c5,c1
11595,0.09204774173462221,0.818111000180715,0.08984125808466285,c234,c234
16767,0.10418042565641727,0.38110669753480203,0.5147128768087806,c5,c5
19455,0.6891441360196423,0.22005829506902563,0.09079756891133212,c234,c1
12690,0.3395534890738784,0.15645197781904469,0.503994533107077,c234,c5
9792,0.3289357303699931,0.18992854904995485,0.4811357205800521,c5,c5
4708,0.07313756313711504,0.18424932514994696,0.7426131117129381,c5,c5
6067,0.05185706169748062,0.33436189071120576,0.6137810475913137,c1,c5
18346,0.23375392917000037,0.22063135617273585,0.5456147146572637,c234,c5
2977,0.20487910721588926,0.4797450086247339,0.3153758841593768,c1,c234
19987,0.10492222078268013,0.24659630107257366,0.6484814781447461,c5,c5
8791,0.5347567875603016,0.2922311983111422,0.1730120141285562,c1,c1
14854,0.14510658119517283,0.20334174694711055,0.6515516718577167,c5,c5
597,0.2771310361109818,0.39742195814550146,0.32544700574351676,c1,c234
13619,0.22604575552959655,0.6285474923369598,0.14540675213344362,c5,c234
15152,0.13326649607870603,0.40833854804482556,0.45839495587646834,c234,c5
7208,0.2368099966269033,0.5514952599100095,0.21169474346308728,c1,c234
11263,0.1089650884807343,0.4346678961983694,0.4563670153208964,c5,c5
17942,0.3435500768274022,0.38220788783671644,0.2742420353358813,c1,c234
4928,0.1515089740008877,0.3750824904083676,0.47340853559074475,c234,c5
2528,0.2961614602349387,0.41874175829534555,0.28509678146971573,c5,c234
4647,0.3554498686809792,0.45547048630740217,0.18907964501161847,c234,c234
13072,0.4462732553231233,0.28196165698725556,0.27176508768962115,c234,c1
5077,0.3461170047444631,0.35782956526707077,0.29605342998846623,c234,c234
8,0.18148779480644403,0.3685238309404955,0.4499883742530604,c1,c5
706,0.5500506053911812,0.3424146799871816,0.10753471462163722,c234,c1
11984,0.09870327431193791,0.5238444156118715,0.3774523100761908,c234,c234
10117,0.2953286262824011,0.10373687697842933,0.6009344967391695,c1,c5
11388,0.5493818501559492,0.3593223711207796,0.09129577872327113,c1,c1
19684,0.40967595449622907,0.37896948961100096,0.21135455589276989,c1,c1
10159,0.19801049266993756,0.5566762412312647,0.2453132660987977,c234,c234
9203,0.23041516307004678,0.34631592904196,0.42326890788799326,c234,c5
1828,0.48585858475199417,0.3470687250405949,0.1670726902074111,c1,c1
14947,0.09231966354158892,0.21381122401885144,0.6938691124395596,c5,c5
3783,0.2519264845743153,0.5228719058626683,0.22520160956301638,c234,c234
13031,0.5123458022297,0.34927916577207546,0.1383750319982245,c5,c1
12929,0.4966582263201082,0.33691863830387025,0.16642313537602155,c1,c1
11249,0.3503489272136355,0.3104516279842583,0.33919944480210623,c1,c1
10273,0.39383383092346164,0.22874219611643626,0.3774239729601021,c1,c1
10920,0.25781646519333146,0.3917795266796623,0.35040400812700623,c1,c234
9096,0.3390060838173283,0.5337030134242692,0.12729090275840252,c1,c234
2640,0.6490835506783892,0.22210204754576707,0.1288144017758437,c234,c1
16155,0.23803109754934146,0.16388297486088055,0.5980859275897781,c234,c5
897,0.2915049030123356,0.31533500367181116,0.3931600933158532,c1,c5
14671,0.19501361872873266,0.5180314370249273,0.28695494424634005,c234,c234
805,0.30137724083771905,0.3051489618669384,0.3934737972953425,c1,c5
337,0.5038982178041883,0.27493859044591296,0.2211631917498988,c5,c1
17682,0.579916743831854,0.28177433085276454,0.1383089253153815,c234,c1
5289,0.4075130115679915,0.30204468172474996,0.29044230670725857,c1,c1
19784,0.40316861623443306,0.51149397990006,0.08533740386550688,c1,c234
336,0.2262238168088734,0.3447472255955666,0.4290289575955601,c5,c5
9772,0.4852407270266024,0.25843511983707823,0.2563241531363193,c5,c1
9765,0.7301607511237213,0.12253734273836281,0.147301906137916,c1,c1
2502,0.28186411320491445,0.33707653412656535,0.38105935266852015,c234,c5
11418,0.610821125638676,0.265872436776363,0.12330643758496099,c1,c1
3038,0.09263502824794798,0.07636459971159276,0.8310003720404592,c5,c5
588,0.516874098976531,0.30170465638235755,0.1814212446411115,c1,c1
8881,0.3728943999707075,0.38180047734296124,0.24530512268633126,c234,c234
11299,0.1668837456137698,0.5804917278753143,0.2526245265109159,c234,c234
15553,0.1619798246271244,0.6619486795486375,0.17607149582423814,c5,c234
18799,0.40070934247471063,0.32098382235752815,0.2783068351677612,c234,c1
10104,0.5265218290389576,0.10655083207071277,0.36692733889032964,c5,c1
12005,0.27956860464011957,0.374160294994272,0.3462711003656085,c5,c234
19162,0.4432321167156311,0.22411141527530312,0.3326564680090658,c234,c1
16863,0.27327758205638597,0.23915340451686087,0.4875690134267532,c234,c5
4564,0.17639253683529454,0.5564657181466777,0.2671417450180278,c1,c234
1266,0.40743226701517515,0.36729027368800565,0.2252774592968192,c234,c1
10673,0.36000830623083896,0.37182655443438634,0.26816513933477487,c234,c234
1496,0.35615765424263696,0.4524739888277579,0.19136835692960502,c234,c234
4707,0.430342182776258,0.4631420621982948,0.10651575502544719,c234,c234
9045,0.3892585714882083,0.3421009407169071,0.2686404877948846,c234,c1
19738,0.38489049144032983,0.3194233818065031,0.29568612675316713,c1,c1
18533,0.16028726773130944,0.25341420974945816,0.5862985225192324,c5,c5
18983,0.4766414406343082,0.42387493180314934,0.09948362756254245,c234,c1
17294,0.12421436965742108,0.10063353383431674,0.7751520965082622,c5,c5
2070,0.27854718450198684,0.3386428902004072,0.3828099252976059,c5,c5
10934,0.7542446358627203,0.17551260982041164,0.07024275431686798,c1,c1
94,0.3697035607088434,0.3144155575478087,0.3158808817433479,c1,c1
3523,0.38762197417179944,0.37525121242600107,0.23712681340219938,c1,c1
3915,0.5908280709631167,0.22788915169701793,0.18128277733986525,c1,c1
4444,0.24697413710839375,0.19105714926169784,0.5619687136299084,c234,c5
11100,0.08193069944996946,0.27229735109118286,0.6457719494588477,c234,c5
12648,0.3647128382888469,0.49503825780057475,0.1402489039105784,c5,c234
19100,0.14378251258117308,0.2071279712238358,0.6490895161949911,c234,c5
12307,0.40967595449622907,0.37896948961100096,0.21135455589276989,c1,c1
13896,0.18983718278623973,0.43534921614741734,0.374813601066343,c1,c234
13808,0.5534975571537161,0.3560214622653351,0.09048098058094889,c1,c1
13952,0.19862179216731687,0.49500458063137076,0.3063736272013123,c5,c234
12847,0.46386976975202115,0.24969396909353062,0.2864362611544482,c234,c1
11474,0.3741123458442967,0.2505517675472383,0.37533588660846495,c234,c5
14697,0.09999029976917549,0.5218765093463391,0.3781331908844853,c5,c234
8800,0.319001286551666,0.470007109721041,0.21099160372729306,c234,c234
3942,0.25479500881194017,0.4301168779287018,0.3150881132593579,c5,c234
1673,0.35278616064845314,0.3083226986961987,0.3388911406553482,c234,c1
9637,0.08664405085282569,0.6992729873390747,0.2140829618080995,c234,c234
7204,0.17736894348841467,0.5501652855609312,0.27246577095065405,c5,c234
16689,0.08420503338944721,0.4407351409799292,0.47505982563062366,c5,c5
16382,0.5612658446622125,0.3650663982525688,0.0736677570852187,c1,c1
6885,0.32694437100068796,0.13665505098566982,0.5364005780136423,c1,c5
2320,0.14751209234307114,0.5182228386556486,0.33426506900128033,c234,c234
3113,0.22824738262099414,0.4220488827843632,0.3497037345946427,c5,c234
16583,0.37865032481960204,0.24607921477619946,0.37527046040419854,c1,c1
6246,0.6891441360196423,0.22005829506902563,0.09079756891133212,c234,c1
12832,0.5942953281893935,0.20036057103816388,0.20534410077244275,c234,c1
13456,0.17428652752328383,0.37604080747677743,0.44967266499993863,c234,c5
9837,0.10372465722585873,0.36117110271527714,0.5351042400588641,c5,c5
5239,0.4875536744551035,0.13145544745166526,0.3809908780932312,c1,c1
10421,0.38214190847302626,0.2690487994041065,0.3488092921228673,c1,c1
16273,0.5857012817037215,0.32874394703858884,0.0855547712576896,c234,c1
19762,0.7159656882202223,0.18443304901472243,0.09960126276505525,c234,c1
15624,0.19774026564864353,0.3545956204981415,0.44766411385321503,c5,c5
4600,0.2308903242643967,0.4722144221043332,0.2968952536312701,c234,c234
13637,0.2448338055656948,0.4243145687658542,0.33085162566845094,c5,c234
16946,0.4342887893966902,0.44529690427122354,0.12041430633208632,c1,c234
14881,0.4992284945679691,0.2945015511860054,0.20626995424602565,c1,c1
1571,0.04669452438309006,0.43308971036822863,0.5202157652486813,c5,c5
6518,0.10566004303785614,0.22420044315610635,0.6701395138060374,c5,c5
1705,0.28912808460939227,0.5004926874513371,0.21037922793927066,c1,c234
14201,0.2664644126318373,0.31416839007664377,0.419367197291519,c234,c5
4575,0.4333026067926231,0.4948724804667754,0.07182491274060146,c234,c234
19206,0.2754364290190815,0.2980871443354753,0.42647642664544316,c5,c5
16426,0.45695034738295387,0.24611239562001563,0.2969372569970305,c234,c1
11787,0.21606211860408991,0.24302547257830576,0.5409124088176044,c1,c5
1194,0.08309438601384865,0.4361573691120852,0.48074824487406603,c234,c5
12983,0.23661523454593308,0.6117030609106332,0.15168170454343366,c234,c234
17073,0.62517813149321,0.18802128860754028,0.1868005798992499,c5,c1
15477,0.2850182442910825,0.5752730847685535,0.13970867094036396,c1,c234
15504,0.12135308129901563,0.30183233462935344,0.5768145840716309,c1,c5
13446,0.22840455241873076,0.37505792617421285,0.39653752140705634,c5,c5
4021,0.08998194559321111,0.300251224363745,0.6097668300430439,c5,c5
14509,0.1413169996268089,0.2831027008453716,0.5755802995278195,c234,c5
2215,0.309187407987278,0.29401963926779423,0.3967929527449277,c5,c5
19347,0.26247951999531505,0.257438278053465,0.48008220195122,c5,c5
5667,0.5424986625349345,0.27360394430383594,0.1838973931612295,c1,c1
5437,0.40557313515248755,0.36597913509849367,0.22844772974901878,c1,c1
13953,0.20746524257762278,0.39914203489723804,0.39339272252513924,c5,c234
17586,0.2076455750210491,0.309254885733825,0.4830995392451259,c234,c5
9236,0.3625160196436674,0.2997859140803185,0.337698066276014,c5,c1
776,0.44396073945501324,0.30947235061926576,0.24656690992572114,c1,c1
19243,0.469537357713268,0.2699473410992715,0.2605153011874605,c5,c1
10778,0.526770079852314,0.2456491003224481,0.22758081982523784,c5,c1
14052,0.19265376461050968,0.3711664202806522,0.4361798151088382,c1,c5
3972,0.4452084349544252,0.20367081392560632,0.3511207511199685,c234,c1
19414,0.6113089726838219,0.28545903651763743,0.1032319907985406,c1,c1
15964,0.22832847887551647,0.43205586183467476,0.3396156592898088,c5,c234
551,0.7638398683785675,0.17369877058889355,0.06246136103253879,c234,c1
11940,0.31922066306411223,0.3319065272375612,0.3488728096983265,c234,c5
14473,0.2700180924145335,0.37697550710936234,0.35300640047610415,c5,c234
13697,0.14500443387044762,0.40579259328488504,0.4492029728446675,c5,c5
4418,0.5068657975598873,0.3232892614985617,0.16984494094155103,c234,c1
5442,0.347945503565494,0.3547040213650683,0.2973504750694378,c234,c234
7386,0.2534424477502865,0.38486442664404147,0.36169312560567213,c5,c234
8613,0.18816773998325714,0.3464918984803329,0.4653403615364098,c234,c5
19462,0.1390842086134808,0.4203689738618052,0.44054681752471386,c234,c5
8357,0.6670418274226247,0.11896848733140365,0.21398968524597156,c5,c1
19112,0.11087106455722366,0.6738066448904134,0.2153222905523629,c234,c234
6433,0.07389020326659831,0.3313352596555099,0.5947745370778919,c5,c5
4397,0.245936535730868,0.49320787946050043,0.2608555848086317,c5,c234
17858,0.20210179089548105,0.4685735579536675,0.3293246511508515,c1,c234
5172,0.1217505219094176,0.15987066442495784,0.7183788136656246,c5,c5
2097,0.3538256274773147,0.391141496145202,0.25503287637748323,c5,c234
12749,0.3672909056767141,0.38067258727109193,0.25203650705219405,c5,c234
4668,0.2005233985253785,0.26970041770448305,0.5297761837701385,c5,c5
7680,0.12553747810243354,0.44681186414824353,0.4276506577493229,c5,c234
18784,0.5593376122851714,0.32582132320187507,0.1148410645129535,c1,c1
17204,0.10161134431665013,0.09211059140793844,0.8062780642754114,c5,c5
8048,0.24990307997991829,0.4827919661261075,0.2673049538939743,c1,c234
2884,0.8114082181925183,0.10850938206505624,0.08008239974242541,c1,c1
19193,0.11602350757232276,0.6405378615165034,0.24343863091117385,c234,c234
12265,0.7324926919234531,0.17553914616326938,0.09196816191327753,c1,c1
4926,0.3952600951234015,0.29350337026652107,0.31123653461007755,c1,c1
1306,0.4669777119519554,0.27597858268519526,0.2570437053628492,c234,c1
10148,0.12920825342672534,0.5526935076944721,0.3180982388788025,c5,c234
19417,0.47328322964114955,0.1483162479921336,0.37840052236671673,c5,c1
14405,0.3391398412275797,0.40184888464604857,0.2590112741263717,c1,c234
736,0.22958302667513023,0.3256221474729377,0.444794825851932,c5,c5
14846,0.36244116038926866,0.3902168806917003,0.24734195891903105,c234,c234
7806,0.46751808315368726,0.34044530008091267,0.1920366167654,c1,c1
10056,0.6067721212364492,0.25624190043642214,0.13698597832712867,c5,c1
11264,0.4362482324721034,0.42531471153483796,0.13843705599305856,c234,c1
15123,0.34735778553919794,0.23726562921417874,0.41537658524662324,c5,c5
5617,0.20417760032340768,0.43385410456922857,0.36196829510736367,c234,c234
6207,0.7360916044933712,0.17522205335142862,0.08868634215520028,c1,c1
8527,0.2161636494068243,0.32673053073943525,0.4571058198537405,c5,c5
18632,0.35852304726675016,0.4189375531507525,0.22253939958249738,c234,c234
10477,0.06376933031062484,0.27732373327802273,0.6589069364113523,c5,c5
7011,0.5829349629711588,0.16230689568441056,0.2547581413444307,c5,c1
16131,0.13966004524378187,0.43144194206314235,0.42889801269307587,c5,c234
286,0.47064389155335234,0.3433613868372279,0.1859947216094196,c234,c1
9731,0.19772200985958924,0.2245784510065465,0.5776995391338643,c5,c5
6261,0.41656846302472683,0.3680346572176826,0.2153968797575906,c234,c1
1735,0.6422887052453154,0.30541195505409235,0.05229933970059227,c1,c1
19101,0.8663712852622165,0.08431695101724992,0.049311763720533544,c1,c1
8114,0.15598203622074078,0.40130177999271005,0.44271618378654903,c234,c5
1955,0.21430003923779384,0.5737616715433645,0.21193828921884153,c1,c234
9857,0.2837309547719179,0.5233179544013744,0.19295109082670775,c5,c234
2516,0.7069306282729804,0.13431055846027223,0.15875881326674737,c1,c1
5606,0.2936434961705235,0.5395713351488368,0.1667851686806397,c5,c234
10040,0.26480340158179444,0.656898345182979,0.07829825323522649,c5,c234
16789,0.3582168385282241,0.4134043726981056,0.22837878877367027,c5,c234
707,0.5175066495587842,0.295120533593456,0.18737281684775967,c1,c1
18720,0.10873922786322515,0.41838102776843117,0.4728797443683437,c5,c5
8763,0.13856084038442784,0.16825105393818676,0.6931881056773854,c5,c5
8903,0.41958773546974254,0.3357452561152775,0.2446670084149799,c1,c1
16944,0.4172646561291859,0.5266859543476352,0.05604938952317892,c5,c234
13299,0.31309628366698755,0.36798748306397877,0.3189162332690337,c234,c234
773,0.5445415251925468,0.07199586325009098,0.3834626115573622,c5,c1
3357,0.3968888310351708,0.31946085688523945,0.28365031207958974,c1,c1
19658,0.17936784544443027,0.36735266197833094,0.4532794925772388,c234,c5
19128,0.13973017299773477,0.44951670558185314,0.410753121420412,c234,c234
17029,0.05185706169748062,0.33436189071120576,0.6137810475913137,c5,c5
12183,0.24001296596501048,0.33474165981908227,0.42524537421590725,c5,c5
16409,0.3334380605102666,0.2506371362052698,0.4159248032844636,c5,c5
2860,0.2864356863324565,0.3829716687103945,0.3305926449571491,c234,c234
4892,0.06304183620108617,0.27543143188271596,0.6615267319161978,c1,c5
2558,0.2904672436226505,0.2596576284114825,0.44987512796586704,c5,c5
12164,0.26070833752446665,0.21868143822889935,0.5206102242466341,c5,c5
1193,0.3200604088456151,0.4053442598515137,0.27459533130287117,c1,c234
5110,0.23698487623838732,0.4981079400340889,0.26490718372752387,c1,c234
4840,0.3168467214364357,0.338128430968744,0.3450248475948202,c234,c5
12887,0.25533057216057153,0.28153868079748323,0.46313074704194523,c5,c5
718,0.24250699619940255,0.31784097095442354,0.439652032846174,c5,c5
17722,0.5109660914583198,0.23346754177983933,0.2555663667618408,c234,c1
19293,0.17948347151260344,0.37746770052309925,0.44304882796429734,c5,c5
14877,0.5196093359128663,0.315956896486329,0.1644337676008046,c1,c1
19341,0.34086404701718553,0.48171552885429353,0.17742042412852102,c1,c234
7829,0.8663712852622165,0.08431695101724992,0.049311763720533544,c234,c1
8883,0.07541437627131874,0.295198466485186,0.6293871572434954,c5,c5
6111,0.3152489140672113,0.2144052920174653,0.47034579391532344,c234,c5
15159,0.24957523747279595,0.32257605611546786,0.42784870641173617,c234,c5
16052,0.14064008971754768,0.1311769965351342,0.7281829137473181,c234,c5
13271,0.17514586048533298,0.1041062559046262,0.7207478836100408,c5,c5
1968,0.08615892337682018,0.3392649486796684,0.5745761279435113,c5,c5
4832,0.2620437096169225,0.3427674411669657,0.3951888492161118,c1,c5
13861,0.211842681887011,0.3577293468986695,0.43042797121431947,c234,c5
14513,0.3647786539314205,0.4707973017894547,0.16442404427912483,c234,c234
10555,0.28538196408492583,0.31974060109030417,0.39487743482476995,c234,c5
9317,0.32369225003047314,0.39095609869785247,0.28535165127167433,c5,c234
8043,0.11593337684728065,0.5653848232661234,0.31868179988659606,c5,c234
15884,0.16769564897566508,0.5930856075039296,0.23921874352040534,c5,c234
12345,0.18669218408801286,0.1495720422281656,0.6637357736838216,c5,c5
13825,0.09491981772601747,0.5808994702432789,0.3241807120307036,c234,c234
4736,0.5144956104281315,0.33195439829205914,0.15354999127980942,c234,c1
13161,0.46386976975202115,0.24969396909353062,0.2864362611544482,c5,c1
4746,0.28893337311913136,0.6175583879069978,0.09350823897387081,c5,c234
6224,0.8213349200082262,0.12282591495313393,0.05583916503863978,c1,c1
19714,0.21922221670327627,0.40236883581067706,0.37840894748604675,c1,c234
3401,0.5310444899992033,0.25664999136685823,0.21230551863393848,c234,c1
16808,0.5738711696607204,0.33858302516921746,0.08754580517006219,c1,c1
8258,0.22908287176423298,0.2301751032484335,0.5407420249873335,c234,c5
16891,0.4838882254456661,0.34803118739124816,0.16808058716308572,c1,c1
15256,0.07446861695477042,0.3362699001608346,0.589261482884395,c5,c5
7355,0.333258880582614,0.33811671615018063,0.32862440326720543,c234,c234
3877,0.12968513541502963,0.29788614372459454,0.5724287208603758,c5,c5
9946,0.18703336528820663,0.5321029834852955,0.2808636512264978,c5,c234
7820,0.6339627313897512,0.2167887208498525,0.14924854776039626,c1,c1
4374,0.1614709142360235,0.26219855933567765,0.5763305264282989,c5,c5
18702,0.2722024200489424,0.30573691699551775,0.42206066295553996,c5,c5
7231,0.16857592990148193,0.590958150193743,0.24046591990477503,c234,c234
12727,0.4671538980125806,0.29028204631167265,0.24256405567574663,c5,c1
14225,0.4005164376966143,0.3974039695643588,0.202079592739027,c1,c1
13769,0.2310970617389122,0.11027554227172924,0.6586273959893586,c234,c5
3733,0.578230420167763,0.20879606735920095,0.212973512473036,c5,c1
18510,0.38484746365819256,0.2623739088996969,0.3527786274421105,c1,c1
9073,0.19055419497989137,0.26257366860288395,0.5468721364172247,c5,c5
14275,0.12485058278111984,0.14255917260440182,0.7325902446144784,c5,c5
17197,0.46908567678480634,0.3205850184724477,0.21032930474274605,c5,c1
3313,0.03346126814621378,0.052806292337172434,0.9137324395166139,c5,c5
12715,0.46386976975202115,0.24969396909353062,0.2864362611544482,c5,c1
16073,0.2428361886186894,0.3100763971412717,0.4470874142400388,c234,c5
3425,0.7488436111394907,0.10546435596747089,0.14569203289303845,c234,c1
8924,0.2993657641064147,0.4488734136525646,0.2517608222410206,c234,c234
1312,0.16631156471306444,0.5948153503486413,0.23887308493829434,c5,c234
8470,0.40977964017619134,0.17580006739199364,0.41442029243181516,c1,c5
7142,0.5661354687205218,0.33056249995057185,0.10330203132890643,c1,c1
16463,0.35374485716622056,0.3113478291554922,0.3349073136782872,c5,c1
10045,0.2397547775035877,0.46314644325843013,0.2970987792379821,c1,c234
585,0.32315604784749613,0.3784225758019735,0.2984213763505303,c234,c234
1784,0.4534170876873678,0.2784090272088304,0.2681738851038018,c5,c1
7211,0.4947665389244906,0.29829123087259657,0.20694223020291266,c5,c1
111,0.10285001162581768,0.22071100020706574,0.6764389881671166,c5,c5
6893,0.3603866452128409,0.2376812245811544,0.40193213020600466,c1,c5
12300,0.25745159506258825,0.2776619901941473,0.46488641474326453,c5,c5
17541,0.49191334107488477,0.3882600589513897,0.11982659997372563,c234,c1
10517,0.6891441360196423,0.22005829506902563,0.09079756891133212,c1,c1
16761,0.44886647128971463,0.4790806223203764,0.07205290638990881,c1,c234
3426,0.3419624194632345,0.3276462083116403,0.3303913722251252,c1,c1
18260,0.25377162840160666,0.32595521006697453,0.4202731615314189,c5,c5
14915,0.40967595449622907,0.37896948961100096,0.21135455589276989,c1,c1
5109,0.25908155591436677,0.39919037969606747,0.3417280643895659,c1,c234
11303,0.4746565876307157,0.3108709662211175,0.21447244614816666,c5,c1
441,0.21883829150738618,0.38305968338558194,0.39810202510703196,c1,c5
15897,0.08902783281535694,0.18648464473163215,0.724487522453011,c5,c5
4354,0.4555673890974789,0.29738551795919815,0.24704709294332294,c5,c1
4100,0.604650659479958,0.2613718001489872,0.1339775403710548,c234,c1
9377,0.3624430611983337,0.35972842354467527,0.27782851525699104,c234,c1
5039,0.2699152466271067,0.47412215555334486,0.25596259781954855,c5,c234
7087,0.11009073397502209,0.3848509646812585,0.5050583013437195,c234,c5
13388,0.32027330422965666,0.21487523611454093,0.4648514596558024,c234,c5
1670,0.12739611059497596,0.5381301129316397,0.3344737764733844,c1,c234
19943,0.3113692137533544,0.4267879993823895,0.2618427868642561,c234,c234
11614,0.36405881180730654,0.40565391525863376,0.2302872729340597,c1,c234
2841,0.3117833962365454,0.21693889610778808,0.4712777076556667,c5,c5
1520,0.25410662994408023,0.3467636777461515,0.39912969230976814,c5,c5
12270,0.375427336634935,0.13448973295801947,0.4900829304070456,c1,c5
1376,0.346918542615367,0.36787637161185477,0.2852050857727782,c1,c234
19027,0.28802365082382464,0.41359568447045225,0.29838066470572305,c5,c234
16334,0.389987555279675,0.5434198092333615,0.06659263548696351,c234,c234
13911,0.6345053309333871,0.2241750994303276,0.14131956963628517,c234,c1
12701,0.41573465200523146,0.37752204393326755,0.206743304061501,c1,c1
2605,0.5148245486138021,0.32049344407360353,0.16468200731259447,c1,c1
16233,0.14511811891701468,0.12688363779525397,0.7279982432877313,c5,c5
15374,0.2807454242898486,0.47895388267409755,0.24030069303605386,c234,c234
11200,0.4238425143360341,0.1870379902132991,0.3891194954506668,c234,c1
462,0.13067490724959155,0.49340642172804194,0.3759186710223665,c234,c234
13806,0.6027190440473511,0.26855738635019666,0.12872356960245218,c1,c1
5874,0.1614048180368054,0.14004448414415643,0.6985506978190382,c5,c5
5570,0.7670166188626328,0.16193603585610816,0.07104734528125892,c1,c1
12347,0.500397814592364,0.2506225849123873,0.2489796004952487,c5,c1
1820,0.26552281398421945,0.4229668869537642,0.3115102990620163,c5,c234
16,0.5738711696607204,0.33858302516921746,0.08754580517006219,c234,c1
14520,0.528326944161645,0.19984083766719815,0.2718322181711567,c1,c1
9059,0.4787397273384657,0.212967661299462,0.30829261136207237,c1,c1
6556,0.16944835663392196,0.18471429405506276,0.6458373493110152,c1,c5
19986,0.7160721756144953,0.16264593389702184,0.12128189048848284,c1,c1
5081,0.41348364993723535,0.42693978126199944,0.1595765688007652,c234,c234
310,0.384533936266514,0.48710662657238607,0.12835943716109996,c1,c234
6146,0.5408612605819193,0.30640635242939646,0.1527323869886843,c5,c1
19337,0.38742351528013547,0.3705003114447042,0.24207617327516015,c1,c1
11797,0.07148341177419008,0.2706183532724497,0.6578982349533602,c5,c5
81,0.31007468827347623,0.42642403918047345,0.2635012725460504,c1,c234
971,0.3036331751329622,0.4308218227749194,0.2655450020921184,c5,c234
2221,0.3673875098656694,0.3530822672938484,0.2795302228404822,c5,c1
11178,0.3389008909555807,0.312200875319963,0.3488982337244564,c5,c5
18152,0.06792238477567791,0.511880871497153,0.4201967437271691,c5,c234
15308,0.6731876336401822,0.14688345303113634,0.17992891332868138,c1,c1
17784,0.1400741517197445,0.46354685353985364,0.3963789947404019,c234,c234
14983,0.34891982146627304,0.18629424326510552,0.46478593526862155,c5,c5
8548,0.20415950396404164,0.6052263404970831,0.19061415553887517,c5,c234
9922,0.20615557979476412,0.41711422571981177,0.3767301944854241,c1,c234
13568,0.27869132943406866,0.44304022997430903,0.27826844059162226,c234,c234
15994,0.7902535075037455,0.12016550507892365,0.08958098741733089,c1,c1
6543,0.29520117220429437,0.6060870401331577,0.09871178766254791,c5,c234
678,0.4485197024783387,0.2152368074069856,0.33624349011467564,c5,c1
8336,0.2167770440222823,0.44910513787606166,0.33411781810165603,c234,c234
1033,0.18298669041326324,0.269908873669339,0.5471044359173978,c1,c5
5443,0.7394853150835295,0.13588236245793867,0.12463232245853176,c234,c1
9470,0.4004315581450485,0.3862382093716146,0.2133302324833368,c5,c1
12074,0.3198074561093181,0.4013497874898869,0.2788427564007951,c1,c234
2644,0.14178323452962346,0.3793890688039149,0.47882769666646163,c1,c5
3510,0.30953466945534513,0.46284736699730344,0.22761796354735148,c234,c234
15087,0.2338408347530725,0.28158279255783897,0.48457637268908843,c5,c5
16374,0.221467308673662,0.36904755039666254,0.40948514092967536,c1,c5
12325,0.16830669253744263,0.40528476384546835,0.426408543617089,c5,c5
9295,0.7341992147963523,0.14789162260377198,0.11790916259987569,c1,c1
4036,0.5481736574973123,0.35560725939609505,0.09621908310659263,c234,c1
6858,0.5606391833803563,0.3155842625252891,0.12377655409435452,c1,c1
1689,0.235390181098954,0.33300222458803225,0.4316075943130138,c1,c5
15369,0.23130905252573095,0.22614579208998653,0.5425451553842826,c1,c5
17383,0.6445904666349653,0.2245797114443314,0.13082982192070317,c234,c1
14935,0.174842636538579,0.35825162681593514,0.46690573664548585,c5,c5
7154,0.4776948455156166,0.25357798401562576,0.2687271704687575,c1,c1
15124,0.5835572664670073,0.3377683271926516,0.07867440634034108,c1,c1
1730,0.16518551908264395,0.4344981126092355,0.40031636830812045,c234,c234
13506,0.3345810457450273,0.1435780310885887,0.521840923166384,c5,c5
10813,0.40114436324998287,0.27460865867515244,0.32424697807486474,c1,c1
12152,0.2187850177706028,0.5536568633112652,0.2275581189181321,c234,c234
14650,0.16008637712561763,0.31766775495593497,0.5222458679184474,c234,c5
17510,0.21796721681669376,0.580789018980874,0.20124376420243217,c234,c234
19702,0.46099378144086517,0.3616013943172865,0.1774048242418482,c5,c1
8673,0.3210619670580634,0.4088635902474563,0.2700744426944804,c1,c234
9013,0.24187037987698407,0.4430894254070911,0.3150401947159248,c234,c234
13609,0.40615090352821076,0.25652206987770143,0.33732702659408775,c1,c1
14647,0.16461104313480457,0.6004351086072894,0.2349538482579061,c234,c234
12195,0.3045875068761941,0.23391320817943337,0.4614992849443724,c1,c5
11277,0.43163397806633125,0.21433638103434552,0.3540296408993233,c5,c1
17985,0.19681158650784616,0.4000200257461286,0.4031683877460253,c1,c5
10623,0.15313597258566958,0.3420450579823565,0.5048189694319739,c5,c5
8471,0.17424577815195602,0.3648505677681726,0.4609036540798713,c5,c5
19394,0.1817242865519019,0.4900684467245015,0.32820726672359674,c5,c234
18102,0.33879225157823734,0.4924168637610861,0.16879088466067646,c1,c234
10198,0.1710221982598507,0.0653811117729286,0.7635966899672207,c234,c5
6646,0.20435828147692858,0.3966179818792898,0.3990237366437816,c234,c5
11612,0.46386976975202115,0.24969396909353062,0.2864362611544482,c1,c1
4723,0.21064565779004857,0.268800120311377,0.5205542218985745,c234,c5
1551,0.5292305488170833,0.09305141141643862,0.37771803976647805,c234,c1
17841,0.19596598059200362,0.4485904476284495,0.3554435717795468,c5,c234
18126,0.16858697407410053,0.38212006724729614,0.4492929586786034,c234,c5
16821,0.6067791420255979,0.17995744124608926,0.21326341672831287,c1,c1
15023,0.3311499084550511,0.14445644117189518,0.5243936503730537,c234,c5
11697,0.6062991952304407,0.26547597424310576,0.12822483052645345,c1,c1
17522,0.25063036599673333,0.5117066005391284,0.2376630334641382,c234,c234
9776,0.5211906655216156,0.2044304650210211,0.2743788694573632,c5,c1
6159,0.38807563941010875,0.21741511165493238,0.3945092489349588,c234,c5
16072,0.26205825429981494,0.38100502120002666,0.3569367245001584,c5,c234
11815,0.41458635309314734,0.2710738459181989,0.3143398009886538,c5,c1
15392,0.2502428512781858,0.34482855671759666,0.40492859200421766,c234,c5
15318,0.03177427715997854,0.28481777351031873,0.6834079493297027,c1,c5
19504,0.1468682241017823,0.0878410178470929,0.7652907580511247,c5,c5
5815,0.3549567067271111,0.23932555716772103,0.40571773610516787,c234,c5
12408,0.1693970592237064,0.5986043946729741,0.23199854610331958,c234,c234
1183,0.2589343590887816,0.5350654741664231,0.2060001667447951,c5,c234
13807,0.19566875981328202,0.16494745766206115,0.6393837825246568,c5,c5
12590,0.2457836175205134,0.48127832296627443,0.2729380595132123,c5,c234
12909,0.32783761976522674,0.5262576270466688,0.1459047531881045,c1,c234
16755,0.5362385345006153,0.2881461258320568,0.17561533966732787,c1,c1
2119,0.09774338688066754,0.4003768247133143,0.5018797884060181,c234,c5
6959,0.233673775460872,0.5678179364929458,0.19850828804618229,c1,c234
14312,0.15691223926503806,0.5608708838086787,0.2822168769262832,c5,c234
1890,0.2755102941825419,0.5861168379071572,0.13837286791030098,c234,c234
34,0.1647546326479776,0.15400043302945945,0.681244934322563,c5,c5
1385,0.10534756637144584,0.8358025615088971,0.05884987211965705,c234,c234
2195,0.16415685200564462,0.3151136318944121,0.5207295160999432,c5,c5
14259,0.19055419497989137,0.26257366860288395,0.5468721364172247,c1,c5
4794,0.19355640551309836,0.18558803607595142,0.6208555584109502,c5,c5
17097,0.15753349185200735,0.5856587771902165,0.25680773095777604,c1,c234
14943,0.09699453633337665,0.3954873200911098,0.5075181435755135,c5,c5
1886,0.4683391446880424,0.4412253326836755,0.0904355226282822,c1,c1
16936,0.34236094285114965,0.26619718603373976,0.3914418711151106,c5,c5
9595,0.17363341351169967,0.37084409798314916,0.4555224885051512,c5,c5
12254,0.46386976975202115,0.24969396909353062,0.2864362611544482,c1,c1
6616,0.17832467759611087,0.3146911780678472,0.5069841443360419,c5,c5
10535,0.4004315581450485,0.3862382093716146,0.2133302324833368,c5,c1
15568,0.5912139829300138,0.2148374124245124,0.19394860464547378,c234,c1
19600,0.29571932813389673,0.4438596601356716,0.2604210117304317,c5,c234
19435,0.2785803379064819,0.2730392376730169,0.4483804244205011,c234,c5
9810,0.3966937560702854,0.31958111066065126,0.2837251332690634,c234,c1
5477,0.4773951307163009,0.1689403635858079,0.3536645056978911,c234,c1
12404,0.3474821450205117,0.21133390411042588,0.4411839508690625,c5,c5
17338,0.33403774500852546,0.3059043025755842,0.3600579524158904,c1,c5
1713,0.25939075241362475,0.33642020131392947,0.4041890462724458,c234,c5
6588,0.4906796124447806,0.1954195616265509,0.3139008259286685,c1,c1
2538,0.24045678431829687,0.4077399604934499,0.35180325518825306,c234,c234
16410,0.5137841501454592,0.3136790621320498,0.1725367877224909,c234,c1
14411,0.09090746118332475,0.546033390073624,0.3630591487430513,c234,c234
14673,0.30867334503219507,0.3800851582473345,0.3112414967204704,c1,c234
11250,0.5148595416951149,0.3093984675162049,0.17574199078868025,c1,c1
8411,0.29120295857728273,0.5154005009074578,0.1933965405152596,c1,c234
4650,0.2628520348667943,0.45578492738129195,0.2813630377519137,c1,c234
11730,0.12247006648887944,0.27925172590308717,0.5982782076080334,c234,c5
8127,0.46386976975202115,0.24969396909353062,0.2864362611544482,c234,c1
12199,0.2957485749982409,0.3744114869333626,0.3298399380683964,c1,c234
10354,0.32925310008141684,0.28594267857004646,0.3848042213485366,c234,c5
8879,0.17447773476063386,0.2908632471951114,0.5346590180442548,c234,c5
9151,0.3180711800219857,0.3958815943605472,0.28604722561746704,c1,c234
3486,0.339597275356563,0.28853898210392764,0.3718637425395094,c234,c5
9486,0.2312277817770874,0.3542431497801029,0.4145290684428096,c5,c5
2893,0.2772136166567246,0.32640204463596534,0.3963843387073101,c5,c5
9300,0.3577300779073052,0.3557443460473574,0.28652557604533746,c1,c1
14896,0.4888289880192913,0.32069349647516504,0.19047751550554373,c1,c1
13023,0.1728464209818249,0.6024877523872331,0.2246658266309421,c5,c234
10427,0.09143706463377091,0.46182317611554197,0.4467397592506871,c5,c234
10340,0.24573921148279865,0.5083104808625798,0.2459503076546216,c234,c234
6623,0.2188216817436079,0.21347167983182214,0.56770663842457,c5,c5
16638,0.1941455808050324,0.12319922007852731,0.6826551991164403,c234,c5
6963,0.31988217956178827,0.3251245433357973,0.3549932771024144,c5,c5
17389,0.4009008210769603,0.41818453002260436,0.18091464890043532,c5,c234
13781,0.5523905630250144,0.36507094004105517,0.08253849693393042,c234,c1
6127,0.20963169455740635,0.6692350311787966,0.12113327426379705,c234,c234
12201,0.05180489998379208,0.3041875627934539,0.644007537222754,c234,c5
3788,0.4745865814928084,0.29422880733612733,0.2311846111710643,c234,c1
4784,0.21448375683641316,0.46143488860453036,0.32408135455905646,c234,c234
15363,0.3487370311115125,0.47960720757424047,0.171655761314247,c1,c234
3842,0.12927676022056142,0.7215735277308447,0.14914971204859387,c1,c234
4636,0.270634728023906,0.49203896047359924,0.23732631150249478,c1,c234
11334,0.5612658446622125,0.3650663982525688,0.0736677570852187,c1,c1
10191,0.44933126133244694,0.2744411524179393,0.2762275862496138,c1,c1
817,0.46881029240369926,0.1879112937630363,0.34327841383326463,c5,c1
4997,0.2612124404172683,0.4289903262196974,0.3097972333630343,c234,c234
4608,0.2947806673298202,0.4292075370143441,0.2760117956558356,c234,c234
20030,0.28698113638694817,0.4778719422980249,0.23514692131502687,c5,c234
18898,0.11165641787282836,0.2966650053643325,0.5916785767628391,c1,c5
8333,0.4864932877331081,0.3499945473381028,0.16351216492878912,c5,c1
9554,0.6331374199431867,0.23125759139245955,0.13560498866435375,c1,c1
4603,0.11376996663206097,0.15918318736181464,0.7270468460061245,c5,c5
2663,0.2516027785053112,0.4824746912565826,0.2659225302381063,c1,c234
9292,0.5846627398876347,0.34019845040316016,0.07513880970920518,c234,c1
10712,0.32445090837978063,0.4509987816425491,0.22455030997767025,c1,c234
19830,0.43937794930619223,0.15323852875437358,0.4073835219394342,c234,c1
11795,0.30218549031621467,0.3330463306786559,0.3647681790051294,c234,c5
6172,0.3988100283753863,0.18590578300172908,0.41528418862288463,c5,c5
10602,0.2793755043514143,0.24642958623994501,0.47419490940864073,c234,c5
3964,0.27366002143053353,0.43398059040044557,0.29235938816902096,c234,c234
16105,0.2888952483710672,0.3410928922624516,0.3700118593664812,c5,c5
11132,0.4297459396117865,0.2506153376688947,0.31963872271931876,c1,c1
10549,0.29771405439314524,0.4821689541046357,0.22011699150221908,c5,c234
5513,0.29349140137542656,0.40023901466958733,0.306269583954986,c234,c234
4310,0.2769091452755185,0.1729070143897685,0.550183840334713,c234,c5
10738,0.3788678225126615,0.3458517029026635,0.2752804745846751,c234,c1
19466,0.15479416833650267,0.5063195003253415,0.33888633133815593,c5,c234
16223,0.14344089375929106,0.17971747806445798,0.6768416281762509,c234,c5
8668,0.18473074826556524,0.10982612033560515,0.7054431313988296,c5,c5
19198,0.29246790377442167,0.33515282786263795,0.3723792683629405,c5,c5
10512,0.4733506608149713,0.40828405552925034,0.11836528365577831,c1,c1
16067,0.5922485214634561,0.3118437609959166,0.09590771754062737,c1,c1
13026,0.08609295830375152,0.4066263541657976,0.5072806875304509,c5,c5
12620,0.10878973928105529,0.4755195976929208,0.4156906630260239,c234,c234
8932,0.5737614252094657,0.20462000083588322,0.22161857395465115,c5,c1
5069,0.5119608685921807,0.33289573294197117,0.15514339846584801,c234,c1
764,0.25139129980767794,0.3472523013333062,0.40135639885901586,c234,c5
17524,0.42466876324569836,0.37250216948376874,0.20282906727053296,c5,c1
10393,0.6929985595924454,0.18821277024252997,0.1187886701650246,c1,c1
7872,0.31805999402766394,0.3737596062713826,0.3081803997009534,c1,c234
11694,0.18746830501294579,0.5591122252995787,0.25341946968747536,c234,c234
17305,0.5811862383433736,0.3288941139321582,0.08991964772446828,c5,c1
15375,0.15975721447553157,0.22891332367739092,0.6113294618470776,c5,c5
1276,0.5786872723873149,0.326513090507498,0.09479963710518717,c1,c1
4227,0.08480611020609435,0.39530235317598744,0.5198915366179182,c5,c5
16215,0.6867907039240493,0.10205024476212722,0.21115905131382348,c1,c1
11297,0.15363057607715933,0.7896867346478428,0.056682689274997984,c5,c234
20085,0.47759116697251514,0.2236205837897637,0.29878824923772124,c234,c1
1292,0.23894448147609537,0.2894325524846632,0.4716229660392414,c1,c5
13701,0.2387122661299844,0.5965575442924484,0.16473018957756722,c5,c234
15425,0.17409145866998782,0.3168338502545012,0.509074691075511,c5,c5
3989,0.6934536929705875,0.22091027754737352,0.08563602948203913,c1,c1
6866,0.15463724817732155,0.16880895872508359,0.6765537930975949,c5,c5
10843,0.2809304245475221,0.3051583827021901,0.4139111927502878,c1,c5
9167,0.3673875098656694,0.3530822672938484,0.2795302228404822,c1,c1
8793,0.2931136349391886,0.3882156914689566,0.31867067359185464,c5,c234
5356,0.10534756637144584,0.8358025615088971,0.05884987211965705,c234,c234
4253,0.5523905630250144,0.36507094004105517,0.08253849693393042,c5,c1
8059,0.14160996139968265,0.34151768516543873,0.5168723534348787,c234,c5
10646,0.3656854089566797,0.36002724987797546,0.27428734116534487,c5,c1
6326,0.28001323621911695,0.44846349828428683,0.2715232654965961,c234,c234
12076,0.40534553390782035,0.3700423833288747,0.22461208276330497,c234,c1
18644,0.4306988422125548,0.41552647681323995,0.15377468097420527,c234,c1
9104,0.24725340122927322,0.5095276853569106,0.24321891341381618,c234,c234
12945,0.281127922163013,0.3919778257260521,0.3268942521109349,c234,c234
12212,0.1722630172597833,0.3450238541146538,0.48271312862556287,c234,c5
14559,0.3434193625492604,0.32021914495087794,0.33636149249986175,c234,c1
10954,0.35348823011681224,0.35247526813581076,0.29403650174737694,c234,c1
16869,0.2792939106447501,0.3833711617612284,0.33733492759402145,c1,c234
10274,0.3216222683788823,0.16298385964218456,0.515393871978933,c234,c5
1897,0.7014736526081634,0.21041554510356034,0.0881108022882762,c1,c1
3729,0.7087017377510958,0.23639258681785244,0.05490567543105191,c1,c1
3809,0.2346156318132661,0.4134959612314029,0.35188840695533097,c5,c234
19585,0.05217162328160105,0.3385315177813354,0.6092968589370635,c1,c5
8949,0.2639208519240233,0.37512939885626534,0.3609497492197113,c234,c234
3268,0.290243382064401,0.522217767814733,0.18753885012086605,c5,c234
10038,0.3948039531057553,0.36408070916368696,0.24111533773055774,c5,c1
15121,0.1031561409548614,0.20992700873024997,0.6869168503148886,c5,c5
19072,0.3889410679411949,0.3612349988747332,0.24982393318407192,c1,c1
8031,0.4427419448183847,0.4326151640717462,0.12464289110986897,c1,c1
1782,0.2749685337538196,0.31172555159754994,0.41330591464863053,c5,c5
3714,0.33975644191727283,0.3608351720342687,0.2994083860484585,c5,c234
11282,0.5809495404938236,0.11188123314373775,0.30716922636243865,c234,c1
16453,0.6137797063203121,0.24246085235238085,0.14375944132730706,c1,c1
17201,0.2935904012643186,0.49933211380606013,0.20707748492962114,c234,c234
17993,0.4086969521021033,0.48296334222061627,0.10833970567728052,c5,c234
2740,0.041037618378141856,0.10372354950307401,0.8552388321187842,c5,c5
19582,0.15384859793890834,0.5677945074225093,0.2783568946385825,c5,c234
18961,0.5389692764957611,0.22722825047547315,0.2338024730287658,c1,c1
8104,0.37225341120944566,0.5589705856347381,0.06877600315581625,c1,c234
16792,0.635522176332163,0.1824344939568342,0.18204332971100276,c1,c1
5999,0.21440243961700126,0.3217779714671162,0.4638195889158826,c234,c5
17515,0.1908711281660685,0.4483488290208121,0.36078004281311943,c5,c234
14696,0.2502570059606527,0.41500147119490843,0.33474152284443887,c234,c234
8046,0.4787397273384657,0.212967661299462,0.30829261136207237,c5,c1
1375,0.2462709746420372,0.29207459308569494,0.46165443227226793,c1,c5
4896,0.25149755764352844,0.32560362304911705,0.42289881930735457,c5,c5
6778,0.4729956754770668,0.32280020190716036,0.20420412261577284,c1,c1
12586,0.35699940213018466,0.2594922029198576,0.3835083949499578,c1,c5
11837,0.4900673194348728,0.12223909100749768,0.3876935895576295,c234,c1
13232,0.16171492027980744,0.14695792935092095,0.6913271503692716,c5,c5
15004,0.2369548110447786,0.48809829475432615,0.2749468942008954,c1,c234
18280,0.10889058346478005,0.49661798531020923,0.39449143122501057,c5,c234
19488,0.21802399298722283,0.3438571892110381,0.4381188178017391,c1,c5
7375,0.42464054901532966,0.4540617293685978,0.12129772161607247,c234,c234
10525,0.28656118515735957,0.42312643095799746,0.29031238388464287,c5,c234
19439,0.16256586483499683,0.39113708620403115,0.4462970489609719,c5,c5
3775,0.5599556285423635,0.21367308392156545,0.22637128753607105,c234,c1
1575,0.13533129792665882,0.5358528426087599,0.32881585946458125,c5,c234
5492,0.269912308003607,0.5299960222522948,0.20009166974409814,c234,c234
13531,0.46792464255371685,0.31421022317498576,0.21786513427129736,c234,c1
7839,0.5130261144777366,0.3364399169066342,0.15053396861562915,c234,c1
6422,0.3568336154497504,0.1666711981375833,0.4764951864126663,c1,c5
12252,0.21887061309529293,0.5482575579485711,0.23287182895613598,c1,c234
11647,0.2734177469727554,0.22546038075575311,0.5011218722714914,c1,c5
7766,0.23528762529342503,0.41310720972615367,0.35160516498042127,c1,c234
7621,0.20114613862489994,0.30674740401575806,0.4921064573593421,c5,c5
7030,0.38637203111888274,0.3849148484435586,0.2287131204375587,c1,c1
9648,0.33855324038576107,0.3094872476576148,0.35195951195662417,c1,c5
14322,0.18782640273400325,0.4453386980977288,0.3668348991682679,c234,c234
5806,0.10736280937417474,0.2439454293614215,0.6486917612644038,c5,c5
2411,0.4594876565543992,0.22990170766002924,0.3106106357855716,c1,c1
4393,0.052451906015298914,0.3943060048317485,0.5532420891529526,c5,c5
8406,0.2589905027394913,0.2361506054912237,0.504858891769285,c234,c5
1591,0.2011104856754639,0.3004785963320397,0.4984109179924963,c5,c5
10066,0.4040358508531617,0.3587233435327804,0.23724080561405778,c234,c1
1314,0.1817414025261797,0.17428186917734498,0.6439767282964753,c5,c5
20048,0.28461768021535466,0.31493995056644536,0.4004423692182,c5,c5
15319,0.20488749698129524,0.4288957516005803,0.3662167514181245,c5,c234
5088,0.07705464029613662,0.4939373484244812,0.42900801127938215,c1,c234
6269,0.29712274946602346,0.46276623562835595,0.2401110149056206,c1,c234
10791,0.29746532215442684,0.35399051380257135,0.3485441640430019,c5,c234
2958,0.563972747809411,0.2122546433880685,0.2237726088025205,c1,c1
13519,0.29746275608188,0.6267889149377293,0.07574832898039077,c234,c234
17349,0.11941693551053595,0.5594710609340876,0.32111200355537634,c234,c234
3232,0.199612943556629,0.3184611076385706,0.4819259488048004,c234,c5
17739,0.4185013668941178,0.30520565561100466,0.2762929774948776,c1,c1
18292,0.37458581576446864,0.24343145697126256,0.38198272726426885,c1,c5
2909,0.6681338870168638,0.18749383267685885,0.14437228030627744,c5,c1
8817,0.4544504887888894,0.3526558554854864,0.1928936557256242,c234,c1
12638,0.20812351305754867,0.23832807253360322,0.5535484144088482,c5,c5
14566,0.40721681247090563,0.35028795303538596,0.24249523449370847,c1,c1
14924,0.17586300217491593,0.5612230092025426,0.2629139886225414,c234,c234
2842,0.10568710168682165,0.5136196597750441,0.3806932385381343,c1,c234
17612,0.31594094589691857,0.5397744914271467,0.1442845626759347,c1,c234
2090,0.41946915094784065,0.3866292542031484,0.19390159484901096,c234,c1
18050,0.6396139460488209,0.14627915832042057,0.21410689563075855,c5,c1
6301,0.41656846302472683,0.3680346572176826,0.2153968797575906,c5,c1
6561,0.06185264308263235,0.09663931950752147,0.8415080374098463,c1,c5
1313,0.14971972868709743,0.5411177731623528,0.3091624981505498,c234,c234
18612,0.5822366190732596,0.2734980028706341,0.14426537805610637,c1,c1
4512,0.15525392056892967,0.41882880035357667,0.4259172790774937,c5,c5
2686,0.2252360903787156,0.3959083521621576,0.37885555745912686,c1,c234
4724,0.17964995234155703,0.36399555060696587,0.4563544970514772,c234,c5
18101,0.2527524728177428,0.623520455073298,0.12372707210895918,c234,c234
11402,0.1526521779761492,0.4969779617649424,0.3503698602589083,c5,c234
6994,0.1616264521490204,0.40515872852195217,0.4332148193290274,c234,c5
11792,0.19274499892595073,0.47858283512766,0.32867216594638926,c1,c234
7709,0.10246794120439902,0.4140617251130905,0.48347033368251047,c1,c5
18162,0.4787397273384657,0.212967661299462,0.30829261136207237,c5,c1
3522,0.2345018353244749,0.2895598840339595,0.4759382806415657,c5,c5
11258,0.3776392195741056,0.40307966144333374,0.21928111898256056,c1,c234
11761,0.16175693926996274,0.4475804905443894,0.3906625701856477,c5,c234
13848,0.32273532155639695,0.13567368061832952,0.5415909978252735,c5,c5
13868,0.41196559925984993,0.28986198238699235,0.29817241835315766,c5,c1
10214,0.050342471556609036,0.3071483559495549,0.642509172493836,c5,c5
19425,0.1431663428742479,0.38359784764318955,0.47323580948256255,c234,c5
11470,0.06337238064878313,0.3648390047382742,0.5717886146129426,c5,c5
11703,0.33457367523687653,0.3913313884982459,0.2740949362648777,c234,c234
7219,0.18804330120268217,0.2873340854917874,0.5246226133055304,c1,c5
1539,0.2500319180816764,0.5236650139857968,0.22630306793252686,c1,c234
19988,0.3246844499332685,0.1297636207099297,0.5455519293568019,c1,c5
4851,0.27226439903502103,0.2951774750596861,0.4325581259052929,c5,c5
2714,0.20779427755758426,0.4035988832526282,0.3886068391897875,c1,c234
8645,0.18793723395712564,0.28083353129153704,0.5312292347513373,c5,c5
6775,0.3564110788571277,0.1691196617332392,0.4744692594096331,c234,c5
92,0.4161097459609643,0.3073649079371365,0.27652534610189927,c1,c1
6500,0.19537661633466094,0.5079220166722328,0.2967013669931063,c1,c234
11722,0.1921238601735342,0.3897124674971831,0.4181636723292828,c5,c5
3096,0.43339679151683763,0.37508446369888476,0.19151874478427777,c1,c1
10435,0.16577892877908146,0.38309339840357054,0.4511276728173481,c1,c5
4039,0.2277232733362035,0.4128126039605998,0.3594641227031968,c5,c234
5461,0.2244154209923667,0.49106213782188857,0.28452244118574477,c5,c234
12660,0.20411852106629227,0.3881494625026747,0.407732016431033,c234,c5
7047,0.35305618677802486,0.17380930993542038,0.4731345032865548,c1,c5
14443,0.43937794930619223,0.15323852875437358,0.4073835219394342,c5,c1
17569,0.14828829045710518,0.6143036842791918,0.237408025263703,c234,c234
11783,0.20126451645005042,0.3758505282783704,0.4228849552715792,c1,c5
12804,0.07039987698888145,0.6152937962472438,0.3143063267638747,c1,c234
15006,0.20775547510399112,0.45335364270957085,0.33889088218643804,c1,c234
4994,0.3258251790773802,0.6158626104644436,0.05831221045817628,c234,c234
17730,0.19009961618181292,0.5144039024883407,0.2954964813298464,c5,c234
10984,0.23715464653738225,0.14758813247526675,0.615257220987351,c1,c5
11699,0.16540877991252095,0.47186005136533166,0.3627311687221475,c234,c234
2490,0.47958539634361974,0.21703640365852833,0.30337819999785176,c1,c1
4544,0.5838028402209657,0.16206169245936064,0.2541354673196736,c1,c1
5899,0.42992572683412056,0.3163714760043309,0.25370279716154864,c5,c1
2345,0.5555264358065607,0.2674072104064182,0.17706635378702104,c1,c1
20003,0.6438813027076724,0.23080775262288553,0.12531094466944206,c1,c1
16054,0.4130998633394302,0.1659127184984118,0.4209874181621579,c234,c5
1304,0.4344477923389602,0.3786254358480188,0.1869267718130209,c1,c1
15725,0.14494550565834585,0.3398063882477332,0.5152481060939209,c5,c5
20050,0.17832423720619595,0.18165398941722785,0.6400217733765762,c1,c5
3039,0.14576451517668437,0.16262790261563895,0.6916075822076766,c5,c5
19356,0.5523905630250144,0.36507094004105517,0.08253849693393042,c1,c1
10197,0.1489260435548997,0.17204784060559528,0.679026115839505,c234,c5
19615,0.43327423943096866,0.4405850367327905,0.12614072383624078,c1,c234
4745,0.1950597679365783,0.37388898796254755,0.4310512441008742,c1,c5
16849,0.28878474291650785,0.4770244042655412,0.23419085281795113,c1,c234
15878,0.25988241068392526,0.36875321243646997,0.37136437687960483,c234,c5
19728,0.45103073442408,0.3720254985487661,0.17694376702715384,c1,c1
8610,0.4913605355241155,0.30176987131689703,0.20686959315898734,c1,c1
1067,0.21153032266143407,0.609271579500595,0.17919809783797097,c234,c234
14942,0.6490835506783892,0.22210204754576707,0.1288144017758437,c1,c1
8971,0.1010135945141613,0.45863737117991527,0.4403490343059233,c5,c234
17856,0.44246132351756823,0.3019091619845663,0.2556295144978656,c1,c1
14711,0.32964748528641036,0.3872905376741306,0.283061977039459,c234,c234
5348,0.2660562433743026,0.3830177413860715,0.35092601523962597,c5,c234
3284,0.30454099429178555,0.16416647703833354,0.5312925286698809,c234,c5
9631,0.14847206642684316,0.5912930812211769,0.26023485235198,c5,c234
7951,0.2947047094098205,0.47945954694668724,0.22583574364349224,c1,c234
5430,0.317386989948706,0.2091627553020738,0.47345025474922026,c234,c5
19266,0.4835795915832065,0.3832266403653551,0.1331937680514384,c1,c1
6043,0.4106963277632066,0.23071382984910188,0.3585898423876916,c5,c1
17672,0.7723033606161619,0.10590391446725582,0.12179272491658226,c1,c1
11340,0.4250065408326149,0.2374965054531845,0.3374969537142006,c1,c1
11660,0.2775185394612722,0.31731375879286405,0.4051677017458637,c234,c5
2422,0.5545581138765445,0.21928301368859573,0.2261588724348598,c5,c1
11025,0.15690893023392066,0.6299050614368019,0.21318600832927748,c5,c234
17647,0.05776599244999619,0.2028037760517531,0.7394302314982506,c234,c5
16562,0.47440918655704983,0.4030233203813801,0.12256749306157007,c1,c1
12900,0.2178708913505474,0.538709829706788,0.24341927894266457,c1,c234
10613,0.3764295293747564,0.41221246257983846,0.21135800804540514,c1,c234
9015,0.2589256821401004,0.15617459165242698,0.5848997262074727,c234,c5
1584,0.3285766609893266,0.24312251783374497,0.42830082117692836,c234,c5
12932,0.11188968073350129,0.4454366069241917,0.4426737123423071,c1,c234
11905,0.4714051935424,0.41733284762146566,0.11126195883613427,c234,c1
3893,0.19005559848588258,0.20995465586023207,0.5999897456538854,c1,c5
3161,0.08742915478688058,0.39659805693765543,0.515972788275464,c5,c5
15880,0.058650224659059634,0.21265042129447487,0.7286993540464655,c234,c5
7081,0.6187283017691201,0.28862602018639016,0.09264567804448964,c234,c1
14891,0.6280445464744322,0.25501648585193964,0.11693896767362803,c234,c1
12530,0.41656846302472683,0.3680346572176826,0.2153968797575906,c234,c1
12228,0.46386976975202115,0.24969396909353062,0.2864362611544482,c234,c1
7699,0.17578710272836165,0.61616581004066,0.2080470872309784,c234,c234
17479,0.5794314659080673,0.1645070216561928,0.25606151243574,c1,c1
18234,0.280267172641951,0.3031646477076739,0.41656817965037524,c5,c5
19326,0.1664073458826088,0.19812165640286122,0.6354709977145301,c5,c5
8600,0.40093888814969597,0.3284386469527554,0.27062246489754865,c1,c1
13444,0.42212915601144085,0.2712630736870236,0.30660777030153546,c5,c1
4329,0.3512936124251521,0.45005325586659956,0.1986531317082482,c5,c234
7786,0.17059356706170972,0.22950464838116497,0.5999017845571253,c234,c5
572,0.3580014217478857,0.33360190468120343,0.3083966735709108,c5,c1
5502,0.3271700920257076,0.15782012086450645,0.515009787109786,c234,c5
8252,0.30371229047355824,0.2738383653061897,0.422449344220252,c234,c5
16037,0.14430350197966937,0.3821979265975833,0.4734985714227472,c5,c5
11801,0.20813731295870558,0.49756840602967606,0.2942942810116182,c234,c234
18683,0.27878836027974596,0.32180296136594827,0.39940867835430577,c5,c5
7312,0.40174348303895163,0.3218313282261357,0.27642518873491284,c5,c1
18586,0.13749144910940508,0.1930994208068098,0.6694091300837851,c234,c5
18214,0.3729802707707575,0.4792871695248567,0.1477325597043858,c1,c234
19729,0.21512524651449877,0.6159711246338374,0.16890362885166368,c234,c234
3653,0.08598033269696051,0.4129517489692369,0.5010679183338025,c234,c5
14474,0.1939049995482777,0.32377842387213673,0.48231657657958554,c234,c5
3162,0.3712767903457618,0.33991167750850293,0.2888115321457354,c5,c1
10285,0.5644168860543618,0.2666099753938251,0.16897313855181312,c1,c1
9970,0.3853480377079718,0.13369911660706252,0.4809528456849656,c234,c5
2382,0.22729623036271837,0.5191331664265479,0.2535706032107337,c234,c234
13069,0.11930965846466234,0.6275014009156142,0.25318894061972347,c1,c234
5668,0.1355721778419496,0.4557301676530698,0.40869765450498063,c234,c234
657,0.4765343258246286,0.2368652643864474,0.28660040978892404,c234,c1
20083,0.22163151498915615,0.5145783454264085,0.2637901395844353,c1,c234
9936,0.12620161287918613,0.16099705391266914,0.7128013332081446,c234,c5
18564,0.187777635351779,0.3109153021762936,0.5013070624719275,c5,c5
12722,0.3018110997891637,0.3096288865713789,0.3885600136394574,c5,c5
9081,0.18225299619960322,0.5662132129941256,0.2515337908062712,c234,c234
1835,0.6238270320919425,0.28501432661819576,0.09115864128986184,c1,c1
4084,0.023451239588145045,0.3585173642407449,0.6180313961711101,c5,c5
13107,0.7721655555042204,0.14673512860275945,0.08109931589302016,c1,c1
18111,0.23050842289933762,0.2746700174464913,0.494821559654171,c234,c5
5190,0.20324624032350005,0.5047229836496321,0.29203077602686783,c234,c234
1409,0.40517828024381786,0.32013290718440157,0.2746888125717806,c5,c1
12024,0.46607993939565345,0.10439194973645684,0.4295281108678898,c1,c1
7657,0.41958287574204484,0.2568463293243641,0.32357079493359103,c1,c1
9793,0.5905474487694098,0.24300409138337797,0.16644845984721215,c1,c1
14263,0.38153017833048064,0.30216185747058777,0.31630796419893165,c1,c1
409,0.2906324212539298,0.4160505203464358,0.29331705839963435,c1,c234
13345,0.47491640436818666,0.19437273818009107,0.33071085745172224,c234,c1
15726,0.14211520942335,0.36416739157264993,0.4937173990040002,c234,c5
669,0.16749908555726814,0.2719519659815064,0.5605489484612254,c5,c5
6439,0.2638260790595913,0.28978322875419804,0.44639069218621064,c234,c5
217,0.48076860526146914,0.4111715373265507,0.10805985741198017,c234,c1
4737,0.5559745397077988,0.3038634854080637,0.14016197488413756,c234,c1
9939,0.4934228507015543,0.1945949904814605,0.3119821588169852,c234,c1
18968,0.2740375997304338,0.2999049788818126,0.42605742138775354,c234,c5
8831,0.6422501446578629,0.27443867326078536,0.08331118208135173,c1,c1
10952,0.10912892416913242,0.6513251378588099,0.23954593797205773,c5,c234
9874,0.29771405439314524,0.4821689541046357,0.22011699150221908,c1,c234
7332,0.3900286469913882,0.35767920147242016,0.2522921515361916,c234,c1
20000,0.6527807681341884,0.20072319394325533,0.1464960379225563,c1,c1
8286,0.22508450638877567,0.37107660168816037,0.403838891923064,c5,c5
2758,0.20347520029340266,0.3538551510291318,0.44266964867746544,c1,c5
8537,0.4089484416907862,0.4011986797952267,0.18985287851398702,c5,c1
1342,0.2208238778518032,0.500627158904828,0.27854896324336864,c234,c234
2824,0.34936755387522994,0.33276227706883194,0.3178701690559381,c234,c1
14789,0.21020278097763875,0.5851562700908906,0.2046409489314707,c5,c234
14466,0.1362004616767935,0.3868445411615827,0.4769549971616239,c5,c5
976,0.3516894408686652,0.311170582842503,0.3371399762888318,c1,c1
5689,0.13321852461955294,0.29013224817907723,0.5766492272013699,c5,c5
12499,0.24281483364372503,0.3105331606675075,0.44665200568876745,c5,c5
3504,0.14431947642254825,0.6728049856154685,0.18287553796198336,c234,c234
8325,0.2637969664839718,0.27137354569526484,0.4648294878207632,c1,c5
19686,0.47510615846640664,0.33941426757846177,0.18547957395513173,c1,c1
17688,0.18208251848925666,0.5440999507854065,0.27381753072533677,c5,c234
13839,0.5738711696607204,0.33858302516921746,0.08754580517006219,c1,c1
8805,0.35971895948495225,0.12577121770264887,0.5145098228123989,c5,c5
19911,0.17758504048869267,0.41561873010745914,0.4067962294038481,c234,c234
15316,0.2923034019028713,0.2408439370863491,0.46685266101077955,c234,c5
10937,0.4272598809921924,0.43386594917752735,0.13887416983028028,c1,c234
3138,0.21776942550685355,0.27277118122430455,0.5094593932688419,c5,c5
1516,0.24266415731449345,0.5855392558648522,0.17179658682065416,c5,c234
19869,0.1799569070617108,0.37024891184168673,0.44979418109660246,c1,c5
14773,0.2009072783099533,0.33376700603027487,0.465325715659772,c1,c5
11750,0.1909574158672075,0.49900656654950865,0.3100360175832838,c1,c234
14720,0.22787303094432243,0.45851647455390665,0.31361049450177086,c5,c234
9123,0.2495218723894832,0.4269558526731896,0.3235222749373271,c1,c234
6329,0.24062643694646899,0.43447306988565376,0.32490049316787706,c234,c234
2671,0.19536313211795556,0.5175759200015729,0.28706094788047154,c234,c234
12940,0.10269051477201827,0.4445768559397458,0.45273262928823593,c234,c5
16705,0.37915437278764397,0.5156288660012155,0.10521676121114049,c234,c234
15755,0.2990679413025969,0.41066670897469965,0.2902653497227034,c234,c234
5409,0.4432878040001619,0.3938548101589943,0.16285738584084375,c234,c1
6672,0.22087471961197885,0.6607917714052042,0.1183335089828169,c234,c234
11834,0.2957485749982409,0.3744114869333626,0.3298399380683964,c1,c234
8136,0.3137300340434095,0.20899341297862672,0.47727655297796373,c1,c5
11393,0.2446845324073301,0.41573100968355686,0.33958445790911307,c234,c234
8428,0.13699571335130675,0.4254123748062732,0.43759191184241997,c234,c5
3543,0.23948007683378889,0.22731503629753974,0.5332048868686714,c1,c5
3700,0.24968861346639684,0.41527143587618914,0.335039950657414,c5,c234
417,0.09608643051460346,0.2598288733754726,0.6440846961099239,c234,c5
14346,0.15896624484197205,0.3149755650300497,0.5260581901279783,c234,c5
30,0.4600808207678345,0.20996583998213186,0.3299533392500336,c1,c1
15234,0.5523905630250144,0.36507094004105517,0.08253849693393042,c1,c1
3941,0.2030119828444919,0.518449102457672,0.2785389146978361,c5,c234
19313,0.31678158144164326,0.16715801777994702,0.5160604007784098,c5,c5
11356,0.3249269387344735,0.2982209124710137,0.37685214879451284,c5,c5
9331,0.38489049144032983,0.3194233818065031,0.29568612675316713,c1,c1
10872,0.34326551158813223,0.3154997535197828,0.34123473489208495,c5,c1
13008,0.38008432885468063,0.3017250881626255,0.31819058298269387,c5,c1
7659,0.37013959973771254,0.21245463550007224,0.41740576476221536,c5,c5
11633,0.1460606037643691,0.6460384765159073,0.20790091971972355,c1,c234
14993,0.17474373838871302,0.27774923326220213,0.5475070283490848,c234,c5
3127,0.353402626554494,0.4293585458444951,0.21723882760101104,c234,c234
8898,0.32059335748683926,0.4119325712862107,0.2674740712269501,c234,c234
18350,0.05936535756971172,0.11144777297792934,0.829186869452359,c5,c5
868,0.35709701731395055,0.47080941448581404,0.17209356820023541,c1,c234
19415,0.41485436953804516,0.23863335992153226,0.3465122705404226,c5,c1
13367,0.33164922360399146,0.4489527830206422,0.21939799337536653,c234,c234
11516,0.18154614905604657,0.2814936334711802,0.5369602174727731,c5,c5
16938,0.48936910454568744,0.3314883776243871,0.17914251782992557,c234,c1
8469,0.08421610998789066,0.4416282425376524,0.47415564747445704,c234,c5
14803,0.42517357008634277,0.31301564964940987,0.26181078026424726,c1,c1
839,0.06333663881798937,0.03477956803077338,0.9018837931512371,c5,c5
11231,0.11240965339876857,0.5718430750262086,0.3157472715750227,c234,c234
534,0.3406181586802184,0.34525629860481094,0.3141255427149706,c1,c234
16221,0.35457154094005044,0.3093410757831084,0.3360873832768412,c5,c1
17455,0.7290144388117948,0.17563835028220945,0.09534721090599581,c234,c1
18590,0.4578627270463937,0.39743905577243455,0.14469821718117173,c5,c1
8273,0.3072470000981796,0.28923358471108157,0.4035194151907389,c234,c5
18717,0.5028663214505561,0.3686207010290684,0.12851297752037547,c1,c1
5792,0.4093292880864636,0.31529137404395946,0.2753793378695769,c234,c1
12696,0.3456432286962885,0.4461070069918532,0.2082497643118584,c1,c234
13768,0.37186382444951604,0.5089478338124164,0.11918834173806747,c5,c234
3834,0.739100782022807,0.208610716812991,0.05228850116420197,c1,c1
6060,0.23060467328239784,0.6030696580961751,0.16632566862142706,c1,c234
4993,0.20209734588838657,0.6339626059703564,0.16394004814125707,c5,c234
13888,0.0468096172316262,0.14414354123398251,0.8090468415343913,c5,c5
16254,0.22193105741233343,0.6140981000027271,0.16397084258493938,c1,c234
6913,0.29136458936003196,0.3721115241015642,0.3365238865384038,c234,c234
2724,0.8966708778169209,0.05715122780412992,0.04617789437894916,c1,c1
3613,0.30408613525078937,0.3003260419570717,0.3955878227921389,c5,c5
15785,0.5047112239791238,0.22358762106419375,0.2717011549566825,c1,c1
1519,0.31253850074322514,0.5225783667886227,0.16488313246815214,c5,c234
300,0.3232661511101808,0.27377853186373446,0.4029553170260847,c1,c5
14917,0.12946353478919978,0.3992045681648996,0.4713318970459005,c5,c5
7536,0.7293313747891805,0.23764421380728293,0.03302441140353656,c1,c1
10201,0.15424642638878233,0.4119003295878272,0.4338532440233904,c234,c5
14700,0.21951123327521235,0.4465372883740086,0.3339514783507791,c234,c234
20088,0.7284957076378796,0.06518779473490297,0.20631649762721738,c1,c1
8155,0.20643746048086337,0.6920769225336502,0.1014856169854864,c234,c234
4371,0.2281653647598559,0.3757318248534112,0.39610281038673295,c1,c5
11372,0.19739675728634393,0.1804903749504999,0.6221128677631561,c5,c5
19809,0.4829116655043036,0.33646585378777955,0.18062248070791684,c234,c1
824,0.5596496632132362,0.21139370754976256,0.22895662923700122,c1,c1
11428,0.3703513332650245,0.3079849116497568,0.32166375508521866,c234,c1
3339,0.5390861757551685,0.3824373986233591,0.07847642562147232,c234,c1
10741,0.32276610959449853,0.22340920032795641,0.45382469007754517,c1,c5
2601,0.08608310496260649,0.5247604106142371,0.3891564844231565,c234,c234
2174,0.3958696972573944,0.3414784003117713,0.26265190243083436,c1,c1
14607,0.36820330987558114,0.4982206296123689,0.13357606051204995,c234,c234
20058,0.17917391841113217,0.5147525107783543,0.30607357081051356,c234,c234
18816,0.2305770726418356,0.43494493605889206,0.3344779912992723,c5,c234
10928,0.5360706373916869,0.36996470176070634,0.09396466084760677,c234,c1
19989,0.27962168844248625,0.3837319063081981,0.33664640524931566,c5,c234
1844,0.2838478869295038,0.28924287441022856,0.42690923866026764,c1,c5
8472,0.1164372819940892,0.27653403414880984,0.6070286838571011,c5,c5
18476,0.19271601575670222,0.3829731979104337,0.424310786332864,c5,c5
8743,0.10360698232401001,0.6188862561111227,0.27750676156486725,c1,c234
5011,0.22716031015017846,0.3657694407147522,0.4070702491350693,c5,c5
18184,0.42734750836594104,0.34791781674044175,0.22473467489361715,c1,c1
19549,0.46386976975202115,0.24969396909353062,0.2864362611544482,c234,c1
15174,0.05975976583347817,0.27761099507669107,0.6626292390898307,c5,c5
386,0.19076706682217462,0.1731981352266772,0.6360347979511481,c5,c5
9806,0.367347511820346,0.3568581381774192,0.27579435000223484,c5,c1
12440,0.12743936706654194,0.5959530244003687,0.27660760853308936,c5,c234
3132,0.1981357610309362,0.6185807034734656,0.18328353549559823,c5,c234
10796,0.2825253331305165,0.5191811279705606,0.19829353889892298,c5,c234
7325,0.45910042168495785,0.43673364038370155,0.1041659379313405,c234,c1
14941,0.1884868128841079,0.43731552912917326,0.3741976579867187,c5,c234
17466,0.12115730061852041,0.2671410446492778,0.6117016547322018,c234,c5
12785,0.8336749660915568,0.09863583787817726,0.06768919603026603,c1,c1
10425,0.47371431767146144,0.26504334537498325,0.2612423369535553,c234,c1
10451,0.4787397273384657,0.212967661299462,0.30829261136207237,c5,c1
2362,0.4864696928776872,0.19431309384767198,0.3192172132746407,c1,c1
13284,0.36153409010543763,0.19883113087920548,0.4396347790153569,c5,c5
18746,0.19533320680592056,0.3522766283169614,0.45239016487711803,c5,c5
6192,0.3315384261367337,0.3723128437745558,0.2961487300887105,c234,c234
12546,0.3926510991123583,0.3924627441384719,0.21488615674916994,c5,c1
16280,0.1519600149497951,0.4189839744874057,0.42905601056279924,c1,c5
15476,0.20406385651881961,0.45809977946506636,0.3378363640161139,c5,c234
10126,0.2708100909551515,0.4733644843617792,0.25582542468306924,c5,c234
14083,0.08646354611705975,0.7490660655285388,0.16447038835440134,c5,c234
15873,0.24315099644637295,0.5027763216378525,0.2540726819157746,c234,c234
12262,0.7416291307315601,0.13060885995454263,0.12776200931389725,c1,c1
16945,0.5685216980547213,0.30490322129058905,0.12657508065468967,c234,c1
5469,0.4115113263606705,0.3516222539564659,0.23686641968286357,c1,c1
4789,0.4295449306094362,0.32201804849850174,0.2484370208920621,c1,c1
10970,0.25642463206383126,0.43315370084511506,0.31042166709105357,c1,c234
5538,0.23264018049158297,0.539692491493857,0.22766732801456013,c5,c234
13058,0.16723141681744152,0.2812026439710234,0.5515659392115352,c1,c5
13997,0.45124325537040105,0.40031617768810845,0.14844056694149058,c234,c1
18901,0.40615090352821076,0.25652206987770143,0.33732702659408775,c1,c1
5128,0.21744898124729994,0.2184360812264081,0.5641149375262919,c234,c5
3462,0.19428904307838898,0.53664980065654,0.26906115626507104,c234,c234
2634,0.05242966954820733,0.6152248196564252,0.33234551079536756,c5,c234
2642,0.2942372686472221,0.3375408496327827,0.3682218817199952,c1,c5
5000,0.22741841211316385,0.20777874714383515,0.564802840743001,c1,c5
14863,0.27800735241776464,0.28578178020907175,0.43621086737316356,c5,c5
6660,0.6793702344797684,0.14705495331463578,0.17357481220559584,c5,c1
11198,0.16482320363511138,0.17994408200887432,0.6552327143560143,c5,c5
593,0.09689759279679772,0.31991753695253866,0.5831848702506637,c234,c5
3403,0.5300979099452413,0.28165296440085325,0.18824912565390542,c234,c1
4467,0.1740843034288031,0.3131027753892642,0.5128129211819327,c1,c5
18008,0.3788396687803397,0.3928299634886393,0.2283303677310209,c234,c234
14213,0.46782114167932387,0.3037562725762616,0.2284225857444146,c1,c1
15074,0.08862928363337713,0.49672297935432347,0.41464773701229934,c234,c234
18100,0.3635348739182112,0.35472148110200047,0.2817436449797883,c5,c1
11919,0.18912345677120726,0.5752745360868449,0.23560200714194793,c5,c234
15519,0.3676760691028957,0.13916472731573068,0.4931592035813737,c234,c5
18374,0.6304728706939057,0.2993201678533119,0.07020696145278241,c234,c1
4081,0.47972635688339554,0.2719628921292998,0.24831075098730473,c234,c1
4451,0.389022656854297,0.3321010627080868,0.27887628043761625,c234,c1
8516,0.4234798674852275,0.4077287535735565,0.16879137894121599,c1,c1
10119,0.3737985979591343,0.4912915277046889,0.1349098743361767,c234,c234
14853,0.11716043281869037,0.46974325257061567,0.413096314610694,c5,c234
17315,0.15275315357694785,0.21098716544215523,0.6362596809808968,c5,c5
19588,0.046557265650909924,0.2138283479309394,0.7396143864181507,c5,c5
11821,0.48088185122912763,0.39933498958186453,0.1197831591890078,c234,c1
11427,0.11537500185788467,0.1675003427340726,0.7171246554080427,c5,c5
19264,0.6464187170911434,0.23457885879223292,0.11900242411662364,c1,c1
8927,0.20487910721588926,0.4797450086247339,0.3153758841593768,c1,c234
12618,0.0686195971819779,0.09461867013258474,0.8367617326854373,c5,c5
61,0.1142328501678631,0.24053431391496996,0.645232835917167,c5,c5
14508,0.17424577815195602,0.3648505677681726,0.4609036540798713,c234,c5
12239,0.19908203545373485,0.34936423139549183,0.4515537331507733,c5,c5
8287,0.3136096051153278,0.5343635511795313,0.15202684370514094,c234,c234
10598,0.15093219090590457,0.7292744625201498,0.11979334657394555,c234,c234
775,0.3384099207226061,0.34937721593608567,0.3122128633413082,c234,c234
1609,0.377137971592617,0.18794661337771276,0.4349154150296703,c5,c5
344,0.05555070512190095,0.04804583541526467,0.8964034594628344,c5,c5
7955,0.06653438376908355,0.18719663823910446,0.746268977991812,c234,c5
17492,0.5458102701601428,0.308692192152121,0.14549753768773607,c1,c1
11732,0.15880232584248166,0.20243311408160367,0.6387645600759146,c5,c5
3569,0.1721339898487196,0.4534254019348845,0.3744406082163958,c5,c234
50,0.18520742372262466,0.4988394626159972,0.315953113661378,c234,c234
18659,0.4049052542600516,0.5619781780016769,0.03311656773827156,c1,c234
12095,0.20904802668927303,0.4111287862535746,0.3798231870571524,c234,c234
16102,0.42734292358150716,0.27881564346760945,0.2938414329508834,c1,c1
6101,0.48587138620524956,0.28076379527240947,0.23336481852234106,c234,c1
4730,0.36809646548448455,0.3228757220324968,0.3090278124830186,c1,c1
8806,0.2723822400327625,0.5473718283812273,0.18024593158601018,c234,c234
1422,0.2482505941745928,0.32158420063835136,0.4301652051870559,c1,c5
16784,0.14111036528029497,0.6415481222327359,0.21734151248696895,c234,c234
4389,0.35474675574123393,0.5497356200849317,0.09551762417383429,c1,c234
17217,0.20265279255462507,0.2294147658899001,0.5679324415554748,c5,c5
14221,0.4202112935523034,0.36467388424354935,0.21511482220414724,c1,c1
15001,0.628253961863088,0.2878801672476113,0.08386587088930066,c1,c1
14552,0.3656226862870729,0.41136041196700296,0.22301690174592423,c5,c234
14731,0.232968322839342,0.3519111812953792,0.4151204958652788,c5,c5
14024,0.2741189508908849,0.24394238693542822,0.4819386621736869,c1,c5
3501,0.4373024288195433,0.27486225893770083,0.28783531224275577,c234,c1
4422,0.18461598160957124,0.3796441417510014,0.4357398766394274,c1,c5
17046,0.6272925482156216,0.1903624308366033,0.1823450209477751,c1,c1
8332,0.1840901902874068,0.33620502740432995,0.47970478230826313,c1,c5
4626,0.2466712273398448,0.5407663613600545,0.2125624113001007,c234,c234
11260,0.4443446004004673,0.22398231195777157,0.3316730876417612,c5,c1
1071,0.24040069469660855,0.2841853537133182,0.4754139515900732,c5,c5
11430,0.31270921596698364,0.3810552984760092,0.3062354855570072,c5,c234
10753,0.2472550693230214,0.3934586070272563,0.35928632364972224,c1,c234
18244,0.1846597396358546,0.5382093336948702,0.27713092666927513,c234,c234
7186,0.27273298177573774,0.32350415317375286,0.4037628650505094,c5,c5
16306,0.05256236518977737,0.6040761718272826,0.34336146298293996,c5,c234
12090,0.2337632650510331,0.198004823376642,0.568231911572325,c5,c5
1559,0.2867750877455281,0.36827737979194924,0.3449475324625227,c5,c234
11599,0.1936022694623918,0.449416000930998,0.3569817296066102,c1,c234
1172,0.2957485749982409,0.3744114869333626,0.3298399380683964,c5,c234
14438,0.1609681493091967,0.5065421417312396,0.3324897089595637,c5,c234
16749,0.20963169455740635,0.6692350311787966,0.12113327426379705,c5,c234
5419,0.13553085615555108,0.29479381244755376,0.5696753313968952,c234,c5
4349,0.21242276850997907,0.4917548449350248,0.2958223865549961,c1,c234
6624,0.40086570650472286,0.513575863030894,0.08555843046438319,c5,c234
13981,0.15403575008734446,0.17387033309865318,0.6720939168140024,c234,c5
2881,0.06421976638662162,0.31917953407920496,0.6166006995341735,c234,c5
9957,0.2627426626311939,0.5380119476657199,0.19924538970308625,c234,c234
18257,0.3627534923253565,0.4896989765924234,0.14754753108222018,c234,c234
6694,0.4459230617350418,0.34636369009176915,0.20771324817318904,c5,c1
18706,0.14098096161649523,0.3241267105601664,0.5348923278233384,c5,c5
547,0.404569814638326,0.2609793261132791,0.33445085924839496,c1,c1
13443,0.18060044112255955,0.3862632849792648,0.4331362738981756,c234,c5
14918,0.5044276088820137,0.26713276833617094,0.22843962278181532,c234,c1
3589,0.16288584648020202,0.5398432700213025,0.2972708834984954,c5,c234
9710,0.3726793359827898,0.28869757594173534,0.3386230880754749,c234,c1
9021,0.1499661019617553,0.28854776411308203,0.5614861339251627,c1,c5
3582,0.20963720112561413,0.43220252524826075,0.35816027362612507,c5,c234
13805,0.41788124868678983,0.29614782991528915,0.2859709213979211,c234,c1
16531,0.46386976975202115,0.24969396909353062,0.2864362611544482,c1,c1
3332,0.2205841167077253,0.1805982569867544,0.5988176263055203,c5,c5
5021,0.2635682226006725,0.2773958992244313,0.4590358781748963,c5,c5
7050,0.1898239841282977,0.48496085632625596,0.32521515954544633,c234,c234
9462,0.3154212697042705,0.3631152559561535,0.321463474339576,c1,c234
19758,0.6280445464744322,0.25501648585193964,0.11693896767362803,c1,c1
9494,0.30407330244955477,0.24333811362001123,0.45258858393043394,c1,c5
11923,0.18475526592073344,0.23765911035806978,0.5775856237211968,c5,c5
17788,0.26642776136823293,0.4820957878162089,0.25147645081555825,c234,c234
7442,0.46149956782034607,0.3474638354750913,0.1910365967045627,c5,c1
5885,0.3552578236007515,0.3478671082851489,0.29687506811409964,c5,c1
14057,0.26205825429981494,0.38100502120002666,0.3569367245001584,c234,c234
5515,0.4018786764129348,0.41660519687049175,0.18151612671657333,c5,c234
3804,0.3234907338529329,0.24101181090233006,0.435497455244737,c5,c5
2456,0.2520183304085122,0.36393570846019446,0.3840459611312934,c5,c5
15719,0.1029205326480922,0.7482593520143604,0.14882011533754752,c234,c234
17561,0.4787397273384657,0.212967661299462,0.30829261136207237,c5,c1
9150,0.49561015041269285,0.36585138192058597,0.13853846766672118,c234,c1
2967,0.4621694425171586,0.3566018118761935,0.18122874560664795,c234,c1
8656,0.5523905630250144,0.36507094004105517,0.08253849693393042,c234,c1
19115,0.251099893241505,0.43796321608591493,0.31093689067258,c234,c234
7238,0.5523905630250144,0.36507094004105517,0.08253849693393042,c1,c1
8941,0.141726107437889,0.23225938991090583,0.6260145026512051,c5,c5
19755,0.219887566502428,0.331951874864325,0.44816055863324705,c234,c5
11286,0.19875763147958989,0.3210582356208426,0.4801841328995676,c5,c5
15282,0.12892655593591407,0.46661574938501693,0.404457694679069,c5,c234
16122,0.4184561317724884,0.4335328983633032,0.14801096986420836,c234,c234
17549,0.10049530240216092,0.21227019462930874,0.6872345029685303,c234,c5
550,0.2974615217127749,0.3243208878771664,0.3782175904100587,c5,c5
1080,0.38138334218512643,0.38742155325978556,0.23119510455508796,c5,c234
7762,0.19905539989429466,0.09725218442091794,0.7036924156847874,c234,c5
3911,0.12007698899210767,0.4099625341515328,0.46996047685635944,c5,c5
2132,0.453607215085614,0.26856094137413,0.27783184354025586,c234,c1
14238,0.39313722565009607,0.40048095525079375,0.2063818190991103,c1,c234
6434,0.3738760838597303,0.4534828778588224,0.17264103828144736,c234,c234
2465,0.18825665445401257,0.6291897999879695,0.18255354555801778,c234,c234
6393,0.3597131143077869,0.524564374476531,0.11572251121568207,c5,c234
9996,0.3921024873571047,0.22908975608717,0.37880775655572535,c1,c1
18530,0.047392169812392165,0.13720776059635087,0.815400069591257,c5,c5
7566,0.08096977439188222,0.32236756171187314,0.5966626638962446,c5,c5
2141,0.6891441360196423,0.22005829506902563,0.09079756891133212,c1,c1
18573,0.27411285088677223,0.38258582549973413,0.3433013236134937,c1,c234
19396,0.12852179166618816,0.38568395556415586,0.4857942527696559,c5,c5
3110,0.4850209463305019,0.25481025631612425,0.2601687973533738,c234,c1
11485,0.29981654675978703,0.29950537072130484,0.4006780825189081,c234,c5
3024,0.63103738348998,0.2176046537107428,0.1513579627992772,c1,c1
13648,0.23211558149752104,0.4606873955113882,0.3071970229910907,c234,c234
8853,0.17407683127533893,0.21527242466632085,0.6106507440583402,c5,c5
7823,0.3090533910375825,0.31636941273815683,0.3745771962242608,c5,c5
17872,0.17205824475934275,0.557442285832044,0.27049946940861314,c234,c234
13119,0.281385546211656,0.5778138162837786,0.14080063750456537,c5,c234
15909,0.3362374091693475,0.13680952126228657,0.526953069568366,c234,c5
17855,0.1448116189507278,0.47496307000686433,0.38022531104240787,c234,c234
15700,0.18477215843829561,0.4197935931405027,0.3954342484212017,c234,c234
1040,0.26073204791692306,0.20642759703660207,0.5328403550464749,c5,c5
18381,0.5584711251231629,0.18139755867364754,0.2601313162031895,c1,c1
18340,0.3241099478291648,0.5132531287657226,0.16263692340511263,c5,c234
12060,0.6143687699503638,0.22042167591335682,0.16520955413627933,c1,c1
17382,0.193719641456113,0.11304911312867258,0.6932312454152144,c1,c5
9712,0.5450601557212866,0.21554316048179095,0.23939668379692242,c1,c1
3704,0.23984137905678807,0.49456977601105073,0.2655888449321612,c234,c234
4909,0.2539074291148077,0.3748556618076072,0.3712369090775851,c5,c234
19044,0.4546141818828711,0.42226956405806776,0.12311625405906113,c1,c1
4941,0.6003208197559363,0.28463643652805415,0.11504274371600952,c234,c1
19473,0.6591374579112073,0.15009688117518374,0.190765660913609,c1,c1
649,0.20680926619790635,0.14091768219443468,0.6522730516076589,c234,c5
7891,0.3205521023296257,0.42183390377048147,0.2576139938998929,c5,c234
17782,0.5097888721961996,0.3266469393860309,0.16356418841776946,c1,c1
1168,0.06778521474908514,0.27701478713794403,0.6551999981129709,c234,c5
10134,0.6477648885282973,0.2369203041709218,0.11531480730078085,c1,c1
9633,0.4751912781420618,0.3122688638336687,0.21253985802426958,c1,c1
17128,0.5602384707196967,0.18902599802658043,0.2507355312537229,c234,c1
13230,0.5959761765300438,0.19076340217385834,0.21326042129609796,c1,c1
8869,0.18803326219880184,0.2818306320584635,0.5301361057427346,c234,c5
366,0.6643924141269006,0.18352029168422104,0.1520872941888784,c1,c1
4065,0.26642270719909333,0.417152747219746,0.3164245455811607,c1,c234
15574,0.5406549129566038,0.23390558499104452,0.22543950205235164,c1,c1
2795,0.5494217587235496,0.257105393381943,0.1934728478945074,c234,c1
6495,0.39588447061116755,0.4209907603966069,0.1831247689922256,c1,c234
6708,0.15645545853821438,0.4669573316695069,0.3765872097922787,c1,c234
904,0.6490835506783892,0.22210204754576707,0.1288144017758437,c1,c1
5112,0.19739675728634393,0.1804903749504999,0.6221128677631561,c234,c5
17924,0.2007971175474835,0.2547170644118449,0.5444858180406716,c234,c5
19321,0.21376095798759748,0.30145554912769684,0.4847834928847056,c5,c5
18247,0.19721012770501323,0.21592031806535075,0.586869554229636,c234,c5
5758,0.35480294349319325,0.4729309350623864,0.1722661214444202,c234,c234
10856,0.18281583420120803,0.5102310572919223,0.3069531085068696,c1,c234
6779,0.1633397740007476,0.3539270532982011,0.4827331727010513,c234,c5
7990,0.45806494581843427,0.32090939894473336,0.22102565523683235,c1,c1
2312,0.04799863771272324,0.1507843971647238,0.8012169651225529,c234,c5
12608,0.1657506690543587,0.2355316262936238,0.5987177046520175,c1,c5
5556,0.16500017396142586,0.5034246112439029,0.3315752147946712,c1,c234
9873,0.1753583637459539,0.2589971208346592,0.565644515419387,c5,c5
6092,0.37550550365996177,0.41884711409795156,0.2056473822420867,c5,c234
5322,0.23714533072393323,0.532111634735426,0.2307430345406407,c1,c234
12860,0.2552376905970155,0.21103602414605088,0.5337262852569337,c234,c5
18781,0.5174947656225141,0.28025298305720103,0.20225225132028496,c234,c1
12259,0.3715686289191929,0.43044888902307277,0.19798248205773442,c1,c234
11273,0.3955494291663585,0.2162679707812791,0.3881826000523623,c234,c1
3060,0.11115608582311147,0.1937647545639269,0.6950791596129616,c5,c5
6243,0.41656846302472683,0.3680346572176826,0.2153968797575906,c1,c1
13021,0.43327423943096866,0.4405850367327905,0.12614072383624078,c234,c234
18948,0.54075308460024,0.22762924187834935,0.23161767352141063,c234,c1
16544,0.3456788528843137,0.5000931767680781,0.15422797034760813,c234,c234
7102,0.16452523241934455,0.3479216760028846,0.4875530915777708,c1,c5
12330,0.4335277992289641,0.32861589716367745,0.23785630360735846,c5,c1
11296,0.5523905630250144,0.36507094004105517,0.08253849693393042,c1,c1
15028,0.5482385093215252,0.367228722312501,0.08453276836597377,c1,c1
9801,0.1866356170016308,0.4046757861842403,0.40868859681412883,c1,c5
6074,0.10269691074891109,0.4080767789938168,0.4892263102572721,c5,c5
13397,0.5114716913616224,0.14555295542226895,0.3429753532161086,c1,c1
2000,0.6280445464744322,0.25501648585193964,0.11693896767362803,c1,c1
4906,0.2906324212539298,0.4160505203464358,0.29331705839963435,c234,c234
16877,0.7577902142662916,0.1754091824164352,0.06680060331727315,c1,c1
4566,0.16762689265248024,0.2619043013427248,0.570468806004795,c5,c5
12375,0.10417600148250561,0.598861547611302,0.29696245090619244,c5,c234
2735,0.14137008630126838,0.24282722719901437,0.6158026864997173,c5,c5
12746,0.19699079771476735,0.36561048261474255,0.43739871967049004,c234,c5
5937,0.13275927404074236,0.2953921765788166,0.571848549380441,c5,c5
17333,0.02720800514196346,0.030783365547097187,0.9420086293109393,c5,c5
10032,0.6494934704700215,0.17892542017960164,0.171581109350377,c1,c1
554,0.17117224087421454,0.36201636634066264,0.46681139278512274,c5,c5
16443,0.19803050199997407,0.412127762433326,0.3898417355667,c234,c234
14480,0.08697168553653506,0.21496604525667715,0.6980622692067878,c5,c5
10468,0.4503865639177927,0.43620033885257997,0.11341309722962731,c1,c1
17005,0.11615969168891357,0.11108615138391119,0.7727541569271752,c5,c5
8221,0.11100231588574423,0.5725952688757022,0.31640241523855345,c5,c234
18132,0.09052940898897693,0.5224571149545908,0.38701347605643227,c5,c234
6418,0.61960356326684,0.2161536003874382,0.16424283634572182,c234,c1
17018,0.5345673774081131,0.20543093061361994,0.260001691978267,c1,c1
10320,0.6731471216992745,0.23716621034643656,0.08968666795428898,c1,c1
11646,0.2707766017373155,0.4906327159161035,0.23859068234658087,c5,c234
9972,0.13657450847921904,0.5519770735715852,0.31144841794919575,c234,c234
10771,0.19119356434142554,0.3038503388523079,0.5049560968062666,c234,c5
8818,0.15665412480524538,0.3767407196239915,0.466605155570763,c234,c5
4290,0.46301516986191366,0.46098818611526593,0.07599664402282034,c1,c1
10664,0.5292305488170833,0.09305141141643862,0.37771803976647805,c5,c1
5726,0.24061026954983158,0.5792904574327449,0.18009927301742348,c234,c234
14538,0.2930329118810326,0.2569138950979672,0.4500531930210003,c234,c5
12809,0.2916486596357151,0.09655367691722731,0.6117976634470577,c1,c5
19773,0.2189816127873339,0.5079566569895398,0.27306173022312624,c1,c234
8211,0.18069518687530334,0.3357329167496856,0.4835718963750111,c234,c5
7247,0.18304220190886722,0.56696925576246,0.24998854232867265,c234,c234
1444,0.6283030953948993,0.2595623620441105,0.11213454256099024,c234,c1
491,0.5125418798816536,0.2841061377963465,0.20335198232199986,c234,c1
11754,0.07446168728598111,0.20436399864640006,0.7211743140676188,c5,c5
8187,0.3011057998603531,0.21202703104177054,0.4868671690978764,c5,c5
17605,0.18667492877446767,0.4872868731398289,0.32603819808570333,c234,c234
2140,0.12749570064245136,0.4707472298501717,0.4017570695073769,c234,c234
14401,0.3270511208001802,0.28910821455459507,0.38384066464522487,c5,c5
9771,0.45120919024633016,0.3419290834188155,0.20686172633485442,c1,c1
3229,0.44564721366904303,0.3959514569481481,0.15840132938280888,c234,c1
4179,0.35457154094005044,0.3093410757831084,0.3360873832768412,c5,c1
8108,0.17330763476835834,0.5748781707440375,0.2518141944876042,c1,c234
6460,0.3197467970279596,0.415814232101239,0.2644389708708015,c5,c234
9141,0.22874410053889155,0.49517177244315186,0.27608412701795665,c1,c234
4311,0.38926509296438894,0.32131407064663525,0.2894208363889759,c234,c1
17834,0.23264797189019915,0.22642668361031826,0.5409253444994827,c1,c5
5917,0.5166061753194027,0.28673094263619564,0.19666288204440163,c234,c1
2209,0.1421348100001764,0.08308358614587519,0.7747816038539485,c1,c5
19105,0.24587748363673148,0.48299784866126316,0.2711246677020055,c234,c234
14125,0.26349076449363035,0.3715029353456765,0.365006300160693,c1,c234
13381,0.20611310554666984,0.6645843627411334,0.12930253171219677,c234,c234
8056,0.2957485749982409,0.3744114869333626,0.3298399380683964,c5,c234
9490,0.2728556341971676,0.4289738446572031,0.2981705211456292,c234,c234
3770,0.24198328072432634,0.36431297901502163,0.3937037402606519,c5,c5
15472,0.27571138897393216,0.34113552181754503,0.3831530892085228,c5,c5
17579,0.13606389876656236,0.6755048057707452,0.18843129546269247,c5,c234
1564,0.24464104498382486,0.18819040729585654,0.5671685477203187,c5,c5
1456,0.16906080114977323,0.3387645242465287,0.49217467460369796,c1,c5
8237,0.13042568191295334,0.3909281415266998,0.47864617656034675,c5,c5
3477,0.08702863148332583,0.32130771098590083,0.5916636575307733,c234,c5
14006,0.3528452451347012,0.2736409330989524,0.3735138217663464,c5,c5
6287,0.11541084244478902,0.5428242372241121,0.34176492033109884,c5,c234
9942,0.26733326674409363,0.283786895889449,0.44887983736645737,c1,c5
2196,0.2681846886721801,0.4833896743478673,0.24842563697995265,c1,c234
3960,0.33139242851652023,0.2732025676351876,0.39540500384829214,c234,c5
8278,0.19403341750418823,0.4788129788633955,0.3271536036324162,c1,c234
10857,0.7961794037569295,0.12595638078985447,0.07786421545321583,c234,c1
1128,0.24845627990313143,0.3710856165096379,0.3804581035872307,c234,c5
4295,0.16349395309520928,0.4235775119222558,0.41292853498253496,c5,c234
3106,0.14855481697609624,0.5441364333775922,0.30730874964631166,c5,c234
9641,0.293574530923713,0.3351262778183314,0.3712991912579555,c5,c5
2607,0.28594740818691816,0.11255388777913541,0.6014987040339463,c5,c5
15555,0.17287341501159562,0.29626615219164304,0.5308604327967614,c5,c5
17888,0.29118209706365233,0.17822497084471883,0.5305929320916288,c234,c5
19529,0.08579494194460863,0.5647953695606818,0.34940968849470955,c234,c234
10631,0.3882264318302521,0.481273177507735,0.13050039066201286,c1,c234
16757,0.5523905630250144,0.36507094004105517,0.08253849693393042,c1,c1
18444,0.17139186758113542,0.6430666355432114,0.18554149687565322,c234,c234
7880,0.4701391469275386,0.19394085438912476,0.33591999868333666,c5,c1
9481,0.5066390484950084,0.18663247334420294,0.3067284781607886,c1,c1
1624,0.27037533247576273,0.222041262454987,0.5075834050692503,c1,c5
18561,0.14100161768776934,0.2912270170918107,0.5677713652204199,c5,c5
12261,0.18025064586194747,0.19988109939134158,0.6198682547467109,c234,c5
11891,0.2808445852815565,0.3684422772978218,0.3507131374206217,c234,c234
12488,0.558658579569271,0.3434843766723014,0.09785704375842758,c1,c1
7202,0.15774503960847255,0.5016467725147462,0.34060818787678127,c234,c234
4214,0.3358616211419955,0.1946183752034366,0.46952000365456775,c5,c5
18721,0.5976084746624791,0.2396382668759102,0.16275325846161073,c1,c1
2569,0.3586931261686892,0.5544810511171757,0.08682582271413515,c234,c234
1192,0.4271171277007625,0.35766136964637124,0.2152215026528663,c1,c1
6214,0.36051550110111,0.3038290446405912,0.3356554542582988,c234,c1
18509,0.2906324212539298,0.4160505203464358,0.29331705839963435,c234,c234
15877,0.7411960561035847,0.08851412264007326,0.170289821256342,c1,c1
1936,0.4480060762194339,0.21699868450054854,0.33499523928001756,c1,c1
9985,0.226663554464682,0.6027914713327571,0.17054497420256093,c5,c234
6717,0.22678164175156584,0.4530911742792676,0.3201271839691665,c234,c234
10306,0.2741394306235386,0.41748818386786846,0.30837238550859286,c1,c234
473,0.23231398491875774,0.46485076925970004,0.3028352458215422,c234,c234
6805,0.5384733540290618,0.18456502987608192,0.2769616160948561,c1,c1
12161,0.2832956991404302,0.299277615383532,0.4174266854760378,c5,c5
13433,0.3153693113390066,0.4358428527988626,0.24878783586213093,c1,c234
11914,0.23764997794432613,0.2875385533682395,0.4748114686874344,c1,c5
5318,0.6228330568967692,0.20023359189244275,0.17693335121078801,c234,c1
13745,0.5841969731388669,0.2770101932071374,0.1387928336539958,c1,c1
19441,0.3734320176549018,0.33167557765344835,0.2948924046916499,c5,c1
9796,0.311007343116064,0.3532580919606789,0.33573456492325704,c234,c234
14300,0.4979944741493456,0.19470237970884738,0.30730314614180715,c234,c1
11163,0.2741714700905886,0.3774078247035763,0.348420705205835,c5,c234
14688,0.2049592959518476,0.3681715203217794,0.4268691837263731,c1,c5
4830,0.42516670696016623,0.21109450766971039,0.36373878537012344,c1,c1
14365,0.20724652277748062,0.5153372527047925,0.2774162245177269,c5,c234
15615,0.26733326674409363,0.283786895889449,0.44887983736645737,c5,c5
16992,0.46386976975202115,0.24969396909353062,0.2864362611544482,c234,c1
6607,0.3939113156837669,0.35941096963874053,0.24667771467749264,c234,c1
6149,0.6982127023348798,0.1251783458799308,0.17660895178518946,c1,c1
12510,0.14252875329741274,0.3334768651468374,0.5239943815557498,c5,c5
18774,0.20358623518265934,0.2551829105648469,0.5412308542524938,c1,c5
19232,0.042695073393116414,0.4679183361617618,0.4893865904451217,c234,c5
16628,0.6652328130789259,0.2384289216792626,0.09633826524181137,c1,c1
2208,0.24503861991522477,0.24731423452885956,0.5076471455559157,c5,c5
10921,0.24612664437935006,0.4030544396863663,0.3508189159342837,c234,c234
12423,0.4430992699250014,0.2754489617943973,0.28145176828060137,c1,c1
16649,0.30929723428363026,0.4571623478803207,0.23354041783604906,c234,c234
3780,0.2674094931749412,0.22025394294011422,0.5123365638849446,c5,c5
12457,0.5790954834960864,0.28677533428015806,0.13412918222375553,c234,c1
13655,0.10371622819934036,0.4070035382744556,0.4892802335262041,c234,c5
11631,0.17570743695799593,0.3568079190705473,0.46748464397145684,c5,c5
3288,0.7144015105046085,0.22837771295683387,0.05722077653855749,c1,c1
1486,0.13678066831430652,0.5113090193996218,0.35191031228607167,c5,c234
16534,0.17697197589369484,0.4638316146512729,0.3591964094550321,c1,c234
12624,0.020230928023282226,0.03215527654505431,0.9476137954316635,c5,c5
18665,0.0922635985918092,0.21597627505393902,0.6917601263542518,c234,c5
19675,0.3229958062771806,0.439503459155352,0.23750073456746743,c234,c234
354,0.5248920919659644,0.17506103239642426,0.30004687563761134,c1,c1
3340,0.33059892396870216,0.4529595767665499,0.21644149926474798,c234,c234
18392,0.2477834850862922,0.6388013828041734,0.11341513210953447,c234,c234
10267,0.5968334186378821,0.224252944959865,0.178913636402253,c234,c1
11644,0.3463978124302158,0.3527424877508571,0.3008596998189271,c1,c234
845,0.15770591030382375,0.7893429368446212,0.05295115285155506,c1,c234
16163,0.2126428193653039,0.26589880978159386,0.5214583708531022,c234,c5
11937,0.2760712071738237,0.43629731715265685,0.2876314756735194,c5,c234
10808,0.3778809626150666,0.4291943868674154,0.19292465051751803,c1,c234
19915,0.2627426626311939,0.5380119476657199,0.19924538970308625,c1,c234
1060,0.2429094755722125,0.4229497766455968,0.3341407477821907,c234,c234
3072,0.22321176018554206,0.45065964474381276,0.32612859507064523,c5,c234
10303,0.4297459396117865,0.2506153376688947,0.31963872271931876,c5,c1
8717,0.3668134781800663,0.35563262808260176,0.277553893737332,c1,c1
13164,0.38489049144032983,0.3194233818065031,0.29568612675316713,c5,c1
9117,0.6712514709874904,0.24038126559564843,0.08836726341686106,c1,c1
18599,0.7716856370146388,0.13508308955168455,0.0932312734336766,c234,c1
12716,0.25893982118563147,0.12133485133133563,0.6197253274830329,c1,c5
16206,0.29633084066008575,0.15544247087209165,0.5482266884678226,c1,c5
7866,0.44670993311527074,0.3802575261698685,0.1730325407148607,c1,c1
10456,0.24314231509469056,0.22365973811354373,0.5331979467917658,c1,c5
929,0.7437485896347882,0.137571536268225,0.11867987409698676,c1,c1
847,0.34984781511400553,0.3781726956712681,0.27197948921472637,c1,c234
7543,0.48192421731885227,0.3031658034677641,0.21490997921338365,c234,c1
15088,0.2923742477322505,0.4081881435500997,0.2994376087176498,c5,c234
12758,0.5456839119999517,0.2816123792897047,0.17270370871034355,c234,c1
8461,0.3073701415932321,0.21670933079642635,0.4759205276103416,c5,c5
13184,0.06989143010624373,0.27412825243326333,0.6559803174604929,c5,c5
10453,0.24561046901558814,0.20378203008218915,0.5506075009022227,c1,c5
2705,0.2928419974147195,0.41149177316174257,0.295666229423538,c1,c234
18035,0.15281411374267856,0.680522364906861,0.16666352135046034,c1,c234
3744,0.31158726485452165,0.34201954930223594,0.34639318584324247,c5,c5
13588,0.1946054415210412,0.48496685611416246,0.32042770236479634,c234,c234
6392,0.11315372030430647,0.25993703141207014,0.6269092482836234,c5,c5
16822,0.26824025872641766,0.3327965924827723,0.3989631487908101,c5,c5
15863,0.20393485985053605,0.5070591550130651,0.28900598513639886,c1,c234
7157,0.18932396995031592,0.32094866374630543,0.48972736630337876,c5,c5
693,0.12991681466025728,0.578749219490807,0.2913339658489356,c234,c234
6153,0.32628096622891495,0.35579819829525944,0.3179208354758255,c1,c234
19783,0.29029343373132666,0.2072480731186731,0.5024584931500002,c5,c5
10462,0.3831156247629804,0.40659480247197743,0.2102895727650421,c234,c234
14388,0.23568397284825324,0.4567651465491554,0.3075508806025912,c234,c234
17309,0.5265454373894031,0.24007466103041547,0.2333799015801814,c1,c1
1244,0.1482308812809336,0.5048962855031708,0.34687283321589557,c5,c234
13772,0.16871898789514575,0.5345359123516555,0.2967450997531988,c234,c234
5121,0.5195760351272808,0.2811608890275519,0.19926307584516734,c5,c1
11106,0.19580542957671876,0.39869684089651775,0.40549772952676344,c1,c5
2968,0.31868712856742104,0.4836776256668356,0.19763524576574337,c234,c234
8002,0.13423083495804108,0.46659811417971453,0.3991710508622444,c5,c234
1003,0.508281013760681,0.3250935900490654,0.16662539619025357,c234,c1
15182,0.1602207833875614,0.39475008217668484,0.44502913443575387,c234,c5
8131,0.6623019064658136,0.23319763654160064,0.10450045699258571,c5,c1
15048,0.49851582916010617,0.37452772387697525,0.12695644696291866,c234,c1
18675,0.15177330505675507,0.5548785576073708,0.29334813733587406,c234,c234
17106,0.4787397273384657,0.212967661299462,0.30829261136207237,c1,c1
6288,0.3405014671141815,0.3865153828501103,0.27298315003570833,c234,c234
11332,0.4232295290122243,0.40696476730546804,0.16980570368230768,c234,c1
3502,0.16946799703290816,0.5111869110857178,0.31934509188137417,c5,c234
13901,0.24760050295238223,0.47766630366633683,0.274733193381281,c234,c234
9927,0.44164518480860304,0.39080483029686924,0.16754998489452774,c1,c1
15002,0.22651704469598583,0.5519117152938691,0.22157124001014503,c234,c234
7608,0.10999026320623655,0.4848006899264804,0.40520904686728304,c1,c234
12225,0.3696240771419975,0.5106839600117716,0.1196919628462308,c5,c234
4057,0.40355291299777496,0.4190830652982343,0.17736402170399082,c5,c234
12269,0.04054074246118206,0.5126000182345509,0.4468592393042671,c234,c234
15617,0.38914722795601614,0.37675349963941507,0.2340992724045689,c1,c1
9354,0.5418090786040972,0.3844366072247687,0.0737543141711342,c234,c1
10494,0.412855415068353,0.26990528976591965,0.31723929516572746,c1,c1
9818,0.2558525213243554,0.358053937414789,0.38609354126085554,c1,c5
9555,0.500806841341687,0.2490262264915326,0.2501669321667804,c1,c1
3617,0.15793913809986207,0.2770758245249634,0.5649850373751746,c1,c5
4410,0.26806367343844184,0.38768950164194865,0.3442468249196095,c1,c234
10349,0.5704075153684239,0.20455845626859578,0.2250340283629803,c1,c1
16369,0.12480957816339867,0.512704353651197,0.3624860681854043,c5,c234
6321,0.3326833975755172,0.27289173185657545,0.3944248705679073,c5,c5
16208,0.14047914071045214,0.12249597132774763,0.7370248879618001,c5,c5
1537,0.8871160481903085,0.04644070414847482,0.06644324766121656,c1,c1
11863,0.7045906807030207,0.11933282597357092,0.1760764933234084,c1,c1
10635,0.6947037217383931,0.21185111771103077,0.09344516055057622,c234,c1
14866,0.24311053191834084,0.46935088542143916,0.2875385826602202,c234,c234
15613,0.1599427404406481,0.39477232334768964,0.44528493621166215,c1,c5
8995,0.5917268247115444,0.13690811346468154,0.27136506182377407,c1,c1
7801,0.4516168051988442,0.2744975410698869,0.27388565373126894,c1,c1
3021,0.2700589274794229,0.2726869483673572,0.45725412415322,c1,c5
14067,0.5549060717638462,0.20338358351691582,0.24171034471923805,c1,c1
15939,0.5759305992072951,0.25108125061276015,0.17298815017994482,c1,c1
10655,0.29482861524300447,0.384366948731094,0.3208044360259015,c1,c234
853,0.10458759625843615,0.586220554359026,0.3091918493825379,c5,c234
36,0.4297459396117865,0.2506153376688947,0.31963872271931876,c5,c1
20,0.06314975960548252,0.2458865521687309,0.6909636882257866,c1,c5
16289,0.2331412510667279,0.13267599524149057,0.6341827536917816,c234,c5
1141,0.15127661684610988,0.16685611672742717,0.6818672664264629,c1,c5
10452,0.30561773010475757,0.6278566180855398,0.06652565180970257,c234,c234
5753,0.29211680625140407,0.48351010931959537,0.22437308442900064,c5,c234
16466,0.053515596314909576,0.23412016895192142,0.7123642347331689,c5,c5
708,0.13700542889412343,0.506650973050165,0.3563435980557116,c5,c234
5687,0.4519422068899832,0.1735835795676038,0.37447421354241295,c234,c1
6223,0.43078634941880123,0.21056369313509057,0.3586499574461082,c234,c1
17879,0.15156898684414358,0.4044610486021587,0.4439699645536978,c5,c5
6780,0.23270795088815552,0.2709553603202095,0.49633668879163495,c5,c5
16442,0.09480461857864422,0.23963526952383057,0.6655601118975252,c5,c5
18889,0.1663547508086694,0.32562661441736546,0.5080186347739651,c5,c5
10667,0.1681835502296882,0.22022635184082157,0.6115900979294902,c5,c5
8976,0.058990130774631194,0.13574910781856694,0.8052607614068018,c5,c5
174,0.2910955160999319,0.42054305964162647,0.2883614242584416,c1,c234
12245,0.3452387197230326,0.41823888699466605,0.2365223932823014,c5,c234
158,0.5523905630250144,0.36507094004105517,0.08253849693393042,c1,c1
12775,0.3411192240747576,0.18203840753047248,0.47684236839477,c1,c5
6869,0.1450358657993402,0.2330985596315594,0.6218655745691004,c5,c5
8335,0.3525633005466845,0.4520397885021491,0.1953969109511664,c5,c234
6550,0.3683488206897162,0.428436410436591,0.20321476887369272,c234,c234
17084,0.6140757342852146,0.20301070245779895,0.18291356325698646,c1,c1
4252,0.24234350333918,0.36358802369442167,0.3940684729663983,c5,c5
8011,0.10080358719733151,0.1747368192418286,0.7244595935608399,c1,c5
3611,0.4989580438608681,0.37066629269433976,0.13037566344479212,c234,c1
12221,0.35248089389231224,0.1736735089574563,0.4738455971502314,c5,c5
15320,0.3609322059150894,0.45556383018462876,0.18350396390028198,c5,c234
16401,0.1736866361031244,0.3033210169224362,0.5229923469744394,c5,c5
3779,0.26480340158179444,0.656898345182979,0.07829825323522649,c234,c234
16152,0.2770904277718118,0.37031028979839525,0.35259928242979294,c1,c234
1569,0.24052836095674268,0.4118896482452839,0.34758199079797336,c5,c234
855,0.6905210682827431,0.20975570392294007,0.09972322779431686,c234,c1
12166,0.29095493227442704,0.3590060000448275,0.3500390676807455,c1,c234
177,0.2778578078020854,0.3939264036667634,0.3282157885311512,c5,c234
18434,0.2644390057991301,0.6406683453706876,0.09489264883018231,c234,c234
181,0.5252373852178145,0.2825346122205935,0.192228002561592,c1,c1
10328,0.3283931439561771,0.4203790274884687,0.2512278285553542,c234,c234
4846,0.13284513806916,0.6905595038332825,0.1765953580975577,c234,c234
8079,0.792692197099038,0.15455076271767793,0.05275704018328402,c1,c1
6413,0.13775267240981331,0.21496937168114202,0.6472779559090447,c5,c5
13296,0.23300917146968536,0.5394372364516653,0.2275535920786492,c5,c234
12441,0.4769680872663543,0.2283789486057139,0.29465296412793185,c234,c1
16101,0.2519034081144579,0.2617512522612348,0.4863453396243072,c5,c5
6720,0.26733326674409363,0.283786895889449,0.44887983736645737,c5,c5
10824,0.23546133155454999,0.2909430176418276,0.47359565080362237,c1,c5
2541,0.120681929027889,0.5596529129214837,0.31966515805062723,c234,c234
18527,0.16741548191281888,0.41248847991116044,0.42009603817602065,c5,c5
13324,0.17586900335038466,0.223184987967684,0.6009460086819314,c5,c5
5901,0.2498112551901354,0.5377254995981027,0.21246324521176188,c1,c234
8986,0.14790655632292796,0.5390845297211813,0.3130089139558908,c1,c234
19872,0.15139648375391354,0.48491923868996856,0.36368427755611793,c5,c234
1319,0.4351253389875227,0.3092194852878061,0.2556551757246712,c1,c1
15728,0.11524994011571735,0.278127565712001,0.6066224941722816,c5,c5
3223,0.32736061568241187,0.44784195530936755,0.22479742900822064,c234,c234
13423,0.11535934015715948,0.15916616979618745,0.7254744900466532,c5,c5
4943,0.049630332922943,0.657283408947194,0.293086258129863,c234,c234
9364,0.4901837697706664,0.3358548761809774,0.1739613540483561,c1,c1
10400,0.8027886739742749,0.10573553760723699,0.09147578841848807,c1,c1
17508,0.16041276439625385,0.4437805082675363,0.39580672733620986,c234,c234
8975,0.32155869305694673,0.5448102925202297,0.1336310144228236,c234,c234
16818,0.3390555838882378,0.2903573053519857,0.37058711075977646,c5,c5
17085,0.11687065216941979,0.10119357830888785,0.7819357695216924,c5,c5
8216,0.5835572664670073,0.3377683271926516,0.07867440634034108,c1,c1
6534,0.29523780338969247,0.5009257378449695,0.20383645876533793,c234,c234
6867,0.20487910721588926,0.4797450086247339,0.3153758841593768,c5,c234
13082,0.2176601148472736,0.47347522093320504,0.30886466421952147,c5,c234
8671,0.4342253298130733,0.2990671482146418,0.2667075219722849,c234,c1
10610,0.26687915635692644,0.27222235374594056,0.460898489897133,c5,c5
16123,0.16057623895507597,0.4576542277787145,0.3817695332662095,c234,c234
3995,0.33505950515874516,0.4337877271741067,0.2311527676671482,c234,c234
19285,0.22803859321901068,0.26156386008046056,0.5103975467005287,c5,c5
10470,0.21606757599610701,0.2839282298850615,0.5000041941188315,c5,c5
13001,0.3455015100012733,0.29732846096865617,0.3571700290300705,c234,c5
5683,0.08591854551886924,0.6197220539902999,0.294359400490831,c5,c234
780,0.13539378162614812,0.27996106387766073,0.5846451544961911,c5,c5
5863,0.408371137931649,0.4984236379275891,0.09320522414076199,c234,c234
17223,0.2421730175629731,0.2800222042076183,0.47780477822940864,c5,c5
3575,0.5549060717638462,0.20338358351691582,0.24171034471923805,c1,c1
18982,0.6188961149050518,0.2555524936103266,0.12555139148462158,c234,c1
15607,0.24143372267751467,0.4064180106472862,0.35214826667519905,c234,c234
14462,0.5177737052005197,0.3622510673494729,0.11997522745000748,c234,c1
4631,0.20246979558920258,0.6893800224645189,0.10815018194627853,c234,c234
15136,0.6547443414229543,0.19700444005481932,0.1482512185222262,c5,c1
15161,0.19970438493659612,0.38069134362008805,0.41960427144331586,c5,c5
2180,0.26979959324351754,0.39062373066972494,0.33957667608675757,c234,c234
19470,0.537727745765007,0.1663432491227512,0.29592900511224185,c234,c1
7310,0.12405996017148091,0.12754050717851095,0.7483995326500081,c5,c5
3107,0.1560942212217923,0.32665979078569657,0.5172459879925111,c5,c5
7326,0.1948264286283602,0.4754408444753983,0.32973272689624167,c234,c234
9209,0.2034654349655275,0.15080834606667246,0.6457262189678,c5,c5
7757,0.6600455503034992,0.2715402757371517,0.06841417395934912,c1,c1
9247,0.6071620468126547,0.3290365924811385,0.06380136070620693,c1,c1
1696,0.3206579119006453,0.38288379981043147,0.29645828828892323,c5,c234
3668,0.24461159490468554,0.4850089507537543,0.27037945434156024,c5,c234
290,0.17198292667414758,0.5346060369383271,0.29341103638752547,c1,c234
2390,0.173993962548588,0.640928714126866,0.185077323324546,c234,c234
13775,0.4153708336826019,0.40747639993126505,0.1771527663861331,c1,c1
18552,0.23865989661950734,0.38171572735376924,0.37962437602672333,c5,c234
5825,0.4466629242632532,0.30912972630085245,0.24420734943589437,c1,c1
1799,0.11116508442916985,0.3430026233208848,0.5458322922499453,c5,c5
1110,0.12890019233524358,0.515902400068067,0.3551974075966894,c1,c234
9911,0.4297459396117865,0.2506153376688947,0.31963872271931876,c234,c1
13379,0.08920212399060114,0.21425420866129857,0.6965436673481004,c1,c5
15497,0.49191334107488477,0.3882600589513897,0.11982659997372563,c1,c1
4025,0.15865153125969608,0.49076816181557037,0.35058030692473363,c5,c234
7101,0.3130397182196434,0.5263711967077759,0.16058908507258074,c234,c234
11929,0.16280913252659443,0.46865075641991405,0.3685401110534915,c5,c234
19952,0.3204888220381159,0.40704036410133776,0.2724708138605465,c5,c234
2298,0.17272950850477842,0.34528917591334796,0.4819813155818737,c234,c5
18046,0.3242781668496852,0.4384493702104535,0.2372724629398613,c234,c234
14150,0.48914617582221814,0.44617332713791696,0.06468049703986495,c234,c1
5990,0.37603218336053623,0.3097414441968023,0.31422637244266155,c5,c1
11907,0.34432359920970684,0.6032981375215355,0.052378263268757566,c1,c234
11167,0.5523905630250144,0.36507094004105517,0.08253849693393042,c1,c1
26,0.17918445626880375,0.3239094774247761,0.49690606630642015,c5,c5
12901,0.1752693118136254,0.7446537212593458,0.08007696692702876,c5,c234
10908,0.19203985980042196,0.4778570332844588,0.3301031069151193,c5,c234
10645,0.09039615818385476,0.12333319904261633,0.786270642773529,c5,c5
6453,0.3358095180200472,0.24327759849375816,0.42091288348619466,c234,c5
11878,0.4905051221668979,0.3301683548608643,0.17932652297223783,c1,c1
11126,0.25495903228943556,0.37641322533234495,0.36862774237821944,c234,c234
7321,0.20178363661646959,0.4699205712866043,0.32829579209692616,c1,c234
12028,0.1362341716033893,0.4130031310385609,0.45076269735804986,c234,c5
3706,0.15864639416845014,0.6089479646210363,0.2324056412105137,c5,c234
13682,0.1136737138301409,0.3619482856892912,0.5243780004805679,c1,c5
12473,0.2768733906935034,0.5772046057241108,0.1459220035823858,c1,c234
10008,0.27157571408977693,0.3740541888850352,0.3543700970251879,c234,c234
1747,0.17537177608792293,0.6167782782022646,0.20784994570981252,c234,c234
11265,0.33258594430401933,0.20496867087117362,0.46244538482480707,c1,c5
7545,0.13086497082800574,0.48144499486062975,0.38769003431136456,c234,c234
9171,0.31863873443369833,0.5327854708462284,0.1485757947200733,c5,c234
16159,0.5523905630250144,0.36507094004105517,0.08253849693393042,c5,c1
18786,0.4662452787540812,0.18577674685220674,0.347977974393712,c1,c1
10634,0.3004245781757421,0.32740964978205833,0.37216577204219964,c1,c5
18693,0.1995709880089954,0.3246131372092902,0.47581587478171433,c234,c5
19834,0.19919373698445397,0.29748335307960877,0.5033229099359372,c234,c5
14243,0.4810745757135019,0.3063886620491881,0.21253676223731008,c1,c1
9570,0.3146157963394211,0.43016042849385355,0.25522377516672534,c5,c234
19157,0.42420525702195216,0.4269121610809061,0.14888258189714168,c1,c234
11690,0.6085994929477737,0.2097644071431376,0.1816360999090888,c234,c1
15207,0.3451790447053465,0.5408050960781658,0.11401585921648778,c234,c234
8644,0.5892355782375612,0.10952106671411536,0.30124335504832345,c1,c1
19579,0.3798782761406748,0.3298878055462302,0.29023391831309503,c1,c1
9669,0.43345776870089286,0.3293349086094231,0.2372073226896839,c1,c1
9143,0.5951736226550375,0.14254941204657254,0.26227696529838995,c234,c1
6638,0.2598414876886826,0.4121673892855517,0.3279911230257657,c5,c234
7451,0.10127919631735441,0.15498646179148967,0.7437343418911558,c5,c5
8152,0.29577891570925274,0.4412943074327245,0.2629267768580226,c1,c234
19210,0.39976358855952915,0.4017930530865104,0.19844335835396046,c5,c234
11836,0.348608979537871,0.242101119240709,0.40928990122142006,c5,c5
3873,0.4787397273384657,0.212967661299462,0.30829261136207237,c1,c1
16107,0.051630133670159485,0.3837982349834975,0.5645716313463429,c234,c5
7640,0.1823100636511921,0.5563424331855356,0.2613475031632723,c5,c234
1419,0.6018204587231367,0.24517818781064726,0.15300135346621602,c1,c1
16862,0.2700180924145335,0.37697550710936234,0.35300640047610415,c5,c234
2426,0.2548075550995992,0.4624063363156877,0.2827861085847131,c5,c234
2371,0.12252262205148952,0.5192317962882477,0.3582455816602628,c234,c234
363,0.24404979635563434,0.5954802741917122,0.16046992945265348,c234,c234
19982,0.39879511653807703,0.3224046149275371,0.278800268534386,c1,c1
10491,0.5115524563952475,0.3533105028985019,0.1351370407062506,c1,c1
16393,0.30367599731619255,0.1984864849244408,0.49783751775936674,c234,c5
16896,0.2334251326667152,0.45836344169149673,0.3082114256417881,c5,c234
8088,0.3796955979072012,0.30399184654036715,0.31631255555243165,c5,c1
6131,0.37170616222217767,0.3287181068106071,0.2995757309672153,c234,c1
5363,0.34954129883423246,0.40373518786668783,0.24672351329907977,c1,c234
12436,0.17814426468614247,0.6842345254544643,0.13762120985939313,c5,c234
17580,0.21652553488152473,0.3523428701659168,0.43113159495255843,c234,c5
16141,0.30494408149097524,0.3365980672949794,0.35845785121404533,c1,c5
6084,0.33975644191727283,0.3608351720342687,0.2994083860484585,c5,c234
722,0.21896068510108757,0.2834663565996167,0.4975729582992959,c234,c5
10617,0.3129554992662501,0.30469689397649696,0.38234760675725293,c1,c5
18565,0.6646525361605516,0.25786755543282547,0.07747990840662294,c1,c1
12332,0.47079284587048964,0.38075963909321175,0.14844751503629872,c1,c1
5852,0.3571572685611301,0.5538691601823101,0.08897357125655987,c234,c234
17848,0.18624999796228858,0.35535838440723744,0.45839161763047404,c5,c5
2240,0.5293816777798832,0.3686109335232831,0.10200738869683366,c234,c1
9824,0.3760341517018435,0.1920368701454353,0.43192897815272113,c5,c5
7112,0.2103806560762962,0.4047218114013592,0.3848975325223446,c234,c234
4355,0.24474890015125597,0.5240576756170002,0.2311934242317437,c234,c234
865,0.20265910922651553,0.3765679000469746,0.4207729907265099,c5,c5
15865,0.8563681996149423,0.10955962371330331,0.03407217667175436,c1,c1
16790,0.10320039709659208,0.10800370070227752,0.7887959022011303,c234,c5
6722,0.7733685766566787,0.12143357412081138,0.10519784922250987,c1,c1
16623,0.23481755889338635,0.5318409275565275,0.23334151355008623,c234,c234
19478,0.27303843020896745,0.5230623649226667,0.20389920486836582,c234,c234
15427,0.2475702863240269,0.2901587597639659,0.46227095391200723,c1,c5
13146,0.1570014409593159,0.4906810697720323,0.35231748926865186,c5,c234
6317,0.4984479057787524,0.2871176221501242,0.21443447207112326,c1,c1
322,0.17633778618844043,0.24332950351460605,0.5803327102969535,c5,c5
14583,0.6024452147452309,0.23633526681650663,0.1612195184382625,c5,c1
4028,0.3395534890738784,0.15645197781904469,0.503994533107077,c5,c5
6108,0.15503907489266983,0.31728138301883585,0.5276795420884943,c5,c5
9991,0.16578066541866945,0.04540173111392343,0.7888176034674071,c5,c5
18915,0.6891441360196423,0.22005829506902563,0.09079756891133212,c234,c1
11130,0.3023480529024948,0.3487893774152526,0.3488625696822526,c1,c5
4407,0.33117229068858334,0.33220313083863384,0.3366245784727828,c1,c5
683,0.26073204791692306,0.20642759703660207,0.5328403550464749,c5,c5
6001,0.5149626187486275,0.3403079789375172,0.1447294023138553,c1,c1
13333,0.22772458527428907,0.4318142420134782,0.3404611727122328,c5,c234
16854,0.3768711717828052,0.29783222599907916,0.3252966022181157,c1,c1
11179,0.0663890933463667,0.12081243870577643,0.8127984679478569,c5,c5
1226,0.1465415828158112,0.41415435960378166,0.4393040575804071,c5,c5
7970,0.19712576902895668,0.3374089900000462,0.4654652409709972,c5,c5
9334,0.29825748095065224,0.47239035384420086,0.2293521652051469,c1,c234
6549,0.4224954794122459,0.4482448359192007,0.1292596846685535,c1,c234
19596,0.11594844022848001,0.0946511357397013,0.7894004240318188,c5,c5
8547,0.22719950465461128,0.4492117348507449,0.32358876049464386,c5,c234
16512,0.21917909503052632,0.4963296061149755,0.28449129885449803,c5,c234
913,0.13461214700399532,0.4297734479535879,0.4356144050424167,c1,c5
11748,0.2046726676502782,0.3414500818037597,0.45387725054596206,c5,c5
19997,0.16045041988641992,0.3632927858778514,0.47625679423572886,c234,c5
8245,0.18483927143123893,0.25542825968666977,0.5597324688820913,c5,c5
5743,0.46386976975202115,0.24969396909353062,0.2864362611544482,c5,c1
9561,0.5655080675845509,0.13126640125622344,0.30322553115922574,c5,c1
19083,0.23443938479409868,0.3625636675080844,0.402996947697817,c234,c5
12243,0.3897950648853427,0.3260154701299989,0.28418946498465847,c5,c1
12786,0.3077496527521234,0.31078933367551365,0.38146101357236295,c234,c5
15903,0.4028042803776667,0.23336858774337152,0.3638271318789618,c1,c1
14927,0.23443938479409868,0.3625636675080844,0.402996947697817,c5,c5
14776,0.17844053446512584,0.4404748069221607,0.3810846586127135,c1,c234
14435,0.382380476423785,0.3182106742939648,0.29940884928225014,c234,c1
3367,0.44812017363043954,0.289948326468316,0.2619314999012445,c234,c1
16941,0.22079093274367922,0.27648570083843343,0.5027233664178874,c5,c5
17141,0.4674219561470246,0.3986433843422687,0.13393465951070674,c234,c1
19086,0.7064601973764725,0.23363400670968215,0.0599057959138454,c1,c1
18170,0.0673216668837142,0.5106699720311244,0.42200836108516127,c234,c234
8077,0.31870929111399077,0.21247958605628126,0.4688111228297279,c1,c5
16709,0.5569186004339443,0.3382057121710144,0.10487568739504133,c5,c1
5881,0.4689669635573901,0.24996302174339827,0.28107001469921167,c234,c1
117,0.8966708778169209,0.05715122780412992,0.04617789437894916,c1,c1
2244,0.3047829735388697,0.43099862195080985,0.26421840451032036,c1,c234
14828,0.7182092405528824,0.11667265057520367,0.16511810887191383,c234,c1
10688,0.23578612467022472,0.19539498849086584,0.5688188868389095,c1,c5
18944,0.25631263480757144,0.49392951496734505,0.2497578502250836,c234,c234
12098,0.555586623446706,0.34983845718060647,0.09457491937268755,c234,c1
12148,0.25946163034527275,0.5636715413600815,0.17686682829464576,c1,c234
4275,0.4484226607807735,0.30948181233942235,0.24209552687980412,c5,c1
15170,0.2922970706495331,0.28116772010405694,0.4265352092464101,c234,c5
5759,0.5612658446622125,0.3650663982525688,0.0736677570852187,c234,c1
715,0.17424577815195602,0.3648505677681726,0.4609036540798713,c234,c5
12654,0.07532795531264729,0.3467621787076037,0.5779098659797489,c234,c5
1511,0.3732925593126853,0.4931464299282671,0.13356101075904775,c234,c234
9964,0.28720935131961495,0.19458569173862816,0.518204956941757,c234,c5
8579,0.49191334107488477,0.3882600589513897,0.11982659997372563,c234,c1
7043,0.23433635553839274,0.31495963197800203,0.45070401248360525,c1,c5
6445,0.42317792624138345,0.3535843948818702,0.2232376788767464,c1,c1
19800,0.3777075945307642,0.4363310995535344,0.18596130591570145,c1,c234
6256,0.4527806902404391,0.3933922618858423,0.15382704787371856,c234,c1
4209,0.184749606481281,0.30472446667456593,0.510525926844153,c5,c5
5456,0.6736979033643135,0.16187030834509702,0.16443178829058955,c234,c1
19863,0.20487910721588926,0.4797450086247339,0.3153758841593768,c1,c234
14132,0.099191020530344,0.32083934348365883,0.5799696359859972,c5,c5
10369,0.12896498887644828,0.5882820325258248,0.2827529785977269,c234,c234
4429,0.09779834868611376,0.28563756053462314,0.6165640907792631,c5,c5
9409,0.15044759095553367,0.41436373862669373,0.4351886704177726,c234,c5
13908,0.17693667201073676,0.2508671232171515,0.5721962047721117,c5,c5
13612,0.1887215741431572,0.45641770414877153,0.3548607217080712,c5,c234
9048,0.24134234151012565,0.429644926304224,0.3290127321856502,c1,c234
7334,0.3439708784842482,0.33629784065464313,0.31973128086110864,c5,c1
19305,0.2654465850145539,0.3705556137108766,0.36399780127456954,c234,c234
7410,0.15610495841965452,0.5420648568567804,0.30183018472356515,c1,c234
3216,0.1409646781080991,0.1999259708595572,0.6591093510323437,c1,c5
15675,0.20243471975237576,0.634772526746536,0.16279275350108838,c1,c234
7005,0.25026014330246804,0.47140479431220605,0.27833506238532585,c5,c234
5006,0.3293193333352708,0.35916705312050545,0.3115136135442238,c1,c234
4940,0.34363398432827885,0.2901409140623288,0.3662251016093924,c1,c5
19114,0.48119117312711485,0.25235961639152754,0.2664492104813576,c234,c1
8951,0.09744355269255003,0.3326400397927475,0.5699164075147024,c1,c5
13225,0.008666418178178533,0.04439457933395,0.9469390024878713,c5,c5
4398,0.2019499983239757,0.5455808043150712,0.2524691973609531,c234,c234
6109,0.32156596712010843,0.15367236544148327,0.5247616674384082,c1,c5
10501,0.22569969034907855,0.39361951286283997,0.38068079678808153,c5,c234
5157,0.7122104084142862,0.15998106209580562,0.12780852948990812,c1,c1
948,0.20835915260573076,0.5183879826293499,0.2732528647649192,c234,c234
18694,0.19530432140885282,0.28109127035556947,0.5236044082355777,c234,c5
4035,0.5219039531321774,0.3891116096366981,0.08898443723112454,c5,c1
11886,0.22983424171427286,0.3350781859020797,0.43508757238364754,c234,c5
14384,0.34667863746248734,0.49043488333083457,0.16288647920667804,c234,c234
15349,0.15699965644880082,0.42420932833907854,0.4187910152121207,c5,c234
6881,0.3762893762951165,0.2165608450792246,0.407149778625659,c5,c5
7071,0.5521058579995223,0.2113057477860798,0.23658839421439792,c234,c1
11475,0.662558124985798,0.2593653402228524,0.07807653479134961,c1,c1
18623,0.41512023760570577,0.2522115601612741,0.33266820223301996,c5,c1
10111,0.24366532749778724,0.5580829156488974,0.19825175685331528,c234,c234
17750,0.4401590273639894,0.2661891013774052,0.2936518712586054,c1,c1
19705,0.1834988440424276,0.23917091245368624,0.5773302435038862,c5,c5
6542,0.7109619811911001,0.10480015353944763,0.18423786526945207,c1,c1
19678,0.14100161768776934,0.2912270170918107,0.5677713652204199,c234,c5
11791,0.037185273055443405,0.04340246866498399,0.9194122582795726,c5,c5
1666,0.11632510905693405,0.4480912249129458,0.4355836660301201,c5,c234
17056,0.23011730661921884,0.2375074021954094,0.5323752911853719,c5,c5
10530,0.3974681555825666,0.328064884248032,0.2744669601694015,c234,c1
18553,0.3138938969134861,0.31520279736242185,0.37090330572409197,c1,c5
14246,0.2934321758861491,0.285366132914451,0.4212016911993999,c5,c5
5065,0.4953936926287313,0.1600443077208886,0.3445619996503802,c1,c1
14724,0.12586613697470844,0.1835299843198757,0.6906038787054158,c5,c5
4387,0.3180788110516288,0.23884070276640013,0.44308048618197116,c1,c5
17395,0.5596844924169019,0.31526813312448687,0.12504737445861128,c1,c1
19240,0.4609529899639312,0.38320445336748754,0.15584255666858135,c1,c1
17846,0.29290288299064526,0.41366888966099646,0.2934282273483582,c1,c234
6289,0.23438939395716926,0.18700100775467915,0.5786095982881515,c5,c5
18388,0.26774171111225836,0.41225971831966424,0.3199985705680774,c234,c234
8568,0.09328689667609576,0.17535077328196771,0.7313623300419365,c5,c5
8253,0.49191334107488477,0.3882600589513897,0.11982659997372563,c5,c1
5276,0.13609742016946083,0.2414814915518305,0.6224210882787088,c5,c5
10210,0.20550378351017082,0.28678509088530235,0.5077111256045268,c234,c5
7941,0.35290503515743843,0.4003341072769536,0.24676085756560798,c234,c234
14368,0.14428990073575262,0.4575393993239667,0.39817069994028065,c5,c234
9483,0.2242909405401904,0.394687733340862,0.3810213261189476,c234,c234
15248,0.3190901767227763,0.25923992849792826,0.42166989477929556,c234,c5
7193,0.24621849222129882,0.29558061799239577,0.4582008897863055,c1,c5
2148,0.2892137942428775,0.23654632469808687,0.47423988105903553,c5,c5
11784,0.3028849180024504,0.2749363843231903,0.4221786976743594,c5,c5
10171,0.4934228507015543,0.1945949904814605,0.3119821588169852,c234,c1
12187,0.08749316998270437,0.2413725742519984,0.6711342557652973,c5,c5
12568,0.33402542717811157,0.32085991372331596,0.3451146590985724,c1,c5
12607,0.14879302185812424,0.5174251876320983,0.3337817905097774,c234,c234
12600,0.5630992158233752,0.1817889410180034,0.2551118431586213,c5,c1
13557,0.39256081280716315,0.24005268918346476,0.3673864980093721,c234,c1
3719,0.5645397845995146,0.19341109656230213,0.24204911883818322,c234,c1
8694,0.2659629359867465,0.23481145937733397,0.49922560463591953,c5,c5
17866,0.36478382877045823,0.3310386638222129,0.30417750740732896,c234,c1
9950,0.8926919371803471,0.07330107187370913,0.03400699094594369,c1,c1
4919,0.28969818215668064,0.26604721034486983,0.44425460749844947,c234,c5
676,0.33225614416187466,0.27187474828628316,0.39586910755184224,c1,c5
16940,0.4954962321012437,0.43766078692853744,0.06684298097021892,c234,c1
7509,0.19456315839655233,0.2940347189413738,0.5114021226620739,c234,c5
5546,0.2645649074898209,0.35420305066488683,0.3812320418452922,c5,c5
15137,0.3050239813961145,0.3375897237694105,0.3573862948344751,c5,c5
3747,0.13329229566650241,0.33734538588834656,0.529362318445151,c5,c5
15592,0.42128839710555627,0.4078494357155048,0.17086216717893893,c234,c1
11598,0.44298533722592937,0.4517446455879636,0.10527001718610697,c234,c234
2289,0.1342217103964875,0.23272825234887898,0.6330500372546336,c234,c5
10181,0.38546779005279613,0.38526274746323963,0.2292694624839642,c5,c1
4052,0.21705203497794576,0.45880765434074905,0.32414031068130517,c5,c234
15826,0.30334864288750063,0.4674024385586117,0.2292489185538878,c234,c234
12941,0.1650319881412267,0.1575901364162711,0.6773778754425023,c234,c5
9320,0.2843853386062698,0.4340119294342591,0.28160273195947116,c234,c234
5703,0.2970166261804537,0.2700045038674998,0.4329788699520464,c234,c5
3147,0.5549060717638462,0.20338358351691582,0.24171034471923805,c234,c1
9366,0.2957485749982409,0.3744114869333626,0.3298399380683964,c5,c234
3015,0.5463356980024711,0.33135851251142,0.12230578948610896,c1,c1
14164,0.06708612212850142,0.5634691462264311,0.3694447316450675,c5,c234
17142,0.38950587181290514,0.2744961794376205,0.33599794874947436,c234,c1
5798,0.1618397857914785,0.23014609286850346,0.6080141213400181,c5,c5
13558,0.06802091142869875,0.1647107510493314,0.76726833752197,c5,c5
8594,0.1798402949589629,0.45858820571260606,0.36157149932843097,c234,c234
7573,0.14224812469085865,0.21825833812443926,0.639493537184702,c1,c5
14849,0.22572544919661056,0.250473575998643,0.5238009748047464,c5,c5
615,0.5799839717909904,0.16764436001184316,0.2523716681971665,c1,c1
1780,0.5612658446622125,0.3650663982525688,0.0736677570852187,c1,c1
6437,0.2111852095695049,0.22682314539283077,0.5619916450376644,c5,c5
13253,0.19612463423213844,0.25479978287929217,0.5490755828885693,c5,c5
11544,0.331836112980756,0.3328930454350411,0.33527084158420295,c234,c5
12490,0.6108548353176309,0.29360387252881326,0.09554129215355589,c1,c1
1136,0.2573240074509035,0.5782968945825948,0.16437909796650163,c1,c234
15321,0.24569205567284244,0.30606651328683343,0.44824143104032416,c1,c5
10380,0.29623238721598233,0.21223174047666354,0.4915358723073542,c5,c5
19229,0.14148452214048107,0.3897166102134603,0.4687988676460586,c5,c5
6764,0.09310120122182042,0.27980129980130647,0.6270974989768731,c5,c5
5733,0.31378996660500547,0.30584738677288414,0.38036264662211033,c234,c5
6105,0.26715063301348424,0.20950950988035538,0.5233398571061604,c5,c5
3245,0.03480067560917203,0.5146369837281922,0.4505623406626358,c5,c234
8631,0.26116828344784276,0.5506871334034892,0.1881445831486682,c5,c234
6040,0.15054097009156395,0.213365278371086,0.63609375153735,c5,c5
5567,0.23813282304055336,0.31781357240920255,0.44405360455024406,c1,c5
13318,0.1609580793406615,0.44331687156079314,0.3957250490985454,c1,c234
13887,0.18829917354272585,0.4557888630324193,0.35591196342485487,c5,c234
1297,0.2416094081847657,0.2465946133171943,0.5117959784980399,c234,c5
2732,0.08580745492650596,0.4807351011835464,0.4334574438899477,c234,c234
6451,0.24801097517866214,0.4490887103139222,0.3029003145074158,c234,c234
1415,0.21687405302730875,0.3513474336604022,0.431778513312289,c1,c5
19557,0.3929739225943062,0.18459193686571887,0.42243414053997497,c234,c5
1090,0.5429340496017332,0.3013006854777887,0.15576526492047812,c1,c1
19081,0.38716437328578407,0.4769578781327182,0.13587774858149768,c1,c234
4915,0.46386976975202115,0.24969396909353062,0.2864362611544482,c5,c1
16907,0.2417991198848905,0.3036603938675668,0.45454048624754273,c5,c5
9370,0.1206279309844595,0.37125045584726074,0.5081216131682798,c5,c5
5685,0.6379260799998524,0.25870358670194454,0.10337033329820317,c1,c1
1330,0.25175308782887734,0.3840242746442986,0.36422263752682393,c5,c234
13580,0.35813725456016343,0.5039440702745737,0.1379186751652628,c234,c234
8664,0.10192564219781383,0.16993311749891096,0.7281412403032752,c5,c5
20045,0.4690733348615504,0.31207779770356603,0.21884886743488355,c1,c1
4957,0.02994451140398862,0.13802388204662575,0.8320316065493856,c234,c5
679,0.21731358422641742,0.42933071021152275,0.35335570556205986,c234,c234
16927,0.4460062575089978,0.32660535587621914,0.2273883866147831,c234,c1
8315,0.6987718271854501,0.18519799861928124,0.11603017419526863,c1,c1
1267,0.10539878854894857,0.2179681978223745,0.676633013628677,c5,c5
5584,0.25593717162412555,0.36480572025186736,0.37925710812400715,c1,c5
4621,0.17497920091146976,0.4128473852486414,0.41217341383988876,c1,c234
9467,0.2481603625725827,0.5582535710713534,0.1935860663560638,c234,c234
15718,0.31604989843247033,0.3682200073154657,0.31573009425206394,c1,c234
13550,0.2530379664093405,0.24499910859365373,0.5019629249970058,c5,c5
6145,0.5710874547999846,0.3265211963697218,0.10239134883029354,c1,c1
18739,0.17462506593389568,0.3910615537816781,0.43431338028442623,c5,c5
11057,0.24677198745229995,0.15742769598140494,0.5958003165662951,c5,c5
9601,0.254148157156934,0.5627540048426388,0.1830978380004271,c234,c234
5475,0.2568625617190756,0.5226503768687265,0.22048706141219795,c1,c234
11698,0.21324535794545893,0.4617331100087003,0.32502153204584083,c234,c234
5331,0.4681021721387654,0.3291787907400241,0.20271903712121045,c5,c1
15976,0.2531778066758471,0.43299991702122376,0.3138222763029291,c5,c234
13789,0.512868787941138,0.24545105154423014,0.24168016051463187,c5,c1
3,0.6422887052453154,0.30541195505409235,0.05229933970059227,c234,c1
160,0.11166385830365355,0.48566463985591957,0.4026715018404268,c5,c234
8884,0.3784711732954948,0.46965168156719145,0.15187714513731368,c1,c234
17899,0.15127504813232875,0.5193043475016307,0.32942060436604054,c5,c234
14031,0.5341748104509102,0.22158118273751465,0.24424400681157515,c1,c1
19233,0.27914865787640686,0.36523161156169714,0.355619730561896,c5,c234
2219,0.23412688310823782,0.31124418128937414,0.45462893560238804,c1,c5
16003,0.3077485567427531,0.32211622680964697,0.37013521644759995,c234,c5
9291,0.3845817031726366,0.4955223948814223,0.11989590194594112,c1,c234
19926,0.30020370005783814,0.303634661200671,0.3961616387414908,c5,c5
262,0.6711479153081589,0.15143243980430207,0.17741964488753906,c5,c1
18984,0.1712078545387562,0.2384321607525261,0.5903599847087176,c234,c5
7282,0.26641518516729307,0.40461785314545207,0.32896696168725487,c234,c234
5,0.4208480890844249,0.30612449048429574,0.2730274204312794,c1,c1
17780,0.29688249565093744,0.3665893051433714,0.33652819920569116,c5,c234
1152,0.44420337315119085,0.44461895618140146,0.11117767066740762,c5,c234
2448,0.2873429279021574,0.39579350524539525,0.3168635668524474,c234,c234
15569,0.4634188333088362,0.3664444803403523,0.17013668635081158,c234,c1
13881,0.3461461768250855,0.30465805039181015,0.3491957727831044,c5,c5
10799,0.41792989657054946,0.20830279078966316,0.3737673126397873,c234,c1
4779,0.4723719528540504,0.19480442221805827,0.33282362492789125,c1,c1
19279,0.17646930708405192,0.3016646496781295,0.5218660432378185,c1,c5
19047,0.22213221309357511,0.2393222826797534,0.5385455042266715,c234,c5
10152,0.3083882246899419,0.38387841946622014,0.307733355843838,c5,c234
13494,0.730349055492902,0.20731927620046542,0.06233166830663268,c1,c1
19148,0.26012053831990034,0.46795808688366314,0.2719213747964365,c234,c234
19560,0.3913621998296452,0.35794282557844875,0.25069497459190604,c234,c1
2194,0.3842152470537434,0.23115647923567376,0.38462827371058284,c5,c5
17094,0.4630298425199752,0.3017483216146549,0.23522183586536993,c5,c1
4037,0.586279708976959,0.2703908769158493,0.14332941410719172,c1,c1
8512,0.05042180123189399,0.18825121843494635,0.7613269803331596,c5,c5
11222,0.0786337956631756,0.10331351920123262,0.8180526851355918,c5,c5
9040,0.41469461623089454,0.28385731117921215,0.3014480725898933,c234,c1
13109,0.23291008071669425,0.2983927346657335,0.46869718461757226,c234,c5
6861,0.6670418274226247,0.11896848733140365,0.21398968524597156,c1,c1
5785,0.37649572515594304,0.28984836435313277,0.3336559104909242,c5,c1
4946,0.28699654764833044,0.379294763539788,0.33370868881188165,c1,c234
1362,0.5517280662717795,0.2265442484831283,0.2217276852450922,c1,c1
418,0.24468901805085502,0.3160430083842551,0.43926797356488984,c234,c5
9014,0.17219641684915257,0.15434787592504753,0.6734557072258,c5,c5
903,0.23763808735206893,0.5255536961859468,0.23680821646198438,c5,c234
8707,0.31618889627729496,0.274466389559031,0.40934471416367396,c5,c5
1096,0.16011323058312787,0.30747248083213824,0.5324142885847339,c5,c5
14781,0.47814985689429473,0.35977510842235844,0.1620750346833468,c1,c1
17597,0.29011890520961375,0.26178497328203154,0.4480961215083547,c1,c5
6077,0.1484885697467532,0.594593619771959,0.25691781048128776,c234,c234
5346,0.26460314683364416,0.4140677368768942,0.32132911628946176,c1,c234
1500,0.07172633450490946,0.5677376317492875,0.3605360337458031,c234,c234
10606,0.3314156799639506,0.4118275108113759,0.2567568092246735,c1,c234
12176,0.2879292804422956,0.3696016794772709,0.34246904008043355,c1,c234
17690,0.2957292461985506,0.49171401973585865,0.21255673406559078,c234,c234
9741,0.8296340109032293,0.055899159261004576,0.11446682983576628,c1,c1
11320,0.6010260491618081,0.2736315530223764,0.12534239781581547,c234,c1
3628,0.1853238669495232,0.28913483559722186,0.5255412974532548,c5,c5
5352,0.23328636137092248,0.5077309531158531,0.2589826855132243,c1,c234
410,0.2253213026254334,0.09670947992345727,0.6779692174511093,c234,c5
9688,0.5274618437234831,0.2754244852633887,0.19711367101312827,c1,c1
6163,0.25308998562937807,0.4440275431833867,0.30288247118723516,c1,c234
15707,0.2798185072051636,0.24786123471305346,0.472320258081783,c234,c5
14633,0.3607607552483325,0.4496999232402293,0.18953932151143824,c1,c234
12976,0.10430186912280795,0.2881720200384502,0.6075261108387419,c5,c5
1119,0.4976884739891462,0.25893924378760824,0.2433722822232456,c1,c1
3727,0.13057419646665513,0.26086212340179543,0.6085636801315495,c234,c5
16495,0.30112776570828903,0.3304407062126262,0.3684315280790847,c234,c5
6036,0.33071053657644023,0.29123392653503144,0.37805553688852833,c1,c5
5376,0.4297459396117865,0.2506153376688947,0.31963872271931876,c5,c1
11220,0.11765682984020982,0.20443821613019528,0.6779049540295948,c234,c5
8784,0.11047351779155472,0.23505555240495543,0.6544709298034899,c5,c5
13202,0.18519167291638652,0.6857092661478771,0.12909906093573656,c234,c234
18342,0.28432021065633983,0.2620865758410671,0.453593213502593,c1,c5
18339,0.21854521412844155,0.42137877092231213,0.3600760149492463,c234,c234
16174,0.23640284310184712,0.3740363280576737,0.3895608288404792,c5,c5
4508,0.37130261465446973,0.3416181123091354,0.28707927303639486,c1,c1
11227,0.1343306247722962,0.7017117109674262,0.1639576642602776,c1,c234
8446,0.24112323994617302,0.2904886052185944,0.46838815483523255,c1,c5
8290,0.17579538420997926,0.4050334589164629,0.41917115687355777,c5,c5
323,0.25973193307145476,0.3443572581719926,0.39591080875655277,c234,c5
8528,0.8663712852622165,0.08431695101724992,0.049311763720533544,c234,c1
9234,0.22359781471447845,0.4360340036812747,0.3403681816042469,c234,c234
4514,0.34091146018022034,0.29469502345006116,0.3643935163697185,c234,c5
19756,0.07851661078341655,0.16303215742861732,0.7584512317879661,c234,c5
17938,0.08878720710106691,0.19988227875302972,0.7113305141459033,c5,c5
1487,0.16342967749475656,0.6788444713517339,0.15772585115350957,c5,c234
7431,0.1733631810970402,0.4268063115962674,0.39983050730669234,c234,c234
12629,0.4992411731597077,0.2950356732016712,0.20572315363862131,c1,c1
9948,0.17596362608444047,0.15049733370555848,0.673539040210001,c234,c5
13838,0.3811660488747742,0.39499791732242767,0.22383603380279823,c5,c234
17822,0.1314454607323767,0.41220943734077575,0.45634510192684763,c234,c5
6311,0.2771603338528177,0.4226136448815056,0.30022602126567677,c1,c234
19202,0.17169413226071464,0.15750719361415158,0.6707986741251338,c5,c5
7882,0.16938078391610253,0.4516725200179455,0.37894669606595205,c234,c234
6970,0.2422618801640292,0.3337437037984856,0.4239944160374851,c234,c5
16325,0.12527793154474703,0.567558558651725,0.307163509803528,c234,c234
2675,0.16315141329207086,0.16531543326278994,0.6715331534451392,c234,c5
7319,0.238478920844173,0.192448622885527,0.5690724562703,c5,c5
4205,0.28235552304340966,0.2779702165136605,0.4396742604429299,c5,c5
362,0.2628771892216921,0.25722970992165833,0.47989310085664955,c1,c5
12922,0.22131713525799962,0.42628424485701205,0.35239861988498833,c1,c234
19420,0.10207505816536296,0.394991920606979,0.502933021227658,c5,c5
7942,0.03171971306642074,0.22886405804965085,0.7394162288839283,c5,c5
11214,0.8684424127379328,0.09591962972386538,0.035637957538201884,c234,c1
7834,0.2563466611531677,0.46031675704614794,0.28333658180068433,c234,c234
3406,0.1777858964217085,0.14869904840530676,0.6735150551729847,c5,c5
18042,0.5740735392139186,0.31836166847145797,0.10756479231462351,c1,c1
9623,0.30641843140712416,0.15796190556639994,0.5356196630264758,c234,c5
241,0.23617294109927858,0.5097195375244165,0.254107521376305,c1,c234
18204,0.40967595449622907,0.37896948961100096,0.21135455589276989,c234,c1
19405,0.35457154094005044,0.3093410757831084,0.3360873832768412,c5,c1
18997,0.1827608366332433,0.20345242393680615,0.6137867394299505,c234,c5
15292,0.4928175630465683,0.1272276218066711,0.37995481514676066,c234,c1
5249,0.4566887893742362,0.21258104420996532,0.3307301664157984,c5,c1
6899,0.3911798278077436,0.2941087800559897,0.31471139213626664,c1,c1
8391,0.2581170954914736,0.3768740113649934,0.3650088931435331,c1,c234
9297,0.38628141270438093,0.2940167795206912,0.3197018077749278,c1,c1
4584,0.20549062510290064,0.16240439337982937,0.63210498151727,c5,c5
15045,0.09163113688683282,0.5702016039779648,0.33816725913520235,c5,c234
15290,0.3575083754460441,0.11475078499428537,0.5277408395596705,c1,c5
11864,0.35131170092079445,0.45991384171393923,0.1887744573652663,c234,c234
4598,0.7413833187964531,0.1798051848874382,0.07881149631610868,c1,c1
7730,0.30007255813312694,0.46310754877599075,0.23681989309088233,c1,c234
8944,0.3901392425458607,0.47559434029381215,0.13426641716032706,c234,c234
12646,0.31906537494724585,0.5877063355752294,0.09322828947752473,c1,c234
2809,0.3406389899606967,0.27779114115545195,0.38156986888385147,c1,c5
6949,0.36752299682398837,0.31318218095598876,0.3192948222200228,c234,c1
8179,0.265849028807352,0.327727408901881,0.406423562290767,c234,c5
8028,0.7709234303966089,0.11312145203000273,0.11595511757338842,c1,c1
2793,0.2273217936675835,0.5775836845923402,0.19509452174007622,c5,c234
7276,0.34135356196592515,0.2078499395758952,0.45079649845817965,c1,c5
7155,0.20589076646613536,0.2660383499106781,0.5280708836231865,c234,c5
18249,0.4307517350495181,0.46630030258151106,0.10294796236897089,c234,c234
3010,0.22386109561082668,0.21467459599320704,0.5614643083959663,c5,c5
4240,0.2024180109871243,0.23949580992657032,0.5580861790863053,c5,c5
7898,0.2803620948996357,0.46085719834020433,0.2587807067601599,c1,c234
14560,0.24758181254270945,0.3462233877344879,0.4061947997228027,c1,c5
1529,0.38847537536346743,0.2368937453196385,0.37463087931689404,c5,c1
10383,0.49074246131123717,0.3010826574515413,0.20817488123722158,c1,c1
5891,0.5661507373896587,0.2541923733844768,0.17965688922586454,c1,c1
16965,0.12524510971410271,0.4086989212911407,0.46605596899475654,c1,c5
17718,0.32342857404223824,0.5383756078846496,0.13819581807311224,c1,c234
12824,0.28855200902751327,0.43968157177765477,0.27176641919483197,c1,c234
5705,0.4024459964196065,0.3683172605567046,0.22923674302368902,c234,c1
5357,0.5500479144322039,0.22825350491421983,0.22169858065357634,c234,c1
16901,0.21376929741686945,0.5040795506032995,0.2821511519798311,c1,c234
4384,0.6725248660553202,0.18806598745769426,0.13940914648698538,c1,c1
5139,0.07598428407268942,0.6009622403049829,0.32305347562232767,c234,c234
2383,0.3397526322278611,0.33527984787120285,0.3249675199009361,c1,c1
4066,0.8966708778169209,0.05715122780412992,0.04617789437894916,c1,c1
852,0.27942200097313047,0.26664594766686917,0.4539320513600004,c1,c5
1726,0.04886828929666824,0.4674907427547024,0.4836409679486294,c234,c5
4939,0.1089650884807343,0.4346678961983694,0.4563670153208964,c5,c5
7279,0.11013435593997986,0.665385001027925,0.2244806430320951,c5,c234
13361,0.6566967111718963,0.24466421015447373,0.09863907867362996,c234,c1
13771,0.4742674080908353,0.4567603318964513,0.0689722600127134,c234,c1
3602,0.4383893336887843,0.3273288439448265,0.23428182236638917,c234,c1
16874,0.22423049822121066,0.2941042504045662,0.4816652513742231,c234,c5
11245,0.17402993194783076,0.3231028286578326,0.5028672393943368,c5,c5
15779,0.6078889610102038,0.20905579478583838,0.18305524420395777,c234,c1
7293,0.11633858192379001,0.15885678589007943,0.7248046321861306,c5,c5
12594,0.29980789862524104,0.36874193611445516,0.3314501652603037,c234,c234
15741,0.32098379856960924,0.5818503368593754,0.09716586457101536,c5,c234
4298,0.08824490793546438,0.5078434992810911,0.40391159278344446,c5,c234
19011,0.28755394995269373,0.5857014150549109,0.1267446349923954,c234,c234
16743,0.47604186880348953,0.361173592221,0.16278453897551048,c5,c1
15978,0.34242130979076546,0.35617245006857645,0.301406240140658,c234,c234
18815,0.3953104216193532,0.3630694629475533,0.24162011543309347,c234,c1
10228,0.2918828314792276,0.39710183120163695,0.31101533731913555,c5,c234
17761,0.46737399375745986,0.43695688016583717,0.09566912607670297,c234,c1
844,0.09023302688384315,0.3004410220436299,0.6093259510725271,c5,c5
14105,0.464361790831512,0.2036877371227724,0.33195047204571554,c1,c1
900,0.3578695319930848,0.32760861014504306,0.31452185786187215,c5,c1
19395,0.17172176345890808,0.4353560430241718,0.3929221935169201,c1,c234
8713,0.29358486660673233,0.4607072577954254,0.24570787559784235,c1,c234
4865,0.5500097025627123,0.2677726727974521,0.18221762463983565,c1,c1
1734,0.5764549465071294,0.30300369961751483,0.12054135387535583,c1,c1
7221,0.3799500973322943,0.3102463393996953,0.3098035632680104,c234,c1
8150,0.317860444189097,0.5503016052396333,0.13183795057126962,c234,c234
5072,0.2338922896839144,0.36840764305250084,0.3977000672635848,c234,c5
15690,0.6608234571166605,0.21281800254207683,0.1263585403412627,c1,c1
13217,0.3425744577977557,0.5995493378212519,0.057876204380992585,c234,c234
11180,0.4008210331191943,0.2435412692202363,0.3556376976605694,c234,c1
3901,0.17014159552447125,0.23460508023983795,0.5952533242356908,c5,c5
453,0.12982991071392433,0.22333651991561201,0.6468335693704637,c234,c5
1602,0.27061897058870105,0.5379752934463389,0.19140573596496,c234,c234
18639,0.33940809633791436,0.5067318265723869,0.15386007708969862,c5,c234
18107,0.3229303696118636,0.4826219303949856,0.19444769999315084,c1,c234
10925,0.49191334107488477,0.3882600589513897,0.11982659997372563,c234,c1
15990,0.5218841737996281,0.29647399677585873,0.1816418294245131,c234,c1
606,0.325310914532487,0.4568301013834266,0.2178589840840865,c1,c234
11624,0.2669337875489144,0.41529765972284943,0.3177685527282361,c234,c234
13905,0.47880986876460574,0.2318998747024086,0.28929025653298557,c234,c1
6058,0.3369400751303955,0.42232306564425653,0.240736859225348,c234,c234
14576,0.20577452725988357,0.48453806594079846,0.309687406799318,c1,c234
9722,0.3156342796131262,0.3507378782635717,0.3336278421233021,c5,c234
15946,0.2500508932448691,0.25514708381348494,0.4948020229416459,c234,c5
19685,0.2989764847714034,0.4594541361730622,0.2415693790555344,c5,c234
16579,0.4491571536992173,0.38599715054830785,0.16484569575247476,c1,c1
8137,0.1793640917734364,0.3541108085155308,0.4665250997110328,c234,c5
14227,0.2627426626311939,0.5380119476657199,0.19924538970308625,c5,c234
15089,0.06739088025225222,0.037888811517366096,0.8947203082303816,c5,c5
13466,0.13222719431651692,0.28338179061355856,0.5843910150699246,c5,c5
17945,0.3806305864573428,0.27238090091529893,0.3469885126273583,c5,c1
391,0.2934964532019841,0.41914729802676737,0.2873562487712487,c5,c234
3830,0.018598041415726737,0.04130457415005984,0.9400973844342133,c234,c5
14375,0.33165498804002375,0.2236655477870963,0.44467946417287996,c234,c5
6744,0.2036923658084988,0.3302830449146237,0.46602458927687757,c234,c5
3289,0.3615034487295639,0.3627940094575247,0.27570254181291143,c5,c234
16451,0.0974025123157968,0.2605892380737862,0.6420082496104169,c1,c5
8326,0.3335264314285061,0.27224978165421515,0.39422378691727866,c1,c5
2791,0.5197672839471692,0.2532937958427046,0.2269389202101261,c234,c1
12748,0.3464489439473923,0.37936002335634816,0.2741910326962595,c1,c234
12704,0.4164056436607427,0.2672433603061827,0.3163509960330746,c1,c1
18275,0.4792445712900909,0.45094515379092537,0.06981027491898367,c234,c1
19829,0.4471988303562352,0.2913380035301349,0.26146316611362985,c1,c1
1246,0.27150886374717065,0.3456907007919038,0.38280043546092557,c5,c5
2750,0.4284059983842481,0.29053043282295943,0.28106356879279254,c1,c1
17791,0.167509756738013,0.5734716772131903,0.2590185660487967,c234,c234
18748,0.619809848806226,0.22135423423418915,0.15883591695958468,c234,c1
7037,0.31612138002737006,0.3094863673212195,0.37439225265141046,c5,c5
1010,0.20982024149106468,0.23851527808388695,0.5516644804250485,c5,c5
4455,0.030989218409500387,0.23629986363114153,0.7327109179593579,c234,c5
269,0.5392566309479191,0.22273526909512228,0.2380080999569587,c1,c1
15822,0.21715073597165277,0.3417502788741212,0.44109898515422596,c5,c5
4114,0.1082177045142967,0.5773103260764898,0.31447196940921357,c234,c234
12970,0.3251861201474413,0.5099824727718022,0.16483140708075641,c5,c234
7585,0.3895653895281671,0.41722024716530637,0.19321436330652653,c5,c234
17060,0.4262150435265158,0.4005422106782172,0.17324274579526713,c1,c1
9750,0.20826495376404253,0.42392656823932323,0.36780847799663435,c1,c234
5236,0.5915296290916451,0.2266551814606479,0.18181518944770708,c1,c1
6120,0.10164055104066648,0.41073492924321503,0.4876245197161186,c234,c5
2313,0.3978810401484668,0.3627507183176171,0.23936824153391606,c5,c1
3054,0.21858808222780482,0.22285733476598862,0.5585545830062065,c234,c5
13972,0.3593287636817135,0.27142109960192573,0.36925013671636064,c5,c5
9905,0.11121556997314698,0.6371229421473208,0.25166148787953224,c234,c234
15331,0.27037591619465107,0.2766783960794243,0.4529456877259247,c1,c5
11658,0.6280445464744322,0.25501648585193964,0.11693896767362803,c1,c1
4224,0.6574051187101936,0.2336235148945119,0.10897136639529456,c1,c1
15752,0.37928203606355193,0.39813008894352186,0.22258787499292626,c1,c234
10562,0.29593201274795633,0.3941120883900632,0.30995589886198066,c234,c234
10083,0.33710698082959756,0.37753514151705403,0.28535787765334836,c234,c234
9850,0.15740140682593243,0.16343104224273636,0.6791675509313311,c5,c5
18975,0.08094636841351364,0.20721946207047162,0.7118341695160147,c5,c5
17973,0.3413891496574013,0.4774230386221948,0.18118781172040385,c234,c234
10458,0.5215401791279125,0.3375940453633489,0.14086577550873863,c234,c1
16484,0.3391855080737348,0.39243823584952797,0.2683762560767373,c1,c234
16002,0.6222042412886174,0.3232012265240704,0.054594532187312195,c5,c1
19234,0.26261521687294576,0.2132580106823707,0.5241267724446835,c234,c5
8508,0.5549060717638462,0.20338358351691582,0.24171034471923805,c5,c1
14948,0.3687201175703175,0.2116991068917993,0.4195807755378832,c1,c5
11899,0.21526938267312876,0.33373483705243173,0.4509957802744394,c1,c5
10321,0.24406514353793665,0.48744806817345737,0.268486788288606,c234,c234
2316,0.257263231005356,0.3480782748945968,0.39465849410004716,c5,c5
6104,0.23059261186359814,0.6435510004738749,0.12585638766252696,c5,c234
4087,0.501440809134689,0.33318639424677343,0.16537279661853743,c1,c1
12571,0.6207323126112807,0.23383833788075692,0.14542934950796235,c234,c1
15625,0.11448139824241586,0.24125089970736002,0.6442677020502241,c5,c5
1596,0.11940797254826824,0.7861140889155187,0.09447793853621313,c234,c234
8630,0.24790208553819368,0.20490431112209284,0.5471936033397135,c5,c5
19088,0.23302176030135616,0.4081819551505321,0.35879628454811185,c5,c234
16211,0.20487910721588926,0.4797450086247339,0.3153758841593768,c5,c234
9440,0.03691969963873969,0.0407063030581969,0.9223739973030635,c5,c5
8734,0.20633339536660614,0.12763769324327087,0.6660289113901231,c5,c5
12884,0.16364517894481342,0.3146696955636733,0.5216851254915134,c5,c5
3596,0.1611543467535711,0.5568277733884353,0.2820178798579936,c1,c234
18698,0.2259683219098334,0.14841543769829676,0.6256162403918699,c5,c5
1186,0.07604262400194149,0.163152285386006,0.7608050906120525,c5,c5
13062,0.17287341501159562,0.29626615219164304,0.5308604327967614,c5,c5
10127,0.3206896925171188,0.2965914891180406,0.3827188183648405,c1,c5
12041,0.575336417384498,0.14869981706821714,0.27596376554728486,c1,c1
8392,0.21622472787530927,0.5992476020327291,0.18452767009196167,c5,c234
1004,0.4637562217585216,0.2971323882850195,0.2391113899564589,c1,c1
11968,0.16221312879779423,0.34925825574844166,0.48852861545376397,c5,c5
5944,0.4163160152830611,0.3766571052296436,0.2070268794872952,c234,c1
5158,0.2115751301619775,0.3120436649451152,0.4763812048929072,c5,c5
4465,0.35518463452231763,0.32754279670420444,0.31727256877347787,c5,c1
3279,0.14299934766432312,0.30406697050808107,0.5529336818275957,c234,c5
4879,0.422276445658685,0.2547096889093083,0.3230138654320068,c234,c1
840,0.36253205740591393,0.3686858465078773,0.2687820960862088,c5,c234
1436,0.21055879378628617,0.1288665075396424,0.6605746986740715,c234,c5
11425,0.17803783731551276,0.25515956782371463,0.5668025948607727,c5,c5
4177,0.28735712767502203,0.29790738737849165,0.4147354849464864,c5,c5
14838,0.22475737949908672,0.26656053129829793,0.5086820892026154,c1,c5
13019,0.35206470820749736,0.3407478036759598,0.30718748811654284,c5,c1
6361,0.22218488175500026,0.294226337309892,0.48358878093510765,c234,c5
14273,0.2847357531465669,0.5805912016532332,0.13467304520019993,c234,c234
4677,0.4024781480580171,0.2611813052520165,0.33634054668996644,c1,c1
10546,0.05113218369059206,0.12192012908402271,0.8269476872253853,c5,c5
10509,0.4614201076217778,0.26687755494276394,0.2717023374354583,c234,c1
14019,0.45709077523337016,0.2994507456469463,0.2434584791196835,c1,c1
13651,0.28905038883399276,0.25848940943524684,0.45246020173076046,c5,c5
14791,0.09306942370239804,0.27092274018649604,0.636007836111106,c5,c5
14458,0.26139342891200174,0.23493934974306643,0.5036672213449318,c234,c5
11390,0.3189410697887988,0.37002737399558744,0.3110315562156138,c1,c234
11959,0.13948379273969894,0.09950395792092029,0.7610122493393808,c5,c5
4443,0.23501004366726053,0.28582191625700093,0.47916804007573854,c5,c5
11339,0.6963507102654743,0.24341223080653016,0.060237058927995496,c234,c1
14503,0.5404610061163407,0.426755141769895,0.032783852113764375,c1,c1
9794,0.28329263946227623,0.21380273187623502,0.5029046286614888,c234,c5
15832,0.05685703901490414,0.13943045973450494,0.803712501250591,c5,c5
561,0.2820783420915958,0.42401257380324303,0.2939090841051612,c234,c234
19251,0.16253271659258284,0.5525470018164064,0.2849202815910108,c234,c234
13585,0.3771992312877295,0.41688564549047363,0.2059151232217969,c234,c234
11721,0.14124360161650587,0.14412234633631446,0.7146340520471797,c5,c5
12883,0.2474294305538857,0.488732147265675,0.26383842218043924,c234,c234
15118,0.19215311032695293,0.3560016781091247,0.4518452115639223,c234,c5
16184,0.13780976899770883,0.15458332447462003,0.7076069065276712,c5,c5
12080,0.058114872880255526,0.031554373732595155,0.9103307533871492,c5,c5
5613,0.38947809957360857,0.3861627905402553,0.22435910988613608,c1,c1
16898,0.21771679941948732,0.4442094650645728,0.33807373551593983,c5,c234
15493,0.16995051746957252,0.34796185098039184,0.4820876315500357,c1,c5
13085,0.22567827583227104,0.34942686897503905,0.4248948551926899,c5,c5
3167,0.27619701983700806,0.1505898456903112,0.5732131344726809,c234,c5
19093,0.15747789241934448,0.472404048656177,0.37011805892447847,c234,c234
11653,0.21797263176074072,0.5875137690874149,0.19451359915184438,c5,c234
16625,0.12540882998483818,0.6279319866463603,0.24665918336880158,c1,c234
15993,0.2591634891109291,0.28207814923714447,0.45875836165192646,c5,c5
4379,0.12527899153016714,0.5922784784367615,0.2824425300330714,c234,c234
1760,0.3244015543724579,0.17892113996769626,0.4966773056598459,c234,c5
5986,0.4787397273384657,0.212967661299462,0.30829261136207237,c5,c1
17385,0.393211954686079,0.19717532286771774,0.4096127224462031,c5,c5
13457,0.22785952407521204,0.5635835043874273,0.2085569715373605,c5,c234
13295,0.4808217722841318,0.3993495571864043,0.11982867052946398,c5,c1
13274,0.08415108708466844,0.30939869223812466,0.6064502206772069,c234,c5
16928,0.3562749728497114,0.40291732102765865,0.24080770612263,c1,c234
3383,0.18829523156454364,0.2692048807835553,0.542499887651901,c234,c5
7818,0.2690522248804595,0.1845100660437142,0.5464377090758263,c1,c5
1300,0.21589316686168744,0.431226577097907,0.3528802560404055,c234,c234
1865,0.46725181096200075,0.3556670615239381,0.1770811275140612,c1,c1
17931,0.24668924757314237,0.5159246152842013,0.23738613714265633,c5,c234
11782,0.10865877844954043,0.4538079815908123,0.4375332399596474,c5,c234
19370,0.2886993262942297,0.4061841690292028,0.3051165046765675,c1,c234
2720,0.38489049144032983,0.3194233818065031,0.29568612675316713,c5,c1
12383,0.6090054140538026,0.2820969858402182,0.10889760010597922,c1,c1
4234,0.1305583128729529,0.1589897055304489,0.7104519815965982,c5,c5
17415,0.15629620839220423,0.2905740467704316,0.5531297448373642,c234,c5
8437,0.3015412852466438,0.3315532286306813,0.3669054861226748,c234,c5
9755,0.4576166350365138,0.34075153822874205,0.2016318267347442,c5,c1
6217,0.32388269303428285,0.4522443179225404,0.22387298904317685,c234,c234
5316,0.28461206668361383,0.24986310433651268,0.46552482897987346,c5,c5
12628,0.30149796844166715,0.4005528554625439,0.29794917609578897,c5,c234
19048,0.24817739094522034,0.5650167976660248,0.18680581138875488,c234,c234
13372,0.24244368687747178,0.7086471365789863,0.048909176543541884,c234,c234
10013,0.16597589083877246,0.6583989386783592,0.17562517048286833,c5,c234
6013,0.28069740737821014,0.4511591347711094,0.2681434578506805,c5,c234
161,0.396754099782891,0.2784052383069578,0.32484066191015126,c234,c1
11162,0.3157319146919304,0.5031988212547397,0.18106926405332982,c234,c234
16493,0.6644772042309891,0.19636238795007413,0.13916040781893663,c234,c1
7537,0.06825241538488308,0.40162968397426746,0.5301179006408495,c5,c5
1943,0.38489049144032983,0.3194233818065031,0.29568612675316713,c1,c1
16328,0.26797003701426186,0.5975865140170501,0.134443448968688,c234,c234
10545,0.09809973430704948,0.36249596314597254,0.539404302546978,c234,c5
10112,0.19287500788997733,0.3788413548717735,0.42828363723824914,c5,c5
4981,0.11157524122282471,0.06805331410323318,0.8203714446739421,c234,c5
4476,0.1220634087373189,0.28927365992471976,0.5886629313379613,c234,c5
11011,0.27330353920082223,0.4081507565286941,0.3185457042704838,c1,c234
8125,0.15200899701806317,0.48034855170439356,0.36764245127754336,c5,c234
14622,0.06344923950557413,0.29602573739320953,0.6405250231012163,c234,c5
176,0.3511340331180198,0.2602943177861192,0.388571649095861,c5,c5
10868,0.2415719712731553,0.23670174493535082,0.5217262837914939,c5,c5
12067,0.053230655984419575,0.4051671510244232,0.5416021929911573,c5,c5
5945,0.27578234371239607,0.36509811888159327,0.35911953740601066,c234,c234
13744,0.2510674512443208,0.2111795612032383,0.5377529875524409,c234,c5
3519,0.2867750877455281,0.36827737979194924,0.3449475324625227,c234,c234
19107,0.2588640347432721,0.3879117602506703,0.35322420500605767,c234,c234
4860,0.5292769999141873,0.34500069239683406,0.12572230768897874,c1,c1
18322,0.31187632763437045,0.463400354424143,0.22472331794148645,c234,c234
10643,0.08901774451647305,0.7404401052163013,0.1705421502672256,c234,c234
17264,0.11235249456866914,0.4268967716555145,0.4607507337758165,c5,c5
12412,0.3446545088965279,0.4077931945612887,0.24755229654218344,c1,c234
19722,0.4523598849889442,0.4192492785856703,0.12839083642538557,c1,c1
19214,0.5484764743127148,0.3133988096595747,0.13812471602771037,c1,c1
12434,0.32955094029005916,0.32285460242360714,0.3475944572863337,c234,c5
11951,0.19019402729028462,0.45567236981812936,0.35413360289158596,c5,c234
8169,0.2713862260918507,0.3438346546180245,0.38477911929012476,c1,c5
10912,0.05646228621428019,0.08377819531390872,0.859759518471811,c5,c5
18507,0.18204480312083582,0.449283946983734,0.3686712498954302,c5,c234
2687,0.41312864669730237,0.39141665100146683,0.1954547023012309,c1,c1
7348,0.060444392442175233,0.3570019669244831,0.5825536406333417,c5,c5
7612,0.22694733819231475,0.34156600461813225,0.431486657189553,c1,c5
19113,0.29494512264333683,0.2765751160505222,0.42847976130614096,c5,c5
16805,0.3320405208540476,0.5749001789801728,0.09305930016577964,c234,c234
19700,0.549923833200891,0.324907418667464,0.12516874813164505,c1,c1
13474,0.4401955476049271,0.41075902337907966,0.1490454290159933,c1,c1
10116,0.14781042857544688,0.5361256147485066,0.31606395667604653,c5,c234
19015,0.35771276178787553,0.40298332225160066,0.2393039159605237,c234,c234
5857,0.12839064645267179,0.1813262922018105,0.6902830613455178,c5,c5
11618,0.49202747777347344,0.37934932280342076,0.12862319942310585,c234,c1
8419,0.2833233376403984,0.33969951251009567,0.376977149849506,c1,c5
13633,0.1888325062234673,0.22066842705925163,0.590499066717281,c1,c5
5666,0.23045656785228877,0.3692614661674282,0.40028196598028304,c5,c5
13374,0.5193916524868176,0.2354236247808839,0.2451847227322984,c5,c1
4717,0.3569160406178053,0.3266920316744092,0.3163919277077854,c5,c1
9753,0.12409141606582336,0.3759322966335863,0.49997628730059046,c5,c5
9684,0.05288395859740374,0.07595285046071656,0.8711631909418797,c5,c5
11868,0.13959243042349595,0.34256819296274915,0.5178393766137549,c5,c5
2932,0.3886026763492182,0.2902496656899352,0.3211476579608466,c1,c1
4601,0.14706255576026206,0.30890253836246795,0.54403490587727,c1,c5
1681,0.6273449413750587,0.19514757768555588,0.17750748093938537,c234,c1
165,0.15146500666228338,0.32096264441565453,0.5275723489220621,c234,c5
5782,0.398054834942951,0.4907394438195148,0.11120572123753422,c234,c234
9243,0.6019859046871717,0.2341384183083568,0.16387567700447148,c5,c1
18237,0.42233658402514745,0.3820725478611996,0.19559086811365298,c1,c1
10141,0.14176089684622656,0.4825030358915955,0.37573606726217784,c5,c234
1467,0.290439852365899,0.22773279008503708,0.4818273575490639,c5,c5
17915,0.18934741572364422,0.31784330510442543,0.4928092791719304,c5,c5
13827,0.12272565760062593,0.729392405893329,0.14788193650604517,c1,c234
10137,0.24725126041704917,0.47055099469609374,0.28219774488685695,c234,c234
3745,0.12673375931555564,0.5524651539464791,0.32080108673796526,c1,c234
17832,0.4204833131153021,0.3935349484617276,0.18598173842297033,c1,c1
17308,0.8787028816626213,0.07065285750344932,0.05064426083392915,c1,c1
1775,0.4010595675365956,0.17175509250257195,0.42718533996083247,c234,c5
12729,0.09372599369597347,0.34211915417201666,0.5641548521320098,c5,c5
8401,0.3310434126928541,0.31614426154474057,0.3528123257624053,c234,c5
3532,0.22473888276350157,0.4306882833269144,0.34457283390958393,c234,c234
7857,0.10178230488122982,0.16159556264854955,0.7366221324702206,c5,c5
10196,0.3592403918628316,0.40520230894372067,0.2355572991934477,c1,c234
3869,0.49939544202824016,0.3611623021549241,0.1394422558168357,c1,c1
16106,0.5915515608348199,0.24905763786890278,0.15939080129627745,c1,c1
5827,0.20749834114983465,0.15724025747872883,0.6352614013714366,c5,c5
9649,0.14841955105039434,0.5094255419549357,0.3421549069946699,c5,c234
8496,0.5466987362412574,0.29705857786161044,0.1562426858971322,c234,c1
18939,0.20841362494808108,0.3716912516266864,0.41989512342523244,c5,c5
2477,0.12661520189366945,0.46275274653593285,0.41063205157039767,c234,c234
13555,0.3124662340791074,0.43824784239788356,0.249285923523009,c5,c234
10078,0.2331412510667279,0.13267599524149057,0.6341827536917816,c234,c5
19117,0.42644234368447886,0.536508714359548,0.03704894195597313,c234,c234
8182,0.6503275358289435,0.11724484248438295,0.2324276216866735,c1,c1
2727,0.1816952615588144,0.3592092824754072,0.4590954559657783,c5,c5
19653,0.26428183115851145,0.4544853115001955,0.2812328573412929,c5,c234
8327,0.1283506097676264,0.5260597420758496,0.34558964815652404,c1,c234
6961,0.42515053977488027,0.3157297855221266,0.25911967470299313,c1,c1
4186,0.15689927058129277,0.26380372091216453,0.5792970085065428,c234,c5
10004,0.31554693062817846,0.43796287805156625,0.2464901913202554,c1,c234
14109,0.3252970439868681,0.3658534730860835,0.30884948292704834,c1,c234
13187,0.2165177698032521,0.6423520562503353,0.1411301739464126,c234,c234
46,0.23267960213637415,0.5006603884098403,0.26666000945378565,c1,c234
2978,0.16239161789388631,0.5494096625237476,0.2881987195823661,c234,c234
8621,0.30710314884497975,0.21499732556397202,0.4778995255910482,c5,c5
19186,0.5915996449583769,0.3125051692468564,0.09589518579476666,c5,c1
4479,0.16743197916163116,0.32987671550701275,0.5026913053313561,c1,c5
14338,0.264455476715818,0.6708123859450679,0.0647321373391141,c234,c234
18817,0.38489049144032983,0.3194233818065031,0.29568612675316713,c1,c1
9866,0.1471330238460463,0.3730272520269245,0.47983972412702924,c5,c5
1786,0.46988612120589346,0.26391131053068256,0.2662025682634239,c1,c1
4104,0.3395534890738784,0.15645197781904469,0.503994533107077,c234,c5
12086,0.08071168264065959,0.24688963720042995,0.6723986801589104,c5,c5
914,0.27371764352253064,0.3144104410319464,0.411871915445523,c5,c5
12096,0.1349200263721587,0.29985474601477696,0.5652252276130645,c5,c5
8146,0.0498768667448027,0.2434415109411339,0.7066816223140633,c5,c5
18604,0.16535501070052844,0.5188697458674494,0.3157752434320222,c5,c234
4670,0.22997616759667747,0.3582365343329496,0.41178729807037284,c234,c5
721,0.31922290997511693,0.4512702503036926,0.22950683972119054,c5,c234
14894,0.5295824139043196,0.24366508438712176,0.22675250170855857,c234,c1
537,0.6474530760194552,0.10905837244308937,0.24348855153745538,c5,c1
3927,0.14501591945389344,0.5890205796981777,0.2659635008479289,c234,c234
4232,0.3260805094839313,0.31940373660586574,0.35451575391020307,c5,c5
17548,0.3556253703799182,0.2872086537814261,0.3571659758386558,c5,c5
6018,0.23796246580254715,0.3406930156146706,0.4213445185827822,c5,c5
9088,0.27989151484444563,0.5035966210945063,0.21651186406104805,c234,c234
1206,0.3103988886238407,0.38769638703888715,0.30190472433727206,c234,c234
16510,0.2423928596702734,0.5108757303852453,0.24673140994448145,c234,c234
11491,0.1856372774442238,0.5029533051336121,0.311409417422164,c234,c234
5591,0.05429983340668648,0.42473370154522055,0.520966465048093,c5,c5
12460,0.2973158899504033,0.31608938340546994,0.3865947266441268,c1,c5
1239,0.4566329965377886,0.16314836544350458,0.38021863801870676,c5,c1
18801,0.23314698451509866,0.31001832248268263,0.4568346930022187,c1,c5
4617,0.23802113866118568,0.4609251532663651,0.3010537080724493,c5,c234
51,0.47491471740075797,0.28201718687928184,0.2430680957199603,c234,c1
18511,0.5856748366537288,0.31475936573691593,0.09956579760935537,c234,c1
15443,0.5124339396121383,0.32869028537878914,0.15887577500907252,c1,c1
4757,0.11810842858081162,0.5142424852754598,0.36764908614372865,c1,c234
19218,0.5066390484950084,0.18663247334420294,0.3067284781607886,c1,c1
8329,0.13212741565315622,0.4098731141674114,0.4579994701794325,c1,c5
18406,0.08133579118059944,0.1465657744523168,0.7720984343670838,c234,c5
19369,0.19638627394007838,0.30507376547652987,0.4985399605833916,c234,c5
16148,0.31539011576361353,0.2951133789462069,0.38949650529017954,c5,c5
5440,0.5687947707854918,0.3228352641541436,0.10836996506036461,c1,c1
16130,0.09256156151404382,0.3426568011177919,0.5647816373681642,c234,c5
14372,0.2726495729956913,0.470922951870024,0.25642747513428465,c1,c234
2055,0.2129132936189118,0.49916699349092997,0.2879197128901582,c5,c234
2897,0.2700180924145335,0.37697550710936234,0.35300640047610415,c5,c234
13194,0.03099984459857656,0.41521708868468155,0.5537830667167418,c5,c5
11522,0.6663905492802926,0.23063767098062174,0.10297177973908564,c5,c1
12535,0.21760500033563634,0.41028848028288306,0.3721065193814806,c234,c234
582,0.8966708778169209,0.05715122780412992,0.04617789437894916,c1,c1
11571,0.2585599100341493,0.38748165882629404,0.35395843113955655,c5,c234
8449,0.24155905983436404,0.4367050453514672,0.3217358948141687,c5,c234
10580,0.6891441360196423,0.22005829506902563,0.09079756891133212,c234,c1
16361,0.6027190440473511,0.26855738635019666,0.12872356960245218,c1,c1
7560,0.27703657787772273,0.44969453429383993,0.27326888782843733,c234,c234
11223,0.34386101552914167,0.35217737815870914,0.30396160631214925,c5,c234
10249,0.3329349959525551,0.25021030760644686,0.4168546964409981,c1,c5
10374,0.5673231943928493,0.2777780568509961,0.15489874875615456,c234,c1
12671,0.39358197900069664,0.3275818786087022,0.2788361423906011,c234,c1
14367,0.16428529722761875,0.4605448659851377,0.3751698367872436,c234,c234
7817,0.11551955181146417,0.32311005058881365,0.5613703975997223,c5,c5
8724,0.18163943027401466,0.1514400899356772,0.6669204797903081,c5,c5
7606,0.33705429705273715,0.40999474001362585,0.25295096293363695,c1,c234
7483,0.7035425610009822,0.23446693763177462,0.061990501367243066,c5,c1
7283,0.32944533005544074,0.43657765890201133,0.23397701104254803,c234,c234
9692,0.3060028649560457,0.38080163442717946,0.31319550061677487,c1,c234
5234,0.2787219070441611,0.4222101385223402,0.2990679544334988,c5,c234
1381,0.19891324013992345,0.4557898208163045,0.34529693904377207,c234,c234
13787,0.0914657500126596,0.5514994971937887,0.35703475279355174,c234,c234
4287,0.1923536627303712,0.1170498007238686,0.6905965365457601,c5,c5
12919,0.40517828024381786,0.32013290718440157,0.2746888125717806,c1,c1
15372,0.03752766162740578,0.3752357728116804,0.5872365655609139,c234,c5
17891,0.36899328538407006,0.367376125095907,0.26363058952002294,c5,c1
12597,0.6077320665021392,0.3148575128352301,0.07741042066263057,c1,c1
19249,0.926198122894043,0.0499656610375685,0.023836216068388406,c1,c1
17222,0.3026994427014028,0.20426680392300442,0.49303375337559285,c5,c5
5344,0.33802652757841384,0.19076579228685636,0.4712076801347298,c234,c5
13060,0.15468569123257575,0.46728318074991637,0.3780311280175078,c234,c234
15364,0.21307272903439733,0.2658376791152245,0.5210895918503782,c1,c5
5001,0.4850658986825365,0.4567801908722585,0.05815391044520504,c1,c1
306,0.38489049144032983,0.3194233818065031,0.29568612675316713,c234,c1
11038,0.4110257039751272,0.2482483193144433,0.34072597671042937,c234,c1
3391,0.08183304385158117,0.44171023437077067,0.4764567217776481,c5,c5
16594,0.5452476922892318,0.3385457872675326,0.11620652044323566,c234,c1
5398,0.23087024484561935,0.6001277305518297,0.16900202460255098,c5,c234
13463,0.18163261789952326,0.4979895552165004,0.3203778268839763,c234,c234
10259,0.12401067684507497,0.2224307567994955,0.6535585663554295,c234,c5
16494,0.18180512745743763,0.3709767890991797,0.44721808344338265,c1,c5
12984,0.1422759447951343,0.24520610587858996,0.6125179493262758,c5,c5
4313,0.14268497571795805,0.4768499036745749,0.3804651206074671,c5,c234
6990,0.2739751003952597,0.5052151413611744,0.2208097582435658,c5,c234
12058,0.06991323305449657,0.3227490418288171,0.6073377251166865,c234,c5
15750,0.017951736245223168,0.0960300900102537,0.8860181737445232,c5,c5
11637,0.4931880958389227,0.36435365816669396,0.1424582459943832,c234,c1
11682,0.30351695222787684,0.45231034809703446,0.24417269967508876,c234,c234
3463,0.11227219012017597,0.2491708041939196,0.6385570056859045,c234,c5
13195,0.46472852595010933,0.2112405381596799,0.32403093589021087,c234,c1
8360,0.5862112501338066,0.25975952287431175,0.1540292269918817,c1,c1
5114,0.43955843420586665,0.3980668116364473,0.16237475415768604,c5,c1
14579,0.2486894264518365,0.20288434750641277,0.5484262260417507,c5,c5
8337,0.5045683186291867,0.2968198870754076,0.19861179429540582,c1,c1
17521,0.3044428205434605,0.5266025259255935,0.16895465353094605,c5,c234
11440,0.2527171030725198,0.6137893233487444,0.13349357357873579,c234,c234
10881,0.5776280483718036,0.24800235979288288,0.1743695918353135,c234,c1
6487,0.1287374976412781,0.4857278248058832,0.38553467755283855,c1,c234
2319,0.2478442321739582,0.41735320831740647,0.3348025595086353,c5,c234
2666,0.07575566751208763,0.23176228104416563,0.6924820514437467,c5,c5
9282,0.3060117180303171,0.356655416895177,0.3373328650745059,c234,c234
1806,0.15035494764592874,0.34541700307944306,0.5042280492746282,c5,c5
7863,0.4213786608870904,0.24369590960311996,0.33492542950978965,c234,c1
5628,0.4075624232111823,0.25340754668868537,0.33903003010013233,c5,c1
18153,0.3176958660660235,0.2961137834000675,0.386190350533909,c234,c5
14897,0.1709272701536489,0.18107213609855524,0.6480005937477958,c234,c5
8509,0.2005732823166832,0.38751843702601435,0.4119082806573024,c5,c5
123,0.5523905630250144,0.36507094004105517,0.08253849693393042,c234,c1
2659,0.488998581037554,0.2672071625118679,0.24379425645057812,c1,c1
9690,0.40974059854140826,0.24815077981538372,0.34210862164320804,c5,c1
19789,0.4775039949221378,0.24716353119788056,0.27533247387998167,c1,c1
5152,0.13353010757658076,0.5587729093673373,0.30769698305608195,c234,c234
4974,0.31215669363120413,0.3872337137477235,0.30060959262107234,c1,c234
8728,0.9531593271717419,0.025767649637658274,0.021073023190599633,c1,c1
7042,0.6584868531247148,0.25129814850519755,0.0902149983700876,c1,c1
9375,0.09854526013145133,0.29142120160730767,0.6100335382612411,c234,c5
10513,0.18191778713478887,0.1767356507540911,0.6413465621111201,c234,c5
4360,0.23579257138244197,0.14604408364513394,0.6181633449724241,c5,c5
14178,0.13417215828964343,0.7384276446367256,0.12740019707363104,c234,c234
6978,0.7926613463830011,0.10018818527259649,0.10715046834440241,c1,c1
5087,0.29348955613287553,0.43535717809768587,0.2711532657694386,c1,c234
15151,0.12261307082360362,0.21789675111326093,0.6594901780631354,c5,c5
13541,0.38674540526169005,0.5357920183385751,0.07746257639973488,c5,c234
3643,0.18896223865541284,0.6799591216028906,0.1310786397416964,c1,c234
14345,0.22649133188898019,0.2290812318796037,0.5444274362314161,c1,c5
2354,0.14345692629235424,0.6818232740355821,0.17471979967206352,c5,c234
4552,0.23882960504507328,0.43078502725914647,0.33038536769578014,c5,c234
18589,0.27931867742754984,0.4030857337481215,0.31759558882432876,c234,c234
19454,0.05967457706354643,0.20202911651475727,0.7382963064216963,c234,c5
16573,0.20672163209902586,0.4826685072066431,0.31060986069433094,c1,c234
15546,0.29493767152058037,0.16193202684429178,0.5431303016351279,c5,c5
7198,0.24293589114394432,0.3336437176937539,0.42342039116230185,c1,c5
6215,0.48815720191544226,0.28297649580921963,0.22886630227533797,c234,c1
19421,0.0755727024664638,0.20663623366250633,0.7177910638710299,c5,c5
16177,0.5334629993685635,0.24392545749025346,0.22261154314118303,c1,c1
15858,0.42684475518313564,0.1834809354719796,0.38967430934488473,c5,c1
13811,0.2000335545246325,0.5269892993368616,0.27297714613850593,c234,c234
11630,0.4323110758627987,0.2066233869403589,0.3610655371968425,c1,c1
6297,0.17315220420118332,0.25915635538340426,0.5676914404154124,c5,c5
19165,0.12172704660628668,0.5742298771360996,0.3040430762576138,c234,c234
5755,0.14267902273819957,0.5644160726058599,0.2929049046559405,c234,c234
17377,0.1300922109513034,0.22239342412903915,0.6475143649196574,c5,c5
329,0.34384240289516643,0.14064189249210574,0.5155157046127278,c5,c5
12791,0.6350594338248268,0.21611713291070986,0.1488234332644634,c1,c1
6247,0.07944671336862015,0.6559325574102529,0.26462072922112695,c5,c234
18864,0.6891441360196423,0.22005829506902563,0.09079756891133212,c234,c1
15585,0.28950652269816474,0.517609918842153,0.19288355845968216,c1,c234
1827,0.24504285329188477,0.2779068189783504,0.47705032772976474,c234,c5
15196,0.30914936469081017,0.251116436694729,0.43973419861446084,c234,c5
14874,0.10497965168970463,0.13419529997153623,0.7608250483387592,c5,c5
19619,0.2838159412486863,0.3773171437289002,0.33886691502241356,c1,c234
6516,0.3700880634957576,0.14591055221684993,0.4840013842873924,c5,c5
19754,0.13673740801338585,0.35794919021696353,0.5053134017696506,c5,c5
10672,0.6061036535753085,0.18424113361902317,0.20965521280566835,c5,c1
2868,0.4960028773185524,0.37200419548042,0.13199292720102754,c234,c1
18224,0.4028668076121119,0.3522568467291528,0.2448763456587353,c234,c1
17790,0.144952755408688,0.3368927452236281,0.5181544993676839,c1,c5
7968,0.19215198531736813,0.4423037051749013,0.3655443095077304,c5,c234
10763,0.4694748463387148,0.44664109281701286,0.08388406084427248,c234,c1
11147,0.21744170543936436,0.5042809608671062,0.2782773336935295,c5,c234
15487,0.23011017366995723,0.5742456481263439,0.19564417820369878,c5,c234
5602,0.3119108189362809,0.34053213741542115,0.34755704364829787,c234,c5
10460,0.3133083186180458,0.24902933337791058,0.4376623480040437,c5,c5
12960,0.39037786576999506,0.16672545070561223,0.44289668352439265,c1,c5
5736,0.2544257658858797,0.5398980690193053,0.205676165094815,c1,c234
6640,0.47602068126853414,0.268514746800072,0.255464571931394,c234,c1
3075,0.39731858739532566,0.42639037883278763,0.17629103377188668,c1,c234
15451,0.19739675728634393,0.1804903749504999,0.6221128677631561,c5,c5
15808,0.15627549032366458,0.5221247301659104,0.3215997795104249,c5,c234
17102,0.10977522387638791,0.36459694462086945,0.5256278315027427,c234,c5
9347,0.17871308968481353,0.2756821775932786,0.5456047327219079,c5,c5
15383,0.21479692309870663,0.6093476491479753,0.175855427753318,c1,c234
2178,0.5068787698931745,0.33002262453939807,0.16309860556742728,c1,c1
18836,0.43408134944884874,0.30657386043825074,0.2593447901129006,c1,c1
9042,0.4914602015392816,0.37095301348675347,0.13758678497396493,c1,c1
10540,0.1619558076749915,0.41392509885018774,0.42411909347482085,c5,c5
1875,0.11050994506981048,0.6387299215037521,0.25076013342643744,c234,c234
9322,0.1946035043566449,0.294459499298533,0.5109369963448221,c5,c5
2403,0.22239738786266006,0.15964869883274255,0.6179539133045975,c5,c5
6530,0.17518878395122608,0.16602330793768977,0.6587879081110841,c1,c5
4819,0.40053145968883225,0.39105359618066576,0.20841494413050207,c5,c1
10446,0.6324339708939712,0.2740757723945986,0.09349025671143014,c1,c1
19667,0.4853745183371235,0.2689912891410632,0.24563419252181345,c234,c1
19693,0.3193230980747856,0.6074009457201307,0.07327595620508369,c1,c234
4138,0.30000021848699887,0.33821258798196957,0.3617871935310316,c1,c5
11118,0.3321397537701551,0.38729384123800054,0.2805664049918443,c234,c234
15379,0.12074079512205338,0.31638600713228693,0.5628731977456597,c5,c5
6462,0.6134417047964065,0.29691536303109456,0.08964293217249908,c234,c1
7023,0.24960054949564237,0.3516880755888052,0.3987113749155524,c5,c5
14899,0.2905577989214934,0.46561391335003266,0.24382828772847392,c234,c234
4646,0.2555379821109387,0.6252214005194199,0.11924061736964145,c234,c234
19168,0.20714030911357068,0.2535129580148635,0.5393467328715658,c234,c5
11175,0.4430992699250014,0.2754489617943973,0.28145176828060137,c1,c1
19655,0.4785035108669256,0.19851654613183098,0.32297994300124333,c5,c1
808,0.12370086769349359,0.39886407562728904,0.4774350566792175,c234,c5
3436,0.20734783451631236,0.4265996498925153,0.36605251559117225,c5,c234
9840,0.32838746703859645,0.2503120869831553,0.42130044597824823,c234,c5
14539,0.35756876536687204,0.4876009745607976,0.1548302600723303,c234,c234
19510,0.6702951120152753,0.09711534572203263,0.2325895422626921,c1,c1
266,0.09738482443506982,0.4965838236295341,0.4060313519353961,c234,c234
4146,0.2424912742800628,0.24869993807335258,0.5088087876465847,c5,c5
9965,0.25335970506634864,0.41918208671017115,0.32745820822348015,c234,c234
18969,0.16881232668906115,0.40963561163320505,0.4215520616777338,c234,c5
3778,0.05709534885017189,0.26807716214326266,0.6748274890065654,c5,c5
19204,0.24278749245564482,0.3308779337468769,0.42633457379747824,c1,c5
12268,0.4037023427769922,0.302707083522518,0.29359057370048985,c234,c1
6061,0.3540125045722748,0.33843793146532203,0.3075495639624032,c5,c1
7965,0.10799989786047814,0.30521572870665553,0.5867843734328664,c5,c5
17553,0.0648085580383275,0.19138430652180236,0.7438071354398702,c234,c5
5078,0.37098136850798796,0.4501318707958162,0.17888676069619575,c234,c234
1790,0.38762197417179944,0.37525121242600107,0.23712681340219938,c234,c1
1112,0.5383630301525383,0.2619962496729117,0.19964072017454992,c5,c1
9358,0.3933369706430322,0.4465993389751675,0.16006369038180035,c234,c234
19871,0.09367836228398643,0.093200286174035,0.8131213515419785,c5,c5
13188,0.06153206783837504,0.1336460837777434,0.8048218483838816,c5,c5
10343,0.5077958153485891,0.38128094212946523,0.11092324252194573,c234,c1
18397,0.08218008239605264,0.321710706578312,0.5961092110256353,c5,c5
3642,0.39330361733582986,0.13363685239058853,0.4730595302735815,c5,c5
14394,0.23885962806366323,0.2509544792941995,0.5101858926421372,c1,c5
18099,0.35707117624794377,0.3987625288400298,0.24416629491202654,c234,c234
12392,0.239474688900513,0.1944406189623238,0.5660846921371633,c5,c5
19927,0.3105438180927954,0.3847080863500078,0.30474809555719673,c1,c234
16724,0.3133073849378147,0.34509893300408706,0.3415936820580982,c234,c234
13040,0.29801026270341424,0.3685804467729244,0.3334092905236614,c5,c234
18962,0.26087885451680987,0.28063482470103157,0.4584863207821585,c5,c5
11317,0.32677423970223274,0.3149051185660819,0.35832064173168543,c5,c5
3767,0.1641169120522798,0.3683517125658803,0.46753137538184,c1,c5
12223,0.309314538599227,0.3955778167100366,0.2951076446907364,c5,c234
7336,0.09927835583019257,0.35075223243756193,0.5499694117322455,c234,c5
6976,0.12763777222423286,0.32454513522647793,0.5478170925492892,c1,c5
11281,0.27582196381966434,0.5602446019421853,0.16393343423815035,c5,c234
13594,0.5549060717638462,0.20338358351691582,0.24171034471923805,c5,c1
17916,0.28424962503257095,0.1999364991805017,0.5158138757869274,c234,c5
10342,0.3435587839301952,0.3314202297259147,0.32502098634389015,c234,c1
4984,0.33171200776742005,0.2121487996682163,0.4561391925643637,c234,c5
17172,0.12037033313288382,0.21767281891471257,0.6619568479524035,c1,c5
11648,0.3502076716426982,0.23883698124598693,0.41095534711131476,c5,c5
3136,0.6422887052453154,0.30541195505409235,0.05229933970059227,c234,c1
17330,0.3358616211419955,0.1946183752034366,0.46952000365456775,c234,c5
18827,0.31936214914460503,0.4906904556930205,0.1899473951623744,c234,c234
7299,0.30849615029073285,0.4615087270582123,0.22999512265105482,c1,c234
13243,0.7976312591654975,0.1054316752002087,0.09693706563429377,c1,c1
2981,0.16589341614776648,0.16279894659007094,0.6713076372621626,c1,c5
3472,0.1968664317482638,0.46395075117632295,0.3391828170754132,c5,c234
2633,0.2849502216566625,0.32629353137107053,0.388756246972267,c234,c5
7670,0.20487910721588926,0.4797450086247339,0.3153758841593768,c1,c234
19360,0.591643970132763,0.3758212945672795,0.03253473529995744,c5,c1
12354,0.833770186150587,0.10929914614276424,0.056930667706648695,c5,c1
18265,0.11560569004573891,0.11988137764595323,0.7645129323083079,c234,c5
17405,0.3137674625266582,0.49414709896852316,0.19208543850481877,c1,c234
10844,0.6555952481304319,0.2237696633447071,0.12063508852486103,c234,c1
2013,0.17424577815195602,0.3648505677681726,0.4609036540798713,c5,c5
15705,0.2792685126592068,0.3769152075485173,0.34381627979227586,c5,c234
12483,0.20671864144947646,0.09368071141443544,0.6996006471360882,c5,c5
12229,0.6205589160556102,0.118470256410586,0.2609708275338038,c5,c1
18539,0.30945495583127935,0.5459102184701828,0.14463482569853778,c5,c234
10237,0.19065715057717064,0.32179389953854365,0.4875489498842856,c5,c5
4935,0.38489049144032983,0.3194233818065031,0.29568612675316713,c5,c1
1929,0.34594678167123794,0.4864432374710195,0.16760998085774273,c234,c234
2065,0.3810586062014624,0.3748498355041197,0.24409155829441787,c234,c1
15806,0.5738711696607204,0.33858302516921746,0.08754580517006219,c1,c1
871,0.04226190677640956,0.37683807430919825,0.5809000189143922,c5,c5
18114,0.2812247504421654,0.45598507031306984,0.2627901792447649,c5,c234
18794,0.1164430758223247,0.10772540096072097,0.7758315232169544,c1,c5
2144,0.5620059662367985,0.31122993087856543,0.12676410288463608,c1,c1
558,0.3654310823782918,0.1900692148540517,0.44449970276765643,c5,c5
4932,0.2749214168147402,0.2744893298874755,0.45058925329778426,c5,c5
7016,0.5734646610613405,0.2884547680942297,0.13808057084442982,c234,c1
14025,0.3153017120647879,0.15265096928362626,0.5320473186515858,c5,c5
14060,0.777640702035239,0.14354971717163842,0.07880958079312254,c1,c1
4316,0.3660584487848099,0.4938847126797163,0.14005683853547388,c1,c234
9981,0.41413317683261425,0.22808337113543567,0.35778345203195017,c1,c1
5436,0.2395179083810767,0.3714356867108776,0.38904640490804565,c234,c5
16491,0.5828421571873745,0.2946901139533873,0.12246772885923835,c1,c1
4848,0.338971571165208,0.527935684237218,0.13309274459757395,c1,c234
12218,0.2649205642767089,0.4776741063953736,0.2574053293279174,c234,c234
5680,0.24872810141939117,0.37655891467964064,0.37471298390096824,c5,c234
9020,0.17623028511666305,0.34901266897332966,0.4747570459100073,c1,c5
18556,0.09136683617440595,0.5261008164286733,0.38253234739692077,c1,c234
10660,0.5540783199302204,0.3274423875354569,0.1184792925343228,c1,c1
1092,0.19972284424618092,0.33316490859482156,0.46711224715899763,c234,c5
17104,0.6159463250404639,0.24065153035918826,0.14340214460034786,c234,c1
10642,0.41656846302472683,0.3680346572176826,0.2153968797575906,c1,c1
18606,0.4787397273384657,0.212967661299462,0.30829261136207237,c234,c1
10239,0.249404171884524,0.46743070592505415,0.28316512219042184,c234,c234
2281,0.40818504388318166,0.4448722902125701,0.14694266590424812,c1,c234
920,0.5799182461680129,0.3105101901516956,0.10957156368029149,c234,c1
7012,0.22318352534624286,0.3408363698191432,0.43598010483461397,c5,c5
18433,0.4587287067107764,0.2811954164654112,0.26007587682381245,c1,c1
5651,0.23646445683450867,0.3096390316871856,0.4538965114783057,c1,c5
10358,0.15525131083028432,0.5855414855342886,0.25920720363542693,c234,c234
16033,0.2579836739219085,0.2078868825836969,0.5341294434943946,c5,c5
2424,0.16186464925148292,0.4796011816017672,0.3585341691467499,c5,c234
11486,0.09793648077347099,0.562511139687681,0.339552379538848,c1,c234
19862,0.07479327808680578,0.4707829157850529,0.4544238061281413,c234,c234
18384,0.321582824404762,0.2824260595684047,0.39599111602683335,c1,c5
10820,0.5347567875603016,0.2922311983111422,0.1730120141285562,c1,c1
9754,0.41656846302472683,0.3680346572176826,0.2153968797575906,c1,c1
15586,0.22275851216859288,0.324100364853956,0.45314112297745124,c1,c5
9306,0.21396983830175412,0.3342998018628256,0.45173035983542037,c5,c5
15482,0.1674682332443203,0.5885246902020684,0.24400707655361126,c5,c234
16283,0.2833205092232373,0.3526312498110097,0.36404824096575306,c5,c5
13530,0.16589770343164603,0.19148285449830943,0.6426194420700445,c5,c5
10279,0.09995319654134474,0.1347368762259657,0.7653099272326896,c5,c5
7059,0.23187136377009768,0.26556595786659176,0.5025626783633105,c234,c5
2706,0.14971272147794337,0.5201745930894072,0.33011268543264943,c234,c234
18872,0.3300829278887408,0.5795134763318062,0.09040359577945309,c234,c234
6037,0.11515570979247261,0.14859023482383926,0.7362540553836882,c5,c5
15643,0.17814353237098815,0.3177155604692301,0.5041409071597818,c5,c5
16032,0.06972323709584083,0.2622063101288946,0.6680704527752646,c5,c5
544,0.11338135145517228,0.6654431619864717,0.2211754865583561,c234,c234
8859,0.12183578211022081,0.2351003261456987,0.6430638917440804,c5,c5
10657,0.1597594359668857,0.1845396806603773,0.655700883372737,c5,c5
8559,0.08015580115430282,0.712139889619473,0.2077043092262243,c5,c234
8381,0.0453780297174598,0.23305746559623897,0.7215645046863012,c5,c5
6527,0.41656846302472683,0.3680346572176826,0.2153968797575906,c1,c1
15647,0.5593140064001114,0.29133576560748176,0.1493502279924068,c1,c1
9547,0.2587722911158121,0.5019704556172034,0.23925725326698438,c234,c234
5630,0.2299173281116824,0.2563958433592349,0.5136868285290827,c5,c5
5210,0.3085370089886679,0.22903017211931698,0.46243281889201504,c1,c5
11490,0.32297537818424693,0.3572683106481916,0.31975631116756154,c1,c234
1720,0.17005769336657064,0.2787809040897293,0.5511614025436999,c1,c5
16260,0.3687771602360272,0.3585825049669699,0.2726403347970029,c234,c1
1748,0.2082668432972178,0.6737648739275355,0.11796828277524671,c234,c234
8160,0.23466730403840327,0.10700406627969176,0.6583286296819049,c5,c5
268,0.24875470486448126,0.2106174539299837,0.5406278412055351,c5,c5
19136,0.2579809092387657,0.29537109458910255,0.44664799617213174,c1,c5
2010,0.12820636320621828,0.19672105301720516,0.6750725837765765,c234,c5
9379,0.08223127628651147,0.2613176092271012,0.6564511144863874,c234,c5
15595,0.5898061468727195,0.2725870737125513,0.13760677941472918,c5,c1
1100,0.29235649221486754,0.4816350153056637,0.22600849247946883,c234,c234
261,0.12863221648584147,0.39839393381641186,0.4729738496977466,c1,c5
11799,0.10238643514208193,0.31094648949187903,0.5866670753660391,c5,c5
10579,0.09490778183415018,0.34790297509689316,0.5571892430689567,c1,c5
9092,0.7102066614736078,0.1599224534949552,0.12987088503143704,c234,c1
9582,0.3369940698805441,0.43698139078825443,0.22602453933120142,c234,c234
4674,0.14164604769631023,0.542322550759442,0.31603140154424786,c234,c234
15407,0.2428568755536392,0.3085906400977958,0.44855248434856493,c5,c5
1041,0.14340617998987604,0.26957342456534156,0.5870203954447825,c5,c5
18189,0.4094648315939498,0.22374728014775103,0.36678788825829917,c234,c1
13029,0.2906324212539298,0.4160505203464358,0.29331705839963435,c1,c234
1989,0.2700180924145335,0.37697550710936234,0.35300640047610415,c1,c234
3270,0.1644227522597678,0.29661079160635606,0.5389664561338762,c5,c5
6211,0.6090054140538026,0.2820969858402182,0.10889760010597922,c1,c1
15325,0.5115524563952475,0.3533105028985019,0.1351370407062506,c234,c1
18279,0.5692108382810264,0.29970623131092594,0.13108293040804767,c234,c1
13876,0.8076637590784358,0.10008303831731874,0.09225320260424545,c1,c1
13950,0.2882562112753402,0.46148240493726256,0.25026138378739726,c5,c234
6078,0.3489542610338618,0.4305858694226826,0.22045986954345562,c5,c234
18349,0.10663601292899343,0.346682973572388,0.5466810134986186,c5,c5
2542,0.3691884586097692,0.28785125354445323,0.3429602878457776,c1,c1
295,0.2708100909551515,0.4733644843617792,0.25582542468306924,c1,c234
18747,0.4078441591691123,0.33424333363753883,0.2579125071933488,c234,c1
5938,0.30177642327016313,0.30015834045540496,0.3980652362744319,c1,c5
8397,0.6379039037341833,0.24592924810916292,0.11616684815665376,c234,c1
18009,0.15288573844005565,0.39294432047218464,0.45416994108775977,c5,c5
15967,0.6280445464744322,0.25501648585193964,0.11693896767362803,c1,c1
8165,0.2993417102057665,0.23386297689511093,0.46679531289912257,c5,c5
17996,0.5549060717638462,0.20338358351691582,0.24171034471923805,c1,c1
19626,0.2286884581315703,0.37161763578790813,0.3996939060805215,c1,c5
8623,0.07411378043465189,0.19471074382710668,0.7311754757382414,c5,c5
6183,0.14498143988110868,0.4367995736950535,0.41821898642383787,c5,c234
1900,0.22920979037810546,0.3079930841030557,0.4627971255188388,c234,c5
6503,0.07415443689183976,0.32978244664991996,0.5960631164582402,c5,c5
19009,0.10156266939966256,0.4978535581219253,0.4005837724784121,c234,c234
10254,0.04489737672419104,0.09864251904374223,0.8564601042320668,c5,c5
11252,0.1700049733489251,0.3122157835427601,0.5177792431083148,c234,c5
1981,0.13587753330208877,0.4772048541606489,0.38691761253726237,c1,c234
443,0.27376351525009945,0.3924958143989047,0.33374067035099586,c234,c234
8188,0.8777857495564869,0.09688897326774638,0.025325277175766745,c1,c1
640,0.2207779852342509,0.41341473088830616,0.365807283877443,c5,c234
10375,0.03395813284907835,0.06502207056911438,0.9010197965818072,c5,c5
15362,0.08843399332002619,0.1441758598286086,0.7673901468513653,c234,c5
10088,0.2493862028320652,0.4555803119244552,0.2950334852434796,c234,c234
226,0.4211587105715767,0.28659993602154765,0.29224135340687557,c234,c1
8660,0.4248110792691718,0.2715492028045617,0.3036397179262665,c234,c1
19265,0.0953019853776129,0.6414386358591508,0.26325937876323624,c234,c234
19345,0.15105657361949762,0.25130301292830065,0.5976404134522018,c5,c5
13941,0.3470393326577642,0.26942118586015307,0.38353948148208283,c234,c5
12842,0.31275160331912993,0.42727941393965196,0.25996898274121805,c234,c234
1190,0.42090484903236014,0.45263390547962434,0.12646124548801552,c234,c234
3459,0.26385613847490685,0.39146131160298936,0.3446825499221038,c234,c234
13313,0.22581823219571562,0.4204398343284338,0.3537419334758506,c5,c234
4808,0.16745662701835426,0.23796685345544005,0.5945765195262056,c1,c5
627,0.6679218723885983,0.19375700747003585,0.13832112014136577,c234,c1
10144,0.4559405410724508,0.24376723739669132,0.30029222153085783,c234,c1
2898,0.16883768304709415,0.5896874296041232,0.24147488734878267,c5,c234
8132,0.2591145341282069,0.2461845050869692,0.49470096078482406,c234,c5
18098,0.4071474205725745,0.27848744779582746,0.314365131631598,c1,c1
5290,0.30649957496151126,0.2609248250840705,0.43257559995441824,c234,c5
602,0.3232367914574377,0.5118699469308837,0.1648932616116786,c5,c234
14702,0.5797017147999869,0.14419376970405237,0.27610451549596066,c234,c1
10866,0.43538775033374644,0.3522561313157417,0.21235611835051188,c1,c1
9393,0.24978428230102054,0.47738237692603297,0.27283334077294646,c1,c234
2744,0.17542701800975483,0.47945131303370286,0.34512166895654234,c5,c234
11525,0.15716355216030337,0.3745220220736133,0.4683144257660832,c5,c5
13236,0.09978171614921867,0.390917937399318,0.5093003464514633,c234,c5
4774,0.23381902501118812,0.23386395289928616,0.5323170220895257,c5,c5
17911,0.3430049920334457,0.3859111171219015,0.2710838908446527,c1,c234
16580,0.17424577815195602,0.3648505677681726,0.4609036540798713,c234,c5
17896,0.49191334107488477,0.3882600589513897,0.11982659997372563,c1,c1
9842,0.19316582691883907,0.41171368514041085,0.39512048794075005,c234,c234
19042,0.18298669041326324,0.269908873669339,0.5471044359173978,c234,c5
14765,0.6272233314747732,0.20478305439067446,0.1679936141345523,c1,c1
2053,0.06698713594172362,0.25858340432563665,0.6744294597326397,c5,c5
14015,0.14655254043645138,0.37985426828689206,0.4735931912766565,c234,c5
8533,0.16067539076152962,0.3004034407893841,0.5389211684490863,c234,c5
4338,0.45048451650850774,0.3845513696714146,0.16496411382007753,c5,c1
5829,0.11461035992857109,0.04887524544872937,0.8365143946226996,c5,c5
17025,0.48851278835306766,0.284687854156329,0.22679935749060323,c1,c1
3737,0.5580317387264969,0.36987567220915385,0.07209258906434933,c1,c1
3026,0.3512591357395109,0.3079045650967703,0.3408362991637188,c5,c1
4262,0.14735010099635992,0.7418606991032781,0.11078919990036201,c234,c234
6706,0.39616747543899755,0.3790333295718996,0.2247991949891028,c5,c1
10188,0.25969041689158073,0.38827063113530413,0.3520389519731151,c1,c234
13141,0.792692197099038,0.15455076271767793,0.05275704018328402,c1,c1
7546,0.5738711696607204,0.33858302516921746,0.08754580517006219,c234,c1
18399,0.4015011312418095,0.291798719286036,0.3067001494721545,c1,c1
372,0.2523150633072933,0.4757236639158536,0.27196127277685306,c234,c234
17186,0.20487910721588926,0.4797450086247339,0.3153758841593768,c5,c234
19992,0.33833174897935003,0.5169801815106599,0.14468806950999008,c5,c234
3947,0.2382541570064702,0.5064381631547835,0.2553076798387463,c5,c234
5928,0.4509903028691406,0.2749698351356692,0.2740398619951902,c1,c1
5222,0.16946880326669966,0.3043859906697007,0.5261452060635997,c5,c5
5270,0.2627426626311939,0.5380119476657199,0.19924538970308625,c5,c234
3207,0.37991258453322246,0.12731256961986379,0.49277484584691383,c5,c5
3481,0.27099051175188726,0.22745069360790005,0.5015587946402127,c5,c5
17679,0.3220137935684028,0.5209512095407449,0.15703499689085215,c234,c234
12520,0.4559405410724508,0.24376723739669132,0.30029222153085783,c1,c1
1458,0.6269424826853067,0.17110223545675962,0.20195528185793368,c234,c1
12334,0.18206653909393888,0.21914820331313864,0.5987852575929226,c5,c5
11153,0.23184696892047757,0.2841712536239549,0.48398177745556753,c1,c5
13770,0.2963967363667513,0.5711012855428905,0.13250197809035813,c234,c234
17487,0.5061400434815336,0.21109744726242302,0.2827625092560434,c1,c1
8054,0.28356074424413996,0.3424806070311582,0.37395864872470175,c234,c5
9630,0.739100782022807,0.208610716812991,0.05228850116420197,c234,c1
5903,0.201591636560473,0.1536917944607967,0.6447165689787303,c5,c5
8814,0.4046207813186965,0.29062804468523196,0.3047511739960715,c1,c1
15594,0.24676165976120223,0.6469230470692892,0.1063152931695086,c234,c234
8507,0.5276237702157441,0.2659279861286437,0.20644824365561215,c5,c1
17356,0.19382566739930043,0.22455701245977733,0.5816173201409223,c234,c5
13909,0.30452457739026223,0.3601775945983498,0.335297828011388,c234,c234
14448,0.2847632712818806,0.5769484286835863,0.13828830003453302,c1,c234
7568,0.2968236337261196,0.25724676533338575,0.4459296009404947,c234,c5
16897,0.020994320934391134,0.13265326481721756,0.8463524142483914,c5,c5
10161,0.3900993159080495,0.18047026576895978,0.4294304183229908,c234,c5
2091,0.16142472275747274,0.2647347440830775,0.5738405331594497,c234,c5
2672,0.02046314821399632,0.3486825734997286,0.6308542782862752,c5,c5
15645,0.1623426438739716,0.3705402826068291,0.4671170735191993,c5,c5
4307,0.1046683037342181,0.21152977538205028,0.6838019208837315,c5,c5
5724,0.26582075600490807,0.49633607316848427,0.2378431708266078,c1,c234
14426,0.22565116364067994,0.3380507717922871,0.4362980645670329,c1,c5
4976,0.38231414792410096,0.35674426165432854,0.26094159042157045,c5,c1
14815,0.39193202465199345,0.24900280629357818,0.3590651690544284,c1,c1
4388,0.2957485749982409,0.3744114869333626,0.3298399380683964,c5,c234
11213,0.43893602726575814,0.4404742510883511,0.12058972164589075,c234,c234
7522,0.26733326674409363,0.283786895889449,0.44887983736645737,c234,c5
4721,0.6154467955320325,0.16783131732721038,0.21672188714075719,c234,c1
15111,0.727195164534755,0.14687765845922404,0.12592717700602085,c1,c1
347,0.20941604982834933,0.15688120265997804,0.6337027475116725,c5,c5
1169,0.347739988227265,0.26994540967772856,0.38231460209500634,c5,c5
18425,0.33038684673607205,0.3749662365143731,0.29464691674955473,c5,c234
4669,0.5674114357734308,0.22643277656500368,0.20615578766156553,c1,c1
807,0.04080466368288878,0.18678605082741848,0.7724092854896927,c5,c5
6868,0.182540455426716,0.3757166430221348,0.4417429015511492,c234,c5
18437,0.28487058760587003,0.43360242816452127,0.2815269842296087,c234,c234
6235,0.2911031058709723,0.3947228325428045,0.3141740615862232,c234,c234
10953,0.3262966028751053,0.23736074501324886,0.43634265211164586,c1,c5
19457,0.3135565557691438,0.1848999409590603,0.5015435032717959,c1,c5
17800,0.1764945495231281,0.5312456182777968,0.2922598321990751,c234,c234
11199,0.3586585185011551,0.3194365365164739,0.32190494498237104,c1,c1
10173,0.2810168115883887,0.2681487640618614,0.4508344243497498,c1,c5
17502,0.40967595449622907,0.37896948961100096,0.21135455589276989,c1,c1
6939,0.4507937410471493,0.38934910347827745,0.15985715547457327,c234,c1
12798,0.41656846302472683,0.3680346572176826,0.2153968797575906,c1,c1
18744,0.3479307510844487,0.4343125526465293,0.21775669626902194,c234,c234
434,0.1564145528574127,0.20364409057956842,0.6399413565630189,c5,c5
6817,0.175124844418156,0.3396162350446767,0.48525892053716724,c234,c5
9565,0.09561844355587251,0.42030278511785857,0.48407877132626886,c5,c5
14599,0.45632577475467245,0.3558931384486655,0.1877810867966621,c234,c1
3141,0.3338348793495659,0.3650251961647676,0.3011399244856665,c234,c234
7844,0.4100302834126632,0.43917639883066006,0.15079331775667673,c1,c234
3914,0.07318499502012679,0.28160299971058694,0.6452120052692863,c5,c5
12794,0.1974909839193693,0.19413704174215488,0.6083719743384758,c5,c5
18896,0.5029563847602165,0.232946118263337,0.2640974969764464,c1,c1
9458,0.08744917414514448,0.39353943079362297,0.5190113950612325,c234,c5
10861,0.3523239595014375,0.2931777176147008,0.3544983228838616,c5,c5
5008,0.13635472849753272,0.3267604503364183,0.536884821166049,c234,c5
13918,0.6680597087775193,0.2009495073123233,0.13099078391015734,c1,c1
5147,0.722867657310698,0.1740536749544001,0.10307866773490182,c234,c1
3219,0.3399507601788538,0.2378974965580289,0.4221517432631173,c234,c5
11554,0.25784837975191816,0.36005548367553036,0.3820961365725515,c234,c5
7018,0.38812534014474737,0.19963278231920453,0.4122418775360482,c1,c5
6924,0.17277580406226806,0.47626727650180134,0.3509569194359307,c5,c234
10782,0.17152208104671893,0.4296835955801407,0.39879432337314036,c234,c234
7754,0.12558353972975314,0.45510343859688446,0.41931302167336254,c1,c234
19763,0.17296126288516034,0.5523111603560005,0.27472757675883924,c1,c234
7843,0.2412252521794597,0.3749675201895425,0.3838072276309979,c234,c5
18888,0.2896971138302629,0.1660373472692605,0.5442655389004766,c234,c5
5390,0.25316113791852174,0.37763493192370967,0.3692039301577687,c5,c234
12128,0.22139238727634225,0.18323898652960985,0.5953686261940478,c234,c5
4657,0.2767381882822606,0.5129594926598932,0.21030231905784627,c234,c234
11298,0.31061617363044397,0.380583021415735,0.30880080495382095,c1,c234
16787,0.35855055960682264,0.33282449698580097,0.30862494340737645,c234,c1
15558,0.41459039882466125,0.43570907925370705,0.14970052192163164,c1,c234
3677,0.7041951179568253,0.1422745972787,0.1535302847644748,c1,c1
6895,0.36962156795128787,0.33346367880548705,0.2969147532432251,c1,c1
15406,0.4183945040595875,0.1596034764363783,0.4220020195040341,c1,c5
19282,0.7290144388117948,0.17563835028220945,0.09534721090599581,c1,c1
19697,0.41656846302472683,0.3680346572176826,0.2153968797575906,c234,c1
16271,0.3230020992577957,0.4018553421592847,0.2751425585829196,c5,c234
16555,0.8490302309474754,0.051096058725454876,0.0998737103270697,c1,c1
10284,0.36195847538995246,0.3780547275719266,0.25998679703812083,c1,c234
18168,0.40615090352821076,0.25652206987770143,0.33732702659408775,c1,c1
9898,0.2843950239877923,0.3472152975498477,0.3683896784623599,c234,c5
12191,0.4989580438608681,0.37066629269433976,0.13037566344479212,c234,c1
9003,0.3447874423636357,0.31319070428142753,0.3420218533549368,c1,c1
9063,0.7404172471796105,0.162240826252313,0.09734192656807636,c1,c1
888,0.4778175623759341,0.33264097095593104,0.18954146666813493,c1,c1
17769,0.1801816552853604,0.5377842358627315,0.2820341088519081,c234,c234
17376,0.31361872858067036,0.5057731300204358,0.1806081413988938,c234,c234
7301,0.0670431374782784,0.4875817019365474,0.4453751605851743,c1,c234
14516,0.0948872482645618,0.3167597383015708,0.5883530134338675,c5,c5
1301,0.1501061179930637,0.584106618169424,0.26578726383751244,c5,c234
5010,0.16011593772157742,0.3792281074975173,0.4606559547809053,c234,c5
2318,0.5912819524274858,0.30587635584755696,0.1028416917249572,c1,c1
19408,0.3085303503774232,0.5173694260493934,0.17410022357318344,c1,c234
18135,0.369230337053092,0.3007874974841761,0.32998216546273185,c1,c1
17909,0.7761138398369198,0.11402821435788096,0.10985794580519917,c234,c1
15798,0.13586128145753257,0.1640905058016849,0.7000482127407825,c5,c5
13721,0.25279855327923634,0.6515876723841634,0.09561377433660034,c1,c234
5771,0.11212842873395733,0.5604917922395146,0.3273797790265281,c1,c234
5671,0.3668182281836631,0.24861878726677855,0.38456298454955845,c1,c5
15561,0.4040009888321812,0.3080526524601539,0.2879463587076649,c234,c1
17273,0.9518029820071237,0.028426284711773518,0.019770733281102737,c1,c1
16460,0.4881516915253754,0.3557721628880994,0.15607614558652513,c1,c1
11994,0.625246154152857,0.2612555337570052,0.11349831209013779,c234,c1
9617,0.6891441360196423,0.22005829506902563,0.09079756891133212,c234,c1
4181,0.2934687627242583,0.5545864860626913,0.15194475121305037,c234,c234
12721,0.23299339604437347,0.478871061127922,0.2881355428277046,c5,c234
10090,0.1922228570988822,0.354874203762083,0.4529029391390349,c234,c5
6136,0.2252284392794145,0.4181076949587185,0.356663865761867,c5,c234
4653,0.39056853666603375,0.3787128965810159,0.23071856675295033,c1,c1
13071,0.14232256831075119,0.7230300956382568,0.134647336050992,c234,c234
17387,0.6545759728355672,0.14352940699460773,0.2018946201698251,c234,c1
10988,0.23443938479409868,0.3625636675080844,0.402996947697817,c5,c5
15403,0.38353987875364326,0.26190376459797826,0.3545563566483784,c5,c1
17883,0.16983029389371765,0.31857174142320027,0.5115979646830822,c5,c5
18697,0.26073204791692306,0.20642759703660207,0.5328403550464749,c234,c5
7117,0.6280445464744322,0.25501648585193964,0.11693896767362803,c234,c1
15050,0.8512999666322966,0.10168340024979383,0.047016633117909525,c1,c1
149,0.3598289727273918,0.3407896637094744,0.2993813635631338,c234,c1
1642,0.474137991002351,0.2626562109161837,0.26320579808146527,c234,c1
8433,0.1635722980729236,0.3541021641764491,0.4823255377506274,c234,c5
6921,0.5043226701165445,0.3932866305949372,0.10239069928851835,c234,c1
5019,0.14425322968530171,0.30518249951776355,0.5505642707969347,c5,c5
7678,0.2753156756453886,0.3899750992008701,0.33470922515374124,c234,c234
6450,0.2817561619558291,0.5885254372161994,0.12971840082797145,c1,c234
6444,0.26726065376314445,0.1457827104479416,0.5869566357889141,c1,c5
15722,0.26743775356642474,0.3523223759140666,0.3802398705195087,c5,c5
15135,0.22477554327615304,0.43010025426763365,0.3451242024562133,c5,c234
11541,0.5081725532792611,0.2542119892678615,0.2376154574528774,c234,c1
8453,0.2665903950354434,0.5184213633230322,0.2149882416415243,c234,c234
16929,0.2913908034970068,0.1793887324283795,0.5292204640746138,c234,c5
18682,0.2837341275028689,0.22705000538429704,0.489215867112834,c234,c5
12263,0.23133535252291879,0.5152916347344502,0.25337301274263113,c234,c234
9727,0.29843175239179076,0.3746573264254615,0.3269109211827478,c5,c234
11543,0.12059272775718868,0.2939165265719781,0.5854907456708333,c5,c5
18867,0.43538485074639455,0.3119519357220552,0.2526632135315503,c1,c1
3598,0.2643020531589338,0.39161085904240295,0.3440870877986632,c1,c234
3154,0.5722314312464205,0.30357912827107403,0.12418944048250552,c1,c1
12207,0.4623079264398077,0.3168114888685005,0.22088058469169175,c5,c1
15094,0.7085270131255671,0.2044585223141276,0.08701446456030533,c234,c1
18771,0.4683104304637619,0.19547867911971417,0.3362108904165239,c1,c1
12576,0.24330598654870972,0.515151627969615,0.24154238548167534,c5,c234
2416,0.6295122798994526,0.23215381988867576,0.13833390021187172,c1,c1
2650,0.32939242971796445,0.3010104478344987,0.36959712244753684,c234,c5
16785,0.06891093085728826,0.05960021803070408,0.8714888511120076,c5,c5
4682,0.3985630575503862,0.42382079161831204,0.1776161508313017,c5,c234
16095,0.21420527388541674,0.6616933025300916,0.12410142358449167,c234,c234
8121,0.2867750877455281,0.36827737979194924,0.3449475324625227,c234,c234
12410,0.1266194192698135,0.1283937492810676,0.744986831449119,c234,c5
19978,0.17022975978172591,0.1301794856781443,0.6995907545401298,c5,c5
13462,0.5124726013980816,0.2514743279695948,0.2360530706323236,c234,c1
7275,0.26512816853647303,0.5583232259014139,0.17654860556211302,c234,c234
18695,0.24645221968328887,0.5603275137096874,0.1932202666070238,c5,c234
11924,0.13746676439686148,0.23635174924434604,0.6261814863587926,c234,c5
3052,0.6280445464744322,0.25501648585193964,0.11693896767362803,c1,c1
18017,0.16028609269115,0.19254355899794204,0.647170348310908,c5,c5
3496,0.22083757483644598,0.4348769395312115,0.34428548563234257,c234,c234
16352,0.1745692201248126,0.39023216858056126,0.43519861129462606,c5,c5
12864,0.3363460741066299,0.44155865611222417,0.22209526978114597,c5,c234
1036,0.17415611354648347,0.5092366756515919,0.31660721080192455,c5,c234
15597,0.1504769986388069,0.4219901299956587,0.4275328713655344,c5,c5
566,0.4491483220338182,0.3435261487811465,0.20732552918503527,c234,c1
490,0.36587234799021723,0.22531605350989076,0.408811598499892,c5,c5
10341,0.2380486235604145,0.5616586700646343,0.20029270637495125,c234,c234
2858,0.39239831496912825,0.22488530852597663,0.3827163765048951,c234,c1
1550,0.14978841669980267,0.4268799012951513,0.42333168200504595,c234,c234
18118,0.2171283361630747,0.28408416126303104,0.49878750257389437,c234,c5
11978,0.13947674264722199,0.6007867462510725,0.25973651110170537,c5,c234
5918,0.15633118733670656,0.3471742654188283,0.4964945472444651,c234,c5
9891,0.39524169854680674,0.36039718213262306,0.24436111932057025,c234,c1
10589,0.4720918111069123,0.4143658480325705,0.11354234086051716,c234,c1
219,0.1945757912186857,0.4180682888089107,0.38735591997240354,c234,c234
55,0.4400214180155615,0.3464648733356465,0.2135137086487921,c1,c1
13703,0.22478002267805117,0.4810794659870243,0.29414051133492464,c1,c234
11808,0.3936789851704615,0.2782179995710977,0.32810301525844093,c5,c1
17282,0.458973855634088,0.2049375718963796,0.33608857246953244,c5,c1
13043,0.39452157190060133,0.5168140817313872,0.08866434636801145,c1,c234
4535,0.6114993325359811,0.1886082711900633,0.19989239627395547,c234,c1
7174,0.6188961149050518,0.2555524936103266,0.12555139148462158,c234,c1
13932,0.5351762576857666,0.2160650940556924,0.24875864825854097,c1,c1
1201,0.19242260704779707,0.3529422115413982,0.45463518141080467,c234,c5
6938,0.09915873146122813,0.29537479206476686,0.605466476474005,c5,c5
7110,0.30909759903865314,0.5005757774671534,0.1903266234941934,c234,c234
17685,0.31353685132074305,0.16713372231013354,0.5193294263691234,c234,c5
11517,0.3898532487685805,0.31282668791861645,0.2973200633128029,c1,c1
11989,0.1356022901595057,0.38762196122388376,0.47677574861661065,c1,c5
3011,0.3581484977276663,0.29195634337526877,0.34989515889706496,c234,c1
17006,0.15105878422430496,0.48620337701620886,0.3627378387594861,c5,c234
19803,0.3610780500512174,0.3203806583048184,0.3185412916439643,c5,c1
3001,0.15202396253638698,0.6946759587719232,0.1533000786916897,c234,c234
1196,0.5074068868369659,0.18068809470130154,0.3119050184617326,c5,c1
8493,0.11172119282555676,0.5179807631314004,0.3702980440430428,c5,c234
4635,0.45001428758141276,0.42624085330509137,0.12374485911349585,c234,c1
18267,0.41179974290187416,0.3071073691002692,0.2810928879978566,c234,c1
5264,0.13590331137861986,0.5098004293994237,0.3542962592219565,c5,c234
14578,0.2787025064453294,0.3892032497401562,0.33209424381451447,c1,c234
7046,0.28725163826760186,0.2819707202962386,0.43077764143615954,c234,c5
2600,0.5515622690354024,0.3453808882084733,0.1030568427561243,c234,c1
12458,0.1436268217551601,0.46430506905949187,0.39206810918534807,c5,c234
9091,0.24735061667080208,0.4310566989319415,0.32159268439725636,c234,c234
3184,0.6490835506783892,0.22210204754576707,0.1288144017758437,c234,c1
1037,0.37214678753950287,0.5062809568365206,0.12157225562397657,c234,c234
6356,0.22898100035344937,0.1457788052823769,0.6252401943641738,c5,c5
4972,0.2732568308373449,0.4845399426027591,0.2422032265598959,c1,c234
3957,0.5733949291046646,0.2854590330108347,0.1411460378845007,c1,c1
19091,0.2668949274733348,0.404874927764869,0.3282301447617961,c5,c234
8020,0.3870733512002351,0.3926368829595927,0.22028976584017215,c1,c234
107,0.5549060717638462,0.20338358351691582,0.24171034471923805,c234,c1
6857,0.21473544445697487,0.28582737303244315,0.4994371825105821,c5,c5
16967,0.09106922059558287,0.4092219208339655,0.4997088585704516,c234,c5
3315,0.2198451397550239,0.5560910620866542,0.22406379815832195,c5,c234
17179,0.10534756637144584,0.8358025615088971,0.05884987211965705,c234,c234
17037,0.3232113781901588,0.5588685891684384,0.11792003264140279,c1,c234
12645,0.41656846302472683,0.3680346572176826,0.2153968797575906,c5,c1
234,0.4055476288978701,0.41047069305542827,0.18398167804670154,c234,c234
6307,0.5068829052332655,0.17786269933415924,0.3152543954325752,c1,c1
3027,0.19386899229971935,0.7484258622842602,0.05770514541602051,c234,c234
16859,0.3081991784716334,0.20611751831766706,0.4856833032106997,c5,c5
13450,0.505684718168748,0.40152311648317246,0.09279216534807956,c5,c1
12403,0.20180356454976814,0.4967787089047114,0.3014177265455204,c1,c234
12059,0.5294905317969703,0.3503536051547356,0.12015586304829419,c5,c1
11409,0.38391469479018625,0.4128214348546279,0.2032638703551858,c234,c234
127,0.2085799222209468,0.32831797933370843,0.46310209844534483,c5,c5
19263,0.034605947827970836,0.13252061248397007,0.8328734396880592,c234,c5
7120,0.4412347258256076,0.44132893497868153,0.11743633919571084,c1,c234
5682,0.43538485074639455,0.3119519357220552,0.2526632135315503,c1,c1
285,0.3098290228344382,0.3092721561461928,0.38089882101936906,c5,c5
18579,0.3019871427079047,0.1555155349833732,0.5424973223087222,c5,c5
17401,0.2547188338226083,0.41079237819041736,0.33448878798697423,c1,c234
19137,0.1651965233621651,0.4755175190192813,0.3592859576185536,c234,c234
13822,0.3848813135082933,0.464041332474274,0.15107735401743266,c234,c234
2926,0.14957969169695293,0.278548683739299,0.5718716245637481,c5,c5
16349,0.1751117022463128,0.24965548110790717,0.5752328166457801,c234,c5
15202,0.45051851066973453,0.2819667624413793,0.2675147268888862,c234,c1
13743,0.12426765709524279,0.2848133833376325,0.5909189595671247,c5,c5
6626,0.4444600820906129,0.31554413473427584,0.23999578317511136,c1,c1
6191,0.35941749586117977,0.3650362380350284,0.27554626610379196,c1,c234
16826,0.33423836789437517,0.36445857604318826,0.3013030560624366,c1,c234
13087,0.34481856831833124,0.23233404070649843,0.42284739097517027,c234,c5
18208,0.5777184524251142,0.3414193179035793,0.08086222967130659,c234,c1
17737,0.40967595449622907,0.37896948961100096,0.21135455589276989,c5,c1
6373,0.29383410998108556,0.5622571418408119,0.14390874817810262,c1,c234
1086,0.157511948339921,0.7111838742611266,0.13130417739895237,c1,c234
18276,0.2982808502457388,0.5312742941586124,0.1704448555956488,c234,c234
15656,0.4452287093474959,0.3784308744602581,0.17634041619224602,c234,c1
2701,0.13062408298556194,0.6145800874589147,0.2547958295555233,c234,c234
9780,0.34253699754444666,0.5139405896405106,0.1435224128150428,c1,c234
13495,0.29771405439314524,0.4821689541046357,0.22011699150221908,c5,c234
8546,0.14579130940935434,0.5815354078171568,0.2726732827734888,c234,c234
12763,0.3256133488908387,0.4061670666188748,0.2682195844902866,c1,c234
7611,0.08100649056116152,0.232988137573735,0.6860053718651035,c5,c5
17119,0.6280445464744322,0.25501648585193964,0.11693896767362803,c1,c1
10227,0.17003635061396818,0.23583702646918447,0.5941266229168474,c5,c5
1450,0.37444996780188383,0.45169438693383923,0.173855645264277,c1,c234
3836,0.4005420249106977,0.35882946171969404,0.2406285133696082,c234,c1
733,0.5003662905218579,0.24907418918335603,0.2505595202947862,c1,c1
7701,0.8187068059443221,0.09001486633018001,0.09127832772549783,c1,c1
14283,0.39382105434313214,0.4486419593869412,0.1575369862699267,c234,c234
12264,0.45420424668926584,0.38692578614395395,0.1588699671667802,c5,c1
17292,0.31483925385722955,0.46590780534476445,0.219252940798006,c234,c234
17655,0.15842337827233952,0.48382255529801443,0.357754066429646,c234,c234
14123,0.24884560993516658,0.4424081305201784,0.308746259544655,c5,c234
19933,0.2720176663459917,0.4654778993187619,0.26250443433524634,c234,c234
11964,0.6113553677094526,0.276156598214801,0.11248803407574641,c1,c1
13737,0.10459177669264405,0.5688511064797447,0.32655711682761124,c5,c234
13329,0.2529625501587944,0.5048150304522704,0.24222241938893524,c1,c234
10695,0.5228947079006142,0.38404208417298674,0.093063207926399,c234,c1
19561,0.21783099238020054,0.2948159568907203,0.48735305072907914,c5,c5
4328,0.7172653274355388,0.18039756851455807,0.1023371040499031,c1,c1
13340,0.34901364037784427,0.40947310510537854,0.2415132545167772,c5,c234
167,0.15276140768179586,0.36082787073114975,0.48641072158705434,c1,c5
1343,0.6477474568202936,0.22713547367879072,0.12511706950091567,c234,c1
2581,0.26709910071762405,0.3458983256065415,0.3870025736758345,c234,c5
18506,0.3709428315204571,0.3153615809389996,0.3136955875405434,c234,c1
482,0.13725741845641873,0.4377300513785364,0.42501253016504487,c5,c234
8366,0.23425075923294986,0.292081855736117,0.4736673850309332,c1,c5
17202,0.12540882998483818,0.6279319866463603,0.24665918336880158,c234,c234
5875,0.20592618943120905,0.23830034219234913,0.5557734683764418,c234,c5
17583,0.2684684147341148,0.17266345434275096,0.5588681309231343,c234,c5
3760,0.3280342429298287,0.5210614315612873,0.15090432550888414,c1,c234
6132,0.21460009140752823,0.4466897507257866,0.33871015786668507,c1,c234
5566,0.5193665279690804,0.35086024648195613,0.1297732255489634,c1,c1
16706,0.07462207545639894,0.4108230316980587,0.5145548928455423,c5,c5
11508,0.16719583181146006,0.4392851101814744,0.39351905800706555,c234,c234
3490,0.6305067989828785,0.1947813576056704,0.1747118434114511,c234,c1
7864,0.3642349597478519,0.311999777146956,0.32376526310519205,c5,c1
13826,0.7554382502595415,0.16496319272598206,0.07959855701447645,c234,c1
1583,0.7069306282729804,0.13431055846027223,0.15875881326674737,c1,c1
17484,0.6228296270593822,0.2057154504787293,0.17145492246188854,c234,c1
12431,0.2579809092387657,0.29537109458910255,0.44664799617213174,c5,c5
15158,0.4230307733750563,0.3156522058883411,0.2613170207366025,c5,c1
9588,0.4281818588582534,0.35092279949085425,0.2208953416508925,c1,c1
12683,0.43925173437728293,0.3320231374966824,0.22872512812603454,c5,c1
14779,0.42771803202130115,0.33210505205705937,0.24017691592163956,c234,c1
19084,0.05815798987667902,0.19595906277951586,0.7458829473438051,c5,c5
8892,0.4252080897296714,0.43502959322289547,0.13976231704743308,c234,c234
7413,0.32371962773483254,0.26177920202579247,0.41450117023937505,c5,c5
2130,0.6763960940378917,0.06285403244034772,0.26074987352176066,c1,c1
5545,0.681284387948403,0.2314963513195371,0.08721926073205993,c234,c1
7687,0.08091978547339572,0.7624583857637748,0.15662182876282954,c1,c234
19270,0.12877893748705777,0.499437371097174,0.3717836914157682,c5,c234
14122,0.48693193162623893,0.3875173553884606,0.12555071298530038,c234,c1
2820,0.23443938479409868,0.3625636675080844,0.402996947697817,c1,c5
13812,0.544548295564328,0.2602250491017351,0.19522665533393685,c234,c1
14595,0.0869609693725971,0.4044202900103041,0.5086187406170988,c5,c5
2421,0.2977236020678696,0.16451162028911562,0.5377647776430148,c234,c5
5254,0.4790478698291983,0.2612426178863043,0.2597095122844974,c1,c1
17704,0.18315886974509996,0.5344518968054709,0.28238923344942923,c1,c234
15598,0.036251495467589975,0.45623345543287036,0.5075150490995397,c5,c5
13543,0.10877984961530722,0.4464085552114814,0.44481159517321134,c1,c234
11300,0.08912272694025904,0.33781527141425577,0.5730620016454852,c234,c5
4139,0.1713148549302707,0.28816905510755036,0.5405160899621788,c5,c5
11706,0.5347567875603016,0.2922311983111422,0.1730120141285562,c1,c1
14992,0.15895448578940155,0.16506781261018028,0.6759777016004183,c234,c5
4882,0.2362402947060319,0.40310734022594896,0.36065236506801923,c1,c234
14470,0.14507499332830684,0.4362516669665912,0.41867333970510207,c234,c234
6417,0.48914617582221814,0.44617332713791696,0.06468049703986495,c234,c1
16574,0.2609213483530851,0.5087435982563656,0.23033505339054927,c5,c234
4044,0.05530873118539666,0.33212571981589506,0.6125655489987083,c5,c5
9569,0.1416705225275904,0.41173254984780594,0.4465969276246037,c5,c5
6348,0.3426980572656662,0.44305688019278794,0.21424506254154588,c234,c234
6044,0.268204249178009,0.41823642435845326,0.31355932646353774,c5,c234
19382,0.1801211198231071,0.10232706624023326,0.7175518139366598,c5,c5
19998,0.2696295791772463,0.38278404413362827,0.3475863766891254,c234,c234
11003,0.4787397273384657,0.212967661299462,0.30829261136207237,c1,c1
1739,0.46386976975202115,0.24969396909353062,0.2864362611544482,c5,c1
5189,0.28256181692793303,0.5030901611307353,0.21434802194133173,c5,c234
5478,0.3765242671993249,0.24568097929084273,0.37779475350983227,c1,c5
15818,0.13995701225255572,0.20456861461611975,0.6554743731313246,c5,c5
2237,0.5787250837810123,0.32606615054101484,0.09520876567797289,c1,c1
8678,0.380473401015775,0.4648175728894298,0.15470902609479512,c234,c234
14772,0.3103152521397184,0.5975935601717358,0.09209118768854582,c5,c234
19778,0.21642508372702818,0.44231430205445876,0.34126061421851306,c5,c234
7914,0.719662408635879,0.17789210975818875,0.10244548160593216,c1,c1
2473,0.4865435026153241,0.27945373771453624,0.23400275967013964,c234,c1
17126,0.219631240895136,0.43458408738876936,0.34578467171609456,c1,c234
13961,0.24637799877983133,0.5638651562217007,0.18975684499846798,c5,c234
12214,0.41188639875411787,0.3927243027325693,0.19538929851331285,c1,c1
2135,0.27571946094680966,0.3915681850834038,0.33271235396978643,c5,c234
11055,0.20548886023349958,0.618666825480918,0.17584431428558242,c5,c234
11915,0.1876284841379241,0.4128355565326251,0.39953595932945074,c5,c234
15109,0.27572433693300796,0.4214023333320949,0.30287332973489706,c1,c234
8172,0.3338450331532283,0.20635799485124784,0.4597969719955239,c5,c5
9858,0.15204804267183294,0.24387175614619724,0.6040802011819698,c234,c5
5862,0.1875857923422564,0.3167379536466161,0.49567625401112747,c5,c5
12875,0.5990939414858091,0.21900513974707778,0.18190091876711312,c1,c1
2138,0.19453146023326565,0.4724352778795932,0.33303326188714116,c5,c234
10155,0.4152969611079026,0.5076778892400331,0.0770251496520643,c234,c234
12378,0.20525232055137982,0.2753923103123047,0.5193553691363155,c5,c5
18207,0.5637446205190807,0.288109110750464,0.1481462687304553,c1,c1
1034,0.3627677377579554,0.36960431515314285,0.26762794708890175,c1,c234
4442,0.788489103793567,0.1183036672424865,0.09320722896394659,c234,c1
8154,0.10346636487805272,0.18182867589220672,0.7147049592297405,c5,c5
18449,0.9520832744666126,0.02740665294602425,0.02051007258736308,c1,c1
6702,0.2386293597141225,0.2931299424449508,0.4682406978409268,c1,c5
4903,0.625246154152857,0.2612555337570052,0.11349831209013779,c1,c1
66,0.14263127585582872,0.7482804732295317,0.10908825091463954,c1,c234
5810,0.27459141127629283,0.2915701187586752,0.4338384699650319,c1,c5
14202,0.3518494720861481,0.27897999788548833,0.36917053002836364,c1,c5
7053,0.1089650884807343,0.4346678961983694,0.4563670153208964,c234,c5
3640,0.46937862327004654,0.25154829057099526,0.2790730861589583,c234,c1
10781,0.5115524563952475,0.3533105028985019,0.1351370407062506,c234,c1
17733,0.2462045285176018,0.4433193784392262,0.3104760930431719,c1,c234
17517,0.3693715327338489,0.33374544009729457,0.2968830271688565,c1,c1
5175,0.19454187650647664,0.4192159363708979,0.38624218712262554,c5,c234
15959,0.24529280149017155,0.4665886868839361,0.2881185116258923,c234,c234
5934,0.43317320018222405,0.18737551486248408,0.3794512849552918,c1,c1
20013,0.15853864395598094,0.174963472925079,0.6664978831189401,c5,c5
977,0.20920100337805397,0.1869192936117248,0.6038797030102212,c5,c5
6707,0.28431401485238583,0.2967827038946128,0.41890328125300125,c5,c5
12605,0.36348679184967525,0.42263293263881013,0.21388027551151464,c5,c234
18450,0.11989691350440797,0.23700525181028143,0.6430978346853107,c5,c5
12192,0.17470608528396955,0.4417276437129913,0.3835662710030391,c5,c234
2406,0.18881301422669794,0.675920317085819,0.13526666868748294,c1,c234
9260,0.06738580968933255,0.4065994563259375,0.5260147339847299,c5,c5
15542,0.11584965750007307,0.1460523746784551,0.7380979678214719,c5,c5
14175,0.3412426040075475,0.4199251024433155,0.23883229354913696,c1,c234
7987,0.1592729980183005,0.20752864314630964,0.6331983588353898,c1,c5
19775,0.14351597033505642,0.2731069579013005,0.5833770717636431,c5,c5
11392,0.3405641994425098,0.45232329213328903,0.20711250842420106,c1,c234
6564,0.2407515197195366,0.16001830981065399,0.5992301704698094,c5,c5
18130,0.3798086980338944,0.41262566965813957,0.207565632307966,c234,c234
9239,0.481224126154939,0.4267089417957573,0.09206693204930388,c1,c1
14687,0.24951241505603006,0.4203215198680235,0.3301660650759463,c5,c234
6894,0.47978741017904786,0.37129152851790287,0.14892106130304933,c1,c1
11640,0.32887596661790724,0.5262395405281384,0.14488449285395444,c234,c234
6122,0.25538062800593475,0.5695405745930818,0.1750787974009833,c234,c234
17867,0.43780164070540645,0.3195446852230229,0.24265367407157068,c234,c1
13159,0.6734721048199327,0.16246877438317572,0.1640591207968915,c1,c1
18302,0.2424504569854471,0.1662453551708666,0.5913041878436863,c234,c5
19374,0.18530430235055284,0.40732420631398014,0.407371491335467,c1,c5
16115,0.17952332936038698,0.45078116352032976,0.36969550711928334,c5,c234
8705,0.2160886106421161,0.4501543329447402,0.3337570564131437,c1,c234
16553,0.37902743057314636,0.2584159546392243,0.3625566147876294,c5,c1
2239,0.11329594820868634,0.6417964886763698,0.2449075631149439,c234,c234
3344,0.3218523119082087,0.3928423579440425,0.2853053301477489,c5,c234
18941,0.4253473258637545,0.2639940243520259,0.3106586497842196,c1,c1
3930,0.2389247381586693,0.4880184274280555,0.2730568344132751,c1,c234
5859,0.6102396948207679,0.21851994808977074,0.1712403570894613,c1,c1
3499,0.12796627325842697,0.6915269205186415,0.1805068062229315,c1,c234
7171,0.4646489358643921,0.3120736417925709,0.22327742234303707,c234,c1
3081,0.4160423445678539,0.3538367581468752,0.2301208972852709,c1,c1
18576,0.6490835506783892,0.22210204754576707,0.1288144017758437,c1,c1
6931,0.26205825429981494,0.38100502120002666,0.3569367245001584,c1,c234
8181,0.18296266153038218,0.5432973893645909,0.2737399491050269,c1,c234
7230,0.35526719055926315,0.28311950936102137,0.3616133000797154,c5,c5
5126,0.20901730159809112,0.36217376787990935,0.42880893052199964,c5,c5
19392,0.36800817376528555,0.3745263403063431,0.25746548592837143,c1,c234
7569,0.413277655175272,0.2820549733593145,0.3046673714654135,c1,c1
7458,0.18569121450837012,0.6124687870447398,0.20183999844688996,c5,c234
4466,0.5302325796872364,0.33179186700610364,0.13797555330665998,c234,c1
14670,0.1451658854655272,0.374722313074746,0.4801118014597267,c5,c5
4096,0.2063054308400479,0.3064085945293082,0.48728597463064394,c1,c5
1075,0.5372624510182666,0.22370934950656357,0.23902819947516987,c234,c1
186,0.28874439938560037,0.39674327542536414,0.3145123251890355,c234,c234
16412,0.19278988238863773,0.3450618605234342,0.46214825708792817,c5,c5
12452,0.3728241354545014,0.240834740070422,0.3863411244750765,c1,c5
8590,0.22630317450223505,0.24321306722732305,0.5304837582704419,c5,c5
13429,0.10391834776068054,0.5715220032415883,0.32455964899773115,c1,c234
8167,0.7103019824427262,0.17967758072022738,0.11002043683704647,c1,c1
18400,0.20410989386900236,0.4754246443046376,0.3204654618263601,c234,c234
13455,0.22408272091821302,0.4588014323652857,0.31711584671650134,c234,c234
6370,0.22417533317255187,0.3306130310108338,0.4452116358166144,c1,c5
854,0.09584372615945769,0.4671747848691412,0.43698148897140116,c234,c234
7187,0.35640323857145845,0.4049415947430299,0.23865516668551176,c1,c234
15131,0.43082015171217003,0.13315646683660465,0.43602338145122543,c5,c5
18538,0.18003729450053207,0.2632715320752733,0.5566911734241946,c1,c5
16471,0.13585256796003756,0.08469774138911244,0.7794496906508499,c5,c5
13559,0.16962602168748178,0.40539704702127866,0.4249769312912396,c234,c5
18060,0.06925129202387999,0.2090136457488142,0.7217350622273058,c5,c5
19404,0.11359405216478377,0.3908295484898983,0.49557639934531783,c5,c5
9154,0.50494302757885,0.4202289227216669,0.07482804969948299,c5,c1
937,0.16354441697712158,0.23029822377377038,0.6061573592491081,c234,c5
11495,0.2254854942207939,0.2941811608217291,0.48033334495747687,c5,c5
12833,0.2331412510667279,0.13267599524149057,0.6341827536917816,c234,c5
1337,0.10111181954906445,0.22324988364005052,0.675638296810885,c5,c5
15286,0.3801825079997691,0.347319721779364,0.27249777022086685,c234,c1
19017,0.3571725305025764,0.561377822898515,0.08144964659890855,c234,c234
19826,0.3696299700770784,0.29965218593559095,0.3307178439873306,c1,c1
15175,0.22665725711093473,0.29679639824683496,0.4765463446422303,c234,c5
2765,0.6280921938005075,0.2918738810974577,0.08003392510203479,c1,c1
11279,0.11599899355599343,0.10682190238748836,0.7771791040565182,c5,c5
18404,0.4758495884925856,0.34175599510799687,0.18239441639941772,c5,c1
11853,0.09817160921269649,0.5454032304347513,0.3564251603525522,c5,c234
17110,0.36560673127351223,0.38547762792722245,0.24891564079926534,c234,c234
4243,0.3018116160547486,0.3577233804404533,0.3404650035047981,c1,c234
12506,0.4153498160524693,0.22323749078594257,0.36141269316158803,c1,c1
2815,0.2183464011362251,0.4546827840374206,0.32697081482635426,c5,c234
2166,0.20440573921391028,0.2923558682141922,0.5032383925718975,c1,c5
4989,0.10010623304741524,0.16782758062807068,0.732066186324514,c5,c5
14113,0.5004779004818868,0.31107543328938797,0.18844666622872527,c234,c1
16055,0.3151029155938668,0.439963083604105,0.24493400080202835,c234,c234
11980,0.6692527560582606,0.071433727259069,0.2593135166826703,c234,c1
17454,0.42630494579274114,0.15046044313646015,0.42323461107079885,c5,c1
3679,0.2700180924145335,0.37697550710936234,0.35300640047610415,c1,c234
18456,0.23031833928308112,0.3850548514069001,0.3846268093100188,c5,c234
12357,0.07616496281177595,0.12858295547568035,0.7952520817125436,c5,c5
15550,0.5493533730627741,0.16840794920323016,0.28223867773399586,c234,c1
11032,0.2906324212539298,0.4160505203464358,0.29331705839963435,c5,c234
12233,0.1260923555292314,0.21099330813530037,0.6629143363354681,c5,c5
13656,0.41643173016283597,0.24992306930638994,0.33364520053077407,c1,c1
5941,0.3607752408486482,0.42742360351867786,0.2118011556326739,c1,c234
16468,0.22855465578907816,0.34499617002047095,0.4264491741904508,c234,c5
13478,0.16231281741262235,0.5092180313586306,0.3284691512287469,c5,c234
5224,0.16670139968102574,0.2703469581988354,0.5629516421201389,c1,c5
5801,0.31920775405018004,0.29437154436806123,0.38642070158175873,c1,c5
17918,0.16753195752560893,0.47743467621394403,0.35503336626044707,c5,c234
12958,0.4787397273384657,0.212967661299462,0.30829261136207237,c1,c1
249,0.25008638583564635,0.40720012359850866,0.34271349056584505,c5,c234
1023,0.5583825758800856,0.3180338374069916,0.12358358671292288,c234,c1
13627,0.14920080298044505,0.5053850528842815,0.34541414413527355,c5,c234
2133,0.13712680564427765,0.49181030227667516,0.371062892079047,c234,c234
12188,0.1319262034663754,0.5692709233907052,0.2988028731429194,c5,c234
13336,0.5660677532059988,0.3102769004217643,0.12365534637223696,c1,c1
11401,0.2894281714841812,0.4129884720589813,0.2975833564568375,c234,c234
15278,0.2552023910546526,0.3172930978054567,0.42750451113989063,c5,c5
10422,0.4270192835772252,0.1804154555200916,0.39256526090268334,c1,c1
13239,0.378994426926777,0.3139083097746696,0.3070972632985535,c1,c1
5977,0.31935144843720237,0.36009788939023,0.3205506621725676,c1,c234
18087,0.13845885113126902,0.513200738196143,0.34834041067258803,c5,c234
4424,0.11291005755622309,0.295927749874036,0.591162192569741,c5,c5
1250,0.1449240560700537,0.5825444089270134,0.27253153500293287,c234,c234
4040,0.5251769902249308,0.25534384296842555,0.21947916680664364,c234,c1
326,0.4174421227044741,0.27881204327892917,0.3037458340165968,c1,c1
4849,0.40967595449622907,0.37896948961100096,0.21135455589276989,c234,c1
3248,0.26106250425101957,0.5841952584763485,0.15474223727263195,c234,c234
9881,0.4989580438608681,0.37066629269433976,0.13037566344479212,c1,c1
951,0.14586420336761044,0.28291990495204095,0.5712158916803486,c234,c5
16429,0.2867033288419696,0.18670732684111097,0.5265893443169194,c234,c5
1558,0.5583820154074585,0.3626425434898007,0.07897544110274082,c234,c1
2806,0.29413328916278164,0.14617958962689986,0.5596871212103185,c1,c5
13477,0.14457646585228778,0.5716500661503446,0.28377346799736763,c234,c234
3639,0.5268502103517204,0.39480894704135755,0.07834084260692209,c234,c1
7636,0.6520439037800919,0.12164578473611033,0.22631031148379777,c1,c1
18850,0.47608671497137744,0.38687588280771934,0.1370374022209032,c1,c1
18311,0.1428809714054724,0.34964035596762255,0.507478672626905,c234,c5
4950,0.27070103834010734,0.3242569010734231,0.4050420605864696,c234,c5
1618,0.4698756800522063,0.4669546036260372,0.06316971632175643,c234,c1
7433,0.47250077777981525,0.32541452089753786,0.20208470132264691,c1,c1
11579,0.5009389848232061,0.218999537038528,0.28006147813826576,c1,c1
2679,0.11501185877020167,0.46310719365418723,0.42188094757561106,c234,c234
9456,0.8490302309474754,0.051096058725454876,0.0998737103270697,c1,c1
949,0.2827365061875311,0.4859124602509702,0.2313510335614987,c234,c234
15530,0.13350794461337562,0.3219658389490741,0.5445262164375503,c234,c5
9665,0.18765761594731856,0.20960051109156935,0.602741872961112,c5,c5
18428,0.23599545430114646,0.5556247080242032,0.20837983767465035,c234,c234
10725,0.3741487141314053,0.32844495522134887,0.297406330647246,c234,c1
5125,0.5825673465304871,0.26268755748748973,0.15474509598202307,c234,c1
7245,0.05224777459340275,0.1083707695615638,0.8393814558450333,c5,c5
17111,0.4039332778427698,0.2962446389739563,0.29982208318327386,c1,c1
17842,0.41656846302472683,0.3680346572176826,0.2153968797575906,c234,c1
9609,0.4422116973369145,0.20412586787805304,0.3536624347850325,c234,c1
1718,0.5363107313309015,0.1590324805365379,0.3046567881325606,c234,c1
15177,0.8490302309474754,0.051096058725454876,0.0998737103270697,c1,c1
13900,0.25838939277738593,0.16985496656151752,0.5717556406610965,c234,c5
7540,0.14891063952886083,0.7435196250607391,0.1075697354104002,c234,c234
12226,0.2813273267652826,0.24476723663523908,0.4739054365994783,c5,c5
18949,0.426351998407878,0.25610039516748956,0.31754760642463237,c5,c1
13663,0.17577415369539556,0.33319983677403103,0.4910260095305735,c5,c5
15680,0.7180731491177501,0.22681560762390393,0.05511124325834591,c1,c1
16433,0.20953676882189354,0.46776363007382094,0.3226996011042857,c234,c234
6008,0.3300447862743617,0.44834539757494213,0.2216098161506962,c234,c234
16132,0.20594986876059534,0.5850482556371384,0.20900187560226618,c5,c234
11092,0.28206664778034496,0.5173958961168611,0.20053745610279386,c5,c234
1683,0.3321929510597504,0.5085638898114371,0.15924315912881254,c234,c234
5040,0.17845002298611842,0.4904450154304128,0.3311049615834688,c1,c234
709,0.25211571888649076,0.5327616315975718,0.2151226495159374,c1,c234
3173,0.2628010948129267,0.25515275607067456,0.48204614911639876,c5,c5
6270,0.2478920680823064,0.44774034403372637,0.3043675878839672,c234,c234
10280,0.1627017976967271,0.17717665318067713,0.6601215491225958,c5,c5
14362,0.2331412510667279,0.13267599524149057,0.6341827536917816,c1,c5
16783,0.22419325309070018,0.20123854530917432,0.5745682016001256,c234,c5
18895,0.40809575827600203,0.4219371546448426,0.16996708707915542,c234,c234
2305,0.24327663285567208,0.23655037251529537,0.5201729946290325,c5,c5
7357,0.12221638462383318,0.3291648932551479,0.548618722121019,c5,c5
9545,0.18826445444359843,0.4524648954081799,0.35927065014822174,c234,c234
18089,0.45689748703239286,0.10407486348179015,0.439027649485817,c234,c1
6396,0.5234138386826218,0.293340422110668,0.18324573920671022,c1,c1
15350,0.4177362379111774,0.42483231712776415,0.1574314449610584,c234,c234
18788,0.1866651433225953,0.2454464573078358,0.5678883993695689,c5,c5
11407,0.2719661406897831,0.2799537830901765,0.4480800762200405,c5,c5
18049,0.6079617957888029,0.2925373611267951,0.09950084308440182,c1,c1
10550,0.0720384258957968,0.3253636921646213,0.602597881939582,c234,c5
17763,0.26073204791692306,0.20642759703660207,0.5328403550464749,c1,c5
192,0.4424100889709353,0.2020242362321049,0.35556567479695983,c234,c1
5989,0.4591191213707453,0.2694787926910193,0.27140208593823534,c1,c1
7604,0.5708751967617602,0.30824135535070213,0.12088344788753759,c1,c1
9174,0.3055646931934024,0.3492533386216751,0.3451819681849224,c5,c234
4689,0.10396366566301916,0.2297127255717842,0.6663236087651966,c234,c5
11577,0.2636078715539976,0.5059698482236187,0.2304222802223838,c5,c234
16614,0.5615869638001092,0.28108987606259744,0.1573231601372934,c5,c1
8560,0.4928175630465683,0.1272276218066711,0.37995481514676066,c234,c1
18254,0.3565841576406158,0.29237406888845524,0.351041773470929,c1,c1
15694,0.30361148511536823,0.4273671402605129,0.26902137462411885,c1,c234
8878,0.4001815751086499,0.2921721304867942,0.30764629440455604,c1,c1
14618,0.1759096737218628,0.2704991306600968,0.5535911956180405,c5,c5
12971,0.3764299146389626,0.4129378290969008,0.21063225626413662,c1,c234
5016,0.2551414537151584,0.3971105629266638,0.34774798335817786,c234,c234
14220,0.5947926356701577,0.1696226103745034,0.23558475395533887,c234,c1
11062,0.16023662751739706,0.44105199355623315,0.3987113789263697,c5,c234
10408,0.2330239003649066,0.380456012661458,0.3865200869736354,c5,c5
9766,0.20761111636556506,0.6166489379584991,0.17573994567593587,c234,c234
10855,0.2982936819392041,0.4828957985120976,0.2188105195486984,c234,c234
4017,0.5635307233992718,0.26846309726052686,0.16800617934020134,c5,c1
1083,0.22280379052697427,0.2329235361653785,0.5442726733076473,c1,c5
13893,0.3268856397431436,0.4867154378879198,0.18639892236893668,c5,c234
1731,0.23843738563371014,0.4180854382455227,0.34347717612076717,c234,c234
4352,0.18045316412553164,0.386788494518828,0.43275834135564034,c5,c5
137,0.30507666510314335,0.4331623302678704,0.2617610046289862,c234,c234
16550,0.15167819084719691,0.24256112821821707,0.605760680934586,c5,c5
18525,0.24297027666845283,0.46369880778290823,0.29333091554863905,c1,c234
16962,0.10827174870986322,0.405124166364021,0.48660408492611584,c234,c5
10246,0.2994551488491979,0.5634075147437757,0.13713733640702647,c5,c234
6107,0.4573898896521565,0.30694575506083593,0.23566435528700766,c1,c1
11288,0.10752268116664762,0.21474223086961244,0.6777350879637399,c5,c5
18481,0.16794271780490055,0.438657863672336,0.39339941852276344,c5,c234
9450,0.19317639209212542,0.20440396416801498,0.6024196437398596,c1,c5
3966,0.3743580602612418,0.3612281827186306,0.2644137570201276,c234,c1
19551,0.3621647298017691,0.12976255062307895,0.508072719575152,c5,c5
703,0.16642348324509348,0.29564868802027905,0.5379278287346274,c234,c5
1438,0.16723502692141906,0.7173179137589498,0.11544705931963106,c1,c234
14625,0.3473297450893758,0.2946973157812996,0.35797293912932454,c1,c5
17854,0.24134234151012565,0.429644926304224,0.3290127321856502,c1,c234
8097,0.3341848116322711,0.3758746761190435,0.28994051224868544,c5,c234
10297,0.2081809668537533,0.40291547334981437,0.38890355979643226,c1,c234
19891,0.654768688437142,0.24038241674428534,0.10484889481857271,c1,c1
5381,0.6813779224069035,0.1053865746563139,0.21323550293678253,c1,c1
10684,0.15479745895631813,0.6522083440066807,0.19299419703700132,c234,c234
19496,0.1569046578709342,0.37601551558797625,0.4670798265410896,c234,c5
4632,0.3319333023780689,0.47154712417842576,0.1965195734435053,c5,c234
16746,0.3502046077172806,0.2893968666813871,0.36039852560133234,c1,c5
2998,0.08966661256376124,0.7148502841934231,0.19548310324281562,c234,c234
1507,0.32303048392035183,0.3510182057628899,0.3259513103167582,c1,c234
7949,0.11377032932229172,0.33824700812590625,0.547982662551802,c234,c5
9532,0.331826184714994,0.4059360340011521,0.2622377812838539,c1,c234
1913,0.2665191839898774,0.10502584390962354,0.6284549721004992,c5,c5
15689,0.5532066856896285,0.27432977964464067,0.17246353466573097,c1,c1
809,0.12967033778073697,0.4909897976298914,0.3793398645893717,c5,c234
9071,0.3273327715526539,0.49573263152854646,0.17693459691879973,c5,c234
9586,0.19779445930317202,0.36380079733119164,0.4384047433656364,c1,c5
17745,0.3257924153198181,0.32277875302995884,0.35142883165022304,c5,c5
425,0.44624006481614725,0.42583685111931,0.1279230840645426,c1,c1
10466,0.4811985697171031,0.33735743093198395,0.18144399935091293,c1,c1
12662,0.2641290170019106,0.4282090580440382,0.30766192495405115,c1,c234
13222,0.2643626806797104,0.4488493719174468,0.28678794740284286,c1,c234
9335,0.41458635309314734,0.2710738459181989,0.3143398009886538,c234,c1
3234,0.3626944699038319,0.4697787031306155,0.16752682696555266,c234,c234
2015,0.3856415005241691,0.4400776189794815,0.17428088049634946,c234,c234
7488,0.41656846302472683,0.3680346572176826,0.2153968797575906,c1,c1
14568,0.12075805854979767,0.463691499828811,0.41555044162139143,c5,c234
12513,0.5978392890405457,0.19984193788879723,0.202318773070657,c1,c1
15051,0.35068264768008434,0.27563208919399174,0.3736852631259239,c5,c5
14440,0.24027623652836408,0.4501656958518101,0.3095580676198258,c1,c234
7300,0.426085757113234,0.24727491870300333,0.3266393241837627,c234,c1
5576,0.2232480967836455,0.3377447275271884,0.43900717568916614,c5,c5
6064,0.20264548133002278,0.36728377580202454,0.4300707428679526,c5,c5
19698,0.21717371813805814,0.4015612271403309,0.38126505472161104,c1,c234
5854,0.07179615385079592,0.7298983911592473,0.19830545498995683,c234,c234
16428,0.18853286164068478,0.37213876506857174,0.4393283732907435,c234,c5
3728,0.10864435885583584,0.21132071432427418,0.6800349268198899,c5,c5
13610,0.1417003777500602,0.5180811212670338,0.34021850098290607,c234,c234
16256,0.2137646052279171,0.3408346836496377,0.44540071112244506,c234,c5
16665,0.47509832772596206,0.32929367582722424,0.19560799644681368,c5,c1
18337,0.2861356114196671,0.5299058751878833,0.18395851339244942,c1,c234
12613,0.16854557210919363,0.08510396403766948,0.7463504638531369,c5,c5
6254,0.18476781373704715,0.2999732469848384,0.5152589392781145,c1,c5
9658,0.6467769610962153,0.26544949744141066,0.08777354146237391,c1,c1
16920,0.33721517827889963,0.30511984508094797,0.35766497664015245,c234,c5
15027,0.37405359357804047,0.2467037632445801,0.3792426431773795,c5,c5
13761,0.2804804551799898,0.2985705571875942,0.4209489876324161,c234,c5
5427,0.4657343731319544,0.17671226117672986,0.35755336569131557,c5,c1
423,0.6594932968122315,0.1881730090679123,0.1523336941198562,c1,c1
14442,0.13665935454259864,0.6329636744406912,0.23037697101671017,c234,c234
7322,0.22176897665481718,0.33031492459849154,0.4479160987466912,c1,c5
3603,0.3417773425061878,0.42645437415220827,0.23176828334160385,c5,c234
18345,0.29568393136253557,0.25613848134947204,0.44817758728799234,c5,c5
5794,0.3068914738135479,0.2198880505544487,0.47322047563200337,c5,c5
12515,0.17840771774586825,0.3172702157914275,0.5043220664627043,c234,c5
19271,0.7285945965500017,0.1365424600035679,0.13486294344643052,c5,c1
5967,0.354969782287317,0.36315169925098434,0.2818785184616986,c234,c234
11377,0.31807116386339623,0.35118849054833823,0.33074034558826554,c1,c234
11078,0.5738711696607204,0.33858302516921746,0.08754580517006219,c1,c1
7437,0.2178539358764639,0.41861455203069114,0.3635315120928449,c5,c234
13016,0.5573528165801956,0.22476476797974534,0.21788241544005899,c1,c1
3982,0.20480838872058874,0.3531254561187469,0.4420661551606643,c234,c5
11111,0.3055858803931588,0.4190453103393611,0.27536880926748003,c5,c234
3736,0.3283905960266701,0.27864046540365234,0.39296893856967763,c1,c5
5823,0.25092455750493176,0.08682018271899557,0.6622552597760727,c5,c5
10893,0.19055020084036692,0.5625691717263783,0.24688062743325467,c5,c234
17588,0.5745029798606569,0.35241566619541265,0.07308135394393037,c5,c1
6188,0.32242669505889376,0.13779987764885424,0.539773427292252,c234,c5
215,0.42974097024595204,0.3578493707906779,0.2124096589633702,c1,c1
14374,0.6490835506783892,0.22210204754576707,0.1288144017758437,c234,c1
1234,0.6227743397858446,0.23633146787420434,0.14089419233995112,c5,c1
7344,0.5017266694705185,0.2536572051705378,0.24461612535894367,c234,c1
1508,0.032558868840891736,0.2748506279071762,0.6925905032519322,c5,c5
14021,0.4520743490330035,0.3901030028866124,0.15782264808038413,c1,c1
15491,0.388254488199213,0.2934365205141936,0.3183089912865933,c5,c1
6734,0.20270161450082183,0.20255681933299877,0.5947415661661795,c5,c5
4246,0.3395534890738784,0.15645197781904469,0.503994533107077,c5,c5
5004,0.7290144388117948,0.17563835028220945,0.09534721090599581,c1,c1
5359,0.30149796844166715,0.4005528554625439,0.29794917609578897,c1,c234
11201,0.23367050519456822,0.44191363104744885,0.32441586375798287,c5,c234
1983,0.3660008904934613,0.5203189094248764,0.11368020008166232,c234,c234
17582,0.29457460846391953,0.23129745342056815,0.4741279381155123,c234,c5
15129,0.16340673073898218,0.5969498936099796,0.23964337565103816,c234,c234
10253,0.3104276754712683,0.583182276809334,0.10639004771939753,c234,c234
18765,0.39712172821554814,0.29610336393988573,0.3067749078445661,c234,c1
14497,0.39370356758083896,0.2893939003365558,0.31690253208260527,c1,c1
6570,0.25832329152992833,0.24556536362258663,0.4961113448474851,c1,c5
8133,0.12018243917342773,0.10620632959256071,0.7736112312340115,c234,c5
4412,0.40967595449622907,0.37896948961100096,0.21135455589276989,c234,c1
19898,0.2671439441583222,0.3825608372940818,0.350295218547596,c1,c234
13449,0.09803734489158727,0.19100304600193793,0.7109596091064748,c1,c5
691,0.15687232613945779,0.49804484689282613,0.345082826967716,c234,c234
1392,0.26116828344784276,0.5506871334034892,0.1881445831486682,c234,c234
14026,0.3673875098656694,0.3530822672938484,0.2795302228404822,c234,c1
3031,0.2875158809312265,0.37116566346926955,0.341318455599504,c1,c234
6958,0.3974604819600944,0.40038014101900804,0.20215937702089745,c234,c234
898,0.04876602457178386,0.23826884976085608,0.71296512566736,c234,c5
3710,0.3329918523463659,0.42315463753834354,0.2438535101152906,c1,c234
17485,0.39114286201734055,0.34062788767721336,0.2682292503054461,c1,c1
13180,0.49191334107488477,0.3882600589513897,0.11982659997372563,c1,c1
19201,0.17915208099554397,0.43845413901899544,0.38239377998546054,c234,c234
5789,0.20103293690794483,0.4741899916000401,0.32477707149201507,c5,c234
9785,0.1460251453767055,0.25214450564656754,0.6018303489767269,c5,c5
2127,0.12250905451454494,0.5933575602260855,0.2841333852593696,c5,c234
13929,0.22327974773037682,0.21211751741993448,0.5646027348496887,c5,c5
15323,0.25492835530206726,0.48868122885807536,0.25639041583985744,c234,c234
1917,0.21794985243933768,0.3725334715732774,0.40951667598738484,c234,c5
15868,0.466071778047712,0.26964938901349667,0.26427883293879134,c234,c1
5341,0.2669616701163883,0.2859436362345296,0.4470946936490821,c234,c5
7686,0.23416891011326538,0.3698585171308671,0.39597257275586756,c5,c5
1995,0.1378492581990195,0.15420158887587346,0.707949152925107,c5,c5
14307,0.2789213575457051,0.4961274272891871,0.2249512151651078,c234,c234
6605,0.30970283568206686,0.17859204658396532,0.5117051177339678,c1,c5
19817,0.193824284121783,0.5314238809533186,0.27475183492489846,c234,c234
16987,0.17983534202909512,0.3918946458845983,0.42827001208630666,c5,c5
191,0.15281411374267856,0.680522364906861,0.16666352135046034,c5,c234
13747,0.24084801915680992,0.4200265153842928,0.3391254654588972,c5,c234
2570,0.22093580440945562,0.3014333374378766,0.4776308581526677,c5,c5
13510,0.18832186598898565,0.2183963510253707,0.5932817829856437,c234,c5
8321,0.5181477614660055,0.170594347035405,0.3112578914985895,c5,c1
2357,0.11013080073184275,0.1594625253691995,0.7304066738989577,c5,c5
5054,0.45235782143991393,0.319885587032979,0.22775659152710712,c234,c1
5665,0.2208270272550131,0.683696891810694,0.09547608093429286,c234,c234
3949,0.13276745671603546,0.5206835430487032,0.3465490002352615,c5,c234
4613,0.2674679058136152,0.2810438628021815,0.45148823138420324,c234,c5
19538,0.20720658224883032,0.4076058552441797,0.3851875625069899,c1,c234
12165,0.42616601165248097,0.2652351730008897,0.3085988153466294,c234,c1
14444,0.12896498887644828,0.5882820325258248,0.2827529785977269,c234,c234
17983,0.46544758603495107,0.31842095325548936,0.21613146070955963,c1,c1
4103,0.20793513610255848,0.2974021209194937,0.49466274297794777,c5,c5
19024,0.1806425694634977,0.44192954439211257,0.3774278861443898,c5,c234
7500,0.4497068559934057,0.34947330015186734,0.20081984385472695,c1,c1
7220,0.13019550735945723,0.2668681669092723,0.6029363257312705,c234,c5
3251,0.16432779790527963,0.7030501999970566,0.13262200209766375,c1,c234
8988,0.11337997465847814,0.5767109625671129,0.30990906277440894,c5,c234
592,0.4109268776796731,0.32199540901966656,0.2670777133006603,c234,c1
4755,0.5828853739987484,0.17315809751464167,0.24395652848660984,c234,c1
5302,0.8871160481903085,0.04644070414847482,0.06644324766121656,c5,c1
9232,0.3565749204038262,0.5204552671507428,0.12296981244543116,c234,c234
15698,0.351989081006395,0.3175782037128721,0.330432715280733,c1,c1
16669,0.22147202933748958,0.28452442702424013,0.49400354363827026,c5,c5
9739,0.3637640944428118,0.4299071602294884,0.2063287453276998,c234,c234
12668,0.1655112037329046,0.6572395414364578,0.17724925483063766,c234,c234
10445,0.6478801165971954,0.24333139962187963,0.10878848378092489,c234,c1
9152,0.2875967160911043,0.267133862159755,0.44526942174914075,c1,c5
4660,0.1694318292313662,0.28416913443632164,0.5463990363323121,c5,c5
12855,0.1113268253287953,0.57570113162376,0.31297204304744475,c234,c234
7978,0.14105001793386035,0.5811125839495804,0.27783739811655933,c5,c234
5884,0.16875776829178515,0.1914567397716217,0.6397854919365932,c5,c5
2628,0.4367559833167455,0.2987787849043394,0.26446523177891523,c234,c1
8815,0.19389562629717225,0.519766622573755,0.28633775112907267,c1,c234
10723,0.20945717377088782,0.44786934867086176,0.34267347755825045,c234,c234
19451,0.3648484335330808,0.1832015503478088,0.4519500161191105,c5,c5
7845,0.18061540252014266,0.30223755010242576,0.5171470473774316,c5,c5
2346,0.2535338487720615,0.44415364638194366,0.30231250484599503,c234,c234
15139,0.1961275595657596,0.3861290986977072,0.41774334173653316,c5,c5
17496,0.26210579428337344,0.27016880357232326,0.4677254021443033,c234,c5
