indice,p_c1,p_c234,p_c5,rotulo,previsto
17923,0.5204055303311186,0.25598581987298524,0.22360864979589615,c5,c1
1391,0.16983097320452614,0.3011234563871703,0.5290455704083035,c1,c5
3545,0.44931504523689103,0.42561520957569005,0.1250697451874188,c5,c1
12931,0.5131643443495095,0.29556193990922686,0.19127371574126356,c1,c1
12342,0.5685086337476905,0.319293682302143,0.11219768395016652,c1,c1
15836,0.2951932198445547,0.30596697254382627,0.39883980761161897,c234,c5
7175,0.2548633627583267,0.2912562445331401,0.4538803927085332,c234,c5
18518,0.5380097454859492,0.34378700171877347,0.1182032527952774,c1,c1
8698,0.15257929480306298,0.3648469436310675,0.4825737615658695,c5,c5
19566,0.5371893875897931,0.24261467622687358,0.22019593618333327,c1,c1
7538,0.20671077625778062,0.34262092351230977,0.45066830022990956,c5,c5
3485,0.11556653697737906,0.37071479164156634,0.5137186713810546,c234,c5
6339,0.08616269015558156,0.25618802705068183,0.6576492827937366,c5,c5
8322,0.5671679585727665,0.3298701411347377,0.10296190029249579,c1,c1
6275,0.5607525085813617,0.32337694862585936,0.1158705427927789,c1,c1
6346,0.21150759778241973,0.3639207949819865,0.4245716072355939,c1,c5
1379,0.2832757875584317,0.31032153951849784,0.4064026729230704,c1,c5
14319,0.21183685394962687,0.33605253763080095,0.452110608419572,c5,c5
11835,0.29255980294196926,0.34995334452798954,0.3574868525300412,c5,c5
6034,0.3564849934140472,0.3451646386458534,0.2983503679400994,c1,c1
7382,0.5213654963976169,0.3474435742822958,0.13119092932008727,c234,c1
11855,0.22929042504160443,0.2529380488419129,0.5177715261164828,c5,c5
13461,0.28136218066762725,0.4118644152791733,0.3067734040531994,c5,c234
6751,0.48929564359486755,0.2626310342415343,0.24807332216359823,c1,c1
2996,0.40839909484512465,0.35786403423200447,0.23373687092287082,c234,c1
17630,0.47271033516227245,0.372202732324057,0.15508693251367048,c234,c1
12896,0.36750996129516256,0.3359247133841733,0.2965653253206642,c1,c1
3395,0.6675212646607669,0.2394111438438768,0.0930675914953563,c234,c1
8233,0.33068702393676724,0.30676333553100454,0.3625496405322282,c234,c5
14003,0.41772043781972384,0.36618780926813166,0.2160917529121445,c234,c1
9443,0.30874480024636675,0.3086173641057398,0.38263783564789344,c5,c5
4048,0.3018866855008888,0.3970399317177819,0.30107338278132934,c5,c234
8739,0.27309756738765906,0.3900506693916582,0.3368517632206827,c5,c234
20057,0.45631190373306973,0.36562112342361236,0.17806697284331796,c1,c1
6154,0.5451108023142858,0.3179170824524451,0.13697211523326913,c1,c1
19850,0.275093642221723,0.3661111978384512,0.35879515993982575,c5,c234
1251,0.41278461801322164,0.3822219547613027,0.20499342722547564,c5,c1
13235,0.3069112207504263,0.44554241151318213,0.24754636773639155,c5,c234
7440,0.23308627460447268,0.35889676530153153,0.4080169600939959,c1,c5
9084,0.45765157465921036,0.3730674367474619,0.16928098859332774,c1,c1
19503,0.15859286021735203,0.343883575737282,0.49752356404536596,c234,c5
11212,0.27216945501052237,0.4686254849533028,0.25920506003617494,c1,c234
14468,0.11251215278726312,0.3212125670045563,0.5662752802081805,c234,c5
2328,0.35438002449701644,0.32122062924449346,0.32439934625849015,c234,c1
9075,0.5050065744336305,0.3141699364454077,0.18082348912096188,c234,c1
320,0.4579800334242079,0.2724465847448772,0.269573381830915,c5,c1
4426,0.3471409636977736,0.3536090286201648,0.29925000768206156,c234,c234
13306,0.40770532684262095,0.33685574602311386,0.2554389271342652,c234,c1
3407,0.25412396056205006,0.42447763151328655,0.32139840792466345,c5,c234
5275,0.19706237049715694,0.309820994448793,0.49311663505405,c5,c5
2493,0.2501942648867205,0.3842379708421132,0.3655677642711663,c234,c234
10779,0.34151962917870293,0.42664324256682684,0.23183712825447023,c234,c234
18699,0.08294673005787934,0.25924118342967467,0.6578120865124462,c5,c5
5323,0.29323726587479043,0.3682430469759693,0.33851968714924013,c234,c234
4216,0.46617670634976316,0.2608840439366271,0.2729392497136098,c1,c1
13350,0.4482013771039691,0.34224870610360164,0.2095499167924293,c1,c1
2888,0.496228286299908,0.358072762867934,0.14569895083215806,c1,c1
1999,0.3036204661921279,0.3443184119496686,0.3520611218582035,c234,c5
16470,0.20482193075958782,0.43206930202614907,0.36310876721426316,c1,c234
19469,0.42667064135223676,0.42898703785006764,0.1443423207976957,c234,c234
16100,0.16962222273824884,0.2341701990580877,0.5962075782036635,c5,c5
1198,0.43100871450458395,0.3079809101227036,0.2610103753727124,c1,c1
14825,0.4476990757053295,0.415101334833187,0.13719958946148347,c1,c1
10849,0.46601310021174475,0.23791441332743632,0.29607248646081885,c1,c1
15534,0.47962058637994004,0.3816858137971669,0.13869359982289306,c1,c1
11052,0.32711592577820947,0.32822641483575354,0.344657659386037,c5,c5
15433,0.18968637189420212,0.4921005479450016,0.3182130801607963,c5,c234
19125,0.24830456887594288,0.44388062977324727,0.30781480135080985,c1,c234
8931,0.20309406330836627,0.453563826728297,0.34334210996333675,c234,c234
16063,0.24635100935909965,0.3709866692758975,0.3826623213650029,c234,c5
11000,0.19285011943890012,0.4620362934041117,0.3451135871569882,c1,c234
7539,0.16224294165150616,0.36448000667188307,0.47327705167661077,c1,c5
10113,0.2849272325489058,0.44152279139660244,0.2735499760544917,c1,c234
11763,0.2768356850031999,0.27594857592417593,0.4472157390726242,c1,c5
10955,0.20570536852325091,0.41679798611586316,0.3774966453608859,c1,c234
6980,0.3300302438453533,0.35364237118175795,0.31632738497288865,c5,c234
16843,0.6504943804610481,0.27023884379348145,0.07926677574547039,c1,c1
12021,0.3990542260729533,0.35278720611461933,0.24815856781242732,c234,c1
19958,0.1689583346206359,0.5290600954273057,0.30198156995205844,c234,c234
7881,0.3888449482256097,0.3792756794910334,0.2318793722833567,c1,c1
11950,0.5990779448113451,0.2866682351302545,0.11425382005840032,c234,c1
11585,0.45559283135484885,0.24879629142018053,0.29561087722497065,c1,c1
17712,0.21865356165926575,0.35503511519079345,0.4263113231499408,c234,c5
6526,0.2909609203472239,0.27587246856010283,0.4331666110926733,c5,c5
18379,0.1699176584453908,0.35437130258851524,0.4757110389660939,c5,c5
4431,0.19394087802781546,0.28108860765331334,0.5249705143188712,c5,c5
7492,0.20375317954554634,0.3199475823446189,0.4762992381098347,c234,c5
15418,0.2204005683275791,0.3624127557221946,0.41718667595022635,c1,c5
16519,0.4239482153013417,0.2877755832026358,0.28827620149602257,c5,c1
2366,0.3409599551525646,0.4041116930797045,0.2549283517677309,c1,c234
2803,0.2015548922797786,0.31194048470726043,0.486504623012961,c234,c5
5180,0.16250326992142944,0.2713722918401224,0.5661244382384482,c234,c5
19297,0.13093920898920414,0.3429003831209556,0.5261604078898402,c5,c5
3962,0.544801368895665,0.32531702892988096,0.12988160217445396,c1,c1
3607,0.2489908906728842,0.4898046878358329,0.26120442149128287,c5,c234
923,0.15551092919833648,0.3312835795584804,0.5132054912431832,c234,c5
738,0.29990064535072053,0.360435530244022,0.3396638244052575,c5,c234
15666,0.37090427391945463,0.31963660646129016,0.30945911961925526,c1,c1
18950,0.2020643942636567,0.323201228933818,0.4747343768025253,c234,c5
3999,0.22599267515469892,0.3179892790095902,0.4560180458357109,c1,c5
4697,0.440334845091646,0.330644828975691,0.22902032593266303,c1,c1
6358,0.16501325492568233,0.35142434969382785,0.4835623953804899,c234,c5
14906,0.21104252918879696,0.34022133494384865,0.44873613586735434,c5,c5
2712,0.21122228731898648,0.3459502190845124,0.44282749359650103,c234,c5
8305,0.2799383768906777,0.495469020676255,0.22459260243306742,c234,c234
11020,0.1836575004032223,0.256187360011822,0.5601551395849558,c5,c5
14260,0.38607355775210433,0.33900124744897775,0.27492519479891797,c1,c1
17440,0.09243204799057708,0.39861952810266826,0.5089484239067547,c234,c5
6268,0.33972778235569,0.3602240488655774,0.3000481687787325,c1,c234
340,0.46556549332335295,0.303331577085205,0.23110292959144202,c1,c1
7482,0.14881845328286428,0.43464632323867497,0.4165352234784607,c234,c234
6602,0.1952155053901788,0.36704350648580786,0.4377409881240134,c1,c5
18019,0.11795026786929481,0.41864049385639907,0.46340923827430613,c1,c5
18353,0.2347256575549186,0.23399097340529657,0.5312833690397848,c5,c5
15790,0.24420667849086106,0.27403059715216654,0.4817627243569724,c1,c5
4927,0.47321823409579816,0.43047097151506614,0.09631079438913577,c234,c1
9134,0.32904005073548914,0.2667119973264758,0.40424795193803503,c234,c5
18188,0.16599111659120727,0.3225999271982597,0.511408956210533,c5,c5
16021,0.29163883118057565,0.3664843912738181,0.3418767775456063,c1,c234
18932,0.25031544156731544,0.3789461798030193,0.3707383786296653,c1,c234
1868,0.2525411471605497,0.328838407970772,0.4186204448686783,c234,c5
18755,0.4752515653227056,0.31962085020395004,0.20512758447334445,c1,c1
13621,0.34745691314746957,0.4289913713586982,0.22355171549383232,c1,c234
19111,0.29052569158515107,0.3652342059907126,0.3442401024241363,c1,c234
17118,0.28208873543468804,0.39504110239445794,0.32287016217085396,c1,c234
7714,0.50891226836988,0.31195188568988347,0.1791358459402365,c5,c1
2340,0.09305977125299933,0.4201305784607247,0.486809650286276,c5,c5
5888,0.3487732240011721,0.4155646451984537,0.2356621308003743,c1,c234
6482,0.3764832971820494,0.32636944666021783,0.2971472561577328,c5,c1
13907,0.40977152420207796,0.37464228195725235,0.2155861938406697,c1,c1
2680,0.20946082654287737,0.2827496253079417,0.507789548149181,c5,c5
14288,0.2275415421023384,0.539923996922312,0.2325344609753496,c234,c234
1293,0.17942159043036568,0.41981824544510005,0.40076016412453425,c234,c234
1137,0.2888199544488235,0.3359205024418676,0.37525954310930887,c234,c5
9027,0.23748193615393548,0.2286072692492548,0.5339107945968096,c234,c5
20055,0.31832585117348666,0.3126389960620289,0.3690351527644844,c1,c5
9350,0.20757286245043133,0.3725712577391743,0.4198558798103944,c234,c5
12377,0.15010886068599363,0.20162606631870822,0.6482650729952981,c5,c5
18187,0.19386555116108534,0.4366346712511297,0.36949977758778496,c1,c234
10964,0.3813058773536543,0.3137257769716454,0.30496834567470027,c234,c1
14018,0.4242420918559592,0.39720396518365175,0.178553942960389,c234,c1
8282,0.3556095573784575,0.3293270016825465,0.31506344093899596,c1,c1
5406,0.14771128102771108,0.47250516405937315,0.3797835549129158,c1,c234
17504,0.4423966099485531,0.2656147656606277,0.291988624390819,c1,c1
10583,0.29412476802823234,0.4920830705892977,0.21379216138246998,c1,c234
13248,0.21729371468444944,0.3266370563872447,0.4560692289283058,c234,c5
18348,0.23004365259965,0.4072278587284142,0.36272848867193586,c5,c234
15330,0.33642905612881496,0.39092324322394634,0.27264770064723864,c234,c234
5902,0.5555678636427923,0.315731521683953,0.1287006146732546,c234,c1
2263,0.45028353565960416,0.29834058454200646,0.2513758797983893,c1,c1
13020,0.3425290337600854,0.31140520051341414,0.3460657657265004,c1,c5
4899,0.4863903856233497,0.23770458089548502,0.27590503348116535,c1,c1
9029,0.4690627845113643,0.2949861942130653,0.2359510212755703,c234,c1
17584,0.23545034506299017,0.41312445482210763,0.35142520011490214,c234,c234
15016,0.4247007756709366,0.3991272470116691,0.17617197731739428,c234,c1
7838,0.3802938370521538,0.3251842779105468,0.2945218850372994,c5,c1
10241,0.20120684068112665,0.2585273866665713,0.540265772652302,c234,c5
8823,0.28039892698439456,0.3562304633822418,0.3633706096333637,c5,c5
6225,0.4502498730695069,0.23058930779900327,0.31916081913148975,c1,c1
5822,0.36963101920205077,0.4220029784372817,0.20836600236066757,c1,c234
19849,0.1713824210383738,0.491147902630067,0.33746967633155917,c234,c234
7425,0.4466977181275228,0.36043041391447994,0.19287186795799732,c234,c1
17531,0.46386894334674633,0.3222306729323336,0.21390038372092005,c1,c1
1426,0.222210719529944,0.4047458121828343,0.3730434682872217,c5,c234
3285,0.5059817912857405,0.33873467648864947,0.15528353222561003,c234,c1
13604,0.6262968336233273,0.2344517148347336,0.1392514515419392,c1,c1
5481,0.17019165273744724,0.32429089005393374,0.5055174572086191,c5,c5
1965,0.23279418433608887,0.3194408030589799,0.4477650126049313,c5,c5
13666,0.2781068907339737,0.37294513762944403,0.3489479716365823,c1,c234
17133,0.22864037510804575,0.2622298473820396,0.5091297775099146,c1,c5
18067,0.24949802676645474,0.3501305854799791,0.4003713877535661,c5,c5
5870,0.22932714179855923,0.4155008743496369,0.3551719838518038,c5,c234
11524,0.17330302902574427,0.27562713352688945,0.5510698374473663,c5,c5
3948,0.5827043590377006,0.22573175170071091,0.19156388926158838,c5,c1
1006,0.4297424458842893,0.41034107219944954,0.15991648191626123,c1,c1
16918,0.41772043781972384,0.36618780926813166,0.2160917529121445,c234,c1
7937,0.6100620661620626,0.26967280669747673,0.12026512714046075,c5,c1
14715,0.14105427314483915,0.3963459857988142,0.46259974105634666,c234,c5
14303,0.25941612102578065,0.470495364455856,0.2700885145183633,c1,c234
7599,0.4841083432290052,0.30750978390136596,0.2083818728696289,c5,c1
9816,0.5338954418007471,0.2035204409888162,0.26258411721043673,c1,c1
14486,0.18970079020968184,0.4200113026558997,0.39028790713441847,c1,c234
14358,0.1759232253202748,0.34813893348525277,0.47593784119447247,c234,c5
17076,0.09080847379931387,0.2102898997662323,0.6989016264344539,c5,c5
9736,0.2099756401954142,0.3845718999919673,0.40545245981261846,c1,c5
7959,0.4002015490357512,0.3561414969242698,0.24365695403997903,c234,c1
3442,0.51626764660526,0.34503063685417334,0.13870171654056657,c234,c1
5416,0.505977348122891,0.35472337810377647,0.1392992737733325,c1,c1
11514,0.6136193871577558,0.2419400371993745,0.14444057564286977,c1,c1
2729,0.2788339242363463,0.3827159860496583,0.33845008971399543,c5,c234
17307,0.2350641717512803,0.27748833455662203,0.4874474936920977,c234,c5
15488,0.38356929451751914,0.32513670879249684,0.29129399668998407,c1,c1
4563,0.24796648387712739,0.3429251774062498,0.40910833871662283,c5,c5
138,0.21769441239728496,0.2180872417527088,0.5642183458500062,c5,c5
1545,0.601705310539779,0.22296402304522153,0.17533066641499945,c1,c1
2533,0.3822800803229461,0.3430038464613595,0.2747160732156944,c234,c1
17810,0.18774587370642978,0.37280790053082546,0.43944622576274484,c5,c5
15141,0.28776253030216703,0.43329897026866016,0.2789384994291728,c1,c234
214,0.2926557439321683,0.3554450827519865,0.3518991733158452,c1,c234
16430,0.4714584747599468,0.39041455277075515,0.13812697246929806,c234,c1
15951,0.4195584469590009,0.2607206922725597,0.31972086076843953,c5,c1
1653,0.2068533317855225,0.339866300068266,0.4532803681462115,c234,c5
8789,0.30794298519811153,0.30299593023657856,0.38906108456530986,c1,c5
19444,0.44568056468731443,0.37070572908898614,0.1836137062236995,c1,c1
10457,0.25597459787264587,0.4409862914803213,0.3030391106470328,c234,c234
7743,0.12277101301631659,0.36584985619583427,0.5113791307878491,c5,c5
15213,0.3091558002811773,0.3678637008796733,0.32298049883914937,c234,c234
18059,0.2537683524882518,0.28905945570497316,0.457172191806775,c234,c5
19793,0.4791326092364523,0.24467846343598437,0.2761889273275634,c234,c1
12915,0.16780592099276395,0.5325967767955895,0.29959730221164654,c1,c234
14102,0.5666759107747671,0.3108271756844225,0.12249691354081041,c234,c1
6162,0.14614113423382108,0.39345436630673525,0.46040449945944373,c5,c5
7534,0.16335078030297084,0.43847367323100706,0.3981755464660222,c5,c234
17293,0.13608480108759297,0.29930191414538604,0.5646132847670209,c5,c5
874,0.23812019270746773,0.41698462349485627,0.34489518379767603,c234,c234
2549,0.11946564348939766,0.3084641248974694,0.572070231613133,c5,c5
8860,0.1896995497942729,0.5027048069821266,0.30759564322360056,c234,c234
17991,0.2035734598523126,0.21565750454964877,0.5807690355980386,c234,c5
12037,0.6214455568266122,0.2583066596487755,0.1202477835246124,c1,c1
15172,0.2514610705718468,0.3867642131240203,0.36177471630413294,c234,c234
16042,0.3917411363859273,0.3221788157988362,0.2860800478152365,c1,c1
10069,0.4133790584331668,0.34670240493262094,0.2399185366342123,c234,c1
16609,0.41111005956464214,0.25867301547703914,0.3302169249583188,c5,c1
2753,0.41646743452341506,0.3654740074524767,0.2180585580241082,c1,c1
3375,0.45739517332350016,0.4580069795992995,0.08459784707720036,c5,c234
7185,0.21537851921037832,0.22818384924680765,0.556437631542814,c234,c5
799,0.2799023674941941,0.3612293439295657,0.3588682885762401,c234,c234
12388,0.37084433164990627,0.396324355015318,0.23283131333477583,c1,c234
489,0.3561663079137839,0.3477508950674722,0.29608279701874396,c5,c1
18469,0.1843101108612828,0.46674442477873707,0.3489454643599801,c1,c234
12967,0.22764998894636665,0.26014626243970673,0.5122037486139266,c5,c5
9518,0.22898966211303634,0.2824366496353795,0.48857368825158404,c234,c5
19676,0.15095732158298283,0.2899559580187877,0.5590867203982295,c234,c5
16773,0.4185170816050733,0.2529609475862798,0.328521970808647,c1,c1
19955,0.20311534117404212,0.39715037731211733,0.3997342815138405,c234,c5
15829,0.39865987822445176,0.37888818721404344,0.2224519345615048,c234,c1
7045,0.38598240121869043,0.22279989918307228,0.3912176995982373,c1,c5
2571,0.22732561189542294,0.3022870493967789,0.4703873387077982,c234,c5
8964,0.3888234298414001,0.2815350122782136,0.32964155788038624,c5,c1
15008,0.26747009804128363,0.36515213092311555,0.3673777710356008,c234,c5
19160,0.6905610997447519,0.21882189486807446,0.09061700538717372,c5,c1
11667,0.18638770035824115,0.39531352691524835,0.41829877272651056,c1,c5
4855,0.2949460120954422,0.3236046761920487,0.3814493117125092,c5,c5
17170,0.2910329475877912,0.503027160335911,0.20593989207629776,c234,c234
1604,0.41003072541430574,0.319435625650318,0.2705336489353762,c1,c1
6675,0.19175331733499248,0.3824561997329628,0.4257904829320448,c234,c5
12560,0.5895301567302595,0.23877985375144767,0.17168998951829284,c234,c1
17208,0.15378532779978563,0.35800438284529695,0.4882102893549175,c234,c5
10472,0.4714162612233895,0.3921021934268309,0.13648154534977966,c234,c1
2778,0.34679065437701995,0.35440039426367215,0.29880895135930785,c234,c234
4673,0.4485948452698946,0.33812787813862044,0.21327727659148485,c1,c1
13871,0.4197638702473017,0.37730127724484597,0.2029348525078524,c234,c1
7662,0.19318835162099438,0.3713767921931445,0.43543485618586103,c5,c5
15588,0.1541021491811167,0.345739287327768,0.5001585634911152,c5,c5
3667,0.3761058268192513,0.33121080864870456,0.2926833645320442,c1,c1
15514,0.21327438034515817,0.44144515030216314,0.34528046935267864,c5,c234
15859,0.49593038725682376,0.33308353121299017,0.1709860815301861,c234,c1
15924,0.07705212447532118,0.28970766252182767,0.633240213002851,c5,c5
8948,0.561213798583346,0.26242052709336516,0.1763656743232888,c1,c1
9756,0.33310134936390684,0.36411576521214106,0.30278288542395193,c234,c234
5066,0.24838740292671982,0.2403181057849383,0.5112944912883418,c234,c5
19777,0.5167674346756814,0.3520388556093558,0.13119370971496275,c234,c1
9901,0.13998730786557198,0.2771178818129455,0.5828948103214826,c234,c5
3859,0.2402507838993389,0.44342975675753216,0.316319459343129,c234,c234
3944,0.2668016485593312,0.32074076253181494,0.4124575889088538,c5,c5
11131,0.34521809809219534,0.3706937237480642,0.2840881781597405,c5,c234
15989,0.17101745291178155,0.4376215300062249,0.39136101708199367,c234,c234
5266,0.5773103276440914,0.31632328908515556,0.10636638327075298,c1,c1
1585,0.12852426731267935,0.33560379635745974,0.535871936329861,c234,c5
4266,0.12420075624146905,0.3911232673148134,0.4846759764437176,c234,c5
15422,0.1358657796664096,0.30500837556661875,0.5591258447669716,c5,c5
3470,0.3186024427380448,0.4135890880140053,0.26780846924794993,c234,c234
4099,0.24791612427407514,0.3350073871720879,0.417076488553837,c5,c5
3336,0.20710909386133988,0.3741820104952993,0.4187088956433608,c234,c5
16521,0.11647241036394859,0.30640201486410484,0.5771255747719466,c5,c5
5929,0.4067641704227376,0.31151655913466036,0.2817192704426021,c1,c1
19354,0.38624709281659164,0.2713839750374765,0.3423689321459319,c1,c1
5907,0.2418819476911216,0.3742264563970794,0.3838915959117991,c1,c5
13674,0.190895353281428,0.27389888793122674,0.5352057587873452,c234,c5
7352,0.2132057640765545,0.3885057996264734,0.39828843629697214,c234,c5
17552,0.17881361430681075,0.3919284940186595,0.4292578916745298,c5,c5
8107,0.13986723521729094,0.4207101319919554,0.43942263279075366,c234,c5
830,0.45018203069850404,0.3066655648640043,0.24315240443749161,c5,c1
349,0.32059896703081686,0.412743423394305,0.26665760957487816,c5,c234
6376,0.22903706505908245,0.504419845783379,0.2665430891575386,c1,c234
9039,0.17766795737625596,0.4620536723151317,0.3602783703086123,c234,c234
2582,0.1832033334323633,0.3728440171278451,0.44395264943979174,c5,c5
13659,0.13205827342613316,0.3214304142200087,0.5465113123538581,c5,c5
19280,0.20583485270122068,0.2557541264719381,0.5384110208268412,c234,c5
4828,0.22339035115103784,0.44821651331883744,0.3283931355301247,c234,c234
14889,0.17529943891025349,0.3848130372239355,0.439887523865811,c234,c5
14098,0.14649876962710748,0.42824793324614463,0.42525329712674786,c5,c234
10058,0.5714982985461321,0.20068248311755088,0.22781921833631702,c234,c1
2993,0.19114471980583875,0.34527818320059733,0.46357709699356386,c5,c5
9176,0.3315236743098847,0.5170535794304328,0.1514227462596825,c234,c234
19846,0.24851911993370845,0.33721446770736047,0.41426641235893114,c234,c5
11921,0.18390246323870138,0.3411877622436113,0.4749097745176873,c1,c5
19063,0.5975922177644273,0.2341032101776673,0.16830457205790544,c1,c1
18312,0.2557158225833157,0.3331247292498199,0.41115944816686445,c5,c5
11871,0.41426555267096443,0.2844852253247282,0.30124922200430737,c234,c1
2207,0.16468550392828965,0.3178255374288589,0.5174889586428515,c5,c5
6767,0.4176929665244763,0.3655690790588347,0.21673795441668897,c234,c1
3008,0.3493744772991685,0.40440846550095244,0.2462170571998791,c5,c234
8206,0.3669206736879566,0.32581476839645723,0.3072645579155862,c1,c1
4391,0.3093074927059594,0.4621797278666421,0.22851277942739853,c234,c234
3104,0.4423966099485531,0.2656147656606277,0.291988624390819,c234,c1
14149,0.45028353565960416,0.29834058454200646,0.2513758797983893,c1,c1
16300,0.20885106186114108,0.41244110856579697,0.378707829573062,c1,c234
14717,0.37571916220499124,0.5066714093683317,0.1176094284266771,c5,c234
4763,0.18466780606946284,0.32382943541184717,0.49150275851869,c5,c5
1505,0.35008714850719236,0.4739230271630376,0.17598982432977,c1,c234
17326,0.1248231215838324,0.42762849223658117,0.44754838617958637,c5,c5
17652,0.19584615453400733,0.47751899696758127,0.3266348484984114,c1,c234
14270,0.15544253209951162,0.18925859143565266,0.6552988764648358,c5,c5
4914,0.25798324791768257,0.42410705304655644,0.31790969903576094,c5,c234
7773,0.3588820815745804,0.3332931819209545,0.30782473650446507,c1,c1
15930,0.36472463414907547,0.25471130191050406,0.38056406394042036,c5,c5
4593,0.3368339037129422,0.3347491723679528,0.32841692391910504,c234,c1
17339,0.2586241658525761,0.23387627285997897,0.5074995612874449,c5,c5
10749,0.2790618070516473,0.3342289021793764,0.38670929076897637,c234,c5
8787,0.2698321133477333,0.31067494161756276,0.4194929450347038,c5,c5
1499,0.27905842323071206,0.35994952576622313,0.36099205100306475,c234,c5
5248,0.4010382728588155,0.3666872584301819,0.23227446871100263,c1,c1
16980,0.21449283517361026,0.2802728606932331,0.5052343041331564,c5,c5
8423,0.4078650157939486,0.36056473348638074,0.2315702507196707,c1,c1
4618,0.39150254819733626,0.3295436730731732,0.2789537787294904,c1,c1
2393,0.2289521014872177,0.41139291113384324,0.359654987378939,c1,c234
9175,0.3802026849738026,0.3270133760764379,0.2927839389497596,c234,c1
1007,0.2834188896754587,0.39785766761530506,0.3187234427092363,c5,c234
9890,0.37057123768742706,0.36662128530461263,0.26280747700796037,c1,c1
11762,0.23292550818890945,0.2319080249707087,0.5351664668403819,c5,c5
4334,0.145422957719711,0.4108207739651534,0.4437562683151356,c1,c5
11094,0.7077012793573462,0.2173642405667365,0.07493448007591742,c1,c1
10892,0.3231697006912565,0.27820858761368117,0.39862171169506233,c1,c5
19814,0.4157815634668915,0.33463736514528813,0.24958107138782037,c1,c1
11019,0.16018454760543482,0.3159605733275777,0.5238548790669875,c5,c5
5701,0.3662217345650164,0.351721718629692,0.2820565468052917,c5,c1
8203,0.358986994492355,0.36903539672670815,0.2719776087809369,c234,c234
6185,0.28507337795579735,0.4305662049613529,0.2843604170828498,c1,c234
16828,0.4414349183237176,0.35868718355554063,0.19987789812074183,c1,c1
3036,0.6412295350325352,0.2709060510841206,0.0878644138833442,c1,c1
14629,0.20120684068112665,0.2585273866665713,0.540265772652302,c5,c5
159,0.20902383975562958,0.39461575493009066,0.39636040531427985,c5,c5
7493,0.3595040245281859,0.26530507889548477,0.37519089657632926,c1,c5
18585,0.16894828865951608,0.34776194958652823,0.4832897617539557,c5,c5
1692,0.2775471364118756,0.2689776217344789,0.45347524185364546,c5,c5
13304,0.15578964263974746,0.2807019909232894,0.5635083664369631,c5,c5
6216,0.18478937140579355,0.36929545635514904,0.4459151722390574,c1,c5
2484,0.5745000124193467,0.24019917682723171,0.18530081075342159,c1,c1
8874,0.14751546753055325,0.21579107360616961,0.6366934588632771,c5,c5
16146,0.2294899035655083,0.27039413393345746,0.5001159625010343,c5,c5
6915,0.1873734249451951,0.47899364790302634,0.3336329271517785,c234,c234
17283,0.569385613266302,0.34103756826425496,0.08957681846944303,c1,c1
5709,0.38781305295716717,0.257893874301213,0.35429307274161975,c5,c1
17054,0.3478509186364033,0.28137572814341927,0.37077335322017757,c1,c5
6671,0.24279554003777998,0.3256860062106392,0.4315184537515808,c234,c5
10879,0.09591124493786199,0.16705066182294853,0.7370380932391895,c5,c5
16747,0.2293257831560159,0.3473522065891129,0.4233220102548711,c5,c5
1368,0.434693076724275,0.3159999360271054,0.2493069872486196,c1,c1
18136,0.21210706314414868,0.23414451041765932,0.553748426438192,c1,c5
16587,0.25308558463365555,0.3707488816396875,0.37616553372665695,c234,c5
2497,0.3480724349503247,0.35253843308514643,0.2993891319645288,c1,c234
17182,0.37946962813176144,0.3210448834072993,0.2994854884609392,c234,c1
17683,0.394424795503762,0.444997536973169,0.16057766752306887,c1,c234
12088,0.37146929575132814,0.3017620254125917,0.3267686788360802,c234,c1
1927,0.2923882918732656,0.38121734980314925,0.32639435832358515,c234,c234
456,0.4027792561519087,0.4225824219501287,0.17463832189796274,c5,c234
15015,0.43720956451481363,0.30404028588521487,0.25875014959997145,c234,c1
9460,0.29226817344519423,0.42708020817154735,0.2806516183832584,c1,c234
7401,0.23539749831481793,0.2342218827030354,0.5303806189821467,c5,c5
6175,0.47605773291746545,0.2667735960168192,0.25716867106571545,c1,c1
3771,0.3551791502181607,0.2751852695270979,0.3696355802547414,c5,c5
14651,0.18338345270972514,0.32087671748012625,0.49573982981014864,c1,c5
19744,0.48544915803444366,0.4024364096825666,0.11211443228298978,c1,c1
8460,0.36571687023159427,0.34943216617921946,0.28485096358918616,c234,c1
14655,0.3705743578221495,0.37987711294288806,0.2495485292349624,c1,c234
7092,0.41772043781972384,0.36618780926813166,0.2160917529121445,c234,c1
12391,0.35980380432880416,0.3561015887973356,0.2840946068738603,c1,c1
8212,0.21097472790225483,0.38573150404372414,0.4032937680540211,c1,c5
16416,0.30607273537207086,0.41367009119574283,0.28025717343218626,c5,c234
16956,0.2721822605375909,0.38887131773705175,0.3389464217253573,c5,c234
141,0.3054637098105762,0.4067810884190841,0.28775520177033975,c5,c234
7851,0.5671679585727665,0.3298701411347377,0.10296190029249579,c5,c1
2033,0.321820702239746,0.3981895703993508,0.2799897273609032,c1,c234
782,0.30465686595979896,0.3970160478338707,0.29832708620633036,c234,c234
4109,0.22479853789392457,0.3136141520659908,0.46158731004008463,c5,c5
12389,0.446892469005454,0.21975182675632104,0.3333557042382249,c5,c1
16427,0.3125621788306708,0.41175142509772167,0.27568639607160755,c234,c234
5299,0.4215315775293037,0.3920972841968341,0.18637113827386226,c5,c1
10533,0.2768460210231398,0.30499807634384674,0.41815590263301344,c5,c5
1317,0.33107096223128973,0.3356559995787568,0.3332730381899535,c1,c234
11526,0.4850084810856047,0.3258390798066618,0.18915243910773344,c1,c1
1320,0.42867794561012385,0.3607188154095258,0.21060323898035035,c234,c1
5426,0.271648883566093,0.4303930476452269,0.2979580687886802,c5,c234
14681,0.42750258731475527,0.2895906318108628,0.282906780874382,c5,c1
3577,0.0973773051810957,0.3667546598540472,0.5358680349648571,c234,c5
10151,0.37118235224242563,0.4228575807973599,0.20596006696021454,c5,c234
17525,0.22422598371485764,0.40484810985943226,0.3709259064257101,c1,c234
16592,0.14249646353635026,0.25533083549633284,0.6021727009673169,c5,c5
16608,0.2213935945535379,0.2695196611413243,0.5090867443051377,c1,c5
19143,0.17787120192841618,0.39735222410167237,0.4247765739699115,c234,c5
17310,0.18022486776293675,0.4274586214470286,0.39231651079003466,c234,c234
4432,0.28457437870996716,0.3686401955570123,0.34678542573302057,c1,c234
5365,0.30279497000088407,0.32121055520891195,0.3759944747902039,c234,c5
10064,0.1961531291149848,0.30723935982914613,0.4966075110558691,c1,c5
10060,0.13114428900060612,0.3336996460205609,0.535156064978833,c5,c5
12934,0.2729374450791723,0.30111725416068463,0.42594530076014314,c1,c5
13138,0.23900485920481346,0.40739388947073074,0.3536012513244558,c5,c234
16357,0.27609965673568093,0.44359382915184764,0.2803065141124715,c1,c234
15390,0.26084607789592285,0.34255632224548727,0.3965975998585898,c5,c5
19187,0.500166707376292,0.3721900291437593,0.12764326347994873,c234,c1
12317,0.3389772590507437,0.33570170658675236,0.325321034362504,c1,c1
2874,0.33246214397927376,0.36219553023877876,0.3053423257819475,c234,c234
12839,0.3253135839593164,0.36311927826276696,0.3115671377779166,c5,c234
1523,0.35407921477736937,0.20516663349075603,0.4407541517318746,c5,c5
7113,0.37557025932088356,0.3040087764750333,0.32042096420408306,c1,c1
7227,0.21392425950527488,0.3530958349160329,0.43297990557869215,c234,c5
3430,0.2156827542630273,0.35460035412107127,0.4297168916159014,c234,c5
3444,0.21663707836863955,0.36716732052610074,0.4161956011052597,c1,c5
17742,0.4286297440530439,0.45602614297711536,0.11534411296984073,c5,c234
14686,0.5106358162473383,0.35195567440166386,0.13740850935099774,c1,c1
9742,0.2100906178814979,0.36311532256124324,0.42679405955725896,c234,c5
7098,0.3406139287884836,0.31767965603629206,0.34170641517522427,c234,c5
9670,0.35733866848322304,0.37509737133572896,0.267563960181048,c234,c234
13778,0.15999174208059364,0.399400119509313,0.4406081384100934,c1,c5
14548,0.5099848863538659,0.3645313441906787,0.12548376945545553,c1,c1
7487,0.2157945145471709,0.46114250384922223,0.3230629816036069,c234,c234
9448,0.3073236793521831,0.36773312204915437,0.32494319859866255,c234,c234
13152,0.3558172435022302,0.26170388844522713,0.3824788680525427,c1,c5
3851,0.14686991115046755,0.5132260090167378,0.3399040798327947,c5,c234
18069,0.401012327897616,0.39818887507315437,0.20079879702922981,c1,c1
1448,0.3343605776421162,0.30622221236851543,0.35941720998936844,c5,c5
16214,0.5671679585727665,0.3298701411347377,0.10296190029249579,c234,c1
15894,0.21717215746379961,0.26844854209910407,0.5143793004370963,c5,c5
6955,0.6065432791595224,0.23130746795390236,0.16214925288657525,c1,c1
8945,0.4754022577963449,0.33910579703871185,0.18549194516494322,c234,c1
4482,0.3604006870640311,0.2620465662297665,0.3775527467062024,c1,c5
1855,0.32946123371001174,0.3558687140141151,0.31467005227587325,c234,c234
13331,0.18390246323870138,0.3411877622436113,0.4749097745176873,c234,c5
10809,0.14875659248026507,0.38313154947157396,0.468111858048161,c234,c5
3848,0.3537480014980759,0.3860315100339742,0.2602204884679499,c234,c234
4188,0.4794931321801725,0.33529009270281696,0.18521677511701048,c1,c1
7520,0.2789897130480474,0.4075626027416435,0.31344768421030905,c1,c234
7645,0.44334958914044975,0.40228453370061495,0.15436587715893538,c5,c1
14517,0.5720684919455532,0.3166699224277835,0.11126158562666319,c1,c1
4519,0.28383127687185333,0.22740612682711547,0.48876259630103125,c1,c5
9625,0.45136616875138175,0.25343944352045755,0.29519438772816076,c1,c1
13670,0.4930748445694394,0.19765771223798484,0.3092674431925758,c1,c1
956,0.11265704776100305,0.22288913528562931,0.6644538169533677,c5,c5
13279,0.21665650129563993,0.28638407716436476,0.4969594215399953,c5,c5
6882,0.24976798488505764,0.4069724239029684,0.3432595912119739,c5,c234
10266,0.5967866010383036,0.3095735686180614,0.09363983034363503,c1,c1
3419,0.2562210530426125,0.25309612948478943,0.49068281747259795,c234,c5
14152,0.5568281462489202,0.3208688247409166,0.12230302901016313,c1,c1
6497,0.25720015314164657,0.2858958030400873,0.456904043818266,c5,c5
6266,0.22552785519222512,0.31125619703237295,0.4632159477754019,c5,c5
8009,0.20707609526818177,0.3471243693684106,0.4457995353634076,c234,c5
19921,0.1324726500464331,0.39316222517213756,0.47436512478142934,c5,c5
4754,0.46153846376384716,0.4088326567791455,0.12962887945700738,c234,c1
1634,0.21897866221948603,0.38747888902197347,0.3935424487585405,c5,c5
18800,0.19297652611742203,0.2432505233058162,0.5637729505767618,c234,c5
11113,0.19561706928741757,0.3831257765779753,0.4212571541346072,c234,c5
13828,0.19883836444444497,0.2889179552620768,0.5122436802934782,c5,c5
1685,0.29207053579834563,0.26524970999453845,0.4426797542071159,c1,c5
109,0.20219605334608018,0.29486309534219857,0.5029408513117211,c234,c5
15685,0.2914982496434987,0.30071164131667827,0.4077901090398231,c5,c5
6540,0.389983077072243,0.4836981793944476,0.12631874353330946,c234,c234
18851,0.3901034169572624,0.3743258722974054,0.23557071074533226,c234,c1
14167,0.1866759981634311,0.3042921458156573,0.5090318560209116,c234,c5
13914,0.33022355060259717,0.3728738198349136,0.29690262956248925,c5,c234
15469,0.5602310788851858,0.3193385354610826,0.12043038565373163,c234,c1
5468,0.48224069080195503,0.30411362833114813,0.21364568086689678,c1,c1
13214,0.29470109570505265,0.37461777221103676,0.3306811320839106,c5,c234
16547,0.5750063650142919,0.3070388520126659,0.11795478297304221,c1,c1
19067,0.45269423700629224,0.30534919362766216,0.24195656936604557,c1,c1
17238,0.2316322791680927,0.3519687594980679,0.4163989613338394,c1,c5
10336,0.21721254942777782,0.39582098269588,0.3869664678763421,c234,c234
1841,0.10752260417652053,0.33462260528663823,0.5578547905368413,c5,c5
9506,0.2167932362926323,0.3839263849176043,0.39928037878976336,c234,c5
18812,0.2471014784622711,0.32891922267882245,0.42397929885890645,c234,c5
12075,0.2979891581903778,0.3293888581374886,0.3726219836721336,c1,c5
802,0.17815153903774195,0.29391742196663373,0.5279310389956244,c5,c5
17414,0.3143485847767959,0.4024757480617474,0.28317566716145665,c5,c234
17925,0.2143711428246818,0.4824165454577368,0.30321231171758134,c1,c234
16921,0.0932150544685056,0.23941334560721533,0.6673715999242791,c5,c5
10619,0.4335125074854934,0.4281501299680272,0.1383373625464794,c1,c1
13244,0.7674322767130042,0.15799898895441444,0.07456873433258145,c1,c1
4242,0.5358907760338062,0.33247199315427645,0.13163723081191728,c234,c1
891,0.31236907105579614,0.34417770747009796,0.3434532214741059,c5,c234
12274,0.3159372222660327,0.3689015167621627,0.3151612609718045,c234,c234
1339,0.4144906005300891,0.4402191635277216,0.14529023594218932,c1,c234
13739,0.2950360648426934,0.2725558721533693,0.4324080630039373,c234,c5
10971,0.215389351158765,0.4360827767276924,0.3485278721135426,c234,c234
1414,0.2402798368302798,0.21246744329547956,0.5472527198742406,c5,c5
879,0.45182874765230513,0.3335786716761794,0.21459258067151551,c234,c1
15810,0.33989717230472455,0.360817922839172,0.2992849048561033,c1,c234
7149,0.14768368914657398,0.3184642539924404,0.5338520568609857,c234,c5
5936,0.3135777567133379,0.20640775309584733,0.48001449019081477,c5,c5
7910,0.29741653907756016,0.39714618964439885,0.3054372712780411,c5,c234
14683,0.5114159167908628,0.32220666270096204,0.1663774205081751,c1,c1
1606,0.3323177453396356,0.25381309270049096,0.41386916195987344,c1,c5
15870,0.223397747285193,0.36144378885682293,0.4151584638579841,c1,c5
17600,0.27160537049463507,0.3062135274628305,0.4221811020425344,c5,c5
7179,0.30070292854803665,0.3107212259165522,0.3885758455354111,c5,c5
17992,0.5671679585727665,0.3298701411347377,0.10296190029249579,c234,c1
15307,0.14274864976794646,0.44260980054145926,0.4146415496905943,c234,c234
1000,0.5157104548948074,0.3141648832839881,0.1701246618212044,c234,c1
11022,0.3671991701748227,0.3713305984750802,0.26147023135009706,c1,c234
15228,0.26037551494703526,0.5169228622296755,0.22270162282328926,c234,c234
7591,0.27707974413371383,0.3239175983562147,0.3990026575100715,c5,c5
4376,0.3071461756202064,0.34958851757510323,0.34326530680469036,c234,c234
54,0.27714655798549115,0.37936779414558186,0.34348564786892705,c5,c234
11125,0.20738270988462978,0.28338183897100994,0.5092354511443602,c234,c5
1047,0.2672634166470731,0.331474553245746,0.40126203010718103,c234,c5
984,0.5157645930804754,0.32723112307305263,0.157004283846472,c1,c1
661,0.30329469702720663,0.2575618672232215,0.4391434357495719,c5,c5
6200,0.22307265100223522,0.3554193082236571,0.4215080407741077,c5,c5
17709,0.37361298526835174,0.2819063561253647,0.3444806586062835,c5,c1
11955,0.3858485962748138,0.44732787472046665,0.1668235290047195,c1,c234
6158,0.2793481222856983,0.29409759166084826,0.4265542860534535,c5,c5
14277,0.17738386871914608,0.22832626477704537,0.5942898665038086,c5,c5
8794,0.14045219310349902,0.3068708874019367,0.5526769194945643,c5,c5
6712,0.5176488504967209,0.3495253077821406,0.1328258417211384,c234,c1
10876,0.2680518505410404,0.35330518417556533,0.37864296528339425,c5,c5
67,0.24331117688066187,0.345373284916191,0.41131553820314715,c1,c5
15744,0.5671679585727665,0.3298701411347377,0.10296190029249579,c1,c1
8260,0.17739377767804348,0.529577112913174,0.2930291094087826,c1,c234
11916,0.2405293342822056,0.38930861574363745,0.3701620499741569,c5,c234
12862,0.19880911624729794,0.25240335161830135,0.5487875321344007,c234,c5
10495,0.1986265294214078,0.29387390079019515,0.507499569788397,c5,c5
12087,0.4554531803343302,0.3733157063371858,0.171231113328484,c5,c1
16575,0.540896971888021,0.35165674679381237,0.10744628131816655,c1,c1
13917,0.3489413552817054,0.29150241796371795,0.35955622675457655,c234,c5
16219,0.2268555498661821,0.3237587088306097,0.4493857413032082,c1,c5
15063,0.18455634786159444,0.4061350780718754,0.4093085740665302,c234,c5
15460,0.7245647261171029,0.1798516359679932,0.09558363791490404,c1,c1
4198,0.36987757559103296,0.2809013206854887,0.34922110372347837,c234,c1
7649,0.19722379199886414,0.39282685889855423,0.40994934910258163,c5,c5
10736,0.17148595325768218,0.3645842039319172,0.46392984281040067,c5,c5
7576,0.3882455106909976,0.3379897311174201,0.27376475819158225,c1,c1
10133,0.28317374520554317,0.3085607927595486,0.4082654620349082,c5,c5
12466,0.16891898855332665,0.3207830039661014,0.510298007480572,c5,c5
7058,0.3395904740552926,0.26288399339911167,0.3975255325455957,c1,c5
17393,0.48783597938655054,0.307638787997382,0.20452523261606745,c1,c1
7513,0.1241238908081285,0.2940138167088656,0.5818622924830059,c5,c5
7435,0.30881306655399454,0.36592571756286263,0.3252612158831429,c234,c234
7836,0.29455073692044814,0.3895370769941736,0.3159121860853782,c234,c234
15809,0.07289280253139799,0.30488758130185895,0.622219616166743,c5,c5
9674,0.23569350699845243,0.4217810911324584,0.3425254018690892,c5,c234
19343,0.3477027653551257,0.31378945366712924,0.33850778097774514,c1,c1
14063,0.4955261935427252,0.29638044963919496,0.20809335681807983,c1,c1
6435,0.42463686804096346,0.34522677958129344,0.23013635237774302,c234,c1
5550,0.2262574476074574,0.38663009651520186,0.3871124558773407,c1,c5
12040,0.2627767535559843,0.26766656323686916,0.46955668320714655,c234,c5
10005,0.17889454274713684,0.37570905472595767,0.44539640252690543,c234,c5
4031,0.5671679585727665,0.3298701411347377,0.10296190029249579,c1,c1
288,0.38436725962513435,0.3062803650932377,0.30935237528162796,c1,c1
16823,0.13192924049979265,0.25923595037014474,0.6088348091300626,c5,c5
5767,0.2641674457165422,0.39747503526806166,0.3383575190153961,c234,c234
13208,0.29140658296031957,0.2994321148958695,0.40916130214381086,c5,c5
17929,0.3165804402429597,0.31860143277898584,0.3648181269780544,c5,c5
18954,0.17959655153275572,0.3758568317476143,0.44454661671963003,c5,c5
5337,0.41772043781972384,0.36618780926813166,0.2160917529121445,c1,c1
11735,0.19729717471297456,0.3578462093390139,0.4448566159480115,c5,c5
7667,0.4545844641628152,0.3819465612815151,0.1634689745556696,c1,c1
18591,0.35150919858126933,0.272561382702785,0.37592941871594565,c234,c5
1463,0.2523803860398082,0.35821735000728194,0.3894022639529098,c234,c5
5637,0.325865450803619,0.3762384240085324,0.2978961251878486,c1,c234
12633,0.32347284186638947,0.2675574148723033,0.40896974326130725,c5,c5
17959,0.5773103276440914,0.31632328908515556,0.10636638327075298,c1,c1
9928,0.4763031899459042,0.3412049626380273,0.18249184741606847,c1,c1
14481,0.41605015367184395,0.3380712984923111,0.2458785478358449,c1,c1
19570,0.20424013857729592,0.3503530202585708,0.4454068411641333,c5,c5
11347,0.465220635564395,0.3507457661695987,0.18403359826600632,c1,c1
2041,0.5705797930562122,0.24163439676868448,0.18778581017510323,c1,c1
8384,0.49122444783738556,0.3127851884935965,0.19599036366901795,c1,c1
19934,0.12654168265905846,0.3524334091628675,0.5210249081780741,c5,c5
19097,0.5106358162473383,0.35195567440166386,0.13740850935099774,c234,c1
17835,0.4548726598909033,0.23124876366931751,0.31387857643977923,c1,c1
17554,0.402373568169424,0.38158117220868737,0.21604525962188856,c1,c1
5246,0.1032031945513729,0.3117302693297862,0.585066536118841,c1,c5
9795,0.35064715408196445,0.275294253858389,0.37405859205964653,c234,c5
1180,0.06154805242376789,0.24587309717035571,0.6925788504058763,c5,c5
2927,0.2900039218371563,0.40331883172845995,0.30667724643438377,c1,c234
18048,0.1032031945513729,0.3117302693297862,0.585066536118841,c234,c5
3884,0.38165880077810765,0.31547718711977446,0.30286401210211794,c1,c1
3609,0.16186459454462798,0.38780240674550503,0.45033299870986704,c234,c5
15529,0.2794095602208549,0.3539639866945223,0.3666264530846228,c5,c5
12366,0.18509511357300182,0.40049672330455044,0.4144081631224477,c1,c5
11155,0.30677158402182697,0.4320613348550233,0.2611670811231496,c1,c234
9560,0.22076298842145564,0.30522529371910206,0.47401171785944224,c234,c5
622,0.24097203366630682,0.319633991626833,0.4393939747068602,c5,c5
14782,0.10343346027321429,0.2777560286281685,0.6188105110986173,c5,c5
15628,0.5130138543730556,0.27909547846986676,0.20789066715707777,c1,c1
1262,0.4612552096266187,0.3450257860808247,0.19371900429255667,c5,c1
17080,0.23339823615061756,0.4037294313639988,0.36287233248538364,c5,c234
16851,0.2553967280082676,0.559008264873078,0.18559500711865434,c1,c234
4817,0.38749146997397166,0.29283858599808826,0.31966994402794,c5,c1
11809,0.41092271382913526,0.3566672707650054,0.2324100154058594,c1,c1
5696,0.19726528627255913,0.299246594860311,0.5034881188671299,c1,c5
3471,0.3128099635811615,0.33271298526558574,0.35447705115325284,c234,c5
1876,0.21498230345986685,0.2365821123979448,0.5484355841421884,c5,c5
7720,0.5244756030195894,0.3021649449044717,0.17335945207593886,c5,c1
15992,0.4423966099485531,0.2656147656606277,0.291988624390819,c5,c1
9844,0.08994079257211458,0.26818151685314423,0.6418776905747411,c5,c5
17210,0.20666726696777943,0.2707550777693426,0.522577655262878,c5,c5
10899,0.22870672235824613,0.40523868760059434,0.3660545900411595,c1,c234
10627,0.24969078401064984,0.2689189764766192,0.481390239512731,c5,c5
4874,0.32376237085610166,0.5573775949863912,0.11886003415750716,c1,c234
18412,0.2807446073649277,0.4455574887023923,0.27369790393268,c5,c234
17500,0.2500952079654725,0.3157853591708409,0.4341194328636866,c5,c5
9329,0.22858306584961224,0.2752605998529009,0.4961563342974868,c1,c5
7660,0.3610447528304047,0.4371702967543921,0.20178495041520322,c1,c234
6726,0.27751449144266804,0.3687780272371045,0.35370748132022745,c1,c234
12141,0.41909694696767374,0.3671997320648656,0.21370332096746059,c1,c1
17483,0.209453310940463,0.37815961402716647,0.4123870750323705,c5,c5
5386,0.24117306472570813,0.3040291019329501,0.45479783334134183,c234,c5
17724,0.16330061594718498,0.2788537138131207,0.5578456702396943,c5,c5
6905,0.45028353565960416,0.29834058454200646,0.2513758797983893,c1,c1
4580,0.350347067367131,0.3112291577226654,0.33842377491020353,c5,c1
4887,0.25960324961115094,0.30302340026401375,0.43737335012483536,c5,c5
9574,0.1460294701886126,0.380016178079834,0.47395435173155337,c5,c5
17966,0.11721468967948814,0.2181174430326322,0.6646678672878796,c234,c5
18890,0.15208503943895674,0.23839072231962893,0.6095242382414143,c1,c5
11450,0.33086825489839317,0.23455986397100687,0.4345718811306001,c5,c5
244,0.4903151090178173,0.3090840542859131,0.2006008366962697,c234,c1
998,0.5671679585727665,0.3298701411347377,0.10296190029249579,c234,c1
9661,0.7245647261171029,0.1798516359679932,0.09558363791490404,c1,c1
13201,0.6620085256125707,0.2517322744371387,0.08625919995029076,c1,c1
2580,0.5106358162473383,0.35195567440166386,0.13740850935099774,c5,c1
1672,0.23303181863811168,0.3554562162685763,0.41151196509331206,c5,c5
5310,0.45559283135484885,0.24879629142018053,0.29561087722497065,c1,c1
7015,0.4486989334962934,0.3770644859929451,0.17423658051076146,c1,c1
5414,0.2546183928337918,0.39022297207093803,0.3551586350952701,c5,c234
4244,0.44644529657982535,0.35318309705013823,0.20037160637003634,c1,c1
17952,0.33787068971388123,0.41854898793436296,0.24358032235175592,c234,c234
4933,0.41772043781972384,0.36618780926813166,0.2160917529121445,c1,c1
8379,0.19998494263447045,0.2833223152939592,0.5166927420715703,c5,c5
2781,0.23257623998811655,0.38537403224044275,0.38204972777144064,c234,c234
9289,0.28017349519601903,0.3115667457114734,0.4082597590925075,c234,c5
11888,0.1896298469293442,0.3152405454703415,0.4951296076003143,c234,c5
15702,0.11218021574787844,0.29603073513019074,0.5917890491219309,c5,c5
15772,0.18772075927191137,0.24143711936875417,0.5708421213593345,c5,c5
1856,0.22435079000102265,0.42442340175509025,0.35122580824388705,c234,c234
2896,0.2700901878607482,0.4164855038672443,0.3134243082720074,c5,c234
18426,0.08725414451247164,0.29064482774807915,0.6221010277394493,c5,c5
10794,0.17991806500979585,0.3714216136752071,0.4486603213149971,c234,c5
10142,0.3837477238044833,0.35599829621307955,0.26025397998243716,c5,c1
4706,0.3798803985777105,0.2940437920209694,0.32607580940131997,c5,c1
16358,0.33480085797085013,0.2982574633790323,0.3669416786501176,c5,c5
14936,0.20862498242546668,0.28087969157735543,0.5104953259971777,c234,c5
8220,0.24819517677739905,0.37086436740888623,0.3809404558137147,c5,c5
18903,0.5633421385434141,0.21066605986476042,0.22599180159182558,c1,c1
10825,0.2845061585769722,0.2991154308865818,0.416378410536446,c5,c5
8217,0.3502277059443116,0.46494720966077824,0.18482508439491013,c5,c234
5408,0.36127651870733757,0.36214859170568564,0.2765748895869769,c1,c234
12353,0.297437105650929,0.46122622788203466,0.2413366664670363,c5,c234
13773,0.25460315284014234,0.4123683593107302,0.33302848784912753,c234,c234
11330,0.14911884874976014,0.3694711981495682,0.48140995310067175,c1,c5
1117,0.10078526277715802,0.3451495659450131,0.554065171277829,c5,c5
7900,0.28069234472244536,0.46479799211325334,0.25450966316430124,c1,c234
15639,0.20391039119856663,0.43020044738552965,0.3658891614159038,c1,c234
17958,0.4195584469590009,0.2607206922725597,0.31972086076843953,c5,c1
10103,0.12077254912230387,0.32109398863376853,0.5581334622439276,c5,c5
14124,0.17893621547683186,0.3410064853666718,0.4800572991564963,c5,c5
15243,0.26565793092563456,0.3402329335688868,0.3941091355054787,c234,c5
6695,0.21323442609956805,0.3339024074437348,0.4528631664566971,c5,c5
15510,0.21643062113518838,0.3496322033335534,0.4339371755312582,c234,c5
12585,0.15818050393605868,0.3115766770860645,0.5302428189778768,c5,c5
5150,0.2885949277153014,0.38942416520391576,0.3219809070807829,c234,c234
8771,0.4078650157939486,0.36056473348638074,0.2315702507196707,c5,c1
11595,0.19150655645632525,0.5859284940241107,0.22256494951956401,c234,c234
16767,0.150309707021888,0.34246446284473253,0.5072258301333795,c5,c5
19455,0.6675212646607669,0.2394111438438768,0.0930675914953563,c234,c1
12690,0.3241944253733355,0.23632139629539353,0.43948417833127096,c234,c5
9792,0.4361430570682325,0.3035781996047181,0.26027874332704953,c5,c1
4708,0.1378758802932818,0.2581307497002163,0.6039933700065019,c5,c5
6067,0.1032031945513729,0.3117302693297862,0.585066536118841,c1,c5
18346,0.25199151293308264,0.2991722463654548,0.44883624070146266,c234,c5
2977,0.34481763433548906,0.40452635988820507,0.25065600577630587,c1,c234
19987,0.14244688402561562,0.31409577182893933,0.5434573441454449,c5,c5
8791,0.48795765737215524,0.3215163247772031,0.19052601785064166,c1,c1
14854,0.18818200677810254,0.3060139978506885,0.505803995371209,c5,c5
597,0.2797636041755943,0.3922229539391184,0.32801344188528736,c1,c234
13619,0.319211006880419,0.4566246575768327,0.22416433554274837,c5,c234
15152,0.20527588264863597,0.3796458953120202,0.41507822203934375,c234,c5
7208,0.2559188584238029,0.4774619758875155,0.26661916568868155,c1,c234
11263,0.18624363085662482,0.41333497507512285,0.4004213940682524,c5,c234
17942,0.2781801372054745,0.3442339841808011,0.37758587861372445,c1,c5
4928,0.18732611095390872,0.33283487267391404,0.47983901637217735,c234,c5
2528,0.30155522329289547,0.41617591672262677,0.28226885998447776,c5,c234
4647,0.3068978111428216,0.41650467649266504,0.27659751236451335,c234,c234
13072,0.34520374959857314,0.3441967990904805,0.3105994513109464,c234,c1
5077,0.2397444648933503,0.3697110719445491,0.3905444631621006,c234,c5
8,0.18528654289188454,0.30522369761741475,0.5094897594907006,c1,c5
706,0.5709182483425479,0.30503443962343324,0.12404731203401882,c234,c1
11984,0.1703338801663418,0.4199971610228316,0.40966895881082677,c234,c234
10117,0.3167979971542027,0.2397933635092307,0.4434086393365667,c1,c5
11388,0.5397465144605216,0.35558137986495686,0.10467210567452154,c1,c1
19684,0.42327409201015576,0.3704657282083586,0.20626017978148575,c1,c1
10159,0.28126623659139616,0.3903704110621634,0.32836335234644054,c234,c234
9203,0.23924150241789027,0.3611138075740669,0.39964469000804276,c234,c5
1828,0.44062927706524907,0.3607030826504971,0.19866764028425385,c1,c1
14947,0.13128864687118316,0.29136199488012365,0.5773493582486933,c5,c5
3783,0.3145643049171495,0.4051694564506564,0.2802662386321941,c234,c234
13031,0.4678460113963129,0.3608277063811216,0.17132628222256557,c5,c1
12929,0.47444130742917456,0.34405882998634263,0.18149986258448272,c1,c1
11249,0.32767740766646886,0.37209383229320087,0.30022876004033033,c1,c234
10273,0.3462714827466464,0.25936215737151935,0.3943663598818342,c1,c5
10920,0.34396373905746946,0.3120143157266448,0.34402194521588564,c1,c5
9096,0.3888493401791038,0.41761547763052853,0.19353518219036767,c1,c234
2640,0.5460537311461459,0.3201667432085422,0.13377952564531204,c234,c1
16155,0.2737431275502156,0.2374767153925723,0.488780157057212,c234,c5
897,0.28050962546873176,0.29887878624504055,0.4206115882862277,c1,c5
14671,0.20083334879831663,0.38632554271480685,0.4128411084868765,c234,c5
805,0.27749390892711484,0.3538068555716702,0.368699235501215,c1,c5
337,0.3150144414477129,0.3422474232652471,0.34273813528704006,c5,c5
17682,0.5217825854948462,0.33721455847675186,0.14100285602840187,c234,c1
5289,0.4157079791008605,0.33335109582017297,0.25094092507896654,c1,c1
19784,0.47000188004385635,0.4013132866872396,0.12868483326890406,c1,c1
336,0.2813108500098444,0.33034085120787926,0.38834829878227634,c5,c5
9772,0.41868262379251825,0.34745109443087646,0.23386628177660537,c5,c1
9765,0.5691638670485448,0.22942980742585775,0.2014063255255975,c1,c1
2502,0.2853801275634896,0.38832848240660806,0.3262913900299024,c234,c234
11418,0.5428605477017557,0.3106092803097812,0.14653017198846302,c1,c1
3038,0.21838336621388366,0.21798803550027088,0.5636285982858456,c5,c5
588,0.4575305855688776,0.3291062680039167,0.2133631464272058,c1,c1
8881,0.2842294073988801,0.41196586702722005,0.3038047255738999,c234,c234
11299,0.29311948464294657,0.45821959473866336,0.24866092061839015,c234,c234
15553,0.2537013982598458,0.4697449151908102,0.276553686549344,c5,c234
18799,0.3833086903716245,0.3318646580932112,0.2848266515351643,c234,c1
10104,0.4540407918861417,0.2121232175145303,0.33383599059932795,c5,c1
12005,0.2767450595286334,0.38600670013120764,0.33724824034015893,c5,c234
19162,0.3794084147976428,0.3237288456866577,0.29686273951569947,c234,c1
16863,0.31868569200716723,0.27714683454868466,0.40416747344414816,c234,c5
4564,0.2045334705402409,0.4824280838296553,0.3130384456301038,c1,c234
1266,0.38515825580191093,0.3791176190968329,0.2357241251012562,c234,c1
10673,0.3555514836114758,0.37191117762902487,0.2725373387594993,c234,c234
1496,0.36438166151259976,0.45150530151224083,0.1841130369751595,c234,c234
4707,0.4911035762545155,0.38656431928352464,0.12233210446195994,c234,c1
9045,0.4484317133555618,0.3449940072260911,0.20657427941834708,c234,c1
19738,0.3513376959070959,0.3217759160758904,0.32688638801701375,c1,c1
18533,0.21216491985653452,0.3448334442440821,0.4430016358993834,c5,c5
18983,0.47842734783420193,0.39307520544497876,0.12849744672081923,c234,c1
17294,0.15314214430372927,0.21936968425484626,0.6274881714414245,c5,c5
2070,0.2627768496207745,0.3526069791817886,0.3846161711974368,c5,c5
10934,0.6078011859859676,0.29521995530197864,0.09697885871205383,c1,c1
94,0.37846415768072306,0.3373376583485019,0.2841981839707751,c1,c1
3523,0.3923099497362278,0.3912769623504272,0.2164130879133451,c1,c1
3915,0.5140823510331669,0.2601860621752454,0.22573158679158767,c1,c1
4444,0.232353158064373,0.26840327480067483,0.4992435671349522,c234,c5
11100,0.175158714447139,0.3596893226125258,0.46515196294033523,c234,c5
12648,0.36892581217450554,0.38306217319296443,0.24801201463252998,c5,c234
19100,0.2294754980026818,0.2972324244885941,0.47329207750872404,c234,c5
12307,0.42327409201015576,0.3704657282083586,0.20626017978148575,c1,c1
13896,0.20331774823956658,0.3799346927454578,0.4167475590149756,c1,c5
13808,0.5392921793329843,0.3554822995337004,0.10522552113331521,c1,c1
13952,0.2215547729703217,0.4523174620363095,0.3261277649933689,c5,c234
12847,0.44528601571211696,0.26496684489597655,0.2897471393919065,c234,c1
11474,0.3372921079411907,0.37619369707180084,0.2865141949870084,c234,c234
14697,0.15163427398285106,0.42415277413203134,0.42421295188511754,c5,c5
8800,0.32794378807161073,0.41386081548762477,0.25819539644076456,c234,c234
3942,0.2678900142639356,0.42362808392177803,0.30848190181428636,c5,c234
1673,0.2731422432271396,0.3905497878781851,0.3363079688946753,c234,c234
9637,0.15891995374489692,0.45746825352590453,0.3836117927291986,c234,c234
7204,0.24629762466631494,0.43406859390755637,0.3196337814261287,c5,c234
16689,0.1269248364265117,0.39562647512638,0.47744868844710825,c5,c5
16382,0.557840997624816,0.3336886314356862,0.10847037093949777,c1,c1
6885,0.2855598742861198,0.20947075779073104,0.5049693679231492,c1,c5
2320,0.1954416187083678,0.410661777810164,0.39389660348146815,c234,c234
3113,0.27321962523065085,0.3560285624440361,0.37075181232531296,c5,c5
16583,0.4361582965254618,0.2940293842455572,0.269812319228981,c1,c1
6246,0.6675212646607669,0.2394111438438768,0.0930675914953563,c234,c1
12832,0.44732421092235697,0.2569089891756572,0.2957667999019858,c234,c1
13456,0.21347224351885435,0.3577476973463295,0.42878005913481615,c234,c5
9837,0.18835931282211643,0.31892267249531825,0.49271801468256526,c5,c5
5239,0.3640221539551249,0.23896148807294107,0.3970163579719341,c1,c5
10421,0.26483305571526905,0.302498413347514,0.432668530937217,c1,c5
16273,0.5486794310003417,0.33105206397788633,0.12026850502177193,c234,c1
19762,0.6342848602683626,0.2763325887259693,0.08938255100566816,c234,c1
15624,0.1748905018952399,0.3229830532466976,0.5021264448580625,c5,c5
4600,0.2713269550218462,0.3887465356363217,0.33992650934183194,c234,c234
13637,0.2053213952462533,0.37973100951882144,0.4149475952349252,c5,c5
16946,0.40245737222834616,0.3858141173199569,0.211728510451697,c1,c1
14881,0.3610061206283684,0.3235616023862149,0.31543227698541665,c1,c1
1571,0.10467053336844163,0.3902867357181412,0.5050427309134171,c5,c5
6518,0.13512379775136202,0.27118717594454717,0.5936890263040909,c5,c5
1705,0.35608437756378997,0.428880899967622,0.21503472246858793,c1,c234
14201,0.26976498562486484,0.30293225220324754,0.4273027621718876,c234,c5
4575,0.46580552384977764,0.4181924363350733,0.116002039815149,c234,c1
19206,0.1952889086523412,0.3023776719619072,0.5023334193857516,c5,c5
16426,0.39444274725010564,0.32124438694056,0.2843128658093344,c234,c1
11787,0.29294854082900884,0.2578610436327067,0.44919041553828454,c1,c5
1194,0.1303220605805211,0.35117653617522326,0.5185014032442554,c234,c5
12983,0.38874311560441427,0.42318531634396733,0.18807156805161845,c234,c234
17073,0.4489420528950575,0.29131435315308485,0.2597435939518576,c5,c1
15477,0.3118956025030416,0.4537912752403169,0.23431312225664142,c1,c234
15504,0.17652269771478651,0.3902850858186683,0.43319221646654527,c1,c5
13446,0.23513611297758197,0.4110922322999304,0.35377165472248767,c5,c234
4021,0.12925957890029316,0.3019586121933914,0.5687818089063155,c5,c5
14509,0.21208276201081294,0.4003371584898089,0.3875800794993781,c234,c234
2215,0.24451844090865835,0.3464126068402484,0.40906895225109324,c5,c5
19347,0.2835016661239605,0.31335513901498957,0.40314319486105,c5,c5
5667,0.48770598639497076,0.3281431408720103,0.1841508727330189,c1,c1
5437,0.38412552782265075,0.346851166470982,0.26902330570636723,c1,c1
13953,0.2610011419100152,0.39915915515980627,0.3398397029301786,c5,c234
17586,0.20564711363182214,0.4083907395022629,0.38596214686591496,c234,c234
9236,0.4082982727734141,0.3444119387405723,0.24728978848601352,c5,c1
776,0.4663375124942564,0.33752462613901973,0.19613786136672387,c1,c1
19243,0.39453761085103156,0.3336440396925804,0.2718183494563881,c5,c1
10778,0.43932942634940525,0.29310060928904197,0.2675699643615528,c5,c1
14052,0.2462070841237622,0.42914624789146105,0.3246466679847767,c1,c234
3972,0.5217713280577891,0.22541503119185036,0.25281364075036045,c234,c1
19414,0.5203552307540275,0.31419971187449713,0.16544505737147555,c1,c1
15964,0.3006735648807106,0.49728832445886334,0.20203811066042615,c5,c234
551,0.5401595399087098,0.3415667822348625,0.11827367785642769,c234,c1
11940,0.17147943200129132,0.3429279822209733,0.4855925857777354,c234,c5
14473,0.2920896035366449,0.379368400323738,0.3285419961396171,c5,c234
13697,0.19194091926983603,0.374100721607847,0.43395835912231695,c5,c5
4418,0.34483480746202827,0.4066341236126984,0.24853106892527332,c234,c234
5442,0.31573145937656405,0.3409695074895605,0.3432990331338754,c234,c5
7386,0.41929939417536505,0.3587921975991448,0.22190840822549013,c5,c1
8613,0.24991063617791057,0.33010944729277797,0.4199799165293115,c234,c5
19462,0.1665853150541759,0.3764316566266318,0.45698302831919235,c234,c5
8357,0.5966120636605654,0.21192939519354467,0.19145854114588992,c5,c1
19112,0.17304322354953744,0.44603754956644537,0.3809192268840172,c234,c234
6433,0.10543057475668312,0.2846978391421674,0.6098715861011494,c5,c5
4397,0.2586777915854771,0.34955168548332727,0.3917705229311955,c5,c5
17858,0.24582507345690185,0.4144819685257584,0.3396929580173397,c1,c234
5172,0.15663093470758008,0.23690710159536588,0.6064619636970541,c5,c5
2097,0.408666377904912,0.3386212691947973,0.2527123529002907,c5,c1
12749,0.43212655795735405,0.3636196296801257,0.2042538123625203,c5,c1
4668,0.2280604243933293,0.3339707288835888,0.4379688467230819,c5,c5
7680,0.20930318770204578,0.38489318722167803,0.4058036250762761,c5,c5
18784,0.5216679961925104,0.35460714843903174,0.12372485536845781,c1,c1
17204,0.14697885821152176,0.19170257429244528,0.661318567496033,c5,c5
8048,0.3601655352449633,0.3510710968353707,0.2887633679196661,c1,c1
2884,0.6243988089834007,0.23256278700091987,0.14303840401567927,c1,c1
19193,0.1815282694461969,0.48122668078234215,0.3372450497714609,c234,c234
12265,0.6226194977445872,0.235211393657837,0.14216910859757576,c1,c1
4926,0.34704634358260983,0.3548367597658274,0.2981168966515628,c1,c234
1306,0.32597822818520955,0.3895628033087573,0.28445896850603314,c234,c234
10148,0.1798704803889999,0.4099711590153727,0.41015836059562744,c5,c5
19417,0.4035816836806719,0.22458507499855312,0.371833241320775,c5,c1
14405,0.41906488904797606,0.32106886486518016,0.25986624608684383,c1,c1
736,0.24344289332317123,0.3527869101624789,0.40377019651434976,c5,c5
14846,0.42954494142150657,0.3830557306078221,0.1873993279706713,c234,c1
7806,0.4070856961563746,0.30372477482628985,0.2891895290173355,c1,c1
10056,0.5010227535170388,0.31074380156141906,0.18823344492154204,c5,c1
11264,0.382467131457254,0.37739950331011285,0.24013336523263318,c234,c1
15123,0.3299162470983706,0.27599590936423646,0.394087843537393,c5,c5
5617,0.2150404187918077,0.40783908363144394,0.37712049757674837,c234,c234
6207,0.6115831568040508,0.22959936604223716,0.15881747715371194,c1,c1
8527,0.23880171767270886,0.3514182002473739,0.40978008207991723,c5,c5
18632,0.31685360465298296,0.37718745454648384,0.30595894080053326,c234,c234
10477,0.1260229753842237,0.33324124171366093,0.5407357829021153,c5,c5
7011,0.4051855341317376,0.241801166855567,0.35301329901269546,c5,c1
16131,0.14264136434338198,0.46138334619928595,0.39597528945733207,c5,c234
286,0.457371956433967,0.35139439567353287,0.19123364789250014,c234,c1
9731,0.2716167013895922,0.31146956918225327,0.4169137294281545,c5,c5
6261,0.41772043781972384,0.36618780926813166,0.2160917529121445,c234,c1
1735,0.5834264350725789,0.32110452514950993,0.09546903977791119,c1,c1
19101,0.6709172710327547,0.21902380073685648,0.11005892823038894,c1,c1
8114,0.17104687336559948,0.35911913813259677,0.46983398850180375,c234,c5
1955,0.2804805844388588,0.4342427278393841,0.2852766877217571,c1,c234
9857,0.29871171839532806,0.41286140374785807,0.28842687785681387,c5,c234
2516,0.4214061449225368,0.27078043745673624,0.307813417620727,c1,c1
5606,0.27157496080029403,0.40495058765307,0.3234744515466359,c5,c234
10040,0.3604099657613322,0.4957125069155318,0.143877527323136,c5,c234
16789,0.43323140421586503,0.3168302637757522,0.24993833200838284,c5,c1
707,0.36473093656755246,0.35552972748381517,0.2797393359486325,c1,c1
18720,0.18060866269134107,0.39195689120350297,0.42743444610515596,c5,c5
8763,0.18978581294042998,0.26311078387119063,0.5471034031883795,c5,c5
8903,0.42317272416766744,0.3251151823924267,0.25171209343990575,c1,c1
16944,0.38034149731549566,0.49687837359903086,0.1227801290854735,c5,c234
13299,0.3140704212899127,0.3582021011197612,0.3277274775903262,c234,c234
773,0.5675687856934144,0.18227707585903133,0.25015413844755424,c5,c1
3357,0.3571007702910293,0.2806495687868139,0.3622496609221568,c1,c5
19658,0.18613061806074738,0.36959546134097065,0.44427392059828197,c234,c5
19128,0.1830369189520378,0.40861358283156424,0.40834949821639793,c234,c234
17029,0.1032031945513729,0.3117302693297862,0.585066536118841,c5,c5
12183,0.23303852633344335,0.31043403537990366,0.456527438286653,c5,c5
16409,0.3001892877493788,0.30180494848775463,0.39800576376286667,c5,c5
2860,0.2798967861910352,0.3574392642552878,0.362663949553677,c234,c5
4892,0.12374643004593189,0.30395778923791184,0.5722957807161563,c1,c5
2558,0.27040112425525403,0.29954121767871333,0.43005765806603274,c5,c5
12164,0.244751272858064,0.312062470257174,0.44318625688476204,c5,c5
1193,0.29888717919251806,0.3992166173004998,0.3018962035069822,c1,c234
5110,0.38367472580182227,0.3932627713806959,0.2230625028174819,c1,c234
4840,0.32218895780708345,0.36328361359388706,0.3145274285990295,c234,c234
12887,0.2912180329731158,0.3194403367207931,0.38934163030609115,c5,c5
718,0.29758039089979393,0.33693506500136977,0.3654845440988363,c5,c5
17722,0.5129785872241923,0.2380865721334112,0.24893484064239643,c234,c1
19293,0.22376346359576343,0.39672574111272163,0.379510795291515,c5,c234
14877,0.4443917832418551,0.3575911232797578,0.19801709347838714,c1,c1
19341,0.3794945393857495,0.4429718274298887,0.17753363318436174,c1,c234
7829,0.6709172710327547,0.21902380073685648,0.11005892823038894,c234,c1
8883,0.13351028626793648,0.3212892352484141,0.5452004784836495,c5,c5
6111,0.29783504705726027,0.25727792564374746,0.44488702729899227,c234,c5
15159,0.28399731962004876,0.36771235637216393,0.3482903240077873,c234,c234
16052,0.16843062822449362,0.2200309481244643,0.611538423651042,c234,c5
13271,0.19060344897848014,0.21866357020227048,0.5907329808192493,c5,c5
1968,0.1306915127262747,0.3454004893286311,0.5239079979450942,c5,c5
4832,0.2879995825687934,0.3861611526722319,0.32583926475897473,c1,c234
13861,0.23853811744172648,0.3248173005795444,0.43664458197872913,c234,c5
14513,0.38195181388151667,0.4594357509853575,0.15861243513312578,c234,c234
10555,0.26976152764568395,0.2772175600621251,0.45302091229219094,c234,c5
9317,0.2903653478917686,0.3539646014910136,0.35567005061721785,c5,c5
8043,0.19813118244611386,0.4295548891368776,0.3723139284170085,c5,c234
15884,0.22889471005163098,0.5022959741521614,0.26880931579620765,c5,c234
12345,0.21817782810825323,0.22386548722239313,0.5579566846693537,c5,c5
13825,0.16394739330878103,0.5035347440708231,0.33251786262039595,c234,c234
4736,0.48305370659870694,0.3475377174973458,0.16940857590394737,c234,c1
13161,0.44528601571211696,0.26496684489597655,0.2897471393919065,c5,c1
4746,0.3541571019679445,0.4782142342457657,0.1676286637862898,c5,c234
6224,0.6508340638494043,0.23409254524328968,0.11507339090730603,c1,c1
19714,0.2723006301583294,0.4107293031977367,0.31697006664393385,c1,c234
3401,0.37038099053411183,0.3386866881751678,0.29093232129072044,c234,c1
16808,0.5773103276440914,0.31632328908515556,0.10636638327075298,c1,c1
8258,0.2317391520605913,0.31899600907262005,0.44926483886678853,c234,c5
16891,0.39186953950906717,0.39602334061006284,0.21210711988087,c1,c234
15256,0.1328517105247619,0.28438114083762517,0.582767148637613,c5,c5
7355,0.3184337350026713,0.34171672503519057,0.33984953996213807,c234,c234
3877,0.20716478380270434,0.36185866429328684,0.43097655190400885,c5,c5
9946,0.2159305929789475,0.4509834689248137,0.33308593809623877,c5,c234
7820,0.6110918562072118,0.2614189617966514,0.12748918199613676,c1,c1
4374,0.2584080416744565,0.2842473741023025,0.457344584223241,c5,c5
18702,0.29309629839781925,0.3194757317734126,0.3874279698287682,c5,c5
7231,0.17645907677118494,0.39468231419024435,0.42885860903857065,c234,c5
12727,0.35752540745419437,0.36098398914668095,0.2814906033991246,c5,c234
14225,0.4109360634698443,0.31878124371894867,0.2702826928112071,c1,c1
13769,0.20656140980371976,0.2141421849011996,0.5792964052950806,c234,c5
3733,0.4602445898153551,0.27043976220248084,0.26931564798216406,c5,c1
18510,0.3762949731813794,0.3107691093116345,0.3129359175069862,c1,c1
9073,0.19859306529803697,0.24687577779279976,0.5545311569091632,c5,c5
14275,0.17127538809643847,0.24618374253492661,0.582540869368635,c5,c5
17197,0.47645025689235904,0.28986760702056796,0.23368213608707306,c5,c1
3313,0.07068514339732418,0.19854730793946657,0.7307675486632093,c5,c5
12715,0.4423966099485531,0.2656147656606277,0.291988624390819,c5,c1
16073,0.35225566127150854,0.32531117333883397,0.3224331653896575,c234,c1
3425,0.6438977774598958,0.2289613553539381,0.12714086718616607,c234,c1
8924,0.40403096076353134,0.3170017446712473,0.27896729456522124,c234,c1
1312,0.2921022647908128,0.3875759054541329,0.32032182975505435,c5,c234
8470,0.3695278764199086,0.2698518264027129,0.36062029717737853,c1,c1
7142,0.5198511973884202,0.33800057814439644,0.1421482244671833,c1,c1
16463,0.28610934588529424,0.3440172806285934,0.36987337348611243,c5,c5
10045,0.2254931739151181,0.4138268876236646,0.3606799384612174,c1,c234
585,0.41410320063011863,0.32074298064469786,0.26515381872518345,c234,c1
1784,0.27628054336155156,0.34869316357737684,0.3750262930610716,c5,c5
7211,0.42156204020116916,0.3418445843720169,0.23659337542681397,c5,c1
111,0.14938889251386184,0.31834554428334194,0.5322655632027963,c5,c5
6893,0.324375556938124,0.3724405874725488,0.3031838555893272,c1,c234
12300,0.2912242767826448,0.35958120125419374,0.3491945219631615,c5,c234
17541,0.5092412470643164,0.3528970263619522,0.13786172657373147,c234,c1
10517,0.6675212646607669,0.2394111438438768,0.0930675914953563,c1,c1
16761,0.46995420847318475,0.41529017618405656,0.11475561534275869,c1,c1
3426,0.3502084925386234,0.3485224377806925,0.3012690696806842,c1,c1
18260,0.17277429101904565,0.3619322625576854,0.465293446423269,c5,c5
14915,0.42327409201015576,0.3704657282083586,0.20626017978148575,c1,c1
5109,0.28760852625740474,0.4142374638977069,0.2981540098448884,c1,c234
11303,0.41875972669592737,0.3474672597768576,0.233773013527215,c5,c1
441,0.16841087231969976,0.4133013463295628,0.41828778135073746,c1,c5
15897,0.15142667884136313,0.31219025632323893,0.536383064835398,c5,c5
4354,0.33992271973326227,0.40455342246788817,0.2555238577988496,c5,c234
4100,0.4753749407244019,0.327292487779588,0.19733257149601008,c234,c1
9377,0.4162892773394497,0.33857497087151606,0.24513575178903424,c234,c1
5039,0.31898248726131545,0.3674209585251156,0.313596554213569,c5,c234
7087,0.14383716001933292,0.3313814554477761,0.524781384532891,c234,c5
13388,0.3261680433491003,0.24653622714778672,0.427295729503113,c234,c5
1670,0.19750517784477717,0.4449197525511446,0.35757506960407826,c1,c234
19943,0.318364208275066,0.3735085894405174,0.3081272022844165,c234,c234
11614,0.3391065639277228,0.37052541473776784,0.2903680213345093,c1,c234
2841,0.2704443059551934,0.3257878137038953,0.4037678803409112,c5,c5
1520,0.22868229570215165,0.35963931737832755,0.4116783869195209,c5,c5
12270,0.35243688790397265,0.22567470357725766,0.42188840851876963,c1,c5
1376,0.3576362398001609,0.35579635000129506,0.286567410198544,c1,c1
19027,0.2722728062392707,0.37233767796345085,0.3553895157972784,c5,c234
16334,0.3923229359588084,0.47625410224813197,0.13142296179305962,c234,c234
13911,0.574699238893398,0.26960779466770746,0.15569296643889446,c234,c1
12701,0.3808277593252942,0.4002424880870272,0.21892975258767855,c1,c234
2605,0.4165326780997579,0.3494375538311149,0.23402976806912723,c1,c1
16233,0.22378153953840352,0.19667759731284845,0.579540863148748,c5,c5
15374,0.2652455131205381,0.4886056317157352,0.2461488551637267,c234,c234
11200,0.4003447321868602,0.2751429655801734,0.3245123022329664,c234,c1
462,0.152520135484352,0.4026896662612443,0.4447901982544037,c234,c5
13806,0.5564796585916844,0.2960113772983247,0.14750896410999098,c1,c1
5874,0.18261979627038688,0.222375078295933,0.5950051254336801,c5,c5
5570,0.623433335471326,0.2732454779767214,0.10332118655195269,c1,c1
12347,0.4572306136488636,0.29115599328557107,0.2516133930655654,c5,c1
1820,0.2968989920069901,0.3994164132309403,0.30368459476206955,c5,c234
16,0.5773103276440914,0.31632328908515556,0.10636638327075298,c234,c1
14520,0.42853041704100897,0.26276036815992404,0.30870921479906704,c1,c1
9059,0.45559283135484885,0.24879629142018053,0.29561087722497065,c1,c1
6556,0.2574597517635243,0.323027344852588,0.41951290338388764,c1,c5
19986,0.5245642829712918,0.2855490594192021,0.1898866576095063,c1,c1
5081,0.35691720644351993,0.42641754278975086,0.2166652507667292,c234,c234
310,0.41191397923688483,0.4230565722169491,0.16502944854616614,c1,c234
6146,0.4548608761567838,0.3532784458935056,0.19186067794971065,c5,c1
19337,0.3290419762871992,0.3687397678180554,0.3022182558947454,c1,c234
11797,0.11288111847957454,0.2833560950344035,0.6037627864860219,c5,c5
81,0.3870498419799806,0.3863823611141992,0.22656779690582024,c1,c1
971,0.317396443208361,0.4216246304223434,0.2609789263692955,c5,c234
2221,0.3483232858247158,0.34773459654704475,0.3039421176282395,c5,c1
11178,0.32909950579201946,0.31832933751692727,0.3525711566910532,c5,c5
18152,0.1267692380269148,0.38284203180900783,0.49038873016407736,c5,c5
15308,0.5262157799983926,0.28370439243688594,0.19007982756472144,c1,c1
17784,0.20419493442680636,0.374472984661353,0.42133208091184066,c234,c5
14983,0.29470624920620353,0.24533438578214223,0.45995936501165435,c5,c5
8548,0.27917113120020515,0.48318143325648955,0.23764743554330536,c5,c234
9922,0.2268741637755438,0.3623226681987871,0.4108031680256691,c1,c5
13568,0.2913170512914661,0.381271613815095,0.32741133489343877,c234,c234
15994,0.6448424712668671,0.2320368222339145,0.12312070649921839,c1,c1
6543,0.3589379040785207,0.5010878220283663,0.13997427389311284,c5,c234
678,0.4124058391749574,0.24844652441449572,0.33914763641054674,c5,c1
8336,0.27782734689210714,0.3852448399916847,0.33692781311620806,c234,c234
1033,0.21152177632797903,0.3379842073562785,0.4504940163157425,c1,c5
5443,0.6213862447043558,0.23230365247153814,0.14631010282410606,c234,c1
9470,0.48693382113288947,0.34907419393112615,0.1639919849359843,c5,c1
12074,0.2715915378086486,0.3524714073488052,0.37593705484254614,c1,c5
2644,0.17652050031081828,0.35256992356397865,0.470909576125203,c1,c5
3510,0.35710266722729755,0.38115074925971043,0.26174658351299207,c234,c234
15087,0.21524286370576381,0.32810416473873005,0.45665297155550616,c5,c5
16374,0.1869465966781437,0.2988485586040528,0.5142048447178034,c1,c5
12325,0.19449831443431792,0.36999179972076124,0.43550988584492084,c5,c5
9295,0.5144005362075681,0.2685923534360991,0.21700711035633286,c1,c1
4036,0.41992626384779186,0.37609224752720755,0.20398148862500065,c234,c1
6858,0.5327434700485075,0.32586355291224045,0.141392977039252,c1,c1
1689,0.23306872249235075,0.37651160610641654,0.3904196714012327,c1,c5
15369,0.2561277204767814,0.2643115140318094,0.47956076549140925,c1,c5
17383,0.46069046393690777,0.33690456727279683,0.20240496879029543,c234,c1
14935,0.24485142842995938,0.34856136309756075,0.40658720847247987,c5,c5
7154,0.4301930402893611,0.2903655763703611,0.27944138334027785,c1,c1
15124,0.5685086337476905,0.319293682302143,0.11219768395016652,c1,c1
1730,0.15345725296611648,0.4391114883084647,0.40743125872541874,c234,c234
13506,0.26114744134260315,0.2321745929628718,0.5066779656945252,c5,c5
10813,0.3149760282254289,0.32109581238417756,0.36392815939039347,c1,c5
12152,0.25760986653529006,0.44587869974777056,0.29651143371693933,c234,c234
14650,0.18479061425980392,0.3503917033570374,0.46481768238315874,c234,c5
17510,0.24273759559678104,0.4161880089220896,0.3410743954811293,c234,c234
19702,0.397266831384578,0.3426783078189063,0.26005486079651574,c5,c1
8673,0.2890950644099356,0.37172092458432215,0.33918401100574236,c1,c234
9013,0.2138153896008947,0.4070167304883257,0.3791678799107796,c234,c234
13609,0.319142831856998,0.27458823860155335,0.40626892954144855,c1,c5
14647,0.18372763977960063,0.4524256759060302,0.3638466843143692,c234,c234
12195,0.30694660241661165,0.30618378576578964,0.38686961181759866,c1,c5
11277,0.40569288105109014,0.22426387223804728,0.37004324671086253,c5,c1
17985,0.25069917330589164,0.38301621690621457,0.3662846097878938,c1,c234
10623,0.17130273053794065,0.33319038841948606,0.49550688104257323,c5,c5
8471,0.18390246323870138,0.3411877622436113,0.4749097745176873,c5,c5
19394,0.16246492822182876,0.4185243144279312,0.4190107573502401,c5,c5
18102,0.4191357403785937,0.34696971724488124,0.233894542376525,c1,c1
10198,0.2746562741204396,0.21875793562124776,0.5065857902583126,c234,c5
6646,0.34020615397249376,0.317841615490252,0.34195223053725426,c234,c5
11612,0.4423966099485531,0.2656147656606277,0.291988624390819,c1,c1
4723,0.21122389209374193,0.30099855156569527,0.48777755634056286,c234,c5
1551,0.3183533433646299,0.22275740694097132,0.4588892496943987,c234,c5
17841,0.2416840753938823,0.3947108323477498,0.36360509225836796,c5,c234
18126,0.23605166742795233,0.41103212892959284,0.35291620364245474,c234,c234
16821,0.45344293906085664,0.2993966471075883,0.24716041383155507,c1,c1
15023,0.3294487751594478,0.23379752583442123,0.43675369900613087,c234,c5
11697,0.5198737031008267,0.3405289813509872,0.13959731554818616,c1,c1
17522,0.28673993593856456,0.44681904024520025,0.26644102381623525,c234,c234
9776,0.4178953601628061,0.30440141089458483,0.277703228942609,c5,c1
6159,0.33161482721171687,0.2615888694705437,0.40679630331773947,c234,c5
16072,0.3536435382115309,0.3512333481691772,0.295123113619292,c5,c1
11815,0.3741571630330298,0.31886993224604515,0.30697290472092514,c5,c1
15392,0.2869116205215715,0.3571752092817846,0.3559131701966439,c234,c234
15318,0.07529398735388192,0.2929350217986103,0.6317709908475078,c1,c5
19504,0.2280377287835808,0.1887812658709822,0.5831810053454369,c5,c5
5815,0.22443376534153564,0.3011623392545778,0.47440389540388656,c234,c5
12408,0.2280902971620497,0.4370854941233394,0.3348242087146109,c234,c234
1183,0.29935437252536345,0.46496197312762233,0.23568365434701416,c5,c234
13807,0.16871743580545895,0.22642298008903627,0.6048595841055049,c5,c5
12590,0.2394945849938832,0.407472542188643,0.35303287281747386,c5,c234
12909,0.45008428566832875,0.39670538611411554,0.1532103282175557,c1,c1
16755,0.3966183046326151,0.3441415331444468,0.25924016222293816,c1,c1
2119,0.14790145938791407,0.4571398005013888,0.3949587401106972,c234,c234
6959,0.3123374028426876,0.42123686775571995,0.26642572940159254,c1,c234
14312,0.21892614665089613,0.46448671961563165,0.3165871337334723,c5,c234
1890,0.3573709034168668,0.4266015096502197,0.21602758693291357,c234,c234
34,0.20877786400401627,0.3003883814523751,0.4908337545436086,c5,c5
1385,0.26025136005328414,0.5657763203624044,0.17397231958431153,c234,c234
2195,0.20516652926321605,0.2929748319285515,0.5018586388082324,c5,c5
14259,0.19859306529803697,0.24687577779279976,0.5545311569091632,c1,c5
4794,0.1942573668468258,0.2533034790495704,0.5524391541036039,c5,c5
17097,0.2279901307672417,0.47484538978407864,0.2971644794486797,c1,c234
14943,0.13450027224952996,0.3939689192592241,0.47153080849124596,c5,c5
1886,0.38336080245630866,0.41886555857592106,0.1977736389677704,c1,c234
16936,0.384321350021821,0.29239005466903245,0.32328859530914655,c5,c1
9595,0.19132856754356203,0.3287627061688895,0.4799087262875485,c5,c5
12254,0.4423966099485531,0.2656147656606277,0.291988624390819,c1,c1
6616,0.16259003449788478,0.3261693965422391,0.5112405689598761,c5,c5
10535,0.48693382113288947,0.34907419393112615,0.1639919849359843,c5,c1
15568,0.400490965163832,0.3286829916966437,0.2708260431395243,c234,c1
19600,0.27592409109781313,0.3676141011056172,0.35646180779656955,c5,c234
19435,0.2645758620178189,0.34535178639653397,0.3900723515856471,c234,c5
9810,0.34210106929308415,0.3527756241516463,0.3051233065552695,c234,c234
5477,0.346867684845839,0.25092398184166403,0.40220833331249695,c234,c5
12404,0.3039958279505375,0.24596766215257823,0.4500365098968843,c5,c5
17338,0.3350026309788503,0.3209663543872585,0.3440310146338913,c1,c5
1713,0.23531247276506168,0.32509603343200666,0.43959149380293167,c234,c5
6588,0.38867875305840904,0.23424500658061093,0.37707624036098003,c1,c1
2538,0.2825056563199398,0.390565093045087,0.3269292506349733,c234,c234
16410,0.4463328445823279,0.313803618908091,0.2398635365095812,c234,c1
14411,0.1660115580722618,0.43269257289815843,0.4012958690295797,c234,c234
14673,0.3391239888990337,0.36924214923887844,0.2916338618620879,c1,c234
11250,0.382155458967578,0.3515671915264044,0.2662773495060176,c1,c1
8411,0.3450343850649646,0.42575452743901054,0.22921108749602487,c1,c234
4650,0.3112936590217811,0.39029415069857487,0.29841219027964405,c1,c234
11730,0.17733845734067502,0.36703838739646094,0.455623155262864,c234,c5
8127,0.4423966099485531,0.2656147656606277,0.291988624390819,c234,c1
12199,0.2798015735579403,0.3846028302830799,0.3355955961589798,c1,c234
10354,0.2717895774970739,0.3438683831107697,0.38434203939215633,c234,c5
8879,0.17068915872341311,0.3111222839203738,0.5181885573562132,c234,c5
9151,0.2967805323299062,0.3680938301876413,0.33512563748245244,c1,c234
3486,0.28211236559298314,0.31349786932349333,0.40438976508352364,c234,c5
9486,0.2498841565613005,0.3279701814374188,0.42214566200128073,c5,c5
2893,0.33962049438004077,0.311097775600746,0.3492817300192132,c5,c5
9300,0.39184114609998183,0.37486207332512195,0.23329678057489622,c1,c1
14896,0.4421091257866096,0.3264344882762811,0.23145638593710932,c1,c1
13023,0.2551427988113615,0.4679460914905567,0.27691110969808186,c5,c234
10427,0.1296358524789466,0.40598189343688074,0.4643822540841727,c5,c5
10340,0.30462504078451624,0.4172320802496512,0.2781428789658327,c234,c234
6623,0.222235509447919,0.2813539787548759,0.4964105117972052,c5,c5
16638,0.18423108531390442,0.24967644634126612,0.5660924683448295,c234,c5
6963,0.3960066178540173,0.3050661781417149,0.29892720400426787,c5,c1
17389,0.4196616222103879,0.3624035136669791,0.21793486412263294,c5,c1
13781,0.5671679585727665,0.3298701411347377,0.10296190029249579,c234,c1
6127,0.43680856898927595,0.4024792093083769,0.16071222170234717,c234,c1
12201,0.1023513308619454,0.36270655901314475,0.5349421101249099,c234,c5
3788,0.36194197799065114,0.3309829686235886,0.3070750533857602,c234,c1
4784,0.17408632405578386,0.42356195449627165,0.4023517214479444,c234,c234
15363,0.37524375648693875,0.46169088772558353,0.1630653557874777,c1,c234
3842,0.22812652902023717,0.5009260272605107,0.27094744371925206,c1,c234
4636,0.23143672666797147,0.45776077421223044,0.31080249911979807,c1,c234
11334,0.557840997624816,0.3336886314356862,0.10847037093949777,c1,c1
10191,0.38201610966233107,0.368268311296879,0.24971557904078995,c1,c1
817,0.38422167300866394,0.2774570897691575,0.33832123722217855,c5,c1
4997,0.3069641967970138,0.3202885082521756,0.37274729495081055,c234,c5
4608,0.28889583130618374,0.3670549909200665,0.3440491777737497,c234,c234
20030,0.270483664425418,0.4460549090200677,0.28346142655451423,c5,c234
18898,0.16774030396801182,0.31624082517016305,0.5160188708618252,c1,c5
8333,0.38054826702584965,0.3972154014623366,0.2222363315118137,c5,c234
9554,0.4927603682741263,0.31807613705667326,0.18916349466920043,c1,c1
4603,0.1358865686418896,0.2765786513097328,0.5875347800483777,c5,c5
2663,0.2865414060735675,0.3962600091119701,0.31719858481446245,c1,c234
9292,0.5262230756445831,0.34381930172133246,0.1299576226340844,c234,c1
10712,0.36141332197502407,0.40309514085595877,0.23549153716901708,c1,c234
19830,0.28598853800674445,0.25028266678508954,0.463728795208166,c234,c5
11795,0.29131562440094194,0.31110719898270667,0.3975771766163513,c234,c5
6172,0.26486122915905563,0.2673497272896454,0.4677890435512989,c5,c5
10602,0.2526968308684886,0.30507165214222404,0.4422315169892874,c234,c5
3964,0.268251830627013,0.43932663650526305,0.29242153286772404,c234,c234
16105,0.2605658038009113,0.38427427070656295,0.35515992549252573,c5,c234
11132,0.4195584469590009,0.2607206922725597,0.31972086076843953,c1,c1
10549,0.2905914450440144,0.42848403670694635,0.28092451824903925,c5,c234
5513,0.2587086141665621,0.41923565107235383,0.32205573476108407,c234,c234
4310,0.29248487607922097,0.23488359070340556,0.47263153321737345,c234,c5
10738,0.35979625478743066,0.35032216220165757,0.28988158301091177,c234,c1
19466,0.2233967573997364,0.4206566252399342,0.3559466173603293,c5,c234
16223,0.15501148832763373,0.2670569087809331,0.5779316028914332,c234,c5
8668,0.17187149309347655,0.20855951234757666,0.6195689945589468,c5,c5
19198,0.20070546261192415,0.32977439861230073,0.46952013877577514,c5,c5
10512,0.4575592758995435,0.39723784281962304,0.14520288128083356,c1,c1
16067,0.5416162358304941,0.333537729825496,0.12484603434400979,c1,c1
13026,0.12593488865304828,0.3429333898309686,0.5311317215159832,c5,c5
12620,0.13135040026506234,0.3896892012685823,0.4789603984663554,c234,c5
8932,0.4118302485706712,0.28083298596674616,0.3073367654625826,c5,c1
5069,0.41826029526160396,0.40469974303210765,0.17703996170628838,c234,c1
764,0.2941531654932936,0.36676032996940755,0.33908650453729877,c234,c234
17524,0.3630322245357481,0.4199229314511035,0.21704484401314827,c5,c234
10393,0.5507301560061004,0.27899086970476195,0.1702789742891376,c1,c1
7872,0.33855730382023885,0.28348076522245125,0.3779619309573098,c1,c5
11694,0.19364679106436727,0.5179045400852287,0.28844866885040393,c234,c234
17305,0.4316709503359581,0.4253682428273585,0.1429608068366834,c5,c1
15375,0.23142101327081752,0.31164517330559466,0.45693381342358785,c5,c5
1276,0.471860802401823,0.3689456488379109,0.15919354876026606,c1,c1
4227,0.11867430634714293,0.370553903065485,0.5107717905873721,c5,c5
16215,0.5050110579130479,0.23541260760736926,0.25957633447958284,c1,c1
11297,0.32045148495998454,0.5391106400266977,0.14043787501331764,c5,c234
20085,0.2541477249838895,0.3341658437823708,0.41168643123373966,c234,c5
1292,0.252807690232404,0.29521956437479047,0.45197274539280546,c1,c5
13701,0.33123696005833436,0.4803243774652482,0.18843866247641747,c5,c234
15425,0.19779107524912734,0.30948114426638984,0.4927277804844829,c5,c5
3989,0.6109345105641819,0.2843513032196478,0.1047141862161703,c1,c1
6866,0.18017278347513385,0.28517243951515436,0.5346547770097119,c5,c5
10843,0.20617477491598502,0.30062727011218193,0.49319795497183305,c1,c5
9167,0.3480724349503247,0.35253843308514643,0.2993891319645288,c1,c234
8793,0.34406939373749756,0.3838310464710514,0.272099559791451,c5,c234
5356,0.26025136005328414,0.5657763203624044,0.17397231958431153,c234,c234
4253,0.5671679585727665,0.3298701411347377,0.10296190029249579,c5,c1
8059,0.1694499207179609,0.3827105975809041,0.4478394817011351,c234,c5
10646,0.2693154473955724,0.3626282950294679,0.3680562575749597,c5,c5
6326,0.2895103053498132,0.3910295320702432,0.3194601625799435,c234,c234
12076,0.4135748585242026,0.3193540076841532,0.2670711337916442,c234,c1
18644,0.38560371280342476,0.41161218688414314,0.20278410031243205,c234,c234
9104,0.25480519441094374,0.4615282445162133,0.2836665610728429,c234,c234
12945,0.25706704375445105,0.36607091097064176,0.3768620452749071,c234,c5
12212,0.3011253045504981,0.3332697274876059,0.36560496796189595,c234,c5
14559,0.32919247946704605,0.3435859886795431,0.32722153185341085,c234,c234
10954,0.3403512292826646,0.36082268794963585,0.2988260827676995,c234,c234
16869,0.33555178149940607,0.34319483529414263,0.3212533832064513,c1,c234
10274,0.2562206992399372,0.23965718360092608,0.5041221171591367,c234,c5
1897,0.6684578366373071,0.2378637240588875,0.0936784393038054,c1,c1
3729,0.5933188037371715,0.28450990936121573,0.12217128690161276,c1,c1
3809,0.331458539621744,0.3593275919994118,0.3092138683788442,c5,c234
19585,0.09735802594004986,0.3369727157642474,0.5656692582957027,c1,c5
8949,0.33763041977345504,0.3662079640267779,0.296161616199767,c234,c234
3268,0.373047642567354,0.3780795447074,0.24887281272524597,c5,c234
10038,0.4227858145963034,0.3371963676912419,0.24001781771245484,c5,c1
15121,0.18566249621882155,0.2959793023406815,0.518358201440497,c5,c5
19072,0.3689445319613351,0.3462899563015451,0.28476551173711984,c1,c1
8031,0.49109124067083576,0.36673146192177464,0.14217729740738955,c1,c1
1782,0.2694744877139553,0.3719371892165908,0.3585883230694538,c5,c234
3714,0.3181943635828437,0.3582178954981359,0.3235877409190204,c5,c234
11282,0.3938647133677075,0.21917828236766185,0.38695700426463064,c234,c1
16453,0.4841083432290052,0.30750978390136596,0.2083818728696289,c1,c1
17201,0.28772919628709515,0.4251498958401642,0.28712090787274064,c234,c234
17993,0.4449423773175477,0.4088541930524129,0.14620342963003943,c5,c1
2740,0.07875544966137285,0.2380485203415506,0.6831960299970765,c5,c5
19582,0.26480075547933474,0.3986077540346668,0.3365914904859984,c5,c234
18961,0.32583443073455665,0.39299633121480165,0.28116923805064176,c1,c234
8104,0.4343588076902206,0.45626966496034393,0.10937152734943553,c1,c234
16792,0.4978273116867499,0.24265783126948914,0.2595148570437609,c1,c1
5999,0.2902353392425107,0.2909308816141495,0.41883377914333997,c234,c5
17515,0.16691927215469177,0.4038143670864523,0.429266360758856,c5,c5
14696,0.30278926256683725,0.3649996524045316,0.33221108502863117,c234,c234
8046,0.45559283135484885,0.24879629142018053,0.29561087722497065,c5,c1
1375,0.35478271056401844,0.3367962816876296,0.30842100774835196,c1,c1
4896,0.25670233541790666,0.37120859418871593,0.3720890703933774,c5,c5
6778,0.36434052861323935,0.3462935336256912,0.28936593776106945,c1,c1
12586,0.3618898298766159,0.2727853193614255,0.3653248507619585,c1,c5
11837,0.3282600312955784,0.229401621212104,0.44233834749231765,c234,c5
13232,0.21492355099377192,0.22286496380509263,0.5622114852011354,c5,c5
15004,0.26804162550459404,0.353744012740551,0.3782143617548549,c1,c5
18280,0.22346133944285743,0.3715371440560021,0.40500151650114047,c5,c5
19488,0.2417536668259887,0.3419962996826125,0.4162500334913988,c1,c5
7375,0.4602687920093877,0.38629574126364485,0.15343546672696737,c234,c1
10525,0.31604787962052316,0.39517741216142155,0.2887747082180553,c5,c234
19439,0.21831174431711947,0.32450417628749495,0.4571840793953855,c5,c5
3775,0.4916712603278036,0.28438932997723976,0.22393940969495668,c234,c1
1575,0.2198962629755561,0.4498364654174421,0.3302672716070018,c5,c234
5492,0.3600023250452006,0.41380127298028613,0.22619640197451316,c234,c234
13531,0.4753127111000583,0.325392729626823,0.19929455927311873,c234,c1
7839,0.47299525115827185,0.3609089315438542,0.16609581729787395,c234,c1
6422,0.3461620262852533,0.26457204671045165,0.38926592700429513,c1,c5
12252,0.30174239074363635,0.4105326079015697,0.28772500135479395,c1,c234
11647,0.27584810324871706,0.30856076334924937,0.4155911334020336,c1,c5
7766,0.3533571306394372,0.31189066594657594,0.3347522034139869,c1,c1
7621,0.15587353969652012,0.3648194046477664,0.47930705565571347,c5,c5
7030,0.4183434898610602,0.30410221718068675,0.27755429295825307,c1,c1
9648,0.30031189491865573,0.35417878736562725,0.345509317715717,c1,c234
14322,0.15984923977213147,0.42649042773841883,0.4136603324894498,c234,c234
5806,0.12555744272068847,0.30389389215690044,0.5705486651224112,c5,c5
2411,0.46658224014243366,0.2675932192814746,0.2658245405760917,c1,c1
4393,0.11212288578186898,0.3020818906092874,0.5857952236088436,c5,c5
8406,0.22874630133160104,0.32960666492254276,0.4416470337458562,c234,c5
1591,0.2168419907917178,0.34046590882089095,0.44269210038739126,c5,c5
10066,0.38223760601967754,0.392474818801934,0.2252875751783885,c234,c234
1314,0.20737980704935075,0.25186563778355464,0.5407545551670946,c5,c5
20048,0.2822963292530146,0.3741439699101336,0.3435597008368518,c5,c234
15319,0.2597607214286243,0.38509493432337816,0.3551443442479975,c5,c234
5088,0.1493550647828417,0.3774304535889257,0.4732144816282327,c1,c5
6269,0.29780874430331084,0.4084118742302826,0.29377938146640664,c1,c234
10791,0.2928941403014254,0.3735127233567509,0.3335931363418237,c5,c234
2958,0.47583879007914776,0.25853954973860693,0.26562166018224537,c1,c1
13519,0.41052475254341403,0.47491433381936055,0.11456091363722543,c234,c234
17349,0.15750957649042102,0.34929845996245357,0.4931919635471253,c234,c5
3232,0.22193035464005115,0.3288295382183241,0.4492401071416248,c234,c5
17739,0.37947160035187705,0.35279586249254763,0.2677325371555754,c1,c1
18292,0.31232892613822405,0.32545374155152273,0.3622173323102533,c1,c5
2909,0.47193645341372764,0.30363685006966,0.2244266965166124,c5,c1
8817,0.4731369515420877,0.35596667903588636,0.17089636942202596,c234,c1
12638,0.21220599340952506,0.29961870288014963,0.48817530371032525,c5,c5
14566,0.36557072370218713,0.37761908937911853,0.2568101869186944,c1,c234
14924,0.24060394969127114,0.4598663919739365,0.29952965833479234,c234,c234
2842,0.1666609389532973,0.4026926771242116,0.4306463839224911,c1,c5
17612,0.3775260301404916,0.4100180416948853,0.21245592816462316,c1,c234
2090,0.392609110801508,0.390032792202924,0.21735809699556802,c234,c1
18050,0.5134981432046297,0.25787897821715794,0.22862287857821234,c5,c1
6301,0.41772043781972384,0.36618780926813166,0.2160917529121445,c5,c1
6561,0.0691363682377151,0.29114942130889376,0.639714210453391,c1,c5
1313,0.18641463623760196,0.4076645520425018,0.40592081171989625,c234,c234
18612,0.39310006524113483,0.3461391900543708,0.2607607447044943,c1,c1
4512,0.19925429224043043,0.4043576575205102,0.3963880502390594,c5,c234
2686,0.18397294119762686,0.41995984519444585,0.3960672136079273,c1,c234
4724,0.1681365813495023,0.326596285430104,0.5052671332203937,c234,c5
18101,0.2852253696937937,0.38938556379951106,0.3253890665066952,c234,c234
11402,0.19596944726319152,0.39407263384832436,0.40995791888848415,c5,c5
6994,0.20615266862996923,0.37728861384909107,0.41655871752093965,c234,c5
11792,0.16186433686166485,0.47337585054696907,0.3647598125913661,c1,c234
7709,0.1515909692986685,0.4198321424264003,0.428576888274931,c1,c5
18162,0.45559283135484885,0.24879629142018053,0.29561087722497065,c5,c1
3522,0.2696791642242037,0.27524821515246567,0.4550726206233307,c5,c5
11258,0.3458399698678221,0.410924794396465,0.24323523573571287,c1,c234
11761,0.18822223595376125,0.39906257074831697,0.4127151932979219,c5,c5
13848,0.2664157979218967,0.2118734243412054,0.5217107777368979,c5,c5
13868,0.33169258455005984,0.3518850720828155,0.31642234336712466,c5,c234
10214,0.09634532238954881,0.34404785135500016,0.559606826255451,c5,c5
19425,0.22505620314654068,0.3780525051911868,0.39689129166227255,c234,c5
11470,0.11359685421062424,0.3485622222057895,0.5378409235835864,c5,c5
11703,0.3063248827296846,0.31577331910305795,0.3779017981672574,c234,c5
7219,0.17728035295598596,0.3237200361922484,0.4989996108517657,c1,c5
1539,0.2571529746650154,0.4395052995920401,0.3033417257429445,c1,c234
19988,0.23205492139951273,0.2084207838573068,0.5595242947431804,c1,c5
4851,0.33845396861178784,0.30061376988651733,0.36093226150169483,c5,c5
2714,0.2396191427726322,0.35927649553989965,0.4011043616874681,c1,c5
8645,0.2624636025387459,0.2795224186124156,0.4580139788488384,c5,c5
6775,0.3162032049723373,0.23873618605045097,0.4450606089772117,c234,c5
92,0.3666222608386631,0.26098369060877114,0.3723940485525658,c1,c5
6500,0.22071909776315443,0.4220494827779211,0.35723141945892445,c1,c234
11722,0.23060906188915137,0.2720385430816283,0.49735239502922035,c5,c5
3096,0.3863172865586685,0.36583833335022375,0.2478443800911078,c1,c1
10435,0.21003342750898776,0.3288032866302358,0.4611632858607765,c1,c5
4039,0.24873082314397985,0.3163451783604553,0.43492399849556496,c5,c5
5461,0.2662583220912903,0.4259502103668364,0.3077914675418733,c5,c234
12660,0.274921326580506,0.35794478447688277,0.3671338889426113,c234,c5
7047,0.3787490610969636,0.22255385933563057,0.3986970795674058,c1,c5
14443,0.28598853800674445,0.25028266678508954,0.463728795208166,c5,c5
17569,0.24501531670597262,0.4323322322802935,0.3226524510137339,c234,c234
11783,0.21438869271575536,0.3168329875396377,0.46877831974460704,c1,c5
12804,0.13453642406421204,0.46377472622325905,0.401688849712529,c1,c234
15006,0.23792187852592592,0.4061528508577365,0.35592527061633755,c1,c234
4994,0.3551295232644823,0.5196001011682164,0.12527037556730133,c234,c234
17730,0.22927195104805068,0.42639045475110954,0.34433759420083987,c5,c234
10984,0.24406889455176617,0.23549565183445345,0.5204354536137804,c1,c5
11699,0.24818220325727705,0.39545046327011885,0.35636733347260413,c234,c234
2490,0.45155709450451437,0.24526198282528194,0.30318092267020375,c1,c1
4544,0.45623507848882505,0.25542952449185224,0.28833539701932265,c1,c1
5899,0.3537163525500799,0.3448876709915128,0.3013959764584072,c5,c1
2345,0.40676393303150143,0.3392070986011224,0.25402896836737626,c1,c1
20003,0.5260367098360181,0.2840047514511516,0.18995853871283036,c1,c1
16054,0.4308748937590533,0.25981255935687286,0.3093125468840737,c234,c1
1304,0.40456487430533744,0.3805362905710702,0.2148988351235924,c1,c1
15725,0.17400384428452217,0.3319676039642515,0.49402855175122645,c5,c5
20050,0.2682285121264983,0.29200311823408054,0.4397683696394211,c1,c5
3039,0.173475175275925,0.2534505678025523,0.5730742569215226,c5,c5
19356,0.5671679585727665,0.3298701411347377,0.10296190029249579,c1,c1
10197,0.17980491237192062,0.2662428186255118,0.5539522690025676,c234,c5
19615,0.4929591845162391,0.35465230321404023,0.1523885122697207,c1,c1
4745,0.2173324853485487,0.34976331147662687,0.4329042031748244,c1,c5
16849,0.31850689302226626,0.37448567777514474,0.30700742920258905,c1,c234
15878,0.2846764371184057,0.2974393586684508,0.41788420421314354,c234,c5
19728,0.43232169475683674,0.3535374493284462,0.2141408559147171,c1,c1
8610,0.5185327692221872,0.2982656844837811,0.18320154629403174,c1,c1
1067,0.3098203101188518,0.44940158461680213,0.24077810526434615,c234,c234
14942,0.5460537311461459,0.3201667432085422,0.13377952564531204,c1,c1
8971,0.14881983386192393,0.3495764660217525,0.5016037001163236,c5,c5
17856,0.4524620637936896,0.32208369111496066,0.22545424509134976,c1,c1
14711,0.230913001206367,0.3828254184353169,0.3862615803583161,c234,c5
5348,0.3029619549768701,0.3795519247988009,0.317486120224329,c5,c234
3284,0.25847947576636676,0.24803607228235283,0.4934844519512803,c234,c5
9631,0.17085004872709506,0.46072980913422706,0.36842014213867785,c5,c234
7951,0.2926913958348169,0.40924538879756717,0.298063215367616,c1,c234
5430,0.26193612079913475,0.2666749458416134,0.4713889333592519,c234,c5
19266,0.46208107023880834,0.3910811083519286,0.14683782140926305,c1,c1
6043,0.2498552695577739,0.363168172274719,0.3869765581675071,c5,c5
17672,0.5472423125264295,0.22268519454375862,0.23007249292981186,c1,c1
11340,0.4259593058191416,0.24816632663884688,0.3258743675420116,c1,c1
11660,0.28246498344779314,0.30593333779784426,0.4116016787543626,c234,c5
2422,0.3941374891215957,0.3071574590147696,0.29870505186363466,c5,c1
11025,0.27253668242766177,0.46570339604602673,0.26175992152631156,c5,c234
17647,0.14169484741675678,0.31540480693752,0.5429003456457233,c234,c5
16562,0.42365583996211675,0.35001256405527326,0.22633159598261005,c1,c1
12900,0.35448511444029907,0.3610356533004674,0.28447923225923355,c1,c234
10613,0.4403923021667039,0.334914010199126,0.22469368763417008,c1,c1
9015,0.320260256155776,0.231549946644018,0.4481897972002059,c234,c5
1584,0.24198077659372502,0.2391582524034971,0.5188609710027778,c234,c5
12932,0.18304454600337777,0.37838763812653387,0.4385678158700883,c1,c5
11905,0.43344211397291066,0.41049912920120846,0.15605875682588086,c234,c1
3893,0.18695988737433286,0.3041471393471674,0.5088929732784997,c1,c5
3161,0.11893583338726002,0.34122446833656783,0.5398396982761722,c5,c5
15880,0.11933263436400869,0.29771520243315247,0.5829521632028387,c234,c5
7081,0.6072259192488071,0.29209299313283166,0.10068108761836134,c234,c1
14891,0.6214455568266122,0.2583066596487755,0.1202477835246124,c234,c1
12530,0.41772043781972384,0.36618780926813166,0.2160917529121445,c234,c1
12228,0.4423966099485531,0.2656147656606277,0.291988624390819,c234,c1
7699,0.2416614079081396,0.44099836947012994,0.3173402226217304,c234,c234
17479,0.5125076328610557,0.23958164067708757,0.24791072646185666,c1,c1
18234,0.2533953305945633,0.32721443055771743,0.4193902388477192,c5,c5
19326,0.24345397590329404,0.23805574133283952,0.5184902827638663,c5,c5
8600,0.3737534833161775,0.28956788495872493,0.33667863172509754,c1,c1
13444,0.3594336918777106,0.29335407016482773,0.3472122379574616,c5,c1
4329,0.3860178820476121,0.36447691956606215,0.24950519838632562,c5,c1
7786,0.1628723026677838,0.2854891345282028,0.5516385628040134,c234,c5
572,0.3000086764237159,0.3577427520563812,0.3422485715199029,c5,c234
5502,0.2570949248184185,0.27065384916254165,0.4722512260190399,c234,c5
8252,0.28873511356614323,0.3077045619535035,0.4035603244803532,c234,c5
16037,0.13570524550836277,0.4000558325480424,0.4642389219435949,c5,c5
11801,0.2501027401094554,0.36288617729804207,0.38701108259250266,c234,c5
18683,0.19120708951251167,0.34748578719124634,0.46130712329624207,c5,c5
7312,0.3229124832592371,0.30670139421888154,0.3703861225218813,c5,c5
18586,0.14148970257162904,0.26541521595349904,0.5930950814748719,c234,c5
18214,0.38645579109389644,0.41388569115272966,0.1996585177533739,c1,c234
19729,0.2839600547274824,0.5066648788035273,0.20937506646899023,c234,c234
3653,0.14530379343692829,0.30525255781524024,0.5494436487478316,c234,c5
14474,0.24063965372309157,0.32927284556955516,0.43008750070735335,c234,c5
3162,0.3006812300259557,0.3903250471030281,0.30899372287101623,c5,c234
10285,0.3667292372606128,0.30755343950947844,0.32571732322990876,c1,c1
9970,0.34859115923499695,0.24071306867947828,0.4106957720855246,c234,c5
2382,0.2722783019640699,0.4372808598475467,0.29044083818838334,c234,c234
13069,0.16181261382991638,0.48616297257516805,0.35202441359491554,c1,c234
5668,0.18103408572188842,0.41567270062218953,0.4032932136559221,c234,c234
657,0.37643879251378054,0.32776640688857067,0.2957948005976488,c234,c1
20083,0.3540394156479544,0.40204199708922495,0.24391858726282073,c1,c234
9936,0.127615051838795,0.24363712662827114,0.6287478215329338,c234,c5
18564,0.1948914135364985,0.3345039592544411,0.4706046272090604,c5,c5
12722,0.29369880672142995,0.35214609965131727,0.35415509362725284,c5,c5
9081,0.3478214934679581,0.3693954845947605,0.2827830219372815,c234,c234
1835,0.6047090768325452,0.2763640882927662,0.11892683487468869,c1,c1
4084,0.06035448895675951,0.3429811877458103,0.5966643232974302,c5,c5
13107,0.6666870436226378,0.22598032358779876,0.10733263278956348,c1,c1
18111,0.22817934280309546,0.3405257962533724,0.43129486094353214,c234,c5
5190,0.2000735710255246,0.4508828036215672,0.3490436253529083,c234,c234
1409,0.43909878593064466,0.343199458722244,0.21770175534711136,c5,c1
12024,0.46549137524518935,0.1780146963839084,0.3564939283709024,c1,c1
7657,0.3755836641355626,0.31899094857771715,0.30542538728672025,c1,c1
9793,0.4102156069723608,0.33656956968215257,0.25321482334548656,c1,c1
14263,0.3317543828953761,0.30552487383715554,0.3627207432674683,c1,c5
409,0.32059896703081686,0.412743423394305,0.26665760957487816,c1,c234
13345,0.5003257605267653,0.24381058772723155,0.25586365174600323,c234,c1
15726,0.15171969322818582,0.32109111172567184,0.5271891950461424,c234,c5
669,0.2977723844253342,0.2579425016739699,0.4442851139006958,c5,c5
6439,0.23334731543575474,0.3513585124578084,0.4152941721064368,c234,c5
217,0.5310147201179047,0.3478688932997508,0.12111638658234436,c234,c1
4737,0.5112570647329869,0.3335945826896157,0.15514835257739734,c234,c1
9939,0.3551791502181607,0.2751852695270979,0.3696355802547414,c234,c5
18968,0.2827500079711056,0.31314965745389123,0.4041003345750032,c234,c5
8831,0.6113877708407579,0.28829225112410295,0.1003199780351391,c1,c1
10952,0.18517416689771415,0.4936337433295879,0.321192089772698,c5,c234
9874,0.2905914450440144,0.42848403670694635,0.28092451824903925,c1,c234
7332,0.3193134869191837,0.35962236142871523,0.32106415165210106,c234,c234
20000,0.49291759301608196,0.31917090880890187,0.1879114981750162,c1,c1
8286,0.19932021402083458,0.3143243881594088,0.4863553978197567,c5,c5
2758,0.18662259869578435,0.35873491727627116,0.4546424840279445,c1,c5
8537,0.328205234633742,0.4634692466766029,0.20832551868965504,c5,c234
1342,0.25033175884956754,0.42359424795492134,0.3260739931955111,c234,c234
2824,0.35369991280945945,0.31559017931991534,0.33070990787062515,c234,c1
14789,0.3104597010368736,0.37316093877467804,0.31637936018844837,c5,c234
14466,0.15855098631181813,0.3894595890781902,0.45198942460999164,c5,c5
976,0.4706303826613345,0.2601644359242536,0.26920518141441196,c1,c1
5689,0.1449186008864775,0.2924203193355591,0.5626610797779634,c5,c5
12499,0.2459455003104723,0.3388224004879642,0.41523209920156356,c5,c5
3504,0.28160593930235006,0.4297589211986024,0.28863513949904757,c234,c234
8325,0.3351907437373931,0.3415934147408018,0.3232158415218051,c1,c234
19686,0.42743920887283765,0.4102021453894656,0.16235864573769676,c1,c1
17688,0.27509056745206817,0.45215370271693767,0.2727557298309942,c5,c234
13839,0.5773103276440914,0.31632328908515556,0.10636638327075298,c1,c1
8805,0.3291053217910232,0.18453957386903103,0.4863551043399458,c5,c5
19911,0.19392848615109717,0.41243316572391553,0.3936383481249873,c234,c234
15316,0.3258197323907052,0.2904191862693038,0.3837610813399911,c234,c5
10937,0.47155801874866227,0.3578411307266128,0.17060085052472498,c1,c1
3138,0.23356887898481463,0.3094451735729655,0.4569859474422199,c5,c5
1516,0.33321638017425,0.45368627880214857,0.21309734102360145,c5,c234
19869,0.18463355874894988,0.40045637884954066,0.4149100624015095,c1,c5
14773,0.27435858148582726,0.31463215372667924,0.41100926478749356,c1,c5
11750,0.27109367635298376,0.36395539948170635,0.3649509241653099,c1,c5
14720,0.24331388973425822,0.38464667465021946,0.37203943561552233,c5,c234
9123,0.261948811512528,0.38308566964843516,0.35496551883903693,c1,c234
6329,0.29359202174793436,0.34889152992503253,0.35751644832703305,c234,c5
2671,0.25063674790125506,0.4023197052016031,0.3470435468971419,c234,c234
12940,0.16519373976956384,0.43930109316833194,0.39550516706210426,c234,c234
16705,0.3397629543198873,0.46561925502399665,0.19461779065611612,c234,c234
15755,0.35424394732323033,0.323509632381639,0.3222464202951306,c234,c1
5409,0.4097499901655196,0.38044061985568356,0.20980938997879678,c234,c1
6672,0.3407866680332841,0.4618011226573941,0.19741220930932166,c234,c234
11834,0.2828052758655202,0.38256766877196907,0.3346270553625107,c1,c234
8136,0.16362301143723745,0.2798143281206452,0.5565626604421174,c1,c5
11393,0.22509011818230915,0.420123032872268,0.3547868489454228,c234,c234
8428,0.22035444131511514,0.40346638559053066,0.3761791730943541,c234,c234
3543,0.21669913907106614,0.3038048783388861,0.47949598259004783,c1,c5
3700,0.3074519059263746,0.3852005638210458,0.3073475302525796,c5,c234
417,0.14664941210700083,0.29449513682795836,0.5588554510650408,c234,c5
14346,0.19461061263642038,0.30870544834512026,0.4966839390184593,c234,c5
30,0.3866307843150998,0.2859211851078532,0.32744803057704697,c1,c1
15234,0.5671679585727665,0.3298701411347377,0.10296190029249579,c1,c1
3941,0.23854680277001755,0.3949421509903593,0.36651104623962316,c5,c234
19313,0.2695889892922866,0.30882170762549843,0.421589303082215,c5,c5
11356,0.29625097977317694,0.4096687348625922,0.29408028536423075,c5,c234
9331,0.4072097196752308,0.3354171866394864,0.25737309368528277,c1,c1
10872,0.35655912806202283,0.37312692598538444,0.2703139459525927,c5,c234
13008,0.37938329616869393,0.31137234887534115,0.3092443549559648,c5,c1
7659,0.38806007456417807,0.28381792525242616,0.32812200018339577,c5,c1
11633,0.2436928407468757,0.4643531396159616,0.2919540196371627,c1,c234
14993,0.2459331544943196,0.37047304999945807,0.38359379550622225,c234,c5
3127,0.31266058722486806,0.37715699982562606,0.3101824129495059,c234,c234
8898,0.2848147733195746,0.3961932343755197,0.31899199230490577,c234,c234
18350,0.13417668935197036,0.22875393565007612,0.6370693749979536,c5,c5
868,0.4136631231492737,0.3990760176289579,0.18726085922176833,c1,c1
19415,0.3689453362752253,0.3059779799926605,0.3250766837321142,c5,c1
13367,0.31014518459685686,0.37489464155552,0.3149601738476231,c234,c234
11516,0.214172066696452,0.30056139850869257,0.48526653479485543,c5,c5
16938,0.4452328238764352,0.3426388809476152,0.2121282951759497,c234,c1
8469,0.1492466125234428,0.41020708553479956,0.4405463019417576,c234,c5
14803,0.35380084399795747,0.3742717340139059,0.2719274219881366,c1,c234
839,0.1354023370532045,0.149424166573613,0.7151734963731825,c5,c5
11231,0.17794290233927793,0.4800675705235243,0.3419895271371979,c234,c234
534,0.31792559776604545,0.36760844282621347,0.31446595940774114,c1,c234
16221,0.29470109570505265,0.37461777221103676,0.3306811320839106,c5,c234
17455,0.601705310539779,0.22296402304522153,0.17533066641499945,c234,c1
18590,0.3946164859519679,0.39938407656626085,0.20599943748177124,c5,c234
8273,0.3537930569109033,0.30939327654281806,0.33681366654627864,c234,c1
18717,0.4851610242916321,0.3391515918802872,0.17568738382808063,c1,c1
5792,0.27615891774889845,0.4116812292752554,0.31215985297584614,c234,c234
12696,0.3426529455583801,0.37189320880333654,0.28545384563828335,c1,c234
13768,0.390972095597149,0.3929933530794725,0.21603455132337857,c5,c234
3834,0.5967866010383036,0.3095735686180614,0.09363983034363503,c1,c1
6060,0.38029465981497185,0.4418497548309199,0.17785558535410823,c1,c234
4993,0.3021040333487207,0.43212093578071914,0.26577503087056026,c5,c234
13888,0.12364369431578351,0.24996456920510565,0.6263917364791108,c5,c5
16254,0.3504836477160812,0.42937264475133247,0.22014370753258636,c1,c234
6913,0.3429790502980866,0.40316254999022505,0.25385839971168833,c234,c234
2724,0.7245647261171029,0.1798516359679932,0.09558363791490404,c1,c1
3613,0.33728431274277276,0.3146773606602804,0.348038326596947,c5,c5
15785,0.30454597130087385,0.29079282112268234,0.4046612075764438,c1,c5
1519,0.3661670982771926,0.45146981701254063,0.18236308471026672,c5,c234
300,0.3741662523582009,0.27987466703567043,0.3459590806061287,c1,c1
14917,0.15857295348684075,0.38329127255824347,0.4581357739549158,c5,c5
7536,0.6345723782258424,0.2903718633546038,0.07505575841955382,c1,c1
10201,0.1412904405989649,0.36299177889708895,0.49571778050394605,c234,c5
14700,0.26587856218119105,0.3867529202103405,0.3473685176084684,c234,c234
20088,0.5830604771837871,0.19503949911093296,0.22190002370528,c1,c1
8155,0.34871055182959615,0.45733881663048004,0.19395063153992373,c234,c234
4371,0.2898810645738076,0.37162579368023607,0.33849314174595635,c1,c234
11372,0.24084323599064295,0.21392633522924726,0.5452304287801099,c5,c5
19809,0.3962835575218938,0.35607557552006275,0.24764086695804338,c234,c1
824,0.4527665246402338,0.26671973253461034,0.28051374282515573,c1,c1
11428,0.3994956073817802,0.311545647055539,0.28895874556268075,c234,c1
3339,0.5822991880876378,0.33141294827090406,0.08628786364145809,c234,c1
10741,0.261064280322419,0.28973566140240936,0.4492000582751716,c1,c5
2601,0.1536098076864603,0.4177262482736596,0.42866394403988,c234,c5
2174,0.3532546387080361,0.3662937174694567,0.2804516438225072,c1,c234
14607,0.29898732561974095,0.4799081068577139,0.22110456752254523,c234,c234
20058,0.19120025830260787,0.4158907291165133,0.39290901258087885,c234,c234
18816,0.24534753679811513,0.35366779311813523,0.4009846700837497,c5,c5
10928,0.439097191468933,0.3905397112027397,0.17036309732832733,c234,c1
19989,0.31950120215410227,0.35283661597445404,0.32766218187144364,c5,c234
1844,0.25732407727172524,0.2842116260380124,0.45846429669026245,c1,c5
8472,0.1620454509830543,0.3057777035820023,0.5321768454349434,c5,c5
18476,0.22888774035503273,0.3352308685325986,0.43588139111236857,c5,c5
8743,0.1161764717078502,0.37125824224432324,0.5125652860478265,c1,c5
5011,0.22891600877373058,0.39782700847337366,0.3732569827528957,c5,c234
18184,0.3506616963546606,0.38568831840002765,0.2636499852453117,c1,c234
19549,0.4423966099485531,0.2656147656606277,0.291988624390819,c234,c1
15174,0.1022733435984315,0.2816587444366564,0.6160679119649121,c5,c5
386,0.28703421734993195,0.2689207446280276,0.4440450380220404,c5,c5
9806,0.36283283236318437,0.37479743582088776,0.2623697318159278,c5,c234
12440,0.2446976589799858,0.481711270534347,0.2735910704856672,c5,c234
3132,0.23731818155559736,0.4758264315066782,0.2868553869377245,c5,c234
10796,0.32217845830869524,0.3921458495565225,0.2856756921347823,c5,c234
7325,0.4229696383609878,0.3761540632141451,0.20087629842486718,c234,c1
14941,0.2083530293042104,0.39153166604935813,0.40011530464643147,c5,c5
17466,0.13272529261720814,0.329353011746217,0.537921695636575,c234,c5
12785,0.7061331546628531,0.18808628238926753,0.1057805629478793,c1,c1
10425,0.40697813994774695,0.33190316087248295,0.2611186991797701,c234,c1
10451,0.45559283135484885,0.24879629142018053,0.29561087722497065,c5,c1
2362,0.46208926120476346,0.26977115742491287,0.2681395813703237,c1,c1
13284,0.2764501659609765,0.2536258520264725,0.4699239820125511,c5,c5
18746,0.24803495296306574,0.4237539650820986,0.32821108195483556,c5,c234
6192,0.28421450991732505,0.35916474833723255,0.35662074174544234,c234,c234
12546,0.34456277590870005,0.39747625861008823,0.2579609654812117,c5,c234
16280,0.22809982884697436,0.33407142356661207,0.4378287475864136,c1,c5
15476,0.19909839957296654,0.41562583429648425,0.3852757661305492,c5,c234
10126,0.2058174434829223,0.37381468736630286,0.4203678691507748,c5,c5
14083,0.14580745640198906,0.5151942410536264,0.33899830254438446,c5,c234
15873,0.2454188299783538,0.4712463749709527,0.2833347950506935,c234,c234
12262,0.4523095998571892,0.28071198886011484,0.26697841128269595,c1,c1
16945,0.4819014520684564,0.34247446662653613,0.17562408130500756,c234,c1
5469,0.46099132103039386,0.3243428430766224,0.2146658358929836,c1,c1
4789,0.3496650079038533,0.33288154452377433,0.31745344757237237,c1,c1
10970,0.34985399634830716,0.37395887529313554,0.2761871283585572,c1,c234
5538,0.2644775411974408,0.4274375408912653,0.3080849179112939,c5,c234
13058,0.17422435913449755,0.31231037983399673,0.5134652610315056,c1,c5
13997,0.5310541011584607,0.3162844876929559,0.15266141114858328,c234,c1
18901,0.319142831856998,0.27458823860155335,0.40626892954144855,c1,c5
5128,0.2664433022759623,0.3030201592374333,0.4305365384866044,c234,c5
3462,0.22339035115103784,0.44821651331883744,0.3283931355301247,c234,c234
2634,0.09985417103739266,0.4378085064213761,0.4623373225412313,c5,c5
2642,0.31209039217933504,0.29305523618783375,0.3948543716328312,c1,c5
5000,0.2200979086767413,0.28858694588096034,0.4913151454422984,c1,c5
14863,0.2041557073500643,0.36601134832201454,0.42983294432792113,c5,c5
6660,0.44828983882938117,0.28724715885367397,0.2644630023169449,c5,c1
11198,0.19720655867227066,0.2698460207130857,0.5329474206146436,c5,c5
593,0.1913577812825315,0.3599574663558671,0.4486847523616014,c234,c5
3403,0.4509673547921024,0.30676171975242583,0.24227092545547171,c234,c1
4467,0.14430718438673656,0.30184351576772767,0.5538492998455358,c1,c5
18008,0.36176003328996975,0.3445209664608471,0.2937190002491831,c234,c1
14213,0.45390570714258544,0.306838783967307,0.23925550889010747,c1,c1
15074,0.14419432638206875,0.377870660514775,0.4779350131031562,c234,c5
18100,0.29767462159115043,0.3712878127005462,0.3310375657083034,c5,c234
11919,0.2334337338447589,0.44840898450296207,0.318157281652279,c5,c234
15519,0.29207109957174515,0.23146259300752928,0.4764663074207256,c234,c5
18374,0.5152295846409786,0.36837336261741,0.11639705274161145,c234,c1
4081,0.3946933955458725,0.30331627620088536,0.3019903282532422,c234,c1
4451,0.33882893412765885,0.34821021061736535,0.3129608552549759,c234,c234
8516,0.4520387942937302,0.3364149869510527,0.21154621875521712,c1,c1
10119,0.4225582837614918,0.3932320036873134,0.18420971255119487,c234,c1
14853,0.20532884658597866,0.45483397901150086,0.3398371744025205,c5,c234
17315,0.2387096245944315,0.2974862111210197,0.46380416428454874,c5,c5
19588,0.091015665022115,0.2858581524699505,0.6231261825079344,c5,c5
11821,0.35481658222596535,0.36849411795422843,0.2766892998198062,c234,c234
11427,0.19498595448419073,0.2791428835766277,0.5258711619391815,c5,c5
19264,0.5144115278244279,0.29118765987326783,0.19440081230230427,c1,c1
8927,0.34481763433548906,0.40452635988820507,0.25065600577630587,c1,c234
12618,0.18992918007917878,0.22258101092289184,0.5874898089979294,c5,c5
61,0.16672839932842765,0.29109088248452086,0.5421807181870515,c5,c5
14508,0.18390246323870138,0.3411877622436113,0.4749097745176873,c234,c5
12239,0.2611843632417764,0.37433173587477714,0.3644839008834465,c5,c234
8287,0.4727790613440418,0.3770698272323809,0.15015111142357726,c234,c1
10598,0.24683042759727547,0.5279535058044769,0.2252160665982475,c234,c234
775,0.34113373530032537,0.3397561210289542,0.31911014367072044,c234,c1
1609,0.34663355939048784,0.23705631136814675,0.41631012924136535,c5,c5
344,0.12438373469332886,0.18170670612479406,0.693909559181877,c5,c5
7955,0.12372485370430578,0.2417589318728362,0.634516214422858,c234,c5
17492,0.4495091089150134,0.36839528937290844,0.18209560171207823,c1,c1
11732,0.25210515083093454,0.2661892963205826,0.4817055528484827,c5,c5
3569,0.18927684240191306,0.4035785052592818,0.4071446523388052,c5,c5
50,0.21766242339195047,0.36385581489877206,0.4184817617092776,c234,c5
18659,0.4479505631604933,0.4716542439733688,0.08039519286613792,c1,c234
12095,0.20471879236672433,0.3558413296726976,0.43943987796057815,c234,c5
16102,0.38973034650873517,0.3105118383791253,0.2997578151121395,c1,c1
6101,0.5120324738246655,0.3099855304526444,0.1779819957226902,c234,c1
4730,0.33840519842522615,0.3429126133125667,0.3186821882622072,c1,c234
8806,0.3294633045283101,0.43124070690289945,0.23929598856879047,c234,c234
1422,0.2926007038847985,0.3552273214569559,0.3521719746582456,c1,c234
16784,0.22474153314751266,0.46784666284483506,0.30741180400765233,c234,c234
4389,0.4761690670947122,0.3923030777775236,0.13152785512776424,c1,c1
17217,0.24764478489442432,0.36491306989745964,0.38744214520811615,c5,c5
14221,0.3238700050685855,0.37302922172982367,0.3031007732015909,c1,c234
15001,0.5516628624336628,0.3237811964516452,0.12455594111469201,c1,c1
14552,0.3723907217208165,0.4126464250623553,0.21496285321682823,c5,c234
14731,0.2264529303268535,0.3695747861404642,0.40397228353268233,c5,c5
14024,0.22687254093834958,0.2832757583118109,0.4898517007498396,c1,c5
3501,0.4216138938308879,0.2855553000814358,0.29283080608767637,c234,c1
4422,0.20219104954485112,0.3801606833312749,0.41764826712387393,c1,c5
17046,0.3652595328879691,0.34714995114286,0.287590515969171,c1,c1
8332,0.20024118475419583,0.38194901127300795,0.4178098039727961,c1,c5
4626,0.2840990542458581,0.4521457894677459,0.26375515628639606,c234,c234
11260,0.32041639586481596,0.314564978160501,0.365018625974683,c5,c5
1071,0.3384825086386523,0.330923819284987,0.3305936720763607,c5,c1
11430,0.3423561163351053,0.28889055631207744,0.3687533273528173,c5,c5
10753,0.25831718667167974,0.3677606834263931,0.37392212990192714,c1,c5
18244,0.2478009599282544,0.4372548722463935,0.31494416782535206,c234,c234
7186,0.23893563012321922,0.3467903893971327,0.4142739804796481,c5,c5
16306,0.12095510205980167,0.44179743925249026,0.43724745868770815,c5,c234
12090,0.2277537180655989,0.30464235149384616,0.467603930440555,c5,c5
1559,0.2805178684984635,0.3849897684170993,0.33449236308443714,c5,c234
11599,0.22866799103552635,0.3940535938681262,0.37727841509634735,c1,c234
1172,0.29305057014832026,0.3610209199542389,0.34592850989744084,c5,c234
14438,0.21114567236419157,0.4686859825787793,0.3201683450570292,c5,c234
16749,0.43871252637612584,0.4025758723356037,0.1587116012882705,c5,c1
5419,0.214460147757231,0.33622493212675564,0.44931492011601326,c234,c5
4349,0.23462656235496854,0.4021610761145239,0.36321236153050757,c1,c234
6624,0.3923505964220606,0.453776947927531,0.15387245565040836,c5,c234
13981,0.23620313031656748,0.28280684377175164,0.4809900259116809,c234,c5
2881,0.13874602483770906,0.3193630081019111,0.5418909670603798,c234,c5
9957,0.2882590302694775,0.4980580624697697,0.2136829072607528,c234,c234
18257,0.4157171937491492,0.43490880480908567,0.14937400144176516,c234,c234
6694,0.44180397154393847,0.32636520178317596,0.23183082667288551,c5,c1
18706,0.2092472764725562,0.3021950635461083,0.4885576599813355,c5,c5
547,0.3070787005997165,0.2842532124520666,0.40866808694821694,c1,c5
13443,0.20202780503038786,0.32971383267596255,0.46825836229364964,c234,c5
14918,0.3222227767406351,0.3597861558370589,0.317991067422306,c234,c234
3589,0.2677558522346396,0.46450511193640465,0.2677390358289558,c5,c234
9710,0.304366896959554,0.32232280481274234,0.3733102982277036,c234,c5
9021,0.28178924105363945,0.3343107272216853,0.3839000317246753,c1,c5
3582,0.2416115432369878,0.3655337289943788,0.39285472776863345,c5,c5
13805,0.33143792950516804,0.3689510885860069,0.299610981908825,c234,c234
16531,0.4423966099485531,0.2656147656606277,0.291988624390819,c1,c1
3332,0.2901988059586156,0.2378998479829085,0.4719013460584759,c5,c5
5021,0.24600177511637714,0.28757072784303855,0.46642749704058445,c5,c5
7050,0.21574161460587513,0.37380001036685856,0.4104583750272662,c234,c5
9462,0.33340609419352274,0.34886375070835374,0.31773015509812347,c1,c234
19758,0.6214455568266122,0.2583066596487755,0.1202477835246124,c1,c1
9494,0.38046270715374153,0.2767494879289134,0.342787804917345,c1,c1
11923,0.26870518244214947,0.31646770603399393,0.41482711152385665,c5,c5
17788,0.2761938487848349,0.3746564593984174,0.3491496918167477,c234,c234
7442,0.38426765778320504,0.32691922516825994,0.28881311704853496,c5,c1
5885,0.31964019809790756,0.33731265477594136,0.34304714712615114,c5,c5
14057,0.3536435382115309,0.3512333481691772,0.295123113619292,c234,c1
5515,0.3794429885909724,0.3924889594537836,0.22806805195524388,c5,c234
3804,0.3119120215928743,0.3608427585170365,0.32724521989008926,c5,c234
2456,0.22523447326813034,0.36551294974066684,0.40925257699120277,c5,c5
15719,0.21481637357796765,0.5177499932611397,0.26743363316089275,c234,c234
17561,0.45559283135484885,0.24879629142018053,0.29561087722497065,c5,c1
9150,0.5048081940111333,0.34236154846213285,0.15283025752673393,c234,c1
2967,0.35653570833281756,0.40762063170046614,0.23584365996671625,c234,c234
8656,0.5671679585727665,0.3298701411347377,0.10296190029249579,c234,c1
19115,0.336405757564369,0.37274854131138946,0.2908457011242416,c234,c234
7238,0.5671679585727665,0.3298701411347377,0.10296190029249579,c1,c1
8941,0.18669149715751257,0.33511407614396793,0.4781944266985195,c5,c5
19755,0.23306914854395205,0.34732332983156927,0.4196075216244788,c234,c5
11286,0.18427119657268895,0.27523311243616194,0.540495690991149,c5,c5
15282,0.19360359422119866,0.386603851486467,0.4197925542923343,c5,c5
16122,0.4491761013006024,0.37008642851012963,0.18073747018926795,c234,c1
17549,0.13835283829702258,0.2764791857511716,0.5851679759518059,c234,c5
550,0.2846897996449721,0.3775408182496808,0.3377693821053471,c5,c234
1080,0.4010591037573118,0.33153322273593633,0.2674076735067519,c5,c1
7762,0.20967452120474267,0.21493097044197823,0.5753945083532791,c234,c5
3911,0.1680026243740141,0.372562765344934,0.4594346102810519,c5,c5
2132,0.4446351820431925,0.2867270108097861,0.26863780714702146,c234,c1
14238,0.41921662920389197,0.37794422587870363,0.20283914491740446,c1,c1
6434,0.3438736365474773,0.42430919072300044,0.23181717272952235,c234,c234
2465,0.2736404611726423,0.44639757467178826,0.2799619641555695,c234,c234
6393,0.38463814231931515,0.4245272063452772,0.19083465133540764,c5,c234
9996,0.378956974686713,0.22864111598209735,0.3924019093311896,c1,c5
18530,0.11213632643760925,0.33463603285160914,0.5532276407107817,c5,c5
7566,0.10676624942609927,0.3004157558848567,0.5928179946890441,c5,c5
2141,0.6675212646607669,0.2394111438438768,0.0930675914953563,c1,c1
18573,0.2931984448657442,0.3439403747513743,0.3628611803828815,c1,c5
19396,0.15844616102212283,0.34831801619991254,0.49323582277796457,c5,c5
3110,0.4676099272042344,0.2840328752255992,0.2483571975701664,c234,c1
11485,0.2998199796268771,0.30822721712301976,0.39195280325010307,c234,c5
3024,0.43347075447495004,0.301650352919999,0.26487889260505093,c1,c1
13648,0.2601027487174833,0.4197158161537605,0.3201814351287562,c234,c234
8853,0.20916735294623093,0.31249172431358546,0.4783409227401837,c5,c5
7823,0.21494044619865113,0.3633793525500592,0.4216802012512896,c5,c5
17872,0.28958148658856525,0.4351600828541483,0.2752584305572865,c234,c234
13119,0.2272396832889218,0.4997612058152946,0.27299911089578366,c5,c234
15909,0.2757620565876742,0.22025630882658054,0.5039816345857452,c234,c5
17855,0.216902784656138,0.4361884111118576,0.3469088042320045,c234,c234
15700,0.19490681144361188,0.4063542165777275,0.3987389719786606,c234,c234
1040,0.1915339685042337,0.2796729844755652,0.528793047020201,c5,c5
18381,0.4377917533563595,0.30294192521369523,0.2592663214299452,c1,c1
18340,0.34456039809284333,0.43340343141115023,0.22203617049600638,c5,c234
12060,0.3917018536666506,0.27543542905158686,0.33286271728176264,c1,c1
17382,0.2702996960876975,0.2684359166010809,0.46126438731122155,c1,c5
9712,0.40722889045767496,0.27218292725372695,0.3205881822885981,c1,c1
3704,0.2811637043941332,0.4652947802795929,0.2535415153262738,c234,c234
4909,0.2099113619527128,0.30910200471535115,0.4809866333319361,c5,c5
19044,0.4933666833142999,0.3623649102577259,0.14426840642797428,c1,c1
4941,0.4976332887311649,0.3384503463237236,0.16391636494511141,c234,c1
19473,0.4822403149788473,0.2812292575517872,0.23653042746936553,c1,c1
649,0.21604820700567123,0.22355908754981585,0.5603927054445128,c234,c5
7891,0.3365626484282473,0.39597684111695786,0.26746051045479485,c5,c234
17782,0.514127661291239,0.289453756081519,0.19641858262724193,c1,c1
1168,0.10384911160282861,0.3092522343511647,0.5868986540460066,c234,c5
10134,0.48343730912082544,0.34461442669258546,0.1719482641865891,c1,c1
9633,0.35785337941102363,0.3498179488768661,0.2923286717121102,c1,c1
17128,0.47287601108603206,0.3022723005202511,0.22485168839371683,c234,c1
13230,0.4055319428047598,0.26923583532562495,0.3252322218696152,c1,c1
8869,0.16420422677950852,0.27443070912635154,0.5613650640941399,c234,c5
366,0.5480932530820362,0.2589665928602146,0.19294015405774928,c1,c1
4065,0.23357729313293513,0.40660535596276287,0.359817350904302,c1,c234
15574,0.3947192169323352,0.31683722856245644,0.2884435545052083,c1,c1
2795,0.4812952476488449,0.2871301263338425,0.2315746260173126,c234,c1
6495,0.3284893119120262,0.43642915413549155,0.23508153395248219,c1,c234
6708,0.18013395356029532,0.39138236980630053,0.4284836766334041,c1,c5
904,0.5460537311461459,0.3201667432085422,0.13377952564531204,c1,c1
5112,0.23797945296553155,0.2143927709244779,0.5476277761099906,c234,c5
17924,0.24685692308905938,0.28938133649270253,0.46376174041823803,c234,c5
19321,0.23131945818786964,0.30977169108106856,0.45890885073106186,c5,c5
18247,0.2510565418292262,0.2570949495695422,0.4918485086012316,c234,c5
5758,0.3332888036882792,0.437508016257875,0.22920318005384574,c234,c234
10856,0.2781577625734333,0.39306710476995316,0.32877513265661357,c1,c234
6779,0.19724354378503295,0.3081816024909538,0.49457485372401333,c234,c5
7990,0.3982674527914425,0.30810153987695427,0.29363100733160336,c1,c1
2312,0.1091453922851926,0.25133434271388483,0.6395202650009226,c234,c5
12608,0.19329792263601914,0.2856460317337617,0.5210560456302192,c1,c5
5556,0.2284708996449177,0.44313862221945993,0.32839047813562244,c1,c234
9873,0.24389960907199004,0.2785123031197675,0.47758808780824247,c5,c5
6092,0.2890268215024111,0.42716211291814876,0.28381106557944,c5,c234
5322,0.3376014774392774,0.4086986456204401,0.25369987694028256,c1,c234
12860,0.293599087031623,0.28300956232763097,0.423391350640746,c234,c5
18781,0.4592880825781984,0.31342672755511825,0.2272851898666833,c234,c1
12259,0.42407470952875786,0.4071662738861108,0.1687590165851313,c1,c1
11273,0.35090026941671437,0.27757070386205585,0.37152902672122984,c234,c5
3060,0.12075542099053313,0.24751600365947005,0.6317285753499968,c5,c5
6243,0.41772043781972384,0.36618780926813166,0.2160917529121445,c1,c1
13021,0.49328873974689813,0.3536781157121183,0.1530331445409836,c234,c1
18948,0.40403514366048243,0.2997357289947512,0.2962291273447663,c234,c1
16544,0.4231631157399288,0.37748231232595175,0.19935457193411932,c234,c1
7102,0.16161958272946414,0.3198591637987153,0.5185212534718204,c1,c5
12330,0.4243972275560776,0.331689474673775,0.2439132977701474,c5,c1
11296,0.5671679585727665,0.3298701411347377,0.10296190029249579,c1,c1
15028,0.5654024885621561,0.3344263290535395,0.10017118238430436,c1,c1
9801,0.2840904245298301,0.364103756742274,0.35180581872789585,c1,c234
6074,0.13781613132750475,0.4044539943885786,0.4577298742839166,c5,c5
13397,0.23785088930578838,0.2597331926024081,0.5024159180918033,c1,c5
2000,0.6214455568266122,0.2583066596487755,0.1202477835246124,c1,c1
4906,0.32059896703081686,0.412743423394305,0.26665760957487816,c234,c234
16877,0.6044431529445529,0.28139607239735986,0.11416077465808745,c1,c1
4566,0.1888079102808092,0.3251955040032623,0.4859965857159284,c5,c5
12375,0.14826196055700322,0.4485774226052849,0.40316061683771187,c5,c234
2735,0.16549713477533853,0.30503386002785565,0.5294690051968057,c5,c5
12746,0.2328707193704739,0.35237577209469223,0.41475350853483384,c234,c5
5937,0.1339997442790788,0.3581154340392051,0.5078848216817161,c5,c5
17333,0.0988449324089406,0.15394725903504827,0.7472078085560112,c5,c5
10032,0.5294043075567302,0.31489687644725683,0.15569881599601304,c1,c1
554,0.19105381040541927,0.392573981298035,0.41637220829654575,c5,c5
16443,0.26745410352394233,0.4095304164547947,0.3230154800212629,c234,c234
14480,0.14518105501918616,0.29766555439767123,0.5571533905831426,c5,c5
10468,0.3903547956331007,0.36907480962335615,0.24057039474354322,c1,c1
17005,0.15301071042830688,0.18901362618244302,0.6579756633892501,c5,c5
8221,0.1893890599331395,0.4290510737389166,0.381559866327944,c5,c234
18132,0.1240361206854487,0.3885831399498244,0.48738073936472687,c5,c5
6418,0.45563859235979925,0.31969709026864324,0.2246643173715575,c234,c1
17018,0.4468939478993045,0.30695722646154755,0.24614882563914783,c1,c1
10320,0.48733544807309925,0.33674624872434933,0.17591830320255147,c1,c1
11646,0.30063937336703717,0.39397199387869414,0.30538863275426864,c5,c234
9972,0.1948346827002536,0.4699937233340081,0.33517159396573826,c234,c234
10771,0.19271934080313113,0.33986112919577904,0.4674195300010898,c234,c5
8818,0.2113269728003319,0.4211117379774524,0.36756128922221565,c234,c234
4290,0.5301143172397786,0.3635709616991914,0.10631472106103002,c1,c1
10664,0.3173612498643388,0.2227762884681405,0.45986246166752076,c5,c5
5726,0.2905823592988913,0.45665423854067677,0.2527634021604319,c234,c234
14538,0.3037045624365171,0.36397747606584696,0.33231796149763587,c234,c234
12809,0.25241569316736945,0.24490918277845258,0.5026751240541779,c1,c5
19773,0.26593652035298854,0.35448882826115014,0.3795746513858613,c1,c5
8211,0.1843587066383318,0.34659732036810986,0.4690439729935584,c234,c5
7247,0.21038414625506094,0.4235174877493021,0.3660983659956369,c234,c234
1444,0.48175555563206035,0.3241106297194054,0.19413381464853424,c234,c1
491,0.4179318519747565,0.31176636834863863,0.2703017796766048,c234,c1
11754,0.15528349304423744,0.2891585633623186,0.5555579435934439,c5,c5
8187,0.3542540550284984,0.3043785371607542,0.3413674078107475,c5,c1
17605,0.2493961380345008,0.40984108919034706,0.3407627727751521,c234,c234
2140,0.18423785312422392,0.5000395611942707,0.31572258568150546,c234,c234
14401,0.23083601895807898,0.33654771795595334,0.4326162630859677,c5,c5
9771,0.34782112716684743,0.3809947736349176,0.27118409919823494,c1,c234
3229,0.3786454285488386,0.4020845632303529,0.21927000822080855,c234,c234
4179,0.29470109570505265,0.37461777221103676,0.3306811320839106,c5,c234
8108,0.24138024593932378,0.442879607877361,0.31574014618331525,c1,c234
6460,0.2564689389314804,0.41082593894138536,0.33270512212713427,c5,c234
9141,0.21244467254812785,0.4198338957794766,0.3677214316723955,c1,c234
4311,0.4197437487341814,0.33419143189692585,0.2460648193688927,c234,c1
17834,0.2814374031315582,0.26210582179800673,0.45645677507043514,c1,c5
5917,0.5178980446383475,0.2889909108839018,0.1931110444777507,c234,c1
2209,0.28835822703891434,0.20491072101127994,0.5067310519498056,c1,c5
19105,0.30612923324981367,0.38461733138545845,0.3092534353647278,c234,c234
14125,0.30711157099417424,0.39915155763452337,0.2937368713713024,c1,c234
13381,0.27670955123185326,0.5169688230710434,0.2063216256971033,c234,c234
8056,0.2828052758655202,0.38256766877196907,0.3346270553625107,c5,c234
9490,0.3193089818601911,0.32880757502190566,0.35188344311790326,c234,c5
3770,0.32731765305611255,0.3497486743262802,0.3229336726176072,c5,c234
15472,0.24295531459128186,0.31509808216431223,0.441946603244406,c5,c5
17579,0.24468171821085627,0.47636448221657546,0.2789537995725683,c5,c234
1564,0.2775861253468228,0.26494988294105914,0.45746399171211805,c5,c5
1456,0.29830057659982,0.3373626885200459,0.3643367348801342,c1,c5
8237,0.1500946588823585,0.37527816094964994,0.47462718016799155,c5,c5
3477,0.13657832731556946,0.36464949367125954,0.498772179013171,c234,c5
14006,0.36396361993037657,0.2925600290104085,0.34347635105921487,c5,c1
6287,0.19724814364485768,0.41223773323304547,0.3905141231220969,c5,c234
9942,0.265984540202646,0.31723021633843873,0.4167852434589153,c1,c5
2196,0.2913001543772863,0.4479705071051547,0.260729338517559,c1,c234
3960,0.31672387342620534,0.3316355511647867,0.351640575409008,c234,c5
8278,0.22273520385753506,0.36177965056991523,0.4154851455725496,c1,c5
10857,0.6235293742967049,0.27210684559016396,0.1043637801131311,c234,c1
1128,0.22623895707164454,0.38252521595507716,0.39123582697327824,c234,c5
4295,0.21435092319840088,0.37868565117054553,0.4069634256310536,c5,c5
3106,0.18346247208011773,0.41482072028918654,0.4017168076306957,c5,c234
9641,0.3066172885117284,0.3836455005771699,0.30973721091110173,c5,c234
2607,0.26109548794244086,0.24492294451384783,0.49398156754371125,c5,c5
15555,0.21707519336648637,0.3505343566472966,0.432390449986217,c5,c5
17888,0.28646952074286725,0.2460987788170926,0.4674317004400401,c234,c5
19529,0.17220010160079582,0.4090301096347425,0.4187697887644616,c234,c5
10631,0.3494306024513537,0.4776985171653365,0.17287088038330972,c1,c234
16757,0.567618563266875,0.32896534109435843,0.10341609563876668,c1,c1
18444,0.26447335453872606,0.4841533176479665,0.2513733278133074,c234,c234
7880,0.35827577357809487,0.2821203774646519,0.3596038489572532,c5,c5
9481,0.4891014217691838,0.242737350434725,0.26816122779609114,c1,c1
1624,0.29250597636374637,0.2738667755833609,0.4336272480528927,c1,c5
18561,0.08037837285123975,0.3647361956343452,0.5548854315144152,c5,c5
12261,0.19307936382488577,0.29320520527461574,0.5137154309004985,c234,c5
11891,0.2587828663045421,0.345398601470167,0.3958185322252909,c234,c5
12488,0.51672966526075,0.364064290638061,0.11920604410118893,c1,c1
7202,0.2443446115906855,0.42758371803631556,0.3280716703729989,c234,c234
4214,0.335552660643586,0.2627424009428151,0.4017049384135988,c5,c5
18721,0.5594663693330452,0.2618388910836046,0.17869473958335017,c1,c1
2569,0.40204877647420006,0.4207143378189696,0.17723688570683044,c234,c234
1192,0.4248406590355264,0.38454830456772415,0.19061103639674948,c1,c1
6214,0.4268057465772218,0.345426663651469,0.22776758977130918,c234,c1
18509,0.32583318247979726,0.405777552036968,0.2683892654832347,c234,c234
15877,0.5519349542258697,0.19754874313528825,0.250516302638842,c1,c1
1936,0.39986578134550743,0.27011610246484596,0.3300181161896465,c1,c1
9985,0.26386008328132016,0.4301478214684492,0.3059920952502307,c5,c234
6717,0.2669011114713572,0.3732717221995533,0.3598271663290896,c234,c234
10306,0.30217303231221004,0.3928527486563444,0.3049742190314456,c1,c234
473,0.20937309687932554,0.4242589954489294,0.36636790767174504,c234,c234
6805,0.4346884554492192,0.28171806414389744,0.2835934804068834,c1,c1
12161,0.2803926768051672,0.31551917372857213,0.40408814946626065,c5,c5
13433,0.18940154397626008,0.46344812660119067,0.34715032942254925,c1,c234
11914,0.22855519373109093,0.289202393242332,0.4822424130265771,c1,c5
5318,0.44709516265703053,0.30284487808938576,0.2500599592535838,c234,c1
13745,0.5631154948438521,0.2890311314863987,0.1478533736697492,c1,c1
19441,0.45690191098281535,0.3065986197396137,0.23649946927757082,c5,c1
9796,0.2673336731179676,0.31543701439824867,0.41722931248378375,c234,c5
14300,0.42365795395056594,0.28342724158792315,0.29291480446151097,c234,c1
11163,0.2610276411608898,0.37158028296721834,0.3673920758718919,c5,c234
14688,0.20419790538058885,0.33467421340849957,0.46112788121091164,c1,c5
4830,0.49034448176099693,0.2538623958155636,0.25579312242343943,c1,c1
14365,0.22536257608450083,0.39108946508899434,0.38354795882650483,c5,c234
15615,0.27425262927463057,0.3291698792764418,0.3965774914489275,c5,c5
16992,0.4423966099485531,0.2656147656606277,0.291988624390819,c234,c1
6607,0.4554167689031918,0.3577761516038274,0.18680707949298078,c234,c1
6149,0.49804551915709167,0.260210928342384,0.24174355250052434,c1,c1
12510,0.24035028545304113,0.3303005555165832,0.4293491590303756,c5,c5
18774,0.19724763663966818,0.3685825152060084,0.43416984815432336,c1,c5
19232,0.07513360854340416,0.3868651231074571,0.5380012683491389,c234,c5
16628,0.473888851261799,0.363841549918894,0.162269598819307,c1,c1
2208,0.19126655424661787,0.32943703586152473,0.47929640989185734,c5,c5
10921,0.2627996105630396,0.40258361551821203,0.33461677391874844,c234,c234
12423,0.47213612436019303,0.27791633624587214,0.24994753939393471,c1,c1
16649,0.37892718784605195,0.38197861427986596,0.23909419787408215,c234,c234
3780,0.28307473597526617,0.3548177804442841,0.36210748358044975,c5,c5
12457,0.48907230099952914,0.34086016164602584,0.17006753735444505,c234,c1
13655,0.16132414307946868,0.38404836069831666,0.45462749622221466,c234,c5
11631,0.22802957225419393,0.35731903787845554,0.4146513898673505,c5,c5
3288,0.5967749897962251,0.27410569436332616,0.12911931584044867,c1,c1
1486,0.21055855293209919,0.369025470308957,0.4204159767589438,c5,c5
16534,0.22943989354169098,0.4517323999418562,0.3188277065164528,c1,c234
12624,0.07354875647468143,0.17697567316575896,0.7494755703595597,c5,c5
18665,0.17450489401709915,0.2769095426703135,0.5485855633125873,c234,c5
19675,0.3319956220229653,0.41425711526393405,0.25374726271310066,c234,c234
354,0.4017310572819316,0.29822698717250107,0.30004195554556734,c1,c1
3340,0.3638454477584105,0.33620224288697576,0.2999523093546137,c234,c1
18392,0.3247529388648156,0.4966946981306637,0.1785523630045207,c234,c234
10267,0.5609658712474427,0.2854511428428218,0.15358298590973554,c234,c1
11644,0.2586025052143387,0.32482567665165374,0.41657181813400757,c1,c5
845,0.35675917647437716,0.5331843091712645,0.1100565143543584,c1,c234
16163,0.21933793193788337,0.3268907597706129,0.45377130829150375,c234,c5
11937,0.31011720792743114,0.3949487133043149,0.29493407876825395,c5,c234
10808,0.3617712709210827,0.3809129603098285,0.25731576876908874,c1,c234
19915,0.2882590302694775,0.4980580624697697,0.2136829072607528,c1,c234
1060,0.3149819938836379,0.36865519002373787,0.3163628160926243,c234,c234
3072,0.25267159060767896,0.4271595823104176,0.32016882708190336,c5,c234
10303,0.4195584469590009,0.2607206922725597,0.31972086076843953,c5,c1
8717,0.3111498698460283,0.3961303213930023,0.29271980876096937,c1,c234
13164,0.37090427391945463,0.31963660646129016,0.30945911961925526,c5,c1
9117,0.4664701674428923,0.34451908072252413,0.18901075183458357,c1,c1
18599,0.6136193871577558,0.2419400371993745,0.14444057564286977,c234,c1
12716,0.2456141738277636,0.2141055768874236,0.5402802492848128,c1,c5
16206,0.28069047286576887,0.21877838169341962,0.5005311454408113,c1,c5
7866,0.4094608230568664,0.39001182652337024,0.20052735041976338,c1,c1
10456,0.2979268761305155,0.2913096383860537,0.4107634854834307,c1,c5
929,0.5616654232705872,0.2380136091483888,0.20032096758102397,c1,c1
847,0.30993207861445915,0.3802121877586826,0.30985573362685825,c1,c234
7543,0.4515696924154802,0.33742854066235217,0.21100176692216768,c234,c1
15088,0.3091913740199369,0.4103329225162038,0.28047570346385925,c5,c234
12758,0.39081011392084647,0.3781616510250211,0.2310282350541324,c234,c1
8461,0.26445285553863546,0.28506440437441477,0.4504827400869497,c5,c5
13184,0.10876091477587999,0.28940290926864376,0.6018361759554762,c5,c5
10453,0.2583270273703656,0.25938809336566715,0.4822848792639672,c1,c5
2705,0.27715604811902533,0.3736279699690355,0.34921598191193914,c1,c234
18035,0.27209218205392605,0.506322056429837,0.22158576151623705,c1,c234
3744,0.25812062587973855,0.4128054556434151,0.3290739184768464,c5,c234
13588,0.2224003620195864,0.41186963522703535,0.36573000275337825,c234,c234
6392,0.1445700007345699,0.3460812627292448,0.5093487365361854,c5,c5
16822,0.29148410943396164,0.33641567389226285,0.3721002166737756,c5,c5
15863,0.3716717984197019,0.3191348542930668,0.3091933472872313,c1,c1
7157,0.2085769922704274,0.317122022910122,0.4743009848194507,c5,c5
693,0.20335164575881787,0.4756464904488582,0.321001863792324,c234,c234
6153,0.3159406586028119,0.3083597586402621,0.375699582756926,c1,c5
19783,0.41329256965072625,0.3498660379463011,0.23684139240297264,c5,c1
10462,0.33941370172820207,0.42946591806580814,0.2311203802059898,c234,c234
14388,0.2502049425908609,0.4001216256090114,0.34967343180012767,c234,c234
17309,0.47425186219481397,0.25985326767527334,0.26589487012991275,c1,c1
1244,0.19125172662946782,0.3862346553550675,0.42251361801546466,c5,c5
13772,0.17860954476648494,0.4405624488524783,0.3808280063810368,c234,c234
5121,0.4544665000379361,0.30664057015735097,0.23889292980471302,c5,c1
11106,0.24518151582746617,0.3427850623742215,0.41203342179831226,c1,c5
2968,0.35005133233051355,0.38387517628543194,0.2660734913840545,c234,c234
8002,0.20074594539720056,0.40622577990656533,0.39302827469623425,c5,c234
1003,0.5201900940876495,0.3286069469753392,0.1512029589370112,c234,c1
15182,0.25492091986617005,0.3259529557484463,0.41912612438538366,c234,c5
8131,0.5713975867233942,0.27228423823387254,0.1563181750427332,c5,c1
15048,0.5075326482961352,0.3470284174957079,0.14543893420815682,c234,c1
18675,0.1658688881588591,0.4734065397767374,0.3607245720644035,c234,c234
17106,0.45559283135484885,0.24879629142018053,0.29561087722497065,c1,c1
6288,0.32136844959791044,0.3448956055704514,0.3337359448316381,c234,c234
11332,0.43025900409750834,0.3897551899893781,0.1799858059131135,c234,c1
3502,0.28652575066970937,0.4004988695799151,0.31297537975037554,c5,c234
13901,0.24250966744854904,0.36466986179060235,0.3928204707608486,c234,c5
9927,0.4208170985151171,0.4000320730254618,0.17915082845942104,c1,c1
15002,0.20371152617754212,0.4834223875321529,0.312866086290305,c234,c234
7608,0.13558935872112154,0.3781098868416882,0.4863007544371903,c1,c5
12225,0.4263190443384022,0.42902457037168656,0.14465638528991126,c5,c234
4057,0.39805499418661616,0.38348385056188194,0.21846115525150184,c5,c1
12269,0.08651372238558862,0.405937400766998,0.5075488768474133,c234,c5
15617,0.43363942249724713,0.34942541483160233,0.21693516267115065,c1,c1
9354,0.4749762298672164,0.4006533844331698,0.12437038569961383,c234,c1
10494,0.3534058409315687,0.2781509679992574,0.36844319106917395,c1,c5
9818,0.3583734108594382,0.3605049859103291,0.2811216032302327,c1,c234
9555,0.4206033109955368,0.3352222576568947,0.2441744313475686,c1,c1
3617,0.1953942223524283,0.2894118400125863,0.5151939376349854,c1,c5
4410,0.2982690698566934,0.3852416342617374,0.31648929588156915,c1,c234
10349,0.4413505909358138,0.2898955506921562,0.2687538583720301,c1,c1
16369,0.20768698165090047,0.42444466063812464,0.3678683577109749,c5,c234
6321,0.2820950888003152,0.3017629414220119,0.4161419697776729,c5,c5
16208,0.1741754783735013,0.20436140080998202,0.6214631208165167,c5,c5
1537,0.6835053978707692,0.17392170227656498,0.14257289985266575,c1,c1
11863,0.48325544204073767,0.25474495569580596,0.2619996022634564,c1,c1
10635,0.5525547878771018,0.2861121224643491,0.16133308965854912,c234,c1
14866,0.33189720230888675,0.403925641894496,0.2641771557966173,c234,c234
15613,0.24253245933230652,0.34149524894463357,0.41597229172306005,c1,c5
8995,0.45654350068666627,0.2740903669842135,0.2693661323291202,c1,c1
7801,0.36766138617975574,0.368202482327437,0.2641361314928071,c1,c234
3021,0.296163998520061,0.24242178500344003,0.46141421647649905,c1,c5
14067,0.5204055303311186,0.25598581987298524,0.22360864979589615,c1,c1
15939,0.4036407765099632,0.3414983808206954,0.25486084266934145,c1,c1
10655,0.3100776463935676,0.3399129769278629,0.3500093766785695,c1,c5
853,0.11418038459153135,0.45442051529407806,0.4313991001143907,c5,c234
36,0.4195584469590009,0.2607206922725597,0.31972086076843953,c5,c1
20,0.07192033033350169,0.2847189735156752,0.643360696150823,c1,c5
16289,0.23765099917252336,0.192856105561986,0.5694928952654907,c234,c5
1141,0.15690360414223914,0.27395619639171565,0.5691401994660452,c1,c5
10452,0.40599784686571977,0.4630751291001921,0.13092702403408812,c234,c234
5753,0.3107408641135142,0.4322072633011194,0.25705187258536644,c5,c234
16466,0.10228773271945713,0.3299953224770372,0.5677169448035057,c5,c5
708,0.20561405911118064,0.4353874128931864,0.3589985279956329,c5,c234
5687,0.36255100792156497,0.24425404298775294,0.39319494909068214,c234,c5
6223,0.3740419812634351,0.30663413687909075,0.31932388185747423,c234,c1
17879,0.18649781147248945,0.3496122261672452,0.46388996236026536,c5,c5
6780,0.1781817623281921,0.2743419709855526,0.5474762666862553,c5,c5
16442,0.18613397494143408,0.30995069110645634,0.5039153339521096,c5,c5
18889,0.1645084044342201,0.35327028942823857,0.4822213061375413,c5,c5
10667,0.19086831319648564,0.31006932909511375,0.4990623577084006,c5,c5
8976,0.13407448574149627,0.2238289352133384,0.6420965790451654,c5,c5
174,0.28640303292560915,0.3978290415467565,0.3157679255276343,c1,c234
12245,0.3208590453337145,0.3778247630223624,0.3013161916439231,c5,c234
158,0.5671679585727665,0.3298701411347377,0.10296190029249579,c1,c1
12775,0.2868171506650608,0.230982606786282,0.4822002425486572,c1,c5
6869,0.1940309002811082,0.2390741986282947,0.566894901090597,c5,c5
8335,0.3662911194204227,0.44947889036914734,0.18422999021043,c5,c234
6550,0.3871489689387456,0.3419480268767155,0.27090300418453883,c234,c1
17084,0.477651684912225,0.28582693126165315,0.2365213838261219,c1,c1
4252,0.2627181840531091,0.32809420161614977,0.40918761433074113,c5,c5
8011,0.18286809558146072,0.278714731139353,0.5384171732791864,c1,c5
3611,0.5098276514192889,0.3462090528217814,0.14396329575892977,c234,c1
12221,0.32634124166254974,0.24320736128988624,0.430451397047564,c5,c5
15320,0.32355063114719523,0.36632278903678955,0.3101265798160152,c5,c234
16401,0.21666585282672549,0.3378024578165955,0.44553168935667903,c5,c5
3779,0.3604099657613322,0.4957125069155318,0.143877527323136,c234,c234
16152,0.31466530468053405,0.34159119874021004,0.3437434965792558,c1,c5
1569,0.28750892425071567,0.38864249246769556,0.32384858328158883,c5,c234
855,0.5036175037346473,0.36208089815728245,0.13430159810807024,c234,c1
12166,0.30948990340257376,0.3354166509838987,0.3550934456135275,c1,c5
177,0.3158291075219026,0.38580162127978446,0.2983692711983129,c5,c234
18434,0.36284830232466675,0.4662152415795342,0.17093645609579905,c234,c234
181,0.497085195442338,0.28052442059294136,0.2223903839647206,c1,c1
10328,0.322336544892487,0.36969025696257296,0.3079731981449401,c234,c234
4846,0.21028807828970542,0.5012892526276401,0.2884226690826545,c234,c234
8079,0.5783540541281862,0.309000370261829,0.11264557560998475,c1,c1
6413,0.17767296588282722,0.28161316320299973,0.5407138709141731,c5,c5
13296,0.2148224226979941,0.4787923933732589,0.3063851839287471,c5,c234
12441,0.4361758274364216,0.31976045400532077,0.24406371855825762,c234,c1
16101,0.24213995663523064,0.2952447199157494,0.46261532344902,c5,c5
6720,0.2764935176566361,0.32193963160218897,0.4015668507411749,c5,c5
10824,0.34485171395752146,0.30007607605874964,0.3550722099837289,c1,c5
2541,0.13364478809019803,0.44806797316017866,0.4182872387496232,c234,c234
18527,0.24335133026647582,0.3306620679368374,0.4259866017966868,c5,c5
13324,0.2447061333491717,0.2632985515104674,0.49199531514036093,c5,c5
5901,0.3014049753696099,0.397985441257077,0.30060958337331306,c1,c234
8986,0.2426813668190408,0.44190576092923217,0.315412872251727,c1,c234
19872,0.22904290032312952,0.36516145826531293,0.40579564141155755,c5,c5
1319,0.43980635588607775,0.30422408900612047,0.2559695551078017,c1,c1
15728,0.152729061615962,0.33919113740056905,0.5080798009834689,c5,c5
3223,0.41022387350335254,0.35562062897666114,0.23415549751998638,c234,c1
13423,0.12971473884772036,0.24253618678689648,0.6277490743653831,c5,c5
4943,0.10382817280885351,0.4796297636466105,0.41654206354453593,c234,c234
9364,0.42252423900799385,0.3565835228823274,0.2208922381096788,c1,c1
10400,0.6486229415090139,0.18995578431316776,0.16142127417781843,c1,c1
17508,0.21306965768210762,0.34452405537735753,0.44240628694053485,c234,c5
8975,0.4497206885384294,0.3958643661656439,0.15441494529592673,c234,c1
16818,0.2246943808034756,0.3173987421799787,0.4579068770165457,c5,c5
17085,0.2112954233315504,0.19805378526888479,0.5906507913995649,c5,c5
8216,0.5685086337476905,0.319293682302143,0.11219768395016652,c1,c1
6534,0.3655777482313541,0.4210766317266277,0.21334562004201835,c234,c234
6867,0.34481763433548906,0.40452635988820507,0.25065600577630587,c5,c234
13082,0.29809811696341465,0.4030508672758558,0.29885101576072953,c5,c234
8671,0.4669365557638717,0.33679319188944834,0.19627025234667994,c234,c1
10610,0.26376382851657504,0.30436331696696256,0.4318728545164624,c5,c5
16123,0.25307157006987735,0.36867425554926253,0.3782541743808601,c234,c5
3995,0.3297128930279645,0.39865057666095266,0.2716365303110828,c234,c234
19285,0.21319137565027674,0.2969463114688974,0.4898623128808259,c5,c5
10470,0.26077385647294865,0.3075436676065929,0.4316824759204584,c5,c5
13001,0.3501294714770113,0.3289668867723857,0.320903641750603,c234,c1
5683,0.15077231986590503,0.4672862375300701,0.38194144260402496,c5,c234
780,0.2217678196367535,0.31831766394980554,0.459914516413441,c5,c5
5863,0.38504400835768476,0.4449821380115642,0.16997385363075104,c234,c234
17223,0.3023158711474922,0.32371287347537225,0.3739712553771356,c5,c5
3575,0.5204055303311186,0.25598581987298524,0.22360864979589615,c1,c1
18982,0.5923463426526723,0.27726139400067124,0.1303922633466565,c234,c1
15607,0.26957304241367197,0.3443213635382227,0.3861055940481053,c234,c5
14462,0.480077561741221,0.3397198146644723,0.1802026235943067,c234,c1
4631,0.3537702099507075,0.49672631053032196,0.14950347951897047,c234,c234
15136,0.6191350232192002,0.23607302536222918,0.14479195141857062,c5,c1
15161,0.23771925475568983,0.3308699737711752,0.43141077147313495,c5,c5
2180,0.33285940136407205,0.3135927926273399,0.35354780600858815,c234,c5
19470,0.4038649204511172,0.3401554137972952,0.25597966575158765,c234,c1
7310,0.25219104182830376,0.27190489199139933,0.47590406618029685,c5,c5
3107,0.18186211628979443,0.32684259047117914,0.49129529323902654,c5,c5
7326,0.2026124333971507,0.41675295688460345,0.3806346097182458,c234,c234
9209,0.20641079810142088,0.22807722952131254,0.5655119723772666,c5,c5
7757,0.5418181982355644,0.3583738079014543,0.09980799386298125,c1,c1
9247,0.5061366414957019,0.35932001483722653,0.13454334366707155,c1,c1
1696,0.251670880239942,0.4130572180456479,0.33527190171441024,c5,c234
3668,0.3243569121845393,0.3965156333124796,0.2791274545029811,c5,c234
290,0.22794395061808861,0.5246787255139098,0.2473773238680015,c1,c234
2390,0.262293274735533,0.4449208629918292,0.2927858622726379,c234,c234
13775,0.3942992811770087,0.3535437793460944,0.25215693947689705,c1,c1
18552,0.2758780124795869,0.3572014461683148,0.36692054135209834,c5,c5
5825,0.439707545991791,0.31763290319681203,0.24265955081139698,c1,c1
1799,0.16404658189749605,0.37032586183807686,0.4656275562644271,c5,c5
1110,0.17940985375865495,0.47688739248632855,0.3437027537550165,c1,c234
9911,0.4195584469590009,0.2607206922725597,0.31972086076843953,c234,c1
13379,0.09497661850016334,0.37281527081589194,0.5322081106839447,c1,c5
15497,0.5106358162473383,0.35195567440166386,0.13740850935099774,c1,c1
4025,0.17427592224031935,0.38940395891380164,0.436320118845879,c5,c5
7101,0.3604999056204569,0.34053235404786575,0.2989677403316774,c234,c1
11929,0.18874943672675842,0.42798393207477564,0.38326663119846593,c5,c234
19952,0.32838648150053257,0.4045573312473515,0.2670561872521159,c5,c234
2298,0.29568540276044236,0.3199178932737291,0.3843967039658286,c234,c5
18046,0.27008838171227056,0.38726720050622243,0.342644417781507,c234,c234
14150,0.46153846376384716,0.4088326567791455,0.12962887945700738,c234,c1
5990,0.3290478213829532,0.34352440351323354,0.32742777510381327,c5,c234
11907,0.3530401706691936,0.5216632651539981,0.12529656417680837,c1,c234
11167,0.5671679585727665,0.3298701411347377,0.10296190029249579,c1,c1
26,0.274112912848535,0.2846323204202635,0.44125476673120145,c5,c5
12901,0.3311728546956771,0.5351921673293717,0.13363497797495122,c5,c234
10908,0.23986193616605883,0.4058873382280385,0.3542507256059027,c5,c234
10645,0.168743107463098,0.225517444170893,0.605739448366009,c5,c5
6453,0.29149610623735195,0.3391402111974499,0.36936368256519814,c234,c5
11878,0.43357450848159174,0.3339903090508252,0.23243518246758307,c1,c1
11126,0.3105245342641182,0.3904382900305087,0.2990371757053731,c234,c234
7321,0.19314760046790833,0.4231304158882992,0.3837219836437925,c1,c234
12028,0.1719018079437334,0.3682772339910009,0.45982095806526574,c234,c5
3706,0.19481507177505714,0.4557875909029356,0.3493973373220073,c5,c234
13682,0.22543833867829796,0.3568906362265297,0.41767102509517223,c1,c5
12473,0.3780791326222538,0.397182285933696,0.22473858144405018,c1,c234
10008,0.27830154663171636,0.36328224051002805,0.35841621285825565,c234,c234
1747,0.25196542324796406,0.4662434783846763,0.2817910983673596,c234,c234
11265,0.3489120093163352,0.27309877698260865,0.37798921370105615,c1,c5
7545,0.1945523651172818,0.42070597235704854,0.38474166252566977,c234,c234
9171,0.291665729479628,0.4445665150643839,0.2637677554559882,c5,c234
16159,0.5671679585727665,0.3298701411347377,0.10296190029249579,c5,c1
18786,0.43611299937795484,0.3002765231331407,0.2636104774889045,c1,c1
10634,0.3575708665057972,0.34218832587587034,0.30024080761833244,c1,c1
18693,0.24832962511626233,0.3160674690876847,0.435602905796053,c234,c5
19834,0.26583344466194253,0.3346702782356116,0.39949627710244584,c234,c5
14243,0.3819230651336374,0.33430531548073505,0.2837716193856275,c1,c1
9570,0.2600048378060619,0.34335121291556236,0.3966439492783758,c5,c5
19157,0.398465265056418,0.4167010617026028,0.1848336732409792,c1,c234
11690,0.5364719142849047,0.2740422158440222,0.18948586987107308,c234,c1
15207,0.4478505765912012,0.42207265725736837,0.13007676615143055,c234,c1
8644,0.4256194510559495,0.2047002277966218,0.3696803211474287,c1,c1
19579,0.3662122916363273,0.3377967741901061,0.2959909341735666,c1,c1
9669,0.3686351824828466,0.3271670059939829,0.3041978115231705,c1,c1
9143,0.4676034085873425,0.25093077657908525,0.2814658148335722,c234,c1
6638,0.2915950917080409,0.3777799378123705,0.3306249704795886,c5,c234
7451,0.1911358748339917,0.277176681439116,0.5316874437268923,c5,c5
8152,0.34722401728074287,0.36489011515117814,0.287885867568079,c1,c234
19210,0.37518767199643677,0.430596481505375,0.1942158464981883,c5,c234
11836,0.2820155124201511,0.3203756386896535,0.39760884889019527,c5,c5
3873,0.45559283135484885,0.24879629142018053,0.29561087722497065,c1,c1
16107,0.10303202264618991,0.40312143149659274,0.4938465458572174,c234,c5
7640,0.21301674739183946,0.4534961679752173,0.3334870846329433,c5,c234
1419,0.5042902517230875,0.3653469478570378,0.13036280041987483,c1,c1
16862,0.2920896035366449,0.379368400323738,0.3285419961396171,c5,c234
2426,0.26076268935216634,0.40162847484625175,0.33760883580158185,c5,c234
2371,0.2359474030151109,0.42157101615051407,0.342481580834375,c234,c234
363,0.29529086180323383,0.462142247930308,0.24256689026645822,c234,c234
19982,0.41321107354652825,0.317930180353024,0.26885874610044774,c1,c1
10491,0.51626764660526,0.34503063685417334,0.13870171654056657,c1,c1
16393,0.2515483433281067,0.24981768417514907,0.4986339724967442,c234,c5
16896,0.23191298240622152,0.40203539738974275,0.3660516202040357,c5,c234
8088,0.3402597747527995,0.3071076104893241,0.35263261475787633,c5,c5
6131,0.3202939862680765,0.34092677499349566,0.3387792387384279,c234,c234
5363,0.32345259871785326,0.3628135840207015,0.3137338172614453,c1,c234
12436,0.2711117648574242,0.5473547782008201,0.18153345694175566,c5,c234
17580,0.18499255586680943,0.3492139706405427,0.4657934734926479,c234,c5
16141,0.3129711182145846,0.3527783103114701,0.33425057147394527,c1,c234
6084,0.3181943635828437,0.3582178954981359,0.3235877409190204,c5,c234
722,0.23039645486436106,0.29803660115844766,0.47156694397719123,c234,c5
10617,0.34916627954706697,0.3144392395316958,0.33639448092123725,c1,c1
18565,0.6167101335009154,0.28703444947610396,0.09625541702298065,c1,c1
12332,0.38338410631403,0.3882251239834419,0.2283907697025281,c1,c234
5852,0.35359370146087116,0.48533139057250707,0.16107490796662177,c234,c234
17848,0.22429373260977287,0.3196591936815806,0.4560470737086465,c5,c5
2240,0.49852658349469153,0.3734877063941291,0.1279857101111794,c234,c1
9824,0.3080671557954432,0.24268561961543167,0.44924722458912514,c5,c5
7112,0.21119799096978525,0.3575199322798317,0.431282076750383,c234,c5
4355,0.3244214849894039,0.41426121168735996,0.26131730332323616,c234,c234
865,0.22447350475279926,0.3263858240145652,0.44914067123263557,c5,c5
15865,0.6069548031322873,0.2937730574427406,0.09927213942497196,c1,c1
16790,0.15345187855642564,0.22489677774333128,0.6216513437002431,c234,c5
6722,0.6277239784515974,0.23876835761866477,0.1335076639297378,c1,c1
16623,0.2914924895711974,0.4425364986113989,0.2659710118174038,c234,c234
19478,0.2664602353709562,0.4595992211840563,0.2739405434449876,c234,c234
15427,0.2941352641415109,0.29300739184737656,0.41285734401111246,c1,c5
13146,0.19323333084719307,0.4730991317987422,0.33366753735406485,c5,c234
6317,0.39868080843661274,0.3177541563519801,0.2835650352114072,c1,c1
322,0.2170626651970342,0.30343696370624906,0.4795003710967167,c5,c5
14583,0.49176899253990236,0.2953186226379339,0.21291238482216374,c5,c1
4028,0.3241944253733355,0.23632139629539353,0.43948417833127096,c5,c5
6108,0.14534160670511925,0.30707994107347836,0.5475784522214024,c5,c5
9991,0.23349667069343347,0.13999415243593658,0.6265091768706299,c5,c5
18915,0.6675212646607669,0.2394111438438768,0.0930675914953563,c234,c1
11130,0.24498145835460078,0.3329344374717718,0.4220841041736274,c1,c5
4407,0.3297929311783209,0.34436647338761867,0.32584059543406035,c1,c234
683,0.18751112379922424,0.28294280728736737,0.5295460689134085,c5,c5
6001,0.38836954788159667,0.39398174968930927,0.21764870242909407,c1,c234
13333,0.25920013585272017,0.3728331591389555,0.3679667050083243,c5,c234
16854,0.30390882374546546,0.3310387217549322,0.3650524544996023,c1,c5
11179,0.15184253694986835,0.2666182427580813,0.5815392202920503,c5,c5
1226,0.20176231595944719,0.4146119262259482,0.3836257578146046,c5,c234
7970,0.19247481598371954,0.3574678811525119,0.4500573028637687,c5,c5
9334,0.2790848450836966,0.34806214915746614,0.37285300575883723,c1,c5
6549,0.4771951511669494,0.3853972577943202,0.1374075910387303,c1,c1
19596,0.13726599298760617,0.19696497224366227,0.6657690347687315,c5,c5
8547,0.29299083997660935,0.40947600776129167,0.29753315226209903,c5,c234
16512,0.3070519756689835,0.3994006995228902,0.29354732480812623,c5,c234
913,0.13808405646413108,0.35193093286165683,0.5099850106742121,c1,c5
11748,0.28986851507539085,0.3474567534160827,0.3626747315085265,c5,c5
19997,0.14357530505415123,0.33124651794378046,0.5251781770020683,c234,c5
8245,0.16622913047856194,0.3595822339483139,0.4741886355731242,c5,c5
5743,0.44528601571211696,0.26496684489597655,0.2897471393919065,c5,c1
9561,0.3813043354848565,0.24728581812658001,0.37140984638856356,c5,c1
19083,0.2299415890859345,0.3685530096861892,0.40150540122787637,c234,c5
12243,0.3759602857974007,0.3532350593899352,0.27080465481266414,c5,c1
12786,0.30161096088841083,0.3055629828757008,0.3928260562358884,c234,c5
15903,0.37014649112386433,0.3206510858243206,0.30920242305181506,c1,c1
14927,0.2299415890859345,0.3685530096861892,0.40150540122787637,c5,c5
14776,0.1579434608210763,0.4490063362766004,0.3930502029023233,c1,c234
14435,0.4061444986920909,0.356570131256868,0.23728537005104117,c234,c1
3367,0.3947181021046798,0.2729618606560737,0.3323200372392465,c234,c1
16941,0.2466009983072118,0.3709477401631035,0.3824512615296846,c5,c5
17141,0.4475813099977799,0.38807171689339737,0.16434697310882268,c234,c1
19086,0.6110151350047325,0.30457713349913706,0.08440773149613055,c1,c1
18170,0.15832632795136822,0.4440817637731186,0.3975919082755131,c234,c234
8077,0.3046827621119519,0.31434420850591316,0.3809730293821349,c1,c5
16709,0.599789174148897,0.2793354951464869,0.12087533070461601,c5,c1
5881,0.3471902971064145,0.32037060104063286,0.3324391018529526,c234,c1
117,0.7245647261171029,0.1798516359679932,0.09558363791490404,c1,c1
2244,0.3557244545046431,0.3574262191739478,0.28684932632140914,c1,c234
14828,0.5257222919394563,0.25310472778369314,0.22117298027685045,c234,c1
10688,0.3740187187744535,0.25112669065220894,0.3748545905733377,c1,c5
18944,0.24589484684348953,0.45155613651182874,0.30254901664468165,c234,c234
12098,0.46342551200062837,0.4024085445536902,0.13416594344568133,c234,c1
12148,0.20692498993372643,0.46272696499163857,0.330348045074635,c1,c234
4275,0.3385469458333093,0.3311077071818581,0.3303453469848326,c5,c1
15170,0.22337067370536726,0.32778747899569194,0.4488418472989409,c234,c5
5759,0.557840997624816,0.3336886314356862,0.10847037093949777,c234,c1
715,0.18390246323870138,0.3411877622436113,0.4749097745176873,c234,c5
12654,0.13602766950222994,0.35454471627067785,0.5094276142270923,c234,c5
1511,0.477814160234922,0.3657483618444384,0.15643747792063958,c234,c1
9964,0.2437303052528549,0.2481422377544864,0.5081274569926587,c234,c5
8579,0.5106358162473383,0.35195567440166386,0.13740850935099774,c234,c1
7043,0.268251359048227,0.33350735031431894,0.3982412906374541,c1,c5
6445,0.42963899583622817,0.3509523485442424,0.21940865561952944,c1,c1
19800,0.41289707065610887,0.4091989546093441,0.17790397473454705,c1,c1
6256,0.5475591560209142,0.3221020412409415,0.13033880273814438,c234,c1
4209,0.24230546361625835,0.314800576572676,0.4428939598110656,c5,c5
5456,0.5723209947072079,0.22263429858922748,0.2050447067035647,c234,c1
19863,0.34481763433548906,0.40452635988820507,0.25065600577630587,c1,c234
14132,0.0938082610346361,0.33754679976013524,0.5686449392052286,c5,c5
10369,0.25315914716087434,0.45288392041088255,0.2939569324282432,c234,c234
4429,0.16223598033987563,0.30974005847643454,0.5280239611836898,c5,c5
9409,0.1632087371044167,0.434966348220847,0.40182491467473624,c234,c234
13908,0.22695435730624863,0.34510326862943697,0.42794237406431435,c5,c5
13612,0.1613017433006379,0.43895903558631577,0.3997392211130462,c5,c234
9048,0.20216428777155598,0.39287649086537113,0.40495922136307294,c1,c5
7334,0.3643876719938673,0.3590013798654029,0.27661094814072973,c5,c1
19305,0.2747562512786055,0.3822623649448286,0.34298138377656584,c234,c234
7410,0.1955174667158866,0.44429530096137365,0.3601872323227397,c1,c234
3216,0.13823915773510614,0.30105713072237456,0.5607037115425193,c1,c5
15675,0.2533252462452219,0.5427980506455228,0.2038767031092553,c1,c234
7005,0.3866639567068263,0.38239028686745696,0.23094575642571677,c5,c1
5006,0.273402674044951,0.3582815734651616,0.36831575248988735,c1,c5
4940,0.2679506719249383,0.3366854039127061,0.39536392416235555,c1,c5
19114,0.37107753126134113,0.28458445092331275,0.34433801781534623,c234,c1
8951,0.1333206313362539,0.36850958642906984,0.4981697822346763,c1,c5
13225,0.06693428379170037,0.22796537535905217,0.7051003408492476,c5,c5
4398,0.3083475971443991,0.4256430486972428,0.2660093541583582,c234,c234
6109,0.21665650129563993,0.28638407716436476,0.4969594215399953,c1,c5
10501,0.292766092849486,0.3644639703622924,0.3427699367882216,c5,c234
5157,0.5608881423385922,0.24695020100722137,0.19216165665418644,c1,c1
948,0.27057636171842303,0.41061277630788134,0.3188108619736957,c234,c234
18694,0.19387805085228757,0.3178235349993249,0.4882984141483875,c234,c5
4035,0.4946727231384199,0.36653758217696664,0.13878969468461352,c5,c1
11886,0.18055722340378694,0.36810659537064105,0.451336181225572,c234,c5
14384,0.3899206755037272,0.4149808863634611,0.19509843813281166,c234,c234
15349,0.14748657921598646,0.3610579335811862,0.49145548720282733,c5,c5
6881,0.2523675581944337,0.27431995544862814,0.47331248635693823,c5,c5
7071,0.4195083926386551,0.3043483804595824,0.2761432269017626,c234,c1
11475,0.5498909328755899,0.33336803166731277,0.11674103545709721,c1,c1
18623,0.38442525797659355,0.3110240180874691,0.30455072393593735,c5,c1
10111,0.2837629765933495,0.4819044698078683,0.23433255359878213,c234,c234
17750,0.3746637856895262,0.2823541821111054,0.34298203219936835,c1,c1
19705,0.25425157494907547,0.3033025112413322,0.44244591380959236,c5,c5
6542,0.5114933863061879,0.22150907846844875,0.26699753522536324,c1,c1
19678,0.09364570735712231,0.3144244972032328,0.5919297954396449,c234,c5
11791,0.10601561388431908,0.1650945068047246,0.7288898793109563,c5,c5
1666,0.1533699695501616,0.38074792568920773,0.46588210476063063,c5,c5
17056,0.2093266677750644,0.3080037739845437,0.482669558240392,c5,c5
10530,0.37029638897522227,0.3467712745858269,0.2829323364389509,c234,c1
18553,0.2810233880547987,0.3718246589807773,0.3471519529644239,c1,c234
14246,0.30858694360878036,0.3085102625077315,0.38290279388348814,c5,c5
5065,0.3447245480408513,0.22590628807829166,0.42936916388085705,c1,c5
14724,0.1524017818760309,0.2984045025970863,0.5491937155268827,c5,c5
4387,0.33150267188259636,0.3007958586675482,0.3677014694498554,c1,c5
17395,0.5188762270464248,0.32402450694402746,0.15709926600954777,c1,c1
19240,0.45518938654061325,0.3529311827136147,0.19187943074577202,c1,c1
17846,0.2825445348001039,0.4106207604923869,0.30683470470750923,c1,c234
6289,0.24452213722492547,0.31814292956061413,0.4373349332144604,c5,c5
18388,0.24004288379087613,0.35974473132715307,0.4002123848819708,c234,c5
8568,0.17696821599636542,0.29172648858656114,0.5313052954170736,c5,c5
8253,0.5106358162473383,0.35195567440166386,0.13740850935099774,c5,c1
5276,0.17986810869383935,0.288504489855196,0.5316274014509648,c5,c5
10210,0.17160897980955186,0.29202384402522696,0.5363671761652211,c234,c5
7941,0.4419729444144472,0.38337553957059933,0.17465151601495346,c234,c1
14368,0.20838696194506312,0.3796889475005501,0.4119240905543868,c5,c5
9483,0.2332283771258578,0.3554271573429375,0.41134446553120474,c234,c5
15248,0.21332730466933417,0.31741771342936886,0.469254981901297,c234,c5
7193,0.23371667483881597,0.3564762744556626,0.40980705070552137,c1,c5
2148,0.29632734640056335,0.2613405811059848,0.4423320724934519,c5,c5
11784,0.34014307372865316,0.26555781697161374,0.394299109299733,c5,c5
10171,0.3551791502181607,0.2751852695270979,0.3696355802547414,c234,c5
12187,0.0660325922350374,0.2890130942991181,0.6449543134658445,c5,c5
12568,0.4154585613450087,0.3463141605466662,0.23822727810832514,c1,c1
12607,0.18814191119918436,0.4369002723337753,0.3749578164670403,c234,c234
12600,0.5079730215309077,0.25189623694799235,0.24013074152109998,c5,c1
13557,0.3200852368956169,0.36532153969828735,0.31459322340609575,c234,c234
3719,0.4259626712742454,0.24239839953076192,0.33163892919499255,c234,c1
8694,0.26698464937782135,0.3378845036659991,0.3951308469561795,c5,c5
17866,0.3225548628249274,0.384893149301559,0.29255198787351366,c234,c234
9950,0.7000540123696284,0.21285135694190482,0.08709463068846679,c1,c1
4919,0.2196626361089386,0.3389522899587111,0.44138507393235027,c234,c5
676,0.32420423284050626,0.301220046053691,0.37457572110580273,c1,c5
16940,0.501870343430089,0.38892527121944964,0.10920438535046133,c234,c1
7509,0.22570218200803707,0.2986915117409411,0.47560630625102174,c234,c5
5546,0.23986725498439485,0.3737432949334923,0.3863894500821129,c5,c5
15137,0.33972990161455446,0.29576562052927047,0.3645044778561751,c5,c5
3747,0.17446895800523668,0.3183569885684403,0.5071740534263229,c5,c5
15592,0.463958073650032,0.35822465747386634,0.17781726887610166,c234,c1
11598,0.3852494961973991,0.40649604201903183,0.2082544617835691,c234,c234
2289,0.16531192865628186,0.29175883782438033,0.5429292335193379,c234,c5
10181,0.3440300070632965,0.363834215741659,0.29213577719504463,c5,c234
4052,0.2436704017957853,0.39197770079629024,0.3643518974079244,c5,c234
15826,0.4216627424798217,0.36503233205304014,0.2133049254671381,c234,c1
12941,0.17869090230296591,0.24555918784222913,0.5757499098548049,c234,c5
9320,0.2618724884210849,0.4187401414932255,0.3193873700856895,c234,c234
5703,0.27046055201913105,0.33235767900768326,0.3971817689731857,c234,c5
3147,0.5204055303311186,0.25598581987298524,0.22360864979589615,c234,c1
9366,0.29305057014832026,0.3610209199542389,0.34592850989744084,c5,c234
3015,0.4250964862989588,0.3579381138681679,0.21696539983287338,c1,c1
14164,0.12270643635442195,0.4829254968225234,0.3943680668230547,c5,c234
17142,0.421085342601829,0.29346663487354907,0.285448022524622,c234,c1
5798,0.2671413249168063,0.34260206062387616,0.3902566144593176,c5,c5
13558,0.097392124931219,0.27348662829885395,0.629121246769927,c5,c5
8594,0.21683695144585924,0.3752279985506578,0.407935050003483,c234,c5
7573,0.17520078897234043,0.2841247208743017,0.540674490153358,c1,c5
14849,0.2404588415126801,0.32895356271096265,0.4305875957763572,c5,c5
615,0.47510282640320173,0.28555090490191876,0.23934626869487943,c1,c1
1780,0.557840997624816,0.3336886314356862,0.10847037093949777,c1,c1
6437,0.27878507464481844,0.3152295839052944,0.4059853414498871,c5,c5
13253,0.152683785941401,0.29836496663196777,0.5489512474266312,c5,c5
11544,0.27697983850728963,0.34196151805630837,0.38105864343640194,c234,c5
12490,0.5309926559845015,0.3481385211664661,0.12086882284903233,c1,c1
1136,0.30660728191801373,0.43301385566062106,0.2603788624213653,c1,c234
15321,0.3325976979944281,0.33720203015303424,0.33020027185253764,c1,c234
10380,0.3245945352397662,0.25937780194819815,0.4160276628120356,c5,c5
19229,0.2322573786504536,0.3495645461391455,0.41817807521040085,c5,c5
6764,0.18860485565364613,0.3308343213288194,0.4805608230175345,c5,c5
5733,0.29658827017230754,0.34281563401005977,0.3605960958176327,c234,c5
6105,0.23077871142327222,0.2968556439015355,0.47236564467519215,c5,c5
3245,0.0791147089638341,0.327733361974357,0.5931519290618088,c5,c5
8631,0.2874722093665051,0.5012490679638618,0.2112787226696331,c5,c234
6040,0.17172958821258505,0.2967777071639484,0.5314927046234665,c5,c5
5567,0.22203589405779112,0.35885310838980466,0.4191109975524043,c1,c5
13318,0.20948853621021019,0.3802813044869967,0.41023015930279316,c1,c5
13887,0.27224904999084887,0.40085140629054894,0.3268995437186021,c5,c234
1297,0.25327550876933835,0.3144272140313487,0.4322972771993129,c234,c5
2732,0.18257017608358433,0.4145773048925546,0.402852519023861,c234,c234
6451,0.24699483161942903,0.4121358347225227,0.3408693336580483,c234,c234
1415,0.26071921111663743,0.3584106032579212,0.38087018562544134,c1,c5
19557,0.4017742826582055,0.27549225173438396,0.3227334656074107,c234,c1
1090,0.5429183608656125,0.27786810383169624,0.17921353530269107,c1,c1
19081,0.4257660683797317,0.41181729648317383,0.16241663513709448,c1,c1
4915,0.44528601571211696,0.26496684489597655,0.2897471393919065,c5,c1
16907,0.2708673562497013,0.3331052766404713,0.39602736710982744,c5,c5
9370,0.1550371545258235,0.36697159191293593,0.47799125356124045,c5,c5
5685,0.5750787687435654,0.2972382334073115,0.12768299784912324,c1,c1
1330,0.2142736974925558,0.4407505029847886,0.3449757995226556,c5,c234
13580,0.34721057723082666,0.4536831997467517,0.19910622302242167,c234,c234
8664,0.16891385388659413,0.23796613833449856,0.5931200077789074,c5,c5
20045,0.39794496270680657,0.3611677200595448,0.2408873172336487,c1,c1
4957,0.1011267364258143,0.2179860361845612,0.6808872273896245,c234,c5
679,0.2361886747499704,0.44916217408369674,0.3146491511663327,c234,c234
16927,0.5046744692234207,0.3281045629595304,0.16722096781704895,c234,c1
8315,0.501837183658486,0.3063588370825513,0.1918039792589628,c1,c1
1267,0.19561328717724547,0.2732527304543956,0.531133982368359,c5,c5
5584,0.28049093845540496,0.4005952675608029,0.31891379398379216,c1,c234
4621,0.22050237482236817,0.42556329808491655,0.35393432709271516,c1,c234
9467,0.21642733347874846,0.5420051279385628,0.2415675385826887,c234,c234
15718,0.3079249618607317,0.31112396275616483,0.38095107538310347,c1,c5
13550,0.2290777047524865,0.25030143459182924,0.5206208606556842,c5,c5
6145,0.5791355420944027,0.3029135465662355,0.11795091133936189,c1,c1
18739,0.21175202412811775,0.35607548872216055,0.43217248714972173,c5,c5
11057,0.3366226991987253,0.275459343540028,0.38791795726124667,c5,c5
9601,0.26255594729129067,0.44188619894438597,0.2955578537643233,c234,c234
5475,0.2715170525972237,0.4552550913005072,0.27322785610226913,c1,c234
11698,0.2852024087154947,0.4173076192579034,0.29748997202660193,c234,c234
5331,0.36085255157403695,0.34278730094546034,0.2963601474805027,c5,c1
15976,0.25159982336517617,0.3478057648156665,0.4005944118191572,c5,c5
13789,0.45320224553788735,0.28252866517327296,0.2642690892888396,c5,c1
3,0.5834264350725789,0.32110452514950993,0.09546903977791119,c234,c1
160,0.14061258191969372,0.3406330217552777,0.5187543963250285,c5,c5
8884,0.4468452572152247,0.36764952086378166,0.18550522192099353,c1,c1
17899,0.26383828470455406,0.4376292468043982,0.2985324684910478,c5,c234
14031,0.4485049244344598,0.3090230011288358,0.24247207443670438,c1,c1
19233,0.31584622783487853,0.33716902532313014,0.34698474684199127,c5,c5
2219,0.26438518293971086,0.30995831016399433,0.42565650689629486,c1,c5
16003,0.27137107385264864,0.35882652157295664,0.3698024045743947,c234,c5
9291,0.4438314370922751,0.39049141472120674,0.16567714818651816,c1,c1
19926,0.3109576091023114,0.32667841822711796,0.3623639726705706,c5,c5
262,0.4660843025123941,0.2713632435270793,0.2625524539605265,c5,c1
18984,0.21650879395532652,0.2870092408987611,0.49648196514591236,c234,c5
7282,0.31542389816840716,0.36724731148747947,0.3173287903441134,c234,c234
5,0.30740858986184016,0.42777737866289184,0.26481403147526794,c1,c234
17780,0.2817962088185456,0.3284038696240764,0.38979992155737797,c5,c5
1152,0.47127764399695254,0.3743106343103837,0.15441172169266382,c5,c1
2448,0.40472905964989375,0.33969722004018665,0.2555737203099195,c234,c1
15569,0.46124882327305405,0.36291214406743555,0.17583903265951034,c234,c1
13881,0.3392476851482483,0.28664516929531114,0.37410714555644053,c5,c5
10799,0.2722450788354759,0.3501889581478246,0.37756596301669954,c234,c5
4779,0.37644111933700486,0.3346521148884962,0.2889067657744989,c1,c1
19279,0.18162554708546916,0.3568934315943063,0.46148102132022456,c1,c5
19047,0.22603949617534944,0.29649831577246605,0.47746218805218454,c234,c5
10152,0.2757772718902288,0.39674386018414615,0.327478867925625,c5,c234
13494,0.6551384950882243,0.2409648101031472,0.10389669480862855,c1,c1
19148,0.2577959959620305,0.3739367423068684,0.36826726173110114,c234,c234
19560,0.31979593333916667,0.39583220606433106,0.2843718605965021,c234,c234
2194,0.3400358853071795,0.26704265406099853,0.39292146063182204,c5,c5
17094,0.3978804644893876,0.33653100710345446,0.26558852840715796,c5,c1
4037,0.49153025780114357,0.2981395041421072,0.21033023805674933,c1,c1
8512,0.09370311812045308,0.24934627503251985,0.6569506068470271,c5,c5
11222,0.16780326321931832,0.250883626402359,0.5813131103783228,c5,c5
9040,0.40622798374631663,0.36032232552960236,0.233449690724081,c234,c1
13109,0.2475413306749938,0.31659098267696206,0.4358676866480442,c234,c5
6861,0.5966120636605654,0.21192939519354467,0.19145854114588992,c1,c1
5785,0.25972824828133395,0.2779733547273082,0.46229839699135783,c5,c5
4946,0.2623897363343956,0.35676770132402735,0.3808425623415771,c1,c5
1362,0.46689447951346175,0.27133123279605476,0.2617742876904835,c1,c1
418,0.3068528932573395,0.39698254596537996,0.29616456077728054,c234,c234
9014,0.2051422239560044,0.23764109396955718,0.5572166820744384,c5,c5
903,0.24442310601619166,0.35234731576005773,0.4032295782237506,c5,c5
8707,0.3352377226637557,0.3537372738515018,0.3110250034847425,c5,c234
1096,0.13062624049151972,0.29783504567827107,0.5715387138302093,c5,c5
14781,0.4674492425576308,0.3376311590540527,0.19491959838831652,c1,c1
17597,0.253167412694539,0.2998318492101277,0.44700073809533336,c1,c5
6077,0.2552127477883168,0.4530216924022469,0.29176555980943625,c234,c234
5346,0.28016729871728147,0.4118064209584052,0.3080262803243134,c1,c234
1500,0.1351601583943663,0.5015352123938589,0.3633046292117748,c234,c234
10606,0.41714796601648085,0.3501042769180517,0.23274775706546733,c1,c1
12176,0.2527523427038719,0.3942894413420155,0.3529582159541126,c1,c234
17690,0.3348436951002093,0.4372908335284843,0.22786547137130642,c234,c234
9741,0.6382717573899593,0.19039053258642427,0.17133771002361642,c1,c1
11320,0.4999185448055915,0.35225887805812206,0.14782257713628644,c234,c1
3628,0.2292566895957751,0.3218745918777145,0.44886871852651045,c5,c5
5352,0.26024247252686494,0.436221882976665,0.3035356444964701,c1,c234
410,0.28459239681214255,0.21048751064087673,0.5049200925469807,c234,c5
9688,0.45028353565960416,0.29834058454200646,0.2513758797983893,c1,c1
6163,0.19825237316177274,0.3824224123161105,0.4193252145221168,c1,c5
15707,0.2804916389946929,0.3271287954391776,0.3923795655661295,c234,c5
14633,0.4304085172212053,0.35678961625471395,0.21280186652408065,c1,c1
12976,0.17898553255677868,0.3315008761671479,0.4895135912760734,c5,c5
1119,0.44999816641813944,0.2976654389760899,0.25233639460577073,c1,c1
3727,0.16385313366725845,0.2551927436991523,0.5809541226335893,c234,c5
16495,0.3338219459827411,0.42188500716302,0.24429304685423872,c234,c234
6036,0.3375274139738348,0.2701751158997076,0.3922974701264575,c1,c5
5376,0.4195584469590009,0.2607206922725597,0.31972086076843953,c5,c1
11220,0.17791716067564076,0.2638980703032998,0.5581847690210594,c234,c5
8784,0.15050125464501124,0.3022118304151318,0.5472869149398569,c5,c5
13202,0.2622796357532767,0.4946341677619691,0.24308619648475424,c234,c234
18342,0.28043462000706215,0.28835760356827966,0.43120777642465813,c1,c5
18339,0.2693843665689474,0.37521664868038196,0.3553989847506707,c234,c234
16174,0.20608212541455742,0.2942308422061629,0.49968703237927975,c5,c5
4508,0.36305296677465126,0.3799565879881656,0.2569904452371831,c1,c234
11227,0.2307069694622851,0.46300133670928545,0.30629169382842947,c1,c234
8446,0.2787652722572628,0.3009706013912862,0.42026412635145105,c1,c5
8290,0.15822491506999797,0.32817658846244974,0.5135984964675522,c5,c5
323,0.2869901311378046,0.3344967001672584,0.378513168694937,c234,c5
8528,0.6709172710327547,0.21902380073685648,0.11005892823038894,c234,c1
9234,0.28920237230080914,0.401146114168313,0.30965151353087783,c234,c234
4514,0.3653698785285001,0.3028152264893808,0.3318148949821191,c234,c1
19756,0.14972825835697687,0.34254227410305094,0.5077294675399722,c234,c5
17938,0.13363688694601836,0.2833382519780839,0.5830248610758978,c5,c5
1487,0.20404361841902324,0.5125665181970394,0.28338986338393735,c5,c234
7431,0.2615882131150345,0.4000940134275889,0.33831777345737657,c234,c234
12629,0.3546776503927114,0.3894420287334458,0.25588032087384294,c1,c234
9948,0.21757036598162222,0.26636854854707687,0.5160610854713009,c234,c5
13838,0.41857835005151217,0.3574895093964151,0.22393214055207267,c5,c1
17822,0.1760342801997321,0.432765054572835,0.39120066522743296,c234,c234
6311,0.29363890321757363,0.43904186730535144,0.26731922947707487,c1,c234
19202,0.24423580365642836,0.23938374283570907,0.5163804535078624,c5,c5
7882,0.20955524513006885,0.4231980347049329,0.3672467201649983,c234,c234
6970,0.2514444132561073,0.3826660032506669,0.36588958349322576,c234,c234
16325,0.17639928915998837,0.5371115670885684,0.28648914375144324,c234,c234
2675,0.2594668980070587,0.27713754125482676,0.4633955607381144,c234,c5
7319,0.30172048508688787,0.2393176854137001,0.45896182949941194,c5,c5
4205,0.26737973978659857,0.2798346980504353,0.45278556216296606,c5,c5
362,0.2158500561778816,0.3175936193748112,0.46655632444730716,c1,c5
12922,0.2590781005406634,0.3912617824544816,0.349660117004855,c1,c234
19420,0.1357485262632459,0.38777486777902703,0.4764766059577271,c5,c5
7942,0.060794264278195675,0.2876242467984564,0.6515814889233479,c5,c5
11214,0.6570461438148585,0.2565678968727217,0.08638595931241981,c234,c1
7834,0.25461599586396255,0.45064438786139444,0.29473961627464307,c234,c234
3406,0.14342636517323176,0.2438790968434595,0.6126945379833088,c5,c5
18042,0.446587541829577,0.3220152382135176,0.2313972199569053,c1,c1
9623,0.280637609645266,0.24228105748446643,0.47708133287026755,c234,c5
241,0.2851071093324068,0.43519913605272426,0.2796937546148688,c1,c234
18204,0.42327409201015576,0.3704657282083586,0.20626017978148575,c234,c1
19405,0.29470109570505265,0.37461777221103676,0.3306811320839106,c5,c234
18997,0.23905566619501753,0.2969451161798432,0.4639992176251394,c234,c5
15292,0.40258053927922877,0.21706059484900758,0.38035886587176354,c234,c1
5249,0.3878720054299604,0.2689940266779477,0.34313396789209183,c5,c1
6899,0.32314867170216877,0.32084125480124503,0.3560100734965862,c1,c5
8391,0.3211232825645779,0.41828692126526656,0.2605897961701556,c1,c234
9297,0.3326834971014944,0.319664316251152,0.34765218664735353,c1,c5
4584,0.22137542751581135,0.27673264851308776,0.5018919239711008,c5,c5
15045,0.19665899220317123,0.46475731778560503,0.3385836900112238,c5,c234
15290,0.3421177810015803,0.24378260403367688,0.4140996149647429,c1,c5
11864,0.356242012926308,0.409291963184348,0.23446602388934398,c234,c234
4598,0.5967619780065438,0.29012917345326905,0.1131088485401871,c1,c1
7730,0.3056601435347657,0.4233056617136355,0.2710341947515988,c1,c234
8944,0.3946394712674332,0.4321658794583875,0.1731946492741793,c234,c234
12646,0.4202555188882221,0.4644124500309862,0.11533203108079175,c1,c234
2809,0.26064470554160246,0.2984954485499683,0.4408598459084293,c1,c5
6949,0.32190326715626294,0.31411189778204796,0.3639848350616891,c234,c5
8179,0.3270232975186624,0.3287635797021114,0.34421312277922617,c234,c5
8028,0.5548051865274425,0.23931363013431106,0.20588118333824643,c1,c1
2793,0.2556843709866571,0.43706257951449673,0.3072530494988462,c5,c234
7276,0.4362914857704528,0.27200276904595067,0.29170574518359643,c1,c1
7155,0.31949906558117674,0.2834087261528545,0.3970922082659687,c234,c5
18249,0.3586658241613764,0.38412500825668994,0.25720916758193363,c234,c234
3010,0.19218985358124047,0.2587258585018138,0.5490842879169457,c5,c5
4240,0.2772904641129451,0.3062995925559405,0.4164099433311145,c5,c5
7898,0.2804263952625109,0.40839961481255227,0.31117398992493683,c1,c234
14560,0.21927119266279677,0.35301688202203385,0.42771192531516933,c1,c5
1529,0.30496079196875103,0.28043550330808975,0.41460370472315927,c5,c5
10383,0.44089926486258657,0.3633020577815856,0.19579867735582795,c1,c1
5891,0.5211980652481614,0.2604794508712341,0.21832248388060452,c1,c1
16965,0.1650636997099062,0.30534784716364005,0.5295884531264538,c1,c5
17718,0.3078045593070937,0.4861110849103908,0.20608435578251547,c1,c234
12824,0.2939643402811984,0.38443011619600764,0.32160554352279397,c1,c234
5705,0.37513490408866457,0.3934195602106594,0.23144553570067608,c234,c234
5357,0.4397416941336442,0.3225507323251981,0.23770757354115762,c234,c1
16901,0.23176309500578993,0.40776570928659,0.3604711957076201,c1,c234
4384,0.6035314994497348,0.2519823831488964,0.14448611740136877,c1,c1
5139,0.14921852028779234,0.4001602116283358,0.4506212680838718,c234,c5
2383,0.30320063383215096,0.31993477236641554,0.3768645938014335,c1,c5
4066,0.7245647261171029,0.1798516359679932,0.09558363791490404,c1,c1
852,0.3086688310482137,0.30467086242874647,0.38666030652303973,c1,c5
1726,0.09736273336424435,0.4023161384454593,0.5003211281902963,c234,c5
4939,0.18624363085662482,0.41333497507512285,0.4004213940682524,c5,c234
7279,0.2125564513653436,0.4988565843627158,0.2885869642719406,c5,c234
13361,0.6071005292967872,0.28304674702452287,0.10985272367868996,c234,c1
13771,0.4726806524357534,0.3725233778610627,0.15479596970318393,c234,c1
3602,0.3652287833181576,0.3308246994011975,0.3039465172806448,c234,c1
16874,0.26845316188155366,0.33749229135540243,0.39405454676304397,c234,c5
11245,0.17449858643167082,0.35859796142514033,0.4669034521431888,c5,c5
15779,0.5051426658846982,0.28755588610091165,0.20730144801439016,c234,c1
7293,0.1440990998883887,0.2580748909260294,0.5978260091855818,c5,c5
12594,0.28769521885467014,0.3501292257740397,0.36217555537129026,c234,c5
15741,0.3367534095998226,0.4727027265295513,0.19054386387062613,c5,c234
4298,0.1551085991258018,0.42472949137420085,0.4201619094999972,c5,c234
19011,0.33210968446804345,0.49949258550499576,0.1683977300269609,c234,c234
16743,0.4022018038899164,0.35838569535171133,0.23941250075837228,c5,c1
15978,0.42871043822170274,0.34119528603303145,0.2300942757452658,c234,c1
18815,0.4305984632721289,0.3488917867397377,0.22050974998813344,c234,c1
10228,0.205296650955847,0.39819038398388906,0.3965129650602639,c5,c234
17761,0.4877254777299803,0.3809203746248907,0.131354147645129,c234,c1
844,0.1394427005080231,0.3344994874977331,0.5260578119942437,c5,c5
14105,0.3756984087921811,0.26120306365352247,0.36309852755429645,c1,c1
900,0.3795512471005891,0.3399000995295042,0.2805486533699068,c5,c1
19395,0.21681175198447575,0.39609429999094303,0.38709394802458125,c1,c234
8713,0.3580733559455863,0.320351813098946,0.32157483095546774,c1,c1
4865,0.4194191900544217,0.3403925700159798,0.24018823992959853,c1,c1
1734,0.5236619357481475,0.3322384343485469,0.14409962990330563,c1,c1
7221,0.36583409780298093,0.3656788811886944,0.26848702100832467,c234,c1
8150,0.4179231531658451,0.41474710718589664,0.16732973964825823,c234,c1
5072,0.21895566483284368,0.36963362268177924,0.4114107124853771,c234,c5
15690,0.5441599045392979,0.31443013352136917,0.14140996193933303,c1,c1
13217,0.38958824044425777,0.4726935667205418,0.1377181928352003,c234,c234
11180,0.45428601107503497,0.28671291098956486,0.2590010779354002,c234,c1
3901,0.20520861933875292,0.28926216731796334,0.5055292133432837,c5,c5
453,0.12774729933391077,0.3037523494963249,0.5685003511697643,c234,c5
1602,0.31488689093141187,0.46477069836401946,0.22034241070456875,c234,c234
18639,0.34400179741466613,0.46282741935456284,0.19317078323077103,c5,c234
18107,0.3044370081588752,0.4190091749234209,0.2765538169177038,c1,c234
10925,0.5106358162473383,0.35195567440166386,0.13740850935099774,c234,c1
15990,0.5170249620002688,0.2784043101603559,0.20457072783937527,c234,c1
606,0.33836339474506283,0.38998584560397626,0.2716507596509609,c1,c234
11624,0.2787069982303648,0.372307331154789,0.3489856706148461,c234,c234
13905,0.30655752243333617,0.2872839338229806,0.4061585437436831,c234,c5
6058,0.37606866292758534,0.348659605649882,0.2752717314225327,c234,c1
14576,0.28072525981367197,0.4071708995838856,0.3121038406024425,c1,c234
9722,0.22581781789873312,0.37854541001071257,0.39563677209055426,c5,c5
15946,0.30390146315208844,0.32746825456826045,0.3686302822796511,c234,c5
19685,0.35950193975951317,0.3481485326017841,0.2923495276387027,c5,c1
16579,0.43686315686243676,0.3736668202699448,0.18947002286761835,c1,c1
8137,0.2953108572907829,0.3704950068648283,0.3341941358443888,c234,c234
14227,0.2882590302694775,0.4980580624697697,0.2136829072607528,c5,c234
15089,0.16919762626410442,0.15628148528993935,0.6745208884459563,c5,c5
13466,0.16461051649843117,0.29517561916461793,0.540213864336951,c5,c5
17945,0.2563261166477858,0.3557801988909876,0.3878936844612265,c5,c5
391,0.3585120077734227,0.33822392982163174,0.3032640624049455,c5,c1
3830,0.09768523100556352,0.1593106668312332,0.7430041021632032,c234,c5
14375,0.32347284186638947,0.2675574148723033,0.40896974326130725,c234,c5
6744,0.18752522871079633,0.336785596898027,0.47568917439117664,c234,c5
3289,0.3465938409777002,0.38238953725484287,0.271016621767457,c5,c234
16451,0.15528047618623864,0.3199498986623742,0.5247696251513871,c1,c5
8326,0.26152180454120827,0.35797349481442875,0.380504700644363,c1,c5
2791,0.4557591454653407,0.31773302584230134,0.22650782869235794,c234,c1
12748,0.3621511185211329,0.3279277632657792,0.3099211182130879,c1,c1
12704,0.3309199937635288,0.36056046290279736,0.30851954333367376,c1,c234
18275,0.45243519956314754,0.4298724979562561,0.11769230248059634,c234,c1
19829,0.2897443512686445,0.37877349025565044,0.33148215847570506,c1,c234
1246,0.24755275522105613,0.3140114321286337,0.4384358126503102,c5,c5
2750,0.36698976838671377,0.30460242459595344,0.3284078070173328,c1,c1
17791,0.21595979275782837,0.3943160159919975,0.3897241912501741,c234,c234
18748,0.45951916203344967,0.266534504353604,0.27394633361294635,c234,c1
7037,0.2826790032433822,0.31882997619348724,0.39849102056313057,c5,c5
1010,0.20929599917046007,0.27665331141137645,0.5140506894181633,c5,c5
4455,0.08581208083451097,0.27593136607632607,0.638256553089163,c234,c5
269,0.47985515509365184,0.2797371609350095,0.24040768397133866,c1,c1
15822,0.18777870634085037,0.3627679327408633,0.44945336091828647,c5,c5
4114,0.18619208024529824,0.43187319325630763,0.38193472649839416,c234,c234
12970,0.34809529096222847,0.459243180132255,0.1926615289055166,c5,c234
7585,0.4350307277487346,0.39066193054898396,0.17430734170228143,c5,c1
17060,0.3293501541603534,0.39521086014105655,0.27543898569859004,c1,c234
9750,0.2477691936826667,0.4110322909278235,0.3411985153895098,c1,c234
5236,0.38677523715661755,0.3769182399326071,0.2363065229107754,c1,c1
6120,0.15473262318654388,0.30598198711375824,0.5392853896996976,c234,c5
2313,0.42851652367512116,0.32609891768877736,0.24538455863610148,c5,c1
3054,0.2434483624138925,0.2602513913033429,0.4963002462827645,c234,c5
13972,0.4059210860076258,0.22572245595336987,0.3683564580390043,c5,c1
9905,0.20396651032758278,0.5090033497027122,0.287030139969705,c234,c234
15331,0.251940717681283,0.36813584906011204,0.37992343325860484,c1,c5
11658,0.6214455568266122,0.2583066596487755,0.1202477835246124,c1,c1
4224,0.555609783297428,0.3185101683652762,0.12588004833729577,c1,c1
15752,0.3517558456684003,0.4164364403198128,0.23180771401178682,c1,c234
10562,0.2981219179359814,0.38059275039761903,0.3212853316663995,c234,c234
10083,0.33076913310059114,0.34658666937134247,0.3226441975280664,c234,c234
9850,0.2926501631835381,0.28924085870678723,0.41810897810967457,c5,c5
18975,0.15392372873446356,0.2891166556371626,0.5569596156283738,c5,c5
17973,0.3281453116852873,0.42462636846003365,0.24722831985467905,c234,c234
10458,0.4513321148929569,0.33490814925763884,0.21375973584940433,c234,c1
16484,0.3687924963327368,0.34699927432271127,0.2842082293445519,c1,c1
16002,0.5298870401392783,0.38310584919224067,0.08700711066848095,c5,c1
19234,0.25403311626996444,0.3157448176375513,0.4302220660924843,c234,c5
8508,0.5204055303311186,0.25598581987298524,0.22360864979589615,c5,c1
14948,0.3250058787307067,0.26087817769470967,0.4141159435745836,c1,c5
11899,0.2370096940181627,0.3227695411991043,0.44022076478273303,c1,c5
10321,0.36056650290764053,0.40058849302610533,0.23884500406625406,c234,c234
2316,0.23174788308330055,0.3218379484278512,0.44641416848884824,c5,c5
6104,0.28189299002797374,0.5262269684539163,0.19188004151811003,c5,c234
4087,0.4684426581710065,0.33073011807374053,0.20082722375525291,c1,c1
12571,0.528099927599647,0.3416155317144472,0.13028454068590584,c234,c1
15625,0.20697940985804672,0.30395978387740163,0.48906080626455156,c5,c5
1596,0.2202721141172092,0.6106876720188705,0.16904021386392015,c234,c234
8630,0.22650442803782225,0.26434655285430436,0.5091490191078735,c5,c5
19088,0.20222797848821586,0.34305009604361203,0.45472192546817214,c5,c5
16211,0.34481763433548906,0.40452635988820507,0.25065600577630587,c5,c234
9440,0.10969306924442612,0.16238832663101663,0.7279186041245572,c5,c5
8734,0.20964171511609858,0.2835161806416934,0.506842104242208,c5,c5
12884,0.16491847924089978,0.3070265888495082,0.528054931909592,c5,c5
3596,0.21764735472411845,0.40572170358339327,0.37663094169248823,c1,c234
18698,0.2539770983004826,0.2592546505453225,0.48676825115419486,c5,c5
1186,0.09930627018668485,0.3304536906608902,0.5702400391524249,c5,c5
13062,0.21707519336648637,0.3505343566472966,0.432390449986217,c5,c5
10127,0.2583020954516281,0.3452556564793595,0.3964422480690124,c1,c5
12041,0.42521586101214004,0.24762300393346873,0.32716113505439137,c1,c1
8392,0.36196676298082964,0.4427104322689435,0.19532280475022684,c5,c234
1004,0.38572296925978206,0.31848842076239775,0.2957886099778202,c1,c1
11968,0.2328801798799439,0.3530639541333122,0.4140558659867438,c5,c5
5944,0.4268612138348823,0.35457906608276113,0.21855972008235652,c234,c1
5158,0.2098316396685555,0.2530662065599474,0.5371021537714971,c5,c5
4465,0.30703843651974144,0.3469100515635398,0.3460515119167188,c5,c234
3279,0.2033974309705965,0.30167732208704007,0.49492524694236345,c234,c5
4879,0.38906168497189325,0.34429453817257094,0.26664377685553575,c234,c1
840,0.36549884070391,0.29606765478395186,0.3384335045121382,c5,c1
1436,0.1967904197119507,0.20361553162477003,0.5995940486632791,c234,c5
11425,0.18015846166384247,0.2633379436006383,0.5565035947355194,c5,c5
4177,0.31185119414095097,0.3085496716570833,0.3795991342019658,c5,c5
14838,0.2116932567881727,0.2940517295301057,0.4942550136817216,c1,c5
13019,0.3369276267860958,0.3620685430183296,0.30100383019557464,c5,c234
6361,0.2809345748544498,0.3579917887661067,0.36107363637944356,c234,c5
14273,0.33776478569313906,0.44872648800751475,0.2135087262993462,c234,c234
4677,0.33509687202805616,0.3588049852742067,0.3060981426977372,c1,c234
10546,0.13918431908275836,0.21585456536100817,0.6449611155562336,c5,c5
10509,0.432234700331897,0.30400053616119316,0.26376476350690986,c234,c1
14019,0.35231363970211077,0.3261681628472494,0.3215181974506398,c1,c1
13651,0.25148700651482303,0.29102698270348587,0.45748601078169104,c5,c5
14791,0.17685064643862008,0.31083913980972716,0.5123102137516529,c5,c5
14458,0.3101290453907474,0.2570338689020234,0.4328370857072292,c234,c5
11390,0.3428460021243425,0.3631471374071848,0.29400686046847274,c1,c234
11959,0.16522828427111702,0.20568279356634833,0.6290889221625346,c5,c5
4443,0.31609828942144685,0.305400050101387,0.3785016604771661,c5,c5
11339,0.646966065287653,0.26788857793603266,0.08514535677631441,c234,c1
14503,0.4890535479824183,0.4290630536068809,0.08188339841070078,c1,c1
9794,0.338118903721572,0.2801307888850871,0.3817503073933409,c234,c5
15832,0.1434424232668738,0.2781338674709673,0.5784237092621589,c5,c5
561,0.3464342066541297,0.3594440710763622,0.29412172226950806,c234,c234
19251,0.23461415335514318,0.3673628574455451,0.3980229891993118,c234,c5
13585,0.37735156093333044,0.35925861293640604,0.2633898261302635,c234,c1
11721,0.16816299566502702,0.2184010437987006,0.6134359605362725,c5,c5
12883,0.2440939590277294,0.44502381432513116,0.31088222664713944,c234,c234
15118,0.21830731570411763,0.34609057873574467,0.4356021055601376,c234,c5
16184,0.16243726838779213,0.2320486840045352,0.6055140476076726,c5,c5
12080,0.11387419902503686,0.15978495014491184,0.7263408508300513,c5,c5
5613,0.29815399880720383,0.35723525468075645,0.3446107465120397,c1,c234
16898,0.2766076150747179,0.4028047974349249,0.3205875874903571,c5,c234
15493,0.22414445335618588,0.32178010686628733,0.45407543977752685,c1,c5
13085,0.23265573885060578,0.3456815500036258,0.42166271114576837,c5,c5
3167,0.3386955973532907,0.24814245259145817,0.4131619500552512,c234,c5
19093,0.2204458901147583,0.34701117852545427,0.4325429313597874,c234,c5
11653,0.2688660751041664,0.48938907237364154,0.241744852522192,c5,c234
16625,0.2480215477646417,0.4964997698969972,0.25547868233836113,c1,c234
15993,0.22081723255965385,0.3026461855376901,0.47653658190265613,c5,c5
4379,0.15960686533001972,0.3974779897263272,0.4429151449436531,c234,c5
1760,0.29282547699417166,0.2558203472731064,0.45135417573272185,c234,c5
5986,0.45559283135484885,0.24879629142018053,0.29561087722497065,c5,c1
17385,0.3487262587151106,0.30924660350842004,0.3420271377764693,c5,c1
13457,0.2633327053517408,0.4160561037863825,0.3206111908618765,c5,c234
13295,0.5352453191403278,0.34791793813538335,0.1168367427242889,c5,c1
13274,0.09915434632918144,0.3608162130766044,0.5400294405942142,c234,c5
16928,0.36408166410468895,0.31360066103889467,0.3223176748564164,c1,c1
3383,0.21011346745950127,0.3281879730525115,0.4616985594879872,c234,c5
7818,0.26342158612440125,0.24377872557655794,0.4927996882990408,c1,c5
1300,0.255404480879668,0.33295328408927727,0.4116422350310547,c234,c5
1865,0.38722067834656493,0.3824448392753289,0.23033448237810625,c1,c1
17931,0.3814999767134304,0.395746763231939,0.22275326005463064,c5,c234
11782,0.15801765459286826,0.4263475087673741,0.41563483663975764,c5,c234
19370,0.3419299985190394,0.3992539233752125,0.25881607810574814,c1,c234
2720,0.37090427391945463,0.31963660646129016,0.30945911961925526,c5,c1
12383,0.5746392687361208,0.30789608131297735,0.11746464995090186,c1,c1
4234,0.15573393392183835,0.26866119057633375,0.5756048755018279,c5,c5
17415,0.146796205003993,0.30964491409503647,0.5435588809009705,c234,c5
8437,0.2822457989850623,0.3349710077030921,0.3827831933118455,c234,c5
9755,0.4170759455751961,0.3332658782814848,0.24965817614331903,c5,c1
6217,0.32655824310872994,0.3623095745606651,0.3111321823306051,c234,c234
5316,0.20776441934129872,0.2792841571443905,0.5129514235143108,c5,c5
12628,0.27363805892999915,0.36467920575907364,0.3616827353109272,c5,c234
19048,0.18832015554740045,0.4946763710631966,0.31700347338940293,c234,c234
13372,0.3343844464933673,0.5466397345977705,0.11897581890886222,c234,c234
10013,0.2553647586616544,0.41890444660487675,0.3257307947334688,c5,c234
6013,0.34618194322918994,0.44113481402133975,0.21268324274947026,c5,c234
161,0.40510398758044086,0.30004897216417037,0.2948470402553887,c234,c1
11162,0.31606402550911444,0.48304716432405936,0.20088881016682625,c234,c234
16493,0.5452419668062336,0.2086827697958523,0.24607526339791405,c234,c1
7537,0.14028640285967517,0.36356491383098694,0.4961486833093378,c5,c5
1943,0.37090427391945463,0.31963660646129016,0.30945911961925526,c1,c1
16328,0.40846976805949264,0.41657501740062414,0.17495521453988314,c234,c234
10545,0.16615654542842664,0.35813318751186407,0.4757102670597093,c234,c5
10112,0.22806393625719584,0.3550685983678648,0.41686746537493935,c5,c5
4981,0.17140762205812712,0.18215238064422465,0.6464399972976482,c234,c5
4476,0.18046715088404525,0.32964730290888367,0.48988554620707114,c234,c5
11011,0.3113900404424819,0.33029062919069646,0.3583193303668217,c1,c5
8125,0.1943562518485522,0.4329295703156597,0.37271417783578814,c5,c234
14622,0.10293192473820596,0.37091020366846966,0.5261578715933244,c234,c5
176,0.4117766657893115,0.3380865072753393,0.2501368269353492,c5,c1
10868,0.31574619947553006,0.2578958032259642,0.4263579972985056,c5,c5
12067,0.10581453335720611,0.39293160752895784,0.501253859113836,c5,c5
5945,0.3545417979108957,0.3591662665252669,0.2862919355638375,c234,c234
13744,0.2431049278190736,0.25738252198270295,0.49951255019822344,c234,c5
3519,0.2805178684984635,0.3849897684170993,0.33449236308443714,c234,c234
19107,0.19135342767923638,0.363318102384512,0.44532846993625164,c234,c5
4860,0.495180252080467,0.3714053852874154,0.13341436263211764,c1,c1
18322,0.3314541207570304,0.38726161924111785,0.28128426000185175,c234,c234
10643,0.1518584935278277,0.5141369958605302,0.33400451061164216,c234,c234
17264,0.1264557188253556,0.4117116841324885,0.46183259704215585,c5,c5
12412,0.2773166237012333,0.4253616010695513,0.2973217752292155,c1,c234
19722,0.3908046115576115,0.40709523582334467,0.20210015261904388,c1,c234
19214,0.5545946118347173,0.2824676364888338,0.16293775167644903,c1,c1
12434,0.27154201365701597,0.3844382075545317,0.34401977878845236,c234,c234
11951,0.19221278399620792,0.38316911046151086,0.4246181055422812,c5,c5
8169,0.3242578660316658,0.37449832967037383,0.3012438042979603,c1,c234
10912,0.12856449859647162,0.2362270046642902,0.6352084967392382,c5,c5
18507,0.1909119703841457,0.38418281153261713,0.4249052180832372,c5,c5
2687,0.3692903543986371,0.3938857637173644,0.23682388188399842,c1,c234
7348,0.10517881816295076,0.3326474720175897,0.5621737098194595,c5,c5
7612,0.23518569891813548,0.3862909058892901,0.3785233951925745,c1,c234
19113,0.24094915863469762,0.3458021569182416,0.41324868444706075,c5,c5
16805,0.448235838033606,0.4014106992295554,0.15035346273683856,c234,c1
19700,0.5385976959921599,0.3474332059883368,0.11396909801950313,c1,c1
13474,0.4577273745532673,0.36455980311092834,0.1777128223358044,c1,c1
10116,0.22415869211471526,0.4187770265019302,0.35706428138335455,c5,c234
19015,0.35628768737777666,0.36431355995678766,0.2793987526654356,c234,c234
5857,0.20544152836244534,0.26463162793895667,0.529926843698598,c5,c5
11618,0.551486777318508,0.3317733385923008,0.11673988408919127,c234,c1
8419,0.2501494927273572,0.3397998087716732,0.41005069850096965,c1,c5
13633,0.22432768018058175,0.32818762372141935,0.44748469609799885,c1,c5
5666,0.2793067617617542,0.36504542564427456,0.3556478125939712,c5,c234
13374,0.38993825066523957,0.3412451932722216,0.26881655606253896,c5,c1
4717,0.338074358951819,0.330486016789586,0.331439624258595,c5,c1
9753,0.2426175285066184,0.31174212806994445,0.44564034342343717,c5,c5
9684,0.12821668260823463,0.1702314751445621,0.7015518422472032,c5,c5
11868,0.20562693757545655,0.31571042351893847,0.47866263890560495,c5,c5
2932,0.3457327950524099,0.3274914740172464,0.32677573093034373,c1,c1
4601,0.19606960575158386,0.3168589625492947,0.4870714316991215,c1,c5
1681,0.36834908143986406,0.3486722927303775,0.28297862582975847,c234,c1
165,0.2358389853845797,0.34546413011621635,0.41869688449920395,c234,c5
5782,0.42283517251706304,0.41905045523967976,0.15811437224325722,c234,c1
9243,0.3880137918346892,0.34643830322054175,0.26554790494476904,c5,c1
18237,0.4168393795656341,0.3699715278196621,0.2131890926147039,c1,c1
10141,0.19672085644896184,0.3848626341051464,0.4184165094458918,c5,c5
1467,0.2575472432216065,0.33045587744779803,0.4119968793305954,c5,c5
17915,0.25646084081185544,0.3505048533902527,0.39303430579789184,c5,c5
13827,0.23195736868718156,0.5257889990832514,0.24225363222956703,c1,c234
10137,0.26398341007775095,0.4540914713343501,0.2819251185878989,c234,c234
3745,0.17615743974166292,0.44233088762868045,0.3815116726296567,c1,c234
17832,0.45228096038154575,0.35230549582662185,0.19541354379183246,c1,c1
17308,0.6824994229234949,0.19432994182102473,0.1231706352554804,c1,c1
1775,0.37096400640105986,0.21559687404466152,0.41343911955427853,c234,c5
12729,0.10591615504890547,0.2927815619876196,0.601302282963475,c5,c5
8401,0.26742592563498946,0.33338136806489466,0.39919270630011583,c234,c5
3532,0.279552681615014,0.37688615724194724,0.34356116114303875,c234,c234
7857,0.1484409438795841,0.23546875298597564,0.6160903031344402,c5,c5
10196,0.41525051067123353,0.3564125697015298,0.2283369196272366,c1,c1
3869,0.46335385337272417,0.33188587857438706,0.20476026805288877,c1,c1
16106,0.4278418120710972,0.31530949518522766,0.25684869274367506,c1,c1
5827,0.21668459292915224,0.2197475027272619,0.563567904343586,c5,c5
9649,0.22718263587060367,0.45817838456789006,0.3146389795615062,c5,c234
8496,0.5330575949891874,0.30723169185394994,0.1597107131568627,c234,c1
18939,0.21475018362640402,0.3922068316091606,0.3930429847644355,c5,c5
2477,0.1791870660611831,0.38858474864504117,0.4322281852937757,c234,c5
13555,0.2950266267310916,0.35111040703742236,0.35386296623148594,c5,c5
10078,0.23765099917252336,0.192856105561986,0.5694928952654907,c234,c5
19117,0.45206454613062225,0.4623599763939369,0.08557547747544081,c234,c234
8182,0.6119872478081222,0.19796105332438763,0.19005169886749013,c1,c1
2727,0.14451406040467923,0.337451847439943,0.5180340921553779,c5,c5
19653,0.24899106841943577,0.4040232292706746,0.34698570230988957,c5,c234
8327,0.14425548979371308,0.42385744744930853,0.4318870627569784,c1,c5
6961,0.4155232419584979,0.29800258783864186,0.28647417020286026,c1,c1
4186,0.19912086278637559,0.26853236509926576,0.5323467721143587,c234,c5
10004,0.38109991321750447,0.3647381176125318,0.2541619691699638,c1,c1
14109,0.41141809466796725,0.3220379560895631,0.2665439492424696,c1,c1
13187,0.23745102172495008,0.4830866971825415,0.2794622810925085,c234,c234
46,0.33754007192342333,0.42190599313381594,0.24055393494276078,c1,c234
2978,0.18453025164123696,0.42773175685958087,0.3877379914991822,c234,c234
8621,0.23370424218590902,0.29852410483231384,0.46777165298177714,c5,c5
19186,0.5096957037163975,0.3324122272101623,0.15789206907344028,c5,c1
4479,0.23303008857186355,0.3589057341282375,0.4080641772998989,c1,c5
14338,0.4574419750548418,0.4476212588989744,0.09493676604618383,c234,c1
18817,0.37090427391945463,0.31963660646129016,0.30945911961925526,c1,c1
9866,0.16850203967768201,0.34218728675363624,0.48931067356868174,c5,c5
1786,0.40694059650738257,0.30382706735287873,0.2892323361397387,c1,c1
4104,0.3241944253733355,0.23632139629539353,0.43948417833127096,c234,c5
12086,0.15849117513715555,0.2748969564072271,0.5666118684556174,c5,c5
914,0.3230460811064009,0.3519962878273506,0.32495763106624853,c5,c234
12096,0.1640905589286818,0.3108575208624916,0.5250519202088266,c5,c5
8146,0.12327844925990702,0.3315148959075535,0.5452066548325394,c5,c5
18604,0.19768537192861083,0.42538529556103255,0.37692933251035665,c5,c234
4670,0.2299010591695377,0.3581330541761697,0.41196588665429257,c234,c5
721,0.23570081050935263,0.4261377484109127,0.3381614410797348,c5,c234
14894,0.4749476826618281,0.3104601072571522,0.21459221008101964,c234,c1
537,0.503772359544001,0.2068457363673546,0.2893819040886444,c5,c1
3927,0.20206995694561108,0.44099483202475476,0.3569352110296341,c234,c234
4232,0.2954086034091987,0.3052560957154583,0.3993353008753429,c5,c5
17548,0.35974557247628053,0.32295906810802,0.3172953594156994,c5,c1
6018,0.28027083783052575,0.3884094672813991,0.3313196948880751,c5,c234
9088,0.304759457545986,0.4304106120013487,0.26482993045266523,c234,c234
1206,0.2546320962727556,0.36794595269854474,0.37742195102869963,c234,c5
16510,0.23287577965276257,0.46812354085249375,0.2990006794947436,c234,c234
11491,0.23828540493958647,0.4249182201711723,0.3367963748892412,c234,c234
5591,0.11519176856861761,0.31788256174420565,0.5669256696871768,c5,c5
12460,0.27978227821636237,0.338757237904358,0.38146048387927967,c1,c5
1239,0.37991490184180343,0.23029457556381455,0.389790522594382,c5,c5
18801,0.36833762677693466,0.2651175011434679,0.36654487207959746,c1,c1
4617,0.2839267672407517,0.3900426825152482,0.3260305502440001,c5,c234
51,0.44638850943581543,0.24990794369555736,0.3037035468686271,c234,c1
18511,0.5240187439685944,0.35022023793057483,0.1257610181008309,c234,c1
15443,0.41480963154457096,0.4117171406154078,0.17347322784002128,c1,c1
4757,0.18168458337251922,0.4312952487096279,0.3870201679178528,c1,c234
19218,0.4889783840001375,0.24645554903608127,0.2645660669637812,c1,c1
8329,0.13348576874710372,0.3517374583417824,0.5147767729111139,c1,c5
18406,0.10554612919489059,0.23214761525823144,0.6623062555468779,c234,c5
19369,0.22131033305818856,0.3602455793718781,0.4184440875699333,c234,c5
16148,0.3589176974448055,0.2619979206700386,0.379084381885156,c5,c5
5440,0.4753544686070906,0.3801358580717544,0.144509673321155,c1,c1
16130,0.19760244474272814,0.3925976389154139,0.409799916341858,c234,c5
14372,0.29208502567767336,0.3465873252718379,0.36132764905048864,c1,c5
2055,0.25943473628372093,0.3877543861246502,0.3528108775916288,c5,c234
2897,0.2920896035366449,0.379368400323738,0.3285419961396171,c5,c234
13194,0.06967986940319705,0.38038552563476036,0.5499346049620426,c5,c5
11522,0.5585176136252585,0.2464179994147188,0.19506438696002254,c5,c1
12535,0.24648847061264084,0.386736433221677,0.36677509616568205,c234,c234
582,0.7245647261171029,0.1798516359679932,0.09558363791490404,c1,c1
11571,0.29155360176796297,0.3009410026696736,0.4075053955623633,c5,c5
8449,0.2422368276707056,0.37161477827158773,0.3861483940577067,c5,c5
10580,0.6675212646607669,0.2394111438438768,0.0930675914953563,c234,c1
16361,0.5564796585916844,0.2960113772983247,0.14750896410999098,c1,c1
7560,0.22653877473004788,0.4385549895733673,0.3349062356965847,c234,c234
11223,0.274726026244145,0.35215510107990566,0.3731188726759493,c5,c5
10249,0.23735632854591318,0.30391340951055434,0.45873026194353256,c1,c5
10374,0.47711296138165576,0.3321939010011688,0.1906931376171755,c234,c1
12671,0.42577879956877984,0.3214358610126328,0.2527853394185874,c234,c1
14367,0.1962871823217273,0.38933946852235335,0.41437334915591933,c234,c5
7817,0.14615574050969946,0.2840295455608458,0.5698147139294547,c5,c5
8724,0.16759791875011992,0.22133912859085947,0.6110629526590206,c5,c5
7606,0.4305521740866669,0.3709344524310153,0.19851337348231776,c1,c1
7483,0.5311786988100533,0.32697851991975013,0.14184278127019642,c5,c1
7283,0.3529054276064654,0.4260195666680149,0.2210750057255197,c234,c234
9692,0.2680236341093412,0.40482799967896543,0.32714836621169335,c1,c234
5234,0.3450087005448911,0.36584031311814474,0.28915098633696423,c5,c234
1381,0.24481348723904467,0.427493846685483,0.3276926660754723,c234,c234
13787,0.1474157886289308,0.4737933434642924,0.37879086790677663,c234,c234
4287,0.18439900314668792,0.2027101841448023,0.6128908127085098,c5,c5
12919,0.43909878593064466,0.343199458722244,0.21770175534711136,c1,c1
15372,0.09086390124317348,0.35233413716474055,0.5568019615920858,c234,c5
17891,0.34213322301526694,0.3667487786959032,0.2911179982888299,c5,c234
12597,0.5703465769153397,0.296432223136458,0.13322119994820225,c1,c1
19249,0.6986173101107914,0.18960767318936197,0.11177501669984657,c1,c1
17222,0.34455815163442866,0.2653265122289775,0.39011533613659377,c5,c5
5344,0.32445181401034945,0.2867727279847214,0.3887754580049292,c234,c5
13060,0.17788222284686467,0.3547005558097049,0.46741722134343033,c234,c5
15364,0.20164995941526903,0.3331393593469962,0.46521068123773474,c1,c5
5001,0.5038902207714975,0.39130961769935413,0.10480016152914846,c1,c1
306,0.3400818063065646,0.31584164727829295,0.3440765464151424,c234,c5
11038,0.3975827469446175,0.27902692978021804,0.32339032327516437,c234,c1
3391,0.1321697207373488,0.35735914930034324,0.5104711299623079,c5,c5
16594,0.5188514420081063,0.34539436302158644,0.13575419497030738,c234,c1
5398,0.287274663034614,0.495219817953455,0.217505519011931,c5,c234
13463,0.23317705600097108,0.3732196112809186,0.39360333271811043,c234,c5
10259,0.15309587035335132,0.3188317509294807,0.528072378717168,c234,c5
16494,0.2472920216084226,0.3703827908265012,0.38232518756507616,c1,c5
12984,0.21374637263064558,0.27452951797506076,0.5117241093942937,c5,c5
4313,0.1823304836597606,0.4170397972078323,0.400629719132407,c5,c234
6990,0.2857550975769987,0.4193772542571626,0.2948676481658387,c5,c234
12058,0.12429454740975499,0.308918427836356,0.5667870247538891,c234,c5
15750,0.06969466667956567,0.20252849225267439,0.7277768410677599,c5,c5
11637,0.4472623377372041,0.3551953403394239,0.19754232192337198,c234,c1
11682,0.26729630614098665,0.4050372731657039,0.3276664206933095,c234,c234
3463,0.1481201393095378,0.3018009733893977,0.5500788873010645,c234,c5
13195,0.3483341408557168,0.24942173899105216,0.40224412015323113,c234,c5
8360,0.4857127901400067,0.3169950252723961,0.19729218458759729,c1,c1
5114,0.44470636829631144,0.3579229065016355,0.19737072520205304,c5,c1
14579,0.2959698129881745,0.2795361073018992,0.42449407970992636,c5,c5
8337,0.5182904304584081,0.26151059590431674,0.22019897363727528,c1,c1
17521,0.3361966299556596,0.4277617555063003,0.23604161453804012,c5,c234
11440,0.33811406560788354,0.4795510978779752,0.18233483651414134,c234,c234
10881,0.3885764831623346,0.310276378557648,0.3011471382800174,c234,c1
6487,0.2402005120080004,0.38655765531467184,0.3732418326773278,c1,c234
2319,0.3265782307916025,0.40511143639790975,0.2683103328104878,c5,c234
2666,0.1328131565716836,0.32834315322877716,0.5388436901995391,c5,c5
9282,0.30477517828976153,0.34805257970146625,0.34717224200877234,c234,c234
1806,0.18192904323176912,0.4087500830037799,0.409320873764451,c5,c5
7863,0.3765668618706338,0.29334535881918666,0.3300877793101795,c234,c1
5628,0.3929224349053721,0.28963178309662335,0.3174457819980045,c5,c1
18153,0.34868262120953536,0.3332481242977218,0.3180692544927428,c234,c1
14897,0.203009412114386,0.2678348014933801,0.5291557863922337,c234,c5
8509,0.24364034471544618,0.338977675995603,0.4173819792889509,c5,c5
123,0.5671679585727665,0.3298701411347377,0.10296190029249579,c234,c1
2659,0.35760849673309997,0.3136686800141539,0.32872282325274615,c1,c1
9690,0.3500269625279569,0.28656766751031654,0.36340536996172657,c5,c5
19789,0.3968160732547311,0.30806276863475424,0.29512115811051465,c1,c1
5152,0.25968268679090856,0.41345539669627496,0.32686191651281654,c234,c234
4974,0.3757249683481455,0.33014104429508245,0.29413398735677193,c1,c1
8728,0.7693528027289723,0.1528422206039056,0.07780497666712208,c1,c1
7042,0.526606231642794,0.3200838478255818,0.15330992053162418,c1,c1
9375,0.13194677160705243,0.33521466932242383,0.5328385590705238,c234,c5
10513,0.2011814401245054,0.25934679759854123,0.5394717622769535,c234,c5
4360,0.23227488439713734,0.229734700539523,0.5379904150633398,c5,c5
14178,0.2275415421023384,0.539923996922312,0.2325344609753496,c234,c234
6978,0.569658310219675,0.22324502546019112,0.2070966643201341,c1,c1
5087,0.3408660916450413,0.39787996128779324,0.2612539470671655,c1,c234
15151,0.19525284242078364,0.25977789553982283,0.5449692620393936,c5,c5
13541,0.3820069856635677,0.47239510517169,0.1455979091647423,c5,c234
3643,0.3131953723328232,0.474099774988838,0.21270485267833877,c1,c234
14345,0.2732885765453343,0.2957278747145956,0.43098354874007005,c1,c5
2354,0.25014416620396673,0.3728515668867709,0.3770042669092624,c5,c5
4552,0.18406964087536148,0.4015338844226376,0.4143964747020009,c5,c5
18589,0.2899577803130629,0.37519292378568786,0.3348492959012491,c234,c234
19454,0.11949305678204966,0.30056161161576017,0.5799453316021902,c234,c5
16573,0.2419473232349854,0.43334154632477195,0.3247111304402426,c1,c234
15546,0.28971489274685414,0.2404048490235251,0.46988025822962076,c5,c5
7198,0.2861562434004677,0.33145943507680464,0.38238432152272767,c1,c5
6215,0.43909611929818304,0.32981186398174933,0.23109201672006763,c234,c1
19421,0.1342460537042434,0.36552712763739537,0.5002268186583613,c5,c5
16177,0.3739601065995386,0.32070999128669636,0.3053299021137651,c1,c1
15858,0.36676043127517727,0.22230710605952964,0.41093246266529315,c5,c5
13811,0.22986651049262535,0.41139437885107305,0.35873911065630154,c234,c234
11630,0.4575516049583285,0.26308411948324706,0.2793642755584245,c1,c1
6297,0.23173377272401946,0.32314880998298,0.4451174172930005,c5,c5
19165,0.16332442794134,0.443582321617545,0.393093250441115,c234,c234
5755,0.16788200056031413,0.4579100492057611,0.3742079502339248,c234,c234
17377,0.2341898764543986,0.28900405765773274,0.47680606588786867,c5,c5
329,0.36880057955046147,0.2293189382306841,0.4018804822188544,c5,c5
12791,0.4012252598494327,0.3393570068638082,0.2594177332867591,c1,c1
6247,0.16225042677562843,0.5082105787563164,0.32953899446805524,c5,c234
18864,0.6675212646607669,0.2394111438438768,0.0930675914953563,c234,c1
15585,0.3838453624136215,0.4190537480472852,0.19710088953909338,c1,c234
1827,0.18243126042190178,0.3049060980562988,0.5126626415217994,c234,c5
15196,0.2896842891963917,0.3296912422132117,0.3806244685903965,c234,c5
14874,0.13533840779835324,0.24229019294698323,0.6223713992546636,c5,c5
19619,0.2625105455139405,0.4203345491328612,0.31715490535319835,c1,c234
6516,0.37239568691729136,0.23515963206980034,0.39244468101290825,c5,c5
19754,0.2039062135860486,0.3467484605084502,0.4493453259055012,c5,c5
10672,0.4689219742036732,0.2861354491968267,0.24494257659950014,c5,c1
2868,0.5012184427226611,0.3530409660233761,0.14574059125396271,c234,c1
18224,0.3434140350367819,0.3996211773043007,0.25696478765891734,c234,c234
17790,0.1954201421277058,0.3868342143535185,0.41774564351877574,c1,c5
7968,0.2791332190010319,0.35942481542666926,0.36144196557229896,c5,c5
10763,0.43683289841684597,0.43782782795860353,0.12533927362455052,c234,c234
11147,0.2614060478924181,0.38891200079200294,0.349681951315579,c5,c234
15487,0.23925843110686645,0.44750261904409694,0.3132389498490366,c5,c234
5602,0.33514877813095556,0.3246658788438849,0.34018534302515946,c234,c5
10460,0.33444913847242014,0.3083398740948541,0.3572109874327258,c5,c5
12960,0.400161095207061,0.2687493233990244,0.3310895813939146,c1,c1
5736,0.33608657090958516,0.40699990570381506,0.2569135233865998,c1,c234
6640,0.3955993352324635,0.31138336658044485,0.29301729818709166,c234,c1
3075,0.44046354886337635,0.3831432823240246,0.17639316881259898,c1,c1
15451,0.23797945296553155,0.2143927709244779,0.5476277761099906,c5,c5
15808,0.1889541878557856,0.4024858122838557,0.4085599998603587,c5,c5
17102,0.13958310218583533,0.36198111661200555,0.49843578120215914,c234,c5
9347,0.36635508534181727,0.3288869113643281,0.30475800329385455,c5,c1
15383,0.1979610859510137,0.5291532324706401,0.27288568157834625,c1,c234
2178,0.43495963076313515,0.3100871432252061,0.2549532260116588,c1,c1
18836,0.3307540475388433,0.3113133183592959,0.3579326341018609,c1,c5
9042,0.4673655072490729,0.33212093254054054,0.20051356021038652,c1,c1
10540,0.22596146446369797,0.40232728835061293,0.3717112471856891,c5,c234
1875,0.13054105385962306,0.4861683916326398,0.38329055450773714,c234,c234
9322,0.20955959111257427,0.3138096220169142,0.4766307868705114,c5,c5
2403,0.20828781474235852,0.22161278284947133,0.5700994024081701,c5,c5
6530,0.2033841321798718,0.25037570009365384,0.5462401677264743,c1,c5
4819,0.38323262338214026,0.37831576415945223,0.23845161245840746,c5,c1
10446,0.5172464216870942,0.32016484301193043,0.16258873530097542,c1,c1
19667,0.41196207939760443,0.3247994017435646,0.26323851885883104,c234,c1
19693,0.41410879315475607,0.47432127815507263,0.1115699286901712,c1,c234
4138,0.27656482473759725,0.33615845094508384,0.38727672431731885,c1,c5
11118,0.35151098425112104,0.3949321963679791,0.2535568193808998,c234,c234
15379,0.15946843507514794,0.30782635707454037,0.5327052078503117,c5,c5
6462,0.5386189490396092,0.3043695543323137,0.1570114966280772,c234,c1
7023,0.2291086257967634,0.31647000237268297,0.4544213718305537,c5,c5
14899,0.3451678201200063,0.3375825129094925,0.3172496669705011,c234,c1
4646,0.2858939851012956,0.4943552962637147,0.21975071863498968,c234,c234
19168,0.2720307863743568,0.3150531652670933,0.41291604835854984,c234,c5
11175,0.47213612436019303,0.27791633624587214,0.24994753939393471,c1,c1
19655,0.3377833768581048,0.2711119148620028,0.39110470827989247,c5,c5
808,0.19947308703404493,0.36251326842215786,0.4380136445437972,c234,c5
3436,0.21799478783506737,0.3906581967614977,0.39134701540343486,c5,c5
9840,0.2984741764821256,0.34118265860353214,0.3603431649143424,c234,c5
14539,0.31189998350830417,0.4116558390141328,0.2764441774775631,c234,c234
19510,0.4824757547230855,0.23665433369405248,0.28086991158286195,c1,c1
266,0.11845593020888068,0.45657927447000357,0.42496479532111575,c234,c234
4146,0.3031633516037826,0.2951106978936845,0.401725950502533,c5,c5
9965,0.24918135119814772,0.4422339650472848,0.3085846837545675,c234,c234
18969,0.23841876317677596,0.36586321961369006,0.395718017209534,c234,c5
3778,0.09480511757518761,0.2998746507261548,0.6053202316986577,c5,c5
19204,0.27368994458848983,0.31381598898414975,0.4124940664273605,c1,c5
12268,0.45894090324119147,0.3627128711255502,0.17834622563325836,c234,c1
6061,0.2795116057726828,0.39471165415067083,0.32577674007664637,c5,c234
7965,0.16060568738620112,0.3302384697985811,0.5091558428152176,c5,c5
17553,0.13225055843850259,0.3070340308641284,0.560715410697369,c234,c5
5078,0.3203372831220953,0.43167811223711616,0.24798460464078861,c234,c234
1790,0.3923099497362278,0.3912769623504272,0.2164130879133451,c234,c1
1112,0.42782340683586534,0.3377855242501284,0.23439106891400624,c5,c1
9358,0.3634943067458929,0.4005296718320614,0.2359760214220457,c234,c234
19871,0.13622452459869502,0.19211937497063253,0.6716561004306725,c5,c5
13188,0.13918055211379832,0.2120452659694922,0.6487741819167097,c5,c5
10343,0.42914846697730313,0.38367920819515644,0.18717232482754048,c234,c1
18397,0.1160721222241489,0.319966958498099,0.5639609192777522,c5,c5
3642,0.4130743467490513,0.2030733132273561,0.3838523400235926,c5,c1
14394,0.16531211284577207,0.274260291172576,0.560427595981652,c1,c5
18099,0.40148969779391813,0.3561041611069463,0.24240614109913552,c234,c1
12392,0.2917285344482077,0.2609146350268095,0.44735683052498276,c5,c5
19927,0.30134285062347804,0.4028025440312485,0.29585460534527347,c1,c234
16724,0.2834512434900388,0.3601185415713398,0.3564302149386215,c234,c234
13040,0.2304290916003943,0.36310141998106543,0.40646948841854036,c5,c5
18962,0.27227559900948906,0.27954746269302777,0.44817693829748323,c5,c5
11317,0.26498626688137145,0.3361292310560221,0.3988845020626065,c5,c5
3767,0.17978070593492318,0.37697042194893793,0.44324887211613884,c1,c5
12223,0.3369869954008531,0.3266681191821799,0.33634488541696705,c5,c1
7336,0.13496925731162765,0.3540964435722744,0.510934299116098,c234,c5
6976,0.15957907023755524,0.3273306745101686,0.5130902552522763,c1,c5
11281,0.3226575632311401,0.4539078999226239,0.22343453684623596,c5,c234
13594,0.5076861879176398,0.26271474030745623,0.22959907177490396,c5,c1
17916,0.292575687704095,0.289834067279819,0.41759024501608605,c234,c5
10342,0.32455918611200907,0.3486047326964814,0.32683608119150953,c234,c234
4984,0.3269447035210048,0.27592679680050336,0.39712849967849195,c234,c5
17172,0.1412980782626728,0.28629740888546185,0.5724045128518653,c1,c5
11648,0.2602573455782592,0.28950740595432967,0.45023524846741114,c5,c5
3136,0.5834264350725789,0.32110452514950993,0.09546903977791119,c234,c1
17330,0.335552660643586,0.2627424009428151,0.4017049384135988,c234,c5
18827,0.3399255091202145,0.41934227653231415,0.24073221434747136,c234,c234
7299,0.38836510042051814,0.36992922801996925,0.24170567155951256,c1,c1
13243,0.5528830648355214,0.23035613120500634,0.21676080395947223,c1,c1
2981,0.19771884845977786,0.23894458072851793,0.5633365708117042,c1,c5
3472,0.2052161146261307,0.4361654468837453,0.358618438490124,c5,c234
2633,0.22088404261710276,0.34263411662134063,0.4364818407615566,c234,c5
7670,0.34481763433548906,0.40452635988820507,0.25065600577630587,c1,c234
19360,0.6286289753429231,0.31357047707510477,0.05780054758197217,c5,c1
12354,0.6287707134896724,0.2366237517780773,0.13460553473225037,c5,c1
18265,0.17220501907579194,0.25848880577436295,0.569306175149845,c234,c5
17405,0.413029243274583,0.3853000067960524,0.20167074992936457,c1,c1
10844,0.4985191930587499,0.3061730643058441,0.195307742635406,c234,c1
2013,0.18390246323870138,0.3411877622436113,0.4749097745176873,c5,c5
15705,0.3247001832584736,0.2820314684030222,0.39326834833850416,c5,c5
12483,0.2023731793844131,0.21128165177952685,0.5863451688360599,c5,c5
12229,0.4559489801599659,0.2607012454723179,0.28334977436771625,c5,c1
18539,0.3476976826157085,0.4417143751992979,0.2105879421849936,c5,c234
10237,0.28780099836081596,0.3111521222636679,0.4010468793755161,c5,c5
4935,0.37090427391945463,0.31963660646129016,0.30945911961925526,c5,c1
1929,0.3719403065420346,0.4671655707307381,0.16089412272722733,c234,c234
2065,0.24817402449736234,0.38019094797045927,0.37163502753217853,c234,c234
15806,0.5773103276440914,0.31632328908515556,0.10636638327075298,c1,c1
871,0.08309347812942118,0.3602159819170333,0.5566905399535456,c5,c5
18114,0.298061732764711,0.40467786720416515,0.297260400031124,c5,c234
18794,0.16339931544041347,0.18954180447505448,0.647058880084532,c1,c5
2144,0.4149849682065055,0.376186248854269,0.20882878293922552,c1,c1
558,0.3385531203140789,0.27584950792789,0.3855973717580311,c5,c5
4932,0.286424694894326,0.3218975487799189,0.3916777563257551,c5,c5
7016,0.4651173981299694,0.3306825119569599,0.20420008991307065,c234,c1
14025,0.3383723013446893,0.21902773700821782,0.44259996164709287,c5,c5
14060,0.5714837204735316,0.2717710334661493,0.1567452460603191,c1,c1
4316,0.43887470876769913,0.35961575210142555,0.20150953913087521,c1,c1
9981,0.34483584777453513,0.23790601284178964,0.4172581393836752,c1,c5
5436,0.2273065082664114,0.3828981815902137,0.389795310143375,c234,c5
16491,0.4261308633172697,0.3526698963383853,0.2211992403443451,c1,c1
4848,0.36401757951721725,0.3961430173261908,0.23983940315659188,c1,c234
12218,0.278509711135814,0.3949074360727799,0.32658285279140614,c234,c234
5680,0.2646098441457706,0.3627098067354635,0.37268034911876596,c5,c5
9020,0.1907859091893876,0.32322307129529226,0.48599101951532014,c1,c5
18556,0.11861393585839655,0.38603225691778675,0.4953538072238167,c1,c5
10660,0.5646586733095866,0.31757473694084143,0.11776658974957206,c1,c1
1092,0.1764273581086081,0.3273396401842226,0.49623300170716933,c234,c5
17104,0.4478741301041147,0.32973069247386305,0.22239517742202225,c234,c1
10642,0.41772043781972384,0.36618780926813166,0.2160917529121445,c1,c1
18606,0.45559283135484885,0.24879629142018053,0.29561087722497065,c234,c1
10239,0.3179856087061893,0.3978728230623575,0.2841415682314531,c234,c234
2281,0.41712713961328046,0.37852154100338975,0.2043513193833298,c1,c1
920,0.4554125396457976,0.38393547870464756,0.1606519816495549,c234,c1
7012,0.20822755409653548,0.39178336961393756,0.39998907628952696,c5,c5
18433,0.35258059722166324,0.32687705167240005,0.32054235110593676,c1,c1
5651,0.23203767102593115,0.3131973619751427,0.4547649669989262,c1,c5
10358,0.19213217547600703,0.5111832925867305,0.2966845319372625,c234,c234
16033,0.27017274052989787,0.2439373094385723,0.4858899500315298,c5,c5
2424,0.24835473644847358,0.35557234853530784,0.39607291501621855,c5,c5
11486,0.12859492866754924,0.424867567894064,0.44653750343838683,c1,c5
19862,0.17898609023590734,0.3801656436320234,0.44084826613206934,c234,c5
18384,0.33380578793438864,0.2843960297935792,0.3817981822720321,c1,c5
10820,0.48795765737215524,0.3215163247772031,0.19052601785064166,c1,c1
9754,0.41772043781972384,0.36618780926813166,0.2160917529121445,c1,c1
15586,0.22265207053762787,0.32917157235444194,0.4481763571079302,c1,c5
9306,0.3741547271099432,0.3282330444075699,0.297612228482487,c5,c1
15482,0.27927119100332704,0.43337040628520385,0.2873584027114691,c5,c234
16283,0.252484412960182,0.3586968841337669,0.3888187029060512,c5,c5
13530,0.2376713575342167,0.25129516886970904,0.5110334735960742,c5,c5
10279,0.17483724884863217,0.29816426960258774,0.52699848154878,c5,c5
7059,0.19108758243310617,0.2851069518287055,0.5238054657381884,c234,c5
2706,0.17112082158104813,0.379769472992911,0.4491097054260408,c234,c5
18872,0.4091831946447087,0.42570876353985837,0.16510804181543295,c234,c234
6037,0.14485145846834174,0.23316734275297218,0.6219811987786861,c5,c5
15643,0.2110368335739234,0.262181227798907,0.5267819386271696,c5,c5
16032,0.13590131493455318,0.33604880290489925,0.5280498821605475,c5,c5
544,0.18080408510860024,0.4912655037803707,0.32793041111102905,c234,c234
8859,0.16541024533098478,0.26786677814854887,0.5667229765204664,c5,c5
10657,0.1946831814359943,0.21999237454334547,0.5853244440206603,c5,c5
8559,0.14286028577459703,0.5111099751688394,0.34602973905656353,c5,c234
8381,0.0920812708148477,0.35188633996107616,0.5560323892240762,c5,c5
6527,0.41772043781972384,0.36618780926813166,0.2160917529121445,c1,c1
15647,0.5378776349937854,0.2981375356730407,0.16398482933317393,c1,c1
9547,0.23872831940928707,0.4187404607443902,0.34253121984632273,c234,c234
5630,0.2954317885342795,0.30719656948393537,0.39737164198178515,c5,c5
5210,0.30656232075986783,0.33940257574984134,0.35403510349029077,c1,c5
11490,0.32041756514569264,0.34185742069573266,0.3377250141585747,c1,c234
1720,0.19252556482182354,0.3186684020658237,0.4888060331123528,c1,c5
16260,0.3268215459695301,0.3855099428474903,0.2876685111829797,c234,c234
1748,0.36421550743174,0.46248761647440306,0.1732968760938569,c234,c234
8160,0.26083212975940884,0.20458144925684713,0.5345864209837441,c5,c5
268,0.2176613348707431,0.34978650892313434,0.43255215620612253,c5,c5
19136,0.2795179931180961,0.2957195148176066,0.4247624920642973,c1,c5
2010,0.14357665933166303,0.26275403401652164,0.5936693066518153,c234,c5
9379,0.13718829423757728,0.2720899372044053,0.5907217685580175,c234,c5
15595,0.5329682799850589,0.3411317840153312,0.12589993599960977,c5,c1
1100,0.31917233708102816,0.4019642390315855,0.2788634238873862,c234,c234
261,0.14045629963929088,0.3458010663269272,0.513742634033782,c1,c5
11799,0.11360693495298316,0.28682065150263425,0.5995724135443825,c5,c5
10579,0.12474636696341963,0.3748610618665089,0.5003925711700714,c1,c5
9092,0.5679393218753102,0.25117249285386034,0.18088818527082948,c234,c1
9582,0.35104603343047225,0.39285713359299523,0.2560968329765325,c234,c234
4674,0.16939491959326933,0.4339349826244773,0.3966700977822535,c234,c234
15407,0.2275486653080844,0.35744484724255987,0.41500648744935564,c5,c5
1041,0.13853547779266376,0.27911011912961337,0.5823544030777228,c5,c5
18189,0.3039949667145205,0.29251889802653197,0.4034861352589475,c234,c5
13029,0.32059896703081686,0.412743423394305,0.26665760957487816,c1,c234
1989,0.2920896035366449,0.379368400323738,0.3285419961396171,c1,c234
3270,0.22496523779121894,0.31783059749538123,0.45720416471339986,c5,c5
6211,0.5746392687361208,0.30789608131297735,0.11746464995090186,c1,c1
15325,0.5164259320534564,0.3426235146030551,0.14095055334348838,c234,c1
18279,0.5841060681724034,0.3070577461585679,0.10883618566902875,c234,c1
13876,0.6165523675020955,0.19655232788314875,0.18689530461475568,c1,c1
13950,0.36211516764568735,0.39589116013041536,0.24199367222389734,c5,c234
6078,0.3339096299279741,0.40355949793096324,0.2625308721410625,c5,c234
18349,0.12773947504605848,0.3541385797202235,0.518121945233718,c5,c5
2542,0.31660138933728765,0.31466459421194226,0.36873401645077014,c1,c5
295,0.2058174434829223,0.37381468736630286,0.4203678691507748,c1,c5
18747,0.3707605963524893,0.35259335611009035,0.2766460475374204,c234,c1
5938,0.34686466354784357,0.3083336933481838,0.3448016431039726,c1,c1
8397,0.41260076249229616,0.3792241132383796,0.20817512426932422,c234,c1
18009,0.19638613755529127,0.3796011558175453,0.4240127066271634,c5,c5
15967,0.6214455568266122,0.2583066596487755,0.1202477835246124,c1,c1
8165,0.2937844573073084,0.27787046667925186,0.42834507601343974,c5,c5
17996,0.5204055303311186,0.25598581987298524,0.22360864979589615,c1,c1
19626,0.1905132232789236,0.35600288067403923,0.4534838960470372,c1,c5
8623,0.08941050114803825,0.2692489577047971,0.6413405411471647,c5,c5
6183,0.23190654619370948,0.3583713866897984,0.4097220671164921,c5,c5
1900,0.238571578596535,0.3585272872185364,0.40290113418492873,c234,c5
6503,0.10307024694127793,0.3140322933996974,0.5828974596590247,c5,c5
19009,0.12015096391273708,0.3763848218165763,0.5034642142706867,c234,c5
10254,0.1044921906419509,0.3055327004433115,0.5899751089147376,c5,c5
11252,0.1533900098604814,0.35576417769650653,0.49084581244301206,c234,c5
1981,0.19592073417821207,0.4041691762499891,0.3999100895717988,c1,c234
443,0.30827817723661205,0.3666220393119823,0.3250997834514056,c234,c234
8188,0.7050010086121545,0.22493222378564806,0.07006676760219747,c1,c1
640,0.22879260684740527,0.3737860958577583,0.39742129729483644,c5,c5
10375,0.08007777150418627,0.19283281483241693,0.7270894136633969,c5,c5
15362,0.1370955233837205,0.2306750328227712,0.6322294437935083,c234,c5
10088,0.24110638747291974,0.3630276604683736,0.39586595205870667,c234,c5
226,0.3203256132352301,0.3018117542527864,0.3778626325119835,c234,c5
8660,0.35435399098496473,0.26798197503760357,0.37766403397743165,c234,c5
19265,0.18648280957705268,0.3979753861778387,0.4155418042451087,c234,c5
19345,0.1638935653001349,0.30724917789273254,0.5288572568071326,c5,c5
13941,0.3107649790098481,0.3230781168720275,0.3661569041181244,c234,c5
12842,0.3374434259017548,0.37524110096204943,0.2873154731361957,c234,c234
1190,0.4433143398477365,0.38452135236641777,0.17216430778584568,c234,c1
3459,0.23536084187328932,0.3513740339326292,0.4132651241940815,c234,c5
13313,0.2892330178597387,0.3689601054463621,0.3418068766938992,c5,c234
4808,0.25158559977098954,0.2891416890933925,0.45927271113561796,c1,c5
627,0.5854743755381331,0.272827368497323,0.14169825596454397,c234,c1
10144,0.4603201891912905,0.3055531995539807,0.2341266112547288,c234,c1
2898,0.2683785830809008,0.4840440675371977,0.2475773493819014,c5,c234
8132,0.28294634543636726,0.30705944575114,0.4099942088124927,c234,c5
18098,0.2948710881628965,0.358449481006968,0.34667943083013564,c1,c234
5290,0.28731324536551217,0.3012753679275889,0.411411386706899,c234,c5
602,0.3032060763649649,0.40357873416446727,0.2932151894705679,c5,c234
14702,0.49141803501342185,0.216363663584228,0.2922183014023501,c234,c1
10866,0.47110470558563106,0.34675855388149657,0.18213674053287243,c1,c1
9393,0.21574602265707932,0.3986767593695328,0.38557721797338784,c1,c234
2744,0.29988540629550914,0.36851965464738684,0.3315949390571039,c5,c234
11525,0.1694394081433396,0.36765091638487835,0.462909675471782,c5,c5
13236,0.2609643305114965,0.35336549903324654,0.38567017045525703,c234,c5
4774,0.22240457938511407,0.30086128632918063,0.4767341342857053,c5,c5
17911,0.42316152611213037,0.36926241403978954,0.20757605984808017,c1,c1
16580,0.18390246323870138,0.3411877622436113,0.4749097745176873,c234,c5
17896,0.5106358162473383,0.35195567440166386,0.13740850935099774,c1,c1
9842,0.20524885349985142,0.35314859252501324,0.4416025539751353,c234,c5
19042,0.21152177632797903,0.3379842073562785,0.4504940163157425,c234,c5
14765,0.5450107502735191,0.30768333928030767,0.14730591044617328,c1,c1
2053,0.12291127493718305,0.3444805049356863,0.5326082201271305,c5,c5
14015,0.1788786637317087,0.32477730632092705,0.49634402994736426,c234,c5
8533,0.2094004894463025,0.31930458161293757,0.47129492894076,c234,c5
4338,0.46489561142971175,0.3426172065809738,0.1924871819893144,c5,c1
5829,0.17408563650321487,0.15572627281242468,0.6701880906843605,c5,c5
17025,0.408953763726685,0.3593606640312487,0.23168557224206618,c1,c1
3737,0.5637856775498699,0.32499697409770095,0.11121734835242922,c1,c1
3026,0.3194163785371977,0.2821315416094139,0.3984520798533885,c5,c5
4262,0.25102020627230226,0.5399380992281245,0.20904169449957313,c234,c234
6706,0.3363137884953428,0.3890165561862895,0.27466965531836773,c5,c234
10188,0.2905752587648038,0.3711515364704931,0.33827320476470313,c1,c234
13141,0.5783540541281862,0.309000370261829,0.11264557560998475,c1,c1
7546,0.5773103276440914,0.31632328908515556,0.10636638327075298,c234,c1
18399,0.3738881358913269,0.3298052731114295,0.29630659099724355,c1,c1
372,0.3221084202543472,0.47239136002428805,0.20550021972136473,c234,c234
17186,0.34481763433548906,0.40452635988820507,0.25065600577630587,c5,c234
19992,0.4412531553168531,0.37199965733034435,0.18674718735280252,c5,c1
3947,0.2661071096233164,0.40334246840841337,0.3305504219682702,c5,c234
5928,0.3346835835044569,0.31466857704117024,0.3506478394543729,c1,c5
5222,0.20265919888524944,0.28294628365469643,0.5143945174600543,c5,c5
5270,0.2882590302694775,0.4980580624697697,0.2136829072607528,c5,c234
3207,0.25344479605599657,0.29319017600840497,0.4533650279355984,c5,c5
3481,0.21887584028234414,0.28963948748514196,0.4914846722325139,c5,c5
17679,0.40329381884342863,0.4157621115232259,0.1809440696333454,c234,c234
12520,0.4588214540864911,0.30174838074207194,0.23943016517143692,c1,c1
1458,0.530870967082214,0.23595002827861475,0.23317900463917116,c234,c1
12334,0.24056791137255398,0.26359639244513017,0.49583569618231593,c5,c5
11153,0.25592226311083693,0.3224028764019354,0.42167486048722774,c1,c5
13770,0.27327711262132687,0.45500361465562306,0.27171927272305013,c234,c234
17487,0.3952513303940207,0.24293419193664206,0.36181447766933716,c1,c1
8054,0.19315863754919085,0.4351004034321364,0.37174095901867277,c234,c234
9630,0.5967866010383036,0.3095735686180614,0.09363983034363503,c234,c1
5903,0.2402203767447102,0.24299286810818596,0.5167867551471037,c5,c5
8814,0.2741287648941647,0.33534291560160445,0.3905283195042307,c1,c5
15594,0.3168141014626281,0.5020666334743373,0.18111926506303466,c234,c234
8507,0.42968894827478,0.33557546244819253,0.23473558927702753,c5,c1
17356,0.24348393371183374,0.3090100817676415,0.4475059845205248,c234,c5
13909,0.3387824826284257,0.3739466561072428,0.28727086126433143,c234,c234
14448,0.352884310581396,0.46055099005250666,0.18656469936609732,c1,c234
7568,0.30262207548819964,0.3332019557365526,0.3641759687752478,c234,c5
16897,0.07486854301857755,0.23789823827397516,0.6872332187074474,c5,c5
10161,0.3321858201471286,0.26397452484043676,0.40383965501243474,c234,c5
2091,0.1875503423845416,0.30463850902439404,0.5078111485910644,c234,c5
2672,0.06862665945030343,0.36933901490568977,0.5620343256440068,c5,c5
15645,0.23536157481790249,0.3682964651023407,0.39634196007975675,c5,c5
4307,0.181591761034263,0.31554851437045867,0.5028597245952784,c5,c5
5724,0.2965307292350959,0.4423230462345103,0.2611462245303938,c1,c234
14426,0.20217118870118597,0.33270617488495063,0.4651226364138633,c1,c5
4976,0.3583834326743454,0.350855633262106,0.2907609340635486,c5,c1
14815,0.42810235648511963,0.3036143972323766,0.26828324628250383,c1,c1
4388,0.2828052758655202,0.38256766877196907,0.3346270553625107,c5,c234
11213,0.4558946474806234,0.35717072782030923,0.1869346246990673,c234,c1
7522,0.2709996217044415,0.29384965374473443,0.4351507245508241,c234,c5
4721,0.477528423325743,0.3139253501377751,0.20854622653648186,c234,c1
15111,0.5761516919329184,0.25942726858579884,0.16442103948128278,c1,c1
347,0.2248067435041572,0.2616467379040534,0.5135465185917895,c5,c5
1169,0.30670732369595655,0.3514901175791883,0.34180255872485515,c5,c234
18425,0.389869622704612,0.36882753164531373,0.24130284565007418,c5,c1
4669,0.43888481659774436,0.28451352861648765,0.276601654785768,c1,c1
807,0.07020587163506294,0.35482284094702565,0.5749712874179114,c5,c5
6868,0.13181790026290893,0.387983309963004,0.48019878977408703,c234,c5
18437,0.31198602800862185,0.3974234609755737,0.29059051101580435,c234,c234
6235,0.3377274055698313,0.3468047853554076,0.31546780907476124,c234,c234
10953,0.22872396531068614,0.3452812843399627,0.4259947503493512,c1,c5
19457,0.26316674964935033,0.3188054900632971,0.41802776028735256,c1,c5
17800,0.2772348884804372,0.357712140703615,0.3650529708159477,c234,c5
11199,0.35828887476523896,0.3487033702039312,0.2930077550308298,c1,c1
10173,0.2815154981403314,0.30984653145437074,0.40863797040529776,c1,c5
17502,0.42327409201015576,0.3704657282083586,0.20626017978148575,c1,c1
6939,0.4605329583289633,0.3849672553652514,0.15449978630578534,c234,c1
12798,0.41772043781972384,0.36618780926813166,0.2160917529121445,c1,c1
18744,0.36009234419293007,0.3667483182700585,0.2731593375370115,c234,c234
434,0.17501618713964337,0.3172784509258901,0.5077053619344665,c5,c5
6817,0.26626400872817074,0.3402783406251816,0.39345765064664767,c234,c5
9565,0.1458529515305073,0.39209669771828637,0.46205035075120626,c5,c5
14599,0.3900118394224487,0.35913870505035317,0.25084945552719795,c234,c1
3141,0.2852589672927953,0.3678171160041542,0.3469239167030505,c234,c234
7844,0.3897148503958817,0.4105721065121676,0.1997130430919507,c1,c234
3914,0.11831262821001735,0.31077847709178574,0.570908894698197,c5,c5
12794,0.20858319679066462,0.2707674319112504,0.5206493712980851,c5,c5
18896,0.3360987680340913,0.2963638349929373,0.3675373969729714,c1,c5
9458,0.15543943525495157,0.37342798247787445,0.4711325822671739,c234,c5
10861,0.38072314864724277,0.30185610337662283,0.31742074797613445,c5,c1
5008,0.1747858234173842,0.34760231254505985,0.4776118640375559,c234,c5
13918,0.6285881666929225,0.23212590652316792,0.1392859267839096,c1,c1
5147,0.5595627506738544,0.2825836797705954,0.15785356955555024,c234,c1
3219,0.29705465104927165,0.32139942940298544,0.381545919547743,c234,c5
11554,0.2698796915946597,0.39364168321293197,0.33647862519240845,c234,c234
7018,0.3169733069888597,0.3070390122284658,0.3759876807826746,c1,c5
6924,0.27399685550432606,0.43819622917733964,0.28780691531833424,c5,c234
10782,0.25164795703777054,0.35906162250044094,0.3892904204617885,c234,c5
7754,0.1780600065587033,0.3403520685523533,0.4815879248889434,c1,c5
19763,0.19550142697623013,0.4742242440446606,0.3302743289791092,c1,c234
7843,0.318773252297457,0.32974075250402307,0.35148599519851986,c234,c5
18888,0.32997779296712076,0.27465264063919115,0.3953695663936881,c234,c5
5390,0.2792906973758741,0.3605590388592856,0.3601502637648403,c5,c234
12128,0.2647364626375072,0.27188208515391016,0.4633814522085825,c234,c5
4657,0.3734197029195959,0.42801277738871224,0.19856751969169184,c234,c234
11298,0.27396288016379533,0.37876524186976257,0.3472718779664422,c1,c234
16787,0.36925738823466353,0.29386398949562603,0.33687862226971044,c234,c1
15558,0.47741740371714,0.3612414763088975,0.16134111997396255,c1,c1
3677,0.4724503488787132,0.2995024984247593,0.2280471526965276,c1,c1
6895,0.3935233589660103,0.3380389843211395,0.26843765671285025,c1,c1
15406,0.34327115049454393,0.2515844105803794,0.4051444389250767,c1,c5
19282,0.601705310539779,0.22296402304522153,0.17533066641499945,c1,c1
19697,0.41772043781972384,0.36618780926813166,0.2160917529121445,c234,c1
16271,0.3131949582710064,0.36243385560992714,0.3243711861190665,c5,c234
16555,0.6391080572629375,0.18091540934684192,0.17997653339022066,c1,c1
10284,0.3801975064847502,0.38316653557422337,0.23663595794102635,c1,c234
18168,0.319142831856998,0.27458823860155335,0.40626892954144855,c1,c5
9898,0.28441776927654844,0.3235180920979302,0.3920641386255214,c234,c5
12191,0.47472689105710514,0.3878519611885184,0.13742114775437644,c234,c1
9003,0.3023082096340013,0.32870800607132633,0.36898378429467227,c1,c5
9063,0.5868178190197375,0.26292572913644907,0.1502564518438135,c1,c1
888,0.4488744917937243,0.3307115204845587,0.220413987721717,c1,c1
17769,0.17226803087843287,0.4231804234692086,0.4045515456523586,c234,c234
17376,0.34317197188964604,0.40030839647527416,0.25651963163507985,c234,c234
7301,0.12394609768488847,0.4362378312329268,0.43981607108218473,c1,c5
14516,0.1278453535788941,0.29440318937197807,0.5777514570491278,c5,c5
1301,0.15411978049235264,0.47432593751292523,0.3715542819947222,c5,c234
5010,0.20170592318896013,0.31854385678566316,0.4797502200253767,c234,c5
2318,0.4310467252472924,0.38715765331753405,0.1817956214351736,c1,c1
19408,0.38597815330189295,0.36944186411198604,0.24457998258612107,c1,c1
18135,0.36779427406396037,0.3236543490790787,0.30855137685696093,c1,c1
17909,0.590410197007288,0.25953657407646086,0.150053228916251,c234,c1
15798,0.20966367230536748,0.2576409012020515,0.532695426492581,c5,c5
13721,0.36287455836283344,0.47810989585689956,0.15901554578026703,c1,c234
5771,0.2315473131281141,0.4288060435310227,0.33964664334086325,c1,c234
5671,0.29424647227345135,0.3159834494399308,0.3897700782866179,c1,c5
15561,0.2332626530041228,0.3519920574844928,0.4147452895113844,c234,c5
17273,0.7691951297609892,0.15655460965925003,0.07425026057976067,c1,c1
16460,0.3863321083091419,0.38457371364885634,0.22909417804200186,c1,c1
11994,0.5839322067326952,0.2953373297726409,0.1207304634946638,c234,c1
9617,0.6675212646607669,0.2394111438438768,0.0930675914953563,c234,c1
4181,0.3133041574374441,0.42448366490704137,0.26221217765551447,c234,c234
12721,0.2989106246756792,0.40592817112080154,0.2951612042035193,c5,c234
10090,0.1657090598946851,0.35953363944317707,0.4747573006621379,c234,c5
6136,0.24657993965861613,0.33669529528825015,0.4167247650531337,c5,c5
4653,0.4001067280195117,0.3503735402514247,0.24951973172906355,c1,c1
13071,0.2718594860383744,0.5184731226880046,0.20966739127362102,c234,c234
17387,0.5296056581736077,0.2519605477845451,0.21843379404184726,c234,c1
10988,0.2299415890859345,0.3685530096861892,0.40150540122787637,c5,c5
15403,0.3047135768482718,0.34752738047867265,0.3477590426730556,c5,c5
17883,0.20319536242644323,0.2966522363911493,0.5001524011824074,c5,c5
18697,0.18751112379922424,0.28294280728736737,0.5295460689134085,c234,c5
7117,0.6214455568266122,0.2583066596487755,0.1202477835246124,c234,c1
15050,0.6942626167456807,0.19368435201020318,0.11205303124411621,c1,c1
149,0.2936127634940635,0.3507274806082154,0.35565975589772114,c234,c5
1642,0.4093538439113965,0.32305908600639677,0.2675870700822067,c234,c1
8433,0.1850667856679975,0.4067036928155857,0.4082295215164168,c234,c5
6921,0.46779880343883906,0.37409967149304596,0.1581015250681149,c234,c1
5019,0.22008916971843995,0.33105166699792293,0.4488591632836371,c5,c5
7678,0.21881376990450868,0.39007719256036666,0.39110903753512466,c234,c5
6450,0.37424666159018155,0.45433617123330794,0.1714171671765105,c1,c234
6444,0.24683291491839077,0.2555769943740926,0.49759009070751664,c1,c5
15722,0.2791415586307523,0.3400507359263517,0.3808077054428961,c5,c5
15135,0.30807375082238486,0.3751697188490158,0.3167565303285994,c5,c234
11541,0.4079428863273244,0.28408322024367305,0.3079738934290026,c234,c1
8453,0.3374344298966759,0.39189274920603745,0.2706728208972866,c234,c234
16929,0.2647672220462764,0.24581825702788418,0.4894145209258395,c234,c5
18682,0.28605041616220384,0.2734345075366994,0.4405150763010967,c234,c5
12263,0.3038407991923143,0.41259621835279914,0.28356298245488654,c234,c234
9727,0.3214088770910156,0.3391817849043213,0.33940933800466305,c5,c5
11543,0.16059828411963034,0.29237904191363034,0.5470226739667393,c5,c5
18867,0.2820273361400087,0.34659893622800775,0.37137372763198356,c1,c5
3598,0.27397071195794603,0.3364203736599226,0.3896089143821314,c1,c5
3154,0.4827397234945484,0.3682864552281876,0.14897382127726394,c1,c1
12207,0.3586990699421432,0.37228009683787316,0.26902083321998366,c5,c234
15094,0.6497627656604286,0.23943515324124287,0.1108020810983287,c234,c1
18771,0.3830191176526295,0.2808385807327055,0.3361423016146651,c1,c1
12576,0.22455981764860722,0.4635199301852196,0.3119202521661732,c5,c234
2416,0.639570092558923,0.2407215609899306,0.1197083464511463,c1,c1
2650,0.309958813815372,0.2697510009335424,0.42029018525108564,c234,c5
16785,0.13282189840361475,0.20172435952357284,0.6654537420728125,c5,c5
4682,0.4170134780882232,0.36337074652080364,0.21961577539097316,c5,c1
16095,0.21526236229514778,0.538150023046889,0.24658761465796325,c234,c234
8121,0.2805178684984635,0.3849897684170993,0.33449236308443714,c234,c234
12410,0.17060282001760174,0.23155055780111172,0.5978466221812865,c234,c5
19978,0.2615064563730771,0.23149749913077694,0.5069960444961459,c5,c5
13462,0.4279706531861424,0.31762069482056254,0.254408651993295,c234,c1
7275,0.3656853699640664,0.4154264291005312,0.21888820093540234,c234,c234
18695,0.31241152226496427,0.4224280402471415,0.26516043748789425,c5,c234
11924,0.15883336982988766,0.32449713077191306,0.5166694993981993,c234,c5
3052,0.6214455568266122,0.2583066596487755,0.1202477835246124,c1,c1
18017,0.211106778478376,0.22785432177595982,0.5610388997456642,c5,c5
3496,0.24605532719637907,0.3756802219473557,0.37826445085626526,c234,c5
16352,0.21154673933651885,0.39120205541326747,0.39725120525021373,c5,c5
12864,0.40478354915411574,0.35796719967051505,0.23724925117536916,c5,c1
1036,0.17914950698668344,0.41078340369625704,0.41006708931705954,c5,c234
15597,0.16019415838916118,0.3282146654823264,0.5115911761285125,c5,c5
566,0.3904786715574264,0.34938135059537145,0.2601399778472021,c234,c1
490,0.30009167376358153,0.2664610479293977,0.43344727830702084,c5,c5
10341,0.40701011144895716,0.3734963681796525,0.21949352037139036,c234,c1
2858,0.27620767560830217,0.2610894575728234,0.46270286681887446,c234,c5
1550,0.23355330743130462,0.3902411929296322,0.37620549963906313,c234,c234
18118,0.28818918666868,0.2964749603397158,0.41533585299160414,c234,c5
11978,0.16385806623444316,0.3993614990068305,0.43678043475872624,c5,c5
5918,0.20080680892616298,0.31623822906989096,0.48295496200394605,c234,c5
9891,0.32791251644922853,0.40335341718911916,0.26873406636165237,c234,c234
10589,0.4111707465660707,0.36769090001479976,0.2211383534191294,c234,c1
219,0.18901288731148178,0.3262650891438784,0.48472202354463984,c234,c5
55,0.40756331760126796,0.37678288426529283,0.21565379813343907,c1,c1
13703,0.24092040517566476,0.39584251330280606,0.3632370815215291,c1,c234
11808,0.24981887706526779,0.3042216276123971,0.44595949532233503,c5,c5
17282,0.37787210226589407,0.2609919871014595,0.36113591063264644,c5,c1
13043,0.4689388978598834,0.37707850183702424,0.15398260030309244,c1,c1
4535,0.5313768947136845,0.24250266522824263,0.22612044005807289,c234,c1
7174,0.5964883386981688,0.2777038427855848,0.12580781851624642,c234,c1
13932,0.49831335781961456,0.28033974520215843,0.22134689697822701,c1,c1
1201,0.23329105343194545,0.326356414021585,0.44035253254646944,c234,c5
6938,0.1616337521656707,0.33823087783815076,0.5001353699961786,c5,c5
7110,0.36016120081748043,0.39602464388478775,0.24381415529773184,c234,c234
17685,0.2619345256740935,0.3082947443295204,0.4297707299963861,c234,c5
11517,0.3838457803209978,0.37339542627772476,0.24275879340127746,c1,c1
11989,0.17226299937797848,0.3773013453848292,0.45043565523719237,c1,c5
3011,0.3487194155003689,0.3264819869112916,0.32479859758833945,c234,c1
17006,0.20528053021552206,0.4146225453764344,0.3800969244080436,c5,c234
19803,0.39268960669910413,0.3990317544771466,0.20827863882374928,c5,c234
3001,0.2515464017828851,0.4653352568533607,0.2831183413637542,c234,c234
1196,0.4223605177231611,0.29238553560636776,0.2852539466704712,c5,c1
8493,0.15240305117478253,0.37396062283577836,0.4736363259894391,c5,c5
4635,0.4878281988160699,0.3644350751044817,0.1477367260794483,c234,c1
18267,0.3997717242762836,0.25119603151291414,0.34903224421080237,c234,c1
5264,0.18504853618044367,0.38295582403049455,0.43199563978906175,c5,c5
14578,0.30000516804914346,0.36918405272474863,0.330810779226108,c1,c234
7046,0.27445693312032127,0.33850369432685745,0.38703937255282134,c234,c5
2600,0.5300281513005954,0.3417449076696348,0.12822694102976984,c234,c1
12458,0.20731897459012777,0.4144605529661837,0.3782204724436884,c5,c234
9091,0.21837279072369875,0.42677134272364403,0.3548558665526572,c234,c234
3184,0.5460537311461459,0.3201667432085422,0.13377952564531204,c234,c1
1037,0.4021670886449497,0.4312933619028335,0.16653954945221683,c234,c234
6356,0.2876491923482916,0.25235396179937963,0.45999684585232864,c5,c5
4972,0.3009380760723637,0.3939208048028839,0.30514111912475234,c1,c234
3957,0.488426399416458,0.3324982025631957,0.1790753980203464,c1,c1
19091,0.31068094102085403,0.39610495936675805,0.29321409961238787,c5,c234
8020,0.36336111990204545,0.3766618663610197,0.25997701373693477,c1,c234
107,0.5209361612816237,0.25514843525755393,0.22391540346082234,c234,c1
6857,0.24796308319758795,0.3137766495892193,0.4382602672131927,c5,c5
16967,0.11427598405503119,0.3820256290464317,0.5036983868985371,c234,c5
3315,0.1782604183698034,0.4868749156693152,0.3348646659608813,c5,c234
17179,0.26025136005328414,0.5657763203624044,0.17397231958431153,c234,c234
17037,0.43574070547213795,0.4301513770795376,0.13410791744832434,c1,c1
12645,0.41772043781972384,0.36618780926813166,0.2160917529121445,c5,c1
234,0.37235284429847815,0.3816819284595826,0.2459652272419393,c234,c234
6307,0.34532698527794636,0.28552216995998336,0.36915084476207033,c1,c5
3027,0.3166407910293011,0.5294061786721704,0.15395303029852853,c234,c234
16859,0.33676495399033246,0.2991040648235995,0.364130981186068,c5,c5
13450,0.3724953726337225,0.4343511124728163,0.1931535148934611,c5,c234
12403,0.25092892179922976,0.4586472505987563,0.29042382760201396,c1,c234
12059,0.5208404540113631,0.3514462427602944,0.12771330322834246,c5,c1
11409,0.32929122294431357,0.39951517713703233,0.2711935999186542,c234,c234
127,0.2480709162669718,0.3689616440032234,0.38296743972980485,c5,c5
19263,0.06719805116193281,0.27352944272423657,0.6592725061138307,c234,c5
7120,0.48815267612391366,0.37155910361430877,0.14028822026177756,c1,c1
5682,0.2820273361400087,0.34659893622800775,0.37137372763198356,c1,c5
285,0.3703539395732337,0.2787549757202714,0.350891084706495,c5,c1
18579,0.1538652580705785,0.26747276417113713,0.5786619777582843,c5,c5
17401,0.2544261065293346,0.36308843961929116,0.3824854538513743,c1,c5
19137,0.20065822054766724,0.3665880332218684,0.43275374623046436,c234,c5
13822,0.4641060258489357,0.37745294038703603,0.15844103376402824,c234,c1
2926,0.20236762518188844,0.29566653689856015,0.5019658379195515,c5,c5
16349,0.19584068719076253,0.3170451113335194,0.4871142014757181,c234,c5
15202,0.32748553363735594,0.3214098932905835,0.35110457307206056,c234,c5
13743,0.11487332273023301,0.2993823492025955,0.5857443280671715,c5,c5
6626,0.36116018969053854,0.3363038727123012,0.30253593759716024,c1,c1
6191,0.3448743641535927,0.3814976764163558,0.27362795943005147,c1,c234
16826,0.4045674013068051,0.3417006991803988,0.2537318995127961,c1,c1
13087,0.30701672757125725,0.31414791464895014,0.3788353577797926,c234,c5
18208,0.4911176392468999,0.37928523099267963,0.1295971297604205,c234,c1
17737,0.42327409201015576,0.3704657282083586,0.20626017978148575,c5,c1
6373,0.3984898324884153,0.34046672180022186,0.26104344571136295,c1,c1
1086,0.3183855892032243,0.4771664089954504,0.20444800180132527,c1,c234
18276,0.34510183956564666,0.4276175335818153,0.22728062685253803,c234,c234
15656,0.4969918197561721,0.3124484593169727,0.19055972092685525,c234,c1
2701,0.2206002075795289,0.48882291274436174,0.2905768796761094,c234,c234
9780,0.34547368321182353,0.41928113185399624,0.23524518493418026,c1,c234
13495,0.2905914450440144,0.42848403670694635,0.28092451824903925,c5,c234
8546,0.1734803282310869,0.5477255783881922,0.2787940933807208,c234,c234
12763,0.4028579897892861,0.3529373714060001,0.2442046388047138,c1,c1
7611,0.1242589694220881,0.31401111917687463,0.5617299114010372,c5,c5
17119,0.6214455568266122,0.2583066596487755,0.1202477835246124,c1,c1
10227,0.2182632584554948,0.2766690325632755,0.5050677089812299,c5,c5
1450,0.4059950163927035,0.40144289412306994,0.19256208948422662,c1,c1
3836,0.37508243729241963,0.32505491160685274,0.2998626511007276,c234,c1
733,0.350112360445887,0.3310720839001752,0.31881555565393777,c1,c1
7701,0.6416604157842463,0.16478295335720952,0.19355663085854433,c1,c1
14283,0.4829839559371768,0.377624710299761,0.13939133376306212,c234,c1
12264,0.45910418352639726,0.3583714160661556,0.18252440040744713,c5,c1
17292,0.3886894546667766,0.4148518646282258,0.19645868070499756,c234,c234
17655,0.1770572045048528,0.4198789223168733,0.4030638731782739,c234,c234
14123,0.3076945795356406,0.4302003886995007,0.26210503176485866,c5,c234
19933,0.37984010023634546,0.42278020213128115,0.19737969763237345,c234,c234
11964,0.5572620329494757,0.29918072931986595,0.14355723773065818,c1,c1
13737,0.17841154190826905,0.41190453453402914,0.40968392355770183,c5,c234
13329,0.27657455219152877,0.4167714404270385,0.30665400738143267,c1,c234
10695,0.43102101954327726,0.4071213987836626,0.16185758167306014,c234,c1
19561,0.281836373380931,0.26579787136640015,0.45236575525266887,c5,c5
4328,0.5882481463422213,0.2246102566511961,0.18714159700658256,c1,c1
13340,0.401362214210679,0.31429217835236206,0.28434560743695897,c5,c1
167,0.22153679274132587,0.3507312660568672,0.4277319412018069,c1,c5
1343,0.5574140193613314,0.30055589165108304,0.14203008898758557,c234,c1
2581,0.2313892981657574,0.3547235023827606,0.413887199451482,c234,c5
18506,0.34767630741170963,0.354694156523403,0.2976295360648873,c234,c234
482,0.1579961973121228,0.43641786836096647,0.4055859343269107,c5,c234
8366,0.3092590745358506,0.3577909817279271,0.33294994373622233,c1,c234
17202,0.2515385477054854,0.4931809929131508,0.2552804593813638,c234,c234
5875,0.2828316442777852,0.25892264239213414,0.4582457133300807,c234,c5
17583,0.32973986537683136,0.24274896900449477,0.42751116561867397,c234,c5
3760,0.4109543677402027,0.42419775731898046,0.1648478749408168,c1,c234
6132,0.2899351729290825,0.36644207829103087,0.34362274877988674,c1,c234
5566,0.5108139595734678,0.34641165061807444,0.14277438980845775,c1,c1
16706,0.1340466201845252,0.39671092729271484,0.46924245252276,c5,c5
11508,0.20853721387235033,0.3523490912536215,0.43911369487402824,c234,c5
3490,0.4539910721790358,0.2753697837959255,0.2706391440250386,c234,c1
7864,0.3399112440316303,0.33167540931517747,0.3284133466531923,c5,c1
13826,0.6719556177557432,0.22207446380993554,0.10596991843432131,c234,c1
1583,0.4214061449225368,0.27078043745673624,0.307813417620727,c1,c1
17484,0.5539191831288315,0.3194725859657644,0.1266082309054042,c234,c1
12431,0.2795179931180961,0.2957195148176066,0.4247624920642973,c5,c5
15158,0.4065483608977967,0.28756065592027563,0.3058909831819277,c5,c1
9588,0.5008185861992146,0.34028612600459873,0.1588952877961866,c1,c1
12683,0.31587865305652796,0.41024686862353343,0.2738744783199386,c5,c234
14779,0.4235021065263843,0.26404703953042075,0.3124508539431949,c234,c1
19084,0.1375130360051922,0.2967211787959555,0.5657657851988525,c5,c5
8892,0.39794316435247856,0.41474136507281223,0.18731547057470915,c234,c234
7413,0.2974274719923312,0.32524627220748753,0.3773262558001812,c5,c5
2130,0.48475028311726953,0.1965380301607255,0.318711686722005,c1,c1
5545,0.6053028008166254,0.2877563823530088,0.1069408168303658,c234,c1
7687,0.16971349206332356,0.565311951362404,0.26497455657427244,c1,c234
19270,0.13973756668266904,0.33632511645532087,0.5239373168620102,c5,c5
14122,0.3838180458470199,0.3751238034518863,0.24105815070109382,c234,c1
2820,0.2299415890859345,0.3685530096861892,0.40150540122787637,c1,c5
13812,0.49025399602167613,0.29889488299614636,0.2108511209821775,c234,c1
14595,0.1694429926941228,0.3717104203364001,0.45884658696947705,c5,c5
2421,0.3742429334735142,0.2833181838959585,0.3424388826305272,c234,c1
5254,0.3130131661970329,0.3168739987226436,0.37011283508032344,c1,c5
17704,0.25651900442596287,0.4378136036198903,0.30566739195414677,c1,c234
15598,0.09436529049345979,0.35836290249876807,0.5472718070077722,c5,c5
13543,0.17949313686960403,0.3932981405156485,0.4272087226147475,c1,c5
11300,0.19475972806176642,0.3922598669180465,0.4129804050201871,c234,c5
4139,0.1950575634148189,0.29197125372500593,0.5129711828601752,c5,c5
11706,0.48795765737215524,0.3215163247772031,0.19052601785064166,c1,c1
14992,0.3182756927798906,0.3108327324328764,0.3708915747872329,c234,c5
4882,0.23194738657998223,0.37161652648070354,0.39643608693931415,c1,c5
14470,0.19885408390402173,0.39953310664807545,0.40161280944790284,c234,c5
6417,0.46153846376384716,0.4088326567791455,0.12962887945700738,c234,c1
16574,0.31074310101458946,0.3774495056400295,0.311807393345381,c5,c234
4044,0.10692451239451257,0.2245289595608356,0.6685465280446519,c5,c5
9569,0.187063700187115,0.42279215978810425,0.39014414002478076,c5,c234
6348,0.3155910718115033,0.41276316721044,0.27164576097805676,c234,c234
6044,0.25869431342429594,0.3857808190870299,0.3555248674886741,c5,c234
19382,0.24167134584415048,0.1974785721898308,0.5608500819660187,c5,c5
19998,0.3654097013682568,0.35175063035024723,0.28283966828149587,c234,c1
11003,0.45559283135484885,0.24879629142018053,0.29561087722497065,c1,c1
1739,0.4423966099485531,0.2656147656606277,0.291988624390819,c5,c1
5189,0.35066254872866104,0.3737938916877572,0.27554355958358184,c5,c234
5478,0.3769337704171115,0.3016688626538314,0.32139736692905707,c1,c1
15818,0.1881606072120483,0.2745527481949755,0.5372866445929763,c5,c5
2237,0.5541003885679314,0.34290220787068904,0.10299740356137935,c1,c1
8678,0.41275866521454396,0.3964630036367368,0.19077833114871925,c234,c1
14772,0.4097534693265377,0.4437635094116633,0.146483021261799,c5,c234
19778,0.3146087550911679,0.39508335710011566,0.29030788780871636,c5,c234
7914,0.6351557067400202,0.2526988589793224,0.11214543428065735,c1,c1
2473,0.4477354908632186,0.33176234113905656,0.22050216799772474,c234,c1
17126,0.25797703281513135,0.3896952768930125,0.3523276902918562,c1,c234
13961,0.25897140327307355,0.39659761033318397,0.3444309863937424,c5,c234
12214,0.3864982369269237,0.37652595136759653,0.23697581170547982,c1,c1
2135,0.2150556039166019,0.326551374582758,0.4583930215006401,c5,c5
11055,0.31136888911024296,0.4002779941921103,0.2883531166976466,c5,c234
11915,0.18637271141321782,0.3394230797332649,0.4742042088535173,c5,c5
15109,0.327299037903674,0.375446561546595,0.29725440054973096,c1,c234
8172,0.23606856333254916,0.3342264409872536,0.4297049956801972,c5,c5
9858,0.15311705689391453,0.3017867577163165,0.545096185389769,c234,c5
5862,0.22351355710688647,0.2966721591583315,0.47981428373478197,c5,c5
12875,0.5134708483972934,0.276611262093576,0.20991788950913062,c1,c1
2138,0.29652095575295456,0.3353843993262911,0.3680946449207544,c5,c5
10155,0.42517548018224166,0.4553351667262794,0.11948935309147894,c234,c234
12378,0.21231270047605486,0.291232597197541,0.4964547023264042,c5,c5
18207,0.49671229865629296,0.32183889798516285,0.18144880335854413,c1,c1
1034,0.32141378330031867,0.3587369198100944,0.31984929688958685,c1,c234
4442,0.6277819196730625,0.24507959605915053,0.12713848426778707,c234,c1
8154,0.15373194172587554,0.28085158648491493,0.5654164717892096,c5,c5
18449,0.7686735325086321,0.15480102361691578,0.07652544387445218,c1,c1
6702,0.2551104497870266,0.3383892873393929,0.40650026287358043,c1,c5
4903,0.5839322067326952,0.2953373297726409,0.1207304634946638,c1,c1
66,0.24038581409671905,0.5413376619941787,0.21827652390910215,c1,c234
5810,0.2546182187580703,0.34585858348177156,0.3995231977601582,c1,c5
14202,0.332606166383486,0.29322935838843084,0.37416447522808305,c1,c5
7053,0.18624363085662482,0.41333497507512285,0.4004213940682524,c234,c234
3640,0.41008607928638047,0.3208977187331389,0.26901620198048065,c234,c1
10781,0.51626764660526,0.34503063685417334,0.13870171654056657,c234,c1
17733,0.28179061982371845,0.410460493246066,0.3077488869302156,c1,c234
17517,0.3072448263500031,0.39347266569368866,0.2992825079563083,c1,c234
5175,0.19491818602441238,0.37591704563463,0.4291647683409575,c5,c5
15959,0.36136133923449265,0.44362986056453907,0.19500880020096836,c234,c234
5934,0.3779121615257461,0.25767577227795635,0.36441206619629757,c1,c1
20013,0.2102168487853097,0.28757981105209596,0.5022033401625944,c5,c5
977,0.19527147821537683,0.27039712855808584,0.5343313932265373,c5,c5
6707,0.28747870959359284,0.3379958882797746,0.3745254021266325,c5,c5
12605,0.3360843789751419,0.39630156959860263,0.26761405142625555,c5,c234
18450,0.17373658645195994,0.23660625502309562,0.5896571585249444,c5,c5
12192,0.23406963618903553,0.3779851332149698,0.3879452305959946,c5,c5
2406,0.3220606162509732,0.48222624887975896,0.19571313486926778,c1,c234
9260,0.1242165511623508,0.4015163053396041,0.4742671434980451,c5,c5
15542,0.19266505071350554,0.29148091416567834,0.5158540351208161,c5,c5
14175,0.3602273978186552,0.3528918713539102,0.2868807308274346,c1,c1
7987,0.18701652507425726,0.329262535952461,0.4837209389732817,c1,c5
19775,0.14305126306562616,0.31136046389345373,0.5455882730409203,c5,c5
11392,0.3782924586695435,0.4267301145664092,0.1949774267640473,c1,c234
6564,0.26565166801234946,0.2190150874528732,0.5153332445347774,c5,c5
18130,0.4158060647187253,0.37847873925454883,0.20571519602672592,c234,c1
9239,0.4445768919101013,0.42875769059169605,0.12666541749820265,c1,c1
14687,0.2487608817383266,0.4058623549240492,0.3453767633376241,c5,c234
6894,0.47947136955479525,0.3558473393258684,0.16468129111933646,c1,c1
11640,0.3324960609478926,0.44767035188604043,0.21983358716606705,c234,c234
6122,0.2921745097547895,0.44280961619825787,0.2650158740469527,c234,c234
17867,0.38967829796583164,0.3597171128397707,0.25060458919439765,c234,c1
13159,0.5376768389305241,0.249001225976977,0.21332193509249892,c1,c1
18302,0.3113694068092036,0.27480587422795455,0.41382471896284184,c234,c5
19374,0.2195414037702978,0.4237718162504178,0.3566867799792844,c1,c234
16115,0.25685181130207,0.37867434203651507,0.3644738466614149,c5,c234
8705,0.20148331835167643,0.43633938129302985,0.3621773003552936,c1,c234
16553,0.2920662675297215,0.3230939490541406,0.38483978341613784,c5,c5
2239,0.14831254225275506,0.5606436914849617,0.29104376626228323,c234,c234
3344,0.3645783280485527,0.33070383992231317,0.30471783202913416,c5,c1
18941,0.41834734582607186,0.2617247422251958,0.3199279119487323,c1,c1
3930,0.2873791913044896,0.41003939917960686,0.30258140951590357,c1,c234
5859,0.431590870761742,0.38725505669924953,0.1811540725390085,c1,c1
3499,0.2317395751120217,0.4477412848567579,0.3205191400312203,c1,c234
7171,0.47655953102308396,0.34358349401060767,0.17985697496630842,c234,c1
3081,0.4915778733777543,0.33155978120591173,0.1768623454163341,c1,c1
18576,0.5460537311461459,0.3201667432085422,0.13377952564531204,c1,c1
6931,0.3536435382115309,0.3512333481691772,0.295123113619292,c1,c1
8181,0.22807125700960346,0.4513661530865319,0.32056258990386466,c1,c234
7230,0.28276370866517136,0.3094274203681283,0.4078088709667004,c5,c5
5126,0.19702274183224341,0.34569925402862894,0.4572780041391275,c5,c5
19392,0.4015448542063654,0.394738574772496,0.2037165710211386,c1,c1
7569,0.2964232085291215,0.3515407842163046,0.35203600725457396,c1,c5
7458,0.24693104323586734,0.4305663666288342,0.32250259013529853,c5,c234
4466,0.4713787223356965,0.35888712194773575,0.16973415571656786,c234,c1
14670,0.17243653913937793,0.36916865280763467,0.4583948080529874,c5,c5
4096,0.2548220905674714,0.308800665553299,0.43637724387922966,c1,c5
1075,0.44036056309894056,0.3029218059977198,0.2567176309033397,c234,c1
186,0.2850345249312462,0.40955788073095656,0.30540759433779724,c234,c234
16412,0.1685422480006173,0.3593403616179166,0.47211739038146616,c5,c5
12452,0.3395927929504542,0.3305641835484122,0.3298430235011336,c1,c1
8590,0.27278906780313716,0.24587355146301365,0.48133738073384913,c5,c5
13429,0.187232867704242,0.4689214222882717,0.3438457100074862,c1,c234
8167,0.5168369609846204,0.32612281614300237,0.15704022287237726,c1,c1
18400,0.28331872457189433,0.36983575266357127,0.34684552276453445,c234,c234
13455,0.26657505324898667,0.39109422687916806,0.34233071987184516,c234,c234
6370,0.1605815184091041,0.3257796867599912,0.5136387948309047,c1,c5
854,0.13341621553466085,0.3715203138277666,0.4950634706375726,c234,c5
7187,0.2977107185364733,0.35660479204237683,0.3456844894211498,c1,c234
15131,0.3786259021049919,0.24205795727677337,0.3793161406182346,c5,c5
18538,0.20120684068112665,0.2585273866665713,0.540265772652302,c1,c5
16471,0.16048737821065195,0.2133948193209954,0.6261178024683527,c5,c5
13559,0.26745756866715337,0.40886689337234916,0.3236755379604974,c234,c234
18060,0.13253216098245132,0.26177423837744207,0.6056936006401066,c5,c5
19404,0.15978632073899224,0.3010028735504445,0.5392108057105631,c5,c5
9154,0.4453200796848435,0.4076026398044957,0.14707728051066082,c5,c1
937,0.1874284087877516,0.2710357390973111,0.5415358521149373,c234,c5
11495,0.26982599296901555,0.31500143054975915,0.41517257648122535,c5,c5
12833,0.23765099917252336,0.192856105561986,0.5694928952654907,c234,c5
1337,0.16946025216020416,0.2985862397441953,0.5319535080956006,c5,c5
15286,0.3729703327428474,0.34011636324661704,0.2869133040105356,c234,c1
19017,0.33494106927891015,0.4885650147046999,0.17649391601638995,c234,c234
19826,0.41942649684602606,0.2905220687974105,0.2900514343565634,c1,c1
15175,0.22092501501214284,0.3661714333081418,0.4129035516797154,c234,c5
2765,0.547729478616703,0.3503534316465879,0.10191708973670917,c1,c1
11279,0.15284634719378126,0.2076506688907913,0.6395029839154274,c5,c5
18404,0.3994008763754626,0.3608349209791711,0.2397642026453663,c5,c1
11853,0.13289827713102367,0.45101642120335317,0.41608530166562313,c5,c234
17110,0.392569842247947,0.38780841471418126,0.2196217430378717,c234,c1
4243,0.3332031380998562,0.2970541465782609,0.36974271532188296,c1,c5
12506,0.3597781338329386,0.2381720665674652,0.4020497995995962,c1,c5
2815,0.20804675240557216,0.37153160654320594,0.4204216410512219,c5,c5
2166,0.23060281811896038,0.3416614302103291,0.4277357516707106,c1,c5
4989,0.16365776392626286,0.2502202052450322,0.5861220308287051,c5,c5
14113,0.548347404665372,0.32575173605137203,0.1259008592832559,c234,c1
16055,0.37360809305727016,0.33981888262136717,0.28657302432136256,c234,c1
11980,0.4638161056968566,0.2143319041062691,0.32185199019687427,c234,c1
17454,0.3720539195447034,0.21234896542464315,0.41559711503065344,c5,c5
3679,0.2920896035366449,0.379368400323738,0.3285419961396171,c1,c234
18456,0.24645127808463405,0.3785902743471758,0.37495844756819013,c5,c234
12357,0.1205310061278039,0.2563422538979287,0.6231267399742675,c5,c5
15550,0.5183008869361443,0.2491761108558813,0.23252300220797442,c234,c1
11032,0.32059896703081686,0.412743423394305,0.26665760957487816,c5,c234
12233,0.15840075255260871,0.2806706024707785,0.5609286449766129,c5,c5
13656,0.37926209854232484,0.3207164806363273,0.30002142082134786,c1,c1
5941,0.2791584120773013,0.36908929693602277,0.35175229098667604,c1,c234
16468,0.2795546967190908,0.3338613878360507,0.3865839154448586,c234,c5
13478,0.17984504091154793,0.3375415456239955,0.4826134134644565,c5,c5
5224,0.2200311620789117,0.283500802761811,0.4964680351592774,c1,c5
5801,0.38361667922904097,0.3349078600606359,0.28147546071032314,c1,c1
17918,0.2937319387013063,0.36365876401523944,0.3426092972834543,c5,c234
12958,0.45559283135484885,0.24879629142018053,0.29561087722497065,c1,c1
249,0.2906022041028101,0.39939130063889516,0.3100064952582947,c5,c234
1023,0.5199378960782697,0.33410599182011613,0.14595611210161405,c234,c1
13627,0.23969175500098944,0.4013239778856659,0.35898426711334464,c5,c234
2133,0.21265540105549469,0.4436697022376369,0.34367489670686846,c234,c234
12188,0.1889185465071796,0.4768799346621188,0.33420151883070154,c5,c234
13336,0.5193973534153378,0.3425777223142842,0.138024924270378,c1,c1
11401,0.34269958688924546,0.3531434099078247,0.3041570032029298,c234,c234
15278,0.275774648434305,0.32970121015869364,0.3945241414070013,c5,c5
10422,0.3321762170555974,0.3008804763304106,0.366943306613992,c1,c5
13239,0.32753746455985294,0.294106540214674,0.3783559952254731,c1,c5
5977,0.3109840677387085,0.3537763685907171,0.3352395636705744,c1,c234
18087,0.20668518553761964,0.36193489259383593,0.4313799218685445,c5,c5
4424,0.13103534802891342,0.3385571413516178,0.5304075106194689,c5,c5
1250,0.1939201407889002,0.49600172295887257,0.31007813625222724,c234,c234
4040,0.400919090812667,0.3540743302236582,0.24500657896367475,c234,c1
326,0.325057806781756,0.3411992876487964,0.33374290556944763,c1,c234
4849,0.42327409201015576,0.3704657282083586,0.20626017978148575,c234,c1
3248,0.2756150415937662,0.49501099734787896,0.22937396105835495,c234,c234
9881,0.47467285951478855,0.38798758089924423,0.13733955958596725,c1,c1
951,0.201716412456257,0.3131377595414949,0.4851458280022481,c234,c5
16429,0.26653781141408345,0.2923819247147262,0.4410802638711903,c234,c5
1558,0.5017842311951409,0.3316385862860154,0.16657718251884351,c234,c1
2806,0.2765945116417,0.23187468925987637,0.49153079909842357,c1,c5
13477,0.18306620871837373,0.41555454930455127,0.40137924197707503,c234,c234
3639,0.5120580512968541,0.37554422820167754,0.11239772050146841,c234,c1
7636,0.43865529790837005,0.23969789331770136,0.32164680877392865,c1,c1
18850,0.4120416535811568,0.3732459875834433,0.21471235883539994,c1,c1
18311,0.15306031636264816,0.4149701993508187,0.43196948428653315,c234,c5
4950,0.22491152252034916,0.3300263341204702,0.4450621433591806,c234,c5
1618,0.4366540144853886,0.44071098939826064,0.12263499611635072,c234,c234
7433,0.48159553703789787,0.34342767042265054,0.17497679253945173,c1,c1
11579,0.3560658592195686,0.3018168943005465,0.34211724647988495,c1,c1
2679,0.15150739705484634,0.47993782540158286,0.36855477754357074,c234,c234
9456,0.6341487110321731,0.18417881446835707,0.18167247449946972,c1,c1
949,0.27487403857845677,0.4811377453745756,0.2439882160469676,c234,c234
15530,0.15296990586146278,0.3668707535754692,0.48015934056306797,c234,c5
9665,0.18699695207506273,0.30370336989558766,0.5092996780293497,c5,c5
18428,0.33415748507109655,0.39079894082780264,0.27504357410110086,c234,c234
10725,0.3558087596156386,0.3383494147022832,0.3058418256820782,c234,c1
5125,0.4756277505992534,0.33447756306972043,0.18989468633102624,c234,c1
7245,0.10626772006178634,0.22068541346037254,0.6730468664778411,c5,c5
17111,0.4231724201561408,0.32283895162743653,0.25398862821642265,c1,c1
17842,0.41772043781972384,0.36618780926813166,0.2160917529121445,c234,c1
9609,0.3094044312293864,0.3142764798211838,0.37631908894942984,c234,c5
1718,0.30930613898412784,0.26829683340728305,0.42239702760858916,c234,c5
15177,0.6391080572629375,0.18091540934684192,0.17997653339022066,c1,c1
13900,0.26156951216032887,0.2644573807561398,0.47397310708353124,c234,c5
7540,0.2759019621781081,0.5461526048449308,0.1779454329769611,c234,c234
12226,0.3385446984103495,0.2924496249586609,0.36900567663098965,c5,c5
18949,0.36201230361666903,0.3407259819847834,0.2972617143985476,c5,c1
13663,0.19257199847163783,0.30201937725543015,0.5054086242729321,c5,c5
15680,0.5859923070665999,0.29578817337165714,0.118219519561743,c1,c1
16433,0.2679784770115396,0.3675244986609174,0.364497024327543,c234,c234
6008,0.30345676891368645,0.4311357023787803,0.26540752870753337,c234,c234
16132,0.28511134438163915,0.47829228411320435,0.2365963715051565,c5,c234
11092,0.2694897844017262,0.4476788468264722,0.28283136877180154,c5,c234
1683,0.33599324821683446,0.4471192370819628,0.21688751470120274,c234,c234
5040,0.19181991803333925,0.43425157016156196,0.3739285118050988,c1,c234
709,0.32105374186341207,0.45107128824218207,0.22787496989440587,c1,c234
3173,0.2756883980891112,0.32599749394620614,0.3983141079646827,c5,c5
6270,0.3394685096559146,0.34928225996588014,0.3112492303782053,c234,c234
10280,0.21539015111680482,0.2573531731321563,0.5272566757510389,c5,c5
14362,0.23765099917252336,0.192856105561986,0.5694928952654907,c1,c5
16783,0.23148972015248281,0.2775895315339755,0.4909207483135417,c234,c5
18895,0.38666886397608957,0.35348708609164947,0.259844049932261,c234,c1
2305,0.2855762236865943,0.28135649649801253,0.4330672798153931,c5,c5
7357,0.14524787340650278,0.3461552096953041,0.5085969168981931,c5,c5
9545,0.27681833086085056,0.414334105280077,0.3088475638590723,c234,c234
18089,0.28535475755943623,0.22540867071276155,0.48923657172780227,c234,c5
6396,0.46872921918576393,0.285866102412852,0.245404678401384,c1,c1
15350,0.4311317331499299,0.36568973098418195,0.20317853586588813,c234,c1
18788,0.1762208529304291,0.25951703996989106,0.5642621070996798,c5,c5
11407,0.23995503991823153,0.26498024695373856,0.49506471312802997,c5,c5
18049,0.5301291829151096,0.29747220719704126,0.17239860988784908,c1,c1
10550,0.11837108986697902,0.33632702132962305,0.5453018888033979,c234,c5
17763,0.18751112379922424,0.28294280728736737,0.5295460689134085,c1,c5
192,0.40433167264736536,0.29579499514151286,0.2998733322111218,c234,c1
5989,0.39681326598787503,0.32653565027951104,0.2766510837326139,c1,c1
7604,0.5434955958174378,0.3277823535186451,0.12872205066391706,c1,c1
9174,0.2938799067850498,0.34279470805785517,0.36332538515709506,c5,c5
4689,0.11552225557280167,0.3462555727053657,0.5382221717218325,c234,c5
11577,0.3948979801755036,0.36548705832890105,0.23961496149559527,c5,c1
16614,0.4589806423039186,0.3346118514414311,0.20640750625465035,c5,c1
8560,0.40258053927922877,0.21706059484900758,0.38035886587176354,c234,c1
18254,0.3522955933543226,0.3328740762418052,0.3148303304038722,c1,c1
15694,0.31900338720928456,0.3351159077977156,0.34588070499299983,c1,c5
8878,0.40006471594207904,0.35418650111047456,0.24574878294744645,c1,c1
14618,0.26824621981561003,0.3145864764077868,0.41716730377660316,c5,c5
12971,0.41402654945420353,0.3924588853342064,0.1935145652115901,c1,c1
5016,0.26707510976329624,0.4233195378645177,0.30960535237218606,c234,c234
14220,0.43198055279342684,0.29269937698812054,0.2753200702184527,c234,c1
11062,0.14559091527332552,0.3335234691209198,0.5208856156057547,c5,c5
10408,0.19027096033872773,0.3460176024101596,0.46371143725111275,c5,c5
9766,0.2985901474949487,0.4640576397351223,0.23735221276992907,c234,c234
10855,0.26493783213232186,0.42907504418427456,0.30598712368340353,c234,c234
4017,0.4165735121317774,0.36552150346968953,0.217904984398533,c5,c1
1083,0.23482986565896136,0.2807763569939594,0.4843937773470793,c1,c5
13893,0.3599716078990922,0.4079825767938411,0.23204581530706675,c5,c234
1731,0.28666629099753516,0.32967074860398676,0.383662960398478,c234,c5
4352,0.22079341720020337,0.38696355793891796,0.39224302486087864,c5,c5
137,0.28904277421296487,0.3972390999894896,0.31371812579754554,c234,c234
16550,0.20832999061628973,0.2943409143324205,0.4973290950512898,c5,c5
18525,0.2427603285343325,0.4312924923854963,0.32594717908017123,c1,c234
16962,0.21853454263104727,0.3758271240107889,0.4056383333581639,c234,c5
10246,0.29305637456370287,0.45362032642423067,0.25332329901206646,c5,c234
6107,0.3779213584251449,0.3435048442745397,0.2785737973003154,c1,c1
11288,0.17486621462079616,0.28276884980796035,0.5423649355712434,c5,c5
18481,0.20141659320143573,0.38499199817877977,0.4135914086197845,c5,c5
9450,0.33020227819534836,0.2855432663178671,0.3842544554867846,c1,c5
3966,0.3158586259881422,0.37960682506704846,0.3045345489448094,c234,c234
19551,0.2947725385181606,0.29089101247062865,0.41433644901121075,c5,c5
703,0.20883873810028866,0.3191036013893175,0.472057660510394,c234,c5
1438,0.28180262936920025,0.539376850594838,0.1788205200359618,c1,c234
14625,0.4203631525356196,0.28559667238266206,0.2940401750817183,c1,c1
17854,0.20216428777155598,0.39287649086537113,0.40495922136307294,c1,c5
8097,0.28642577872474495,0.35826246320471944,0.35531175807053567,c5,c234
10297,0.22327602820783327,0.34620796828539274,0.430516003506774,c1,c5
19891,0.5818693868396909,0.2759059353128667,0.1422246778474423,c1,c1
5381,0.45294918217648056,0.24757544459111158,0.299475373232408,c1,c1
10684,0.19495239874090586,0.5234662133477421,0.2815813879113519,c234,c234
19496,0.20759257653995852,0.36940797284900945,0.4229994506110321,c234,c5
4632,0.3495073082454487,0.4326730363865187,0.21781965536803258,c5,c234
16746,0.3399814501848971,0.3060166024202336,0.3540019473948693,c1,c5
2998,0.1435191704464594,0.5255800215319496,0.33090080802159105,c234,c234
1507,0.42012441572868137,0.32601797200771343,0.25385761226360526,c1,c1
7949,0.15553910436866503,0.30986222389424184,0.5345986717370932,c234,c5
9532,0.35927388940247706,0.41857447080490956,0.22215163979261338,c1,c234
1913,0.26243647002703374,0.2281780064842724,0.509385523488694,c5,c5
15689,0.5209216627819409,0.2783991234503934,0.2006792137676658,c1,c1
809,0.23318923105677944,0.3935605629769734,0.37325020596624714,c5,c234
9071,0.40079880353230546,0.41589351410773157,0.183307682359963,c5,c234
9586,0.1867441435461009,0.4127264294037759,0.4005294270501233,c1,c234
17745,0.2405317169313934,0.38159565743577745,0.37787262563282914,c5,c234
425,0.45324718640352996,0.36828137149831575,0.1784714420981543,c1,c1
10466,0.4592788046011047,0.3917411898044595,0.1489800055944359,c1,c1
12662,0.23997229794015573,0.42663405200104,0.3333936500588043,c1,c234
13222,0.29082263872997655,0.43140286670143546,0.277774494568588,c1,c234
9335,0.3741571630330298,0.31886993224604515,0.30697290472092514,c234,c1
3234,0.3401201108663134,0.4300391284640705,0.2298407606696161,c234,c234
2015,0.4237403104167578,0.4005698109736919,0.17568987860955027,c234,c1
7488,0.41772043781972384,0.36618780926813166,0.2160917529121445,c1,c1
14568,0.16511043174935253,0.44335002645126353,0.39153954179938394,c5,c234
12513,0.44928734725756214,0.29076647048908494,0.2599461822533529,c1,c1
15051,0.2987305548477062,0.3115075820163722,0.38976186313592154,c5,c5
14440,0.3303743022630791,0.4139903522193461,0.2556353455175748,c1,c234
7300,0.38143973729016506,0.3233176155692011,0.29524264714063386,c234,c1
5576,0.2800814498781917,0.31149644888538813,0.40842210123642,c5,c5
6064,0.26992254458415654,0.3709305614985857,0.35914689391725774,c5,c234
19698,0.23736857617672755,0.38322844108118154,0.37940298274209094,c1,c234
5854,0.178892243252942,0.5602069520119828,0.2609008047350752,c234,c234
16428,0.2706991557572185,0.33785647626840903,0.3914443679743725,c234,c5
3728,0.17292459315406256,0.29546332972753553,0.531612077118402,c5,c5
13610,0.15332824018527577,0.36782160830727906,0.47885015150744525,c234,c5
16256,0.22952402111282283,0.3513483195251172,0.4191276593620599,c234,c5
16665,0.4355011619823196,0.31700764836148027,0.2474911896562002,c5,c1
18337,0.4155063888892693,0.4183546728823627,0.166138938228368,c1,c234
12613,0.22606506294523201,0.20004481613418496,0.5738901209205831,c5,c5
6254,0.2289535028491486,0.30080123842635065,0.47024525872450074,c1,c5
9658,0.5572694936214223,0.3243290618749405,0.11840144450363721,c1,c1
16920,0.29279723718616174,0.2716120050646881,0.4355907577491502,c234,c5
15027,0.37862080207395893,0.29837395779961806,0.3230052401264229,c5,c1
13761,0.2584736739425068,0.31797102516836795,0.4235553008891252,c234,c5
5427,0.43548935771563224,0.2448213826617983,0.31968925962256944,c5,c1
423,0.57093615826559,0.26095569181841227,0.1681081499159979,c1,c1
14442,0.19874925781267305,0.4188316825443462,0.3824190596429807,c234,c234
7322,0.20296186798843033,0.3240525072078668,0.4729856248037029,c1,c5
3603,0.25396667091881586,0.4243577086054381,0.32167562047574605,c5,c234
18345,0.25221215924872037,0.33896668532516994,0.4088211554261097,c5,c5
5794,0.24914489151337552,0.29985785886180033,0.4509972496248241,c5,c5
12515,0.19869049781941853,0.373266539868979,0.42804296231160244,c234,c5
19271,0.5627040256786193,0.22087500547637232,0.21642096884500842,c5,c1
5967,0.31793699513104934,0.3994060483819665,0.2826569564869842,c234,c234
11377,0.40919861354701287,0.3353497356045278,0.2554516508484593,c1,c1
11078,0.5773103276440914,0.31632328908515556,0.10636638327075298,c1,c1
7437,0.27912956075608536,0.3834325949769576,0.3374378442669571,c5,c234
13016,0.42269283380567113,0.3319124476029972,0.2453947185913316,c1,c1
3982,0.2605469874278208,0.41811059068796225,0.3213424218842169,c234,c234
11111,0.2976312019305229,0.32288302160946913,0.379485776460008,c5,c5
3736,0.2597681436594456,0.2986200783010811,0.44161177803947316,c1,c5
5823,0.27570124273571767,0.18586533698383637,0.5384334202804458,c5,c5
10893,0.2116406249937744,0.472609882484565,0.3157494925216606,c5,c234
17588,0.5505863753735378,0.3253477385471025,0.1240658860793596,c5,c1
6188,0.26886697948553984,0.33926765070123793,0.39186536981322223,c234,c5
215,0.42115691771228325,0.3075416332628079,0.27130144902490866,c1,c1
14374,0.5460537311461459,0.3201667432085422,0.13377952564531204,c234,c1
1234,0.4259946000207444,0.30927632384118636,0.26472907613806923,c5,c1
7344,0.43845804126440235,0.2768257263031918,0.2847162324324058,c234,c1
1508,0.0603209604968812,0.2808412611052537,0.6588377783978652,c5,c5
14021,0.5267966061348397,0.3399170835660133,0.133286310299147,c1,c1
15491,0.23829811637298834,0.259898167288066,0.5018037163389458,c5,c5
6734,0.24205219634799166,0.3298625823896508,0.4280852212623575,c5,c5
4246,0.3241944253733355,0.23632139629539353,0.43948417833127096,c5,c5
5004,0.601705310539779,0.22296402304522153,0.17533066641499945,c1,c1
5359,0.27363805892999915,0.36467920575907364,0.3616827353109272,c1,c234
11201,0.2734689029491682,0.38279440175786816,0.3437366952929636,c5,c234
1983,0.3185919257240262,0.44969225957522296,0.23171581470075084,c234,c234
17582,0.2749541772886497,0.3307782179211075,0.3942676047902428,c234,c5
15129,0.2594512806868805,0.4246053053835418,0.3159434139295777,c234,c234
10253,0.4381939834639896,0.40172177237646894,0.16008424415954142,c234,c1
18765,0.38107387007777016,0.34544437964089403,0.27348175028133576,c234,c1
14497,0.43201758920438094,0.32780727034231105,0.24017514045330798,c1,c1
6570,0.318560592529615,0.31554263194193577,0.36589677552844924,c1,c5
8133,0.20828077643553589,0.22661585550513638,0.5651033680593278,c234,c5
4412,0.42327409201015576,0.3704657282083586,0.20626017978148575,c234,c1
19898,0.26477705759825854,0.36455595395638757,0.37066698844535384,c1,c5
13449,0.10321994234295359,0.24057162245886668,0.6562084351981798,c1,c5
691,0.19886677656629906,0.39531924498748067,0.40581397844622036,c234,c5
1392,0.2874722093665051,0.5012490679638618,0.2112787226696331,c234,c234
14026,0.3483232858247158,0.34773459654704475,0.3039421176282395,c234,c1
3031,0.3607062659993741,0.3255664086641833,0.31372732533644265,c1,c1
6958,0.3089868176589612,0.3502272918956804,0.34078589044535845,c234,c234
898,0.08374546463354655,0.31395974671747406,0.6022947886489793,c234,c5
3710,0.36908285241897404,0.3496293344883659,0.28128781309266004,c1,c1
17485,0.3455393796094956,0.3818165633738734,0.27264405701663097,c1,c234
13180,0.5106358162473383,0.35195567440166386,0.13740850935099774,c1,c1
19201,0.21810314924910035,0.3952098609687565,0.38668698978214316,c234,c234
5789,0.21083949178799455,0.40742230805369245,0.38173820015831295,c5,c234
9785,0.16409512674946525,0.27888579862120555,0.5570190746293292,c5,c5
2127,0.19509567895702004,0.39878049889076783,0.4061238221522121,c5,c5
13929,0.2682506961414525,0.26109837340862846,0.470650930449919,c5,c5
15323,0.23814008527049618,0.4022915708878359,0.359568343841668,c234,c234
1917,0.23418536455056635,0.38312545230709627,0.3826891831423374,c234,c234
15868,0.32589727731396645,0.36343328162961386,0.3106694410564196,c234,c234
5341,0.21743743759534923,0.2780802377019314,0.5044823247027195,c234,c5
7686,0.2748459947460714,0.2943140426689267,0.43083996258500185,c5,c5
1995,0.17915920931089988,0.2637553979998203,0.5570853926892798,c5,c5
14307,0.3347143360509608,0.41265828275072786,0.25262738119831135,c234,c234
6605,0.2700959795089618,0.2563196063582173,0.4735844141328208,c1,c5
19817,0.23644915480391804,0.47444339797480667,0.28910744722127535,c234,c234
16987,0.17235366839505484,0.35653589080370846,0.47111044080123676,c5,c5
191,0.27209218205392605,0.506322056429837,0.22158576151623705,c5,c234
13747,0.253454176908398,0.36868770616078056,0.3778581169308215,c5,c5
2570,0.22712010440680244,0.31052662873276515,0.4623532668604325,c5,c5
13510,0.19419603602929608,0.3360804929892122,0.4697234709814918,c234,c5
8321,0.4152753542878081,0.24100733528708243,0.34371731042510945,c5,c1
2357,0.17405708992495844,0.2500406947313372,0.5759022153437044,c5,c5
5054,0.3886105239014027,0.35329823841788766,0.2580912376807096,c234,c1
5665,0.31289289940579035,0.5062111069791012,0.1808959936151085,c234,c234
3949,0.16996235578789234,0.422600363373735,0.40743728083837266,c5,c234
4613,0.2870281427355502,0.32506240977239265,0.3879094474920571,c234,c5
19538,0.23438263626035982,0.3819203911056539,0.38369697263398633,c1,c5
12165,0.3804369783325296,0.3980506223882514,0.2215123992792189,c234,c234
14444,0.25315914716087434,0.45288392041088255,0.2939569324282432,c234,c234
17983,0.4828162010981118,0.3419521393249554,0.17523165957693282,c1,c1
4103,0.33024249030190167,0.35381991174176886,0.3159375979563295,c5,c234
19024,0.18332035582476197,0.4222161917813616,0.3944634523938765,c5,c234
7500,0.4235644909505799,0.35735759958648955,0.2190779094629305,c1,c1
7220,0.16789746569241457,0.2842316763140485,0.547870857993537,c234,c5
3251,0.2631457645770469,0.5543807750781253,0.1824734603448277,c1,c234
8988,0.2135453658889371,0.39071679397572723,0.3957378401353358,c5,c5
592,0.3548719645460517,0.2895437221065978,0.3555843133473506,c234,c5
4755,0.516283390188107,0.21648923837829667,0.2672273714335963,c234,c1
5302,0.6825468090218606,0.17514102903351908,0.1423121619446203,c5,c1
9232,0.4059884515279307,0.3982378045424293,0.19577374392963995,c234,c1
15698,0.3250707586186478,0.2989931741149484,0.37593606726640355,c1,c5
16669,0.21106229302707868,0.31458684332325626,0.47435086364966506,c5,c5
9739,0.3633173138924957,0.35466886116985935,0.28201382493764493,c234,c1
12668,0.28613945307636846,0.5005679564356834,0.21329259048794827,c234,c234
10445,0.5222032681027452,0.3083626751377545,0.1694340567595003,c234,c1
9152,0.2820962148552342,0.33342481867007756,0.3844789664746884,c1,c5
4660,0.20610337965069442,0.2748065635624023,0.5190900567869032,c5,c5
12855,0.10809166026266555,0.41583250522080367,0.4760758345165307,c234,c5
7978,0.21637534426962196,0.43992320788908856,0.3437014478412895,c5,c234
5884,0.1978745856313648,0.30664713025114265,0.4954782841174925,c5,c5
2628,0.4116453107045057,0.36366747102921193,0.2246872182662824,c234,c1
8815,0.27711400111279083,0.4251998123499841,0.29768618653722506,c1,c234
10723,0.23950497272409307,0.3545865621577957,0.4059084651181112,c234,c5
19451,0.2949465696416393,0.23992155311491029,0.46513187724345045,c5,c5
7845,0.22069265157681128,0.2848940332393551,0.49441331518383363,c5,c5
2346,0.25846818984947284,0.39450354984376823,0.3470282603067589,c234,c234
15139,0.279935215220719,0.35583976044552884,0.36422502433375215,c5,c5
17496,0.26799562369960944,0.3588507950399699,0.37315358126042053,c234,c5
