indice,p_c1,p_c234,p_c5,rotulo,previsto
17923,0.5318496660131404,0.24724813342450097,0.22090220056235857,c5,c1
1391,0.20051335847332036,0.31612489849193365,0.483361743034746,c1,c5
3545,0.47902945269545383,0.4166794980532578,0.10429104925128843,c5,c1
12931,0.5421232430146461,0.30025720879190754,0.15761954819344645,c1,c1
12342,0.5775990731870921,0.3223519832159533,0.10004894359695457,c1,c1
15836,0.26376773421457356,0.30460508796216557,0.4316271778232609,c234,c5
7175,0.2092890966077384,0.2785703918479997,0.5121405115442619,c234,c5
18518,0.5556287278208634,0.33724204687158404,0.1071292253075526,c1,c1
8698,0.1743652371242742,0.35476502747428473,0.47086973540144095,c5,c5
19566,0.5372651186052878,0.2411133068396459,0.2216215745550662,c1,c1
7538,0.2794030686517462,0.35379845418840905,0.36679847715984476,c5,c5
3485,0.12066798789651209,0.3990724343992087,0.4802595777042792,c234,c5
6339,0.08962981918199633,0.27289927862231955,0.6374709021956841,c5,c5
8322,0.5738449443983173,0.32919353705456555,0.09696151854711703,c1,c1
6275,0.5716123650031055,0.32187047190700757,0.10651716308988687,c1,c1
6346,0.23457922596637487,0.34500341543801205,0.42041735859561297,c1,c5
1379,0.26185848640413145,0.31103687328250007,0.42710464031336837,c1,c5
14319,0.21578606136765716,0.334966656876567,0.4492472817557758,c5,c5
11835,0.3063984170715054,0.3521001775204021,0.3415014054080926,c5,c234
6034,0.38309591165552304,0.3492693221075344,0.26763476623694255,c1,c1
7382,0.52492345602153,0.3173698398530791,0.15770670412539098,c234,c1
11855,0.20988872447349163,0.2573821048009662,0.5327291707255423,c5,c5
13461,0.22278310201565615,0.42195011983183084,0.35526677815251306,c5,c234
6751,0.4906879264675717,0.2653850183770735,0.2439270551553548,c1,c1
2996,0.3737553201263354,0.37220359966555816,0.25404108020810645,c234,c1
17630,0.4616200023916018,0.40992743408015475,0.12845256352824347,c234,c1
12896,0.33446201780561297,0.32810628514365225,0.3374316970507348,c1,c5
3395,0.6711858846569219,0.23586199912102407,0.09295211622205415,c234,c1
8233,0.2865273176047752,0.3389257996841727,0.37454688271105213,c234,c5
14003,0.4253784998922037,0.36639427200006564,0.20822722810773056,c234,c1
9443,0.2755486756892623,0.3509159436573979,0.3735353806533398,c5,c5
4048,0.3225371146672637,0.41578658392578005,0.2616763014069563,c5,c234
8739,0.2538118030048863,0.3843124540866538,0.36187574290845986,c5,c234
20057,0.46316741501704567,0.3803998335188054,0.15643275146414884,c1,c1
6154,0.5512783327707005,0.313657226326104,0.13506444090319572,c1,c1
19850,0.27174600829935025,0.34229994018178395,0.3859540515188658,c5,c5
1251,0.359140801079899,0.3887346924070286,0.25212450651307244,c5,c234
13235,0.28100844371634215,0.41585913491723303,0.30313242136642476,c5,c234
7440,0.21819727937133462,0.32667816716150544,0.45512455346716,c1,c5
9084,0.414093924936895,0.3460697715765101,0.23983630348659485,c1,c1
19503,0.20598749809444666,0.29328023669500747,0.5007322652105458,c234,c5
11212,0.2686123759884665,0.47011902587706933,0.2612685981344642,c1,c234
14468,0.1329279712711043,0.31003890812596757,0.557033120602928,c234,c5
2328,0.40849199187277907,0.29220575461704346,0.2993022535101776,c234,c1
9075,0.5139689894419679,0.31821943738040515,0.16781157317762693,c234,c1
320,0.4719631927259231,0.28131503596934226,0.24672177130473458,c5,c1
4426,0.375617907502112,0.3509420971775089,0.27343999532037916,c234,c1
13306,0.3277490810886089,0.3634088604058215,0.30884205850556967,c234,c234
3407,0.2597267334315636,0.41723361290243455,0.32303965366600196,c5,c234
5275,0.24863410045832562,0.3421516091697542,0.40921429037192014,c5,c5
2493,0.21232924725708058,0.4045942751459082,0.3830764775970112,c234,c234
10779,0.3244353486265761,0.4142844631768526,0.2612801881965714,c234,c234
18699,0.07008859372245531,0.2519603600646853,0.6779510462128593,c5,c5
5323,0.29095889893727106,0.3664305863214486,0.3426105147412804,c234,c234
4216,0.48456456735592973,0.2555193431748739,0.25991608946919625,c1,c1
13350,0.41113574988822166,0.3294893561367589,0.25937489397501945,c1,c1
2888,0.5138375692597814,0.3534285580613204,0.1327338726788982,c1,c1
1999,0.32556806989664494,0.35627821340298815,0.3181537167003668,c234,c234
16470,0.17712912522453575,0.4473132897358984,0.3755575850395659,c1,c234
19469,0.4104708217205508,0.4498820483242854,0.13964712995516376,c234,c234
16100,0.17114760590536277,0.23427708672116698,0.5945753073734703,c5,c5
1198,0.4338519932288337,0.30699437407901825,0.25915363269214803,c1,c1
14825,0.4617617267060014,0.3901848858704254,0.1480533874235732,c1,c1
10849,0.5375909855561044,0.2327814842616196,0.22962753018227597,c1,c1
15534,0.478499544469822,0.35785321072519694,0.16364724480498113,c1,c1
11052,0.31384134417528864,0.3399722325689103,0.3461864232558012,c5,c5
15433,0.16916356076019964,0.458795448993372,0.3720409902464284,c5,c234
19125,0.24791476889943126,0.4380043778823022,0.3140808532182665,c1,c234
8931,0.1893343861747024,0.42320407008580324,0.38746154373949426,c234,c234
16063,0.20412224516071822,0.4070066831696704,0.3888710716696114,c234,c234
11000,0.2117454435196809,0.4367267430490238,0.35152781343129536,c1,c234
7539,0.14757726108635943,0.3411650805912875,0.511257658322353,c1,c5
10113,0.34756805478498193,0.45450203117296806,0.19792991404205,c1,c234
11763,0.2661995704249044,0.26816761087561086,0.46563281869948475,c1,c5
10955,0.19370294756194173,0.36739878000268666,0.4388982724353717,c1,c5
6980,0.3337786255224816,0.3558438102809639,0.3103775641965545,c5,c234
16843,0.6575323211008888,0.27317170476431707,0.0692959741347942,c1,c1
12021,0.4564892790991502,0.3638276220369049,0.1796830988639449,c234,c1
19958,0.16498142001827829,0.5424652496884699,0.2925533302932518,c234,c234
7881,0.406684889392037,0.3488514685514354,0.24446364205652765,c1,c1
11950,0.6118949548945072,0.2906875713120262,0.09741747379346648,c234,c1
11585,0.4638258557178947,0.2431084268932035,0.29306571738890175,c1,c1
17712,0.2044880784449929,0.3514581195283397,0.4440538020266674,c234,c5
6526,0.2537687863261947,0.3156606043740343,0.430570609299771,c5,c5
18379,0.16419542402416537,0.36206270259387907,0.4737418733819555,c5,c5
4431,0.17698236915125753,0.31569204125603084,0.5073255895927116,c5,c5
7492,0.20639850737630558,0.3223742791800935,0.47122721344360097,c234,c5
15418,0.25111985421578253,0.35797310338088395,0.3909070424033335,c1,c5
16519,0.4193758452095837,0.28822817921236993,0.29239597557804636,c5,c1
2366,0.31263380677490576,0.43091302229366424,0.25645317093142994,c1,c234
2803,0.20265196728236773,0.32514684087198553,0.47220119184564674,c234,c5
5180,0.18199876928237246,0.27149908579675375,0.5465021449208737,c234,c5
19297,0.13157234925654188,0.38510062632998526,0.4833270244134729,c5,c5
3962,0.5638825234716405,0.32026376564758036,0.11585371088077927,c1,c1
3607,0.2980029320274716,0.47176013890050045,0.23023692907202795,c5,c234
923,0.1541524530870126,0.32353849074494245,0.5223090561680449,c234,c5
738,0.3294702574187048,0.361809047454268,0.3087206951270272,c5,c234
15666,0.39315994131818766,0.3168360992608613,0.290003959420951,c1,c1
18950,0.21454270807604559,0.2893683759852615,0.4960889159386929,c234,c5
3999,0.2224341345978607,0.3039626032581314,0.4736032621440078,c1,c5
4697,0.4631785652529018,0.35882279526758254,0.17799863947951572,c1,c1
6358,0.20356241696324046,0.3457013730368022,0.45073620999995745,c234,c5
14906,0.2639143825047813,0.3533978367917081,0.3826877807035106,c5,c5
2712,0.20657025130428047,0.3756459506556752,0.4177837980400444,c234,c5
8305,0.2962336466000606,0.49704962562984506,0.20671672777009426,c234,c234
11020,0.15768279965618998,0.29029588379985444,0.5520213165439556,c5,c5
14260,0.32576664039670356,0.3468797136129928,0.3273536459903036,c1,c234
17440,0.10756214706053494,0.40005837789793086,0.49237947504153434,c234,c5
6268,0.38940735166215246,0.39063236815800584,0.2199602801798417,c1,c234
340,0.45302254437045464,0.3263161714894866,0.22066128414005864,c1,c1
7482,0.18337161922462789,0.43914535297412816,0.377483027801244,c234,c234
6602,0.18806617081435578,0.3502210505000057,0.46171277868563865,c1,c5
18019,0.11347362727995121,0.4103371175772046,0.47618925514284427,c1,c5
18353,0.19576998092371392,0.2571620934839163,0.5470679255923699,c5,c5
15790,0.27849399318788565,0.27079765595067296,0.45070835086144145,c1,c5
4927,0.4802689963804596,0.41393231526803403,0.10579868835150634,c234,c1
9134,0.33620005009869686,0.26639887059063105,0.3974010793106721,c234,c5
18188,0.1578211099067103,0.3250779327932648,0.5171009573000249,c5,c5
16021,0.2670080120387498,0.36474198157087,0.36825000639038025,c1,c5
18932,0.24473032748082701,0.36419237485376527,0.3910772976654077,c1,c5
1868,0.2741270959812467,0.33565770199283573,0.3902152020259176,c234,c5
18755,0.5143312212276759,0.3055492281810851,0.18011955059123905,c1,c1
13621,0.34039677915402117,0.41541078819475546,0.2441924326512233,c1,c234
19111,0.2747143998090051,0.39342719967168177,0.33185840051931315,c1,c234
17118,0.2933429874614707,0.3972852242191932,0.3093717883193361,c1,c234
7714,0.521847674661793,0.31855227875479775,0.15960004658340912,c5,c1
2340,0.12713373471425266,0.3962802101937678,0.47658605509197943,c5,c5
5888,0.430307999999415,0.3740653444538606,0.1956266555467244,c1,c1
6482,0.3907375145386806,0.31280819988354946,0.2964542855777698,c5,c1
13907,0.4398819202224839,0.3455409193715073,0.21457716040600877,c1,c1
2680,0.1709370936165339,0.2794168812137704,0.5496460251696957,c5,c5
14288,0.23027703166569297,0.5380854907619405,0.2316374775723665,c234,c234
1293,0.1587110741649545,0.4223522991995443,0.41893662663550124,c234,c234
1137,0.27635562727955315,0.32973638054167165,0.39390799217877526,c234,c5
9027,0.2392747989703604,0.25341082748059995,0.5073143735490396,c234,c5
20055,0.345076950428551,0.32025799115393666,0.3346650584175124,c1,c1
9350,0.23212161196615683,0.37908000232059,0.3887983857132532,c234,c5
12377,0.15609352127335288,0.18403832198736125,0.6598681567392859,c5,c5
18187,0.17546155749801795,0.38210507428942997,0.442433368212552,c1,c5
10964,0.40228204487877306,0.3093306263201418,0.28838732880108514,c234,c1
14018,0.42385535416494874,0.3946040626650637,0.1815405831699875,c234,c1
8282,0.38562497221588654,0.3596744334844324,0.25470059429968106,c1,c1
5406,0.1169245146392162,0.4775312667507177,0.40554421861006607,c1,c234
17504,0.46077303272621484,0.2651510500376114,0.27407591723617375,c1,c1
10583,0.29046880839667877,0.4933193355652972,0.216211856038024,c1,c234
13248,0.25669856186968987,0.327048507519414,0.4162529306108961,c234,c5
18348,0.23719080721343005,0.36400062613842127,0.3988085666481486,c5,c5
15330,0.31891187709720725,0.40062324055439086,0.28046488234840183,c234,c234
5902,0.5687179972453207,0.3194391331332148,0.11184286962146446,c234,c1
2263,0.45670979302719433,0.3056248713156453,0.2376653356571603,c1,c1
13020,0.3271860350193988,0.29753859330933585,0.3752753716712654,c1,c5
4899,0.42334757287352554,0.2648392109922617,0.31181321613421276,c1,c1
9029,0.43375708935768315,0.3393044492749425,0.22693846136737425,c234,c1
17584,0.24878943093126313,0.40290668098773724,0.34830388808099966,c234,c234
15016,0.3874923872911841,0.41730192243287256,0.1952056902759434,c234,c234
7838,0.4045752505959673,0.329632373242436,0.26579237616159673,c5,c1
10241,0.1838808182013888,0.268144407298577,0.5479747745000343,c234,c5
8823,0.3566164222913473,0.3392173657788403,0.30416621192981236,c5,c1
6225,0.4640712500160872,0.23283307220314614,0.3030956777807666,c1,c1
5822,0.34769526637554,0.45852072617884876,0.19378400744561128,c1,c234
19849,0.18665083261550253,0.4469897735845426,0.36635939379995486,c234,c234
7425,0.4756963716975945,0.3331209283101846,0.1911826999922209,c234,c1
17531,0.4277889646808627,0.3141446939732304,0.25806634134590684,c1,c1
1426,0.20598578866122383,0.37366954516296713,0.42034466617580896,c5,c5
3285,0.49017547201707057,0.33281327859036197,0.17701124939256746,c234,c1
13604,0.6706198796856185,0.23480011777247567,0.0945800025419058,c1,c1
5481,0.15776302970251493,0.30821338618987515,0.53402358410761,c5,c5
1965,0.24195333634726027,0.26382034496516615,0.4942263186875736,c5,c5
13666,0.33854922567726276,0.3818918838182951,0.2795588905044421,c1,c234
17133,0.20350723853738745,0.2644843129408301,0.5320084485217824,c1,c5
18067,0.2509925033784497,0.32565765227198373,0.4233498443495665,c5,c5
5870,0.2020999720417694,0.4451404385063439,0.35275958945188673,c5,c234
11524,0.1885458259086209,0.27243266982999553,0.5390215042613835,c5,c5
3948,0.5926006966773736,0.2320741186875735,0.17532518463505312,c5,c1
1006,0.43844192092411927,0.41120489055489734,0.15035318852098345,c1,c1
16918,0.4253784998922037,0.36639427200006564,0.20822722810773056,c234,c1
7937,0.6212466486030634,0.2701557784739307,0.1085975729230059,c5,c1
14715,0.18276018537404543,0.39164000453877496,0.4255998100871795,c234,c5
14303,0.22952092248935524,0.48919306822463576,0.2812860092860089,c1,c234
7599,0.4631980917215247,0.3195333322807203,0.217268575997755,c5,c1
9816,0.5762966661760289,0.19271610851773377,0.23098722530623722,c1,c1
14486,0.19148641189174226,0.4385951349018932,0.3699184532063645,c1,c234
14358,0.17191325789004958,0.3231362913663742,0.5049504507435763,c234,c5
17076,0.07597914719612378,0.2034339048239054,0.7205869479799709,c5,c5
9736,0.22048025175519687,0.40621194514491094,0.3733078030998923,c1,c234
7959,0.35546614113224895,0.3917149963634791,0.2528188625042719,c234,c234
3442,0.5261651364150746,0.3435622745387553,0.13027258904617017,c234,c1
5416,0.5196125671618472,0.36092229989251,0.11946513294564287,c1,c1
11514,0.6278784589300802,0.23965164707718975,0.13246989399273018,c1,c1
2729,0.2686637402057926,0.37619977144890704,0.3551364883453004,c5,c234
17307,0.2448407851122001,0.3136482255538038,0.44151098933399613,c234,c5
15488,0.3769564366863567,0.35240173007313735,0.27064183324050595,c1,c1
4563,0.28585397321722417,0.3272178518254585,0.3869281749573174,c5,c5
138,0.22138034434366433,0.258860202573252,0.5197594530830838,c5,c5
1545,0.6150758045104734,0.2327586251409814,0.15216557034854516,c1,c1
2533,0.33218023239994243,0.3704792673878464,0.29734050021221115,c234,c234
17810,0.1767384531382163,0.3681049569311493,0.4551565899306345,c5,c5
15141,0.2665929537855417,0.43777861433185344,0.2956284318826048,c1,c234
214,0.2934571068837487,0.330357327303315,0.3761855658129363,c1,c5
16430,0.4799548011391198,0.40052216523899675,0.11952303362188339,c234,c1
15951,0.4249158362336475,0.2602379246046296,0.3148462391617229,c5,c1
1653,0.2248640476475575,0.35994400127471404,0.4151919510777283,c234,c5
8789,0.3191237647617079,0.314727999893741,0.36614823534455115,c1,c5
19444,0.45761174289680007,0.38407975948141393,0.15830849762178595,c1,c1
10457,0.268740904340112,0.4510790501714041,0.2801800454884839,c234,c234
7743,0.14592974648901302,0.34292402026820834,0.5111462332427786,c5,c5
15213,0.3254879794382378,0.35870433729879225,0.3158076832629699,c234,c234
18059,0.25842406129637385,0.2937454003736694,0.4478305383299567,c234,c5
19793,0.439671718867909,0.27060218250661755,0.2897260986254734,c234,c1
12915,0.17454565531553506,0.5255146706039608,0.29993967408050415,c1,c234
14102,0.5468757311549853,0.29639693005789847,0.1567273387871162,c234,c1
6162,0.16167037021497443,0.3911098900940905,0.4472197396909351,c5,c5
7534,0.18735017956761696,0.40602771685179945,0.4066221035805836,c5,c5
17293,0.1453225196215821,0.2965948316244079,0.5580826487540098,c5,c5
874,0.2980699156857527,0.40527491345126326,0.296655170862984,c234,c234
2549,0.14189210292438123,0.2741872497064911,0.5839206473691276,c5,c5
8860,0.20766194065814073,0.49156110060234726,0.300776958739512,c234,c234
17991,0.1814151434105404,0.23737872657737746,0.5812061300120821,c234,c5
12037,0.6359087507630439,0.2521282100365717,0.11196303920038446,c1,c1
15172,0.2782104041493857,0.4254241501500605,0.2963654457005539,c234,c234
16042,0.380365901483035,0.3376371980584056,0.2819969004585594,c1,c1
10069,0.3619952731073889,0.3470176932979278,0.29098703359468325,c234,c1
16609,0.4249158362336475,0.2602379246046296,0.3148462391617229,c5,c1
2753,0.415185548422411,0.35736995512649894,0.22744449645109,c1,c1
3375,0.4428575954402567,0.467511101865927,0.08963130269381621,c5,c234
7185,0.2057681231447345,0.2545627329847838,0.5396691438704816,c234,c5
799,0.28073482850125137,0.36756624596917126,0.3516989255295774,c234,c234
12388,0.40913849884430603,0.3849315561507035,0.2059299450049905,c1,c1
489,0.306261528678911,0.33680399000408484,0.3569344813170042,c5,c5
18469,0.18601646025331836,0.5018913725556734,0.3120921671910083,c1,c234
12967,0.24613585109555594,0.2422050873520302,0.5116590615524139,c5,c5
9518,0.1674623163135988,0.31084306124351013,0.5216946224428911,c234,c5
19676,0.14141659925146682,0.2712357166899405,0.5873476840585926,c234,c5
16773,0.42899103689320023,0.3117525134188527,0.25925644968794714,c1,c1
19955,0.19412296392595374,0.39477957300466004,0.4110974630693861,c234,c5
15829,0.39164569183853654,0.38867761326618855,0.219676694895275,c234,c1
7045,0.4059049361677527,0.21399728904882984,0.38009777478341755,c1,c1
2571,0.22704030565829442,0.2964713573223895,0.47648833701931625,c234,c5
8964,0.4024503994977472,0.25218826868762667,0.345361331814626,c5,c1
15008,0.2971259589700429,0.3799517291869217,0.3229223118430354,c234,c234
19160,0.6891507641731118,0.20748995329276648,0.1033592825341216,c5,c1
11667,0.16472199735505136,0.39714318444436114,0.43813481820058753,c1,c5
4855,0.26834906117171453,0.327229560030892,0.4044213787973934,c5,c5
17170,0.2543290326348883,0.5364036710351543,0.2092672963299574,c234,c234
1604,0.4269803188487651,0.28878778370676794,0.284231897444467,c1,c1
6675,0.18559908826295402,0.3992991085600305,0.4151018031770156,c234,c5
12560,0.6371380472164426,0.21020702114008616,0.15265493164347124,c234,c1
17208,0.1456256989242269,0.37854555233916537,0.47582874873660774,c234,c5
10472,0.5051010136001424,0.3661095164052036,0.12878946999465413,c234,c1
2778,0.3198014370135618,0.35145472440352865,0.32874383858290956,c234,c234
4673,0.46092787373065536,0.3491868073784414,0.1898853188909032,c1,c1
13871,0.4287826660219628,0.37469756136242793,0.19651977261560932,c234,c1
7662,0.1823707157680779,0.4069837402928257,0.4106455439390964,c5,c5
15588,0.16660381321506945,0.32369761477897174,0.5096985720059589,c5,c5
3667,0.3644699275257644,0.31096458960747286,0.32456548286676273,c1,c1
15514,0.21598140660544812,0.4300471885765888,0.3539714048179631,c5,c234
15859,0.5222198561907274,0.3192472050464047,0.15853293876286795,c234,c1
15924,0.10052699860029221,0.29049550337253205,0.6089774980271757,c5,c5
8948,0.5533980569580718,0.24347794457635508,0.2031239984655732,c1,c1
9756,0.35866904708846165,0.36837144016179596,0.27295951274974234,c234,c234
5066,0.23964367113157806,0.2884563597829122,0.4718999690855098,c234,c5
19777,0.495911579381601,0.3658157379417182,0.13827268267668083,c234,c1
9901,0.16600406309365343,0.29317750210632,0.5408184348000266,c234,c5
3859,0.21277188750292336,0.4380520508972632,0.34917606159981335,c234,c234
3944,0.26875104040637876,0.31279119900681956,0.4184577605868018,c5,c5
11131,0.3244959481107904,0.38283691778569656,0.2926671341035131,c5,c234
15989,0.19430372148691574,0.46005219463230296,0.3456440838807813,c234,c234
5266,0.5813551371731547,0.31927926027658177,0.09936560255026364,c1,c1
1585,0.14423653496302985,0.3320096162301831,0.523753848806787,c234,c5
4266,0.14433387581913315,0.38473297981203236,0.47093314436883454,c234,c5
15422,0.1843514102896628,0.323726381424647,0.4919222082856901,c5,c5
3470,0.36650351618249655,0.3927460750478514,0.24075040876965198,c234,c234
4099,0.21032376224564236,0.32161725284652903,0.4680589849078286,c5,c5
3336,0.2604570655856996,0.38515148289653817,0.35439145151776225,c234,c234
16521,0.09691560563368173,0.30441252761137905,0.5986718667549391,c5,c5
5929,0.39275751640628453,0.2966580501789946,0.31058443341472086,c1,c1
19354,0.4066196177630751,0.2924688513393394,0.3009115308975855,c1,c1
5907,0.22523363969292723,0.40912640548702317,0.36563995482004946,c1,c234
13674,0.16110412410240024,0.2780233076188984,0.5608725682787015,c234,c5
7352,0.2035031322873341,0.40468160216418597,0.39181526554847995,c234,c234
17552,0.20691121026554207,0.4312447733208967,0.36184401641356123,c5,c234
8107,0.11626287738253549,0.4260102118648851,0.4577269107525795,c234,c5
830,0.43506970156067143,0.334769698076612,0.23016060036271652,c5,c1
349,0.3131871710432258,0.4138092094357395,0.27300361952103464,c5,c234
6376,0.2424343370385195,0.5560864802697243,0.2014791826917562,c1,c234
9039,0.19684549599065432,0.4433080655144389,0.35984643849490683,c234,c234
2582,0.19735482665100376,0.4009324797649317,0.4017126935840646,c5,c5
13659,0.15265794021480858,0.2579631023092552,0.5893789574759364,c5,c5
19280,0.19328231077741234,0.25732372249973146,0.5493939667228561,c234,c5
4828,0.22204149928227404,0.4701517776314879,0.30780672308623813,c234,c234
14889,0.18204133510308407,0.39875704966376907,0.4192016152331468,c234,c5
14098,0.13709450249602292,0.39277704087623766,0.4701284566277394,c5,c5
10058,0.5625205615607987,0.19147016681821577,0.24600927162098563,c234,c1
2993,0.17915235223730072,0.32974184480949464,0.4911058029532045,c5,c5
9176,0.3190991062427477,0.5169624825451543,0.16393841121209793,c234,c234
19846,0.2623990038018074,0.32885376273142697,0.4087472334667657,c234,c5
11921,0.17683247562787935,0.34956588936804217,0.4736016350040784,c1,c5
19063,0.5027739879134296,0.2732904741737815,0.22393553791278892,c1,c1
18312,0.2430038578345095,0.32465217504711563,0.4323439671183749,c5,c5
11871,0.3703865557962645,0.32524790333948733,0.30436554086424816,c234,c1
2207,0.1662414565443216,0.3414012583734769,0.49235728508220156,c5,c5
6767,0.39052096746564396,0.37393205825732234,0.23554697427703367,c234,c1
3008,0.34771103649475377,0.4357389064986437,0.21655005700660265,c5,c234
8206,0.36581556623793965,0.3572766359703239,0.2769077977917364,c1,c1
4391,0.3227321005102249,0.44126783256801494,0.23600006692176018,c234,c234
3104,0.46077303272621484,0.2651510500376114,0.27407591723617375,c234,c1
14149,0.45670979302719433,0.3056248713156453,0.2376653356571603,c1,c1
16300,0.18999289355700363,0.3745855815228558,0.4354215249201405,c1,c5
14717,0.38406848108448494,0.5048768262820599,0.11105469263345524,c5,c234
4763,0.19704618604106724,0.2633078261601818,0.539645987798751,c5,c5
1505,0.3498216290808315,0.4532015294478889,0.19697684147127964,c1,c234
17326,0.14151109384435132,0.3900897485228688,0.46839915763277984,c5,c5
17652,0.25775195005797036,0.43351788083472104,0.3087301691073086,c1,c234
14270,0.14354777281388698,0.1845572136272891,0.6718950135588239,c5,c5
4914,0.25953526208794714,0.4034413974050211,0.33702334050703175,c5,c234
7773,0.42400429305361165,0.34982614055948513,0.22616956638690322,c1,c1
15930,0.3477053544082251,0.2526363880990963,0.39965825749267864,c5,c5
4593,0.3513157827346166,0.3680310965197895,0.2806531207455939,c234,c234
17339,0.2512218863158749,0.221406510101873,0.527371603582252,c5,c5
10749,0.3391003240393643,0.3185569997261338,0.3423426762345018,c234,c5
8787,0.2609798258063874,0.3055036473578186,0.43351652683579395,c5,c5
1499,0.2781986246694318,0.36279948343821167,0.3590018918923566,c234,c234
5248,0.4218275536868317,0.3506085138546632,0.22756393245850512,c1,c1
16980,0.2165041005415614,0.3117885253071094,0.4717073741513292,c5,c5
8423,0.423400440080327,0.35872337213043676,0.21787618778923618,c1,c1
4618,0.3667350553267267,0.3255892781255596,0.3076756665477137,c1,c1
2393,0.23883231050675202,0.42866015923092443,0.33250753026232355,c1,c234
9175,0.3568549036275318,0.30022604809263687,0.34291904827983133,c234,c1
1007,0.294381217361969,0.39438651116961243,0.31123227146841864,c5,c234
9890,0.37286940841482374,0.3425832815766757,0.28454731000850053,c1,c1
11762,0.19034319015635703,0.2556780870472869,0.5539787227963561,c5,c5
4334,0.16904970718626983,0.398392952894005,0.4325573399197252,c1,c5
11094,0.7076160086075516,0.2212000421396548,0.07118394925279362,c1,c1
10892,0.31895682971614503,0.30037750530762963,0.38066566497622534,c1,c5
19814,0.44789876159231606,0.32328157874803,0.22881965965965384,c1,c1
11019,0.1754441614985712,0.32306016003400184,0.501495678467427,c5,c5
5701,0.4280596149409311,0.3502662977480512,0.22167408731101776,c5,c1
8203,0.4135193154360569,0.34588655803943713,0.2405941265245059,c234,c1
6185,0.3178712331886421,0.3922905434528302,0.28983822335852766,c1,c234
16828,0.4618062788358085,0.325675192101002,0.21251852906318952,c1,c1
3036,0.6459922786869339,0.2681014634623334,0.08590625785073269,c1,c1
14629,0.1838808182013888,0.268144407298577,0.5479747745000343,c5,c5
159,0.1891694982372058,0.37201819434434397,0.43881230741845034,c5,c5
7493,0.34019716744447626,0.3010526571644284,0.35875017539109527,c1,c5
18585,0.16023241553245687,0.4030328731594732,0.43673471130807,c5,c5
1692,0.2441602699557864,0.29064076732923666,0.4651989627149768,c5,c5
13304,0.18925680468787187,0.29866522228192305,0.5120779730302051,c5,c5
6216,0.20582038447444231,0.3546050112838229,0.4395746042417348,c1,c5
2484,0.5326635158934351,0.25756478303777586,0.2097717010687891,c1,c1
8874,0.19808650840908662,0.22109456404686081,0.5808189275440525,c5,c5
16146,0.2185773738826146,0.28578025756593417,0.49564236855145116,c5,c5
6915,0.19901314171063897,0.48174347170894494,0.3192433865804161,c234,c234
17283,0.6064165594394986,0.3223264094110801,0.07125703114942135,c1,c1
5709,0.38756352482178125,0.26371960820704865,0.3487168669711701,c5,c1
17054,0.37636390838485567,0.2575748772489591,0.36606121436618516,c1,c1
6671,0.226927165613764,0.3319488671944047,0.44112396719183133,c234,c5
10879,0.08898242860365393,0.15509265570660244,0.7559249156897437,c5,c5
16747,0.23981452435939055,0.37411419931062373,0.3860712763299857,c5,c5
1368,0.41267062214296235,0.31278907415413537,0.2745403037029024,c1,c1
18136,0.19811752548402814,0.2523820221977414,0.5495004523182304,c1,c5
16587,0.25548306444244734,0.3699470822701757,0.37456985328737696,c234,c5
2497,0.35667676206868276,0.35169966365802025,0.291623574273297,c1,c1
17182,0.39613703810418277,0.3209814265272667,0.28288153536855065,c234,c1
17683,0.4146299007609481,0.41005075889314063,0.1753193403459113,c1,c1
12088,0.38517534826551975,0.3177891087321493,0.2970355430023309,c234,c1
1927,0.3004842229190661,0.37632213160923755,0.32319364547169643,c234,c234
456,0.38844145318042217,0.41858012572559267,0.19297842109398516,c5,c234
15015,0.45976228521838536,0.3297753606408974,0.2104623541407172,c234,c1
9460,0.35021614081216745,0.41549401926937984,0.2342898399184527,c1,c234
7401,0.19831329527402158,0.29581127166885873,0.5058754330571197,c5,c5
6175,0.4159175750813883,0.30251547338106566,0.28156695153754596,c1,c1
3771,0.37257923606749,0.2460744850017032,0.3813462789308068,c5,c5
14651,0.2057281211759286,0.33867683286388706,0.4555950459601844,c1,c5
19744,0.4354587659908719,0.4174822669066094,0.14705896710251876,c1,c1
8460,0.3202794010266183,0.3596298577258836,0.32009074124749815,c234,c234
14655,0.33400800613536025,0.4117237232841136,0.2542682705805261,c1,c234
7092,0.4253784998922037,0.36639427200006564,0.20822722810773056,c234,c1
12391,0.3591254276009909,0.3628910768319429,0.27798349556706614,c1,c234
8212,0.2567126207952933,0.3770087823270808,0.366278596877626,c1,c234
16416,0.3063085420440196,0.38939667166744146,0.304294786288539,c5,c234
16956,0.2581036406766669,0.39181561416684857,0.3500807451564846,c5,c234
141,0.26478746358851935,0.38631783258829006,0.34889470382319054,c5,c234
7851,0.5738449443983173,0.32919353705456555,0.09696151854711703,c5,c1
2033,0.34393265259741723,0.33731504630229026,0.31875230110029257,c1,c1
782,0.2851248663841848,0.3976943934074312,0.31718074020838405,c234,c234
4109,0.25664170511554624,0.3275474890406772,0.4158108058437765,c5,c5
12389,0.4720049939472295,0.22100451636822088,0.30699048968454956,c5,c1
16427,0.3127575233855692,0.4309886837041885,0.25625379291024225,c234,c234
5299,0.44928280741039617,0.37263176691321226,0.17808542567639166,c5,c1
10533,0.27241565226081016,0.3324979123419004,0.3950864353972895,c5,c5
1317,0.34225623372865577,0.3220099756443645,0.3357337906269797,c1,c1
11526,0.4816945336722016,0.3056876210501011,0.21261784527769728,c1,c1
1320,0.4279699089083728,0.36331561387278893,0.20871447721883843,c234,c1
5426,0.22498774445189143,0.45789693496705974,0.3171153205810489,c5,c234
14681,0.44025697001389935,0.28506473221259676,0.2746782977735037,c5,c1
3577,0.10527817946388354,0.34892462464792134,0.5457971958881951,c234,c5
10151,0.33549369934681716,0.44923906147039483,0.21526723918278798,c5,c234
17525,0.25330276113133837,0.40788837472617806,0.33880886414248346,c1,c234
16592,0.14061046635569435,0.2949471747245872,0.5644423589197183,c5,c5
16608,0.19186893046861347,0.2869308405834773,0.5212002289479093,c1,c5
19143,0.18029557883676164,0.41139817269214146,0.4083062484710969,c234,c234
17310,0.23561595531072044,0.44196672286756034,0.32241732182171917,c234,c234
4432,0.30196499405006066,0.3893478213062212,0.3086871846437182,c1,c234
5365,0.2759898938928673,0.33898030701921383,0.3850297990879188,c234,c5
10064,0.23957532558766345,0.288692292859356,0.4717323815529805,c1,c5
10060,0.12631143730911276,0.334479943108083,0.5392086195828043,c5,c5
12934,0.27130757414934414,0.3014507361737981,0.42724168967685766,c1,c5
13138,0.23850788611110385,0.4340474072198598,0.32744470666903636,c5,c234
16357,0.2533036593442264,0.4423165721119952,0.3043797685437784,c1,c234
15390,0.2698799972793663,0.3328218638179107,0.3972981389027231,c5,c5
19187,0.46963726924599375,0.3847283263431322,0.145634404410874,c234,c1
12317,0.2860207539945536,0.3582105186631948,0.3557687273422515,c1,c234
2874,0.3262709222924599,0.38848140976644907,0.285247667941091,c234,c234
12839,0.31215948249705316,0.36092049527116093,0.32692002223178596,c5,c234
1523,0.29803216089422957,0.21382428731946188,0.4881435517863085,c5,c5
7113,0.3861328095388444,0.3072676620578968,0.3065995284032588,c1,c1
7227,0.2089048051018029,0.3673016937166489,0.42379350118154824,c234,c5
3430,0.2568353923645089,0.32108635746788083,0.42207825016761025,c234,c5
3444,0.27497491689694187,0.3489443759601427,0.3760807071429154,c1,c5
17742,0.4108413030857956,0.4786944597464286,0.11046423716777587,c5,c234
14686,0.5224032074859439,0.35277157581600027,0.12482521669805594,c1,c1
9742,0.250811736357686,0.37485285286449693,0.3743354107778171,c234,c234
7098,0.3739134056566324,0.330438790393182,0.29564780395018553,c234,c1
9670,0.3376496014115079,0.4030815205582782,0.25926887803021403,c234,c234
13778,0.18724269322994408,0.39751628256859345,0.41524102420146247,c1,c5
14548,0.5272038462279937,0.349542573883913,0.12325357988809331,c1,c1
7487,0.2549298189491516,0.43598016284745117,0.30909001820339727,c234,c234
9448,0.34765589945678044,0.3446427181582837,0.3077013823849359,c234,c1
13152,0.4020608961901021,0.27835307024925154,0.3195860335606463,c1,c1
3851,0.1493225135059721,0.498386371294226,0.35229111519980194,c5,c234
18069,0.38278823261251266,0.3691628578191824,0.24804890956830486,c1,c1
1448,0.29156869309046274,0.32342336963081364,0.38500793727872357,c5,c5
16214,0.5738449443983173,0.32919353705456555,0.09696151854711703,c234,c1
15894,0.19985740300528218,0.24532577314845083,0.5548168238462671,c5,c5
6955,0.6031942424529816,0.25816499473325905,0.13864076281375937,c1,c1
8945,0.4948328037766502,0.3234869363974703,0.1816802598258796,c234,c1
4482,0.3374115982437222,0.2981538228359873,0.36443457892029046,c1,c5
1855,0.35037732450004777,0.3588049145515145,0.2908177609484378,c234,c234
13331,0.17683247562787935,0.34956588936804217,0.4736016350040784,c234,c5
10809,0.16791706799579592,0.3965962806174962,0.4354866513867079,c234,c5
3848,0.33641451239459863,0.377948732857236,0.2856367547481654,c234,c234
4188,0.5008206602542145,0.3548686310513848,0.14431070869440069,c1,c1
7520,0.26924940123229185,0.420358595313555,0.3103920034541531,c1,c234
7645,0.43837619535398653,0.4153050756807083,0.14631872896530518,c5,c1
14517,0.5681367746564138,0.3150389541108112,0.11682427123277495,c1,c1
4519,0.2961261900059073,0.23332303874161614,0.47055077125247663,c1,c5
9625,0.44283522275726667,0.262836325372914,0.2943284518698194,c1,c1
13670,0.4278050428491033,0.23383999218509763,0.33835496496579903,c1,c1
956,0.11042700978764715,0.22099578057893496,0.6685772096334179,c5,c5
13279,0.24733035403143327,0.2600274022377439,0.49264224373082277,c5,c5
6882,0.20656930462905948,0.3848122839529472,0.4086184114179933,c5,c5
10266,0.6228840081547692,0.28664543056284103,0.09047056128238969,c1,c1
3419,0.28752622381776094,0.2529914157722264,0.4594823604100127,c234,c5
14152,0.5592243456501567,0.32083227332849773,0.11994338102134568,c1,c1
6497,0.308003985912997,0.2901938522711846,0.4018021618158184,c5,c5
6266,0.18944972828601847,0.2996176708663399,0.5109326008476416,c5,c5
8009,0.21516402365092868,0.3627964308767438,0.42203954547232747,c234,c5
19921,0.09387389943772358,0.36408976938768955,0.542036331174587,c5,c5
4754,0.4596990572031244,0.42042102768721284,0.11987991510966281,c234,c1
1634,0.2687199665651349,0.3592821407420227,0.37199789269284245,c5,c5
18800,0.23169303201987793,0.2335095660621977,0.5347974019179244,c234,c5
11113,0.18292476723372206,0.33239490721456244,0.48468032555171553,c234,c5
13828,0.18708701273240202,0.29467698695949257,0.5182360003081053,c5,c5
1685,0.3030120412075056,0.2596876842114294,0.437300274581065,c1,c5
109,0.22286352005317522,0.2927750718277275,0.4843614081190973,c234,c5
15685,0.29232539179216,0.2912983153824823,0.4163762928253577,c5,c5
6540,0.425781699562763,0.4605834001550235,0.11363490028221346,c234,c234
18851,0.34342871483558085,0.3935750331813795,0.26299625198303966,c234,c234
14167,0.20754630879136454,0.3084614031327368,0.4839922880758986,c234,c5
13914,0.29306283398421823,0.35231605244904896,0.3546211135667328,c5,c5
15469,0.5598793978741499,0.3236356194548514,0.11648498267099883,c234,c1
5468,0.4969081897988584,0.28552196001130814,0.2175698501898334,c1,c1
13214,0.2779357845381112,0.3661326143371132,0.3559316011247756,c5,c234
16547,0.5859935497656673,0.2994702736978011,0.11453617653653145,c1,c1
19067,0.46454593193716864,0.29155925240706787,0.24389481565576349,c1,c1
17238,0.20485274894948144,0.38806225380987514,0.40708499724064345,c1,c5
10336,0.2778742531306871,0.375343162916014,0.3467825839532989,c234,c234
1841,0.11401603183579838,0.3113214160506142,0.5746625521135875,c5,c5
9506,0.19712739405735194,0.39907670983816956,0.4037958961044786,c234,c5
18812,0.2560912400410846,0.31578599227978316,0.42812276767913227,c234,c5
12075,0.3018922421810615,0.3376052934708402,0.36050246434809835,c1,c5
802,0.20973193800355422,0.29683020845640484,0.4934378535400409,c5,c5
17414,0.32283389921151323,0.39065816954338256,0.2865079312451041,c5,c234
17925,0.2332575141820546,0.45543171201621185,0.3113107738017336,c1,c234
16921,0.12008731604337194,0.24194275785196373,0.6379699261046643,c5,c5
10619,0.4338258529915455,0.43931345533990224,0.12686069166855224,c1,c234
13244,0.7840773976774924,0.1498387430706262,0.06608385925188145,c1,c1
4242,0.5450171556238718,0.340492711014355,0.11449013336177323,c234,c1
891,0.2615505199069745,0.36715620818201206,0.3712932719110134,c5,c5
12274,0.32607475009643017,0.3643173419598938,0.3096079079436761,c234,c234
1339,0.3897256752834706,0.4444504642237173,0.16582386049281217,c1,c234
13739,0.31300649587099727,0.27699571157669156,0.40999779255231117,c234,c5
10971,0.2612401851020555,0.42506258641470057,0.31369722848324405,c234,c234
1414,0.233632572098409,0.21392254313809894,0.552444884763492,c5,c5
879,0.4286315012508547,0.34449421996780066,0.2268742787813447,c234,c1
15810,0.32215077189422126,0.3540028455090617,0.32384638259671694,c1,c234
7149,0.16535777215753517,0.3352665850810008,0.4993756427614639,c234,c5
5936,0.30371637644917243,0.22211877702281108,0.47416484652801644,c5,c5
7910,0.2638372874319267,0.40449918861222933,0.33166352395584386,c5,c234
14683,0.5271864143536812,0.2961953679876994,0.1766182176586195,c1,c1
1606,0.33747893456910594,0.24742548697378602,0.415095578457108,c1,c5
15870,0.23682607026856975,0.35158024760475814,0.4115936821266721,c1,c5
17600,0.28493831772137906,0.2898886173040317,0.4251730649745892,c5,c5
7179,0.29634599671895767,0.353603865288825,0.3500501379922173,c5,c234
17992,0.5738449443983173,0.32919353705456555,0.09696151854711703,c234,c1
15307,0.16742918375450855,0.4399983358812952,0.39257248036419623,c234,c234
1000,0.4928256382655696,0.31738413934901,0.18979022238542043,c234,c1
11022,0.33191486126605463,0.3745582775141201,0.2935268612198253,c1,c234
15228,0.26445891581036396,0.5077423923172079,0.22779869187242824,c234,c234
7591,0.2748987409981106,0.3091078397743846,0.41599341922750466,c5,c5
4376,0.3239793668191258,0.3632142815318376,0.3128063516490366,c234,c234
54,0.25525197316089293,0.35903135709024137,0.38571666974886576,c5,c5
11125,0.20994929090081663,0.24507029547467535,0.544980413624508,c234,c5
1047,0.2521580672164449,0.30915903835491887,0.4386828944286362,c234,c5
984,0.5189797801290839,0.3384059298910618,0.14261428997985431,c1,c1
661,0.2668636265779616,0.30869293248341634,0.424443440938622,c5,c5
6200,0.23176102008182445,0.3760883781588464,0.39215060175932914,c5,c5
17709,0.30886480206676314,0.30006286823685,0.3910723296963869,c5,c5
11955,0.3997765205396576,0.41618240718370975,0.18404107227663272,c1,c234
6158,0.27980205902923294,0.3101910990541263,0.4100068419166408,c5,c5
14277,0.1783196419167719,0.21881189860777037,0.6028684594754579,c5,c5
8794,0.1613378126060855,0.3076432480332204,0.531018939360694,c5,c5
6712,0.45190568098962747,0.37789038834163974,0.17020393066873288,c234,c1
10876,0.2567774295186422,0.3681494359152083,0.37507313456614944,c5,c5
67,0.22672304962333842,0.3742456182604846,0.399031332116177,c1,c5
15744,0.5738449443983173,0.32919353705456555,0.09696151854711703,c1,c1
8260,0.1718451160145233,0.5470415258029367,0.2811133581825399,c1,c234
11916,0.22280290076766646,0.3799787885370708,0.39721831069526276,c5,c5
12862,0.24203504225102054,0.25560462747213697,0.5023603302768425,c234,c5
10495,0.1817711820755305,0.2994982444996877,0.5187305734247818,c5,c5
12087,0.44342379708839985,0.3872832602489015,0.1692929426626987,c5,c1
16575,0.5306026945766381,0.3526237153038475,0.11677359011951442,c1,c1
13917,0.2905769295112976,0.29143104606496817,0.41799202442373423,c234,c5
16219,0.23675529290874758,0.32567364303620683,0.43757106405504553,c1,c5
15063,0.2593874886916919,0.3773792998721778,0.3632332114361302,c234,c234
15460,0.736616756889813,0.17246856549439776,0.09091467761578949,c1,c1
4198,0.35947355810287185,0.28877619692750756,0.3517502449696206,c234,c1
7649,0.19039194221689487,0.4317117040799955,0.37789635370310964,c5,c234
10736,0.18063372142757858,0.35087659603373855,0.46848968253868284,c5,c5
7576,0.3522514673504372,0.35364320180841724,0.29410533084114554,c1,c234
10133,0.26710095536272355,0.30816749399259974,0.42473155064467677,c5,c5
12466,0.15766618670470614,0.32169795784231264,0.5206358554529811,c5,c5
7058,0.3582498800102719,0.28026742039543284,0.3614826995942952,c1,c5
17393,0.4715856597064903,0.29942399452462326,0.22899034576888636,c1,c1
7513,0.1246066743983613,0.26431167124148874,0.6110816543601499,c5,c5
7435,0.32010614140687527,0.3725734456830335,0.3073204129100913,c234,c234
7836,0.3046870814275083,0.384440658294245,0.3108722602782467,c234,c234
15809,0.09007933317772898,0.28689716979901825,0.6230234970232529,c5,c5
9674,0.2795898805039615,0.4199878434282648,0.3004222760677737,c5,c234
19343,0.3399375447800149,0.31834999954182075,0.3417124556781642,c1,c5
14063,0.5116377845576089,0.28869039693394544,0.19967181850844565,c1,c1
6435,0.3364784750709454,0.3524278366100717,0.3110936883189829,c234,c234
5550,0.26552464907580225,0.3699189681708622,0.3645563827533355,c1,c234
12040,0.3337494654353379,0.30380045345579304,0.36245008110886906,c234,c5
10005,0.1711177364341196,0.37647750121974993,0.45240476234613053,c234,c5
4031,0.5738449443983173,0.32919353705456555,0.09696151854711703,c1,c1
288,0.3483160797884599,0.32451542261274746,0.32716849759879263,c1,c1
16823,0.13786769790457326,0.2786544807672035,0.5834778213282232,c5,c5
5767,0.2707108409093258,0.4138615584816012,0.31542760060907304,c234,c234
13208,0.23746742074610774,0.3119151894947637,0.45061738975912863,c5,c5
17929,0.21938029134306217,0.32869235435241206,0.45192735430452585,c5,c5
18954,0.20189669501500074,0.39633831267252656,0.40176499231247276,c5,c5
5337,0.4253784998922037,0.36639427200006564,0.20822722810773056,c1,c1
11735,0.1878319881344231,0.326993669862562,0.485174342003015,c5,c5
7667,0.45851567402765986,0.39914176325290307,0.14234256271943702,c1,c1
18591,0.2961268590756357,0.27362258516777993,0.43025055575658444,c234,c5
1463,0.22438871419482953,0.3784506304175379,0.39716065538763257,c234,c5
5637,0.314035214866912,0.3234839289399064,0.3624808561931816,c1,c5
12633,0.33620005009869686,0.26639887059063105,0.3974010793106721,c5,c5
17959,0.5813551371731547,0.31927926027658177,0.09936560255026364,c1,c1
9928,0.48989054808747834,0.32283702096496236,0.18727243094755933,c1,c1
14481,0.4429707597671121,0.320924713093085,0.23610452713980293,c1,c1
19570,0.16103155521517407,0.32251756213783184,0.5164508826469941,c5,c5
11347,0.40443562999057053,0.37714683215834716,0.21841753785108228,c1,c1
2041,0.5942365246915647,0.26213614913217176,0.1436273261762635,c1,c1
8384,0.522331059657676,0.2953121080279461,0.18235683231437785,c1,c1
19934,0.13654103089909242,0.3248535593089267,0.538605409791981,c5,c5
19097,0.5224032074859439,0.35277157581600027,0.12482521669805594,c234,c1
17835,0.4963954226128653,0.19319306541311546,0.3104115119740192,c1,c1
17554,0.39522145186161856,0.3653595372298134,0.23941901090856804,c1,c1
5246,0.10137910481763349,0.31349398378283944,0.5851269113995272,c1,c5
9795,0.3120853214916171,0.2973252211978965,0.39058945731048633,c234,c5
1180,0.06572307171393257,0.23885932520431385,0.6954176030817536,c5,c5
2927,0.28435908587168784,0.3772568833094285,0.3383840308188836,c1,c234
18048,0.10137910481763349,0.31349398378283944,0.5851269113995272,c234,c5
3884,0.3291272636895745,0.3434278868357735,0.32744484947465197,c1,c234
3609,0.14430753133306884,0.4079631428872135,0.4477293257797176,c234,c5
15529,0.2426547344791102,0.3779506226652767,0.37939464285561303,c5,c5
12366,0.1884750547279794,0.3635249868392806,0.44799995843274,c1,c5
11155,0.2937039948100176,0.42693974649100996,0.2793562586989725,c1,c234
9560,0.19438789613430962,0.35346103524142686,0.4521510686242635,c234,c5
622,0.24063131825086342,0.3155789969104,0.4437896848387366,c5,c5
14782,0.1337907990332779,0.29936785307694197,0.5668413478897801,c5,c5
15628,0.3903857070283282,0.333863725050502,0.27575056792116986,c1,c1
1262,0.45448326595846406,0.34895500638908084,0.19656172765245516,c5,c1
17080,0.2537557816052196,0.385300222227959,0.3609439961668214,c5,c234
16851,0.25389066704098606,0.5682934056712237,0.17781592728779022,c1,c234
4817,0.4163498078603293,0.2945284005723922,0.28912179156727846,c5,c1
11809,0.4300568275197227,0.376582571579405,0.19336060090087231,c1,c1
5696,0.19372876540164888,0.29248611520609735,0.5137851193922539,c1,c5
3471,0.2809657344909332,0.3373413899406604,0.3816928755684065,c234,c5
1876,0.17504778361690093,0.21180282424073815,0.613149392142361,c5,c5
7720,0.5267411639725603,0.2932163453683769,0.18004249065906278,c5,c1
15992,0.46077303272621484,0.2651510500376114,0.27407591723617375,c5,c1
9844,0.0970210219865876,0.2723092872137086,0.6306696907997038,c5,c5
17210,0.18980355227459605,0.2538126276387671,0.5563838200866369,c5,c5
10899,0.22410034403982187,0.41246649076292147,0.3634331651972567,c1,c234
10627,0.26111043838688813,0.2662888008600293,0.4726007607530825,c5,c5
4874,0.3251752585998696,0.573756708788438,0.10106803261169235,c1,c234
18412,0.24605227287301132,0.43771518037552626,0.31623254675146234,c5,c234
17500,0.30657412199985334,0.377366503667926,0.31605937433222064,c5,c234
9329,0.20346460343956752,0.2898209887249865,0.5067144078354461,c1,c5
7660,0.3267988522886296,0.45377985972401974,0.21942128798735067,c1,c234
6726,0.27040454649702916,0.3700649171216264,0.35953053638134447,c1,c234
12141,0.4214967487038887,0.35968360629850127,0.21881964499761014,c1,c1
17483,0.19355262299150228,0.3939992662994835,0.4124481107090142,c5,c5
5386,0.2168268788781555,0.3243969325126348,0.4587761886092096,c234,c5
17724,0.15200345890301745,0.2653482077213027,0.5826483333756798,c5,c5
6905,0.45670979302719433,0.3056248713156453,0.2376653356571603,c1,c1
4580,0.34390658405886565,0.3146450311072283,0.34144838483390594,c5,c1
4887,0.2477341284945848,0.31684498874375605,0.4354208827616592,c5,c5
9574,0.14460494647703215,0.36790432671484286,0.487490726808125,c5,c5
17966,0.11026814725512335,0.2169738931798396,0.672757959565037,c234,c5
18890,0.1582275031036529,0.23704283733882187,0.6047296595575251,c1,c5
11450,0.33588017211460874,0.2241383947066312,0.43998143317876004,c5,c5
244,0.5070734714955674,0.29776227552326534,0.19516425298116738,c234,c1
998,0.5738449443983173,0.32919353705456555,0.09696151854711703,c234,c1
9661,0.736616756889813,0.17246856549439776,0.09091467761578949,c1,c1
13201,0.6793954278599633,0.23699192603442368,0.08361264610561295,c1,c1
2580,0.5224032074859439,0.35277157581600027,0.12482521669805594,c5,c1
1672,0.20930633135475193,0.38802551013537867,0.4026681585098695,c5,c5
5310,0.4638258557178947,0.2431084268932035,0.29306571738890175,c1,c1
7015,0.448043560891138,0.3904868225966696,0.1614696165121924,c1,c1
5414,0.2571034329214245,0.36373022286028295,0.3791663442182925,c5,c5
4244,0.4280241150313356,0.36138853982375224,0.21058734514491212,c1,c1
17952,0.3383540476644684,0.41249822240386613,0.2491477299316654,c234,c234
4933,0.4253784998922037,0.36639427200006564,0.20822722810773056,c1,c1
8379,0.16570170365924927,0.27357747260837334,0.5607208237323774,c5,c5
2781,0.18126440869491708,0.35674226748006077,0.4619933238250222,c234,c5
9289,0.3076464005312202,0.28997642454694816,0.40237717492183156,c234,c5
11888,0.16969404199553342,0.3122467328721056,0.5180592251323609,c234,c5
15702,0.10144670083200129,0.2859313182029437,0.612621980965055,c5,c5
15772,0.19346257858558238,0.2629419926533198,0.5435954287610978,c5,c5
1856,0.22890309667999048,0.41676919130461887,0.3543277120153906,c234,c234
2896,0.2597596802611905,0.42949979125579524,0.31074052848301437,c5,c234
18426,0.09080126376914556,0.2812378987685701,0.6279608374622845,c5,c5
10794,0.18573672853835493,0.3685023588137983,0.4457609126478467,c234,c5
10142,0.35135717580330084,0.3644940790917586,0.2841487451049406,c5,c234
4706,0.36452134498085254,0.2892752773206559,0.3462033776984916,c5,c1
16358,0.2708628718914808,0.25750606990845826,0.47163105820006096,c5,c5
14936,0.2089206845954541,0.336843615991803,0.45423569941274283,c234,c5
8220,0.24200225747144377,0.4243809941102885,0.3336167484182676,c5,c234
18903,0.5654142021461339,0.1901216047534101,0.244464193100456,c1,c1
10825,0.26678403731029365,0.2965396301566176,0.4366763325330888,c5,c5
8217,0.3675240873598446,0.4562144340487169,0.17626147859143848,c5,c234
5408,0.36973995562615636,0.34892261878892417,0.2813374255849195,c1,c1
12353,0.3345504462140027,0.4109630307206255,0.2544865230653718,c5,c234
13773,0.24561201451240153,0.3805268473650023,0.37386113812259614,c234,c234
11330,0.14850098583213928,0.36782296682325805,0.48367604734460273,c1,c5
1117,0.11677848442195253,0.3150076910463407,0.5682138245317068,c5,c5
7900,0.27603263723303634,0.4566223260792526,0.2673450366877111,c1,c234
15639,0.19154106715320923,0.40222727890248794,0.40623165394430283,c1,c5
17958,0.4249158362336475,0.2602379246046296,0.3148462391617229,c5,c1
10103,0.12895432479884872,0.31755562175021157,0.5534900534509397,c5,c5
14124,0.17127145095521898,0.3160720407108403,0.5126565083339407,c5,c5
15243,0.2796776293691036,0.3790890222514705,0.34123334837942587,c234,c234
6695,0.21470296013335344,0.3221347448332857,0.4631622950333609,c5,c5
15510,0.16778667045173054,0.37379951082118923,0.45841381872708026,c234,c5
12585,0.14697769248650278,0.32227346953919583,0.5307488379743015,c5,c5
5150,0.2876038659667953,0.39063084450289987,0.3217652895303047,c234,c234
8771,0.423400440080327,0.35872337213043676,0.21787618778923618,c5,c1
11595,0.207542686078492,0.6072095127133942,0.18524780120811374,c234,c234
16767,0.15346479923891082,0.3327569004059123,0.5137783003551768,c5,c5
19455,0.6711858846569219,0.23586199912102407,0.09295211622205415,c234,c1
12690,0.33802691342544827,0.22824183401847184,0.4337312525560799,c234,c5
9792,0.3769083849484213,0.2931313507677339,0.3299602642838448,c5,c1
4708,0.11905060826824124,0.2539238201207555,0.6270255716110034,c5,c5
6067,0.10137910481763349,0.31349398378283944,0.5851269113995272,c1,c5
18346,0.21019434777481188,0.2943793861569798,0.49542626606820833,c234,c5
2977,0.3110013853547567,0.42539910180374507,0.2635995128414982,c1,c234
19987,0.15514356887486985,0.32560780882431795,0.5192486223008121,c5,c5
8791,0.5091589329778532,0.3193991628067968,0.17144190421534994,c1,c1
14854,0.18697630704104667,0.30238956366181624,0.5106341292971371,c5,c5
597,0.29848647662272904,0.39156972439470855,0.3099437989825624,c1,c234
13619,0.3179282584130748,0.4822982553512384,0.19977348623568686,c5,c234
15152,0.21744189728975996,0.38891379610694027,0.3936443066032998,c234,c5
7208,0.24553700980045515,0.48205578608585886,0.272407204113686,c1,c234
11263,0.16584078034193644,0.4198275163312128,0.4143317033268509,c5,c234
17942,0.2662554926454295,0.3555558133711746,0.37818869398339594,c1,c5
4928,0.16613861392260526,0.3343422696182809,0.49951911645911373,c234,c5
2528,0.29670559152903586,0.39312839408897593,0.3101660143819882,c5,c234
4647,0.3510792089866281,0.4043242198281134,0.24459657118525852,c234,c234
13072,0.35080208783418326,0.33408953619721216,0.31510837596860464,c234,c1
5077,0.3003543148955403,0.3854079415152591,0.3142377435892006,c234,c234
8,0.22194240684947383,0.31897972533209307,0.4590778678184331,c1,c5
706,0.5619767651398258,0.31752069552173695,0.12050253933843724,c234,c1
11984,0.18571417368306023,0.417163281843086,0.3971225444738538,c234,c234
10117,0.30489920195224895,0.22166470303830654,0.47343609500944445,c1,c5
11388,0.5569003526619827,0.34448978549850373,0.09860986183951352,c1,c1
19684,0.4232009033056289,0.37415741265207875,0.20264168404229244,c1,c1
10159,0.28525177792897805,0.4178905032531678,0.29685771881785417,c234,c234
9203,0.2408041454111574,0.3638842054616653,0.3953116491271773,c234,c5
1828,0.4676090690689271,0.3680899647041311,0.1643009662269419,c1,c1
14947,0.1282245489988838,0.28472313053335785,0.5870523204677582,c5,c5
3783,0.29981634090179027,0.4441925191293434,0.25599113996886635,c234,c234
13031,0.48211227866459766,0.36080995722582976,0.15707776410957258,c5,c1
12929,0.4877580294655693,0.33791684118406395,0.1743251293503668,c1,c1
11249,0.32795384294702024,0.37062808728786395,0.30141806976511576,c1,c234
10273,0.30719108275829565,0.28292794664121035,0.4098809706004939,c1,c5
10920,0.3102203339208728,0.3456996271520541,0.3440800389270731,c1,c234
9096,0.3642234293682822,0.4541538894960281,0.18162268113568963,c1,c234
2640,0.5715183388847926,0.2997873133387789,0.12869434777642852,c234,c1
16155,0.2735685393243776,0.25648203689317606,0.46994942378244636,c234,c5
897,0.26940815391254597,0.31686714091968815,0.4137247051677659,c1,c5
14671,0.24599176224308303,0.40157379740169113,0.35243444035522586,c234,c234
805,0.24916743860469087,0.3724013299267829,0.37843123146852625,c1,c5
337,0.3569012123142802,0.3604882649965867,0.28261052268913317,c5,c234
17682,0.5594661464547306,0.3185307402277858,0.12200311331748363,c234,c1
5289,0.3974436537915114,0.3225727003361409,0.2799836458723477,c1,c1
19784,0.4690939440391233,0.4069048469504624,0.12400120901041427,c1,c1
336,0.22457159734596735,0.3460996160628425,0.42932878659119017,c5,c5
9772,0.4318307773839791,0.318787732943584,0.2493814896724369,c5,c1
9765,0.5487919853969546,0.23630361385035764,0.21490440075268774,c1,c1
2502,0.3011487922310855,0.3720413844150817,0.32680982335383274,c234,c234
11418,0.5375784519366942,0.3176474796574802,0.14477406840582566,c1,c1
3038,0.19951566728661455,0.22840584919596402,0.5720784835174214,c5,c5
588,0.45413997952270835,0.32633808894115035,0.21952193153614127,c1,c1
8881,0.3168101325840143,0.3896725865018709,0.2935172809141148,c234,c234
11299,0.2637837086489576,0.46384871175739306,0.2723675795936492,c234,c234
15553,0.2721200223176524,0.46978880245895,0.25809117522339753,c5,c234
18799,0.41022041893751027,0.33468600715629127,0.25509357390619847,c234,c1
10104,0.4290655536702993,0.2184935611340125,0.35244088519568806,c5,c1
12005,0.28419619629370774,0.3925957337060549,0.32320807000023744,c5,c234
19162,0.4208609244489335,0.2981716276599321,0.28096744789113437,c234,c1
16863,0.31765347266138716,0.29950871647731264,0.3828378108613002,c234,c5
4564,0.23037911539033035,0.45798591141810013,0.31163497319156946,c1,c234
1266,0.3565154591141443,0.3625978546177833,0.2808866862680724,c234,c234
10673,0.32685178491803624,0.3686469875894267,0.30450122749253705,c234,c234
1496,0.360964845818888,0.45042061671414546,0.1886145374669666,c234,c234
4707,0.47228473423147266,0.40509809020679804,0.12261717556172924,c234,c1
9045,0.44152070105756536,0.35142812049549815,0.20705117844693657,c234,c1
19738,0.39315994131818766,0.3168360992608613,0.290003959420951,c1,c1
18533,0.2161748153871667,0.35197866522313015,0.43184651938970314,c5,c5
18983,0.5031957315905528,0.3820231046312591,0.11478116377818812,c234,c1
17294,0.15160756248592216,0.1938847157634666,0.6545077217506112,c5,c5
2070,0.24281793288296877,0.34708057081805055,0.41010149629898063,c5,c5
10934,0.6452022798522069,0.2621931088720932,0.09260461127569979,c1,c1
94,0.3640648351023519,0.33320376872377666,0.3027313961738714,c1,c1
3523,0.40774035727441527,0.3886571417247009,0.20360250100088378,c1,c1
3915,0.5434504571313731,0.26624909570055955,0.19030044716806732,c1,c1
4444,0.28150261032267565,0.2660114273572942,0.45248596232003013,c234,c5
11100,0.14755545566411926,0.3397545351187755,0.5126900092171053,c234,c5
12648,0.41416443474314235,0.412640749177888,0.17319481607896953,c5,c1
19100,0.1901617506640411,0.2988167433381813,0.5110215059977776,c234,c5
12307,0.4232009033056289,0.37415741265207875,0.20264168404229244,c1,c1
13896,0.20637830536755847,0.41144743841765286,0.3821742562147887,c1,c234
13808,0.5586099688992525,0.3428577152912946,0.0985323158094528,c1,c1
13952,0.24380356451029997,0.4459103975927753,0.3102860378969248,c5,c234
12847,0.46077303272621484,0.2651510500376114,0.27407591723617375,c234,c1
11474,0.33783721819690926,0.34441350941139703,0.3177492723916936,c234,c234
14697,0.1634067201965164,0.42329557863465644,0.4132977011688272,c5,c234
8800,0.361352397701665,0.4093822057744875,0.22926539652384753,c234,c234
3942,0.25207488945304085,0.4250313932854398,0.32289371726151933,c5,c234
1673,0.31802924114494785,0.36504200817631355,0.3169287506787386,c234,c234
9637,0.15824038869905366,0.4933340766320036,0.34842553466894266,c234,c234
7204,0.24560155520453736,0.4601399158007804,0.29425852899468213,c5,c234
16689,0.15690924056726094,0.41991128749830187,0.42317947193443717,c5,c5
16382,0.5698093284689579,0.33278895024998156,0.09740172128106055,c1,c1
6885,0.30297462568649713,0.21539462162200235,0.4816307526915006,c1,c5
2320,0.20723352478690843,0.4302745407835123,0.3624919344295793,c234,c234
3113,0.24994318201814364,0.34549732993056226,0.4045594880512941,c5,c5
16583,0.44820309561879873,0.2893600133952763,0.26243689098592493,c1,c1
6246,0.6711858846569219,0.23586199912102407,0.09295211622205415,c234,c1
12832,0.4764268650741684,0.288813307300201,0.23475982762563055,c234,c1
13456,0.1904433304753508,0.3619978396435973,0.44755882988105194,c234,c5
9837,0.13821425368982082,0.3392191140043246,0.5225666323058545,c5,c5
5239,0.3778091247451318,0.2064720339853598,0.4157188412695083,c1,c5
10421,0.26873045218603664,0.30161464100277346,0.42965490681119006,c1,c5
16273,0.5288951584988164,0.3476762186211186,0.1234286228800648,c234,c1
19762,0.6135157027860989,0.2701949619169458,0.11628933529695526,c234,c1
15624,0.20000636508356856,0.3545797518845969,0.4454138830318345,c5,c5
4600,0.2617227556664391,0.41269666912164543,0.32558057521191563,c234,c234
13637,0.24517053674777062,0.35036870321024854,0.40446076004198084,c5,c5
16946,0.41694389374209867,0.41902767524705087,0.16402843101085057,c1,c234
14881,0.37265081424206675,0.34436864302408116,0.28298054273385215,c1,c1
1571,0.10109202707146021,0.43548395347797425,0.46342401945056544,c5,c5
6518,0.14182813142742962,0.28646139395854725,0.5717104746140231,c5,c5
1705,0.3163958452021287,0.41730078782166535,0.266303366976206,c1,c234
14201,0.27628173567785447,0.32720781435817736,0.3965104499639681,c234,c5
4575,0.45843560529030186,0.42773066358120654,0.11383373112849156,c234,c1
19206,0.24304758976262547,0.3160299349227888,0.44092247531458567,c5,c5
16426,0.36606783255016057,0.2950016757620267,0.3389304916878128,c234,c1
11787,0.27699909710135107,0.26889489400107003,0.4541060088975789,c1,c5
1194,0.13733253757845612,0.3761287686844884,0.48653869373705544,c234,c5
12983,0.39416842287204884,0.44316745268194574,0.16266412444600548,c234,c234
17073,0.45649127943480616,0.3102455585820715,0.23326316198312239,c5,c1
15477,0.3014956922349422,0.4745350010069472,0.2239693067581106,c1,c234
15504,0.18319189647599832,0.36901391784359167,0.4477941856804101,c1,c5
13446,0.24840563850290084,0.4116738645609481,0.339920496936151,c5,c234
4021,0.12410089927206765,0.3059815538871574,0.569917546840775,c5,c5
14509,0.20864547222173613,0.3647309693479284,0.4266235584303356,c234,c5
2215,0.24026357778634927,0.3416220693312958,0.4181143528823549,c5,c5
19347,0.2634880736373984,0.3054024014889284,0.43110952487367327,c5,c5
5667,0.4735105145211148,0.31467528542261736,0.21181420005626786,c1,c1
5437,0.3436737114122489,0.3615922370337735,0.2947340515539776,c1,c234
13953,0.2667690962217326,0.3808514346345729,0.35237946914369456,c5,c234
17586,0.2270818351603765,0.3846566186731155,0.38826154616650793,c234,c5
9236,0.39910195828058553,0.33372368527362656,0.26717435644578796,c5,c1
776,0.4659233900799288,0.33711151164433684,0.19696509827573433,c1,c1
19243,0.39313603660674884,0.3368217417276359,0.2700422216656152,c5,c1
10778,0.4234431032649598,0.28069417086079285,0.29586272587424733,c5,c1
14052,0.2489289859551354,0.41104469995483034,0.34002631409003425,c1,c234
3972,0.47458524181661377,0.26235445747764213,0.26306030070574404,c234,c1
19414,0.5286114549257637,0.3315113560005177,0.13987718907371868,c1,c1
15964,0.2975735440392698,0.43160185774033544,0.27082459822039484,c5,c234
551,0.5955365744809069,0.2946666076272459,0.10979681789184714,c234,c1
11940,0.24336165877441637,0.3515528415482416,0.40508549967734203,c234,c5
14473,0.29214362535237587,0.38080076096509724,0.3270556136825269,c5,c234
13697,0.1870999300075784,0.38509654437333696,0.42780352561908463,c5,c5
4418,0.38172712447534307,0.3863740901301428,0.2318987853945143,c234,c234
5442,0.2853197354371867,0.35532061770376316,0.3593596468590501,c234,c5
7386,0.3219261138896579,0.37244981508801256,0.3056240710223295,c5,c234
8613,0.25290705488705845,0.3514236793814748,0.3956692657314667,c234,c5
19462,0.15988964841343364,0.39853594738599607,0.4415744042005702,c234,c5
8357,0.6153827849379491,0.19797683859163034,0.18664037647042056,c5,c1
19112,0.15711272251441546,0.45558549161680456,0.38730178586877995,c234,c234
6433,0.12195860358210728,0.28811705553124145,0.5899243408866511,c5,c5
4397,0.26264173568809945,0.4041510266351372,0.33320723767676325,c5,c234
17858,0.26262582577857285,0.4114780472777554,0.32589612694367176,c1,c234
5172,0.14458874632922067,0.23926635380725464,0.6161448998635246,c5,c5
2097,0.34669717523469135,0.3464591188909988,0.3068437058743098,c5,c1
12749,0.4309589498096683,0.36579987831400185,0.2032411718763299,c5,c1
4668,0.20191423907511846,0.31370368215323585,0.48438207877164563,c5,c5
7680,0.17463752680092293,0.3825289225252607,0.4428335506738164,c5,c5
18784,0.5568307292899857,0.3391204741971613,0.10404879651285323,c1,c1
17204,0.14521874231955073,0.1806496530076002,0.674131604672849,c5,c5
8048,0.33681923445395723,0.3899072361061894,0.2732735294398533,c1,c234
2884,0.6467123873693698,0.2256939371697304,0.1275936754608998,c1,c1
19193,0.1815158667171522,0.48912509394138837,0.32935903934145944,c234,c234
12265,0.6431877886972192,0.23697920872961808,0.11983300257316273,c1,c1
4926,0.415016118949837,0.33609568610812435,0.24888819494203868,c1,c1
1306,0.3749992758316463,0.3566425961648222,0.26835812800353154,c234,c1
10148,0.18588548866307225,0.4512488051956799,0.36286570614124786,c5,c234
19417,0.3934526889753586,0.21110023106559989,0.3954470799590416,c5,c5
14405,0.38478100318824116,0.35784174796307405,0.2573772488486848,c1,c1
736,0.28213088861551877,0.34448729160372626,0.373381819780755,c5,c5
14846,0.3749438124091982,0.35225329690061197,0.27280289069018987,c234,c1
7806,0.4123191647237678,0.3227398330334191,0.26494100224281314,c1,c1
10056,0.5034358876738863,0.31985811981240975,0.17670599251370397,c5,c1
11264,0.41176989718735013,0.36560159854025265,0.22262850427239728,c234,c1
15123,0.29243045006328655,0.2619159945821459,0.4456535553545676,c5,c5
5617,0.24526797136439787,0.3792851937278146,0.3754468349077876,c234,c234
6207,0.6288082083749302,0.2431291128271303,0.12806267879793962,c1,c1
8527,0.24250752047378588,0.34559917871882384,0.41189330080739045,c5,c5
18632,0.3538469300389717,0.3620251809845053,0.2841278889765229,c234,c234
10477,0.11331794854975011,0.312888484807263,0.5737935666429868,c5,c5
7011,0.4229558757593101,0.2451870711102047,0.3318570531304851,c5,c1
16131,0.1776159753883147,0.38794819139580106,0.43443583321588425,c5,c5
286,0.47895417167356147,0.35522238612511065,0.16582344220132783,c234,c1
9731,0.21933356867347883,0.29136950462291955,0.48929692670360164,c5,c5
6261,0.4253784998922037,0.36639427200006564,0.20822722810773056,c234,c1
1735,0.606529553097886,0.3030094987858802,0.09046094811623383,c1,c1
19101,0.6748310673601854,0.21167301125509264,0.1134959213847219,c1,c1
8114,0.15374831508980227,0.3472164045978564,0.49903528031234134,c234,c5
1955,0.27276220276554797,0.45182541421052946,0.2754123830239226,c1,c234
9857,0.32976606398347846,0.4233104093168188,0.24692352669970274,c5,c234
2516,0.46583141408404655,0.25379964762043483,0.2803689382955187,c1,c1
5606,0.31197679144344714,0.41512460138674145,0.2728986071698115,c5,c234
10040,0.34479897932819725,0.5194784579057548,0.135722562766048,c5,c234
16789,0.32390244438808213,0.36422864705190144,0.3118689085600164,c5,c234
707,0.3861730681182932,0.3882510249737205,0.2255759069079863,c1,c234
18720,0.16980028883315185,0.40235885661912035,0.42784085454772774,c5,c5
8763,0.16659300483453135,0.2611095060355919,0.5722974891298767,c5,c5
8903,0.40756251396960785,0.34775832018769787,0.2446791658426942,c1,c1
16944,0.35680020679596497,0.5283138020191606,0.11488599118487448,c5,c234
13299,0.28060196840037027,0.35672198859406345,0.36267604300556633,c234,c5
773,0.5752058053221918,0.17737701532678632,0.24741717935102195,c5,c1
3357,0.3288211362978233,0.33162852475318016,0.33955033894899656,c1,c5
19658,0.19370803749219642,0.3547029716736415,0.4515889908341621,c234,c5
19128,0.19882151404974097,0.4118952056990774,0.38928328025118164,c234,c234
17029,0.10137910481763349,0.31349398378283944,0.5851269113995272,c5,c5
12183,0.25195037833503847,0.3133274988885691,0.43472212277639244,c5,c5
16409,0.30499347683824435,0.31553866294745797,0.3794678602142977,c5,c5
2860,0.287429344930944,0.37686254411686065,0.33570811095219544,c234,c234
4892,0.12411969641579375,0.2952531851921295,0.5806271183920767,c1,c5
2558,0.27885314109592124,0.28817365614469387,0.4329732027593849,c5,c5
12164,0.2695274025920179,0.27753035916714835,0.45294223824083374,c5,c5
1193,0.29663020896144776,0.3910113649366732,0.3123584261018791,c1,c234
5110,0.35986044372060577,0.40499410988554196,0.23514544639385232,c1,c234
4840,0.2996075371902761,0.36782434465119396,0.33256811815852994,c234,c234
12887,0.2662604840496284,0.3135780264313456,0.420161489519026,c5,c5
718,0.2587966017498239,0.3408813270501132,0.4003220712000629,c5,c5
17722,0.4330356542074864,0.2683595717457924,0.29860477404672103,c234,c1
19293,0.21712734929798855,0.37945264093241693,0.40342000976959447,c5,c5
14877,0.45822980123669516,0.3437119601241775,0.1980582386391273,c1,c1
19341,0.34953196370549955,0.4325010401940245,0.2179669961004759,c1,c234
7829,0.6748310673601854,0.21167301125509264,0.1134959213847219,c234,c1
8883,0.13695053218680986,0.3195523415654181,0.5434971262477719,c5,c5
6111,0.3046868720331882,0.29451889003719495,0.40079423792961677,c234,c5
15159,0.2673263443442319,0.35821362668242807,0.3744600289733399,c234,c5
16052,0.1693277389800955,0.22303496252484858,0.607637298495056,c234,c5
13271,0.1871974165785178,0.20116054370100453,0.6116420397204776,c5,c5
1968,0.135174365240589,0.3746752386309361,0.4901503961284748,c5,c5
4832,0.2669070600689326,0.3815162633917772,0.35157667653929014,c1,c234
13861,0.2287676481343019,0.33536049861065254,0.4358718532550455,c234,c5
14513,0.3579738132658,0.48902451931856883,0.1530016674156312,c234,c234
10555,0.25329988433772577,0.3168746227970435,0.4298254928652308,c234,c5
9317,0.27658124428724584,0.36622590914577535,0.3571928465669788,c5,c234
8043,0.18829226768031684,0.4454470492967847,0.36626068302289855,c5,c234
15884,0.21191090918157354,0.5096627740364477,0.27842631678197893,c5,c234
12345,0.21429122833904374,0.2157941094508386,0.5699146622101177,c5,c5
13825,0.17430480630128847,0.475535972791924,0.3501592209067875,c234,c234
4736,0.5000464757905161,0.3448031618305098,0.1551503623789742,c234,c1
13161,0.46077303272621484,0.2651510500376114,0.27407591723617375,c5,c1
4746,0.39748235116053404,0.45539699677090084,0.1471206520685651,c5,c234
6224,0.6769194954365453,0.22159704603197472,0.10148345853148003,c1,c1
19714,0.23135693642520466,0.4015428380600607,0.3671002255147347,c1,c234
3401,0.40289588306914725,0.318465736963106,0.2786383799677468,c234,c1
16808,0.5813551371731547,0.31927926027658177,0.09936560255026364,c1,c1
8258,0.25403944883098106,0.29822682241995463,0.44773372874906425,c234,c5
16891,0.3751038128774339,0.3951945140545961,0.22970167306797,c1,c234
15256,0.11512874934597916,0.2973471322269913,0.5875241184270296,c5,c5
7355,0.34019450515508964,0.34304387868330743,0.3167616161616029,c234,c234
3877,0.1786223479489561,0.3452449897457965,0.4761326623052473,c5,c5
9946,0.24528750020732004,0.45839096410326857,0.29632153568941144,c5,c234
7820,0.6211131788504154,0.2539293443359096,0.124957476813675,c1,c1
4374,0.19353439409243206,0.30620970914417744,0.5002558967633906,c5,c5
18702,0.2792079965862232,0.3327967024387022,0.3879953009750746,c5,c5
7231,0.20494536806396021,0.4425985695880856,0.3524560623479541,c234,c234
12727,0.4094636875961079,0.34008150372249546,0.25045480868139663,c5,c1
14225,0.4043579778623374,0.35023003130535446,0.2454119908323081,c1,c1
13769,0.20812852166220722,0.20300783069985742,0.5888636476379354,c234,c5
3733,0.4150608189136805,0.2724776322570523,0.3124615488292672,c5,c1
18510,0.3465946324231644,0.3336615165281033,0.31974385104873226,c1,c1
9073,0.19008349329622296,0.2430764522524433,0.5668400544513338,c5,c5
14275,0.15866160382836897,0.2300027791599138,0.6113356170117171,c5,c5
17197,0.38919381602227243,0.35292543878041394,0.2578807451973136,c5,c1
3313,0.08710758786445348,0.16357005212205594,0.7493223600134906,c5,c5
12715,0.46077303272621484,0.2651510500376114,0.27407591723617375,c5,c1
16073,0.24669319139334817,0.3201004040069341,0.43320640459971765,c234,c5
3425,0.6602243321145844,0.2130366748385935,0.12673899304682207,c234,c1
8924,0.31918192393051215,0.37060591667984,0.3102121593896479,c234,c234
1312,0.2141481653675786,0.43665935684334345,0.34919247778907797,c5,c234
8470,0.28953229930277924,0.29091400193881334,0.4195536987584072,c1,c5
7142,0.5196752712657435,0.3387136932674858,0.14161103546677056,c1,c1
16463,0.30133891825330245,0.36495855264299226,0.33370252910370535,c5,c234
10045,0.24391942273925102,0.3884320558926002,0.36764852136814874,c1,c234
585,0.3278374640098563,0.36676493916562686,0.3053975968245169,c234,c234
1784,0.27185401742193593,0.3426331378679951,0.38551284471006897,c5,c5
7211,0.4770904798875576,0.3392223137479908,0.18368720636445154,c5,c1
111,0.16209177372185254,0.303429260374688,0.5344789659034594,c5,c5
6893,0.4168633044686141,0.30516880611327885,0.277967889418107,c1,c1
12300,0.2723771698257044,0.32914749699689283,0.39847533317740275,c5,c5
17541,0.5224032074859439,0.35277157581600027,0.12482521669805594,c234,c1
10517,0.6711858846569219,0.23586199912102407,0.09295211622205415,c1,c1
16761,0.45994638781538144,0.4245559757554321,0.11549763642918646,c1,c1
3426,0.34746499094712024,0.3428459680180026,0.3096890410348771,c1,c1
18260,0.24094535447450216,0.35440259998270485,0.40465204554279294,c5,c5
14915,0.4232009033056289,0.37415741265207875,0.20264168404229244,c1,c1
5109,0.27204089987433794,0.42339790734652877,0.30456119277913324,c1,c234
11303,0.38426388168362513,0.34829905424002516,0.2674370640763496,c5,c1
441,0.21748023605328806,0.37224662227558114,0.41027314167113077,c1,c5
15897,0.15499451237287815,0.3135251229844223,0.5314803646426995,c5,c5
4354,0.3523106888521245,0.3605246886853655,0.28716462246250996,c5,c234
4100,0.4621566996325104,0.333615041006989,0.20422825936050057,c234,c1
9377,0.4212279485619767,0.3414108470446429,0.2373612043933803,c234,c1
5039,0.33558328487802047,0.3999682806695578,0.2644484344524217,c5,c234
7087,0.1475229540429333,0.35817921174255435,0.4942978342145123,c234,c5
13388,0.2952985729848149,0.25767399772324107,0.44702742929194417,c234,c5
1670,0.204808005664134,0.44542977221240215,0.34976222212346386,c1,c234
19943,0.2874939869608508,0.4023192193884366,0.31018679365071256,c234,c234
11614,0.3245734038491767,0.3815823589443158,0.29384423720650743,c1,c234
2841,0.27706320596260225,0.32073626933797766,0.4022005246994202,c5,c5
1520,0.24003731664647945,0.35391483317382566,0.40604785017969486,c5,c5
12270,0.33414864831090624,0.2426015264021471,0.42324982528694666,c1,c5
1376,0.3585397910822629,0.3577163379732473,0.2837438709444897,c1,c1
19027,0.300944322018299,0.38299703135886076,0.3160586466228402,c5,c234
16334,0.401528750467614,0.4720111397034259,0.1264601098289601,c234,c234
13911,0.5468129487507527,0.30431973106287236,0.1488673201863749,c234,c1
12701,0.3894978596384603,0.39091074034577433,0.21959140001576535,c1,c234
2605,0.3990485728493579,0.37116900989066226,0.22978241725997983,c1,c1
16233,0.2033365447110075,0.20763559143263738,0.5890278638563552,c5,c5
15374,0.31129020353972303,0.44303366375517805,0.24567613270509892,c234,c234
11200,0.39858941695520145,0.2893963447959644,0.3120142382488342,c234,c1
462,0.15014842610482562,0.39353883858983485,0.4563127353053395,c234,c5
13806,0.5734197697173267,0.29209779498600935,0.13448243529666398,c1,c1
5874,0.19831666296472275,0.21108068369199495,0.5906026533432823,c5,c5
5570,0.5940988957590196,0.27917520923611117,0.12672589500486914,c1,c1
12347,0.4074950648996632,0.33626319911196156,0.2562417359883753,c5,c1
1820,0.3130478282604664,0.37828111974779677,0.3086710519917368,c5,c234
16,0.5813551371731547,0.31927926027658177,0.09936560255026364,c234,c1
14520,0.4759915927732575,0.2516670806978186,0.27234132652892395,c1,c1
9059,0.4638258557178947,0.2431084268932035,0.29306571738890175,c1,c1
6556,0.23722890027410065,0.2913775135703915,0.4713935861555078,c1,c5
19986,0.5437721991757494,0.271355536576299,0.18487226424795167,c1,c1
5081,0.40256772077465663,0.3903664990588625,0.20706578016648094,c234,c1
310,0.41569439057590624,0.41837524827266864,0.16593036115142507,c1,c234
6146,0.46727100660796356,0.3398125588278329,0.19291643456420354,c5,c1
19337,0.34520291601022884,0.36308547659903334,0.29171160739073787,c1,c234
11797,0.10651906185319111,0.2603660409507357,0.6331148971960732,c5,c5
81,0.39543226133959947,0.3577422763470601,0.24682546231334035,c1,c1
971,0.32767046215107687,0.4092198836226485,0.26310965422627464,c5,c234
2221,0.35667676206868276,0.35169966365802025,0.291623574273297,c5,c1
11178,0.3812154030826368,0.305826589806798,0.3129580071105652,c5,c1
18152,0.12009820240128119,0.37293806647411454,0.5069637311246042,c5,c5
15308,0.5477298895345667,0.256531369385906,0.19573874107952724,c1,c1
17784,0.18313959449430486,0.3976377210155599,0.4192226844901352,c234,c5
14983,0.30209279824162677,0.25466874227996517,0.44323845947840806,c5,c5
8548,0.2816397005375955,0.4840028343862124,0.23435746507619215,c5,c234
9922,0.24422005070829908,0.38418664768967725,0.37159330160202353,c1,c234
13568,0.27524928643060276,0.38070950788011343,0.3440412056892838,c234,c234
15994,0.6499435441323925,0.22088777199918752,0.12916868386842,c1,c1
6543,0.3230904877780853,0.5401535093805505,0.13675600284136413,c5,c234
678,0.4328151489107489,0.25126845014310467,0.3159164009461464,c5,c1
8336,0.2629123105613823,0.4152646443079643,0.32182304513065335,c234,c234
1033,0.22437154334044168,0.3320563338376429,0.44357212282191555,c1,c5
5443,0.5707902133076719,0.24782127380547317,0.18138851288685495,c234,c1
9470,0.481444472872922,0.3496669011249904,0.1688886260020876,c5,c1
12074,0.31008066934712664,0.38131761463402936,0.308601716018844,c1,c234
2644,0.19051179922838687,0.36606278682017035,0.44342541395144275,c1,c5
3510,0.3248788508660851,0.3728124256164541,0.30230872351746074,c234,c234
15087,0.23905268854082973,0.3183102189842099,0.44263709247496036,c5,c5
16374,0.2039588364742475,0.3082084958114471,0.4878326677143055,c1,c5
12325,0.20820548973717753,0.3870062722149394,0.404788238047883,c5,c5
9295,0.5403539364107758,0.2580092489524273,0.20163681463679706,c1,c1
4036,0.42778038568787985,0.39691376598588557,0.17530584832623458,c234,c1
6858,0.4937238287295168,0.3469771502364452,0.1592990210340381,c1,c1
1689,0.2425391751587827,0.34465327132806384,0.41280755351315346,c1,c5
15369,0.2585749445989534,0.2510062507086405,0.49041880469240595,c1,c5
17383,0.49141198804437475,0.32610432548070284,0.18248368647492252,c234,c1
14935,0.23134317510517471,0.3604023982206356,0.40825442667418976,c5,c5
7154,0.41361210280467536,0.303382386088476,0.2830055111068487,c1,c1
15124,0.5775990731870921,0.3223519832159533,0.10004894359695457,c1,c1
1730,0.1933622636365939,0.39960877798050654,0.40702895838289954,c234,c5
13506,0.25500384688594124,0.22255798824351575,0.5224381648705431,c5,c5
10813,0.3508817229902853,0.33991574821008547,0.30920252879962923,c1,c1
12152,0.2730751461654437,0.441097531837109,0.28582732199744726,c234,c234
14650,0.20530758298508434,0.35675517311610205,0.43793724389881367,c234,c5
17510,0.2832191241919594,0.42332142575948206,0.2934594500485586,c234,c234
19702,0.3508282241705558,0.3672606178112325,0.2819111580182117,c5,c234
8673,0.3084109474352075,0.37582519390413704,0.31576385866065537,c1,c234
9013,0.24848908918712503,0.39866441852041196,0.352846492292463,c234,c234
13609,0.3319819311879689,0.2830373084220955,0.38498076038993556,c1,c5
14647,0.20061490662817497,0.47021184307932823,0.3291732502924968,c234,c234
12195,0.3051661590714184,0.27262539288009663,0.422208448048485,c1,c5
11277,0.3764460066913122,0.250512597956405,0.3730413953522829,c5,c1
17985,0.2317862707300938,0.3718120721496458,0.3964016571202603,c1,c5
10623,0.16848227814727063,0.31040447369590013,0.5211132481568292,c5,c5
8471,0.17683247562787935,0.34956588936804217,0.4736016350040784,c5,c5
19394,0.1733146737486761,0.425761146502011,0.4009241797493129,c5,c234
18102,0.41042682545189885,0.3786651811938314,0.21090799335426963,c1,c1
10198,0.24587364933863878,0.19176853054651644,0.5623578201148448,c234,c5
6646,0.2491478456179031,0.35561333920674953,0.3952388151753473,c234,c5
11612,0.46077303272621484,0.2651510500376114,0.27407591723617375,c1,c1
4723,0.18669398795019293,0.3073697459503599,0.5059362660994472,c234,c5
1551,0.3333758418638179,0.2136904444849408,0.45293371365124135,c234,c5
17841,0.22189733051321187,0.3900570277166745,0.38804564177011364,c5,c234
18126,0.21533816370726894,0.35741881036448675,0.42724302592824426,c234,c5
16821,0.47997320565717894,0.26984059826054846,0.2501861960822726,c1,c1
15023,0.31537258066581686,0.22511288940298022,0.459514529931203,c234,c5
11697,0.5314578502585504,0.3256562378046247,0.14288591193682487,c1,c1
17522,0.258787842161481,0.4551435396602077,0.2860686181783114,c234,c234
9776,0.4122304995337277,0.30784712350186394,0.27992237696440825,c5,c1
6159,0.31160096326353304,0.2785153467841672,0.4098836899522997,c234,c5
16072,0.29095889893727106,0.3664305863214486,0.3426105147412804,c5,c234
11815,0.37779627005602123,0.31736309253774736,0.30484063740623135,c5,c1
15392,0.27715167400755875,0.36242849696680307,0.36041982902563824,c234,c234
15318,0.07521721003600548,0.2878761482648526,0.6369066416991419,c1,c5
19504,0.22050394408483315,0.18304869829363318,0.5964473576215337,c5,c5
5815,0.25723732583954934,0.2998410317884631,0.44292164237198756,c234,c5
12408,0.2426914258034341,0.45141837361676024,0.3058902005798056,c234,c234
1183,0.30502945555107236,0.45949874475293073,0.23547179969599688,c5,c234
13807,0.20610395212162377,0.24806257257995687,0.5458334752984192,c5,c5
12590,0.27190193425000736,0.4280975585522812,0.3000005071977115,c5,c234
12909,0.4299612925190087,0.4100632327646686,0.15997547471632267,c1,c1
16755,0.40012542081193214,0.33389348805925556,0.26598109112881224,c1,c1
2119,0.15487365725946625,0.4235916620097136,0.4215346807308201,c234,c234
6959,0.2590671749895432,0.42652792530356554,0.3144048997068913,c1,c234
14312,0.2229046725855536,0.42190288772711726,0.35519243968732905,c5,c234
1890,0.3626192902714492,0.44074548975104016,0.1966352199775106,c234,c234
34,0.19563389463310518,0.2675282599790233,0.5368378453878715,c5,c5
1385,0.2501163314098861,0.6220421884588415,0.12784148013127244,c234,c234
2195,0.19644537795627545,0.3182700417250214,0.4852845803187032,c5,c5
14259,0.19008349329622296,0.2430764522524433,0.5668400544513338,c1,c5
4794,0.20486701194174076,0.2727947454648124,0.5223382425934469,c5,c5
17097,0.2113412099655218,0.5157268716555646,0.2729319183789136,c1,c234
14943,0.12049079420786024,0.3491018110305505,0.5304073947615893,c5,c5
1886,0.4506698776937803,0.4042110409827987,0.145119081323421,c1,c1
16936,0.3215659561185157,0.2860169925793848,0.3924170513020996,c5,c5
9595,0.2149319644076213,0.35176834291105363,0.43329969268132507,c5,c5
12254,0.46077303272621484,0.2651510500376114,0.27407591723617375,c1,c1
6616,0.17720201041762818,0.30997499246918114,0.5128229971131908,c5,c5
10535,0.481444472872922,0.3496669011249904,0.1688886260020876,c5,c1
15568,0.38746208521195197,0.32086685532294285,0.2916710594651052,c234,c1
19600,0.24181658177836338,0.3904131753832822,0.36777024283835436,c5,c234
19435,0.260816484016052,0.3003786902477022,0.4388048257362458,c234,c5
9810,0.3853828056425509,0.3685119155381855,0.2461052788192636,c234,c1
5477,0.39061097030286585,0.24059764528430466,0.36879138441282955,c234,c1
12404,0.31492656593713375,0.28403773219467743,0.4010357018681888,c5,c5
17338,0.29117368661312093,0.3249548204859529,0.3838714929009262,c1,c5
1713,0.26505640916233897,0.3504818054825076,0.3844617853551533,c234,c5
6588,0.3755971260884859,0.26513186280307505,0.359271011108439,c1,c1
2538,0.2784871671938389,0.3995271856863212,0.32198564711983996,c234,c234
16410,0.4452753624240657,0.32875238097670156,0.22597225659923273,c234,c1
14411,0.174811658677489,0.44732253843467246,0.37786580288783855,c234,c234
14673,0.33305923678461924,0.3653249026285635,0.30161586058681733,c1,c234
11250,0.39445867387854194,0.3670659872906108,0.2384753388308473,c1,c1
8411,0.34466277387022426,0.4292754221587186,0.22606180397105718,c1,c234
4650,0.32566673970308274,0.38537341772511474,0.28895984257180257,c1,c234
11730,0.18881979845490943,0.33624159107242524,0.47493861047266533,c234,c5
8127,0.46077303272621484,0.2651510500376114,0.27407591723617375,c234,c1
12199,0.2849975538768307,0.3740034364838995,0.3409990096392698,c1,c234
10354,0.2838601936474497,0.3323542550091423,0.383785551343408,c234,c5
8879,0.21167064962196896,0.3280803145315098,0.46024903584652127,c234,c5
9151,0.2966290702960276,0.3945582127367814,0.3088127169671909,c1,c234
3486,0.3135187165579444,0.34744356443762514,0.33903771900443036,c234,c234
9486,0.22167867412148193,0.33783497283077385,0.4404863530477442,c5,c5
2893,0.31849155143228614,0.3216659656224378,0.35984248294527604,c5,c5
9300,0.3808148399401283,0.37039301877693276,0.24879214128293894,c1,c1
14896,0.45429063610973613,0.3377837300869707,0.20792563380329304,c1,c1
13023,0.240841306932129,0.4660871855487986,0.29307150751907246,c5,c234
10427,0.12311178358146739,0.39901793986169654,0.47787027655683606,c5,c5
10340,0.2697997051337361,0.4313887311865692,0.29881156367969475,c234,c234
6623,0.23652122587373556,0.2591221616083881,0.5043566125178764,c5,c5
16638,0.20410156928963072,0.2250357636542967,0.5708626670560727,c234,c5
6963,0.36378144023414033,0.30196532354056593,0.3342532362252937,c5,c1
17389,0.44203342120397127,0.36333236102916394,0.19463421776686488,c5,c1
13781,0.5738449443983173,0.32919353705456555,0.09696151854711703,c234,c1
6127,0.343755060678257,0.46575641901383114,0.1904885203079118,c234,c234
12201,0.09032537325573933,0.3138286795671787,0.595845947177082,c234,c5
3788,0.38166977502139254,0.3370301293006982,0.2813000956779093,c234,c1
4784,0.23331980040317774,0.42752747910415145,0.33915272049267076,c234,c234
15363,0.3528651381163714,0.49189931095217637,0.15523555093145217,c1,c234
3842,0.22545375324176115,0.5328888690006366,0.24165737775760238,c1,c234
4636,0.2721268110860068,0.4510661983749976,0.2768069905389956,c1,c234
11334,0.5698093284689579,0.33278895024998156,0.09740172128106055,c1,c1
10191,0.41544331903211906,0.3460875969373941,0.23846908403048675,c1,c1
817,0.3223889723444881,0.28382047193515125,0.3937905557203606,c5,c5
4997,0.2715501867207558,0.36985687489607594,0.35859293838316825,c234,c234
4608,0.2627049526120081,0.3602459228552889,0.377049124532703,c234,c5
20030,0.32323302776713175,0.4175912906829149,0.2591756815499533,c5,c234
18898,0.15731435782423936,0.31748655539174647,0.5251990867840142,c1,c5
8333,0.4066294988304976,0.3921044805543285,0.2012660206151739,c5,c1
9554,0.475815708409088,0.32329952919454924,0.20088476239636271,c1,c1
4603,0.15370347156529757,0.2651614388959539,0.5811350895387486,c5,c5
2663,0.3143801192463605,0.38456373406290856,0.301056146690731,c1,c234
9292,0.5360530402184047,0.3584090917685972,0.10553786801299796,c234,c1
10712,0.3559050883377552,0.4154519039813379,0.22864300768090695,c1,c234
19830,0.2794477774214318,0.2281581269776455,0.4923940956009226,c234,c5
11795,0.2606642958239569,0.30365307368719563,0.43568263048884753,c234,c5
6172,0.3111930868852368,0.28587437428179846,0.40293253883296476,c5,c5
10602,0.26201710323378247,0.2978709389207727,0.44011195784544477,c234,c5
3964,0.29385635694555223,0.4228542373331276,0.2832894057213201,c234,c234
16105,0.2659068652229658,0.3767499046113253,0.3573432301657089,c5,c234
11132,0.4249158362336475,0.2602379246046296,0.3148462391617229,c1,c1
10549,0.2957020919593583,0.43815939204911114,0.26613851599153066,c5,c234
5513,0.30959299659272,0.37457345621653504,0.315833547190745,c234,c234
4310,0.27108437679825503,0.23322940986580631,0.4956862133359386,c234,c5
10738,0.320505086321487,0.3633597727528294,0.3161351409256836,c234,c234
19466,0.20584332303703962,0.4376131542612419,0.35654352270171846,c5,c234
16223,0.18235780496874537,0.2816743381013043,0.5359678569299503,c234,c5
8668,0.19630656792860718,0.21628502459843907,0.5874084074729538,c5,c5
19198,0.2887001524880344,0.3422934421810197,0.36900640533094586,c5,c5
10512,0.4491809055135505,0.3933068894465772,0.1575122050398723,c1,c1
16067,0.5489213968299854,0.33820465163071106,0.11287395153930357,c1,c1
13026,0.14473350574113536,0.32465473137298934,0.5306117628858752,c5,c5
12620,0.12866443759309834,0.38197549245515805,0.4893600699517437,c234,c5
8932,0.4309119353144453,0.2690850761232228,0.3000029885623319,c5,c1
5069,0.4541011310008608,0.38043731660133084,0.16546155239780835,c234,c1
764,0.28222737408816334,0.3577396740339032,0.36003295187793344,c234,c5
17524,0.3873270765313582,0.38876651134076634,0.22390641212787546,c5,c234
10393,0.5211509264941807,0.290790767103496,0.18805830640232335,c1,c1
7872,0.3084696577313385,0.3402410532066126,0.3512892890620489,c1,c5
11694,0.2324715057132257,0.46883743310007453,0.2986910611866998,c234,c234
17305,0.4630500608251375,0.4011656223282083,0.13578431684665415,c5,c1
15375,0.2326972108336168,0.2932121816658857,0.47409060750049753,c5,c5
1276,0.45166029186655604,0.39719753757464477,0.15114217055879917,c1,c1
4227,0.12102121653496452,0.3771785009527129,0.5018002825123226,c5,c5
16215,0.5108967165043055,0.22075393619143185,0.26834934730426263,c1,c1
11297,0.31944851849479594,0.5370569555623882,0.14349452594281592,c5,c234
20085,0.3211875573315014,0.3138401042381683,0.36497233843033017,c234,c5
1292,0.23844539256445865,0.2949818388318243,0.46657276860371716,c1,c5
13701,0.3370504522558821,0.47839685423942624,0.1845526935046917,c5,c234
15425,0.2012210508916227,0.32507456400502716,0.4737043851033501,c5,c5
3989,0.6202400967223417,0.2770756552858326,0.10268424799182581,c1,c1
6866,0.17608473552386195,0.26385147198858727,0.5600637924875508,c5,c5
10843,0.21689146626389338,0.2817502366912907,0.5013582970448158,c1,c5
9167,0.35667676206868276,0.35169966365802025,0.291623574273297,c1,c1
8793,0.3287668745091515,0.3657781352725974,0.3054549902182511,c5,c234
5356,0.2501163314098861,0.6220421884588415,0.12784148013127244,c234,c234
4253,0.5738449443983173,0.32919353705456555,0.09696151854711703,c5,c1
8059,0.157505200968236,0.3952497547220507,0.4472450443097132,c234,c5
10646,0.33635210146348454,0.3560568910585003,0.3075910074780152,c5,c234
6326,0.2853362519644427,0.42195216432782284,0.2927115837077344,c234,c234
12076,0.3838322337927257,0.3515379384515668,0.26462982775570754,c234,c1
18644,0.38710622808190237,0.4151006952158219,0.1977930767022757,c234,c234
9104,0.2577768612698919,0.4492459329995356,0.2929772057305725,c234,c234
12945,0.25958882298878483,0.36971374972395454,0.37069742728726063,c234,c5
12212,0.2596774405968306,0.3493842832064332,0.3909382761967362,c234,c5
14559,0.3035832340911503,0.34408105281606244,0.3523357130927873,c234,c5
10954,0.35971241162978823,0.36592297461139667,0.27436461375881505,c234,c234
16869,0.3257593943793693,0.3706498874610453,0.30359071815958527,c1,c234
10274,0.25130277667945605,0.22992490163398532,0.5187723216865587,c234,c5
1897,0.6741369549030224,0.2328562696452201,0.09300677545175745,c1,c1
3729,0.6320147301057707,0.2709243696098435,0.09706090028438577,c1,c1
3809,0.26620644905547197,0.3845588930604763,0.3492346578840516,c5,c234
19585,0.09523973208996575,0.3363217901674611,0.5684384777425732,c1,c5
8949,0.31921085301864405,0.36172938079049544,0.31905976619086046,c234,c234
3268,0.3283279037694511,0.3952821848005256,0.2763899114300233,c5,c234
10038,0.38240656396938005,0.34335350242172324,0.2742399336088967,c5,c1
15121,0.17974738142291738,0.3082555325495898,0.5119970860274929,c5,c5
19072,0.33240837252580563,0.3644172649099669,0.3031743625642275,c1,c234
8031,0.4865577647192043,0.3680004207930943,0.14544181448770135,c1,c1
1782,0.2730605570483232,0.3528734060913557,0.3740660368603212,c5,c5
3714,0.325782171415126,0.3717892092257323,0.3024286193591417,c5,c234
11282,0.4008435656319785,0.2157077096955448,0.38344872467247665,c234,c1
16453,0.4631980917215247,0.3195333322807203,0.217268575997755,c1,c1
17201,0.3308948948522391,0.44952285517677765,0.2195822499709834,c234,c234
17993,0.45122654651546024,0.4058369013660367,0.14293655211850315,c5,c1
2740,0.09015464723771019,0.23715220372963638,0.6726931490326534,c5,c5
19582,0.22512212412748217,0.42540463112493204,0.34947324474758584,c5,c234
18961,0.3760616517583176,0.3489671980695431,0.27497115017213913,c1,c1
8104,0.4108154568304851,0.4735753656821123,0.11560917748740276,c1,c234
16792,0.4915559174840805,0.25826697331535303,0.2501771092005665,c1,c1
5999,0.24454699120490675,0.3259089418124316,0.42954406698266157,c234,c5
17515,0.1956689848652418,0.4257942059096296,0.37853680922512856,c5,c234
14696,0.29454974246209575,0.3827294051968777,0.3227208523410265,c234,c234
8046,0.4638258557178947,0.2431084268932035,0.29306571738890175,c5,c1
1375,0.3105147684180357,0.3426937631980097,0.34679146838395464,c1,c5
4896,0.2721259527445012,0.34804647822235635,0.3798275690331425,c5,c5
6778,0.38301182544206125,0.35120572359117586,0.265782450966763,c1,c1
12586,0.36743490806350043,0.3089478863884871,0.32361720554801243,c1,c1
11837,0.3227618510138437,0.24718756685024865,0.43005058213590763,c234,c5
13232,0.21046693301236216,0.20519269749012,0.5843403694975179,c5,c5
15004,0.2481634851785844,0.3815225541220032,0.37031396069941236,c1,c234
18280,0.1626434392496144,0.39680493206010664,0.4405516286902789,c5,c5
19488,0.22994094136675547,0.336369998380299,0.4336890602529456,c1,c5
7375,0.41741324648802325,0.4066339618911189,0.17595279162085792,c234,c1
10525,0.3288718979000288,0.37225110416948143,0.29887699793048983,c5,c234
19439,0.1926683838538486,0.35224907727047844,0.45508253887567285,c5,c5
3775,0.4795394221810561,0.2880088330555785,0.2324517447633654,c234,c1
1575,0.20238265342532005,0.41734278486062976,0.38027456171405016,c5,c234
5492,0.32529615404078294,0.41456302577805104,0.260140820181166,c234,c234
13531,0.4745362422499072,0.3279427770054357,0.19752098074465713,c234,c1
7839,0.4937590097455581,0.3418098328330976,0.16443115742134432,c234,c1
6422,0.37018541788643844,0.2582537172200134,0.3715608648935481,c1,c5
12252,0.305529569860757,0.44216831399431317,0.2523021161449298,c1,c234
11647,0.24673952757401946,0.27770153799803626,0.47555893442794417,c1,c5
7766,0.2665876568415415,0.36637244950698544,0.36703989365147305,c1,c5
7621,0.1847011067300833,0.3583642371380213,0.45693465613189543,c5,c5
7030,0.32747595898726123,0.3830938739867126,0.2894301670260262,c1,c234
9648,0.30232375384020926,0.33968721541584895,0.3579890307439418,c1,c5
14322,0.23420910526603378,0.39553922302711675,0.3702516717068495,c234,c234
5806,0.12000873559530181,0.2948500638232129,0.5851412005814852,c5,c5
2411,0.4876471713039914,0.25827812590443117,0.2540747027915775,c1,c1
4393,0.08972301518435226,0.3159879544993755,0.5942890303162722,c5,c5
8406,0.24536952480459684,0.29930431213551745,0.45532616305988566,c234,c5
1591,0.21234627802022477,0.35796186434561444,0.4296918576341608,c5,c5
10066,0.328361529240763,0.3780351350388437,0.29360333572039327,c234,c234
1314,0.2232599874660898,0.23716517792059316,0.5395748346133169,c5,c5
20048,0.2741465460326364,0.33735583777615036,0.38849761619121326,c5,c5
15319,0.2222039425675094,0.38308799664881177,0.39470806078367876,c5,c5
5088,0.13795411736460692,0.380658979929201,0.481386902706192,c1,c5
6269,0.3058842061296708,0.405454600259357,0.28866119361097214,c1,c234
10791,0.2862171613693436,0.3541860947699833,0.35959674386067314,c5,c5
2958,0.46053102543683755,0.27174557878711064,0.26772339577605175,c1,c1
13519,0.4419214866632042,0.45264078214097003,0.10543773119582582,c234,c234
17349,0.14144657273684333,0.3978747007539177,0.460678726509239,c234,c5
3232,0.223448564530435,0.35989167218659396,0.41665976328297116,c234,c5
17739,0.39473597520990056,0.33356366497358125,0.27170035981651813,c1,c1
18292,0.34259895570680027,0.3470890948062023,0.3103119494869974,c1,c234
2909,0.5192307172248765,0.2922874766976311,0.18848180607749238,c5,c1
8817,0.4612910035605428,0.3665983026853886,0.17211069375406857,c234,c1
12638,0.21038333116943692,0.32019666817924114,0.4694200006513219,c5,c5
14566,0.3902583522731365,0.36771217256218375,0.24202947516467974,c1,c1
14924,0.2567264676094495,0.4453009274142395,0.29797260497631095,c234,c234
2842,0.16105525162349443,0.425383714940724,0.4135610334357816,c1,c234
17612,0.3637183790192262,0.4386196937654289,0.19766192721534487,c1,c234
2090,0.39250397855830155,0.407120691273295,0.20037533016840348,c234,c234
18050,0.5393657175605318,0.2425443695573521,0.21808991288211615,c5,c1
6301,0.4253784998922037,0.36639427200006564,0.20822722810773056,c5,c1
6561,0.08516015117288556,0.2240914029846938,0.6907484458424207,c1,c5
1313,0.17264945406173698,0.42722382977163864,0.4001267161666243,c234,c234
18612,0.42490984227165474,0.3496455664109064,0.2254445913174389,c1,c1
4512,0.200953076163518,0.3757166702738363,0.4233302535626457,c5,c5
2686,0.24967830315315825,0.374369432972411,0.3759522638744307,c1,c5
4724,0.2247499180982094,0.33399064791165367,0.44125943399013695,c234,c5
18101,0.3013242188714874,0.42483268260845436,0.2738430985200583,c234,c234
11402,0.2112927256722111,0.3960917629625509,0.392615511365238,c5,c234
6994,0.20958244921962405,0.380312234578683,0.4101053162016928,c234,c5
11792,0.18162961392140248,0.4428280979447975,0.3755422881338,c1,c234
7709,0.15207366070060976,0.39069522495125064,0.45723111434813957,c1,c5
18162,0.4638258557178947,0.2431084268932035,0.29306571738890175,c5,c1
3522,0.2440726851290163,0.3165809559009394,0.43934635897004426,c5,c5
11258,0.3229491855785483,0.40066411480549835,0.27638669961595336,c1,c234
11761,0.2211347008864029,0.40541411246485637,0.3734511866487408,c5,c234
13848,0.29645784297193567,0.22370792643610407,0.47983423059196023,c5,c5
13868,0.34220372503932145,0.3351051598444382,0.32269111511624027,c5,c1
10214,0.08815073981799262,0.3409475877782763,0.570901672403731,c5,c5
19425,0.15974018993440495,0.3480319717675607,0.4922278382980344,c234,c5
11470,0.10829509983101557,0.36321349165840505,0.5284914085105793,c5,c5
11703,0.2887854428309999,0.3680769542314814,0.3431376029375187,c234,c234
7219,0.20789666051215666,0.33125191705516654,0.46085142243267685,c1,c5
1539,0.28673200250567005,0.44243086119108116,0.2708371363032488,c1,c234
19988,0.2523784566749619,0.20943425620234962,0.5381872871226885,c1,c5
4851,0.30977083308323766,0.3119284051118282,0.3783007618049342,c5,c5
2714,0.24273024828871986,0.371282328385659,0.3859874233256212,c1,c5
8645,0.2354462453470915,0.2972860668312127,0.4672676878216958,c5,c5
6775,0.35456759306136876,0.25042812982531243,0.395004277113319,c234,c5
92,0.33101386705959557,0.32111700342673666,0.3478691295136677,c1,c5
6500,0.2539308924852174,0.44588181831441054,0.300187289200372,c1,c234
11722,0.21634880474023097,0.3654533580987789,0.4181978371609901,c5,c5
3096,0.37066988198597056,0.36459970319652296,0.2647304148175065,c1,c1
10435,0.18625549852457,0.3424007284998876,0.4713437729755423,c1,c5
4039,0.22658516020229022,0.34814029338845504,0.42527454640925483,c5,c5
5461,0.24584857999115642,0.4122124099931591,0.34193901001568444,c5,c234
12660,0.2441987921253423,0.36640406730912745,0.3893971405655302,c234,c5
7047,0.3413590687784202,0.24283307023105674,0.4158078609905231,c1,c5
14443,0.2794477774214318,0.2281581269776455,0.4923940956009226,c5,c5
17569,0.22654593043372687,0.4467081906161291,0.32674587895014395,c234,c234
11783,0.1917040454095674,0.31686850970371644,0.4914274448867161,c1,c5
12804,0.11752952819334964,0.4815489710550073,0.400921500751643,c1,c234
15006,0.25282846840893974,0.4066395630626324,0.3405319685284279,c1,c234
4994,0.33055256509694225,0.5484117757006606,0.12103565920239705,c234,c234
17730,0.23981406446149905,0.4393395957497873,0.32084633978871363,c5,c234
10984,0.22992940269711185,0.23648765760707174,0.5335829396958165,c1,c5
11699,0.252888285866568,0.4104434804929896,0.3366682336404424,c234,c234
2490,0.46060705538117414,0.24414582426082315,0.29524712035800266,c1,c1
4544,0.41302272961198333,0.25680514522714093,0.3301721251608758,c1,c1
5899,0.385867252903194,0.3453767745033839,0.2687559725934221,c5,c1
2345,0.39487952319041086,0.32793709744644495,0.2771833793631443,c1,c1
20003,0.5369681339041632,0.28814138761643315,0.1748904784794037,c1,c1
16054,0.43205544440903915,0.259132805009347,0.3088117505816138,c234,c1
1304,0.42494329009355825,0.37308494350511545,0.20197176640132622,c1,c1
15725,0.16174295073844547,0.29424167310862676,0.5440153761529277,c5,c5
20050,0.24861830620509773,0.30147834332138257,0.44990335047351976,c1,c5
3039,0.16408857703274343,0.22793557306003837,0.6079758499072182,c5,c5
19356,0.5738449443983173,0.32919353705456555,0.09696151854711703,c1,c1
10197,0.18758357385089236,0.2628498990327043,0.5495665271164034,c234,c5
19615,0.5086233969810794,0.3521354387964399,0.13924116422248062,c1,c1
4745,0.21487628337890138,0.35040905811687423,0.43471465850422436,c1,c5
16849,0.31997370138462644,0.39280831675801253,0.28721798185736097,c1,c234
15878,0.2762855635993538,0.3391358020323533,0.384578634368293,c234,c5
19728,0.453495717075041,0.3646797761612294,0.18182450676372963,c1,c1
8610,0.5240529043425328,0.31038019113687987,0.16556690452058725,c1,c1
1067,0.2902006342135162,0.46973412723148866,0.24006523855499512,c234,c234
14942,0.5715183388847926,0.2997873133387789,0.12869434777642852,c1,c1
8971,0.133893932717748,0.3763510562851512,0.4897550109971007,c5,c5
17856,0.40435038224695286,0.33648441716777555,0.2591652005852716,c1,c1
14711,0.29853550670979984,0.37102718349143116,0.3304373097987689,c234,c234
5348,0.265983133151068,0.3851203000478563,0.3488965668010757,c5,c234
3284,0.2840308600170844,0.290475926211975,0.4254932137709405,c234,c5
9631,0.18415506669382956,0.4852909075150594,0.33055402579111104,c5,c234
7951,0.295299255720624,0.4029705011854164,0.3017302430939597,c1,c234
5430,0.29065949397735824,0.2819799855194375,0.4273605205032043,c234,c5
19266,0.49351887980858533,0.37077027735332857,0.13571084283808604,c1,c1
6043,0.2665935312687566,0.3054076603326831,0.4279988083985603,c5,c5
17672,0.5527842877071089,0.19803670938218967,0.24917900291070155,c1,c1
11340,0.3510503148648586,0.2911066114373018,0.3578430736978396,c1,c5
11660,0.2823866650541774,0.31160648967221133,0.4060068452736113,c234,c5
2422,0.41471138594785917,0.31172888154666956,0.27355973250547133,c5,c1
11025,0.21425494264759712,0.45318128997275986,0.332563767379643,c5,c234
17647,0.12755232817826875,0.2932475165351657,0.5792001552865657,c234,c5
16562,0.4321313741486878,0.39375817422618525,0.1741104516251269,c1,c1
12900,0.33127381590219696,0.42411481820855146,0.24461136588925161,c1,c234
10613,0.46818698199214814,0.34273131578920923,0.1890817022186425,c1,c1
9015,0.29432486396093466,0.24018938193693104,0.4654857541021342,c234,c5
1584,0.2464330740224075,0.25269949108437373,0.5008674348932188,c234,c5
12932,0.1783118926882071,0.3907812475932663,0.43090685971852666,c1,c5
11905,0.44103055268511876,0.39717769617510046,0.16179175113978084,c234,c1
3893,0.19833565988212082,0.3114155123696019,0.4902488277482774,c1,c5
3161,0.14388274115828692,0.36919857007230616,0.4869186887694069,c5,c5
15880,0.10299543183834921,0.28202841589511046,0.6149761522665405,c234,c5
7081,0.6058465300619249,0.2809274719425166,0.1132259979955584,c234,c1
14891,0.6359087507630439,0.2521282100365717,0.11196303920038446,c234,c1
12530,0.4253784998922037,0.36639427200006564,0.20822722810773056,c234,c1
12228,0.46077303272621484,0.2651510500376114,0.27407591723617375,c234,c1
7699,0.24188965200317933,0.48969522042439506,0.2684151275724255,c234,c234
17479,0.4676686632338166,0.2472352622112107,0.2850960745549726,c1,c1
18234,0.23297107314998494,0.3400008720875758,0.4270280547624393,c5,c5
19326,0.20559011085342788,0.2799963344046603,0.5144135547419117,c5,c5
8600,0.30707175838243655,0.33039768759820665,0.36253055401935674,c1,c5
13444,0.38491835861625673,0.32912205969947006,0.28595958168427316,c5,c1
4329,0.3661928915785953,0.4088451514686985,0.22496195695270624,c5,c234
7786,0.16870190042719052,0.30063501211124655,0.530663087461563,c234,c5
572,0.3332416160987666,0.3524059408513239,0.3143524430499095,c5,c234
5502,0.277265580453523,0.282698053051771,0.44003636649470595,c234,c5
8252,0.294327091541106,0.3172343787505818,0.38843852970831216,c234,c5
16037,0.1693496726372621,0.3616021915099532,0.4690481358527846,c5,c5
11801,0.26228966841247986,0.40242723333507124,0.335283098252449,c234,c234
18683,0.24642600385192787,0.3233698343109837,0.43020416183708843,c5,c5
7312,0.33368087013670106,0.30727059647126614,0.35904853339203274,c5,c5
18586,0.16021381621638972,0.2715856619943575,0.568200521789253,c234,c5
18214,0.42682761531012725,0.4113313716616601,0.16184101302821263,c1,c1
19729,0.2889931513330879,0.49954704139827966,0.2114598072686324,c234,c234
3653,0.11287531460585694,0.2996009829953519,0.587523702398791,c234,c5
14474,0.2149703730540684,0.31524062051561585,0.46978900643031585,c234,c5
3162,0.3285707113244529,0.3773911774386303,0.2940381112369167,c5,c234
10285,0.4321541964304455,0.3253689540614972,0.2424768495080573,c1,c1
9970,0.34832464697270626,0.22370049320328445,0.42797485982400935,c234,c5
2382,0.2729861856387351,0.42715358418079497,0.2998602301804699,c234,c234
13069,0.15720321357482372,0.5232730535458643,0.31952373287931196,c1,c234
5668,0.19851611955884105,0.4015781650258501,0.3999057154153089,c234,c234
657,0.39256880522106624,0.3346796728529199,0.2727515219260139,c234,c1
20083,0.34341106351980266,0.4231623050101908,0.23342663147000647,c1,c234
9936,0.14290445706950822,0.226168819609701,0.6309267233207908,c234,c5
18564,0.22818784037906945,0.32884449582375697,0.44296766379717356,c5,c5
12722,0.30202906064303736,0.35257472174779186,0.3453962176091708,c5,c234
9081,0.27538427731598103,0.42775367731395164,0.29686204537006733,c234,c234
1835,0.6077982715935847,0.2898359412637249,0.10236578714269033,c1,c1
4084,0.06336421040824931,0.3655406524909544,0.5710951371007964,c5,c5
13107,0.691387153508694,0.2108631650166087,0.09774968147469734,c1,c1
18111,0.21051646855919187,0.3173321015131493,0.47215142992765885,c234,c5
5190,0.2555035027823207,0.40433942084019864,0.3401570763774807,c234,c234
1409,0.4343179577542441,0.346753909269819,0.21892813297593694,c5,c1
12024,0.4251903880803156,0.20680000619614852,0.3680096057235359,c1,c1
7657,0.3879636748545628,0.309322667831741,0.30271365731369626,c1,c1
9793,0.39192739465235976,0.35122471518729864,0.2568478901603416,c1,c1
14263,0.34233488409837537,0.3156446192682226,0.34202049663340206,c1,c1
409,0.3131871710432258,0.4138092094357395,0.27300361952103464,c1,c234
13345,0.500491127947423,0.24081166026952738,0.25869721178304966,c234,c1
15726,0.1599391624540836,0.31473292980676026,0.525327907739156,c234,c5
669,0.2470574523003711,0.2795523716054671,0.47339017609416184,c5,c5
6439,0.25805182128616744,0.3495080900715342,0.3924400886422984,c234,c5
217,0.5142599772842937,0.35470083395533,0.13103918876037635,c234,c1
4737,0.5190383570099686,0.3436277454201838,0.13733389756984773,c234,c1
9939,0.37257923606749,0.2460744850017032,0.3813462789308068,c234,c5
18968,0.29036728961342123,0.33837649574684514,0.37125621463973363,c234,c5
8831,0.6113474016402002,0.3040875569252083,0.08456504143459147,c1,c1
10952,0.1743167314606769,0.5421467249000025,0.2835365436393206,c5,c234
9874,0.2957020919593583,0.43815939204911114,0.26613851599153066,c1,c234
7332,0.34265820001874203,0.34732019659114277,0.31002160339011525,c234,c234
20000,0.4860395871955386,0.309177373729326,0.20478303907513556,c1,c1
8286,0.23770736832944667,0.3488450256198451,0.41344760605070824,c5,c5
2758,0.18194738492262558,0.379919417338623,0.4381331977387514,c1,c5
8537,0.4187132383637079,0.4162268177914662,0.16505994384482595,c5,c1
1342,0.23811201322135758,0.416253277179779,0.3456347095988635,c234,c234
2824,0.35269245035915964,0.3629875925748259,0.2843199570660145,c234,c234
14789,0.3000158195269981,0.4054274426970381,0.29455673777596375,c5,c234
14466,0.1536636797854461,0.37333769986174276,0.4729986203528112,c5,c5
976,0.408358204286895,0.3112764826900695,0.28036531302303547,c1,c1
5689,0.15816551340074794,0.2993522258589617,0.5424822607402903,c5,c5
12499,0.24991377243733717,0.3491088237664924,0.40097740379617053,c5,c5
3504,0.25898500964014526,0.47211484171656243,0.26890014864329226,c234,c234
8325,0.306338476548103,0.310251074297872,0.38341044915402506,c1,c5
19686,0.41955952060608015,0.3881939822045929,0.19224649718932685,c1,c1
17688,0.2654051571769671,0.43377748485374823,0.30081735796928466,c5,c234
13839,0.5813551371731547,0.31927926027658177,0.09936560255026364,c1,c1
8805,0.3044067829948907,0.2172768545078418,0.47831636249726744,c5,c5
19911,0.181350831116556,0.3771312418677898,0.4415179270156543,c234,c5
15316,0.304255574027673,0.2990739068783482,0.3966705190939789,c234,c5
10937,0.4710181759849471,0.36955532019011705,0.1594265038249359,c1,c1
3138,0.21148110347089277,0.3013847048057033,0.4871341917234041,c5,c5
1516,0.34186912074975784,0.4772736612141347,0.1808572180361075,c5,c234
19869,0.20640303850153296,0.367928055504578,0.42566890599388907,c1,c5
14773,0.26759333359153176,0.31887612938136717,0.4135305370271011,c1,c5
11750,0.2177608123861618,0.40238717582112915,0.37985201179270905,c1,c234
14720,0.2393724383409807,0.37410793127111586,0.3865196303879034,c5,c5
9123,0.2675532193504129,0.3939991535743581,0.338447627075229,c1,c234
6329,0.29964806452776027,0.38075377820506884,0.31959815726717083,c234,c234
2671,0.2535403086968673,0.4177757749492638,0.32868391635386895,c234,c234
12940,0.15885559910794628,0.399044683124729,0.44209971776732465,c234,c5
16705,0.3736668139593398,0.46705732490842244,0.15927586113223774,c234,c234
15755,0.30741902758740997,0.3788317528420396,0.31374921957055035,c234,c234
5409,0.38692964672949814,0.3807333600609484,0.23233699320955337,c234,c1
6672,0.3061194808088846,0.4948233924818911,0.19905712670922437,c234,c234
11834,0.2849975538768307,0.3740034364838995,0.3409990096392698,c1,c234
8136,0.25080769623824994,0.2832211888741588,0.46597111488759124,c1,c5
11393,0.27574068719247424,0.38386882172121634,0.3403904910863095,c234,c234
8428,0.19468564435077607,0.3993160332724296,0.40599832237679434,c234,c5
3543,0.2450693810632834,0.3109008056513704,0.4440298132853462,c1,c5
3700,0.2909557145158771,0.38368646685431435,0.3253578186298086,c5,c234
417,0.17008925025533808,0.31000060922050865,0.5199101405241533,c234,c5
14346,0.21551093085647807,0.352605993186017,0.431883075957505,c234,c5
30,0.3977728329368463,0.2546549591968151,0.34757220786633863,c1,c1
15234,0.5738449443983173,0.32919353705456555,0.09696151854711703,c1,c1
3941,0.22864712398310583,0.44696616489383356,0.3243867111230606,c5,c234
19313,0.31548918623889666,0.27329669660441236,0.4112141171566911,c5,c5
11356,0.3358430887842743,0.36986208885906446,0.29429482235666116,c5,c234
9331,0.39315994131818766,0.3168360992608613,0.290003959420951,c1,c1
10872,0.34399414245415116,0.3405757107577374,0.31543014678811154,c5,c1
13008,0.31375899503890003,0.33007498526600243,0.35616601969509754,c5,c5
7659,0.33977767490514466,0.2917299780533701,0.3684923470414854,c5,c5
11633,0.24661661055416242,0.4852427374372327,0.2681406520086048,c1,c234
14993,0.23501426573434453,0.355181516962692,0.40980421730296346,c234,c5
3127,0.32153007071266415,0.4118768298291743,0.2665930994581616,c234,c234
8898,0.34967871371613646,0.37930848867182104,0.27101279761204244,c234,c234
18350,0.12716621429323705,0.23992278814347232,0.6329109975632907,c5,c5
868,0.38440675722116613,0.3899939830608369,0.22559925971799705,c1,c234
19415,0.43058979872489117,0.2926855426743736,0.27672465860073514,c5,c1
13367,0.3210848712066271,0.36337323158838,0.31554189720499304,c234,c234
11516,0.19174556894633482,0.30557786243304735,0.5026765686206178,c5,c5
16938,0.44235232248906253,0.3528111332802741,0.20483654423066336,c234,c1
8469,0.13862827482708306,0.3951567749467252,0.46621495022619186,c234,c5
14803,0.37068583536586214,0.35835363338656306,0.2709605312475748,c1,c1
839,0.13616136291416842,0.1568876583068707,0.7069509787789607,c5,c5
11231,0.19918744600300492,0.47592072791282647,0.3248918260841686,c234,c234
534,0.3201250947844846,0.3595776033737712,0.3202973018417442,c1,c234
16221,0.2779357845381112,0.3661326143371132,0.3559316011247756,c5,c234
17455,0.6150758045104734,0.2327586251409814,0.15216557034854516,c234,c1
18590,0.38122874834841747,0.4078276773387975,0.21094357431278493,c5,c234
8273,0.34263583590590896,0.3236469086854779,0.3337172554086132,c234,c1
18717,0.5029079917332255,0.35007908409152666,0.14701292417524778,c1,c1
5792,0.3428180321366331,0.38232515814749746,0.2748568097158695,c234,c234
12696,0.32624401406332715,0.3963430408658578,0.2774129450708151,c1,c234
13768,0.4345220254206428,0.3901655637971394,0.17531241078221776,c5,c1
3834,0.6228840081547692,0.28664543056284103,0.09047056128238969,c1,c1
6060,0.3884238985938362,0.42629670533891567,0.18527939606724814,c1,c234
4993,0.2929241047395344,0.4628600778751334,0.2442158173853322,c5,c234
13888,0.10299053521704608,0.23398349676162847,0.6630259680213253,c5,c5
16254,0.302032584662714,0.4561650676837692,0.24180234765351688,c1,c234
6913,0.2778309194933287,0.37701904663897756,0.3451500338676937,c234,c234
2724,0.736616756889813,0.17246856549439776,0.09091467761578949,c1,c1
3613,0.32868216826386254,0.31879429562846606,0.3525235361076715,c5,c5
15785,0.33428285158128823,0.29451511027280997,0.37120203814590175,c1,c5
1519,0.3819625383472715,0.43407517690587083,0.18396228474685772,c5,c234
300,0.3571578635671876,0.27785685305652275,0.36498528337628966,c1,c5
14917,0.18087090459555183,0.3582410395321377,0.4608880558723104,c5,c5
7536,0.6523735370896848,0.2784837150230671,0.06914274788724793,c1,c1
10201,0.18844255660100273,0.36475049372501456,0.44680694967398277,c234,c5
14700,0.2594767046645122,0.37312641515307293,0.3673968801824149,c234,c234
20088,0.6070188475690358,0.17661170140505195,0.2163694510259123,c1,c1
8155,0.33533403746037443,0.48130971812259943,0.1833562444170262,c234,c234
4371,0.24207160519481757,0.39816907280967395,0.3597593219955086,c1,c234
11372,0.21274231952788086,0.22028712720295784,0.5669705532691613,c5,c5
19809,0.41971144725679954,0.35590339564031315,0.22438515710288734,c234,c1
824,0.4438050580754589,0.28621422595040674,0.2699807159741343,c1,c1
11428,0.41124282578944954,0.31435534324666764,0.2744018309638828,c234,c1
3339,0.5509961789891321,0.3472404042282938,0.1017634167825742,c234,c1
10741,0.2556896937133192,0.3007468407046427,0.44356346558203813,c1,c5
2601,0.16987240105974277,0.4235655250106959,0.40656207392956134,c234,c234
2174,0.3765940769117211,0.35084340329968783,0.27256251978859103,c1,c1
14607,0.3444931958362773,0.4433311520609687,0.21217565210275402,c234,c234
20058,0.211911118646193,0.4080439635945024,0.3800449177593047,c234,c234
18816,0.24351666727623225,0.3835947728645742,0.3728885598591935,c5,c234
10928,0.488705875642066,0.3821999881447085,0.1290941362132255,c234,c1
19989,0.30736211396113866,0.32955551200273536,0.3630823740361259,c5,c5
1844,0.2712997324880861,0.30430786838191637,0.4243923991299975,c1,c5
8472,0.15790667897498573,0.2873335756379324,0.554759745387082,c5,c5
18476,0.23884800457754912,0.3598977842004622,0.4012542112219887,c5,c5
8743,0.15833761201200242,0.39800489226677127,0.44365749572122615,c1,c5
5011,0.23008653356379885,0.3927859916626987,0.37712747477350245,c5,c234
18184,0.3840769204922651,0.3903267257973879,0.225596353710347,c1,c234
19549,0.46077303272621484,0.2651510500376114,0.27407591723617375,c234,c1
15174,0.0933678621350269,0.28277143896702234,0.6238606988979507,c5,c5
386,0.25318002210658597,0.27255491180252905,0.47426506609088503,c5,c5
9806,0.3476389241517211,0.3635186246510158,0.28884245119726304,c5,c234
12440,0.2107192567510686,0.4774644679835019,0.31181627526542954,c5,c234
3132,0.24189452205913434,0.47814259048882424,0.27996288745204145,c5,c234
10796,0.3089492332024988,0.42568666376347386,0.26536410303402747,c5,c234
7325,0.40082866459933647,0.40187894562920146,0.19729238977146202,c234,c234
14941,0.21370217617913184,0.3655439697100955,0.4207538541107726,c5,c5
17466,0.16942271747206722,0.32831292431403747,0.5022643582138953,c234,c5
12785,0.7155699868521258,0.1882693089487392,0.0961607041991351,c1,c1
10425,0.4286752022907551,0.33502331237253563,0.23630148533670922,c234,c1
10451,0.4638258557178947,0.2431084268932035,0.29306571738890175,c5,c1
2362,0.4302202553935481,0.274042686276856,0.2957370583295959,c1,c1
13284,0.3059599760610189,0.28578573452579115,0.4082542894131899,c5,c5
18746,0.2470224772962475,0.3942148916867699,0.3587626310169827,c5,c234
6192,0.3245023046801707,0.3439229748892477,0.33157472043058156,c234,c234
12546,0.37364217833766294,0.3829171072772787,0.2434407143850584,c5,c234
16280,0.19634781885400265,0.3486111278718066,0.4550410532741907,c1,c5
15476,0.21762177597457555,0.4355456048523747,0.34683261917304975,c5,c234
10126,0.2124147796031221,0.397470926379159,0.39011429401771885,c5,c234
14083,0.163235598489314,0.5268167973946569,0.30994760411602895,c5,c234
15873,0.24638782606704787,0.47714078104388563,0.2764713928890665,c234,c234
12262,0.4906690455153423,0.26667006730945403,0.2426608871752038,c1,c1
16945,0.48024898923194337,0.34969152667536213,0.17005948409269447,c234,c1
5469,0.4325968930968232,0.35289148222842076,0.2145116246747561,c1,c1
4789,0.37222858500528877,0.351385268318141,0.2763861466765703,c1,c1
10970,0.3416104061872498,0.3904173657752341,0.2679722280375161,c1,c234
5538,0.25220481933178235,0.44173228923454194,0.3060628914336757,c5,c234
13058,0.19250451317730954,0.31479913556163547,0.49269635126105493,c1,c5
13997,0.5215626754462572,0.33595571224383025,0.14248161230991235,c234,c1
18901,0.3319819311879689,0.2830373084220955,0.38498076038993556,c1,c5
5128,0.26670446871648046,0.2989554418285407,0.4343400894549789,c234,c5
3462,0.22204149928227404,0.4701517776314879,0.30780672308623813,c234,c234
2634,0.1100869488234221,0.44768419747026333,0.4422288537063145,c5,c234
2642,0.2834921283781868,0.34116293270955766,0.3753449389122554,c1,c5
5000,0.24773716316263092,0.261213944000909,0.49104889283646,c1,c5
14863,0.23587593134703289,0.3265322395071646,0.43759182914580264,c5,c5
6660,0.47749425627009945,0.2653834758060257,0.25712226792387494,c5,c1
11198,0.20226024810538346,0.2935015967365311,0.5042381551580855,c5,c5
593,0.14898222538528025,0.35813775405553855,0.4928800205591812,c234,c5
3403,0.4330060965556175,0.3341790103948009,0.2328148930495816,c234,c1
4467,0.1736920536222607,0.3260387516595257,0.5002691947182136,c1,c5
18008,0.3509816461225642,0.3850913426846644,0.26392701119277145,c234,c234
14213,0.37628158508755216,0.34786942703632506,0.2758489878761227,c1,c1
15074,0.13461375685135935,0.40791055831461254,0.4574756848340281,c234,c5
18100,0.3044105193662463,0.36569178821929527,0.32989769241445843,c5,c234
11919,0.25788179491167873,0.4748528382107244,0.26726536687759694,c5,c234
15519,0.30746282635557737,0.24380268232429442,0.44873449132012827,c234,c5
18374,0.5388642945790301,0.3564291069039188,0.10470659851705115,c234,c1
4081,0.4457413446113058,0.3246945880301904,0.22956406735850382,c234,c1
4451,0.328008568663189,0.3530522981044486,0.3189391332323624,c234,c234
8516,0.388961272705682,0.39963065960458427,0.2114080676897338,c1,c234
10119,0.47829024676571735,0.37743446554617005,0.14427528768811262,c234,c1
14853,0.17474438102576378,0.3982497708354708,0.4270058481387653,c5,c5
17315,0.22520033793369781,0.3109979819780405,0.46380168008826167,c5,c5
19588,0.08270836402287546,0.2562409198343424,0.6610507161427821,c5,c5
11821,0.38615378625028696,0.39307458002887374,0.22077163372083927,c234,c234
11427,0.1777352889461787,0.27795960873699377,0.5443051023168274,c5,c5
19264,0.5522503168252753,0.28682707887173253,0.16092260430299218,c1,c1
8927,0.3110013853547567,0.42539910180374507,0.2635995128414982,c1,c234
12618,0.15376615477848748,0.21917126537135528,0.6270625798501572,c5,c5
61,0.15520744143313067,0.28932100479937045,0.5554715537674989,c5,c5
14508,0.17683247562787935,0.34956588936804217,0.4736016350040784,c234,c5
12239,0.3007781225160232,0.353881829286542,0.3453400481974348,c5,c234
8287,0.4309038363949941,0.42316177860311505,0.1459343850018909,c234,c1
10598,0.2372559300944869,0.5307681726728688,0.23197589723264436,c234,c234
775,0.30185927820837194,0.34441507718248887,0.353725644609139,c234,c5
1609,0.33412340296035414,0.2219426892633202,0.4439339077763257,c5,c5
344,0.12794182433159304,0.1859328467969006,0.6861253288715063,c5,c5
7955,0.11484098970905618,0.2592701207621431,0.6258888895288007,c234,c5
17492,0.4873041120630607,0.3452564896688549,0.16743939826808443,c1,c1
11732,0.22677652931341252,0.274544780000778,0.4986786906858095,c5,c5
3569,0.21381671016563453,0.3826662085368425,0.40351708129752295,c5,c5
50,0.22351712700605714,0.3783049964677595,0.39817787652618347,c234,c5
18659,0.4617343492074569,0.4769602516071793,0.06130539918536375,c1,c234
12095,0.21616755757557016,0.37992486801886177,0.40390757440556796,c234,c5
16102,0.3911958014492498,0.31291940532787,0.29588479322288025,c1,c1
6101,0.49007210692085107,0.3130399354632677,0.1968879576158813,c234,c1
4730,0.3630557450406034,0.32906083283844234,0.30788342212095426,c1,c1
8806,0.29690895554378105,0.4358829724339127,0.2672080720223062,c234,c234
1422,0.27914304754832664,0.3495020128191674,0.37135493963250604,c1,c5
16784,0.22990569701085795,0.4589637771515923,0.31113052583754974,c234,c234
4389,0.4782276440966208,0.40633228580311764,0.11544007010026162,c1,c1
17217,0.25076747581003667,0.3323151748933362,0.4169173492966271,c5,c5
14221,0.3238216605846008,0.35673063709273867,0.3194477023226605,c1,c234
15001,0.5625302826012898,0.329618072231041,0.10785164516766918,c1,c1
14552,0.3597383994697212,0.4111565408741189,0.22910505965615985,c5,c234
14731,0.2120005028813857,0.39001465456989354,0.39798484254872074,c5,c5
14024,0.24626756988744503,0.30432037401410805,0.44941205609844703,c1,c5
3501,0.41299253756159116,0.2923718957183491,0.2946355667200597,c234,c1
4422,0.19030241205951143,0.3520938572424586,0.45760373069803,c1,c5
17046,0.42696310819992017,0.3197090274018472,0.2533278643982326,c1,c1
8332,0.2321744670825882,0.38619152454467615,0.3816340083727356,c1,c234
4626,0.3014243767075464,0.4528207397499127,0.24575488354254088,c234,c234
11260,0.36326798986574016,0.3206126290564375,0.31611938107782234,c5,c1
1071,0.3593787315292035,0.3116091146010539,0.32901215386974264,c5,c1
11430,0.34761858806120854,0.36626286070174696,0.2861185512370445,c5,c234
10753,0.23270663182549808,0.37315289483711495,0.394140473337387,c1,c5
18244,0.23023671457819658,0.4467534609221852,0.32300982449961824,c234,c234
7186,0.23841766856005453,0.33859602366500086,0.4229863077749446,c5,c5
16306,0.11796627013734415,0.4577778438581278,0.424255886004528,c5,c234
12090,0.22450966432360592,0.2715468846054618,0.5039434510709324,c5,c5
1559,0.2815358484514482,0.3741194601017962,0.34434469144675556,c5,c234
11599,0.234790328006072,0.39451188174708746,0.3706977902468405,c1,c234
1172,0.2849975538768307,0.3740034364838995,0.3409990096392698,c5,c234
14438,0.19758707054447291,0.5111431558411104,0.29126977361441675,c5,c234
16749,0.343755060678257,0.46575641901383114,0.1904885203079118,c5,c234
5419,0.18433486227561838,0.34730912876182884,0.46835600896255275,c234,c5
4349,0.2341221828814431,0.4149115236184361,0.3509662935001208,c1,c234
6624,0.38424771244607026,0.4564553837808892,0.15929690377304054,c5,c234
13981,0.18233851303963516,0.24031062402686634,0.5773508629334986,c234,c5
2881,0.12189216287773977,0.31339199579887633,0.5647158413233838,c234,c5
9957,0.28388860056145093,0.5152502279766182,0.20086117146193078,c234,c234
18257,0.3809695387837234,0.4071051346218447,0.21192532659443186,c234,c234
6694,0.44453713119237664,0.3253923725024786,0.2300704963051448,c5,c1
18706,0.17581986472828598,0.30396489902155405,0.52021523625016,c5,c5
547,0.3231580381172847,0.3098763761626758,0.3669655857200395,c1,c5
13443,0.17055715633572383,0.329742618344521,0.4997002253197552,c234,c5
14918,0.4082522406244082,0.33604341464324883,0.25570434473234294,c234,c1
3589,0.22849304260587333,0.4532255377943633,0.3182814195997633,c5,c234
9710,0.33147147489381207,0.3252404901033587,0.3432880350028291,c234,c5
9021,0.17593257416721803,0.3231085819175621,0.5009588439152199,c1,c5
3582,0.23569030210007771,0.34579899650362667,0.41851070139629565,c5,c5
13805,0.35488099433800063,0.36172748385386305,0.2833915218081363,c234,c234
16531,0.46077303272621484,0.2651510500376114,0.27407591723617375,c1,c1
3332,0.2797238194755062,0.22758080981773365,0.4926953707067601,c5,c5
5021,0.2432554084821077,0.28488257914315906,0.4718620123747333,c5,c5
7050,0.19726244000789728,0.3789111263368925,0.42382643365521017,c234,c5
9462,0.3221893687875617,0.37601340193237653,0.30179722928006175,c1,c234
19758,0.6359087507630439,0.2521282100365717,0.11196303920038446,c1,c1
9494,0.3021538788695275,0.2975740844984218,0.40027203663205063,c1,c5
11923,0.24172742446042758,0.30932027253995475,0.4489523029996178,c5,c5
17788,0.2601091870847419,0.39603232882406725,0.34385848409119096,c234,c234
7442,0.3784459859881143,0.35215572471640116,0.2693982892954846,c5,c1
5885,0.3142689107207812,0.3490594740684752,0.3366716152107435,c5,c234
14057,0.29095889893727106,0.3664305863214486,0.3426105147412804,c234,c234
5515,0.42671227274066326,0.39285969128045706,0.18042803597887974,c5,c1
3804,0.35019159652432225,0.32391107879724573,0.325897324678432,c5,c1
2456,0.24962177245745226,0.3641317632513127,0.386246464291235,c5,c5
15719,0.21577932708009614,0.5343082856148715,0.24991238730503232,c234,c234
17561,0.4638258557178947,0.2431084268932035,0.29306571738890175,c5,c1
9150,0.5010489661395356,0.33227373955335743,0.16667729430710704,c234,c1
2967,0.38366085080019047,0.3817532495599245,0.23458589963988502,c234,c1
8656,0.5738449443983173,0.32919353705456555,0.09696151854711703,c234,c1
19115,0.30460585826455694,0.38730870176086235,0.30808543997458077,c234,c234
7238,0.5738449443983173,0.32919353705456555,0.09696151854711703,c1,c1
8941,0.18872598937316837,0.31846893371505924,0.4928050769117724,c5,c5
19755,0.2270482166131428,0.345284438400422,0.42766734498643527,c234,c5
11286,0.19327460541453417,0.3266514634302854,0.4800739311551805,c5,c5
15282,0.2045962733617336,0.3938271797529507,0.40157654688531563,c5,c5
16122,0.4396014143842718,0.3849356443866337,0.17546294122909453,c234,c1
17549,0.15137068137996584,0.3070843088622852,0.541545009757749,c234,c5
550,0.2855296115052961,0.3536130256664201,0.36085736282828385,c5,c5
1080,0.40549169795835455,0.3537529210668802,0.2407553809747653,c5,c1
7762,0.19594944859782476,0.19729704239194987,0.6067535090102254,c234,c5
3911,0.157892394412009,0.37591453236167144,0.4661930732263196,c5,c5
2132,0.4154470510199637,0.30323556542136165,0.2813173835586747,c234,c1
14238,0.4316858836540935,0.3717977040855984,0.19651641226030808,c1,c1
6434,0.36775708831763054,0.417239920730367,0.21500299095200245,c234,c234
2465,0.2866494563198717,0.4595244846830028,0.2538260589971255,c234,c234
6393,0.39808488772001416,0.4080734930812436,0.1938416191987422,c5,c234
9996,0.383568226264834,0.2581186359996958,0.3583131377354702,c1,c1
18530,0.10324216563498931,0.27035781314165436,0.6264000212233565,c5,c5
7566,0.12912859916449812,0.31844775521970037,0.5524236456158015,c5,c5
2141,0.6711858846569219,0.23586199912102407,0.09295211622205415,c1,c1
18573,0.2723841226019113,0.3631467185415529,0.36446915885653575,c1,c5
19396,0.1547919251690097,0.3416320747026107,0.5035760001283796,c5,c5
3110,0.4455275738875023,0.31383304855436756,0.24063937755813014,c234,c1
11485,0.2875670596067779,0.3091730962693306,0.4032598441238915,c234,c5
3024,0.4156597063825339,0.3275776528121061,0.25676264080536004,c1,c1
13648,0.30760474888692274,0.4039763175130494,0.2884189336000279,c234,c234
8853,0.20725359595813858,0.2991826749886512,0.4935637290532102,c5,c5
7823,0.2825250340806381,0.33752289842158106,0.3799520674977809,c5,c5
17872,0.24597402795529474,0.42870183988639443,0.32532413215831085,c234,c234
13119,0.2927639125571711,0.4552453640853192,0.25199072335750977,c5,c234
15909,0.2804822134670365,0.25282141875293584,0.46669636778002765,c234,c5
17855,0.19857174824706708,0.42553105405114505,0.37589719770178787,c234,c234
15700,0.21164453146306195,0.40686437753484606,0.381491091002092,c234,c234
1040,0.20742699130174563,0.25449103844045734,0.538081970257797,c5,c5
18381,0.4190114946614919,0.3028380599958348,0.27815044534267325,c1,c1
18340,0.3379434409452724,0.4630157957193636,0.19904076333536394,c5,c234
12060,0.4656062823837367,0.2750835824670667,0.25931013514919665,c1,c1
17382,0.2505595851589722,0.2526766421298701,0.4967637727111577,c1,c5
9712,0.4254703823475506,0.2614288535044496,0.3131007641479998,c1,c1
3704,0.2796187718500807,0.4443939301040182,0.27598729804590116,c234,c234
4909,0.23866299228668994,0.3300570198163513,0.4312799878969587,c5,c5
19044,0.49917795063441545,0.3610554933827871,0.13976655598279744,c1,c1
4941,0.4870768985492419,0.34177965396247906,0.17114344748827892,c234,c1
19473,0.4435128898399781,0.2721184371115653,0.28436867304845664,c1,c1
649,0.21737784452465497,0.22195149045755436,0.5606706650177907,c234,c5
7891,0.3287336353200511,0.42189103342334455,0.24937533125660433,c5,c234
17782,0.4900540950208724,0.3322312127395034,0.17771469223962422,c1,c1
1168,0.1077973821397756,0.2979691416512278,0.5942334762089965,c234,c5
10134,0.5329840015063356,0.3148319487595216,0.15218404973414293,c1,c1
9633,0.3884571297867301,0.33743865860069505,0.27410421161257503,c1,c1
17128,0.49485779128500995,0.2985886898280028,0.2065535188869871,c234,c1
13230,0.45643539412663825,0.2806977325136516,0.26286687335971015,c1,c1
8869,0.1955593475853668,0.29485363290733835,0.5095870195072949,c234,c5
366,0.49476748508032165,0.2857691861654602,0.21946332875421817,c1,c1
4065,0.26173378800894637,0.3756918577768437,0.3625743542142098,c1,c234
15574,0.42313352272986693,0.3194843762365167,0.25738210103361636,c1,c1
2795,0.4879550993985804,0.2815564776699731,0.23048842293144664,c234,c1
6495,0.4004751697396903,0.39909257482118066,0.20043225543912904,c1,c1
6708,0.1884396617549547,0.4099094673190609,0.40165087092598445,c1,c234
904,0.5715183388847926,0.2997873133387789,0.12869434777642852,c1,c1
5112,0.21274231952788086,0.22028712720295784,0.5669705532691613,c234,c5
17924,0.24449435994605123,0.3320239425459688,0.42348169750798004,c234,c5
19321,0.19859506768281285,0.298163545437944,0.5032413868792432,c5,c5
18247,0.22230910715538296,0.28790809313562493,0.4897827997089922,c234,c5
5758,0.3190677505788728,0.470300365906405,0.21063188351472223,c234,c234
10856,0.24555272994998556,0.39612794661709205,0.3583193234329224,c1,c234
6779,0.2094009739796944,0.3140856170915941,0.4765134089287115,c234,c5
7990,0.425828627057273,0.3098952578974531,0.2642761150452738,c1,c1
2312,0.08622170318710926,0.23385415975766694,0.6799241370552238,c234,c5
12608,0.1933490616326717,0.2958545168627887,0.5107964215045396,c1,c5
5556,0.23080188806776408,0.4568259797052872,0.3123721322269487,c1,c234
9873,0.20278980454109008,0.3119223369829445,0.48528785847596545,c5,c5
6092,0.32660204811863836,0.39753544199928287,0.2758625098820787,c5,c234
5322,0.31328850870175373,0.43462876539398787,0.2520827259042584,c1,c234
12860,0.28729087241732376,0.28110228428912387,0.4316068432935524,c234,c5
18781,0.49394218929909117,0.28590533135035867,0.22015247935055027,c234,c1
12259,0.43734033134195444,0.3895460899266256,0.1731135787314199,c1,c1
11273,0.3704009731957091,0.2801628162191561,0.3494362105851348,c234,c1
3060,0.12621993091256342,0.256291587434505,0.6174884816529316,c5,c5
6243,0.4253784998922037,0.36639427200006564,0.20822722810773056,c1,c1
13021,0.5086233969810794,0.3521354387964399,0.13924116422248062,c234,c1
18948,0.3972741229871381,0.3127483970390945,0.2899774799737672,c234,c1
16544,0.39208991058487935,0.40887955347091187,0.19903053594420878,c234,c234
7102,0.1847468892752312,0.3005209884274084,0.5147321222973604,c1,c5
12330,0.3759198110948108,0.3695321008129258,0.25454808809226337,c5,c1
11296,0.5738449443983173,0.32919353705456555,0.09696151854711703,c1,c1
15028,0.5703631583979039,0.3323579744627116,0.0972788671393846,c1,c1
9801,0.240057795864076,0.3498684309455073,0.4100737731904166,c1,c5
6074,0.13096111314246023,0.38351432720938383,0.48552455964815594,c5,c5
13397,0.2847549750718348,0.23848909428840187,0.4767559306397633,c1,c5
2000,0.6359087507630439,0.2521282100365717,0.11196303920038446,c1,c1
4906,0.3131871710432258,0.4138092094357395,0.27300361952103464,c234,c234
16877,0.6056796661560666,0.2730029605758449,0.12131737326808847,c1,c1
4566,0.20110452070673207,0.30763689660914356,0.49125858268412437,c5,c5
12375,0.15231972794666182,0.45337450534235524,0.39430576671098294,c5,c234
2735,0.18549029217722673,0.2810532868764385,0.5334564209463348,c5,c5
12746,0.22911986390977193,0.35842306245318856,0.41245707363703943,c234,c5
5937,0.16173578890019635,0.3347468870472903,0.5035173240525133,c5,c5
17333,0.09109524661011852,0.16461336182238254,0.7442913915674989,c5,c5
10032,0.5613996600132664,0.2899819871758764,0.14861835281085717,c1,c1
554,0.23480534016472626,0.3919906848261134,0.37320397500916036,c5,c234
16443,0.254442094865201,0.38455608286490317,0.36100182226989574,c234,c234
14480,0.13995675780586134,0.286336712411296,0.5737065297828428,c5,c5
10468,0.4324556383228363,0.3969445859198585,0.1705997757573052,c1,c1
17005,0.15635868501675648,0.21413662858980648,0.629504686393437,c5,c5
8221,0.17354394797749437,0.4594534598092387,0.36700259221326703,c5,c234
18132,0.11998803732547085,0.41142977582359963,0.46858218685092956,c5,c5
6418,0.4914681072517923,0.30486050189046543,0.20367139085774227,c234,c1
17018,0.4642248269581959,0.3017634207805375,0.23401175226126653,c1,c1
10320,0.519428140359147,0.34055822087639426,0.14001363876445883,c1,c1
11646,0.31005677188725583,0.40304295540995855,0.2869002727027857,c5,c234
9972,0.1982185458039503,0.4256669528068014,0.3761145013892484,c234,c234
10771,0.21309101535928648,0.33646483757905843,0.4504441470616551,c234,c5
8818,0.18539466255835574,0.38141785751155266,0.4331874799300916,c234,c5
4290,0.4639678468929963,0.40549660252998504,0.13053555057701866,c1,c1
10664,0.3333758418638179,0.2136904444849408,0.45293371365124135,c5,c5
5726,0.3004834487384839,0.4599242354806134,0.23959231578090262,c234,c234
14538,0.30639133354785536,0.33151460589801923,0.36209406055412546,c234,c5
12809,0.24904993467922493,0.22385207934583518,0.52709798597494,c1,c5
19773,0.26423173736671723,0.3927819548871608,0.342986307746122,c1,c234
8211,0.20703384496910812,0.34976601442577687,0.44320014060511503,c234,c5
7247,0.2163954093774696,0.45676867939236343,0.326835911230167,c234,c234
1444,0.4990866556111676,0.33155195786889713,0.16936138651993526,c234,c1
491,0.40995754273218693,0.32938046072938165,0.2606619965384315,c234,c1
11754,0.1342234383707826,0.3077808025662324,0.5579957590629849,c5,c5
8187,0.36150286967150114,0.3004013573987968,0.33809577292970205,c5,c1
17605,0.27031240723178496,0.39628541469794687,0.3334021780702683,c234,c234
2140,0.19983637024024486,0.4644429035328296,0.3357207262269256,c234,c234
14401,0.2714952247982532,0.3377346040748931,0.39077017112685375,c5,c5
9771,0.3691262365947803,0.39012067665977523,0.24075308674544446,c1,c234
3229,0.40747306267647376,0.3805657463889293,0.21196119093459687,c234,c1
4179,0.2779357845381112,0.3661326143371132,0.3559316011247756,c5,c234
8108,0.23497456339955725,0.4538082468131046,0.31121718978733826,c1,c234
6460,0.26602405959224407,0.40331361396099813,0.33066232644675775,c5,c234
9141,0.23388995358653314,0.41969389032297844,0.3464161560904884,c1,c234
4311,0.3842004639581439,0.3379250982996645,0.2778744377421916,c234,c1
17834,0.24887153423873584,0.27320683787559535,0.4779216278856687,c1,c5
5917,0.5005822843001867,0.3227891735428324,0.17662854215698093,c234,c1
2209,0.2474211160458263,0.2245152532846002,0.5280636306695735,c1,c5
19105,0.32330901630232645,0.4172091676528867,0.2594818160447868,c234,c234
14125,0.26292789062943944,0.3943184671718935,0.34275364219866705,c1,c234
13381,0.2505852251103734,0.535933126612449,0.2134816482771776,c234,c234
8056,0.2849975538768307,0.3740034364838995,0.3409990096392698,c5,c234
9490,0.2904697234116526,0.37196991297286963,0.33756036361547775,c234,c234
3770,0.29503474681369746,0.373901959934036,0.3310632932522665,c5,c234
15472,0.27141978791976756,0.33723634668828406,0.39134386539194843,c5,c5
17579,0.2239550611119737,0.49624677437774584,0.27979816451028033,c5,c234
1564,0.25439687746904494,0.281880413855511,0.46372270867544413,c5,c5
1456,0.24579388408199293,0.34629352834505533,0.4079125875729517,c1,c5
8237,0.1556064653349396,0.331892829485828,0.5125007051792324,c5,c5
3477,0.13255808780009307,0.3518771603660655,0.5155647518338414,c234,c5
14006,0.29770399181624896,0.33515519627298457,0.3671408119107665,c5,c5
6287,0.1830165986538966,0.3963038993096991,0.42067950203640425,c5,c5
9942,0.2578952974839746,0.2933347781512176,0.44876992436480767,c1,c5
2196,0.2995779464907199,0.4251678866375127,0.2752541668717674,c1,c234
3960,0.31243094964972873,0.29770556150572086,0.3898634888445504,c234,c5
8278,0.19981906709275016,0.38284262857077367,0.4173383043364762,c1,c5
10857,0.6046187491313064,0.26102174694482955,0.1343595039238641,c234,c1
1128,0.251022333491828,0.3780174486080686,0.3709602179001035,c234,c234
4295,0.20548419012558483,0.39238313582467416,0.402132674049741,c5,c5
3106,0.20623559325386392,0.43629091814373255,0.35747348860240347,c5,c234
9641,0.2677243354909215,0.36911324591631417,0.3631624185927643,c5,c234
2607,0.2514933779789549,0.23292754431952306,0.515579077701522,c5,c5
15555,0.1939269652501332,0.34387147967917536,0.4622015550706914,c5,c5
17888,0.2430251557756593,0.2206578006972844,0.5363170435270563,c234,c5
19529,0.15010561542217923,0.4254054433626112,0.42448894121520964,c234,c234
10631,0.3915058812954799,0.4394083323213859,0.1690857863831342,c1,c234
16757,0.5738449443983173,0.32919353705456555,0.09696151854711703,c1,c1
18444,0.28833675343403115,0.4809841342533024,0.2306791123126664,c234,c234
7880,0.35445409305005876,0.2790045400746505,0.36654136687529065,c5,c5
9481,0.5037620158258556,0.23301181168080323,0.2632261724933412,c1,c1
1624,0.27625726847885923,0.29558755178279983,0.42815517973834105,c1,c5
18561,0.1153565303708253,0.32167459662407516,0.5629688730050996,c5,c5
12261,0.181405913295072,0.2818315925332489,0.5367624941716791,c234,c5
11891,0.2863993388272431,0.3517915967573542,0.3618090644154028,c234,c5
12488,0.5251018697016892,0.35449938330336217,0.12039874699494871,c1,c1
7202,0.23092919126873762,0.43508432897202953,0.33398647975923285,c234,c234
4214,0.33747893456910594,0.24742548697378602,0.415095578457108,c5,c5
18721,0.55122319422682,0.28452927960713353,0.16424752616604651,c1,c1
2569,0.37470082031576984,0.4565885000725617,0.16871067961166847,c234,c234
1192,0.4031857232778884,0.38491008153076445,0.2119041951913471,c1,c1
6214,0.39999496912571675,0.3414936994753536,0.25851133139892973,c234,c1
18509,0.3131871710432258,0.4138092094357395,0.27300361952103464,c234,c234
15877,0.5350349660149307,0.18290245164851032,0.28206258233655895,c1,c1
1936,0.3786730105304404,0.2946958413332774,0.32663114813628225,c1,c1
9985,0.23184319142732895,0.4491002404840138,0.31905656808865723,c5,c234
6717,0.27087154333020796,0.3697381146342646,0.35939034203552744,c234,c234
10306,0.29795186929792816,0.4132826365736886,0.28876549412838326,c1,c234
473,0.24429044536851818,0.4015759279259579,0.35413362670552384,c234,c234
6805,0.4394145288102047,0.2805526870978584,0.280032784091937,c1,c1
12161,0.25895347970592975,0.3153966449410327,0.42564987535303744,c5,c5
13433,0.2674873789528889,0.42065675060666213,0.31185587044044893,c1,c234
11914,0.20265009416527321,0.3072577752090105,0.4900921306257163,c1,c5
5318,0.44407455722320666,0.29412734570692456,0.26179809706986873,c234,c1
13745,0.5503041630235774,0.30355888979553447,0.14613694718088813,c1,c1
19441,0.4361601053420993,0.3357762515391693,0.22806364311873145,c5,c1
9796,0.27110652713540323,0.31871354480607417,0.4101799280585225,c234,c5
14300,0.48248874642108275,0.25949850185034373,0.25801275172857346,c234,c1
11163,0.28728409410984207,0.3773053978177405,0.33541050807241746,c5,c234
14688,0.20692301605064856,0.32951281364921015,0.4635641703001413,c1,c5
4830,0.48007380552547235,0.2548044787323014,0.2651217157422263,c1,c1
14365,0.24159706712940032,0.40022946526993347,0.3581734676006662,c5,c234
15615,0.2578952974839746,0.2933347781512176,0.44876992436480767,c5,c5
16992,0.46077303272621484,0.2651510500376114,0.27407591723617375,c234,c1
6607,0.4399416324993178,0.35885559507482234,0.2012027724258599,c234,c1
6149,0.49049342110859806,0.24143147727320285,0.26807510161819903,c1,c1
12510,0.19403756609119235,0.3241925881069714,0.4817698458018363,c5,c5
18774,0.2285314094529975,0.35381090904022267,0.4176576815067799,c1,c5
19232,0.07414363065408822,0.38806752130782335,0.5377888480380884,c234,c5
16628,0.5064883950020014,0.3411619356214239,0.15234966937657474,c1,c1
2208,0.23903414343422513,0.3437074782492269,0.41725837831654805,c5,c5
10921,0.25723599267305614,0.40737651402573827,0.33538749330120554,c234,c234
12423,0.47817621596101567,0.27652642248123194,0.24529736155775234,c1,c1
16649,0.34813243082644335,0.39926444902910907,0.2526031201444476,c234,c234
3780,0.3143002608050107,0.3252768840736051,0.36042285512138406,c5,c5
12457,0.48379682494055076,0.33637168969654674,0.17983148536290244,c234,c1
13655,0.16730867899919216,0.3983033026528147,0.4343880183479931,c234,c5
11631,0.20809243384555032,0.3778944440762181,0.4140131220782316,c5,c5
3288,0.6175308007922496,0.26460886922332644,0.11786032998442397,c1,c1
1486,0.20459296608640462,0.40453013985926817,0.39087689405432724,c5,c234
16534,0.21585168194984047,0.45621566987649115,0.3279326481736684,c1,c234
12624,0.07381779986262316,0.15232516181763525,0.7738570383197415,c5,c5
18665,0.1524877158072858,0.2771711275213124,0.5703411566714018,c234,c5
19675,0.3098329073603316,0.4039520866949796,0.2862150059446888,c234,c234
354,0.387981395920946,0.2868741490088645,0.3251444550701896,c1,c1
3340,0.3549132235087461,0.35667683224754765,0.2884099442437063,c234,c234
18392,0.3345289336650591,0.47855264137438835,0.18691842496055264,c234,c234
10267,0.5297019110095408,0.2987403011451012,0.17155778784535808,c234,c1
11644,0.35229572504243417,0.32863568219601696,0.319068592761549,c1,c1
845,0.3558031889452971,0.543424109006386,0.10077270204831681,c1,c234
16163,0.22265052551037737,0.2866253220709507,0.4907241524186719,c234,c5
11937,0.31464828886650886,0.39635272211058414,0.2889989890229071,c5,c234
10808,0.3644076097977752,0.3843489779283705,0.25124341227385416,c1,c234
19915,0.28388860056145093,0.5152502279766182,0.20086117146193078,c1,c234
1060,0.25899536761870995,0.34928636461299367,0.39171826776829644,c234,c5
3072,0.26879095894650185,0.39064363755603243,0.3405654034974657,c5,c234
10303,0.4249158362336475,0.2602379246046296,0.3148462391617229,c5,c1
8717,0.33505639524493924,0.3795803514684292,0.2853632532866316,c1,c234
13164,0.39315994131818766,0.3168360992608613,0.290003959420951,c5,c1
9117,0.5084856140034469,0.3423848267783537,0.14912955921819943,c1,c1
18599,0.6278784589300802,0.23965164707718975,0.13246989399273018,c234,c1
12716,0.27328926016967203,0.23698102055413148,0.48972971927619646,c1,c5
16206,0.2980740737710874,0.22040898624298313,0.4815169399859294,c1,c5
7866,0.4558095113496371,0.35733599212643,0.1868544965239328,c1,c1
10456,0.22676639911094748,0.2898259755197887,0.4834076253692639,c1,c5
929,0.5543570225855375,0.2671473723056844,0.17849560510877807,c1,c1
847,0.326189840606709,0.37290280272532017,0.3009073566679708,c1,c234
7543,0.45370028184994615,0.34394670405952943,0.20235301409052436,c234,c1
15088,0.3009366253912841,0.3998053347315002,0.2992580398772157,c5,c234
12758,0.4303397321760434,0.36865418732961486,0.20100608049434174,c234,c1
8461,0.2889612275087556,0.3031082062298957,0.40793056626134866,c5,c5
13184,0.12049252057187973,0.3026817302345929,0.5768257491935274,c5,c5
10453,0.2728245178743417,0.29059754158853723,0.436577940537121,c1,c5
2705,0.2912213354156371,0.3973071324799181,0.3114715321044447,c1,c234
18035,0.2716395210602399,0.53539610132808,0.1929643776116801,c1,c234
3744,0.25823591772578836,0.3758852647807716,0.36587881749344,c5,c234
13588,0.25175736898902035,0.41397398108659555,0.33426864992438415,c234,c234
6392,0.17317435382387358,0.3402384328419363,0.48658721333419025,c5,c5
16822,0.31039906551222246,0.3238277747954361,0.3657731596923414,c5,c5
15863,0.2574619585917758,0.40967298568431654,0.3328650557239078,c1,c234
7157,0.23877613251353394,0.3328982413273552,0.42832562615911085,c5,c5
693,0.19538067149363159,0.48458341503207986,0.3200359134742886,c234,c234
6153,0.32081069353914055,0.3518041516524367,0.3273851548084227,c1,c234
19783,0.40329728847314505,0.30395653277624884,0.29274617875060616,c5,c1
10462,0.3518035254210742,0.38690905505469475,0.26128741952423107,c234,c234
14388,0.21015947124245965,0.4085645313788907,0.38127599737864964,c234,c234
17309,0.39396047191312916,0.30420504749889815,0.30183448058797263,c1,c1
1244,0.23043922319282206,0.4297271696192845,0.33983360718789346,c5,c234
13772,0.20721449035796774,0.4227382968037001,0.3700472128383321,c234,c234
5121,0.49097491952543326,0.28459760476895735,0.2244274757056095,c5,c1
11106,0.24709600194837944,0.37026380295582506,0.38264019509579544,c1,c5
2968,0.3082551394737941,0.39586275039658847,0.29588211012961735,c234,c234
8002,0.21480917948608055,0.39076560675291877,0.3944252137610007,c5,c5
1003,0.5250519464488879,0.3204095766249801,0.15453847692613215,c234,c1
15182,0.2084685112768267,0.3431806725644593,0.44835081615871397,c234,c5
8131,0.5404454684397786,0.29393308962729814,0.1656214419329233,c5,c1
15048,0.5156292491664918,0.3508499364165834,0.13352081441692493,c234,c1
18675,0.2182469368593128,0.45279894764376616,0.32895411549692105,c234,c234
17106,0.4638258557178947,0.2431084268932035,0.29306571738890175,c1,c1
6288,0.33702702348165037,0.34475581721649834,0.31821715930185135,c234,c234
11332,0.41562270000770035,0.3805426788880673,0.20383462110423234,c234,c1
3502,0.2507533829662366,0.3803610112602381,0.36888560577352525,c5,c234
13901,0.25588172806847903,0.38813863095937035,0.3559796409721507,c234,c234
9927,0.4381794668919213,0.3774094359304622,0.18441109717761642,c1,c1
15002,0.2519174920083965,0.45303958712394615,0.2950429208676574,c234,c234
7608,0.15149921080328674,0.4040212959119227,0.44447949328479053,c1,c5
12225,0.4104708217205508,0.4498820483242854,0.13964712995516376,c5,c234
4057,0.39747163242119843,0.3769575558648143,0.22557081171398727,c5,c1
12269,0.07468563859154018,0.3890460278583157,0.536268333550144,c234,c5
15617,0.43637176780429804,0.35727110573132875,0.20635712646437324,c1,c1
9354,0.48204003600362366,0.4079841769801117,0.10997578701626468,c234,c1
10494,0.31296161989446586,0.29417554840522014,0.392862831700314,c1,c5
9818,0.3191342643834306,0.3852028615278158,0.2956628740887535,c1,c234
9555,0.4242444765773681,0.35257801614115275,0.22317750728147917,c1,c1
3617,0.20208284912182303,0.2857537755274874,0.5121633753506896,c1,c5
4410,0.27928850825657137,0.3995446080862728,0.32116688365715584,c1,c234
10349,0.49254471234770014,0.27499102426599326,0.23246426338630663,c1,c1
16369,0.18791213549159416,0.41034088240172534,0.4017469821066805,c5,c234
6321,0.298286633745075,0.2980694780418506,0.4036438882130745,c5,c5
16208,0.14484002055449333,0.1988116304812949,0.6563483489642117,c5,c5
1537,0.6917232211264557,0.16919997900411268,0.13907679986943178,c1,c1
11863,0.4804857699860826,0.26099303580716415,0.2585211942067532,c1,c1
10635,0.5858049047393826,0.28349138829748644,0.130703706963131,c234,c1
14866,0.32419486419990107,0.4251343367500463,0.25067079905005263,c234,c234
15613,0.1884658112413622,0.37733277316087754,0.4342014155977602,c1,c5
8995,0.43672972538236926,0.24930641936896847,0.3139638552486622,c1,c1
7801,0.3941887820892845,0.3276822139704604,0.2781290039402552,c1,c1
3021,0.26987982762699064,0.26287448624974086,0.4672456861232684,c1,c5
14067,0.5318496660131404,0.24724813342450097,0.22090220056235857,c1,c1
15939,0.3866783482994941,0.35535706506490394,0.257964586635602,c1,c1
10655,0.3229987545357202,0.35467347426298057,0.3223277712012992,c1,c234
853,0.14877226668995003,0.45068521825966473,0.4005425150503853,c5,c234
36,0.4249158362336475,0.2602379246046296,0.3148462391617229,c5,c1
20,0.09066021872845006,0.27037498764639867,0.6389647936251512,c1,c5
16289,0.22096874683364076,0.1893563153317433,0.589674937834616,c234,c5
1141,0.16585309159863312,0.23345165451863678,0.6006952538827302,c1,c5
10452,0.4054497028503034,0.4679168768433574,0.12663342030633915,c234,c234
5753,0.3105094897083756,0.4264803024997533,0.26301020779187095,c5,c234
16466,0.09408375962249935,0.30982574771835375,0.5960904926591469,c5,c5
708,0.19248134206828033,0.4365152209319179,0.37100343699980176,c5,c234
5687,0.38835779320035074,0.259715235141798,0.35192697165785114,c234,c1
6223,0.36572947297018715,0.30084357756464136,0.3334269494651715,c234,c1
17879,0.19229722537616833,0.3698671026545756,0.437835671969256,c5,c5
6780,0.21258920827033134,0.27974283361179886,0.5076679581178698,c5,c5
16442,0.1736101791290381,0.30354198700686624,0.5228478338640955,c5,c5
18889,0.17803644625880138,0.35387413750629465,0.468089416234904,c5,c5
10667,0.19672955505899478,0.3106384132800182,0.49263203166098696,c5,c5
8976,0.12143380895244149,0.21874390580782718,0.6598222852397313,c5,c5
174,0.30252347992707534,0.4074611604499533,0.29001535962297137,c1,c234
12245,0.3164727908792441,0.3701333460512375,0.31339386306951833,c5,c234
158,0.5738449443983173,0.32919353705456555,0.09696151854711703,c1,c1
12775,0.264555977282425,0.22667272576876787,0.5087712969488071,c1,c5
6869,0.17032012286642537,0.25619081394274373,0.5734890631908309,c5,c5
8335,0.3607938887086613,0.44957535322835634,0.1896307580629824,c5,c234
6550,0.34150948290894595,0.39798864987381133,0.26050186721724267,c234,c234
17084,0.48013912794189506,0.28933079428050423,0.23053007777760065,c1,c1
4252,0.26458388868745625,0.3240879347707053,0.41132817654183834,c5,c5
8011,0.18407054671520454,0.2754818166570121,0.5404476366277834,c1,c5
3611,0.5051010136001424,0.3661095164052036,0.12878946999465413,c234,c1
12221,0.36122237592261763,0.2354533682504217,0.4033242558269607,c5,c5
15320,0.35577899537214974,0.39525526488654555,0.24896573974130476,c5,c234
16401,0.22535896481370826,0.33869411297838575,0.4359469222079061,c5,c5
3779,0.34479897932819725,0.5194784579057548,0.135722562766048,c234,c234
16152,0.2930399682853776,0.36237529238390664,0.34458473933071576,c1,c234
1569,0.283593684462048,0.3955721362722654,0.3208341792656866,c5,c234
855,0.5414788445561713,0.32784303613153887,0.1306781193122898,c234,c1
12166,0.3197672688361708,0.33151361815934344,0.3487191130044858,c1,c5
177,0.3223777769261437,0.39939535593614545,0.2782268671377108,c5,c234
18434,0.3492023993623584,0.4743913637650339,0.17640623687260767,c234,c234
181,0.45571233817365087,0.31875066671777946,0.22553699510856973,c1,c1
10328,0.35599526245144875,0.38338248100431693,0.2606222565442342,c234,c234
4846,0.22612609179023396,0.52516692547405,0.2487069827357161,c234,c234
8079,0.6095942159360452,0.2923143204069795,0.09809146365697506,c1,c1
6413,0.14649274405696927,0.28090905534399063,0.5725982005990402,c5,c5
13296,0.2846325788271346,0.47437759687095127,0.240989824301914,c5,c234
12441,0.4387000621757086,0.3042983973171526,0.25700154050713875,c234,c1
16101,0.2542135638352415,0.3263453753079367,0.41944106085682165,c5,c5
6720,0.2578952974839746,0.2933347781512176,0.44876992436480767,c5,c5
10824,0.2722919496616822,0.31802653101632716,0.40968151932199054,c1,c5
2541,0.1426390140772118,0.4346295013667639,0.4227314845560243,c234,c234
18527,0.20982420040448665,0.33854893709949235,0.451626862496021,c5,c5
13324,0.2330552960119952,0.2799645181831341,0.48698018580487074,c5,c5
5901,0.3043059845369947,0.4159290484265467,0.2797649670364586,c1,c234
8986,0.24780534538044305,0.4477346720676583,0.3044599825518987,c1,c234
19872,0.21425744092191706,0.36996617165257684,0.41577638742550604,c5,c5
1319,0.4733357204366403,0.30447151295574265,0.2221927666076171,c1,c1
15728,0.1527805075590704,0.3370999020879707,0.510119590352959,c5,c5
3223,0.3658567991139939,0.40856836033666105,0.2255748405493451,c234,c234
13423,0.11278092204267172,0.24944530319174008,0.6377737747655883,c5,c5
4943,0.12642656256643117,0.4919579898840868,0.38161544754948207,c234,c234
9364,0.4333198886619801,0.36698685340019976,0.19969325793782022,c1,c1
10400,0.6686839291515837,0.19153150198490562,0.1397845688635106,c1,c1
17508,0.20619110285425202,0.3619360272628708,0.43187286988287726,c234,c5
8975,0.4104118551080747,0.40421255825825375,0.1853755866336716,c234,c1
16818,0.26668400226069366,0.3029435302054605,0.4303724675338458,c5,c5
17085,0.18564147147814528,0.21786436234821224,0.5964941661736424,c5,c5
8216,0.5775990731870921,0.3223519832159533,0.10004894359695457,c1,c1
6534,0.35094450648904074,0.41039687964269067,0.23865861386826853,c234,c234
6867,0.3110013853547567,0.42539910180374507,0.2635995128414982,c5,c234
13082,0.3073778430375892,0.40117693070420246,0.29144522625820823,c5,c234
8671,0.46242876569502556,0.3313128379509977,0.20625839635397675,c234,c1
10610,0.2641791223888502,0.30277443252573105,0.4330464450854187,c5,c5
16123,0.22252796410155717,0.40252668107510764,0.3749453548233352,c234,c234
3995,0.34999724179088637,0.4113357780636031,0.23866698014551052,c234,c234
19285,0.23555570879220591,0.2833157556811262,0.4811285355266679,c5,c5
10470,0.22946818404386776,0.34560883100637746,0.4249229849497548,c5,c5
13001,0.3517515550216108,0.3319063272882786,0.31634211769011056,c234,c1
5683,0.15935828117669582,0.48758858422902734,0.35305313459427695,c5,c234
780,0.1995686250272676,0.3180922144426052,0.48233916053012715,c5,c5
5863,0.39900096915808986,0.4394547545072157,0.16154427633469434,c234,c234
17223,0.2972339102655585,0.3289954684910457,0.37377062124339566,c5,c5
3575,0.5318496660131404,0.24724813342450097,0.22090220056235857,c1,c1
18982,0.5497361508823213,0.30322470439946236,0.1470391447182163,c234,c1
15607,0.26160913008551145,0.37354358236631596,0.36484728754817264,c234,c234
14462,0.48075998166662587,0.3574687970622,0.16177122127117402,c234,c1
4631,0.3561056301866811,0.5237423982258976,0.12015197158742123,c234,c234
15136,0.6198206946127274,0.22972643125319844,0.15045287413407424,c5,c1
15161,0.23545542505484982,0.37084387456159534,0.3937007003835548,c5,c5
2180,0.29406848172433225,0.3601270228734137,0.3458044954022541,c234,c234
19470,0.43527485324281406,0.30753247496075714,0.2571926717964288,c234,c1
7310,0.19413410148738833,0.26028507251626365,0.5455808259963479,c5,c5
3107,0.1880103552802324,0.3345559915536584,0.4774336531661092,c5,c5
7326,0.19925214466310467,0.4151327797546064,0.38561507558228886,c234,c234
9209,0.19557487268664311,0.2208428581888872,0.5835822691244698,c5,c5
7757,0.5516604640976391,0.33675045134473197,0.11158908455762895,c1,c1
9247,0.519010696739172,0.3650162329421548,0.11597307031867318,c1,c1
1696,0.3112846701085893,0.37958344784523834,0.3091318820461723,c5,c234
3668,0.2763318367886232,0.39059812040168645,0.3330700428096903,c5,c234
290,0.22809955655622005,0.5123356245010532,0.25956481894272676,c1,c234
2390,0.29023447678707387,0.4770516982352566,0.2327138249776696,c234,c234
13775,0.39751102949012623,0.3632534729753515,0.23923549753452225,c1,c1
18552,0.31364475504510153,0.36486782929310174,0.3214874156617967,c5,c234
5825,0.42022080536207557,0.33376550623489953,0.24601368840302493,c1,c1
1799,0.16620006207722518,0.3816258807692473,0.45217405715352743,c5,c5
1110,0.178083437982938,0.5003185377830983,0.3215980242339638,c1,c234
9911,0.4249158362336475,0.2602379246046296,0.3148462391617229,c234,c1
13379,0.10606801044164686,0.31324957928860375,0.5806824102697494,c1,c5
15497,0.5224032074859439,0.35277157581600027,0.12482521669805594,c1,c1
4025,0.17964396544195757,0.40392907239820663,0.41642696215983577,c5,c5
7101,0.3699425993406551,0.38137187342262663,0.24868552723671827,c234,c234
11929,0.20898121303305542,0.4259092135114174,0.3651095734555273,c5,c234
19952,0.38195937070487673,0.38376275567362733,0.23427787362149594,c5,c234
2298,0.25597806180277083,0.32670891255618784,0.41731302564104145,c234,c5
18046,0.3028617099187132,0.36549853996964654,0.3316397501116403,c234,c234
14150,0.4596990572031244,0.42042102768721284,0.11987991510966281,c234,c1
5990,0.32777657468065957,0.36159786901523044,0.31062555630410993,c5,c234
11907,0.33675299385076324,0.5485458973571784,0.11470110879205841,c1,c234
11167,0.5738449443983173,0.32919353705456555,0.09696151854711703,c1,c1
26,0.24014737267981906,0.3317710120226708,0.4280816152975101,c5,c5
12901,0.28834604125992275,0.5440287381115884,0.16762522062848878,c5,c234
10908,0.23579871015672618,0.4234123323328399,0.3407889575104339,c5,c234
10645,0.15057551778256878,0.23282384835347303,0.6166006338639581,c5,c5
6453,0.3195261163894722,0.3143099785671925,0.3661639050433352,c234,c5
11878,0.42963454185132344,0.32891826557610754,0.24144719257256914,c1,c1
11126,0.29746391864204025,0.3983729445454712,0.3041631368124885,c234,c234
7321,0.24830178416998666,0.43479657858642257,0.3169016372435907,c1,c234
12028,0.16064868231835444,0.3663574069586023,0.47299391072304325,c234,c5
3706,0.2055380180243555,0.4467431141309417,0.3477188678447027,c5,c234
13682,0.1735092918127415,0.3498302411384918,0.47666046704876675,c1,c5
12473,0.3642145674033853,0.4233996124543863,0.21238582014222854,c1,c234
10008,0.27296691827094477,0.36149872202191957,0.3655343597071357,c234,c5
1747,0.2509791986253217,0.46797296158320884,0.28104783979146947,c234,c234
11265,0.2982000214899476,0.29733089858386885,0.40446907992618353,c1,c5
7545,0.21370024425002992,0.408311750893799,0.3779880048561711,c234,c234
9171,0.3230410011331006,0.475600536494681,0.20135846237221838,c5,c234
16159,0.5738449443983173,0.32919353705456555,0.09696151854711703,c5,c1
18786,0.4036860189339639,0.29349469938100164,0.3028192816850345,c1,c1
10634,0.3665584807688548,0.3224335479446544,0.3110079712864907,c1,c1
18693,0.21831466319776646,0.3245812829226398,0.4571040538795936,c234,c5
19834,0.20589092061694148,0.31176298136450425,0.4823460980185542,c234,c5
14243,0.399444441008399,0.3475130191605663,0.25304253983103475,c1,c1
9570,0.31180710151821894,0.36798274601116854,0.32021015247061246,c5,c234
19157,0.39839074922187245,0.4256765502212331,0.17593270055689444,c1,c234
11690,0.5421911116133267,0.29923716979563897,0.1585717185910343,c234,c1
15207,0.4150523035916002,0.44230190936812575,0.14264578704027406,c234,c234
8644,0.3944184103782737,0.23204066101297008,0.3735409286087562,c1,c1
19579,0.3638693483304346,0.3485507846089172,0.2875798670606482,c1,c1
9669,0.3909568034347133,0.33708592932684517,0.27195726723844155,c1,c1
9143,0.4851047382529055,0.24520035637646015,0.26969490537063434,c234,c1
6638,0.28085267059300295,0.36850038953715114,0.3506469398698459,c5,c234
7451,0.1726832117667928,0.2726473062535934,0.5546694819796139,c5,c5
8152,0.36182331627273234,0.37961241703589726,0.2585642666913704,c1,c234
19210,0.35846268798004866,0.42389652718893334,0.217640784831018,c5,c234
11836,0.26947026485827946,0.2863161818642571,0.4442135532774635,c5,c5
3873,0.4638258557178947,0.2431084268932035,0.29306571738890175,c1,c1
16107,0.10632043795303048,0.3769672503208589,0.5167123117261107,c234,c5
7640,0.21282661535745923,0.4524075399784751,0.33476584466406567,c5,c234
1419,0.49864137296530764,0.33339790880032405,0.16796071823436828,c1,c1
16862,0.29214362535237587,0.38080076096509724,0.3270556136825269,c5,c234
2426,0.27889313065885435,0.40581123793910867,0.31529563140203704,c5,c234
2371,0.19161967626970847,0.4339685746291752,0.3744117491011162,c234,c234
363,0.31722702657109225,0.4579014814145748,0.22487149201433287,c234,c234
19982,0.398330176033883,0.32922460192054237,0.2724452220455747,c1,c1
10491,0.5261651364150746,0.3435622745387553,0.13027258904617017,c1,c1
16393,0.24816422663751553,0.25263537930891894,0.4992003940535657,c234,c5
16896,0.28801684051415516,0.391938858969155,0.32004430051668986,c5,c234
8088,0.32338960736058253,0.3208010643211782,0.3558093283182392,c5,c5
6131,0.33223786965444235,0.3420054927158863,0.32575663762967133,c234,c234
5363,0.29603602846439164,0.391433644750791,0.3125303267848173,c1,c234
12436,0.2665674431284638,0.5635219700607143,0.16991058681082186,c5,c234
17580,0.2048125569475005,0.35450368127127574,0.4406837617812237,c234,c5
16141,0.3599351686737278,0.34792463821050906,0.29214019311576317,c1,c1
6084,0.325782171415126,0.3717892092257323,0.3024286193591417,c5,c234
722,0.2337154651697544,0.30527869457414125,0.46100584025610425,c234,c5
10617,0.3396035493768699,0.31834219964801147,0.3420542509751186,c1,c5
18565,0.5982703982368132,0.3108176411037709,0.09091196065941588,c1,c1
12332,0.37886868672199464,0.40489782092795146,0.21623349235005387,c1,c234
5852,0.36920675091851857,0.47938529210000247,0.15140795698147896,c234,c234
17848,0.22796341175147822,0.3557639399437677,0.4162726483047541,c5,c5
2240,0.46165019320426753,0.37875775762360286,0.1595920491721296,c234,c1
9824,0.3245584461540039,0.2310808175441473,0.44436073630184875,c5,c5
7112,0.2448645989586311,0.3785734034074947,0.37656199763387427,c234,c234
4355,0.28113628722218315,0.42497432780130523,0.2938893849765116,c234,c234
865,0.23684538198167235,0.3701692429985907,0.3929853750197369,c5,c5
15865,0.632696202132522,0.2774413281351072,0.0898624697323709,c1,c1
16790,0.14420467227066425,0.2053431010043091,0.6504522267250266,c234,c5
6722,0.6383972815442336,0.22148513576440304,0.14011758269136335,c1,c1
16623,0.2798936448082664,0.4329430101694661,0.2871633450222674,c234,c234
19478,0.26231373958110027,0.44282254955664885,0.29486371086225105,c234,c234
15427,0.26316139225743884,0.3158053533288324,0.42103325441372874,c1,c5
13146,0.19448807003059937,0.47192145816473935,0.3335904718046613,c5,c234
6317,0.4409178181111925,0.3308045087499825,0.22827767313882497,c1,c1
322,0.15951404839188735,0.30556349258847965,0.5349224590196331,c5,c5
14583,0.48195499098098543,0.30333194488305704,0.2147130641359575,c5,c1
4028,0.33802691342544827,0.22824183401847184,0.4337312525560799,c5,c5
6108,0.15604087952828546,0.3037968460179257,0.5401622744537888,c5,c5
9991,0.21218018747318929,0.16221007452989114,0.6256097379969197,c5,c5
18915,0.6711858846569219,0.23586199912102407,0.09295211622205415,c234,c1
11130,0.27581931762879136,0.354274162057635,0.3699065203135737,c1,c5
4407,0.32569710434624294,0.34544925385924746,0.3288536417945097,c1,c234
683,0.20742699130174563,0.25449103844045734,0.538081970257797,c5,c5
6001,0.4274743124155592,0.3826554856722727,0.1898702019121681,c1,c1
13333,0.24964909059406307,0.3936840970726637,0.3566668123332732,c5,c234
16854,0.3359872130877702,0.3367915073958364,0.32722127951639346,c1,c234
11179,0.13700095430316755,0.25977270736675107,0.6032263383300813,c5,c5
1226,0.17683134820668756,0.38022660177985107,0.44294205001346143,c5,c5
7970,0.2164898831668328,0.3675356491610612,0.41597446767210594,c5,c5
9334,0.2642880456781337,0.37599386164977305,0.3597180926720932,c1,c234
6549,0.471032017965589,0.3825849554153281,0.1463830266190828,c1,c1
19596,0.14659999398659718,0.21151391088270777,0.6418860951306951,c5,c5
8547,0.2780951754571873,0.39120934356027703,0.3306954809825356,c5,c234
16512,0.25514194709575755,0.3927435477488886,0.3521145051553539,c5,c234
913,0.16001698963206185,0.36992675780053696,0.47005625256740113,c1,c5
11748,0.2566332666518122,0.3863458348404403,0.3570208985077475,c5,c234
19997,0.17427364065486745,0.32297397398408834,0.5027523853610442,c234,c5
8245,0.1898683845526661,0.34300005248995935,0.4671315629573745,c5,c5
5743,0.46077303272621484,0.2651510500376114,0.27407591723617375,c5,c1
9561,0.4062398152781572,0.2557380080384532,0.3380221766833895,c5,c1
19083,0.2250474863290884,0.3720481710048197,0.402904342666092,c234,c5
12243,0.3994919522119513,0.34700712978452103,0.2535009180035277,c5,c1
12786,0.3241559667174484,0.3042349466643357,0.3716090866182159,c234,c5
15903,0.31734872363359906,0.30418109767360135,0.3784701786927996,c1,c5
14927,0.2250474863290884,0.3720481710048197,0.402904342666092,c5,c5
14776,0.1876028962388791,0.392996571462367,0.41940053229875385,c1,c5
14435,0.4124141847428328,0.35051488750655235,0.2370709277506149,c234,c1
3367,0.37974741961862246,0.31924825531603707,0.3010043250653405,c234,c1
16941,0.2360105200225274,0.3496522302201737,0.41433724975729885,c5,c5
17141,0.47546004477096265,0.3862159581702578,0.1383239970587795,c234,c1
19086,0.583038425291933,0.3170236077329755,0.09993796697509158,c1,c1
18170,0.13089326327398226,0.4398455570881671,0.4292611796378506,c234,c234
8077,0.3001432886784083,0.27990197834436953,0.4199547329772221,c1,c5
16709,0.5911822511358927,0.3038097730106612,0.10500797585344601,c5,c1
5881,0.3683146244531489,0.32155267004978016,0.31013270549707095,c234,c1
117,0.736616756889813,0.17246856549439776,0.09091467761578949,c1,c1
2244,0.3033131862425109,0.36358486214765334,0.3331019516098358,c1,c234
14828,0.5296332256708068,0.23741937670914132,0.2329473976200518,c234,c1
10688,0.2988988197739556,0.2534490781310116,0.44765210209503287,c1,c5
18944,0.28577675926709895,0.4162317350377969,0.297991505695104,c234,c234
12098,0.47073352427635823,0.389856947920921,0.13940952780272084,c234,c1
12148,0.270262888092537,0.4598733517426069,0.2698637601648561,c1,c234
4275,0.35011387495367097,0.3347768980600567,0.31510922698627236,c5,c1
15170,0.27980938341992695,0.3229847271595391,0.39720588942053403,c234,c5
5759,0.5698093284689579,0.33278895024998156,0.09740172128106055,c234,c1
715,0.17683247562787935,0.34956588936804217,0.4736016350040784,c234,c5
12654,0.12320079881679416,0.35985148383868404,0.5169477173445217,c234,c5
1511,0.4618534964460216,0.38658649636676723,0.15156000718721113,c234,c1
9964,0.2586028057905573,0.2567338656966627,0.4846633285127801,c234,c5
8579,0.5224032074859439,0.35277157581600027,0.12482521669805594,c234,c1
7043,0.24651598254032328,0.3516511146324487,0.40183290282722794,c1,c5
6445,0.4065322309398944,0.3486138234591066,0.244853945600999,c1,c1
19800,0.38940735166215246,0.39063236815800584,0.2199602801798417,c1,c234
6256,0.5458796019633424,0.3238569070449079,0.1302634909917498,c234,c1
4209,0.2132298408464834,0.3074230890102657,0.47934707014325095,c5,c5
5456,0.5027187877741898,0.2559728005802996,0.2413084116455106,c234,c1
19863,0.3110013853547567,0.42539910180374507,0.2635995128414982,c1,c234
14132,0.09997029768670043,0.2952270963531197,0.6048026059601799,c5,c5
10369,0.2233280061414841,0.43178683566674236,0.3448851581917736,c234,c234
4429,0.14002608663937036,0.31347591452439616,0.5464979988362334,c5,c5
9409,0.19888477151480896,0.40868636428254057,0.39242886420265044,c234,c234
13908,0.22594854955922022,0.32296632411302495,0.4510851263277549,c5,c5
13612,0.21202852671753428,0.4008083437624025,0.3871631295200632,c5,c234
9048,0.22037775495429038,0.3967241634412689,0.3828980816044408,c1,c234
7334,0.35410021607395775,0.36409266180638367,0.2818071221196585,c5,c234
19305,0.2662208076956414,0.348119904146589,0.3856592881577696,c234,c5
7410,0.1879384900000084,0.44558363018449165,0.36647787981549995,c1,c234
3216,0.17250077342384548,0.27721789616050196,0.5502813304156525,c1,c5
15675,0.2870429902716857,0.5209700740732155,0.1919869356550989,c1,c234
7005,0.36355030620445195,0.38980156509144853,0.24664812870409952,c5,c234
5006,0.29470293333656994,0.3451484486671686,0.3601486179962614,c1,c5
4940,0.27428411804108976,0.32553705931948274,0.4001788226394275,c1,c5
19114,0.3809590545864564,0.302471908587607,0.31656903682593657,c234,c1
8951,0.15372278457733807,0.3561739286482175,0.4901032867744445,c1,c5
13225,0.05710313979638319,0.2067781581596529,0.7361187020439639,c5,c5
4398,0.27337421394646577,0.43498832295781115,0.29163746309572314,c234,c234
6109,0.24733035403143327,0.2600274022377439,0.49264224373082277,c1,c5
10501,0.2518854329160257,0.354612126061995,0.3935024410219793,c5,c5
5157,0.5272358190984384,0.26835296063006997,0.2044112202714916,c1,c1
948,0.27304948465937906,0.4329608340008808,0.2939896813397401,c234,c234
18694,0.20197342920891576,0.3152573365329333,0.482769234258151,c234,c5
4035,0.5143846103121442,0.3497789009212688,0.13583648876658705,c5,c1
11886,0.22612015752826914,0.36182160574438427,0.41205823672734654,c234,c5
14384,0.3909982900239116,0.42945823965379076,0.1795434703222976,c234,c234
15349,0.15637095367515763,0.3526287954946586,0.49100025083018384,c5,c5
6881,0.2601578091483684,0.2754389731064645,0.46440321774516724,c5,c5
7071,0.48239667800319525,0.3190598295541881,0.19854349244261665,c234,c1
11475,0.5801865005655099,0.30388855955309857,0.1159249398813916,c1,c1
18623,0.37657376795283576,0.3102838638499609,0.3131423681972033,c5,c1
10111,0.2757978081213269,0.44553325369851204,0.2786689381801609,c234,c234
17750,0.40584872487431484,0.3158463972344407,0.2783048778912445,c1,c1
19705,0.21649243539659996,0.30896957408113923,0.47453799052226076,c5,c5
6542,0.5594110193630961,0.21513646532566733,0.22545251531123647,c1,c1
19678,0.1153565303708253,0.32167459662407516,0.5629688730050996,c234,c5
11791,0.09608692674353883,0.15851215258550375,0.7454009206709573,c5,c5
1666,0.14969622340996952,0.3939761244485553,0.45632765214147514,c5,c5
17056,0.22831341926096957,0.29687826790668864,0.47480831283234187,c5,c5
10530,0.3420921239255703,0.3503277312525147,0.30758014482191504,c234,c234
18553,0.2949499127429576,0.3663734255315125,0.33867666172552985,c1,c234
14246,0.2785934158223201,0.31285510419812657,0.40855147997955343,c5,c5
5065,0.36747918606311025,0.23778761285931335,0.3947332010775765,c1,c5
14724,0.17237456573902032,0.29943626027186576,0.5281891739891139,c5,c5
4387,0.3362090575337512,0.27221697848105053,0.3915739639851983,c1,c5
17395,0.5284667095164498,0.3282560099035623,0.14327728057998793,c1,c1
19240,0.4139863560915799,0.3729945147851767,0.21301912912324336,c1,c1
17846,0.30310025987781536,0.40185551696761185,0.2950442231545728,c1,c234
6289,0.22993492277612634,0.3040710341306879,0.4659940430931857,c5,c5
18388,0.28010648012010675,0.37899813860039766,0.3408953812794956,c234,c234
8568,0.12985050007790438,0.2577909490807412,0.6123585508413545,c5,c5
8253,0.5224032074859439,0.35277157581600027,0.12482521669805594,c5,c1
5276,0.18582517281530253,0.3209522508094025,0.493222576375295,c5,c5
10210,0.2004700140021208,0.29739405101427874,0.5021359349836005,c234,c5
7941,0.40961117829743365,0.38834681193751946,0.20204200976504696,c234,c1
14368,0.18793472556745414,0.3663649523975018,0.44570032203504406,c5,c5
9483,0.22898569925582707,0.3654787597959709,0.4055355409482021,c234,c5
15248,0.251789191209394,0.3047485994771957,0.4434622093134103,c234,c5
7193,0.2552274921592125,0.35175840886350335,0.39301409897728423,c1,c5
2148,0.26080036447498,0.30901741029755775,0.4301822252274622,c5,c5
11784,0.2776762827174212,0.30906123090179316,0.4132624863807857,c5,c5
10171,0.37257923606749,0.2460744850017032,0.3813462789308068,c234,c5
12187,0.1230126140237916,0.31448957289133217,0.5624978130848763,c5,c5
12568,0.36636404703935194,0.3224039080947099,0.31123204486593814,c1,c1
12607,0.20201078080720536,0.41960990405430365,0.378379315138491,c234,c234
12600,0.49417666658644394,0.261249743673262,0.24457358974029403,c5,c1
13557,0.33670284107980675,0.3401786226362075,0.3231185362839858,c234,c234
3719,0.4069048542529524,0.2632916534533877,0.32980349229365985,c234,c1
8694,0.2576262593670763,0.33005054995825256,0.4123231906746711,c5,c5
17866,0.35094186106788416,0.35522251689203177,0.29383562204008407,c234,c234
9950,0.7324698106056304,0.19044694106883892,0.07708324832553064,c1,c1
4919,0.2655598369880514,0.33805580662562107,0.3963843563863276,c234,c5
676,0.31321222793151265,0.28944692227295665,0.39734084979553075,c1,c5
16940,0.4995644707907346,0.3989937245768852,0.10144180463238021,c234,c1
7509,0.21169900225149618,0.28912317647080804,0.4991778212776958,c234,c5
5546,0.25423003013424245,0.3649285864490327,0.3808413834167249,c5,c5
15137,0.2955803186439325,0.3499596682260412,0.3544600131300264,c5,c5
3747,0.1506059810778729,0.3329508030749312,0.5164432158471959,c5,c5
15592,0.4195982436114186,0.3625297199682414,0.21787203642033992,c234,c1
11598,0.40211431213864657,0.4113529054358738,0.18653278242547972,c234,c234
2289,0.15397982363911628,0.27718158803642134,0.5688385883244624,c234,c5
10181,0.35892164506803986,0.35570599237835815,0.28537236255360204,c5,c1
4052,0.22475502431391936,0.3953971581212986,0.37984781756478203,c5,c234
15826,0.31327654995608034,0.41011695937692805,0.27660649066699167,c234,c234
12941,0.18844985624305027,0.22681323459589092,0.5847369091610588,c234,c5
9320,0.2992587446909673,0.4205843518347855,0.2801569034742471,c234,c234
5703,0.29981032211818553,0.3204338264464066,0.37975585143540774,c234,c5
3147,0.5318496660131404,0.24724813342450097,0.22090220056235857,c234,c1
9366,0.2849975538768307,0.3740034364838995,0.3409990096392698,c5,c234
3015,0.43512933409792803,0.37938099730444913,0.18548966859762284,c1,c1
14164,0.12488732176246922,0.44815916967483577,0.42695350856269504,c5,c234
17142,0.42749466976237016,0.3007576907333214,0.2717476395043084,c234,c1
5798,0.27638654997755274,0.3224601287065737,0.4011533213158735,c5,c5
13558,0.10756559255735312,0.2547642863529579,0.637670121089689,c5,c5
8594,0.19866890980227425,0.4033305316818246,0.3980005585159012,c234,c234
7573,0.18846829088408804,0.31526014852757117,0.4962715605883409,c1,c5
14849,0.23324459499525235,0.3154826328849887,0.45127277211975897,c5,c5
615,0.44640208245307444,0.29176058943556404,0.2618373281113615,c1,c1
1780,0.5698093284689579,0.33278895024998156,0.09740172128106055,c1,c1
6437,0.26260408269511604,0.3138243432455703,0.4235715740593138,c5,c5
13253,0.18987893751841972,0.30476919476770403,0.5053518677138762,c5,c5
11544,0.3229588880706936,0.35558498733623545,0.321456124593071,c234,c234
12490,0.5362802548289733,0.3432940300874043,0.12042571508362246,c1,c1
1136,0.30886179831418226,0.45099883391999657,0.24013936776582107,c1,c234
15321,0.26114621078698225,0.3372294636647434,0.4016243255482744,c1,c5
10380,0.2956352474137205,0.27009857349145927,0.4342661790948202,c5,c5
19229,0.19409414008910592,0.37771125697261343,0.4281946029382806,c5,c5
6764,0.17687035613930419,0.32615032925113263,0.4969793146095632,c5,c5
5733,0.28517322303758996,0.3329619586063849,0.38186481835602504,c234,c5
6105,0.23992623736893023,0.27569315577679687,0.484380606854273,c5,c5
3245,0.07663725709784036,0.34571962974123577,0.5776431131609239,c5,c5
8631,0.2851293925433073,0.5156490725386006,0.1992215349180921,c5,c234
6040,0.17034197781090005,0.29912300169719136,0.5305350204919087,c5,c5
5567,0.2454016070649548,0.33722574628334134,0.41737264665170376,c1,c5
13318,0.200222317413102,0.39854590464498846,0.4012317779419095,c1,c5
13887,0.23083609283236636,0.4081877283104178,0.3609761788572158,c5,c234
1297,0.22701986780712638,0.30162466316358794,0.4713554690292857,c234,c5
2732,0.1622117633554874,0.4167484930317872,0.4210397436127254,c234,c5
6451,0.2737816564894433,0.40116436010509016,0.32505398340546654,c234,c234
1415,0.23867649595803977,0.33653377502429305,0.4247897290176672,c1,c5
19557,0.36141408135250214,0.255363681805391,0.3832222368421069,c234,c5
1090,0.5224918823942313,0.30861594102381096,0.16889217658195782,c1,c1
19081,0.4376249453760643,0.4056764236759249,0.15669863094801081,c1,c1
4915,0.46077303272621484,0.2651510500376114,0.27407591723617375,c5,c1
16907,0.24629544500447337,0.3350162864600212,0.41868826853550545,c5,c5
9370,0.14700222759138595,0.3681187366859051,0.48487903572270896,c5,c5
5685,0.5889145380890367,0.2927627039409063,0.11832275797005698,c1,c1
1330,0.2750585555109556,0.41122620832372847,0.3137152361653158,c5,c234
13580,0.3690244868677783,0.42553547372686884,0.20544003940535288,c234,c234
8664,0.16031003082232115,0.2562326880419729,0.5834572811357059,c5,c5
20045,0.4112598892932132,0.3434103674511567,0.24532974325563012,c1,c1
4957,0.08146065231398363,0.21445365005129266,0.7040856976347237,c234,c5
679,0.2840423668780513,0.3996872080009168,0.3162704251210319,c234,c234
16927,0.5042468838530171,0.32997564191917245,0.1657774742278106,c234,c1
8315,0.518283166905329,0.27791461140675555,0.20380222168791548,c1,c1
1267,0.16791446954789502,0.2645013985822817,0.5675841318698234,c5,c5
5584,0.2248768247192013,0.3955601145402457,0.379563060740553,c1,c234
4621,0.22159410389356493,0.382266194230853,0.39613970187558206,c1,c5
9467,0.23225072043092712,0.5388915039670812,0.22885777560199175,c234,c234
15718,0.30632941007169423,0.33542794009768134,0.35824264983062437,c1,c5
13550,0.24130264440672738,0.2853886673865323,0.4733086882067402,c5,c5
6145,0.5924941987941731,0.303453015776102,0.10405278542972488,c1,c1
18739,0.23040821885643625,0.3732254135717106,0.3963663675718532,c5,c5
11057,0.3073187826294995,0.259952300179909,0.4327289171905915,c5,c5
9601,0.2649317493703349,0.46525349897415075,0.26981475165551433,c234,c234
5475,0.2822772224915318,0.46871530427767005,0.24900747323079803,c1,c234
11698,0.25817435739958,0.40423970255751185,0.3375859400429083,c234,c234
5331,0.3881684503752333,0.37126117861646446,0.24057037100830225,c5,c1
15976,0.2404024924498811,0.37137214247787326,0.3882253650722457,c5,c5
13789,0.39875628497020027,0.309940559778656,0.29130315525114375,c5,c1
3,0.606529553097886,0.3030094987858802,0.09046094811623383,c234,c1
160,0.15079826655884138,0.35796936393304757,0.49123236950811106,c5,c5
8884,0.42649971294464206,0.38383384465616094,0.18966644239919705,c1,c1
17899,0.2285374739074335,0.447764722915209,0.32369780317735747,c5,c234
14031,0.42234229897636777,0.3207479695438332,0.25690973147979906,c1,c1
19233,0.2821869395594034,0.3480940977070923,0.3697189627335043,c5,c5
2219,0.2666910838756751,0.3576912335230854,0.3756176826012395,c1,c5
16003,0.2823358218840558,0.35834659186869783,0.35931758624724636,c234,c5
9291,0.4707517162096816,0.3922314324842622,0.13701685130605615,c1,c1
19926,0.28162405297288495,0.31908622663244735,0.39928972039466776,c5,c5
262,0.4996030131329225,0.2546212441067278,0.2457757427603497,c5,c1
18984,0.2295678816996436,0.30142505063279457,0.4690070676675619,c234,c5
7282,0.3036757542730313,0.37401776337719844,0.32230648234977033,c234,c234
5,0.34030347524329935,0.3693355876892509,0.2903609370674497,c1,c234
17780,0.2611233888717163,0.3742485170549238,0.3646280940733599,c5,c234
1152,0.4824545413110912,0.3784682246672941,0.13907723402161468,c5,c1
2448,0.4079708791523184,0.3517791242595846,0.24024999658809715,c234,c1
15569,0.5176309499561045,0.33792542608042264,0.14444362396347293,c234,c1
13881,0.31741772816964975,0.31077437022950116,0.37180790160084914,c5,c5
10799,0.30950415976374823,0.32675523896753017,0.36374060126872154,c234,c5
4779,0.39371502321344,0.3031757808551729,0.3031091959313871,c1,c1
19279,0.20297128388152025,0.3493990659347655,0.4476296501837142,c1,c5
19047,0.24162916203063095,0.3213771640794335,0.4369936738899355,c234,c5
10152,0.2835253444210264,0.3963189156645822,0.32015573991439134,c5,c234
13494,0.6482155096327578,0.2746786079210695,0.07710588244617281,c1,c1
19148,0.28252953460234587,0.3636153554975522,0.353855109900102,c234,c234
19560,0.3135137114948693,0.3827090380060207,0.30377725049911003,c234,c234
2194,0.3973950383527545,0.2715785661833513,0.33102639546389423,c5,c1
17094,0.4072533567445903,0.3296759292961319,0.26307071395927795,c5,c1
4037,0.47282200580998046,0.32704254714058745,0.2001354470494321,c1,c1
8512,0.09341211224765486,0.25855139063383875,0.6480364971185064,c5,c5
11222,0.16806196287307168,0.24580832586359153,0.5861297112633368,c5,c5
9040,0.41556992301108997,0.3365711069035095,0.24785897008540053,c234,c1
13109,0.2669772639234479,0.29723525696127817,0.43578747911527393,c234,c5
6861,0.6153827849379491,0.19797683859163034,0.18664037647042056,c1,c1
5785,0.3191983243642987,0.2940995128635632,0.3867021627721382,c5,c5
4946,0.28040817549231445,0.3713709271109028,0.34822089739678264,c1,c234
1362,0.4490556504916465,0.2913798166816623,0.2595645328266911,c1,c1
418,0.30208068197264837,0.3883150797805383,0.30960423824681327,c234,c234
9014,0.21104774444680036,0.25455729917043846,0.5343949563827611,c5,c5
903,0.2569877113242354,0.3663663799387293,0.3766459087370353,c5,c5
8707,0.3209181683926271,0.3358501500040113,0.3432316816033617,c5,c5
1096,0.16094947982538227,0.314544227068056,0.5245062931065616,c5,c5
14781,0.42407594387943276,0.35613900161902057,0.21978505450154665,c1,c1
17597,0.2795860257381391,0.3100694597133096,0.41034451454855125,c1,c5
6077,0.23709424471088325,0.4805472100650154,0.2823585452241014,c234,c234
5346,0.2675949116158812,0.4169401559984237,0.3154649323856951,c1,c234
1500,0.12893724248523955,0.4551434771208068,0.41591928039395365,c234,c234
10606,0.3244040761194447,0.3490957946900088,0.3265001291905465,c1,c234
12176,0.29135563300845224,0.3890278981683991,0.3196164688231487,c1,c234
17690,0.3840590108918408,0.41758969326407824,0.19835129584408104,c234,c234
9741,0.6720967757666012,0.17374749820145272,0.154155726031946,c1,c1
11320,0.48995242945655004,0.36553137337833924,0.14451619716511072,c234,c1
3628,0.2112857359391299,0.3230765235197799,0.4656377405410902,c5,c5
5352,0.24395584651701152,0.42739762664426867,0.32864652683871987,c1,c234
410,0.2807017175184384,0.21687013105204098,0.5024281514295207,c234,c5
9688,0.45670979302719433,0.3056248713156453,0.2376653356571603,c1,c1
6163,0.2630256497666199,0.4001361081670938,0.33683824206628626,c1,c234
15707,0.27733689432943276,0.3302786041242783,0.39238450154628896,c234,c5
14633,0.40354508337249506,0.3947637295834549,0.2016911870440501,c1,c1
12976,0.1686921136939007,0.35720819050522995,0.4740996958008693,c5,c5
1119,0.42915659381120497,0.33631406124460156,0.23452934494419356,c1,c1
3727,0.14846645160880279,0.24832804193898336,0.6032055064522138,c234,c5
16495,0.3505800667517955,0.37439718482417417,0.27502274842403035,c234,c234
6036,0.33318849172636666,0.3134128683663155,0.3533986399073178,c1,c5
5376,0.4249158362336475,0.2602379246046296,0.3148462391617229,c5,c1
11220,0.1653187529103569,0.26689155464615844,0.5677896924434845,c234,c5
8784,0.14764103665164757,0.2974447457127506,0.5549142176356018,c5,c5
13202,0.2826986649021978,0.48733894895475477,0.22996238614304726,c234,c234
18342,0.27255304677566305,0.30119151115140474,0.4262554420729322,c1,c5
18339,0.24746430752291598,0.39438715115845613,0.35814854131862794,c234,c234
16174,0.1966217769607397,0.32295325441410305,0.48042496862515727,c5,c5
4508,0.3935465459277025,0.36221683732721255,0.24423661674508496,c1,c1
11227,0.2310690238655133,0.4821379905440635,0.2867929855904233,c1,c234
8446,0.25581373356811277,0.32348413973192713,0.4207021266999601,c1,c5
8290,0.18520567184189707,0.3856202372910504,0.42917409086705244,c5,c5
323,0.25573654734311935,0.351630859589415,0.3926325930674657,c234,c5
8528,0.6748310673601854,0.21167301125509264,0.1134959213847219,c234,c1
9234,0.25685923706503344,0.4240600363595182,0.3190807265754482,c234,c234
4514,0.30978817792425356,0.3134525730464798,0.3767592490292667,c234,c5
19756,0.1252367312367781,0.28666392592646794,0.588099342836754,c234,c5
17938,0.13619963868835483,0.29970987205330546,0.5640904892583396,c5,c5
1487,0.19886477898454596,0.537468415822779,0.26366680519267505,c5,c234
7431,0.2181440061997498,0.416346830732517,0.3655091630677331,c234,c234
12629,0.38277337094987274,0.36347865716448213,0.2537479718856452,c1,c1
9948,0.22068492662060932,0.2586548796171043,0.5206601937622863,c234,c5
13838,0.41128279126310857,0.37521712036836846,0.2135000883685229,c5,c1
17822,0.1813363316349315,0.3839301488454938,0.4347335195195747,c234,c5
6311,0.30713784367051783,0.39145191368203414,0.30141024264744815,c1,c234
19202,0.21664476877380304,0.23881011655976314,0.544545114666434,c5,c5
7882,0.22737626124219462,0.4131148509322976,0.3595088878255078,c234,c234
6970,0.26052265885756554,0.34692585548300425,0.39255148565943015,c234,c5
16325,0.18855437197240912,0.4877605052380149,0.32368512278957595,c234,c234
2675,0.21837059605036271,0.26777645796289246,0.5138529459867448,c234,c5
7319,0.25713808733730564,0.2598581356610926,0.4830037770016017,c5,c5
4205,0.2662516497359139,0.30143805376415456,0.43231029649993147,c5,c5
362,0.24169710755605872,0.33806985813931595,0.42023303430462533,c1,c5
12922,0.25365689104907985,0.40776833888437897,0.33857477006654124,c1,c234
19420,0.1471915765056891,0.38299751045944425,0.46981091303486666,c5,c5
7942,0.06352264755232717,0.3017802597147513,0.6346970927329214,c5,c5
11214,0.6921732683038204,0.2302785959396824,0.07754813575649716,c234,c1
7834,0.28022568517817525,0.395660044806159,0.32411427001566573,c234,c234
3406,0.20022836245090575,0.2478257326630185,0.5519459048860758,c5,c5
18042,0.4835888811857848,0.3265959699861303,0.18981514882808498,c1,c1
9623,0.2892696022579439,0.22888014178312263,0.48185025595893344,c234,c5
241,0.31121760676075416,0.4219469495541809,0.266835443685065,c1,c234
18204,0.4232009033056289,0.37415741265207875,0.20264168404229244,c234,c1
19405,0.2779357845381112,0.3661326143371132,0.3559316011247756,c5,c234
18997,0.2066045940464786,0.2941590878037767,0.4992363181497447,c234,c5
15292,0.42466007192088967,0.20601547610834756,0.3693244519707627,c234,c1
5249,0.3678525396599548,0.2793414254888609,0.3528060348511843,c5,c1
6899,0.35973860321041984,0.29509272103926193,0.34516867575031823,c1,c1
8391,0.2979718446764875,0.4143083919924872,0.2877197633310254,c1,c234
9297,0.35559770475452607,0.3434405103887851,0.3009617848566889,c1,c1
4584,0.2208944326883458,0.27836302787807765,0.5007425394335765,c5,c5
15045,0.1872130369218473,0.470155119805436,0.3426318432727167,c5,c234
15290,0.35815730894125924,0.22353557431128857,0.41830711674745225,c1,c5
11864,0.30276351092535964,0.4449420121462759,0.2522944769283645,c234,c234
4598,0.5781232948868883,0.2886000280602229,0.13327667705288887,c1,c1
7730,0.29735922266049786,0.4099869446785047,0.2926538326609974,c1,c234
8944,0.38029603369553283,0.44125731998072937,0.17844664632373788,c234,c234
12646,0.40147117765281043,0.48443649764937524,0.11409232469781434,c1,c234
2809,0.269091831436348,0.31827563516173785,0.41263253340191425,c1,c5
6949,0.3261257948267752,0.3184819069903057,0.3553922981829192,c234,c5
8179,0.2931825108557062,0.35440896698517566,0.35240852215911805,c234,c234
8028,0.5364018235131733,0.24451971036176628,0.21907846612506043,c1,c1
2793,0.269756031167767,0.4386291209935921,0.29161484783864094,c5,c234
7276,0.2944235457426655,0.28098754867701103,0.4245889055803236,c1,c5
7155,0.2434077138710576,0.2989262280060729,0.4576660581228694,c234,c5
18249,0.3775612362324416,0.4109998093196284,0.21143895444793004,c234,c234
3010,0.18693832348096678,0.24465903287471652,0.5684026436443167,c5,c5
4240,0.26475974098072913,0.30748370008128245,0.4277565589379885,c5,c5
7898,0.32323718344265867,0.41442006580547763,0.26234275075186364,c1,c234
14560,0.23265450744079197,0.3665368403711816,0.40080865218802647,c1,c5
1529,0.29997572334101863,0.30388614179060347,0.39613813486837796,c5,c5
10383,0.45603375921836475,0.32732691428596483,0.21663932649567025,c1,c1
5891,0.5029106621631846,0.27314145330489537,0.22394788453191997,c1,c1
16965,0.1346346904561087,0.3222582077543249,0.5431071017895663,c1,c5
17718,0.38611619524500357,0.4273789989994644,0.18650480575553194,c1,c234
12824,0.2946733881883884,0.3946848030482843,0.3106418087633272,c1,c234
5705,0.37601053856083816,0.3866482286392686,0.23734123279989325,c234,c234
5357,0.4921616549619568,0.2989408230855784,0.20889752195246475,c234,c1
16901,0.24245113469198493,0.4036390998528244,0.3539097654551907,c1,c234
4384,0.6135782443098432,0.2434608232884914,0.1429609324016654,c1,c1
5139,0.1333133490517879,0.4254262936477991,0.441260357300413,c234,c5
2383,0.27971481839897094,0.33436784477161385,0.38591733682941515,c1,c5
4066,0.736616756889813,0.17246856549439776,0.09091467761578949,c1,c1
852,0.28150480909270825,0.31352144112223224,0.4049737497850594,c1,c5
1726,0.09948076217856452,0.42046264525235283,0.4800565925690826,c234,c5
4939,0.16584078034193644,0.4198275163312128,0.4143317033268509,c5,c234
7279,0.1964230841828681,0.5252482907113954,0.2783286251057366,c5,c234
13361,0.597225793611649,0.2933794763583183,0.10939473003003278,c234,c1
13771,0.5109944170125894,0.3693327229772908,0.11967286001011976,c234,c1
3602,0.38562497221588654,0.3596744334844324,0.25470059429968106,c234,c1
16874,0.25003318811778247,0.34660469020645973,0.4033621216757578,c234,c5
11245,0.19014321954969288,0.343739349567324,0.4661174308829832,c5,c5
15779,0.509555859165519,0.27803943256938596,0.2124047082650951,c234,c1
7293,0.16742265058964076,0.25716713489707926,0.57541021451328,c5,c5
12594,0.29449428313376746,0.3437017658509172,0.3618039510153153,c234,c5
15741,0.3549925405527993,0.47915966100573437,0.16584779844146633,c5,c234
4298,0.1531725036263005,0.431050114637349,0.41577738173635054,c5,c234
19011,0.30776055609973696,0.5311136726090538,0.16112577129120914,c234,c234
16743,0.42596050769269017,0.3652978110559373,0.20874168125137263,c5,c1
15978,0.4175631306870211,0.3514260199958723,0.2310108493171065,c234,c1
18815,0.369818253324682,0.35219257087065997,0.27798917580465804,c234,c1
10228,0.274682039533208,0.3455203226748083,0.3797976377919837,c5,c5
17761,0.47021377305006,0.3872825567136461,0.1425036702362939,c234,c1
844,0.1112637182552195,0.3257583638889764,0.5629779178558041,c5,c5
14105,0.3802764597941787,0.2646736356603262,0.3550499045454952,c1,c1
900,0.3291509530791351,0.35241340395288157,0.3184356429679833,c5,c234
19395,0.19533199927309247,0.37358068971578073,0.43108731101112685,c1,c5
8713,0.429076725726626,0.3523368299780937,0.21858644429528024,c1,c1
4865,0.4455032050472424,0.33134570248639356,0.22315109246636414,c1,c1
1734,0.5443917732497636,0.3317549180714428,0.12385330867879345,c1,c1
7221,0.38947811256213144,0.37433993717104996,0.23618195026681854,c234,c1
8150,0.4119758908638117,0.4367225061544119,0.15130160298177647,c234,c234
5072,0.24092706732324362,0.36325587853174246,0.3958170541450139,c234,c5
15690,0.5402953592686158,0.30673320612554783,0.15297143460583634,c1,c1
13217,0.3541486071812554,0.5202608915162309,0.12559050130251376,c234,c234
11180,0.36256076126847614,0.2937964413983973,0.3436427973331265,c234,c1
3901,0.2102060653584814,0.30096947334132806,0.48882446130019047,c5,c5
453,0.12884683011804882,0.283481764281753,0.5876714056001983,c234,c5
1602,0.3442594496448728,0.46761547100446543,0.18812507935066172,c234,c234
18639,0.35928009298450514,0.42916004673197283,0.21155986028352194,c5,c234
18107,0.33196095413618726,0.4157737421983418,0.25226530366547095,c1,c234
10925,0.5224032074859439,0.35277157581600027,0.12482521669805594,c234,c1
15990,0.49437584960480024,0.31726119843917655,0.18836295195602326,c234,c1
606,0.3274981875316633,0.3757900503912798,0.2967117620770569,c1,c234
11624,0.28052813703830465,0.41451612377253433,0.304955739189161,c234,c234
13905,0.37505719438004864,0.29794413614891296,0.3269986694710384,c234,c1
6058,0.35830058568455303,0.37493089394427914,0.2667685203711678,c234,c234
14576,0.2868310164878031,0.39460751266706073,0.3185614708451362,c1,c234
9722,0.24968830843964285,0.36778788261290263,0.3825238089474546,c5,c5
15946,0.2861528165021301,0.31686265865315166,0.39698452484471825,c234,c5
19685,0.30653773280438507,0.390704159340347,0.302758107855268,c5,c234
16579,0.4461657291105504,0.38182537547581036,0.17200889541363923,c1,c1
8137,0.20813163488356357,0.3346285708615764,0.45723979425486017,c234,c5
14227,0.28388860056145093,0.5152502279766182,0.20086117146193078,c5,c234
15089,0.13706105739018498,0.15734305793058573,0.7055958846792294,c5,c5
13466,0.18180178824262513,0.2922551756397111,0.5259430361176637,c5,c5
17945,0.2723650258853155,0.29610990369937823,0.4315250704153062,c5,c5
391,0.3393169498590586,0.3772080548494371,0.2834749952915044,c5,c234
3830,0.07430024207077271,0.1702206538492625,0.7554791040799648,c234,c5
14375,0.33620005009869686,0.26639887059063105,0.3974010793106721,c234,c5
6744,0.2099867663018081,0.3417186474296258,0.44829458626856616,c234,c5
3289,0.35249057875977385,0.3690777687727132,0.2784316524675129,c5,c234
16451,0.14973406566452968,0.3221095908920921,0.5281563434433781,c1,c5
8326,0.31314582521015916,0.33009239667118295,0.3567617781186579,c1,c5
2791,0.4422605857100047,0.32960256904243596,0.22813684524755934,c234,c1
12748,0.3779171595872274,0.33550261939471976,0.2865802210180529,c1,c1
12704,0.3392319238435172,0.33258385510734484,0.3281842210491381,c1,c1
18275,0.47466107384493467,0.41322043399686537,0.1121184921582,c234,c1
19829,0.3202064305346733,0.3497844511188982,0.33000911834642854,c1,c234
1246,0.25945491158127476,0.3521951500928545,0.38834993832587067,c5,c5
2750,0.35968985559203903,0.30916059701087467,0.3311495473970863,c1,c1
17791,0.1963106963217087,0.41866789268020604,0.38502141099808523,c234,c234
18748,0.4808254626072891,0.28411570799046326,0.23505882940224762,c234,c1
7037,0.30677164724046313,0.32343970300717934,0.3697886497523575,c5,c5
1010,0.1837560611376851,0.2871268828066351,0.5291170560556797,c5,c5
4455,0.07367475514431307,0.2802542573485742,0.6460709875071128,c234,c5
269,0.4347730084431527,0.29890587775756405,0.26632111379928325,c1,c1
15822,0.234275201099438,0.3331157753564364,0.43260902354412567,c5,c5
4114,0.17337133191540557,0.4374301839517856,0.3891984841328088,c234,c234
12970,0.3520282869536441,0.4675900423834852,0.1803816706628707,c5,c234
7585,0.4107964611860976,0.38983604962461893,0.19936748918928343,c5,c1
17060,0.37729604077550255,0.4038035251331652,0.21890043409133225,c1,c234
9750,0.25100872030067045,0.4018926375263889,0.3470986421729407,c1,c234
5236,0.4093193035949326,0.3333598561338797,0.2573208402711876,c1,c1
6120,0.14436918737849896,0.3356731591549778,0.5199576534665233,c234,c5
2313,0.36628425069315484,0.3677790191480236,0.26593673015882147,c5,c234
3054,0.24009090009411108,0.27318710699881305,0.48672199290707585,c234,c5
13972,0.3279018592967661,0.285680103882986,0.3864180368202479,c5,c5
9905,0.17569383734809046,0.5543906132373435,0.2699155494145661,c234,c234
15331,0.23196545901702806,0.34155649368048907,0.42647804730248273,c1,c5
11658,0.6359087507630439,0.2521282100365717,0.11196303920038446,c1,c1
4224,0.5627355792868515,0.2810942819346737,0.156170138778475,c1,c1
15752,0.357818640143016,0.4067876557974378,0.23539370405954618,c1,c234
10562,0.34200739536512986,0.3637172852212798,0.2942753194135904,c234,c234
10083,0.34411334780644537,0.3621948034147386,0.29369184877881604,c234,c234
9850,0.2756435280048256,0.2964575346505504,0.42789893734462403,c5,c5
18975,0.12193533230396456,0.2908771720245379,0.5871874956714975,c5,c5
17973,0.324151904390502,0.4495913295808851,0.22625676602861292,c234,c234
10458,0.494858495131287,0.3558404312064452,0.1493010736622678,c234,c1
16484,0.35779845843390456,0.35350272906507135,0.288698812501024,c1,c1
16002,0.5407671377543152,0.3797487561002584,0.07948410614542648,c5,c1
19234,0.23748884677864668,0.3129870715038673,0.4495240817174859,c234,c5
8508,0.5318496660131404,0.24724813342450097,0.22090220056235857,c5,c1
14948,0.3113175045718621,0.27423254040661815,0.41444995502151977,c1,c5
11899,0.19093945659347938,0.32884029883136384,0.4802202445751568,c1,c5
10321,0.3547044753220144,0.4177925472133973,0.22750297746458834,c234,c234
2316,0.26851287880867114,0.3264245377712425,0.4050625834200864,c5,c5
6104,0.280809018918713,0.5143002024892781,0.2048907785920088,c5,c234
4087,0.4397455242548693,0.34225325113309524,0.21800122461203547,c1,c1
12571,0.5147967401204284,0.3224404448596957,0.16276281501987588,c234,c1
15625,0.19139131555427702,0.3243594251038288,0.4842492593418942,c5,c5
1596,0.24109457204390275,0.5693005344423752,0.18960489351372206,c234,c234
8630,0.24055241111108977,0.26555617332134135,0.493891415567569,c5,c5
19088,0.22237387817858695,0.358293717405952,0.4193324044154611,c5,c5
16211,0.3110013853547567,0.42539910180374507,0.2635995128414982,c5,c234
9440,0.09685396977597213,0.15674479445214567,0.7464012357718822,c5,c5
8734,0.2347237095095998,0.25015861103751913,0.5151176794528812,c5,c5
12884,0.1882088744463924,0.3337227272550716,0.47806839829853615,c5,c5
3596,0.2341856451577291,0.4417928101847332,0.3240215446575376,c1,c234
18698,0.2413898876264479,0.2594405946178114,0.4991695177557407,c5,c5
1186,0.12387520157539571,0.29462484726963833,0.581499951154966,c5,c5
13062,0.1939269652501332,0.34387147967917536,0.4622015550706914,c5,c5
10127,0.2752988447379652,0.33724760162815903,0.3874535536338758,c1,c5
12041,0.43525307016089476,0.2518575536063316,0.31288937623277363,c1,c1
8392,0.31397760802645386,0.4667971744594386,0.21922521751410748,c5,c234
1004,0.3620004944882325,0.3347713700952425,0.303228135416525,c1,c1
11968,0.2226472831908441,0.3728657374142304,0.4044869793949254,c5,c5
5944,0.4062372886747396,0.3673892680723482,0.22637344325291214,c234,c1
5158,0.22897989897726245,0.30151269627330307,0.4695074047494344,c5,c5
4465,0.2909448609044808,0.348295811095286,0.3607593280002332,c5,c5
3279,0.15731558637935236,0.31005763856282903,0.5326267750578187,c234,c5
4879,0.3526287555457218,0.3404841709028206,0.3068870735514575,c234,c1
840,0.32664409518644555,0.3507142720959612,0.3226416327175932,c5,c234
1436,0.21316911700580374,0.233843340917231,0.5529875420769652,c234,c5
11425,0.20106010396549284,0.2846182911514012,0.5143216048831059,c5,c5
4177,0.30177844525953895,0.3227872996796895,0.3754342550607716,c5,c5
14838,0.22141477085895073,0.2947712936584514,0.48381393548259793,c1,c5
13019,0.3370868018227448,0.3363938637440048,0.3265193344332504,c5,c1
6361,0.2511827214271626,0.35758959049677924,0.39122768807605823,c234,c5
14273,0.33401236009770036,0.46267724451719394,0.20331039538510573,c234,c234
4677,0.344367189069581,0.342416101718433,0.313216709211986,c1,c1
10546,0.1135854068466304,0.21055276486988478,0.675861828283485,c5,c5
10509,0.459258832852281,0.301698098187592,0.23904306896012698,c234,c1
14019,0.38040761840981696,0.346891558593336,0.2727008229968469,c1,c1
13651,0.2648790193496812,0.311931758287515,0.4231892223628037,c5,c5
14791,0.1466498922415413,0.3303574328918511,0.5229926748666076,c5,c5
14458,0.26676542071412307,0.272266194729723,0.46096838455615385,c234,c5
11390,0.3328347142268371,0.3565390291738167,0.31062625659934634,c1,c234
11959,0.16742277674978917,0.18457279908624286,0.648004424163968,c5,c5
4443,0.2879832496938848,0.32523677897886455,0.38677997132725067,c5,c5
11339,0.6532976636455603,0.264079355033538,0.08262298132090172,c234,c1
14503,0.5081959530971207,0.4221299047017929,0.06967414220108639,c1,c1
9794,0.330711865423181,0.26169385392480643,0.4075942806520126,c234,c5
15832,0.10623749429023883,0.25106939140881573,0.6426931143009454,c5,c5
561,0.31171356236017866,0.34947466580396813,0.33881177183585326,c234,c234
19251,0.2434585610248122,0.38817853327206236,0.3683629057031254,c234,c234
13585,0.38034264439450566,0.39587684768608183,0.22378050791941245,c234,c234
11721,0.1917628250643787,0.23811623411347566,0.5701209408221456,c5,c5
12883,0.23814013040411347,0.41215297413239327,0.34970689546349326,c234,c234
15118,0.25631769026471907,0.3766475073173393,0.36703480241794156,c234,c234
16184,0.16214301473020382,0.22108911005448154,0.6167678752153146,c5,c5
12080,0.13305964934384537,0.16255163633462588,0.7043887143215288,c5,c5
5613,0.3390618588509561,0.38670458726304713,0.27423355388599674,c1,c234
16898,0.23254307036122457,0.3973845084625655,0.37007242117620986,c5,c234
15493,0.2160988334884355,0.3206614533795049,0.46323971313205964,c1,c5
13085,0.24933147960151536,0.3591330205539597,0.391535499844525,c5,c5
3167,0.3077373685397961,0.23950345667104217,0.4527591747891616,c234,c5
19093,0.21027088113947348,0.38588171393465015,0.40384740492587634,c234,c5
11653,0.28234075795726865,0.47470702911670537,0.24295221292602598,c5,c234
16625,0.2004414607085935,0.5415528805700024,0.258005658721404,c1,c234
15993,0.2070486338515193,0.31150819225238396,0.4814431738960966,c5,c5
4379,0.1891840681886515,0.42764573026293184,0.38317020154841663,c234,c234
1760,0.32087884744376705,0.2624044542257319,0.41671669833050107,c234,c5
5986,0.4638258557178947,0.2431084268932035,0.29306571738890175,c5,c1
17385,0.33340818355679314,0.288309771715276,0.3782820447279308,c5,c5
13457,0.2955431073878405,0.44011672694295595,0.2643401656692036,c5,c234
13295,0.5056797523876897,0.35232775232681046,0.14199249528549987,c5,c1
13274,0.13155125103528265,0.3333996131195927,0.5350491358451246,c234,c5
16928,0.3508902680050249,0.3615107746205747,0.28759895737440044,c1,c234
3383,0.20536572709710085,0.3410929975689074,0.45354127533399186,c234,c5
7818,0.2597961235367606,0.2373937874856929,0.5028100889775464,c1,c5
1300,0.2516843062862965,0.3676383503854728,0.38067734332823067,c234,c5
1865,0.41730564617082144,0.38119457974714627,0.20149977408203226,c1,c1
17931,0.35451929340581867,0.41087580537292145,0.23460490122125974,c5,c234
11782,0.17047876646951896,0.41927764833184267,0.41024358519863846,c5,c234
19370,0.31482708601286685,0.4162132581715941,0.26895965581553904,c1,c234
2720,0.39315994131818766,0.3168360992608613,0.290003959420951,c5,c1
12383,0.5859935497656673,0.2994702736978011,0.11453617653653145,c1,c1
4234,0.1789978626876194,0.26729554292737767,0.5537065943850029,c5,c5
17415,0.15800017116714787,0.2953781594977548,0.5466216693350974,c234,c5
8437,0.29928576791393924,0.3141876748242603,0.38652655726180035,c234,c5
9755,0.4304461778311497,0.3463741304721419,0.22317969169670843,c5,c1
6217,0.3268410943410106,0.3743657191080129,0.2987931865509764,c234,c234
5316,0.25412832065415464,0.29749430849474484,0.4483773708511006,c5,c5
12628,0.28832503050235,0.3728873795081952,0.33878758998945474,c5,c234
19048,0.2360955222968894,0.4806190823222112,0.28328539538089936,c234,c234
13372,0.3349949137787752,0.5624436024082967,0.10256148381292796,c234,c234
10013,0.234541214422819,0.45312669721279664,0.3123320883643844,c5,c234
6013,0.32160648232507805,0.42012027979266786,0.25827323788225404,c5,c234
161,0.4231992537458849,0.31382253806107213,0.262978208193043,c234,c1
11162,0.3397911988152265,0.4539876591720626,0.2062211420127109,c234,c234
16493,0.5392484320728647,0.24973291706813322,0.21101865085900204,c234,c1
7537,0.13829713600091373,0.38819387853645204,0.47350898546263426,c5,c5
1943,0.39315994131818766,0.3168360992608613,0.290003959420951,c1,c1
16328,0.4129656018954308,0.4381817928474005,0.14885260525716862,c234,c234
10545,0.1463009308867347,0.3647109963433467,0.4889880727699187,c234,c5
10112,0.19510406109294828,0.3539582095364594,0.45093772937059234,c5,c5
4981,0.15640728882802307,0.17453114045952636,0.6690615707124505,c234,c5
4476,0.19729284502588615,0.34502227132141516,0.45768488365269866,c234,c5
11011,0.2665211853981562,0.36420451181106395,0.3692743027907799,c1,c5
8125,0.21558660988047823,0.4020185545600247,0.3823948355594971,c5,c234
14622,0.09718206271430177,0.3387567247352211,0.5640612125504771,c234,c5
176,0.3569360319434519,0.3449893674393725,0.2980746006171756,c5,c1
10868,0.290822100062415,0.24412711435181875,0.46505078558576624,c5,c5
12067,0.09051924548111809,0.38516256546244687,0.524318189056435,c5,c5
5945,0.35451577466741757,0.3515130898493747,0.2939711354832077,c234,c1
13744,0.2599988325562306,0.27389858246079835,0.4661025849829712,c234,c5
3519,0.2815358484514482,0.3741194601017962,0.34434469144675556,c234,c234
19107,0.2361793053911307,0.34928232572028917,0.41453836888858014,c234,c5
4860,0.5166589579245368,0.3548283128844228,0.12851272919104048,c1,c1
18322,0.3342295088380379,0.4023065804520737,0.2634639107098884,c234,c234
10643,0.15759690026012876,0.5258601083278809,0.3165429914119905,c234,c234
17264,0.15866622101771738,0.40783980926003444,0.4334939697222483,c5,c5
12412,0.3136849143957054,0.40136227171526695,0.2849528138890277,c1,c234
19722,0.4267986830731143,0.39206672028918976,0.1811345966376959,c1,c1
19214,0.5101329752341395,0.304120380874722,0.1857466438911385,c1,c1
12434,0.29905149139434284,0.37235918600169915,0.328589322603958,c234,c234
11951,0.20953431983731202,0.422501538235056,0.36796414192763194,c5,c234
8169,0.31178562507235547,0.38849233555304136,0.29972203937460323,c1,c234
10912,0.11655792351193942,0.2087055873519442,0.6747364891361164,c5,c5
18507,0.2348737561530215,0.3859938673131869,0.3791323765337916,c5,c234
2687,0.37986065117976986,0.3875925377058498,0.23254681111438033,c1,c234
7348,0.10518854271518822,0.31760336287491636,0.5772080944098954,c5,c5
7612,0.2492945553652815,0.34739298233361665,0.40331246230110185,c1,c5
19113,0.266578653682561,0.32358778759513207,0.409833558722307,c5,c5
16805,0.41957069140453307,0.43229208736986313,0.14813722122560383,c234,c234
19700,0.5448803009905797,0.338289693380095,0.11683000562932518,c1,c1
13474,0.4663988850266113,0.37788350918911623,0.15571760578427246,c1,c1
10116,0.19778937865866927,0.41806139478315113,0.3841492265581797,c5,c234
19015,0.34805257414064217,0.40665021758420067,0.24529720827515714,c234,c234
5857,0.20211578394722934,0.27776357178219774,0.5201206442705729,c5,c5
11618,0.5523708821417147,0.3344677525582982,0.11316136529998713,c234,c1
8419,0.2655333977420662,0.3529047717798514,0.38156183047808245,c1,c5
13633,0.18472032071313754,0.29390126844901043,0.5213784108378521,c1,c5
5666,0.28051231003736415,0.37715847861705804,0.3423292113455777,c5,c234
13374,0.3918266205358015,0.32949513957886783,0.27867823988533064,c5,c1
4717,0.32514162953837705,0.32986241521509757,0.3449959552465253,c5,c5
9753,0.19899223433795216,0.3605302680977188,0.440477497564329,c5,c5
9684,0.14321028408072953,0.22362155026924127,0.6331681656500292,c5,c5
11868,0.18555893994088854,0.3336444996922131,0.48079656036689833,c5,c5
2932,0.3657558109215013,0.3327260076538873,0.3015181814246114,c1,c1
4601,0.16450519780048642,0.30647721210616163,0.5290175900933519,c1,c5
1681,0.42808178215795695,0.3222705778948528,0.24964763994719016,c234,c1
165,0.2204962184137728,0.32277778366106263,0.4567259979251646,c234,c5
5782,0.45013106490979105,0.4125779281851235,0.13729100690508544,c234,c1
9243,0.422993613037587,0.3559919105189803,0.22101447644343275,c5,c1
18237,0.3928923873592728,0.3712207155714412,0.23588689706928595,c1,c1
10141,0.19616969116883892,0.389912359685329,0.4139179491458321,c5,c5
1467,0.2764772276164904,0.32579818171065417,0.39772459067285537,c5,c5
17915,0.23797533664658896,0.32782266408504745,0.4342019992683636,c5,c5
13827,0.21034887786794387,0.5486052464791255,0.24104587565293062,c1,c234
10137,0.2686457655810456,0.41045633622114375,0.32089789819781067,c234,c234
3745,0.16515913544708516,0.43824080405297244,0.3966000604999424,c1,c234
17832,0.43650087633148127,0.37220343161590386,0.19129569205261487,c1,c1
17308,0.674105459952641,0.2038097234890245,0.12208481655833445,c1,c1
1775,0.350787592917945,0.2139610121983381,0.4352513948837169,c234,c5
12729,0.12735101528002774,0.3153615386414485,0.5572874460785238,c5,c5
8401,0.2936905486742606,0.34379125130558275,0.36251820002015667,c234,c5
3532,0.2512901027321862,0.3951925281069302,0.3535173691608836,c234,c234
7857,0.13615702404698107,0.25868098484251517,0.6051619911105037,c5,c5
10196,0.384663575689922,0.350875192723343,0.26446123158673507,c1,c1
3869,0.4420449113371515,0.3588190556343281,0.1991360330285204,c1,c1
16106,0.4322069920069012,0.33027458075533034,0.23751842723776834,c1,c1
5827,0.2477828698936083,0.2511260919557051,0.5010910381506866,c5,c5
9649,0.20703261668751677,0.44906258785503217,0.34390479545745106,c5,c234
8496,0.5265069616898406,0.32453003190525287,0.14896300640490656,c234,c1
18939,0.2124739989224819,0.3684253109471716,0.41910069013034645,c5,c5
2477,0.18906618119150678,0.41671647225311126,0.394217346555382,c234,c234
13555,0.2662986412171428,0.39432742974199453,0.33937392904086267,c5,c234
10078,0.22096874683364076,0.1893563153317433,0.589674937834616,c234,c5
19117,0.4656515519374372,0.4683139460318184,0.06603450203074446,c234,c234
8182,0.5464825608897078,0.2092499405046148,0.2442674986056775,c1,c1
2727,0.19884796511414227,0.3573622096669709,0.4437898252188869,c5,c5
19653,0.27523777737770067,0.3790285183323416,0.34573370428995776,c5,c234
8327,0.18611610332527356,0.4186858951418131,0.3951980015329134,c1,c234
6961,0.4265852152396171,0.3156097211039223,0.25780506365646055,c1,c1
4186,0.18514095704391487,0.27979837149708003,0.5350606714590052,c234,c5
10004,0.3328260474143686,0.3869343562732316,0.2802395963123998,c1,c234
14109,0.3696661577396989,0.36829399544278896,0.26203984681751213,c1,c1
13187,0.2602748103273825,0.46070312409423425,0.2790220655783833,c234,c234
46,0.2294071108121516,0.4116579773539083,0.3589349118339401,c1,c234
2978,0.20057402751132125,0.40855525398399684,0.39087071850468186,c234,c234
8621,0.2598016923484828,0.28507227179633476,0.4551260358551824,c5,c5
19186,0.5291890826295008,0.3331535367628817,0.1376573806076175,c5,c1
4479,0.20495749178103556,0.3441359012188848,0.4509066070000797,c1,c5
14338,0.4268166456936722,0.4555051018719783,0.11767825243434957,c234,c234
18817,0.39315994131818766,0.3168360992608613,0.290003959420951,c1,c1
9866,0.2069226248757873,0.3377801956752715,0.45529717944894105,c5,c5
1786,0.37706041934838774,0.30555670540735835,0.3173828752442539,c1,c1
4104,0.33802691342544827,0.22824183401847184,0.4337312525560799,c234,c5
12086,0.11093342780773285,0.2606171122575093,0.6284494599347579,c5,c5
914,0.32648038801494056,0.33475920956182087,0.3387604024232387,c5,c5
12096,0.19034809525119267,0.31437483458888643,0.4952770701599209,c5,c5
8146,0.09406234126018045,0.33129341654303646,0.5746442421967831,c5,c5
18604,0.20167720622377425,0.43554425183168843,0.36277854194453724,c5,c234
4670,0.2493788639614051,0.35447201168568376,0.3961491243529111,c234,c5
721,0.28896249461347356,0.3948352258003937,0.3162022795861327,c5,c234
14894,0.4798054554577339,0.3069403995179484,0.21325414502431772,c234,c1
537,0.4953911639161266,0.20171685491949293,0.3028919811643805,c5,c1
3927,0.21916322897973411,0.4561204646088073,0.32471630641145866,c234,c234
4232,0.2924735421894351,0.3123746767541754,0.39515178105638954,c5,c5
17548,0.3718062096163658,0.31690236965061735,0.3112914207330168,c5,c1
6018,0.25140201480155533,0.38924572741965047,0.35935225777879415,c5,c234
9088,0.3407557838123461,0.4173944854915887,0.24184973069606513,c234,c234
1206,0.28882353084576556,0.3731747872439518,0.33800168191028257,c234,c234
16510,0.2791319748392719,0.4102350073702376,0.31063301779049046,c234,c234
11491,0.19703598182354476,0.4103705682743155,0.3925934499021398,c234,c234
5591,0.09065447980583996,0.3185716111776403,0.5907739090165197,c5,c5
12460,0.27641311301438093,0.33819625299388395,0.3853906339917351,c1,c5
1239,0.4127206150354564,0.22275405621983638,0.3645253287447073,c5,c1
18801,0.28018947178451803,0.3129363156288781,0.40687421258660394,c1,c5
4617,0.2612547705868572,0.4161594373791484,0.3225857920339944,c5,c234
51,0.3893726565240972,0.30128151322401003,0.30934583025189266,c234,c1
18511,0.5287016151441434,0.3458337853329443,0.1254645995229124,c234,c1
15443,0.45197259498333303,0.38170379385175807,0.16632361116490893,c1,c1
4757,0.1756310839729573,0.4601171240283821,0.36425179199866053,c1,c234
19218,0.5037620158258556,0.23301181168080323,0.2632261724933412,c1,c1
8329,0.15840161466344452,0.319774684796715,0.5218237005398404,c1,c5
18406,0.11167577536430248,0.22128784469115584,0.6670363799445417,c234,c5
19369,0.2112290187320162,0.3351294048829215,0.45364157638506225,c234,c5
16148,0.32555903068156955,0.32701371964165427,0.3474272496767762,c5,c5
5440,0.471228464322537,0.368308322948951,0.1604632127285119,c1,c1
16130,0.15801603970124375,0.36972617644708033,0.47225778385167605,c234,c5
14372,0.2948979592612825,0.34993093507303985,0.3551711056656777,c1,c5
2055,0.25516646697812356,0.419479619445442,0.3253539135764344,c5,c234
2897,0.29214362535237587,0.38080076096509724,0.3270556136825269,c5,c234
13194,0.06139689546851953,0.35496773879440713,0.5836353657370734,c5,c5
11522,0.5268386871701992,0.3006557736940429,0.1725055391357579,c5,c1
12535,0.21608744555272774,0.4074076150318054,0.3765049394154668,c234,c234
582,0.736616756889813,0.17246856549439776,0.09091467761578949,c1,c1
11571,0.300447540073694,0.3535753057146717,0.3459771542116342,c5,c234
8449,0.24578114011910154,0.3810208843416379,0.3731979755392606,c5,c234
10580,0.6711858846569219,0.23586199912102407,0.09295211622205415,c234,c1
16361,0.5734197697173267,0.29209779498600935,0.13448243529666398,c1,c1
7560,0.25456447476836,0.38149496807838734,0.3639405571532527,c234,c234
11223,0.27246831623525286,0.3444628985253834,0.3830687852393637,c5,c5
10249,0.2660987289355137,0.3156468049127518,0.4182544661517345,c1,c5
10374,0.5005229286269746,0.33938838240558517,0.16008868896744027,c234,c1
12671,0.3982997797159004,0.3526513195786717,0.24904890070542787,c234,c1
14367,0.21944010269220113,0.3947925534983601,0.3857673438094387,c234,c234
7817,0.1517792119598993,0.31710826555486166,0.5311125224852391,c5,c5
8724,0.19480672766285584,0.23971781867988168,0.5654754536572624,c5,c5
7606,0.40351336272207555,0.3902561892081962,0.20623044806972826,c1,c1
7483,0.566391932450378,0.3076319740182095,0.12597609353141248,c5,c1
7283,0.3355774412048181,0.40945092924886667,0.25497162954631536,c234,c234
9692,0.2797675375993306,0.367795298939379,0.3524371634612904,c1,c234
5234,0.3608033202174111,0.4018469334949188,0.2373497462876702,c5,c234
1381,0.2532239781564519,0.4090515814875498,0.33772444035599836,c234,c234
13787,0.13239943384539984,0.4970766990767756,0.37052386707782453,c234,c234
4287,0.17212075448228886,0.20521165176238104,0.6226675937553301,c5,c5
12919,0.4343179577542441,0.346753909269819,0.21892813297593694,c1,c1
15372,0.0883545244676103,0.3548246738274933,0.5568208017048966,c234,c5
17891,0.3277225800552039,0.3904771334542665,0.2818002864905297,c5,c234
12597,0.5726297080196685,0.3067887725073212,0.1205815194730103,c1,c1
19249,0.7333546462066272,0.1845297260578837,0.08211562773548911,c1,c1
17222,0.27783862128319525,0.2677744707722047,0.45438690794460007,c5,c5
5344,0.32600562560231816,0.2885990643158918,0.3853953100817901,c234,c5
13060,0.16840083433691144,0.3602028244098531,0.4713963412532355,c234,c5
15364,0.23837100877268713,0.32918685081984045,0.4324421404074725,c1,c5
5001,0.5108302197590253,0.378452074685607,0.11071770555536771,c1,c1
306,0.39315994131818766,0.3168360992608613,0.290003959420951,c234,c1
11038,0.37850485651983706,0.2873070389409498,0.33418810453921316,c234,c1
3391,0.1331640091916033,0.37518963259076593,0.49164635821763075,c5,c5
16594,0.5322899525227489,0.3426743151748453,0.12503573230240575,c234,c1
5398,0.30655248010871433,0.4901688366715128,0.2032786832197729,c5,c234
13463,0.21134243758949323,0.41386673115817096,0.3747908312523358,c234,c234
10259,0.18139010227497948,0.3241063178659455,0.494503579859075,c234,c5
16494,0.23152071331770002,0.3702645116152369,0.39821477506706315,c1,c5
12984,0.20357392465475402,0.29153582111027343,0.5048902542349726,c5,c5
4313,0.18000684737494163,0.4291251986966609,0.39086795392839757,c5,c234
6990,0.3236139328687919,0.4213791687369469,0.2550068983942611,c5,c234
12058,0.12313265747164663,0.30973106698338304,0.5671362755449703,c234,c5
15750,0.06520783654720394,0.20123458691424792,0.7335575765385481,c5,c5
11637,0.482064767603096,0.3534045644167841,0.16453066798011995,c234,c1
11682,0.2985246631563475,0.39297153552877495,0.30850380131487753,c234,c234
3463,0.16182326627558677,0.2965445214125131,0.5416322123119001,c234,c5
13195,0.35380764150591343,0.2793847171227417,0.3668076413713449,c234,c5
8360,0.4649442891289227,0.32654567122078293,0.20851003965029435,c1,c1
5114,0.4547579880843789,0.3658512367143725,0.17939077520124863,c5,c1
14579,0.22407630552745234,0.2870202844535118,0.4889034100190358,c5,c5
8337,0.48444842556115975,0.310690716508841,0.20486085792999917,c1,c1
17521,0.3636649712724223,0.4202088742555376,0.21612615447204,c5,c234
11440,0.34147831069032786,0.4674358079420979,0.1910858813675743,c234,c234
10881,0.45062697036603244,0.28901015100573846,0.260362878628229,c234,c1
6487,0.18348077072619315,0.3981899363413774,0.4183292929324295,c1,c5
2319,0.2904300877172729,0.3898679631575343,0.31970194912519273,c5,c234
2666,0.13896821731168693,0.3302255442927131,0.5308062383955999,c5,c5
9282,0.3483768961458056,0.34711429696098745,0.304508806893207,c234,c1
1806,0.18690034466195132,0.3834414923141719,0.42965816302387677,c5,c5
7863,0.3942751078424419,0.30152686536402185,0.3041980267935362,c234,c1
5628,0.36818901768669005,0.2706065208465008,0.3612044614668092,c5,c1
18153,0.3168911611259735,0.3548325427764957,0.32827629609753073,c234,c234
14897,0.17430781523494843,0.2548722563888165,0.5708199283762351,c234,c5
8509,0.2250384500601011,0.3462282369489451,0.42873331299095374,c5,c5
123,0.5738449443983173,0.32919353705456555,0.09696151854711703,c234,c1
2659,0.407177975295442,0.3223519002754348,0.27047012442912316,c1,c1
9690,0.35323884019489504,0.3116578712401671,0.33510328856493793,c5,c1
19789,0.41310807657007437,0.31770564354238834,0.26918627988753724,c1,c1
5152,0.22566900340165724,0.44524175932977794,0.32908923726856476,c234,c234
4974,0.3217109450633496,0.35393629198992604,0.32435276294672444,c1,c234
8728,0.7852653850633006,0.14596328140311784,0.06877133353358159,c1,c1
7042,0.5311747427044913,0.31481038827310986,0.15401486902239886,c1,c1
9375,0.13238253229372515,0.3471726565202087,0.5204448111860662,c234,c5
10513,0.19871988431941964,0.2387292948436622,0.5625508208369181,c234,c5
4360,0.21232444592135816,0.23147894975940936,0.5561966043192325,c5,c5
14178,0.23027703166569297,0.5380854907619405,0.2316374775723665,c234,c234
6978,0.5550547985248137,0.22650439980950385,0.21844080166568247,c1,c1
5087,0.3248099724138253,0.3781642356998769,0.29702579188629785,c1,c234
15151,0.18542051122144096,0.25758383004317437,0.5569956587353848,c5,c5
13541,0.3857949233192189,0.47683500273679336,0.1373700739439877,c5,c234
3643,0.30573159019504453,0.4947896578420199,0.19947875196293557,c1,c234
14345,0.22910179168113604,0.29193029472782134,0.47896791359104257,c1,c5
2354,0.2478314997984031,0.4258424225217768,0.32632607767982014,c5,c234
4552,0.238687718436073,0.4120072588428799,0.34930502272104713,c5,c234
18589,0.26442174956125125,0.38410389434307945,0.35147435609566924,c234,c234
19454,0.10377370644399528,0.2730947945594666,0.6231314989965381,c234,c5
16573,0.2552767696162112,0.44258627310295456,0.30213695728083423,c1,c234
15546,0.2835191555579413,0.2321529221045231,0.4843279223375355,c5,c5
7198,0.28275720908743485,0.32875034323283747,0.3884924476797277,c1,c5
6215,0.4240972501858142,0.3225090865886338,0.253393663225552,c234,c1
19421,0.15910120492162683,0.31931060617778545,0.5215881889005878,c5,c5
16177,0.4069383119348414,0.32706004278663825,0.26600164527852027,c1,c1
15858,0.37260028410256685,0.23288082838442517,0.39451888751300795,c5,c5
13811,0.24223162851459384,0.42643750326282015,0.331330868222586,c234,c234
11630,0.41433611303333057,0.2483008059270415,0.33736308103962787,c1,c1
6297,0.19308278736841128,0.2986940841086198,0.5082231285229689,c5,c5
19165,0.18065723277543388,0.44072974270812215,0.37861302451644396,c234,c234
5755,0.18307844888570218,0.4873944466404554,0.3295271044738424,c234,c234
17377,0.2140379355421927,0.2897541335367356,0.4962079309210717,c5,c5
329,0.28067858973260057,0.2528016076048265,0.4665198026625729,c5,c5
12791,0.4299923563384387,0.33743964852136604,0.23256799514019516,c1,c1
6247,0.14813318968006822,0.5249349849250573,0.3269318253948744,c5,c234
18864,0.6711858846569219,0.23586199912102407,0.09295211622205415,c234,c1
15585,0.37885124065144093,0.4303640427415048,0.1907847166070542,c1,c234
1827,0.21441813681468166,0.33226974712760954,0.4533121160577087,c234,c5
15196,0.2711477083118721,0.33305286645822535,0.3957994252299025,c234,c5
14874,0.14420692793767817,0.24246989949966044,0.6133231725626614,c5,c5
19619,0.27076895675468593,0.376268581976379,0.35296246126893505,c1,c234
6516,0.35671853738084475,0.24409762546237226,0.3991838371567829,c5,c5
19754,0.2020793620553031,0.3507246891146974,0.4471959488299995,c5,c5
10672,0.48234960023754764,0.2598314075220874,0.2578189922403649,c5,c1
2868,0.49741973861152944,0.3684527491187288,0.13412751226974173,c234,c1
18224,0.38080378431622386,0.3841762480623365,0.23501996762143965,c234,c234
17790,0.1935925342401185,0.3584547847760858,0.4479526809837958,c1,c5
7968,0.2540052816168013,0.3866044576619413,0.35939026072125746,c5,c234
10763,0.4681862044370778,0.41670915435330586,0.11510464120961628,c234,c1
11147,0.22559386186653674,0.40217274033282224,0.372233397800641,c5,c234
15487,0.2740344834895262,0.45966953198795474,0.266295984522519,c5,c234
5602,0.3053813729830517,0.3282623768239358,0.36635625019301254,c234,c5
10460,0.33459620460292594,0.31365590784524305,0.35174788755183106,c5,c5
12960,0.39021046026850237,0.2573909733748899,0.35239856635660766,c1,c1
5736,0.3034441159202751,0.4255337749517739,0.2710221091279509,c1,c234
6640,0.3768233569713291,0.312300419143767,0.3108762238849038,c234,c1
3075,0.3897642210585005,0.38424282719325337,0.22599295174824605,c1,c1
15451,0.21274231952788086,0.22028712720295784,0.5669705532691613,c5,c5
15808,0.19323370856831032,0.4106269099017473,0.39613938152994244,c5,c234
17102,0.14076342266028913,0.3287674691605836,0.5304691081791273,c234,c5
9347,0.293273298524904,0.3204260354578223,0.3863006660172736,c5,c5
15383,0.19540688946925855,0.5585149965394418,0.2460781139912997,c1,c234
2178,0.4682375290932397,0.30156302979609145,0.23019944111066887,c1,c1
18836,0.3458901013720169,0.3548930299675666,0.2992168686604165,c1,c234
9042,0.43924931756070995,0.3625275845724324,0.1982230978668577,c1,c1
10540,0.23781421504262878,0.3917504835572107,0.37043530140016057,c5,c234
1875,0.1613718630038892,0.4742313116868534,0.36439682530925743,c234,c234
9322,0.2153668832182989,0.3398353439494994,0.4447977728322017,c5,c5
2403,0.2183975639222513,0.24960593268326328,0.5319965033944853,c5,c5
6530,0.19817408202559098,0.2365190181170754,0.5653068998573336,c1,c5
4819,0.39136799032005776,0.3773599856873922,0.2312720239925501,c5,c1
10446,0.5471749976330499,0.31134475708948145,0.14148024527746866,c1,c1
19667,0.44050055322013615,0.32335152900470393,0.23614791777515998,c234,c1
19693,0.3967092367457443,0.47559108525998317,0.12769967799427254,c1,c234
4138,0.27913873320666927,0.3460867873661062,0.3747744794272246,c1,c5
11118,0.33927238726855585,0.37470184758599023,0.2860257651454539,c234,c234
15379,0.14292446095409977,0.3271173299966254,0.5299582090492748,c5,c5
6462,0.5594162987152288,0.3118659294782137,0.12871777180655758,c234,c1
7023,0.20416629101089553,0.30983498896872036,0.48599872002038413,c5,c5
14899,0.3030956084924442,0.3752236290943065,0.3216807624132493,c234,c234
4646,0.3165434193067915,0.4983312670590892,0.18512531363411933,c234,c234
19168,0.23760411140123114,0.310282151135688,0.45211373746308087,c234,c5
11175,0.47817621596101567,0.27652642248123194,0.24529736155775234,c1,c1
19655,0.3502524304375883,0.28333801286095955,0.36640955670145214,c5,c5
808,0.20597313931351385,0.382715437112622,0.41131142357386413,c234,c5
3436,0.25307645296529896,0.3755938339370109,0.37132971309769025,c5,c234
9840,0.3298069266319483,0.3314734527645782,0.33871962060347344,c234,c5
14539,0.36099552557523096,0.4294325004332231,0.20957197399154598,c234,c234
19510,0.5248492591921579,0.22562067779289002,0.24953006301495217,c1,c1
266,0.15273633689587907,0.42154182262781414,0.42572184047630673,c234,c5
4146,0.2786075491495831,0.2907945489567836,0.43059790189363334,c5,c5
9965,0.2621370829022727,0.40929637822107584,0.32856653887665144,c234,c234
18969,0.22359616991985937,0.36189130806252623,0.4145125220176144,c234,c5
3778,0.1022582252928876,0.3169065411671792,0.5808352335399333,c5,c5
19204,0.25131476915748036,0.34884975534759516,0.3998354754949245,c1,c5
12268,0.38215681121554745,0.34112676722867297,0.27671642155577947,c234,c1
6061,0.30876563610166496,0.3767796108966198,0.31445475300171527,c5,c234
7965,0.17311013121390267,0.3435413454384143,0.48334852334768297,c5,c5
17553,0.12358136793533411,0.28943619472289506,0.5869824373417709,c234,c5
5078,0.3395500749987246,0.4183039106568634,0.24214601434441202,c234,c234
1790,0.40774035727441527,0.3886571417247009,0.20360250100088378,c234,c1
1112,0.4233984613084731,0.3308794212068715,0.24572211748465542,c5,c1
9358,0.38879230544592186,0.4034144341984323,0.20779326035564588,c234,c234
19871,0.1388313170953545,0.18047034223886027,0.6806983406657852,c5,c5
13188,0.12407790022468786,0.2114080728170628,0.6645140269582493,c5,c5
10343,0.4157667283775847,0.41070817566787116,0.17352509595454407,c234,c1
18397,0.15407469080739358,0.3460821986111796,0.49984311058142683,c5,c5
3642,0.3440937098825322,0.22532543781179445,0.4305808523056734,c5,c5
14394,0.21346111514496147,0.29362437722889956,0.49291450762613903,c1,c5
18099,0.3993697715162624,0.36674410206492325,0.2338861264188143,c234,c1
12392,0.2791562930742157,0.26126138089798817,0.45958232602779614,c5,c5
19927,0.3382007552296966,0.3808363256851999,0.28096291908510346,c1,c234
16724,0.3039375792194064,0.35179193185311936,0.34427048892747425,c234,c234
13040,0.28804283047182727,0.3398035457619656,0.3721536237662071,c5,c5
18962,0.2672454103313918,0.297706356139666,0.43504823352894223,c5,c5
11317,0.2982571125629802,0.35275430692141246,0.3489885805156073,c5,c234
3767,0.17150432211303532,0.3902115299053338,0.43828414798163084,c1,c5
12223,0.3419807225029732,0.3473423367063195,0.3106769407907073,c5,c234
7336,0.14476316843977513,0.3683446548057942,0.48689217675443064,c234,c5
6976,0.16241540327259854,0.33560141860804793,0.5019831781193534,c1,c5
11281,0.3381996603330148,0.48027556139297617,0.1815247782740089,c5,c234
13594,0.5318496660131404,0.24724813342450097,0.22090220056235857,c5,c1
17916,0.29077070955828327,0.2921031385977935,0.4171261518439232,c234,c5
10342,0.3316957144616523,0.36843397011232004,0.29987031542602766,c234,c234
4984,0.3299441318231343,0.27064405098180017,0.39941181719506547,c234,c5
17172,0.1523655833130506,0.26861186916927526,0.5790225475176742,c1,c5
11648,0.2712954812235893,0.2786564328869437,0.450048085889467,c5,c5
3136,0.606529553097886,0.3030094987858802,0.09046094811623383,c234,c1
17330,0.33747893456910594,0.24742548697378602,0.415095578457108,c234,c5
18827,0.30358826596074523,0.4273430769382752,0.26906865710097955,c234,c234
7299,0.3962185058434879,0.3684815566116272,0.23529993754488499,c1,c1
13243,0.5558101873923506,0.2347184384609844,0.20947137414666508,c1,c1
2981,0.200691189889457,0.23740273133805007,0.5619060787724928,c1,c5
3472,0.2365277483939376,0.4115329052044829,0.35193934640157953,c5,c234
2633,0.2507402065682962,0.32251686296688437,0.4267429304648195,c234,c5
7670,0.3110013853547567,0.42539910180374507,0.2635995128414982,c1,c234
19360,0.5928227566684512,0.3398623284071913,0.06731491492435762,c5,c1
12354,0.6526527079453965,0.22143000201739166,0.12591729003721178,c5,c1
18265,0.18334373919522845,0.23584682206146806,0.5808094387433034,c234,c5
17405,0.4024663569781156,0.3957483737736484,0.2017852692482361,c1,c1
10844,0.5475703693452056,0.3026987810199529,0.14973084963484146,c234,c1
2013,0.17683247562787935,0.34956588936804217,0.4736016350040784,c5,c5
15705,0.3032894201491178,0.3335499469334222,0.36316063291746004,c5,c5
12483,0.1996432844225038,0.19492038983226703,0.6054363257452291,c5,c5
12229,0.4698710122681441,0.242502116266975,0.287626871464881,c5,c1
18539,0.3838224192410832,0.4346046569266203,0.18157292383229656,c5,c234
10237,0.24112692569528646,0.3437947688922923,0.41507830541242124,c5,c5
4935,0.39315994131818766,0.3168360992608613,0.290003959420951,c5,c1
1929,0.35786697310942595,0.49306536561454734,0.14906766127602683,c234,c234
2065,0.3553771293872535,0.35560300230006847,0.289019868312678,c234,c234
15806,0.5813551371731547,0.31927926027658177,0.09936560255026364,c1,c1
871,0.07816144145275757,0.3528746948123791,0.5689638637348633,c5,c5
18114,0.28703454430401737,0.4180231137609475,0.29494234193503505,c5,c234
18794,0.13756292288101735,0.19496207191521384,0.6674750052037688,c1,c5
2144,0.417372671173733,0.36686456424388847,0.21576276458237853,c1,c1
558,0.38369129573784305,0.2583458425654715,0.3579628616966854,c5,c1
4932,0.2755127554237497,0.3181441854519803,0.40634305912426993,c5,c5
7016,0.41732561920873296,0.35327996675405104,0.22939441403721608,c234,c1
14025,0.314384376428256,0.20195161420068222,0.4836640093710618,c5,c5
14060,0.6132763803603198,0.25361053210672313,0.13311308753295703,c1,c1
4316,0.4486448030731123,0.3815187022559283,0.16983649467095938,c1,c1
9981,0.3639275842295177,0.2712835553489877,0.36478886042149467,c1,c5
5436,0.2218435392398554,0.37451449474124343,0.40364196601890123,c234,c5
16491,0.46729271613084117,0.34540904103480374,0.18729824283435517,c1,c1
4848,0.35454801677390824,0.43375000048389534,0.21170198274219637,c1,c234
12218,0.2518438815833556,0.40122297026040543,0.34693314815623905,c234,c234
5680,0.2608130761528284,0.3600628468460723,0.3791240770010993,c5,c5
9020,0.1998547510959876,0.33679179077134247,0.46335345813267,c1,c5
18556,0.13211575040386456,0.3917208141390651,0.47616343545707024,c1,c5
10660,0.5692303759810453,0.32151773347239554,0.10925189054655901,c1,c1
1092,0.20970289006622597,0.334575813582165,0.4557212963516091,c234,c5
17104,0.4704450234198874,0.3281181388279778,0.20143683775213478,c234,c1
10642,0.4253784998922037,0.36639427200006564,0.20822722810773056,c1,c1
18606,0.4638258557178947,0.2431084268932035,0.29306571738890175,c234,c1
10239,0.2838608276537323,0.4109767370707931,0.30516243527547476,c234,c234
2281,0.43081913640157776,0.39008119174876776,0.17909967184965456,c1,c1
920,0.49896802476433716,0.36018943439843565,0.1408425408372272,c234,c1
7012,0.2531774220800126,0.3803391674406182,0.36648341047936916,c5,c234
18433,0.3395577097504599,0.3516417619062003,0.3088005283433398,c1,c234
5651,0.22061641939715387,0.31156064241999976,0.46782293818284637,c1,c5
10358,0.18337245798836657,0.544123854551503,0.2725036874601302,c234,c234
16033,0.28482542555474827,0.27241229344039963,0.4427622810048521,c5,c5
2424,0.21941949854615594,0.38880526518047875,0.39177523627336525,c5,c5
11486,0.12495980495720138,0.4759025045024906,0.399137690540308,c1,c234
19862,0.14868991912134696,0.4229439578412725,0.4283661230373805,c234,c5
18384,0.2913392139588692,0.3090921372494247,0.3995686487917061,c1,c5
10820,0.5091589329778532,0.3193991628067968,0.17144190421534994,c1,c1
9754,0.4253784998922037,0.36639427200006564,0.20822722810773056,c1,c1
15586,0.21945471752011456,0.34690077089337623,0.4336445115865092,c1,c5
9306,0.3435558784056883,0.325271958394474,0.33117216319983767,c5,c1
15482,0.23077986466757255,0.44259564772175963,0.32662448761066776,c5,c234
16283,0.24955490728825386,0.3406591277567932,0.40978596495495295,c5,c5
13530,0.21529732077192007,0.24674340086461582,0.5379592783634641,c5,c5
10279,0.17146134155698053,0.2667710956366705,0.561767562806349,c5,c5
7059,0.2333263098420956,0.28874976934376567,0.4779239208141387,c234,c5
2706,0.149837305162639,0.3949098359734019,0.4552528588639591,c234,c5
18872,0.3777834606496702,0.4527601149760952,0.16945642437423455,c234,c234
6037,0.1879389773265618,0.2594901186086157,0.5525709040648226,c5,c5
15643,0.19101460046617427,0.29761753407400604,0.5113678654598196,c5,c5
16032,0.1136019642705883,0.334780190233094,0.5516178454963176,c5,c5
544,0.17891547620218134,0.49200984666889785,0.3290746771289209,c234,c234
8859,0.1567845309636991,0.2969102595845161,0.5463052094517848,c5,c5
10657,0.15868490227730445,0.24931670338082004,0.5919983943418754,c5,c5
8559,0.16995453065098828,0.5118201409101484,0.31822532843886336,c5,c234
8381,0.09384417979696293,0.3201474638858969,0.5860083563171402,c5,c5
6527,0.4253784998922037,0.36639427200006564,0.20822722810773056,c1,c1
15647,0.5377550613004678,0.31103439071498745,0.1512105479845447,c1,c1
9547,0.24666631513909346,0.45102493542263417,0.3023087494382724,c234,c234
5630,0.2916449163555999,0.32003807341204493,0.3883170102323551,c5,c5
5210,0.29112797517947725,0.323700590413831,0.38517143440669166,c1,c5
11490,0.3518886869514152,0.35012278591490836,0.2979885271336766,c1,c1
1720,0.20317857859422342,0.3077309241777401,0.4890904972280364,c1,c5
16260,0.35953172477756573,0.3789523878513081,0.2615158873711262,c234,c234
1748,0.3134967226237896,0.46459758516082666,0.22190569221538378,c234,c234
8160,0.22566722868698288,0.20481097533351544,0.5695217959795017,c5,c5
268,0.25737433008639726,0.30589149318907594,0.4367341767245268,c5,c5
19136,0.3021589871700515,0.29728721919159407,0.40055379363835436,c1,c5
2010,0.18007098991664255,0.3027733708809782,0.5171556392023792,c234,c5
9379,0.11583342007594007,0.26558137782879515,0.6185852020952647,c234,c5
15595,0.4952847740376196,0.3427165101262263,0.16199871583615413,c5,c1
1100,0.3159154399851226,0.4261105956083874,0.25797396440648995,c234,c234
261,0.1449767361174682,0.3503268139839033,0.5046964498986284,c1,c5
11799,0.1372473527367453,0.3111823667956666,0.551570280467588,c5,c5
10579,0.1293844843943191,0.36239846335379955,0.5082170522518814,c1,c5
9092,0.568503593898477,0.262424795634809,0.16907161046671404,c234,c1
9582,0.3689317865607225,0.39797840286721564,0.23308981057206193,c234,c234
4674,0.2062229207093144,0.43713087340098034,0.3566462058897054,c234,c234
15407,0.23022318856472018,0.35901288824045074,0.4107639231948291,c5,c5
1041,0.16770805281633527,0.3164847783127484,0.5158071688709163,c5,c5
18189,0.3194602069724627,0.2758156735417304,0.4047241194858069,c234,c5
13029,0.3131871710432258,0.4138092094357395,0.27300361952103464,c1,c234
1989,0.29214362535237587,0.38080076096509724,0.3270556136825269,c1,c234
3270,0.22314852233643895,0.3327799449491243,0.4440715327144368,c5,c5
6211,0.5859935497656673,0.2994702736978011,0.11453617653653145,c1,c1
15325,0.5261651364150746,0.3435622745387553,0.13027258904617017,c234,c1
18279,0.5059517958194778,0.31314765769273245,0.18090054648778983,c234,c1
13876,0.6274382744648934,0.2156819364542407,0.1568797890808659,c1,c1
13950,0.3540014543186305,0.3939289397407902,0.2520696059405793,c5,c234
6078,0.36808440171679857,0.39112222308383193,0.24079337519936939,c5,c234
18349,0.15521632278930855,0.3639874809519484,0.4807961962587431,c5,c5
2542,0.3057995260092341,0.32888009114223427,0.3653203828485317,c1,c5
295,0.2124147796031221,0.397470926379159,0.39011429401771885,c1,c234
18747,0.37993326038992714,0.35391870121034624,0.26614803839972667,c234,c1
5938,0.3274854400317888,0.3279923430989598,0.34452221686925133,c1,c5
8397,0.44441494468141735,0.3590796865388796,0.196505368779703,c234,c1
18009,0.18767772057296309,0.3533755698828508,0.45894670954418615,c5,c5
15967,0.6359087507630439,0.2521282100365717,0.11196303920038446,c1,c1
8165,0.30356629689478526,0.2601606601250678,0.4362730429801469,c5,c5
17996,0.5318496660131404,0.24724813342450097,0.22090220056235857,c1,c1
19626,0.23504499242293475,0.3527389222103126,0.4122160853667526,c1,c5
8623,0.10735931031920798,0.24005978574666004,0.652580903934132,c5,c5
6183,0.2115167057035619,0.38434749303530985,0.40413580126112836,c5,c5
1900,0.22342815530401322,0.3668709529473295,0.4097008917486572,c234,c5
6503,0.11984471644502259,0.3086293248693627,0.5715259586856147,c5,c5
19009,0.11852510475240771,0.3805254401492168,0.5009494550983755,c234,c5
10254,0.1072658414801195,0.2636398412965124,0.6290943172233681,c5,c5
11252,0.17116684712689154,0.34110504250973356,0.4877281103633749,c234,c5
1981,0.1803294845981139,0.43437372341528924,0.38529679198659683,c1,c234
443,0.2889315889684504,0.3308753347730716,0.38019307625847787,c234,c5
8188,0.7142536039326061,0.2186794474940476,0.06706694857334637,c1,c1
640,0.2400515730071629,0.39412121106298487,0.3658272159298521,c5,c234
10375,0.0928417821217569,0.19438586024243298,0.71277235763581,c5,c5
15362,0.13629231415799054,0.2256070877767662,0.6381005980652433,c234,c5
10088,0.26153760207948473,0.36320552114977395,0.3752568767707413,c234,c5
226,0.3343662924793981,0.2993380851921329,0.36629562232846896,c234,c5
8660,0.3805299649992796,0.2845548645948768,0.3349151704058436,c234,c1
19265,0.17370845615872718,0.4349302992137799,0.3913612446274929,c234,c234
19345,0.18718730518759033,0.2821877733197488,0.5306249214926608,c5,c5
13941,0.28307494260746574,0.33975175040248323,0.377173306990051,c234,c5
12842,0.3576980042279708,0.39173376215166794,0.2505682336203613,c234,c234
1190,0.41454520237020287,0.4061824580805059,0.17927233954929134,c234,c1
3459,0.23813634934703223,0.3738563109532836,0.38800733969968426,c234,c5
13313,0.3020168713955727,0.40070643098192676,0.2972766976225004,c5,c234
4808,0.2113236212162181,0.30240536237211985,0.48627101641166215,c1,c5
627,0.6112935588242147,0.2522717501806687,0.13643469099511657,c234,c1
10144,0.46454593193716864,0.29155925240706787,0.24389481565576349,c234,c1
2898,0.26028864030354326,0.4805616865776197,0.259149673118837,c5,c234
8132,0.28806062966607715,0.28494055143065117,0.42699881890327174,c234,c5
18098,0.34034582720889484,0.32978450787835734,0.3298696649127479,c1,c1
5290,0.2975765173807178,0.31273223828246743,0.3896912443368148,c234,c5
602,0.32231558853994174,0.41860489007642443,0.25907952138363377,c5,c234
14702,0.5069535299716172,0.23464793596902073,0.25839853405936203,c234,c1
10866,0.46262492694685464,0.35013792368315866,0.18723714936998662,c1,c1
9393,0.22331395885258076,0.393199272167025,0.3834867689803942,c1,c234
2744,0.23894948765897875,0.3846774506428794,0.3763730616981419,c5,c234
11525,0.17970131009492535,0.38012812946616076,0.44017056043891395,c5,c5
13236,0.16115101678623112,0.35233098813371927,0.48651799508004967,c234,c5
4774,0.20539718921835806,0.3087013900024466,0.48590142077919535,c5,c5
17911,0.38940978910851487,0.3739038967120663,0.23668631417941888,c1,c1
16580,0.17683247562787935,0.34956588936804217,0.4736016350040784,c234,c5
17896,0.5224032074859439,0.35277157581600027,0.12482521669805594,c1,c1
9842,0.23549920904587412,0.37714220633775614,0.38735858461636974,c234,c5
19042,0.22437154334044168,0.3320563338376429,0.44357212282191555,c234,c5
14765,0.509414320677134,0.3015145140557652,0.18907116526710088,c1,c1
2053,0.12465470511773305,0.32875421394999793,0.546591080932269,c5,c5
14015,0.18985817210602374,0.3579444918738723,0.45219733602010387,c234,c5
8533,0.18967604437845828,0.30155317187023434,0.5087707837513074,c234,c5
4338,0.4546026547430445,0.3527990959252347,0.19259824933172082,c5,c1
5829,0.17694035199759275,0.16442084112685137,0.6586388068755559,c5,c5
17025,0.40492408482350883,0.3370840206895268,0.25799189448696425,c1,c1
3737,0.5643643993146301,0.3422106920239535,0.09342490866141637,c1,c1
3026,0.31322818464136704,0.2923380854266231,0.39443372993200987,c5,c5
4262,0.2518684792638305,0.5552553467054482,0.19287617403072135,c234,c234
6706,0.35865649203049327,0.3876513501305907,0.25369215783891597,c5,c234
10188,0.2700442613835997,0.3643865544863122,0.3655691841300882,c1,c5
13141,0.6095942159360452,0.2923143204069795,0.09809146365697506,c1,c1
7546,0.5813551371731547,0.31927926027658177,0.09936560255026364,c234,c1
18399,0.3817783669216106,0.320616079231009,0.2976055538473803,c1,c1
372,0.28694123586755893,0.41982777415400757,0.2932309899784335,c234,c234
17186,0.3110013853547567,0.42539910180374507,0.2635995128414982,c5,c234
19992,0.39638664550494307,0.4333985760332498,0.1702147784618071,c5,c234
3947,0.26162313877630705,0.3841789233899543,0.35419793783373865,c5,c234
5928,0.35676446211353985,0.34189040693693534,0.30134513094952486,c1,c1
5222,0.2025146765302944,0.30616327620492656,0.4913220472647789,c5,c5
5270,0.28388860056145093,0.5152502279766182,0.20086117146193078,c5,c234
3207,0.31781455146365845,0.2487646870880099,0.4334207614483316,c5,c5
3481,0.2743822807869417,0.29379091669515084,0.4318268025179074,c5,c5
17679,0.390526349748369,0.4216131739111222,0.1878604763405088,c234,c234
12520,0.46454593193716864,0.29155925240706787,0.24389481565576349,c1,c1
1458,0.5459951874529677,0.24295544417777695,0.21104936836925536,c234,c1
12334,0.2075504654519261,0.26735635054325,0.5250931840048239,c5,c5
11153,0.2504660317834987,0.3190321838307649,0.4305017843857364,c1,c5
13770,0.3149296100302267,0.44698558187900145,0.23808480809077176,c234,c234
17487,0.4276300443522015,0.26312159946320407,0.3092483561845945,c1,c1
8054,0.253537400487453,0.36683562416328785,0.379626975349259,c234,c5
9630,0.6228840081547692,0.28664543056284103,0.09047056128238969,c234,c1
5903,0.23872584634209765,0.25427344348609343,0.5070007101718089,c5,c5
8814,0.3244202259478641,0.3281613338405958,0.34741844021154006,c1,c5
15594,0.34157884455536597,0.4748653424725312,0.18355581297210286,c234,c234
8507,0.40077322761684203,0.36044478804907226,0.2387819843340857,c5,c1
17356,0.22990261280544216,0.2955085325439059,0.4745888546506519,c234,c5
13909,0.35496256323397357,0.35426127433540977,0.2907761624306167,c234,c1
14448,0.3738034685976486,0.4597397423700915,0.1664567890322599,c1,c234
7568,0.3022070670083988,0.35485660731588936,0.34293632567571175,c234,c234
16897,0.0631379136503433,0.22595937162847912,0.7109027147211775,c5,c5
10161,0.36842332481123014,0.26693080340577563,0.36464587178299424,c234,c1
2091,0.1913319251309104,0.2977169658265154,0.5109511090425742,c234,c5
2672,0.05485871654146374,0.3255026102180413,0.6196386732404949,c5,c5
15645,0.21250582875117155,0.3944972906752764,0.3929968805735521,c5,c234
4307,0.14265738441699155,0.3069372852057818,0.5504053303772267,c5,c5
5724,0.30134113101617727,0.4390938631609148,0.25956500582290787,c1,c234
14426,0.20909617067384073,0.33586430683606744,0.45503952249009183,c1,c5
4976,0.3588479471099383,0.34698211457400197,0.2941699383160597,c5,c1
14815,0.38408157139807314,0.31303131746788787,0.3028871111340389,c1,c1
4388,0.2849975538768307,0.3740034364838995,0.3409990096392698,c5,c234
11213,0.48744348093823886,0.35327722058867705,0.15927929847308403,c234,c1
7522,0.2578952974839746,0.2933347781512176,0.44876992436480767,c234,c5
4721,0.5012811327773685,0.2947824326554261,0.2039364345672054,c234,c1
15111,0.5633283259878934,0.26440473510456514,0.17226693890754138,c1,c1
347,0.20942874042831158,0.23000620996175303,0.5605650496099354,c5,c5
1169,0.3317816756319989,0.34256099412885666,0.32565733023914445,c5,c234
18425,0.40015979440746535,0.3682793801991586,0.23156082539337602,c5,c1
4669,0.4219395056374804,0.3133758207291264,0.26468467363339326,c1,c1
807,0.0959972918623895,0.3078699735318945,0.5961327346057159,c5,c5
6868,0.17756795887927185,0.34955589881291277,0.47287614230781533,c234,c5
18437,0.32921326765492015,0.3880961123753354,0.28269061996974437,c234,c234
6235,0.32449541259426207,0.3477138634497169,0.32779072395602105,c234,c234
10953,0.26066154258949786,0.3243990699919911,0.414939387418511,c1,c5
19457,0.303561591915372,0.2822056331958635,0.4142327748887644,c1,c5
17800,0.2433306445182875,0.41647249041914625,0.3401968650625663,c234,c234
11199,0.3557205685482727,0.3408609402965058,0.30341849115522146,c1,c1
10173,0.2628401840223433,0.3292756170954507,0.40788419888220595,c1,c5
17502,0.4232009033056289,0.37415741265207875,0.20264168404229244,c1,c1
6939,0.47356836186886964,0.36406489166776523,0.16236674646336507,c234,c1
12798,0.4253784998922037,0.36639427200006564,0.20822722810773056,c1,c1
18744,0.3380071041201773,0.38176208583975363,0.2802308100400691,c234,c234
434,0.20043848892043697,0.30260331868464585,0.4969581923949171,c5,c5
6817,0.23926377351703126,0.3554873627507907,0.40524886373217817,c234,c5
9565,0.14177782100029496,0.3805795115989351,0.47764266740076994,c5,c5
14599,0.3956713625580557,0.3772345330457085,0.22709410439623587,c234,c1
3141,0.3167614493622696,0.33887265807808076,0.34436589255964967,c234,c5
7844,0.41545389320422144,0.401807006655064,0.18273910014071457,c1,c1
3914,0.12278520034221911,0.3174681457923867,0.5597466538653941,c5,c5
12794,0.2180416227773862,0.281930996981533,0.5000273802410808,c5,c5
18896,0.35338944310614806,0.3126544986867964,0.33395605820705554,c1,c1
9458,0.14600608031342416,0.35375196229011335,0.5002419573964625,c234,c5
10861,0.32183084911156157,0.3335883803734081,0.3445807705150304,c5,c5
5008,0.14683243466086435,0.3762337592828232,0.47693380605631247,c234,c5
13918,0.6513492956922539,0.2200734238664353,0.12857728044131084,c1,c1
5147,0.5762433055463632,0.2947214610487057,0.129035233404931,c234,c1
3219,0.2934256019621765,0.31246442862755985,0.3941099694102636,c234,c5
11554,0.29956602789140707,0.38182468743056175,0.3186092846780312,c234,c234
7018,0.3308669431115431,0.28495402315063745,0.3841790337378195,c1,c5
6924,0.23459272684019022,0.42881845010703773,0.336588823052772,c5,c234
10782,0.23465045240969512,0.38951256406850526,0.37583698352179973,c234,c234
7754,0.16846604909011154,0.3601684035724126,0.47136554733747593,c1,c5
19763,0.22282920158813374,0.4572639732201442,0.3199068251917221,c1,c234
7843,0.29819052414077796,0.35178106545127585,0.3500284104079462,c234,c234
18888,0.31513361462892797,0.28047036199058023,0.4043960233804917,c234,c5
5390,0.28686026971093825,0.36494121155136827,0.3481985187376934,c5,c234
12128,0.2559468240743733,0.25426666619719296,0.48978650972843374,c234,c5
4657,0.3832574889384658,0.4162466492444604,0.20049586181707374,c234,c234
11298,0.28002246048727386,0.36876807941707274,0.3512094600956534,c1,c234
16787,0.38946432016912425,0.3092446786234192,0.30129100120745655,c234,c1
15558,0.5049235472537879,0.3572142834923285,0.1378621692538838,c1,c1
3677,0.46938101070485505,0.2860671937680925,0.24455179552705242,c1,c1
6895,0.4002040507390099,0.3324835806065306,0.2673123686544594,c1,c1
15406,0.32765536043639804,0.24408623561084405,0.4282584039527578,c1,c5
19282,0.6150758045104734,0.2327586251409814,0.15216557034854516,c1,c1
19697,0.4253784998922037,0.36639427200006564,0.20822722810773056,c234,c1
16271,0.3730265453584563,0.37507119249633813,0.25190226214520556,c5,c234
16555,0.6787623007441774,0.16850737411400893,0.15273032514181376,c1,c1
10284,0.35652779527230744,0.384379406832448,0.2590927978952446,c1,c234
18168,0.3319819311879689,0.2830373084220955,0.38498076038993556,c1,c5
9898,0.25284012146541596,0.34859062542940883,0.39856925310517516,c234,c5
12191,0.5051010136001424,0.3661095164052036,0.12878946999465413,c234,c1
9003,0.3363266669899441,0.3272121159137303,0.33646121709632565,c1,c5
9063,0.60608911740877,0.24850735928476916,0.14540352330646075,c1,c1
888,0.43599669464996876,0.34709173664324683,0.21691156870678432,c1,c1
17769,0.19015917533510535,0.44070219100451524,0.3691386336603794,c234,c234
17376,0.33795245526061696,0.4255905177529202,0.23645702698646281,c234,c234
7301,0.11841560045466806,0.41929107574181873,0.4622933238035133,c1,c5
14516,0.12621932139123762,0.3060426536091193,0.567738024999643,c5,c5
1301,0.19498224571014947,0.44947808679491796,0.3555396674949326,c5,c234
5010,0.18089969050049481,0.33413724792409555,0.4849630615754096,c234,c5
2318,0.47441087368577656,0.3729414242283543,0.1526477020858692,c1,c1
19408,0.33757777556342117,0.4118733569569306,0.2505488674796482,c1,c234
18135,0.35648935511014845,0.32522084858648964,0.318289796303362,c1,c1
17909,0.6216071285194322,0.24161813909728574,0.13677473238328194,c234,c1
15798,0.1671635994113214,0.2286035803352285,0.60423282025345,c5,c5
13721,0.3672239875958576,0.4855850895209697,0.1471909228831727,c1,c234
5771,0.16887123088201908,0.44239644441521664,0.3887323247027642,c1,c234
5671,0.26454371210909405,0.30482999574308195,0.430626292147824,c1,c5
15561,0.31251323995142377,0.36625875350769677,0.3212280065408795,c234,c234
17273,0.7849261886360519,0.1501646050519056,0.06490920631204253,c1,c1
16460,0.37933046182291125,0.38445233529459777,0.23621720288249107,c1,c234
11994,0.5923289424674107,0.29092187934672575,0.11674917818586336,c234,c1
9617,0.6711858846569219,0.23586199912102407,0.09295211622205415,c234,c1
4181,0.3326329588669048,0.45766874038871536,0.20969830074437984,c234,c234
12721,0.2861336008344071,0.39526163228793826,0.31860476687765454,c5,c234
10090,0.2346512910575619,0.3758237971751694,0.3895249117672687,c234,c5
6136,0.23887861860055257,0.3734052038623262,0.3877161775371213,c5,c5
4653,0.38277764890827076,0.35860506987595936,0.25861728121576993,c1,c1
13071,0.2647439564960004,0.5301813361517435,0.20507470735225614,c234,c234
17387,0.4764092419441667,0.2517104460907993,0.271880311965034,c234,c1
10988,0.2250474863290884,0.3720481710048197,0.402904342666092,c5,c5
15403,0.3115721412157527,0.3106386177942915,0.37778924098995575,c5,c5
17883,0.21456536941961515,0.33952364156082715,0.4459109890195577,c5,c5
18697,0.20742699130174563,0.25449103844045734,0.538081970257797,c234,c5
7117,0.6359087507630439,0.2521282100365717,0.11196303920038446,c234,c1
15050,0.702983343301393,0.20316787202122008,0.09384878467738693,c1,c1
149,0.32868488829934545,0.3600054292915205,0.31130968240913404,c234,c234
1642,0.4482954970600659,0.32644678096005597,0.22525772197987814,c234,c1
8433,0.21736938603670058,0.37094502357442194,0.4116855903888775,c234,c5
6921,0.44758683949078043,0.4016851205351962,0.1507280399740233,c234,c1
5019,0.16175117701343483,0.33288257089483686,0.5053662520917283,c5,c5
7678,0.2770807766346076,0.3775885589335128,0.34533066443187965,c234,c234
6450,0.36240174769318145,0.4428274298149807,0.1947708224918378,c1,c234
6444,0.2576155488630708,0.2537592062624322,0.488625244874497,c1,c5
15722,0.26391828567248593,0.35746828866063074,0.37861342566688333,c5,c5
15135,0.3022311787388272,0.39771395310681257,0.3000548681543602,c5,c234
11541,0.4090455162180531,0.29650474385921577,0.2944497399227312,c234,c1
8453,0.3527886024101711,0.3990675248580769,0.24814387273175192,c234,c234
16929,0.25530347851090357,0.23596893391903997,0.5087275875700564,c234,c5
18682,0.25984722475204197,0.29370651890507277,0.4464462563428853,c234,c5
12263,0.27301658939235596,0.4328777160521001,0.2941056945555438,c234,c234
9727,0.2904739860906411,0.39786664698191465,0.3116593669274442,c5,c234
11543,0.15712634293142402,0.29258930430427854,0.5502843527642974,c5,c5
18867,0.33937356638085225,0.3201170817496103,0.34050935186953746,c1,c5
3598,0.2758091157418742,0.34039780007081133,0.3837930841873144,c1,c5
3154,0.502945853914826,0.3535928083058052,0.14346133777936876,c1,c1
12207,0.39155367406082886,0.35256520211302106,0.25588112382615014,c5,c1
15094,0.6273023509575958,0.2542380913434344,0.11845955769896988,c234,c1
18771,0.37519756480574584,0.2783568859338087,0.3464455492604454,c1,c1
12576,0.27524329142151666,0.42267413625685135,0.302082572321632,c5,c234
2416,0.6547935289377684,0.23279832957299934,0.11240814148923232,c1,c1
2650,0.31633664136715656,0.3116888174769997,0.37197454115584366,c234,c5
16785,0.1281096204891849,0.1759378737316702,0.6959525057791449,c5,c5
4682,0.4276756540178449,0.3910820137003574,0.1812423322817977,c5,c1
16095,0.221598466935692,0.5624069455564946,0.21599458750781345,c234,c234
8121,0.2815358484514482,0.3741194601017962,0.34434469144675556,c234,c234
12410,0.16009457072928904,0.22580874815295693,0.614096681117754,c234,c5
19978,0.21526986574434365,0.2325670747701014,0.552163059485555,c5,c5
13462,0.4016302447973456,0.3249294261670862,0.2734403290355682,c234,c1
7275,0.2964778815981311,0.45392238296118625,0.24959973544068265,c234,c234
18695,0.35732175864726023,0.41758642330748047,0.2250918180452593,c5,c234
11924,0.15548157435229396,0.30117811037908804,0.543340315268618,c234,c5
3052,0.6359087507630439,0.2521282100365717,0.11196303920038446,c1,c1
18017,0.1928805298334231,0.22619736335907675,0.5809221068075001,c5,c5
3496,0.252830656374612,0.3799458767503533,0.36722346687503477,c234,c234
16352,0.204725354726274,0.39155044446844955,0.4037242008052765,c5,c5
12864,0.40066019239508366,0.37803740761692656,0.22130239998798978,c5,c1
1036,0.2187514162811651,0.4141793858504679,0.3670691978683669,c5,c234
15597,0.1659717087429762,0.3514632113450459,0.4825650799119779,c5,c5
566,0.3775999874268778,0.3559157500002433,0.266484262572879,c234,c1
490,0.2993762623449857,0.3021654553160566,0.39845828233895764,c5,c5
10341,0.3487881225469663,0.414718132322908,0.2364937451301259,c234,c234
2858,0.30366186792123445,0.27944267632489156,0.416895455753874,c234,c5
1550,0.18781456633969765,0.40347559406358535,0.4087098395967169,c234,c5
18118,0.22756433670031911,0.31777275279724937,0.45466291050243146,c234,c5
11978,0.17997827268121303,0.42367605400856834,0.3963456733102187,c5,c234
5918,0.20969349100494544,0.352474334515234,0.4378321744798206,c234,c5
9891,0.3578649828629997,0.3924224340668322,0.24971258307016816,c234,c234
10589,0.41094533624375434,0.3999397807013766,0.18911488305486907,c234,c1
219,0.2168153882333031,0.36909420578160906,0.4140904059850878,c234,c5
55,0.4062805625548777,0.36953917951278115,0.22418025793234117,c1,c1
13703,0.2206500708334564,0.3947635455142674,0.3845863836522764,c1,c234
11808,0.3083619595096184,0.30025203676725953,0.3913860037231221,c5,c5
17282,0.395744618289234,0.248380211411593,0.3558751702991729,c5,c1
13043,0.44492589837700336,0.39298765814028036,0.16208644348271628,c1,c1
4535,0.5487273927940669,0.2504037382600665,0.2008688689458665,c234,c1
7174,0.5497361508823213,0.30322470439946236,0.1470391447182163,c234,c1
13932,0.48448978209182886,0.2656125894522078,0.2498976284559634,c1,c1
1201,0.22361176734098934,0.36707245591787324,0.4093157767411374,c234,c5
6938,0.15904584149183326,0.3294835727808264,0.5114705857273404,c5,c5
7110,0.4250051349390344,0.37427857733094205,0.20071628773002348,c234,c1
17685,0.30641531123852217,0.2735204436818969,0.4200642450795809,c234,c5
11517,0.4087675721424728,0.351609652118807,0.23962277573872023,c1,c1
11989,0.18691339650416322,0.40269654316554726,0.4103900603302895,c1,c5
3011,0.35647352973108226,0.348926551542642,0.2945999187262757,c234,c1
17006,0.1908187607778241,0.45011984750433864,0.3590613917178373,c5,c234
19803,0.4055689704081026,0.370244207313508,0.22418682227838946,c5,c1
3001,0.27437762501765584,0.48797785662991144,0.23764451835243286,c234,c234
1196,0.41232382766617653,0.28224297213157135,0.3054332002022521,c5,c1
8493,0.15070748240903495,0.4008461329064577,0.44844638468450737,c5,c5
4635,0.49773404942595006,0.36343672171299163,0.13882922886105828,c234,c1
18267,0.34897537755683483,0.31895139515655957,0.3320732272866055,c234,c1
5264,0.17315810950691318,0.40265397332390684,0.4241879171691799,c5,c5
14578,0.30528643004046724,0.3643926524218241,0.33032091753770865,c1,c234
7046,0.29655919386453977,0.3257765147522422,0.3776642913832181,c234,c5
2600,0.5525050764576681,0.33002837590885736,0.11746654763347446,c234,c1
12458,0.19623469578258868,0.42731386046092756,0.3764514437564838,c5,c234
9091,0.2719145705900994,0.4265525645626549,0.3015328648472457,c234,c234
3184,0.5715183388847926,0.2997873133387789,0.12869434777642852,c234,c1
1037,0.46208306191535475,0.40593556971871436,0.13198136836593088,c234,c1
6356,0.28284847797141593,0.24289157737545883,0.4742599446531252,c5,c5
4972,0.3239886109609022,0.4210181549954683,0.2549932340436295,c1,c234
3957,0.49675117963443005,0.34702692717096506,0.15622189319460494,c1,c1
19091,0.3157820533572513,0.3822818280414023,0.30193611860134645,c5,c234
8020,0.36152185423180383,0.38402265487119774,0.25445549089699837,c1,c234
107,0.5318496660131404,0.24724813342450097,0.22090220056235857,c234,c1
6857,0.22161002891907744,0.31207618368782325,0.46631378739309925,c5,c5
16967,0.15702239561167927,0.3997337446600747,0.4432438597282459,c234,c5
3315,0.22916136731807774,0.42398914416457123,0.346849488517351,c5,c234
17179,0.2501163314098861,0.6220421884588415,0.12784148013127244,c234,c234
17037,0.4437507840299387,0.42213482775753236,0.1341143882125289,c1,c1
12645,0.4253784998922037,0.36639427200006564,0.20822722810773056,c5,c1
234,0.39560943319225517,0.3884593265477526,0.21593124025999216,c234,c1
6307,0.3434633062039339,0.28320577858406976,0.3733309152119963,c1,c5
3027,0.3084532711157355,0.5420543746174131,0.14949235426685142,c234,c234
16859,0.3401447246034569,0.30782230398257926,0.3520329714139638,c5,c5
13450,0.43181881566406355,0.4301339284173992,0.13804725591853723,c5,c1
12403,0.220904759011283,0.4245794706520167,0.35451577033670034,c1,c234
12059,0.5225047303456617,0.344299256599256,0.13319601305508239,c5,c1
11409,0.31312174835219764,0.4131056680885841,0.2737725835592183,c234,c234
127,0.2260745647470809,0.34409584374201413,0.4298295915109051,c5,c5
19263,0.06879135176857579,0.25190333376044693,0.6793053144709773,c234,c5
7120,0.4799030863688132,0.3804374365367614,0.1396594770944254,c1,c1
5682,0.33937356638085225,0.3201170817496103,0.34050935186953746,c1,c5
285,0.3553694186278037,0.3152798981621032,0.3293506832100932,c5,c1
18579,0.19515031761349952,0.2684933522655017,0.5363563301209988,c5,c5
17401,0.2847223088808447,0.3925842060691199,0.32269348505003537,c1,c234
19137,0.22062841851504408,0.37248670776529647,0.4068848737196594,c234,c5
13822,0.4459276617558293,0.39518440916447956,0.15888792907969113,c234,c1
2926,0.20227633700213227,0.31968834274789076,0.47803532024997697,c5,c5
16349,0.20121167122357556,0.3116666015428781,0.4871217272335463,c234,c5
15202,0.38243317586868864,0.3086575861053702,0.3089092380259411,c234,c1
13743,0.13191773910494634,0.3146371792973756,0.5534450815976779,c5,c5
6626,0.4088233601963161,0.3299807322469457,0.2611959075567382,c1,c1
6191,0.32955754891235267,0.3696754764705752,0.30076697461707214,c1,c234
16826,0.38551058625939805,0.3416322916145452,0.2728571221260567,c1,c1
13087,0.3171637034828632,0.3005342116390698,0.38230208487806705,c234,c5
18208,0.5092917983351174,0.3753738277829259,0.11533437388195682,c234,c1
17737,0.4232009033056289,0.37415741265207875,0.20264168404229244,c5,c1
6373,0.367326006982131,0.415533342188529,0.21714065082933995,c1,c234
1086,0.30559884400241544,0.4966870716654723,0.19771408433211218,c1,c234
18276,0.3167914570015383,0.43204462697975937,0.25116391601870236,c234,c234
15656,0.4677008902335887,0.34866299020601965,0.18363611956039172,c234,c1
2701,0.23229035105800905,0.4846320036045035,0.28307764533748747,c234,c234
9780,0.365860153526938,0.42971568513496694,0.20442416133809513,c1,c234
13495,0.2957020919593583,0.43815939204911114,0.26613851599153066,c5,c234
8546,0.16824737535153525,0.5602127843335294,0.27153984031493533,c234,c234
12763,0.3240145026553197,0.3589771628912221,0.3170083344534582,c1,c234
7611,0.1140606332040387,0.3168291886391764,0.5691101781567849,c5,c5
17119,0.6359087507630439,0.2521282100365717,0.11196303920038446,c1,c1
10227,0.23245144584921196,0.2855983201546194,0.48195023399616865,c5,c5
1450,0.34314303439437976,0.40169728133815835,0.255159684267462,c1,c234
3836,0.3947630782837489,0.3627786693113687,0.24245825240488245,c234,c1
733,0.3509614330889298,0.32578549831007936,0.3232530686009909,c1,c1
7701,0.6377874124930707,0.19838624937144292,0.16382633813548636,c1,c1
14283,0.45754491925937596,0.3710115352241299,0.1714435455164942,c234,c1
12264,0.43178772131747367,0.3737861934586052,0.1944260852239212,c5,c1
17292,0.38671737784269283,0.4069827658160216,0.20629985634128561,c234,c234
17655,0.18960311714050476,0.41582210656057067,0.39457477629892457,c234,c234
14123,0.2922521261398094,0.41392906258168366,0.29381881127850695,c5,c234
19933,0.31650851630958654,0.3956630912138885,0.2878283924765249,c234,c234
11964,0.51476323143664,0.317052839735717,0.16818392882764294,c1,c1
13737,0.16346658830075822,0.4247957171453103,0.41173769455393155,c5,c234
13329,0.3003897192896593,0.41182855966182574,0.2877817210485149,c1,c234
10695,0.4665455987526389,0.40252366726473277,0.13093073398262822,c234,c1
19561,0.29273724847155375,0.28414763238930635,0.42311511913913974,c5,c5
4328,0.601945976234933,0.23421132527777497,0.1638426984872921,c1,c1
13340,0.3503001653962551,0.37113188649641227,0.27856794810733265,c5,c234
167,0.20006367086450308,0.3543776408937275,0.4455586882417695,c1,c5
1343,0.5117696993154556,0.3185625081979192,0.16966779248662528,c234,c1
2581,0.24250217306201965,0.35856815074842857,0.3989296761895518,c234,c5
18506,0.367036643772537,0.3493731064664959,0.28359024976096714,c234,c1
482,0.16827815434571802,0.40840742929544793,0.42331441635883404,c5,c5
8366,0.33965708903525876,0.33733211521245,0.3230107957522913,c1,c1
17202,0.2004414607085935,0.5415528805700024,0.258005658721404,c234,c234
5875,0.22136511935201492,0.28309007145451776,0.4955448091934673,c234,c5
17583,0.26147637619185066,0.23394400841932708,0.5045796153888222,c234,c5
3760,0.4121917756097381,0.4253402201020572,0.16246800428820485,c1,c234
6132,0.24978736401878737,0.39378390747133807,0.3564287285098745,c1,c234
5566,0.5365497104910866,0.34607808017928976,0.11737220932962374,c1,c1
16706,0.11353549048204814,0.37459507340475184,0.5118694361132,c5,c5
11508,0.21117817406323636,0.38393946322451356,0.4048823627122501,c234,c5
3490,0.4746054930583684,0.27334356840690077,0.2520509385347308,c234,c1
7864,0.3784074352421948,0.31873891436175783,0.3028536503960474,c5,c1
13826,0.6775318211604864,0.22230193687803204,0.10016624196148165,c234,c1
1583,0.46583141408404655,0.25379964762043483,0.2803689382955187,c1,c1
17484,0.5572312066879122,0.30499514662179245,0.13777364669029554,c234,c1
12431,0.3021589871700515,0.29728721919159407,0.40055379363835436,c5,c5
15158,0.3791562133334057,0.32517223861867217,0.2956715480479221,c5,c1
9588,0.4669276220119019,0.3362563969202652,0.196815981067833,c1,c1
12683,0.35660951060774176,0.3795377810960329,0.2638527082962253,c5,c234
14779,0.35928737880156125,0.33378083576775697,0.30693178543068184,c234,c1
19084,0.12968371142087576,0.31747678022307685,0.5528395083560474,c5,c5
8892,0.43723294720768313,0.407701289462968,0.15506576332934877,c234,c1
7413,0.3115835169665591,0.31860040863364747,0.3698160743997934,c5,c5
2130,0.5428363318821585,0.1863665818208593,0.27079708629698207,c1,c1
5545,0.6125846723217636,0.2817087233892062,0.10570660428903014,c234,c1
7687,0.19146279890144688,0.5474060795443287,0.26113112155422435,c1,c234
19270,0.15262771787482224,0.3609129345570638,0.486459347568114,c5,c5
14122,0.4313817830721204,0.3573940782831658,0.21122413864471384,c234,c1
2820,0.2250474863290884,0.3720481710048197,0.402904342666092,c1,c5
13812,0.4577734500211495,0.29374409130624707,0.24848245867260355,c234,c1
14595,0.14526433785940177,0.38127487934660753,0.47346078279399073,c5,c5
2421,0.35308096099321906,0.2657164312834931,0.3812026077232879,c234,c5
5254,0.33299402583005133,0.33137482424032816,0.33563114992962045,c1,c5
17704,0.23320788443241308,0.4449410800873027,0.32185103548028426,c1,c234
15598,0.06554211283712393,0.37853969877501287,0.5559181883878631,c5,c5
13543,0.1446838944061311,0.4121304602215791,0.4431856453722897,c1,c5
11300,0.15643097703803951,0.3680500016009036,0.475519021361057,c234,c5
4139,0.18912829580290416,0.29575761574499027,0.5151140884521056,c5,c5
11706,0.5091589329778532,0.3193991628067968,0.17144190421534994,c1,c1
14992,0.237298168752762,0.2808672645515979,0.4818345666956402,c234,c5
4882,0.23127390490029423,0.38452586616857054,0.3842002289311353,c1,c234
14470,0.19704480139173017,0.37421469721480227,0.42874050139346764,c234,c5
6417,0.4596990572031244,0.42042102768721284,0.11987991510966281,c234,c1
16574,0.321016912979789,0.37690071366080335,0.3020823733594075,c5,c234
4044,0.08911006948539754,0.2655340976714048,0.6453558328431976,c5,c5
9569,0.17290661178414507,0.39031218046410066,0.43678120775175444,c5,c5
6348,0.33647006587400324,0.403580158372877,0.2599497757531197,c234,c234
6044,0.2521931618683412,0.391814881479855,0.35599195665180383,c5,c234
19382,0.23755134111952875,0.18841725706757964,0.5740314018128917,c5,c5
19998,0.3073543895071575,0.37748008602551536,0.31516552446732715,c234,c234
11003,0.4638258557178947,0.2431084268932035,0.29306571738890175,c1,c1
1739,0.46077303272621484,0.2651510500376114,0.27407591723617375,c5,c1
5189,0.3288025315020409,0.38375759059682346,0.2874398779011356,c5,c234
5478,0.3139574923351199,0.29225956351427396,0.3937829441506061,c1,c5
15818,0.18889126361671543,0.26148501978846084,0.5496237165948237,c5,c5
2237,0.5551757726941782,0.3401638900388481,0.10466033726697359,c1,c1
8678,0.3671089840309128,0.4133965743065648,0.21949444166252247,c234,c234
14772,0.4000005378615481,0.4630690546575972,0.13693040748085478,c5,c234
19778,0.27855598645078306,0.38823361525871947,0.3332103982904974,c5,c234
7914,0.6585880098801997,0.24706585601771264,0.09434613410208764,c1,c1
2473,0.4570770870832549,0.3255105076894382,0.2174124052273069,c234,c1
17126,0.25931453340839794,0.3651794524483407,0.37550601414326135,c1,c5
13961,0.285991835089893,0.43974356845439055,0.2742645964557165,c5,c234
12214,0.3908345061417271,0.3691238035452653,0.24004169031300765,c1,c1
2135,0.2521343467107575,0.37192817924232713,0.3759374740469154,c5,c5
11055,0.2827149755631955,0.4409211873575621,0.2763638370792424,c5,c234
11915,0.23040431562704722,0.38839527308088256,0.3812004112920703,c5,c234
15109,0.3140485807718508,0.3991835919512867,0.28676782727686245,c1,c234
8172,0.283918268488342,0.2990786856915832,0.41700304582007475,c5,c5
9858,0.20391399182990325,0.2983807313582574,0.4977052768118394,c234,c5
5862,0.23448908464128443,0.32211054946874046,0.4434003658899751,c5,c5
12875,0.45742166512487004,0.30921147325307724,0.23336686162205272,c1,c1
2138,0.245935929916853,0.3864391485972235,0.36762492148592346,c5,c234
10155,0.44652806548788276,0.45089155221148297,0.10258038230063433,c234,c234
12378,0.18314403262680717,0.3077301416850831,0.5091258256881097,c5,c5
18207,0.4922092743022666,0.3515270682665834,0.15626365743114998,c1,c1
1034,0.3216247114117628,0.3740689435309953,0.30430634505724197,c1,c234
4442,0.5573450032245644,0.25329668557168167,0.18935831120375388,c234,c1
8154,0.15439526680774063,0.2561673153837627,0.5894374178084967,c5,c5
18449,0.7851007156254234,0.14844141274025113,0.0664578716343255,c1,c1
6702,0.2557322865460395,0.3366604290334972,0.40760728442046323,c1,c5
4903,0.5923289424674107,0.29092187934672575,0.11674917818586336,c1,c1
66,0.24055066318701543,0.5585289264412442,0.20092041037174035,c1,c234
5810,0.26150569335713064,0.33958462486066565,0.39890968178220365,c1,c5
14202,0.37527388778716636,0.309545252324846,0.3151808598879877,c1,c1
7053,0.16584078034193644,0.4198275163312128,0.4143317033268509,c234,c234
3640,0.412211070398528,0.3127653779041374,0.2750235516973346,c234,c1
10781,0.5261651364150746,0.3435622745387553,0.13027258904617017,c234,c1
17733,0.23882056955569056,0.4044820942131399,0.35669733623116956,c1,c234
17517,0.2921435054510412,0.3891741180136514,0.3186823765353073,c1,c234
5175,0.21964178669492412,0.38734522497634927,0.39301298832872666,c5,c5
15959,0.3362409171283497,0.44470798098619235,0.21905110188545796,c234,c234
5934,0.38225542560598946,0.2389002418670036,0.3788443325270069,c1,c1
20013,0.1999001007368247,0.2765518892811391,0.5235480099820362,c5,c5
977,0.19950822337587662,0.2731136271592348,0.5273781494648887,c5,c5
6707,0.28433110504653636,0.30759286031484667,0.408076034638617,c5,c5
12605,0.3526764530585677,0.41514469530218856,0.23217885163924373,c5,c234
18450,0.16964191047888752,0.2663817983219685,0.5639762911991439,c5,c5
12192,0.21857416778817082,0.37668983383911325,0.404735998372716,c5,c5
2406,0.28595494969875535,0.5054264514411801,0.20861859886006448,c1,c234
9260,0.12027251231969474,0.3970696481328153,0.48265783954749003,c5,c5
15542,0.17472106916827043,0.273986201135575,0.5512927296961546,c5,c5
14175,0.3543163744518723,0.381127079018697,0.26455654652943067,c1,c234
7987,0.17351202804477772,0.28192073857265854,0.5445672333825637,c1,c5
19775,0.16866646944410804,0.30087820003815835,0.5304553305177336,c5,c5
11392,0.3507890327235465,0.43825204863676265,0.2109589186396909,c1,c234
6564,0.2531036730698745,0.2648585038209832,0.48203782310914234,c5,c5
18130,0.4287826660219628,0.37469756136242793,0.19651977261560932,c234,c1
9239,0.46919752070886134,0.4173742131816338,0.11342826610950485,c1,c1
14687,0.2552028151162161,0.4105018317491271,0.3342953531346568,c5,c234
6894,0.4794634323418966,0.3584652685719977,0.16207129908610582,c1,c1
11640,0.3629922305645409,0.4294011585641465,0.20760661087131252,c234,c234
6122,0.30774272075241177,0.4384208763247656,0.25383640292282267,c234,c234
17867,0.3916325364569549,0.36395987904446964,0.2444075844985755,c234,c1
13159,0.5160644745247192,0.28900631950562217,0.1949292059696587,c1,c1
18302,0.2807606994992664,0.2754494933059831,0.44378980719475053,c234,c5
19374,0.23901087702790788,0.4151356079310887,0.3458535150410033,c1,c234
16115,0.23490936538502166,0.39090114011354493,0.37418949450143346,c5,c234
8705,0.21327059480569974,0.42134864121377485,0.36538076398052544,c1,c234
16553,0.3357937410850548,0.30286044791978617,0.361345810995159,c5,c5
2239,0.1457703547505501,0.5796515012705792,0.27457814397887065,c234,c234
3344,0.3555788416929194,0.34189477375173066,0.30252638455534997,c5,c1
18941,0.3788431048842912,0.30539879220580507,0.31575810290990375,c1,c1
3930,0.2997175801726102,0.43366000509660896,0.26662241473078085,c1,c234
5859,0.4313225813065986,0.32249917671097605,0.24617824198242522,c1,c1
3499,0.24963346582420387,0.5086013683132957,0.24176516586250046,c1,c234
7171,0.47090742788002177,0.32822442900312904,0.20086814311684914,c234,c1
3081,0.4690929817409203,0.33807585629196374,0.19283116196711597,c1,c1
18576,0.5715183388847926,0.2997873133387789,0.12869434777642852,c1,c1
6931,0.29095889893727106,0.3664305863214486,0.3426105147412804,c1,c234
8181,0.26010345576688254,0.4447370190015576,0.29515952523155986,c1,c234
7230,0.3143672276195147,0.31748160079651144,0.3681511715839738,c5,c5
5126,0.18706327940135167,0.3566975610006704,0.456239159597978,c5,c5
19392,0.3959910552158039,0.38983122358569,0.21417772119850603,c1,c1
7569,0.3116407765829677,0.3396666595330079,0.3486925638840245,c1,c5
7458,0.23339784646318168,0.4639005945758319,0.3027015589609864,c5,c234
4466,0.4851131507989949,0.35742873096029654,0.15745811824070852,c234,c1
14670,0.1660274034043674,0.37513100480752737,0.45884159178810513,c5,c5
4096,0.23344750216600155,0.33789902067083133,0.4286534771631671,c1,c5
1075,0.4576273617178058,0.2898898928893904,0.2524827453928037,c234,c1
186,0.304681957436067,0.3793188922067099,0.31599915035722304,c234,c234
16412,0.16677011515157575,0.34642229588931706,0.4868075889591072,c5,c5
12452,0.31679754806153626,0.31340848743253386,0.3697939645059299,c1,c5
8590,0.24602015981687297,0.26533396455542,0.48864587562770706,c5,c5
13429,0.18368678606887293,0.44128935102152955,0.37502386290959755,c1,c234
8167,0.5410836433501645,0.2982319536356028,0.16068440301423262,c1,c1
18400,0.2769682198217797,0.4071993412474222,0.3158324389307981,c234,c234
13455,0.24917728960358004,0.3854104140689814,0.36541229632743855,c234,c234
6370,0.20832815246022723,0.32365379775405223,0.46801804978572054,c1,c5
854,0.13738725548284864,0.36382817286790653,0.49878457164924483,c234,c5
7187,0.29841291528599795,0.3835644936773707,0.3180225910366312,c1,c234
15131,0.39817634347940156,0.2190211318685203,0.3828025246520781,c5,c1
18538,0.1838808182013888,0.268144407298577,0.5479747745000343,c1,c5
16471,0.17281360256978548,0.19536048115729202,0.6318259162729225,c5,c5
13559,0.20122937628303136,0.3791845791767732,0.41958604454019544,c234,c5
18060,0.1062485594019523,0.25147637735463063,0.6422750632434171,c5,c5
19404,0.15295233533112934,0.3289934517495796,0.5180542129192911,c5,c5
9154,0.488299928600206,0.3916196561095317,0.1200804152902623,c5,c1
937,0.17725693948443264,0.29176134226461253,0.5309817182509549,c234,c5
11495,0.239314792564846,0.3448303903112764,0.4158548171238777,c5,c5
12833,0.22096874683364076,0.1893563153317433,0.589674937834616,c234,c5
1337,0.1379961256932226,0.2942752289220937,0.5677286453846836,c5,c5
15286,0.3756365207699247,0.35609840750586186,0.26826507172421354,c234,c1
19017,0.371484785141537,0.48448512051233106,0.14403009434613195,c234,c234
19826,0.4083561416775769,0.29895856115191355,0.29268529717050956,c1,c1
15175,0.2451488133368541,0.35322662150516415,0.40162456515798184,c234,c5
2765,0.5507368245936536,0.34403836708602986,0.10522480832031651,c1,c1
11279,0.17657689078295893,0.19828711828287118,0.6251359909341699,c5,c5
18404,0.41391020348803653,0.3429359759996812,0.2431538205122823,c5,c1
11853,0.14765550650687184,0.4321048988115338,0.42023959468159433,c5,c234
17110,0.40075212549494443,0.37993624838838264,0.21931162611667293,c234,c1
4243,0.3139096378311469,0.33363700846598043,0.3524533537028728,c1,c5
12506,0.3403794048214472,0.2821410481766758,0.3774795470018769,c1,c5
2815,0.22065533066850657,0.38768888246934524,0.39165578686214825,c5,c5
2166,0.23275474370231305,0.3669110893538875,0.4003341669437995,c1,c5
4989,0.1598019313965524,0.2619709942114038,0.5782270743920438,c5,c5
14113,0.5263953090058936,0.31895061932531876,0.15465407166878764,c234,c1
16055,0.3965540522634089,0.3786573847861881,0.22478856295040303,c234,c1
11980,0.5348500290545856,0.1915689261502171,0.2735810447951973,c234,c1
17454,0.343206205153168,0.23319569448895647,0.4235981003578756,c5,c5
3679,0.29214362535237587,0.38080076096509724,0.3270556136825269,c1,c234
18456,0.229976871171136,0.36624558952503095,0.4037775393038331,c5,c5
12357,0.1414146125284529,0.2475987460600197,0.6109866414115274,c5,c5
15550,0.4782029847917772,0.2806032310953279,0.24119378411289488,c234,c1
11032,0.3131871710432258,0.4138092094357395,0.27300361952103464,c5,c234
12233,0.1647554552380685,0.28595922355726283,0.5492853212046687,c5,c5
13656,0.3745720402045688,0.3076244888329461,0.3178034709624852,c1,c1
5941,0.3153261832049401,0.36676000346793797,0.31791381332712204,c1,c234
16468,0.2599789617281495,0.3292718135008946,0.410749224770956,c234,c5
13478,0.15927533213104345,0.3749399844513505,0.465784683417606,c5,c5
5224,0.19475405635445694,0.3126278076178099,0.49261813602773313,c1,c5
5801,0.3503654071510381,0.31334405124310305,0.33629054160585886,c1,c1
17918,0.2608641546916784,0.37962493615244075,0.3595109091558809,c5,c234
12958,0.4638258557178947,0.2431084268932035,0.29306571738890175,c1,c1
249,0.2537214212964317,0.3788914423269797,0.3673871363765887,c5,c234
1023,0.5434924571305524,0.32971872997192336,0.1267888128975242,c234,c1
13627,0.2184749677524204,0.40329459084144437,0.3782304414061353,c5,c234
2133,0.20957353696838016,0.43998723166141895,0.35043923137020083,c234,c234
12188,0.182773991488083,0.4598984972030252,0.35732751130889184,c5,c234
13336,0.4964324356796409,0.3641144068555206,0.1394531574648385,c1,c1
11401,0.3286759550308106,0.34363997355099085,0.32768407141819844,c234,c234
15278,0.27224969169489716,0.3381671444014465,0.3895831639036564,c5,c5
10422,0.3266594439300684,0.28225122613672154,0.39108932993321,c1,c5
13239,0.35989069361449344,0.3162041662672031,0.3239051401183034,c1,c1
5977,0.303323095941077,0.33961846077310576,0.3570584432858172,c1,c5
18087,0.1928042970253286,0.3585414163883651,0.44865428658630613,c5,c5
4424,0.15790787626037744,0.32280681200979083,0.5192853117298317,c5,c5
1250,0.21080866958373914,0.48669624741370693,0.30249508300255395,c234,c234
4040,0.40872763742535334,0.31262914650200613,0.27864321607264064,c234,c1
326,0.3574692099875429,0.3194495920678225,0.3230811979446346,c1,c1
4849,0.4232009033056289,0.37415741265207875,0.20264168404229244,c234,c1
3248,0.2926895035004829,0.48764067035091674,0.2196698261486004,c234,c234
9881,0.5051010136001424,0.3661095164052036,0.12878946999465413,c1,c1
951,0.18816639675643881,0.3124758825805744,0.4993577206629868,c234,c5
16429,0.26147736358775736,0.3039714940315575,0.4345511423806852,c234,c5
1558,0.4948048178341309,0.35270976997516146,0.1524854121907076,c234,c1
2806,0.29001899777262613,0.20847181380207797,0.501509188425296,c1,c5
13477,0.18301587183365364,0.4240345740268417,0.39294955413950466,c234,c234
3639,0.5426671884259957,0.36118039751912534,0.09615241405487891,c234,c1
7636,0.45410391856023696,0.24534965736706785,0.30054642407269516,c1,c1
18850,0.40693980095659316,0.3949911591833226,0.1980690398600841,c1,c1
18311,0.1638606932261053,0.3866380629610388,0.44950124381285594,c234,c5
4950,0.23594784367165333,0.34766318883739883,0.4163889674909478,c234,c5
1618,0.4559607786109722,0.4288820264570098,0.115157194932018,c234,c1
7433,0.46331312827328686,0.35991682452403395,0.17677004720267916,c1,c1
11579,0.33501474338252357,0.3011880478702331,0.36379720874724325,c1,c5
2679,0.15989344525535312,0.4324213305793842,0.40768522416526276,c234,c234
9456,0.6787623007441774,0.16850737411400893,0.15273032514181376,c1,c1
949,0.2861812744614032,0.44277046289520816,0.2710482626433887,c234,c234
15530,0.1809540472878093,0.3597573854777386,0.4592885672344521,c234,c5
9665,0.2116177510539468,0.2826633193232344,0.5057189296228188,c5,c5
18428,0.3128372205072883,0.39386246552152315,0.2933003139711886,c234,c234
10725,0.34454950445669463,0.34125812095996466,0.3141923745833407,c234,c1
5125,0.4663200999005534,0.34286955236859173,0.19081034773085476,c234,c1
7245,0.10172698143955858,0.20264127990116926,0.6956317386592722,c5,c5
17111,0.4243073727589731,0.3381670408541837,0.23752558638684323,c1,c1
17842,0.4253784998922037,0.36639427200006564,0.20822722810773056,c234,c1
9609,0.35272504676112587,0.3020301377341992,0.3452448155046749,c234,c1
1718,0.3369470099409132,0.2657537339972209,0.3972992560618659,c234,c5
15177,0.6787623007441774,0.16850737411400893,0.15273032514181376,c1,c1
13900,0.27835469475501856,0.2594769490497279,0.4621683561952536,c234,c5
7540,0.25895030306868255,0.5576844878130431,0.18336520911827428,c234,c234
12226,0.3291439236432033,0.2877449328329151,0.38311114352388165,c5,c5
18949,0.35388488560496956,0.3084735438797356,0.3376415705152948,c5,c1
13663,0.21650189638015327,0.32997163199339585,0.4535264716264509,c5,c5
15680,0.6054910095057651,0.28626423973784443,0.10824475075639055,c1,c1
16433,0.24491619717323632,0.3879970949428384,0.3670867078839253,c234,c234
6008,0.357614443248638,0.40169759844697267,0.24068795830438935,c234,c234
16132,0.27199312877476844,0.45037155217811076,0.27763531904712074,c5,c234
11092,0.3156652192071734,0.433856883363758,0.25047789742906856,c5,c234
1683,0.32276746682491375,0.46053139086430483,0.21670114231078136,c234,c234
5040,0.22426777501038964,0.4106185553813312,0.3651136696082792,c1,c234
709,0.32680593870228536,0.4359629948861198,0.23723106641159486,c1,c234
3173,0.26753539948473487,0.31936718680013226,0.41309741371513287,c5,c5
6270,0.2906407885353105,0.36331802772968097,0.34604118373500853,c234,c234
10280,0.2192394204575102,0.26037139579132146,0.5203891837511684,c5,c5
14362,0.22096874683364076,0.1893563153317433,0.589674937834616,c1,c5
16783,0.2183348997050744,0.26350115714075384,0.5181639431541718,c234,c5
18895,0.38458751324945484,0.40581230051954054,0.20960018623100457,c234,c234
2305,0.2671293798684343,0.29845723226855164,0.43441338786301403,c5,c5
7357,0.16076149049186522,0.335504401544142,0.5037341079639928,c5,c5
9545,0.2710897640241205,0.3947346462547681,0.3341755897211114,c234,c234
18089,0.29316722756628455,0.21828443648296791,0.48854833595074754,c234,c5
6396,0.4978125734760705,0.29104290632749363,0.21114452019643598,c1,c1
15350,0.43840050390706037,0.36859723850954296,0.1930022575833966,c234,c1
18788,0.18811762794807163,0.2803238495396736,0.5315585225122547,c5,c5
11407,0.22466356241823,0.29421603189033985,0.48112040569143016,c5,c5
18049,0.5252511533945166,0.3241226262027864,0.150626220402697,c1,c1
10550,0.12033179519858142,0.3487825572188976,0.530885647582521,c234,c5
17763,0.20742699130174563,0.25449103844045734,0.538081970257797,c1,c5
192,0.3364492190963905,0.2719589002475872,0.39159188065602235,c234,c5
5989,0.40664662529003204,0.30297395809570293,0.2903794166142651,c1,c1
7604,0.5432886569837657,0.3302752818357364,0.1264360611804978,c1,c1
9174,0.30789398766644877,0.363521665715948,0.32858434661760316,c5,c234
4689,0.13471482811721464,0.32026145110958726,0.5450237207731983,c234,c5
11577,0.30941534108553603,0.39639588498256334,0.29418877393190057,c5,c234
16614,0.5066749827611978,0.32527231924617583,0.16805269799262626,c5,c1
8560,0.42466007192088967,0.20601547610834756,0.3693244519707627,c234,c1
18254,0.36702030933540436,0.3228521511627579,0.31012753950183775,c1,c1
15694,0.2972704005759983,0.38488681216118054,0.31784278726282117,c1,c234
8878,0.3444335153924249,0.3504038995866009,0.30516258502097415,c1,c234
14618,0.27022669918134506,0.31479752425432056,0.4149757765643344,c5,c5
12971,0.3929993282000551,0.40685100985080436,0.20014966194914052,c1,c234
5016,0.26304592156837636,0.41448109359197494,0.32247298483964865,c234,c234
14220,0.43121736913809433,0.2925146681983223,0.27626796266358344,c234,c1
11062,0.17107545363280172,0.354690636626639,0.47423390974055923,c5,c5
10408,0.21561271216495648,0.3434884569669389,0.4408988308681046,c5,c5
9766,0.3059821006790358,0.47373320022658394,0.22028469909438025,c234,c234
10855,0.31848984030284555,0.4221495963177026,0.25936056337945185,c234,c234
4017,0.43860026332502766,0.34679003668529035,0.214609699989682,c5,c1
1083,0.22099961397150727,0.2811409680695166,0.4978594179589761,c1,c5
13893,0.3520210517162111,0.4104310026620186,0.2375479456217703,c5,c234
1731,0.2794223583656389,0.34898920371092973,0.37158843792343144,c234,c5
4352,0.22479557462261193,0.3870948484180139,0.3881095769593742,c5,c5
137,0.3289130713810052,0.36725765784243514,0.30382927077655975,c234,c234
16550,0.17957844656152228,0.2929084932877132,0.5275130601507645,c5,c5
18525,0.29512967444435073,0.3985800085957837,0.3062903169598655,c1,c234
16962,0.143318658663607,0.39654770540306444,0.46013363593332857,c234,c5
10246,0.33241791288264294,0.47987687372142995,0.1877052133959271,c5,c234
6107,0.3827467179800851,0.359309044488048,0.25794423753186696,c1,c1
11288,0.16306394708936695,0.27737957095057914,0.559556481960054,c5,c5
18481,0.22960266069658014,0.38896390630414546,0.38143343299927435,c5,c234
9450,0.23493494248217592,0.27284306491464416,0.4922219926031799,c1,c5
3966,0.3235572601519137,0.3753908662328409,0.30105187361524527,c234,c234
19551,0.36164975084655254,0.2573216873172583,0.38102856183618916,c5,c5
703,0.20488814345084663,0.3432660991802572,0.4518457573688961,c234,c5
1438,0.2718195131363611,0.5517990801770795,0.17638140668655944,c1,c234
14625,0.3476749944265851,0.3190564540473466,0.3332685515260683,c1,c1
17854,0.22037775495429038,0.3967241634412689,0.3828980816044408,c1,c234
8097,0.2863289734273001,0.37878296255990945,0.3348880640127904,c5,c234
10297,0.22659205781572317,0.35192311219678707,0.42148482998748965,c1,c5
19891,0.6081331205161027,0.26530779759266354,0.12655908189123383,c1,c1
5381,0.5099479991309436,0.22439798839281058,0.26565401247624587,c1,c1
10684,0.1775556371241313,0.5573508359299242,0.2650935269459445,c234,c234
19496,0.21036987799094442,0.36293467478499364,0.42669544722406194,c234,c5
4632,0.3260331919455851,0.42299969307570634,0.2509671149787086,c5,c234
16746,0.3438453115985714,0.30000803689946787,0.3561466515019608,c1,c5
2998,0.14253227785100145,0.5414474266324474,0.31602029551655114,c234,c234
1507,0.39446021387132635,0.34787942902583574,0.2576603571028379,c1,c1
7949,0.14873502803902644,0.30528054807320293,0.5459844238877707,c234,c5
9532,0.38051601251681555,0.3960159225225063,0.22346806496067817,c1,c234
1913,0.2654902766610324,0.2244668957898396,0.510042827549128,c5,c5
15689,0.5513965184434292,0.30725539646202876,0.14134808509454205,c1,c1
809,0.20339371696124692,0.39228753386181603,0.40431874917693705,c5,c5
9071,0.34479550929534997,0.43576740695990945,0.2194370837447405,c5,c234
9586,0.24379975035836993,0.4028982797641928,0.3533019698774373,c1,c234
17745,0.26316854694389286,0.35799664195382347,0.3788348111022836,c5,c5
425,0.4547240670902948,0.37187490616287444,0.17340102674683075,c1,c1
10466,0.469533459912897,0.37469048688334194,0.15577605320376103,c1,c1
12662,0.279883142782886,0.4077543287999689,0.312362528417145,c1,c234
13222,0.25913103281718797,0.4103085941445553,0.3305603730382568,c1,c234
9335,0.37779627005602123,0.31736309253774736,0.30484063740623135,c234,c1
3234,0.34474138654808284,0.4256340225843222,0.22962459086759496,c234,c234
2015,0.43842883521797243,0.3922117210464434,0.16935944373558426,c234,c1
7488,0.4253784998922037,0.36639427200006564,0.20822722810773056,c1,c1
14568,0.18074988430323186,0.4353827365531851,0.38386737914358304,c5,c234
12513,0.47474157421841134,0.27156573136308626,0.25369269441850245,c1,c1
15051,0.32485289709152126,0.32472774146688227,0.3504193614415964,c5,c5
14440,0.2821577386306183,0.41213024891727146,0.30571201245211016,c1,c234
7300,0.34910199159966926,0.31320636240909294,0.33769164599123785,c234,c1
5576,0.24092829477160255,0.3414733576637277,0.41759834756466974,c5,c5
6064,0.24612685540564477,0.3791815519591223,0.3746915926352329,c5,c234
19698,0.2713588252343532,0.3958308478255477,0.3328103269400991,c1,c234
5854,0.16114495603857498,0.586176258513496,0.25267878544792904,c234,c234
16428,0.24706476365481195,0.35252195696288646,0.4004132793823015,c234,c5
3728,0.15831290994812394,0.29602835166531416,0.5456587383865619,c5,c5
13610,0.15714514039472544,0.3802225676485721,0.4626322919567024,c234,c5
16256,0.24736488381991578,0.34853288684618305,0.40410222933390105,c234,c5
16665,0.4428479337972794,0.3387130551255724,0.21843901107714814,c5,c1
18337,0.39651024891994985,0.43202404264227906,0.1714657084377711,c1,c234
12613,0.1922842477061258,0.19199572823408984,0.6157200240597843,c5,c5
6254,0.2313028218984961,0.3136710836437497,0.4550260944577541,c1,c5
9658,0.5481576918750706,0.32397983331863084,0.12786247480629864,c1,c1
16920,0.28666688648840105,0.309030926296474,0.40430218721512495,c234,c5
15027,0.3440403321006851,0.30842809120557063,0.34753157669374435,c5,c5
13761,0.27595301654172655,0.2763756244222198,0.4476713590360536,c234,c5
5427,0.42311767499588937,0.24666265222629655,0.33021967277781406,c5,c1
423,0.570293959922507,0.2536880446591303,0.17601799541836277,c1,c1
14442,0.18729060672026548,0.4541709544704367,0.35853843880929775,c234,c234
7322,0.23514469960399947,0.33075334969380277,0.43410195070219776,c1,c5
3603,0.24004832035122686,0.38218524298962847,0.3777664366591447,c5,c234
18345,0.23701615848812363,0.3074461212694313,0.45553772024244504,c5,c5
5794,0.2762335720014617,0.29169014882970623,0.43207627916883207,c5,c5
12515,0.19016621347368162,0.3586619179308042,0.4511718685955143,c234,c5
19271,0.49586070923501613,0.25280081527626574,0.2513384754887181,c5,c1
5967,0.3367887609906391,0.36655596571951266,0.29665527328984825,c234,c234
11377,0.3780495122932123,0.3497711108988478,0.27217937680793974,c1,c1
11078,0.5813551371731547,0.31927926027658177,0.09936560255026364,c1,c1
7437,0.2384155655272932,0.37629669369140695,0.3852877407812999,c5,c5
13016,0.4558079331841839,0.2975318771705173,0.2466601896452989,c1,c1
3982,0.23402466126385085,0.37137529681327797,0.3946000419228711,c234,c5
11111,0.3131751578204597,0.3444420459241074,0.34238279625543294,c5,c234
3736,0.27607113382778137,0.29673565168281657,0.42719321448940206,c1,c5
5823,0.2980101236553306,0.17952532932096688,0.5224645470237026,c5,c5
10893,0.22737840694363767,0.42928824626349593,0.3433333467928665,c5,c234
17588,0.5594726791145352,0.32271659663877417,0.11781072424669056,c5,c1
6188,0.28907651006066193,0.29006582038128553,0.42085766955805254,c234,c5
215,0.38014523742361017,0.342652758483596,0.2772020040927938,c1,c1
14374,0.5715183388847926,0.2997873133387789,0.12869434777642852,c234,c1
1234,0.47528413481124143,0.33370231920110527,0.19101354598765327,c5,c1
7344,0.4090400541025123,0.3032227639157252,0.28773718198176235,c234,c1
1508,0.06616167877680226,0.3009359257671814,0.6329023954560162,c5,c5
14021,0.5297379109658907,0.3361640044393181,0.1340980845947913,c1,c1
15491,0.30684199335975304,0.32362255409976,0.3695354525404869,c5,c5
6734,0.244957658481383,0.3181859428738219,0.436856398644795,c5,c5
4246,0.33802691342544827,0.22824183401847184,0.4337312525560799,c5,c5
5004,0.6150758045104734,0.2327586251409814,0.15216557034854516,c1,c1
5359,0.28832503050235,0.3728873795081952,0.33878758998945474,c1,c234
11201,0.2516918559573881,0.3780503949908847,0.3702577490517272,c5,c234
1983,0.35614058751729705,0.4563360941252631,0.18752331835743982,c234,c234
17582,0.31898880996755397,0.3128669468603483,0.3681442431720976,c234,c5
15129,0.24360345271408562,0.4548321866689674,0.3015643606169469,c234,c234
10253,0.4336217000258166,0.4136252513321234,0.15275304864205996,c234,c1
18765,0.40465900811437355,0.32186479813612634,0.27347619374950016,c234,c1
14497,0.3794777988099681,0.3246009709811262,0.2959212302089056,c1,c1
6570,0.26281657610711534,0.31413418530998904,0.4230492385828956,c1,c5
8133,0.19206871217834118,0.20522572858033375,0.6027055592413251,c234,c5
4412,0.4232009033056289,0.37415741265207875,0.20264168404229244,c234,c1
19898,0.288980283004799,0.37425573056294964,0.33676398643225147,c1,c234
13449,0.11228471165967657,0.2509067233078673,0.6368085650324562,c1,c5
691,0.19579381127960152,0.4219556625059865,0.38225052621441197,c234,c234
1392,0.2851293925433073,0.5156490725386006,0.1992215349180921,c234,c234
14026,0.35667676206868276,0.35169966365802025,0.291623574273297,c234,c1
3031,0.3401260003656594,0.35947749187890676,0.30039650775543386,c1,c234
6958,0.34035745329659667,0.37808707333543495,0.2815554733679684,c234,c234
898,0.0845968704325198,0.31595242497004533,0.5994507045974349,c234,c5
3710,0.31208525137519416,0.3820816302274035,0.30583311839740235,c1,c234
17485,0.3669961217506953,0.3688590971307305,0.2641447811185743,c1,c234
13180,0.5224032074859439,0.35277157581600027,0.12482521669805594,c1,c1
19201,0.20873233186814386,0.387036536013842,0.4042311321180141,c234,c5
5789,0.22721530225486322,0.3986520429577194,0.3741326547874174,c5,c234
9785,0.1900675152380915,0.31510930908781315,0.4948231756740954,c5,c5
2127,0.19228270754065951,0.4349620278551291,0.3727552646042113,c5,c234
13929,0.25696716901820044,0.25904068019702503,0.48399215078477453,c5,c5
15323,0.2772255624951449,0.42065718236337535,0.3021172551414797,c234,c234
1917,0.26677137941848394,0.39556707448831213,0.3376615460932038,c234,c234
15868,0.36971645832038674,0.3375730650400917,0.29271047663952154,c234,c1
5341,0.2586765615494947,0.3280032405507101,0.4133201978997952,c234,c5
7686,0.2279375888746749,0.3169672785265689,0.4550951325987563,c5,c5
1995,0.19975199147512981,0.2670170620161899,0.5332309465086802,c5,c5
14307,0.32616040311082006,0.42739103652358745,0.24644856036559265,c234,c234
6605,0.2705485654407125,0.2599255179562272,0.46952591660306026,c1,c5
19817,0.23067081975178624,0.4505857973304952,0.3187433829177186,c234,c234
16987,0.21025266832489317,0.3454092779482128,0.44433805372689406,c5,c5
191,0.2716395210602399,0.53539610132808,0.1929643776116801,c5,c234
13747,0.22418186169898088,0.3551121642664679,0.42070597403455123,c5,c5
2570,0.23243180489291224,0.31002396612513206,0.45754422898195574,c5,c5
13510,0.22320954952728594,0.3421589708279639,0.43463147964475013,c234,c5
8321,0.42750011012760164,0.2376995576899069,0.33480033218249156,c5,c1
2357,0.16144737032257458,0.2484653321376778,0.5900872975397476,c5,c5
5054,0.3971809233036775,0.35797703107818885,0.24484204561813366,c234,c1
5665,0.29358748982306926,0.5535686450638468,0.15284386511308387,c234,c234
3949,0.1791964179176994,0.4518686795758102,0.36893490250649036,c5,c234
4613,0.28872800724075354,0.30944628508459415,0.4018257076746524,c234,c5
19538,0.2204020013118782,0.38566932186584996,0.39392867682227195,c1,c5
12165,0.3941336617948222,0.3517431342514269,0.254123203953751,c234,c1
14444,0.2233280061414841,0.43178683566674236,0.3448851581917736,c234,c234
17983,0.476174096328405,0.3389000366730885,0.1849258669985065,c1,c1
4103,0.33383122809819915,0.3572091136362407,0.30895965826556016,c5,c234
19024,0.2099545072635202,0.3916852880652077,0.3983602046712721,c5,c5
7500,0.43456769944112306,0.37582904219268165,0.18960325836619518,c1,c1
7220,0.19780319703583096,0.30324694760581083,0.4989498553583582,c234,c5
3251,0.2599451617776033,0.5703608057933685,0.1696940324290283,c1,c234
8988,0.20306820230062023,0.4083173262618237,0.388614471437556,c5,c234
592,0.38951862674387006,0.2941473889560279,0.316333984300102,c234,c1
4755,0.4350263710987239,0.27078324941231935,0.29419037948895677,c234,c1
5302,0.6917232211264557,0.16919997900411268,0.13907679986943178,c5,c1
9232,0.41402253934547983,0.38670307271446686,0.19927438794005337,c234,c1
15698,0.30528482904111603,0.32624543941301454,0.36846973154586943,c1,c5
16669,0.2329134465680887,0.324509950167135,0.4425766032647762,c5,c5
9739,0.3475926792293359,0.3826256846783648,0.26978163609229927,c234,c234
12668,0.28676034202384365,0.49575137523974433,0.21748828273641202,c234,c234
10445,0.5429583101917286,0.3092399600365955,0.14780172977167583,c234,c1
9152,0.2715772722551517,0.3164421066069617,0.4119806211378866,c1,c5
4660,0.19222540062958982,0.26342647687162735,0.5443481224987827,c5,c5
12855,0.17256435643706503,0.4340280480111495,0.3934075955517855,c234,c234
7978,0.20921363655314235,0.4737266851818869,0.31705967826497083,c5,c234
5884,0.1874031318466267,0.30199806566064785,0.5105988024927254,c5,c5
2628,0.3896565171975256,0.358291748256284,0.25205173454619045,c234,c1
8815,0.26955555592122293,0.4040109130338719,0.32643353104490525,c1,c234
10723,0.23401536637113854,0.3885839122251761,0.3774007214036854,c234,c234
19451,0.29786554715834307,0.2457921880964598,0.456342264745197,c5,c5
7845,0.20936648224296786,0.31142352757013075,0.47920999018690147,c5,c5
2346,0.2523674009701412,0.41419094061197564,0.33344165841788315,c234,c234
15139,0.29624021254190236,0.36289444935048965,0.34086533810760805,c5,c234
17496,0.2537124805165663,0.32431550232874756,0.4219720171546862,c234,c5
